% f evaluations | g evaluations | best noise-free fitness - Fopt (1.491500000000e+02) + sum g_i+ | measured fitness | best measured fitness or single-digit g-values | x1 | x2...
1 0 +6.626101642e+00 +1.557761016e+02 +1.557761016e+02 +0.0000e+00 +0.0000e+00
72 0 +7.333768907e-01 +1.498833769e+02 +1.498833769e+02 -3.2309e-01 -7.5347e-01
147 0 +2.477291339e-01 +1.493977291e+02 +1.493977291e+02 +7.4772e-02 -4.5918e-02
245 0 +1.222396203e-01 +1.492722396e+02 +1.492722396e+02 -1.6676e-01 -6.1462e-01
610 0 +1.114135783e-01 +1.492614136e+02 +1.492614136e+02 -3.8871e-01 -9.2795e-01
662 0 +9.981619381e-02 +1.492498162e+02 +1.492498162e+02 -3.7112e-01 -9.0254e-01
710 0 +8.904167202e-02 +1.492390417e+02 +1.492390417e+02 -3.5353e-01 -8.7909e-01
782 0 +7.942440383e-02 +1.492294244e+02 +1.492294244e+02 -3.3692e-01 -8.5563e-01
878 0 +7.049205714e-02 +1.492204921e+02 +1.492204921e+02 -3.2031e-01 -8.3218e-01
968 0 +6.301720848e-02 +1.492130172e+02 +1.492130172e+02 -3.0565e-01 -8.1068e-01
1054 0 +5.614200002e-02 +1.492061420e+02 +1.492061420e+02 -2.9197e-01 -7.8919e-01
1140 0 +4.998037288e-02 +1.491999804e+02 +1.491999804e+02 -2.7829e-01 -7.6866e-01
1220 0 +4.459011809e-02 +1.491945901e+02 +1.491945901e+02 -2.6559e-01 -7.4912e-01
1298 0 +3.955076206e-02 +1.491895508e+02 +1.491895508e+02 -2.5386e-01 -7.2958e-01
1384 0 +3.544602274e-02 +1.491854460e+02 +1.491854460e+02 -2.4311e-01 -7.1248e-01
1526 0 +3.157136027e-02 +1.491815714e+02 +1.491815714e+02 -2.3285e-01 -6.9489e-01
1660 0 +2.816384297e-02 +1.491781638e+02 +1.491781638e+02 -2.2259e-01 -6.7876e-01
1790 0 +2.503639869e-02 +1.491750364e+02 +1.491750364e+02 -2.1331e-01 -6.6264e-01
1912 0 +2.236640068e-02 +1.491723664e+02 +1.491723664e+02 -2.0451e-01 -6.4798e-01
2030 0 +1.989796901e-02 +1.491698980e+02 +1.491698980e+02 -1.9620e-01 -6.3332e-01
2142 0 +1.774307788e-02 +1.491677431e+02 +1.491677431e+02 -1.8839e-01 -6.1964e-01
2246 0 +1.584715663e-02 +1.491658472e+02 +1.491658472e+02 -1.8106e-01 -6.0694e-01
2350 0 +1.406727162e-02 +1.491640673e+02 +1.491640673e+02 -1.7373e-01 -5.9423e-01
2498 0 +1.258707479e-02 +1.491625871e+02 +1.491625871e+02 -1.6738e-01 -5.8275e-01
2682 0 +1.120596746e-02 +1.491612060e+02 +1.491612060e+02 -1.6103e-01 -5.7151e-01
2856 0 +9.995167524e-03 +1.491599952e+02 +1.491599952e+02 -1.5492e-01 -5.6101e-01
3022 0 +8.903372294e-03 +1.491589034e+02 +1.491589034e+02 -1.4954e-01 -5.5075e-01
3178 0 +7.931421536e-03 +1.491579314e+02 +1.491579314e+02 -1.4417e-01 -5.4122e-01
3326 0 +7.078169702e-03 +1.491570782e+02 +1.491570782e+02 -1.3928e-01 -5.3218e-01
3472 0 +6.293884891e-03 +1.491562939e+02 +1.491562939e+02 -1.3440e-01 -5.2339e-01
3604 0 +5.622203892e-03 +1.491556222e+02 +1.491556222e+02 -1.3000e-01 -5.1533e-01
3732 0 +5.007441425e-03 +1.491550074e+02 +1.491550074e+02 -1.2585e-01 -5.0751e-01
3852 0 +4.466737041e-03 +1.491544667e+02 +1.491544667e+02 -1.2194e-01 -5.0018e-01
3966 0 +3.979843345e-03 +1.491539798e+02 +1.491539798e+02 -1.1827e-01 -4.9309e-01
4118 0 +3.547204375e-03 +1.491535472e+02 +1.491535472e+02 -1.1473e-01 -4.8650e-01
4326 0 +3.155917335e-03 +1.491531559e+02 +1.491531559e+02 -1.1131e-01 -4.8015e-01
4522 0 +2.815444473e-03 +1.491528154e+02 +1.491528154e+02 -1.0826e-01 -4.7416e-01
4706 0 +2.505922517e-03 +1.491525059e+02 +1.491525059e+02 -1.0520e-01 -4.6854e-01
4880 0 +2.238139668e-03 +1.491522381e+02 +1.491522381e+02 -1.0239e-01 -4.6329e-01
5046 0 +1.992614312e-03 +1.491519926e+02 +1.491519926e+02 -9.9829e-02 -4.5816e-01
5204 0 +1.775027302e-03 +1.491517750e+02 +1.491517750e+02 -9.7264e-02 -4.5340e-01
5350 0 +1.582398858e-03 +1.491515824e+02 +1.491515824e+02 -9.4943e-02 -4.4888e-01
5490 0 +1.411066863e-03 +1.491514111e+02 +1.491514111e+02 -9.2744e-02 -4.4460e-01
5622 0 +1.258818205e-03 +1.491512588e+02 +1.491512588e+02 -9.0668e-02 -4.4057e-01
5752 0 +1.118748601e-03 +1.491511187e+02 +1.491511187e+02 -8.8591e-02 -4.3666e-01
5968 0 +9.998683127e-04 +1.491509999e+02 +1.491509999e+02 -8.6759e-02 -4.3312e-01
6194 0 +8.895575592e-04 +1.491508896e+02 +1.491508896e+02 -8.4988e-02 -4.2964e-01
6406 0 +7.931198536e-04 +1.491507931e+02 +1.491507931e+02 -8.3339e-02 -4.2640e-01
6608 0 +7.072187395e-04 +1.491507072e+02 +1.491507072e+02 -8.1751e-02 -4.2335e-01
6798 0 +6.298174088e-04 +1.491506298e+02 +1.491506298e+02 -8.0285e-02 -4.2042e-01
6978 0 +5.612098388e-04 +1.491505612e+02 +1.491505612e+02 -7.8880e-02 -4.1767e-01
7148 0 +5.005638816e-04 +1.491505006e+02 +1.491505006e+02 -7.7536e-02 -4.1510e-01
7306 0 +4.464078961e-04 +1.491504464e+02 +1.491504464e+02 -7.6315e-02 -4.1266e-01
7460 0 +3.979196397e-04 +1.491503979e+02 +1.491503979e+02 -7.5093e-02 -4.1034e-01
7604 0 +3.543166295e-04 +1.491503543e+02 +1.491503543e+02 -7.3994e-02 -4.0814e-01
7738 0 +3.157167845e-04 +1.491503157e+02 +1.491503157e+02 -7.2956e-02 -4.0606e-01
7866 0 +2.816327671e-04 +1.491502816e+02 +1.491502816e+02 -7.1979e-02 -4.0411e-01
8094 0 +2.510525084e-04 +1.491502511e+02 +1.491502511e+02 -7.1032e-02 -4.0228e-01
8322 0 +2.238382060e-04 +1.491502238e+02 +1.491502238e+02 -7.0146e-02 -4.0054e-01
8542 0 +1.994427985e-04 +1.491501994e+02 +1.491501994e+02 -6.9322e-02 -3.9886e-01
8746 0 +1.776770806e-04 +1.491501777e+02 +1.491501777e+02 -6.8528e-02 -3.9730e-01
8938 0 +1.582522066e-04 +1.491501583e+02 +1.491501583e+02 -6.7765e-02 -3.9583e-01
9122 0 +1.409123034e-04 +1.491501409e+02 +1.491501409e+02 -6.7062e-02 -3.9443e-01
9296 0 +1.255830386e-04 +1.491501256e+02 +1.491501256e+02 -6.6390e-02 -3.9312e-01
9454 0 +1.121453006e-04 +1.491501121e+02 +1.491501121e+02 -6.5780e-02 -3.9189e-01
9610 0 +9.998900015e-05 +1.491501000e+02 +1.491501000e+02 -6.5199e-02 -3.9070e-01
9756 0 +8.901218786e-05 +1.491500890e+02 +1.491500890e+02 -6.4619e-02 -3.8960e-01
9906 0 +7.940835937e-05 +1.491500794e+02 +1.491500794e+02 -6.4100e-02 -3.8857e-01
10168 0 +7.075602687e-05 +1.491500708e+02 +1.491500708e+02 -6.3596e-02 -3.8757e-01
10410 0 +6.309338033e-05 +1.491500631e+02 +1.491500631e+02 -6.3138e-02 -3.8664e-01
10642 0 +5.622557742e-05 +1.491500562e+02 +1.491500562e+02 -6.2695e-02 -3.8576e-01
10862 0 +5.004654133e-05 +1.491500500e+02 +1.491500500e+02 -6.2268e-02 -3.8492e-01
11068 0 +4.466206406e-05 +1.491500447e+02 +1.491500447e+02 -6.1871e-02 -3.8414e-01
11262 0 +3.978591963e-05 +1.491500398e+02 +1.491500398e+02 -6.1504e-02 -3.8339e-01
11446 0 +3.546570093e-05 +1.491500355e+02 +1.491500355e+02 -6.1153e-02 -3.8269e-01
11622 0 +3.156814131e-05 +1.491500316e+02 +1.491500316e+02 -6.0817e-02 -3.8202e-01
11786 0 +2.811107314e-05 +1.491500281e+02 +1.491500281e+02 -6.0497e-02 -3.8139e-01
11938 0 +2.510870314e-05 +1.491500251e+02 +1.491500251e+02 -6.0206e-02 -3.8081e-01
12088 0 +2.235556698e-05 +1.491500224e+02 +1.491500224e+02 -5.9916e-02 -3.8024e-01
12226 0 +1.988793341e-05 +1.491500199e+02 +1.491500199e+02 -5.9657e-02 -3.7971e-01
12354 0 +1.776381805e-05 +1.491500178e+02 +1.491500178e+02 -5.9413e-02 -3.7922e-01
12480 0 +1.581891641e-05 +1.491500158e+02 +1.491500158e+02 -5.9168e-02 -3.7875e-01
12594 0 +1.410587191e-05 +1.491500141e+02 +1.491500141e+02 -5.8954e-02 -3.7830e-01
12706 0 +1.254359017e-05 +1.491500125e+02 +1.491500125e+02 -5.8741e-02 -3.7788e-01
12856 0 +1.121998133e-05 +1.491500112e+02 +1.491500112e+02 -5.8542e-02 -3.7750e-01
13050 0 +9.997278880e-06 +1.491500100e+02 +1.491500100e+02 -5.8359e-02 -3.7712e-01
13238 0 +8.902896383e-06 +1.491500089e+02 +1.491500089e+02 -5.8183e-02 -3.7676e-01
13410 0 +7.939691727e-06 +1.491500079e+02 +1.491500079e+02 -5.8015e-02 -3.7643e-01
13578 0 +7.060722567e-06 +1.491500071e+02 +1.491500071e+02 -5.7855e-02 -3.7611e-01
13734 0 +6.300891954e-06 +1.491500063e+02 +1.491500063e+02 -5.7710e-02 -3.7582e-01
13880 0 +5.621168128e-06 +1.491500056e+02 +1.491500056e+02 -5.7565e-02 -3.7554e-01
14018 0 +5.003420114e-06 +1.491500050e+02 +1.491500050e+02 -5.7435e-02 -3.7527e-01
14150 0 +4.465120185e-06 +1.491500045e+02 +1.491500045e+02 -5.7313e-02 -3.7502e-01
14274 0 +3.969331317e-06 +1.491500040e+02 +1.491500040e+02 -5.7191e-02 -3.7479e-01
14392 0 +3.542322276e-06 +1.491500035e+02 +1.491500035e+02 -5.7076e-02 -3.7456e-01
14502 0 +3.158433771e-06 +1.491500032e+02 +1.491500032e+02 -5.6977e-02 -3.7435e-01
14606 0 +2.815608752e-06 +1.491500028e+02 +1.491500028e+02 -5.6878e-02 -3.7415e-01
14704 0 +2.510701677e-06 +1.491500025e+02 +1.491500025e+02 -5.6779e-02 -3.7397e-01
14794 0 +2.237376293e-06 +1.491500022e+02 +1.491500022e+02 -5.6695e-02 -3.7379e-01
14882 0 +1.993113159e-06 +1.491500020e+02 +1.491500020e+02 -5.6611e-02 -3.7362e-01
14968 0 +1.776792601e-06 +1.491500018e+02 +1.491500018e+02 -5.6527e-02 -3.7346e-01
15046 0 +1.583317328e-06 +1.491500016e+02 +1.491500016e+02 -5.6458e-02 -3.7331e-01
15120 0 +1.412014967e-06 +1.491500014e+02 +1.491500014e+02 -5.6382e-02 -3.7317e-01
15186 0 +1.258011480e-06 +1.491500013e+02 +1.491500013e+02 -5.6321e-02 -3.7304e-01
15256 0 +1.121413732e-06 +1.491500011e+02 +1.491500011e+02 -5.6252e-02 -3.7291e-01
15314 0 +9.989286696e-07 +1.491500010e+02 +1.491500010e+02 -5.6198e-02 -3.7280e-01
15378 0 +8.805924097e-07 +1.491500009e+02 +1.491500009e+02 -5.6137e-02 -3.7268e-01
15434 0 +7.831754090e-07 +1.491500008e+02 +1.491500008e+02 -5.6084e-02 -3.7257e-01
15482 0 +7.042264940e-07 +1.491500007e+02 +1.491500007e+02 -5.6038e-02 -3.7248e-01
15642 0 +6.308370928e-07 +1.491500006e+02 +1.491500006e+02 -5.5994e-02 -3.7239e-01
15828 0 +5.617873455e-07 +1.491500006e+02 +1.491500006e+02 -5.5948e-02 -3.7230e-01
16004 0 +5.006490653e-07 +1.491500005e+02 +1.491500005e+02 -5.5906e-02 -3.7222e-01
16170 0 +4.466002110e-07 +1.491500004e+02 +1.491500004e+02 -5.5868e-02 -3.7214e-01
16326 0 +3.974202798e-07 +1.491500004e+02 +1.491500004e+02 -5.5830e-02 -3.7206e-01
16476 0 +3.541128422e-07 +1.491500004e+02 +1.491500004e+02 -5.5794e-02 -3.7199e-01
16614 0 +3.155213619e-07 +1.491500003e+02 +1.491500003e+02 -5.5761e-02 -3.7192e-01
16746 0 +2.818155167e-07 +1.491500003e+02 +1.491500003e+02 -5.5731e-02 -3.7186e-01
16870 0 +2.506528460e-07 +1.491500003e+02 +1.491500003e+02 -5.5700e-02 -3.7180e-01
16988 0 +2.238595584e-07 +1.491500002e+02 +1.491500002e+02 -5.5672e-02 -3.7175e-01
17100 0 +1.993478520e-07 +1.491500002e+02 +1.491500002e+02 -5.5645e-02 -3.7169e-01
17206 0 +1.768396487e-07 +1.491500002e+02 +1.491500002e+02 -5.5620e-02 -3.7164e-01
17302 0 +1.581116180e-07 +1.491500002e+02 +1.491500002e+02 -5.5597e-02 -3.7160e-01
17398 0 +1.404331442e-07 +1.491500001e+02 +1.491500001e+02 -5.5574e-02 -3.7155e-01
17486 0 +1.251498531e-07 +1.491500001e+02 +1.491500001e+02 -5.5553e-02 -3.7151e-01
17566 0 +1.120211834e-07 +1.491500001e+02 +1.491500001e+02 -5.5534e-02 -3.7147e-01
17722 0 +9.999837403e-08 +1.491500001e+02 +1.491500001e+02 -5.5516e-02 -3.7143e-01
17872 0 +8.908463656e-08 +1.491500001e+02 +1.491500001e+02 -5.5498e-02 -3.7140e-01
18014 0 +7.941400781e-08 +1.491500001e+02 +1.491500001e+02 -5.5482e-02 -3.7136e-01
18144 0 +7.079262332e-08 +1.491500001e+02 +1.491500001e+02 -5.5466e-02 -3.7133e-01
18272 0 +6.291338650e-08 +1.491500001e+02 +1.491500001e+02 -5.5450e-02 -3.7130e-01
18386 0 +5.618440468e-08 +1.491500001e+02 +1.491500001e+02 -5.5437e-02 -3.7127e-01
18498 0 +5.003099091e-08 +1.491500001e+02 +1.491500001e+02 -5.5424e-02 -3.7125e-01
18602 0 +4.463680625e-08 +1.491500000e+02 +1.491500000e+02 -5.5411e-02 -3.7122e-01
18704 0 +3.976461471e-08 +1.491500000e+02 +1.491500000e+02 -5.5399e-02 -3.7120e-01
18798 0 +3.545588356e-08 +1.491500000e+02 +1.491500000e+02 -5.5388e-02 -3.7118e-01
18886 0 +3.161366635e-08 +1.491500000e+02 +1.491500000e+02 -5.5378e-02 -3.7116e-01
18970 0 +2.802161703e-08 +1.491500000e+02 +1.491500000e+02 -5.5367e-02 -3.7114e-01
19050 0 +2.491967166e-08 +1.491500000e+02 +1.491500000e+02 -5.5358e-02 -3.7112e-01
19122 0 +2.228367180e-08 +1.491500000e+02 +1.491500000e+02 -5.5349e-02 -3.7110e-01
19194 0 +1.979520903e-08 +1.491500000e+02 +1.491500000e+02 -5.5341e-02 -3.7108e-01
19258 0 +1.770712288e-08 +1.491500000e+02 +1.491500000e+02 -5.5333e-02 -3.7107e-01
19322 0 +1.573562258e-08 +1.491500000e+02 +1.491500000e+02 -5.5325e-02 -3.7105e-01
19516 0 +1.410617756e-08 +1.491500000e+02 +1.491500000e+02 -5.5319e-02 -3.7104e-01
19738 0 +1.258325710e-08 +1.491500000e+02 +1.491500000e+02 -5.5312e-02 -3.7102e-01
19948 0 +1.121574655e-08 +1.491500000e+02 +1.491500000e+02 -5.5306e-02 -3.7101e-01
20000 0 +1.089136958e-08 +1.491500000e+02 +1.491500000e+02 -5.5304e-02 -3.7101e-01
% f evaluations | g evaluations | best noise-free fitness - Fopt (-1.000000000000e+03) + sum g_i+ | measured fitness | best measured fitness or single-digit g-values | x1 | x2...
1 0 +2.246386374e+04 +2.146386374e+04 +2.146386374e+04 +0.0000e+00 +0.0000e+00
2 0 +1.008535395e+03 +8.535395267e+00 +8.535395267e+00 -2.5466e+00 -1.3049e+00
3 0 +7.203282140e+02 -2.796717860e+02 -2.796717860e+02 -1.9001e+00 +1.2895e+00
4 0 +2.661785485e+02 -7.338214515e+02 -7.338214515e+02 -4.4863e+00 -1.0395e+00
8 0 +1.545868144e+01 -9.845413186e+02 -9.845413186e+02 -2.8355e+00 +1.5954e+00
343 0 +5.182816001e+00 -9.948171840e+02 -9.948171840e+02 -3.6580e+00 +0.0000e+00
355 0 +4.370704427e+00 -9.956292956e+02 -9.956292956e+02 -3.9082e+00 +0.0000e+00
358 0 +1.613065273e+00 -9.983869347e+02 -9.983869347e+02 -3.9082e+00 +2.5016e-01
360 0 +7.956485489e-01 -9.992043515e+02 -9.992043515e+02 -3.6580e+00 +2.5016e-01
368 0 +5.355679961e-01 -9.994644320e+02 -9.994644320e+02 -3.5329e+00 +2.5016e-01
390 0 +4.905602049e-01 -9.995094398e+02 -9.995094398e+02 -3.5486e+00 +2.6580e-01
406 0 +4.377330926e-01 -9.995622669e+02 -9.995622669e+02 -3.5095e+00 +2.8925e-01
422 0 +3.969842636e-01 -9.996030157e+02 -9.996030157e+02 -3.4782e+00 +3.1270e-01
442 0 +3.491987070e-01 -9.996508013e+02 -9.996508013e+02 -3.4391e+00 +3.4397e-01
456 0 +3.141639249e-01 -9.996858361e+02 -9.996858361e+02 -3.4079e+00 +3.6743e-01
492 0 +2.809840547e-01 -9.997190159e+02 -9.997190159e+02 -3.3766e+00 +3.9479e-01
522 0 +2.510527581e-01 -9.997489472e+02 -9.997489472e+02 -3.3492e+00 +4.2606e-01
552 0 +2.225539177e-01 -9.997774461e+02 -9.997774461e+02 -3.3180e+00 +4.5342e-01
582 0 +1.994167924e-01 -9.998005832e+02 -9.998005832e+02 -3.2945e+00 +4.8469e-01
614 0 +1.775020922e-01 -9.998224979e+02 -9.998224979e+02 -3.2691e+00 +5.1010e-01
670 0 +1.584530285e-01 -9.998415470e+02 -9.998415470e+02 -3.2456e+00 +5.3746e-01
728 0 +1.412142170e-01 -9.998587858e+02 -9.998587858e+02 -3.2222e+00 +5.6482e-01
782 0 +1.257674039e-01 -9.998742326e+02 -9.998742326e+02 -3.2026e+00 +5.9218e-01
838 0 +1.121961493e-01 -9.998878039e+02 -9.998878039e+02 -3.1831e+00 +6.1954e-01
888 0 +9.999793338e-02 -9.999000021e+02 -9.999000021e+02 -3.1636e+00 +6.4300e-01
958 0 +8.884273738e-02 -9.999111573e+02 -9.999111573e+02 -3.1460e+00 +6.6840e-01
1054 0 +7.926863236e-02 -9.999207314e+02 -9.999207314e+02 -3.1294e+00 +6.9186e-01
1150 0 +7.055878599e-02 -9.999294412e+02 -9.999294412e+02 -3.1137e+00 +7.1531e-01
1238 0 +6.303286596e-02 -9.999369671e+02 -9.999369671e+02 -3.0991e+00 +7.3681e-01
1328 0 +5.607438176e-02 -9.999439256e+02 -9.999439256e+02 -3.0844e+00 +7.5830e-01
1410 0 +5.000604293e-02 -9.999499940e+02 -9.999499940e+02 -3.0717e+00 +7.7883e-01
1490 0 +4.455059865e-02 -9.999554494e+02 -9.999554494e+02 -3.0590e+00 +7.9837e-01
1568 0 +3.976186345e-02 -9.999602381e+02 -9.999602381e+02 -3.0473e+00 +8.1694e-01
1672 0 +3.542540155e-02 -9.999645746e+02 -9.999645746e+02 -3.0360e+00 +8.3501e-01
1810 0 +3.160823812e-02 -9.999683918e+02 -9.999683918e+02 -3.0258e+00 +8.5212e-01
1946 0 +2.817608245e-02 -9.999718239e+02 -9.999718239e+02 -3.0160e+00 +8.6873e-01
2076 0 +2.510573803e-02 -9.999748943e+02 -9.999748943e+02 -3.0062e+00 +8.8436e-01
2200 0 +2.235060285e-02 -9.999776494e+02 -9.999776494e+02 -2.9974e+00 +8.9951e-01
2316 0 +1.994634135e-02 -9.999800537e+02 -9.999800537e+02 -2.9891e+00 +9.1368e-01
2428 0 +1.777290759e-02 -9.999822271e+02 -9.999822271e+02 -2.9813e+00 +9.2736e-01
2534 0 +1.583085265e-02 -9.999841691e+02 -9.999841691e+02 -2.9740e+00 +9.4055e-01
2636 0 +1.412272543e-02 -9.999858773e+02 -9.999858773e+02 -2.9667e+00 +9.5277e-01
2810 0 +1.258906564e-02 -9.999874109e+02 -9.999874109e+02 -2.9603e+00 +9.6449e-01
2994 0 +1.121361476e-02 -9.999887864e+02 -9.999887864e+02 -2.9540e+00 +9.7573e-01
3170 0 +9.988060505e-03 -9.999900119e+02 -9.999900119e+02 -2.9481e+00 +9.8648e-01
3334 0 +8.907158938e-03 -9.999910928e+02 -9.999910928e+02 -2.9425e+00 +9.9650e-01
3494 0 +7.922072361e-03 -9.999920779e+02 -9.999920779e+02 -2.9371e+00 +1.0063e+00
3642 0 +7.068592863e-03 -9.999929314e+02 -9.999929314e+02 -2.9322e+00 +1.0153e+00
3782 0 +6.308624505e-03 -9.999936914e+02 -9.999936914e+02 -2.9276e+00 +1.0239e+00
3918 0 +5.621925111e-03 -9.999943781e+02 -9.999943781e+02 -2.9232e+00 +1.0322e+00
4048 0 +5.001088348e-03 -9.999949989e+02 -9.999949989e+02 -2.9188e+00 +1.0400e+00
4168 0 +4.460551792e-03 -9.999955394e+02 -9.999955394e+02 -2.9149e+00 +1.0473e+00
4326 0 +3.977773197e-03 -9.999960222e+02 -9.999960222e+02 -2.9112e+00 +1.0543e+00
4544 0 +3.547537193e-03 -9.999964525e+02 -9.999964525e+02 -2.9077e+00 +1.0609e+00
4750 0 +3.158481032e-03 -9.999968415e+02 -9.999968415e+02 -2.9044e+00 +1.0672e+00
4946 0 +2.812742940e-03 -9.999971873e+02 -9.999971873e+02 -2.9012e+00 +1.0732e+00
5130 0 +2.508314878e-03 -9.999974917e+02 -9.999974917e+02 -2.8983e+00 +1.0788e+00
5306 0 +2.234031868e-03 -9.999977660e+02 -9.999977660e+02 -2.8954e+00 +1.0842e+00
5472 0 +1.992304517e-03 -9.999980077e+02 -9.999980077e+02 -2.8928e+00 +1.0892e+00
5626 0 +1.776595594e-03 -9.999982234e+02 -9.999982234e+02 -2.8903e+00 +1.0940e+00
5774 0 +1.584561013e-03 -9.999984154e+02 -9.999984154e+02 -2.8880e+00 +1.0985e+00
5918 0 +1.407092803e-03 -9.999985929e+02 -9.999985929e+02 -2.8857e+00 +1.1029e+00
6050 0 +1.254853789e-03 -9.999987451e+02 -9.999987451e+02 -2.8836e+00 +1.1069e+00
6220 0 +1.121977574e-03 -9.999988780e+02 -9.999988780e+02 -2.8816e+00 +1.1106e+00
6458 0 +9.995918530e-04 -9.999990004e+02 -9.999990004e+02 -2.8798e+00 +1.1143e+00
6682 0 +8.909816249e-04 -9.999991090e+02 -9.999991090e+02 -2.8780e+00 +1.1177e+00
6896 0 +7.940499213e-04 -9.999992060e+02 -9.999992060e+02 -2.8763e+00 +1.1210e+00
7098 0 +7.076010801e-04 -9.999992924e+02 -9.999992924e+02 -2.8748e+00 +1.1241e+00
7288 0 +6.303691620e-04 -9.999993696e+02 -9.999993696e+02 -2.8733e+00 +1.1270e+00
7468 0 +5.617132447e-04 -9.999994383e+02 -9.999994383e+02 -2.8719e+00 +1.1297e+00
7638 0 +5.010982749e-04 -9.999994989e+02 -9.999994989e+02 -2.8706e+00 +1.1323e+00
7798 0 +4.458209307e-04 -9.999995542e+02 -9.999995542e+02 -2.8693e+00 +1.1348e+00
7950 0 +3.977444733e-04 -9.999996023e+02 -9.999996023e+02 -2.8681e+00 +1.1371e+00
8096 0 +3.537618187e-04 -9.999996462e+02 -9.999996462e+02 -2.8670e+00 +1.1393e+00
8230 0 +3.152214090e-04 -9.999996848e+02 -9.999996848e+02 -2.8659e+00 +1.1414e+00
8358 0 +2.811912583e-04 -9.999997188e+02 -9.999997188e+02 -2.8650e+00 +1.1433e+00
8600 0 +2.510615069e-04 -9.999997489e+02 -9.999997489e+02 -2.8640e+00 +1.1451e+00
8830 0 +2.234133710e-04 -9.999997766e+02 -9.999997766e+02 -2.8631e+00 +1.1469e+00
9046 0 +1.992259439e-04 -9.999998008e+02 -9.999998008e+02 -2.8623e+00 +1.1485e+00
9250 0 +1.775259298e-04 -9.999998225e+02 -9.999998225e+02 -2.8615e+00 +1.1501e+00
9442 0 +1.584025998e-04 -9.999998416e+02 -9.999998416e+02 -2.8608e+00 +1.1516e+00
9626 0 +1.411538482e-04 -9.999998588e+02 -9.999998588e+02 -2.8601e+00 +1.1530e+00
9798 0 +1.256975441e-04 -9.999998743e+02 -9.999998743e+02 -2.8594e+00 +1.1543e+00
9960 0 +1.121991617e-04 -9.999998878e+02 -9.999998878e+02 -2.8588e+00 +1.1555e+00
10114 0 +9.983357722e-05 -9.999999002e+02 -9.999999002e+02 -2.8582e+00 +1.1567e+00
10258 0 +8.910269696e-05 -9.999999109e+02 -9.999999109e+02 -2.8576e+00 +1.1578e+00
10398 0 +7.915319270e-05 -9.999999208e+02 -9.999999208e+02 -2.8571e+00 +1.1589e+00
10526 0 +7.064591819e-05 -9.999999294e+02 -9.999999294e+02 -2.8566e+00 +1.1598e+00
10650 0 +6.306318346e-05 -9.999999369e+02 -9.999999369e+02 -2.8561e+00 +1.1608e+00
10764 0 +5.622363346e-05 -9.999999438e+02 -9.999999438e+02 -2.8557e+00 +1.1616e+00
10942 0 +5.006538095e-05 -9.999999499e+02 -9.999999499e+02 -2.8553e+00 +1.1625e+00
11150 0 +4.458298633e-05 -9.999999554e+02 -9.999999554e+02 -2.8549e+00 +1.1633e+00
11342 0 +3.980826887e-05 -9.999999602e+02 -9.999999602e+02 -2.8545e+00 +1.1640e+00
11528 0 +3.547330493e-05 -9.999999645e+02 -9.999999645e+02 -2.8541e+00 +1.1647e+00
11702 0 +3.159288542e-05 -9.999999684e+02 -9.999999684e+02 -2.8538e+00 +1.1654e+00
11866 0 +2.812474031e-05 -9.999999719e+02 -9.999999719e+02 -2.8535e+00 +1.1660e+00
12022 0 +2.509446028e-05 -9.999999749e+02 -9.999999749e+02 -2.8532e+00 +1.1666e+00
12168 0 +2.235843749e-05 -9.999999776e+02 -9.999999776e+02 -2.8529e+00 +1.1672e+00
12306 0 +1.990311125e-05 -9.999999801e+02 -9.999999801e+02 -2.8527e+00 +1.1677e+00
12434 0 +1.777923080e-05 -9.999999822e+02 -9.999999822e+02 -2.8524e+00 +1.1682e+00
12560 0 +1.582250184e-05 -9.999999842e+02 -9.999999842e+02 -2.8522e+00 +1.1687e+00
12782 0 +1.412147606e-05 -9.999999859e+02 -9.999999859e+02 -2.8520e+00 +1.1691e+00
13002 0 +1.257179247e-05 -9.999999874e+02 -9.999999874e+02 -2.8517e+00 +1.1695e+00
13210 0 +1.120130969e-05 -9.999999888e+02 -9.999999888e+02 -2.8515e+00 +1.1699e+00
13406 0 +9.997941333e-06 -9.999999900e+02 -9.999999900e+02 -2.8514e+00 +1.1703e+00
13592 0 +8.898186366e-06 -9.999999911e+02 -9.999999911e+02 -2.8512e+00 +1.1706e+00
13766 0 +7.943100172e-06 -9.999999921e+02 -9.999999921e+02 -2.8510e+00 +1.1710e+00
13930 0 +7.069460707e-06 -9.999999929e+02 -9.999999929e+02 -2.8509e+00 +1.1713e+00
14088 0 +6.294791774e-06 -9.999999937e+02 -9.999999937e+02 -2.8507e+00 +1.1716e+00
14232 0 +5.623361403e-06 -9.999999944e+02 -9.999999944e+02 -2.8506e+00 +1.1719e+00
14370 0 +5.011325811e-06 -9.999999950e+02 -9.999999950e+02 -2.8504e+00 +1.1721e+00
14504 0 +4.458631679e-06 -9.999999955e+02 -9.999999955e+02 -2.8503e+00 +1.1724e+00
14706 0 +3.980755764e-06 -9.999999960e+02 -9.999999960e+02 -2.8502e+00 +1.1726e+00
14942 0 +3.547169626e-06 -9.999999965e+02 -9.999999965e+02 -2.8501e+00 +1.1728e+00
15162 0 +3.159327775e-06 -9.999999968e+02 -9.999999968e+02 -2.8500e+00 +1.1730e+00
15370 0 +2.816168376e-06 -9.999999972e+02 -9.999999972e+02 -2.8499e+00 +1.1732e+00
15568 0 +2.510747663e-06 -9.999999975e+02 -9.999999975e+02 -2.8498e+00 +1.1734e+00
15754 0 +2.234518206e-06 -9.999999978e+02 -9.999999978e+02 -2.8497e+00 +1.1736e+00
15930 0 +1.990413921e-06 -9.999999980e+02 -9.999999980e+02 -2.8496e+00 +1.1738e+00
16096 0 +1.775945975e-06 -9.999999982e+02 -9.999999982e+02 -2.8495e+00 +1.1739e+00
16250 0 +1.582789650e-06 -9.999999984e+02 -9.999999984e+02 -2.8495e+00 +1.1741e+00
16398 0 +1.412422989e-06 -9.999999986e+02 -9.999999986e+02 -2.8494e+00 +1.1742e+00
16538 0 +1.255858365e-06 -9.999999987e+02 -9.999999987e+02 -2.8493e+00 +1.1744e+00
16670 0 +1.120745878e-06 -9.999999989e+02 -9.999999989e+02 -2.8493e+00 +1.1745e+00
16794 0 +9.970042356e-07 -9.999999990e+02 -9.999999990e+02 -2.8492e+00 +1.1746e+00
16912 0 +8.906358744e-07 -9.999999991e+02 -9.999999991e+02 -2.8491e+00 +1.1747e+00
17022 0 +7.933166444e-07 -9.999999992e+02 -9.999999992e+02 -2.8491e+00 +1.1748e+00
17126 0 +7.073776942e-07 -9.999999993e+02 -9.999999993e+02 -2.8490e+00 +1.1749e+00
17230 0 +6.298134849e-07 -9.999999994e+02 -9.999999994e+02 -2.8490e+00 +1.1750e+00
17414 0 +5.620617003e-07 -9.999999994e+02 -9.999999994e+02 -2.8489e+00 +1.1751e+00
17590 0 +5.008641892e-07 -9.999999995e+02 -9.999999995e+02 -2.8489e+00 +1.1752e+00
17758 0 +4.457397154e-07 -9.999999996e+02 -9.999999996e+02 -2.8489e+00 +1.1753e+00
17916 0 +3.972916147e-07 -9.999999996e+02 -9.999999996e+02 -2.8488e+00 +1.1753e+00
18062 0 +3.541620117e-07 -9.999999996e+02 -9.999999996e+02 -2.8488e+00 +1.1754e+00
18204 0 +3.154883643e-07 -9.999999997e+02 -9.999999997e+02 -2.8488e+00 +1.1755e+00
18334 0 +2.811459581e-07 -9.999999997e+02 -9.999999997e+02 -2.8487e+00 +1.1755e+00
18460 0 +2.507077852e-07 -9.999999997e+02 -9.999999997e+02 -2.8487e+00 +1.1756e+00
18574 0 +2.237171657e-07 -9.999999998e+02 -9.999999998e+02 -2.8487e+00 +1.1757e+00
18686 0 +1.991619456e-07 -9.999999998e+02 -9.999999998e+02 -2.8486e+00 +1.1757e+00
18790 0 +1.776397767e-07 -9.999999998e+02 -9.999999998e+02 -2.8486e+00 +1.1758e+00
18892 0 +1.583208586e-07 -9.999999998e+02 -9.999999998e+02 -2.8486e+00 +1.1758e+00
18982 0 +1.411424364e-07 -9.999999999e+02 -9.999999999e+02 -2.8486e+00 +1.1758e+00
19070 0 +1.258174507e-07 -9.999999999e+02 -9.999999999e+02 -2.8486e+00 +1.1759e+00
19158 0 +1.113744474e-07 -9.999999999e+02 -9.999999999e+02 -2.8485e+00 +1.1759e+00
19234 0 +9.999200756e-08 -9.999999999e+02 -9.999999999e+02 -2.8485e+00 +1.1760e+00
19336 0 +8.907238680e-08 -9.999999999e+02 -9.999999999e+02 -2.8485e+00 +1.1760e+00
19480 0 +7.912467481e-08 -9.999999999e+02 -9.999999999e+02 -2.8485e+00 +1.1760e+00
19608 0 +7.077790087e-08 -9.999999999e+02 -9.999999999e+02 -2.8485e+00 +1.1761e+00
19736 0 +6.289747034e-08 -9.999999999e+02 -9.999999999e+02 -2.8485e+00 +1.1761e+00
19850 0 +5.619131116e-08 -9.999999999e+02 -9.999999999e+02 -2.8484e+00 +1.1761e+00
19962 0 +5.003687420e-08 -9.999999999e+02 -9.999999999e+02 -2.8484e+00 +1.1762e+00
20000 0 +4.811704457e-08 -1.000000000e+03 -1.000000000e+03 -2.8484e+00 +1.1762e+00
% f evaluations | g evaluations | best noise-free fitness - Fopt (9.862000000000e+01) + sum g_i+ | measured fitness | best measured fitness or single-digit g-values | x1 | x2...
1 0 +1.240686796e+02 +2.226886796e+02 +2.226886796e+02 +0.0000e+00 +0.0000e+00
2 0 +1.163257326e+01 +1.102525733e+02 +1.102525733e+02 -2.5466e+00 -1.3049e+00
6 0 +4.742799684e+00 +1.033627997e+02 +1.033627997e+02 -2.9449e+00 -8.0841e-01
56 0 +3.704355396e+00 +1.023243554e+02 +1.023243554e+02 +2.6126e-01 +2.2827e+00
138 0 +2.576668463e+00 +1.011966685e+02 +1.011966685e+02 -5.3227e-01 -6.8563e-01
146 0 +1.155909739e-01 +9.873559097e+01 +9.873559097e+01 -5.3530e-01 -5.1449e-01
252 0 +4.538935141e-02 +9.866538935e+01 +9.866538935e+01 -8.4736e-01 -1.2095e+00
374 0 +6.527121144e-03 +9.862652712e+01 +9.862652712e+01 -7.3316e-01 -9.9487e-01
393 0 +5.196470078e-03 +9.862519647e+01 +9.862519647e+01 -7.3316e-01 -9.9878e-01
461 0 +5.007675154e-03 +9.862500768e+01 +9.862500768e+01 -7.3450e-01 -1.0011e+00
737 0 +4.466311338e-03 +9.862446631e+01 +9.862446631e+01 -7.3841e-01 -1.0095e+00
1001 0 +3.974966303e-03 +9.862397497e+01 +9.862397497e+01 -7.4220e-01 -1.0176e+00
1247 0 +3.544783241e-03 +9.862354478e+01 +9.862354478e+01 -7.4574e-01 -1.0250e+00
1477 0 +3.158103811e-03 +9.862315810e+01 +9.862315810e+01 -7.4904e-01 -1.0321e+00
1695 0 +2.816507414e-03 +9.862281651e+01 +9.862281651e+01 -7.5221e-01 -1.0387e+00
1897 0 +2.511007296e-03 +9.862251101e+01 +9.862251101e+01 -7.5514e-01 -1.0449e+00
2093 0 +2.234162111e-03 +9.862223416e+01 +9.862223416e+01 -7.5795e-01 -1.0509e+00
2275 0 +1.992507851e-03 +9.862199251e+01 +9.862199251e+01 -7.6064e-01 -1.0564e+00
2445 0 +1.774954690e-03 +9.862177495e+01 +9.862177495e+01 -7.6308e-01 -1.0617e+00
2605 0 +1.583950443e-03 +9.862158395e+01 +9.862158395e+01 -7.6541e-01 -1.0666e+00
2801 0 +1.411771700e-03 +9.862141177e+01 +9.862141177e+01 -7.6766e-01 -1.0712e+00
3089 0 +1.257907168e-03 +9.862125791e+01 +9.862125791e+01 -7.6974e-01 -1.0755e+00
3357 0 +1.120843015e-03 +9.862112084e+01 +9.862112084e+01 -7.7176e-01 -1.0796e+00
3613 0 +9.993372866e-04 +9.862099934e+01 +9.862099934e+01 -7.7359e-01 -1.0835e+00
3849 0 +8.910107938e-04 +9.862089101e+01 +9.862089101e+01 -7.7536e-01 -1.0872e+00
4077 0 +7.926130674e-04 +9.862079261e+01 +9.862079261e+01 -7.7707e-01 -1.0906e+00
4289 0 +7.077323336e-04 +9.862070773e+01 +9.862070773e+01 -7.7860e-01 -1.0939e+00
4489 0 +6.297005260e-04 +9.862062970e+01 +9.862062970e+01 -7.8012e-01 -1.0969e+00
4677 0 +5.613704889e-04 +9.862056137e+01 +9.862056137e+01 -7.8153e-01 -1.0998e+00
4857 0 +4.995795789e-04 +9.862049958e+01 +9.862049958e+01 -7.8287e-01 -1.1025e+00
5021 0 +4.463668664e-04 +9.862044637e+01 +9.862044637e+01 -7.8409e-01 -1.1050e+00
5181 0 +3.978692627e-04 +9.862039787e+01 +9.862039787e+01 -7.8525e-01 -1.1075e+00
5331 0 +3.544835206e-04 +9.862035448e+01 +9.862035448e+01 -7.8641e-01 -1.1098e+00
5525 0 +3.162075938e-04 +9.862031621e+01 +9.862031621e+01 -7.8742e-01 -1.1119e+00
5789 0 +2.818012837e-04 +9.862028180e+01 +9.862028180e+01 -7.8843e-01 -1.1139e+00
6041 0 +2.509518594e-04 +9.862025095e+01 +9.862025095e+01 -7.8938e-01 -1.1158e+00
6277 0 +2.236615772e-04 +9.862022366e+01 +9.862022366e+01 -7.9026e-01 -1.1176e+00
6501 0 +1.993048016e-04 +9.862019930e+01 +9.862019930e+01 -7.9109e-01 -1.1193e+00
6709 0 +1.777284445e-04 +9.862017773e+01 +9.862017773e+01 -7.9188e-01 -1.1209e+00
6909 0 +1.584342080e-04 +9.862015843e+01 +9.862015843e+01 -7.9261e-01 -1.1225e+00
7097 0 +1.412237462e-04 +9.862014122e+01 +9.862014122e+01 -7.9332e-01 -1.1239e+00
7273 0 +1.257386190e-04 +9.862012574e+01 +9.862012574e+01 -7.9399e-01 -1.1252e+00
7439 0 +1.121260063e-04 +9.862011213e+01 +9.862011213e+01 -7.9463e-01 -1.1265e+00
7593 0 +9.999915136e-05 +9.862010000e+01 +9.862010000e+01 -7.9521e-01 -1.1277e+00
7747 0 +8.885367446e-05 +9.862008885e+01 +9.862008885e+01 -7.9579e-01 -1.1288e+00
7885 0 +7.916601436e-05 +9.862007917e+01 +9.862007917e+01 -7.9631e-01 -1.1299e+00
8023 0 +7.078081642e-05 +9.862007078e+01 +9.862007078e+01 -7.9680e-01 -1.1309e+00
8273 0 +6.299243486e-05 +9.862006299e+01 +9.862006299e+01 -7.9727e-01 -1.1318e+00
8507 0 +5.621873217e-05 +9.862005622e+01 +9.862005622e+01 -7.9771e-01 -1.1327e+00
8729 0 +5.007208146e-05 +9.862005007e+01 +9.862005007e+01 -7.9813e-01 -1.1336e+00
8937 0 +4.463467597e-05 +9.862004463e+01 +9.862004463e+01 -7.9852e-01 -1.1344e+00
9137 0 +3.970762334e-05 +9.862003971e+01 +9.862003971e+01 -7.9890e-01 -1.1351e+00
9323 0 +3.543480182e-05 +9.862003543e+01 +9.862003543e+01 -7.9926e-01 -1.1358e+00
9499 0 +3.158036230e-05 +9.862003158e+01 +9.862003158e+01 -7.9959e-01 -1.1365e+00
9661 0 +2.817743457e-05 +9.862002818e+01 +9.862002818e+01 -7.9990e-01 -1.1371e+00
9823 0 +2.504785785e-05 +9.862002505e+01 +9.862002505e+01 -8.0020e-01 -1.1378e+00
9969 0 +2.232450605e-05 +9.862002232e+01 +9.862002232e+01 -8.0048e-01 -1.1383e+00
10105 0 +1.994753055e-05 +9.862001995e+01 +9.862001995e+01 -8.0074e-01 -1.1388e+00
10241 0 +1.770593121e-05 +9.862001771e+01 +9.862001771e+01 -8.0100e-01 -1.1394e+00
10403 0 +1.584032719e-05 +9.862001584e+01 +9.862001584e+01 -8.0123e-01 -1.1398e+00
10637 0 +1.410831582e-05 +9.862001411e+01 +9.862001411e+01 -8.0145e-01 -1.1403e+00
10857 0 +1.258907375e-05 +9.862001259e+01 +9.862001259e+01 -8.0165e-01 -1.1407e+00
11069 0 +1.121332332e-05 +9.862001121e+01 +9.862001121e+01 -8.0185e-01 -1.1411e+00
11265 0 +9.983828136e-06 +9.862000998e+01 +9.862000998e+01 -8.0204e-01 -1.1415e+00
11449 0 +8.908309894e-06 +9.862000891e+01 +9.862000891e+01 -8.0222e-01 -1.1418e+00
11625 0 +7.937316241e-06 +9.862000794e+01 +9.862000794e+01 -8.0239e-01 -1.1422e+00
11795 0 +7.063114666e-06 +9.862000706e+01 +9.862000706e+01 -8.0255e-01 -1.1425e+00
11949 0 +6.299346296e-06 +9.862000630e+01 +9.862000630e+01 -8.0269e-01 -1.1428e+00
12097 0 +5.623282135e-06 +9.862000562e+01 +9.862000562e+01 -8.0283e-01 -1.1431e+00
12237 0 +4.997981122e-06 +9.862000500e+01 +9.862000500e+01 -8.0297e-01 -1.1433e+00
12369 0 +4.459845087e-06 +9.862000446e+01 +9.862000446e+01 -8.0309e-01 -1.1436e+00
12493 0 +3.968073315e-06 +9.862000397e+01 +9.862000397e+01 -8.0321e-01 -1.1438e+00
12701 0 +3.545354318e-06 +9.862000355e+01 +9.862000355e+01 -8.0332e-01 -1.1440e+00
12921 0 +3.158201935e-06 +9.862000316e+01 +9.862000316e+01 -8.0342e-01 -1.1442e+00
13129 0 +2.816027447e-06 +9.862000282e+01 +9.862000282e+01 -8.0352e-01 -1.1444e+00
13329 0 +2.505586039e-06 +9.862000251e+01 +9.862000251e+01 -8.0362e-01 -1.1446e+00
13515 0 +2.236058563e-06 +9.862000224e+01 +9.862000224e+01 -8.0371e-01 -1.1448e+00
13691 0 +1.992665659e-06 +9.862000199e+01 +9.862000199e+01 -8.0379e-01 -1.1450e+00
13857 0 +1.777099314e-06 +9.862000178e+01 +9.862000178e+01 -8.0387e-01 -1.1451e+00
14013 0 +1.581366078e-06 +9.862000158e+01 +9.862000158e+01 -8.0394e-01 -1.1453e+00
14161 0 +1.411455756e-06 +9.862000141e+01 +9.862000141e+01 -8.0401e-01 -1.1454e+00
14301 0 +1.255158125e-06 +9.862000126e+01 +9.862000126e+01 -8.0408e-01 -1.1456e+00
14433 0 +1.119984915e-06 +9.862000112e+01 +9.862000112e+01 -8.0414e-01 -1.1457e+00
14577 0 +9.991278631e-07 +9.862000100e+01 +9.862000100e+01 -8.0420e-01 -1.1458e+00
14813 0 +8.907872342e-07 +9.862000089e+01 +9.862000089e+01 -8.0426e-01 -1.1459e+00
15033 0 +7.937204316e-07 +9.862000079e+01 +9.862000079e+01 -8.0431e-01 -1.1460e+00
15241 0 +7.078841691e-07 +9.862000071e+01 +9.862000071e+01 -8.0436e-01 -1.1461e+00
15441 0 +6.299918596e-07 +9.862000063e+01 +9.862000063e+01 -8.0441e-01 -1.1462e+00
15629 0 +5.613468090e-07 +9.862000056e+01 +9.862000056e+01 -8.0445e-01 -1.1463e+00
15805 0 +5.002276993e-07 +9.862000050e+01 +9.862000050e+01 -8.0449e-01 -1.1464e+00
15971 0 +4.462238508e-07 +9.862000045e+01 +9.862000045e+01 -8.0453e-01 -1.1465e+00
16129 0 +3.977968959e-07 +9.862000040e+01 +9.862000040e+01 -8.0457e-01 -1.1465e+00
16275 0 +3.548061329e-07 +9.862000035e+01 +9.862000035e+01 -8.0461e-01 -1.1466e+00
16413 0 +3.162151074e-07 +9.862000032e+01 +9.862000032e+01 -8.0464e-01 -1.1467e+00
16549 0 +2.808121735e-07 +9.862000028e+01 +9.862000028e+01 -8.0467e-01 -1.1467e+00
16673 0 +2.509285935e-07 +9.862000025e+01 +9.862000025e+01 -8.0470e-01 -1.1468e+00
16789 0 +2.234711758e-07 +9.862000022e+01 +9.862000022e+01 -8.0473e-01 -1.1469e+00
16901 0 +1.989552629e-07 +9.862000020e+01 +9.862000020e+01 -8.0475e-01 -1.1469e+00
17005 0 +1.774686496e-07 +9.862000018e+01 +9.862000018e+01 -8.0478e-01 -1.1470e+00
17169 0 +1.584216847e-07 +9.862000016e+01 +9.862000016e+01 -8.0480e-01 -1.1470e+00
17359 0 +1.410346613e-07 +9.862000014e+01 +9.862000014e+01 -8.0483e-01 -1.1470e+00
17535 0 +1.257376852e-07 +9.862000013e+01 +9.862000013e+01 -8.0485e-01 -1.1471e+00
17701 0 +1.121493369e-07 +9.862000011e+01 +9.862000011e+01 -8.0487e-01 -1.1471e+00
17857 0 +9.986585781e-08 +9.862000010e+01 +9.862000010e+01 -8.0488e-01 -1.1472e+00
18007 0 +8.906447135e-08 +9.862000009e+01 +9.862000009e+01 -8.0490e-01 -1.1472e+00
18145 0 +7.935304325e-08 +9.862000008e+01 +9.862000008e+01 -8.0492e-01 -1.1472e+00
18281 0 +7.048679151e-08 +9.862000007e+01 +9.862000007e+01 -8.0493e-01 -1.1473e+00
18405 0 +6.295897492e-08 +9.862000006e+01 +9.862000006e+01 -8.0495e-01 -1.1473e+00
18585 0 +5.620721311e-08 +9.862000006e+01 +9.862000006e+01 -8.0496e-01 -1.1473e+00
18805 0 +5.010092252e-08 +9.862000005e+01 +9.862000005e+01 -8.0498e-01 -1.1474e+00
19017 0 +4.465533721e-08 +9.862000004e+01 +9.862000004e+01 -8.0499e-01 -1.1474e+00
19213 0 +3.980716201e-08 +9.862000004e+01 +9.862000004e+01 -8.0500e-01 -1.1474e+00
19403 0 +3.546902860e-08 +9.862000004e+01 +9.862000004e+01 -8.0501e-01 -1.1474e+00
19581 0 +3.153832040e-08 +9.862000003e+01 +9.862000003e+01 -8.0502e-01 -1.1474e+00
19747 0 +2.818063649e-08 +9.862000003e+01 +9.862000003e+01 -8.0503e-01 -1.1475e+00
19905 0 +2.507941588e-08 +9.862000003e+01 +9.862000003e+01 -8.0504e-01 -1.1475e+00
20000 0 +2.335097804e-08 +9.862000002e+01 +9.862000002e+01 -8.0505e-01 -1.1475e+00
% f evaluations | g evaluations | best noise-free fitness - Fopt (-4.715000000000e+01) + sum g_i+ | measured fitness | best measured fitness or single-digit g-values | x1 | x2...
1 0 +2.023435653e-01 -4.694765643e+01 -4.694765643e+01 +0.0000e+00 +0.0000e+00
72 0 +1.053333430e-01 -4.704466666e+01 -4.704466666e+01 -3.2309e-01 -7.5347e-01
366 0 +7.071566421e-02 -4.707928434e+01 -4.707928434e+01 -4.7861e-01 -1.0530e+00
373 0 +3.033167535e-02 -4.711966832e+01 -4.711966832e+01 -4.7861e-01 -1.0843e+00
382 0 +2.607790130e-02 -4.712392210e+01 -4.712392210e+01 -4.7861e-01 -1.0687e+00
388 0 +2.445044516e-02 -4.712554955e+01 -4.712554955e+01 -4.7080e-01 -1.0687e+00
390 0 +1.973489142e-02 -4.713026511e+01 -4.713026511e+01 -4.7080e-01 -1.0608e+00
476 0 +1.775686259e-02 -4.713224314e+01 -4.713224314e+01 -4.6347e-01 -1.0501e+00
582 0 +1.579445653e-02 -4.713420554e+01 -4.713420554e+01 -4.5614e-01 -1.0369e+00
682 0 +1.410393850e-02 -4.713589606e+01 -4.713589606e+01 -4.4930e-01 -1.0247e+00
806 0 +1.257755602e-02 -4.713742244e+01 -4.713742244e+01 -4.4270e-01 -1.0130e+00
990 0 +1.119980884e-02 -4.713880019e+01 -4.713880019e+01 -4.3635e-01 -1.0017e+00
1162 0 +9.995426238e-03 -4.714000457e+01 -4.714000457e+01 -4.3049e-01 -9.9122e-01
1330 0 +8.896155921e-03 -4.714110384e+01 -4.714110384e+01 -4.2487e-01 -9.8096e-01
1488 0 +7.932016816e-03 -4.714206798e+01 -4.714206798e+01 -4.1949e-01 -9.7143e-01
1634 0 +7.076244252e-03 -4.714292376e+01 -4.714292376e+01 -4.1461e-01 -9.6239e-01
1778 0 +6.301749696e-03 -4.714369825e+01 -4.714369825e+01 -4.0997e-01 -9.5360e-01
1914 0 +5.620428376e-03 -4.714437957e+01 -4.714437957e+01 -4.0557e-01 -9.4529e-01
2040 0 +5.011293703e-03 -4.714498871e+01 -4.714498871e+01 -4.0117e-01 -9.3772e-01
2162 0 +4.450914799e-03 -4.714554909e+01 -4.714554909e+01 -3.9726e-01 -9.3015e-01
2274 0 +3.976501139e-03 -4.714602350e+01 -4.714602350e+01 -3.9360e-01 -9.2331e-01
2388 0 +3.546068818e-03 -4.714645393e+01 -4.714645393e+01 -3.9006e-01 -9.1671e-01
2594 0 +3.157541086e-03 -4.714684246e+01 -4.714684246e+01 -3.8676e-01 -9.1036e-01
2790 0 +2.811737825e-03 -4.714718826e+01 -4.714718826e+01 -3.8358e-01 -9.0437e-01
2974 0 +2.507536973e-03 -4.714749246e+01 -4.714749246e+01 -3.8065e-01 -8.9875e-01
3148 0 +2.237999432e-03 -4.714776200e+01 -4.714776200e+01 -3.7784e-01 -8.9350e-01
3316 0 +1.991200969e-03 -4.714800880e+01 -4.714800880e+01 -3.7515e-01 -8.8837e-01
3470 0 +1.775837577e-03 -4.714822416e+01 -4.714822416e+01 -3.7271e-01 -8.8361e-01
3618 0 +1.584066279e-03 -4.714841593e+01 -4.714841593e+01 -3.7039e-01 -8.7909e-01
3760 0 +1.411653271e-03 -4.714858835e+01 -4.714858835e+01 -3.6807e-01 -8.7481e-01
3892 0 +1.258818308e-03 -4.714874118e+01 -4.714874118e+01 -3.6599e-01 -8.7078e-01
4018 0 +1.119417090e-03 -4.714888058e+01 -4.714888058e+01 -3.6404e-01 -8.6687e-01
4202 0 +9.992522593e-04 -4.714900075e+01 -4.714900075e+01 -3.6221e-01 -8.6327e-01
4426 0 +8.905971539e-04 -4.714910940e+01 -4.714910940e+01 -3.6043e-01 -8.5985e-01
4640 0 +7.933539628e-04 -4.714920665e+01 -4.714920665e+01 -3.5872e-01 -8.5661e-01
4838 0 +7.079343146e-04 -4.714929207e+01 -4.714929207e+01 -3.5720e-01 -8.5356e-01
5030 0 +6.298341529e-04 -4.714937017e+01 -4.714937017e+01 -3.5567e-01 -8.5063e-01
5210 0 +5.612102830e-04 -4.714943879e+01 -4.714943879e+01 -3.5427e-01 -8.4788e-01
5380 0 +5.010580019e-04 -4.714949894e+01 -4.714949894e+01 -3.5292e-01 -8.4531e-01
5540 0 +4.465355983e-04 -4.714955346e+01 -4.714955346e+01 -3.5170e-01 -8.4287e-01
5690 0 +3.980599257e-04 -4.714960194e+01 -4.714960194e+01 -3.5054e-01 -8.4055e-01
5836 0 +3.547336564e-04 -4.714964527e+01 -4.714964527e+01 -3.4938e-01 -8.3835e-01
5972 0 +3.158756995e-04 -4.714968412e+01 -4.714968412e+01 -3.4834e-01 -8.3627e-01
6170 0 +2.815632950e-04 -4.714971844e+01 -4.714971844e+01 -3.4736e-01 -8.3432e-01
6414 0 +2.507139533e-04 -4.714974929e+01 -4.714974929e+01 -3.4642e-01 -8.3246e-01
6642 0 +2.235293851e-04 -4.714977647e+01 -4.714977647e+01 -3.4553e-01 -8.3072e-01
6858 0 +1.992881236e-04 -4.714980071e+01 -4.714980071e+01 -3.4471e-01 -8.2907e-01
7062 0 +1.776110842e-04 -4.714982239e+01 -4.714982239e+01 -3.4391e-01 -8.2751e-01
7254 0 +1.584452980e-04 -4.714984155e+01 -4.714984155e+01 -3.4318e-01 -8.2604e-01
7438 0 +1.411582151e-04 -4.714985884e+01 -4.714985884e+01 -3.4248e-01 -8.2464e-01
7610 0 +1.257392587e-04 -4.714987426e+01 -4.714987426e+01 -3.4181e-01 -8.2333e-01
7776 0 +1.119290735e-04 -4.714988807e+01 -4.714988807e+01 -3.4117e-01 -8.2207e-01
7926 0 +9.988986330e-05 -4.714990011e+01 -4.714990011e+01 -3.4059e-01 -8.2091e-01
8074 0 +8.903544099e-05 -4.714991096e+01 -4.714991096e+01 -3.4004e-01 -8.1978e-01
8212 0 +7.923579526e-05 -4.714992076e+01 -4.714992076e+01 -3.3949e-01 -8.1875e-01
8370 0 +7.079397916e-05 -4.714992921e+01 -4.714992921e+01 -3.3901e-01 -8.1777e-01
8614 0 +6.307974926e-05 -4.714993692e+01 -4.714993692e+01 -3.3854e-01 -8.1684e-01
8846 0 +5.622077522e-05 -4.714994378e+01 -4.714994378e+01 -3.3810e-01 -8.1595e-01
9066 0 +5.002713929e-05 -4.714994997e+01 -4.714994997e+01 -3.3767e-01 -8.1511e-01
9270 0 +4.462700404e-05 -4.714995537e+01 -4.714995537e+01 -3.3727e-01 -8.1433e-01
9466 0 +3.977941927e-05 -4.714996022e+01 -4.714996022e+01 -3.3691e-01 -8.1358e-01
9650 0 +3.546455930e-05 -4.714996454e+01 -4.714996454e+01 -3.3655e-01 -8.1288e-01
9822 0 +3.160951563e-05 -4.714996839e+01 -4.714996839e+01 -3.3622e-01 -8.1223e-01
9988 0 +2.817005022e-05 -4.714997183e+01 -4.714997183e+01 -3.3590e-01 -8.1160e-01
10142 0 +2.509760179e-05 -4.714997490e+01 -4.714997490e+01 -3.3561e-01 -8.1100e-01
10292 0 +2.232520859e-05 -4.714997767e+01 -4.714997767e+01 -3.3532e-01 -8.1044e-01
10428 0 +1.993159969e-05 -4.714998007e+01 -4.714998007e+01 -3.3506e-01 -8.0992e-01
10646 0 +1.777653107e-05 -4.714998222e+01 -4.714998222e+01 -3.3481e-01 -8.0942e-01
10894 0 +1.583297061e-05 -4.714998417e+01 -4.714998417e+01 -3.3458e-01 -8.0895e-01
11126 0 +1.411709952e-05 -4.714998588e+01 -4.714998588e+01 -3.3436e-01 -8.0851e-01
11346 0 +1.257309320e-05 -4.714998743e+01 -4.714998743e+01 -3.3414e-01 -8.0809e-01
11554 0 +1.120206248e-05 -4.714998880e+01 -4.714998880e+01 -3.3394e-01 -8.0769e-01
11750 0 +9.991903177e-06 -4.714999001e+01 -4.714999001e+01 -3.3376e-01 -8.0732e-01
11934 0 +8.911671358e-06 -4.714999109e+01 -4.714999109e+01 -3.3358e-01 -8.0697e-01
12110 0 +7.936370167e-06 -4.714999206e+01 -4.714999206e+01 -3.3342e-01 -8.0663e-01
12274 0 +7.068819869e-06 -4.714999293e+01 -4.714999293e+01 -3.3326e-01 -8.0632e-01
12430 0 +6.308190464e-06 -4.714999369e+01 -4.714999369e+01 -3.3311e-01 -8.0602e-01
12578 0 +5.608701983e-06 -4.714999439e+01 -4.714999439e+01 -3.3297e-01 -8.0574e-01
12714 0 +5.010218125e-06 -4.714999499e+01 -4.714999499e+01 -3.3284e-01 -8.0548e-01
12848 0 +4.463786418e-06 -4.714999554e+01 -4.714999554e+01 -3.3271e-01 -8.0523e-01
12970 0 +3.975381183e-06 -4.714999602e+01 -4.714999602e+01 -3.3259e-01 -8.0499e-01
13090 0 +3.531523681e-06 -4.714999647e+01 -4.714999647e+01 -3.3248e-01 -8.0476e-01
13200 0 +3.157236854e-06 -4.714999684e+01 -4.714999684e+01 -3.3237e-01 -8.0455e-01
13304 0 +2.814585436e-06 -4.714999719e+01 -4.714999719e+01 -3.3227e-01 -8.0435e-01
13402 0 +2.500572890e-06 -4.714999750e+01 -4.714999750e+01 -3.3218e-01 -8.0416e-01
13494 0 +2.238702073e-06 -4.714999776e+01 -4.714999776e+01 -3.3210e-01 -8.0399e-01
13582 0 +1.994559916e-06 -4.714999801e+01 -4.714999801e+01 -3.3201e-01 -8.0382e-01
13666 0 +1.767025616e-06 -4.714999823e+01 -4.714999823e+01 -3.3193e-01 -8.0366e-01
13744 0 +1.583701305e-06 -4.714999842e+01 -4.714999842e+01 -3.3185e-01 -8.0351e-01
13818 0 +1.402371055e-06 -4.714999860e+01 -4.714999860e+01 -3.3178e-01 -8.0337e-01
13888 0 +1.257708028e-06 -4.714999874e+01 -4.714999874e+01 -3.3171e-01 -8.0324e-01
13954 0 +1.111827132e-06 -4.714999889e+01 -4.714999889e+01 -3.3165e-01 -8.0311e-01
14016 0 +9.997380062e-07 -4.714999900e+01 -4.714999900e+01 -3.3159e-01 -8.0300e-01
14074 0 +8.834802898e-07 -4.714999912e+01 -4.714999912e+01 -3.3154e-01 -8.0288e-01
14154 0 +7.941211777e-07 -4.714999921e+01 -4.714999921e+01 -3.3149e-01 -8.0278e-01
14364 0 +7.068218224e-07 -4.714999929e+01 -4.714999929e+01 -3.3144e-01 -8.0268e-01
14558 0 +6.306549309e-07 -4.714999937e+01 -4.714999937e+01 -3.3139e-01 -8.0259e-01
14746 0 +5.623305768e-07 -4.714999944e+01 -4.714999944e+01 -3.3135e-01 -8.0250e-01
14922 0 +5.011158848e-07 -4.714999950e+01 -4.714999950e+01 -3.3131e-01 -8.0242e-01
15086 0 +4.464594667e-07 -4.714999955e+01 -4.714999955e+01 -3.3127e-01 -8.0234e-01
15246 0 +3.969121707e-07 -4.714999960e+01 -4.714999960e+01 -3.3123e-01 -8.0226e-01
15390 0 +3.548126983e-07 -4.714999965e+01 -4.714999965e+01 -3.3120e-01 -8.0219e-01
15534 0 +3.150750416e-07 -4.714999968e+01 -4.714999968e+01 -3.3116e-01 -8.0212e-01
15662 0 +2.817353888e-07 -4.714999972e+01 -4.714999972e+01 -3.3113e-01 -8.0206e-01
15790 0 +2.502617775e-07 -4.714999975e+01 -4.714999975e+01 -3.3110e-01 -8.0200e-01
15906 0 +2.238523464e-07 -4.714999978e+01 -4.714999978e+01 -3.3107e-01 -8.0195e-01
16018 0 +1.992816721e-07 -4.714999980e+01 -4.714999980e+01 -3.3105e-01 -8.0189e-01
16122 0 +1.777447522e-07 -4.714999982e+01 -4.714999982e+01 -3.3102e-01 -8.0184e-01
16222 0 +1.578145472e-07 -4.714999984e+01 -4.714999984e+01 -3.3100e-01 -8.0180e-01
16358 0 +1.412192532e-07 -4.714999986e+01 -4.714999986e+01 -3.3098e-01 -8.0175e-01
16534 0 +1.258809306e-07 -4.714999987e+01 -4.714999987e+01 -3.3095e-01 -8.0171e-01
16698 0 +1.121501541e-07 -4.714999989e+01 -4.714999989e+01 -3.3093e-01 -8.0167e-01
16858 0 +9.973386028e-08 -4.714999990e+01 -4.714999990e+01 -3.3092e-01 -8.0163e-01
17006 0 +8.909865556e-08 -4.714999991e+01 -4.714999991e+01 -3.3090e-01 -8.0160e-01
17146 0 +7.922086098e-08 -4.714999992e+01 -4.714999992e+01 -3.3088e-01 -8.0156e-01
17278 0 +7.078173070e-08 -4.714999993e+01 -4.714999993e+01 -3.3087e-01 -8.0153e-01
17402 0 +6.296914279e-08 -4.714999994e+01 -4.714999994e+01 -3.3085e-01 -8.0150e-01
17522 0 +5.599330422e-08 -4.714999994e+01 -4.714999994e+01 -3.3084e-01 -8.0147e-01
17632 0 +5.011054327e-08 -4.714999995e+01 -4.714999995e+01 -3.3082e-01 -8.0145e-01
17738 0 +4.446970792e-08 -4.714999996e+01 -4.714999996e+01 -3.3081e-01 -8.0142e-01
17834 0 +3.977439178e-08 -4.714999996e+01 -4.714999996e+01 -3.3080e-01 -8.0140e-01
17930 0 +3.534139381e-08 -4.714999996e+01 -4.714999996e+01 -3.3079e-01 -8.0138e-01
18018 0 +3.150825734e-08 -4.714999997e+01 -4.714999997e+01 -3.3078e-01 -8.0136e-01
18126 0 +2.815612987e-08 -4.714999997e+01 -4.714999997e+01 -3.3077e-01 -8.0134e-01
18284 0 +2.510364538e-08 -4.714999997e+01 -4.714999997e+01 -3.3076e-01 -8.0132e-01
18436 0 +2.231671914e-08 -4.714999998e+01 -4.714999998e+01 -3.3075e-01 -8.0130e-01
18574 0 +1.990455445e-08 -4.714999998e+01 -4.714999998e+01 -3.3074e-01 -8.0128e-01
18708 0 +1.773991443e-08 -4.714999998e+01 -4.714999998e+01 -3.3073e-01 -8.0127e-01
18830 0 +1.583053688e-08 -4.714999998e+01 -4.714999998e+01 -3.3073e-01 -8.0125e-01
18950 0 +1.408136541e-08 -4.714999999e+01 -4.714999999e+01 -3.3072e-01 -8.0124e-01
19062 0 +1.254124271e-08 -4.714999999e+01 -4.714999999e+01 -3.3071e-01 -8.0122e-01
19166 0 +1.119104098e-08 -4.714999999e+01 -4.714999999e+01 -3.3071e-01 -8.0121e-01
19268 0 +9.974804982e-09 -4.714999999e+01 -4.714999999e+01 -3.3070e-01 -8.0120e-01
20000 0 +4.511882423e-09 -4.715000000e+01 -4.715000000e+01 -3.3067e-01 -8.0113e-01
% f evaluations | g evaluations | best noise-free fitness - Fopt (3.752000000000e+01) + sum g_i+ | measured fitness | best measured fitness or single-digit g-values | x1 | x2...
1 0 +6.231518100e+01 +9.983518100e+01 +9.983518100e+01 +0.0000e+00 +0.0000e+00
22 0 +3.272002948e+01 +7.024002948e+01 +7.024002948e+01 +3.1902e+00 -6.4628e-01
23 0 +2.024038883e+00 +3.954403888e+01 +3.954403888e+01 +2.9130e+00 -8.0841e-01
45 0 +1.150955978e+00 +3.867095598e+01 +3.867095598e+01 +1.5376e+00 -3.0163e+00
17744 0 +1.119018779e+00 +3.863901878e+01 +3.863901878e+01 +1.4322e+00 -2.9650e+00
17864 0 +9.983537188e-01 +3.851835372e+01 +3.851835372e+01 +1.4908e+00 -2.9689e+00
17980 0 +8.884199083e-01 +3.840841991e+01 +3.840841991e+01 +1.5475e+00 -2.9670e+00
18088 0 +7.916181362e-01 +3.831161814e+01 +3.831161814e+01 +1.6003e+00 -2.9572e+00
18188 0 +7.070694912e-01 +3.822706949e+01 +3.822706949e+01 +1.6491e+00 -2.9435e+00
18284 0 +6.305099753e-01 +3.815050998e+01 +3.815050998e+01 +1.6960e+00 -2.9279e+00
18376 0 +5.610217652e-01 +3.808102177e+01 +3.808102177e+01 +1.7410e+00 -2.9064e+00
18464 0 +4.984597545e-01 +3.801845975e+01 +3.801845975e+01 +1.7840e+00 -2.8830e+00
18544 0 +4.449449944e-01 +3.796494499e+01 +3.796494499e+01 +1.8231e+00 -2.8595e+00
18620 0 +3.970191436e-01 +3.791701914e+01 +3.791701914e+01 +1.8602e+00 -2.8341e+00
18692 0 +3.539162690e-01 +3.787391627e+01 +3.787391627e+01 +1.8954e+00 -2.8067e+00
18760 0 +3.158092469e-01 +3.783580925e+01 +3.783580925e+01 +1.9286e+00 -2.7794e+00
18824 0 +2.812967861e-01 +3.780129679e+01 +3.780129679e+01 +1.9599e+00 -2.7501e+00
18886 0 +2.508583538e-01 +3.777085835e+01 +3.777085835e+01 +1.9892e+00 -2.7207e+00
18944 0 +2.235287736e-01 +3.774352877e+01 +3.774352877e+01 +2.0185e+00 -2.6934e+00
19002 0 +1.992733513e-01 +3.771927335e+01 +3.771927335e+01 +2.0439e+00 -2.6641e+00
19062 0 +1.771020906e-01 +3.769710209e+01 +3.769710209e+01 +2.0693e+00 -2.6347e+00
19118 0 +1.580179100e-01 +3.767801791e+01 +3.767801791e+01 +2.0928e+00 -2.6074e+00
19174 0 +1.411970432e-01 +3.766119704e+01 +3.766119704e+01 +2.1143e+00 -2.5800e+00
19230 0 +1.254984717e-01 +3.764549847e+01 +3.764549847e+01 +2.1358e+00 -2.5527e+00
19282 0 +1.120605465e-01 +3.763206055e+01 +3.763206055e+01 +2.1553e+00 -2.5273e+00
19334 0 +9.959545171e-02 +3.761959545e+01 +3.761959545e+01 +2.1749e+00 -2.5018e+00
19386 0 +8.858045901e-02 +3.760858046e+01 +3.760858046e+01 +2.1925e+00 -2.4764e+00
19456 0 +7.925592084e-02 +3.759925592e+01 +3.759925592e+01 +2.2091e+00 -2.4540e+00
19550 0 +7.050432186e-02 +3.759050432e+01 +3.759050432e+01 +2.2247e+00 -2.4305e+00
19638 0 +6.300425482e-02 +3.758300425e+01 +3.758300425e+01 +2.2394e+00 -2.4090e+00
19726 0 +5.618000324e-02 +3.757618000e+01 +3.757618000e+01 +2.2530e+00 -2.3875e+00
19810 0 +4.997263528e-02 +3.756997264e+01 +3.756997264e+01 +2.2667e+00 -2.3670e+00
19892 0 +4.455020380e-02 +3.756455020e+01 +3.756455020e+01 +2.2794e+00 -2.3475e+00
19968 0 +3.977434986e-02 +3.755977435e+01 +3.755977435e+01 +2.2912e+00 -2.3289e+00
20000 0 +3.786592098e-02 +3.755786592e+01 +3.755786592e+01 +2.2960e+00 -2.3211e+00
% f evaluations | g evaluations | best noise-free fitness - Fopt (2.177000000000e+01) + sum g_i+ | measured fitness | best measured fitness or single-digit g-values | x1 | x2...
1 0 +6.032706628e+01 +8.209706628e+01 +8.209706628e+01 +0.0000e+00 +0.0000e+00
88 0 +4.147449670e+00 +2.591744967e+01 +2.591744967e+01 -6.0055e-02 +9.3470e-01
469 0 +3.979908359e+00 +2.574990836e+01 +2.574990836e+01 -1.6884e-01 +1.0682e+00
685 0 +3.542642014e+00 +2.531264201e+01 +2.531264201e+01 -5.5487e-02 +8.5713e-01
861 0 +3.161740659e+00 +2.493174066e+01 +2.493174066e+01 +5.0050e-02 +6.8514e-01
1012 0 +2.817285850e+00 +2.458728585e+01 +2.458728585e+01 +1.5168e-01 +5.4052e-01
1133 0 +2.504103582e+00 +2.427410358e+01 +2.427410358e+01 +2.4549e-01 +4.1935e-01
1229 0 +2.233042016e+00 +2.400304202e+01 +2.400304202e+01 +3.3539e-01 +3.2554e-01
1309 0 +1.994244186e+00 +2.376424419e+01 +2.376424419e+01 +4.1357e-01 +2.4736e-01
1389 0 +1.778122845e+00 +2.354812285e+01 +2.354812285e+01 +4.9174e-01 +1.8482e-01
1468 0 +1.576437211e+00 +2.334643721e+01 +2.334643721e+01 +5.6992e-01 +1.4182e-01
1540 0 +1.404599421e+00 +2.317459942e+01 +2.317459942e+01 +6.4028e-01 +1.1055e-01
1608 0 +1.251072230e+00 +2.302107223e+01 +2.302107223e+01 +7.0673e-01 +8.7101e-02
1672 0 +1.115460218e+00 +2.288546022e+01 +2.288546022e+01 +7.6927e-01 +7.9283e-02
1732 0 +9.947980251e-01 +2.276479803e+01 +2.276479803e+01 +8.2790e-01 +7.5374e-02
1788 0 +8.888247657e-01 +2.265882477e+01 +2.265882477e+01 +8.8262e-01 +7.5374e-02
1844 0 +7.883156541e-01 +2.255831565e+01 +2.255831565e+01 +9.3734e-01 +8.7101e-02
1892 0 +7.072198075e-01 +2.247721981e+01 +2.247721981e+01 +9.8425e-01 +9.8827e-02
1940 0 +6.308898710e-01 +2.240088987e+01 +2.240088987e+01 +1.0312e+00 +1.1446e-01
1988 0 +5.582177067e-01 +2.232821771e+01 +2.232821771e+01 +1.0781e+00 +1.3791e-01
2032 0 +4.974759073e-01 +2.226747591e+01 +2.226747591e+01 +1.1211e+00 +1.5746e-01
2072 0 +4.424854118e-01 +2.221248541e+01 +2.221248541e+01 +1.1601e+00 +1.8482e-01
2108 0 +3.974829817e-01 +2.216748298e+01 +2.216748298e+01 +1.1953e+00 +2.0827e-01
2144 0 +3.543593552e-01 +2.212435936e+01 +2.212435936e+01 +1.2305e+00 +2.3563e-01
2180 0 +3.155887886e-01 +2.208558879e+01 +2.208558879e+01 +1.2657e+00 +2.6300e-01
2212 0 +2.795672149e-01 +2.204956721e+01 +2.204956721e+01 +1.2970e+00 +2.9427e-01
2242 0 +2.511079899e-01 +2.202110799e+01 +2.202110799e+01 +1.3243e+00 +3.2163e-01
2274 0 +2.211194850e-01 +2.199111948e+01 +2.199111948e+01 +1.3556e+00 +3.5290e-01
2302 0 +1.990841795e-01 +2.196908418e+01 +2.196908418e+01 +1.3790e+00 +3.8026e-01
2350 0 +1.773975728e-01 +2.194739757e+01 +2.194739757e+01 +1.4044e+00 +4.0762e-01
2406 0 +1.583609882e-01 +2.192836099e+01 +2.192836099e+01 +1.4279e+00 +4.3498e-01
2464 0 +1.411473206e-01 +2.191114732e+01 +2.191114732e+01 +1.4513e+00 +4.6234e-01
2518 0 +1.256806633e-01 +2.189568066e+01 +2.189568066e+01 +1.4709e+00 +4.8971e-01
2574 0 +1.120938304e-01 +2.188209383e+01 +2.188209383e+01 +1.4904e+00 +5.1707e-01
2624 0 +9.994150954e-02 +2.186994151e+01 +2.186994151e+01 +1.5100e+00 +5.4052e-01
2674 0 +8.877854228e-02 +2.185877854e+01 +2.185877854e+01 +1.5276e+00 +5.6593e-01
2750 0 +7.921294036e-02 +2.184921294e+01 +2.184921294e+01 +1.5442e+00 +5.8938e-01
2844 0 +7.075464616e-02 +2.184075465e+01 +2.184075465e+01 +1.5598e+00 +6.1186e-01
2934 0 +6.297996881e-02 +2.183297997e+01 +2.183297997e+01 +1.5745e+00 +6.3433e-01
3022 0 +5.619695783e-02 +2.182619696e+01 +2.182619696e+01 +1.5882e+00 +6.5583e-01
3106 0 +4.995731158e-02 +2.181995731e+01 +2.181995731e+01 +1.6018e+00 +6.7635e-01
3188 0 +4.451295998e-02 +2.181451296e+01 +2.181451296e+01 +1.6145e+00 +6.9589e-01
3264 0 +3.972997373e-02 +2.180972997e+01 +2.180972997e+01 +1.6263e+00 +7.1446e-01
3398 0 +3.543870115e-02 +2.180543870e+01 +2.180543870e+01 +1.6370e+00 +7.3254e-01
3538 0 +3.157788163e-02 +2.180157788e+01 +2.180157788e+01 +1.6478e+00 +7.4964e-01
3674 0 +2.813912463e-02 +2.179813912e+01 +2.179813912e+01 +1.6575e+00 +7.6625e-01
3802 0 +2.510310778e-02 +2.179510311e+01 +2.179510311e+01 +1.6668e+00 +7.8189e-01
3926 0 +2.237839187e-02 +2.179237839e+01 +2.179237839e+01 +1.6756e+00 +7.9703e-01
4044 0 +1.992974288e-02 +2.178992974e+01 +2.178992974e+01 +1.6844e+00 +8.1120e-01
4156 0 +1.775441720e-02 +2.178775442e+01 +2.178775442e+01 +1.6922e+00 +8.2488e-01
4262 0 +1.580411411e-02 +2.178580411e+01 +2.178580411e+01 +1.6996e+00 +8.3808e-01
4362 0 +1.411875961e-02 +2.178411876e+01 +2.178411876e+01 +1.7064e+00 +8.5029e-01
4466 0 +1.257077592e-02 +2.178257078e+01 +2.178257078e+01 +1.7132e+00 +8.6202e-01
4650 0 +1.121098107e-02 +2.178121098e+01 +2.178121098e+01 +1.7193e+00 +8.7326e-01
4824 0 +9.997818327e-03 +2.177999782e+01 +2.177999782e+01 +1.7255e+00 +8.8376e-01
4990 0 +8.908135508e-03 +2.177890814e+01 +2.177890814e+01 +1.7308e+00 +8.9402e-01
5146 0 +7.934801079e-03 +2.177793480e+01 +2.177793480e+01 +1.7362e+00 +9.0355e-01
5298 0 +7.074845902e-03 +2.177707485e+01 +2.177707485e+01 +1.7411e+00 +9.1283e-01
5440 0 +6.296350274e-03 +2.177629635e+01 +2.177629635e+01 +1.7460e+00 +9.2138e-01
5574 0 +5.605756292e-03 +2.177560576e+01 +2.177560576e+01 +1.7504e+00 +9.2969e-01
5700 0 +5.009652368e-03 +2.177500965e+01 +2.177500965e+01 +1.7545e+00 +9.3726e-01
5822 0 +4.458588223e-03 +2.177445859e+01 +2.177445859e+01 +1.7584e+00 +9.4483e-01
5938 0 +3.961087159e-03 +2.177396109e+01 +2.177396109e+01 +1.7623e+00 +9.5192e-01
6096 0 +3.547750643e-03 +2.177354775e+01 +2.177354775e+01 +1.7658e+00 +9.5827e-01
6302 0 +3.157873745e-03 +2.177315787e+01 +2.177315787e+01 +1.7691e+00 +9.6462e-01
6498 0 +2.812408055e-03 +2.177281241e+01 +2.177281241e+01 +1.7722e+00 +9.7061e-01
6682 0 +2.507694539e-03 +2.177250769e+01 +2.177250769e+01 +1.7752e+00 +9.7623e-01
6858 0 +2.233322055e-03 +2.177223332e+01 +2.177223332e+01 +1.7780e+00 +9.8160e-01
7022 0 +1.994777081e-03 +2.177199478e+01 +2.177199478e+01 +1.7805e+00 +9.8661e-01
7178 0 +1.776312753e-03 +2.177177631e+01 +2.177177631e+01 +1.7831e+00 +9.9137e-01
7326 0 +1.583888553e-03 +2.177158389e+01 +2.177158389e+01 +1.7854e+00 +9.9589e-01
7470 0 +1.411784557e-03 +2.177141178e+01 +2.177141178e+01 +1.7876e+00 +1.0003e+00
7604 0 +1.254618953e-03 +2.177125462e+01 +2.177125462e+01 +1.7898e+00 +1.0043e+00
7726 0 +1.119737683e-03 +2.177111974e+01 +2.177111974e+01 +1.7918e+00 +1.0081e+00
7854 0 +9.990044325e-04 +2.177099900e+01 +2.177099900e+01 +1.7936e+00 +1.0117e+00
8078 0 +8.905626051e-04 +2.177089056e+01 +2.177089056e+01 +1.7954e+00 +1.0151e+00
8290 0 +7.942069602e-04 +2.177079421e+01 +2.177079421e+01 +1.7970e+00 +1.0184e+00
8494 0 +7.068747837e-04 +2.177070687e+01 +2.177070687e+01 +1.7986e+00 +1.0215e+00
8682 0 +6.309371633e-04 +2.177063094e+01 +2.177063094e+01 +1.8001e+00 +1.0244e+00
8862 0 +5.622869126e-04 +2.177056229e+01 +2.177056229e+01 +1.8015e+00 +1.0271e+00
9034 0 +5.003726586e-04 +2.177050037e+01 +2.177050037e+01 +1.8028e+00 +1.0297e+00
9196 0 +4.456313965e-04 +2.177044563e+01 +2.177044563e+01 +1.8041e+00 +1.0322e+00
9346 0 +3.972539138e-04 +2.177039725e+01 +2.177039725e+01 +1.8053e+00 +1.0345e+00
9490 0 +3.543324618e-04 +2.177035433e+01 +2.177035433e+01 +1.8064e+00 +1.0367e+00
9628 0 +3.151073268e-04 +2.177031511e+01 +2.177031511e+01 +1.8075e+00 +1.0388e+00
9846 0 +2.815943486e-04 +2.177028159e+01 +2.177028159e+01 +1.8084e+00 +1.0407e+00
10086 0 +2.510343585e-04 +2.177025103e+01 +2.177025103e+01 +1.8094e+00 +1.0425e+00
10314 0 +2.238249928e-04 +2.177022382e+01 +2.177022382e+01 +1.8103e+00 +1.0443e+00
10534 0 +1.994017488e-04 +2.177019940e+01 +2.177019940e+01 +1.8111e+00 +1.0459e+00
10738 0 +1.776437048e-04 +2.177017764e+01 +2.177017764e+01 +1.8119e+00 +1.0475e+00
10932 0 +1.582447948e-04 +2.177015824e+01 +2.177015824e+01 +1.8126e+00 +1.0490e+00
11114 0 +1.408976468e-04 +2.177014090e+01 +2.177014090e+01 +1.8133e+00 +1.0504e+00
11286 0 +1.258695784e-04 +2.177012587e+01 +2.177012587e+01 +1.8140e+00 +1.0517e+00
11446 0 +1.121360958e-04 +2.177011214e+01 +2.177011214e+01 +1.8146e+00 +1.0529e+00
11602 0 +9.995775494e-05 +2.177009996e+01 +2.177009996e+01 +1.8152e+00 +1.0541e+00
11748 0 +8.901117333e-05 +2.177008901e+01 +2.177008901e+01 +1.8158e+00 +1.0552e+00
11884 0 +7.940375936e-05 +2.177007940e+01 +2.177007940e+01 +1.8163e+00 +1.0562e+00
12118 0 +7.077875352e-05 +2.177007078e+01 +2.177007078e+01 +1.8168e+00 +1.0572e+00
12362 0 +6.308292762e-05 +2.177006308e+01 +2.177006308e+01 +1.8173e+00 +1.0582e+00
12594 0 +5.621277675e-05 +2.177005621e+01 +2.177005621e+01 +1.8177e+00 +1.0590e+00
12814 0 +5.004035982e-05 +2.177005004e+01 +2.177005004e+01 +1.8181e+00 +1.0599e+00
13020 0 +4.466284001e-05 +2.177004466e+01 +2.177004466e+01 +1.8185e+00 +1.0607e+00
13214 0 +3.977657670e-05 +2.177003978e+01 +2.177003978e+01 +1.8189e+00 +1.0614e+00
13398 0 +3.545512294e-05 +2.177003546e+01 +2.177003546e+01 +1.8192e+00 +1.0621e+00
13574 0 +3.155651140e-05 +2.177003156e+01 +2.177003156e+01 +1.8196e+00 +1.0628e+00
13740 0 +2.810725461e-05 +2.177002811e+01 +2.177002811e+01 +1.8199e+00 +1.0634e+00
13890 0 +2.510418580e-05 +2.177002510e+01 +2.177002510e+01 +1.8202e+00 +1.0640e+00
14038 0 +2.237570255e-05 +2.177002238e+01 +2.177002238e+01 +1.8205e+00 +1.0646e+00
14178 0 +1.988235194e-05 +2.177001988e+01 +2.177001988e+01 +1.8207e+00 +1.0651e+00
14306 0 +1.775787300e-05 +2.177001776e+01 +2.177001776e+01 +1.8210e+00 +1.0656e+00
14432 0 +1.582138638e-05 +2.177001582e+01 +2.177001582e+01 +1.8212e+00 +1.0661e+00
14546 0 +1.409942681e-05 +2.177001410e+01 +2.177001410e+01 +1.8214e+00 +1.0665e+00
14658 0 +1.253699293e-05 +2.177001254e+01 +2.177001254e+01 +1.8217e+00 +1.0669e+00
14762 0 +1.116858693e-05 +2.177001117e+01 +2.177001117e+01 +1.8219e+00 +1.0673e+00
14858 0 +9.975834597e-06 +2.177000998e+01 +2.177000998e+01 +1.8220e+00 +1.0677e+00
14952 0 +8.896962683e-06 +2.177000890e+01 +2.177000890e+01 +1.8222e+00 +1.0680e+00
15124 0 +7.937325542e-06 +2.177000794e+01 +2.177000794e+01 +1.8224e+00 +1.0684e+00
15292 0 +7.058408887e-06 +2.177000706e+01 +2.177000706e+01 +1.8225e+00 +1.0687e+00
15444 0 +6.307737905e-06 +2.177000631e+01 +2.177000631e+01 +1.8227e+00 +1.0690e+00
15590 0 +5.623162153e-06 +2.177000562e+01 +2.177000562e+01 +1.8228e+00 +1.0693e+00
15750 0 +5.011286575e-06 +2.177000501e+01 +2.177000501e+01 +1.8230e+00 +1.0695e+00
16014 0 +4.462702773e-06 +2.177000446e+01 +2.177000446e+01 +1.8231e+00 +1.0698e+00
16262 0 +3.976367072e-06 +2.177000398e+01 +2.177000398e+01 +1.8232e+00 +1.0700e+00
16494 0 +3.546834460e-06 +2.177000355e+01 +2.177000355e+01 +1.8233e+00 +1.0702e+00
16716 0 +3.161214927e-06 +2.177000316e+01 +2.177000316e+01 +1.8234e+00 +1.0704e+00
16924 0 +2.818012554e-06 +2.177000282e+01 +2.177000282e+01 +1.8235e+00 +1.0706e+00
17122 0 +2.511069702e-06 +2.177000251e+01 +2.177000251e+01 +1.8236e+00 +1.0708e+00
17308 0 +2.236313737e-06 +2.177000224e+01 +2.177000224e+01 +1.8237e+00 +1.0710e+00
17484 0 +1.992200659e-06 +2.177000199e+01 +2.177000199e+01 +1.8238e+00 +1.0712e+00
17646 0 +1.777814624e-06 +2.177000178e+01 +2.177000178e+01 +1.8239e+00 +1.0713e+00
17804 0 +1.584581796e-06 +2.177000158e+01 +2.177000158e+01 +1.8239e+00 +1.0715e+00
17950 0 +1.411943995e-06 +2.177000141e+01 +2.177000141e+01 +1.8240e+00 +1.0716e+00
18092 0 +1.257679216e-06 +2.177000126e+01 +2.177000126e+01 +1.8241e+00 +1.0718e+00
18222 0 +1.120303882e-06 +2.177000112e+01 +2.177000112e+01 +1.8241e+00 +1.0719e+00
18348 0 +9.988694920e-07 +2.177000100e+01 +2.177000100e+01 +1.8242e+00 +1.0720e+00
18462 0 +8.909834257e-07 +2.177000089e+01 +2.177000089e+01 +1.8243e+00 +1.0721e+00
18574 0 +7.929523598e-07 +2.177000079e+01 +2.177000079e+01 +1.8243e+00 +1.0722e+00
18678 0 +7.070428794e-07 +2.177000071e+01 +2.177000071e+01 +1.8244e+00 +1.0723e+00
18780 0 +6.299189508e-07 +2.177000063e+01 +2.177000063e+01 +1.8244e+00 +1.0724e+00
18870 0 +5.613914666e-07 +2.177000056e+01 +2.177000056e+01 +1.8245e+00 +1.0725e+00
18958 0 +5.002491328e-07 +2.177000050e+01 +2.177000050e+01 +1.8245e+00 +1.0726e+00
19044 0 +4.463518621e-07 +2.177000045e+01 +2.177000045e+01 +1.8245e+00 +1.0727e+00
19122 0 +3.973543521e-07 +2.177000040e+01 +2.177000040e+01 +1.8246e+00 +1.0727e+00
19198 0 +3.514334495e-07 +2.177000035e+01 +2.177000035e+01 +1.8246e+00 +1.0728e+00
19304 0 +3.161820494e-07 +2.177000032e+01 +2.177000032e+01 +1.8246e+00 +1.0729e+00
19568 0 +2.817837945e-07 +2.177000028e+01 +2.177000028e+01 +1.8247e+00 +1.0729e+00
19818 0 +2.508410972e-07 +2.177000025e+01 +2.177000025e+01 +1.8247e+00 +1.0730e+00
20000 0 +2.297769583e-07 +2.177000023e+01 +2.177000023e+01 +1.8247e+00 +1.0730e+00
% f evaluations | g evaluations | best noise-free fitness - Fopt (6.603000000000e+01) + sum g_i+ | measured fitness | best measured fitness or single-digit g-values | x1 | x2...
1 0 +1.454971393e+03 +1.521001393e+03 +1.521001393e+03 +0.0000e+00 +0.0000e+00
3 0 +1.970414609e+02 +2.630714609e+02 +2.630714609e+02 -1.9001e+00 +1.2895e+00
13 0 +3.207505720e+01 +9.810505720e+01 +9.810505720e+01 -2.0121e+00 -1.1589e-01
36 0 +2.989942526e+01 +9.592942526e+01 +9.592942526e+01 +3.8233e-01 -4.2338e+00
39 0 +4.051208225e+00 +7.008120822e+01 +7.008120822e+01 +2.6126e-01 -3.5752e+00
40 0 +1.650730173e+00 +6.768073017e+01 +6.768073017e+01 -1.5922e-02 -3.7373e+00
41 0 +8.693855126e-01 +6.689938551e+01 +6.689938551e+01 +1.4871e+00 -1.6137e+00
47 0 +3.527360987e-02 +6.606527361e+01 +6.606527361e+01 +9.1687e-01 -3.0448e+00
2414 0 +3.157814129e-02 +6.606157814e+01 +6.606157814e+01 +8.5371e-01 -3.1380e+00
2548 0 +2.814792680e-02 +6.605814793e+01 +6.605814793e+01 +8.6397e-01 -3.1219e+00
2676 0 +2.510679776e-02 +6.605510680e+01 +6.605510680e+01 +8.7326e-01 -3.1063e+00
2798 0 +2.235780507e-02 +6.605235781e+01 +6.605235781e+01 +8.8205e-01 -3.0911e+00
2916 0 +1.995031234e-02 +6.604995031e+01 +6.604995031e+01 +8.9036e-01 -3.0769e+00
3026 0 +1.778115852e-02 +6.604778116e+01 +6.604778116e+01 +8.9817e-01 -3.0633e+00
3136 0 +1.582454093e-02 +6.604582454e+01 +6.604582454e+01 +9.0599e-01 -3.0501e+00
3236 0 +1.411973006e-02 +6.604411973e+01 +6.604411973e+01 +9.1283e-01 -3.0379e+00
3336 0 +1.252847250e-02 +6.604252847e+01 +6.604252847e+01 +9.1967e-01 -3.0256e+00
3486 0 +1.120907727e-02 +6.604120908e+01 +6.604120908e+01 +9.2554e-01 -3.0147e+00
3660 0 +9.985706280e-03 +6.603998571e+01 +6.603998571e+01 +9.3164e-01 -3.0041e+00
3826 0 +8.884364093e-03 +6.603888436e+01 +6.603888436e+01 +9.3726e-01 -2.9939e+00
3982 0 +7.929522506e-03 +6.603792952e+01 +6.603792952e+01 +9.4239e-01 -2.9844e+00
4130 0 +7.078886374e-03 +6.603707889e+01 +6.603707889e+01 +9.4728e-01 -2.9753e+00
4274 0 +6.289382886e-03 +6.603628938e+01 +6.603628938e+01 +9.5216e-01 -2.9665e+00
4406 0 +5.615832171e-03 +6.603561583e+01 +6.603561583e+01 +9.5656e-01 -2.9585e+00
4534 0 +5.003838023e-03 +6.603500384e+01 +6.603500384e+01 +9.6071e-01 -2.9506e+00
4654 0 +4.464121182e-03 +6.603446412e+01 +6.603446412e+01 +9.6462e-01 -2.9433e+00
4804 0 +3.979472053e-03 +6.603397947e+01 +6.603397947e+01 +9.6841e-01 -2.9364e+00
5022 0 +3.541608515e-03 +6.603354161e+01 +6.603354161e+01 +9.7195e-01 -2.9296e+00
5226 0 +3.159571029e-03 +6.603315957e+01 +6.603315957e+01 +9.7525e-01 -2.9234e+00
5424 0 +2.814076706e-03 +6.603281408e+01 +6.603281408e+01 +9.7843e-01 -2.9174e+00
5606 0 +2.509180820e-03 +6.603250918e+01 +6.603250918e+01 +9.8136e-01 -2.9118e+00
5782 0 +2.234688357e-03 +6.603223469e+01 +6.603223469e+01 +9.8417e-01 -2.9064e+00
5948 0 +1.994108027e-03 +6.603199411e+01 +6.603199411e+01 +9.8685e-01 -2.9014e+00
6104 0 +1.777629075e-03 +6.603177763e+01 +6.603177763e+01 +9.8930e-01 -2.8967e+00
6254 0 +1.582718357e-03 +6.603158272e+01 +6.603158272e+01 +9.9162e-01 -2.8920e+00
6394 0 +1.412528495e-03 +6.603141253e+01 +6.603141253e+01 +9.9382e-01 -2.8877e+00
6528 0 +1.255725813e-03 +6.603125573e+01 +6.603125573e+01 +9.9602e-01 -2.8837e+00
6652 0 +1.120777944e-03 +6.603112078e+01 +6.603112078e+01 +9.9797e-01 -2.8799e+00
6886 0 +9.998909569e-04 +6.603099989e+01 +6.603099989e+01 +9.9980e-01 -2.8763e+00
7114 0 +8.901727563e-04 +6.603089017e+01 +6.603089017e+01 +1.0016e+00 -2.8728e+00
7326 0 +7.941366925e-04 +6.603079414e+01 +6.603079414e+01 +1.0032e+00 -2.8696e+00
7526 0 +7.075628732e-04 +6.603070756e+01 +6.603070756e+01 +1.0048e+00 -2.8665e+00
7718 0 +6.295202676e-04 +6.603062952e+01 +6.603062952e+01 +1.0063e+00 -2.8636e+00
7898 0 +5.609137653e-04 +6.603056091e+01 +6.603056091e+01 +1.0077e+00 -2.8609e+00
8066 0 +5.009271585e-04 +6.603050093e+01 +6.603050093e+01 +1.0090e+00 -2.8583e+00
8228 0 +4.462866495e-04 +6.603044629e+01 +6.603044629e+01 +1.0103e+00 -2.8559e+00
8378 0 +3.977931135e-04 +6.603039779e+01 +6.603039779e+01 +1.0115e+00 -2.8535e+00
8522 0 +3.547668960e-04 +6.603035477e+01 +6.603035477e+01 +1.0126e+00 -2.8513e+00
8660 0 +3.156752393e-04 +6.603031568e+01 +6.603031568e+01 +1.0137e+00 -2.8493e+00
8850 0 +2.813523659e-04 +6.603028135e+01 +6.603028135e+01 +1.0146e+00 -2.8473e+00
9090 0 +2.511308472e-04 +6.603025113e+01 +6.603025113e+01 +1.0156e+00 -2.8455e+00
9322 0 +2.236872357e-04 +6.603022369e+01 +6.603022369e+01 +1.0164e+00 -2.8437e+00
9538 0 +1.991037293e-04 +6.603019910e+01 +6.603019910e+01 +1.0173e+00 -2.8421e+00
9742 0 +1.774464982e-04 +6.603017745e+01 +6.603017745e+01 +1.0181e+00 -2.8405e+00
9934 0 +1.582774478e-04 +6.603015828e+01 +6.603015828e+01 +1.0188e+00 -2.8390e+00
10114 0 +1.412439469e-04 +6.603014124e+01 +6.603014124e+01 +1.0195e+00 -2.8377e+00
10290 0 +1.255918589e-04 +6.603012559e+01 +6.603012559e+01 +1.0202e+00 -2.8363e+00
10450 0 +1.121920893e-04 +6.603011219e+01 +6.603011219e+01 +1.0208e+00 -2.8351e+00
10606 0 +9.976591484e-05 +6.603009977e+01 +6.603009977e+01 +1.0214e+00 -2.8339e+00
10750 0 +8.901179088e-05 +6.603008901e+01 +6.603008901e+01 +1.0220e+00 -2.8328e+00
10890 0 +7.936717391e-05 +6.603007937e+01 +6.603007937e+01 +1.0225e+00 -2.8317e+00
11020 0 +7.061287209e-05 +6.603007061e+01 +6.603007061e+01 +1.0230e+00 -2.8308e+00
11228 0 +6.307104300e-05 +6.603006307e+01 +6.603006307e+01 +1.0235e+00 -2.8298e+00
11458 0 +5.619277476e-05 +6.603005619e+01 +6.603005619e+01 +1.0239e+00 -2.8290e+00
11678 0 +5.009125887e-05 +6.603005009e+01 +6.603005009e+01 +1.0243e+00 -2.8281e+00
11882 0 +4.466378135e-05 +6.603004466e+01 +6.603004466e+01 +1.0247e+00 -2.8273e+00
12080 0 +3.976607086e-05 +6.603003977e+01 +6.603003977e+01 +1.0251e+00 -2.8266e+00
12262 0 +3.544019187e-05 +6.603003544e+01 +6.603003544e+01 +1.0255e+00 -2.8259e+00
12438 0 +3.153776316e-05 +6.603003154e+01 +6.603003154e+01 +1.0258e+00 -2.8252e+00
12602 0 +2.814928942e-05 +6.603002815e+01 +6.603002815e+01 +1.0261e+00 -2.8246e+00
12756 0 +2.510741788e-05 +6.603002511e+01 +6.603002511e+01 +1.0264e+00 -2.8240e+00
12902 0 +2.234884226e-05 +6.603002235e+01 +6.603002235e+01 +1.0267e+00 -2.8234e+00
13042 0 +1.994168426e-05 +6.603001994e+01 +6.603001994e+01 +1.0269e+00 -2.8229e+00
13172 0 +1.775547680e-05 +6.603001776e+01 +6.603001776e+01 +1.0272e+00 -2.8224e+00
13294 0 +1.582307279e-05 +6.603001582e+01 +6.603001582e+01 +1.0274e+00 -2.8219e+00
13470 0 +1.412462227e-05 +6.603001412e+01 +6.603001412e+01 +1.0276e+00 -2.8215e+00
13692 0 +1.258585785e-05 +6.603001259e+01 +6.603001259e+01 +1.0279e+00 -2.8211e+00
13900 0 +1.121382799e-05 +6.603001121e+01 +6.603001121e+01 +1.0281e+00 -2.8207e+00
14094 0 +9.996412658e-06 +6.603001000e+01 +6.603001000e+01 +1.0282e+00 -2.8203e+00
14282 0 +8.907262469e-06 +6.603000891e+01 +6.603000891e+01 +1.0284e+00 -2.8200e+00
14454 0 +7.939411006e-06 +6.603000794e+01 +6.603000794e+01 +1.0286e+00 -2.8196e+00
14620 0 +7.077635729e-06 +6.603000708e+01 +6.603000708e+01 +1.0287e+00 -2.8193e+00
14778 0 +6.305920309e-06 +6.603000631e+01 +6.603000631e+01 +1.0289e+00 -2.8190e+00
14924 0 +5.616509597e-06 +6.603000562e+01 +6.603000562e+01 +1.0290e+00 -2.8187e+00
15062 0 +5.003784494e-06 +6.603000500e+01 +6.603000500e+01 +1.0292e+00 -2.8185e+00
15196 0 +4.452572867e-06 +6.603000445e+01 +6.603000445e+01 +1.0293e+00 -2.8182e+00
15318 0 +3.969838019e-06 +6.603000397e+01 +6.603000397e+01 +1.0294e+00 -2.8180e+00
15438 0 +3.545073199e-06 +6.603000355e+01 +6.603000355e+01 +1.0295e+00 -2.8178e+00
15660 0 +3.160728454e-06 +6.603000316e+01 +6.603000316e+01 +1.0296e+00 -2.8176e+00
15868 0 +2.817624832e-06 +6.603000282e+01 +6.603000282e+01 +1.0297e+00 -2.8174e+00
16066 0 +2.508427130e-06 +6.603000251e+01 +6.603000251e+01 +1.0298e+00 -2.8172e+00
16250 0 +2.237935945e-06 +6.603000224e+01 +6.603000224e+01 +1.0299e+00 -2.8170e+00
16426 0 +1.993650443e-06 +6.603000199e+01 +6.603000199e+01 +1.0300e+00 -2.8168e+00
16590 0 +1.776639294e-06 +6.603000178e+01 +6.603000178e+01 +1.0301e+00 -2.8167e+00
16748 0 +1.584678699e-06 +6.603000158e+01 +6.603000158e+01 +1.0301e+00 -2.8165e+00
16894 0 +1.410954198e-06 +6.603000141e+01 +6.603000141e+01 +1.0302e+00 -2.8164e+00
17034 0 +1.258401696e-06 +6.603000126e+01 +6.603000126e+01 +1.0303e+00 -2.8162e+00
17166 0 +1.119491060e-06 +6.603000112e+01 +6.603000112e+01 +1.0303e+00 -2.8161e+00
17334 0 +9.992245822e-07 +6.603000100e+01 +6.603000100e+01 +1.0304e+00 -2.8160e+00
17568 0 +8.903353432e-07 +6.603000089e+01 +6.603000089e+01 +1.0305e+00 -2.8159e+00
17786 0 +7.942951470e-07 +6.603000079e+01 +6.603000079e+01 +1.0305e+00 -2.8158e+00
17998 0 +7.075771293e-07 +6.603000071e+01 +6.603000071e+01 +1.0306e+00 -2.8157e+00
18194 0 +6.302692981e-07 +6.603000063e+01 +6.603000063e+01 +1.0306e+00 -2.8156e+00
18382 0 +5.618302623e-07 +6.603000056e+01 +6.603000056e+01 +1.0307e+00 -2.8155e+00
18558 0 +5.006416330e-07 +6.603000050e+01 +6.603000050e+01 +1.0307e+00 -2.8154e+00
18722 0 +4.461520007e-07 +6.603000045e+01 +6.603000045e+01 +1.0307e+00 -2.8153e+00
18880 0 +3.979657066e-07 +6.603000040e+01 +6.603000040e+01 +1.0308e+00 -2.8153e+00
19026 0 +3.545513181e-07 +6.603000035e+01 +6.603000035e+01 +1.0308e+00 -2.8152e+00
19168 0 +3.161413815e-07 +6.603000032e+01 +6.603000032e+01 +1.0308e+00 -2.8151e+00
19298 0 +2.815158950e-07 +6.603000028e+01 +6.603000028e+01 +1.0309e+00 -2.8151e+00
19426 0 +2.500622145e-07 +6.603000025e+01 +6.603000025e+01 +1.0309e+00 -2.8150e+00
19550 0 +2.237087671e-07 +6.603000022e+01 +6.603000022e+01 +1.0309e+00 -2.8149e+00
19772 0 +1.995086620e-07 +6.603000020e+01 +6.603000020e+01 +1.0310e+00 -2.8149e+00
19982 0 +1.776265037e-07 +6.603000018e+01 +6.603000018e+01 +1.0310e+00 -2.8148e+00
20000 0 +1.760217856e-07 +6.603000018e+01 +6.603000018e+01 +1.0310e+00 -2.8148e+00
% f evaluations | g evaluations | best noise-free fitness - Fopt (1.720100000000e+02) + sum g_i+ | measured fitness | best measured fitness or single-digit g-values | x1 | x2...
1 0 +1.803609220e+02 +3.523709220e+02 +3.523709220e+02 +0.0000e+00 +0.0000e+00
8 0 +6.173045966e+00 +1.781830460e+02 +1.781830460e+02 -2.8355e+00 +1.5954e+00
13 0 +2.873616594e+00 +1.748836166e+02 +1.748836166e+02 -2.0121e+00 -1.1589e-01
56 0 +2.690886597e+00 +1.747008866e+02 +1.747008866e+02 +2.6126e-01 +2.2827e+00
140 0 +1.393114960e+00 +1.734031150e+02 +1.734031150e+02 -1.5515e+00 -5.4617e-01
291 0 +3.085438182e-01 +1.723185438e+02 +1.723185438e+02 -9.3452e-01 -3.6026e-01
300 0 +2.745151431e-01 +1.722845151e+02 +1.722845151e+02 -6.1556e-01 -2.4127e-02
988 0 +2.488373894e-01 +1.722588374e+02 +1.722588374e+02 -8.7591e-01 -3.1270e-01
1002 0 +2.237584947e-01 +1.722337585e+02 +1.722337585e+02 -8.5246e-01 -2.8143e-01
1022 0 +1.983026131e-01 +1.722083026e+02 +1.722083026e+02 -8.2510e-01 -2.5407e-01
1068 0 +1.777452306e-01 +1.721877452e+02 +1.721877452e+02 -7.9969e-01 -2.2866e-01
1126 0 +1.576623986e-01 +1.721676624e+02 +1.721676624e+02 -7.7624e-01 -1.9935e-01
1182 0 +1.407449168e-01 +1.721507449e+02 +1.721507449e+02 -7.5474e-01 -1.7199e-01
1238 0 +1.250799246e-01 +1.721350799e+02 +1.721350799e+02 -7.3324e-01 -1.4463e-01
1290 0 +1.117153887e-01 +1.721217154e+02 +1.721217154e+02 -7.1370e-01 -1.1922e-01
1344 0 +9.945423082e-02 +1.721094542e+02 +1.721094542e+02 -6.9415e-01 -9.3811e-02
1396 0 +8.910162649e-02 +1.720991016e+02 +1.720991016e+02 -6.7754e-01 -7.0358e-02
1494 0 +7.920324876e-02 +1.720892032e+02 +1.720892032e+02 -6.6093e-01 -4.5928e-02
1588 0 +7.072775845e-02 +1.720807278e+02 +1.720807278e+02 -6.4529e-01 -2.3453e-02
1678 0 +6.298622851e-02 +1.720729862e+02 +1.720729862e+02 -6.3063e-01 -9.7720e-04
1768 0 +5.600590841e-02 +1.720660059e+02 +1.720660059e+02 -6.1598e-01 +2.0521e-02
1850 0 +4.997067830e-02 +1.720599707e+02 +1.720599707e+02 -6.0327e-01 +4.1042e-02
1930 0 +4.450454061e-02 +1.720545045e+02 +1.720545045e+02 -5.9057e-01 +6.0586e-02
2006 0 +3.971401823e-02 +1.720497140e+02 +1.720497140e+02 -5.7884e-01 +7.9153e-02
2098 0 +3.537675973e-02 +1.720453768e+02 +1.720453768e+02 -5.6761e-01 +9.7231e-02
2238 0 +3.157124792e-02 +1.720415712e+02 +1.720415712e+02 -5.5734e-01 +1.1433e-01
2374 0 +2.815438974e-02 +1.720381544e+02 +1.720381544e+02 -5.4757e-01 +1.3094e-01
2504 0 +2.506091676e-02 +1.720350609e+02 +1.720350609e+02 -5.3780e-01 +1.4658e-01
2626 0 +2.231491955e-02 +1.720323149e+02 +1.720323149e+02 -5.2901e-01 +1.6173e-01
2744 0 +1.991018443e-02 +1.720299102e+02 +1.720299102e+02 -5.2070e-01 +1.7590e-01
2854 0 +1.774342126e-02 +1.720277434e+02 +1.720277434e+02 -5.1288e-01 +1.8958e-01
2962 0 +1.581586226e-02 +1.720258159e+02 +1.720258159e+02 -5.0555e-01 +2.0277e-01
3064 0 +1.408711223e-02 +1.720240871e+02 +1.720240871e+02 -4.9822e-01 +2.1498e-01
3158 0 +1.256961582e-02 +1.720225696e+02 +1.720225696e+02 -4.9187e-01 +2.2671e-01
3336 0 +1.121686055e-02 +1.720212169e+02 +1.720212169e+02 -4.8552e-01 +2.3770e-01
3510 0 +9.987883706e-03 +1.720199879e+02 +1.720199879e+02 -4.7966e-01 +2.4845e-01
3676 0 +8.909562718e-03 +1.720189096e+02 +1.720189096e+02 -4.7404e-01 +2.5847e-01
3834 0 +7.941029223e-03 +1.720179410e+02 +1.720179410e+02 -4.6891e-01 +2.6824e-01
3982 0 +7.069683675e-03 +1.720170697e+02 +1.720170697e+02 -4.6378e-01 +2.7728e-01
4126 0 +6.296457818e-03 +1.720162965e+02 +1.720162965e+02 -4.5914e-01 +2.8607e-01
4258 0 +5.619943477e-03 +1.720156199e+02 +1.720156199e+02 -4.5474e-01 +2.9414e-01
4386 0 +5.011399798e-03 +1.720150114e+02 +1.720150114e+02 -4.5059e-01 +3.0195e-01
4508 0 +4.464088551e-03 +1.720144641e+02 +1.720144641e+02 -4.4643e-01 +3.0928e-01
4622 0 +3.971831221e-03 +1.720139718e+02 +1.720139718e+02 -4.4277e-01 +3.1637e-01
4802 0 +3.546750117e-03 +1.720135468e+02 +1.720135468e+02 -4.3935e-01 +3.2296e-01
5008 0 +3.159430852e-03 +1.720131594e+02 +1.720131594e+02 -4.3593e-01 +3.2919e-01
5202 0 +2.817703977e-03 +1.720128177e+02 +1.720128177e+02 -4.3287e-01 +3.3518e-01
5388 0 +2.509009497e-03 +1.720125090e+02 +1.720125090e+02 -4.2982e-01 +3.4080e-01
5562 0 +2.234404904e-03 +1.720122344e+02 +1.720122344e+02 -4.2701e-01 +3.4617e-01
5726 0 +1.994744457e-03 +1.720119947e+02 +1.720119947e+02 -4.2445e-01 +3.5118e-01
5884 0 +1.777833299e-03 +1.720117778e+02 +1.720117778e+02 -4.2188e-01 +3.5594e-01
6030 0 +1.584760161e-03 +1.720115848e+02 +1.720115848e+02 -4.1956e-01 +3.6046e-01
6174 0 +1.410940308e-03 +1.720114109e+02 +1.720114109e+02 -4.1736e-01 +3.6486e-01
6308 0 +1.255969408e-03 +1.720112560e+02 +1.720112560e+02 -4.1516e-01 +3.6889e-01
6432 0 +1.121006645e-03 +1.720111210e+02 +1.720111210e+02 -4.1321e-01 +3.7268e-01
6628 0 +9.997120793e-04 +1.720109997e+02 +1.720109997e+02 -4.1138e-01 +3.7628e-01
6854 0 +8.896694367e-04 +1.720108897e+02 +1.720108897e+02 -4.0961e-01 +3.7976e-01
7066 0 +7.934135861e-04 +1.720107934e+02 +1.720107934e+02 -4.0796e-01 +3.8300e-01
7266 0 +7.072092322e-04 +1.720107072e+02 +1.720107072e+02 -4.0637e-01 +3.8605e-01
7458 0 +6.302859776e-04 +1.720106303e+02 +1.720106303e+02 -4.0490e-01 +3.8899e-01
7638 0 +5.616811825e-04 +1.720105617e+02 +1.720105617e+02 -4.0350e-01 +3.9173e-01
7806 0 +5.005643019e-04 +1.720105006e+02 +1.720105006e+02 -4.0215e-01 +3.9430e-01
7968 0 +4.465483752e-04 +1.720104465e+02 +1.720104465e+02 -4.0087e-01 +3.9674e-01
8120 0 +3.976996736e-04 +1.720103977e+02 +1.720103977e+02 -3.9971e-01 +3.9906e-01
8262 0 +3.543573788e-04 +1.720103544e+02 +1.720103544e+02 -3.9861e-01 +4.0126e-01
8398 0 +3.159886992e-04 +1.720103160e+02 +1.720103160e+02 -3.9757e-01 +4.0334e-01
8528 0 +2.814489569e-04 +1.720102814e+02 +1.720102814e+02 -3.9654e-01 +4.0529e-01
8656 0 +2.510117235e-04 +1.720102510e+02 +1.720102510e+02 -3.9562e-01 +4.0712e-01
8884 0 +2.238373194e-04 +1.720102238e+02 +1.720102238e+02 -3.9473e-01 +4.0887e-01
9098 0 +1.995118553e-04 +1.720101995e+02 +1.720101995e+02 -3.9391e-01 +4.1051e-01
9306 0 +1.774923021e-04 +1.720101775e+02 +1.720101775e+02 -3.9311e-01 +4.1210e-01
9498 0 +1.583755891e-04 +1.720101584e+02 +1.720101584e+02 -3.9238e-01 +4.1357e-01
9682 0 +1.411328790e-04 +1.720101411e+02 +1.720101411e+02 -3.9168e-01 +4.1497e-01
9854 0 +1.256732533e-04 +1.720101257e+02 +1.720101257e+02 -3.9101e-01 +4.1629e-01
10016 0 +1.121622407e-04 +1.720101122e+02 +1.720101122e+02 -3.9037e-01 +4.1751e-01
10170 0 +9.980980778e-05 +1.720100998e+02 +1.720100998e+02 -3.8979e-01 +4.1870e-01
10314 0 +8.908284704e-05 +1.720100891e+02 +1.720100891e+02 -3.8924e-01 +4.1980e-01
10454 0 +7.912827922e-05 +1.720100791e+02 +1.720100791e+02 -3.8869e-01 +4.2087e-01
10582 0 +7.062418615e-05 +1.720100706e+02 +1.720100706e+02 -3.8820e-01 +4.2184e-01
10706 0 +6.305310362e-05 +1.720100631e+02 +1.720100631e+02 -3.8774e-01 +4.2279e-01
10820 0 +5.619869714e-05 +1.720100562e+02 +1.720100562e+02 -3.8728e-01 +4.2365e-01
11022 0 +5.004719711e-05 +1.720100500e+02 +1.720100500e+02 -3.8687e-01 +4.2448e-01
11228 0 +4.465051717e-05 +1.720100447e+02 +1.720100447e+02 -3.8647e-01 +4.2526e-01
11422 0 +3.979418653e-05 +1.720100398e+02 +1.720100398e+02 -3.8611e-01 +4.2601e-01
11606 0 +3.547705501e-05 +1.720100355e+02 +1.720100355e+02 -3.8576e-01 +4.2671e-01
11782 0 +3.158220392e-05 +1.720100316e+02 +1.720100316e+02 -3.8542e-01 +4.2739e-01
11946 0 +2.811116579e-05 +1.720100281e+02 +1.720100281e+02 -3.8510e-01 +4.2801e-01
12098 0 +2.511074143e-05 +1.720100251e+02 +1.720100251e+02 -3.8481e-01 +4.2859e-01
12248 0 +2.234303238e-05 +1.720100223e+02 +1.720100223e+02 -3.8452e-01 +4.2916e-01
12384 0 +1.994807295e-05 +1.720100199e+02 +1.720100199e+02 -3.8426e-01 +4.2968e-01
12514 0 +1.777026739e-05 +1.720100178e+02 +1.720100178e+02 -3.8401e-01 +4.3018e-01
12722 0 +1.584396085e-05 +1.720100158e+02 +1.720100158e+02 -3.8378e-01 +4.3065e-01
12958 0 +1.411425640e-05 +1.720100141e+02 +1.720100141e+02 -3.8356e-01 +4.3110e-01
13176 0 +1.258524381e-05 +1.720100126e+02 +1.720100126e+02 -3.8334e-01 +4.3151e-01
13384 0 +1.121336763e-05 +1.720100112e+02 +1.720100112e+02 -3.8314e-01 +4.3191e-01
13578 0 +9.999331013e-06 +1.720100100e+02 +1.720100100e+02 -3.8296e-01 +4.3228e-01
13766 0 +8.889277410e-06 +1.720100089e+02 +1.720100089e+02 -3.8278e-01 +4.3264e-01
13938 0 +7.942463810e-06 +1.720100079e+02 +1.720100079e+02 -3.8262e-01 +4.3297e-01
14102 0 +7.077448601e-06 +1.720100071e+02 +1.720100071e+02 -3.8246e-01 +4.3328e-01
14262 0 +6.287346707e-06 +1.720100063e+02 +1.720100063e+02 -3.8230e-01 +4.3359e-01
14406 0 +5.616317168e-06 +1.720100056e+02 +1.720100056e+02 -3.8217e-01 +4.3386e-01
14546 0 +5.006836147e-06 +1.720100050e+02 +1.720100050e+02 -3.8204e-01 +4.3413e-01
14678 0 +4.452314897e-06 +1.720100045e+02 +1.720100045e+02 -3.8191e-01 +4.3438e-01
14802 0 +3.972803341e-06 +1.720100040e+02 +1.720100040e+02 -3.8179e-01 +4.3462e-01
14918 0 +3.537588015e-06 +1.720100035e+02 +1.720100035e+02 -3.8168e-01 +4.3484e-01
15030 0 +3.146738550e-06 +1.720100031e+02 +1.720100031e+02 -3.8157e-01 +4.3505e-01
15232 0 +2.817130820e-06 +1.720100028e+02 +1.720100028e+02 -3.8148e-01 +4.3524e-01
15430 0 +2.511134369e-06 +1.720100025e+02 +1.720100025e+02 -3.8138e-01 +4.3543e-01
15616 0 +2.235481816e-06 +1.720100022e+02 +1.720100022e+02 -3.8129e-01 +4.3561e-01
15792 0 +1.991388871e-06 +1.720100020e+02 +1.720100020e+02 -3.8121e-01 +4.3578e-01
15954 0 +1.777479923e-06 +1.720100018e+02 +1.720100018e+02 -3.8113e-01 +4.3593e-01
16112 0 +1.583802259e-06 +1.720100016e+02 +1.720100016e+02 -3.8106e-01 +4.3608e-01
16258 0 +1.411637413e-06 +1.720100014e+02 +1.720100014e+02 -3.8099e-01 +4.3622e-01
16400 0 +1.256923895e-06 +1.720100013e+02 +1.720100013e+02 -3.8092e-01 +4.3636e-01
16530 0 +1.120018140e-06 +1.720100011e+02 +1.720100011e+02 -3.8086e-01 +4.3648e-01
16656 0 +9.981318669e-07 +1.720100010e+02 +1.720100010e+02 -3.8080e-01 +4.3660e-01
16770 0 +8.907127267e-07 +1.720100009e+02 +1.720100009e+02 -3.8074e-01 +4.3671e-01
16882 0 +7.926875867e-07 +1.720100008e+02 +1.720100008e+02 -3.8069e-01 +4.3682e-01
16986 0 +7.067829983e-07 +1.720100007e+02 +1.720100007e+02 -3.8064e-01 +4.3692e-01
17088 0 +6.292030434e-07 +1.720100006e+02 +1.720100006e+02 -3.8059e-01 +4.3701e-01
17178 0 +5.611390463e-07 +1.720100006e+02 +1.720100006e+02 -3.8055e-01 +4.3710e-01
17266 0 +4.999994587e-07 +1.720100005e+02 +1.720100005e+02 -3.8051e-01 +4.3718e-01
17352 0 +4.456441900e-07 +1.720100004e+02 +1.720100004e+02 -3.8046e-01 +4.3726e-01
17426 0 +3.978765619e-07 +1.720100004e+02 +1.720100004e+02 -3.8043e-01 +4.3734e-01
17504 0 +3.543752882e-07 +1.720100004e+02 +1.720100004e+02 -3.8039e-01 +4.3741e-01
17570 0 +3.159385926e-07 +1.720100003e+02 +1.720100003e+02 -3.8036e-01 +4.3747e-01
17640 0 +2.816431106e-07 +1.720100003e+02 +1.720100003e+02 -3.8033e-01 +4.3754e-01
17698 0 +2.510359138e-07 +1.720100003e+02 +1.720100003e+02 -3.8030e-01 +4.3760e-01
17762 0 +2.213836865e-07 +1.720100002e+02 +1.720100002e+02 -3.8027e-01 +4.3766e-01
17818 0 +1.969687276e-07 +1.720100002e+02 +1.720100002e+02 -3.8024e-01 +4.3771e-01
17866 0 +1.771786913e-07 +1.720100002e+02 +1.720100002e+02 -3.8022e-01 +4.3776e-01
18028 0 +1.584382687e-07 +1.720100002e+02 +1.720100002e+02 -3.8020e-01 +4.3780e-01
18214 0 +1.411624169e-07 +1.720100001e+02 +1.720100001e+02 -3.8018e-01 +4.3785e-01
18390 0 +1.258307236e-07 +1.720100001e+02 +1.720100001e+02 -3.8015e-01 +4.3789e-01
18558 0 +1.120184550e-07 +1.720100001e+02 +1.720100001e+02 -3.8013e-01 +4.3793e-01
18716 0 +9.990415606e-08 +1.720100001e+02 +1.720100001e+02 -3.8012e-01 +4.3797e-01
18862 0 +8.906712878e-08 +1.720100001e+02 +1.720100001e+02 -3.8010e-01 +4.3800e-01
19004 0 +7.940298019e-08 +1.720100001e+02 +1.720100001e+02 -3.8008e-01 +4.3804e-01
19134 0 +7.076158681e-08 +1.720100001e+02 +1.720100001e+02 -3.8007e-01 +4.3807e-01
19262 0 +6.287595511e-08 +1.720100001e+02 +1.720100001e+02 -3.8005e-01 +4.3810e-01
19380 0 +5.619162380e-08 +1.720100001e+02 +1.720100001e+02 -3.8004e-01 +4.3813e-01
19490 0 +5.009655979e-08 +1.720100001e+02 +1.720100001e+02 -3.8002e-01 +4.3815e-01
19598 0 +4.439502277e-08 +1.720100000e+02 +1.720100000e+02 -3.8001e-01 +4.3818e-01
19702 0 +3.979542385e-08 +1.720100000e+02 +1.720100000e+02 -3.8000e-01 +4.3820e-01
19888 0 +3.545656568e-08 +1.720100000e+02 +1.720100000e+02 -3.7999e-01 +4.3822e-01
20000 0 +3.298850970e-08 +1.720100000e+02 +1.720100000e+02 -3.7998e-01 +4.3824e-01
% f evaluations | g evaluations | best noise-free fitness - Fopt (-2.725000000000e+01) + sum g_i+ | measured fitness | best measured fitness or single-digit g-values | x1 | x2...
1 0 +1.963765109e+03 +1.936515109e+03 +1.936515109e+03 +0.0000e+00 +0.0000e+00
2 0 +1.970174735e+02 +1.697674735e+02 +1.697674735e+02 -2.5466e+00 -1.3049e+00
11 0 +9.795631347e+01 +7.070631347e+01 +7.070631347e+01 -1.3913e+00 -8.7389e-02
12 0 +4.110519363e+00 -2.313948064e+01 -2.313948064e+01 -3.4703e+00 -1.9939e+00
267 0 +1.016703321e+00 -2.623329668e+01 -2.623329668e+01 -9.3934e-01 +3.5612e-01
362 0 +8.866120020e-01 -2.636338800e+01 -2.636338800e+01 -7.3316e-01 +1.0486e+00
1169 0 +7.940496733e-01 -2.645595033e+01 -2.645595033e+01 -7.8299e-01 +8.5516e-01
1929 0 +7.078184224e-01 -2.654218158e+01 -2.654218158e+01 -8.3283e-01 +6.6950e-01
2633 0 +6.308552749e-01 -2.661914473e+01 -2.661914473e+01 -8.7974e-01 +4.9751e-01
3865 0 +5.622759451e-01 -2.668772405e+01 -2.668772405e+01 -9.2420e-01 +3.4067e-01
5053 0 +5.010619574e-01 -2.674893804e+01 -2.674893804e+01 -9.6622e-01 +1.9556e-01
6145 0 +4.466564411e-01 -2.680334356e+01 -2.680334356e+01 -1.0058e+00 +6.2168e-02
7157 0 +3.979416394e-01 -2.685205836e+01 -2.685205836e+01 -1.0434e+00 -6.1448e-02
8089 0 +3.547003956e-01 -2.689529960e+01 -2.689529960e+01 -1.0786e+00 -1.7529e-01
8949 0 +3.162032081e-01 -2.693379679e+01 -2.693379679e+01 -1.1118e+00 -2.8034e-01
9749 0 +2.816535223e-01 -2.696834648e+01 -2.696834648e+01 -1.1436e+00 -3.7806e-01
10485 0 +2.511578564e-01 -2.699884214e+01 -2.699884214e+01 -1.1729e+00 -4.6796e-01
11169 0 +2.237175086e-01 -2.702628249e+01 -2.702628249e+01 -1.2012e+00 -5.5151e-01
11801 0 +1.994177722e-01 -2.705058223e+01 -2.705058223e+01 -1.2276e+00 -6.2871e-01
12385 0 +1.778263376e-01 -2.707217366e+01 -2.707217366e+01 -1.2525e+00 -7.0005e-01
12933 0 +1.584460406e-01 -2.709155396e+01 -2.709155396e+01 -1.2760e+00 -7.6698e-01
13437 0 +1.412105962e-01 -2.710878940e+01 -2.710878940e+01 -1.2985e+00 -8.2855e-01
13909 0 +1.258004167e-01 -2.712419958e+01 -2.712419958e+01 -1.3195e+00 -8.8620e-01
14347 0 +1.121646341e-01 -2.713783537e+01 -2.713783537e+01 -1.3395e+00 -9.3946e-01
14753 0 +9.991800263e-02 -2.715008200e+01 -2.715008200e+01 -1.3581e+00 -9.8930e-01
15133 0 +8.904165902e-02 -2.716095834e+01 -2.716095834e+01 -1.3757e+00 -1.0357e+00
15485 0 +7.939074289e-02 -2.717060926e+01 -2.717060926e+01 -1.3923e+00 -1.0787e+00
15815 0 +7.076322458e-02 -2.717923678e+01 -2.717923678e+01 -1.4084e+00 -1.1188e+00
16121 0 +6.302779521e-02 -2.718697220e+01 -2.718697220e+01 -1.4231e+00 -1.1564e+00
16407 0 +5.623210173e-02 -2.719376790e+01 -2.719376790e+01 -1.4372e+00 -1.1911e+00
16675 0 +5.009394307e-02 -2.719990606e+01 -2.719990606e+01 -1.4504e+00 -1.2238e+00
16927 0 +4.460663018e-02 -2.720539337e+01 -2.720539337e+01 -1.4631e+00 -1.2546e+00
17159 0 +3.978084337e-02 -2.721021916e+01 -2.721021916e+01 -1.4748e+00 -1.2829e+00
17437 0 +3.545363778e-02 -2.721454636e+01 -2.721454636e+01 -1.4858e+00 -1.3096e+00
17845 0 +3.160190729e-02 -2.721839809e+01 -2.721839809e+01 -1.4963e+00 -1.3345e+00
18229 0 +2.814850706e-02 -2.722185149e+01 -2.722185149e+01 -1.5064e+00 -1.3579e+00
18585 0 +2.510401436e-02 -2.722489599e+01 -2.722489599e+01 -1.5156e+00 -1.3797e+00
18921 0 +2.237712596e-02 -2.722762287e+01 -2.722762287e+01 -1.5244e+00 -1.4002e+00
19237 0 +1.991858386e-02 -2.723008142e+01 -2.723008142e+01 -1.5330e+00 -1.4195e+00
19529 0 +1.776875828e-02 -2.723223124e+01 -2.723223124e+01 -1.5408e+00 -1.4373e+00
19805 0 +1.584670314e-02 -2.723415330e+01 -2.723415330e+01 -1.5481e+00 -1.4542e+00
20000 0 +1.455145020e-02 -2.723544855e+01 -2.723544855e+01 -1.5535e+00 -1.4659e+00
% f evaluations | g evaluations | best noise-free fitness - Fopt (-1.521800000000e+02) + sum g_i+ | measured fitness | best measured fitness or single-digit g-values | x1 | x2...
1 0 +1.071429813e+02 -4.503701873e+01 -4.503701873e+01 +0.0000e+00 +0.0000e+00
21 0 +9.883687675e+00 -1.422963123e+02 -1.422963123e+02 +1.3715e+00 -1.0395e+00
42 0 +6.669443243e+00 -1.455105568e+02 -1.455105568e+02 +9.3453e-02 -1.3336e+00
3621 0 +6.308368267e+00 -1.458716317e+02 -1.458716317e+02 -9.3262e-01 +9.3280e-01
4452 0 +5.622904677e+00 -1.465570953e+02 -1.465570953e+02 -7.9190e-01 +5.2824e-01
5160 0 +5.011535056e+00 -1.471684649e+02 -1.471684649e+02 -6.5901e-01 +1.8231e-01
5761 0 +4.465011312e+00 -1.477149887e+02 -1.477149887e+02 -5.3392e-01 -1.1280e-01
6272 0 +3.980842198e+00 -1.481991578e+02 -1.481991578e+02 -4.1471e-01 -3.6101e-01
6701 0 +3.544576465e+00 -1.486354235e+02 -1.486354235e+02 -3.0331e-01 -5.7208e-01
7057 0 +3.160226538e+00 -1.490197735e+02 -1.490197735e+02 -1.9777e-01 -7.4603e-01
7353 0 +2.816225151e+00 -1.493637748e+02 -1.493637748e+02 -9.8095e-02 -8.9065e-01
7593 0 +2.510920727e+00 -1.496690793e+02 -1.496690793e+02 -2.3295e-03 -1.0079e+00
7789 0 +2.235943938e+00 -1.499440561e+02 -1.499440561e+02 +8.7573e-02 -1.1037e+00
7952 0 +1.991726442e+00 -1.501882736e+02 -1.501882736e+02 +1.6770e-01 -1.1819e+00
8108 0 +1.778221973e+00 -1.504017780e+02 -1.504017780e+02 +2.4392e-01 -1.2444e+00
8264 0 +1.580765638e+00 -1.505992344e+02 -1.505992344e+02 +3.2015e-01 -1.2893e+00
8408 0 +1.408796138e+00 -1.507712039e+02 -1.507712039e+02 +3.9050e-01 -1.3206e+00
8544 0 +1.255406847e+00 -1.509245932e+02 -1.509245932e+02 +4.5695e-01 -1.3421e+00
8672 0 +1.119300904e+00 -1.510606991e+02 -1.510606991e+02 +5.1949e-01 -1.3519e+00
8792 0 +9.985866168e-01 -1.511814134e+02 -1.511814134e+02 +5.7813e-01 -1.3558e+00
8908 0 +8.885441722e-01 -1.512914558e+02 -1.512914558e+02 +6.3480e-01 -1.3538e+00
9016 0 +7.917990635e-01 -1.513882009e+02 -1.513882009e+02 +6.8757e-01 -1.3441e+00
9116 0 +7.073811495e-01 -1.514726189e+02 -1.514726189e+02 +7.3643e-01 -1.3323e+00
9212 0 +6.305952513e-01 -1.515494047e+02 -1.515494047e+02 +7.8334e-01 -1.3148e+00
9304 0 +5.614773266e-01 -1.516185227e+02 -1.516185227e+02 +8.2829e-01 -1.2952e+00
9392 0 +4.988971729e-01 -1.516811028e+02 -1.516811028e+02 +8.7128e-01 -1.2718e+00
9472 0 +4.449936855e-01 -1.517350063e+02 -1.517350063e+02 +9.1037e-01 -1.2463e+00
9548 0 +3.969984612e-01 -1.517830015e+02 -1.517830015e+02 +9.4751e-01 -1.2209e+00
9620 0 +3.538929715e-01 -1.518261070e+02 -1.518261070e+02 +9.8268e-01 -1.1936e+00
9688 0 +3.157171851e-01 -1.518642828e+02 -1.518642828e+02 +1.0159e+00 -1.1662e+00
9752 0 +2.812770146e-01 -1.518987230e+02 -1.518987230e+02 +1.0472e+00 -1.1369e+00
9814 0 +2.509135483e-01 -1.519290865e+02 -1.519290865e+02 +1.0765e+00 -1.1076e+00
9872 0 +2.233231064e-01 -1.519566769e+02 -1.519566769e+02 +1.1058e+00 -1.0802e+00
9930 0 +1.992282159e-01 -1.519807718e+02 -1.519807718e+02 +1.1312e+00 -1.0509e+00
9986 0 +1.777541080e-01 -1.520022459e+02 -1.520022459e+02 +1.1566e+00 -1.0235e+00
10046 0 +1.579757661e-01 -1.520220242e+02 -1.520220242e+02 +1.1801e+00 -9.9423e-01
10102 0 +1.412437771e-01 -1.520387562e+02 -1.520387562e+02 +1.2016e+00 -9.6687e-01
10158 0 +1.255463475e-01 -1.520544537e+02 -1.520544537e+02 +1.2231e+00 -9.3951e-01
10210 0 +1.120832944e-01 -1.520679167e+02 -1.520679167e+02 +1.2426e+00 -9.1410e-01
10262 0 +9.951759124e-02 -1.520804824e+02 -1.520804824e+02 +1.2622e+00 -8.8870e-01
10312 0 +8.905297414e-02 -1.520909470e+02 -1.520909470e+02 +1.2798e+00 -8.6524e-01
10366 0 +7.915605810e-02 -1.521008439e+02 -1.521008439e+02 +1.2964e+00 -8.4081e-01
10460 0 +7.068524143e-02 -1.521093148e+02 -1.521093148e+02 +1.3120e+00 -8.1834e-01
10550 0 +6.294386997e-02 -1.521170561e+02 -1.521170561e+02 +1.3267e+00 -7.9586e-01
10638 0 +5.619836589e-02 -1.521238016e+02 -1.521238016e+02 +1.3403e+00 -7.7436e-01
10722 0 +4.993267082e-02 -1.521300673e+02 -1.521300673e+02 +1.3540e+00 -7.5384e-01
10802 0 +4.447128068e-02 -1.521355287e+02 -1.521355287e+02 +1.3667e+00 -7.3430e-01
10878 0 +3.968385306e-02 -1.521403161e+02 -1.521403161e+02 +1.3784e+00 -7.1573e-01
10998 0 +3.547752459e-02 -1.521445225e+02 -1.521445225e+02 +1.3892e+00 -6.9814e-01
11142 0 +3.154380040e-02 -1.521484562e+02 -1.521484562e+02 +1.3999e+00 -6.8055e-01
11274 0 +2.817840875e-02 -1.521518216e+02 -1.521518216e+02 +1.4097e+00 -6.6443e-01
11406 0 +2.509373854e-02 -1.521549063e+02 -1.521549063e+02 +1.4190e+00 -6.4831e-01
11530 0 +2.229367325e-02 -1.521577063e+02 -1.521577063e+02 +1.4283e+00 -6.3316e-01
11648 0 +1.989099632e-02 -1.521601090e+02 -1.521601090e+02 +1.4366e+00 -6.1899e-01
11758 0 +1.772421689e-02 -1.521622758e+02 -1.521622758e+02 +1.4444e+00 -6.0531e-01
11864 0 +1.583613787e-02 -1.521641639e+02 -1.521641639e+02 +1.4517e+00 -5.9261e-01
11966 0 +1.411844243e-02 -1.521658816e+02 -1.521658816e+02 +1.4586e+00 -5.7990e-01
12146 0 +1.257545007e-02 -1.521674245e+02 -1.521674245e+02 +1.4654e+00 -5.6842e-01
12330 0 +1.121510434e-02 -1.521687849e+02 -1.521687849e+02 +1.4715e+00 -5.5718e-01
12506 0 +9.973866134e-03 -1.521700261e+02 -1.521700261e+02 +1.4776e+00 -5.4643e-01
12670 0 +8.911736898e-03 -1.521710883e+02 -1.521710883e+02 +1.4830e+00 -5.3642e-01
12826 0 +7.938367330e-03 -1.521720616e+02 -1.521720616e+02 +1.4884e+00 -5.2689e-01
12978 0 +7.077973832e-03 -1.521729220e+02 -1.521729220e+02 +1.4933e+00 -5.1761e-01
13120 0 +6.299570137e-03 -1.521737004e+02 -1.521737004e+02 +1.4982e+00 -5.0906e-01
13254 0 +5.608683010e-03 -1.521743913e+02 -1.521743913e+02 +1.5026e+00 -5.0075e-01
13382 0 +4.999625901e-03 -1.521750004e+02 -1.521750004e+02 +1.5067e+00 -4.9293e-01
13502 0 +4.461110196e-03 -1.521755389e+02 -1.521755389e+02 +1.5106e+00 -4.8560e-01
13618 0 +3.963580549e-03 -1.521760364e+02 -1.521760364e+02 +1.5145e+00 -4.7852e-01
13778 0 +3.542141052e-03 -1.521764579e+02 -1.521764579e+02 +1.5179e+00 -4.7204e-01
13982 0 +3.160071013e-03 -1.521768399e+02 -1.521768399e+02 +1.5212e+00 -4.6581e-01
14178 0 +2.814490870e-03 -1.521771855e+02 -1.521771855e+02 +1.5244e+00 -4.5983e-01
14362 0 +2.509638169e-03 -1.521774904e+02 -1.521774904e+02 +1.5273e+00 -4.5421e-01
14538 0 +2.235145415e-03 -1.521777649e+02 -1.521777649e+02 +1.5302e+00 -4.4884e-01
14704 0 +1.994324525e-03 -1.521780057e+02 -1.521780057e+02 +1.5328e+00 -4.4383e-01
14858 0 +1.777950497e-03 -1.521782220e+02 -1.521782220e+02 +1.5353e+00 -4.3906e-01
15010 0 +1.583313711e-03 -1.521784167e+02 -1.521784167e+02 +1.5376e+00 -4.3442e-01
15152 0 +1.408439047e-03 -1.521785916e+02 -1.521785916e+02 +1.5399e+00 -4.3015e-01
15284 0 +1.255987118e-03 -1.521787440e+02 -1.521787440e+02 +1.5420e+00 -4.2612e-01
15414 0 +1.121027089e-03 -1.521788790e+02 -1.521788790e+02 +1.5440e+00 -4.2233e-01
15654 0 +9.992072410e-04 -1.521790008e+02 -1.521790008e+02 +1.5458e+00 -4.1866e-01
15878 0 +8.905393492e-04 -1.521791095e+02 -1.521791095e+02 +1.5476e+00 -4.1524e-01
16092 0 +7.932170436e-04 -1.521792068e+02 -1.521792068e+02 +1.5493e+00 -4.1201e-01
16290 0 +7.078754478e-04 -1.521792921e+02 -1.521792921e+02 +1.5508e+00 -4.0895e-01
16482 0 +6.297344835e-04 -1.521793703e+02 -1.521793703e+02 +1.5523e+00 -4.0602e-01
16662 0 +5.611173005e-04 -1.521794389e+02 -1.521794389e+02 +1.5537e+00 -4.0327e-01
16832 0 +5.009082134e-04 -1.521794991e+02 -1.521794991e+02 +1.5551e+00 -4.0071e-01
16992 0 +4.464353250e-04 -1.521795536e+02 -1.521795536e+02 +1.5563e+00 -3.9827e-01
17142 0 +3.980041048e-04 -1.521796020e+02 -1.521796020e+02 +1.5575e+00 -3.9594e-01
17288 0 +3.546052480e-04 -1.521796454e+02 -1.521796454e+02 +1.5586e+00 -3.9375e-01
17424 0 +3.157826668e-04 -1.521796842e+02 -1.521796842e+02 +1.5597e+00 -3.9167e-01
17646 0 +2.815017128e-04 -1.521797185e+02 -1.521797185e+02 +1.5606e+00 -3.8972e-01
17888 0 +2.511487912e-04 -1.521797489e+02 -1.521797489e+02 +1.5616e+00 -3.8788e-01
18118 0 +2.234646849e-04 -1.521797765e+02 -1.521797765e+02 +1.5625e+00 -3.8611e-01
18334 0 +1.992457371e-04 -1.521798008e+02 -1.521798008e+02 +1.5633e+00 -3.8446e-01
18538 0 +1.775603460e-04 -1.521798224e+02 -1.521798224e+02 +1.5641e+00 -3.8291e-01
18730 0 +1.584122340e-04 -1.521798416e+02 -1.521798416e+02 +1.5648e+00 -3.8144e-01
18914 0 +1.411411444e-04 -1.521798589e+02 -1.521798589e+02 +1.5655e+00 -3.8003e-01
19086 0 +1.257079836e-04 -1.521798743e+02 -1.521798743e+02 +1.5662e+00 -3.7872e-01
19250 0 +1.118821476e-04 -1.521798881e+02 -1.521798881e+02 +1.5668e+00 -3.7747e-01
19402 0 +9.985402295e-05 -1.521799001e+02 -1.521799001e+02 +1.5674e+00 -3.7631e-01
19546 0 +8.910956549e-05 -1.521799109e+02 -1.521799109e+02 +1.5680e+00 -3.7521e-01
19688 0 +7.919058905e-05 -1.521799208e+02 -1.521799208e+02 +1.5685e+00 -3.7414e-01
19910 0 +7.067272279e-05 -1.521799293e+02 -1.521799293e+02 +1.5690e+00 -3.7316e-01
20000 0 +6.785906925e-05 -1.521799321e+02 -1.521799321e+02 +1.5692e+00 -3.7283e-01
% f evaluations | g evaluations | best noise-free fitness - Fopt (5.821500000000e+02) + sum g_i+ | measured fitness | best measured fitness or single-digit g-values | x1 | x2...
1 0 +3.184382097e+02 +9.005882097e+02 +9.005882097e+02 +0.0000e+00 +0.0000e+00
4 0 +2.644323681e+02 +8.465823681e+02 +8.465823681e+02 -4.4863e+00 -1.0395e+00
12 0 +5.315827056e+01 +6.353082706e+02 +6.353082706e+02 -3.4703e+00 -1.9939e+00
57 0 +1.923933891e+01 +6.013893389e+02 +6.013893389e+02 -1.5922e-02 +2.1205e+00
138 0 +5.345447993e+00 +5.874954480e+02 +5.874954480e+02 -5.3227e-01 -6.8563e-01
146 0 +8.199418923e-01 +5.829699419e+02 +5.829699419e+02 -5.3530e-01 -5.1449e-01
250 0 +6.345616092e-01 +5.827845616e+02 +5.827845616e+02 -9.3934e-01 -1.8750e+00
365 0 +4.280420324e-01 +5.825780420e+02 +5.825780420e+02 -7.3316e-01 -1.1825e+00
777 0 +3.980425785e-01 +5.825480426e+02 +5.825480426e+02 -7.4879e-01 -1.2216e+00
1709 0 +3.547866966e-01 +5.825047867e+02 +5.825047867e+02 -7.8397e-01 -1.3354e+00
2573 0 +3.161652194e-01 +5.824661652e+02 +5.824661652e+02 -8.1720e-01 -1.4410e+00
3369 0 +2.817515394e-01 +5.824317515e+02 +5.824317515e+02 -8.4896e-01 -1.5382e+00
4109 0 +2.510010612e-01 +5.824010011e+02 +5.824010011e+02 -8.7876e-01 -1.6286e+00
4789 0 +2.238017957e-01 +5.823738018e+02 +5.823738018e+02 -9.0661e-01 -1.7116e+00
5421 0 +1.994941042e-01 +5.823494941e+02 +5.823494941e+02 -9.3299e-01 -1.7888e+00
6009 0 +1.777745693e-01 +5.823277746e+02 +5.823277746e+02 -9.5791e-01 -1.8607e+00
6557 0 +1.584402848e-01 +5.823084403e+02 +5.823084403e+02 -9.8137e-01 -1.9276e+00
7061 0 +1.411593714e-01 +5.822911594e+02 +5.822911594e+02 -1.0038e+00 -1.9892e+00
7529 0 +1.258650420e-01 +5.822758650e+02 +5.822758650e+02 -1.0249e+00 -2.0463e+00
7969 0 +1.120939208e-01 +5.822620939e+02 +5.822620939e+02 -1.0449e+00 -2.1001e+00
8373 0 +9.998051435e-02 +5.822499805e+02 +5.822499805e+02 -1.0634e+00 -2.1494e+00
8753 0 +8.908573693e-02 +5.822390857e+02 +5.822390857e+02 -1.0810e+00 -2.1958e+00
9105 0 +7.942853621e-02 +5.822294285e+02 +5.822294285e+02 -1.0977e+00 -2.2388e+00
9439 0 +7.070070823e-02 +5.822207007e+02 +5.822207007e+02 -1.1138e+00 -2.2794e+00
9741 0 +6.307559158e-02 +5.822130756e+02 +5.822130756e+02 -1.1284e+00 -2.3165e+00
10029 0 +5.617836553e-02 +5.822061784e+02 +5.822061784e+02 -1.1426e+00 -2.3517e+00
10297 0 +5.005527913e-02 +5.822000553e+02 +5.822000553e+02 -1.1558e+00 -2.3844e+00
10549 0 +4.455936451e-02 +5.821945594e+02 +5.821945594e+02 -1.1685e+00 -2.4152e+00
10781 0 +3.973743777e-02 +5.821897374e+02 +5.821897374e+02 -1.1802e+00 -2.4436e+00
11021 0 +3.545826963e-02 +5.821854583e+02 +5.821854583e+02 -1.1912e+00 -2.4699e+00
11429 0 +3.160652719e-02 +5.821816065e+02 +5.821816065e+02 -1.2017e+00 -2.4949e+00
11813 0 +2.815244272e-02 +5.821781524e+02 +5.821781524e+02 -1.2117e+00 -2.5183e+00
12169 0 +2.510851263e-02 +5.821751085e+02 +5.821751085e+02 -1.2210e+00 -2.5401e+00
12505 0 +2.238265092e-02 +5.821723827e+02 +5.821723827e+02 -1.2298e+00 -2.5606e+00
12821 0 +1.992192179e-02 +5.821699219e+02 +5.821699219e+02 -1.2384e+00 -2.5799e+00
13113 0 +1.777209415e-02 +5.821677721e+02 +5.821677721e+02 -1.2462e+00 -2.5977e+00
13391 0 +1.584352650e-02 +5.821658435e+02 +5.821658435e+02 -1.2538e+00 -2.6146e+00
13649 0 +1.411906817e-02 +5.821641191e+02 +5.821641191e+02 -1.2606e+00 -2.6305e+00
13895 0 +1.257003414e-02 +5.821625700e+02 +5.821625700e+02 -1.2674e+00 -2.6454e+00
14121 0 +1.120927323e-02 +5.821612093e+02 +5.821612093e+02 -1.2735e+00 -2.6593e+00
14337 0 +9.998146602e-03 +5.821599981e+02 +5.821599981e+02 -1.2794e+00 -2.6725e+00
14537 0 +8.906284635e-03 +5.821589063e+02 +5.821589063e+02 -1.2850e+00 -2.6847e+00
14725 0 +7.930544142e-03 +5.821579305e+02 +5.821579305e+02 -1.2904e+00 -2.6962e+00
14901 0 +7.078070261e-03 +5.821570781e+02 +5.821570781e+02 -1.2953e+00 -2.7069e+00
15071 0 +6.301261819e-03 +5.821563013e+02 +5.821563013e+02 -1.3002e+00 -2.7172e+00
15301 0 +5.620577994e-03 +5.821556206e+02 +5.821556206e+02 -1.3045e+00 -2.7267e+00
15597 0 +5.004620847e-03 +5.821550046e+02 +5.821550046e+02 -1.3087e+00 -2.7357e+00
15873 0 +4.463328379e-03 +5.821544633e+02 +5.821544633e+02 -1.3126e+00 -2.7442e+00
16135 0 +3.979596261e-03 +5.821539796e+02 +5.821539796e+02 -1.3164e+00 -2.7521e+00
16381 0 +3.547430273e-03 +5.821535474e+02 +5.821535474e+02 -1.3198e+00 -2.7597e+00
16611 0 +3.162019717e-03 +5.821531620e+02 +5.821531620e+02 -1.3233e+00 -2.7666e+00
16829 0 +2.818156324e-03 +5.821528182e+02 +5.821528182e+02 -1.3263e+00 -2.7734e+00
17033 0 +2.508823579e-03 +5.821525088e+02 +5.821525088e+02 -1.3294e+00 -2.7796e+00
17227 0 +2.237075883e-03 +5.821522371e+02 +5.821522371e+02 -1.3322e+00 -2.7855e+00
17409 0 +1.994171913e-03 +5.821519942e+02 +5.821519942e+02 -1.3347e+00 -2.7911e+00
17579 0 +1.777336438e-03 +5.821517773e+02 +5.821517773e+02 -1.3373e+00 -2.7962e+00
17741 0 +1.582032601e-03 +5.821515820e+02 +5.821515820e+02 -1.3396e+00 -2.8012e+00
17893 0 +1.411607200e-03 +5.821514116e+02 +5.821514116e+02 -1.3418e+00 -2.8059e+00
18121 0 +1.257618491e-03 +5.821512576e+02 +5.821512576e+02 -1.3440e+00 -2.8101e+00
18389 0 +1.121770967e-03 +5.821511218e+02 +5.821511218e+02 -1.3459e+00 -2.8142e+00
18645 0 +9.986022037e-04 +5.821509986e+02 +5.821509986e+02 -1.3478e+00 -2.8181e+00
18881 0 +8.910015083e-04 +5.821508910e+02 +5.821508910e+02 -1.3496e+00 -2.8217e+00
19109 0 +7.936274150e-04 +5.821507936e+02 +5.821507936e+02 -1.3512e+00 -2.8252e+00
19321 0 +7.070586915e-04 +5.821507071e+02 +5.821507071e+02 -1.3528e+00 -2.8285e+00
19521 0 +6.307404116e-04 +5.821506307e+02 +5.821506307e+02 -1.3543e+00 -2.8315e+00
19709 0 +5.622233150e-04 +5.821505622e+02 +5.821505622e+02 -1.3557e+00 -2.8344e+00
19889 0 +5.003278879e-04 +5.821505003e+02 +5.821505003e+02 -1.3570e+00 -2.8371e+00
20000 0 +4.646671694e-04 +5.821504647e+02 +5.821504647e+02 -1.3579e+00 -2.8388e+00
% f evaluations | g evaluations | best noise-free fitness - Fopt (1.752000000000e+01) + sum g_i+ | measured fitness | best measured fitness or single-digit g-values | x1 | x2...
1 0 +3.584558809e+02 +3.759758809e+02 +3.759758809e+02 +0.0000e+00 +0.0000e+00
3 0 +3.119874914e+02 +3.295074914e+02 +3.295074914e+02 -1.9001e+00 +1.2895e+00
8 0 +1.796482175e+02 +1.971682175e+02 +1.971682175e+02 -2.8355e+00 +1.5954e+00
13 0 +6.076401077e+00 +2.359640108e+01 +2.359640108e+01 -2.0121e+00 -1.1589e-01
80 0 +3.904696177e+00 +2.142469618e+01 +2.142469618e+01 +4.1343e-01 -1.4454e+00
174 0 +3.367301823e+00 +2.088730182e+01 +2.088730182e+01 -1.2493e-02 -2.0852e+00
241 0 +5.946092656e-01 +1.811460927e+01 +1.811460927e+01 +1.1977e+00 +9.1455e-01
248 0 +4.881981749e-01 +1.800819817e+01 +1.800819817e+01 +9.4924e-01 +5.0475e-02
365 0 +1.449387809e-01 +1.766493878e+01 +1.766493878e+01 +8.0583e-01 -3.2269e-01
465 0 +1.411026870e-01 +1.766110269e+01 +1.766110269e+01 +8.0192e-01 -3.2855e-01
935 0 +1.258333500e-01 +1.764583335e+01 +1.764583335e+01 +7.8091e-01 -3.8572e-01
1369 0 +1.121724825e-01 +1.763217248e+01 +1.763217248e+01 +7.6136e-01 -4.3898e-01
1777 0 +9.999742875e-02 +1.761999743e+01 +1.761999743e+01 +7.4280e-01 -4.8881e-01
2157 0 +8.903261439e-02 +1.760903261e+01 +1.760903261e+01 +7.2472e-01 -5.3523e-01
2509 0 +7.936979737e-02 +1.759936980e+01 +1.759936980e+01 +7.0811e-01 -5.7823e-01
2837 0 +7.076442681e-02 +1.759076443e+01 +1.759076443e+01 +6.9247e-01 -6.1829e-01
3147 0 +6.305124265e-02 +1.758305124e+01 +1.758305124e+01 +6.7732e-01 -6.5592e-01
3433 0 +5.619508780e-02 +1.757619509e+01 +1.757619509e+01 +6.6364e-01 -6.9109e-01
3701 0 +5.010988641e-02 +1.757010989e+01 +1.757010989e+01 +6.5045e-01 -7.2383e-01
3949 0 +4.461918634e-02 +1.756461919e+01 +1.756461919e+01 +6.3775e-01 -7.5412e-01
4181 0 +3.979667824e-02 +1.755979668e+01 +1.755979668e+01 +6.2602e-01 -7.8246e-01
4437 0 +3.546623769e-02 +1.755546624e+01 +1.755546624e+01 +6.1478e-01 -8.0909e-01
4845 0 +3.161379814e-02 +1.755161380e+01 +1.755161380e+01 +6.0428e-01 -8.3401e-01
5229 0 +2.816005134e-02 +1.754816005e+01 +1.754816005e+01 +5.9426e-01 -8.5746e-01
5585 0 +2.511459787e-02 +1.754511460e+01 +1.754511460e+01 +5.8498e-01 -8.7920e-01
5921 0 +2.238647721e-02 +1.754238648e+01 +1.754238648e+01 +5.7619e-01 -8.9973e-01
6237 0 +1.992855034e-02 +1.753992855e+01 +1.753992855e+01 +5.6763e-01 -9.1903e-01
6529 0 +1.777814079e-02 +1.753777814e+01 +1.753777814e+01 +5.5982e-01 -9.3686e-01
6809 0 +1.581839750e-02 +1.753581840e+01 +1.753581840e+01 +5.5224e-01 -9.5396e-01
7065 0 +1.412229159e-02 +1.753412229e+01 +1.753412229e+01 +5.4540e-01 -9.6960e-01
7311 0 +1.257678328e-02 +1.753257678e+01 +1.753257678e+01 +5.3856e-01 -9.8450e-01
7537 0 +1.121220298e-02 +1.753121220e+01 +1.753121220e+01 +5.3246e-01 -9.9842e-01
7753 0 +9.998460710e-03 +1.752999846e+01 +1.752999846e+01 +5.2659e-01 -1.0116e+00
7953 0 +8.907716458e-03 +1.752890772e+01 +1.752890772e+01 +5.2097e-01 -1.0238e+00
8141 0 +7.934473459e-03 +1.752793447e+01 +1.752793447e+01 +5.1560e-01 -1.0353e+00
8321 0 +7.074976413e-03 +1.752707498e+01 +1.752707498e+01 +5.1071e-01 -1.0463e+00
8577 0 +6.304350276e-03 +1.752630435e+01 +1.752630435e+01 +5.0595e-01 -1.0563e+00
8889 0 +5.623034836e-03 +1.752562303e+01 +1.752562303e+01 +5.0155e-01 -1.0658e+00
9187 0 +5.008397831e-03 +1.752500840e+01 +1.752500840e+01 +4.9728e-01 -1.0749e+00
9461 0 +4.466348808e-03 +1.752446635e+01 +1.752446635e+01 +4.9337e-01 -1.0833e+00
9725 0 +3.975196324e-03 +1.752397520e+01 +1.752397520e+01 +4.8958e-01 -1.0914e+00
9971 0 +3.545935987e-03 +1.752354594e+01 +1.752354594e+01 +4.8604e-01 -1.0988e+00
10201 0 +3.158164361e-03 +1.752315816e+01 +1.752315816e+01 +4.8274e-01 -1.1059e+00
10419 0 +2.817872378e-03 +1.752281787e+01 +1.752281787e+01 +4.7956e-01 -1.1125e+00
10623 0 +2.511759972e-03 +1.752251176e+01 +1.752251176e+01 +4.7663e-01 -1.1187e+00
10817 0 +2.233973961e-03 +1.752223397e+01 +1.752223397e+01 +4.7382e-01 -1.1247e+00
10997 0 +1.994830532e-03 +1.752199483e+01 +1.752199483e+01 +4.7126e-01 -1.1302e+00
11169 0 +1.774645104e-03 +1.752177465e+01 +1.752177465e+01 +4.6869e-01 -1.1355e+00
11329 0 +1.583128082e-03 +1.752158313e+01 +1.752158313e+01 +4.6637e-01 -1.1404e+00
11481 0 +1.411944538e-03 +1.752141194e+01 +1.752141194e+01 +4.6417e-01 -1.1450e+00
11753 0 +1.257510314e-03 +1.752125751e+01 +1.752125751e+01 +4.6204e-01 -1.1493e+00
12021 0 +1.121757178e-03 +1.752112176e+01 +1.752112176e+01 +4.6008e-01 -1.1534e+00
12273 0 +9.999995543e-04 +1.752100000e+01 +1.752100000e+01 +4.5819e-01 -1.1573e+00
12513 0 +8.908633915e-04 +1.752089086e+01 +1.752089086e+01 +4.5642e-01 -1.1609e+00
12741 0 +7.936690424e-04 +1.752079367e+01 +1.752079367e+01 +4.5477e-01 -1.1644e+00
12953 0 +7.070362548e-04 +1.752070704e+01 +1.752070704e+01 +4.5318e-01 -1.1677e+00
13153 0 +6.308097622e-04 +1.752063081e+01 +1.752063081e+01 +4.5171e-01 -1.1707e+00
13341 0 +5.622690117e-04 +1.752056227e+01 +1.752056227e+01 +4.5031e-01 -1.1736e+00
13517 0 +5.011518051e-04 +1.752050115e+01 +1.752050115e+01 +4.4897e-01 -1.1763e+00
13689 0 +4.453254693e-04 +1.752044533e+01 +1.752044533e+01 +4.4768e-01 -1.1789e+00
13845 0 +3.975165090e-04 +1.752039752e+01 +1.752039752e+01 +4.4652e-01 -1.1813e+00
13993 0 +3.546726698e-04 +1.752035467e+01 +1.752035467e+01 +4.4542e-01 -1.1835e+00
14163 0 +3.161804559e-04 +1.752031618e+01 +1.752031618e+01 +4.4436e-01 -1.1857e+00
14429 0 +2.816498598e-04 +1.752028165e+01 +1.752028165e+01 +4.4338e-01 -1.1877e+00
14677 0 +2.511155392e-04 +1.752025112e+01 +1.752025112e+01 +4.4243e-01 -1.1896e+00
14913 0 +2.238152541e-04 +1.752022382e+01 +1.752022382e+01 +4.4155e-01 -1.1914e+00
15137 0 +1.994936273e-04 +1.752019949e+01 +1.752019949e+01 +4.4072e-01 -1.1931e+00
15349 0 +1.776566657e-04 +1.752017766e+01 +1.752017766e+01 +4.3993e-01 -1.1947e+00
15547 0 +1.583512442e-04 +1.752015835e+01 +1.752015835e+01 +4.3916e-01 -1.1962e+00
15733 0 +1.410240428e-04 +1.752014102e+01 +1.752014102e+01 +4.3846e-01 -1.1977e+00
15911 0 +1.257401206e-04 +1.752012574e+01 +1.752012574e+01 +4.3779e-01 -1.1990e+00
16077 0 +1.119754309e-04 +1.752011198e+01 +1.752011198e+01 +4.3718e-01 -1.2003e+00
16233 0 +9.997680967e-05 +1.752009998e+01 +1.752009998e+01 +4.3660e-01 -1.2015e+00
16383 0 +8.894130868e-05 +1.752008894e+01 +1.752008894e+01 +4.3602e-01 -1.2026e+00
16521 0 +7.927233618e-05 +1.752007927e+01 +1.752007927e+01 +4.3550e-01 -1.2037e+00
16653 0 +7.074231253e-05 +1.752007074e+01 +1.752007074e+01 +4.3501e-01 -1.2047e+00
16829 0 +6.308189993e-05 +1.752006308e+01 +1.752006308e+01 +4.3454e-01 -1.2056e+00
17065 0 +5.620803782e-05 +1.752005621e+01 +1.752005621e+01 +4.3409e-01 -1.2065e+00
17287 0 +5.011449418e-05 +1.752005011e+01 +1.752005011e+01 +4.3367e-01 -1.2074e+00
17497 0 +4.458938507e-05 +1.752004459e+01 +1.752004459e+01 +4.3327e-01 -1.2082e+00
17693 0 +3.977979887e-05 +1.752003978e+01 +1.752003978e+01 +4.3290e-01 -1.2089e+00
17881 0 +3.544149888e-05 +1.752003544e+01 +1.752003544e+01 +4.3255e-01 -1.2096e+00
18057 0 +3.156475205e-05 +1.752003156e+01 +1.752003156e+01 +4.3222e-01 -1.2103e+00
18223 0 +2.815361370e-05 +1.752002815e+01 +1.752002815e+01 +4.3190e-01 -1.2109e+00
18377 0 +2.509962529e-05 +1.752002510e+01 +1.752002510e+01 +4.3161e-01 -1.2115e+00
18527 0 +2.238629144e-05 +1.752002239e+01 +1.752002239e+01 +4.3132e-01 -1.2121e+00
18667 0 +1.992274042e-05 +1.752001992e+01 +1.752001992e+01 +4.3106e-01 -1.2126e+00
18797 0 +1.775487662e-05 +1.752001775e+01 +1.752001775e+01 +4.3081e-01 -1.2131e+00
18923 0 +1.582985285e-05 +1.752001583e+01 +1.752001583e+01 +4.3057e-01 -1.2136e+00
19037 0 +1.411668195e-05 +1.752001412e+01 +1.752001412e+01 +4.3035e-01 -1.2141e+00
19157 0 +1.258602605e-05 +1.752001259e+01 +1.752001259e+01 +4.3015e-01 -1.2145e+00
19365 0 +1.121793458e-05 +1.752001122e+01 +1.752001122e+01 +4.2995e-01 -1.2149e+00
19561 0 +9.990588072e-06 +1.752000999e+01 +1.752000999e+01 +4.2976e-01 -1.2153e+00
19749 0 +8.899976095e-06 +1.752000890e+01 +1.752000890e+01 +4.2958e-01 -1.2156e+00
19925 0 +7.927566237e-06 +1.752000793e+01 +1.752000793e+01 +4.2941e-01 -1.2160e+00
20000 0 +7.546053521e-06 +1.752000755e+01 +1.752000755e+01 +4.2935e-01 -1.2161e+00
% f evaluations | g evaluations | best noise-free fitness - Fopt (4.041000000000e+01) + sum g_i+ | measured fitness | best measured fitness or single-digit g-values | x1 | x2...
1 0 +6.997427611e+02 +7.401527611e+02 +7.401527611e+02 +0.0000e+00 +0.0000e+00
20 0 +6.739666017e+02 +7.143766017e+02 +7.143766017e+02 +3.9578e+00 +1.2895e+00
21 0 +3.309185876e+01 +7.350185876e+01 +7.350185876e+01 +1.3715e+00 -1.0395e+00
31 0 +4.692260147e+00 +4.510226015e+01 +4.510226015e+01 +2.6291e+00 -2.4650e-01
223 0 +3.154495231e+00 +4.356449523e+01 +4.356449523e+01 +1.9943e+00 -4.9699e-01
225 0 +2.544177416e+00 +4.295417742e+01 +4.295417742e+01 +1.2555e+00 -3.9590e-01
303 0 +2.893876288e-01 +4.069938763e+01 +4.069938763e+01 +2.5746e+00 -6.8055e-02
307 0 +5.157316356e-02 +4.046157316e+01 +4.046157316e+01 +2.6574e+00 +0.0000e+00
1356 0 +5.007410046e-02 +4.046007410e+01 +4.046007410e+01 +2.5973e+00 -8.2590e-02
1438 0 +4.442616969e-02 +4.045442617e+01 +4.045442617e+01 +2.6100e+00 -6.2069e-02
1514 0 +3.963707040e-02 +4.044963707e+01 +4.044963707e+01 +2.6217e+00 -4.3502e-02
1654 0 +3.544011965e-02 +4.044544012e+01 +4.044544012e+01 +2.6324e+00 -2.5912e-02
1796 0 +3.158788360e-02 +4.044158788e+01 +4.044158788e+01 +2.6432e+00 -8.8113e-03
1930 0 +2.814198547e-02 +4.043814199e+01 +4.043814199e+01 +2.6530e+00 +7.8010e-03
2058 0 +2.510475530e-02 +4.043510476e+01 +4.043510476e+01 +2.6622e+00 +2.3436e-02
2182 0 +2.237580685e-02 +4.043237581e+01 +4.043237581e+01 +2.6710e+00 +3.8583e-02
2300 0 +1.994278661e-02 +4.042994279e+01 +4.042994279e+01 +2.6798e+00 +5.2752e-02
2412 0 +1.776459172e-02 +4.042776459e+01 +4.042776459e+01 +2.6876e+00 +6.6433e-02
2518 0 +1.580705199e-02 +4.042580705e+01 +4.042580705e+01 +2.6950e+00 +7.9625e-02
2618 0 +1.411835361e-02 +4.042411835e+01 +4.042411835e+01 +2.7018e+00 +9.1840e-02
2716 0 +1.257738126e-02 +4.042257738e+01 +4.042257738e+01 +2.7087e+00 +1.0357e-01
2834 0 +1.121156900e-02 +4.042121157e+01 +4.042121157e+01 +2.7148e+00 +1.1480e-01
3010 0 +9.995013000e-03 +4.041999501e+01 +4.041999501e+01 +2.7206e+00 +1.2555e-01
3174 0 +8.907442452e-03 +4.041890744e+01 +4.041890744e+01 +2.7262e+00 +1.3557e-01
3330 0 +7.938601122e-03 +4.041793860e+01 +4.041793860e+01 +2.7316e+00 +1.4510e-01
3482 0 +7.072420576e-03 +4.041707242e+01 +4.041707242e+01 +2.7365e+00 +1.5438e-01
3624 0 +6.301805622e-03 +4.041630181e+01 +4.041630181e+01 +2.7414e+00 +1.6293e-01
3758 0 +5.607992885e-03 +4.041560799e+01 +4.041560799e+01 +2.7458e+00 +1.7124e-01
3886 0 +4.997251003e-03 +4.041499725e+01 +4.041499725e+01 +2.7499e+00 +1.7905e-01
4006 0 +4.458199734e-03 +4.041445820e+01 +4.041445820e+01 +2.7539e+00 +1.8638e-01
4122 0 +3.979445546e-03 +4.041397945e+01 +4.041397945e+01 +2.7575e+00 +1.9347e-01
4258 0 +3.546408175e-03 +4.041354641e+01 +4.041354641e+01 +2.7611e+00 +1.9994e-01
4464 0 +3.160878218e-03 +4.041316088e+01 +4.041316088e+01 +2.7645e+00 +2.0617e-01
4658 0 +2.817524464e-03 +4.041281752e+01 +4.041281752e+01 +2.7675e+00 +2.1216e-01
4844 0 +2.510285636e-03 +4.041251029e+01 +4.041251029e+01 +2.7706e+00 +2.1778e-01
5020 0 +2.235508583e-03 +4.041223551e+01 +4.041223551e+01 +2.7734e+00 +2.2315e-01
5182 0 +1.994989733e-03 +4.041199499e+01 +4.041199499e+01 +2.7760e+00 +2.2816e-01
5342 0 +1.773326505e-03 +4.041177333e+01 +4.041177333e+01 +2.7785e+00 +2.3304e-01
5490 0 +1.581411084e-03 +4.041158141e+01 +4.041158141e+01 +2.7808e+00 +2.3756e-01
5630 0 +1.410574319e-03 +4.041141057e+01 +4.041141057e+01 +2.7830e+00 +2.4184e-01
5762 0 +1.258620497e-03 +4.041125862e+01 +4.041125862e+01 +2.7851e+00 +2.4587e-01
5922 0 +1.121595876e-03 +4.041112160e+01 +4.041112160e+01 +2.7871e+00 +2.4966e-01
6162 0 +9.984538558e-04 +4.041099845e+01 +4.041099845e+01 +2.7890e+00 +2.5332e-01
6388 0 +8.901743899e-04 +4.041089017e+01 +4.041089017e+01 +2.7908e+00 +2.5674e-01
6598 0 +7.936727408e-04 +4.041079367e+01 +4.041079367e+01 +2.7925e+00 +2.5998e-01
6800 0 +7.077866964e-04 +4.041070779e+01 +4.041070779e+01 +2.7940e+00 +2.6303e-01
6990 0 +6.302787675e-04 +4.041063028e+01 +4.041063028e+01 +2.7955e+00 +2.6596e-01
7170 0 +5.616416727e-04 +4.041056164e+01 +4.041056164e+01 +2.7969e+00 +2.6871e-01
7340 0 +5.010418339e-04 +4.041050104e+01 +4.041050104e+01 +2.7983e+00 +2.7128e-01
7502 0 +4.461958621e-04 +4.041044620e+01 +4.041044620e+01 +2.7995e+00 +2.7378e-01
7654 0 +3.968879969e-04 +4.041039689e+01 +4.041039689e+01 +2.8007e+00 +2.7610e-01
7796 0 +3.547145798e-04 +4.041035471e+01 +4.041035471e+01 +2.8018e+00 +2.7824e-01
7930 0 +3.160575914e-04 +4.041031606e+01 +4.041031606e+01 +2.8028e+00 +2.8032e-01
8062 0 +2.818250617e-04 +4.041028183e+01 +4.041028183e+01 +2.8038e+00 +2.8233e-01
8274 0 +2.510341663e-04 +4.041025103e+01 +4.041025103e+01 +2.8048e+00 +2.8413e-01
8502 0 +2.237900490e-04 +4.041022379e+01 +4.041022379e+01 +2.8056e+00 +2.8587e-01
8720 0 +1.993799438e-04 +4.041019938e+01 +4.041019938e+01 +2.8065e+00 +2.8752e-01
8924 0 +1.777662054e-04 +4.041017777e+01 +4.041017777e+01 +2.8073e+00 +2.8908e-01
9118 0 +1.581906187e-04 +4.041015819e+01 +4.041015819e+01 +2.8080e+00 +2.9058e-01
9298 0 +1.411404299e-04 +4.041014114e+01 +4.041014114e+01 +2.8087e+00 +2.9195e-01
9472 0 +1.258171191e-04 +4.041012582e+01 +4.041012582e+01 +2.8094e+00 +2.9326e-01
9634 0 +1.121314951e-04 +4.041011213e+01 +4.041011213e+01 +2.8100e+00 +2.9452e-01
9790 0 +9.968206032e-05 +4.041009968e+01 +4.041009968e+01 +2.8106e+00 +2.9571e-01
9934 0 +8.894400853e-05 +4.041008894e+01 +4.041008894e+01 +2.8112e+00 +2.9681e-01
10070 0 +7.938036919e-05 +4.041007938e+01 +4.041007938e+01 +2.8117e+00 +2.9785e-01
10266 0 +7.078958406e-05 +4.041007079e+01 +4.041007079e+01 +2.8122e+00 +2.9882e-01
10514 0 +6.300070431e-05 +4.041006300e+01 +4.041006300e+01 +2.8127e+00 +2.9977e-01
10746 0 +5.613294336e-05 +4.041005613e+01 +4.041005613e+01 +2.8131e+00 +3.0065e-01
10962 0 +5.010113242e-05 +4.041005010e+01 +4.041005010e+01 +2.8135e+00 +3.0148e-01
11170 0 +4.462175026e-05 +4.041004462e+01 +4.041004462e+01 +2.8139e+00 +3.0227e-01
11366 0 +3.971078846e-05 +4.041003971e+01 +4.041003971e+01 +2.8143e+00 +3.0302e-01
11548 0 +3.547941539e-05 +4.041003548e+01 +4.041003548e+01 +2.8147e+00 +3.0371e-01
11724 0 +3.157131228e-05 +4.041003157e+01 +4.041003157e+01 +2.8150e+00 +3.0438e-01
11886 0 +2.815239198e-05 +4.041002815e+01 +4.041002815e+01 +2.8153e+00 +3.0501e-01
12044 0 +2.505453223e-05 +4.041002505e+01 +4.041002505e+01 +2.8156e+00 +3.0560e-01
12186 0 +2.236924053e-05 +4.041002237e+01 +4.041002237e+01 +2.8159e+00 +3.0615e-01
12326 0 +1.993310342e-05 +4.041001993e+01 +4.041001993e+01 +2.8161e+00 +3.0669e-01
12458 0 +1.771462200e-05 +4.041001771e+01 +4.041001771e+01 +2.8164e+00 +3.0719e-01
12578 0 +1.583440599e-05 +4.041001583e+01 +4.041001583e+01 +2.8166e+00 +3.0765e-01
12698 0 +1.406011651e-05 +4.041001406e+01 +4.041001406e+01 +2.8169e+00 +3.0811e-01
12808 0 +1.256409744e-05 +4.041001256e+01 +4.041001256e+01 +2.8171e+00 +3.0852e-01
12912 0 +1.119333006e-05 +4.041001119e+01 +4.041001119e+01 +2.8173e+00 +3.0891e-01
13008 0 +9.998642184e-06 +4.041001000e+01 +4.041001000e+01 +2.8174e+00 +3.0928e-01
13098 0 +8.909463290e-06 +4.041000891e+01 +4.041000891e+01 +2.8176e+00 +3.0963e-01
13186 0 +7.933737464e-06 +4.041000793e+01 +4.041000793e+01 +2.8178e+00 +3.0997e-01
13272 0 +7.062509738e-06 +4.041000706e+01 +4.041000706e+01 +2.8180e+00 +3.1029e-01
13382 0 +6.304928206e-06 +4.041000630e+01 +4.041000630e+01 +2.8181e+00 +3.1058e-01
13532 0 +5.612760440e-06 +4.041000561e+01 +4.041000561e+01 +2.8182e+00 +3.1086e-01
13670 0 +4.999104050e-06 +4.041000500e+01 +4.041000500e+01 +2.8184e+00 +3.1113e-01
13802 0 +4.464860595e-06 +4.041000446e+01 +4.041000446e+01 +2.8185e+00 +3.1138e-01
13924 0 +3.979028065e-06 +4.041000398e+01 +4.041000398e+01 +2.8186e+00 +3.1161e-01
14044 0 +3.535099800e-06 +4.041000354e+01 +4.041000354e+01 +2.8187e+00 +3.1184e-01
14150 0 +3.159466424e-06 +4.041000316e+01 +4.041000316e+01 +2.8188e+00 +3.1204e-01
14254 0 +2.816320119e-06 +4.041000282e+01 +4.041000282e+01 +2.8189e+00 +3.1224e-01
14446 0 +2.509124585e-06 +4.041000251e+01 +4.041000251e+01 +2.8190e+00 +3.1243e-01
14630 0 +2.238603486e-06 +4.041000224e+01 +4.041000224e+01 +2.8191e+00 +3.1261e-01
14806 0 +1.994302579e-06 +4.041000199e+01 +4.041000199e+01 +2.8192e+00 +3.1277e-01
14974 0 +1.774292159e-06 +4.041000177e+01 +4.041000177e+01 +2.8193e+00 +3.1293e-01
15130 0 +1.582895102e-06 +4.041000158e+01 +4.041000158e+01 +2.8193e+00 +3.1308e-01
15280 0 +1.408910975e-06 +4.041000141e+01 +4.041000141e+01 +2.8194e+00 +3.1322e-01
15418 0 +1.255913041e-06 +4.041000126e+01 +4.041000126e+01 +2.8195e+00 +3.1336e-01
15552 0 +1.117725162e-06 +4.041000112e+01 +4.041000112e+01 +2.8195e+00 +3.1348e-01
15672 0 +9.999882167e-07 +4.041000100e+01 +4.041000100e+01 +2.8196e+00 +3.1360e-01
15794 0 +8.906003828e-07 +4.041000089e+01 +4.041000089e+01 +2.8197e+00 +3.1371e-01
16018 0 +7.925995860e-07 +4.041000079e+01 +4.041000079e+01 +2.8197e+00 +3.1382e-01
16226 0 +7.067186232e-07 +4.041000071e+01 +4.041000071e+01 +2.8198e+00 +3.1392e-01
16422 0 +6.308289144e-07 +4.041000063e+01 +4.041000063e+01 +2.8198e+00 +3.1401e-01
16610 0 +5.611208920e-07 +4.041000056e+01 +4.041000056e+01 +2.8199e+00 +3.1410e-01
16786 0 +5.000036083e-07 +4.041000050e+01 +4.041000050e+01 +2.8199e+00 +3.1418e-01
16950 0 +4.465846999e-07 +4.041000045e+01 +4.041000045e+01 +2.8199e+00 +3.1426e-01
17108 0 +3.979230740e-07 +4.041000040e+01 +4.041000040e+01 +2.8200e+00 +3.1434e-01
17258 0 +3.547508527e-07 +4.041000035e+01 +4.041000035e+01 +2.8200e+00 +3.1441e-01
17396 0 +3.160252433e-07 +4.041000032e+01 +4.041000032e+01 +2.8200e+00 +3.1447e-01
17526 0 +2.818018672e-07 +4.041000028e+01 +4.041000028e+01 +2.8201e+00 +3.1454e-01
17652 0 +2.511598396e-07 +4.041000025e+01 +4.041000025e+01 +2.8201e+00 +3.1460e-01
17772 0 +2.233241858e-07 +4.041000022e+01 +4.041000022e+01 +2.8201e+00 +3.1465e-01
17884 0 +1.988242460e-07 +4.041000020e+01 +4.041000020e+01 +2.8202e+00 +3.1471e-01
17988 0 +1.773537832e-07 +4.041000018e+01 +4.041000018e+01 +2.8202e+00 +3.1476e-01
18086 0 +1.578183415e-07 +4.041000016e+01 +4.041000016e+01 +2.8202e+00 +3.1480e-01
18180 0 +1.409529560e-07 +4.041000014e+01 +4.041000014e+01 +2.8202e+00 +3.1485e-01
18268 0 +1.256726208e-07 +4.041000013e+01 +4.041000013e+01 +2.8202e+00 +3.1489e-01
18350 0 +1.117543462e-07 +4.041000011e+01 +4.041000011e+01 +2.8203e+00 +3.1493e-01
18430 0 +9.936235301e-08 +4.041000010e+01 +4.041000010e+01 +2.8203e+00 +3.1497e-01
18502 0 +8.883262126e-08 +4.041000009e+01 +4.041000009e+01 +2.8203e+00 +3.1500e-01
18574 0 +7.889315867e-08 +4.041000008e+01 +4.041000008e+01 +2.8203e+00 +3.1504e-01
18638 0 +7.055361806e-08 +4.041000007e+01 +4.041000007e+01 +2.8203e+00 +3.1507e-01
18702 0 +6.268044928e-08 +4.041000006e+01 +4.041000006e+01 +2.8203e+00 +3.1510e-01
18758 0 +5.617400944e-08 +4.041000006e+01 +4.041000006e+01 +2.8204e+00 +3.1513e-01
18814 0 +5.002463155e-08 +4.041000005e+01 +4.041000005e+01 +2.8204e+00 +3.1515e-01
18870 0 +4.423232269e-08 +4.041000004e+01 +4.041000004e+01 +2.8204e+00 +3.1518e-01
19048 0 +3.974147944e-08 +4.041000004e+01 +4.041000004e+01 +2.8204e+00 +3.1520e-01
19234 0 +3.541452998e-08 +4.041000004e+01 +4.041000004e+01 +2.8204e+00 +3.1522e-01
19410 0 +3.157519757e-08 +4.041000003e+01 +4.041000003e+01 +2.8204e+00 +3.1524e-01
19578 0 +2.811599131e-08 +4.041000003e+01 +4.041000003e+01 +2.8204e+00 +3.1526e-01
19736 0 +2.508424757e-08 +4.041000003e+01 +4.041000003e+01 +2.8204e+00 +3.1528e-01
19882 0 +2.236696872e-08 +4.041000002e+01 +4.041000002e+01 +2.8205e+00 +3.1530e-01
20000 0 +2.035421431e-08 +4.041000002e+01 +4.041000002e+01 +2.8205e+00 +3.1531e-01
% f evaluations | g evaluations | best noise-free fitness - Fopt (2.265900000000e+02) + sum g_i+ | measured fitness | best measured fitness or single-digit g-values | x1 | x2...
1 0 +1.747109878e+02 +4.013009878e+02 +4.013009878e+02 +0.0000e+00 +0.0000e+00
3 0 +3.835894922e+01 +2.649489492e+02 +2.649489492e+02 -1.9001e+00 +1.2895e+00
11 0 +7.552369915e+00 +2.341423699e+02 +2.341423699e+02 -1.3913e+00 -8.7389e-02
139 0 +6.356727500e+00 +2.329467275e+02 +2.329467275e+02 -1.9257e-01 +6.7754e-01
154 0 +5.440538001e+00 +2.320305380e+02 +2.320305380e+02 -7.3316e-01 +0.0000e+00
212 0 +3.047404649e+00 +2.296374046e+02 +2.296374046e+02 -1.8131e+00 +6.0765e-01
266 0 +4.583630488e-01 +2.270483630e+02 +2.270483630e+02 -1.4751e-01 +1.0823e+00
297 0 +4.691632107e-02 +2.266369163e+02 +2.266369163e+02 +1.0129e-01 +1.5560e+00
1282 0 +4.466650280e-02 +2.266346665e+02 +2.266346665e+02 -3.2567e-01 +7.0073e-01
1362 0 +3.973979504e-02 +2.266297398e+02 +2.266297398e+02 -3.1394e-01 +7.2028e-01
1466 0 +3.543320350e-02 +2.266254332e+02 +2.266254332e+02 -3.0270e-01 +7.3787e-01
1608 0 +3.159360005e-02 +2.266215936e+02 +2.266215936e+02 -2.9195e-01 +7.5497e-01
1742 0 +2.813851621e-02 +2.266181385e+02 +2.266181385e+02 -2.8218e-01 +7.7158e-01
1870 0 +2.510024475e-02 +2.266151002e+02 +2.266151002e+02 -2.7290e-01 +7.8721e-01
1994 0 +2.236596744e-02 +2.266123660e+02 +2.266123660e+02 -2.6410e-01 +8.0236e-01
2114 0 +1.993722331e-02 +2.266099372e+02 +2.266099372e+02 -2.5580e-01 +8.1702e-01
2224 0 +1.777387354e-02 +2.266077739e+02 +2.266077739e+02 -2.4749e-01 +8.3021e-01
2330 0 +1.580660663e-02 +2.266058066e+02 +2.266058066e+02 -2.4016e-01 +8.4340e-01
2430 0 +1.411361582e-02 +2.266041136e+02 +2.266041136e+02 -2.3332e-01 +8.5562e-01
2582 0 +1.258632195e-02 +2.266025863e+02 +2.266025863e+02 -2.2673e-01 +8.6734e-01
2766 0 +1.120909859e-02 +2.266012091e+02 +2.266012091e+02 -2.2037e-01 +8.7858e-01
2942 0 +9.987398741e-03 +2.265999874e+02 +2.265999874e+02 -2.1451e-01 +8.8933e-01
3106 0 +8.903878392e-03 +2.265989039e+02 +2.265989039e+02 -2.0889e-01 +8.9935e-01
3264 0 +7.941859481e-03 +2.265979419e+02 +2.265979419e+02 -2.0352e-01 +9.0888e-01
3414 0 +7.067008453e-03 +2.265970670e+02 +2.265970670e+02 -1.9863e-01 +9.1816e-01
3554 0 +6.307295009e-03 +2.265963073e+02 +2.265963073e+02 -1.9399e-01 +9.2671e-01
3692 0 +5.609922263e-03 +2.265956099e+02 +2.265956099e+02 -1.8935e-01 +9.3502e-01
3818 0 +4.996668002e-03 +2.265949967e+02 +2.265949967e+02 -1.8519e-01 +9.4283e-01
3938 0 +4.456829133e-03 +2.265944568e+02 +2.265944568e+02 -1.8129e-01 +9.5016e-01
4122 0 +3.975882036e-03 +2.265939759e+02 +2.265939759e+02 -1.7762e-01 +9.5712e-01
4338 0 +3.544477440e-03 +2.265935445e+02 +2.265935445e+02 -1.7408e-01 +9.6372e-01
4542 0 +3.162270850e-03 +2.265931623e+02 +2.265931623e+02 -1.7078e-01 +9.6995e-01
4738 0 +2.816507254e-03 +2.265928165e+02 +2.265928165e+02 -1.6761e-01 +9.7594e-01
4922 0 +2.511603919e-03 +2.265925116e+02 +2.265925116e+02 -1.6467e-01 +9.8155e-01
5098 0 +2.237023466e-03 +2.265922370e+02 +2.265922370e+02 -1.6186e-01 +9.8693e-01
5266 0 +1.990132115e-03 +2.265919901e+02 +2.265919901e+02 -1.5918e-01 +9.9206e-01
5422 0 +1.775977901e-03 +2.265917760e+02 +2.265917760e+02 -1.5673e-01 +9.9682e-01
5572 0 +1.581670683e-03 +2.265915817e+02 +2.265915817e+02 -1.5429e-01 +1.0013e+00
5712 0 +1.409807035e-03 +2.265914098e+02 +2.265914098e+02 -1.5209e-01 +1.0056e+00
5842 0 +1.257305801e-03 +2.265912573e+02 +2.265912573e+02 -1.5002e-01 +1.0096e+00
5986 0 +1.120670672e-03 +2.265911207e+02 +2.265911207e+02 -1.4806e-01 +1.0135e+00
6222 0 +9.991220885e-04 +2.265909991e+02 +2.265909991e+02 -1.4617e-01 +1.0171e+00
6448 0 +8.908860795e-04 +2.265908909e+02 +2.265908909e+02 -1.4440e-01 +1.0205e+00
6658 0 +7.942513482e-04 +2.265907943e+02 +2.265907943e+02 -1.4275e-01 +1.0238e+00
6862 0 +7.067238387e-04 +2.265907067e+02 +2.265907067e+02 -1.4116e-01 +1.0269e+00
7050 0 +6.306974844e-04 +2.265906307e+02 +2.265906307e+02 -1.3969e-01 +1.0297e+00
7230 0 +5.620280123e-04 +2.265905620e+02 +2.265905620e+02 -1.3829e-01 +1.0325e+00
7402 0 +5.001591169e-04 +2.265905002e+02 +2.265905002e+02 -1.3695e-01 +1.0351e+00
7562 0 +4.463746763e-04 +2.265904464e+02 +2.265904464e+02 -1.3572e-01 +1.0376e+00
7716 0 +3.973280757e-04 +2.265903973e+02 +2.265903973e+02 -1.3450e-01 +1.0399e+00
7858 0 +3.540208276e-04 +2.265903540e+02 +2.265903540e+02 -1.3340e-01 +1.0421e+00
7994 0 +3.156841102e-04 +2.265903157e+02 +2.265903157e+02 -1.3237e-01 +1.0442e+00
8122 0 +2.818333407e-04 +2.265902818e+02 +2.265902818e+02 -1.3139e-01 +1.0461e+00
8258 0 +2.510107040e-04 +2.265902510e+02 +2.265902510e+02 -1.3044e-01 +1.0479e+00
8486 0 +2.237556090e-04 +2.265902238e+02 +2.265902238e+02 -1.2956e-01 +1.0497e+00
8702 0 +1.992546454e-04 +2.265901993e+02 +2.265901993e+02 -1.2870e-01 +1.0513e+00
8908 0 +1.776168428e-04 +2.265901776e+02 +2.265901776e+02 -1.2791e-01 +1.0529e+00
9098 0 +1.584034499e-04 +2.265901584e+02 +2.265901584e+02 -1.2717e-01 +1.0544e+00
9282 0 +1.410737906e-04 +2.265901411e+02 +2.265901411e+02 -1.2647e-01 +1.0558e+00
9454 0 +1.257116380e-04 +2.265901257e+02 +2.265901257e+02 -1.2580e-01 +1.0571e+00
9618 0 +1.121303732e-04 +2.265901121e+02 +2.265901121e+02 -1.2519e-01 +1.0583e+00
9772 0 +9.989526015e-05 +2.265900999e+02 +2.265900999e+02 -1.2458e-01 +1.0595e+00
9914 0 +8.911607398e-05 +2.265900891e+02 +2.265900891e+02 -1.2403e-01 +1.0606e+00
10054 0 +7.937883404e-05 +2.265900794e+02 +2.265900794e+02 -1.2351e-01 +1.0617e+00
10184 0 +7.074384141e-05 +2.265900707e+02 +2.265900707e+02 -1.2299e-01 +1.0626e+00
10306 0 +6.296158432e-05 +2.265900630e+02 +2.265900630e+02 -1.2253e-01 +1.0636e+00
10434 0 +5.617612445e-05 +2.265900562e+02 +2.265900562e+02 -1.2209e-01 +1.0644e+00
10654 0 +5.009025878e-05 +2.265900501e+02 +2.265900501e+02 -1.2168e-01 +1.0653e+00
10858 0 +4.465500436e-05 +2.265900447e+02 +2.265900447e+02 -1.2128e-01 +1.0661e+00
11054 0 +3.974914736e-05 +2.265900397e+02 +2.265900397e+02 -1.2090e-01 +1.0668e+00
11238 0 +3.542617614e-05 +2.265900354e+02 +2.265900354e+02 -1.2055e-01 +1.0675e+00
11412 0 +3.161170849e-05 +2.265900316e+02 +2.265900316e+02 -1.2021e-01 +1.0682e+00
11574 0 +2.818017256e-05 +2.265900282e+02 +2.265900282e+02 -1.1991e-01 +1.0688e+00
11732 0 +2.508879382e-05 +2.265900251e+02 +2.265900251e+02 -1.1960e-01 +1.0694e+00
11878 0 +2.234349520e-05 +2.265900223e+02 +2.265900223e+02 -1.1933e-01 +1.0700e+00
12018 0 +1.994941380e-05 +2.265900199e+02 +2.265900199e+02 -1.1907e-01 +1.0705e+00
12206 0 +1.777862857e-05 +2.265900178e+02 +2.265900178e+02 -1.1881e-01 +1.0710e+00
12454 0 +1.583485536e-05 +2.265900158e+02 +2.265900158e+02 -1.1858e-01 +1.0714e+00
12686 0 +1.411879364e-05 +2.265900141e+02 +2.265900141e+02 -1.1836e-01 +1.0719e+00
12906 0 +1.257523948e-05 +2.265900126e+02 +2.265900126e+02 -1.1814e-01 +1.0723e+00
13114 0 +1.120405167e-05 +2.265900112e+02 +2.265900112e+02 -1.1794e-01 +1.0727e+00
13310 0 +9.993124763e-06 +2.265900100e+02 +2.265900100e+02 -1.1776e-01 +1.0731e+00
13496 0 +8.906787059e-06 +2.265900089e+02 +2.265900089e+02 -1.1758e-01 +1.0734e+00
13670 0 +7.937345771e-06 +2.265900079e+02 +2.265900079e+02 -1.1742e-01 +1.0738e+00
13834 0 +7.070315576e-06 +2.265900071e+02 +2.265900071e+02 -1.1726e-01 +1.0741e+00
13990 0 +6.308963805e-06 +2.265900063e+02 +2.265900063e+02 -1.1711e-01 +1.0744e+00
14138 0 +5.610012749e-06 +2.265900056e+02 +2.265900056e+02 -1.1697e-01 +1.0747e+00
14274 0 +5.011450639e-06 +2.265900050e+02 +2.265900050e+02 -1.1684e-01 +1.0749e+00
14408 0 +4.465571493e-06 +2.265900045e+02 +2.265900045e+02 -1.1671e-01 +1.0752e+00
14530 0 +3.976473948e-06 +2.265900040e+02 +2.265900040e+02 -1.1659e-01 +1.0754e+00
14650 0 +3.532554302e-06 +2.265900035e+02 +2.265900035e+02 -1.1648e-01 +1.0756e+00
14760 0 +3.158839377e-06 +2.265900032e+02 +2.265900032e+02 -1.1637e-01 +1.0758e+00
14864 0 +2.816137567e-06 +2.265900028e+02 +2.265900028e+02 -1.1627e-01 +1.0760e+00
14962 0 +2.501452116e-06 +2.265900025e+02 +2.265900025e+02 -1.1618e-01 +1.0762e+00
15056 0 +2.235418350e-06 +2.265900022e+02 +2.265900022e+02 -1.1609e-01 +1.0764e+00
15142 0 +1.994732372e-06 +2.265900020e+02 +2.265900020e+02 -1.1601e-01 +1.0766e+00
15226 0 +1.767788149e-06 +2.265900018e+02 +2.265900018e+02 -1.1593e-01 +1.0767e+00
15306 0 +1.570577069e-06 +2.265900016e+02 +2.265900016e+02 -1.1585e-01 +1.0769e+00
15378 0 +1.403071138e-06 +2.265900014e+02 +2.265900014e+02 -1.1578e-01 +1.0770e+00
15450 0 +1.245022759e-06 +2.265900012e+02 +2.265900012e+02 -1.1571e-01 +1.0772e+00
15514 0 +1.112474280e-06 +2.265900011e+02 +2.265900011e+02 -1.1565e-01 +1.0773e+00
15668 0 +9.988057457e-07 +2.265900010e+02 +2.265900010e+02 -1.1560e-01 +1.0774e+00
15902 0 +8.897330019e-07 +2.265900009e+02 +2.265900009e+02 -1.1554e-01 +1.0775e+00
16124 0 +7.932697486e-07 +2.265900008e+02 +2.265900008e+02 -1.1549e-01 +1.0776e+00
16332 0 +7.073878123e-07 +2.265900007e+02 +2.265900007e+02 -1.1544e-01 +1.0777e+00
16530 0 +6.303349096e-07 +2.265900006e+02 +2.265900006e+02 -1.1539e-01 +1.0778e+00
16716 0 +5.617912961e-07 +2.265900006e+02 +2.265900006e+02 -1.1535e-01 +1.0779e+00
16892 0 +5.006759238e-07 +2.265900005e+02 +2.265900005e+02 -1.1531e-01 +1.0780e+00
17058 0 +4.461664105e-07 +2.265900004e+02 +2.265900004e+02 -1.1527e-01 +1.0781e+00
17214 0 +3.972488969e-07 +2.265900004e+02 +2.265900004e+02 -1.1523e-01 +1.0781e+00
17362 0 +3.545308402e-07 +2.265900004e+02 +2.265900004e+02 -1.1520e-01 +1.0782e+00
17502 0 +3.153896557e-07 +2.265900003e+02 +2.265900003e+02 -1.1516e-01 +1.0783e+00
17634 0 +2.814608990e-07 +2.265900003e+02 +2.265900003e+02 -1.1513e-01 +1.0783e+00
17758 0 +2.505574059e-07 +2.265900003e+02 +2.265900003e+02 -1.1510e-01 +1.0784e+00
17928 0 +2.236378407e-07 +2.265900002e+02 +2.265900002e+02 -1.1507e-01 +1.0785e+00
18150 0 +1.994042975e-07 +2.265900002e+02 +2.265900002e+02 -1.1505e-01 +1.0785e+00
18360 0 +1.775957230e-07 +2.265900002e+02 +2.265900002e+02 -1.1502e-01 +1.0786e+00
18554 0 +1.584809297e-07 +2.265900002e+02 +2.265900002e+02 -1.1500e-01 +1.0786e+00
18744 0 +1.411304993e-07 +2.265900001e+02 +2.265900001e+02 -1.1497e-01 +1.0786e+00
18920 0 +1.258204350e-07 +2.265900001e+02 +2.265900001e+02 -1.1495e-01 +1.0787e+00
19086 0 +1.121526623e-07 +2.265900001e+02 +2.265900001e+02 -1.1493e-01 +1.0787e+00
19242 0 +9.989747696e-08 +2.265900001e+02 +2.265900001e+02 -1.1492e-01 +1.0788e+00
19392 0 +8.911601412e-08 +2.265900001e+02 +2.265900001e+02 -1.1490e-01 +1.0788e+00
19530 0 +7.937509849e-08 +2.265900001e+02 +2.265900001e+02 -1.1488e-01 +1.0788e+00
19666 0 +7.050473982e-08 +2.265900001e+02 +2.265900001e+02 -1.1487e-01 +1.0789e+00
19878 0 +6.301394251e-08 +2.265900001e+02 +2.265900001e+02 -1.1485e-01 +1.0789e+00
20000 0 +5.947322279e-08 +2.265900001e+02 +2.265900001e+02 -1.1484e-01 +1.0789e+00
% f evaluations | g evaluations | best noise-free fitness - Fopt (-5.862000000000e+01) + sum g_i+ | measured fitness | best measured fitness or single-digit g-values | x1 | x2...
1 0 +4.971194870e+01 -8.908051297e+00 -8.908051297e+00 +0.0000e+00 +0.0000e+00
21 0 +6.089006816e+00 -5.253099318e+01 -5.253099318e+01 +1.3715e+00 -1.0395e+00
96 0 +4.184291290e+00 -5.443570871e+01 -5.443570871e+01 +3.0875e-01 -6.3346e-02
1673 0 +3.971843824e+00 -5.464815618e+01 -5.464815618e+01 +2.3376e-01 +1.6137e-01
1885 0 +3.543990253e+00 -5.507600975e+01 -5.507600975e+01 +3.4321e-01 -4.5798e-02
2065 0 +3.156563772e+00 -5.546343623e+01 -5.546343623e+01 +4.4875e-01 -2.2169e-01
2213 0 +2.810231161e+00 -5.580976884e+01 -5.580976884e+01 +5.5037e-01 -3.6632e-01
2333 0 +2.505664418e+00 -5.611433558e+01 -5.611433558e+01 +6.4419e-01 -4.8358e-01
2429 0 +2.234827961e+00 -5.638517204e+01 -5.638517204e+01 +7.3409e-01 -5.7739e-01
2512 0 +1.988235376e+00 -5.663176462e+01 -5.663176462e+01 +8.1617e-01 -6.5557e-01
2592 0 +1.769230476e+00 -5.685076952e+01 -5.685076952e+01 +8.9435e-01 -7.1811e-01
2668 0 +1.577500328e+00 -5.704249967e+01 -5.704249967e+01 +9.6861e-01 -7.6111e-01
2740 0 +1.405613786e+00 -5.721438621e+01 -5.721438621e+01 +1.0390e+00 -7.9238e-01
2808 0 +1.251675901e+00 -5.736832410e+01 -5.736832410e+01 +1.1054e+00 -8.1583e-01
2872 0 +1.115762767e+00 -5.750423723e+01 -5.750423723e+01 +1.1680e+00 -8.2756e-01
2932 0 +9.955668768e-01 -5.762443312e+01 -5.762443312e+01 +1.2266e+00 -8.3146e-01
2988 0 +8.891761944e-01 -5.773082381e+01 -5.773082381e+01 +1.2813e+00 -8.2756e-01
3044 0 +7.895278431e-01 -5.783047216e+01 -5.783047216e+01 +1.3360e+00 -8.1974e-01
3092 0 +7.077177526e-01 -5.791228225e+01 -5.791228225e+01 +1.3829e+00 -8.0410e-01
3144 0 +6.255699259e-01 -5.799443007e+01 -5.799443007e+01 +1.4338e+00 -7.8847e-01
3188 0 +5.596378493e-01 -5.806036215e+01 -5.806036215e+01 +1.4768e+00 -7.6892e-01
3232 0 +4.972837059e-01 -5.812271629e+01 -5.812271629e+01 +1.5198e+00 -7.4547e-01
3272 0 +4.446408278e-01 -5.817535917e+01 -5.817535917e+01 +1.5588e+00 -7.2202e-01
3308 0 +3.974591998e-01 -5.822254080e+01 -5.822254080e+01 +1.5940e+00 -6.9466e-01
3344 0 +3.543216065e-01 -5.826567839e+01 -5.826567839e+01 +1.6292e+00 -6.6729e-01
3380 0 +3.150734803e-01 -5.830492652e+01 -5.830492652e+01 +1.6644e+00 -6.3993e-01
3414 0 +2.795427462e-01 -5.834045725e+01 -5.834045725e+01 +1.6956e+00 -6.0866e-01
3444 0 +2.492491645e-01 -5.837075084e+01 -5.837075084e+01 +1.7269e+00 -5.8130e-01
3472 0 +2.236603639e-01 -5.839633964e+01 -5.839633964e+01 +1.7543e+00 -5.5394e-01
3502 0 +1.993610315e-01 -5.842063897e+01 -5.842063897e+01 +1.7777e+00 -5.2267e-01
3542 0 +1.773688835e-01 -5.844263112e+01 -5.844263112e+01 +1.8031e+00 -4.9531e-01
3598 0 +1.582412858e-01 -5.846175871e+01 -5.846175871e+01 +1.8266e+00 -4.6795e-01
3656 0 +1.407033821e-01 -5.847929662e+01 -5.847929662e+01 +1.8500e+00 -4.4059e-01
3710 0 +1.257509355e-01 -5.849424906e+01 -5.849424906e+01 +1.8696e+00 -4.1322e-01
3764 0 +1.118375797e-01 -5.850816242e+01 -5.850816242e+01 +1.8911e+00 -3.8782e-01
3814 0 +9.972850094e-02 -5.852027150e+01 -5.852027150e+01 +1.9087e+00 -3.6241e-01
3866 0 +8.877319077e-02 -5.853122681e+01 -5.853122681e+01 +1.9263e+00 -3.3700e-01
3946 0 +7.934497485e-02 -5.854065503e+01 -5.854065503e+01 +1.9429e+00 -3.1453e-01
4042 0 +7.063674223e-02 -5.854936326e+01 -5.854936326e+01 +1.9585e+00 -2.9107e-01
4134 0 +6.272775954e-02 -5.855727224e+01 -5.855727224e+01 +1.9741e+00 -2.6860e-01
4220 0 +5.612948883e-02 -5.856387051e+01 -5.856387051e+01 +1.9878e+00 -2.4808e-01
4302 0 +5.006891896e-02 -5.856993108e+01 -5.856993108e+01 +2.0005e+00 -2.2756e-01
4382 0 +4.460375836e-02 -5.857539624e+01 -5.857539624e+01 +2.0132e+00 -2.0801e-01
4466 0 +3.980924839e-02 -5.858019075e+01 -5.858019075e+01 +2.0250e+00 -1.8945e-01
4616 0 +3.546757675e-02 -5.858453242e+01 -5.858453242e+01 +2.0362e+00 -1.7137e-01
4758 0 +3.159938210e-02 -5.858840062e+01 -5.858840062e+01 +2.0465e+00 -1.5378e-01
4892 0 +2.818054798e-02 -5.859181945e+01 -5.859181945e+01 +2.0567e+00 -1.3765e-01
5022 0 +2.505762098e-02 -5.859494238e+01 -5.859494238e+01 +2.0660e+00 -1.2153e-01
5142 0 +2.238324734e-02 -5.859761675e+01 -5.859761675e+01 +2.0748e+00 -1.0687e-01
5262 0 +1.991855151e-02 -5.860008145e+01 -5.860008145e+01 +2.0831e+00 -9.2215e-02
5374 0 +1.776448814e-02 -5.860223551e+01 -5.860223551e+01 +2.0909e+00 -7.8534e-02
5482 0 +1.577170464e-02 -5.860422830e+01 -5.860422830e+01 +2.0987e+00 -6.5342e-02
5582 0 +1.408323513e-02 -5.860591676e+01 -5.860591676e+01 +2.1056e+00 -5.3127e-02
5680 0 +1.254895464e-02 -5.860745105e+01 -5.860745105e+01 +2.1124e+00 -4.1401e-02
5824 0 +1.120626076e-02 -5.860879374e+01 -5.860879374e+01 +2.1185e+00 -3.0407e-02
5998 0 +9.977853202e-03 -5.861002215e+01 -5.861002215e+01 +2.1244e+00 -1.9658e-02
6164 0 +8.900230722e-03 -5.861109977e+01 -5.861109977e+01 +2.1300e+00 -9.6417e-03
6318 0 +7.942144618e-03 -5.861205786e+01 -5.861205786e+01 +2.1351e+00 -1.1407e-04
6470 0 +7.061421037e-03 -5.861293858e+01 -5.861293858e+01 +2.1403e+00 +9.1693e-03
6610 0 +6.301826441e-03 -5.861369817e+01 -5.861369817e+01 +2.1449e+00 +1.7720e-02
6746 0 +5.612473508e-03 -5.861438753e+01 -5.861438753e+01 +2.1493e+00 +2.6026e-02
6874 0 +5.004248412e-03 -5.861499575e+01 -5.861499575e+01 +2.1535e+00 +3.3844e-02
6994 0 +4.465908940e-03 -5.861553409e+01 -5.861553409e+01 +2.1574e+00 +4.1172e-02
7130 0 +3.976542630e-03 -5.861602346e+01 -5.861602346e+01 +2.1612e+00 +4.8135e-02
7346 0 +3.544516647e-03 -5.861645548e+01 -5.861645548e+01 +2.1647e+00 +5.4731e-02
7554 0 +3.158944229e-03 -5.861684106e+01 -5.861684106e+01 +2.1680e+00 +6.1083e-02
7746 0 +2.816259619e-03 -5.861718374e+01 -5.861718374e+01 +2.1712e+00 +6.6946e-02
7930 0 +2.511767024e-03 -5.861748823e+01 -5.861748823e+01 +2.1741e+00 +7.2565e-02
8106 0 +2.237344884e-03 -5.861776266e+01 -5.861776266e+01 +2.1769e+00 +7.7939e-02
8272 0 +1.995018817e-03 -5.861800498e+01 -5.861800498e+01 +2.1796e+00 +8.2948e-02
8430 0 +1.776944558e-03 -5.861822306e+01 -5.861822306e+01 +2.1820e+00 +8.7834e-02
8580 0 +1.581034584e-03 -5.861841897e+01 -5.861841897e+01 +2.1845e+00 +9.2353e-02
8718 0 +1.409520832e-03 -5.861859048e+01 -5.861859048e+01 +2.1867e+00 +9.6628e-02
8850 0 +1.257208621e-03 -5.861874279e+01 -5.861874279e+01 +2.1888e+00 +1.0066e-01
9042 0 +1.121172399e-03 -5.861887883e+01 -5.861887883e+01 +2.1907e+00 +1.0451e-01
9278 0 +9.990047086e-04 -5.861900100e+01 -5.861900100e+01 +2.1926e+00 +1.0811e-01
9502 0 +8.905797128e-04 -5.861910942e+01 -5.861910942e+01 +2.1944e+00 +1.1153e-01
9714 0 +7.941998524e-04 -5.861920580e+01 -5.861920580e+01 +2.1960e+00 +1.1477e-01
9918 0 +7.068505838e-04 -5.861929315e+01 -5.861929315e+01 +2.1976e+00 +1.1788e-01
10106 0 +6.309049478e-04 -5.861936910e+01 -5.861936910e+01 +2.1991e+00 +1.2075e-01
10286 0 +5.622525926e-04 -5.861943775e+01 -5.861943775e+01 +2.2005e+00 +1.2350e-01
10458 0 +5.003417257e-04 -5.861949966e+01 -5.861949966e+01 +2.2018e+00 +1.2613e-01
10620 0 +4.456610523e-04 -5.861955434e+01 -5.861955434e+01 +2.2031e+00 +1.2857e-01
10770 0 +3.972465188e-04 -5.861960275e+01 -5.861960275e+01 +2.2043e+00 +1.3089e-01
10914 0 +3.542920277e-04 -5.861964571e+01 -5.861964571e+01 +2.2054e+00 +1.3309e-01
11052 0 +3.151403399e-04 -5.861968486e+01 -5.861968486e+01 +2.2065e+00 +1.3517e-01
11254 0 +2.815761914e-04 -5.861971842e+01 -5.861971842e+01 +2.2074e+00 +1.3709e-01
11494 0 +2.510449551e-04 -5.861974896e+01 -5.861974896e+01 +2.2084e+00 +1.3892e-01
11722 0 +2.238411167e-04 -5.861977616e+01 -5.861977616e+01 +2.2093e+00 +1.4066e-01
11942 0 +1.993736660e-04 -5.861980063e+01 -5.861980063e+01 +2.2101e+00 +1.4234e-01
12146 0 +1.776255336e-04 -5.861982237e+01 -5.861982237e+01 +2.2109e+00 +1.4390e-01
12340 0 +1.582644049e-04 -5.861984174e+01 -5.861984174e+01 +2.2116e+00 +1.4537e-01
12522 0 +1.409046757e-04 -5.861985910e+01 -5.861985910e+01 +2.2123e+00 +1.4677e-01
12694 0 +1.258396088e-04 -5.861987416e+01 -5.861987416e+01 +2.2130e+00 +1.4808e-01
12856 0 +1.121485519e-04 -5.861988785e+01 -5.861988785e+01 +2.2136e+00 +1.4931e-01
13010 0 +9.993545493e-05 -5.861990006e+01 -5.861990006e+01 +2.2142e+00 +1.5050e-01
13156 0 +8.903348320e-05 -5.861991097e+01 -5.861991097e+01 +2.2148e+00 +1.5160e-01
13292 0 +7.941947360e-05 -5.861992058e+01 -5.861992058e+01 +2.2153e+00 +1.5263e-01
13462 0 +7.077553320e-05 -5.861992922e+01 -5.861992922e+01 +2.2158e+00 +1.5363e-01
13706 0 +6.308763176e-05 -5.861993691e+01 -5.861993691e+01 +2.2163e+00 +1.5456e-01
13938 0 +5.621294228e-05 -5.861994379e+01 -5.861994379e+01 +2.2167e+00 +1.5544e-01
14160 0 +5.004961818e-05 -5.861994995e+01 -5.861994995e+01 +2.2171e+00 +1.5628e-01
14366 0 +4.456007025e-05 -5.861995544e+01 -5.861995544e+01 +2.2175e+00 +1.5708e-01
14558 0 +3.977935921e-05 -5.861996022e+01 -5.861996022e+01 +2.2179e+00 +1.5781e-01
14742 0 +3.545526097e-05 -5.861996454e+01 -5.861996454e+01 +2.2183e+00 +1.5851e-01
14918 0 +3.155431732e-05 -5.861996845e+01 -5.861996845e+01 +2.2186e+00 +1.5918e-01
15082 0 +2.818170312e-05 -5.861997182e+01 -5.861997182e+01 +2.2189e+00 +1.5981e-01
15236 0 +2.511142324e-05 -5.861997489e+01 -5.861997489e+01 +2.2192e+00 +1.6039e-01
15382 0 +2.236828633e-05 -5.861997763e+01 -5.861997763e+01 +2.2195e+00 +1.6096e-01
15524 0 +1.988677027e-05 -5.861998011e+01 -5.861998011e+01 +2.2197e+00 +1.6149e-01
15778 0 +1.776120478e-05 -5.861998224e+01 -5.861998224e+01 +2.2200e+00 +1.6198e-01
16026 0 +1.581717159e-05 -5.861998418e+01 -5.861998418e+01 +2.2202e+00 +1.6245e-01
16258 0 +1.410099750e-05 -5.861998590e+01 -5.861998590e+01 +2.2204e+00 +1.6289e-01
16478 0 +1.257411668e-05 -5.861998743e+01 -5.861998743e+01 +2.2207e+00 +1.6331e-01
16682 0 +1.122006603e-05 -5.861998878e+01 -5.861998878e+01 +2.2209e+00 +1.6370e-01
16882 0 +9.975654955e-06 -5.861999002e+01 -5.861999002e+01 +2.2210e+00 +1.6409e-01
17066 0 +8.895566417e-06 -5.861999110e+01 -5.861999110e+01 +2.2212e+00 +1.6444e-01
17240 0 +7.943012086e-06 -5.861999206e+01 -5.861999206e+01 +2.2214e+00 +1.6476e-01
17406 0 +7.073664150e-06 -5.861999293e+01 -5.861999293e+01 +2.2215e+00 +1.6509e-01
17562 0 +6.292895314e-06 -5.861999371e+01 -5.861999371e+01 +2.2217e+00 +1.6538e-01
17706 0 +5.621606086e-06 -5.861999438e+01 -5.861999438e+01 +2.2218e+00 +1.6566e-01
17848 0 +5.006296171e-06 -5.861999499e+01 -5.861999499e+01 +2.2220e+00 +1.6593e-01
17978 0 +4.457058253e-06 -5.861999554e+01 -5.861999554e+01 +2.2221e+00 +1.6618e-01
18104 0 +3.972308377e-06 -5.861999603e+01 -5.861999603e+01 +2.2222e+00 +1.6641e-01
18218 0 +3.541790164e-06 -5.861999646e+01 -5.861999646e+01 +2.2223e+00 +1.6664e-01
18330 0 +3.150668938e-06 -5.861999685e+01 -5.861999685e+01 +2.2224e+00 +1.6685e-01
18434 0 +2.807993525e-06 -5.861999719e+01 -5.861999719e+01 +2.2225e+00 +1.6705e-01
18530 0 +2.509202858e-06 -5.861999749e+01 -5.861999749e+01 +2.2226e+00 +1.6723e-01
18626 0 +2.227233189e-06 -5.861999777e+01 -5.861999777e+01 +2.2227e+00 +1.6741e-01
18714 0 +1.983535356e-06 -5.861999802e+01 -5.861999802e+01 +2.2228e+00 +1.6758e-01
18794 0 +1.774253384e-06 -5.861999823e+01 -5.861999823e+01 +2.2229e+00 +1.6773e-01
18874 0 +1.576647527e-06 -5.861999842e+01 -5.861999842e+01 +2.2229e+00 +1.6789e-01
18946 0 +1.408784186e-06 -5.861999859e+01 -5.861999859e+01 +2.2230e+00 +1.6802e-01
19018 0 +1.250376428e-06 -5.861999875e+01 -5.861999875e+01 +2.2231e+00 +1.6816e-01
19082 0 +1.117506834e-06 -5.861999888e+01 -5.861999888e+01 +2.2231e+00 +1.6828e-01
19146 0 +9.921070117e-07 -5.861999901e+01 -5.861999901e+01 +2.2232e+00 +1.6841e-01
19202 0 +8.885092697e-07 -5.861999911e+01 -5.861999911e+01 +2.2233e+00 +1.6851e-01
19258 0 +7.906297981e-07 -5.861999921e+01 -5.861999921e+01 +2.2233e+00 +1.6862e-01
19358 0 +7.048615913e-07 -5.861999930e+01 -5.861999930e+01 +2.2234e+00 +1.6872e-01
19454 0 +6.300666939e-07 -5.861999937e+01 -5.861999937e+01 +2.2234e+00 +1.6881e-01
19550 0 +5.594723120e-07 -5.861999944e+01 -5.861999944e+01 +2.2235e+00 +1.6890e-01
19638 0 +4.984506887e-07 -5.861999950e+01 -5.861999950e+01 +2.2235e+00 +1.6899e-01
19800 0 +4.460391239e-07 -5.861999955e+01 -5.861999955e+01 +2.2235e+00 +1.6906e-01
19954 0 +3.980055041e-07 -5.861999960e+01 -5.861999960e+01 +2.2236e+00 +1.6914e-01
20000 0 +3.846262828e-07 -5.861999962e+01 -5.861999962e+01 +2.2236e+00 +1.6916e-01
