% f evaluations | g evaluations | best noise-free fitness - Fopt (1.491500000000e+02) + sum g_i+ | measured fitness | best measured fitness or single-digit g-values | x1 | x2...
1 0 +2.605689310e+04 +2.620604310e+04 +2.620604310e+04
2 0 +2.345262967e+04 +2.360177967e+04 +2.360177967e+04
12 0 +2.083167782e+04 +2.098082782e+04 +2.098082782e+04
16 0 +1.655619187e+04 +1.670534187e+04 +1.670534187e+04
27 0 +1.532728696e+04 +1.547643696e+04 +1.547643696e+04
1037 0 +1.404132917e+04 +1.419047917e+04 +1.419047917e+04
1042 0 +1.254222841e+04 +1.269137841e+04 +1.269137841e+04
1048 0 +8.838414583e+03 +8.987564583e+03 +8.987564583e+03
1062 0 +7.934104083e+03 +8.083254083e+03 +8.083254083e+03
18076 0 +5.722809718e+03 +5.871959718e+03 +5.871959718e+03
22462 0 +5.484570370e+03 +5.633720370e+03 +5.633720370e+03
25813 0 +4.906750601e+03 +5.055900601e+03 +5.055900601e+03
25817 0 +4.108732724e+03 +4.257882724e+03 +4.257882724e+03
25823 0 +3.762013284e+03 +3.911163284e+03 +3.911163284e+03
25829 0 +2.469098129e+03 +2.618248129e+03 +2.618248129e+03
25838 0 +2.151960744e+03 +2.301110744e+03 +2.301110744e+03
25850 0 +1.952806704e+03 +2.101956704e+03 +2.101956704e+03
25855 0 +1.503814422e+03 +1.652964422e+03 +1.652964422e+03
25861 0 +1.203653759e+03 +1.352803759e+03 +1.352803759e+03
25868 0 +7.280824535e+02 +8.772324535e+02 +8.772324535e+02
25925 0 +6.515253709e+02 +8.006753709e+02 +8.006753709e+02
25951 0 +4.891046765e+02 +6.382546765e+02 +6.382546765e+02
25953 0 +3.357395914e+02 +4.848895914e+02 +4.848895914e+02
25989 0 +2.509816348e+02 +4.001316348e+02 +4.001316348e+02
26029 0 +2.114328641e+02 +3.605828641e+02 +3.605828641e+02
26135 0 +1.748854418e+02 +3.240354418e+02 +3.240354418e+02
26141 0 +1.549733182e+02 +3.041233182e+02 +3.041233182e+02
26152 0 +1.402145267e+02 +2.893645267e+02 +2.893645267e+02
26190 0 +1.252936593e+02 +2.744436593e+02 +2.744436593e+02
26193 0 +1.017069607e+02 +2.508569607e+02 +2.508569607e+02
26228 0 +9.360043015e+01 +2.427504301e+02 +2.427504301e+02
26266 0 +8.478898337e+01 +2.339389834e+02 +2.339389834e+02
26304 0 +7.472200001e+01 +2.238720000e+02 +2.238720000e+02
26404 0 +6.801398753e+01 +2.171639875e+02 +2.171639875e+02
26408 0 +6.299716708e+01 +2.121471671e+02 +2.121471671e+02
26413 0 +5.071637980e+01 +1.998663798e+02 +1.998663798e+02
26417 0 +4.790639222e+01 +1.970563922e+02 +1.970563922e+02
26426 0 +3.887681887e+01 +1.880268189e+02 +1.880268189e+02
26428 0 +3.369254457e+01 +1.828425446e+02 +1.828425446e+02
26446 0 +3.140699271e+01 +1.805569927e+02 +1.805569927e+02
26458 0 +2.487637701e+01 +1.740263770e+02 +1.740263770e+02
26525 0 +2.171357996e+01 +1.708635800e+02 +1.708635800e+02
26527 0 +1.877320941e+01 +1.679232094e+02 +1.679232094e+02
26537 0 +1.625500761e+01 +1.654050076e+02 +1.654050076e+02
26544 0 +1.475235002e+01 +1.639023500e+02 +1.639023500e+02
26548 0 +1.372025381e+01 +1.628702538e+02 +1.628702538e+02
26550 0 +1.066515245e+01 +1.598151524e+02 +1.598151524e+02
26554 0 +9.764897709e+00 +1.589148977e+02 +1.589148977e+02
26556 0 +8.499508100e+00 +1.576495081e+02 +1.576495081e+02
26558 0 +7.824174622e+00 +1.569741746e+02 +1.569741746e+02
26592 0 +7.051890229e+00 +1.562018902e+02 +1.562018902e+02
26630 0 +5.860331113e+00 +1.550103311e+02 +1.550103311e+02
26668 0 +5.412869969e+00 +1.545628700e+02 +1.545628700e+02
26725 0 +4.579143613e+00 +1.537291436e+02 +1.537291436e+02
26727 0 +4.350767029e+00 +1.535007670e+02 +1.535007670e+02
26746 0 +3.723415088e+00 +1.528734151e+02 +1.528734151e+02
26754 0 +3.190550082e+00 +1.523405501e+02 +1.523405501e+02
26756 0 +3.076933679e+00 +1.522269337e+02 +1.522269337e+02
26778 0 +2.806928709e+00 +1.519569287e+02 +1.519569287e+02
26794 0 +2.422132117e+00 +1.515721321e+02 +1.515721321e+02
26830 0 +2.067459541e+00 +1.512174595e+02 +1.512174595e+02
26885 0 +1.854611426e+00 +1.510046114e+02 +1.510046114e+02
26891 0 +1.769001951e+00 +1.509190020e+02 +1.509190020e+02
26915 0 +1.546148403e+00 +1.506961484e+02 +1.506961484e+02
26963 0 +1.408053360e+00 +1.505580534e+02 +1.505580534e+02
27190 0 +1.255406582e+00 +1.504054066e+02 +1.504054066e+02
35121 0 +1.121983472e+00 +1.502719835e+02 +1.502719835e+02
52561 0 +9.999544028e-01 +1.501499544e+02 +1.501499544e+02
68521 0 +8.912465168e-01 +1.500412465e+02 +1.500412465e+02
83161 0 +7.943080791e-01 +1.499443081e+02 +1.499443081e+02
96601 0 +7.078901338e-01 +1.498578901e+02 +1.498578901e+02
108921 0 +6.308686330e-01 +1.497808686e+02 +1.497808686e+02
120281 0 +5.622163370e-01 +1.497122163e+02 +1.497122163e+02
130721 0 +5.011173549e-01 +1.496511174e+02 +1.496511174e+02
140321 0 +4.465604179e-01 +1.495965604e+02 +1.495965604e+02
149197 0 +3.981012050e-01 +1.495481012e+02 +1.495481012e+02
157361 0 +3.548037028e-01 +1.495048037e+02 +1.495048037e+02
164881 0 +3.160750281e-01 +1.494660750e+02 +1.494660750e+02
171841 0 +2.818360290e-01 +1.494318360e+02 +1.494318360e+02
178319 0 +2.511513838e-01 +1.494011514e+02 +1.494011514e+02
184241 0 +2.236811688e-01 +1.493736812e+02 +1.493736812e+02
189761 0 +1.995076563e-01 +1.493495077e+02 +1.493495077e+02
194881 0 +1.776903450e-01 +1.493276903e+02 +1.493276903e+02
199601 0 +1.584727167e-01 +1.493084727e+02 +1.493084727e+02
200000 0 +1.570396441e-01 +1.493070396e+02 +1.493070396e+02
% f evaluations | g evaluations | best noise-free fitness - Fopt (-1.000000000000e+03) + sum g_i+ | measured fitness | best measured fitness or single-digit g-values | x1 | x2...
1 0 +7.833729069e+04 +7.733729069e+04 +7.733729069e+04
2 0 +7.106069410e+04 +7.006069410e+04 +7.006069410e+04
3 0 +4.740613433e+04 +4.640613433e+04 +4.640613433e+04
16 0 +3.520399788e+04 +3.420399788e+04 +3.420399788e+04
8520 0 +2.604934895e+04 +2.504934895e+04 +2.504934895e+04
8576 0 +2.366648643e+04 +2.266648643e+04 +2.266648643e+04
11414 0 +2.166822998e+04 +2.066822998e+04 +2.066822998e+04
14751 0 +1.893114854e+04 +1.793114854e+04 +1.793114854e+04
16518 0 +1.772968280e+04 +1.672968280e+04 +1.672968280e+04
16574 0 +1.580488363e+04 +1.480488363e+04 +1.480488363e+04
21494 0 +1.393564074e+04 +1.293564074e+04 +1.293564074e+04
22268 0 +1.253154327e+04 +1.153154327e+04 +1.153154327e+04
25815 0 +1.112515328e+04 +1.012515328e+04 +1.012515328e+04
25817 0 +8.759803480e+03 +7.759803480e+03 +7.759803480e+03
25825 0 +7.077847452e+03 +6.077847452e+03 +6.077847452e+03
25832 0 +6.251853347e+03 +5.251853347e+03 +5.251853347e+03
25833 0 +5.505503481e+03 +4.505503481e+03 +4.505503481e+03
25839 0 +2.023657844e+03 +1.023657844e+03 +1.023657844e+03
25842 0 +1.893310292e+03 +8.933102916e+02 +8.933102916e+02
25849 0 +1.446212537e+03 +4.462125370e+02 +4.462125370e+02
25857 0 +1.305557485e+03 +3.055574845e+02 +3.055574845e+02
25867 0 +1.125453164e+03 +1.254531642e+02 +1.254531642e+02
25877 0 +6.030224872e+02 -3.969775128e+02 -3.969775128e+02
25895 0 +4.830304454e+02 -5.169695546e+02 -5.169695546e+02
25943 0 +3.540275353e+02 -6.459724647e+02 -6.459724647e+02
26036 0 +2.747560357e+02 -7.252439643e+02 -7.252439643e+02
26051 0 +2.046092759e+02 -7.953907241e+02 -7.953907241e+02
26126 0 +1.982007441e+02 -8.017992559e+02 -8.017992559e+02
26151 0 +1.718778472e+02 -8.281221528e+02 -8.281221528e+02
26158 0 +1.455926079e+02 -8.544073921e+02 -8.544073921e+02
26163 0 +1.409991664e+02 -8.590008336e+02 -8.590008336e+02
26196 0 +1.236115940e+02 -8.763884060e+02 -8.763884060e+02
26234 0 +1.110532566e+02 -8.889467434e+02 -8.889467434e+02
26350 0 +9.898966474e+01 -9.010103353e+02 -9.010103353e+02
26526 0 +8.895793789e+01 -9.110420621e+02 -9.110420621e+02
26717 0 +7.923837857e+01 -9.207616214e+02 -9.207616214e+02
31614 0 +7.077388717e+01 -9.292261128e+02 -9.292261128e+02
32534 0 +6.298933909e+01 -9.370106609e+02 -9.370106609e+02
32974 0 +5.612127241e+01 -9.438787276e+02 -9.438787276e+02
33294 0 +4.997718982e+01 -9.500228102e+02 -9.500228102e+02
33536 0 +4.437255531e+01 -9.556274447e+02 -9.556274447e+02
33736 0 +3.974080401e+01 -9.602591960e+02 -9.602591960e+02
33936 0 +3.505828068e+01 -9.649417193e+02 -9.649417193e+02
34096 0 +3.138015895e+01 -9.686198410e+02 -9.686198410e+02
34256 0 +2.777093862e+01 -9.722290614e+02 -9.722290614e+02
34412 0 +2.511463582e+01 -9.748853642e+02 -9.748853642e+02
34536 0 +2.192265282e+01 -9.780773472e+02 -9.780773472e+02
34656 0 +1.971680352e+01 -9.802831965e+02 -9.802831965e+02
34776 0 +1.748020561e+01 -9.825197944e+02 -9.825197944e+02
34896 0 +1.543480970e+01 -9.845651903e+02 -9.845651903e+02
34980 0 +1.412491661e+01 -9.858750834e+02 -9.858750834e+02
35096 0 +1.228375668e+01 -9.877162433e+02 -9.877162433e+02
35176 0 +1.114300699e+01 -9.888569930e+02 -9.888569930e+02
35296 0 +9.580139303e+00 -9.904198607e+02 -9.904198607e+02
35376 0 +8.678713249e+00 -9.913212868e+02 -9.913212868e+02
35456 0 +7.828454736e+00 -9.921715453e+02 -9.921715453e+02
35576 0 +6.806149981e+00 -9.931938500e+02 -9.931938500e+02
35656 0 +6.246550503e+00 -9.937534495e+02 -9.937534495e+02
35776 0 +5.591386493e+00 -9.944086135e+02 -9.944086135e+02
42961 0 +5.011551368e+00 -9.949884486e+02 -9.949884486e+02
116961 0 +4.466767602e+00 -9.955332324e+02 -9.955332324e+02
200000 0 +4.080173471e+00 -9.959198265e+02 -9.959198265e+02
% f evaluations | g evaluations | best noise-free fitness - Fopt (9.862000000000e+01) + sum g_i+ | measured fitness | best measured fitness or single-digit g-values | x1 | x2...
1 0 +8.336090154e+04 +8.345952154e+04 +8.345952154e+04
6 0 +7.459523097e+04 +7.469385097e+04 +7.469385097e+04
10 0 +6.729370765e+04 +6.739232765e+04 +6.739232765e+04
31 0 +5.888673628e+04 +5.898535628e+04 +5.898535628e+04
782 0 +5.367134217e+04 +5.376996217e+04 +5.376996217e+04
819 0 +4.891958899e+04 +4.901820899e+04 +4.901820899e+04
3399 0 +4.151846245e+04 +4.161708245e+04 +4.161708245e+04
8555 0 +3.892815443e+04 +3.902677443e+04 +3.902677443e+04
8559 0 +3.535455324e+04 +3.545317324e+04 +3.545317324e+04
12171 0 +3.077782247e+04 +3.087644247e+04 +3.087644247e+04
17292 0 +2.806364951e+04 +2.816226951e+04 +2.816226951e+04
17331 0 +2.339695376e+04 +2.349557376e+04 +2.349557376e+04
24297 0 +2.117035365e+04 +2.126897365e+04 +2.126897365e+04
25819 0 +1.988817030e+04 +1.998679030e+04 +1.998679030e+04
25825 0 +1.594523620e+04 +1.604385620e+04 +1.604385620e+04
25828 0 +1.533137808e+04 +1.542999808e+04 +1.542999808e+04
25831 0 +1.387540955e+04 +1.397402955e+04 +1.397402955e+04
25833 0 +5.612454394e+03 +5.711074394e+03 +5.711074394e+03
25836 0 +4.626237091e+03 +4.724857091e+03 +4.724857091e+03
25840 0 +4.184579603e+03 +4.283199603e+03 +4.283199603e+03
25843 0 +3.763070498e+03 +3.861690498e+03 +3.861690498e+03
25845 0 +3.475858378e+03 +3.574478378e+03 +3.574478378e+03
25864 0 +2.954169835e+03 +3.052789835e+03 +3.052789835e+03
25865 0 +2.639120371e+03 +2.737740371e+03 +2.737740371e+03
25869 0 +2.341621496e+03 +2.440241496e+03 +2.440241496e+03
25873 0 +9.016149974e+02 +1.000234997e+03 +1.000234997e+03
25883 0 +8.790947681e+02 +9.777147681e+02 +9.777147681e+02
25895 0 +7.413689017e+02 +8.399889017e+02 +8.399889017e+02
25911 0 +3.545483252e+02 +4.531683252e+02 +4.531683252e+02
25913 0 +2.518920784e+02 +3.505120784e+02 +3.505120784e+02
25934 0 +1.846871870e+02 +2.833071870e+02 +2.833071870e+02
26008 0 +1.674813372e+02 +2.661013372e+02 +2.661013372e+02
26015 0 +1.532608772e+02 +2.518808772e+02 +2.518808772e+02
26034 0 +1.185633116e+02 +2.171833116e+02 +2.171833116e+02
26078 0 +1.044033859e+02 +2.030233859e+02 +2.030233859e+02
26130 0 +9.992625542e+01 +1.985462554e+02 +1.985462554e+02
26162 0 +8.829232957e+01 +1.869123296e+02 +1.869123296e+02
26222 0 +7.927185038e+01 +1.778918504e+02 +1.778918504e+02
26711 0 +7.074166545e+01 +1.693616655e+02 +1.693616655e+02
28143 0 +6.301568395e+01 +1.616356839e+02 +1.616356839e+02
28623 0 +5.621172726e+01 +1.548317273e+02 +1.548317273e+02
28949 0 +5.009324239e+01 +1.487132424e+02 +1.487132424e+02
29227 0 +4.461474111e+01 +1.432347411e+02 +1.432347411e+02
29465 0 +3.972824806e+01 +1.383482481e+02 +1.383482481e+02
29665 0 +3.541793286e+01 +1.340379329e+02 +1.340379329e+02
29831 0 +3.153709643e+01 +1.301570964e+02 +1.301570964e+02
30025 0 +2.816905730e+01 +1.267890573e+02 +1.267890573e+02
30189 0 +2.495783372e+01 +1.235778337e+02 +1.235778337e+02
30351 0 +2.231172268e+01 +1.209317227e+02 +1.209317227e+02
30547 0 +1.981992984e+01 +1.184399298e+02 +1.184399298e+02
30745 0 +1.772898648e+01 +1.163489865e+02 +1.163489865e+02
30987 0 +1.582693787e+01 +1.144469379e+02 +1.144469379e+02
33172 0 +1.411813514e+01 +1.127381351e+02 +1.127381351e+02
37012 0 +1.258782599e+01 +1.112078260e+02 +1.112078260e+02
40378 0 +1.121515431e+01 +1.098351543e+02 +1.098351543e+02
43380 0 +9.994143216e+00 +1.086141432e+02 +1.086141432e+02
46064 0 +8.911305654e+00 +1.075313057e+02 +1.075313057e+02
48424 0 +7.936226622e+00 +1.065562266e+02 +1.065562266e+02
50576 0 +7.078054653e+00 +1.056980547e+02 +1.056980547e+02
52468 0 +6.301794739e+00 +1.049217947e+02 +1.049217947e+02
54184 0 +5.622100928e+00 +1.042421009e+02 +1.042421009e+02
55710 0 +5.003924506e+00 +1.036239245e+02 +1.036239245e+02
56992 0 +4.465968884e+00 +1.030859689e+02 +1.030859689e+02
58232 0 +3.975595438e+00 +1.025955954e+02 +1.025955954e+02
59312 0 +3.544574771e+00 +1.021645748e+02 +1.021645748e+02
60264 0 +3.158110161e+00 +1.017781102e+02 +1.017781102e+02
61116 0 +2.818116298e+00 +1.014381163e+02 +1.014381163e+02
61876 0 +2.510753742e+00 +1.011307537e+02 +1.011307537e+02
62518 0 +2.238665172e+00 +1.008586652e+02 +1.008586652e+02
63192 0 +1.993425776e+00 +1.006134258e+02 +1.006134258e+02
63712 0 +1.777467572e+00 +1.003974676e+02 +1.003974676e+02
64230 0 +1.584452537e+00 +1.002044525e+02 +1.002044525e+02
64676 0 +1.411854931e+00 +1.000318549e+02 +1.000318549e+02
65116 0 +1.258559483e+00 +9.987855948e+01 +9.987855948e+01
65560 0 +1.121940600e+00 +9.974194060e+01 +9.974194060e+01
65958 0 +9.984609641e-01 +9.961846096e+01 +9.961846096e+01
66358 0 +8.902896016e-01 +9.951028960e+01 +9.951028960e+01
66638 0 +7.940325373e-01 +9.941403254e+01 +9.941403254e+01
66998 0 +7.069705709e-01 +9.932697057e+01 +9.932697057e+01
67360 0 +6.296326114e-01 +9.924963261e+01 +9.924963261e+01
67960 0 +5.604180627e-01 +9.918041806e+01 +9.918041806e+01
68636 0 +5.001239314e-01 +9.912012393e+01 +9.912012393e+01
69238 0 +4.461243856e-01 +9.906612439e+01 +9.906612439e+01
69840 0 +3.960854764e-01 +9.901608548e+01 +9.901608548e+01
70356 0 +3.546734121e-01 +9.897467341e+01 +9.897467341e+01
70920 0 +3.147337047e-01 +9.893473370e+01 +9.893473370e+01
71438 0 +2.818047443e-01 +9.890180474e+01 +9.890180474e+01
72036 0 +2.511114876e-01 +9.887111149e+01 +9.887111149e+01
73002 0 +2.234922217e-01 +9.884349222e+01 +9.884349222e+01
74122 0 +1.993803786e-01 +9.881938038e+01 +9.881938038e+01
75162 0 +1.776664075e-01 +9.879766641e+01 +9.879766641e+01
76202 0 +1.582575677e-01 +9.877825757e+01 +9.877825757e+01
77242 0 +1.409071631e-01 +9.876090716e+01 +9.876090716e+01
78202 0 +1.256234057e-01 +9.874562341e+01 +9.874562341e+01
79234 0 +1.119291462e-01 +9.873192915e+01 +9.873192915e+01
80162 0 +9.989406423e-02 +9.871989406e+01 +9.871989406e+01
81042 0 +8.898991285e-02 +9.870898991e+01 +9.870898991e+01
82428 0 +7.936992037e-02 +9.869936992e+01 +9.869936992e+01
84070 0 +7.076599288e-02 +9.869076599e+01 +9.869076599e+01
85682 0 +6.304115238e-02 +9.868304115e+01 +9.868304115e+01
87242 0 +5.619954636e-02 +9.867619955e+01 +9.867619955e+01
88642 0 +5.008364839e-02 +9.867008365e+01 +9.867008365e+01
90082 0 +4.462945630e-02 +9.866462946e+01 +9.866462946e+01
91442 0 +3.979355473e-02 +9.865979355e+01 +9.865979355e+01
92802 0 +3.544658809e-02 +9.865544659e+01 +9.865544659e+01
94042 0 +3.159322096e-02 +9.865159322e+01 +9.865159322e+01
95236 0 +2.818211378e-02 +9.864818211e+01 +9.864818211e+01
96320 0 +2.510000306e-02 +9.864510000e+01 +9.864510000e+01
97360 0 +2.236864721e-02 +9.864236865e+01 +9.864236865e+01
99400 0 +1.993637426e-02 +9.863993637e+01 +9.863993637e+01
101322 0 +1.776294130e-02 +9.863776294e+01 +9.863776294e+01
103162 0 +1.583149105e-02 +9.863583149e+01 +9.863583149e+01
104922 0 +1.409178652e-02 +9.863409179e+01 +9.863409179e+01
106600 0 +1.258907565e-02 +9.863258908e+01 +9.863258908e+01
108242 0 +1.120914190e-02 +9.863120914e+01 +9.863120914e+01
109762 0 +9.987385018e-03 +9.862998739e+01 +9.862998739e+01
111202 0 +8.902162931e-03 +9.862890216e+01 +9.862890216e+01
112562 0 +7.924698349e-03 +9.862792470e+01 +9.862792470e+01
113842 0 +7.066554764e-03 +9.862706655e+01 +9.862706655e+01
116118 0 +6.307778735e-03 +9.862630778e+01 +9.862630778e+01
118440 0 +5.623242867e-03 +9.862562324e+01 +9.862562324e+01
120642 0 +5.004424162e-03 +9.862500442e+01 +9.862500442e+01
122802 0 +4.458922213e-03 +9.862445892e+01 +9.862445892e+01
124722 0 +3.978138762e-03 +9.862397814e+01 +9.862397814e+01
126602 0 +3.543619526e-03 +9.862354362e+01 +9.862354362e+01
128442 0 +3.158097077e-03 +9.862315810e+01 +9.862315810e+01
130156 0 +2.813832619e-03 +9.862281383e+01 +9.862281383e+01
131722 0 +2.508542035e-03 +9.862250854e+01 +9.862250854e+01
133322 0 +2.237077369e-03 +9.862223708e+01 +9.862223708e+01
134752 0 +1.991554853e-03 +9.862199155e+01 +9.862199155e+01
136230 0 +1.778277199e-03 +9.862177828e+01 +9.862177828e+01
138722 0 +1.583202247e-03 +9.862158320e+01 +9.862158320e+01
141162 0 +1.410482236e-03 +9.862141048e+01 +9.862141048e+01
143480 0 +1.258557152e-03 +9.862125856e+01 +9.862125856e+01
145718 0 +1.121097418e-03 +9.862112110e+01 +9.862112110e+01
147722 0 +9.989959606e-04 +9.862099900e+01 +9.862099900e+01
149642 0 +8.906042927e-04 +9.862089060e+01 +9.862089060e+01
151520 0 +7.942728496e-04 +9.862079427e+01 +9.862079427e+01
153282 0 +7.075594235e-04 +9.862070756e+01 +9.862070756e+01
154958 0 +6.303552426e-04 +9.862063036e+01 +9.862063036e+01
156518 0 +5.621119927e-04 +9.862056211e+01 +9.862056211e+01
157960 0 +5.011864889e-04 +9.862050119e+01 +9.862050119e+01
160682 0 +4.465340016e-04 +9.862044653e+01 +9.862044653e+01
163362 0 +3.979957094e-04 +9.862039800e+01 +9.862039800e+01
165842 0 +3.545702072e-04 +9.862035457e+01 +9.862035457e+01
168200 0 +3.162044311e-04 +9.862031620e+01 +9.862031620e+01
170402 0 +2.816546150e-04 +9.862028165e+01 +9.862028165e+01
172562 0 +2.510836754e-04 +9.862025108e+01 +9.862025108e+01
174602 0 +2.238157746e-04 +9.862022382e+01 +9.862022382e+01
176442 0 +1.994992747e-04 +9.862019950e+01 +9.862019950e+01
178196 0 +1.775857736e-04 +9.862017759e+01 +9.862017759e+01
179842 0 +1.583389089e-04 +9.862015834e+01 +9.862015834e+01
181520 0 +1.409923285e-04 +9.862014099e+01 +9.862014099e+01
182962 0 +1.257366361e-04 +9.862012574e+01 +9.862012574e+01
184802 0 +1.121328077e-04 +9.862011213e+01 +9.862011213e+01
187518 0 +9.995678306e-05 +9.862009996e+01 +9.862009996e+01
190038 0 +8.906665479e-05 +9.862008907e+01 +9.862008907e+01
192402 0 +7.933053301e-05 +9.862007933e+01 +9.862007933e+01
194642 0 +7.075086400e-05 +9.862007075e+01 +9.862007075e+01
196762 0 +6.302447929e-05 +9.862006302e+01 +9.862006302e+01
198802 0 +5.621207124e-05 +9.862005621e+01 +9.862005621e+01
200000 0 +5.248167915e-05 +9.862005248e+01 +9.862005248e+01
% f evaluations | g evaluations | best noise-free fitness - Fopt (-4.715000000000e+01) + sum g_i+ | measured fitness | best measured fitness or single-digit g-values | x1 | x2...
1 0 +6.909617088e+04 +6.904902088e+04 +6.904902088e+04
3 0 +6.188674549e+04 +6.183959549e+04 +6.183959549e+04
25 0 +5.623278701e+04 +5.618563701e+04 +5.618563701e+04
781 0 +4.534936885e+04 +4.530221885e+04 +4.530221885e+04
847 0 +4.244961937e+04 +4.240246937e+04 +4.240246937e+04
2871 0 +3.838333316e+04 +3.833618316e+04 +3.833618316e+04
7555 0 +3.377704252e+04 +3.372989252e+04 +3.372989252e+04
9553 0 +3.071400118e+04 +3.066685118e+04 +3.066685118e+04
12708 0 +2.642818331e+04 +2.638103331e+04 +2.638103331e+04
12756 0 +2.464607459e+04 +2.459892459e+04 +2.459892459e+04
17807 0 +2.192195169e+04 +2.187480169e+04 +2.187480169e+04
18325 0 +1.878794626e+04 +1.874079626e+04 +1.874079626e+04
23483 0 +1.741464705e+04 +1.736749705e+04 +1.736749705e+04
23544 0 +1.579522741e+04 +1.574807741e+04 +1.574807741e+04
25817 0 +1.207539488e+04 +1.202824488e+04 +1.202824488e+04
25821 0 +1.084143588e+04 +1.079428588e+04 +1.079428588e+04
25825 0 +7.858312715e+03 +7.811162715e+03 +7.811162715e+03
25829 0 +5.969699668e+03 +5.922549668e+03 +5.922549668e+03
25832 0 +5.519940227e+03 +5.472790227e+03 +5.472790227e+03
25833 0 +4.725489552e+03 +4.678339552e+03 +4.678339552e+03
25835 0 +2.908813637e+03 +2.861663637e+03 +2.861663637e+03
25837 0 +2.736334355e+03 +2.689184355e+03 +2.689184355e+03
25845 0 +2.418329976e+03 +2.371179976e+03 +2.371179976e+03
25854 0 +2.001435554e+03 +1.954285554e+03 +1.954285554e+03
25859 0 +1.614756313e+03 +1.567606313e+03 +1.567606313e+03
25864 0 +1.536346952e+03 +1.489196952e+03 +1.489196952e+03
25865 0 +1.215574922e+03 +1.168424922e+03 +1.168424922e+03
25885 0 +1.088094684e+03 +1.040944684e+03 +1.040944684e+03
25897 0 +9.258709795e+02 +8.787209795e+02 +8.787209795e+02
25912 0 +8.162361777e+02 +7.690861777e+02 +7.690861777e+02
25913 0 +7.629563923e+02 +7.158063923e+02 +7.158063923e+02
25935 0 +3.919206043e+02 +3.447706043e+02 +3.447706043e+02
25951 0 +2.883898044e+02 +2.412398044e+02 +2.412398044e+02
25974 0 +2.400912631e+02 +1.929412631e+02 +1.929412631e+02
26069 0 +1.934292033e+02 +1.462792033e+02 +1.462792033e+02
26081 0 +1.773389809e+02 +1.301889809e+02 +1.301889809e+02
26201 0 +1.428679248e+02 +9.571792476e+01 +9.571792476e+01
26219 0 +1.278066278e+02 +8.065662785e+01 +8.065662785e+01
26241 0 +1.245697815e+02 +7.741978145e+01 +7.741978145e+01
26263 0 +1.120743063e+02 +6.492430628e+01 +6.492430628e+01
26299 0 +9.830458613e+01 +5.115458613e+01 +5.115458613e+01
26335 0 +8.591038203e+01 +3.876038203e+01 +3.876038203e+01
26439 0 +7.570860250e+01 +2.855860250e+01 +2.855860250e+01
26541 0 +7.072226389e+01 +2.357226389e+01 +2.357226389e+01
26633 0 +6.299279649e+01 +1.584279649e+01 +1.584279649e+01
26679 0 +5.529053143e+01 +8.140531431e+00 +8.140531431e+00
26719 0 +4.961072958e+01 +2.460729584e+00 +2.460729584e+00
26759 0 +4.367343582e+01 -3.476564183e+00 -3.476564183e+00
26797 0 +3.975227069e+01 -7.397729306e+00 -7.397729306e+00
26835 0 +3.515239872e+01 -1.199760128e+01 -1.199760128e+01
26841 0 +3.014715246e+01 -1.700284754e+01 -1.700284754e+01
26879 0 +2.627677375e+01 -2.087322625e+01 -2.087322625e+01
26881 0 +2.511161551e+01 -2.203838449e+01 -2.203838449e+01
26919 0 +2.197216630e+01 -2.517783370e+01 -2.517783370e+01
26959 0 +1.891998136e+01 -2.823001864e+01 -2.823001864e+01
26999 0 +1.744347767e+01 -2.970652233e+01 -2.970652233e+01
28530 0 +1.584628343e+01 -3.130371657e+01 -3.130371657e+01
32248 0 +1.412409388e+01 -3.302590612e+01 -3.302590612e+01
36054 0 +1.258291522e+01 -3.456708478e+01 -3.456708478e+01
39450 0 +1.121787365e+01 -3.593212635e+01 -3.593212635e+01
42460 0 +9.997663756e+00 -3.715233624e+01 -3.715233624e+01
45180 0 +8.912367367e+00 -3.823763263e+01 -3.823763263e+01
47544 0 +7.935742089e+00 -3.921425791e+01 -3.921425791e+01
49666 0 +7.070710725e+00 -4.007928927e+01 -4.007928927e+01
51548 0 +6.296908317e+00 -4.085309168e+01 -4.085309168e+01
53268 0 +5.612169812e+00 -4.153783019e+01 -4.153783019e+01
54790 0 +5.004505823e+00 -4.214549418e+01 -4.214549418e+01
56112 0 +4.461714321e+00 -4.268828568e+01 -4.268828568e+01
57312 0 +3.973518465e+00 -4.317648154e+01 -4.317648154e+01
58352 0 +3.546936985e+00 -4.360306301e+01 -4.360306301e+01
59314 0 +3.161125743e+00 -4.398887426e+01 -4.398887426e+01
60194 0 +2.814001868e+00 -4.433599813e+01 -4.433599813e+01
60950 0 +2.508278104e+00 -4.464172190e+01 -4.464172190e+01
61596 0 +2.234421875e+00 -4.491557812e+01 -4.491557812e+01
62236 0 +1.995117471e+00 -4.515488253e+01 -4.515488253e+01
62838 0 +1.777516542e+00 -4.537248346e+01 -4.537248346e+01
63278 0 +1.582091436e+00 -4.556790856e+01 -4.556790856e+01
63758 0 +1.410411182e+00 -4.573958882e+01 -4.573958882e+01
64196 0 +1.258238664e+00 -4.589176134e+01 -4.589176134e+01
64600 0 +1.121277188e+00 -4.602872281e+01 -4.602872281e+01
64998 0 +9.999645898e-01 -4.615003541e+01 -4.615003541e+01
65358 0 +8.899219703e-01 -4.626007803e+01 -4.626007803e+01
65718 0 +7.906655230e-01 -4.635933448e+01 -4.635933448e+01
66080 0 +7.079298511e-01 -4.644207015e+01 -4.644207015e+01
66492 0 +6.287062947e-01 -4.652129371e+01 -4.652129371e+01
66760 0 +5.610794572e-01 -4.658892054e+01 -4.658892054e+01
67396 0 +5.010074683e-01 -4.664899253e+01 -4.664899253e+01
67960 0 +4.456430395e-01 -4.670435696e+01 -4.670435696e+01
68558 0 +3.976955870e-01 -4.675230441e+01 -4.675230441e+01
69080 0 +3.540557779e-01 -4.679594422e+01 -4.679594422e+01
69642 0 +3.154753302e-01 -4.683452467e+01 -4.683452467e+01
70202 0 +2.806538587e-01 -4.686934614e+01 -4.686934614e+01
71032 0 +2.511800142e-01 -4.689881999e+01 -4.689881999e+01
72122 0 +2.234197163e-01 -4.692658028e+01 -4.692658028e+01
73202 0 +1.993238022e-01 -4.695067620e+01 -4.695067620e+01
74242 0 +1.777953486e-01 -4.697220465e+01 -4.697220465e+01
75318 0 +1.584126050e-01 -4.699158739e+01 -4.699158739e+01
76322 0 +1.411110700e-01 -4.700888893e+01 -4.700888893e+01
77322 0 +1.258046041e-01 -4.702419540e+01 -4.702419540e+01
78242 0 +1.119402236e-01 -4.703805978e+01 -4.703805978e+01
79196 0 +9.994007128e-02 -4.705005993e+01 -4.705005993e+01
80878 0 +8.912235235e-02 -4.706087765e+01 -4.706087765e+01
82598 0 +7.938633508e-02 -4.707061366e+01 -4.707061366e+01
84202 0 +7.079321698e-02 -4.707920678e+01 -4.707920678e+01
85870 0 +6.304914875e-02 -4.708695085e+01 -4.708695085e+01
87442 0 +5.620582082e-02 -4.709379418e+01 -4.709379418e+01
88842 0 +5.008163869e-02 -4.709991836e+01 -4.709991836e+01
90242 0 +4.465325539e-02 -4.710534674e+01 -4.710534674e+01
91602 0 +3.980512426e-02 -4.711019488e+01 -4.711019488e+01
92920 0 +3.547485038e-02 -4.711452515e+01 -4.711452515e+01
94194 0 +3.161512557e-02 -4.711838487e+01 -4.711838487e+01
96362 0 +2.814553811e-02 -4.712185446e+01 -4.712185446e+01
98562 0 +2.511617659e-02 -4.712488382e+01 -4.712488382e+01
100760 0 +2.237733269e-02 -4.712762267e+01 -4.712762267e+01
102762 0 +1.995162596e-02 -4.713004837e+01 -4.713004837e+01
104802 0 +1.775834112e-02 -4.713224166e+01 -4.713224166e+01
106640 0 +1.584630795e-02 -4.713415369e+01 -4.713415369e+01
108402 0 +1.411576843e-02 -4.713588423e+01 -4.713588423e+01
110082 0 +1.258346096e-02 -4.713741654e+01 -4.713741654e+01
111682 0 +1.118864119e-02 -4.713881136e+01 -4.713881136e+01
113202 0 +9.995614957e-03 -4.714000439e+01 -4.714000439e+01
114642 0 +8.901309836e-03 -4.714109869e+01 -4.714109869e+01
116002 0 +7.931089828e-03 -4.714206891e+01 -4.714206891e+01
117682 0 +7.078557399e-03 -4.714292144e+01 -4.714292144e+01
120162 0 +6.308294092e-03 -4.714369171e+01 -4.714369171e+01
122522 0 +5.620536921e-03 -4.714437946e+01 -4.714437946e+01
124722 0 +5.005520138e-03 -4.714499448e+01 -4.714499448e+01
126802 0 +4.461221137e-03 -4.714553878e+01 -4.714553878e+01
128840 0 +3.978371491e-03 -4.714602163e+01 -4.714602163e+01
130722 0 +3.546995433e-03 -4.714645300e+01 -4.714645300e+01
132520 0 +3.160558508e-03 -4.714683944e+01 -4.714683944e+01
134238 0 +2.817477783e-03 -4.714718252e+01 -4.714718252e+01
135842 0 +2.511509897e-03 -4.714748849e+01 -4.714748849e+01
137478 0 +2.236598686e-03 -4.714776340e+01 -4.714776340e+01
139442 0 +1.993587514e-03 -4.714800641e+01 -4.714800641e+01
142202 0 +1.777108075e-03 -4.714822289e+01 -4.714822289e+01
144722 0 +1.582918327e-03 -4.714841708e+01 -4.714841708e+01
147282 0 +1.411469175e-03 -4.714858853e+01 -4.714858853e+01
149518 0 +1.258228092e-03 -4.714874177e+01 -4.714874177e+01
151722 0 +1.121341058e-03 -4.714887866e+01 -4.714887866e+01
153802 0 +9.996406549e-04 -4.714900036e+01 -4.714900036e+01
155716 0 +8.899174490e-04 -4.714911008e+01 -4.714911008e+01
157482 0 +7.933656669e-04 -4.714920663e+01 -4.714920663e+01
159242 0 +7.074129882e-04 -4.714929259e+01 -4.714929259e+01
161038 0 +6.295892171e-04 -4.714937041e+01 -4.714937041e+01
162522 0 +5.607351869e-04 -4.714943926e+01 -4.714943926e+01
164116 0 +5.002748037e-04 -4.714949973e+01 -4.714949973e+01
165482 0 +4.465201819e-04 -4.714955348e+01 -4.714955348e+01
168122 0 +3.980193589e-04 -4.714960198e+01 -4.714960198e+01
170642 0 +3.546540101e-04 -4.714964535e+01 -4.714964535e+01
172992 0 +3.161811736e-04 -4.714968382e+01 -4.714968382e+01
175242 0 +2.815351819e-04 -4.714971846e+01 -4.714971846e+01
177282 0 +2.510870189e-04 -4.714974891e+01 -4.714974891e+01
179320 0 +2.237480044e-04 -4.714977625e+01 -4.714977625e+01
181202 0 +1.994147671e-04 -4.714980059e+01 -4.714980059e+01
183038 0 +1.775974004e-04 -4.714982240e+01 -4.714982240e+01
184678 0 +1.583987885e-04 -4.714984160e+01 -4.714984160e+01
187162 0 +1.412373087e-04 -4.714985876e+01 -4.714985876e+01
190162 0 +1.258903834e-04 -4.714987411e+01 -4.714987411e+01
193042 0 +1.121150523e-04 -4.714988788e+01 -4.714988788e+01
195682 0 +9.990595188e-05 -4.714990009e+01 -4.714990009e+01
198232 0 +8.911353937e-05 -4.714991089e+01 -4.714991089e+01
200000 0 +8.169327016e-05 -4.714991831e+01 -4.714991831e+01
% f evaluations | g evaluations | best noise-free fitness - Fopt (3.752000000000e+01) + sum g_i+ | measured fitness | best measured fitness or single-digit g-values | x1 | x2...
1 0 +3.919146792e+04 +3.922898792e+04 +3.922898792e+04
132 0 +3.134432874e+04 +3.138184874e+04 +3.138184874e+04
207 0 +2.813401573e+04 +2.817153573e+04 +2.817153573e+04
271 0 +2.411161973e+04 +2.414913973e+04 +2.414913973e+04
386 0 +1.831713318e+04 +1.835465318e+04 +1.835465318e+04
25812 0 +1.576299098e+04 +1.580051098e+04 +1.580051098e+04
25818 0 +1.210247570e+04 +1.213999570e+04 +1.213999570e+04
25821 0 +1.076242399e+04 +1.079994399e+04 +1.079994399e+04
25824 0 +9.213536341e+03 +9.251056341e+03 +9.251056341e+03
25828 0 +8.385660824e+03 +8.423180824e+03 +8.423180824e+03
25830 0 +6.664061805e+03 +6.701581805e+03 +6.701581805e+03
25833 0 +6.124136875e+03 +6.161656875e+03 +6.161656875e+03
25837 0 +5.220148084e+03 +5.257668084e+03 +5.257668084e+03
25839 0 +2.539292454e+03 +2.576812454e+03 +2.576812454e+03
25842 0 +2.053633863e+03 +2.091153863e+03 +2.091153863e+03
25844 0 +1.732665027e+03 +1.770185027e+03 +1.770185027e+03
25849 0 +1.542631691e+03 +1.580151691e+03 +1.580151691e+03
25852 0 +1.336816496e+03 +1.374336496e+03 +1.374336496e+03
25858 0 +1.163492383e+03 +1.201012383e+03 +1.201012383e+03
25864 0 +9.810805849e+02 +1.018600585e+03 +1.018600585e+03
25871 0 +7.866356189e+02 +8.241556189e+02 +8.241556189e+02
25879 0 +6.359425687e+02 +6.734625687e+02 +6.734625687e+02
25882 0 +5.413617265e+02 +5.788817265e+02 +5.788817265e+02
25910 0 +3.061919507e+02 +3.437119507e+02 +3.437119507e+02
26010 0 +2.804789429e+02 +3.179989429e+02 +3.179989429e+02
26033 0 +2.284357257e+02 +2.659557257e+02 +2.659557257e+02
26035 0 +9.371035055e+01 +1.312303505e+02 +1.312303505e+02
26099 0 +8.325365455e+01 +1.207736546e+02 +1.207736546e+02
26126 0 +7.780377882e+01 +1.153237788e+02 +1.153237788e+02
26191 0 +6.777107200e+01 +1.052910720e+02 +1.052910720e+02
26229 0 +5.881491093e+01 +9.633491093e+01 +9.633491093e+01
26267 0 +5.592645643e+01 +9.344645643e+01 +9.344645643e+01
26271 0 +4.927897987e+01 +8.679897987e+01 +8.679897987e+01
26273 0 +4.113876468e+01 +7.865876468e+01 +7.865876468e+01
26275 0 +3.506176869e+01 +7.258176869e+01 +7.258176869e+01
26311 0 +3.104301712e+01 +6.856301712e+01 +6.856301712e+01
26313 0 +2.683932656e+01 +6.435932656e+01 +6.435932656e+01
26365 0 +2.506859864e+01 +6.258859864e+01 +6.258859864e+01
26383 0 +2.099035302e+01 +5.851035302e+01 +5.851035302e+01
26388 0 +1.886119644e+01 +5.638119644e+01 +5.638119644e+01
26454 0 +1.776737686e+01 +5.528737686e+01 +5.528737686e+01
26770 0 +1.584841397e+01 +5.336841397e+01 +5.336841397e+01
28892 0 +1.411449082e+01 +5.163449082e+01 +5.163449082e+01
32532 0 +1.258742931e+01 +5.010742931e+01 +5.010742931e+01
35858 0 +1.121289246e+01 +4.873289246e+01 +4.873289246e+01
38902 0 +9.997784777e+00 +4.751778478e+01 +4.751778478e+01
41622 0 +8.906853629e+00 +4.642685363e+01 +4.642685363e+01
43984 0 +7.943167888e+00 +4.546316789e+01 +4.546316789e+01
46146 0 +7.071686222e+00 +4.459168622e+01 +4.459168622e+01
47948 0 +6.306757575e+00 +4.382675758e+01 +4.382675758e+01
49708 0 +5.617133673e+00 +4.313713367e+01 +4.313713367e+01
51228 0 +5.009589525e+00 +4.252958952e+01 +4.252958952e+01
52514 0 +4.466057987e+00 +4.198605799e+01 +4.198605799e+01
53752 0 +3.977742765e+00 +4.149774276e+01 +4.149774276e+01
54792 0 +3.547681004e+00 +4.106768100e+01 +4.106768100e+01
55788 0 +3.160268741e+00 +4.068026874e+01 +4.068026874e+01
56630 0 +2.814330558e+00 +4.033433056e+01 +4.033433056e+01
57388 0 +2.511467851e+00 +4.003146785e+01 +4.003146785e+01
58076 0 +2.230460532e+00 +3.975046053e+01 +3.975046053e+01
58676 0 +1.990862981e+00 +3.951086298e+01 +3.951086298e+01
59236 0 +1.774665613e+00 +3.929466561e+01 +3.929466561e+01
59756 0 +1.582772271e+00 +3.910277227e+01 +3.910277227e+01
60158 0 +1.409613345e+00 +3.892961334e+01 +3.892961334e+01
60678 0 +1.254799260e+00 +3.877479926e+01 +3.877479926e+01
61002 0 +1.122008377e+00 +3.864200838e+01 +3.864200838e+01
61396 0 +9.993370957e-01 +3.851933710e+01 +3.851933710e+01
61794 0 +8.910198965e-01 +3.841101990e+01 +3.841101990e+01
62154 0 +7.932914045e-01 +3.831329140e+01 +3.831329140e+01
62454 0 +7.076570616e-01 +3.822765706e+01 +3.822765706e+01
63000 0 +6.295980962e-01 +3.814959810e+01 +3.814959810e+01
63640 0 +5.606535792e-01 +3.808065358e+01 +3.808065358e+01
64278 0 +5.006462524e-01 +3.802064625e+01 +3.802064625e+01
64842 0 +4.461585440e-01 +3.796615854e+01 +3.796615854e+01
65476 0 +3.977762836e-01 +3.791777628e+01 +3.791777628e+01
65962 0 +3.546914600e-01 +3.787469146e+01 +3.787469146e+01
66558 0 +3.157946590e-01 +3.783579466e+01 +3.783579466e+01
67108 0 +2.816200522e-01 +3.780162005e+01 +3.780162005e+01
67678 0 +2.508312911e-01 +3.777083129e+01 +3.777083129e+01
68396 0 +2.236588805e-01 +3.774365888e+01 +3.774365888e+01
69362 0 +1.993887905e-01 +3.771938879e+01 +3.771938879e+01
70442 0 +1.773966386e-01 +3.769739664e+01 +3.769739664e+01
71522 0 +1.581735116e-01 +3.767817351e+01 +3.767817351e+01
72522 0 +1.407133652e-01 +3.766071337e+01 +3.766071337e+01
73522 0 +1.258705586e-01 +3.764587056e+01 +3.764587056e+01
74478 0 +1.121897201e-01 +3.763218972e+01 +3.763218972e+01
75362 0 +9.985581291e-02 +3.761985581e+01 +3.761985581e+01
76322 0 +8.897116025e-02 +3.760897116e+01 +3.760897116e+01
77322 0 +7.933246997e-02 +3.759933247e+01 +3.759933247e+01
78962 0 +7.064291536e-02 +3.759064292e+01 +3.759064292e+01
80562 0 +6.303095976e-02 +3.758303096e+01 +3.758303096e+01
82082 0 +5.617970847e-02 +3.757617971e+01 +3.757617971e+01
83558 0 +5.009664180e-02 +3.757009664e+01 +3.757009664e+01
84922 0 +4.454617535e-02 +3.756454618e+01 +3.756454618e+01
86358 0 +3.975909338e-02 +3.755975909e+01 +3.755975909e+01
87642 0 +3.541528914e-02 +3.755541529e+01 +3.755541529e+01
88802 0 +3.152590331e-02 +3.755152590e+01 +3.755152590e+01
90042 0 +2.816601188e-02 +3.754816601e+01 +3.754816601e+01
91162 0 +2.502409611e-02 +3.754502410e+01 +3.754502410e+01
92320 0 +2.233335646e-02 +3.754233336e+01 +3.754233336e+01
93882 0 +1.993531840e-02 +3.753993532e+01 +3.753993532e+01
95842 0 +1.776981023e-02 +3.753776981e+01 +3.753776981e+01
97642 0 +1.583904477e-02 +3.753583904e+01 +3.753583904e+01
99482 0 +1.412389840e-02 +3.753412390e+01 +3.753412390e+01
101160 0 +1.257559118e-02 +3.753257559e+01 +3.753257559e+01
102722 0 +1.119859287e-02 +3.753119859e+01 +3.753119859e+01
104202 0 +9.989752807e-03 +3.752998975e+01 +3.752998975e+01
106162 0 +8.904746005e-03 +3.752890475e+01 +3.752890475e+01
108922 0 +7.936401446e-03 +3.752793640e+01 +3.752793640e+01
111482 0 +7.079333631e-03 +3.752707933e+01 +3.752707933e+01
114000 0 +6.307072266e-03 +3.752630707e+01 +3.752630707e+01
116282 0 +5.623036233e-03 +3.752562304e+01 +3.752562304e+01
118482 0 +5.011247333e-03 +3.752501125e+01 +3.752501125e+01
120640 0 +4.466200814e-03 +3.752446620e+01 +3.752446620e+01
122720 0 +3.977369403e-03 +3.752397737e+01 +3.752397737e+01
124638 0 +3.545877139e-03 +3.752354588e+01 +3.752354588e+01
126362 0 +3.159598456e-03 +3.752315960e+01 +3.752315960e+01
128040 0 +2.817574497e-03 +3.752281757e+01 +3.752281757e+01
129642 0 +2.509615120e-03 +3.752250962e+01 +3.752250962e+01
131562 0 +2.236563186e-03 +3.752223656e+01 +3.752223656e+01
134402 0 +1.995209132e-03 +3.752199521e+01 +3.752199521e+01
137160 0 +1.777539415e-03 +3.752177754e+01 +3.752177754e+01
139720 0 +1.584211950e-03 +3.752158421e+01 +3.752158421e+01
142122 0 +1.412214783e-03 +3.752141221e+01 +3.752141221e+01
144480 0 +1.258193695e-03 +3.752125819e+01 +3.752125819e+01
146680 0 +1.121889798e-03 +3.752112189e+01 +3.752112189e+01
148682 0 +9.992813123e-04 +3.752099928e+01 +3.752099928e+01
150642 0 +8.910634223e-04 +3.752089106e+01 +3.752089106e+01
152522 0 +7.934418740e-04 +3.752079344e+01 +3.752079344e+01
154232 0 +7.079207552e-04 +3.752070792e+01 +3.752070792e+01
155918 0 +6.298305450e-04 +3.752062983e+01 +3.752062983e+01
157482 0 +5.621220530e-04 +3.752056212e+01 +3.752056212e+01
158962 0 +5.002959861e-04 +3.752050030e+01 +3.752050030e+01
160842 0 +4.464617633e-04 +3.752044646e+01 +3.752044646e+01
163482 0 +3.974935954e-04 +3.752039749e+01 +3.752039749e+01
165962 0 +3.546896079e-04 +3.752035469e+01 +3.752035469e+01
168322 0 +3.159507676e-04 +3.752031595e+01 +3.752031595e+01
170562 0 +2.815230365e-04 +3.752028152e+01 +3.752028152e+01
172682 0 +2.508763878e-04 +3.752025088e+01 +3.752025088e+01
174642 0 +2.237274287e-04 +3.752022373e+01 +3.752022373e+01
176562 0 +1.992290687e-04 +3.752019923e+01 +3.752019923e+01
178318 0 +1.776978139e-04 +3.752017770e+01 +3.752017770e+01
179962 0 +1.584384033e-04 +3.752015844e+01 +3.752015844e+01
181640 0 +1.411663135e-04 +3.752014117e+01 +3.752014117e+01
183188 0 +1.258389429e-04 +3.752012584e+01 +3.752012584e+01
185920 0 +1.121631928e-04 +3.752011216e+01 +3.752011216e+01
188602 0 +9.991781412e-05 +3.752009992e+01 +3.752009992e+01
191122 0 +8.902222005e-05 +3.752008902e+01 +3.752008902e+01
193516 0 +7.939701218e-05 +3.752007940e+01 +3.752007940e+01
195722 0 +7.075348839e-05 +3.752007075e+01 +3.752007075e+01
197882 0 +6.308861145e-05 +3.752006309e+01 +3.752006309e+01
199882 0 +5.618087422e-05 +3.752005618e+01 +3.752005618e+01
200000 0 +5.589966357e-05 +3.752005590e+01 +3.752005590e+01
% f evaluations | g evaluations | best noise-free fitness - Fopt (2.177000000000e+01) + sum g_i+ | measured fitness | best measured fitness or single-digit g-values | x1 | x2...
1 0 +8.659260185e+04 +8.661437185e+04 +8.661437185e+04
30 0 +8.437824592e+04 +8.440001592e+04 +8.440001592e+04
50 0 +6.194459548e+04 +6.196636548e+04 +6.196636548e+04
695 0 +5.413783234e+04 +5.415960234e+04 +5.415960234e+04
1082 0 +4.818209246e+04 +4.820386246e+04 +4.820386246e+04
1851 0 +4.238832468e+04 +4.241009468e+04 +4.241009468e+04
1886 0 +3.140049493e+04 +3.142226493e+04 +3.142226493e+04
11913 0 +2.724242029e+04 +2.726419029e+04 +2.726419029e+04
14308 0 +2.307084923e+04 +2.309261923e+04 +2.309261923e+04
16591 0 +2.069319533e+04 +2.071496533e+04 +2.071496533e+04
17146 0 +1.956732457e+04 +1.958909457e+04 +1.958909457e+04
21694 0 +1.761134049e+04 +1.763311049e+04 +1.763311049e+04
25811 0 +1.393075472e+04 +1.395252472e+04 +1.395252472e+04
25815 0 +1.231847575e+04 +1.234024575e+04 +1.234024575e+04
25821 0 +1.029949404e+04 +1.032126404e+04 +1.032126404e+04
25823 0 +8.871629486e+03 +8.893399486e+03 +8.893399486e+03
25825 0 +5.447251158e+03 +5.469021158e+03 +5.469021158e+03
25831 0 +3.988499181e+03 +4.010269181e+03 +4.010269181e+03
25833 0 +2.698046937e+03 +2.719816937e+03 +2.719816937e+03
25838 0 +2.303223452e+03 +2.324993452e+03 +2.324993452e+03
25848 0 +2.215879166e+03 +2.237649166e+03 +2.237649166e+03
25853 0 +1.589764160e+03 +1.611534160e+03 +1.611534160e+03
25855 0 +1.393078423e+03 +1.414848423e+03 +1.414848423e+03
25867 0 +1.248542936e+03 +1.270312936e+03 +1.270312936e+03
25903 0 +1.095345934e+03 +1.117115934e+03 +1.117115934e+03
25941 0 +7.503739648e+02 +7.721439648e+02 +7.721439648e+02
25980 0 +6.867834657e+02 +7.085534657e+02 +7.085534657e+02
26069 0 +5.272415754e+02 +5.490115754e+02 +5.490115754e+02
26071 0 +4.500757133e+02 +4.718457133e+02 +4.718457133e+02
26073 0 +3.841512212e+02 +4.059212212e+02 +4.059212212e+02
26086 0 +3.467677194e+02 +3.685377194e+02 +3.685377194e+02
26091 0 +3.118878098e+02 +3.336578098e+02 +3.336578098e+02
26238 0 +2.613149633e+02 +2.830849633e+02 +2.830849633e+02
26346 0 +2.500055561e+02 +2.717755561e+02 +2.717755561e+02
26713 0 +2.230835703e+02 +2.448535703e+02 +2.448535703e+02
26831 0 +1.993719060e+02 +2.211419060e+02 +2.211419060e+02
26949 0 +1.762714081e+02 +1.980414081e+02 +1.980414081e+02
27069 0 +1.572387103e+02 +1.790087103e+02 +1.790087103e+02
27359 0 +1.411356334e+02 +1.629056334e+02 +1.629056334e+02
27561 0 +1.256829255e+02 +1.474529255e+02 +1.474529255e+02
27801 0 +1.111788836e+02 +1.329488836e+02 +1.329488836e+02
27961 0 +9.923511436e+01 +1.210051144e+02 +1.210051144e+02
28081 0 +8.892643632e+01 +1.106964363e+02 +1.106964363e+02
28201 0 +7.697089766e+01 +9.874089766e+01 +9.874089766e+01
28281 0 +6.731704932e+01 +8.908704932e+01 +8.908704932e+01
28321 0 +6.213286813e+01 +8.390286813e+01 +8.390286813e+01
28398 0 +5.620625509e+01 +7.797625509e+01 +7.797625509e+01
28439 0 +4.918549792e+01 +7.095549792e+01 +7.095549792e+01
28478 0 +4.420009861e+01 +6.597009861e+01 +6.597009861e+01
28481 0 +3.873511677e+01 +6.050511677e+01 +6.050511677e+01
28521 0 +3.289489494e+01 +5.466489494e+01 +5.466489494e+01
28559 0 +3.124073855e+01 +5.301073855e+01 +5.301073855e+01
28561 0 +2.758516248e+01 +4.935516248e+01 +4.935516248e+01
28601 0 +2.319782785e+01 +4.496782785e+01 +4.496782785e+01
28639 0 +2.230297550e+01 +4.407297550e+01 +4.407297550e+01
28641 0 +1.963167866e+01 +4.140167866e+01 +4.140167866e+01
28681 0 +1.701844007e+01 +3.878844007e+01 +3.878844007e+01
28721 0 +1.559785862e+01 +3.736785862e+01 +3.736785862e+01
29050 0 +1.412277997e+01 +3.589277997e+01 +3.589277997e+01
32414 0 +1.258369129e+01 +3.435369129e+01 +3.435369129e+01
35736 0 +1.121788992e+01 +3.298788992e+01 +3.298788992e+01
38778 0 +9.997330863e+00 +3.176733086e+01 +3.176733086e+01
41462 0 +8.904423142e+00 +3.067442314e+01 +3.067442314e+01
43860 0 +7.940592329e+00 +2.971059233e+01 +2.971059233e+01
46024 0 +7.077298996e+00 +2.884729900e+01 +2.884729900e+01
47788 0 +6.307938602e+00 +2.807793860e+01 +2.807793860e+01
49508 0 +5.619758523e+00 +2.738975852e+01 +2.738975852e+01
51070 0 +5.003957453e+00 +2.677395745e+01 +2.677395745e+01
52312 0 +4.466292617e+00 +2.623629262e+01 +2.623629262e+01
53552 0 +3.977967234e+00 +2.574796723e+01 +2.574796723e+01
54630 0 +3.547068932e+00 +2.531706893e+01 +2.531706893e+01
55634 0 +3.153936158e+00 +2.492393616e+01 +2.492393616e+01
56474 0 +2.815211077e+00 +2.458521108e+01 +2.458521108e+01
57194 0 +2.504358304e+00 +2.427435830e+01 +2.427435830e+01
57836 0 +2.238706279e+00 +2.400870628e+01 +2.400870628e+01
58474 0 +1.994349830e+00 +2.376434983e+01 +2.376434983e+01
59036 0 +1.773627482e+00 +2.354362748e+01 +2.354362748e+01
59556 0 +1.583481938e+00 +2.335348194e+01 +2.335348194e+01
59998 0 +1.405618635e+00 +2.317561863e+01 +2.317561863e+01
60434 0 +1.258061674e+00 +2.302806167e+01 +2.302806167e+01
60838 0 +1.114792586e+00 +2.288479259e+01 +2.288479259e+01
61198 0 +9.985055731e-01 +2.276850557e+01 +2.276850557e+01
61598 0 +8.895784165e-01 +2.265957842e+01 +2.265957842e+01
61958 0 +7.938071817e-01 +2.256380718e+01 +2.256380718e+01
62312 0 +7.065560954e-01 +2.247655610e+01 +2.247655610e+01
62754 0 +6.293302538e-01 +2.239933025e+01 +2.239933025e+01
62920 0 +5.590427373e-01 +2.232904274e+01 +2.232904274e+01
63316 0 +5.003202763e-01 +2.227032028e+01 +2.227032028e+01
63912 0 +4.456810445e-01 +2.221568104e+01 +2.221568104e+01
64482 0 +3.979187909e-01 +2.216791879e+01 +2.216791879e+01
64998 0 +3.546707777e-01 +2.212467078e+01 +2.212467078e+01
65522 0 +3.156502536e-01 +2.208565025e+01 +2.208565025e+01
66080 0 +2.814426431e-01 +2.205144264e+01 +2.205144264e+01
66680 0 +2.511761679e-01 +2.202117617e+01 +2.202117617e+01
67236 0 +2.238446060e-01 +2.199384461e+01 +2.199384461e+01
68280 0 +1.995044794e-01 +2.196950448e+01 +2.196950448e+01
69320 0 +1.776893436e-01 +2.194768934e+01 +2.194768934e+01
70362 0 +1.584885715e-01 +2.192848857e+01 +2.192848857e+01
71322 0 +1.409908287e-01 +2.191099083e+01 +2.191099083e+01
72320 0 +1.258483885e-01 +2.189584839e+01 +2.189584839e+01
73242 0 +1.121162540e-01 +2.188211625e+01 +2.188211625e+01
74202 0 +9.992979178e-02 +2.186992979e+01 +2.186992979e+01
75160 0 +8.908821465e-02 +2.185908821e+01 +2.185908821e+01
76080 0 +7.932554831e-02 +2.184932555e+01 +2.184932555e+01
76762 0 +7.063568892e-02 +2.184063569e+01 +2.184063569e+01
78162 0 +6.300580458e-02 +2.183300580e+01 +2.183300580e+01
79682 0 +5.618709275e-02 +2.182618709e+01 +2.182618709e+01
81238 0 +5.004730350e-02 +2.182004730e+01 +2.182004730e+01
82602 0 +4.455581551e-02 +2.181455582e+01 +2.181455582e+01
83962 0 +3.977971021e-02 +2.180977971e+01 +2.180977971e+01
85278 0 +3.547320420e-02 +2.180547320e+01 +2.180547320e+01
86480 0 +3.161344422e-02 +2.180161344e+01 +2.180161344e+01
87682 0 +2.817999491e-02 +2.179817999e+01 +2.179817999e+01
89120 0 +2.511115022e-02 +2.179511115e+01 +2.179511115e+01
91242 0 +2.238060433e-02 +2.179238060e+01 +2.179238060e+01
93358 0 +1.995014348e-02 +2.178995014e+01 +2.178995014e+01
95202 0 +1.775954546e-02 +2.178775955e+01 +2.178775955e+01
97082 0 +1.583748502e-02 +2.178583749e+01 +2.178583749e+01
98882 0 +1.411447184e-02 +2.178411447e+01 +2.178411447e+01
100522 0 +1.258267263e-02 +2.178258267e+01 +2.178258267e+01
102242 0 +1.120448975e-02 +2.178120449e+01 +2.178120449e+01
103682 0 +9.989724888e-03 +2.177998972e+01 +2.177998972e+01
105122 0 +8.903990465e-03 +2.177890399e+01 +2.177890399e+01
106480 0 +7.938328417e-03 +2.177793833e+01 +2.177793833e+01
107882 0 +7.077367623e-03 +2.177707737e+01 +2.177707737e+01
109638 0 +6.308200313e-03 +2.177630820e+01 +2.177630820e+01
111922 0 +5.621224843e-03 +2.177562122e+01 +2.177562122e+01
114122 0 +5.010828324e-03 +2.177501083e+01 +2.177501083e+01
116202 0 +4.465092677e-03 +2.177446509e+01 +2.177446509e+01
118280 0 +3.977641310e-03 +2.177397764e+01 +2.177397764e+01
120122 0 +3.544950446e-03 +2.177354495e+01 +2.177354495e+01
121920 0 +3.160000578e-03 +2.177316000e+01 +2.177316000e+01
123638 0 +2.817218304e-03 +2.177281722e+01 +2.177281722e+01
125560 0 +2.511547681e-03 +2.177251155e+01 +2.177251155e+01
128562 0 +2.238109368e-03 +2.177223811e+01 +2.177223811e+01
131442 0 +1.993097540e-03 +2.177199310e+01 +2.177199310e+01
134202 0 +1.776784725e-03 +2.177177678e+01 +2.177177678e+01
136794 0 +1.584304427e-03 +2.177158430e+01 +2.177158430e+01
139242 0 +1.411640165e-03 +2.177141164e+01 +2.177141164e+01
141522 0 +1.258332947e-03 +2.177125833e+01 +2.177125833e+01
143682 0 +1.121633524e-03 +2.177112163e+01 +2.177112163e+01
145760 0 +9.992978024e-04 +2.177099930e+01 +2.177099930e+01
147682 0 +8.906015221e-04 +2.177089060e+01 +2.177089060e+01
149522 0 +7.941797268e-04 +2.177079418e+01 +2.177079418e+01
151362 0 +7.074116724e-04 +2.177070741e+01 +2.177070741e+01
152962 0 +6.301911892e-04 +2.177063019e+01 +2.177063019e+01
154560 0 +5.617323001e-04 +2.177056173e+01 +2.177056173e+01
156480 0 +5.011626867e-04 +2.177050116e+01 +2.177050116e+01
159280 0 +4.466654836e-04 +2.177044667e+01 +2.177044667e+01
161958 0 +3.978728404e-04 +2.177039787e+01 +2.177039787e+01
164442 0 +3.544301620e-04 +2.177035443e+01 +2.177035443e+01
166762 0 +3.156210718e-04 +2.177031562e+01 +2.177031562e+01
169000 0 +2.816356909e-04 +2.177028164e+01 +2.177028164e+01
171122 0 +2.510817416e-04 +2.177025108e+01 +2.177025108e+01
173082 0 +2.238171271e-04 +2.177022382e+01 +2.177022382e+01
174998 0 +1.993032928e-04 +2.177019930e+01 +2.177019930e+01
176760 0 +1.776472498e-04 +2.177017765e+01 +2.177017765e+01
178402 0 +1.584747272e-04 +2.177015847e+01 +2.177015847e+01
180002 0 +1.412046215e-04 +2.177014120e+01 +2.177014120e+01
182160 0 +1.258525897e-04 +2.177012585e+01 +2.177012585e+01
184922 0 +1.121488915e-04 +2.177011215e+01 +2.177011215e+01
187602 0 +9.999079157e-05 +2.177009999e+01 +2.177009999e+01
190122 0 +8.906804609e-05 +2.177008907e+01 +2.177008907e+01
192482 0 +7.941380764e-05 +2.177007941e+01 +2.177007941e+01
194800 0 +7.078376647e-05 +2.177007078e+01 +2.177007078e+01
196918 0 +6.306241830e-05 +2.177006306e+01 +2.177006306e+01
198922 0 +5.613094897e-05 +2.177005613e+01 +2.177005613e+01
200000 0 +5.283504176e-05 +2.177005284e+01 +2.177005284e+01
% f evaluations | g evaluations | best noise-free fitness - Fopt (6.603000000000e+01) + sum g_i+ | measured fitness | best measured fitness or single-digit g-values | x1 | x2...
1 0 +6.050765551e+04 +6.057368551e+04 +6.057368551e+04
2 0 +5.607426904e+04 +5.614029904e+04 +5.614029904e+04
16 0 +4.572688205e+04 +4.579291205e+04 +4.579291205e+04
67 0 +3.230792652e+04 +3.237395652e+04 +3.237395652e+04
272 0 +2.949076277e+04 +2.955679277e+04 +2.955679277e+04
308 0 +2.675350098e+04 +2.681953098e+04 +2.681953098e+04
325 0 +2.411278377e+04 +2.417881377e+04 +2.417881377e+04
6506 0 +2.220416610e+04 +2.227019610e+04 +2.227019610e+04
6520 0 +1.912199479e+04 +1.918802479e+04 +1.918802479e+04
6571 0 +1.655047347e+04 +1.661650347e+04 +1.661650347e+04
11873 0 +1.550169951e+04 +1.556772951e+04 +1.556772951e+04
11889 0 +1.383138704e+04 +1.389741704e+04 +1.389741704e+04
11938 0 +1.224026335e+04 +1.230629335e+04 +1.230629335e+04
11966 0 +1.120939791e+04 +1.127542791e+04 +1.127542791e+04
18064 0 +9.830466592e+03 +9.896496592e+03 +9.896496592e+03
18074 0 +8.417079775e+03 +8.483109775e+03 +8.483109775e+03
18110 0 +6.927478863e+03 +6.993508863e+03 +6.993508863e+03
23300 0 +6.151987470e+03 +6.218017470e+03 +6.218017470e+03
25815 0 +5.421213209e+03 +5.487243209e+03 +5.487243209e+03
25823 0 +4.110537153e+03 +4.176567153e+03 +4.176567153e+03
25828 0 +3.200209754e+03 +3.266239754e+03 +3.266239754e+03
25831 0 +1.551917677e+03 +1.617947677e+03 +1.617947677e+03
25839 0 +1.082902696e+03 +1.148932696e+03 +1.148932696e+03
25850 0 +9.256626795e+02 +9.916926795e+02 +9.916926795e+02
25853 0 +7.757807611e+02 +8.418107611e+02 +8.418107611e+02
25871 0 +6.459213391e+02 +7.119513391e+02 +7.119513391e+02
25873 0 +5.436407391e+02 +6.096707391e+02 +6.096707391e+02
25878 0 +4.823321079e+02 +5.483621079e+02 +5.483621079e+02
25901 0 +3.234181888e+02 +3.894481888e+02 +3.894481888e+02
25971 0 +2.513135890e+02 +3.173435890e+02 +3.173435890e+02
25974 0 +2.474009990e+02 +3.134309990e+02 +3.134309990e+02
25977 0 +1.963706388e+02 +2.624006388e+02 +2.624006388e+02
25999 0 +1.619685334e+02 +2.279985334e+02 +2.279985334e+02
26009 0 +1.166829149e+02 +1.827129149e+02 +1.827129149e+02
26090 0 +1.113137279e+02 +1.773437279e+02 +1.773437279e+02
26092 0 +8.755712397e+01 +1.535871240e+02 +1.535871240e+02
26095 0 +5.843159363e+01 +1.244615936e+02 +1.244615936e+02
26099 0 +5.141917126e+01 +1.174491713e+02 +1.174491713e+02
26106 0 +4.752555859e+01 +1.135555586e+02 +1.135555586e+02
26110 0 +4.387935777e+01 +1.099093578e+02 +1.099093578e+02
26114 0 +3.675002441e+01 +1.027800244e+02 +1.027800244e+02
26117 0 +3.460620137e+01 +1.006362014e+02 +1.006362014e+02
26168 0 +2.930017865e+01 +9.533017865e+01 +9.533017865e+01
26170 0 +2.780991395e+01 +9.383991395e+01 +9.383991395e+01
26189 0 +2.418832389e+01 +9.021832389e+01 +9.021832389e+01
26206 0 +2.158914927e+01 +8.761914927e+01 +8.761914927e+01
26208 0 +1.769397593e+01 +8.372397593e+01 +8.372397593e+01
26295 0 +1.516450200e+01 +8.119450200e+01 +8.119450200e+01
26313 0 +1.405299140e+01 +8.008299140e+01 +8.008299140e+01
26327 0 +1.214193148e+01 +7.817193148e+01 +7.817193148e+01
26413 0 +1.099095998e+01 +7.702095998e+01 +7.702095998e+01
26942 0 +9.998046340e+00 +7.602804634e+01 +7.602804634e+01
29500 0 +8.909572453e+00 +7.493957245e+01 +7.493957245e+01
31904 0 +7.940130217e+00 +7.397013022e+01 +7.397013022e+01
34064 0 +7.078756055e+00 +7.310875605e+01 +7.310875605e+01
35908 0 +6.303169649e+00 +7.233316965e+01 +7.233316965e+01
37630 0 +5.621021720e+00 +7.165102172e+01 +7.165102172e+01
39148 0 +5.008084384e+00 +7.103808438e+01 +7.103808438e+01
40470 0 +4.463189945e+00 +7.049318994e+01 +7.049318994e+01
41672 0 +3.974750999e+00 +7.000475100e+01 +7.000475100e+01
42714 0 +3.543533744e+00 +6.957353374e+01 +6.957353374e+01
43706 0 +3.161315262e+00 +6.919131526e+01 +6.919131526e+01
44554 0 +2.810228999e+00 +6.884022900e+01 +6.884022900e+01
45236 0 +2.509488941e+00 +6.853948894e+01 +6.853948894e+01
45956 0 +2.234186423e+00 +6.826418642e+01 +6.826418642e+01
46556 0 +1.988125430e+00 +6.801812543e+01 +6.801812543e+01
47116 0 +1.776340808e+00 +6.780634081e+01 +6.780634081e+01
47598 0 +1.583414241e+00 +6.761341424e+01 +6.761341424e+01
48078 0 +1.412486229e+00 +6.744248623e+01 +6.744248623e+01
48590 0 +1.258720677e+00 +6.728872068e+01 +6.728872068e+01
48992 0 +1.119009586e+00 +6.714900959e+01 +6.714900959e+01
49358 0 +9.970466137e-01 +6.702704661e+01 +6.702704661e+01
49718 0 +8.851367327e-01 +6.691513673e+01 +6.691513673e+01
50076 0 +7.926985566e-01 +6.682269856e+01 +6.682269856e+01
50440 0 +7.063303094e-01 +6.673633031e+01 +6.673633031e+01
50760 0 +6.303517303e-01 +6.666035173e+01 +6.666035173e+01
51078 0 +5.597126315e-01 +6.658971263e+01 +6.658971263e+01
51436 0 +4.993637704e-01 +6.652936377e+01 +6.652936377e+01
51648 0 +4.445046182e-01 +6.647450462e+01 +6.647450462e+01
52160 0 +3.967655291e-01 +6.642676553e+01 +6.642676553e+01
52680 0 +3.540367941e-01 +6.638403679e+01 +6.638403679e+01
53282 0 +3.151371590e-01 +6.634513716e+01 +6.634513716e+01
53802 0 +2.815639441e-01 +6.631156394e+01 +6.631156394e+01
54602 0 +2.507847306e-01 +6.628078473e+01 +6.628078473e+01
55682 0 +2.237291772e-01 +6.625372918e+01 +6.625372918e+01
56762 0 +1.994066793e-01 +6.622940668e+01 +6.622940668e+01
57842 0 +1.772222288e-01 +6.620722223e+01 +6.620722223e+01
58882 0 +1.580940409e-01 +6.618809404e+01 +6.618809404e+01
59922 0 +1.409682771e-01 +6.617096828e+01 +6.617096828e+01
60842 0 +1.258304472e-01 +6.615583045e+01 +6.615583045e+01
61922 0 +1.120466603e-01 +6.614204666e+01 +6.614204666e+01
62802 0 +9.984904055e-02 +6.612984904e+01 +6.612984904e+01
63680 0 +8.898513700e-02 +6.611898514e+01 +6.611898514e+01
64602 0 +7.938593813e-02 +6.610938594e+01 +6.610938594e+01
66202 0 +7.078326152e-02 +6.610078326e+01 +6.610078326e+01
67842 0 +6.306853071e-02 +6.609306853e+01 +6.609306853e+01
69362 0 +5.607436897e-02 +6.608607437e+01 +6.608607437e+01
70842 0 +5.001698459e-02 +6.608001698e+01 +6.608001698e+01
72282 0 +4.464096656e-02 +6.607464097e+01 +6.607464097e+01
73602 0 +3.980149993e-02 +6.606980150e+01 +6.606980150e+01
74920 0 +3.547364879e-02 +6.606547365e+01 +6.606547365e+01
76196 0 +3.160971695e-02 +6.606160972e+01 +6.606160972e+01
78402 0 +2.818283696e-02 +6.605818284e+01 +6.605818284e+01
80602 0 +2.509599468e-02 +6.605509599e+01 +6.605509599e+01
82798 0 +2.236762074e-02 +6.605236762e+01 +6.605236762e+01
84802 0 +1.995235036e-02 +6.604995235e+01 +6.604995235e+01
86802 0 +1.777201920e-02 +6.604777202e+01 +6.604777202e+01
88602 0 +1.583513345e-02 +6.604583513e+01 +6.604583513e+01
90442 0 +1.412523155e-02 +6.604412523e+01 +6.604412523e+01
92158 0 +1.257917790e-02 +6.604257918e+01 +6.604257918e+01
93800 0 +1.120634207e-02 +6.604120634e+01 +6.604120634e+01
95278 0 +9.996994657e-03 +6.603999699e+01 +6.603999699e+01
96760 0 +8.911019541e-03 +6.603891102e+01 +6.603891102e+01
98040 0 +7.938979060e-03 +6.603793898e+01 +6.603793898e+01
100162 0 +7.071758042e-03 +6.603707176e+01 +6.603707176e+01
102640 0 +6.306591374e-03 +6.603630659e+01 +6.603630659e+01
104962 0 +5.618669031e-03 +6.603561867e+01 +6.603561867e+01
107200 0 +5.009196406e-03 +6.603500920e+01 +6.603500920e+01
109282 0 +4.461510821e-03 +6.603446151e+01 +6.603446151e+01
111282 0 +3.977658637e-03 +6.603397766e+01 +6.603397766e+01
113162 0 +3.545315276e-03 +6.603354532e+01 +6.603354532e+01
115002 0 +3.158907972e-03 +6.603315891e+01 +6.603315891e+01
116682 0 +2.809756407e-03 +6.603280976e+01 +6.603280976e+01
118272 0 +2.509632186e-03 +6.603250963e+01 +6.603250963e+01
119842 0 +2.237703196e-03 +6.603223770e+01 +6.603223770e+01
121916 0 +1.994927312e-03 +6.603199493e+01 +6.603199493e+01
124642 0 +1.777450818e-03 +6.603177745e+01 +6.603177745e+01
127202 0 +1.584136258e-03 +6.603158414e+01 +6.603158414e+01
129642 0 +1.410445418e-03 +6.603141045e+01 +6.603141045e+01
132002 0 +1.258753299e-03 +6.603125875e+01 +6.603125875e+01
134122 0 +1.121034855e-03 +6.603112103e+01 +6.603112103e+01
136202 0 +9.995742726e-04 +6.603099957e+01 +6.603099957e+01
138238 0 +8.906670062e-04 +6.603089067e+01 +6.603089067e+01
139998 0 +7.940948487e-04 +6.603079409e+01 +6.603079409e+01
141762 0 +7.067823142e-04 +6.603070678e+01 +6.603070678e+01
143400 0 +6.308024813e-04 +6.603063080e+01 +6.603063080e+01
144962 0 +5.612131987e-04 +6.603056121e+01 +6.603056121e+01
146442 0 +5.008116689e-04 +6.603050081e+01 +6.603050081e+01
147922 0 +4.463665894e-04 +6.603044637e+01 +6.603044637e+01
150562 0 +3.980148122e-04 +6.603039801e+01 +6.603039801e+01
153120 0 +3.544984971e-04 +6.603035450e+01 +6.603035450e+01
155402 0 +3.159224556e-04 +6.603031592e+01 +6.603031592e+01
157638 0 +2.817982313e-04 +6.603028180e+01 +6.603028180e+01
159720 0 +2.510520937e-04 +6.603025105e+01 +6.603025105e+01
161758 0 +2.236763660e-04 +6.603022368e+01 +6.603022368e+01
163640 0 +1.994898611e-04 +6.603019949e+01 +6.603019949e+01
165362 0 +1.776078071e-04 +6.603017761e+01 +6.603017761e+01
167082 0 +1.581392786e-04 +6.603015814e+01 +6.603015814e+01
168962 0 +1.411926841e-04 +6.603014119e+01 +6.603014119e+01
171922 0 +1.258833138e-04 +6.603012588e+01 +6.603012588e+01
174762 0 +1.121970003e-04 +6.603011220e+01 +6.603011220e+01
177442 0 +9.998247423e-05 +6.603009998e+01 +6.603009998e+01
179962 0 +8.910063146e-05 +6.603008910e+01 +6.603008910e+01
182362 0 +7.941409402e-05 +6.603007941e+01 +6.603007941e+01
184642 0 +7.070964375e-05 +6.603007071e+01 +6.603007071e+01
186722 0 +6.304657813e-05 +6.603006305e+01 +6.603006305e+01
188762 0 +5.620790246e-05 +6.603005621e+01 +6.603005621e+01
190682 0 +5.002203572e-05 +6.603005002e+01 +6.603005002e+01
192482 0 +4.465363793e-05 +6.603004465e+01 +6.603004465e+01
194162 0 +3.978064538e-05 +6.603003978e+01 +6.603003978e+01
195751 0 +3.547880171e-05 +6.603003548e+01 +6.603003548e+01
198682 0 +3.159974764e-05 +6.603003160e+01 +6.603003160e+01
200000 0 +3.000447559e-05 +6.603003000e+01 +6.603003000e+01
% f evaluations | g evaluations | best noise-free fitness - Fopt (1.720100000000e+02) + sum g_i+ | measured fitness | best measured fitness or single-digit g-values | x1 | x2...
1 0 +6.259463988e+04 +6.276664988e+04 +6.276664988e+04
2 0 +5.321337193e+04 +5.338538193e+04 +5.338538193e+04
9 0 +4.903061156e+04 +4.920262156e+04 +4.920262156e+04
12 0 +4.082934519e+04 +4.100135519e+04 +4.100135519e+04
32 0 +3.820808104e+04 +3.838009104e+04 +3.838009104e+04
548 0 +3.435925694e+04 +3.453126694e+04 +3.453126694e+04
1036 0 +3.007350126e+04 +3.024551126e+04 +3.024551126e+04
1051 0 +2.483298704e+04 +2.500499704e+04 +2.500499704e+04
1064 0 +2.217929441e+04 +2.235130441e+04 +2.235130441e+04
6196 0 +1.853422219e+04 +1.870623219e+04 +1.870623219e+04
13418 0 +1.633666365e+04 +1.650867365e+04 +1.650867365e+04
13419 0 +1.443131328e+04 +1.460332328e+04 +1.460332328e+04
13420 0 +1.163538413e+04 +1.180739413e+04 +1.180739413e+04
13471 0 +1.029477233e+04 +1.046678233e+04 +1.046678233e+04
13496 0 +9.919877798e+03 +1.009188780e+04 +1.009188780e+04
20131 0 +8.747689217e+03 +8.919699217e+03 +8.919699217e+03
20133 0 +7.839008675e+03 +8.011018675e+03 +8.011018675e+03
21274 0 +6.974059022e+03 +7.146069022e+03 +7.146069022e+03
25811 0 +5.334186568e+03 +5.506196568e+03 +5.506196568e+03
25815 0 +3.677494510e+03 +3.849504510e+03 +3.849504510e+03
25825 0 +3.368793815e+03 +3.540803815e+03 +3.540803815e+03
25827 0 +1.901365965e+03 +2.073375965e+03 +2.073375965e+03
25829 0 +1.679342516e+03 +1.851352516e+03 +1.851352516e+03
25836 0 +1.165605931e+03 +1.337615931e+03 +1.337615931e+03
25839 0 +4.989208975e+02 +6.709308975e+02 +6.709308975e+02
25855 0 +3.718956988e+02 +5.439056988e+02 +5.439056988e+02
25864 0 +3.473925680e+02 +5.194025680e+02 +5.194025680e+02
25905 0 +2.171743085e+02 +3.891843085e+02 +3.891843085e+02
25943 0 +1.626647861e+02 +3.346747861e+02 +3.346747861e+02
26016 0 +1.574569668e+02 +3.294669668e+02 +3.294669668e+02
26034 0 +1.169881647e+02 +2.889981647e+02 +2.889981647e+02
26038 0 +1.103549085e+02 +2.823649085e+02 +2.823649085e+02
26039 0 +8.017216357e+01 +2.521821636e+02 +2.521821636e+02
26089 0 +6.670025751e+01 +2.387102575e+02 +2.387102575e+02
26095 0 +5.984934763e+01 +2.318593476e+02 +2.318593476e+02
26107 0 +5.157569294e+01 +2.235856929e+02 +2.235856929e+02
26116 0 +4.946760396e+01 +2.214776040e+02 +2.214776040e+02
26166 0 +3.969266880e+01 +2.117026688e+02 +2.117026688e+02
26173 0 +3.538849913e+01 +2.073984991e+02 +2.073984991e+02
26202 0 +3.156707010e+01 +2.035770701e+02 +2.035770701e+02
26206 0 +2.654809051e+01 +1.985580905e+02 +1.985580905e+02
26208 0 +2.351304092e+01 +1.955230409e+02 +1.955230409e+02
26290 0 +2.217517915e+01 +1.941851791e+02 +1.941851791e+02
26320 0 +1.991037113e+01 +1.919203711e+02 +1.919203711e+02
26450 0 +1.775808199e+01 +1.897680820e+02 +1.897680820e+02
29538 0 +1.584857357e+01 +1.878585736e+02 +1.878585736e+02
33860 0 +1.411969627e+01 +1.861296963e+02 +1.861296963e+02
37664 0 +1.258846671e+01 +1.845984667e+02 +1.845984667e+02
41026 0 +1.121944574e+01 +1.832294457e+02 +1.832294457e+02
44106 0 +9.999654263e+00 +1.820096543e+02 +1.820096543e+02
46750 0 +8.906225568e+00 +1.809162256e+02 +1.809162256e+02
49154 0 +7.942210386e+00 +1.799522104e+02 +1.799522104e+02
51276 0 +7.077929710e+00 +1.790879297e+02 +1.790879297e+02
53196 0 +6.305108201e+00 +1.783151082e+02 +1.783151082e+02
54916 0 +5.617847660e+00 +1.776278477e+02 +1.776278477e+02
56678 0 +5.011067272e+00 +1.770210673e+02 +1.770210673e+02
59278 0 +4.466455402e+00 +1.764764554e+02 +1.764764554e+02
200000 0 +3.986675885e+00 +1.759966759e+02 +1.759966759e+02
% f evaluations | g evaluations | best noise-free fitness - Fopt (-2.725000000000e+01) + sum g_i+ | measured fitness | best measured fitness or single-digit g-values | x1 | x2...
1 0 +5.899546654e+04 +5.896821654e+04 +5.896821654e+04
3 0 +5.702589586e+04 +5.699864586e+04 +5.699864586e+04
5 0 +5.116103726e+04 +5.113378726e+04 +5.113378726e+04
6 0 +4.921759407e+04 +4.919034407e+04 +4.919034407e+04
25 0 +4.361313601e+04 +4.358588601e+04 +4.358588601e+04
45 0 +3.661888357e+04 +3.659163357e+04 +3.659163357e+04
81 0 +3.378225192e+04 +3.375500192e+04 +3.375500192e+04
1593 0 +3.089241025e+04 +3.086516025e+04 +3.086516025e+04
1608 0 +2.728822598e+04 +2.726097598e+04 +2.726097598e+04
6710 0 +1.815124461e+04 +1.812399461e+04 +1.812399461e+04
6733 0 +1.735310374e+04 +1.732585374e+04 +1.732585374e+04
10337 0 +1.571775231e+04 +1.569050231e+04 +1.569050231e+04
14720 0 +1.326167950e+04 +1.323442950e+04 +1.323442950e+04
14831 0 +1.149640134e+04 +1.146915134e+04 +1.146915134e+04
15752 0 +1.110255131e+04 +1.107530131e+04 +1.107530131e+04
20654 0 +9.329364807e+03 +9.302114807e+03 +9.302114807e+03
25809 0 +8.441430163e+03 +8.414180163e+03 +8.414180163e+03
25813 0 +6.585665413e+03 +6.558415413e+03 +6.558415413e+03
25815 0 +5.874047056e+03 +5.846797056e+03 +5.846797056e+03
25821 0 +4.302450227e+03 +4.275200227e+03 +4.275200227e+03
25824 0 +3.405781083e+03 +3.378531083e+03 +3.378531083e+03
25828 0 +1.642308459e+03 +1.615058459e+03 +1.615058459e+03
25830 0 +1.320726335e+03 +1.293476335e+03 +1.293476335e+03
25849 0 +1.186647279e+03 +1.159397279e+03 +1.159397279e+03
25853 0 +1.031133174e+03 +1.003883174e+03 +1.003883174e+03
25861 0 +9.457457376e+02 +9.184957376e+02 +9.184957376e+02
25864 0 +8.909805241e+02 +8.637305241e+02 +8.637305241e+02
25868 0 +7.520883796e+02 +7.248383796e+02 +7.248383796e+02
25887 0 +5.123884347e+02 +4.851384347e+02 +4.851384347e+02
25892 0 +3.979703559e+02 +3.707203559e+02 +3.707203559e+02
25982 0 +3.492961825e+02 +3.220461825e+02 +3.220461825e+02
25994 0 +2.815602500e+02 +2.543102500e+02 +2.543102500e+02
25997 0 +2.318211573e+02 +2.045711573e+02 +2.045711573e+02
26001 0 +2.139472346e+02 +1.866972346e+02 +1.866972346e+02
26032 0 +1.918840533e+02 +1.646340533e+02 +1.646340533e+02
26035 0 +1.276513163e+02 +1.004013163e+02 +1.004013163e+02
26090 0 +1.228431171e+02 +9.559311712e+01 +9.559311712e+01
26107 0 +1.109348547e+02 +8.368485474e+01 +8.368485474e+01
26116 0 +9.767755429e+01 +7.042755429e+01 +7.042755429e+01
26237 0 +7.964018520e+01 +5.239018520e+01 +5.239018520e+01
26242 0 +7.941507834e+01 +5.216507834e+01 +5.216507834e+01
29010 0 +7.078657632e+01 +4.353657632e+01 +4.353657632e+01
34138 0 +6.308861385e+01 +3.583861385e+01 +3.583861385e+01
35298 0 +5.621766430e+01 +2.896766430e+01 +2.896766430e+01
36056 0 +5.008939714e+01 +2.283939714e+01 +2.283939714e+01
36618 0 +4.457048574e+01 +1.732048574e+01 +1.732048574e+01
37098 0 +3.966428224e+01 +1.241428224e+01 +1.241428224e+01
37498 0 +3.535426511e+01 +8.104265114e+00 +8.104265114e+00
37858 0 +3.134748314e+01 +4.097483143e+00 +4.097483143e+00
38176 0 +2.803756873e+01 +7.875687260e-01 +7.875687260e-01
38418 0 +2.503704532e+01 -2.212954679e+00 -2.212954679e+00
38658 0 +2.234143722e+01 -4.908562778e+00 -4.908562778e+00
38898 0 +1.971881124e+01 -7.531188763e+00 -7.531188763e+00
39098 0 +1.757724502e+01 -9.672754979e+00 -9.672754979e+00
39296 0 +1.580580095e+01 -1.144419905e+01 -1.144419905e+01
39458 0 +1.389302351e+01 -1.335697649e+01 -1.335697649e+01
39618 0 +1.234986746e+01 -1.490013254e+01 -1.490013254e+01
39776 0 +1.117693580e+01 -1.607306420e+01 -1.607306420e+01
39898 0 +9.813454578e+00 -1.743654542e+01 -1.743654542e+01
40018 0 +8.802835654e+00 -1.844716435e+01 -1.844716435e+01
40138 0 +7.844964721e+00 -1.940503528e+01 -1.940503528e+01
40258 0 +6.941631202e+00 -2.030836880e+01 -2.030836880e+01
40378 0 +6.110009293e+00 -2.113999071e+01 -2.113999071e+01
40458 0 +5.576629591e+00 -2.167337041e+01 -2.167337041e+01
40578 0 +4.812109298e+00 -2.243789070e+01 -2.243789070e+01
40658 0 +4.327374873e+00 -2.292262513e+01 -2.292262513e+01
40738 0 +3.884883016e+00 -2.336511698e+01 -2.336511698e+01
40818 0 +3.441766243e+00 -2.380823376e+01 -2.380823376e+01
40898 0 +3.040263865e+00 -2.420973613e+01 -2.420973613e+01
40978 0 +2.651057413e+00 -2.459894259e+01 -2.459894259e+01
41018 0 +2.478642295e+00 -2.477135771e+01 -2.477135771e+01
41098 0 +2.129507595e+00 -2.512049240e+01 -2.512049240e+01
41138 0 +1.966822323e+00 -2.528317768e+01 -2.528317768e+01
41218 0 +1.670020111e+00 -2.557997989e+01 -2.557997989e+01
41258 0 +1.520402939e+00 -2.572959706e+01 -2.572959706e+01
41298 0 +1.389511386e+00 -2.586048861e+01 -2.586048861e+01
41378 0 +1.161160376e+00 -2.608883962e+01 -2.608883962e+01
41418 0 +1.037531431e+00 -2.621246857e+01 -2.621246857e+01
41458 0 +9.239256275e-01 -2.632607437e+01 -2.632607437e+01
41498 0 +8.339943878e-01 -2.641600561e+01 -2.641600561e+01
41538 0 +7.580278816e-01 -2.649197212e+01 -2.649197212e+01
41578 0 +6.649186293e-01 -2.658508137e+01 -2.658508137e+01
41618 0 +5.964681589e-01 -2.665353184e+01 -2.665353184e+01
41658 0 +5.386296858e-01 -2.671137031e+01 -2.671137031e+01
41698 0 +4.800247415e-01 -2.676997526e+01 -2.676997526e+01
41738 0 +4.348064054e-01 -2.681519359e+01 -2.681519359e+01
41778 0 +3.897550068e-01 -2.686024499e+01 -2.686024499e+01
41858 0 +3.468189625e-01 -2.690318104e+01 -2.690318104e+01
42036 0 +3.161645411e-01 -2.693383546e+01 -2.693383546e+01
46401 0 +2.817582541e-01 -2.696824175e+01 -2.696824175e+01
52841 0 +2.511810027e-01 -2.699881900e+01 -2.699881900e+01
58801 0 +2.237631638e-01 -2.702623684e+01 -2.702623684e+01
64361 0 +1.993822439e-01 -2.705061776e+01 -2.705061776e+01
69439 0 +1.778035551e-01 -2.707219644e+01 -2.707219644e+01
74201 0 +1.584736316e-01 -2.709152637e+01 -2.709152637e+01
78561 0 +1.412377420e-01 -2.710876226e+01 -2.710876226e+01
82681 0 +1.257770427e-01 -2.712422296e+01 -2.712422296e+01
86555 0 +1.121464016e-01 -2.713785360e+01 -2.713785360e+01
90039 0 +9.996601725e-02 -2.715003398e+01 -2.715003398e+01
93321 0 +8.908171765e-02 -2.716091828e+01 -2.716091828e+01
96441 0 +7.935863923e-02 -2.717064136e+01 -2.717064136e+01
100681 0 +7.079352524e-02 -2.717920647e+01 -2.717920647e+01
106041 0 +6.305634123e-02 -2.718694366e+01 -2.718694366e+01
111001 0 +5.621428433e-02 -2.719378572e+01 -2.719378572e+01
115641 0 +5.007927898e-02 -2.719992072e+01 -2.719992072e+01
119961 0 +4.466682399e-02 -2.720533318e+01 -2.720533318e+01
124041 0 +3.978484404e-02 -2.721021516e+01 -2.721021516e+01
127841 0 +3.545392607e-02 -2.721454607e+01 -2.721454607e+01
131401 0 +3.161216815e-02 -2.721838783e+01 -2.721838783e+01
134721 0 +2.818010530e-02 -2.722181989e+01 -2.722181989e+01
137835 0 +2.511785687e-02 -2.722488214e+01 -2.722488214e+01
140755 0 +2.238016432e-02 -2.722761984e+01 -2.722761984e+01
143441 0 +1.993673199e-02 -2.723006327e+01 -2.723006327e+01
146001 0 +1.777355717e-02 -2.723222644e+01 -2.723222644e+01
148397 0 +1.583527518e-02 -2.723416472e+01 -2.723416472e+01
150681 0 +1.410995906e-02 -2.723589004e+01 -2.723589004e+01
152799 0 +1.257492907e-02 -2.723742507e+01 -2.723742507e+01
155481 0 +1.120861518e-02 -2.723879138e+01 -2.723879138e+01
159161 0 +9.996264630e-03 -2.724000374e+01 -2.724000374e+01
162677 0 +8.909908002e-03 -2.724109009e+01 -2.724109009e+01
166035 0 +7.940042648e-03 -2.724205996e+01 -2.724205996e+01
169041 0 +7.072771460e-03 -2.724292723e+01 -2.724292723e+01
171959 0 +6.306401906e-03 -2.724369360e+01 -2.724369360e+01
174641 0 +5.619647217e-03 -2.724438035e+01 -2.724438035e+01
177241 0 +5.010796130e-03 -2.724498920e+01 -2.724498920e+01
179641 0 +4.463113538e-03 -2.724553689e+01 -2.724553689e+01
181881 0 +3.978309242e-03 -2.724602169e+01 -2.724602169e+01
184039 0 +3.545037791e-03 -2.724645496e+01 -2.724645496e+01
186001 0 +3.161225127e-03 -2.724683877e+01 -2.724683877e+01
187961 0 +2.812221855e-03 -2.724718778e+01 -2.724718778e+01
189761 0 +2.511376557e-03 -2.724748862e+01 -2.724748862e+01
193121 0 +2.238118258e-03 -2.724776188e+01 -2.724776188e+01
196281 0 +1.993582633e-03 -2.724800642e+01 -2.724800642e+01
199241 0 +1.776459039e-03 -2.724822354e+01 -2.724822354e+01
200000 0 +1.724596456e-03 -2.724827540e+01 -2.724827540e+01
% f evaluations | g evaluations | best noise-free fitness - Fopt (-1.521800000000e+02) + sum g_i+ | measured fitness | best measured fitness or single-digit g-values | x1 | x2...
1 0 +5.263433345e+04 +5.248215345e+04 +5.248215345e+04
26 0 +4.888151219e+04 +4.872933219e+04 +4.872933219e+04
80 0 +4.395345590e+04 +4.380127590e+04 +4.380127590e+04
196 0 +3.589186007e+04 +3.573968007e+04 +3.573968007e+04
209 0 +3.003435443e+04 +2.988217443e+04 +2.988217443e+04
983 0 +2.815479184e+04 +2.800261184e+04 +2.800261184e+04
1370 0 +2.133255886e+04 +2.118037886e+04 +2.118037886e+04
11881 0 +1.891090709e+04 +1.875872709e+04 +1.875872709e+04
11894 0 +1.686351567e+04 +1.671133567e+04 +1.671133567e+04
14528 0 +1.503768378e+04 +1.488550378e+04 +1.488550378e+04
17044 0 +1.319745010e+04 +1.304527010e+04 +1.304527010e+04
17108 0 +1.143545898e+04 +1.128327898e+04 +1.128327898e+04
23945 0 +1.113826832e+04 +1.098608832e+04 +1.098608832e+04
25300 0 +9.735253529e+03 +9.583073529e+03 +9.583073529e+03
25364 0 +8.773387095e+03 +8.621207095e+03 +8.621207095e+03
25815 0 +7.368612830e+03 +7.216432830e+03 +7.216432830e+03
25818 0 +6.807927798e+03 +6.655747798e+03 +6.655747798e+03
25826 0 +6.025666549e+03 +5.873486549e+03 +5.873486549e+03
25828 0 +4.371450428e+03 +4.219270428e+03 +4.219270428e+03
25835 0 +3.608512973e+03 +3.456332973e+03 +3.456332973e+03
25838 0 +3.477667132e+03 +3.325487132e+03 +3.325487132e+03
25839 0 +1.813368609e+03 +1.661188609e+03 +1.661188609e+03
25842 0 +1.674936174e+03 +1.522756174e+03 +1.522756174e+03
25845 0 +1.373717970e+03 +1.221537970e+03 +1.221537970e+03
25853 0 +1.205039024e+03 +1.052859024e+03 +1.052859024e+03
25874 0 +1.090395006e+03 +9.382150055e+02 +9.382150055e+02
25877 0 +7.724489416e+02 +6.202689416e+02 +6.202689416e+02
25893 0 +6.917048778e+02 +5.395248778e+02 +5.395248778e+02
25908 0 +5.209499325e+02 +3.687699325e+02 +3.687699325e+02
25930 0 +2.387044219e+02 +8.652442189e+01 +8.652442189e+01
26011 0 +1.988727954e+02 +4.669279544e+01 +4.669279544e+01
26020 0 +1.710047893e+02 +1.882478934e+01 +1.882478934e+01
26024 0 +1.523183983e+02 +1.383983166e-01 +1.383983166e-01
26041 0 +1.013369128e+02 -5.084308722e+01 -5.084308722e+01
26048 0 +9.774254710e+01 -5.443745290e+01 -5.443745290e+01
26079 0 +8.631589580e+01 -6.586410420e+01 -6.586410420e+01
26081 0 +5.244246716e+01 -9.973753284e+01 -9.973753284e+01
26175 0 +4.786960443e+01 -1.043103956e+02 -1.043103956e+02
26177 0 +4.253847262e+01 -1.096415274e+02 -1.096415274e+02
26193 0 +3.871844531e+01 -1.134615547e+02 -1.134615547e+02
26203 0 +3.276664278e+01 -1.194133572e+02 -1.194133572e+02
26292 0 +3.127876560e+01 -1.209012344e+02 -1.209012344e+02
26303 0 +2.735546235e+01 -1.248245376e+02 -1.248245376e+02
26319 0 +2.418112821e+01 -1.279988718e+02 -1.279988718e+02
26368 0 +2.165621798e+01 -1.305237820e+02 -1.305237820e+02
26476 0 +1.992522340e+01 -1.322547766e+02 -1.322547766e+02
31692 0 +1.778177396e+01 -1.343982260e+02 -1.343982260e+02
36892 0 +1.584799008e+01 -1.363320099e+02 -1.363320099e+02
41218 0 +1.412134663e+01 -1.380586534e+02 -1.380586534e+02
45022 0 +1.258322631e+01 -1.395967737e+02 -1.395967737e+02
48386 0 +1.121940650e+01 -1.409605935e+02 -1.409605935e+02
51468 0 +9.996516384e+00 -1.421834836e+02 -1.421834836e+02
54150 0 +8.903757220e+00 -1.432762428e+02 -1.432762428e+02
56512 0 +7.940883208e+00 -1.442391168e+02 -1.442391168e+02
58672 0 +7.078082529e+00 -1.451019175e+02 -1.451019175e+02
60556 0 +6.308713339e+00 -1.458712867e+02 -1.458712867e+02
62352 0 +5.619740507e+00 -1.465602595e+02 -1.465602595e+02
64080 0 +5.011786992e+00 -1.471682130e+02 -1.471682130e+02
66322 0 +4.466793092e+00 -1.477132069e+02 -1.477132069e+02
200000 0 +3.986715916e+00 -1.481932841e+02 -1.481932841e+02
% f evaluations | g evaluations | best noise-free fitness - Fopt (5.821500000000e+02) + sum g_i+ | measured fitness | best measured fitness or single-digit g-values | x1 | x2...
1 0 +7.016943197e+04 +7.075158197e+04 +7.075158197e+04
3 0 +5.807047946e+04 +5.865262946e+04 +5.865262946e+04
17 0 +5.580212831e+04 +5.638427831e+04 +5.638427831e+04
78 0 +4.542396684e+04 +4.600611684e+04 +4.600611684e+04
261 0 +4.261171425e+04 +4.319386425e+04 +4.319386425e+04
271 0 +3.694231880e+04 +3.752446880e+04 +3.752446880e+04
280 0 +3.543814709e+04 +3.602029709e+04 +3.602029709e+04
304 0 +3.019633279e+04 +3.077848279e+04 +3.077848279e+04
7227 0 +2.682584612e+04 +2.740799612e+04 +2.740799612e+04
7284 0 +2.301834120e+04 +2.360049120e+04 +2.360049120e+04
7311 0 +1.852574798e+04 +1.910789798e+04 +1.910789798e+04
13178 0 +1.627015151e+04 +1.685230151e+04 +1.685230151e+04
13257 0 +1.572279410e+04 +1.630494410e+04 +1.630494410e+04
16257 0 +1.393802967e+04 +1.452017967e+04 +1.452017967e+04
16274 0 +1.240684329e+04 +1.298899329e+04 +1.298899329e+04
20727 0 +1.113903148e+04 +1.172118148e+04 +1.172118148e+04
21417 0 +9.900634593e+03 +1.048278459e+04 +1.048278459e+04
25803 0 +8.464039597e+03 +9.046189597e+03 +9.046189597e+03
25809 0 +6.620215724e+03 +7.202365724e+03 +7.202365724e+03
25813 0 +5.862079376e+03 +6.444229376e+03 +6.444229376e+03
25819 0 +5.380817187e+03 +5.962967187e+03 +5.962967187e+03
25825 0 +4.506887658e+03 +5.089037658e+03 +5.089037658e+03
25831 0 +3.769821038e+03 +4.351971038e+03 +4.351971038e+03
25834 0 +3.091169403e+03 +3.673319403e+03 +3.673319403e+03
25837 0 +1.574467180e+03 +2.156617180e+03 +2.156617180e+03
25840 0 +1.076858834e+03 +1.659008834e+03 +1.659008834e+03
25843 0 +7.011944378e+02 +1.283344438e+03 +1.283344438e+03
25848 0 +4.247854761e+02 +1.006935476e+03 +1.006935476e+03
25849 0 +3.458848137e+02 +9.280348137e+02 +9.280348137e+02
25876 0 +3.147762649e+02 +8.969262649e+02 +8.969262649e+02
25880 0 +2.505159023e+02 +8.326659023e+02 +8.326659023e+02
25928 0 +2.191865374e+02 +8.013365374e+02 +8.013365374e+02
25937 0 +1.935215457e+02 +7.756715457e+02 +7.756715457e+02
25945 0 +1.761415191e+02 +7.582915191e+02 +7.582915191e+02
25975 0 +1.328947492e+02 +7.150447492e+02 +7.150447492e+02
26094 0 +1.248052725e+02 +7.069552725e+02 +7.069552725e+02
26103 0 +1.057111076e+02 +6.878611076e+02 +6.878611076e+02
26109 0 +8.880210137e+01 +6.709521014e+02 +6.709521014e+02
26141 0 +7.796673250e+01 +6.601167325e+02 +6.601167325e+02
26149 0 +6.819834888e+01 +6.503483489e+02 +6.503483489e+02
26157 0 +5.979193744e+01 +6.419419374e+02 +6.419419374e+02
26159 0 +5.190166234e+01 +6.340516623e+02 +6.340516623e+02
26161 0 +4.299392040e+01 +6.251439204e+02 +6.251439204e+02
26197 0 +3.679062872e+01 +6.189406287e+02 +6.189406287e+02
26199 0 +2.923919297e+01 +6.113891930e+02 +6.113891930e+02
26201 0 +2.738422762e+01 +6.095342276e+02 +6.095342276e+02
26264 0 +2.508160978e+01 +6.072316098e+02 +6.072316098e+02
26279 0 +2.190199361e+01 +6.040519936e+02 +6.040519936e+02
26381 0 +1.988261170e+01 +6.020326117e+02 +6.020326117e+02
26724 0 +1.777748712e+01 +5.999274871e+02 +5.999274871e+02
28926 0 +1.584384547e+01 +5.979938455e+02 +5.979938455e+02
32088 0 +1.412347805e+01 +5.962734781e+02 +5.962734781e+02
35894 0 +1.258250449e+01 +5.947325045e+02 +5.947325045e+02
39258 0 +1.121158774e+01 +5.933615877e+02 +5.933615877e+02
42260 0 +9.998462110e+00 +5.921484621e+02 +5.921484621e+02
44942 0 +8.906036263e+00 +5.910560363e+02 +5.910560363e+02
47386 0 +7.942420165e+00 +5.900924202e+02 +5.900924202e+02
49504 0 +7.077435024e+00 +5.892274350e+02 +5.892274350e+02
51382 0 +6.306576464e+00 +5.884565765e+02 +5.884565765e+02
53068 0 +5.612397729e+00 +5.877623977e+02 +5.877623977e+02
54588 0 +5.009993035e+00 +5.871599930e+02 +5.871599930e+02
55910 0 +4.462557224e+00 +5.866125572e+02 +5.866125572e+02
57112 0 +3.980081075e+00 +5.861300811e+02 +5.861300811e+02
58190 0 +3.547725905e+00 +5.856977259e+02 +5.856977259e+02
59074 0 +3.161591821e+00 +5.853115918e+02 +5.853115918e+02
59954 0 +2.816989890e+00 +5.849669899e+02 +5.849669899e+02
60716 0 +2.509492096e+00 +5.846594921e+02 +5.846594921e+02
61394 0 +2.234971494e+00 +5.843849715e+02 +5.843849715e+02
62034 0 +1.994152705e+00 +5.841441527e+02 +5.841441527e+02
62556 0 +1.771249096e+00 +5.839212491e+02 +5.839212491e+02
63038 0 +1.583534547e+00 +5.837335345e+02 +5.837335345e+02
63472 0 +1.412446852e+00 +5.835624469e+02 +5.835624469e+02
63952 0 +1.256136187e+00 +5.834061362e+02 +5.834061362e+02
64400 0 +1.119555300e+00 +5.832695553e+02 +5.832695553e+02
64790 0 +9.992706373e-01 +5.831492706e+02 +5.831492706e+02
65118 0 +8.871564632e-01 +5.830371565e+02 +5.830371565e+02
65512 0 +7.924888289e-01 +5.829424888e+02 +5.829424888e+02
65794 0 +7.064454981e-01 +5.828564455e+02 +5.828564455e+02
66192 0 +6.288270913e-01 +5.827788271e+02 +5.827788271e+02
66518 0 +5.610732973e-01 +5.827110733e+02 +5.827110733e+02
66880 0 +5.000500327e-01 +5.826500500e+02 +5.826500500e+02
67480 0 +4.465591879e-01 +5.825965592e+02 +5.825965592e+02
68080 0 +3.967473440e-01 +5.825467473e+02 +5.825467473e+02
68674 0 +3.539148164e-01 +5.825039148e+02 +5.825039148e+02
69240 0 +3.156837377e-01 +5.824656837e+02 +5.824656837e+02
69836 0 +2.814584596e-01 +5.824314585e+02 +5.824314585e+02
70322 0 +2.511160295e-01 +5.824011160e+02 +5.824011160e+02
70870 0 +2.228065063e-01 +5.823728065e+02 +5.823728065e+02
71400 0 +1.991922620e-01 +5.823491923e+02 +5.823491923e+02
72082 0 +1.776530844e-01 +5.823276531e+02 +5.823276531e+02
73082 0 +1.580071937e-01 +5.823080072e+02 +5.823080072e+02
74122 0 +1.410700841e-01 +5.822910701e+02 +5.822910701e+02
75082 0 +1.257068192e-01 +5.822757068e+02 +5.822757068e+02
76040 0 +1.120842914e-01 +5.822620843e+02 +5.822620843e+02
77000 0 +9.992053340e-02 +5.822499205e+02 +5.822499205e+02
77880 0 +8.892604364e-02 +5.822389260e+02 +5.822389260e+02
78962 0 +7.941208964e-02 +5.822294121e+02 +5.822294121e+02
80602 0 +7.074454655e-02 +5.822207445e+02 +5.822207445e+02
82202 0 +6.306348601e-02 +5.822130635e+02 +5.822130635e+02
83722 0 +5.612473395e-02 +5.822061247e+02 +5.822061247e+02
85242 0 +5.006713719e-02 +5.822000671e+02 +5.822000671e+02
86602 0 +4.466467802e-02 +5.821946647e+02 +5.821946647e+02
87962 0 +3.969694399e-02 +5.821896969e+02 +5.821896969e+02
89276 0 +3.543962990e-02 +5.821854396e+02 +5.821854396e+02
90552 0 +3.156059990e-02 +5.821815606e+02 +5.821815606e+02
91682 0 +2.815641228e-02 +5.821781564e+02 +5.821781564e+02
93682 0 +2.507939525e-02 +5.821750794e+02 +5.821750794e+02
95762 0 +2.238721040e-02 +5.821723872e+02 +5.821723872e+02
97880 0 +1.994899663e-02 +5.821699490e+02 +5.821699490e+02
99842 0 +1.776370079e-02 +5.821677637e+02 +5.821677637e+02
101682 0 +1.582784119e-02 +5.821658278e+02 +5.821658278e+02
103396 0 +1.412182728e-02 +5.821641218e+02 +5.821641218e+02
105122 0 +1.256616299e-02 +5.821625662e+02 +5.821625662e+02
106762 0 +1.120522025e-02 +5.821612052e+02 +5.821612052e+02
108240 0 +9.994127035e-03 +5.821599941e+02 +5.821599941e+02
109672 0 +8.910072965e-03 +5.821589101e+02 +5.821589101e+02
111562 0 +7.933750339e-03 +5.821579338e+02 +5.821579338e+02
114162 0 +7.072594094e-03 +5.821570726e+02 +5.821570726e+02
116640 0 +6.308355555e-03 +5.821563084e+02 +5.821563084e+02
118998 0 +5.623133961e-03 +5.821556231e+02 +5.821556231e+02
121202 0 +5.009151490e-03 +5.821550092e+02 +5.821550092e+02
123282 0 +4.462730836e-03 +5.821544627e+02 +5.821544627e+02
125282 0 +3.979549366e-03 +5.821539795e+02 +5.821539795e+02
127122 0 +3.547568935e-03 +5.821535476e+02 +5.821535476e+02
128960 0 +3.162166527e-03 +5.821531622e+02 +5.821531622e+02
130642 0 +2.813563560e-03 +5.821528136e+02 +5.821528136e+02
132958 0 +2.511103719e-03 +5.821525111e+02 +5.821525111e+02
135962 0 +2.237324951e-03 +5.821522373e+02 +5.821522373e+02
138878 0 +1.995059818e-03 +5.821519951e+02 +5.821519951e+02
141562 0 +1.776963306e-03 +5.821517770e+02 +5.821517770e+02
144198 0 +1.584303671e-03 +5.821515843e+02 +5.821515843e+02
146602 0 +1.411490701e-03 +5.821514115e+02 +5.821514115e+02
148920 0 +1.258193322e-03 +5.821512582e+02 +5.821512582e+02
151080 0 +1.121277674e-03 +5.821511213e+02 +5.821511213e+02
153162 0 +9.998925572e-04 +5.821509999e+02 +5.821509999e+02
155118 0 +8.908037446e-04 +5.821508908e+02 +5.821508908e+02
156962 0 +7.932356571e-04 +5.821507932e+02 +5.821507932e+02
158718 0 +7.078407431e-04 +5.821507078e+02 +5.821507078e+02
160362 0 +6.292400689e-04 +5.821506292e+02 +5.821506292e+02
161922 0 +5.618982943e-04 +5.821505619e+02 +5.821505619e+02
164320 0 +5.010774493e-04 +5.821505011e+02 +5.821505011e+02
167042 0 +4.464834465e-04 +5.821504465e+02 +5.821504465e+02
169722 0 +3.977098102e-04 +5.821503977e+02 +5.821503977e+02
172202 0 +3.546839345e-04 +5.821503547e+02 +5.821503547e+02
174562 0 +3.159034542e-04 +5.821503159e+02 +5.821503159e+02
176802 0 +2.818088749e-04 +5.821502818e+02 +5.821502818e+02
178922 0 +2.509718558e-04 +5.821502510e+02 +5.821502510e+02
180882 0 +2.237093298e-04 +5.821502237e+02 +5.821502237e+02
182802 0 +1.993393038e-04 +5.821501993e+02 +5.821501993e+02
184558 0 +1.777408211e-04 +5.821501777e+02 +5.821501777e+02
187242 0 +1.583667101e-04 +5.821501584e+02 +5.821501584e+02
190440 0 +1.412260966e-04 +5.821501412e+02 +5.821501412e+02
193438 0 +1.258867717e-04 +5.821501259e+02 +5.821501259e+02
196282 0 +1.121398511e-04 +5.821501121e+02 +5.821501121e+02
198952 0 +9.999716758e-05 +5.821501000e+02 +5.821501000e+02
200000 0 +9.520358117e-05 +5.821500952e+02 +5.821500952e+02
% f evaluations | g evaluations | best noise-free fitness - Fopt (1.752000000000e+01) + sum g_i+ | measured fitness | best measured fitness or single-digit g-values | x1 | x2...
1 0 +1.959604797e+04 +1.961356797e+04 +1.961356797e+04
6 0 +1.336460473e+04 +1.338212473e+04 +1.338212473e+04
264 0 +1.203303899e+04 +1.205055899e+04 +1.205055899e+04
311 0 +1.089130958e+04 +1.090882958e+04 +1.090882958e+04
337 0 +8.546822992e+03 +8.564342992e+03 +8.564342992e+03
379 0 +7.645022685e+03 +7.662542685e+03 +7.662542685e+03
1612 0 +7.022600222e+03 +7.040120222e+03 +7.040120222e+03
1619 0 +6.075810383e+03 +6.093330383e+03 +6.093330383e+03
25805 0 +4.978932548e+03 +4.996452548e+03 +4.996452548e+03
25815 0 +3.359698649e+03 +3.377218649e+03 +3.377218649e+03
25821 0 +2.350215668e+03 +2.367735668e+03 +2.367735668e+03
25826 0 +2.158914232e+03 +2.176434232e+03 +2.176434232e+03
25827 0 +1.534456967e+03 +1.551976967e+03 +1.551976967e+03
25833 0 +1.210356311e+03 +1.227876311e+03 +1.227876311e+03
25836 0 +1.091640597e+03 +1.109160597e+03 +1.109160597e+03
25841 0 +8.978787128e+02 +9.153987128e+02 +9.153987128e+02
25843 0 +8.194022977e+02 +8.369222977e+02 +8.369222977e+02
25845 0 +6.627915409e+02 +6.803115409e+02 +6.803115409e+02
25869 0 +3.492324517e+02 +3.667524517e+02 +3.667524517e+02
25933 0 +2.792435269e+02 +2.967635269e+02 +2.967635269e+02
25935 0 +2.382614061e+02 +2.557814061e+02 +2.557814061e+02
25947 0 +2.197668740e+02 +2.372868740e+02 +2.372868740e+02
25949 0 +1.817721880e+02 +1.992921880e+02 +1.992921880e+02
25952 0 +1.703084917e+02 +1.878284917e+02 +1.878284917e+02
25959 0 +1.573050432e+02 +1.748250432e+02 +1.748250432e+02
25972 0 +1.399514769e+02 +1.574714769e+02 +1.574714769e+02
26012 0 +1.205475853e+02 +1.380675853e+02 +1.380675853e+02
26054 0 +1.070396398e+02 +1.245596398e+02 +1.245596398e+02
26124 0 +9.171455617e+01 +1.092345562e+02 +1.092345562e+02
26130 0 +8.045519569e+01 +9.797519569e+01 +9.797519569e+01
26132 0 +6.545060176e+01 +8.297060176e+01 +8.297060176e+01
26136 0 +5.357082992e+01 +7.109082992e+01 +7.109082992e+01
26154 0 +4.896658588e+01 +6.648658588e+01 +6.648658588e+01
26206 0 +4.287896740e+01 +6.039896740e+01 +6.039896740e+01
26210 0 +3.444581044e+01 +5.196581044e+01 +5.196581044e+01
26221 0 +2.889989097e+01 +4.641989097e+01 +4.641989097e+01
26225 0 +2.796166737e+01 +4.548166737e+01 +4.548166737e+01
26239 0 +2.475775138e+01 +4.227775138e+01 +4.227775138e+01
26244 0 +2.171308126e+01 +3.923308126e+01 +3.923308126e+01
26246 0 +1.994355322e+01 +3.746355322e+01 +3.746355322e+01
26252 0 +1.646852183e+01 +3.398852183e+01 +3.398852183e+01
26254 0 +1.125180053e+01 +2.877180053e+01 +2.877180053e+01
26271 0 +1.080146997e+01 +2.832146997e+01 +2.832146997e+01
26309 0 +9.756240080e+00 +2.727624008e+01 +2.727624008e+01
26404 0 +8.821112057e+00 +2.634111206e+01 +2.634111206e+01
26485 0 +7.664780869e+00 +2.518478087e+01 +2.518478087e+01
26511 0 +7.065991068e+00 +2.458599107e+01 +2.458599107e+01
26828 0 +6.304340300e+00 +2.382434030e+01 +2.382434030e+01
28470 0 +5.623078373e+00 +2.314307837e+01 +2.314307837e+01
30070 0 +5.010428759e+00 +2.253042876e+01 +2.253042876e+01
31312 0 +4.464298507e+00 +2.198429851e+01 +2.198429851e+01
32582 0 +3.981047425e+00 +2.150104743e+01 +2.150104743e+01
33592 0 +3.545683243e+00 +2.106568324e+01 +2.106568324e+01
34588 0 +3.161609225e+00 +2.068160922e+01 +2.068160922e+01
35434 0 +2.816675616e+00 +2.033667562e+01 +2.033667562e+01
36156 0 +2.510773472e+00 +2.003077347e+01 +2.003077347e+01
36876 0 +2.233667078e+00 +1.975366708e+01 +1.975366708e+01
37476 0 +1.989511402e+00 +1.950951140e+01 +1.950951140e+01
38036 0 +1.766511836e+00 +1.928651184e+01 +1.928651184e+01
38516 0 +1.582252970e+00 +1.910225297e+01 +1.910225297e+01
38998 0 +1.405558488e+00 +1.892555849e+01 +1.892555849e+01
39478 0 +1.255732811e+00 +1.877573281e+01 +1.877573281e+01
39874 0 +1.121177334e+00 +1.864117733e+01 +1.864117733e+01
40238 0 +9.990205461e-01 +1.851902055e+01 +1.851902055e+01
40598 0 +8.888427797e-01 +1.840884278e+01 +1.840884278e+01
41036 0 +7.910815272e-01 +1.831108153e+01 +1.831108153e+01
41280 0 +7.056603968e-01 +1.822566040e+01 +1.822566040e+01
41600 0 +6.306506257e-01 +1.815065063e+01 +1.815065063e+01
42036 0 +5.623295242e-01 +1.808232952e+01 +1.808232952e+01
42638 0 +5.008880746e-01 +1.802088807e+01 +1.802088807e+01
43200 0 +4.463055669e-01 +1.796630557e+01 +1.796630557e+01
43802 0 +3.979394929e-01 +1.791793949e+01 +1.791793949e+01
44398 0 +3.541582671e-01 +1.787415827e+01 +1.787415827e+01
44880 0 +3.159955480e-01 +1.783599555e+01 +1.783599555e+01
45480 0 +2.816880410e-01 +1.780168804e+01 +1.780168804e+01
46082 0 +2.508452730e-01 +1.777084527e+01 +1.777084527e+01
46520 0 +2.235990269e-01 +1.774359903e+01 +1.774359903e+01
47396 0 +1.994907754e-01 +1.771949078e+01 +1.771949078e+01
48440 0 +1.777565848e-01 +1.769775658e+01 +1.769775658e+01
49482 0 +1.582938259e-01 +1.767829383e+01 +1.767829383e+01
50562 0 +1.412216403e-01 +1.766122164e+01 +1.766122164e+01
51482 0 +1.257722885e-01 +1.764577229e+01 +1.764577229e+01
52402 0 +1.118593768e-01 +1.763185938e+01 +1.763185938e+01
53398 0 +9.991364923e-02 +1.761991365e+01 +1.761991365e+01
55002 0 +8.906559855e-02 +1.760906560e+01 +1.760906560e+01
56762 0 +7.933502043e-02 +1.759933502e+01 +1.759933502e+01
58402 0 +7.073020560e-02 +1.759073021e+01 +1.759073021e+01
60000 0 +6.307092072e-02 +1.758307092e+01 +1.758307092e+01
61558 0 +5.620115200e-02 +1.757620115e+01 +1.757620115e+01
62962 0 +5.009213713e-02 +1.757009214e+01 +1.757009214e+01
64362 0 +4.463856624e-02 +1.756463857e+01 +1.756463857e+01
65722 0 +3.980145816e-02 +1.755980146e+01 +1.755980146e+01
67074 0 +3.547869465e-02 +1.755547869e+01 +1.755547869e+01
68242 0 +3.151931168e-02 +1.755151931e+01 +1.755151931e+01
69442 0 +2.813554291e-02 +1.754813554e+01 +1.754813554e+01
70882 0 +2.511364675e-02 +1.754511365e+01 +1.754511365e+01
73042 0 +2.238090666e-02 +1.754238091e+01 +1.754238091e+01
75082 0 +1.993566859e-02 +1.753993567e+01 +1.753993567e+01
77042 0 +1.777683617e-02 +1.753777684e+01 +1.753777684e+01
78922 0 +1.584488920e-02 +1.753584489e+01 +1.753584489e+01
80680 0 +1.411907382e-02 +1.753411907e+01 +1.753411907e+01
82400 0 +1.258015378e-02 +1.753258015e+01 +1.753258015e+01
83960 0 +1.121857279e-02 +1.753121857e+01 +1.753121857e+01
85522 0 +9.985820720e-03 +1.752998582e+01 +1.752998582e+01
86922 0 +8.906217289e-03 +1.752890622e+01 +1.752890622e+01
88762 0 +7.938891081e-03 +1.752793889e+01 +1.752793889e+01
91362 0 +7.076546256e-03 +1.752707655e+01 +1.752707655e+01
93842 0 +6.304340592e-03 +1.752630434e+01 +1.752630434e+01
96162 0 +5.617884932e-03 +1.752561788e+01 +1.752561788e+01
98438 0 +5.009440981e-03 +1.752500944e+01 +1.752500944e+01
100522 0 +4.464569004e-03 +1.752446457e+01 +1.752446457e+01
102560 0 +3.979530179e-03 +1.752397953e+01 +1.752397953e+01
104402 0 +3.544547949e-03 +1.752354455e+01 +1.752354455e+01
106200 0 +3.161629826e-03 +1.752316163e+01 +1.752316163e+01
107922 0 +2.815983316e-03 +1.752281598e+01 +1.752281598e+01
109592 0 +2.506822303e-03 +1.752250682e+01 +1.752250682e+01
111202 0 +2.236222917e-03 +1.752223622e+01 +1.752223622e+01
114082 0 +1.994940250e-03 +1.752199494e+01 +1.752199494e+01
116842 0 +1.777514422e-03 +1.752177751e+01 +1.752177751e+01
119440 0 +1.583901687e-03 +1.752158390e+01 +1.752158390e+01
121842 0 +1.411649709e-03 +1.752141165e+01 +1.752141165e+01
124162 0 +1.257935361e-03 +1.752125794e+01 +1.752125794e+01
126322 0 +1.120785973e-03 +1.752112079e+01 +1.752112079e+01
128440 0 +9.998557921e-04 +1.752099986e+01 +1.752099986e+01
130438 0 +8.904041652e-04 +1.752089040e+01 +1.752089040e+01
132280 0 +7.937884106e-04 +1.752079379e+01 +1.752079379e+01
133958 0 +7.077403700e-04 +1.752070774e+01 +1.752070774e+01
135602 0 +6.303663280e-04 +1.752063037e+01 +1.752063037e+01
137202 0 +5.608923995e-04 +1.752056089e+01 +1.752056089e+01
139642 0 +5.008877004e-04 +1.752050089e+01 +1.752050089e+01
142480 0 +4.463338832e-04 +1.752044633e+01 +1.752044633e+01
145082 0 +3.980699551e-04 +1.752039807e+01 +1.752039807e+01
147602 0 +3.543547869e-04 +1.752035435e+01 +1.752035435e+01
149962 0 +3.157577882e-04 +1.752031576e+01 +1.752031576e+01
152162 0 +2.814203106e-04 +1.752028142e+01 +1.752028142e+01
154282 0 +2.511803491e-04 +1.752025118e+01 +1.752025118e+01
156282 0 +2.238529664e-04 +1.752022385e+01 +1.752022385e+01
158196 0 +1.994974977e-04 +1.752019950e+01 +1.752019950e+01
159922 0 +1.777009227e-04 +1.752017770e+01 +1.752017770e+01
161682 0 +1.581525846e-04 +1.752015815e+01 +1.752015815e+01
164362 0 +1.412306612e-04 +1.752014123e+01 +1.752014123e+01
167322 0 +1.258730855e-04 +1.752012587e+01 +1.752012587e+01
170162 0 +1.121854281e-04 +1.752011219e+01 +1.752011219e+01
172802 0 +9.998150141e-05 +1.752009998e+01 +1.752009998e+01
175322 0 +8.904708273e-05 +1.752008905e+01 +1.752008905e+01
177722 0 +7.935136913e-05 +1.752007935e+01 +1.752007935e+01
179962 0 +7.076928657e-05 +1.752007077e+01 +1.752007077e+01
182122 0 +6.303268439e-05 +1.752006303e+01 +1.752006303e+01
184122 0 +5.623142072e-05 +1.752005623e+01 +1.752005623e+01
186002 0 +5.009397157e-05 +1.752005009e+01 +1.752005009e+01
187842 0 +4.464090829e-05 +1.752004464e+01 +1.752004464e+01
189602 0 +3.975362931e-05 +1.752003975e+01 +1.752003975e+01
191160 0 +3.547215421e-05 +1.752003547e+01 +1.752003547e+01
192720 0 +3.156493818e-05 +1.752003156e+01 +1.752003156e+01
194122 0 +2.818360061e-05 +1.752002818e+01 +1.752002818e+01
195436 0 +2.511401611e-05 +1.752002511e+01 +1.752002511e+01
197720 0 +2.238628211e-05 +1.752002239e+01 +1.752002239e+01
200000 0 +2.009602190e-05 +1.752002010e+01 +1.752002010e+01
% f evaluations | g evaluations | best noise-free fitness - Fopt (4.041000000000e+01) + sum g_i+ | measured fitness | best measured fitness or single-digit g-values | x1 | x2...
1 0 +7.412585771e+04 +7.416626771e+04 +7.416626771e+04
133 0 +7.216932800e+04 +7.220973800e+04 +7.220973800e+04
135 0 +6.373504723e+04 +6.377545723e+04 +6.377545723e+04
154 0 +5.842903758e+04 +5.846944758e+04 +5.846944758e+04
209 0 +3.770609171e+04 +3.774650171e+04 +3.774650171e+04
819 0 +3.358967597e+04 +3.363008597e+04 +3.363008597e+04
854 0 +2.357833188e+04 +2.361874188e+04 +2.361874188e+04
9056 0 +2.105507962e+04 +2.109548962e+04 +2.109548962e+04
9110 0 +1.780953184e+04 +1.784994184e+04 +1.784994184e+04
14528 0 +1.586827289e+04 +1.590868289e+04 +1.590868289e+04
15044 0 +1.481398319e+04 +1.485439319e+04 +1.485439319e+04
17041 0 +1.356834685e+04 +1.360875685e+04 +1.360875685e+04
17067 0 +1.251723553e+04 +1.255764553e+04 +1.255764553e+04
22975 0 +1.121115291e+04 +1.125156291e+04 +1.125156291e+04
24817 0 +9.842801335e+03 +9.883211335e+03 +9.883211335e+03
25821 0 +6.334053764e+03 +6.374463764e+03 +6.374463764e+03
25824 0 +6.067909556e+03 +6.108319556e+03 +6.108319556e+03
25825 0 +5.339615834e+03 +5.380025834e+03 +5.380025834e+03
25828 0 +4.912534666e+03 +4.952944666e+03 +4.952944666e+03
25830 0 +3.631507806e+03 +3.671917806e+03 +3.671917806e+03
25833 0 +3.284065769e+03 +3.324475769e+03 +3.324475769e+03
25835 0 +1.829489040e+03 +1.869899040e+03 +1.869899040e+03
25838 0 +1.481392187e+03 +1.521802187e+03 +1.521802187e+03
25839 0 +7.755228984e+02 +8.159328984e+02 +8.159328984e+02
25841 0 +7.056393439e+02 +7.460493439e+02 +7.460493439e+02
25878 0 +6.213950929e+02 +6.618050929e+02 +6.618050929e+02
25892 0 +5.282810468e+02 +5.686910468e+02 +5.686910468e+02
25894 0 +4.600217913e+02 +5.004317913e+02 +5.004317913e+02
25918 0 +3.937918177e+02 +4.342018177e+02 +4.342018177e+02
25981 0 +3.047036446e+02 +3.451136446e+02 +3.451136446e+02
25996 0 +2.498263634e+02 +2.902363634e+02 +2.902363634e+02
26019 0 +1.699920746e+02 +2.104020746e+02 +2.104020746e+02
26083 0 +1.448659968e+02 +1.852759968e+02 +1.852759968e+02
26094 0 +1.262599630e+02 +1.666699630e+02 +1.666699630e+02
26097 0 +1.089286470e+02 +1.493386470e+02 +1.493386470e+02
26164 0 +9.852537182e+01 +1.389353718e+02 +1.389353718e+02
26188 0 +8.896794607e+01 +1.293779461e+02 +1.293779461e+02
26308 0 +7.918672508e+01 +1.195967251e+02 +1.195967251e+02
26504 0 +7.072002833e+01 +1.111300283e+02 +1.111300283e+02
26510 0 +6.226203471e+01 +1.026720347e+02 +1.026720347e+02
26544 0 +5.579708200e+01 +9.620708200e+01 +9.620708200e+01
26548 0 +4.709497449e+01 +8.750497449e+01 +8.750497449e+01
26624 0 +4.326564704e+01 +8.367564704e+01 +8.367564704e+01
26662 0 +3.959593262e+01 +8.000593262e+01 +8.000593262e+01
26776 0 +3.484296849e+01 +7.525296849e+01 +7.525296849e+01
26887 0 +2.991441895e+01 +7.032441895e+01 +7.032441895e+01
26904 0 +2.708895005e+01 +6.749895005e+01 +6.749895005e+01
26908 0 +2.426095485e+01 +6.467095485e+01 +6.467095485e+01
26912 0 +2.068123205e+01 +6.109123205e+01 +6.109123205e+01
26914 0 +1.882487828e+01 +5.923487828e+01 +5.923487828e+01
26925 0 +1.702393977e+01 +5.743393977e+01 +5.743393977e+01
26948 0 +1.485147861e+01 +5.526147861e+01 +5.526147861e+01
26950 0 +1.338454439e+01 +5.379454439e+01 +5.379454439e+01
26952 0 +1.173519033e+01 +5.214519033e+01 +5.214519033e+01
26955 0 +1.117713592e+01 +5.158713592e+01 +5.158713592e+01
27024 0 +9.741704046e+00 +5.015170405e+01 +5.015170405e+01
27028 0 +8.594882954e+00 +4.900488295e+01 +4.900488295e+01
27036 0 +7.763593940e+00 +4.817359394e+01 +4.817359394e+01
27066 0 +6.910829207e+00 +4.732082921e+01 +4.732082921e+01
27072 0 +6.144489649e+00 +4.655448965e+01 +4.655448965e+01
27102 0 +5.580003081e+00 +4.599000308e+01 +4.599000308e+01
27108 0 +4.807557453e+00 +4.521755745e+01 +4.521755745e+01
27190 0 +4.416403137e+00 +4.482640314e+01 +4.482640314e+01
200000 0 +3.986632169e+00 +4.439663217e+01 +4.439663217e+01
% f evaluations | g evaluations | best noise-free fitness - Fopt (2.265900000000e+02) + sum g_i+ | measured fitness | best measured fitness or single-digit g-values | x1 | x2...
1 0 +7.846802291e+04 +7.869461291e+04 +7.869461291e+04
6 0 +5.192155822e+04 +5.214814822e+04 +5.214814822e+04
432 0 +4.945167056e+04 +4.967826056e+04 +4.967826056e+04
522 0 +3.881644823e+04 +3.904303823e+04 +3.904303823e+04
561 0 +3.528199393e+04 +3.550858393e+04 +3.550858393e+04
10840 0 +3.051622019e+04 +3.074281019e+04 +3.074281019e+04
10842 0 +2.413175146e+04 +2.435834146e+04 +2.435834146e+04
19098 0 +2.072597426e+04 +2.095256426e+04 +2.095256426e+04
19207 0 +1.988807696e+04 +2.011466696e+04 +2.011466696e+04
24514 0 +1.656818769e+04 +1.679477769e+04 +1.679477769e+04
24516 0 +1.495610483e+04 +1.518269483e+04 +1.518269483e+04
25825 0 +1.353117361e+04 +1.375776361e+04 +1.375776361e+04
25831 0 +1.177273884e+04 +1.199932884e+04 +1.199932884e+04
25833 0 +8.299149314e+03 +8.525739314e+03 +8.525739314e+03
25835 0 +2.914082463e+03 +3.140672463e+03 +3.140672463e+03
25841 0 +2.564099932e+03 +2.790689932e+03 +2.790689932e+03
25846 0 +2.468856174e+03 +2.695446174e+03 +2.695446174e+03
25868 0 +2.206819989e+03 +2.433409989e+03 +2.433409989e+03
25875 0 +8.426732112e+02 +1.069263211e+03 +1.069263211e+03
25881 0 +6.929504153e+02 +9.195404153e+02 +9.195404153e+02
25949 0 +5.512951405e+02 +7.778851405e+02 +7.778851405e+02
26056 0 +4.560887256e+02 +6.826787256e+02 +6.826787256e+02
26065 0 +4.283118484e+02 +6.549018484e+02 +6.549018484e+02
26103 0 +3.894078990e+02 +6.159978990e+02 +6.159978990e+02
26113 0 +3.227860752e+02 +5.493760752e+02 +5.493760752e+02
26151 0 +3.142062909e+02 +5.407962909e+02 +5.407962909e+02
26164 0 +2.776255113e+02 +5.042155113e+02 +5.042155113e+02
26277 0 +2.418500929e+02 +4.684400929e+02 +4.684400929e+02
26288 0 +2.071968232e+02 +4.337868232e+02 +4.337868232e+02
26320 0 +1.817223190e+02 +4.083123190e+02 +4.083123190e+02
26321 0 +1.581516249e+02 +3.847416249e+02 +3.847416249e+02
26400 0 +1.302060104e+02 +3.567960104e+02 +3.567960104e+02
26401 0 +1.079831499e+02 +3.345731499e+02 +3.345731499e+02
26441 0 +7.946742430e+01 +3.060574243e+02 +3.060574243e+02
26481 0 +6.485457662e+01 +2.914445766e+02 +2.914445766e+02
26520 0 +5.418587909e+01 +2.807758791e+02 +2.807758791e+02
26521 0 +4.092898974e+01 +2.675189897e+02 +2.675189897e+02
26560 0 +3.417377210e+01 +2.607637721e+02 +2.607637721e+02
26561 0 +2.853502013e+01 +2.551250201e+02 +2.551250201e+02
26604 0 +2.582449559e+01 +2.524144956e+02 +2.524144956e+02
26610 0 +2.458505009e+01 +2.511750501e+02 +2.511750501e+02
26625 0 +2.149594435e+01 +2.480859444e+02 +2.480859444e+02
26640 0 +1.967437436e+01 +2.462643744e+02 +2.462643744e+02
26688 0 +1.684483352e+01 +2.434348335e+02 +2.434348335e+02
26691 0 +1.572240307e+01 +2.423124031e+02 +2.423124031e+02
26704 0 +1.405101345e+01 +2.406410135e+02 +2.406410135e+02
26729 0 +1.189541396e+01 +2.384854140e+02 +2.384854140e+02
26848 0 +1.101606766e+01 +2.376060677e+02 +2.376060677e+02
27056 0 +9.975755211e+00 +2.365657552e+02 +2.365657552e+02
29584 0 +8.910974812e+00 +2.355009748e+02 +2.355009748e+02
31936 0 +7.940438132e+00 +2.345304381e+02 +2.345304381e+02
34066 0 +7.073163485e+00 +2.336631635e+02 +2.336631635e+02
35948 0 +6.305358306e+00 +2.328953583e+02 +2.328953583e+02
37668 0 +5.615846270e+00 +2.322058463e+02 +2.322058463e+02
39190 0 +5.010004846e+00 +2.316000048e+02 +2.316000048e+02
40510 0 +4.463099616e+00 +2.310530996e+02 +2.310530996e+02
41752 0 +3.978750989e+00 +2.305687510e+02 +2.305687510e+02
42792 0 +3.546175043e+00 +2.301361750e+02 +2.301361750e+02
43788 0 +3.157049008e+00 +2.297470490e+02 +2.297470490e+02
44596 0 +2.817994831e+00 +2.294079948e+02 +2.294079948e+02
45350 0 +2.510231864e+00 +2.291002319e+02 +2.291002319e+02
46036 0 +2.237957199e+00 +2.288279572e+02 +2.288279572e+02
46668 0 +1.993723762e+00 +2.285837238e+02 +2.285837238e+02
47200 0 +1.777963013e+00 +2.283679630e+02 +2.283679630e+02
47678 0 +1.583113046e+00 +2.281731130e+02 +2.281731130e+02
48194 0 +1.410359734e+00 +2.280003597e+02 +2.280003597e+02
48638 0 +1.258657901e+00 +2.278486579e+02 +2.278486579e+02
49040 0 +1.119697020e+00 +2.277096970e+02 +2.277096970e+02
49398 0 +9.970961237e-01 +2.275870961e+02 +2.275870961e+02
49760 0 +8.900625833e-01 +2.274800626e+02 +2.274800626e+02
50200 0 +7.917667313e-01 +2.273817667e+02 +2.273817667e+02
50518 0 +7.040732193e-01 +2.272940732e+02 +2.272940732e+02
50840 0 +6.301839091e-01 +2.272201839e+02 +2.272201839e+02
51240 0 +5.598211784e-01 +2.271498212e+02 +2.271498212e+02
51880 0 +5.003099131e-01 +2.270903099e+02 +2.270903099e+02
52480 0 +4.458305417e-01 +2.270358305e+02 +2.270358305e+02
53078 0 +3.974112397e-01 +2.269874112e+02 +2.269874112e+02
53600 0 +3.536727405e-01 +2.269436727e+02 +2.269436727e+02
54122 0 +3.156659438e-01 +2.269056659e+02 +2.269056659e+02
54642 0 +2.814065977e-01 +2.268714066e+02 +2.268714066e+02
55362 0 +2.510122848e-01 +2.268410123e+02 +2.268410123e+02
56358 0 +2.236783236e-01 +2.268136783e+02 +2.268136783e+02
57440 0 +1.994332635e-01 +2.267894333e+02 +2.267894333e+02
58520 0 +1.778056651e-01 +2.267678057e+02 +2.267678057e+02
59520 0 +1.583664636e-01 +2.267483665e+02 +2.267483665e+02
60562 0 +1.408359112e-01 +2.267308359e+02 +2.267308359e+02
61522 0 +1.257512514e-01 +2.267157513e+02 +2.267157513e+02
62520 0 +1.119548403e-01 +2.267019548e+02 +2.267019548e+02
63442 0 +9.992602025e-02 +2.266899260e+02 +2.266899260e+02
64922 0 +8.907621374e-02 +2.266790762e+02 +2.266790762e+02
66720 0 +7.938747262e-02 +2.266693875e+02 +2.266693875e+02
68362 0 +7.075797337e-02 +2.266607580e+02 +2.266607580e+02
69918 0 +6.305329939e-02 +2.266530533e+02 +2.266530533e+02
71442 0 +5.616956357e-02 +2.266461696e+02 +2.266461696e+02
72962 0 +5.001402537e-02 +2.266400140e+02 +2.266400140e+02
74390 0 +4.464522519e-02 +2.266346452e+02 +2.266346452e+02
75682 0 +3.974160945e-02 +2.266297416e+02 +2.266297416e+02
76922 0 +3.545087194e-02 +2.266254509e+02 +2.266254509e+02
78202 0 +3.159290548e-02 +2.266215929e+02 +2.266215929e+02
79362 0 +2.816456951e-02 +2.266181646e+02 +2.266181646e+02
80516 0 +2.511536275e-02 +2.266151154e+02 +2.266151154e+02
82082 0 +2.237084607e-02 +2.266123708e+02 +2.266123708e+02
84082 0 +1.992323797e-02 +2.266099232e+02 +2.266099232e+02
86042 0 +1.775773268e-02 +2.266077577e+02 +2.266077577e+02
87920 0 +1.584494844e-02 +2.266058449e+02 +2.266058449e+02
89682 0 +1.412443451e-02 +2.266041244e+02 +2.266041244e+02
91360 0 +1.258225318e-02 +2.266025823e+02 +2.266025823e+02
92996 0 +1.121026636e-02 +2.266012103e+02 +2.266012103e+02
94520 0 +9.982112995e-03 +2.265999821e+02 +2.265999821e+02
95922 0 +8.904777629e-03 +2.265989048e+02 +2.265989048e+02
97320 0 +7.925274058e-03 +2.265979253e+02 +2.265979253e+02
98992 0 +7.076276822e-03 +2.265970763e+02 +2.265970763e+02
101442 0 +6.303065349e-03 +2.265963031e+02 +2.265963031e+02
103762 0 +5.617895408e-03 +2.265956179e+02 +2.265956179e+02
106040 0 +5.009806306e-03 +2.265950098e+02 +2.265950098e+02
108162 0 +4.459413607e-03 +2.265944594e+02 +2.265944594e+02
110120 0 +3.977241109e-03 +2.265939772e+02 +2.265939772e+02
112002 0 +3.545282425e-03 +2.265935453e+02 +2.265935453e+02
113762 0 +3.155436216e-03 +2.265931554e+02 +2.265931554e+02
115522 0 +2.812887274e-03 +2.265928129e+02 +2.265928129e+02
117082 0 +2.511667447e-03 +2.265925117e+02 +2.265925117e+02
118600 0 +2.237967375e-03 +2.265922380e+02 +2.265922380e+02
120082 0 +1.994168915e-03 +2.265919942e+02 +2.265919942e+02
121920 0 +1.778228864e-03 +2.265917782e+02 +2.265917782e+02
124482 0 +1.584730413e-03 +2.265915847e+02 +2.265915847e+02
126922 0 +1.411991225e-03 +2.265914120e+02 +2.265914120e+02
129278 0 +1.258306169e-03 +2.265912583e+02 +2.265912583e+02
131402 0 +1.120786731e-03 +2.265911208e+02 +2.265911208e+02
133522 0 +9.998654816e-04 +2.265909999e+02 +2.265909999e+02
135478 0 +8.910606606e-04 +2.265908911e+02 +2.265908911e+02
137320 0 +7.941514219e-04 +2.265907942e+02 +2.265907942e+02
139040 0 +7.074143587e-04 +2.265907074e+02 +2.265907074e+02
140722 0 +6.305429635e-04 +2.265906305e+02 +2.265906305e+02
142282 0 +5.612646209e-04 +2.265905613e+02 +2.265905613e+02
143794 0 +5.010161297e-04 +2.265905010e+02 +2.265905010e+02
146482 0 +4.461509358e-04 +2.265904462e+02 +2.265904462e+02
149074 0 +3.980604538e-04 +2.265903981e+02 +2.265903981e+02
151562 0 +3.544214082e-04 +2.265903544e+02 +2.265903544e+02
153922 0 +3.158269262e-04 +2.265903158e+02 +2.265903158e+02
156202 0 +2.813974964e-04 +2.265902814e+02 +2.265902814e+02
158242 0 +2.506322372e-04 +2.265902506e+02 +2.265902506e+02
160242 0 +2.235330232e-04 +2.265902235e+02 +2.265902235e+02
162122 0 +1.995139623e-04 +2.265901995e+02 +2.265901995e+02
163922 0 +1.776276712e-04 +2.265901776e+02 +2.265901776e+02
165602 0 +1.580210862e-04 +2.265901580e+02 +2.265901580e+02
167122 0 +1.412296837e-04 +2.265901412e+02 +2.265901412e+02
168682 0 +1.258534026e-04 +2.265901259e+02 +2.265901259e+02
171560 0 +1.121434148e-04 +2.265901121e+02 +2.265901121e+02
174202 0 +9.987905000e-05 +2.265900999e+02 +2.265900999e+02
176722 0 +8.907442208e-05 +2.265900891e+02 +2.265900891e+02
179122 0 +7.940745556e-05 +2.265900794e+02 +2.265900794e+02
181396 0 +7.076165295e-05 +2.265900708e+02 +2.265900708e+02
183522 0 +6.304656975e-05 +2.265900630e+02 +2.265900630e+02
185522 0 +5.615848201e-05 +2.265900562e+02 +2.265900562e+02
187362 0 +5.006303221e-05 +2.265900501e+02 +2.265900501e+02
189202 0 +4.465262870e-05 +2.265900447e+02 +2.265900447e+02
190882 0 +3.978930462e-05 +2.265900398e+02 +2.265900398e+02
192506 0 +3.547199168e-05 +2.265900355e+02 +2.265900355e+02
195440 0 +3.160902813e-05 +2.265900316e+02 +2.265900316e+02
198282 0 +2.817429461e-05 +2.265900282e+02 +2.265900282e+02
200000 0 +2.620756587e-05 +2.265900262e+02 +2.265900262e+02
% f evaluations | g evaluations | best noise-free fitness - Fopt (-5.862000000000e+01) + sum g_i+ | measured fitness | best measured fitness or single-digit g-values | x1 | x2...
1 0 +5.772438159e+04 +5.766576159e+04 +5.766576159e+04
46 0 +5.733903728e+04 +5.728041728e+04 +5.728041728e+04
134 0 +5.259645016e+04 +5.253783016e+04 +5.253783016e+04
142 0 +4.973331560e+04 +4.967469560e+04 +4.967469560e+04
150 0 +4.176243907e+04 +4.170381907e+04 +4.170381907e+04
175 0 +3.406988795e+04 +3.401126795e+04 +3.401126795e+04
2085 0 +3.064868860e+04 +3.059006860e+04 +3.059006860e+04
2122 0 +2.716233827e+04 +2.710371827e+04 +2.710371827e+04
3142 0 +2.292751425e+04 +2.286889425e+04 +2.286889425e+04
7786 0 +1.856923554e+04 +1.851061554e+04 +1.851061554e+04
12386 0 +1.770254852e+04 +1.764392852e+04 +1.764392852e+04
12688 0 +1.510108965e+04 +1.504246965e+04 +1.504246965e+04
17546 0 +1.046536459e+04 +1.040674459e+04 +1.040674459e+04
17590 0 +9.700806352e+03 +9.642186352e+03 +9.642186352e+03
25028 0 +7.519598852e+03 +7.460978852e+03 +7.460978852e+03
25072 0 +6.667748647e+03 +6.609128647e+03 +6.609128647e+03
25819 0 +5.806611157e+03 +5.747991157e+03 +5.747991157e+03
25821 0 +5.103524557e+03 +5.044904557e+03 +5.044904557e+03
25825 0 +4.899025231e+03 +4.840405231e+03 +4.840405231e+03
25831 0 +4.304264513e+03 +4.245644513e+03 +4.245644513e+03
25837 0 +2.838908419e+03 +2.780288419e+03 +2.780288419e+03
25840 0 +1.805104936e+03 +1.746484936e+03 +1.746484936e+03
25851 0 +1.689685589e+03 +1.631065589e+03 +1.631065589e+03
25857 0 +1.520077982e+03 +1.461457982e+03 +1.461457982e+03
25859 0 +1.357669455e+03 +1.299049455e+03 +1.299049455e+03
25863 0 +9.739245024e+02 +9.153045024e+02 +9.153045024e+02
25875 0 +7.963984383e+02 +7.377784383e+02 +7.377784383e+02
25877 0 +7.156228890e+02 +6.570028890e+02 +6.570028890e+02
25880 0 +6.483181990e+02 +5.896981990e+02 +5.896981990e+02
25896 0 +3.142534608e+02 +2.556334608e+02 +2.556334608e+02
25901 0 +2.411827694e+02 +1.825627694e+02 +1.825627694e+02
26004 0 +1.893064278e+02 +1.306864278e+02 +1.306864278e+02
26017 0 +1.684110357e+02 +1.097910357e+02 +1.097910357e+02
26019 0 +1.507551105e+02 +9.213511049e+01 +9.213511049e+01
26025 0 +1.346126015e+02 +7.599260153e+01 +7.599260153e+01
26029 0 +1.166923952e+02 +5.807239524e+01 +5.807239524e+01
26033 0 +1.041041548e+02 +4.548415479e+01 +4.548415479e+01
26035 0 +9.651134414e+01 +3.789134414e+01 +3.789134414e+01
26038 0 +8.814189060e+01 +2.952189060e+01 +2.952189060e+01
26055 0 +7.433198210e+01 +1.571198210e+01 +1.571198210e+01
26057 0 +6.199104353e+01 +3.371043528e+00 +3.371043528e+00
26163 0 +5.399597525e+01 -4.624024750e+00 -4.624024750e+00
26174 0 +4.814196506e+01 -1.047803494e+01 -1.047803494e+01
26192 0 +4.400019079e+01 -1.461980921e+01 -1.461980921e+01
26197 0 +3.803670024e+01 -2.058329976e+01 -2.058329976e+01
26284 0 +3.498574116e+01 -2.363425884e+01 -2.363425884e+01
26285 0 +2.936053419e+01 -2.925946581e+01 -2.925946581e+01
26292 0 +2.790413281e+01 -3.071586719e+01 -3.071586719e+01
26302 0 +2.504372906e+01 -3.357627094e+01 -3.357627094e+01
26319 0 +2.172072617e+01 -3.689927383e+01 -3.689927383e+01
26437 0 +1.994606613e+01 -3.867393387e+01 -3.867393387e+01
30896 0 +1.778211991e+01 -4.083788009e+01 -4.083788009e+01
36096 0 +1.584044262e+01 -4.277955738e+01 -4.277955738e+01
40420 0 +1.412474862e+01 -4.449525138e+01 -4.449525138e+01
44222 0 +1.258353681e+01 -4.603646319e+01 -4.603646319e+01
47588 0 +1.122007668e+01 -4.739992332e+01 -4.739992332e+01
50666 0 +9.996963406e+00 -4.862303659e+01 -4.862303659e+01
53384 0 +8.909546876e+00 -4.971045312e+01 -4.971045312e+01
55752 0 +7.939679186e+00 -5.068032081e+01 -5.068032081e+01
57874 0 +7.069830638e+00 -5.155016936e+01 -5.155016936e+01
59754 0 +6.308917629e+00 -5.231108237e+01 -5.231108237e+01
61516 0 +5.616635621e+00 -5.300336438e+01 -5.300336438e+01
63318 0 +5.009501060e+00 -5.361049894e+01 -5.361049894e+01
65760 0 +4.464842206e+00 -5.415515779e+01 -5.415515779e+01
200000 0 +3.986703448e+00 -5.463329655e+01 -5.463329655e+01
