% f evaluations | g evaluations | best noise-free fitness - Fopt (1.491500000000e+02) + sum g_i+ | measured fitness | best measured fitness or single-digit g-values | x1 | x2...
1 0 +1.327057257e+03 +1.476207257e+03 +1.476207257e+03 +0.0000e+00 +0.0000e+00 +0.0000e+00 +0.0000e+00 +0.0000e+00
8 0 +8.871938837e+02 +1.036343884e+03 +1.036343884e+03 -1.3041e+00 -3.0835e-01 -3.8864e-01 -6.1741e-01 +4.6734e-01
18 0 +4.695753065e+02 +6.187253065e+02 +6.187253065e+02 -2.4055e+00 -7.5848e-01 -4.1601e-01 -4.3742e-01 -1.3703e+00
20 0 +3.863295432e+02 +5.354795432e+02 +5.354795432e+02 -2.2211e+00 -1.0477e-01 -4.5030e-01 -8.4804e-02 -1.7950e+00
263 0 +3.507718019e+02 +4.999218019e+02 +4.999218019e+02 -1.4860e-01 -9.7011e-01 -1.5687e+00 +2.4734e+00 -5.0379e-02
265 0 +2.474317652e+02 +3.965817652e+02 +3.965817652e+02 +0.0000e+00 +0.0000e+00 +0.0000e+00 +2.9289e+00 +0.0000e+00
280 0 +9.019813897e+01 +2.393481390e+02 +2.393481390e+02 -1.2322e+00 -1.0947e+00 -8.8814e-01 +4.8023e-01 -2.7914e+00
295 0 +6.386232681e+01 +2.130123268e+02 +2.130123268e+02 -6.3397e-01 -9.3426e-01 -2.1489e-01 +1.6270e+00 -2.6892e+00
1671 0 +4.946418539e+01 +1.986141854e+02 +1.986141854e+02 +0.0000e+00 -7.3316e-01 -1.0006e+00 +1.0006e+00 -3.9255e+00
1683 0 +3.789414640e+01 +1.870441464e+02 +1.870441464e+02 -5.0032e-01 -7.3316e-01 -1.0006e+00 +1.0006e+00 -3.9255e+00
1685 0 +1.250752417e+01 +1.616575242e+02 +1.616575242e+02 -5.0032e-01 -1.2335e+00 -1.0006e+00 +1.0006e+00 -3.9255e+00
1729 0 +1.054062274e+01 +1.596906227e+02 +1.596906227e+02 -1.2508e+00 -1.2335e+00 -1.0006e+00 +7.5049e-01 -3.9255e+00
1732 0 +6.817443270e+00 +1.559674433e+02 +1.559674433e+02 -1.2508e+00 -1.2335e+00 -1.0006e+00 +7.5049e-01 -3.6754e+00
1743 0 +6.269862316e+00 +1.554198623e+02 +1.554198623e+02 -1.3759e+00 -1.2335e+00 -1.0006e+00 +7.5049e-01 -3.6754e+00
1750 0 +5.169051578e+00 +1.543190516e+02 +1.543190516e+02 -1.3759e+00 -1.2335e+00 -1.0006e+00 +8.7557e-01 -3.6754e+00
1771 0 +4.738553907e+00 +1.538885539e+02 +1.538885539e+02 -1.3759e+00 -1.2960e+00 -9.3811e-01 +8.7557e-01 -3.7379e+00
1807 0 +4.409883513e+00 +1.535598835e+02 +1.535598835e+02 -1.2821e+00 -1.2960e+00 -9.6938e-01 +8.7557e-01 -3.7379e+00
1964 0 +3.955526398e+00 +1.531055264e+02 +1.531055264e+02 -1.0476e+00 -1.3586e+00 -9.6938e-01 +8.5993e-01 -3.7379e+00
2084 0 +3.541991729e+00 +1.526919917e+02 +1.526919917e+02 -8.5993e-01 -1.3273e+00 -9.6938e-01 +8.5993e-01 -3.7379e+00
2184 0 +3.143009742e+00 +1.522930097e+02 +1.522930097e+02 -7.0358e-01 -1.2491e+00 -9.5374e-01 +8.5993e-01 -3.7379e+00
2256 0 +2.811956511e+00 +1.519619565e+02 +1.519619565e+02 -5.9414e-01 -1.1553e+00 -9.3811e-01 +8.5993e-01 -3.7379e+00
2326 0 +2.511441676e+00 +1.516614417e+02 +1.516614417e+02 -5.1596e-01 -1.0771e+00 -8.8339e-01 +8.6775e-01 -3.7379e+00
2426 0 +2.233632928e+00 +1.513836329e+02 +1.513836329e+02 -4.4560e-01 -9.9896e-01 -8.3648e-01 +8.8339e-01 -3.7379e+00
2516 0 +1.981147519e+00 +1.511311475e+02 +1.511311475e+02 -3.9088e-01 -9.2860e-01 -7.8176e-01 +8.9902e-01 -3.7301e+00
2588 0 +1.770032403e+00 +1.509200324e+02 +1.509200324e+02 -3.5179e-01 -8.7387e-01 -7.2703e-01 +9.2247e-01 -3.7301e+00
2666 0 +1.579449082e+00 +1.507294491e+02 +1.507294491e+02 -3.1270e-01 -8.1915e-01 -6.8013e-01 +9.4593e-01 -3.7301e+00
2728 0 +1.406619237e+00 +1.505566192e+02 +1.505566192e+02 -2.8925e-01 -7.8006e-01 -6.2541e-01 +9.7720e-01 -3.7223e+00
2788 0 +1.243958975e+00 +1.503939590e+02 +1.503939590e+02 -2.6580e-01 -7.4098e-01 -5.7850e-01 +1.0163e+00 -3.7066e+00
2838 0 +1.109209553e+00 +1.502592096e+02 +1.502592096e+02 -2.4234e-01 -7.0970e-01 -5.3941e-01 +1.0476e+00 -3.6988e+00
2908 0 +9.970969339e-01 +1.501470969e+02 +1.501470969e+02 -2.2671e-01 -6.8234e-01 -5.0423e-01 +1.0788e+00 -3.6832e+00
3004 0 +8.879295576e-01 +1.500379296e+02 +1.500379296e+02 -2.1107e-01 -6.5889e-01 -4.6905e-01 +1.1179e+00 -3.6636e+00
3084 0 +7.939073850e-01 +1.499439074e+02 +1.499439074e+02 -1.9544e-01 -6.3544e-01 -4.3778e-01 +1.1492e+00 -3.6480e+00
3170 0 +7.031477109e-01 +1.498531477e+02 +1.498531477e+02 -1.8762e-01 -6.1199e-01 -4.0260e-01 +1.1844e+00 -3.6284e+00
3250 0 +6.291964144e-01 +1.497791964e+02 +1.497791964e+02 -1.7590e-01 -5.9635e-01 -3.7915e-01 +1.2156e+00 -3.6050e+00
3328 0 +5.620367394e-01 +1.497120367e+02 +1.497120367e+02 -1.6417e-01 -5.7681e-01 -3.5179e-01 +1.2430e+00 -3.5815e+00
3412 0 +5.009530562e-01 +1.496509531e+02 +1.496509531e+02 -1.6026e-01 -5.6508e-01 -3.2834e-01 +1.2782e+00 -3.5542e+00
3498 0 +4.460374792e-01 +1.495960375e+02 +1.495960375e+02 -1.5049e-01 -5.5140e-01 -3.0684e-01 +1.3055e+00 -3.5307e+00
3630 0 +3.968743894e-01 +1.495468744e+02 +1.495468744e+02 -1.4267e-01 -5.3772e-01 -2.8534e-01 +1.3329e+00 -3.5053e+00
3776 0 +3.537555768e-01 +1.495037556e+02 +1.495037556e+02 -1.3681e-01 -5.2599e-01 -2.6775e-01 +1.3603e+00 -3.4760e+00
3902 0 +3.157685507e-01 +1.494657686e+02 +1.494657686e+02 -1.3094e-01 -5.1622e-01 -2.5016e-01 +1.3857e+00 -3.4506e+00
4042 0 +2.812257772e-01 +1.494312258e+02 +1.494312258e+02 -1.2704e-01 -5.0645e-01 -2.3257e-01 +1.4111e+00 -3.4232e+00
4182 0 +2.505813943e-01 +1.494005814e+02 +1.494005814e+02 -1.2117e-01 -4.9863e-01 -2.1694e-01 +1.4345e+00 -3.3959e+00
4316 0 +2.235744595e-01 +1.493735745e+02 +1.493735745e+02 -1.1726e-01 -4.8886e-01 -2.0326e-01 +1.4560e+00 -3.3705e+00
4536 0 +1.993086485e-01 +1.493493086e+02 +1.493493086e+02 -1.1238e-01 -4.8104e-01 -1.8958e-01 +1.4765e+00 -3.3460e+00
4792 0 +1.777951221e-01 +1.493277951e+02 +1.493277951e+02 -1.0847e-01 -4.7420e-01 -1.7687e-01 +1.4961e+00 -3.3206e+00
5058 0 +1.584016335e-01 +1.493084016e+02 +1.493084016e+02 -1.0554e-01 -4.6736e-01 -1.6417e-01 +1.5156e+00 -3.2952e+00
5302 0 +1.408132035e-01 +1.492908132e+02 +1.492908132e+02 -1.0163e-01 -4.6150e-01 -1.5342e-01 +1.5342e+00 -3.2708e+00
5542 0 +1.257669528e-01 +1.492757670e+02 +1.492757670e+02 -9.8697e-02 -4.5563e-01 -1.4365e-01 +1.5508e+00 -3.2473e+00
5784 0 +1.119952983e-01 +1.492619953e+02 +1.492619953e+02 -9.5765e-02 -4.5075e-01 -1.3388e-01 +1.5674e+00 -3.2239e+00
6020 0 +9.996282711e-02 +1.492499628e+02 +1.492499628e+02 -9.3811e-02 -4.4586e-01 -1.2508e-01 +1.5831e+00 -3.2014e+00
6238 0 +8.909587131e-02 +1.492390959e+02 +1.492390959e+02 -9.0879e-02 -4.4098e-01 -1.1629e-01 +1.5967e+00 -3.1799e+00
6452 0 +7.920766224e-02 +1.492292077e+02 +1.492292077e+02 -8.8925e-02 -4.3707e-01 -1.0847e-01 +1.6114e+00 -3.1584e+00
6728 0 +7.076958072e-02 +1.492207696e+02 +1.492207696e+02 -8.6970e-02 -4.3267e-01 -1.0065e-01 +1.6241e+00 -3.1389e+00
7130 0 +6.305194600e-02 +1.492130519e+02 +1.492130519e+02 -8.5016e-02 -4.2925e-01 -9.3811e-02 +1.6368e+00 -3.1193e+00
7504 0 +5.622488420e-02 +1.492062249e+02 +1.492062249e+02 -8.2573e-02 -4.2534e-01 -8.7459e-02 +1.6480e+00 -3.1008e+00
7878 0 +5.007699459e-02 +1.492000770e+02 +1.492000770e+02 -8.1107e-02 -4.2241e-01 -8.1107e-02 +1.6593e+00 -3.0827e+00
8240 0 +4.462985059e-02 +1.491946299e+02 +1.491946299e+02 -7.9642e-02 -4.1948e-01 -7.5733e-02 +1.6700e+00 -3.0651e+00
8562 0 +3.974465343e-02 +1.491897447e+02 +1.491897447e+02 -7.8176e-02 -4.1606e-01 -6.9870e-02 +1.6798e+00 -3.0490e+00
8892 0 +3.536811675e-02 +1.491853681e+02 +1.491853681e+02 -7.7199e-02 -4.1361e-01 -6.4495e-02 +1.6896e+00 -3.0328e+00
9202 0 +3.161783722e-02 +1.491816178e+02 +1.491816178e+02 -7.5733e-02 -4.1166e-01 -6.0098e-02 +1.6984e+00 -3.0177e+00
9502 0 +2.818381070e-02 +1.491781838e+02 +1.491781838e+02 -7.4756e-02 -4.0922e-01 -5.5700e-02 +1.7067e+00 -3.0030e+00
9772 0 +2.509376247e-02 +1.491750938e+02 +1.491750938e+02 -7.3290e-02 -4.0677e-01 -5.1303e-02 +1.7145e+00 -2.9898e+00
10052 0 +2.236057715e-02 +1.491723606e+02 +1.491723606e+02 -7.2313e-02 -4.0482e-01 -4.7394e-02 +1.7223e+00 -2.9762e+00
10410 0 +1.994415960e-02 +1.491699442e+02 +1.491699442e+02 -7.1091e-02 -4.0238e-01 -4.3241e-02 +1.7291e+00 -2.9647e+00
10900 0 +1.777258722e-02 +1.491677726e+02 +1.491677726e+02 -7.0114e-02 -4.0067e-01 -3.9576e-02 +1.7360e+00 -2.9527e+00
11362 0 +1.583193515e-02 +1.491658319e+02 +1.491658319e+02 -6.9381e-02 -3.9896e-01 -3.6401e-02 +1.7421e+00 -2.9412e+00
11802 0 +1.412120693e-02 +1.491641212e+02 +1.491641212e+02 -6.8648e-02 -3.9749e-01 -3.3225e-02 +1.7482e+00 -2.9305e+00
12222 0 +1.258895577e-02 +1.491625890e+02 +1.491625890e+02 -6.7915e-02 -3.9578e-01 -3.0293e-02 +1.7538e+00 -2.9202e+00
12632 0 +1.121718417e-02 +1.491612172e+02 +1.491612172e+02 -6.7182e-02 -3.9456e-01 -2.7361e-02 +1.7592e+00 -2.9102e+00
13012 0 +9.987370417e-03 +1.491599874e+02 +1.491599874e+02 -6.6449e-02 -3.9309e-01 -2.4919e-02 +1.7643e+00 -2.9009e+00
13366 0 +8.907252527e-03 +1.491589073e+02 +1.491589073e+02 -6.5716e-02 -3.9163e-01 -2.2231e-02 +1.7690e+00 -2.8924e+00
13712 0 +7.935421909e-03 +1.491579354e+02 +1.491579354e+02 -6.5228e-02 -3.9065e-01 -1.9788e-02 +1.7736e+00 -2.8838e+00
14070 0 +7.078732696e-03 +1.491570787e+02 +1.491570787e+02 -6.4495e-02 -3.8931e-01 -1.7712e-02 +1.7779e+00 -2.8762e+00
14682 0 +6.304999272e-03 +1.491563050e+02 +1.491563050e+02 -6.4006e-02 -3.8833e-01 -1.5635e-02 +1.7819e+00 -2.8687e+00
15272 0 +5.617061233e-03 +1.491556171e+02 +1.491556171e+02 -6.3518e-02 -3.8735e-01 -1.3681e-02 +1.7857e+00 -2.8615e+00
15822 0 +5.004104251e-03 +1.491550041e+02 +1.491550041e+02 -6.3029e-02 -3.8638e-01 -1.1726e-02 +1.7894e+00 -2.8548e+00
16352 0 +4.462579307e-03 +1.491544626e+02 +1.491544626e+02 -6.2541e-02 -3.8552e-01 -1.0016e-02 +1.7927e+00 -2.8483e+00
16852 0 +3.975545301e-03 +1.491539755e+02 +1.491539755e+02 -6.2174e-02 -3.8466e-01 -8.4283e-03 +1.7960e+00 -2.8422e+00
17330 0 +3.544067251e-03 +1.491535441e+02 +1.491535441e+02 -6.1808e-02 -3.8393e-01 -6.8404e-03 +1.7990e+00 -2.8364e+00
17772 0 +3.158754587e-03 +1.491531588e+02 +1.491531588e+02 -6.1441e-02 -3.8320e-01 -5.3746e-03 +1.8018e+00 -2.8309e+00
18192 0 +2.818080731e-03 +1.491528181e+02 +1.491528181e+02 -6.1075e-02 -3.8247e-01 -4.0309e-03 +1.8045e+00 -2.8258e+00
18592 0 +2.510155092e-03 +1.491525102e+02 +1.491525102e+02 -6.0708e-02 -3.8173e-01 -2.6873e-03 +1.8071e+00 -2.8209e+00
18982 0 +2.236951537e-03 +1.491522370e+02 +1.491522370e+02 -6.0464e-02 -3.8124e-01 -1.4658e-03 +1.8095e+00 -2.8162e+00
19652 0 +1.993772018e-03 +1.491519938e+02 +1.491519938e+02 -6.0098e-02 -3.8057e-01 -2.4430e-04 +1.8118e+00 -2.8119e+00
20338 0 +1.777847957e-03 +1.491517778e+02 +1.491517778e+02 -5.9792e-02 -3.8002e-01 +8.5505e-04 +1.8139e+00 -2.8078e+00
20980 0 +1.584549764e-03 +1.491515845e+02 +1.491515845e+02 -5.9548e-02 -3.7947e-01 +1.8933e-03 +1.8160e+00 -2.8039e+00
21592 0 +1.411726274e-03 +1.491514117e+02 +1.491514117e+02 -5.9304e-02 -3.7898e-01 +2.8094e-03 +1.8179e+00 -2.8001e+00
22172 0 +1.257827630e-03 +1.491512578e+02 +1.491512578e+02 -5.9059e-02 -3.7856e-01 +3.7256e-03 +1.8197e+00 -2.7965e+00
22712 0 +1.121155217e-03 +1.491511212e+02 +1.491511212e+02 -5.8876e-02 -3.7807e-01 +4.6417e-03 +1.8214e+00 -2.7932e+00
23232 0 +9.993200220e-04 +1.491509993e+02 +1.491509993e+02 -5.8632e-02 -3.7770e-01 +5.4357e-03 +1.8230e+00 -2.7901e+00
23726 0 +8.902736382e-04 +1.491508903e+02 +1.491508903e+02 -5.8449e-02 -3.7727e-01 +6.2296e-03 +1.8245e+00 -2.7871e+00
24188 0 +7.937748782e-04 +1.491507938e+02 +1.491507938e+02 -5.8265e-02 -3.7697e-01 +6.9625e-03 +1.8260e+00 -2.7843e+00
24622 0 +7.072265830e-04 +1.491507072e+02 +1.491507072e+02 -5.8082e-02 -3.7660e-01 +7.6343e-03 +1.8274e+00 -2.7816e+00
25040 0 +6.299211241e-04 +1.491506299e+02 +1.491506299e+02 -5.7960e-02 -3.7624e-01 +8.3062e-03 +1.8287e+00 -2.7791e+00
25430 0 +5.620715756e-04 +1.491505621e+02 +1.491505621e+02 -5.7777e-02 -3.7599e-01 +8.9169e-03 +1.8299e+00 -2.7767e+00
25792 0 +5.005394068e-04 +1.491505005e+02 +1.491505005e+02 -5.7655e-02 -3.7569e-01 +9.4666e-03 +1.8310e+00 -2.7744e+00
26250 0 +4.464306839e-04 +1.491504464e+02 +1.491504464e+02 -5.7502e-02 -3.7538e-01 +1.0047e-02 +1.8321e+00 -2.7724e+00
26902 0 +3.980281966e-04 +1.491503980e+02 +1.491503980e+02 -5.7380e-02 -3.7514e-01 +1.0535e-02 +1.8331e+00 -2.7703e+00
27532 0 +3.546667658e-04 +1.491503547e+02 +1.491503547e+02 -5.7258e-02 -3.7489e-01 +1.1024e-02 +1.8341e+00 -2.7684e+00
28122 0 +3.159695987e-04 +1.491503160e+02 +1.491503160e+02 -5.7135e-02 -3.7465e-01 +1.1482e-02 +1.8350e+00 -2.7666e+00
28682 0 +2.815727123e-04 +1.491502816e+02 +1.491502816e+02 -5.7044e-02 -3.7447e-01 +1.1910e-02 +1.8359e+00 -2.7649e+00
29204 0 +2.511802814e-04 +1.491502512e+02 +1.491502512e+02 -5.6922e-02 -3.7425e-01 +1.2307e-02 +1.8367e+00 -2.7633e+00
29702 0 +2.237071718e-04 +1.491502237e+02 +1.491502237e+02 -5.6830e-02 -3.7404e-01 +1.2704e-02 +1.8374e+00 -2.7618e+00
30172 0 +1.992449413e-04 +1.491501992e+02 +1.491501992e+02 -5.6738e-02 -3.7385e-01 +1.3070e-02 +1.8382e+00 -2.7604e+00
30630 0 +1.777751574e-04 +1.491501778e+02 +1.491501778e+02 -5.6677e-02 -3.7370e-01 +1.3406e-02 +1.8389e+00 -2.7590e+00
31042 0 +1.581803689e-04 +1.491501582e+02 +1.491501582e+02 -5.6586e-02 -3.7355e-01 +1.3742e-02 +1.8395e+00 -2.7577e+00
31440 0 +1.409447424e-04 +1.491501409e+02 +1.491501409e+02 -5.6494e-02 -3.7337e-01 +1.4047e-02 +1.8401e+00 -2.7565e+00
31820 0 +1.257478290e-04 +1.491501257e+02 +1.491501257e+02 -5.6433e-02 -3.7324e-01 +1.4322e-02 +1.8407e+00 -2.7554e+00
32322 0 +1.121181959e-04 +1.491501121e+02 +1.491501121e+02 -5.6357e-02 -3.7311e-01 +1.4612e-02 +1.8412e+00 -2.7543e+00
32982 0 +9.985629225e-05 +1.491500999e+02 +1.491500999e+02 -5.6280e-02 -3.7295e-01 +1.4872e-02 +1.8417e+00 -2.7533e+00
33612 0 +8.900701130e-05 +1.491500890e+02 +1.491500890e+02 -5.6219e-02 -3.7285e-01 +1.5116e-02 +1.8422e+00 -2.7523e+00
34220 0 +7.941373113e-05 +1.491500794e+02 +1.491500794e+02 -5.6174e-02 -3.7274e-01 +1.5330e-02 +1.8427e+00 -2.7514e+00
34772 0 +7.066675613e-05 +1.491500707e+02 +1.491500707e+02 -5.6112e-02 -3.7262e-01 +1.5559e-02 +1.8431e+00 -2.7506e+00
35310 0 +6.307195892e-05 +1.491500631e+02 +1.491500631e+02 -5.6067e-02 -3.7253e-01 +1.5757e-02 +1.8435e+00 -2.7497e+00
35820 0 +5.622848070e-05 +1.491500562e+02 +1.491500562e+02 -5.6021e-02 -3.7243e-01 +1.5941e-02 +1.8439e+00 -2.7490e+00
36292 0 +5.006042858e-05 +1.491500501e+02 +1.491500501e+02 -5.5975e-02 -3.7234e-01 +1.6124e-02 +1.8443e+00 -2.7482e+00
36732 0 +4.458467876e-05 +1.491500446e+02 +1.491500446e+02 -5.5929e-02 -3.7225e-01 +1.6307e-02 +1.8446e+00 -2.7476e+00
37158 0 +3.974832052e-05 +1.491500397e+02 +1.491500397e+02 -5.5883e-02 -3.7216e-01 +1.6475e-02 +1.8449e+00 -2.7469e+00
37562 0 +3.548103680e-05 +1.491500355e+02 +1.491500355e+02 -5.5853e-02 -3.7210e-01 +1.6612e-02 +1.8452e+00 -2.7463e+00
37932 0 +3.157077626e-05 +1.491500316e+02 +1.491500316e+02 -5.5807e-02 -3.7202e-01 +1.6765e-02 +1.8455e+00 -2.7457e+00
38298 0 +2.817970594e-05 +1.491500282e+02 +1.491500282e+02 -5.5777e-02 -3.7196e-01 +1.6902e-02 +1.8458e+00 -2.7452e+00
38892 0 +2.510357805e-05 +1.491500251e+02 +1.491500251e+02 -5.5738e-02 -3.7189e-01 +1.7032e-02 +1.8461e+00 -2.7447e+00
39528 0 +2.238024678e-05 +1.491500224e+02 +1.491500224e+02 -5.5708e-02 -3.7182e-01 +1.7154e-02 +1.8463e+00 -2.7442e+00
40132 0 +1.991782193e-05 +1.491500199e+02 +1.491500199e+02 -5.5685e-02 -3.7177e-01 +1.7269e-02 +1.8465e+00 -2.7437e+00
40692 0 +1.775378414e-05 +1.491500178e+02 +1.491500178e+02 -5.5654e-02 -3.7171e-01 +1.7376e-02 +1.8467e+00 -2.7433e+00
41232 0 +1.583810791e-05 +1.491500158e+02 +1.491500158e+02 -5.5631e-02 -3.7166e-01 +1.7475e-02 +1.8469e+00 -2.7429e+00
41742 0 +1.411993546e-05 +1.491500141e+02 +1.491500141e+02 -5.5609e-02 -3.7162e-01 +1.7567e-02 +1.8471e+00 -2.7425e+00
42222 0 +1.257688578e-05 +1.491500126e+02 +1.491500126e+02 -5.5586e-02 -3.7157e-01 +1.7658e-02 +1.8473e+00 -2.7421e+00
42662 0 +1.120430719e-05 +1.491500112e+02 +1.491500112e+02 -5.5563e-02 -3.7153e-01 +1.7750e-02 +1.8475e+00 -2.7418e+00
43102 0 +9.984950424e-06 +1.491500100e+02 +1.491500100e+02 -5.5540e-02 -3.7149e-01 +1.7826e-02 +1.8477e+00 -2.7415e+00
43502 0 +8.899803930e-06 +1.491500089e+02 +1.491500089e+02 -5.5525e-02 -3.7145e-01 +1.7903e-02 +1.8478e+00 -2.7412e+00
43880 0 +7.929948822e-06 +1.491500079e+02 +1.491500079e+02 -5.5502e-02 -3.7141e-01 +1.7979e-02 +1.8480e+00 -2.7409e+00
44236 0 +7.070236450e-06 +1.491500071e+02 +1.491500071e+02 -5.5486e-02 -3.7137e-01 +1.8048e-02 +1.8481e+00 -2.7406e+00
44568 0 +6.305188606e-06 +1.491500063e+02 +1.491500063e+02 -5.5471e-02 -3.7134e-01 +1.8116e-02 +1.8482e+00 -2.7404e+00
44888 0 +5.618166227e-06 +1.491500056e+02 +1.491500056e+02 -5.5456e-02 -3.7131e-01 +1.8177e-02 +1.8483e+00 -2.7401e+00
45196 0 +5.003565263e-06 +1.491500050e+02 +1.491500050e+02 -5.5441e-02 -3.7128e-01 +1.8231e-02 +1.8485e+00 -2.7399e+00
45480 0 +4.462352223e-06 +1.491500045e+02 +1.491500045e+02 -5.5425e-02 -3.7126e-01 +1.8284e-02 +1.8486e+00 -2.7397e+00
45748 0 +3.978953714e-06 +1.491500040e+02 +1.491500040e+02 -5.5418e-02 -3.7124e-01 +1.8338e-02 +1.8487e+00 -2.7395e+00
46012 0 +3.545902217e-06 +1.491500035e+02 +1.491500035e+02 -5.5402e-02 -3.7121e-01 +1.8384e-02 +1.8488e+00 -2.7393e+00
46492 0 +3.159493673e-06 +1.491500032e+02 +1.491500032e+02 -5.5391e-02 -3.7118e-01 +1.8429e-02 +1.8489e+00 -2.7391e+00
46960 0 +2.815777265e-06 +1.491500028e+02 +1.491500028e+02 -5.5380e-02 -3.7116e-01 +1.8471e-02 +1.8489e+00 -2.7389e+00
47372 0 +2.509876111e-06 +1.491500025e+02 +1.491500025e+02 -5.5372e-02 -3.7114e-01 +1.8513e-02 +1.8490e+00 -2.7388e+00
47776 0 +2.238270127e-06 +1.491500022e+02 +1.491500022e+02 -5.5360e-02 -3.7112e-01 +1.8551e-02 +1.8491e+00 -2.7386e+00
48162 0 +1.995088383e-06 +1.491500020e+02 +1.491500020e+02 -5.5353e-02 -3.7111e-01 +1.8586e-02 +1.8492e+00 -2.7384e+00
48528 0 +1.777421318e-06 +1.491500018e+02 +1.491500018e+02 -5.5345e-02 -3.7109e-01 +1.8624e-02 +1.8492e+00 -2.7383e+00
48860 0 +1.584584567e-06 +1.491500016e+02 +1.491500016e+02 -5.5338e-02 -3.7107e-01 +1.8655e-02 +1.8493e+00 -2.7382e+00
49180 0 +1.412488132e-06 +1.491500014e+02 +1.491500014e+02 -5.5330e-02 -3.7106e-01 +1.8685e-02 +1.8494e+00 -2.7381e+00
49496 0 +1.254727863e-06 +1.491500013e+02 +1.491500013e+02 -5.5322e-02 -3.7104e-01 +1.8716e-02 +1.8494e+00 -2.7379e+00
49768 0 +1.121148728e-06 +1.491500011e+02 +1.491500011e+02 -5.5315e-02 -3.7103e-01 +1.8742e-02 +1.8495e+00 -2.7378e+00
50000 0 +1.020891148e-06 +1.491500010e+02 +1.491500010e+02 -5.5311e-02 -3.7102e-01 +1.8761e-02 +1.8495e+00 -2.7378e+00
% f evaluations | g evaluations | best noise-free fitness - Fopt (-1.000000000000e+03) + sum g_i+ | measured fitness | best measured fitness or single-digit g-values | x1 | x2...
1 0 +2.422133760e+04 +2.322133760e+04 +2.322133760e+04 +0.0000e+00 +0.0000e+00 +0.0000e+00 +0.0000e+00 +0.0000e+00
2 0 +8.878090541e+03 +7.878090541e+03 +7.878090541e+03 -2.7186e+00 -7.1789e-01 +5.1803e-01 +6.4926e-01 -1.3468e+00
3 0 +2.321406312e+03 +1.321406312e+03 +1.321406312e+03 -4.4739e+00 +1.5168e-01 -3.7521e-01 -1.9934e-02 -1.0121e+00
6 0 +1.577892310e+03 +5.778923104e+02 +5.778923104e+02 -3.1061e+00 -6.5270e-01 +1.1719e+00 -1.4812e-01 -4.1057e-01
13 0 +3.220874802e+02 -6.779125198e+02 -6.779125198e+02 -3.3854e+00 -1.9659e-01 +1.0681e+00 -6.1863e-01 +6.9183e-01
1658 0 +2.377232567e+02 -7.622767433e+02 -7.622767433e+02 -2.8494e+00 +1.0006e+00 +1.0006e+00 -8.0865e-01 +0.0000e+00
1668 0 +8.685888537e+01 -9.131411146e+02 -9.131411146e+02 -2.8494e+00 +1.0006e+00 +2.0013e+00 -8.0865e-01 +0.0000e+00
1686 0 +3.852981911e+01 -9.614701809e+02 -9.614701809e+02 -2.8494e+00 +1.5010e+00 +2.0013e+00 -8.0865e-01 +0.0000e+00
1704 0 +3.346742804e+01 -9.665325720e+02 -9.665325720e+02 -2.5992e+00 +1.5010e+00 +2.0013e+00 -8.0865e-01 +0.0000e+00
1723 0 +2.824500605e+01 -9.717549940e+02 -9.717549940e+02 -2.7243e+00 +1.5010e+00 +2.0013e+00 -8.0865e-01 +0.0000e+00
1725 0 +2.071036714e+01 -9.792896329e+02 -9.792896329e+02 -2.7243e+00 +1.3759e+00 +2.0013e+00 -8.0865e-01 +0.0000e+00
1727 0 +2.615063265e+00 -9.973849367e+02 -9.973849367e+02 -2.7243e+00 +1.3759e+00 +1.8762e+00 -8.0865e-01 +0.0000e+00
1753 0 +2.203301983e+00 -9.977966980e+02 -9.977966980e+02 -2.7556e+00 +1.3759e+00 +1.8762e+00 -8.0865e-01 +0.0000e+00
1755 0 +1.529041738e+00 -9.984709583e+02 -9.984709583e+02 -2.7556e+00 +1.3446e+00 +1.8762e+00 -8.0865e-01 +0.0000e+00
1757 0 +9.499005562e-01 -9.990500994e+02 -9.990500994e+02 -2.7556e+00 +1.3446e+00 +1.8449e+00 -8.0865e-01 +0.0000e+00
1773 0 +8.870823235e-01 -9.991129177e+02 -9.991129177e+02 -2.7712e+00 +1.3446e+00 +1.8449e+00 -8.0865e-01 +0.0000e+00
1775 0 +6.984383392e-01 -9.993015617e+02 -9.993015617e+02 -2.7712e+00 +1.3290e+00 +1.8449e+00 -8.0865e-01 +0.0000e+00
2881 0 +6.308767902e-01 -9.993691232e+02 -9.993691232e+02 -2.7780e+00 +1.3212e+00 +1.8332e+00 -8.3796e-01 -1.0651e-01
5621 0 +5.623304207e-01 -9.994376696e+02 -9.994376696e+02 -2.7819e+00 +1.3134e+00 +1.8171e+00 -8.7852e-01 -2.4332e-01
8231 0 +5.011408459e-01 -9.994988592e+02 -9.994988592e+02 -2.7854e+00 +1.3065e+00 +1.8020e+00 -9.1712e-01 -3.7085e-01
10631 0 +4.466452180e-01 -9.995533548e+02 -9.995533548e+02 -2.7883e+00 +1.3006e+00 +1.7878e+00 -9.5376e-01 -4.8811e-01
12851 0 +3.979375490e-01 -9.996020625e+02 -9.996020625e+02 -2.7912e+00 +1.2943e+00 +1.7741e+00 -9.8796e-01 -5.9658e-01
14901 0 +3.546284872e-01 -9.996453715e+02 -9.996453715e+02 -2.7937e+00 +1.2889e+00 +1.7614e+00 -1.0202e+00 -6.9674e-01
16781 0 +3.160797420e-01 -9.996839203e+02 -9.996839203e+02 -2.7966e+00 +1.2831e+00 +1.7487e+00 -1.0505e+00 -7.8860e-01
18539 0 +2.817583109e-01 -9.997182417e+02 -9.997182417e+02 -2.7986e+00 +1.2782e+00 +1.7375e+00 -1.0793e+00 -8.7410e-01
20141 0 +2.510508896e-01 -9.997489491e+02 -9.997489491e+02 -2.8015e+00 +1.2728e+00 +1.7262e+00 -1.1062e+00 -9.5277e-01
21631 0 +2.237131260e-01 -9.997762869e+02 -9.997762869e+02 -2.8034e+00 +1.2679e+00 +1.7155e+00 -1.1316e+00 -1.0256e+00
23011 0 +1.993659088e-01 -9.998006341e+02 -9.998006341e+02 -2.8059e+00 +1.2630e+00 +1.7052e+00 -1.1556e+00 -1.0930e+00
24291 0 +1.777446995e-01 -9.998222553e+02 -9.998222553e+02 -2.8078e+00 +1.2591e+00 +1.6959e+00 -1.1780e+00 -1.1555e+00
25481 0 +1.584349595e-01 -9.998415650e+02 -9.998415650e+02 -2.8098e+00 +1.2547e+00 +1.6866e+00 -1.1990e+00 -1.2137e+00
26581 0 +1.412475891e-01 -9.998587524e+02 -9.998587524e+02 -2.8118e+00 +1.2508e+00 +1.6778e+00 -1.2191e+00 -1.2674e+00
27601 0 +1.258748387e-01 -9.998741252e+02 -9.998741252e+02 -2.8137e+00 +1.2469e+00 +1.6700e+00 -1.2381e+00 -1.3173e+00
28569 0 +1.121246749e-01 -9.998878753e+02 -9.998878753e+02 -2.8152e+00 +1.2435e+00 +1.6622e+00 -1.2562e+00 -1.3642e+00
29441 0 +9.998962461e-02 -9.999000104e+02 -9.999000104e+02 -2.8171e+00 +1.2401e+00 +1.6549e+00 -1.2728e+00 -1.4072e+00
30271 0 +8.906875072e-02 -9.999109312e+02 -9.999109312e+02 -2.8186e+00 +1.2366e+00 +1.6476e+00 -1.2885e+00 -1.4477e+00
31041 0 +7.936131120e-02 -9.999206387e+02 -9.999206387e+02 -2.8201e+00 +1.2337e+00 +1.6412e+00 -1.3036e+00 -1.4853e+00
31759 0 +7.076052972e-02 -9.999292395e+02 -9.999292395e+02 -2.8215e+00 +1.2303e+00 +1.6348e+00 -1.3178e+00 -1.5200e+00
32421 0 +6.306020237e-02 -9.999369398e+02 -9.999369398e+02 -2.8230e+00 +1.2278e+00 +1.6290e+00 -1.3310e+00 -1.5528e+00
33281 0 +5.621156680e-02 -9.999437884e+02 -9.999437884e+02 -2.8245e+00 +1.2249e+00 +1.6231e+00 -1.3432e+00 -1.5828e+00
34441 0 +5.008167551e-02 -9.999499183e+02 -9.999499183e+02 -2.8257e+00 +1.2222e+00 +1.6177e+00 -1.3551e+00 -1.6112e+00
35531 0 +4.464166826e-02 -9.999553583e+02 -9.999553583e+02 -2.8267e+00 +1.2200e+00 +1.6126e+00 -1.3661e+00 -1.6378e+00
36541 0 +3.977694278e-02 -9.999602231e+02 -9.999602231e+02 -2.8279e+00 +1.2176e+00 +1.6077e+00 -1.3766e+00 -1.6625e+00
37491 0 +3.547381981e-02 -9.999645262e+02 -9.999645262e+02 -2.8291e+00 +1.2154e+00 +1.6033e+00 -1.3864e+00 -1.6857e+00
38379 0 +3.161240581e-02 -9.999683876e+02 -9.999683876e+02 -2.8301e+00 +1.2132e+00 +1.5989e+00 -1.3959e+00 -1.7072e+00
39209 0 +2.816599066e-02 -9.999718340e+02 -9.999718340e+02 -2.8311e+00 +1.2112e+00 +1.5948e+00 -1.4047e+00 -1.7274e+00
39981 0 +2.510084141e-02 -9.999748992e+02 -9.999748992e+02 -2.8320e+00 +1.2095e+00 +1.5909e+00 -1.4130e+00 -1.7465e+00
40719 0 +2.238631676e-02 -9.999776137e+02 -9.999776137e+02 -2.8328e+00 +1.2078e+00 +1.5875e+00 -1.4209e+00 -1.7643e+00
41391 0 +1.993750013e-02 -9.999800625e+02 -9.999800625e+02 -2.8335e+00 +1.2061e+00 +1.5838e+00 -1.4282e+00 -1.7809e+00
42031 0 +1.777418855e-02 -9.999822258e+02 -9.999822258e+02 -2.8345e+00 +1.2044e+00 +1.5806e+00 -1.4350e+00 -1.7966e+00
42645 0 +1.583614625e-02 -9.999841639e+02 -9.999841639e+02 -2.8350e+00 +1.2029e+00 +1.5774e+00 -1.4416e+00 -1.8115e+00
43199 0 +1.412482216e-02 -9.999858752e+02 -9.999858752e+02 -2.8357e+00 +1.2015e+00 +1.5745e+00 -1.4480e+00 -1.8249e+00
43729 0 +1.258808416e-02 -9.999874119e+02 -9.999874119e+02 -2.8364e+00 +1.2002e+00 +1.5718e+00 -1.4538e+00 -1.8379e+00
44211 0 +1.121611738e-02 -9.999887839e+02 -9.999887839e+02 -2.8372e+00 +1.1988e+00 +1.5691e+00 -1.4592e+00 -1.8498e+00
44691 0 +9.999905227e-03 -9.999900001e+02 -9.999900001e+02 -2.8376e+00 +1.1978e+00 +1.5667e+00 -1.4643e+00 -1.8616e+00
45359 0 +8.910006914e-03 -9.999910900e+02 -9.999910900e+02 -2.8383e+00 +1.1965e+00 +1.5642e+00 -1.4694e+00 -1.8718e+00
46171 0 +7.941964570e-03 -9.999920580e+02 -9.999920580e+02 -2.8389e+00 +1.1954e+00 +1.5620e+00 -1.4739e+00 -1.8818e+00
46941 0 +7.077667999e-03 -9.999929223e+02 -9.999929223e+02 -2.8394e+00 +1.1944e+00 +1.5600e+00 -1.4783e+00 -1.8912e+00
47671 0 +6.305675148e-03 -9.999936943e+02 -9.999936943e+02 -2.8398e+00 +1.1934e+00 +1.5580e+00 -1.4824e+00 -1.9002e+00
48351 0 +5.615844958e-03 -9.999943842e+02 -9.999943842e+02 -2.8403e+00 +1.1924e+00 +1.5561e+00 -1.4863e+00 -1.9085e+00
48999 0 +5.010768996e-03 -9.999949892e+02 -9.999949892e+02 -2.8407e+00 +1.1917e+00 +1.5544e+00 -1.4900e+00 -1.9163e+00
49591 0 +4.466097081e-03 -9.999955339e+02 -9.999955339e+02 -2.8411e+00 +1.1908e+00 +1.5526e+00 -1.4934e+00 -1.9236e+00
50000 0 +4.118002676e-03 -9.999958820e+02 -9.999958820e+02 -2.8414e+00 +1.1902e+00 +1.5514e+00 -1.4957e+00 -1.9285e+00
% f evaluations | g evaluations | best noise-free fitness - Fopt (9.862000000000e+01) + sum g_i+ | measured fitness | best measured fitness or single-digit g-values | x1 | x2...
1 0 +1.448591041e+04 +1.458453041e+04 +1.458453041e+04 +0.0000e+00 +0.0000e+00 +0.0000e+00 +0.0000e+00 +0.0000e+00
6 0 +1.105101394e+04 +1.114963394e+04 +1.114963394e+04 -3.1061e+00 -6.5270e-01 +1.1719e+00 -1.4812e-01 -4.1057e-01
8 0 +6.902121812e+03 +7.000741812e+03 +7.000741812e+03 -1.3041e+00 -3.0835e-01 -3.8864e-01 -6.1741e-01 +4.6734e-01
13 0 +5.974036215e+03 +6.072656215e+03 +6.072656215e+03 -3.3854e+00 -1.9659e-01 +1.0681e+00 -6.1863e-01 +6.9183e-01
79 0 +5.150216934e+03 +5.248836934e+03 +5.248836934e+03 -4.5647e-01 -3.1255e+00 +1.0681e+00 -6.1863e-01 +6.9183e-01
189 0 +3.971890839e+03 +4.070510839e+03 +4.070510839e+03 +4.8216e-01 +2.6386e-01 +2.2695e+00 -1.6050e+00 +8.0055e-02
200 0 +2.040614137e+03 +2.139234137e+03 +2.139234137e+03 +2.1034e-01 -7.1789e-01 +5.1803e-01 -2.2797e+00 -1.3468e+00
204 0 +7.778289271e+02 +8.764489271e+02 +8.764489271e+02 -1.7720e-01 -6.5270e-01 +1.1719e+00 -3.0771e+00 -4.1057e-01
226 0 +6.153855931e+02 +7.140055931e+02 +7.140055931e+02 -3.6414e-01 -1.2860e+00 +5.9333e-01 -3.1365e+00 -1.3740e+00
1658 0 +5.016843282e+02 +6.003043282e+02 +6.003043282e+02 -1.0006e+00 -1.8093e+00 +1.0006e+00 -1.8487e+00 +0.0000e+00
1659 0 +4.688996485e+01 +1.455099648e+02 +1.455099648e+02 -1.0006e+00 -1.8093e+00 +1.0006e+00 -2.8494e+00 +0.0000e+00
1668 0 +3.078121543e+01 +1.294012154e+02 +1.294012154e+02 -1.0006e+00 -1.8093e+00 +2.0013e+00 -2.8494e+00 +0.0000e+00
1683 0 +2.774067579e+01 +1.263606758e+02 +1.263606758e+02 -1.5010e+00 -1.8093e+00 +2.0013e+00 -2.8494e+00 +0.0000e+00
1687 0 +2.223047041e+01 +1.208504704e+02 +1.208504704e+02 -1.5010e+00 -1.8093e+00 +1.5010e+00 -2.8494e+00 +0.0000e+00
1689 0 +1.174250175e+01 +1.103625018e+02 +1.103625018e+02 -1.5010e+00 -1.8093e+00 +1.5010e+00 -3.3497e+00 +0.0000e+00
1704 0 +5.504879031e+00 +1.041248790e+02 +1.041248790e+02 -1.2508e+00 -1.8093e+00 +1.5010e+00 -3.3497e+00 +0.0000e+00
1710 0 +4.564183900e+00 +1.031841839e+02 +1.031841839e+02 -1.2508e+00 -1.8093e+00 +1.5010e+00 -3.0995e+00 +0.0000e+00
1728 0 +3.857810808e+00 +1.024778108e+02 +1.024778108e+02 -1.2508e+00 -1.8093e+00 +1.6261e+00 -3.0995e+00 +0.0000e+00
1731 0 +3.186833376e+00 +1.018068334e+02 +1.018068334e+02 -1.2508e+00 -1.8093e+00 +1.6261e+00 -3.2246e+00 -1.2508e-01
1737 0 +3.147775513e+00 +1.017677755e+02 +1.017677755e+02 -1.2508e+00 -1.8093e+00 +1.5010e+00 -3.2246e+00 -1.2508e-01
1773 0 +2.750315135e+00 +1.013703151e+02 +1.013703151e+02 -1.2821e+00 -1.8718e+00 +1.5010e+00 -3.2246e+00 -6.2541e-02
1806 0 +2.507568644e+00 +1.011275686e+02 +1.011275686e+02 -1.2664e+00 -1.8406e+00 +1.5479e+00 -3.1933e+00 -7.8176e-02
1856 0 +2.203521238e+00 +1.008235212e+02 +1.008235212e+02 -1.1883e+00 -1.7624e+00 +1.5948e+00 -3.1933e+00 -7.8176e-02
1944 0 +1.982443828e+00 +1.006024438e+02 +1.006024438e+02 -1.1414e+00 -1.7077e+00 +1.6495e+00 -3.1699e+00 -7.8176e-02
2008 0 +1.776603589e+00 +1.003966036e+02 +1.003966036e+02 -1.1023e+00 -1.6529e+00 +1.6964e+00 -3.1464e+00 -7.8176e-02
2088 0 +1.584386908e+00 +1.002043869e+02 +1.002043869e+02 -1.0671e+00 -1.6021e+00 +1.7472e+00 -3.1230e+00 -7.8176e-02
2208 0 +1.411659981e+00 +1.000316600e+02 +1.000316600e+02 -1.0397e+00 -1.5591e+00 +1.7941e+00 -3.0878e+00 -6.6449e-02
2328 0 +1.255415821e+00 +9.987541582e+01 +9.987541582e+01 -1.0163e+00 -1.5200e+00 +1.8410e+00 -3.0565e+00 -5.8632e-02
2434 0 +1.120257721e+00 +9.974025772e+01 +9.974025772e+01 -9.9283e-01 -1.4888e+00 +1.8801e+00 -3.0214e+00 -4.6905e-02
2530 0 +9.993425976e-01 +9.961934260e+01 +9.961934260e+01 -9.7720e-01 -1.4614e+00 +1.9192e+00 -2.9862e+00 -3.1270e-02
2618 0 +8.907330261e-01 +9.951073303e+01 +9.951073303e+01 -9.6156e-01 -1.4341e+00 +1.9544e+00 -2.9549e+00 -1.5635e-02
2708 0 +7.925910315e-01 +9.941259103e+01 +9.941259103e+01 -9.4983e-01 -1.4106e+00 +1.9896e+00 -2.9197e+00 +3.9088e-03
2790 0 +7.054811763e-01 +9.932548118e+01 +9.932548118e+01 -9.3811e-01 -1.3911e+00 +2.0208e+00 -2.8846e+00 +2.3453e-02
2870 0 +6.271057913e-01 +9.924710579e+01 +9.924710579e+01 -9.2638e-01 -1.3715e+00 +2.0482e+00 -2.8533e+00 +4.6905e-02
2960 0 +5.575524243e-01 +9.917755242e+01 +9.917755242e+01 -9.1856e-01 -1.3559e+00 +2.0756e+00 -2.8181e+00 +7.4267e-02
3058 0 +5.010824751e-01 +9.912108248e+01 +9.912108248e+01 -9.0684e-01 -1.3402e+00 +2.0971e+00 -2.7947e+00 +9.3811e-02
3202 0 +4.465846261e-01 +9.906658463e+01 +9.906658463e+01 -8.9902e-01 -1.3266e+00 +2.1186e+00 -2.7653e+00 +1.2117e-01
3350 0 +3.980448531e-01 +9.901804485e+01 +9.901804485e+01 -8.9316e-01 -1.3148e+00 +2.1381e+00 -2.7360e+00 +1.4658e-01
3496 0 +3.542117297e-01 +9.897421173e+01 +9.897421173e+01 -8.8729e-01 -1.3031e+00 +2.1576e+00 -2.7087e+00 +1.7590e-01
3622 0 +3.159800846e-01 +9.893598008e+01 +9.893598008e+01 -8.8143e-01 -1.2933e+00 +2.1752e+00 -2.6833e+00 +2.0130e-01
3760 0 +2.810305200e-01 +9.890103052e+01 +9.890103052e+01 -8.7557e-01 -1.2836e+00 +2.1928e+00 -2.6578e+00 +2.2671e-01
3908 0 +2.510027828e-01 +9.887100278e+01 +9.887100278e+01 -8.7166e-01 -1.2757e+00 +2.2085e+00 -2.6344e+00 +2.5603e-01
4050 0 +2.233330957e-01 +9.884333310e+01 +9.884333310e+01 -8.6677e-01 -1.2660e+00 +2.2221e+00 -2.6129e+00 +2.8046e-01
4292 0 +1.994963445e-01 +9.881949634e+01 +9.881949634e+01 -8.6189e-01 -1.2582e+00 +2.2358e+00 -2.5924e+00 +3.0489e-01
4562 0 +1.776295418e-01 +9.879762954e+01 +9.879762954e+01 -8.5896e-01 -1.2513e+00 +2.2485e+00 -2.5719e+00 +3.3127e-01
4822 0 +1.579515767e-01 +9.877795158e+01 +9.877795158e+01 -8.5505e-01 -1.2445e+00 +2.2603e+00 -2.5523e+00 +3.5668e-01
5072 0 +1.409903048e-01 +9.876099030e+01 +9.876099030e+01 -8.5114e-01 -1.2386e+00 +2.2710e+00 -2.5347e+00 +3.8111e-01
5312 0 +1.257768030e-01 +9.874577680e+01 +9.874577680e+01 -8.4821e-01 -1.2327e+00 +2.2818e+00 -2.5181e+00 +4.0456e-01
5558 0 +1.120466394e-01 +9.873204664e+01 +9.873204664e+01 -8.4625e-01 -1.2279e+00 +2.2915e+00 -2.5015e+00 +4.2801e-01
5784 0 +9.977214851e-02 +9.871977215e+01 +9.871977215e+01 -8.4332e-01 -1.2230e+00 +2.3003e+00 -2.4859e+00 +4.5049e-01
6012 0 +8.905061093e-02 +9.870905061e+01 +9.870905061e+01 -8.4137e-01 -1.2181e+00 +2.3081e+00 -2.4712e+00 +4.7296e-01
6228 0 +7.931288959e-02 +9.869931289e+01 +9.869931289e+01 -8.3843e-01 -1.2142e+00 +2.3169e+00 -2.4575e+00 +4.9348e-01
6470 0 +7.078793478e-02 +9.869078793e+01 +9.869078793e+01 -8.3648e-01 -1.2098e+00 +2.3243e+00 -2.4443e+00 +5.1254e-01
6872 0 +6.290902150e-02 +9.868290902e+01 +9.868290902e+01 -8.3501e-01 -1.2059e+00 +2.3316e+00 -2.4316e+00 +5.3257e-01
7252 0 +5.611625563e-02 +9.867611626e+01 +9.867611626e+01 -8.3306e-01 -1.2025e+00 +2.3379e+00 -2.4204e+00 +5.5114e-01
7612 0 +5.005005906e-02 +9.867005006e+01 +9.867005006e+01 -8.3111e-01 -1.1990e+00 +2.3443e+00 -2.4091e+00 +5.6873e-01
7972 0 +4.460828316e-02 +9.866460828e+01 +9.866460828e+01 -8.2964e-01 -1.1961e+00 +2.3497e+00 -2.3989e+00 +5.8632e-01
8302 0 +3.974971878e-02 +9.865974972e+01 +9.865974972e+01 -8.2817e-01 -1.1932e+00 +2.3555e+00 -2.3886e+00 +6.0244e-01
8632 0 +3.539674688e-02 +9.865539675e+01 +9.865539675e+01 -8.2671e-01 -1.1907e+00 +2.3604e+00 -2.3793e+00 +6.1857e-01
8948 0 +3.156842836e-02 +9.865156843e+01 +9.865156843e+01 -8.2573e-01 -1.1883e+00 +2.3653e+00 -2.3705e+00 +6.3371e-01
9246 0 +2.812425994e-02 +9.864812426e+01 +9.864812426e+01 -8.2475e-01 -1.1858e+00 +2.3697e+00 -2.3618e+00 +6.4837e-01
9592 0 +2.508877408e-02 +9.864508877e+01 +9.864508877e+01 -8.2329e-01 -1.1836e+00 +2.3741e+00 -2.3542e+00 +6.6156e-01
10122 0 +2.238072242e-02 +9.864238072e+01 +9.864238072e+01 -8.2207e-01 -1.1814e+00 +2.3780e+00 -2.3466e+00 +6.7451e-01
10648 0 +1.994589558e-02 +9.863994590e+01 +9.863994590e+01 -8.2133e-01 -1.1797e+00 +2.3819e+00 -2.3395e+00 +6.8721e-01
11132 0 +1.775791222e-02 +9.863775791e+01 +9.863775791e+01 -8.2036e-01 -1.1778e+00 +2.3853e+00 -2.3327e+00 +6.9918e-01
11582 0 +1.584019459e-02 +9.863584019e+01 +9.863584019e+01 -8.1938e-01 -1.1758e+00 +2.3890e+00 -2.3263e+00 +7.1018e-01
12032 0 +1.411353083e-02 +9.863411353e+01 +9.863411353e+01 -8.1865e-01 -1.1744e+00 +2.3919e+00 -2.3205e+00 +7.2117e-01
12460 0 +1.258922074e-02 +9.863258922e+01 +9.863258922e+01 -8.1791e-01 -1.1729e+00 +2.3949e+00 -2.3146e+00 +7.3143e-01
12852 0 +1.121110692e-02 +9.863121111e+01 +9.863121111e+01 -8.1694e-01 -1.1712e+00 +2.3978e+00 -2.3095e+00 +7.4120e-01
13242 0 +9.972357120e-03 +9.862997236e+01 +9.862997236e+01 -8.1645e-01 -1.1702e+00 +2.4005e+00 -2.3041e+00 +7.5073e-01
13592 0 +8.888792577e-03 +9.862888879e+01 +9.862888879e+01 -8.1571e-01 -1.1687e+00 +2.4029e+00 -2.2995e+00 +7.5928e-01
13938 0 +7.936491753e-03 +9.862793649e+01 +9.862793649e+01 -8.1498e-01 -1.1675e+00 +2.4054e+00 -2.2951e+00 +7.6759e-01
14272 0 +7.074576712e-03 +9.862707458e+01 +9.862707458e+01 -8.1462e-01 -1.1664e+00 +2.4074e+00 -2.2908e+00 +7.7553e-01
14880 0 +6.308777582e-03 +9.862630878e+01 +9.862630878e+01 -8.1400e-01 -1.1653e+00 +2.4096e+00 -2.2866e+00 +7.8286e-01
15462 0 +5.617404077e-03 +9.862561740e+01 +9.862561740e+01 -8.1352e-01 -1.1643e+00 +2.4116e+00 -2.2828e+00 +7.9006e-01
16012 0 +5.010448307e-03 +9.862501045e+01 +9.862501045e+01 -8.1303e-01 -1.1634e+00 +2.4134e+00 -2.2793e+00 +7.9678e-01
16552 0 +4.461415868e-03 +9.862446142e+01 +9.862446142e+01 -8.1266e-01 -1.1625e+00 +2.4153e+00 -2.2759e+00 +8.0338e-01
17042 0 +3.977466193e-03 +9.862397747e+01 +9.862397747e+01 -8.1217e-01 -1.1617e+00 +2.4169e+00 -2.2727e+00 +8.0936e-01
17522 0 +3.544515179e-03 +9.862354452e+01 +9.862354452e+01 -8.1181e-01 -1.1609e+00 +2.4184e+00 -2.2697e+00 +8.1523e-01
17972 0 +3.157819568e-03 +9.862315782e+01 +9.862315782e+01 -8.1144e-01 -1.1602e+00 +2.4198e+00 -2.2667e+00 +8.2072e-01
18382 0 +2.817118100e-03 +9.862281712e+01 +9.862281712e+01 -8.1107e-01 -1.1595e+00 +2.4212e+00 -2.2640e+00 +8.2573e-01
18792 0 +2.511219724e-03 +9.862251122e+01 +9.862251122e+01 -8.1071e-01 -1.1588e+00 +2.4225e+00 -2.2615e+00 +8.3074e-01
19182 0 +2.236852063e-03 +9.862223685e+01 +9.862223685e+01 -8.1046e-01 -1.1582e+00 +2.4237e+00 -2.2590e+00 +8.3550e-01
19732 0 +1.994827004e-03 +9.862199483e+01 +9.862199483e+01 -8.1010e-01 -1.1576e+00 +2.4249e+00 -2.2568e+00 +8.3966e-01
20422 0 +1.775645770e-03 +9.862177565e+01 +9.862177565e+01 -8.0979e-01 -1.1570e+00 +2.4260e+00 -2.2546e+00 +8.4387e-01
21062 0 +1.583321262e-03 +9.862158332e+01 +9.862158332e+01 -8.0955e-01 -1.1565e+00 +2.4271e+00 -2.2526e+00 +8.4778e-01
21672 0 +1.409799246e-03 +9.862140980e+01 +9.862140980e+01 -8.0930e-01 -1.1560e+00 +2.4281e+00 -2.2507e+00 +8.5150e-01
22252 0 +1.257333129e-03 +9.862125733e+01 +9.862125733e+01 -8.0906e-01 -1.1556e+00 +2.4289e+00 -2.2489e+00 +8.5505e-01
22792 0 +1.122014183e-03 +9.862112201e+01 +9.862112201e+01 -8.0887e-01 -1.1551e+00 +2.4298e+00 -2.2472e+00 +8.5834e-01
23312 0 +9.982730949e-04 +9.862099827e+01 +9.862099827e+01 -8.0863e-01 -1.1547e+00 +2.4307e+00 -2.2455e+00 +8.6152e-01
23810 0 +8.909801391e-04 +9.862089098e+01 +9.862089098e+01 -8.0845e-01 -1.1543e+00 +2.4314e+00 -2.2440e+00 +8.6451e-01
24262 0 +7.942488832e-04 +9.862079425e+01 +9.862079425e+01 -8.0826e-01 -1.1540e+00 +2.4321e+00 -2.2426e+00 +8.6732e-01
24702 0 +7.059912030e-04 +9.862070599e+01 +9.862070599e+01 -8.0808e-01 -1.1536e+00 +2.4329e+00 -2.2412e+00 +8.7001e-01
25120 0 +6.308162928e-04 +9.862063082e+01 +9.862063082e+01 -8.0796e-01 -1.1533e+00 +2.4335e+00 -2.2399e+00 +8.7251e-01
25512 0 +5.612026237e-04 +9.862056120e+01 +9.862056120e+01 -8.0777e-01 -1.1530e+00 +2.4341e+00 -2.2387e+00 +8.7496e-01
25878 0 +5.007222965e-04 +9.862050072e+01 +9.862050072e+01 -8.0765e-01 -1.1527e+00 +2.4347e+00 -2.2376e+00 +8.7716e-01
26472 0 +4.464782073e-04 +9.862044648e+01 +9.862044648e+01 -8.0750e-01 -1.1524e+00 +2.4352e+00 -2.2365e+00 +8.7926e-01
27132 0 +3.977051411e-04 +9.862039771e+01 +9.862039771e+01 -8.0735e-01 -1.1521e+00 +2.4358e+00 -2.2355e+00 +8.8128e-01
27752 0 +3.546735027e-04 +9.862035467e+01 +9.862035467e+01 -8.0723e-01 -1.1519e+00 +2.4362e+00 -2.2345e+00 +8.8317e-01
28350 0 +3.160667484e-04 +9.862031607e+01 +9.862031607e+01 -8.0713e-01 -1.1517e+00 +2.4367e+00 -2.2336e+00 +8.8497e-01
28892 0 +2.816510728e-04 +9.862028165e+01 +9.862028165e+01 -8.0701e-01 -1.1514e+00 +2.4371e+00 -2.2327e+00 +8.8665e-01
29422 0 +2.511742034e-04 +9.862025117e+01 +9.862025117e+01 -8.0692e-01 -1.1512e+00 +2.4375e+00 -2.2319e+00 +8.8827e-01
29932 0 +2.235688149e-04 +9.862022357e+01 +9.862022357e+01 -8.0683e-01 -1.1511e+00 +2.4379e+00 -2.2311e+00 +8.8983e-01
30402 0 +1.994943310e-04 +9.862019949e+01 +9.862019949e+01 -8.0674e-01 -1.1509e+00 +2.4383e+00 -2.2304e+00 +8.9126e-01
30832 0 +1.776378722e-04 +9.862017764e+01 +9.862017764e+01 -8.0665e-01 -1.1507e+00 +2.4386e+00 -2.2297e+00 +8.9258e-01
31262 0 +1.583307079e-04 +9.862015833e+01 +9.862015833e+01 -8.0658e-01 -1.1505e+00 +2.4389e+00 -2.2291e+00 +8.9389e-01
31652 0 +1.411732729e-04 +9.862014117e+01 +9.862014117e+01 -8.0649e-01 -1.1504e+00 +2.4392e+00 -2.2285e+00 +8.9508e-01
32392 0 +1.258203013e-04 +9.862012582e+01 +9.862012582e+01 -8.0642e-01 -1.1502e+00 +2.4395e+00 -2.2279e+00 +8.9621e-01
33102 0 +1.121288533e-04 +9.862011213e+01 +9.862011213e+01 -8.0635e-01 -1.1501e+00 +2.4398e+00 -2.2274e+00 +8.9730e-01
33780 0 +9.993106961e-05 +9.862009993e+01 +9.862009993e+01 -8.0629e-01 -1.1500e+00 +2.4401e+00 -2.2269e+00 +8.9832e-01
34402 0 +8.909878538e-05 +9.862008910e+01 +9.862008910e+01 -8.0623e-01 -1.1499e+00 +2.4403e+00 -2.2264e+00 +8.9928e-01
34992 0 +7.940535768e-05 +9.862007941e+01 +9.862007941e+01 -8.0617e-01 -1.1497e+00 +2.4405e+00 -2.2259e+00 +9.0018e-01
35562 0 +7.077166069e-05 +9.862007077e+01 +9.862007077e+01 -8.0611e-01 -1.1496e+00 +2.4407e+00 -2.2255e+00 +9.0105e-01
36082 0 +6.308107808e-05 +9.862006308e+01 +9.862006308e+01 -8.0606e-01 -1.1495e+00 +2.4410e+00 -2.2251e+00 +9.0185e-01
36600 0 +5.623000736e-05 +9.862005623e+01 +9.862005623e+01 -8.0602e-01 -1.1494e+00 +2.4411e+00 -2.2247e+00 +9.0262e-01
37072 0 +5.007510356e-05 +9.862005008e+01 +9.862005008e+01 -8.0597e-01 -1.1493e+00 +2.4413e+00 -2.2243e+00 +9.0336e-01
37512 0 +4.458292878e-05 +9.862004458e+01 +9.862004458e+01 -8.0593e-01 -1.1492e+00 +2.4415e+00 -2.2240e+00 +9.0403e-01
37942 0 +3.979824602e-05 +9.862003980e+01 +9.862003980e+01 -8.0590e-01 -1.1492e+00 +2.4417e+00 -2.2237e+00 +9.0469e-01
38332 0 +3.547724160e-05 +9.862003548e+01 +9.862003548e+01 -8.0585e-01 -1.1491e+00 +2.4418e+00 -2.2234e+00 +9.0528e-01
38732 0 +3.153366907e-05 +9.862003153e+01 +9.862003153e+01 -8.0582e-01 -1.1490e+00 +2.4420e+00 -2.2231e+00 +9.0589e-01
39152 0 +2.818077664e-05 +9.862002818e+01 +9.862002818e+01 -8.0577e-01 -1.1489e+00 +2.4421e+00 -2.2228e+00 +9.0640e-01
39832 0 +2.509109461e-05 +9.862002509e+01 +9.862002509e+01 -8.0574e-01 -1.1489e+00 +2.4422e+00 -2.2225e+00 +9.0691e-01
40470 0 +2.237675281e-05 +9.862002238e+01 +9.862002238e+01 -8.0571e-01 -1.1488e+00 +2.4423e+00 -2.2223e+00 +9.0740e-01
41070 0 +1.994082464e-05 +9.862001994e+01 +9.862001994e+01 -8.0568e-01 -1.1488e+00 +2.4425e+00 -2.2221e+00 +9.0785e-01
41632 0 +1.778189704e-05 +9.862001778e+01 +9.862001778e+01 -8.0566e-01 -1.1487e+00 +2.4426e+00 -2.2219e+00 +9.0829e-01
42172 0 +1.584551862e-05 +9.862001585e+01 +9.862001585e+01 -8.0563e-01 -1.1487e+00 +2.4427e+00 -2.2216e+00 +9.0870e-01
42672 0 +1.411762466e-05 +9.862001412e+01 +9.862001412e+01 -8.0561e-01 -1.1486e+00 +2.4428e+00 -2.2215e+00 +9.0908e-01
43152 0 +1.257390620e-05 +9.862001257e+01 +9.862001257e+01 -8.0558e-01 -1.1486e+00 +2.4429e+00 -2.2213e+00 +9.0945e-01
43612 0 +1.120115361e-05 +9.862001120e+01 +9.862001120e+01 -8.0556e-01 -1.1485e+00 +2.4429e+00 -2.2211e+00 +9.0980e-01
44032 0 +9.987640453e-06 +9.862000999e+01 +9.862000999e+01 -8.0555e-01 -1.1485e+00 +2.4430e+00 -2.2209e+00 +9.1012e-01
44430 0 +8.912329605e-06 +9.862000891e+01 +9.862000891e+01 -8.0552e-01 -1.1484e+00 +2.4431e+00 -2.2208e+00 +9.1042e-01
44818 0 +7.930324628e-06 +9.862000793e+01 +9.862000793e+01 -8.0551e-01 -1.1484e+00 +2.4432e+00 -2.2206e+00 +9.1072e-01
45162 0 +7.067296835e-06 +9.862000707e+01 +9.862000707e+01 -8.0548e-01 -1.1484e+00 +2.4433e+00 -2.2205e+00 +9.1098e-01
45510 0 +6.301190297e-06 +9.862000630e+01 +9.862000630e+01 -8.0547e-01 -1.1483e+00 +2.4433e+00 -2.2204e+00 +9.1124e-01
45830 0 +5.614140193e-06 +9.862000561e+01 +9.862000561e+01 -8.0545e-01 -1.1483e+00 +2.4434e+00 -2.2203e+00 +9.1149e-01
46122 0 +4.999925196e-06 +9.862000500e+01 +9.862000500e+01 -8.0544e-01 -1.1483e+00 +2.4434e+00 -2.2201e+00 +9.1172e-01
46418 0 +4.462067210e-06 +9.862000446e+01 +9.862000446e+01 -8.0543e-01 -1.1483e+00 +2.4435e+00 -2.2200e+00 +9.1194e-01
46776 0 +3.980511579e-06 +9.862000398e+01 +9.862000398e+01 -8.0542e-01 -1.1482e+00 +2.4435e+00 -2.2199e+00 +9.1214e-01
47282 0 +3.546366941e-06 +9.862000355e+01 +9.862000355e+01 -8.0540e-01 -1.1482e+00 +2.4436e+00 -2.2198e+00 +9.1233e-01
47762 0 +3.159866210e-06 +9.862000316e+01 +9.862000316e+01 -8.0539e-01 -1.1482e+00 +2.4436e+00 -2.2197e+00 +9.1251e-01
48216 0 +2.817135183e-06 +9.862000282e+01 +9.862000282e+01 -8.0538e-01 -1.1482e+00 +2.4437e+00 -2.2197e+00 +9.1269e-01
48642 0 +2.508622373e-06 +9.862000251e+01 +9.862000251e+01 -8.0537e-01 -1.1481e+00 +2.4437e+00 -2.2196e+00 +9.1285e-01
49042 0 +2.238371209e-06 +9.862000224e+01 +9.862000224e+01 -8.0536e-01 -1.1481e+00 +2.4438e+00 -2.2195e+00 +9.1300e-01
49424 0 +1.991566151e-06 +9.862000199e+01 +9.862000199e+01 -8.0535e-01 -1.1481e+00 +2.4438e+00 -2.2194e+00 +9.1315e-01
49782 0 +1.774816639e-06 +9.862000177e+01 +9.862000177e+01 -8.0534e-01 -1.1481e+00 +2.4438e+00 -2.2194e+00 +9.1329e-01
50000 0 +1.659873789e-06 +9.862000166e+01 +9.862000166e+01 -8.0534e-01 -1.1481e+00 +2.4438e+00 -2.2193e+00 +9.1337e-01
% f evaluations | g evaluations | best noise-free fitness - Fopt (-4.715000000000e+01) + sum g_i+ | measured fitness | best measured fitness or single-digit g-values | x1 | x2...
1 0 +1.146979636e+04 +1.142264636e+04 +1.142264636e+04 +0.0000e+00 +0.0000e+00 +0.0000e+00 +0.0000e+00 +0.0000e+00
8 0 +4.349581346e+03 +4.302431346e+03 +4.302431346e+03 -1.3041e+00 -3.0835e-01 -3.8864e-01 -6.1741e-01 +4.6734e-01
9 0 +3.374825023e+03 +3.327675023e+03 +3.327675023e+03 -1.8648e+00 -1.0740e-01 -7.9189e-01 -7.7712e-01 +6.1322e-01
24 0 +1.455348026e+03 +1.408198026e+03 +1.408198026e+03 -2.4468e+00 +2.6386e-01 -6.5944e-01 -1.6050e+00 +8.0055e-02
203 0 +1.387295167e+03 +1.340145167e+03 +1.340145167e+03 -7.1842e-01 +3.0830e-01 -8.0168e-01 -2.1945e+00 -4.1741e-02
214 0 +1.871318193e+02 +1.399818193e+02 +1.399818193e+02 -1.2322e+00 -1.0947e+00 -8.8814e-01 -2.4487e+00 +1.3758e-01
230 0 +6.546314539e+01 +1.831314539e+01 +1.831314539e+01 -1.4860e-01 -9.7011e-01 -1.5687e+00 -3.3845e+00 -5.0379e-02
1673 0 +3.542622987e+01 -1.172377013e+01 -1.172377013e+01 -2.0013e+00 -1.0006e+00 -1.8093e+00 -2.8494e+00 +0.0000e+00
1695 0 +2.717962541e+01 -1.997037459e+01 -1.997037459e+01 -2.0013e+00 -1.5010e+00 -1.8093e+00 -2.8494e+00 +0.0000e+00
1719 0 +2.491349736e+01 -2.223650264e+01 -2.223650264e+01 -1.7511e+00 -1.5010e+00 -1.8093e+00 -3.0995e+00 +0.0000e+00
1721 0 +1.442795427e+01 -3.272204573e+01 -3.272204573e+01 -1.7511e+00 -1.5010e+00 -1.8093e+00 -3.0995e+00 -2.5016e-01
1727 0 +9.881659405e+00 -3.726834060e+01 -3.726834060e+01 -1.7511e+00 -1.5010e+00 -2.0595e+00 -3.0995e+00 -2.5016e-01
1729 0 +7.942356847e+00 -3.920764315e+01 -3.920764315e+01 -1.7511e+00 -1.5010e+00 -2.0595e+00 -3.3497e+00 -2.5016e-01
1743 0 +6.795212540e+00 -4.035478746e+01 -4.035478746e+01 -1.8762e+00 -1.5010e+00 -2.0595e+00 -3.3497e+00 -5.0032e-01
1752 0 +5.048714047e+00 -4.210128595e+01 -4.210128595e+01 -1.8762e+00 -1.5010e+00 -2.0595e+00 -3.2246e+00 -3.7524e-01
1769 0 +4.744207463e+00 -4.240579254e+01 -4.240579254e+01 -1.8762e+00 -1.5010e+00 -2.0595e+00 -3.2872e+00 -3.7524e-01
22748 0 +4.466833160e+00 -4.268316684e+01 -4.268316684e+01 -2.0873e+00 -1.2167e+00 -1.8389e+00 -3.1761e+00 -3.6034e-01
50000 0 +4.068086462e+00 -4.308191354e+01 -4.308191354e+01 -2.2243e+00 -9.9161e-01 -1.5262e+00 -2.8677e+00 -1.8542e-01
% f evaluations | g evaluations | best noise-free fitness - Fopt (3.752000000000e+01) + sum g_i+ | measured fitness | best measured fitness or single-digit g-values | x1 | x2...
1 0 +1.825696660e+04 +1.829448660e+04 +1.829448660e+04 +0.0000e+00 +0.0000e+00 +0.0000e+00 +0.0000e+00 +0.0000e+00
8 0 +1.505336711e+04 +1.509088711e+04 +1.509088711e+04 -1.3041e+00 -3.0835e-01 -3.8864e-01 -6.1741e-01 +4.6734e-01
39 0 +1.019208363e+04 +1.022960363e+04 +1.022960363e+04 +2.7517e+00 -6.5270e-01 +1.1719e+00 -1.4812e-01 -4.1057e-01
46 0 +9.970725909e+03 +1.000824591e+04 +1.000824591e+04 +2.4725e+00 -1.9659e-01 +1.0681e+00 -6.1863e-01 +6.9183e-01
72 0 +7.708897015e+03 +7.746417015e+03 +7.746417015e+03 -1.7720e-01 -3.5816e+00 +1.1719e+00 -1.4812e-01 -4.1057e-01
74 0 +4.182999893e+03 +4.220519893e+03 +4.220519893e+03 +1.6249e+00 -3.2373e+00 -3.8864e-01 -6.1741e-01 +4.6734e-01
1388 0 +3.619920560e+03 +3.657440560e+03 +3.657440560e+03 +5.8073e-02 -1.7400e+00 +1.4302e-01 -9.3631e-01 -3.7183e-01
1392 0 +2.728328283e+03 +2.765848283e+03 +2.765848283e+03 -4.8923e-02 -1.7220e+00 +3.2354e-01 -1.1565e+00 -1.1335e-01
1658 0 +1.951808777e+03 +1.989328777e+03 +1.989328777e+03 +0.0000e+00 -2.5425e+00 +1.0006e+00 -1.1156e+00 +0.0000e+00
1659 0 +9.194683245e+02 +9.569883245e+02 +9.569883245e+02 +0.0000e+00 -2.5425e+00 +1.0006e+00 -2.1162e+00 +0.0000e+00
1662 0 +5.945493438e+02 +6.320693438e+02 +6.320693438e+02 +0.0000e+00 -2.5425e+00 +1.0006e+00 -2.1162e+00 +1.0006e+00
1664 0 +2.724632568e+02 +3.099832568e+02 +3.099832568e+02 +1.0006e+00 -2.5425e+00 +1.0006e+00 -2.1162e+00 +1.0006e+00
1668 0 +1.459551895e+02 +1.834751895e+02 +1.834751895e+02 +1.0006e+00 -2.5425e+00 +2.0013e+00 -2.1162e+00 +1.0006e+00
1672 0 +2.129594408e+01 +5.881594408e+01 +5.881594408e+01 +1.0006e+00 -2.5425e+00 +2.0013e+00 -2.1162e+00 +2.0013e+00
1674 0 +1.854223353e+01 +5.606223353e+01 +5.606223353e+01 +2.0013e+00 -2.5425e+00 +2.0013e+00 -2.1162e+00 +2.0013e+00
1699 0 +8.445522878e+00 +4.596552288e+01 +4.596552288e+01 +2.0013e+00 -2.5425e+00 +2.0013e+00 -2.6165e+00 +2.0013e+00
1714 0 +7.873710241e+00 +4.539371024e+01 +4.539371024e+01 +2.2515e+00 -2.5425e+00 +2.0013e+00 -2.6165e+00 +2.0013e+00
1720 0 +5.841471603e+00 +4.336147160e+01 +4.336147160e+01 +2.2515e+00 -2.5425e+00 +2.0013e+00 -2.3664e+00 +2.0013e+00
1733 0 +3.620964002e+00 +4.114096400e+01 +4.114096400e+01 +2.1264e+00 -2.5425e+00 +2.0013e+00 -2.3664e+00 +2.0013e+00
1738 0 +2.415327255e+00 +3.993532725e+01 +3.993532725e+01 +2.1264e+00 -2.5425e+00 +2.1264e+00 -2.3664e+00 +2.0013e+00
1767 0 +2.164546773e+00 +3.968454677e+01 +3.968454677e+01 +2.1264e+00 -2.5425e+00 +2.0638e+00 -2.4289e+00 +2.0013e+00
1796 0 +1.992336905e+00 +3.951233690e+01 +3.951233690e+01 +2.1576e+00 -2.5112e+00 +2.0951e+00 -2.4289e+00 +2.0013e+00
1864 0 +1.768689662e+00 +3.928868966e+01 +3.928868966e+01 +2.1967e+00 -2.4721e+00 +2.1498e+00 -2.3977e+00 +2.0013e+00
1934 0 +1.581815176e+00 +3.910181518e+01 +3.910181518e+01 +2.2280e+00 -2.4252e+00 +2.2046e+00 -2.3664e+00 +2.0091e+00
1998 0 +1.408539126e+00 +3.892853913e+01 +3.892853913e+01 +2.2515e+00 -2.3783e+00 +2.2593e+00 -2.3351e+00 +2.0169e+00
2046 0 +1.256618335e+00 +3.877661833e+01 +3.877661833e+01 +2.2827e+00 -2.3392e+00 +2.2905e+00 -2.3117e+00 +2.0248e+00
2110 0 +1.116948914e+00 +3.863694891e+01 +3.863694891e+01 +2.2984e+00 -2.3079e+00 +2.3375e+00 -2.2726e+00 +2.0326e+00
2158 0 +9.853047194e-01 +3.850530472e+01 +3.850530472e+01 +2.3218e+00 -2.2767e+00 +2.3765e+00 -2.2413e+00 +2.0482e+00
2208 0 +8.868326065e-01 +3.840683261e+01 +3.840683261e+01 +2.3296e+00 -2.2532e+00 +2.4156e+00 -2.2022e+00 +2.0717e+00
2280 0 +7.878126384e-01 +3.830781264e+01 +3.830781264e+01 +2.3492e+00 -2.2298e+00 +2.4430e+00 -2.1748e+00 +2.0834e+00
2374 0 +7.075588622e-01 +3.822755886e+01 +3.822755886e+01 +2.3609e+00 -2.2141e+00 +2.4704e+00 -2.1397e+00 +2.1068e+00
2452 0 +6.308573083e-01 +3.815085731e+01 +3.815085731e+01 +2.3687e+00 -2.1946e+00 +2.4977e+00 -2.1084e+00 +2.1303e+00
2560 0 +5.605483492e-01 +3.808054835e+01 +3.808054835e+01 +2.3785e+00 -2.1770e+00 +2.5251e+00 -2.0771e+00 +2.1518e+00
2712 0 +5.010287566e-01 +3.802102876e+01 +3.802102876e+01 +2.3883e+00 -2.1633e+00 +2.5485e+00 -2.0478e+00 +2.1772e+00
2866 0 +4.460526879e-01 +3.796605269e+01 +3.796605269e+01 +2.3961e+00 -2.1477e+00 +2.5700e+00 -2.0185e+00 +2.2026e+00
3006 0 +3.978920771e-01 +3.791789208e+01 +3.791789208e+01 +2.4039e+00 -2.1340e+00 +2.5915e+00 -1.9911e+00 +2.2280e+00
3150 0 +3.544377132e-01 +3.787443771e+01 +3.787443771e+01 +2.4078e+00 -2.1262e+00 +2.6111e+00 -1.9618e+00 +2.2554e+00
3280 0 +3.157770879e-01 +3.783577709e+01 +3.783577709e+01 +2.4137e+00 -2.1144e+00 +2.6287e+00 -1.9364e+00 +2.2808e+00
3412 0 +2.815792915e-01 +3.780157929e+01 +3.780157929e+01 +2.4195e+00 -2.1047e+00 +2.6443e+00 -1.9130e+00 +2.3081e+00
3558 0 +2.510930238e-01 +3.777109302e+01 +3.777109302e+01 +2.4234e+00 -2.0949e+00 +2.6619e+00 -1.8895e+00 +2.3355e+00
3688 0 +2.236990930e-01 +3.774369909e+01 +3.774369909e+01 +2.4293e+00 -2.0871e+00 +2.6756e+00 -1.8680e+00 +2.3609e+00
3828 0 +1.988596471e-01 +3.771885965e+01 +3.771885965e+01 +2.4332e+00 -2.0793e+00 +2.6892e+00 -1.8465e+00 +2.3883e+00
3998 0 +1.776063384e-01 +3.769760634e+01 +3.769760634e+01 +2.4362e+00 -2.0734e+00 +2.7010e+00 -1.8260e+00 +2.4137e+00
4248 0 +1.584058997e-01 +3.767840590e+01 +3.767840590e+01 +2.4401e+00 -2.0666e+00 +2.7127e+00 -1.8074e+00 +2.4381e+00
4492 0 +1.412394669e-01 +3.766123947e+01 +3.766123947e+01 +2.4430e+00 -2.0607e+00 +2.7234e+00 -1.7889e+00 +2.4625e+00
4742 0 +1.255115440e-01 +3.764551154e+01 +3.764551154e+01 +2.4459e+00 -2.0548e+00 +2.7342e+00 -1.7713e+00 +2.4870e+00
4978 0 +1.119347379e-01 +3.763193474e+01 +3.763193474e+01 +2.4498e+00 -2.0490e+00 +2.7440e+00 -1.7556e+00 +2.5094e+00
5202 0 +9.965676309e-02 +3.761965676e+01 +3.761965676e+01 +2.4518e+00 -2.0441e+00 +2.7528e+00 -1.7400e+00 +2.5319e+00
5432 0 +8.907894153e-02 +3.760907894e+01 +3.760907894e+01 +2.4537e+00 -2.0402e+00 +2.7606e+00 -1.7253e+00 +2.5544e+00
5634 0 +7.936732763e-02 +3.759936733e+01 +3.759936733e+01 +2.4567e+00 -2.0353e+00 +2.7694e+00 -1.7117e+00 +2.5739e+00
6032 0 +7.065170096e-02 +3.759065170e+01 +3.759065170e+01 +2.4586e+00 -2.0314e+00 +2.7767e+00 -1.6985e+00 +2.5945e+00
6432 0 +6.300160323e-02 +3.758300160e+01 +3.758300160e+01 +2.4601e+00 -2.0275e+00 +2.7835e+00 -1.6863e+00 +2.6140e+00
6812 0 +5.619920224e-02 +3.757619920e+01 +3.757619920e+01 +2.4620e+00 -2.0241e+00 +2.7899e+00 -1.6745e+00 +2.6326e+00
7180 0 +5.011043408e-02 +3.757011043e+01 +3.757011043e+01 +2.4640e+00 -2.0206e+00 +2.7962e+00 -1.6633e+00 +2.6502e+00
7532 0 +4.459027580e-02 +3.756459028e+01 +3.756459028e+01 +2.4655e+00 -2.0177e+00 +2.8021e+00 -1.6530e+00 +2.6677e+00
7872 0 +3.978936417e-02 +3.755978936e+01 +3.755978936e+01 +2.4669e+00 -2.0148e+00 +2.8075e+00 -1.6433e+00 +2.6844e+00
8192 0 +3.542344154e-02 +3.755542344e+01 +3.755542344e+01 +2.4684e+00 -2.0123e+00 +2.8129e+00 -1.6335e+00 +2.7000e+00
8508 0 +3.160736298e-02 +3.755160736e+01 +3.755160736e+01 +2.4694e+00 -2.0099e+00 +2.8177e+00 -1.6247e+00 +2.7151e+00
8792 0 +2.816128888e-02 +3.754816129e+01 +3.754816129e+01 +2.4708e+00 -2.0069e+00 +2.8221e+00 -1.6164e+00 +2.7293e+00
9080 0 +2.507656550e-02 +3.754507657e+01 +3.754507657e+01 +2.4718e+00 -2.0050e+00 +2.8265e+00 -1.6081e+00 +2.7430e+00
9342 0 +2.236322325e-02 +3.754236322e+01 +3.754236322e+01 +2.4728e+00 -2.0030e+00 +2.8304e+00 -1.6007e+00 +2.7562e+00
9702 0 +1.993213208e-02 +3.753993213e+01 +3.753993213e+01 +2.4740e+00 -2.0008e+00 +2.8344e+00 -1.5937e+00 +2.7684e+00
10194 0 +1.777659292e-02 +3.753777659e+01 +3.753777659e+01 +2.4750e+00 -1.9991e+00 +2.8378e+00 -1.5871e+00 +2.7804e+00
10662 0 +1.583591024e-02 +3.753583591e+01 +3.753583591e+01 +2.4757e+00 -1.9974e+00 +2.8412e+00 -1.5807e+00 +2.7919e+00
11102 0 +1.411664408e-02 +3.753411664e+01 +3.753411664e+01 +2.4765e+00 -1.9957e+00 +2.8444e+00 -1.5746e+00 +2.8026e+00
11524 0 +1.257358432e-02 +3.753257358e+01 +3.753257358e+01 +2.4774e+00 -1.9942e+00 +2.8473e+00 -1.5690e+00 +2.8129e+00
11912 0 +1.121661544e-02 +3.753121662e+01 +3.753121662e+01 +2.4782e+00 -1.9928e+00 +2.8502e+00 -1.5636e+00 +2.8224e+00
12292 0 +9.989044421e-03 +3.752998904e+01 +3.752998904e+01 +2.4789e+00 -1.9913e+00 +2.8529e+00 -1.5585e+00 +2.8317e+00
12802 0 +8.905514138e-03 +3.752890551e+01 +3.752890551e+01 +2.4795e+00 -1.9901e+00 +2.8554e+00 -1.5537e+00 +2.8405e+00
13492 0 +7.932348913e-03 +3.752793235e+01 +3.752793235e+01 +2.4801e+00 -1.9889e+00 +2.8577e+00 -1.5492e+00 +2.8489e+00
14142 0 +7.076151573e-03 +3.752707615e+01 +3.752707615e+01 +2.4806e+00 -1.9879e+00 +2.8599e+00 -1.5449e+00 +2.8568e+00
14760 0 +6.308773943e-03 +3.752630877e+01 +3.752630877e+01 +2.4812e+00 -1.9867e+00 +2.8620e+00 -1.5409e+00 +2.8643e+00
15342 0 +5.619612556e-03 +3.752561961e+01 +3.752561961e+01 +2.4817e+00 -1.9857e+00 +2.8639e+00 -1.5371e+00 +2.8715e+00
15910 0 +5.007198264e-03 +3.752500720e+01 +3.752500720e+01 +2.4822e+00 -1.9848e+00 +2.8658e+00 -1.5334e+00 +2.8783e+00
16430 0 +4.463010240e-03 +3.752446301e+01 +3.752446301e+01 +2.4826e+00 -1.9839e+00 +2.8676e+00 -1.5300e+00 +2.8847e+00
16912 0 +3.980457960e-03 +3.752398046e+01 +3.752398046e+01 +2.4831e+00 -1.9830e+00 +2.8693e+00 -1.5268e+00 +2.8907e+00
17400 0 +3.544570259e-03 +3.752354457e+01 +3.752354457e+01 +2.4834e+00 -1.9823e+00 +2.8708e+00 -1.5238e+00 +2.8965e+00
17842 0 +3.158397853e-03 +3.752315840e+01 +3.752315840e+01 +2.4838e+00 -1.9815e+00 +2.8722e+00 -1.5210e+00 +2.9020e+00
18268 0 +2.816557937e-03 +3.752281656e+01 +3.752281656e+01 +2.4842e+00 -1.9808e+00 +2.8737e+00 -1.5183e+00 +2.9072e+00
18682 0 +2.511585605e-03 +3.752251159e+01 +3.752251159e+01 +2.4845e+00 -1.9802e+00 +2.8749e+00 -1.5157e+00 +2.9120e+00
19432 0 +2.238482504e-03 +3.752223848e+01 +3.752223848e+01 +2.4848e+00 -1.9795e+00 +2.8762e+00 -1.5133e+00 +2.9166e+00
20162 0 +1.994872656e-03 +3.752199487e+01 +3.752199487e+01 +2.4851e+00 -1.9790e+00 +2.8773e+00 -1.5110e+00 +2.9211e+00
20842 0 +1.776137682e-03 +3.752177614e+01 +3.752177614e+01 +2.4854e+00 -1.9784e+00 +2.8785e+00 -1.5088e+00 +2.9252e+00
21482 0 +1.583656228e-03 +3.752158366e+01 +3.752158366e+01 +2.4857e+00 -1.9779e+00 +2.8795e+00 -1.5068e+00 +2.9291e+00
22098 0 +1.412009353e-03 +3.752141201e+01 +3.752141201e+01 +2.4859e+00 -1.9774e+00 +2.8805e+00 -1.5049e+00 +2.9329e+00
22678 0 +1.258230436e-03 +3.752125823e+01 +3.752125823e+01 +2.4861e+00 -1.9770e+00 +2.8814e+00 -1.5031e+00 +2.9364e+00
23228 0 +1.121149421e-03 +3.752112115e+01 +3.752112115e+01 +2.4864e+00 -1.9765e+00 +2.8822e+00 -1.5014e+00 +2.9398e+00
23742 0 +9.980211860e-04 +3.752099802e+01 +3.752099802e+01 +2.4865e+00 -1.9761e+00 +2.8830e+00 -1.4997e+00 +2.9429e+00
24230 0 +8.908491619e-04 +3.752089085e+01 +3.752089085e+01 +2.4867e+00 -1.9757e+00 +2.8838e+00 -1.4982e+00 +2.9459e+00
24692 0 +7.939872878e-04 +3.752079399e+01 +3.752079399e+01 +2.4869e+00 -1.9754e+00 +2.8846e+00 -1.4968e+00 +2.9488e+00
25130 0 +7.074423597e-04 +3.752070744e+01 +3.752070744e+01 +2.4871e+00 -1.9750e+00 +2.8852e+00 -1.4954e+00 +2.9514e+00
25552 0 +6.302591886e-04 +3.752063026e+01 +3.752063026e+01 +2.4873e+00 -1.9747e+00 +2.8858e+00 -1.4941e+00 +2.9540e+00
26170 0 +5.622212183e-04 +3.752056222e+01 +3.752056222e+01 +2.4874e+00 -1.9744e+00 +2.8865e+00 -1.4929e+00 +2.9563e+00
26902 0 +5.010825674e-04 +3.752050108e+01 +3.752050108e+01 +2.4875e+00 -1.9741e+00 +2.8871e+00 -1.4918e+00 +2.9585e+00
27602 0 +4.462228930e-04 +3.752044622e+01 +3.752044622e+01 +2.4877e+00 -1.9738e+00 +2.8876e+00 -1.4907e+00 +2.9607e+00
28262 0 +3.977973435e-04 +3.752039780e+01 +3.752039780e+01 +2.4878e+00 -1.9735e+00 +2.8881e+00 -1.4897e+00 +2.9627e+00
28882 0 +3.545360408e-04 +3.752035454e+01 +3.752035454e+01 +2.4879e+00 -1.9733e+00 +2.8886e+00 -1.4887e+00 +2.9646e+00
29472 0 +3.161476930e-04 +3.752031615e+01 +3.752031615e+01 +2.4881e+00 -1.9731e+00 +2.8891e+00 -1.4878e+00 +2.9664e+00
30032 0 +2.817038738e-04 +3.752028170e+01 +3.752028170e+01 +2.4882e+00 -1.9728e+00 +2.8895e+00 -1.4869e+00 +2.9681e+00
30570 0 +2.509951382e-04 +3.752025100e+01 +3.752025100e+01 +2.4883e+00 -1.9727e+00 +2.8899e+00 -1.4861e+00 +2.9697e+00
31060 0 +2.236957447e-04 +3.752022370e+01 +3.752022370e+01 +2.4884e+00 -1.9724e+00 +2.8903e+00 -1.4853e+00 +2.9712e+00
31532 0 +1.992194070e-04 +3.752019922e+01 +3.752019922e+01 +2.4885e+00 -1.9723e+00 +2.8907e+00 -1.4846e+00 +2.9727e+00
31972 0 +1.775799205e-04 +3.752017758e+01 +3.752017758e+01 +2.4886e+00 -1.9721e+00 +2.8910e+00 -1.4839e+00 +2.9740e+00
32392 0 +1.583176650e-04 +3.752015832e+01 +3.752015832e+01 +2.4886e+00 -1.9719e+00 +2.8913e+00 -1.4833e+00 +2.9753e+00
32782 0 +1.410163902e-04 +3.752014102e+01 +3.752014102e+01 +2.4887e+00 -1.9718e+00 +2.8916e+00 -1.4827e+00 +2.9765e+00
33162 0 +1.258231859e-04 +3.752012582e+01 +3.752012582e+01 +2.4888e+00 -1.9716e+00 +2.8919e+00 -1.4821e+00 +2.9776e+00
33520 0 +1.121100768e-04 +3.752011211e+01 +3.752011211e+01 +2.4889e+00 -1.9715e+00 +2.8922e+00 -1.4816e+00 +2.9787e+00
33848 0 +9.998283371e-05 +3.752009998e+01 +3.752009998e+01 +2.4889e+00 -1.9714e+00 +2.8925e+00 -1.4811e+00 +2.9797e+00
34382 0 +8.906618492e-05 +3.752008907e+01 +3.752008907e+01 +2.4890e+00 -1.9713e+00 +2.8927e+00 -1.4806e+00 +2.9807e+00
34978 0 +7.936928531e-05 +3.752007937e+01 +3.752007937e+01 +2.4890e+00 -1.9711e+00 +2.8929e+00 -1.4801e+00 +2.9816e+00
35540 0 +7.076538187e-05 +3.752007077e+01 +3.752007077e+01 +2.4891e+00 -1.9710e+00 +2.8932e+00 -1.4797e+00 +2.9824e+00
36064 0 +6.309543956e-05 +3.752006310e+01 +3.752006310e+01 +2.4891e+00 -1.9709e+00 +2.8934e+00 -1.4793e+00 +2.9832e+00
36572 0 +5.619523674e-05 +3.752005620e+01 +3.752005620e+01 +2.4892e+00 -1.9708e+00 +2.8936e+00 -1.4789e+00 +2.9840e+00
37048 0 +5.008466383e-05 +3.752005008e+01 +3.752005008e+01 +2.4892e+00 -1.9707e+00 +2.8937e+00 -1.4785e+00 +2.9847e+00
37500 0 +4.463991305e-05 +3.752004464e+01 +3.752004464e+01 +2.4893e+00 -1.9706e+00 +2.8939e+00 -1.4782e+00 +2.9854e+00
37922 0 +3.976706056e-05 +3.752003977e+01 +3.752003977e+01 +2.4893e+00 -1.9706e+00 +2.8941e+00 -1.4779e+00 +2.9861e+00
38322 0 +3.545201349e-05 +3.752003545e+01 +3.752003545e+01 +2.4894e+00 -1.9705e+00 +2.8942e+00 -1.4776e+00 +2.9867e+00
38696 0 +3.157052522e-05 +3.752003157e+01 +3.752003157e+01 +2.4894e+00 -1.9704e+00 +2.8944e+00 -1.4773e+00 +2.9873e+00
39052 0 +2.810611333e-05 +3.752002811e+01 +3.752002811e+01 +2.4894e+00 -1.9704e+00 +2.8945e+00 -1.4770e+00 +2.9878e+00
39532 0 +2.510145145e-05 +3.752002510e+01 +3.752002510e+01 +2.4895e+00 -1.9703e+00 +2.8946e+00 -1.4767e+00 +2.9883e+00
40170 0 +2.238068809e-05 +3.752002238e+01 +3.752002238e+01 +2.4895e+00 -1.9702e+00 +2.8947e+00 -1.4765e+00 +2.9888e+00
40752 0 +1.994709077e-05 +3.752001995e+01 +3.752001995e+01 +2.4895e+00 -1.9702e+00 +2.8949e+00 -1.4763e+00 +2.9893e+00
41322 0 +1.776981328e-05 +3.752001777e+01 +3.752001777e+01 +2.4895e+00 -1.9701e+00 +2.8950e+00 -1.4761e+00 +2.9897e+00
41862 0 +1.582757395e-05 +3.752001583e+01 +3.752001583e+01 +2.4896e+00 -1.9701e+00 +2.8951e+00 -1.4758e+00 +2.9901e+00
42362 0 +1.411836048e-05 +3.752001412e+01 +3.752001412e+01 +2.4896e+00 -1.9700e+00 +2.8952e+00 -1.4757e+00 +2.9905e+00
42842 0 +1.257416201e-05 +3.752001257e+01 +3.752001257e+01 +2.4896e+00 -1.9700e+00 +2.8953e+00 -1.4755e+00 +2.9908e+00
43300 0 +1.120663232e-05 +3.752001121e+01 +3.752001121e+01 +2.4896e+00 -1.9699e+00 +2.8953e+00 -1.4753e+00 +2.9912e+00
43712 0 +9.996562738e-06 +3.752001000e+01 +3.752001000e+01 +2.4897e+00 -1.9699e+00 +2.8954e+00 -1.4751e+00 +2.9915e+00
44122 0 +8.894387605e-06 +3.752000889e+01 +3.752000889e+01 +2.4897e+00 -1.9698e+00 +2.8955e+00 -1.4750e+00 +2.9918e+00
44502 0 +7.941624339e-06 +3.752000794e+01 +3.752000794e+01 +2.4897e+00 -1.9698e+00 +2.8956e+00 -1.4748e+00 +2.9921e+00
44862 0 +7.064249530e-06 +3.752000706e+01 +3.752000706e+01 +2.4897e+00 -1.9698e+00 +2.8956e+00 -1.4747e+00 +2.9924e+00
45208 0 +6.298882184e-06 +3.752000630e+01 +3.752000630e+01 +2.4897e+00 -1.9697e+00 +2.8957e+00 -1.4746e+00 +2.9926e+00
45522 0 +5.623230329e-06 +3.752000562e+01 +3.752000562e+01 +2.4897e+00 -1.9697e+00 +2.8958e+00 -1.4745e+00 +2.9929e+00
45822 0 +4.997076495e-06 +3.752000500e+01 +3.752000500e+01 +2.4898e+00 -1.9697e+00 +2.8958e+00 -1.4743e+00 +2.9931e+00
46212 0 +4.458977166e-06 +3.752000446e+01 +3.752000446e+01 +2.4898e+00 -1.9697e+00 +2.8959e+00 -1.4742e+00 +2.9933e+00
46752 0 +3.975590609e-06 +3.752000398e+01 +3.752000398e+01 +2.4898e+00 -1.9696e+00 +2.8959e+00 -1.4741e+00 +2.9935e+00
47262 0 +3.544019542e-06 +3.752000354e+01 +3.752000354e+01 +2.4898e+00 -1.9696e+00 +2.8960e+00 -1.4740e+00 +2.9937e+00
47742 0 +3.157685917e-06 +3.752000316e+01 +3.752000316e+01 +2.4898e+00 -1.9696e+00 +2.8960e+00 -1.4739e+00 +2.9939e+00
48192 0 +2.813198208e-06 +3.752000281e+01 +3.752000281e+01 +2.4898e+00 -1.9696e+00 +2.8961e+00 -1.4739e+00 +2.9941e+00
48622 0 +2.508787865e-06 +3.752000251e+01 +3.752000251e+01 +2.4898e+00 -1.9695e+00 +2.8961e+00 -1.4738e+00 +2.9943e+00
49022 0 +2.236614030e-06 +3.752000224e+01 +3.752000224e+01 +2.4898e+00 -1.9695e+00 +2.8962e+00 -1.4737e+00 +2.9944e+00
49690 0 +1.994904409e-06 +3.752000199e+01 +3.752000199e+01 +2.4898e+00 -1.9695e+00 +2.8962e+00 -1.4736e+00 +2.9945e+00
50000 0 +1.899488204e-06 +3.752000190e+01 +3.752000190e+01 +2.4899e+00 -1.9695e+00 +2.8962e+00 -1.4736e+00 +2.9946e+00
% f evaluations | g evaluations | best noise-free fitness - Fopt (2.177000000000e+01) + sum g_i+ | measured fitness | best measured fitness or single-digit g-values | x1 | x2...
1 0 +1.225563250e+03 +1.247333250e+03 +1.247333250e+03 +0.0000e+00 +0.0000e+00 +0.0000e+00 +0.0000e+00 +0.0000e+00
40 0 +1.134795983e+03 +1.156565983e+03 +1.156565983e+03 +2.1718e+00 +1.1446e+00 +7.8578e-01 +8.8747e-01 +9.2636e-01
58 0 +7.547092611e+02 +7.764792611e+02 +7.764792611e+02 +2.4303e+00 +2.1912e-01 +2.0579e-02 +1.5085e+00 -2.2541e-01
59 0 +6.366430053e+02 +6.584130053e+02 +6.584130053e+02 +2.0216e+00 +1.5893e-01 +1.9503e-01 +1.2049e+00 +7.4033e-01
169 0 +6.213599807e+02 +6.431299807e+02 +6.431299807e+02 +1.0322e+00 +9.1297e-01 +3.0064e+00 +1.3232e+00 +5.4876e-01
177 0 +5.449330788e+02 +5.667030788e+02 +5.667030788e+02 +3.4955e-01 +7.6323e-01 +1.1672e+00 -3.8649e-01 -5.6869e-01
180 0 +1.488750491e+02 +1.706450491e+02 +1.706450491e+02 +1.1826e+00 -5.1982e-01 +2.2397e+00 +1.2789e+00 -2.8517e-01
1594 0 +1.351035027e+02 +1.568735027e+02 +1.568735027e+02 +2.7784e-01 +2.0304e-01 +4.8438e-01 +1.2024e+00 -7.6503e-01
1669 0 +1.209312259e+02 +1.427012259e+02 +1.427012259e+02 +1.0006e+00 +0.0000e+00 +1.7338e+00 +1.1492e-01 -1.8093e+00
1671 0 +2.705319952e+01 +4.882319952e+01 +4.882319952e+01 +1.0006e+00 +0.0000e+00 +1.7338e+00 +1.1492e-01 -2.8099e+00
1693 0 +2.263418944e+01 +4.440418944e+01 +4.440418944e+01 +5.0032e-01 +5.0032e-01 +1.7338e+00 +1.1492e-01 -2.8099e+00
1694 0 +1.078608840e+01 +3.255608840e+01 +3.255608840e+01 +1.5010e+00 +5.0032e-01 +1.7338e+00 +1.1492e-01 -2.8099e+00
1716 0 +6.080803308e+00 +2.785080331e+01 +2.785080331e+01 +1.5010e+00 +7.5049e-01 +1.7338e+00 +1.1492e-01 -2.8099e+00
1724 0 +4.420641834e+00 +2.619064183e+01 +2.619064183e+01 +1.7511e+00 +7.5049e-01 +1.7338e+00 +1.1492e-01 -2.8099e+00
1743 0 +1.306728530e+00 +2.307672853e+01 +2.307672853e+01 +1.6261e+00 +7.5049e-01 +1.7338e+00 +1.1492e-01 -2.8099e+00
1774 0 +1.197347093e+00 +2.296734709e+01 +2.296734709e+01 +1.6573e+00 +7.5049e-01 +1.7338e+00 +1.1492e-01 -2.8099e+00
1776 0 +1.110968734e+00 +2.288096873e+01 +2.288096873e+01 +1.6573e+00 +7.8176e-01 +1.7338e+00 +1.1492e-01 -2.8099e+00
1794 0 +9.968604927e-01 +2.276686049e+01 +2.276686049e+01 +1.6730e+00 +7.8176e-01 +1.7338e+00 +1.1492e-01 -2.7787e+00
1866 0 +8.905398481e-01 +2.266053985e+01 +2.266053985e+01 +1.6691e+00 +7.8957e-01 +1.7573e+00 +1.4619e-01 -2.7630e+00
1948 0 +7.939126614e-01 +2.256391266e+01 +2.256391266e+01 +1.6847e+00 +8.1303e-01 +1.7924e+00 +1.7746e-01 -2.7474e+00
2048 0 +7.073810540e-01 +2.247738105e+01 +2.247738105e+01 +1.6925e+00 +8.2866e-01 +1.8237e+00 +2.1655e-01 -2.7200e+00
2128 0 +6.286173309e-01 +2.239861733e+01 +2.239861733e+01 +1.7042e+00 +8.4821e-01 +1.8511e+00 +2.4782e-01 -2.7005e+00
2206 0 +5.594362805e-01 +2.232943628e+01 +2.232943628e+01 +1.7160e+00 +8.6775e-01 +1.8745e+00 +2.7909e-01 -2.6770e+00
2310 0 +4.988349612e-01 +2.226883496e+01 +2.226883496e+01 +1.7238e+00 +8.8143e-01 +1.8999e+00 +3.0840e-01 -2.6536e+00
2470 0 +4.452945539e-01 +2.221529455e+01 +2.221529455e+01 +1.7296e+00 +8.9316e-01 +1.9214e+00 +3.3967e-01 -2.6262e+00
2602 0 +3.978416827e-01 +2.216784168e+01 +2.216784168e+01 +1.7375e+00 +9.0684e-01 +1.9410e+00 +3.6508e-01 -2.6008e+00
2740 0 +3.546007900e-01 +2.212460079e+01 +2.212460079e+01 +1.7433e+00 +9.1856e-01 +1.9605e+00 +3.9244e-01 -2.5754e+00
2880 0 +3.159519105e-01 +2.208595191e+01 +2.208595191e+01 +1.7492e+00 +9.2834e-01 +1.9781e+00 +4.1981e-01 -2.5481e+00
3014 0 +2.809290630e-01 +2.205092906e+01 +2.205092906e+01 +1.7550e+00 +9.3811e-01 +1.9957e+00 +4.4326e-01 -2.5207e+00
3150 0 +2.509211063e-01 +2.202092111e+01 +2.202092111e+01 +1.7590e+00 +9.4788e-01 +2.0113e+00 +4.6671e-01 -2.4953e+00
3362 0 +2.237697257e-01 +2.199376973e+01 +2.199376973e+01 +1.7648e+00 +9.5570e-01 +2.0250e+00 +4.8821e-01 -2.4689e+00
3632 0 +1.992413309e-01 +2.196924133e+01 +2.196924133e+01 +1.7677e+00 +9.6352e-01 +2.0387e+00 +5.0971e-01 -2.4425e+00
3898 0 +1.778102109e-01 +2.194781021e+01 +2.194781021e+01 +1.7717e+00 +9.7036e-01 +2.0514e+00 +5.2925e-01 -2.4171e+00
4152 0 +1.580452559e-01 +2.192804526e+01 +2.192804526e+01 +1.7756e+00 +9.7720e-01 +2.0631e+00 +5.4880e-01 -2.3917e+00
4402 0 +1.411175576e-01 +2.191111756e+01 +2.191111756e+01 +1.7785e+00 +9.8306e-01 +2.0739e+00 +5.6638e-01 -2.3673e+00
4652 0 +1.257234731e-01 +2.189572347e+01 +2.189572347e+01 +1.7814e+00 +9.8892e-01 +2.0836e+00 +5.8397e-01 -2.3428e+00
4892 0 +1.121327875e-01 +2.188213279e+01 +2.188213279e+01 +1.7844e+00 +9.9381e-01 +2.0934e+00 +5.9961e-01 -2.3194e+00
5122 0 +9.961807501e-02 +2.186961808e+01 +2.186961808e+01 +1.7873e+00 +9.9869e-01 +2.1032e+00 +6.1622e-01 -2.2969e+00
5342 0 +8.894903848e-02 +2.185894904e+01 +2.185894904e+01 +1.7892e+00 +1.0036e+00 +2.1110e+00 +6.2990e-01 -2.2754e+00
5570 0 +7.929365317e-02 +2.184929365e+01 +2.184929365e+01 +1.7912e+00 +1.0075e+00 +2.1188e+00 +6.4456e-01 -2.2539e+00
5862 0 +7.069029199e-02 +2.184069029e+01 +2.184069029e+01 +1.7936e+00 +1.0119e+00 +2.1266e+00 +6.5678e-01 -2.2349e+00
6252 0 +6.300744129e-02 +2.183300744e+01 +2.183300744e+01 +1.7956e+00 +1.0158e+00 +2.1340e+00 +6.6948e-01 -2.2158e+00
6646 0 +5.616111862e-02 +2.182616112e+01 +2.182616112e+01 +1.7971e+00 +1.0192e+00 +2.1403e+00 +6.8121e-01 -2.1968e+00
7012 0 +5.001363838e-02 +2.182001364e+01 +2.182001364e+01 +1.7990e+00 +1.0221e+00 +2.1467e+00 +6.9244e-01 -2.1787e+00
7352 0 +4.465470718e-02 +2.181465471e+01 +2.181465471e+01 +1.8005e+00 +1.0256e+00 +2.1525e+00 +7.0270e-01 -2.1621e+00
7702 0 +3.974756639e-02 +2.180974757e+01 +2.180974757e+01 +1.8020e+00 +1.0280e+00 +2.1579e+00 +7.1296e-01 -2.1450e+00
8030 0 +3.542450402e-02 +2.180542450e+01 +2.180542450e+01 +1.8034e+00 +1.0309e+00 +2.1628e+00 +7.2225e-01 -2.1293e+00
8332 0 +3.155452844e-02 +2.180155453e+01 +2.180155453e+01 +1.8049e+00 +1.0339e+00 +2.1677e+00 +7.3104e-01 -2.1142e+00
8628 0 +2.815114796e-02 +2.179815115e+01 +2.179815115e+01 +1.8059e+00 +1.0358e+00 +2.1726e+00 +7.3935e-01 -2.1000e+00
8904 0 +2.510916387e-02 +2.179510916e+01 +2.179510916e+01 +1.8073e+00 +1.0383e+00 +2.1765e+00 +7.4717e-01 -2.0863e+00
9332 0 +2.235387885e-02 +2.179235388e+01 +2.179235388e+01 +1.8083e+00 +1.0405e+00 +2.1809e+00 +7.5474e-01 -2.0734e+00
9848 0 +1.994567716e-02 +2.178994568e+01 +2.178994568e+01 +1.8093e+00 +1.0422e+00 +2.1845e+00 +7.6182e-01 -2.0609e+00
10332 0 +1.776409943e-02 +2.178776410e+01 +2.178776410e+01 +1.8103e+00 +1.0441e+00 +2.1880e+00 +7.6866e-01 -2.0490e+00
10792 0 +1.583615231e-02 +2.178583615e+01 +2.178583615e+01 +1.8110e+00 +1.0458e+00 +2.1914e+00 +7.7502e-01 -2.0377e+00
11234 0 +1.412213557e-02 +2.178412214e+01 +2.178412214e+01 +1.8120e+00 +1.0476e+00 +2.1946e+00 +7.8088e-01 -2.0270e+00
11662 0 +1.256256404e-02 +2.178256256e+01 +2.178256256e+01 +1.8127e+00 +1.0490e+00 +2.1975e+00 +7.8674e-01 -2.0165e+00
12062 0 +1.119612116e-02 +2.178119612e+01 +2.178119612e+01 +1.8132e+00 +1.0505e+00 +2.2004e+00 +7.9212e-01 -2.0067e+00
12440 0 +9.998935888e-03 +2.177999894e+01 +2.177999894e+01 +1.8139e+00 +1.0517e+00 +2.2031e+00 +7.9725e-01 -1.9977e+00
12796 0 +8.903876833e-03 +2.177890388e+01 +2.177890388e+01 +1.8147e+00 +1.0532e+00 +2.2055e+00 +8.0189e-01 -1.9889e+00
13152 0 +7.929892342e-03 +2.177792989e+01 +2.177792989e+01 +1.8151e+00 +1.0542e+00 +2.2077e+00 +8.0653e-01 -1.9801e+00
13720 0 +7.076036790e-03 +2.177707604e+01 +2.177707604e+01 +1.8159e+00 +1.0554e+00 +2.2101e+00 +8.1068e-01 -1.9726e+00
14332 0 +6.304719148e-03 +2.177630472e+01 +2.177630472e+01 +1.8164e+00 +1.0565e+00 +2.2121e+00 +8.1471e-01 -1.9650e+00
14918 0 +5.621018913e-03 +2.177562102e+01 +2.177562102e+01 +1.8169e+00 +1.0574e+00 +2.2142e+00 +8.1850e-01 -1.9580e+00
15472 0 +5.002550746e-03 +2.177500255e+01 +2.177500255e+01 +1.8175e+00 +1.0584e+00 +2.2161e+00 +8.2217e-01 -1.9511e+00
15992 0 +4.465612948e-03 +2.177446561e+01 +2.177446561e+01 +1.8178e+00 +1.0593e+00 +2.2178e+00 +8.2546e-01 -1.9448e+00
16492 0 +3.976540975e-03 +2.177397654e+01 +2.177397654e+01 +1.8183e+00 +1.0601e+00 +2.2195e+00 +8.2876e-01 -1.9387e+00
16962 0 +3.543582567e-03 +2.177354358e+01 +2.177354358e+01 +1.8187e+00 +1.0610e+00 +2.2211e+00 +8.3182e-01 -1.9329e+00
17412 0 +3.161754985e-03 +2.177316175e+01 +2.177316175e+01 +1.8191e+00 +1.0617e+00 +2.2224e+00 +8.3462e-01 -1.9274e+00
17842 0 +2.815930847e-03 +2.177281593e+01 +2.177281593e+01 +1.8194e+00 +1.0623e+00 +2.2239e+00 +8.3731e-01 -1.9222e+00
18242 0 +2.511484016e-03 +2.177251148e+01 +2.177251148e+01 +1.8197e+00 +1.0629e+00 +2.2251e+00 +8.3988e-01 -1.9173e+00
18622 0 +2.237142688e-03 +2.177223714e+01 +2.177223714e+01 +1.8200e+00 +1.0637e+00 +2.2263e+00 +8.4232e-01 -1.9126e+00
18982 0 +1.991977959e-03 +2.177199198e+01 +2.177199198e+01 +1.8203e+00 +1.0642e+00 +2.2275e+00 +8.4464e-01 -1.9082e+00
19322 0 +1.776610422e-03 +2.177177661e+01 +2.177177661e+01 +1.8206e+00 +1.0648e+00 +2.2286e+00 +8.4672e-01 -1.9041e+00
19942 0 +1.584447510e-03 +2.177158445e+01 +2.177158445e+01 +1.8208e+00 +1.0653e+00 +2.2297e+00 +8.4879e-01 -1.9002e+00
20562 0 +1.411274390e-03 +2.177141127e+01 +2.177141127e+01 +1.8211e+00 +1.0658e+00 +2.2307e+00 +8.5069e-01 -1.8964e+00
21132 0 +1.257286555e-03 +2.177125729e+01 +2.177125729e+01 +1.8213e+00 +1.0662e+00 +2.2316e+00 +8.5252e-01 -1.8930e+00
21676 0 +1.121764640e-03 +2.177112176e+01 +2.177112176e+01 +1.8216e+00 +1.0667e+00 +2.2324e+00 +8.5423e-01 -1.8897e+00
22192 0 +9.999926058e-04 +2.177099999e+01 +2.177099999e+01 +1.8217e+00 +1.0671e+00 +2.2333e+00 +8.5582e-01 -1.8865e+00
22690 0 +8.909268178e-04 +2.177089093e+01 +2.177089093e+01 +1.8219e+00 +1.0675e+00 +2.2340e+00 +8.5741e-01 -1.8835e+00
23142 0 +7.941439811e-04 +2.177079414e+01 +2.177079414e+01 +1.8221e+00 +1.0678e+00 +2.2347e+00 +8.5881e-01 -1.8807e+00
23582 0 +7.077356306e-04 +2.177070774e+01 +2.177070774e+01 +1.8223e+00 +1.0682e+00 +2.2354e+00 +8.6015e-01 -1.8780e+00
24002 0 +6.293639289e-04 +2.177062936e+01 +2.177062936e+01 +1.8225e+00 +1.0685e+00 +2.2361e+00 +8.6150e-01 -1.8754e+00
24652 0 +5.619230958e-04 +2.177056192e+01 +2.177056192e+01 +1.8226e+00 +1.0688e+00 +2.2367e+00 +8.6266e-01 -1.8731e+00
25384 0 +5.009167987e-04 +2.177050092e+01 +2.177050092e+01 +1.8228e+00 +1.0691e+00 +2.2373e+00 +8.6382e-01 -1.8709e+00
26086 0 +4.465517712e-04 +2.177044655e+01 +2.177044655e+01 +1.8229e+00 +1.0694e+00 +2.2378e+00 +8.6489e-01 -1.8688e+00
26742 0 +3.977896152e-04 +2.177039779e+01 +2.177039779e+01 +1.8230e+00 +1.0697e+00 +2.2383e+00 +8.6593e-01 -1.8667e+00
27370 0 +3.547009140e-04 +2.177035470e+01 +2.177035470e+01 +1.8231e+00 +1.0699e+00 +2.2388e+00 +8.6690e-01 -1.8648e+00
27962 0 +3.156935398e-04 +2.177031569e+01 +2.177031569e+01 +1.8233e+00 +1.0701e+00 +2.2393e+00 +8.6782e-01 -1.8630e+00
28520 0 +2.817667116e-04 +2.177028177e+01 +2.177028177e+01 +1.8234e+00 +1.0704e+00 +2.2397e+00 +8.6867e-01 -1.8613e+00
29042 0 +2.509914305e-04 +2.177025099e+01 +2.177025099e+01 +1.8235e+00 +1.0705e+00 +2.2401e+00 +8.6947e-01 -1.8597e+00
29546 0 +2.236479160e-04 +2.177022365e+01 +2.177022365e+01 +1.8236e+00 +1.0708e+00 +2.2405e+00 +8.7023e-01 -1.8582e+00
30018 0 +1.994032539e-04 +2.177019940e+01 +2.177019940e+01 +1.8237e+00 +1.0709e+00 +2.2409e+00 +8.7096e-01 -1.8568e+00
30452 0 +1.778072308e-04 +2.177017781e+01 +2.177017781e+01 +1.8238e+00 +1.0711e+00 +2.2412e+00 +8.7164e-01 -1.8554e+00
30882 0 +1.583805791e-04 +2.177015838e+01 +2.177015838e+01 +1.8238e+00 +1.0713e+00 +2.2415e+00 +8.7231e-01 -1.8541e+00
31282 0 +1.410750332e-04 +2.177014108e+01 +2.177014108e+01 +1.8239e+00 +1.0714e+00 +2.2418e+00 +8.7292e-01 -1.8529e+00
31942 0 +1.257689950e-04 +2.177012577e+01 +2.177012577e+01 +1.8240e+00 +1.0716e+00 +2.2421e+00 +8.7348e-01 -1.8518e+00
32644 0 +1.121815580e-04 +2.177011218e+01 +2.177011218e+01 +1.8241e+00 +1.0717e+00 +2.2424e+00 +8.7402e-01 -1.8507e+00
33312 0 +9.993458085e-05 +2.177009993e+01 +2.177009993e+01 +1.8241e+00 +1.0718e+00 +2.2427e+00 +8.7454e-01 -1.8497e+00
33950 0 +8.907193259e-05 +2.177008907e+01 +2.177008907e+01 +1.8242e+00 +1.0720e+00 +2.2429e+00 +8.7503e-01 -1.8487e+00
34542 0 +7.939267018e-05 +2.177007939e+01 +2.177007939e+01 +1.8242e+00 +1.0721e+00 +2.2431e+00 +8.7548e-01 -1.8478e+00
35106 0 +7.074480032e-05 +2.177007074e+01 +2.177007074e+01 +1.8243e+00 +1.0722e+00 +2.2434e+00 +8.7591e-01 -1.8470e+00
35642 0 +6.302173429e-05 +2.177006302e+01 +2.177006302e+01 +1.8243e+00 +1.0723e+00 +2.2436e+00 +8.7632e-01 -1.8461e+00
36142 0 +5.618302824e-05 +2.177005618e+01 +2.177005618e+01 +1.8244e+00 +1.0724e+00 +2.2438e+00 +8.7671e-01 -1.8454e+00
36620 0 +5.010986671e-05 +2.177005011e+01 +2.177005011e+01 +1.8244e+00 +1.0725e+00 +2.2439e+00 +8.7707e-01 -1.8447e+00
37062 0 +4.462972451e-05 +2.177004463e+01 +2.177004463e+01 +1.8245e+00 +1.0725e+00 +2.2441e+00 +8.7741e-01 -1.8440e+00
37492 0 +3.971633056e-05 +2.177003972e+01 +2.177003972e+01 +1.8245e+00 +1.0726e+00 +2.2443e+00 +8.7774e-01 -1.8433e+00
37892 0 +3.539756877e-05 +2.177003540e+01 +2.177003540e+01 +1.8245e+00 +1.0727e+00 +2.2444e+00 +8.7805e-01 -1.8427e+00
38262 0 +3.160998759e-05 +2.177003161e+01 +2.177003161e+01 +1.8246e+00 +1.0728e+00 +2.2446e+00 +8.7832e-01 -1.8421e+00
38622 0 +2.814533964e-05 +2.177002815e+01 +2.177002815e+01 +1.8246e+00 +1.0729e+00 +2.2447e+00 +8.7860e-01 -1.8416e+00
39252 0 +2.509093757e-05 +2.177002509e+01 +2.177002509e+01 +1.8247e+00 +1.0729e+00 +2.2448e+00 +8.7886e-01 -1.8411e+00
39892 0 +2.236553164e-05 +2.177002237e+01 +2.177002237e+01 +1.8247e+00 +1.0730e+00 +2.2449e+00 +8.7910e-01 -1.8406e+00
40490 0 +1.994832875e-05 +2.177001995e+01 +2.177001995e+01 +1.8247e+00 +1.0730e+00 +2.2451e+00 +8.7933e-01 -1.8401e+00
41052 0 +1.777464850e-05 +2.177001777e+01 +2.177001777e+01 +1.8247e+00 +1.0731e+00 +2.2452e+00 +8.7955e-01 -1.8397e+00
41582 0 +1.583912933e-05 +2.177001584e+01 +2.177001584e+01 +1.8248e+00 +1.0731e+00 +2.2453e+00 +8.7975e-01 -1.8393e+00
42092 0 +1.412201595e-05 +2.177001412e+01 +2.177001412e+01 +1.8248e+00 +1.0732e+00 +2.2454e+00 +8.7994e-01 -1.8389e+00
42572 0 +1.257789117e-05 +2.177001258e+01 +2.177001258e+01 +1.8248e+00 +1.0732e+00 +2.2455e+00 +8.8013e-01 -1.8386e+00
43022 0 +1.119160103e-05 +2.177001119e+01 +2.177001119e+01 +1.8248e+00 +1.0733e+00 +2.2456e+00 +8.8030e-01 -1.8382e+00
43452 0 +9.982352228e-06 +2.177000998e+01 +2.177000998e+01 +1.8249e+00 +1.0733e+00 +2.2456e+00 +8.8046e-01 -1.8379e+00
43852 0 +8.898086143e-06 +2.177000890e+01 +2.177000890e+01 +1.8249e+00 +1.0734e+00 +2.2457e+00 +8.8061e-01 -1.8376e+00
44222 0 +7.940773102e-06 +2.177000794e+01 +2.177000794e+01 +1.8249e+00 +1.0734e+00 +2.2458e+00 +8.8076e-01 -1.8373e+00
44582 0 +7.063845626e-06 +2.177000706e+01 +2.177000706e+01 +1.8249e+00 +1.0734e+00 +2.2459e+00 +8.8090e-01 -1.8370e+00
44930 0 +6.300673167e-06 +2.177000630e+01 +2.177000630e+01 +1.8249e+00 +1.0735e+00 +2.2459e+00 +8.8103e-01 -1.8368e+00
45252 0 +5.621867150e-06 +2.177000562e+01 +2.177000562e+01 +1.8249e+00 +1.0735e+00 +2.2460e+00 +8.8115e-01 -1.8365e+00
45558 0 +5.005610710e-06 +2.177000501e+01 +2.177000501e+01 +1.8250e+00 +1.0735e+00 +2.2460e+00 +8.8126e-01 -1.8363e+00
45832 0 +4.455855660e-06 +2.177000446e+01 +2.177000446e+01 +1.8250e+00 +1.0735e+00 +2.2461e+00 +8.8137e-01 -1.8361e+00
46112 0 +3.973833334e-06 +2.177000397e+01 +2.177000397e+01 +1.8250e+00 +1.0736e+00 +2.2461e+00 +8.8148e-01 -1.8358e+00
46492 0 +3.543818991e-06 +2.177000354e+01 +2.177000354e+01 +1.8250e+00 +1.0736e+00 +2.2462e+00 +8.8157e-01 -1.8357e+00
46970 0 +3.162194229e-06 +2.177000316e+01 +2.177000316e+01 +1.8250e+00 +1.0736e+00 +2.2462e+00 +8.8166e-01 -1.8355e+00
47412 0 +2.815714755e-06 +2.177000282e+01 +2.177000282e+01 +1.8250e+00 +1.0736e+00 +2.2463e+00 +8.8174e-01 -1.8353e+00
47850 0 +2.510391816e-06 +2.177000251e+01 +2.177000251e+01 +1.8250e+00 +1.0737e+00 +2.2463e+00 +8.8183e-01 -1.8351e+00
48252 0 +2.236414556e-06 +2.177000224e+01 +2.177000224e+01 +1.8250e+00 +1.0737e+00 +2.2464e+00 +8.8190e-01 -1.8350e+00
48632 0 +1.992884503e-06 +2.177000199e+01 +2.177000199e+01 +1.8250e+00 +1.0737e+00 +2.2464e+00 +8.8198e-01 -1.8348e+00
48990 0 +1.776542661e-06 +2.177000178e+01 +2.177000178e+01 +1.8251e+00 +1.0737e+00 +2.2464e+00 +8.8205e-01 -1.8347e+00
49322 0 +1.580699475e-06 +2.177000158e+01 +2.177000158e+01 +1.8251e+00 +1.0737e+00 +2.2465e+00 +8.8211e-01 -1.8346e+00
49642 0 +1.408848792e-06 +2.177000141e+01 +2.177000141e+01 +1.8251e+00 +1.0737e+00 +2.2465e+00 +8.8217e-01 -1.8345e+00
49950 0 +1.258874978e-06 +2.177000126e+01 +2.177000126e+01 +1.8251e+00 +1.0738e+00 +2.2465e+00 +8.8223e-01 -1.8343e+00
50000 0 +1.234693610e-06 +2.177000123e+01 +2.177000123e+01 +1.8251e+00 +1.0738e+00 +2.2465e+00 +8.8224e-01 -1.8343e+00
% f evaluations | g evaluations | best noise-free fitness - Fopt (6.603000000000e+01) + sum g_i+ | measured fitness | best measured fitness or single-digit g-values | x1 | x2...
1 0 +1.866660954e+04 +1.873263954e+04 +1.873263954e+04 +0.0000e+00 +0.0000e+00 +0.0000e+00 +0.0000e+00 +0.0000e+00
2 0 +9.667409442e+03 +9.733439442e+03 +9.733439442e+03 -2.7186e+00 -7.1789e-01 +5.1803e-01 +6.4926e-01 -1.3468e+00
17 0 +6.986051985e+03 +7.052081985e+03 +7.052081985e+03 -1.7866e+00 -7.0682e-01 +2.6228e-01 +1.0349e+00 -5.1176e-01
19 0 +4.499348303e+03 +4.565378303e+03 +4.565378303e+03 -1.9219e+00 -9.7069e-01 +2.5837e-02 +9.9415e-01 +9.2340e-01
49 0 +4.211058789e+03 +4.277088789e+03 +4.277088789e+03 +1.6967e+00 -1.0947e+00 -8.8814e-01 +4.8023e-01 +1.3758e-01
68 0 +2.898056646e+03 +2.964086646e+03 +2.964086646e+03 +2.1034e-01 -3.6468e+00 +5.1803e-01 +6.4926e-01 -1.3468e+00
69 0 +6.388484082e+02 +7.048784082e+02 +7.048784082e+02 -1.5450e+00 -2.7773e+00 -3.7521e-01 -1.9934e-02 -1.0121e+00
71 0 +9.214242202e+01 +1.581724220e+02 +1.581724220e+02 -7.1842e-01 -2.6206e+00 -8.0168e-01 +7.3443e-01 -4.1741e-02
96 0 +5.747330760e+01 +1.235033076e+02 +1.235033076e+02 +2.0774e-01 -3.4250e+00 -1.0688e+00 +1.3420e-01 -4.0753e-01
98 0 +2.580252445e+01 +9.183252445e+01 +9.183252445e+01 -1.4860e-01 -3.8990e+00 -1.5687e+00 -4.5553e-01 -5.0379e-02
1677 0 +1.900357771e+01 +8.503357771e+01 +8.503357771e+01 +1.0006e+00 -3.1577e+00 -1.5010e+00 +0.0000e+00 +0.0000e+00
1681 0 +1.685578861e+01 +8.288578861e+01 +8.288578861e+01 +1.0006e+00 -3.1577e+00 -1.5010e+00 +0.0000e+00 -5.0032e-01
1693 0 +1.085496086e+01 +7.688496086e+01 +7.688496086e+01 +7.5049e-01 -3.1577e+00 -1.5010e+00 +0.0000e+00 -5.0032e-01
1702 0 +5.218528834e+00 +7.124852883e+01 +7.124852883e+01 +7.5049e-01 -3.4079e+00 -1.5010e+00 +0.0000e+00 -2.5016e-01
1713 0 +4.357608813e+00 +7.038760881e+01 +7.038760881e+01 +6.2541e-01 -3.4079e+00 -1.5010e+00 +0.0000e+00 -2.5016e-01
1719 0 +2.639822034e+00 +6.866982203e+01 +6.866982203e+01 +6.2541e-01 -3.4079e+00 -1.6261e+00 -1.2508e-01 -2.5016e-01
1734 0 +2.370957306e+00 +6.840095731e+01 +6.840095731e+01 +6.8795e-01 -3.4079e+00 -1.6261e+00 -1.2508e-01 -2.5016e-01
1741 0 +2.181149982e+00 +6.821114998e+01 +6.821114998e+01 +6.8795e-01 -3.4079e+00 -1.6261e+00 -1.2508e-01 -3.1270e-01
1804 0 +1.990537269e+00 +6.802053727e+01 +6.802053727e+01 +6.9576e-01 -3.3766e+00 -1.5948e+00 -1.0945e-01 -2.9707e-01
1876 0 +1.773200153e+00 +6.780320015e+01 +6.780320015e+01 +7.3485e-01 -3.3140e+00 -1.5479e+00 -9.3811e-02 -2.9707e-01
1938 0 +1.581373791e+00 +6.761137379e+01 +6.761137379e+01 +7.6612e-01 -3.2671e+00 -1.4932e+00 -6.2541e-02 -2.8925e-01
2016 0 +1.402677803e+00 +6.743267780e+01 +6.743267780e+01 +7.9739e-01 -3.2202e+00 -1.4463e+00 -3.1270e-02 -2.8143e-01
2068 0 +1.256483347e+00 +6.728648335e+01 +6.728648335e+01 +8.2084e-01 -3.1890e+00 -1.3993e+00 +2.4286e-17 -2.7361e-01
2126 0 +1.109584201e+00 +6.713958420e+01 +6.713958420e+01 +8.4430e-01 -3.1499e+00 -1.3603e+00 +3.9088e-02 -2.5798e-01
2228 0 +9.970920641e-01 +6.702709206e+01 +6.702709206e+01 +8.5993e-01 -3.1264e+00 -1.3212e+00 +6.6449e-02 -2.4625e-01
2318 0 +8.854241257e-01 +6.691542413e+01 +6.691542413e+01 +8.7557e-01 -3.0991e+00 -1.2860e+00 +1.0163e-01 -2.2671e-01
2400 0 +7.942003984e-01 +6.682420040e+01 +6.682420040e+01 +8.8729e-01 -3.0795e+00 -1.2547e+00 +1.3681e-01 -2.1107e-01
2490 0 +7.074482878e-01 +6.673744829e+01 +6.673744829e+01 +8.9902e-01 -3.0600e+00 -1.2234e+00 +1.7199e-01 -1.8762e-01
2570 0 +6.297640369e-01 +6.665976404e+01 +6.665976404e+01 +9.1075e-01 -3.0404e+00 -1.1961e+00 +2.0326e-01 -1.6808e-01
2660 0 +5.612644049e-01 +6.659126440e+01 +6.659126440e+01 +9.1856e-01 -3.0248e+00 -1.1687e+00 +2.3844e-01 -1.4072e-01
2728 0 +4.992295423e-01 +6.652922954e+01 +6.652922954e+01 +9.3029e-01 -3.0053e+00 -1.1453e+00 +2.6189e-01 -1.1726e-01
2850 0 +4.451532115e-01 +6.647515321e+01 +6.647515321e+01 +9.3811e-01 -2.9916e+00 -1.1238e+00 +2.9120e-01 -9.3811e-02
3002 0 +3.980391800e-01 +6.642803918e+01 +6.642803918e+01 +9.4202e-01 -2.9818e+00 -1.1042e+00 +3.2052e-01 -6.4495e-02
3140 0 +3.531105775e-01 +6.638311058e+01 +6.638311058e+01 +9.4983e-01 -2.9701e+00 -1.0847e+00 +3.4788e-01 -3.9088e-02
3270 0 +3.148039843e-01 +6.634480398e+01 +6.634480398e+01 +9.5570e-01 -2.9583e+00 -1.0671e+00 +3.7329e-01 -1.3681e-02
3398 0 +2.817448663e-01 +6.631174487e+01 +6.631174487e+01 +9.6156e-01 -2.9486e+00 -1.0495e+00 +3.9674e-01 +1.1726e-02
3542 0 +2.507757631e-01 +6.628077576e+01 +6.628077576e+01 +9.6547e-01 -2.9408e+00 -1.0358e+00 +4.2019e-01 +4.1042e-02
3722 0 +2.236010252e-01 +6.625360103e+01 +6.625360103e+01 +9.7036e-01 -2.9320e+00 -1.0212e+00 +4.4267e-01 +6.5472e-02
3992 0 +1.989723910e-01 +6.622897239e+01 +6.622897239e+01 +9.7524e-01 -2.9241e+00 -1.0075e+00 +4.6417e-01 +9.1856e-02
4252 0 +1.775952566e-01 +6.620759526e+01 +6.620759526e+01 +9.7817e-01 -2.9173e+00 -9.9479e-01 +4.8371e-01 +1.1726e-01
4522 0 +1.583903165e-01 +6.618839032e+01 +6.618839032e+01 +9.8111e-01 -2.9114e+00 -9.8404e-01 +5.0326e-01 +1.4365e-01
4762 0 +1.409848235e-01 +6.617098482e+01 +6.617098482e+01 +9.8501e-01 -2.9046e+00 -9.7231e-01 +5.2085e-01 +1.6710e-01
5010 0 +1.256874826e-01 +6.615568748e+01 +6.615568748e+01 +9.8795e-01 -2.8987e+00 -9.6156e-01 +5.3844e-01 +1.9055e-01
5254 0 +1.120284683e-01 +6.614202847e+01 +6.614202847e+01 +9.9088e-01 -2.8939e+00 -9.5277e-01 +5.5407e-01 +2.1498e-01
5486 0 +9.997578728e-02 +6.612997579e+01 +6.612997579e+01 +9.9283e-01 -2.8890e+00 -9.4397e-01 +5.6971e-01 +2.3746e-01
5706 0 +8.890695960e-02 +6.611890696e+01 +6.611890696e+01 +9.9576e-01 -2.8841e+00 -9.3518e-01 +5.8436e-01 +2.5896e-01
5982 0 +7.929766396e-02 +6.610929766e+01 +6.610929766e+01 +9.9772e-01 -2.8797e+00 -9.2638e-01 +5.9853e-01 +2.7899e-01
6402 0 +7.072250448e-02 +6.610072250e+01 +6.610072250e+01 +9.9967e-01 -2.8763e+00 -9.1954e-01 +6.1124e-01 +2.9951e-01
6800 0 +6.306024036e-02 +6.609306024e+01 +6.609306024e+01 +1.0016e+00 -2.8724e+00 -9.1221e-01 +6.2394e-01 +3.1857e-01
7182 0 +5.611597150e-02 +6.608611597e+01 +6.608611597e+01 +1.0036e+00 -2.8689e+00 -9.0586e-01 +6.3567e-01 +3.3762e-01
7548 0 +5.009138740e-02 +6.608009139e+01 +6.608009139e+01 +1.0055e+00 -2.8655e+00 -8.9951e-01 +6.4642e-01 +3.5521e-01
7902 0 +4.463765265e-02 +6.607463765e+01 +6.607463765e+01 +1.0070e+00 -2.8626e+00 -8.9413e-01 +6.5716e-01 +3.7280e-01
8232 0 +3.977902863e-02 +6.606977903e+01 +6.606977903e+01 +1.0085e+00 -2.8597e+00 -8.8827e-01 +6.6694e-01 +3.8892e-01
8570 0 +3.546749858e-02 +6.606546750e+01 +6.606546750e+01 +1.0094e+00 -2.8572e+00 -8.8339e-01 +6.7671e-01 +4.0505e-01
8872 0 +3.160075773e-02 +6.606160076e+01 +6.606160076e+01 +1.0109e+00 -2.8548e+00 -8.7850e-01 +6.8550e-01 +4.2019e-01
9172 0 +2.817568892e-02 +6.605817569e+01 +6.605817569e+01 +1.0119e+00 -2.8523e+00 -8.7410e-01 +6.9381e-01 +4.3485e-01
9454 0 +2.507450436e-02 +6.605507450e+01 +6.605507450e+01 +1.0134e+00 -2.8499e+00 -8.6970e-01 +7.0163e-01 +4.4853e-01
9872 0 +2.236718400e-02 +6.605236718e+01 +6.605236718e+01 +1.0146e+00 -2.8477e+00 -8.6555e-01 +7.0920e-01 +4.6099e-01
10382 0 +1.993199212e-02 +6.604993199e+01 +6.604993199e+01 +1.0156e+00 -2.8455e+00 -8.6164e-01 +7.1628e-01 +4.7345e-01
10880 0 +1.777340325e-02 +6.604777340e+01 +6.604777340e+01 +1.0163e+00 -2.8440e+00 -8.5822e-01 +7.2313e-01 +4.8542e-01
11342 0 +1.582240275e-02 +6.604582240e+01 +6.604582240e+01 +1.0173e+00 -2.8423e+00 -8.5480e-01 +7.2948e-01 +4.9690e-01
11772 0 +1.412354617e-02 +6.604412355e+01 +6.604412355e+01 +1.0180e+00 -2.8406e+00 -8.5163e-01 +7.3534e-01 +5.0741e-01
12202 0 +1.258663482e-02 +6.604258663e+01 +6.604258663e+01 +1.0187e+00 -2.8391e+00 -8.4870e-01 +7.4096e-01 +5.1791e-01
12602 0 +1.119183429e-02 +6.604119183e+01 +6.604119183e+01 +1.0195e+00 -2.8377e+00 -8.4576e-01 +7.4658e-01 +5.2769e-01
12978 0 +9.991204999e-03 +6.603999120e+01 +6.603999120e+01 +1.0202e+00 -2.8362e+00 -8.4308e-01 +7.5146e-01 +5.3673e-01
13340 0 +8.905589130e-03 +6.603890559e+01 +6.603890559e+01 +1.0209e+00 -2.8350e+00 -8.4063e-01 +7.5635e-01 +5.4552e-01
13682 0 +7.936803880e-03 +6.603793680e+01 +6.603793680e+01 +1.0214e+00 -2.8338e+00 -8.3819e-01 +7.6075e-01 +5.5407e-01
14012 0 +7.079028144e-03 +6.603707903e+01 +6.603707903e+01 +1.0219e+00 -2.8328e+00 -8.3624e-01 +7.6514e-01 +5.6213e-01
14330 0 +6.297689683e-03 +6.603629769e+01 +6.603629769e+01 +1.0224e+00 -2.8316e+00 -8.3404e-01 +7.6930e-01 +5.6971e-01
14612 0 +5.623168826e-03 +6.603562317e+01 +6.603562317e+01 +1.0229e+00 -2.8306e+00 -8.3208e-01 +7.7296e-01 +5.7679e-01
15162 0 +5.010354722e-03 +6.603501035e+01 +6.603501035e+01 +1.0236e+00 -2.8296e+00 -8.3025e-01 +7.7650e-01 +5.8326e-01
15692 0 +4.459761847e-03 +6.603445976e+01 +6.603445976e+01 +1.0240e+00 -2.8287e+00 -8.2842e-01 +7.7992e-01 +5.8974e-01
16192 0 +3.973943396e-03 +6.603397394e+01 +6.603397394e+01 +1.0243e+00 -2.8279e+00 -8.2671e-01 +7.8322e-01 +5.9585e-01
16658 0 +3.548013346e-03 +6.603354801e+01 +6.603354801e+01 +1.0248e+00 -2.8270e+00 -8.2512e-01 +7.8615e-01 +6.0146e-01
17112 0 +3.155105616e-03 +6.603315511e+01 +6.603315511e+01 +1.0252e+00 -2.8263e+00 -8.2378e-01 +7.8909e-01 +6.0708e-01
17540 0 +2.817534008e-03 +6.603281753e+01 +6.603281753e+01 +1.0256e+00 -2.8257e+00 -8.2243e-01 +7.9177e-01 +6.1221e-01
17942 0 +2.507902569e-03 +6.603250790e+01 +6.603250790e+01 +1.0258e+00 -2.8250e+00 -8.2109e-01 +7.9434e-01 +6.1722e-01
18320 0 +2.237758307e-03 +6.603223776e+01 +6.603223776e+01 +1.0262e+00 -2.8244e+00 -8.1987e-01 +7.9678e-01 +6.2174e-01
18818 0 +1.994425495e-03 +6.603199443e+01 +6.603199443e+01 +1.0265e+00 -2.8238e+00 -8.1865e-01 +7.9898e-01 +6.2608e-01
19492 0 +1.776955482e-03 +6.603177696e+01 +6.603177696e+01 +1.0268e+00 -2.8232e+00 -8.1755e-01 +8.0112e-01 +6.3023e-01
20132 0 +1.584400371e-03 +6.603158440e+01 +6.603158440e+01 +1.0270e+00 -2.8227e+00 -8.1651e-01 +8.0319e-01 +6.3414e-01
20748 0 +1.412483818e-03 +6.603141248e+01 +6.603141248e+01 +1.0273e+00 -2.8222e+00 -8.1553e-01 +8.0509e-01 +6.3786e-01
21322 0 +1.257481402e-03 +6.603125748e+01 +6.603125748e+01 +1.0275e+00 -2.8217e+00 -8.1462e-01 +8.0692e-01 +6.4141e-01
21882 0 +1.121920688e-03 +6.603112192e+01 +6.603112192e+01 +1.0277e+00 -2.8214e+00 -8.1382e-01 +8.0863e-01 +6.4483e-01
22392 0 +9.993002848e-04 +6.603099930e+01 +6.603099930e+01 +1.0279e+00 -2.8209e+00 -8.1297e-01 +8.1022e-01 +6.4794e-01
22872 0 +8.911207040e-04 +6.603089112e+01 +6.603089112e+01 +1.0281e+00 -2.8205e+00 -8.1217e-01 +8.1174e-01 +6.5087e-01
23332 0 +7.939955125e-04 +6.603079400e+01 +6.603079400e+01 +1.0283e+00 -2.8201e+00 -8.1144e-01 +8.1321e-01 +6.5368e-01
23786 0 +7.072334472e-04 +6.603070723e+01 +6.603070723e+01 +1.0285e+00 -2.8198e+00 -8.1077e-01 +8.1455e-01 +6.5643e-01
24190 0 +6.308805450e-04 +6.603063088e+01 +6.603063088e+01 +1.0287e+00 -2.8195e+00 -8.1010e-01 +8.1590e-01 +6.5887e-01
24582 0 +5.618118127e-04 +6.603056181e+01 +6.603056181e+01 +1.0288e+00 -2.8192e+00 -8.0949e-01 +8.1706e-01 +6.6132e-01
24954 0 +5.003034025e-04 +6.603050030e+01 +6.603050030e+01 +1.0290e+00 -2.8189e+00 -8.0894e-01 +8.1822e-01 +6.6358e-01
25562 0 +4.459570113e-04 +6.603044596e+01 +6.603044596e+01 +1.0291e+00 -2.8186e+00 -8.0836e-01 +8.1932e-01 +6.6565e-01
26222 0 +3.977021319e-04 +6.603039770e+01 +6.603039770e+01 +1.0292e+00 -2.8183e+00 -8.0787e-01 +8.2033e-01 +6.6767e-01
26842 0 +3.547929085e-04 +6.603035479e+01 +6.603035479e+01 +1.0294e+00 -2.8181e+00 -8.0738e-01 +8.2127e-01 +6.6956e-01
27432 0 +3.161232716e-04 +6.603031612e+01 +6.603031612e+01 +1.0295e+00 -2.8178e+00 -8.0692e-01 +8.2219e-01 +6.7136e-01
28000 0 +2.816129900e-04 +6.603028161e+01 +6.603028161e+01 +1.0296e+00 -2.8176e+00 -8.0649e-01 +8.2307e-01 +6.7307e-01
28522 0 +2.510262384e-04 +6.603025103e+01 +6.603025103e+01 +1.0297e+00 -2.8175e+00 -8.0606e-01 +8.2387e-01 +6.7469e-01
29012 0 +2.238284114e-04 +6.603022383e+01 +6.603022383e+01 +1.0298e+00 -2.8172e+00 -8.0570e-01 +8.2463e-01 +6.7619e-01
29482 0 +1.993847861e-04 +6.603019938e+01 +6.603019938e+01 +1.0299e+00 -2.8171e+00 -8.0533e-01 +8.2536e-01 +6.7762e-01
29940 0 +1.777130282e-04 +6.603017771e+01 +6.603017771e+01 +1.0300e+00 -2.8169e+00 -8.0500e-01 +8.2607e-01 +6.7900e-01
30352 0 +1.582482248e-04 +6.603015825e+01 +6.603015825e+01 +1.0300e+00 -2.8167e+00 -8.0466e-01 +8.2671e-01 +6.8028e-01
30750 0 +1.411053766e-04 +6.603014111e+01 +6.603014111e+01 +1.0301e+00 -2.8166e+00 -8.0435e-01 +8.2732e-01 +6.8147e-01
31130 0 +1.258571933e-04 +6.603012586e+01 +6.603012586e+01 +1.0302e+00 -2.8164e+00 -8.0408e-01 +8.2790e-01 +6.8263e-01
31474 0 +1.121740939e-04 +6.603011217e+01 +6.603011217e+01 +1.0303e+00 -2.8163e+00 -8.0377e-01 +8.2842e-01 +6.8370e-01
31942 0 +9.987252812e-05 +6.603009987e+01 +6.603009987e+01 +1.0303e+00 -2.8162e+00 -8.0353e-01 +8.2894e-01 +6.8471e-01
32572 0 +8.900075343e-05 +6.603008900e+01 +6.603008900e+01 +1.0304e+00 -2.8160e+00 -8.0329e-01 +8.2943e-01 +6.8567e-01
33180 0 +7.941935252e-05 +6.603007942e+01 +6.603007942e+01 +1.0304e+00 -2.8159e+00 -8.0307e-01 +8.2988e-01 +6.8659e-01
33742 0 +7.075691741e-05 +6.603007076e+01 +6.603007076e+01 +1.0305e+00 -2.8158e+00 -8.0286e-01 +8.3031e-01 +6.8746e-01
34270 0 +6.306656563e-05 +6.603006307e+01 +6.603006307e+01 +1.0305e+00 -2.8157e+00 -8.0264e-01 +8.3072e-01 +6.8825e-01
34778 0 +5.616130170e-05 +6.603005616e+01 +6.603005616e+01 +1.0306e+00 -2.8156e+00 -8.0245e-01 +8.3111e-01 +6.8903e-01
35252 0 +5.008211710e-05 +6.603005008e+01 +6.603005008e+01 +1.0306e+00 -2.8155e+00 -8.0228e-01 +8.3147e-01 +6.8976e-01
35692 0 +4.460318252e-05 +6.603004460e+01 +6.603004460e+01 +1.0307e+00 -2.8154e+00 -8.0210e-01 +8.3181e-01 +6.9044e-01
36130 0 +3.976021475e-05 +6.603003976e+01 +6.603003976e+01 +1.0307e+00 -2.8154e+00 -8.0194e-01 +8.3214e-01 +6.9109e-01
36528 0 +3.545933917e-05 +6.603003546e+01 +6.603003546e+01 +1.0308e+00 -2.8153e+00 -8.0178e-01 +8.3243e-01 +6.9169e-01
37262 0 +3.162157876e-05 +6.603003162e+01 +6.603003162e+01 +1.0308e+00 -2.8152e+00 -8.0163e-01 +8.3272e-01 +6.9225e-01
37972 0 +2.817667016e-05 +6.603002818e+01 +6.603002818e+01 +1.0308e+00 -2.8151e+00 -8.0150e-01 +8.3300e-01 +6.9279e-01
38652 0 +2.508126011e-05 +6.603002508e+01 +6.603002508e+01 +1.0309e+00 -2.8151e+00 -8.0137e-01 +8.3326e-01 +6.9331e-01
39282 0 +2.238684367e-05 +6.603002239e+01 +6.603002239e+01 +1.0309e+00 -2.8150e+00 -8.0125e-01 +8.3350e-01 +6.9379e-01
39890 0 +1.994049039e-05 +6.603001994e+01 +6.603001994e+01 +1.0309e+00 -2.8150e+00 -8.0113e-01 +8.3373e-01 +6.9425e-01
40452 0 +1.777139707e-05 +6.603001777e+01 +6.603001777e+01 +1.0309e+00 -2.8149e+00 -8.0103e-01 +8.3395e-01 +6.9469e-01
40996 0 +1.583755638e-05 +6.603001584e+01 +6.603001584e+01 +1.0310e+00 -2.8149e+00 -8.0093e-01 +8.3415e-01 +6.9510e-01
41492 0 +1.411296795e-05 +6.603001411e+01 +6.603001411e+01 +1.0310e+00 -2.8148e+00 -8.0083e-01 +8.3434e-01 +6.9548e-01
41972 0 +1.256941351e-05 +6.603001257e+01 +6.603001257e+01 +1.0310e+00 -2.8148e+00 -8.0074e-01 +8.3453e-01 +6.9585e-01
42432 0 +1.121132046e-05 +6.603001121e+01 +6.603001121e+01 +1.0310e+00 -2.8147e+00 -8.0065e-01 +8.3470e-01 +6.9620e-01
42980 0 +9.998237445e-06 +6.603001000e+01 +6.603001000e+01 +1.0311e+00 -2.8147e+00 -8.0057e-01 +8.3486e-01 +6.9651e-01
43782 0 +8.903207046e-06 +6.603000890e+01 +6.603000890e+01 +1.0311e+00 -2.8146e+00 -8.0049e-01 +8.3501e-01 +6.9682e-01
44538 0 +7.941953584e-06 +6.603000794e+01 +6.603000794e+01 +1.0311e+00 -2.8146e+00 -8.0042e-01 +8.3516e-01 +6.9711e-01
45252 0 +7.078825590e-06 +6.603000708e+01 +6.603000708e+01 +1.0311e+00 -2.8146e+00 -8.0035e-01 +8.3529e-01 +6.9738e-01
45922 0 +6.306300293e-06 +6.603000631e+01 +6.603000631e+01 +1.0311e+00 -2.8145e+00 -8.0029e-01 +8.3542e-01 +6.9764e-01
46562 0 +5.618834464e-06 +6.603000562e+01 +6.603000562e+01 +1.0311e+00 -2.8145e+00 -8.0022e-01 +8.3554e-01 +6.9788e-01
47172 0 +5.009061468e-06 +6.603000501e+01 +6.603000501e+01 +1.0312e+00 -2.8145e+00 -8.0017e-01 +8.3566e-01 +6.9812e-01
47742 0 +4.457830642e-06 +6.603000446e+01 +6.603000446e+01 +1.0312e+00 -2.8145e+00 -8.0011e-01 +8.3577e-01 +6.9833e-01
48274 0 +3.980699617e-06 +6.603000398e+01 +6.603000398e+01 +1.0312e+00 -2.8144e+00 -8.0006e-01 +8.3587e-01 +6.9854e-01
48782 0 +3.544720798e-06 +6.603000354e+01 +6.603000354e+01 +1.0312e+00 -2.8144e+00 -8.0001e-01 +8.3597e-01 +6.9873e-01
49262 0 +3.158399139e-06 +6.603000316e+01 +6.603000316e+01 +1.0312e+00 -2.8144e+00 -7.9997e-01 +8.3606e-01 +6.9891e-01
49728 0 +2.818198695e-06 +6.603000282e+01 +6.603000282e+01 +1.0312e+00 -2.8144e+00 -7.9993e-01 +8.3614e-01 +6.9909e-01
50000 0 +2.662125709e-06 +6.603000266e+01 +6.603000266e+01 +1.0312e+00 -2.8144e+00 -7.9991e-01 +8.3619e-01 +6.9916e-01
% f evaluations | g evaluations | best noise-free fitness - Fopt (1.720100000000e+02) + sum g_i+ | measured fitness | best measured fitness or single-digit g-values | x1 | x2...
1 0 +2.729467388e+03 +2.901477388e+03 +2.901477388e+03 +0.0000e+00 +0.0000e+00 +0.0000e+00 +0.0000e+00 +0.0000e+00
4 0 +2.160817756e+03 +2.332827756e+03 +2.332827756e+03 -1.8967e+00 +9.1297e-01 +7.7507e-02 +1.3232e+00 +5.4876e-01
8 0 +1.794967370e+03 +1.966977370e+03 +1.966977370e+03 -1.3041e+00 -3.0835e-01 -3.8864e-01 -6.1741e-01 +4.6734e-01
9 0 +1.194694383e+03 +1.366704383e+03 +1.366704383e+03 -1.8648e+00 -1.0740e-01 -7.9189e-01 -7.7712e-01 +6.1322e-01
12 0 +9.911179924e+02 +1.163127992e+03 +1.163127992e+03 -2.5794e+00 +7.6323e-01 -1.7617e+00 -3.8649e-01 -5.6869e-01
20 0 +8.352295014e+02 +1.007239501e+03 +1.007239501e+03 -2.2211e+00 -1.0477e-01 -4.5030e-01 -8.4804e-02 -1.7950e+00
263 0 +7.338240087e+02 +9.058340087e+02 +9.058340087e+02 -1.4860e-01 -9.7011e-01 -1.5687e+00 +2.4734e+00 -5.0379e-02
265 0 +6.796716217e+02 +8.516816217e+02 +8.516816217e+02 +0.0000e+00 +0.0000e+00 +0.0000e+00 +2.9289e+00 +0.0000e+00
269 0 +1.262149513e+02 +2.982249513e+02 +2.982249513e+02 -7.1842e-01 +3.0830e-01 -8.0168e-01 +7.3443e-01 -2.9707e+00
1691 0 +1.220809841e+02 +2.940909841e+02 +2.940909841e+02 -7.3316e-01 +0.0000e+00 -1.6159e+00 -3.0832e-01 -2.5016e+00
1701 0 +9.230596263e+01 +2.643159626e+02 +2.643159626e+02 -7.3316e-01 +0.0000e+00 -1.6159e+00 -3.0832e-01 -3.0019e+00
1710 0 +7.313967547e+01 +2.451496755e+02 +2.451496755e+02 -7.3316e-01 +0.0000e+00 -1.6159e+00 +1.9200e-01 -3.0019e+00
1711 0 +3.003138446e+01 +2.020413845e+02 +2.020413845e+02 -7.3316e-01 +0.0000e+00 -1.6159e+00 +1.9200e-01 -3.5023e+00
1720 0 +2.185292157e+01 +1.938629216e+02 +1.938629216e+02 -7.3316e-01 +0.0000e+00 -1.6159e+00 +6.9233e-01 -3.5023e+00
1721 0 +1.550879335e+01 +1.875187933e+02 +1.875187933e+02 -7.3316e-01 +0.0000e+00 -1.6159e+00 +6.9233e-01 -4.0026e+00
1735 0 +8.362569901e+00 +1.803725699e+02 +1.803725699e+02 -7.3316e-01 -2.5016e-01 -1.6159e+00 +6.9233e-01 -4.0026e+00
1742 0 +5.276517283e+00 +1.772865173e+02 +1.772865173e+02 -7.3316e-01 -2.5016e-01 -1.6159e+00 +6.9233e-01 -3.7524e+00
1753 0 +4.391367826e+00 +1.764013678e+02 +1.764013678e+02 -8.5824e-01 -2.5016e-01 -1.6159e+00 +6.9233e-01 -3.7524e+00
1761 0 +3.659846235e+00 +1.756698462e+02 +1.756698462e+02 -8.5824e-01 -2.5016e-01 -1.4908e+00 +5.6725e-01 -3.8775e+00
1767 0 +3.165922828e+00 +1.751759228e+02 +1.751759228e+02 -8.5824e-01 -2.5016e-01 -1.6159e+00 +5.6725e-01 -3.8775e+00
1784 0 +3.045859413e+00 +1.750558594e+02 +1.750558594e+02 -7.9570e-01 -2.5016e-01 -1.6159e+00 +5.6725e-01 -3.8775e+00
1792 0 +2.647860163e+00 +1.746578602e+02 +1.746578602e+02 -7.9570e-01 -2.5016e-01 -1.5534e+00 +5.6725e-01 -3.8150e+00
1808 0 +2.472146511e+00 +1.744821465e+02 +1.744821465e+02 -7.9570e-01 -1.8762e-01 -1.4908e+00 +6.2979e-01 -3.8150e+00
1826 0 +2.226505215e+00 +1.742365052e+02 +1.742365052e+02 -7.6443e-01 -1.5635e-01 -1.4908e+00 +6.2979e-01 -3.8150e+00
1846 0 +1.931794550e+00 +1.739417946e+02 +1.739417946e+02 -7.0189e-01 -9.3811e-02 -1.4595e+00 +6.2979e-01 -3.8150e+00
1926 0 +1.774656098e+00 +1.737846561e+02 +1.737846561e+02 -6.7843e-01 -6.2541e-02 -1.4205e+00 +6.4542e-01 -3.8228e+00
1994 0 +1.576736464e+00 +1.735867365e+02 +1.735867365e+02 -6.3935e-01 -1.5635e-02 -1.3657e+00 +6.7669e-01 -3.8228e+00
2056 0 +1.406992923e+00 +1.734169929e+02 +1.734169929e+02 -6.1589e-01 +3.1270e-02 -1.3188e+00 +7.0796e-01 -3.8150e+00
2116 0 +1.253011901e+00 +1.732630119e+02 +1.732630119e+02 -5.9244e-01 +7.0358e-02 -1.2719e+00 +7.4705e-01 -3.7993e+00
2166 0 +1.111968525e+00 +1.731219685e+02 +1.731219685e+02 -5.6899e-01 +1.0163e-01 -1.2328e+00 +7.7832e-01 -3.7915e+00
2264 0 +9.995056135e-01 +1.730095056e+02 +1.730095056e+02 -5.4944e-01 +1.2508e-01 -1.1977e+00 +8.0568e-01 -3.7759e+00
2358 0 +8.866301166e-01 +1.728966301e+02 +1.728966301e+02 -5.3772e-01 +1.5244e-01 -1.1586e+00 +8.4086e-01 -3.7603e+00
2438 0 +7.906229157e-01 +1.728006229e+02 +1.728006229e+02 -5.2208e-01 +1.7590e-01 -1.1273e+00 +8.7213e-01 -3.7407e+00
2520 0 +7.031729585e-01 +1.727131730e+02 +1.727131730e+02 -5.1036e-01 +1.9544e-01 -1.0960e+00 +9.0731e-01 -3.7212e+00
2608 0 +6.263009614e-01 +1.726363010e+02 +1.726363010e+02 -4.9863e-01 +2.1498e-01 -1.0687e+00 +9.3858e-01 -3.6977e+00
2682 0 +5.611055499e-01 +1.725711055e+02 +1.725711055e+02 -4.9081e-01 +2.3062e-01 -1.0452e+00 +9.6985e-01 -3.6743e+00
2820 0 +4.999234882e-01 +1.725099235e+02 +1.725099235e+02 -4.8104e-01 +2.4625e-01 -1.0198e+00 +9.9917e-01 -3.6508e+00
2980 0 +4.455276663e-01 +1.724555277e+02 +1.724555277e+02 -4.7518e-01 +2.5798e-01 -9.9831e-01 +1.0304e+00 -3.6234e+00
3120 0 +3.972232911e-01 +1.724072233e+02 +1.724072233e+02 -4.6736e-01 +2.7166e-01 -9.7876e-01 +1.0578e+00 -3.5980e+00
3260 0 +3.533205547e-01 +1.723633206e+02 +1.723633206e+02 -4.5954e-01 +2.8339e-01 -9.5922e-01 +1.0852e+00 -3.5707e+00
3390 0 +3.158304710e-01 +1.723258305e+02 +1.723258305e+02 -4.5563e-01 +2.9316e-01 -9.4163e-01 +1.1106e+00 -3.5453e+00
3530 0 +2.816111673e-01 +1.722916112e+02 +1.722916112e+02 -4.5173e-01 +3.0293e-01 -9.2404e-01 +1.1360e+00 -3.5179e+00
3654 0 +2.509203256e-01 +1.722609203e+02 +1.722609203e+02 -4.4391e-01 +3.1270e-01 -9.0840e-01 +1.1575e+00 -3.4925e+00
3806 0 +2.231210510e-01 +1.722331211e+02 +1.722331211e+02 -4.4195e-01 +3.2052e-01 -8.9472e-01 +1.1809e+00 -3.4632e+00
3936 0 +1.990264916e-01 +1.722090265e+02 +1.722090265e+02 -4.3804e-01 +3.2834e-01 -8.8104e-01 +1.2024e+00 -3.4378e+00
4112 0 +1.776990986e-01 +1.721876991e+02 +1.721876991e+02 -4.3316e-01 +3.3518e-01 -8.6834e-01 +1.2210e+00 -3.4143e+00
4372 0 +1.580224111e-01 +1.721680224e+02 +1.721680224e+02 -4.2925e-01 +3.4202e-01 -8.5661e-01 +1.2405e+00 -3.3889e+00
4622 0 +1.410794290e-01 +1.721510794e+02 +1.721510794e+02 -4.2632e-01 +3.4788e-01 -8.4586e-01 +1.2581e+00 -3.3645e+00
4862 0 +1.257379774e-01 +1.721357380e+02 +1.721357380e+02 -4.2339e-01 +3.5375e-01 -8.3511e-01 +1.2757e+00 -3.3410e+00
5112 0 +1.119418727e-01 +1.721219419e+02 +1.721219419e+02 -4.2143e-01 +3.5863e-01 -8.2534e-01 +1.2923e+00 -3.3166e+00
5340 0 +9.998858802e-02 +1.721099886e+02 +1.721099886e+02 -4.1752e-01 +3.6352e-01 -8.1655e-01 +1.3080e+00 -3.2951e+00
5558 0 +8.906770322e-02 +1.720990677e+02 +1.720990677e+02 -4.1557e-01 +3.6840e-01 -8.0775e-01 +1.3216e+00 -3.2736e+00
5780 0 +7.924670635e-02 +1.720892467e+02 +1.720892467e+02 -4.1361e-01 +3.7231e-01 -7.9993e-01 +1.3363e+00 -3.2521e+00
6078 0 +7.075690728e-02 +1.720807569e+02 +1.720807569e+02 -4.1117e-01 +3.7671e-01 -7.9261e-01 +1.3485e+00 -3.2326e+00
6472 0 +6.308141315e-02 +1.720730814e+02 +1.720730814e+02 -4.0922e-01 +3.8013e-01 -7.8577e-01 +1.3612e+00 -3.2130e+00
6862 0 +5.617411838e-02 +1.720661741e+02 +1.720661741e+02 -4.0775e-01 +3.8355e-01 -7.7941e-01 +1.3729e+00 -3.1940e+00
7230 0 +5.009813121e-02 +1.720600981e+02 +1.720600981e+02 -4.0580e-01 +3.8697e-01 -7.7306e-01 +1.3842e+00 -3.1764e+00
7576 0 +4.465196423e-02 +1.720546520e+02 +1.720546520e+02 -4.0433e-01 +3.9039e-01 -7.6720e-01 +1.3944e+00 -3.1593e+00
7922 0 +3.977451350e-02 +1.720497745e+02 +1.720497745e+02 -4.0287e-01 +3.9283e-01 -7.6182e-01 +1.4042e+00 -3.1422e+00
8252 0 +3.547749240e-02 +1.720454775e+02 +1.720454775e+02 -4.0189e-01 +3.9528e-01 -7.5694e-01 +1.4140e+00 -3.1261e+00
8552 0 +3.159868885e-02 +1.720415987e+02 +1.720415987e+02 -3.9993e-01 +3.9821e-01 -7.5205e-01 +1.4228e+00 -3.1114e+00
8842 0 +2.811675366e-02 +1.720381168e+02 +1.720381168e+02 -3.9896e-01 +4.0065e-01 -7.4717e-01 +1.4311e+00 -3.0972e+00
9140 0 +2.509889758e-02 +1.720350989e+02 +1.720350989e+02 -3.9798e-01 +4.0260e-01 -7.4326e-01 +1.4394e+00 -3.0831e+00
9408 0 +2.234934268e-02 +1.720323493e+02 +1.720323493e+02 -3.9700e-01 +4.0456e-01 -7.3886e-01 +1.4467e+00 -3.0699e+00
9762 0 +1.991725995e-02 +1.720299173e+02 +1.720299173e+02 -3.9578e-01 +4.0700e-01 -7.3495e-01 +1.4538e+00 -3.0581e+00
10262 0 +1.777651646e-02 +1.720277765e+02 +1.720277765e+02 -3.9505e-01 +4.0847e-01 -7.3153e-01 +1.4604e+00 -3.0459e+00
10712 0 +1.583890282e-02 +1.720258389e+02 +1.720258389e+02 -3.9407e-01 +4.1042e-01 -7.2811e-01 +1.4668e+00 -3.0349e+00
11160 0 +1.410797299e-02 +1.720241080e+02 +1.720241080e+02 -3.9309e-01 +4.1213e-01 -7.2493e-01 +1.4729e+00 -3.0242e+00
11572 0 +1.257750406e-02 +1.720225775e+02 +1.720225775e+02 -3.9236e-01 +4.1360e-01 -7.2200e-01 +1.4785e+00 -3.0139e+00
11982 0 +1.119878542e-02 +1.720211988e+02 +1.720211988e+02 -3.9163e-01 +4.1506e-01 -7.1932e-01 +1.4839e+00 -3.0039e+00
12362 0 +9.977399165e-03 +1.720199774e+02 +1.720199774e+02 -3.9089e-01 +4.1653e-01 -7.1663e-01 +1.4890e+00 -2.9946e+00
12722 0 +8.912055049e-03 +1.720189121e+02 +1.720189121e+02 -3.9041e-01 +4.1751e-01 -7.1419e-01 +1.4936e+00 -2.9858e+00
13062 0 +7.933105585e-03 +1.720179331e+02 +1.720179331e+02 -3.8967e-01 +4.1873e-01 -7.1174e-01 +1.4983e+00 -2.9775e+00
13592 0 +7.073105456e-03 +1.720170731e+02 +1.720170731e+02 -3.8918e-01 +4.1995e-01 -7.0954e-01 +1.5024e+00 -2.9697e+00
14202 0 +6.309241170e-03 +1.720163092e+02 +1.720163092e+02 -3.8870e-01 +4.2105e-01 -7.0735e-01 +1.5065e+00 -2.9622e+00
14786 0 +5.623217063e-03 +1.720156232e+02 +1.720156232e+02 -3.8809e-01 +4.2215e-01 -7.0539e-01 +1.5102e+00 -2.9552e+00
15342 0 +5.004424443e-03 +1.720150044e+02 +1.720150044e+02 -3.8760e-01 +4.2300e-01 -7.0356e-01 +1.5139e+00 -2.9483e+00
15872 0 +4.460038788e-03 +1.720144600e+02 +1.720144600e+02 -3.8723e-01 +4.2386e-01 -7.0185e-01 +1.5173e+00 -2.9418e+00
16368 0 +3.978797910e-03 +1.720139788e+02 +1.720139788e+02 -3.8674e-01 +4.2471e-01 -7.0014e-01 +1.5205e+00 -2.9359e+00
16842 0 +3.545723825e-03 +1.720135457e+02 +1.720135457e+02 -3.8638e-01 +4.2545e-01 -6.9867e-01 +1.5236e+00 -2.9300e+00
17282 0 +3.158197746e-03 +1.720131582e+02 +1.720131582e+02 -3.8601e-01 +4.2630e-01 -6.9708e-01 +1.5265e+00 -2.9246e+00
17712 0 +2.811797521e-03 +1.720128118e+02 +1.720128118e+02 -3.8564e-01 +4.2703e-01 -6.9574e-01 +1.5292e+00 -2.9194e+00
18122 0 +2.510294712e-03 +1.720125103e+02 +1.720125103e+02 -3.8540e-01 +4.2752e-01 -6.9452e-01 +1.5317e+00 -2.9144e+00
18492 0 +2.233137333e-03 +1.720122331e+02 +1.720122331e+02 -3.8503e-01 +4.2826e-01 -6.9318e-01 +1.5342e+00 -2.9098e+00
18982 0 +1.993984840e-03 +1.720119940e+02 +1.720119940e+02 -3.8473e-01 +4.2881e-01 -6.9208e-01 +1.5364e+00 -2.9055e+00
19662 0 +1.775287703e-03 +1.720117753e+02 +1.720117753e+02 -3.8442e-01 +4.2942e-01 -6.9092e-01 +1.5386e+00 -2.9014e+00
20310 0 +1.584311081e-03 +1.720115843e+02 +1.720115843e+02 -3.8418e-01 +4.2991e-01 -6.8994e-01 +1.5406e+00 -2.8974e+00
20912 0 +1.412074571e-03 +1.720114121e+02 +1.720114121e+02 -3.8387e-01 +4.3039e-01 -6.8896e-01 +1.5425e+00 -2.8937e+00
21492 0 +1.258432771e-03 +1.720112584e+02 +1.720112584e+02 -3.8369e-01 +4.3082e-01 -6.8805e-01 +1.5443e+00 -2.8902e+00
22042 0 +1.120446084e-03 +1.720111204e+02 +1.720111204e+02 -3.8344e-01 +4.3131e-01 -6.8719e-01 +1.5460e+00 -2.8868e+00
22562 0 +9.978326380e-04 +1.720109978e+02 +1.720109978e+02 -3.8326e-01 +4.3168e-01 -6.8634e-01 +1.5477e+00 -2.8836e+00
23052 0 +8.909622726e-04 +1.720108910e+02 +1.720108910e+02 -3.8302e-01 +4.3210e-01 -6.8560e-01 +1.5491e+00 -2.8807e+00
23508 0 +7.942038335e-04 +1.720107942e+02 +1.720107942e+02 -3.8289e-01 +4.3247e-01 -6.8481e-01 +1.5506e+00 -2.8779e+00
23960 0 +7.071487159e-04 +1.720107071e+02 +1.720107071e+02 -3.8271e-01 +4.3278e-01 -6.8420e-01 +1.5520e+00 -2.8752e+00
24352 0 +6.308624254e-04 +1.720106309e+02 +1.720106309e+02 -3.8253e-01 +4.3314e-01 -6.8353e-01 +1.5532e+00 -2.8727e+00
24752 0 +5.620458629e-04 +1.720105620e+02 +1.720105620e+02 -3.8234e-01 +4.3345e-01 -6.8292e-01 +1.5545e+00 -2.8703e+00
25112 0 +5.004448290e-04 +1.720105004e+02 +1.720105004e+02 -3.8222e-01 +4.3375e-01 -6.8230e-01 +1.5556e+00 -2.8681e+00
25472 0 +4.463472366e-04 +1.720104463e+02 +1.720104463e+02 -3.8210e-01 +4.3400e-01 -6.8182e-01 +1.5567e+00 -2.8659e+00
25978 0 +3.980716654e-04 +1.720103981e+02 +1.720103981e+02 -3.8198e-01 +4.3427e-01 -6.8124e-01 +1.5577e+00 -2.8639e+00
26606 0 +3.547695252e-04 +1.720103548e+02 +1.720103548e+02 -3.8186e-01 +4.3452e-01 -6.8078e-01 +1.5587e+00 -2.8620e+00
27192 0 +3.160626068e-04 +1.720103161e+02 +1.720103161e+02 -3.8173e-01 +4.3473e-01 -6.8032e-01 +1.5596e+00 -2.8602e+00
27742 0 +2.815867726e-04 +1.720102816e+02 +1.720102816e+02 -3.8161e-01 +4.3497e-01 -6.7986e-01 +1.5605e+00 -2.8585e+00
28278 0 +2.509975023e-04 +1.720102510e+02 +1.720102510e+02 -3.8152e-01 +4.3516e-01 -6.7946e-01 +1.5613e+00 -2.8569e+00
28772 0 +2.237925083e-04 +1.720102238e+02 +1.720102238e+02 -3.8143e-01 +4.3534e-01 -6.7910e-01 +1.5620e+00 -2.8554e+00
29242 0 +1.993212384e-04 +1.720101993e+02 +1.720101993e+02 -3.8134e-01 +4.3552e-01 -6.7873e-01 +1.5628e+00 -2.8540e+00
29692 0 +1.777993412e-04 +1.720101778e+02 +1.720101778e+02 -3.8124e-01 +4.3571e-01 -6.7840e-01 +1.5634e+00 -2.8526e+00
30110 0 +1.583695011e-04 +1.720101584e+02 +1.720101584e+02 -3.8115e-01 +4.3589e-01 -6.7806e-01 +1.5641e+00 -2.8513e+00
30510 0 +1.410004903e-04 +1.720101410e+02 +1.720101410e+02 -3.8109e-01 +4.3601e-01 -6.7775e-01 +1.5647e+00 -2.8501e+00
30890 0 +1.257799126e-04 +1.720101258e+02 +1.720101258e+02 -3.8100e-01 +4.3617e-01 -6.7748e-01 +1.5653e+00 -2.8490e+00
31462 0 +1.121670437e-04 +1.720101122e+02 +1.720101122e+02 -3.8094e-01 +4.3632e-01 -6.7719e-01 +1.5658e+00 -2.8479e+00
32132 0 +9.987625040e-05 +1.720100999e+02 +1.720100999e+02 -3.8088e-01 +4.3644e-01 -6.7693e-01 +1.5663e+00 -2.8469e+00
32762 0 +8.901078215e-05 +1.720100890e+02 +1.720100890e+02 -3.8082e-01 +4.3656e-01 -6.7669e-01 +1.5668e+00 -2.8459e+00
33362 0 +7.930664776e-05 +1.720100793e+02 +1.720100793e+02 -3.8076e-01 +4.3667e-01 -6.7646e-01 +1.5673e+00 -2.8450e+00
33922 0 +7.070935496e-05 +1.720100707e+02 +1.720100707e+02 -3.8071e-01 +4.3678e-01 -6.7624e-01 +1.5677e+00 -2.8442e+00
34462 0 +6.301944012e-05 +1.720100630e+02 +1.720100630e+02 -3.8066e-01 +4.3687e-01 -6.7604e-01 +1.5681e+00 -2.8433e+00
34952 0 +5.622521056e-05 +1.720100562e+02 +1.720100562e+02 -3.8060e-01 +4.3697e-01 -6.7585e-01 +1.5685e+00 -2.8426e+00
35432 0 +5.004357783e-05 +1.720100500e+02 +1.720100500e+02 -3.8056e-01 +4.3707e-01 -6.7566e-01 +1.5689e+00 -2.8419e+00
35888 0 +4.465372999e-05 +1.720100447e+02 +1.720100447e+02 -3.8053e-01 +4.3714e-01 -6.7549e-01 +1.5692e+00 -2.8412e+00
36322 0 +3.978563214e-05 +1.720100398e+02 +1.720100398e+02 -3.8050e-01 +4.3722e-01 -6.7534e-01 +1.5695e+00 -2.8405e+00
36710 0 +3.543445496e-05 +1.720100354e+02 +1.720100354e+02 -3.8045e-01 +4.3731e-01 -6.7517e-01 +1.5698e+00 -2.8399e+00
37092 0 +3.156078378e-05 +1.720100316e+02 +1.720100316e+02 -3.8042e-01 +4.3737e-01 -6.7504e-01 +1.5701e+00 -2.8393e+00
37652 0 +2.815866893e-05 +1.720100282e+02 +1.720100282e+02 -3.8037e-01 +4.3746e-01 -6.7489e-01 +1.5704e+00 -2.8388e+00
38322 0 +2.509931227e-05 +1.720100251e+02 +1.720100251e+02 -3.8034e-01 +4.3752e-01 -6.7477e-01 +1.5707e+00 -2.8383e+00
38962 0 +2.235077102e-05 +1.720100224e+02 +1.720100224e+02 -3.8031e-01 +4.3758e-01 -6.7465e-01 +1.5709e+00 -2.8378e+00
39562 0 +1.992396304e-05 +1.720100199e+02 +1.720100199e+02 -3.8028e-01 +4.3763e-01 -6.7453e-01 +1.5711e+00 -2.8373e+00
40132 0 +1.775985569e-05 +1.720100178e+02 +1.720100178e+02 -3.8026e-01 +4.3768e-01 -6.7443e-01 +1.5713e+00 -2.8369e+00
40672 0 +1.583358025e-05 +1.720100158e+02 +1.720100158e+02 -3.8024e-01 +4.3774e-01 -6.7433e-01 +1.5716e+00 -2.8365e+00
41172 0 +1.410419009e-05 +1.720100141e+02 +1.720100141e+02 -3.8021e-01 +4.3779e-01 -6.7423e-01 +1.5717e+00 -2.8361e+00
41642 0 +1.258135822e-05 +1.720100126e+02 +1.720100126e+02 -3.8018e-01 +4.3783e-01 -6.7414e-01 +1.5719e+00 -2.8358e+00
42110 0 +1.120997629e-05 +1.720100112e+02 +1.720100112e+02 -3.8017e-01 +4.3788e-01 -6.7405e-01 +1.5721e+00 -2.8354e+00
42522 0 +9.985685949e-06 +1.720100100e+02 +1.720100100e+02 -3.8015e-01 +4.3791e-01 -6.7397e-01 +1.5723e+00 -2.8351e+00
42922 0 +8.900153261e-06 +1.720100089e+02 +1.720100089e+02 -3.8012e-01 +4.3795e-01 -6.7389e-01 +1.5724e+00 -2.8348e+00
43310 0 +7.938560344e-06 +1.720100079e+02 +1.720100079e+02 -3.8011e-01 +4.3799e-01 -6.7382e-01 +1.5726e+00 -2.8345e+00
43670 0 +7.077223131e-06 +1.720100071e+02 +1.720100071e+02 -3.8009e-01 +4.3802e-01 -6.7375e-01 +1.5727e+00 -2.8342e+00
44018 0 +6.297954798e-06 +1.720100063e+02 +1.720100063e+02 -3.8008e-01 +4.3805e-01 -6.7369e-01 +1.5728e+00 -2.8339e+00
44338 0 +5.611905095e-06 +1.720100056e+02 +1.720100056e+02 -3.8006e-01 +4.3808e-01 -6.7362e-01 +1.5729e+00 -2.8337e+00
44872 0 +5.006348005e-06 +1.720100050e+02 +1.720100050e+02 -3.8004e-01 +4.3812e-01 -6.7357e-01 +1.5731e+00 -2.8335e+00
45440 0 +4.465581384e-06 +1.720100045e+02 +1.720100045e+02 -3.8003e-01 +4.3814e-01 -6.7351e-01 +1.5732e+00 -2.8333e+00
45982 0 +3.980310169e-06 +1.720100040e+02 +1.720100040e+02 -3.8002e-01 +4.3817e-01 -6.7346e-01 +1.5733e+00 -2.8331e+00
46482 0 +3.542380455e-06 +1.720100035e+02 +1.720100035e+02 -3.8000e-01 +4.3819e-01 -6.7341e-01 +1.5734e+00 -2.8329e+00
46962 0 +3.156114445e-06 +1.720100032e+02 +1.720100032e+02 -3.7999e-01 +4.3822e-01 -6.7337e-01 +1.5735e+00 -2.8327e+00
47422 0 +2.817094071e-06 +1.720100028e+02 +1.720100028e+02 -3.7998e-01 +4.3823e-01 -6.7333e-01 +1.5735e+00 -2.8325e+00
47842 0 +2.506236228e-06 +1.720100025e+02 +1.720100025e+02 -3.7997e-01 +4.3826e-01 -6.7328e-01 +1.5736e+00 -2.8324e+00
48288 0 +2.238709925e-06 +1.720100022e+02 +1.720100022e+02 -3.7996e-01 +4.3828e-01 -6.7325e-01 +1.5737e+00 -2.8322e+00
49048 0 +1.995039526e-06 +1.720100020e+02 +1.720100020e+02 -3.7995e-01 +4.3830e-01 -6.7321e-01 +1.5738e+00 -2.8321e+00
49772 0 +1.776863996e-06 +1.720100018e+02 +1.720100018e+02 -3.7995e-01 +4.3831e-01 -6.7318e-01 +1.5738e+00 -2.8319e+00
50000 0 +1.711767339e-06 +1.720100017e+02 +1.720100017e+02 -3.7994e-01 +4.3832e-01 -6.7317e-01 +1.5739e+00 -2.8319e+00
% f evaluations | g evaluations | best noise-free fitness - Fopt (-2.725000000000e+01) + sum g_i+ | measured fitness | best measured fitness or single-digit g-values | x1 | x2...
1 0 +8.337016683e+03 +8.309766683e+03 +8.309766683e+03 +0.0000e+00 +0.0000e+00 +0.0000e+00 +0.0000e+00 +0.0000e+00
6 0 +4.291131997e+03 +4.263881997e+03 +4.263881997e+03 -3.1061e+00 -6.5270e-01 +1.1719e+00 -1.4812e-01 -4.1057e-01
8 0 +3.214819913e+03 +3.187569913e+03 +3.187569913e+03 -1.3041e+00 -3.0835e-01 -3.8864e-01 -6.1741e-01 +4.6734e-01
32 0 +2.786303000e+03 +2.759053000e+03 +2.759053000e+03 -3.0775e+00 -9.7011e-01 -1.5687e+00 -4.5553e-01 -5.0379e-02
214 0 +7.267590558e+02 +6.995090558e+02 +6.995090558e+02 -1.2322e+00 -1.0947e+00 -8.8814e-01 -2.4487e+00 +1.3758e-01
1655 0 +6.279614678e+02 +6.007114678e+02 +6.007114678e+02 -1.7338e+00 -2.1162e+00 +0.0000e+00 -8.0865e-01 +0.0000e+00
1659 0 +3.049726524e+02 +2.777226524e+02 +2.777226524e+02 -1.7338e+00 -2.1162e+00 +0.0000e+00 -1.8093e+00 +0.0000e+00
1662 0 +2.053744731e+02 +1.781244731e+02 +1.781244731e+02 -1.7338e+00 -2.1162e+00 +0.0000e+00 -1.8093e+00 +1.0006e+00
1667 0 +1.610986040e+01 -1.114013960e+01 -1.114013960e+01 -1.7338e+00 -2.1162e+00 -1.0006e+00 -1.8093e+00 +1.0006e+00
1693 0 +1.014450586e+01 -1.710549414e+01 -1.710549414e+01 -1.9840e+00 -2.1162e+00 -1.0006e+00 -1.8093e+00 +1.0006e+00
1695 0 +5.810231072e+00 -2.143976893e+01 -2.143976893e+01 -1.9840e+00 -2.3664e+00 -1.0006e+00 -1.8093e+00 +1.0006e+00
1699 0 +4.922924932e+00 -2.232707507e+01 -2.232707507e+01 -1.9840e+00 -2.3664e+00 -1.0006e+00 -2.0595e+00 +1.0006e+00
1713 0 +3.696401335e+00 -2.355359866e+01 -2.355359866e+01 -2.1091e+00 -2.3664e+00 -1.0006e+00 -2.0595e+00 +1.0006e+00
1720 0 +2.616604689e+00 -2.463339531e+01 -2.463339531e+01 -2.1091e+00 -2.3664e+00 -1.0006e+00 -1.9344e+00 +1.0006e+00
1736 0 +2.364963379e+00 -2.488503662e+01 -2.488503662e+01 -2.0465e+00 -2.3038e+00 -1.0006e+00 -1.9344e+00 +1.0006e+00
1756 0 +2.076504699e+00 -2.517349530e+01 -2.517349530e+01 -2.0152e+00 -2.2726e+00 -9.3811e-01 -1.9344e+00 +9.3811e-01
1762 0 +1.980886415e+00 -2.526911358e+01 -2.526911358e+01 -2.0152e+00 -2.2726e+00 -9.3811e-01 -1.9344e+00 +9.6938e-01
1814 0 +1.776061764e+00 -2.547393824e+01 -2.547393824e+01 -1.9683e+00 -2.2257e+00 -9.0684e-01 -1.9187e+00 +9.6938e-01
1906 0 +1.576297889e+00 -2.567370211e+01 -2.567370211e+01 -1.9371e+00 -2.1709e+00 -8.5212e-01 -1.8875e+00 +9.7720e-01
1974 0 +1.395635250e+00 -2.585436475e+01 -2.585436475e+01 -1.9058e+00 -2.1319e+00 -7.9739e-01 -1.8484e+00 +9.8501e-01
2018 0 +1.246857402e+00 -2.600314260e+01 -2.600314260e+01 -1.8823e+00 -2.0928e+00 -7.5830e-01 -1.8249e+00 +9.9283e-01
2084 0 +1.119054468e+00 -2.613094553e+01 -2.613094553e+01 -1.8589e+00 -2.0615e+00 -7.1922e-01 -1.7937e+00 +1.0006e+00
2198 0 +9.992796818e-01 -2.625072032e+01 -2.625072032e+01 -1.8472e+00 -2.0341e+00 -6.8013e-01 -1.7585e+00 +1.0202e+00
2290 0 +8.902759966e-01 -2.635972400e+01 -2.635972400e+01 -1.8315e+00 -2.0107e+00 -6.4495e-01 -1.7194e+00 +1.0358e+00
2374 0 +7.935499393e-01 -2.645645006e+01 -2.645645006e+01 -1.8159e+00 -1.9872e+00 -6.1368e-01 -1.6881e+00 +1.0554e+00
2450 0 +7.050784036e-01 -2.654492160e+01 -2.654492160e+01 -1.8042e+00 -1.9638e+00 -5.8241e-01 -1.6569e+00 +1.0749e+00
2540 0 +6.308789279e-01 -2.661912107e+01 -2.661912107e+01 -1.7963e+00 -1.9481e+00 -5.5505e-01 -1.6217e+00 +1.0984e+00
2620 0 +5.617370275e-01 -2.668826297e+01 -2.668826297e+01 -1.7846e+00 -1.9325e+00 -5.2769e-01 -1.5904e+00 +1.1218e+00
2700 0 +5.006180741e-01 -2.674938193e+01 -2.674938193e+01 -1.7768e+00 -1.9169e+00 -5.0423e-01 -1.5591e+00 +1.1453e+00
2780 0 +4.459661659e-01 -2.680403383e+01 -2.680403383e+01 -1.7690e+00 -1.9012e+00 -4.8078e-01 -1.5318e+00 +1.1687e+00
2920 0 +3.974949611e-01 -2.685250504e+01 -2.685250504e+01 -1.7631e+00 -1.8895e+00 -4.6124e-01 -1.5044e+00 +1.1980e+00
3052 0 +3.548000298e-01 -2.689519997e+01 -2.689519997e+01 -1.7553e+00 -1.8778e+00 -4.4365e-01 -1.4790e+00 +1.2254e+00
3188 0 +3.159644526e-01 -2.693403555e+01 -2.693403555e+01 -1.7494e+00 -1.8661e+00 -4.2410e-01 -1.4536e+00 +1.2508e+00
3316 0 +2.814696037e-01 -2.696853040e+01 -2.696853040e+01 -1.7436e+00 -1.8563e+00 -4.0847e-01 -1.4282e+00 +1.2762e+00
3452 0 +2.507712702e-01 -2.699922873e+01 -2.699922873e+01 -1.7397e+00 -1.8485e+00 -3.9283e-01 -1.4047e+00 +1.3036e+00
3640 0 +2.237664386e-01 -2.702623356e+01 -2.702623356e+01 -1.7348e+00 -1.8397e+00 -3.7818e-01 -1.3823e+00 +1.3290e+00
3902 0 +1.994261500e-01 -2.705057385e+01 -2.705057385e+01 -1.7299e+00 -1.8319e+00 -3.6449e-01 -1.3617e+00 +1.3554e+00
4176 0 +1.775163530e-01 -2.707248365e+01 -2.707248365e+01 -1.7270e+00 -1.8250e+00 -3.5277e-01 -1.3412e+00 +1.3818e+00
4432 0 +1.584010117e-01 -2.709159899e+01 -2.709159899e+01 -1.7240e+00 -1.8192e+00 -3.4104e-01 -1.3227e+00 +1.4072e+00
4680 0 +1.411361880e-01 -2.710886381e+01 -2.710886381e+01 -1.7201e+00 -1.8123e+00 -3.2932e-01 -1.3041e+00 +1.4306e+00
4922 0 +1.254465326e-01 -2.712455347e+01 -2.712455347e+01 -1.7172e+00 -1.8064e+00 -3.1857e-01 -1.2865e+00 +1.4550e+00
5178 0 +1.121258265e-01 -2.713787417e+01 -2.713787417e+01 -1.7152e+00 -1.8025e+00 -3.0977e-01 -1.2709e+00 +1.4795e+00
5396 0 +9.983433174e-02 -2.715016567e+01 -2.715016567e+01 -1.7123e+00 -1.7967e+00 -3.0098e-01 -1.2552e+00 +1.5010e+00
5622 0 +8.890052542e-02 -2.716109947e+01 -2.716109947e+01 -1.7104e+00 -1.7928e+00 -2.9218e-01 -1.2406e+00 +1.5234e+00
6020 0 +7.941169821e-02 -2.717058830e+01 -2.717058830e+01 -1.7074e+00 -1.7879e+00 -2.8436e-01 -1.2269e+00 +1.5430e+00
6432 0 +7.063467278e-02 -2.717936533e+01 -2.717936533e+01 -1.7055e+00 -1.7840e+00 -2.7655e-01 -1.2137e+00 +1.5635e+00
6822 0 +6.307533301e-02 -2.718692467e+01 -2.718692467e+01 -1.7035e+00 -1.7801e+00 -2.6971e-01 -1.2015e+00 +1.5826e+00
7216 0 +5.622899706e-02 -2.719377100e+01 -2.719377100e+01 -1.7020e+00 -1.7766e+00 -2.6335e-01 -1.1898e+00 +1.6016e+00
7582 0 +5.010557182e-02 -2.719989443e+01 -2.719989443e+01 -1.7006e+00 -1.7737e+00 -2.5700e-01 -1.1785e+00 +1.6197e+00
7940 0 +4.465821708e-02 -2.720534178e+01 -2.720534178e+01 -1.6986e+00 -1.7708e+00 -2.5114e-01 -1.1678e+00 +1.6368e+00
8272 0 +3.974772499e-02 -2.721025228e+01 -2.721025228e+01 -1.6972e+00 -1.7678e+00 -2.4576e-01 -1.1580e+00 +1.6534e+00
8600 0 +3.547037837e-02 -2.721452962e+01 -2.721452962e+01 -1.6957e+00 -1.7649e+00 -2.4088e-01 -1.1487e+00 +1.6691e+00
8910 0 +3.159135383e-02 -2.721840865e+01 -2.721840865e+01 -1.6947e+00 -1.7625e+00 -2.3550e-01 -1.1394e+00 +1.6842e+00
9198 0 +2.816976114e-02 -2.722183024e+01 -2.722183024e+01 -1.6933e+00 -1.7600e+00 -2.3111e-01 -1.1316e+00 +1.6984e+00
9490 0 +2.511432349e-02 -2.722488568e+01 -2.722488568e+01 -1.6923e+00 -1.7581e+00 -2.2720e-01 -1.1233e+00 +1.7125e+00
9874 0 +2.238549939e-02 -2.722761450e+01 -2.722761450e+01 -1.6908e+00 -1.7556e+00 -2.2280e-01 -1.1160e+00 +1.7250e+00
10392 0 +1.994959445e-02 -2.723005041e+01 -2.723005041e+01 -1.6901e+00 -1.7539e+00 -2.1914e-01 -1.1089e+00 +1.7377e+00
10882 0 +1.774961104e-02 -2.723225039e+01 -2.723225039e+01 -1.6891e+00 -1.7520e+00 -2.1547e-01 -1.1020e+00 +1.7497e+00
11352 0 +1.582222374e-02 -2.723417778e+01 -2.723417778e+01 -1.6881e+00 -1.7503e+00 -2.1230e-01 -1.0957e+00 +1.7612e+00
11782 0 +1.412414031e-02 -2.723587586e+01 -2.723587586e+01 -1.6874e+00 -1.7485e+00 -2.0912e-01 -1.0898e+00 +1.7717e+00
12210 0 +1.258552094e-02 -2.723741448e+01 -2.723741448e+01 -1.6867e+00 -1.7471e+00 -2.0594e-01 -1.0840e+00 +1.7819e+00
12602 0 +1.121613221e-02 -2.723878387e+01 -2.723878387e+01 -1.6859e+00 -1.7456e+00 -2.0326e-01 -1.0788e+00 +1.7917e+00
12986 0 +9.986748682e-03 -2.724001325e+01 -2.724001325e+01 -1.6852e+00 -1.7442e+00 -2.0057e-01 -1.0737e+00 +1.8010e+00
13352 0 +8.912340120e-03 -2.724108766e+01 -2.724108766e+01 -1.6847e+00 -1.7432e+00 -1.9813e-01 -1.0688e+00 +1.8100e+00
13682 0 +7.937349677e-03 -2.724206265e+01 -2.724206265e+01 -1.6840e+00 -1.7417e+00 -1.9568e-01 -1.0644e+00 +1.8181e+00
14012 0 +7.074707154e-03 -2.724292529e+01 -2.724292529e+01 -1.6835e+00 -1.7407e+00 -1.9348e-01 -1.0600e+00 +1.8261e+00
14442 0 +6.303752080e-03 -2.724369625e+01 -2.724369625e+01 -1.6829e+00 -1.7395e+00 -1.9141e-01 -1.0561e+00 +1.8336e+00
15024 0 +5.619911068e-03 -2.724438009e+01 -2.724438009e+01 -1.6823e+00 -1.7385e+00 -1.8945e-01 -1.0523e+00 +1.8407e+00
15582 0 +5.008633683e-03 -2.724499137e+01 -2.724499137e+01 -1.6819e+00 -1.7377e+00 -1.8762e-01 -1.0487e+00 +1.8475e+00
16102 0 +4.461214058e-03 -2.724553879e+01 -2.724553879e+01 -1.6814e+00 -1.7367e+00 -1.8579e-01 -1.0453e+00 +1.8539e+00
16604 0 +3.976488422e-03 -2.724602351e+01 -2.724602351e+01 -1.6809e+00 -1.7358e+00 -1.8420e-01 -1.0421e+00 +1.8600e+00
17072 0 +3.544975192e-03 -2.724645502e+01 -2.724645502e+01 -1.6805e+00 -1.7351e+00 -1.8261e-01 -1.0390e+00 +1.8657e+00
17522 0 +3.160805364e-03 -2.724683919e+01 -2.724683919e+01 -1.6802e+00 -1.7344e+00 -1.8115e-01 -1.0362e+00 +1.8712e+00
17960 0 +2.817111409e-03 -2.724718289e+01 -2.724718289e+01 -1.6799e+00 -1.7336e+00 -1.7980e-01 -1.0334e+00 +1.8765e+00
18352 0 +2.507685205e-03 -2.724749231e+01 -2.724749231e+01 -1.6796e+00 -1.7330e+00 -1.7846e-01 -1.0308e+00 +1.8813e+00
18732 0 +2.236670511e-03 -2.724776333e+01 -2.724776333e+01 -1.6792e+00 -1.7323e+00 -1.7724e-01 -1.0285e+00 +1.8860e+00
19200 0 +1.994214259e-03 -2.724800579e+01 -2.724800579e+01 -1.6789e+00 -1.7318e+00 -1.7608e-01 -1.0262e+00 +1.8903e+00
19878 0 +1.778173407e-03 -2.724822183e+01 -2.724822183e+01 -1.6787e+00 -1.7312e+00 -1.7492e-01 -1.0241e+00 +1.8944e+00
20522 0 +1.583623047e-03 -2.724841638e+01 -2.724841638e+01 -1.6784e+00 -1.7307e+00 -1.7394e-01 -1.0220e+00 +1.8984e+00
21132 0 +1.410742509e-03 -2.724858926e+01 -2.724858926e+01 -1.6781e+00 -1.7302e+00 -1.7296e-01 -1.0201e+00 +1.9021e+00
21720 0 +1.257661084e-03 -2.724874234e+01 -2.724874234e+01 -1.6779e+00 -1.7297e+00 -1.7205e-01 -1.0183e+00 +1.9057e+00
22260 0 +1.121775376e-03 -2.724887822e+01 -2.724887822e+01 -1.6777e+00 -1.7293e+00 -1.7119e-01 -1.0165e+00 +1.9090e+00
22782 0 +9.993888233e-04 -2.724900061e+01 -2.724900061e+01 -1.6775e+00 -1.7289e+00 -1.7034e-01 -1.0150e+00 +1.9122e+00
23264 0 +8.901575485e-04 -2.724910984e+01 -2.724910984e+01 -1.6773e+00 -1.7285e+00 -1.6960e-01 -1.0134e+00 +1.9151e+00
23732 0 +7.934450294e-04 -2.724920655e+01 -2.724920655e+01 -1.6771e+00 -1.7281e+00 -1.6887e-01 -1.0120e+00 +1.9180e+00
24172 0 +7.062477660e-04 -2.724929375e+01 -2.724929375e+01 -1.6769e+00 -1.7278e+00 -1.6814e-01 -1.0106e+00 +1.9207e+00
24572 0 +6.303190721e-04 -2.724936968e+01 -2.724936968e+01 -1.6768e+00 -1.7275e+00 -1.6753e-01 -1.0093e+00 +1.9231e+00
25000 0 +5.621241894e-04 -2.724943788e+01 -2.724943788e+01 -1.6766e+00 -1.7272e+00 -1.6692e-01 -1.0081e+00 +1.9255e+00
25728 0 +5.011155371e-04 -2.724949888e+01 -2.724949888e+01 -1.6764e+00 -1.7269e+00 -1.6631e-01 -1.0070e+00 +1.9277e+00
26432 0 +4.460960768e-04 -2.724955390e+01 -2.724955390e+01 -1.6763e+00 -1.7266e+00 -1.6579e-01 -1.0059e+00 +1.9299e+00
27092 0 +3.977243181e-04 -2.724960228e+01 -2.724960228e+01 -1.6762e+00 -1.7263e+00 -1.6527e-01 -1.0049e+00 +1.9319e+00
27712 0 +3.544486555e-04 -2.724964555e+01 -2.724964555e+01 -1.6761e+00 -1.7261e+00 -1.6478e-01 -1.0039e+00 +1.9338e+00
28302 0 +3.157454332e-04 -2.724968425e+01 -2.724968425e+01 -1.6759e+00 -1.7259e+00 -1.6432e-01 -1.0030e+00 +1.9356e+00
28862 0 +2.816192597e-04 -2.724971838e+01 -2.724971838e+01 -1.6758e+00 -1.7256e+00 -1.6389e-01 -1.0021e+00 +1.9373e+00
29382 0 +2.510451346e-04 -2.724974895e+01 -2.724974895e+01 -1.6757e+00 -1.7254e+00 -1.6347e-01 -1.0013e+00 +1.9389e+00
29890 0 +2.236146410e-04 -2.724977639e+01 -2.724977639e+01 -1.6756e+00 -1.7252e+00 -1.6310e-01 -1.0005e+00 +1.9404e+00
30352 0 +1.993594993e-04 -2.724980064e+01 -2.724980064e+01 -1.6755e+00 -1.7251e+00 -1.6273e-01 -9.9984e-01 +1.9418e+00
30792 0 +1.774817438e-04 -2.724982252e+01 -2.724982252e+01 -1.6754e+00 -1.7249e+00 -1.6237e-01 -9.9914e-01 +1.9432e+00
31222 0 +1.582599259e-04 -2.724984174e+01 -2.724984174e+01 -1.6754e+00 -1.7247e+00 -1.6206e-01 -9.9850e-01 +1.9445e+00
31612 0 +1.409471344e-04 -2.724985905e+01 -2.724985905e+01 -1.6753e+00 -1.7246e+00 -1.6176e-01 -9.9789e-01 +1.9457e+00
31992 0 +1.258708692e-04 -2.724987413e+01 -2.724987413e+01 -1.6752e+00 -1.7245e+00 -1.6148e-01 -9.9731e-01 +1.9469e+00
32350 0 +1.120938850e-04 -2.724988791e+01 -2.724988791e+01 -1.6751e+00 -1.7243e+00 -1.6121e-01 -9.9676e-01 +1.9479e+00
32772 0 +9.989716390e-05 -2.724990010e+01 -2.724990010e+01 -1.6751e+00 -1.7242e+00 -1.6093e-01 -9.9627e-01 +1.9489e+00
33402 0 +8.899922747e-05 -2.724991100e+01 -2.724991100e+01 -1.6750e+00 -1.7240e+00 -1.6069e-01 -9.9578e-01 +1.9499e+00
33992 0 +7.939147703e-05 -2.724992061e+01 -2.724992061e+01 -1.6750e+00 -1.7239e+00 -1.6046e-01 -9.9532e-01 +1.9508e+00
34562 0 +7.074780742e-05 -2.724992925e+01 -2.724992925e+01 -1.6749e+00 -1.7238e+00 -1.6024e-01 -9.9489e-01 +1.9516e+00
35092 0 +6.308151004e-05 -2.724993692e+01 -2.724993692e+01 -1.6749e+00 -1.7237e+00 -1.6005e-01 -9.9448e-01 +1.9525e+00
35592 0 +5.619408713e-05 -2.724994381e+01 -2.724994381e+01 -1.6748e+00 -1.7236e+00 -1.5985e-01 -9.9410e-01 +1.9532e+00
36066 0 +5.010796958e-05 -2.724994989e+01 -2.724994989e+01 -1.6748e+00 -1.7235e+00 -1.5966e-01 -9.9373e-01 +1.9539e+00
36522 0 +4.465710153e-05 -2.724995534e+01 -2.724995534e+01 -1.6747e+00 -1.7235e+00 -1.5950e-01 -9.9338e-01 +1.9546e+00
36942 0 +3.972487348e-05 -2.724996028e+01 -2.724996028e+01 -1.6747e+00 -1.7234e+00 -1.5933e-01 -9.9306e-01 +1.9553e+00
37342 0 +3.538782000e-05 -2.724996461e+01 -2.724996461e+01 -1.6746e+00 -1.7233e+00 -1.5918e-01 -9.9276e-01 +1.9559e+00
37822 0 +3.160849463e-05 -2.724996839e+01 -2.724996839e+01 -1.6746e+00 -1.7232e+00 -1.5904e-01 -9.9247e-01 +1.9565e+00
38542 0 +2.815337820e-05 -2.724997185e+01 -2.724997185e+01 -1.6746e+00 -1.7231e+00 -1.5890e-01 -9.9220e-01 +1.9570e+00
39212 0 +2.508406771e-05 -2.724997492e+01 -2.724997492e+01 -1.6745e+00 -1.7231e+00 -1.5877e-01 -9.9194e-01 +1.9575e+00
39842 0 +2.237931232e-05 -2.724997762e+01 -2.724997762e+01 -1.6745e+00 -1.7230e+00 -1.5865e-01 -9.9170e-01 +1.9580e+00
40452 0 +1.992846764e-05 -2.724998007e+01 -2.724998007e+01 -1.6745e+00 -1.7230e+00 -1.5853e-01 -9.9147e-01 +1.9585e+00
41016 0 +1.776182199e-05 -2.724998224e+01 -2.724998224e+01 -1.6745e+00 -1.7229e+00 -1.5843e-01 -9.9125e-01 +1.9589e+00
41560 0 +1.584266964e-05 -2.724998416e+01 -2.724998416e+01 -1.6744e+00 -1.7229e+00 -1.5833e-01 -9.9105e-01 +1.9593e+00
42056 0 +1.412250922e-05 -2.724998588e+01 -2.724998588e+01 -1.6744e+00 -1.7228e+00 -1.5823e-01 -9.9086e-01 +1.9597e+00
42532 0 +1.258836958e-05 -2.724998741e+01 -2.724998741e+01 -1.6744e+00 -1.7228e+00 -1.5814e-01 -9.9067e-01 +1.9600e+00
42982 0 +1.121927751e-05 -2.724998878e+01 -2.724998878e+01 -1.6744e+00 -1.7227e+00 -1.5805e-01 -9.9050e-01 +1.9604e+00
43412 0 +9.988832542e-06 -2.724999001e+01 -2.724999001e+01 -1.6743e+00 -1.7227e+00 -1.5797e-01 -9.9034e-01 +1.9607e+00
43812 0 +8.908224846e-06 -2.724999109e+01 -2.724999109e+01 -1.6743e+00 -1.7227e+00 -1.5789e-01 -9.9018e-01 +1.9610e+00
44200 0 +7.935514741e-06 -2.724999206e+01 -2.724999206e+01 -1.6743e+00 -1.7226e+00 -1.5782e-01 -9.9004e-01 +1.9613e+00
44910 0 +7.078403492e-06 -2.724999292e+01 -2.724999292e+01 -1.6743e+00 -1.7226e+00 -1.5775e-01 -9.8991e-01 +1.9616e+00
45586 0 +6.306730022e-06 -2.724999369e+01 -2.724999369e+01 -1.6743e+00 -1.7225e+00 -1.5769e-01 -9.8978e-01 +1.9618e+00
46226 0 +5.619230052e-06 -2.724999438e+01 -2.724999438e+01 -1.6743e+00 -1.7225e+00 -1.5763e-01 -9.8966e-01 +1.9621e+00
46830 0 +5.008964628e-06 -2.724999499e+01 -2.724999499e+01 -1.6742e+00 -1.7225e+00 -1.5757e-01 -9.8954e-01 +1.9623e+00
47392 0 +4.463289063e-06 -2.724999554e+01 -2.724999554e+01 -1.6742e+00 -1.7225e+00 -1.5752e-01 -9.8943e-01 +1.9625e+00
47932 0 +3.974752438e-06 -2.724999603e+01 -2.724999603e+01 -1.6742e+00 -1.7224e+00 -1.5746e-01 -9.8933e-01 +1.9627e+00
48442 0 +3.545435288e-06 -2.724999645e+01 -2.724999645e+01 -1.6742e+00 -1.7224e+00 -1.5742e-01 -9.8923e-01 +1.9629e+00
48922 0 +3.158950609e-06 -2.724999684e+01 -2.724999684e+01 -1.6742e+00 -1.7224e+00 -1.5737e-01 -9.8914e-01 +1.9631e+00
49372 0 +2.812315522e-06 -2.724999719e+01 -2.724999719e+01 -1.6742e+00 -1.7224e+00 -1.5732e-01 -9.8905e-01 +1.9633e+00
49804 0 +2.506885544e-06 -2.724999749e+01 -2.724999749e+01 -1.6742e+00 -1.7223e+00 -1.5729e-01 -9.8897e-01 +1.9635e+00
50000 0 +2.375323763e-06 -2.724999762e+01 -2.724999762e+01 -1.6742e+00 -1.7223e+00 -1.5727e-01 -9.8894e-01 +1.9635e+00
% f evaluations | g evaluations | best noise-free fitness - Fopt (-1.521800000000e+02) + sum g_i+ | measured fitness | best measured fitness or single-digit g-values | x1 | x2...
1 0 +1.249080838e+03 +1.096900838e+03 +1.096900838e+03 +0.0000e+00 +0.0000e+00 +0.0000e+00 +0.0000e+00 +0.0000e+00
36 0 +7.703903195e+02 +6.182103195e+02 +6.182103195e+02 +1.3839e+00 +1.5168e-01 -3.7521e-01 -1.9934e-02 -1.0121e+00
49 0 +6.319740672e+02 +4.797940672e+02 +4.797940672e+02 +1.6967e+00 -1.0947e+00 -8.8814e-01 +4.8023e-01 +1.3758e-01
76 0 +5.622824023e+02 +4.101024023e+02 +4.101024023e+02 +1.0063e+00 -2.1935e+00 -9.0108e-01 +3.1434e-01 +1.5799e-01
138 0 +3.088550291e+02 +1.566750291e+02 +1.566750291e+02 -1.7720e-01 -6.5270e-01 -1.7571e+00 -1.4812e-01 -4.1057e-01
249 0 +1.139305093e+02 -3.824949068e+01 -3.824949068e+01 +5.2340e-01 -7.5848e-01 -4.1601e-01 +2.4915e+00 -1.3703e+00
279 0 +1.063715029e+02 -4.580849710e+01 -4.580849710e+01 +1.1826e+00 -5.1982e-01 -6.8920e-01 +1.2789e+00 -3.2141e+00
1700 0 +9.652231366e+01 -5.565768634e+01 -5.565768634e+01 +0.0000e+00 -9.8332e-01 -1.3657e+00 +5.0032e-01 -1.3090e+00
1701 0 +7.286982781e+01 -7.931017219e+01 -7.931017219e+01 +0.0000e+00 -9.8332e-01 -1.3657e+00 +5.0032e-01 -1.5591e+00
1711 0 +4.567812260e+01 -1.065018774e+02 -1.065018774e+02 +0.0000e+00 -9.8332e-01 -1.3657e+00 +7.5049e-01 -1.8093e+00
1720 0 +4.440495731e+01 -1.077750427e+02 -1.077750427e+02 +0.0000e+00 -9.8332e-01 -1.3657e+00 +1.0006e+00 -1.8093e+00
1721 0 +2.197840377e+01 -1.302015962e+02 -1.302015962e+02 +0.0000e+00 -9.8332e-01 -1.3657e+00 +1.0006e+00 -2.0595e+00
1730 0 +1.981071923e+01 -1.323692808e+02 -1.323692808e+02 +0.0000e+00 -9.8332e-01 -1.3657e+00 +1.2508e+00 -2.0595e+00
1731 0 +7.390400409e+00 -1.447895996e+02 -1.447895996e+02 +0.0000e+00 -9.8332e-01 -1.3657e+00 +1.2508e+00 -2.3096e+00
1751 0 +5.734250571e+00 -1.464457494e+02 -1.464457494e+02 +0.0000e+00 -1.1084e+00 -1.3657e+00 +1.2508e+00 -2.4347e+00
1754 0 +4.814527559e+00 -1.473654724e+02 -1.473654724e+02 +1.2508e-01 -1.1084e+00 -1.3657e+00 +1.2508e+00 -2.4347e+00
1974 0 +4.464820904e+00 -1.477151791e+02 -1.477151791e+02 +2.8143e-01 -1.2569e+00 -1.3892e+00 +1.2352e+00 -2.4347e+00
2354 0 +3.969450088e+00 -1.482105499e+02 -1.482105499e+02 +5.7850e-01 -1.3429e+00 -1.3970e+00 +1.2352e+00 -2.4347e+00
2604 0 +3.538026930e+00 -1.486419731e+02 -1.486419731e+02 +7.7394e-01 -1.3117e+00 -1.3970e+00 +1.2352e+00 -2.4347e+00
2794 0 +3.149960090e+00 -1.490300399e+02 -1.490300399e+02 +9.2247e-01 -1.2335e+00 -1.3814e+00 +1.2352e+00 -2.4347e+00
2934 0 +2.816017441e+00 -1.493639826e+02 -1.493639826e+02 +1.0319e+00 -1.1475e+00 -1.3579e+00 +1.2352e+00 -2.4347e+00
3044 0 +2.506858409e+00 -1.496731416e+02 -1.496731416e+02 +1.1179e+00 -1.0615e+00 -1.3110e+00 +1.2430e+00 -2.4347e+00
3136 0 +2.228566871e+00 -1.499514331e+02 -1.499514331e+02 +1.1883e+00 -9.8332e-01 -1.2641e+00 +1.2586e+00 -2.4347e+00
3226 0 +1.976975411e+00 -1.502030246e+02 -1.502030246e+02 +1.2430e+00 -9.1296e-01 -1.2094e+00 +1.2743e+00 -2.4347e+00
3298 0 +1.765773772e+00 -1.504142262e+02 -1.504142262e+02 +1.2821e+00 -8.5824e-01 -1.1547e+00 +1.2977e+00 -2.4269e+00
3378 0 +1.581201681e+00 -1.505987983e+02 -1.505987983e+02 +1.3134e+00 -8.1133e-01 -1.0999e+00 +1.3290e+00 -2.4191e+00
3438 0 +1.402997895e+00 -1.507770021e+02 -1.507770021e+02 +1.3446e+00 -7.6443e-01 -1.0530e+00 +1.3524e+00 -2.4191e+00
3496 0 +1.255652723e+00 -1.509243473e+02 -1.509243473e+02 +1.3681e+00 -7.2534e-01 -1.0139e+00 +1.3915e+00 -2.4034e+00
3558 0 +1.118339225e+00 -1.510616608e+02 -1.510616608e+02 +1.3876e+00 -6.9798e-01 -9.7094e-01 +1.4228e+00 -2.3956e+00
3656 0 +9.991995346e-01 -1.511808005e+02 -1.511808005e+02 +1.4072e+00 -6.6671e-01 -9.3576e-01 +1.4580e+00 -2.3800e+00
3748 0 +8.884624016e-01 -1.512915376e+02 -1.512915376e+02 +1.4189e+00 -6.4326e-01 -8.9668e-01 +1.4932e+00 -2.3604e+00
3828 0 +7.914054665e-01 -1.513885945e+02 -1.513885945e+02 +1.4345e+00 -6.1980e-01 -8.6541e-01 +1.5244e+00 -2.3448e+00
3908 0 +7.079279741e-01 -1.514720720e+02 -1.514720720e+02 +1.4463e+00 -6.0026e-01 -8.3414e-01 +1.5557e+00 -2.3253e+00
3990 0 +6.267095936e-01 -1.515532904e+02 -1.515532904e+02 +1.4580e+00 -5.8071e-01 -8.0677e-01 +1.5909e+00 -2.3018e+00
4078 0 +5.598041082e-01 -1.516201959e+02 -1.516201959e+02 +1.4658e+00 -5.6508e-01 -7.7941e-01 +1.6221e+00 -2.2784e+00
4220 0 +5.001389476e-01 -1.516798611e+02 -1.516798611e+02 +1.4756e+00 -5.4944e-01 -7.5792e-01 +1.6515e+00 -2.2549e+00
4370 0 +4.443598179e-01 -1.517356402e+02 -1.517356402e+02 +1.4834e+00 -5.3576e-01 -7.3446e-01 +1.6808e+00 -2.2275e+00
4510 0 +3.979507883e-01 -1.517820492e+02 -1.517820492e+02 +1.4892e+00 -5.2404e-01 -7.1492e-01 +1.7081e+00 -2.2021e+00
4652 0 +3.541961972e-01 -1.518258038e+02 -1.518258038e+02 +1.4951e+00 -5.1231e-01 -6.9537e-01 +1.7355e+00 -2.1748e+00
4788 0 +3.162117053e-01 -1.518637883e+02 -1.518637883e+02 +1.5010e+00 -5.0058e-01 -6.7583e-01 +1.7609e+00 -2.1494e+00
4932 0 +2.815612136e-01 -1.518984388e+02 -1.518984388e+02 +1.5068e+00 -4.9277e-01 -6.6215e-01 +1.7863e+00 -2.1200e+00
5076 0 +2.509871016e-01 -1.519290129e+02 -1.519290129e+02 +1.5107e+00 -4.8300e-01 -6.4651e-01 +1.8098e+00 -2.0927e+00
5208 0 +2.231839621e-01 -1.519568160e+02 -1.519568160e+02 +1.5166e+00 -4.7518e-01 -6.3088e-01 +1.8313e+00 -2.0673e+00
5334 0 +1.985883767e-01 -1.519814116e+02 -1.519814116e+02 +1.5205e+00 -4.6736e-01 -6.1720e-01 +1.8528e+00 -2.0419e+00
5462 0 +1.771754840e-01 -1.520028245e+02 -1.520028245e+02 +1.5244e+00 -4.5954e-01 -6.0547e-01 +1.8723e+00 -2.0165e+00
5722 0 +1.584211424e-01 -1.520215789e+02 -1.520215789e+02 +1.5274e+00 -4.5368e-01 -5.9375e-01 +1.8909e+00 -1.9920e+00
5978 0 +1.411897127e-01 -1.520388103e+02 -1.520388103e+02 +1.5303e+00 -4.4782e-01 -5.8202e-01 +1.9094e+00 -1.9676e+00
6210 0 +1.257945386e-01 -1.520542055e+02 -1.520542055e+02 +1.5342e+00 -4.4098e-01 -5.7127e-01 +1.9270e+00 -1.9451e+00
6462 0 +1.118957914e-01 -1.520681042e+02 -1.520681042e+02 +1.5362e+00 -4.3707e-01 -5.6248e-01 +1.9436e+00 -1.9197e+00
6686 0 +9.976889565e-02 -1.520802311e+02 -1.520802311e+02 +1.5391e+00 -4.3120e-01 -5.5368e-01 +1.9583e+00 -1.8982e+00
6902 0 +8.909232524e-02 -1.520909077e+02 -1.520909077e+02 +1.5410e+00 -4.2730e-01 -5.4489e-01 +1.9730e+00 -1.8767e+00
7132 0 +7.933377878e-02 -1.521006662e+02 -1.521006662e+02 +1.5430e+00 -4.2339e-01 -5.3707e-01 +1.9876e+00 -1.8542e+00
7352 0 +7.069587246e-02 -1.521093041e+02 -1.521093041e+02 +1.5459e+00 -4.1850e-01 -5.2925e-01 +1.9998e+00 -1.8362e+00
7752 0 +6.298678645e-02 -1.521170132e+02 -1.521170132e+02 +1.5479e+00 -4.1459e-01 -5.2241e-01 +2.0120e+00 -1.8166e+00
8138 0 +5.621574965e-02 -1.521237843e+02 -1.521237843e+02 +1.5493e+00 -4.1117e-01 -5.1557e-01 +2.0238e+00 -1.7981e+00
8502 0 +5.009775002e-02 -1.521299022e+02 -1.521299022e+02 +1.5513e+00 -4.0824e-01 -5.0971e-01 +2.0350e+00 -1.7800e+00
8852 0 +4.464235097e-02 -1.521353576e+02 -1.521353576e+02 +1.5528e+00 -4.0482e-01 -5.0384e-01 +2.0453e+00 -1.7629e+00
9196 0 +3.975632362e-02 -1.521402437e+02 -1.521402437e+02 +1.5542e+00 -4.0189e-01 -4.9847e-01 +2.0555e+00 -1.7463e+00
9522 0 +3.546206030e-02 -1.521445379e+02 -1.521445379e+02 +1.5557e+00 -3.9945e-01 -4.9358e-01 +2.0648e+00 -1.7301e+00
9830 0 +3.161879466e-02 -1.521483812e+02 -1.521483812e+02 +1.5572e+00 -3.9700e-01 -4.8821e-01 +2.0741e+00 -1.7155e+00
10122 0 +2.809348511e-02 -1.521519065e+02 -1.521519065e+02 +1.5581e+00 -3.9456e-01 -4.8381e-01 +2.0824e+00 -1.7008e+00
10528 0 +2.510882295e-02 -1.521548912e+02 -1.521548912e+02 +1.5594e+00 -3.9212e-01 -4.7941e-01 +2.0900e+00 -1.6876e+00
11062 0 +2.237446559e-02 -1.521576255e+02 -1.521576255e+02 +1.5603e+00 -3.9016e-01 -4.7551e-01 +2.0976e+00 -1.6744e+00
11580 0 +1.994673978e-02 -1.521600533e+02 -1.521600533e+02 +1.5613e+00 -3.8821e-01 -4.7160e-01 +2.1049e+00 -1.6620e+00
12066 0 +1.776432015e-02 -1.521622357e+02 -1.521622357e+02 +1.5623e+00 -3.8625e-01 -4.6818e-01 +2.1115e+00 -1.6500e+00
12542 0 +1.584833822e-02 -1.521641517e+02 -1.521641517e+02 +1.5630e+00 -3.8479e-01 -4.6500e-01 +2.1178e+00 -1.6383e+00
12972 0 +1.412288195e-02 -1.521658771e+02 -1.521658771e+02 +1.5640e+00 -3.8308e-01 -4.6158e-01 +2.1237e+00 -1.6278e+00
13392 0 +1.258278305e-02 -1.521674172e+02 -1.521674172e+02 +1.5647e+00 -3.8161e-01 -4.5865e-01 +2.1296e+00 -1.6175e+00
13802 0 +1.120313689e-02 -1.521687969e+02 -1.521687969e+02 +1.5655e+00 -3.8015e-01 -4.5596e-01 +2.1349e+00 -1.6075e+00
14172 0 +9.993644446e-03 -1.521700064e+02 -1.521700064e+02 +1.5662e+00 -3.7868e-01 -4.5327e-01 +2.1398e+00 -1.5985e+00
14538 0 +8.902705060e-03 -1.521710973e+02 -1.521710973e+02 +1.5669e+00 -3.7746e-01 -4.5059e-01 +2.1447e+00 -1.5897e+00
15000 0 +7.940862779e-03 -1.521720591e+02 -1.521720591e+02 +1.5675e+00 -3.7611e-01 -4.4827e-01 +2.1492e+00 -1.5816e+00
15650 0 +7.078896867e-03 -1.521729211e+02 -1.521729211e+02 +1.5680e+00 -3.7502e-01 -4.4607e-01 +2.1535e+00 -1.5737e+00
16266 0 +6.307847862e-03 -1.521736922e+02 -1.521736922e+02 +1.5685e+00 -3.7392e-01 -4.4399e-01 +2.1575e+00 -1.5661e+00
16868 0 +5.619025819e-03 -1.521743810e+02 -1.521743810e+02 +1.5690e+00 -3.7306e-01 -4.4204e-01 +2.1613e+00 -1.5588e+00
17404 0 +5.010270344e-03 -1.521749897e+02 -1.521749897e+02 +1.5696e+00 -3.7196e-01 -4.4020e-01 +2.1649e+00 -1.5522e+00
17932 0 +4.463282660e-03 -1.521755367e+02 -1.521755367e+02 +1.5700e+00 -3.7111e-01 -4.3837e-01 +2.1683e+00 -1.5457e+00
18432 0 +3.980245430e-03 -1.521760198e+02 -1.521760198e+02 +1.5704e+00 -3.7037e-01 -4.3678e-01 +2.1716e+00 -1.5396e+00
18902 0 +3.547598479e-03 -1.521764524e+02 -1.521764524e+02 +1.5708e+00 -3.6952e-01 -4.3520e-01 +2.1745e+00 -1.5338e+00
19346 0 +3.162262943e-03 -1.521768377e+02 -1.521768377e+02 +1.5712e+00 -3.6866e-01 -4.3373e-01 +2.1774e+00 -1.5285e+00
19792 0 +2.814035805e-03 -1.521771860e+02 -1.521771860e+02 +1.5715e+00 -3.6817e-01 -4.3239e-01 +2.1802e+00 -1.5230e+00
20188 0 +2.509555964e-03 -1.521774904e+02 -1.521774904e+02 +1.5718e+00 -3.6744e-01 -4.3104e-01 +2.1827e+00 -1.5182e+00
20552 0 +2.238713878e-03 -1.521777613e+02 -1.521777613e+02 +1.5722e+00 -3.6683e-01 -4.2982e-01 +2.1851e+00 -1.5137e+00
21162 0 +1.994686347e-03 -1.521780053e+02 -1.521780053e+02 +1.5725e+00 -3.6616e-01 -4.2866e-01 +2.1874e+00 -1.5094e+00
21860 0 +1.777822330e-03 -1.521782222e+02 -1.521782222e+02 +1.5727e+00 -3.6567e-01 -4.2756e-01 +2.1896e+00 -1.5051e+00
22496 0 +1.584354369e-03 -1.521784156e+02 -1.521784156e+02 +1.5730e+00 -3.6506e-01 -4.2652e-01 +2.1915e+00 -1.5012e+00
23112 0 +1.411479463e-03 -1.521785885e+02 -1.521785885e+02 +1.5733e+00 -3.6463e-01 -4.2561e-01 +2.1935e+00 -1.4974e+00
23682 0 +1.256730326e-03 -1.521787433e+02 -1.521787433e+02 +1.5735e+00 -3.6414e-01 -4.2463e-01 +2.1953e+00 -1.4940e+00
24230 0 +1.121888759e-03 -1.521788781e+02 -1.521788781e+02 +1.5738e+00 -3.6366e-01 -4.2377e-01 +2.1970e+00 -1.4907e+00
24742 0 +9.996465742e-04 -1.521790004e+02 -1.521790004e+02 +1.5740e+00 -3.6329e-01 -4.2298e-01 +2.1986e+00 -1.4875e+00
25232 0 +8.905231184e-04 -1.521791095e+02 -1.521791095e+02 +1.5741e+00 -3.6292e-01 -4.2219e-01 +2.2002e+00 -1.4845e+00
25692 0 +7.935621432e-04 -1.521792064e+02 -1.521792064e+02 +1.5743e+00 -3.6256e-01 -4.2145e-01 +2.2016e+00 -1.4817e+00
26132 0 +7.071627817e-04 -1.521792928e+02 -1.521792928e+02 +1.5745e+00 -3.6219e-01 -4.2078e-01 +2.2030e+00 -1.4790e+00
26542 0 +6.305066580e-04 -1.521793695e+02 -1.521793695e+02 +1.5747e+00 -3.6182e-01 -4.2011e-01 +2.2042e+00 -1.4765e+00
26932 0 +5.619192543e-04 -1.521794381e+02 -1.521794381e+02 +1.5748e+00 -3.6158e-01 -4.1950e-01 +2.2055e+00 -1.4741e+00
27650 0 +5.009475462e-04 -1.521794991e+02 -1.521794991e+02 +1.5750e+00 -3.6127e-01 -4.1892e-01 +2.2066e+00 -1.4719e+00
28342 0 +4.462794026e-04 -1.521795537e+02 -1.521795537e+02 +1.5751e+00 -3.6097e-01 -4.1837e-01 +2.2077e+00 -1.4698e+00
29002 0 +3.975413749e-04 -1.521796025e+02 -1.521796025e+02 +1.5752e+00 -3.6072e-01 -4.1785e-01 +2.2087e+00 -1.4677e+00
29622 0 +3.545704251e-04 -1.521796454e+02 -1.521796454e+02 +1.5754e+00 -3.6048e-01 -4.1736e-01 +2.2097e+00 -1.4658e+00
30222 0 +3.159913674e-04 -1.521796840e+02 -1.521796840e+02 +1.5755e+00 -3.6027e-01 -4.1693e-01 +2.2106e+00 -1.4640e+00
30778 0 +2.816314810e-04 -1.521797184e+02 -1.521797184e+02 +1.5756e+00 -3.6005e-01 -4.1648e-01 +2.2115e+00 -1.4623e+00
31302 0 +2.508180910e-04 -1.521797492e+02 -1.521797492e+02 +1.5757e+00 -3.5984e-01 -4.1608e-01 +2.2123e+00 -1.4607e+00
31802 0 +2.238652019e-04 -1.521797761e+02 -1.521797761e+02 +1.5758e+00 -3.5965e-01 -4.1571e-01 +2.2130e+00 -1.4592e+00
32270 0 +1.993270392e-04 -1.521798007e+02 -1.521798007e+02 +1.5759e+00 -3.5944e-01 -4.1532e-01 +2.2138e+00 -1.4578e+00
32722 0 +1.777816738e-04 -1.521798222e+02 -1.521798222e+02 +1.5759e+00 -3.5932e-01 -4.1498e-01 +2.2144e+00 -1.4564e+00
33132 0 +1.583580432e-04 -1.521798416e+02 -1.521798416e+02 +1.5760e+00 -3.5914e-01 -4.1464e-01 +2.2151e+00 -1.4551e+00
33562 0 +1.410371771e-04 -1.521798590e+02 -1.521798590e+02 +1.5761e+00 -3.5897e-01 -4.1434e-01 +2.2157e+00 -1.4539e+00
34312 0 +1.258072058e-04 -1.521798742e+02 -1.521798742e+02 +1.5762e+00 -3.5883e-01 -4.1406e-01 +2.2163e+00 -1.4528e+00
35012 0 +1.121977060e-04 -1.521798878e+02 -1.521798878e+02 +1.5762e+00 -3.5869e-01 -4.1379e-01 +2.2168e+00 -1.4517e+00
35688 0 +9.996504167e-05 -1.521799000e+02 -1.521799000e+02 +1.5763e+00 -3.5857e-01 -4.1353e-01 +2.2173e+00 -1.4507e+00
36322 0 +8.904878578e-05 -1.521799110e+02 -1.521799110e+02 +1.5764e+00 -3.5845e-01 -4.1330e-01 +2.2178e+00 -1.4497e+00
36912 0 +7.930963793e-05 -1.521799207e+02 -1.521799207e+02 +1.5764e+00 -3.5833e-01 -4.1306e-01 +2.2183e+00 -1.4488e+00
37482 0 +7.077711714e-05 -1.521799292e+02 -1.521799292e+02 +1.5765e+00 -3.5823e-01 -4.1284e-01 +2.2187e+00 -1.4479e+00
38010 0 +6.309365276e-05 -1.521799369e+02 -1.521799369e+02 +1.5765e+00 -3.5811e-01 -4.1264e-01 +2.2191e+00 -1.4472e+00
38502 0 +5.621945732e-05 -1.521799438e+02 -1.521799438e+02 +1.5766e+00 -3.5802e-01 -4.1245e-01 +2.2195e+00 -1.4464e+00
38982 0 +5.003840525e-05 -1.521799500e+02 -1.521799500e+02 +1.5766e+00 -3.5793e-01 -4.1226e-01 +2.2199e+00 -1.4457e+00
39438 0 +4.464127326e-05 -1.521799554e+02 -1.521799554e+02 +1.5767e+00 -3.5785e-01 -4.1209e-01 +2.2202e+00 -1.4450e+00
39870 0 +3.980432865e-05 -1.521799602e+02 -1.521799602e+02 +1.5767e+00 -3.5778e-01 -4.1194e-01 +2.2205e+00 -1.4443e+00
40312 0 +3.544208067e-05 -1.521799646e+02 -1.521799646e+02 +1.5768e+00 -3.5769e-01 -4.1178e-01 +2.2208e+00 -1.4437e+00
41062 0 +3.158901771e-05 -1.521799684e+02 -1.521799684e+02 +1.5768e+00 -3.5762e-01 -4.1164e-01 +2.2211e+00 -1.4431e+00
41782 0 +2.815010720e-05 -1.521799718e+02 -1.521799718e+02 +1.5768e+00 -3.5756e-01 -4.1150e-01 +2.2214e+00 -1.4426e+00
42442 0 +2.510780251e-05 -1.521799749e+02 -1.521799749e+02 +1.5769e+00 -3.5748e-01 -4.1137e-01 +2.2217e+00 -1.4421e+00
43082 0 +2.235977377e-05 -1.521799776e+02 -1.521799776e+02 +1.5769e+00 -3.5742e-01 -4.1125e-01 +2.2219e+00 -1.4416e+00
43692 0 +1.993172165e-05 -1.521799801e+02 -1.521799801e+02 +1.5769e+00 -3.5737e-01 -4.1113e-01 +2.2221e+00 -1.4411e+00
44252 0 +1.776315585e-05 -1.521799822e+02 -1.521799822e+02 +1.5769e+00 -3.5731e-01 -4.1103e-01 +2.2223e+00 -1.4407e+00
44792 0 +1.583266129e-05 -1.521799842e+02 -1.521799842e+02 +1.5770e+00 -3.5727e-01 -4.1093e-01 +2.2225e+00 -1.4403e+00
45300 0 +1.411135855e-05 -1.521799859e+02 -1.521799859e+02 +1.5770e+00 -3.5721e-01 -4.1083e-01 +2.2227e+00 -1.4399e+00
45776 0 +1.258230643e-05 -1.521799874e+02 -1.521799874e+02 +1.5770e+00 -3.5717e-01 -4.1074e-01 +2.2229e+00 -1.4395e+00
46222 0 +1.120215489e-05 -1.521799888e+02 -1.521799888e+02 +1.5770e+00 -3.5713e-01 -4.1065e-01 +2.2231e+00 -1.4392e+00
46642 0 +9.984002418e-06 -1.521799900e+02 -1.521799900e+02 +1.5771e+00 -3.5708e-01 -4.1057e-01 +2.2233e+00 -1.4389e+00
47056 0 +8.904859868e-06 -1.521799911e+02 -1.521799911e+02 +1.5771e+00 -3.5704e-01 -4.1049e-01 +2.2234e+00 -1.4386e+00
47432 0 +7.935631345e-06 -1.521799921e+02 -1.521799921e+02 +1.5771e+00 -3.5701e-01 -4.1042e-01 +2.2236e+00 -1.4383e+00
47782 0 +7.070898505e-06 -1.521799929e+02 -1.521799929e+02 +1.5771e+00 -3.5698e-01 -4.1035e-01 +2.2237e+00 -1.4380e+00
48128 0 +6.296517455e-06 -1.521799937e+02 -1.521799937e+02 +1.5771e+00 -3.5694e-01 -4.1029e-01 +2.2238e+00 -1.4378e+00
48448 0 +5.609672428e-06 -1.521799944e+02 -1.521799944e+02 +1.5771e+00 -3.5691e-01 -4.1022e-01 +2.2239e+00 -1.4375e+00
48742 0 +5.002382949e-06 -1.521799950e+02 -1.521799950e+02 +1.5772e+00 -3.5688e-01 -4.1017e-01 +2.2241e+00 -1.4373e+00
49032 0 +4.466535842e-06 -1.521799955e+02 -1.521799955e+02 +1.5772e+00 -3.5686e-01 -4.1012e-01 +2.2242e+00 -1.4371e+00
49556 0 +3.980940846e-06 -1.521799960e+02 -1.521799960e+02 +1.5772e+00 -3.5683e-01 -4.1006e-01 +2.2243e+00 -1.4369e+00
50000 0 +3.618551176e-06 -1.521799964e+02 -1.521799964e+02 +1.5772e+00 -3.5681e-01 -4.1003e-01 +2.2244e+00 -1.4367e+00
% f evaluations | g evaluations | best noise-free fitness - Fopt (5.821500000000e+02) + sum g_i+ | measured fitness | best measured fitness or single-digit g-values | x1 | x2...
1 0 +3.516799071e+04 +3.575014071e+04 +3.575014071e+04 +0.0000e+00 +0.0000e+00 +0.0000e+00 +0.0000e+00 +0.0000e+00
2 0 +3.335244620e+04 +3.393459620e+04 +3.393459620e+04 -2.7186e+00 -7.1789e-01 +5.1803e-01 +6.4926e-01 -1.3468e+00
6 0 +1.965202936e+04 +2.023417936e+04 +2.023417936e+04 -3.1061e+00 -6.5270e-01 +1.1719e+00 -1.4812e-01 -4.1057e-01
28 0 +1.428735690e+04 +1.486950690e+04 +1.486950690e+04 -3.2931e+00 -1.2860e+00 +5.9333e-01 -2.0759e-01 -1.3740e+00
69 0 +1.002953649e+04 +1.061168649e+04 +1.061168649e+04 -1.5450e+00 -2.7773e+00 -3.7521e-01 -1.9934e-02 -1.0121e+00
72 0 +9.465189827e+03 +1.004733983e+04 +1.004733983e+04 -1.7720e-01 -3.5816e+00 +1.1719e+00 -1.4812e-01 -4.1057e-01
79 0 +3.671020529e+03 +4.253170529e+03 +4.253170529e+03 -4.5647e-01 -3.1255e+00 +1.0681e+00 -6.1863e-01 +6.9183e-01
1655 0 +2.917192608e+03 +3.499342608e+03 +3.499342608e+03 -1.0006e+00 -2.8494e+00 +0.0000e+00 -8.0865e-01 +0.0000e+00
1659 0 +6.443654283e+02 +1.226515428e+03 +1.226515428e+03 -1.0006e+00 -2.8494e+00 +1.0006e+00 -1.8093e+00 +0.0000e+00
1662 0 +4.188766268e+02 +1.001026627e+03 +1.001026627e+03 -1.0006e+00 -2.8494e+00 +1.0006e+00 -1.8093e+00 +1.0006e+00
1668 0 +2.012539504e+02 +7.834039504e+02 +7.834039504e+02 -1.0006e+00 -2.8494e+00 +2.0013e+00 -1.8093e+00 +1.0006e+00
1669 0 +1.301128287e+02 +7.122628287e+02 +7.122628287e+02 -1.0006e+00 -2.8494e+00 +2.0013e+00 -2.8099e+00 +1.0006e+00
1683 0 +6.148652823e+01 +6.436365282e+02 +6.436365282e+02 -1.5010e+00 -2.8494e+00 +2.0013e+00 -2.8099e+00 +1.0006e+00
1685 0 +3.617723964e+01 +6.183272396e+02 +6.183272396e+02 -1.5010e+00 -3.3497e+00 +2.0013e+00 -2.8099e+00 +1.0006e+00
1687 0 +3.211958219e+01 +6.142695822e+02 +6.142695822e+02 -1.5010e+00 -3.3497e+00 +1.5010e+00 -2.8099e+00 +1.0006e+00
1691 0 +1.562041534e+01 +5.977704153e+02 +5.977704153e+02 -1.5010e+00 -3.3497e+00 +1.5010e+00 -2.8099e+00 +5.0032e-01
1703 0 +1.193888594e+01 +5.940888859e+02 +5.940888859e+02 -1.7511e+00 -3.3497e+00 +1.5010e+00 -2.8099e+00 +5.0032e-01
1705 0 +4.964677235e+00 +5.871146772e+02 +5.871146772e+02 -1.7511e+00 -3.5999e+00 +1.5010e+00 -2.8099e+00 +5.0032e-01
1723 0 +3.901032084e+00 +5.860510321e+02 +5.860510321e+02 -1.8762e+00 -3.5999e+00 +1.5010e+00 -2.8099e+00 +5.0032e-01
1732 0 +3.116106809e+00 +5.852661068e+02 +5.852661068e+02 -1.8762e+00 -3.5999e+00 +1.6261e+00 -2.8099e+00 +6.2541e-01
1746 0 +2.595335352e+00 +5.847453354e+02 +5.847453354e+02 -1.8137e+00 -3.5373e+00 +1.6261e+00 -2.8099e+00 +6.2541e-01
1751 0 +2.488600975e+00 +5.846386010e+02 +5.846386010e+02 -1.8137e+00 -3.5373e+00 +1.6261e+00 -2.8099e+00 +5.6287e-01
1778 0 +2.173633439e+00 +5.843236334e+02 +5.843236334e+02 -1.7511e+00 -3.4748e+00 +1.6573e+00 -2.8099e+00 +5.9414e-01
1808 0 +1.992939743e+00 +5.841429397e+02 +5.841429397e+02 -1.7199e+00 -3.4435e+00 +1.6886e+00 -2.7787e+00 +5.9414e-01
1866 0 +1.760374980e+00 +5.839103750e+02 +5.839103750e+02 -1.6730e+00 -3.3810e+00 +1.7355e+00 -2.7552e+00 +5.9414e-01
1926 0 +1.582606875e+00 +5.837326069e+02 +5.837326069e+02 -1.6417e+00 -3.3341e+00 +1.7824e+00 -2.7318e+00 +5.9414e-01
1994 0 +1.407989748e+00 +5.835579897e+02 +5.835579897e+02 -1.6104e+00 -3.2950e+00 +1.8371e+00 -2.6927e+00 +6.0195e-01
2054 0 +1.246839293e+00 +5.833968393e+02 +5.833968393e+02 -1.5870e+00 -3.2559e+00 +1.8840e+00 -2.6614e+00 +6.0977e-01
2098 0 +1.118635732e+00 +5.832686357e+02 +5.832686357e+02 -1.5713e+00 -3.2246e+00 +1.9231e+00 -2.6301e+00 +6.2541e-01
2198 0 +9.951943456e-01 +5.831451943e+02 +5.831451943e+02 -1.5518e+00 -3.1933e+00 +1.9583e+00 -2.5989e+00 +6.3713e-01
2290 0 +8.887375520e-01 +5.830387376e+02 +5.830387376e+02 -1.5362e+00 -3.1699e+00 +1.9935e+00 -2.5637e+00 +6.5277e-01
2374 0 +7.931331733e-01 +5.829431332e+02 +5.829431332e+02 -1.5205e+00 -3.1464e+00 +2.0248e+00 -2.5324e+00 +6.7231e-01
2462 0 +7.078652228e-01 +5.828578652e+02 +5.828578652e+02 -1.5127e+00 -3.1269e+00 +2.0560e+00 -2.4972e+00 +6.9576e-01
2540 0 +6.306405368e-01 +5.827806405e+02 +5.827806405e+02 -1.5010e+00 -3.1074e+00 +2.0834e+00 -2.4660e+00 +7.1531e-01
2630 0 +5.610807485e-01 +5.827110807e+02 +5.827110807e+02 -1.4932e+00 -3.0917e+00 +2.1107e+00 -2.4308e+00 +7.4267e-01
2768 0 +5.004833855e-01 +5.826504834e+02 +5.826504834e+02 -1.4814e+00 -3.0761e+00 +2.1342e+00 -2.4054e+00 +7.6612e-01
2914 0 +4.460243048e-01 +5.825960243e+02 +5.825960243e+02 -1.4736e+00 -3.0624e+00 +2.1557e+00 -2.3761e+00 +7.9153e-01
3060 0 +3.962172098e-01 +5.825462172e+02 +5.825462172e+02 -1.4677e+00 -3.0487e+00 +2.1772e+00 -2.3468e+00 +8.1694e-01
3196 0 +3.543166405e-01 +5.825043166e+02 +5.825043166e+02 -1.4599e+00 -3.0370e+00 +2.1948e+00 -2.3213e+00 +8.4430e-01
3330 0 +3.152735193e-01 +5.824652735e+02 +5.824652735e+02 -1.4560e+00 -3.0272e+00 +2.2143e+00 -2.2940e+00 +8.6970e-01
3462 0 +2.810176566e-01 +5.824310177e+02 +5.824310177e+02 -1.4502e+00 -3.0175e+00 +2.2300e+00 -2.2705e+00 +8.9707e-01
3608 0 +2.509388197e-01 +5.824009388e+02 +5.824009388e+02 -1.4443e+00 -3.0096e+00 +2.2456e+00 -2.2471e+00 +9.2443e-01
3762 0 +2.237516760e-01 +5.823737517e+02 +5.823737517e+02 -1.4404e+00 -3.0008e+00 +2.2593e+00 -2.2256e+00 +9.4983e-01
4022 0 +1.992963063e-01 +5.823492963e+02 +5.823492963e+02 -1.4365e+00 -2.9930e+00 +2.2730e+00 -2.2041e+00 +9.7524e-01
4284 0 +1.776690377e-01 +5.823276690e+02 +5.823276690e+02 -1.4326e+00 -2.9862e+00 +2.2857e+00 -2.1836e+00 +1.0006e+00
4538 0 +1.584556253e-01 +5.823084556e+02 +5.823084556e+02 -1.4287e+00 -2.9784e+00 +2.2984e+00 -2.1650e+00 +1.0251e+00
4790 0 +1.411987530e-01 +5.822911988e+02 +5.822911988e+02 -1.4257e+00 -2.9725e+00 +2.3091e+00 -2.1464e+00 +1.0495e+00
5038 0 +1.258462284e-01 +5.822758462e+02 +5.822758462e+02 -1.4228e+00 -2.9676e+00 +2.3189e+00 -2.1298e+00 +1.0739e+00
5272 0 +1.118668585e-01 +5.822618669e+02 +5.822618669e+02 -1.4199e+00 -2.9618e+00 +2.3287e+00 -2.1132e+00 +1.0974e+00
5502 0 +9.997770818e-02 +5.822499777e+02 +5.822499777e+02 -1.4179e+00 -2.9578e+00 +2.3375e+00 -2.0976e+00 +1.1199e+00
5740 0 +8.907619130e-02 +5.822390762e+02 +5.822390762e+02 -1.4150e+00 -2.9530e+00 +2.3453e+00 -2.0829e+00 +1.1423e+00
5958 0 +7.929174239e-02 +5.822292917e+02 +5.822292917e+02 -1.4130e+00 -2.9490e+00 +2.3541e+00 -2.0692e+00 +1.1638e+00
6200 0 +7.076766264e-02 +5.822207677e+02 +5.822207677e+02 -1.4111e+00 -2.9447e+00 +2.3614e+00 -2.0560e+00 +1.1824e+00
6592 0 +6.303909186e-02 +5.822130391e+02 +5.822130391e+02 -1.4091e+00 -2.9407e+00 +2.3682e+00 -2.0438e+00 +1.2020e+00
6974 0 +5.618292089e-02 +5.822061829e+02 +5.822061829e+02 -1.4072e+00 -2.9373e+00 +2.3751e+00 -2.0321e+00 +1.2205e+00
7350 0 +5.010162985e-02 +5.822001016e+02 +5.822001016e+02 -1.4052e+00 -2.9339e+00 +2.3809e+00 -2.0209e+00 +1.2386e+00
7692 0 +4.466203698e-02 +5.821946620e+02 +5.821946620e+02 -1.4037e+00 -2.9310e+00 +2.3868e+00 -2.0106e+00 +1.2557e+00
8032 0 +3.975534827e-02 +5.821897553e+02 +5.821897553e+02 -1.4028e+00 -2.9280e+00 +2.3927e+00 -2.0003e+00 +1.2723e+00
8362 0 +3.540002131e-02 +5.821854000e+02 +5.821854000e+02 -1.4013e+00 -2.9251e+00 +2.3976e+00 -1.9911e+00 +1.2884e+00
8678 0 +3.159628696e-02 +5.821815963e+02 +5.821815963e+02 -1.3998e+00 -2.9232e+00 +2.4024e+00 -1.9823e+00 +1.3036e+00
8970 0 +2.818277949e-02 +5.821781828e+02 +5.821781828e+02 -1.3989e+00 -2.9207e+00 +2.4068e+00 -1.9735e+00 +1.3177e+00
9380 0 +2.511603089e-02 +5.821751160e+02 +5.821751160e+02 -1.3974e+00 -2.9180e+00 +2.4112e+00 -1.9659e+00 +1.3309e+00
9912 0 +2.236117032e-02 +5.821723612e+02 +5.821723612e+02 -1.3964e+00 -2.9161e+00 +2.4154e+00 -1.9583e+00 +1.3441e+00
10430 0 +1.994608582e-02 +5.821699461e+02 +5.821699461e+02 -1.3954e+00 -2.9141e+00 +2.4190e+00 -1.9512e+00 +1.3566e+00
10918 0 +1.777907164e-02 +5.821677791e+02 +5.821677791e+02 -1.3945e+00 -2.9124e+00 +2.4227e+00 -1.9446e+00 +1.3686e+00
11382 0 +1.584780407e-02 +5.821658478e+02 +5.821658478e+02 -1.3937e+00 -2.9107e+00 +2.4259e+00 -1.9383e+00 +1.3800e+00
11822 0 +1.411169826e-02 +5.821641117e+02 +5.821641117e+02 -1.3927e+00 -2.9090e+00 +2.4291e+00 -1.9322e+00 +1.3908e+00
12248 0 +1.257646892e-02 +5.821625765e+02 +5.821625765e+02 -1.3920e+00 -2.9075e+00 +2.4322e+00 -1.9266e+00 +1.4011e+00
12642 0 +1.120430280e-02 +5.821612043e+02 +5.821612043e+02 -1.3913e+00 -2.9061e+00 +2.4349e+00 -1.9212e+00 +1.4108e+00
13020 0 +9.997314374e-03 +5.821599973e+02 +5.821599973e+02 -1.3906e+00 -2.9046e+00 +2.4376e+00 -1.9161e+00 +1.4199e+00
13392 0 +8.908539949e-03 +5.821589085e+02 +5.821589085e+02 -1.3901e+00 -2.9036e+00 +2.4401e+00 -1.9112e+00 +1.4291e+00
13842 0 +7.933315280e-03 +5.821579333e+02 +5.821579333e+02 -1.3893e+00 -2.9021e+00 +2.4425e+00 -1.9068e+00 +1.4371e+00
14492 0 +7.070285195e-03 +5.821570703e+02 +5.821570703e+02 -1.3887e+00 -2.9009e+00 +2.4447e+00 -1.9025e+00 +1.4450e+00
15110 0 +6.309018618e-03 +5.821563090e+02 +5.821563090e+02 -1.3882e+00 -2.8999e+00 +2.4468e+00 -1.8985e+00 +1.4525e+00
15692 0 +5.619446534e-03 +5.821556194e+02 +5.821556194e+02 -1.3877e+00 -2.8990e+00 +2.4487e+00 -1.8947e+00 +1.4597e+00
16250 0 +5.009423499e-03 +5.821550094e+02 +5.821550094e+02 -1.3873e+00 -2.8980e+00 +2.4507e+00 -1.8910e+00 +1.4664e+00
16778 0 +4.463456686e-03 +5.821544635e+02 +5.821544635e+02 -1.3868e+00 -2.8971e+00 +2.4524e+00 -1.8877e+00 +1.4729e+00
17280 0 +3.977938408e-03 +5.821539779e+02 +5.821539779e+02 -1.3864e+00 -2.8963e+00 +2.4540e+00 -1.8844e+00 +1.4790e+00
17752 0 +3.540740992e-03 +5.821535407e+02 +5.821535407e+02 -1.3860e+00 -2.8955e+00 +2.4556e+00 -1.8814e+00 +1.4848e+00
18192 0 +3.161209278e-03 +5.821531612e+02 +5.821531612e+02 -1.3857e+00 -2.8948e+00 +2.4570e+00 -1.8786e+00 +1.4902e+00
18622 0 +2.815726883e-03 +5.821528157e+02 +5.821528157e+02 -1.3853e+00 -2.8941e+00 +2.4584e+00 -1.8759e+00 +1.4955e+00
19016 0 +2.511049479e-03 +5.821525110e+02 +5.821525110e+02 -1.3849e+00 -2.8933e+00 +2.4597e+00 -1.8733e+00 +1.5002e+00
19402 0 +2.238051191e-03 +5.821522381e+02 +5.821522381e+02 -1.3847e+00 -2.8927e+00 +2.4609e+00 -1.8709e+00 +1.5050e+00
19912 0 +1.994472349e-03 +5.821519945e+02 +5.821519945e+02 -1.3843e+00 -2.8922e+00 +2.4621e+00 -1.8686e+00 +1.5093e+00
20592 0 +1.777538949e-03 +5.821517775e+02 +5.821517775e+02 -1.3840e+00 -2.8916e+00 +2.4632e+00 -1.8665e+00 +1.5134e+00
21240 0 +1.584394999e-03 +5.821515844e+02 +5.821515844e+02 -1.3838e+00 -2.8911e+00 +2.4643e+00 -1.8644e+00 +1.5173e+00
21852 0 +1.410616333e-03 +5.821514106e+02 +5.821514106e+02 -1.3835e+00 -2.8906e+00 +2.4652e+00 -1.8625e+00 +1.5211e+00
22422 0 +1.257384450e-03 +5.821512574e+02 +5.821512574e+02 -1.3833e+00 -2.8901e+00 +2.4662e+00 -1.8607e+00 +1.5246e+00
22982 0 +1.120774873e-03 +5.821511208e+02 +5.821511208e+02 -1.3831e+00 -2.8897e+00 +2.4670e+00 -1.8589e+00 +1.5280e+00
23482 0 +9.998294108e-04 +5.821509998e+02 +5.821509998e+02 -1.3829e+00 -2.8893e+00 +2.4678e+00 -1.8574e+00 +1.5311e+00
23972 0 +8.906251779e-04 +5.821508906e+02 +5.821508906e+02 -1.3827e+00 -2.8889e+00 +2.4686e+00 -1.8558e+00 +1.5341e+00
24432 0 +7.939180310e-04 +5.821507939e+02 +5.821507939e+02 -1.3825e+00 -2.8885e+00 +2.4694e+00 -1.8544e+00 +1.5369e+00
24888 0 +7.067214389e-04 +5.821507067e+02 +5.821507067e+02 -1.3823e+00 -2.8882e+00 +2.4700e+00 -1.8530e+00 +1.5396e+00
25310 0 +6.303229103e-04 +5.821506303e+02 +5.821506303e+02 -1.3822e+00 -2.8879e+00 +2.4707e+00 -1.8517e+00 +1.5422e+00
25906 0 +5.622994524e-04 +5.821505623e+02 +5.821505623e+02 -1.3820e+00 -2.8875e+00 +2.4713e+00 -1.8505e+00 +1.5445e+00
26642 0 +5.010276560e-04 +5.821505010e+02 +5.821505010e+02 -1.3818e+00 -2.8873e+00 +2.4719e+00 -1.8494e+00 +1.5467e+00
27342 0 +4.461335503e-04 +5.821504461e+02 +5.821504461e+02 -1.3817e+00 -2.8870e+00 +2.4724e+00 -1.8483e+00 +1.5489e+00
28002 0 +3.980683859e-04 +5.821503981e+02 +5.821503981e+02 -1.3816e+00 -2.8868e+00 +2.4729e+00 -1.8473e+00 +1.5509e+00
28632 0 +3.545008542e-04 +5.821503545e+02 +5.821503545e+02 -1.3815e+00 -2.8865e+00 +2.4734e+00 -1.8463e+00 +1.5528e+00
29212 0 +3.158669292e-04 +5.821503159e+02 +5.821503159e+02 -1.3813e+00 -2.8863e+00 +2.4739e+00 -1.8454e+00 +1.5546e+00
29772 0 +2.815117508e-04 +5.821502815e+02 +5.821502815e+02 -1.3812e+00 -2.8861e+00 +2.4743e+00 -1.8445e+00 +1.5563e+00
30302 0 +2.511259065e-04 +5.821502511e+02 +5.821502511e+02 -1.3811e+00 -2.8859e+00 +2.4747e+00 -1.8437e+00 +1.5579e+00
30792 0 +2.236332679e-04 +5.821502236e+02 +5.821502236e+02 -1.3810e+00 -2.8857e+00 +2.4751e+00 -1.8429e+00 +1.5594e+00
31264 0 +1.995209810e-04 +5.821501995e+02 +5.821501995e+02 -1.3809e+00 -2.8855e+00 +2.4755e+00 -1.8422e+00 +1.5608e+00
31728 0 +1.776451609e-04 +5.821501776e+02 +5.821501776e+02 -1.3809e+00 -2.8853e+00 +2.4758e+00 -1.8415e+00 +1.5622e+00
32472 0 +1.584034474e-04 +5.821501584e+02 +5.821501584e+02 -1.3808e+00 -2.8851e+00 +2.4761e+00 -1.8409e+00 +1.5635e+00
33270 0 +1.412276207e-04 +5.821501412e+02 +5.821501412e+02 -1.3807e+00 -2.8850e+00 +2.4764e+00 -1.8403e+00 +1.5647e+00
34022 0 +1.257675730e-04 +5.821501258e+02 +5.821501258e+02 -1.3806e+00 -2.8848e+00 +2.4767e+00 -1.8397e+00 +1.5658e+00
34722 0 +1.120804468e-04 +5.821501121e+02 +5.821501121e+02 -1.3805e+00 -2.8847e+00 +2.4770e+00 -1.8392e+00 +1.5669e+00
35392 0 +9.986158523e-05 +5.821500999e+02 +5.821500999e+02 -1.3805e+00 -2.8846e+00 +2.4773e+00 -1.8387e+00 +1.5679e+00
36022 0 +8.907506617e-05 +5.821500891e+02 +5.821500891e+02 -1.3804e+00 -2.8844e+00 +2.4775e+00 -1.8382e+00 +1.5689e+00
36612 0 +7.940455635e-05 +5.821500794e+02 +5.821500794e+02 -1.3804e+00 -2.8843e+00 +2.4777e+00 -1.8377e+00 +1.5698e+00
37182 0 +7.076468523e-05 +5.821500708e+02 +5.821500708e+02 -1.3803e+00 -2.8842e+00 +2.4780e+00 -1.8373e+00 +1.5706e+00
37712 0 +6.305584736e-05 +5.821500631e+02 +5.821500631e+02 -1.3803e+00 -2.8841e+00 +2.4782e+00 -1.8369e+00 +1.5715e+00
38212 0 +5.622098445e-05 +5.821500562e+02 +5.821500562e+02 -1.3802e+00 -2.8840e+00 +2.4784e+00 -1.8365e+00 +1.5722e+00
38696 0 +5.005322680e-05 +5.821500501e+02 +5.821500501e+02 -1.3802e+00 -2.8839e+00 +2.4785e+00 -1.8361e+00 +1.5730e+00
39140 0 +4.465857501e-05 +5.821500447e+02 +5.821500447e+02 -1.3801e+00 -2.8839e+00 +2.4787e+00 -1.8358e+00 +1.5736e+00
39572 0 +3.978233019e-05 +5.821500398e+02 +5.821500398e+02 -1.3801e+00 -2.8838e+00 +2.4789e+00 -1.8355e+00 +1.5743e+00
39972 0 +3.536698443e-05 +5.821500354e+02 +5.821500354e+02 -1.3800e+00 -2.8837e+00 +2.4790e+00 -1.8351e+00 +1.5749e+00
40342 0 +3.156677553e-05 +5.821500316e+02 +5.821500316e+02 -1.3800e+00 -2.8836e+00 +2.4792e+00 -1.8349e+00 +1.5755e+00
40702 0 +2.813298727e-05 +5.821500281e+02 +5.821500281e+02 -1.3800e+00 -2.8835e+00 +2.4793e+00 -1.8346e+00 +1.5760e+00
41040 0 +2.510301090e-05 +5.821500251e+02 +5.821500251e+02 -1.3799e+00 -2.8835e+00 +2.4794e+00 -1.8343e+00 +1.5765e+00
41632 0 +2.236652779e-05 +5.821500224e+02 +5.821500224e+02 -1.3799e+00 -2.8834e+00 +2.4796e+00 -1.8341e+00 +1.5770e+00
42232 0 +1.993604531e-05 +5.821500199e+02 +5.821500199e+02 -1.3799e+00 -2.8834e+00 +2.4797e+00 -1.8339e+00 +1.5775e+00
42802 0 +1.776458123e-05 +5.821500178e+02 +5.821500178e+02 -1.3799e+00 -2.8833e+00 +2.4798e+00 -1.8337e+00 +1.5779e+00
43342 0 +1.583320807e-05 +5.821500158e+02 +5.821500158e+02 -1.3798e+00 -2.8833e+00 +2.4799e+00 -1.8335e+00 +1.5783e+00
43850 0 +1.412319114e-05 +5.821500141e+02 +5.821500141e+02 -1.3798e+00 -2.8832e+00 +2.4800e+00 -1.8333e+00 +1.5787e+00
44328 0 +1.258827513e-05 +5.821500126e+02 +5.821500126e+02 -1.3798e+00 -2.8832e+00 +2.4801e+00 -1.8331e+00 +1.5791e+00
44772 0 +1.120326283e-05 +5.821500112e+02 +5.821500112e+02 -1.3798e+00 -2.8831e+00 +2.4801e+00 -1.8329e+00 +1.5794e+00
45208 0 +9.995055962e-06 +5.821500100e+02 +5.821500100e+02 -1.3797e+00 -2.8831e+00 +2.4802e+00 -1.8327e+00 +1.5797e+00
45932 0 +8.903625485e-06 +5.821500089e+02 +5.821500089e+02 -1.3797e+00 -2.8830e+00 +2.4803e+00 -1.8326e+00 +1.5800e+00
46698 0 +7.940433647e-06 +5.821500079e+02 +5.821500079e+02 -1.3797e+00 -2.8830e+00 +2.4804e+00 -1.8324e+00 +1.5803e+00
47402 0 +7.073602887e-06 +5.821500071e+02 +5.821500071e+02 -1.3797e+00 -2.8830e+00 +2.4804e+00 -1.8323e+00 +1.5806e+00
48082 0 +6.302011798e-06 +5.821500063e+02 +5.821500063e+02 -1.3797e+00 -2.8829e+00 +2.4805e+00 -1.8322e+00 +1.5808e+00
48722 0 +5.614695056e-06 +5.821500056e+02 +5.821500056e+02 -1.3797e+00 -2.8829e+00 +2.4806e+00 -1.8321e+00 +1.5811e+00
49322 0 +5.004548939e-06 +5.821500050e+02 +5.821500050e+02 -1.3796e+00 -2.8829e+00 +2.4806e+00 -1.8319e+00 +1.5813e+00
49902 0 +4.463730420e-06 +5.821500045e+02 +5.821500045e+02 -1.3796e+00 -2.8829e+00 +2.4807e+00 -1.8318e+00 +1.5815e+00
50000 0 +4.369285989e-06 +5.821500044e+02 +5.821500044e+02 -1.3796e+00 -2.8829e+00 +2.4807e+00 -1.8318e+00 +1.5816e+00
% f evaluations | g evaluations | best noise-free fitness - Fopt (1.752000000000e+01) + sum g_i+ | measured fitness | best measured fitness or single-digit g-values | x1 | x2...
1 0 +2.415373841e+03 +2.432893841e+03 +2.432893841e+03 +0.0000e+00 +0.0000e+00 +0.0000e+00 +0.0000e+00 +0.0000e+00
2 0 +1.842395974e+03 +1.859915974e+03 +1.859915974e+03 -2.7186e+00 -7.1789e-01 +5.1803e-01 +6.4926e-01 -1.3468e+00
8 0 +1.562306359e+03 +1.579826359e+03 +1.579826359e+03 -1.3041e+00 -3.0835e-01 -3.8864e-01 -6.1741e-01 +4.6734e-01
17 0 +8.701097568e+02 +8.876297568e+02 +8.876297568e+02 -1.7866e+00 -7.0682e-01 +2.6228e-01 +1.0349e+00 -5.1176e-01
19 0 +2.884816383e+02 +3.060016383e+02 +3.060016383e+02 -1.9219e+00 -9.7069e-01 +2.5837e-02 +9.9415e-01 +9.2340e-01
73 0 +2.496982422e+02 +2.672182422e+02 +2.672182422e+02 -7.5716e-01 -1.7844e+00 +7.8578e-01 +8.8747e-01 +9.2636e-01
80 0 +1.467549783e+02 +1.642749783e+02 +1.642749783e+02 -9.1269e-01 -3.1106e+00 +8.8268e-02 +3.1793e-01 +3.8573e-01
95 0 +7.760496428e+01 +9.512496428e+01 +9.512496428e+01 -3.9150e-01 -2.8081e+00 +3.2310e-01 +7.6974e-01 +1.1233e+00
1085 0 +5.672089466e+01 +7.424089466e+01 +7.424089466e+01 -1.4912e-01 -1.8027e+00 +1.2306e-01 +2.9318e-01 +4.2784e-01
1620 0 +3.775749995e+01 +5.527749995e+01 +5.527749995e+01 -4.2655e-01 -1.8069e+00 -1.0359e-01 -5.5035e-03 +5.2922e-01
1621 0 +4.924927489e+00 +2.244492749e+01 +2.244492749e+01 +2.8499e-01 -1.5967e+00 +2.1399e-02 +3.6531e-01 +9.6015e-01
1688 0 +4.386442329e+00 +2.190644233e+01 +2.190644233e+01 +0.0000e+00 -1.8487e+00 -2.5016e-01 +0.0000e+00 +8.0865e-01
1707 0 +3.124847301e+00 +2.064484730e+01 +2.064484730e+01 +0.0000e+00 -1.8487e+00 -3.7524e-01 +0.0000e+00 +8.0865e-01
1724 0 +2.720069712e+00 +2.024006971e+01 +2.024006971e+01 +6.2541e-02 -1.8487e+00 -3.7524e-01 +0.0000e+00 +9.3373e-01
1731 0 +2.459184153e+00 +1.997918415e+01 +1.997918415e+01 +6.2541e-02 -1.8487e+00 -3.7524e-01 +0.0000e+00 +8.7119e-01
1766 0 +2.195516113e+00 +1.971551611e+01 +1.971551611e+01 +4.6905e-02 -1.8331e+00 -3.4397e-01 +3.1270e-02 +8.7119e-01
1846 0 +1.988941127e+00 +1.950894113e+01 +1.950894113e+01 +8.5993e-02 -1.7784e+00 -2.9707e-01 +4.6905e-02 +8.8682e-01
1924 0 +1.765722573e+00 +1.928572257e+01 +1.928572257e+01 +1.3290e-01 -1.7236e+00 -2.4234e-01 +7.0358e-02 +8.8682e-01
2036 0 +1.582043711e+00 +1.910204371e+01 +1.910204371e+01 +1.6417e-01 -1.6728e+00 -1.9544e-01 +9.7720e-02 +8.9073e-01
2156 0 +1.410356211e+00 +1.893035621e+01 +1.893035621e+01 +1.9544e-01 -1.6298e+00 -1.4853e-01 +1.2899e-01 +8.9855e-01
2272 0 +1.258826074e+00 +1.877882607e+01 +1.877882607e+01 +2.1498e-01 -1.5947e+00 -1.0163e-01 +1.6417e-01 +9.1028e-01
2382 0 +1.121528439e+00 +1.864152844e+01 +1.864152844e+01 +2.3453e-01 -1.5634e+00 -5.8632e-02 +1.9935e-01 +9.2200e-01
2478 0 +9.948829558e-01 +1.851488296e+01 +1.851488296e+01 +2.5407e-01 -1.5321e+00 -1.9544e-02 +2.3062e-01 +9.3373e-01
2568 0 +8.869295663e-01 +1.840692957e+01 +1.840692957e+01 +2.6971e-01 -1.5087e+00 +1.5635e-02 +2.6580e-01 +9.5327e-01
2656 0 +7.939614109e-01 +1.831396141e+01 +1.831396141e+01 +2.8143e-01 -1.4852e+00 +4.6905e-02 +3.0098e-01 +9.7282e-01
2732 0 +7.076961842e-01 +1.822769618e+01 +1.822769618e+01 +2.9316e-01 -1.4657e+00 +7.8176e-02 +3.3225e-01 +9.9236e-01
2826 0 +6.277789325e-01 +1.814777893e+01 +1.814777893e+01 +3.0489e-01 -1.4461e+00 +1.0554e-01 +3.6743e-01 +1.0158e+00
2900 0 +5.608686634e-01 +1.808086866e+01 +1.808086866e+01 +3.1270e-01 -1.4305e+00 +1.3290e-01 +3.9870e-01 +1.0393e+00
2970 0 +4.998355238e-01 +1.801983552e+01 +1.801983552e+01 +3.2443e-01 -1.4149e+00 +1.5635e-01 +4.2606e-01 +1.0588e+00
3048 0 +4.455196287e-01 +1.796551963e+01 +1.796551963e+01 +3.3225e-01 -1.3992e+00 +1.7980e-01 +4.5342e-01 +1.0862e+00
3168 0 +3.976589952e-01 +1.791765900e+01 +1.791765900e+01 +3.4006e-01 -1.3875e+00 +1.9935e-01 +4.8078e-01 +1.1135e+00
3306 0 +3.543542732e-01 +1.787435427e+01 +1.787435427e+01 +3.4593e-01 -1.3758e+00 +2.1694e-01 +5.0814e-01 +1.1409e+00
3442 0 +3.159438048e-01 +1.783594380e+01 +1.783594380e+01 +3.4984e-01 -1.3679e+00 +2.3453e-01 +5.3550e-01 +1.1683e+00
3580 0 +2.812652031e-01 +1.780126520e+01 +1.780126520e+01 +3.5570e-01 -1.3582e+00 +2.5212e-01 +5.6091e-01 +1.1937e+00
3720 0 +2.502614653e-01 +1.777026147e+01 +1.777026147e+01 +3.5961e-01 -1.3484e+00 +2.6775e-01 +5.8436e-01 +1.2210e+00
3854 0 +2.226998911e-01 +1.774269989e+01 +1.774269989e+01 +3.6547e-01 -1.3406e+00 +2.8143e-01 +6.0586e-01 +1.2484e+00
3992 0 +1.992115027e-01 +1.771921150e+01 +1.771921150e+01 +3.6938e-01 -1.3318e+00 +2.9511e-01 +6.2541e-01 +1.2718e+00
4252 0 +1.773940125e-01 +1.769739401e+01 +1.769739401e+01 +3.7329e-01 -1.3249e+00 +3.0782e-01 +6.4593e-01 +1.2972e+00
4502 0 +1.584052093e-01 +1.767840521e+01 +1.767840521e+01 +3.7720e-01 -1.3181e+00 +3.1954e-01 +6.6449e-01 +1.3217e+00
4760 0 +1.412331512e-01 +1.766123315e+01 +1.766123315e+01 +3.8013e-01 -1.3122e+00 +3.3029e-01 +6.8306e-01 +1.3461e+00
5008 0 +1.257993773e-01 +1.764579938e+01 +1.764579938e+01 +3.8306e-01 -1.3064e+00 +3.4104e-01 +6.9967e-01 +1.3705e+00
5250 0 +1.121391795e-01 +1.763213918e+01 +1.763213918e+01 +3.8502e-01 -1.3015e+00 +3.5081e-01 +7.1726e-01 +1.3940e+00
5482 0 +9.988840015e-02 +1.761988840e+01 +1.761988840e+01 +3.8892e-01 -1.2966e+00 +3.5863e-01 +7.3192e-01 +1.4174e+00
5706 0 +8.880382742e-02 +1.760880383e+01 +1.760880383e+01 +3.9088e-01 -1.2917e+00 +3.6743e-01 +7.4658e-01 +1.4389e+00
5912 0 +7.932255919e-02 +1.759932256e+01 +1.759932256e+01 +3.9283e-01 -1.2878e+00 +3.7524e-01 +7.6026e-01 +1.4595e+00
6122 0 +7.079304966e-02 +1.759079305e+01 +1.759079305e+01 +3.9479e-01 -1.2839e+00 +3.8306e-01 +7.7296e-01 +1.4800e+00
6502 0 +6.304510163e-02 +1.758304510e+01 +1.758304510e+01 +3.9723e-01 -1.2800e+00 +3.8990e-01 +7.8567e-01 +1.4985e+00
6882 0 +5.617200482e-02 +1.757617200e+01 +1.757617200e+01 +3.9870e-01 -1.2766e+00 +3.9674e-01 +7.9739e-01 +1.5171e+00
7244 0 +5.009669195e-02 +1.757009669e+01 +1.757009669e+01 +4.0065e-01 -1.2732e+00 +4.0309e-01 +8.0863e-01 +1.5347e+00
7604 0 +4.465053887e-02 +1.756465054e+01 +1.756465054e+01 +4.0212e-01 -1.2702e+00 +4.0896e-01 +8.1889e-01 +1.5523e+00
7940 0 +3.979793183e-02 +1.755979793e+01 +1.755979793e+01 +4.0358e-01 -1.2673e+00 +4.1433e-01 +8.2915e-01 +1.5684e+00
8272 0 +3.545548224e-02 +1.755545548e+01 +1.755545548e+01 +4.0456e-01 -1.2649e+00 +4.1922e-01 +8.3843e-01 +1.5850e+00
8572 0 +3.159382996e-02 +1.755159383e+01 +1.755159383e+01 +4.0603e-01 -1.2619e+00 +4.2410e-01 +8.4723e-01 +1.5997e+00
8868 0 +2.816673059e-02 +1.754816673e+01 +1.754816673e+01 +4.0749e-01 -1.2595e+00 +4.2899e-01 +8.5554e-01 +1.6139e+00
9152 0 +2.505172814e-02 +1.754505173e+01 +1.754505173e+01 +4.0847e-01 -1.2575e+00 +4.3290e-01 +8.6384e-01 +1.6280e+00
9438 0 +2.233831976e-02 +1.754233832e+01 +1.754233832e+01 +4.0945e-01 -1.2553e+00 +4.3705e-01 +8.7117e-01 +1.6412e+00
9922 0 +1.994274058e-02 +1.753994274e+01 +1.753994274e+01 +4.1067e-01 -1.2534e+00 +4.4072e-01 +8.7826e-01 +1.6532e+00
10412 0 +1.776404436e-02 +1.753776404e+01 +1.753776404e+01 +4.1140e-01 -1.2517e+00 +4.4438e-01 +8.8510e-01 +1.6652e+00
10872 0 +1.583971458e-02 +1.753583971e+01 +1.753583971e+01 +4.1238e-01 -1.2499e+00 +4.4780e-01 +8.9145e-01 +1.6764e+00
11312 0 +1.412270151e-02 +1.753412270e+01 +1.753412270e+01 +4.1311e-01 -1.2482e+00 +4.5098e-01 +8.9731e-01 +1.6871e+00
11732 0 +1.258532032e-02 +1.753258532e+01 +1.753258532e+01 +4.1409e-01 -1.2465e+00 +4.5391e-01 +9.0293e-01 +1.6974e+00
12132 0 +1.121015289e-02 +1.753121015e+01 +1.753121015e+01 +4.1482e-01 -1.2451e+00 +4.5684e-01 +9.0830e-01 +1.7072e+00
12518 0 +9.991904517e-03 +1.752999190e+01 +1.752999190e+01 +4.1555e-01 -1.2438e+00 +4.5953e-01 +9.1343e-01 +1.7165e+00
12872 0 +8.896130057e-03 +1.752889613e+01 +1.752889613e+01 +4.1604e-01 -1.2426e+00 +4.6197e-01 +9.1832e-01 +1.7253e+00
13530 0 +7.942256008e-03 +1.752794226e+01 +1.752794226e+01 +4.1665e-01 -1.2414e+00 +4.6429e-01 +9.2284e-01 +1.7334e+00
14172 0 +7.077391187e-03 +1.752707739e+01 +1.752707739e+01 +4.1726e-01 -1.2402e+00 +4.6649e-01 +9.2699e-01 +1.7414e+00
14800 0 +6.305784830e-03 +1.752630578e+01 +1.752630578e+01 +4.1775e-01 -1.2392e+00 +4.6857e-01 +9.3115e-01 +1.7490e+00
15380 0 +5.622938675e-03 +1.752562294e+01 +1.752562294e+01 +4.1836e-01 -1.2381e+00 +4.7052e-01 +9.3493e-01 +1.7560e+00
15932 0 +5.010605179e-03 +1.752501061e+01 +1.752501061e+01 +4.1873e-01 -1.2372e+00 +4.7247e-01 +9.3848e-01 +1.7629e+00
16468 0 +4.463898665e-03 +1.752446390e+01 +1.752446390e+01 +4.1922e-01 -1.2364e+00 +4.7418e-01 +9.4190e-01 +1.7694e+00
16962 0 +3.981034359e-03 +1.752398103e+01 +1.752398103e+01 +4.1958e-01 -1.2355e+00 +4.7577e-01 +9.4507e-01 +1.7755e+00
17442 0 +3.542226956e-03 +1.752354223e+01 +1.752354223e+01 +4.1995e-01 -1.2348e+00 +4.7736e-01 +9.4825e-01 +1.7813e+00
17882 0 +3.158545980e-03 +1.752315855e+01 +1.752315855e+01 +4.2032e-01 -1.2339e+00 +4.7883e-01 +9.5106e-01 +1.7867e+00
18312 0 +2.817290547e-03 +1.752281729e+01 +1.752281729e+01 +4.2068e-01 -1.2333e+00 +4.8017e-01 +9.5374e-01 +1.7920e+00
18702 0 +2.508628086e-03 +1.752250863e+01 +1.752250863e+01 +4.2105e-01 -1.2326e+00 +4.8151e-01 +9.5631e-01 +1.7967e+00
19222 0 +2.238417951e-03 +1.752223842e+01 +1.752223842e+01 +4.2142e-01 -1.2319e+00 +4.8280e-01 +9.5869e-01 +1.8012e+00
19950 0 +1.994865428e-03 +1.752199487e+01 +1.752199487e+01 +4.2172e-01 -1.2313e+00 +4.8396e-01 +9.6101e-01 +1.8056e+00
20632 0 +1.777561593e-03 +1.752177756e+01 +1.752177756e+01 +4.2197e-01 -1.2308e+00 +4.8499e-01 +9.6315e-01 +1.8098e+00
21278 0 +1.583746192e-03 +1.752158375e+01 +1.752158375e+01 +4.2227e-01 -1.2303e+00 +4.8609e-01 +9.6516e-01 +1.8138e+00
21882 0 +1.411023237e-03 +1.752141102e+01 +1.752141102e+01 +4.2252e-01 -1.2298e+00 +4.8707e-01 +9.6712e-01 +1.8175e+00
22466 0 +1.258786461e-03 +1.752125879e+01 +1.752125879e+01 +4.2270e-01 -1.2293e+00 +4.8799e-01 +9.6889e-01 +1.8210e+00
23012 0 +1.120554003e-03 +1.752112055e+01 +1.752112055e+01 +4.2294e-01 -1.2289e+00 +4.8884e-01 +9.7066e-01 +1.8244e+00
23522 0 +9.997013866e-04 +1.752099970e+01 +1.752099970e+01 +4.2313e-01 -1.2285e+00 +4.8964e-01 +9.7225e-01 +1.8275e+00
24028 0 +8.902026732e-04 +1.752089020e+01 +1.752089020e+01 +4.2331e-01 -1.2281e+00 +4.9043e-01 +9.7378e-01 +1.8305e+00
24482 0 +7.925515951e-04 +1.752079255e+01 +1.752079255e+01 +4.2349e-01 -1.2277e+00 +4.9116e-01 +9.7524e-01 +1.8334e+00
24912 0 +7.072620581e-04 +1.752070726e+01 +1.752070726e+01 +4.2368e-01 -1.2274e+00 +4.9184e-01 +9.7659e-01 +1.8360e+00
25338 0 +6.304727663e-04 +1.752063047e+01 +1.752063047e+01 +4.2386e-01 -1.2271e+00 +4.9251e-01 +9.7787e-01 +1.8386e+00
25728 0 +5.620221347e-04 +1.752056202e+01 +1.752056202e+01 +4.2398e-01 -1.2268e+00 +4.9312e-01 +9.7909e-01 +1.8409e+00
26092 0 +4.999846604e-04 +1.752049998e+01 +1.752049998e+01 +4.2416e-01 -1.2264e+00 +4.9367e-01 +9.8025e-01 +1.8432e+00
26692 0 +4.463496655e-04 +1.752044635e+01 +1.752044635e+01 +4.2432e-01 -1.2262e+00 +4.9422e-01 +9.8129e-01 +1.8453e+00
27342 0 +3.981018515e-04 +1.752039810e+01 +1.752039810e+01 +4.2444e-01 -1.2259e+00 +4.9474e-01 +9.8233e-01 +1.8473e+00
27972 0 +3.544238868e-04 +1.752035442e+01 +1.752035442e+01 +4.2456e-01 -1.2257e+00 +4.9522e-01 +9.8330e-01 +1.8492e+00
28566 0 +3.161083130e-04 +1.752031611e+01 +1.752031611e+01 +4.2465e-01 -1.2255e+00 +4.9568e-01 +9.8419e-01 +1.8510e+00
29120 0 +2.817907296e-04 +1.752028179e+01 +1.752028179e+01 +4.2478e-01 -1.2252e+00 +4.9611e-01 +9.8508e-01 +1.8527e+00
29652 0 +2.511073937e-04 +1.752025111e+01 +1.752025111e+01 +4.2487e-01 -1.2251e+00 +4.9651e-01 +9.8587e-01 +1.8543e+00
30152 0 +2.236111444e-04 +1.752022361e+01 +1.752022361e+01 +4.2496e-01 -1.2249e+00 +4.9690e-01 +9.8666e-01 +1.8558e+00
30626 0 +1.991972810e-04 +1.752019920e+01 +1.752019920e+01 +4.2505e-01 -1.2247e+00 +4.9727e-01 +9.8737e-01 +1.8573e+00
31062 0 +1.775528629e-04 +1.752017755e+01 +1.752017755e+01 +4.2514e-01 -1.2245e+00 +4.9761e-01 +9.8807e-01 +1.8586e+00
31480 0 +1.582242489e-04 +1.752015822e+01 +1.752015822e+01 +4.2523e-01 -1.2243e+00 +4.9794e-01 +9.8871e-01 +1.8599e+00
31876 0 +1.410247403e-04 +1.752014102e+01 +1.752014102e+01 +4.2529e-01 -1.2242e+00 +4.9825e-01 +9.8932e-01 +1.8611e+00
32250 0 +1.256160907e-04 +1.752012562e+01 +1.752012562e+01 +4.2539e-01 -1.2240e+00 +4.9855e-01 +9.8990e-01 +1.8622e+00
32878 0 +1.121771804e-04 +1.752011218e+01 +1.752011218e+01 +4.2545e-01 -1.2239e+00 +4.9881e-01 +9.9042e-01 +1.8633e+00
33542 0 +9.985609872e-05 +1.752009986e+01 +1.752009986e+01 +4.2552e-01 -1.2238e+00 +4.9907e-01 +9.9094e-01 +1.8643e+00
34182 0 +8.902757779e-05 +1.752008903e+01 +1.752008903e+01 +4.2557e-01 -1.2237e+00 +4.9930e-01 +9.9143e-01 +1.8653e+00
34780 0 +7.936946025e-05 +1.752007937e+01 +1.752007937e+01 +4.2563e-01 -1.2235e+00 +4.9953e-01 +9.9188e-01 +1.8662e+00
35340 0 +7.079258334e-05 +1.752007079e+01 +1.752007079e+01 +4.2569e-01 -1.2234e+00 +4.9974e-01 +9.9231e-01 +1.8670e+00
35862 0 +6.309356256e-05 +1.752006309e+01 +1.752006309e+01 +4.2574e-01 -1.2233e+00 +4.9996e-01 +9.9271e-01 +1.8679e+00
36372 0 +5.619082934e-05 +1.752005619e+01 +1.752005619e+01 +4.2578e-01 -1.2232e+00 +5.0014e-01 +9.9311e-01 +1.8686e+00
36850 0 +5.011029922e-05 +1.752005011e+01 +1.752005011e+01 +4.2583e-01 -1.2231e+00 +5.0032e-01 +9.9347e-01 +1.8693e+00
37282 0 +4.464713234e-05 +1.752004465e+01 +1.752004465e+01 +4.2587e-01 -1.2230e+00 +5.0051e-01 +9.9381e-01 +1.8700e+00
37714 0 +3.979865372e-05 +1.752003980e+01 +1.752003980e+01 +4.2592e-01 -1.2230e+00 +5.0066e-01 +9.9413e-01 +1.8707e+00
38112 0 +3.547761290e-05 +1.752003548e+01 +1.752003548e+01 +4.2595e-01 -1.2229e+00 +5.0081e-01 +9.9443e-01 +1.8713e+00
38542 0 +3.161250495e-05 +1.752003161e+01 +1.752003161e+01 +4.2600e-01 -1.2228e+00 +5.0097e-01 +9.9472e-01 +1.8719e+00
39252 0 +2.817271287e-05 +1.752002817e+01 +1.752002817e+01 +4.2603e-01 -1.2227e+00 +5.0110e-01 +9.9500e-01 +1.8724e+00
39940 0 +2.510986506e-05 +1.752002511e+01 +1.752002511e+01 +4.2606e-01 -1.2227e+00 +5.0123e-01 +9.9526e-01 +1.8729e+00
40572 0 +2.237811379e-05 +1.752002238e+01 +1.752002238e+01 +4.2609e-01 -1.2226e+00 +5.0135e-01 +9.9550e-01 +1.8734e+00
41180 0 +1.994927938e-05 +1.752001995e+01 +1.752001995e+01 +4.2611e-01 -1.2226e+00 +5.0146e-01 +9.9573e-01 +1.8739e+00
41732 0 +1.776449824e-05 +1.752001776e+01 +1.752001776e+01 +4.2614e-01 -1.2225e+00 +5.0158e-01 +9.9595e-01 +1.8743e+00
42272 0 +1.583589284e-05 +1.752001584e+01 +1.752001584e+01 +4.2616e-01 -1.2225e+00 +5.0168e-01 +9.9615e-01 +1.8747e+00
42790 0 +1.412003037e-05 +1.752001412e+01 +1.752001412e+01 +4.2619e-01 -1.2224e+00 +5.0178e-01 +9.9635e-01 +1.8751e+00
43262 0 +1.258820863e-05 +1.752001259e+01 +1.752001259e+01 +4.2621e-01 -1.2224e+00 +5.0186e-01 +9.9653e-01 +1.8755e+00
43710 0 +1.121810326e-05 +1.752001122e+01 +1.752001122e+01 +4.2623e-01 -1.2223e+00 +5.0195e-01 +9.9670e-01 +1.8758e+00
44130 0 +9.996231640e-06 +1.752001000e+01 +1.752001000e+01 +4.2626e-01 -1.2223e+00 +5.0203e-01 +9.9686e-01 +1.8761e+00
44542 0 +8.910037451e-06 +1.752000891e+01 +1.752000891e+01 +4.2627e-01 -1.2223e+00 +5.0210e-01 +9.9702e-01 +1.8764e+00
44912 0 +7.931283623e-06 +1.752000793e+01 +1.752000793e+01 +4.2629e-01 -1.2222e+00 +5.0218e-01 +9.9716e-01 +1.8767e+00
45412 0 +7.073018526e-06 +1.752000707e+01 +1.752000707e+01 +4.2631e-01 -1.2222e+00 +5.0225e-01 +9.9729e-01 +1.8770e+00
46090 0 +6.308624616e-06 +1.752000631e+01 +1.752000631e+01 +4.2633e-01 -1.2221e+00 +5.0231e-01 +9.9742e-01 +1.8772e+00
46730 0 +5.621077147e-06 +1.752000562e+01 +1.752000562e+01 +4.2634e-01 -1.2221e+00 +5.0237e-01 +9.9755e-01 +1.8775e+00
47332 0 +5.003888003e-06 +1.752000500e+01 +1.752000500e+01 +4.2636e-01 -1.2221e+00 +5.0243e-01 +9.9766e-01 +1.8777e+00
47902 0 +4.462662861e-06 +1.752000446e+01 +1.752000446e+01 +4.2637e-01 -1.2221e+00 +5.0249e-01 +9.9777e-01 +1.8779e+00
48442 0 +3.978041736e-06 +1.752000398e+01 +1.752000398e+01 +4.2638e-01 -1.2220e+00 +5.0254e-01 +9.9787e-01 +1.8781e+00
48942 0 +3.547849996e-06 +1.752000355e+01 +1.752000355e+01 +4.2640e-01 -1.2220e+00 +5.0258e-01 +9.9797e-01 +1.8783e+00
49432 0 +3.162127875e-06 +1.752000316e+01 +1.752000316e+01 +4.2640e-01 -1.2220e+00 +5.0263e-01 +9.9806e-01 +1.8785e+00
49882 0 +2.817154353e-06 +1.752000282e+01 +1.752000282e+01 +4.2642e-01 -1.2220e+00 +5.0267e-01 +9.9815e-01 +1.8787e+00
50000 0 +2.730895698e-06 +1.752000273e+01 +1.752000273e+01 +4.2642e-01 -1.2220e+00 +5.0268e-01 +9.9817e-01 +1.8787e+00
% f evaluations | g evaluations | best noise-free fitness - Fopt (4.041000000000e+01) + sum g_i+ | measured fitness | best measured fitness or single-digit g-values | x1 | x2...
1 0 +2.583840189e+04 +2.587881189e+04 +2.587881189e+04 +0.0000e+00 +0.0000e+00 +0.0000e+00 +0.0000e+00 +0.0000e+00
8 0 +2.102027506e+04 +2.106068506e+04 +2.106068506e+04 -1.3041e+00 -3.0835e-01 -3.8864e-01 -6.1741e-01 +4.6734e-01
41 0 +1.722680867e+04 +1.726721867e+04 +1.726721867e+04 +4.5538e+00 -3.0835e-01 -3.8864e-01 -6.1741e-01 +4.6734e-01
42 0 +1.164336251e+04 +1.168377251e+04 +1.168377251e+04 +3.9930e+00 -1.0740e-01 -7.9189e-01 -7.7712e-01 +6.1322e-01
57 0 +3.724941644e+03 +3.765351644e+03 +3.765351644e+03 +3.4111e+00 +2.6386e-01 -6.5944e-01 -1.6050e+00 +8.0055e-02
200 0 +2.806666456e+03 +2.847076456e+03 +2.847076456e+03 +2.1034e-01 -7.1789e-01 +5.1803e-01 -2.2797e+00 -1.3468e+00
206 0 +4.910356539e+01 +8.951356539e+01 +8.951356539e+01 +1.6249e+00 -3.0835e-01 -3.8864e-01 -3.5463e+00 +4.6734e-01
207 0 +2.585887905e+01 +6.626887905e+01 +6.626887905e+01 +1.0641e+00 -1.0740e-01 -7.9189e-01 -3.7060e+00 +6.1322e-01
1688 0 +9.798203359e+00 +5.020820336e+01 +5.020820336e+01 +1.0006e+00 +0.0000e+00 -5.0032e-01 -3.6580e+00 +0.0000e+00
1712 0 +6.141702943e+00 +4.655170294e+01 +4.655170294e+01 +1.0006e+00 +0.0000e+00 -5.0032e-01 -3.6580e+00 +2.5016e-01
1727 0 +4.954995689e+00 +4.536499569e+01 +4.536499569e+01 +1.0006e+00 +0.0000e+00 -6.2541e-01 -3.6580e+00 +2.5016e-01
1766 0 +4.355572155e+00 +4.476557215e+01 +4.476557215e+01 +1.0006e+00 +3.1270e-02 -5.6287e-01 -3.6580e+00 +1.8762e-01
4990 0 +3.981059237e+00 +4.439105924e+01 +4.439105924e+01 +8.9609e-01 +1.8078e-01 -3.2980e-01 -3.3624e+00 +4.4707e-01
50000 0 +3.930839488e+00 +4.434083949e+01 +4.434083949e+01 +8.5858e-01 +2.5127e-01 -2.0341e-01 -3.1563e+00 +7.2676e-01
% f evaluations | g evaluations | best noise-free fitness - Fopt (2.265900000000e+02) + sum g_i+ | measured fitness | best measured fitness or single-digit g-values | x1 | x2...
1 0 +1.588860493e+04 +1.611519493e+04 +1.611519493e+04 +0.0000e+00 +0.0000e+00 +0.0000e+00 +0.0000e+00 +0.0000e+00
4 0 +1.404068297e+04 +1.426727297e+04 +1.426727297e+04 -1.8967e+00 +9.1297e-01 +7.7507e-02 +1.3232e+00 +5.4876e-01
5 0 +9.197920498e+03 +9.424510498e+03 +9.424510498e+03 -3.6473e+00 +3.0830e-01 -8.0168e-01 +7.3443e-01 -4.1741e-02
9 0 +8.557321248e+03 +8.783911248e+03 +8.783911248e+03 -1.8648e+00 -1.0740e-01 -7.9189e-01 -7.7712e-01 +6.1322e-01
10 0 +4.961298663e+03 +5.187888663e+03 +5.187888663e+03 -1.9226e+00 +7.3542e-01 -9.0108e-01 +3.1434e-01 +1.5799e-01
12 0 +2.684729476e+03 +2.911319476e+03 +2.911319476e+03 -2.5794e+00 +7.6323e-01 -1.7617e+00 -3.8649e-01 -5.6869e-01
134 0 +9.345461150e+02 +1.161136115e+03 +1.161136115e+03 +2.1034e-01 -7.1789e-01 -2.4109e+00 +6.4926e-01 -1.3468e+00
135 0 +5.337638482e+02 +7.603538482e+02 +7.603538482e+02 -1.5450e+00 +1.5168e-01 -3.3041e+00 -1.9934e-02 -1.0121e+00
137 0 +3.076719459e+02 +5.342619459e+02 +5.342619459e+02 -7.1842e-01 +3.0830e-01 -3.7306e+00 +7.3443e-01 -4.1741e-02
154 0 +2.220094452e+02 +4.485994452e+02 +4.485994452e+02 -3.1654e-01 +1.0875e+00 -3.2271e+00 +6.1733e-01 -7.8147e-01
1661 0 +1.268945150e+02 +3.534845150e+02 +3.534845150e+02 -1.0006e+00 +0.0000e+00 -3.6580e+00 +1.0006e+00 -1.0006e+00
1670 0 +9.894351962e+01 +3.255335196e+02 +3.255335196e+02 -1.0006e+00 +0.0000e+00 -3.6580e+00 +2.0013e+00 -1.0006e+00
1671 0 +3.118526828e+01 +2.577752683e+02 +2.577752683e+02 -1.0006e+00 +0.0000e+00 -3.6580e+00 +2.0013e+00 -2.0013e+00
1688 0 +2.324897663e+01 +2.498389766e+02 +2.498389766e+02 -1.0006e+00 +0.0000e+00 -3.1577e+00 +2.0013e+00 -2.0013e+00
1689 0 +6.418244098e+00 +2.330082441e+02 +2.330082441e+02 -1.0006e+00 +0.0000e+00 -3.1577e+00 +1.5010e+00 -2.0013e+00
1716 0 +5.483496030e+00 +2.320734960e+02 +2.320734960e+02 -1.0006e+00 +1.2508e-01 -3.1577e+00 +1.5010e+00 -2.0013e+00
1720 0 +4.117353923e+00 +2.307073539e+02 +2.307073539e+02 -1.0006e+00 +1.2508e-01 -3.2828e+00 +1.6261e+00 -2.0013e+00
1724 0 +3.817560155e+00 +2.304075602e+02 +2.304075602e+02 -8.7557e-01 +1.2508e-01 -3.2828e+00 +1.6261e+00 -2.0013e+00
1748 0 +3.534698317e+00 +2.301246983e+02 +2.301246983e+02 -8.7557e-01 +1.2508e-01 -3.2202e+00 +1.6261e+00 -2.0013e+00
1816 0 +3.155015721e+00 +2.297450157e+02 +2.297450157e+02 -7.6612e-01 +2.0326e-01 -3.2202e+00 +1.5948e+00 -2.0013e+00
1886 0 +2.801857106e+00 +2.293918571e+02 +2.293918571e+02 -6.5668e-01 +2.9707e-01 -3.1890e+00 +1.6104e+00 -2.0013e+00
1944 0 +2.502295734e+00 +2.290922957e+02 +2.290922957e+02 -5.6287e-01 +3.7524e-01 -3.1421e+00 +1.6104e+00 -2.0013e+00
2026 0 +2.234128438e+00 +2.288241284e+02 +2.288241284e+02 -5.0814e-01 +4.5342e-01 -3.0952e+00 +1.6261e+00 -2.0013e+00
2114 0 +1.994318828e+00 +2.285843188e+02 +2.285843188e+02 -4.5342e-01 +5.1596e-01 -3.0404e+00 +1.6417e+00 -2.0013e+00
2186 0 +1.773621906e+00 +2.283636219e+02 +2.283636219e+02 -4.1433e-01 +5.7850e-01 -2.9857e+00 +1.6651e+00 -2.0013e+00
2254 0 +1.574030584e+00 +2.281640306e+02 +2.281640306e+02 -3.7524e-01 +6.2541e-01 -2.9310e+00 +1.6964e+00 -1.9935e+00
2318 0 +1.411389858e+00 +2.280013899e+02 +2.280013899e+02 -3.4788e-01 +6.6840e-01 -2.8880e+00 +1.7199e+00 -1.9935e+00
2428 0 +1.255565375e+00 +2.278455654e+02 +2.278455654e+02 -3.2443e-01 +7.0749e-01 -2.8450e+00 +1.7550e+00 -1.9778e+00
2538 0 +1.117953788e+00 +2.277079538e+02 +2.277079538e+02 -3.0489e-01 +7.3876e-01 -2.8020e+00 +1.7902e+00 -1.9661e+00
2638 0 +9.907352701e-01 +2.275807353e+02 +2.275807353e+02 -2.8534e-01 +7.7003e-01 -2.7629e+00 +1.8254e+00 -1.9505e+00
2720 0 +8.912013513e-01 +2.274812014e+02 +2.274812014e+02 -2.6971e-01 +7.9348e-01 -2.7316e+00 +1.8606e+00 -1.9348e+00
2810 0 +7.938370667e-01 +2.273838371e+02 +2.273838371e+02 -2.5798e-01 +8.1303e-01 -2.6965e+00 +1.8958e+00 -1.9153e+00
2890 0 +7.034236458e-01 +2.272934236e+02 +2.272934236e+02 -2.4625e-01 +8.3648e-01 -2.6652e+00 +1.9270e+00 -1.8958e+00
2976 0 +6.267770535e-01 +2.272167771e+02 +2.272167771e+02 -2.3453e-01 +8.5602e-01 -2.6378e+00 +1.9583e+00 -1.8723e+00
3058 0 +5.599147701e-01 +2.271499148e+02 +2.271499148e+02 -2.2671e-01 +8.7166e-01 -2.6105e+00 +1.9896e+00 -1.8489e+00
3140 0 +5.003243806e-01 +2.270903244e+02 +2.270903244e+02 -2.1889e-01 +8.8339e-01 -2.5870e+00 +2.0248e+00 -1.8215e+00
3208 0 +4.434950092e-01 +2.270334950e+02 +2.270334950e+02 -2.0717e-01 +9.0293e-01 -2.5636e+00 +2.0482e+00 -1.7980e+00
3332 0 +3.976960538e-01 +2.269876961e+02 +2.269876961e+02 -2.0326e-01 +9.1075e-01 -2.5460e+00 +2.0775e+00 -1.7726e+00
3460 0 +3.541431626e-01 +2.269441432e+02 +2.269441432e+02 -1.9544e-01 +9.2443e-01 -2.5264e+00 +2.1029e+00 -1.7492e+00
3594 0 +3.159964239e-01 +2.269059964e+02 +2.269059964e+02 -1.8958e-01 +9.3420e-01 -2.5088e+00 +2.1283e+00 -1.7218e+00
3746 0 +2.815237134e-01 +2.268715237e+02 +2.268715237e+02 -1.8567e-01 +9.4397e-01 -2.4932e+00 +2.1537e+00 -1.6925e+00
3870 0 +2.506320449e-01 +2.268406320e+02 +2.268406320e+02 -1.7980e-01 +9.5374e-01 -2.4756e+00 +2.1772e+00 -1.6691e+00
4002 0 +2.234549529e-01 +2.268134550e+02 +2.268134550e+02 -1.7590e-01 +9.6156e-01 -2.4619e+00 +2.1987e+00 -1.6417e+00
4140 0 +1.994497639e-01 +2.267894498e+02 +2.267894498e+02 -1.7199e-01 +9.6938e-01 -2.4483e+00 +2.2202e+00 -1.6163e+00
4362 0 +1.772329985e-01 +2.267672330e+02 +2.267672330e+02 -1.6808e-01 +9.7622e-01 -2.4355e+00 +2.2407e+00 -1.5899e+00
4622 0 +1.580734993e-01 +2.267480735e+02 +2.267480735e+02 -1.6417e-01 +9.8306e-01 -2.4248e+00 +2.2593e+00 -1.5645e+00
4870 0 +1.411890673e-01 +2.267311891e+02 +2.267311891e+02 -1.6124e-01 +9.8892e-01 -2.4131e+00 +2.2778e+00 -1.5410e+00
5112 0 +1.258439951e-01 +2.267158440e+02 +2.267158440e+02 -1.5831e-01 +9.9381e-01 -2.4033e+00 +2.2945e+00 -1.5166e+00
5352 0 +1.120806905e-01 +2.267020807e+02 +2.267020807e+02 -1.5537e-01 +9.9967e-01 -2.3935e+00 +2.3101e+00 -1.4932e+00
5592 0 +9.989173981e-02 +2.266898917e+02 +2.266898917e+02 -1.5342e-01 +1.0036e+00 -2.3847e+00 +2.3267e+00 -1.4697e+00
5812 0 +8.882184787e-02 +2.266788218e+02 +2.266788218e+02 -1.5049e-01 +1.0085e+00 -2.3759e+00 +2.3414e+00 -1.4482e+00
6182 0 +7.942361669e-02 +2.266694236e+02 +2.266694236e+02 -1.4805e-01 +1.0134e+00 -2.3681e+00 +2.3541e+00 -1.4287e+00
6602 0 +7.073764652e-02 +2.266607376e+02 +2.266607376e+02 -1.4609e-01 +1.0173e+00 -2.3608e+00 +2.3673e+00 -1.4081e+00
6992 0 +6.303350571e-02 +2.266530335e+02 +2.266530335e+02 -1.4414e-01 +1.0212e+00 -2.3535e+00 +2.3800e+00 -1.3891e+00
7382 0 +5.613104816e-02 +2.266461310e+02 +2.266461310e+02 -1.4218e-01 +1.0246e+00 -2.3471e+00 +2.3917e+00 -1.3700e+00
7750 0 +5.007330781e-02 +2.266400733e+02 +2.266400733e+02 -1.4072e-01 +1.0280e+00 -2.3408e+00 +2.4029e+00 -1.3524e+00
8102 0 +4.458442758e-02 +2.266345844e+02 +2.266345844e+02 -1.3925e-01 +1.0309e+00 -2.3349e+00 +2.4132e+00 -1.3349e+00
8440 0 +3.979257912e-02 +2.266297926e+02 +2.266297926e+02 -1.3778e-01 +1.0339e+00 -2.3295e+00 +2.4234e+00 -1.3187e+00
8772 0 +3.545284521e-02 +2.266254528e+02 +2.266254528e+02 -1.3681e-01 +1.0363e+00 -2.3241e+00 +2.4327e+00 -1.3021e+00
9072 0 +3.157679315e-02 +2.266215768e+02 +2.266215768e+02 -1.3485e-01 +1.0392e+00 -2.3198e+00 +2.4415e+00 -1.2875e+00
9368 0 +2.818139589e-02 +2.266181814e+02 +2.266181814e+02 -1.3388e-01 +1.0412e+00 -2.3149e+00 +2.4498e+00 -1.2733e+00
9668 0 +2.511392906e-02 +2.266151139e+02 +2.266151139e+02 -1.3265e-01 +1.0436e+00 -2.3107e+00 +2.4576e+00 -1.2596e+00
10202 0 +2.235213778e-02 +2.266123521e+02 +2.266123521e+02 -1.3168e-01 +1.0456e+00 -2.3068e+00 +2.4655e+00 -1.2464e+00
10702 0 +1.995159989e-02 +2.266099516e+02 +2.266099516e+02 -1.3070e-01 +1.0476e+00 -2.3029e+00 +2.4726e+00 -1.2342e+00
11198 0 +1.777277952e-02 +2.266077728e+02 +2.266077728e+02 -1.2972e-01 +1.0495e+00 -2.2992e+00 +2.4791e+00 -1.2222e+00
11662 0 +1.583064648e-02 +2.266058306e+02 +2.266058306e+02 -1.2875e-01 +1.0512e+00 -2.2961e+00 +2.4855e+00 -1.2107e+00
12102 0 +1.411787550e-02 +2.266041179e+02 +2.266041179e+02 -1.2801e-01 +1.0527e+00 -2.2929e+00 +2.4916e+00 -1.2000e+00
12522 0 +1.258429845e-02 +2.266025843e+02 +2.266025843e+02 -1.2728e-01 +1.0544e+00 -2.2899e+00 +2.4972e+00 -1.1897e+00
12932 0 +1.119361713e-02 +2.266011936e+02 +2.266011936e+02 -1.2655e-01 +1.0556e+00 -2.2870e+00 +2.5028e+00 -1.1797e+00
13302 0 +9.977423715e-03 +2.265999774e+02 +2.265999774e+02 -1.2581e-01 +1.0573e+00 -2.2843e+00 +2.5077e+00 -1.1707e+00
13666 0 +8.904447232e-03 +2.265989044e+02 +2.265989044e+02 -1.2508e-01 +1.0585e+00 -2.2819e+00 +2.5124e+00 -1.1619e+00
14008 0 +7.939394920e-03 +2.265979394e+02 +2.265979394e+02 -1.2459e-01 +1.0595e+00 -2.2794e+00 +2.5170e+00 -1.1536e+00
14330 0 +7.076872788e-03 +2.265970769e+02 +2.265970769e+02 -1.2386e-01 +1.0607e+00 -2.2772e+00 +2.5214e+00 -1.1458e+00
14636 0 +6.309392614e-03 +2.265963094e+02 +2.265963094e+02 -1.2337e-01 +1.0620e+00 -2.2753e+00 +2.5253e+00 -1.1382e+00
14940 0 +5.617676692e-03 +2.265956177e+02 +2.265956177e+02 -1.2288e-01 +1.0628e+00 -2.2732e+00 +2.5291e+00 -1.1311e+00
15492 0 +5.010081108e-03 +2.265950101e+02 +2.265950101e+02 -1.2252e-01 +1.0637e+00 -2.2714e+00 +2.5328e+00 -1.1243e+00
16012 0 +4.466088576e-03 +2.265944661e+02 +2.265944661e+02 -1.2203e-01 +1.0647e+00 -2.2697e+00 +2.5361e+00 -1.1179e+00
16512 0 +3.973661737e-03 +2.265939737e+02 +2.265939737e+02 -1.2154e-01 +1.0655e+00 -2.2680e+00 +2.5394e+00 -1.1118e+00
16992 0 +3.544207605e-03 +2.265935442e+02 +2.265935442e+02 -1.2117e-01 +1.0662e+00 -2.2665e+00 +2.5424e+00 -1.1059e+00
17422 0 +3.162276662e-03 +2.265931623e+02 +2.265931623e+02 -1.2081e-01 +1.0671e+00 -2.2649e+00 +2.5452e+00 -1.1007e+00
17852 0 +2.816799483e-03 +2.265928168e+02 +2.265928168e+02 -1.2044e-01 +1.0678e+00 -2.2636e+00 +2.5479e+00 -1.0954e+00
18280 0 +2.510450252e-03 +2.265925105e+02 +2.265925105e+02 -1.2020e-01 +1.0683e+00 -2.2623e+00 +2.5506e+00 -1.0903e+00
18632 0 +2.236505867e-03 +2.265922365e+02 +2.265922365e+02 -1.1983e-01 +1.0691e+00 -2.2610e+00 +2.5529e+00 -1.0859e+00
19262 0 +1.994599196e-03 +2.265919946e+02 +2.265919946e+02 -1.1952e-01 +1.0696e+00 -2.2599e+00 +2.5552e+00 -1.0815e+00
19942 0 +1.777937731e-03 +2.265917779e+02 +2.265917779e+02 -1.1922e-01 +1.0702e+00 -2.2588e+00 +2.5573e+00 -1.0774e+00
20592 0 +1.582817226e-03 +2.265915828e+02 +2.265915828e+02 -1.1897e-01 +1.0707e+00 -2.2578e+00 +2.5594e+00 -1.0734e+00
21198 0 +1.412217312e-03 +2.265914122e+02 +2.265914122e+02 -1.1873e-01 +1.0712e+00 -2.2567e+00 +2.5613e+00 -1.0697e+00
21772 0 +1.257187066e-03 +2.265912572e+02 +2.265912572e+02 -1.1849e-01 +1.0717e+00 -2.2558e+00 +2.5631e+00 -1.0662e+00
22328 0 +1.121991756e-03 +2.265911220e+02 +2.265911220e+02 -1.1830e-01 +1.0720e+00 -2.2550e+00 +2.5648e+00 -1.0628e+00
22832 0 +9.998727726e-04 +2.265909999e+02 +2.265909999e+02 -1.1806e-01 +1.0725e+00 -2.2542e+00 +2.5664e+00 -1.0597e+00
23328 0 +8.909250037e-04 +2.265908909e+02 +2.265908909e+02 -1.1787e-01 +1.0729e+00 -2.2534e+00 +2.5680e+00 -1.0567e+00
23782 0 +7.937856166e-04 +2.265907938e+02 +2.265907938e+02 -1.1769e-01 +1.0733e+00 -2.2526e+00 +2.5694e+00 -1.0539e+00
24232 0 +7.061260850e-04 +2.265907061e+02 +2.265907061e+02 -1.1751e-01 +1.0736e+00 -2.2520e+00 +2.5708e+00 -1.0512e+00
24652 0 +6.305919950e-04 +2.265906306e+02 +2.265906306e+02 -1.1739e-01 +1.0739e+00 -2.2513e+00 +2.5721e+00 -1.0486e+00
25032 0 +5.617368014e-04 +2.265905617e+02 +2.265905617e+02 -1.1720e-01 +1.0742e+00 -2.2507e+00 +2.5733e+00 -1.0463e+00
25682 0 +5.008556951e-04 +2.265905009e+02 +2.265905009e+02 -1.1705e-01 +1.0745e+00 -2.2501e+00 +2.5744e+00 -1.0441e+00
26382 0 +4.462781116e-04 +2.265904463e+02 +2.265904463e+02 -1.1690e-01 +1.0748e+00 -2.2496e+00 +2.5755e+00 -1.0419e+00
27040 0 +3.980165183e-04 +2.265903980e+02 +2.265903980e+02 -1.1677e-01 +1.0751e+00 -2.2491e+00 +2.5765e+00 -1.0400e+00
27662 0 +3.545998902e-04 +2.265903546e+02 +2.265903546e+02 -1.1665e-01 +1.0753e+00 -2.2486e+00 +2.5775e+00 -1.0380e+00
28258 0 +3.160468694e-04 +2.265903160e+02 +2.265903160e+02 -1.1653e-01 +1.0755e+00 -2.2481e+00 +2.5784e+00 -1.0362e+00
28812 0 +2.818287720e-04 +2.265902818e+02 +2.265902818e+02 -1.1644e-01 +1.0757e+00 -2.2477e+00 +2.5792e+00 -1.0345e+00
29342 0 +2.510904835e-04 +2.265902511e+02 +2.265902511e+02 -1.1635e-01 +1.0760e+00 -2.2473e+00 +2.5801e+00 -1.0329e+00
29832 0 +2.236468524e-04 +2.265902236e+02 +2.265902236e+02 -1.1623e-01 +1.0762e+00 -2.2469e+00 +2.5808e+00 -1.0314e+00
30302 0 +1.992070447e-04 +2.265901992e+02 +2.265901992e+02 -1.1613e-01 +1.0764e+00 -2.2465e+00 +2.5816e+00 -1.0300e+00
30760 0 +1.776405593e-04 +2.265901776e+02 +2.265901776e+02 -1.1607e-01 +1.0765e+00 -2.2462e+00 +2.5823e+00 -1.0286e+00
31172 0 +1.580792402e-04 +2.265901581e+02 +2.265901581e+02 -1.1598e-01 +1.0767e+00 -2.2459e+00 +2.5829e+00 -1.0273e+00
31602 0 +1.410661827e-04 +2.265901411e+02 +2.265901411e+02 -1.1589e-01 +1.0768e+00 -2.2455e+00 +2.5835e+00 -1.0261e+00
32352 0 +1.258534654e-04 +2.265901259e+02 +2.265901259e+02 -1.1581e-01 +1.0770e+00 -2.2453e+00 +2.5841e+00 -1.0250e+00
33062 0 +1.120759669e-04 +2.265901121e+02 +2.265901121e+02 -1.1575e-01 +1.0771e+00 -2.2450e+00 +2.5846e+00 -1.0239e+00
33730 0 +9.999173020e-05 +2.265901000e+02 +2.265901000e+02 -1.1569e-01 +1.0772e+00 -2.2447e+00 +2.5851e+00 -1.0229e+00
34354 0 +8.909117693e-05 +2.265900891e+02 +2.265900891e+02 -1.1561e-01 +1.0774e+00 -2.2445e+00 +2.5856e+00 -1.0219e+00
34952 0 +7.938070110e-05 +2.265900794e+02 +2.265900794e+02 -1.1557e-01 +1.0775e+00 -2.2443e+00 +2.5861e+00 -1.0210e+00
35520 0 +7.078549336e-05 +2.265900708e+02 +2.265900708e+02 -1.1551e-01 +1.0776e+00 -2.2440e+00 +2.5865e+00 -1.0202e+00
36048 0 +6.307792520e-05 +2.265900631e+02 +2.265900631e+02 -1.1546e-01 +1.0777e+00 -2.2438e+00 +2.5869e+00 -1.0194e+00
36552 0 +5.622420946e-05 +2.265900562e+02 +2.265900562e+02 -1.1542e-01 +1.0778e+00 -2.2437e+00 +2.5873e+00 -1.0186e+00
37022 0 +5.009623263e-05 +2.265900501e+02 +2.265900501e+02 -1.1537e-01 +1.0779e+00 -2.2435e+00 +2.5877e+00 -1.0179e+00
37480 0 +4.463027912e-05 +2.265900446e+02 +2.265900446e+02 -1.1532e-01 +1.0780e+00 -2.2433e+00 +2.5880e+00 -1.0172e+00
37892 0 +3.977480708e-05 +2.265900398e+02 +2.265900398e+02 -1.1528e-01 +1.0780e+00 -2.2431e+00 +2.5883e+00 -1.0165e+00
38292 0 +3.544345245e-05 +2.265900354e+02 +2.265900354e+02 -1.1525e-01 +1.0781e+00 -2.2430e+00 +2.5886e+00 -1.0159e+00
38672 0 +3.161532720e-05 +2.265900316e+02 +2.265900316e+02 -1.1520e-01 +1.0782e+00 -2.2428e+00 +2.5889e+00 -1.0153e+00
39032 0 +2.815871753e-05 +2.265900282e+02 +2.265900282e+02 -1.1517e-01 +1.0782e+00 -2.2427e+00 +2.5892e+00 -1.0148e+00
39370 0 +2.507076158e-05 +2.265900251e+02 +2.265900251e+02 -1.1514e-01 +1.0783e+00 -2.2426e+00 +2.5895e+00 -1.0143e+00
39690 0 +2.232401081e-05 +2.265900223e+02 +2.265900223e+02 -1.1511e-01 +1.0784e+00 -2.2424e+00 +2.5897e+00 -1.0138e+00
39992 0 +1.990338581e-05 +2.265900199e+02 +2.265900199e+02 -1.1508e-01 +1.0784e+00 -2.2423e+00 +2.5899e+00 -1.0133e+00
40272 0 +1.775993292e-05 +2.265900178e+02 +2.265900178e+02 -1.1505e-01 +1.0785e+00 -2.2422e+00 +2.5902e+00 -1.0129e+00
40532 0 +1.583304123e-05 +2.265900158e+02 +2.265900158e+02 -1.1503e-01 +1.0785e+00 -2.2421e+00 +2.5903e+00 -1.0125e+00
41000 0 +1.411264273e-05 +2.265900141e+02 +2.265900141e+02 -1.1501e-01 +1.0786e+00 -2.2420e+00 +2.5905e+00 -1.0121e+00
41476 0 +1.258454392e-05 +2.265900126e+02 +2.265900126e+02 -1.1499e-01 +1.0786e+00 -2.2419e+00 +2.5907e+00 -1.0117e+00
41922 0 +1.120280203e-05 +2.265900112e+02 +2.265900112e+02 -1.1497e-01 +1.0787e+00 -2.2419e+00 +2.5909e+00 -1.0114e+00
42342 0 +9.985613218e-06 +2.265900100e+02 +2.265900100e+02 -1.1494e-01 +1.0787e+00 -2.2418e+00 +2.5911e+00 -1.0111e+00
42756 0 +8.906975410e-06 +2.265900089e+02 +2.265900089e+02 -1.1493e-01 +1.0788e+00 -2.2417e+00 +2.5912e+00 -1.0108e+00
43128 0 +7.939805698e-06 +2.265900079e+02 +2.265900079e+02 -1.1490e-01 +1.0788e+00 -2.2416e+00 +2.5914e+00 -1.0105e+00
43482 0 +7.070523708e-06 +2.265900071e+02 +2.265900071e+02 -1.1489e-01 +1.0788e+00 -2.2416e+00 +2.5915e+00 -1.0102e+00
43828 0 +6.298936796e-06 +2.265900063e+02 +2.265900063e+02 -1.1487e-01 +1.0789e+00 -2.2415e+00 +2.5916e+00 -1.0100e+00
44148 0 +5.612080798e-06 +2.265900056e+02 +2.265900056e+02 -1.1486e-01 +1.0789e+00 -2.2414e+00 +2.5917e+00 -1.0097e+00
44442 0 +5.001973932e-06 +2.265900050e+02 +2.265900050e+02 -1.1484e-01 +1.0789e+00 -2.2414e+00 +2.5919e+00 -1.0095e+00
44732 0 +4.465593264e-06 +2.265900045e+02 +2.265900045e+02 -1.1483e-01 +1.0789e+00 -2.2413e+00 +2.5920e+00 -1.0093e+00
45002 0 +3.973086706e-06 +2.265900040e+02 +2.265900040e+02 -1.1482e-01 +1.0790e+00 -2.2413e+00 +2.5921e+00 -1.0091e+00
45430 0 +3.547827191e-06 +2.265900035e+02 +2.265900035e+02 -1.1480e-01 +1.0790e+00 -2.2412e+00 +2.5922e+00 -1.0089e+00
45910 0 +3.161671685e-06 +2.265900032e+02 +2.265900032e+02 -1.1479e-01 +1.0790e+00 -2.2412e+00 +2.5923e+00 -1.0087e+00
46368 0 +2.815417076e-06 +2.265900028e+02 +2.265900028e+02 -1.1478e-01 +1.0790e+00 -2.2411e+00 +2.5923e+00 -1.0085e+00
46782 0 +2.511584853e-06 +2.265900025e+02 +2.265900025e+02 -1.1477e-01 +1.0791e+00 -2.2411e+00 +2.5924e+00 -1.0084e+00
47192 0 +2.232778400e-06 +2.265900022e+02 +2.265900022e+02 -1.1476e-01 +1.0791e+00 -2.2410e+00 +2.5925e+00 -1.0082e+00
47832 0 +1.992986881e-06 +2.265900020e+02 +2.265900020e+02 -1.1475e-01 +1.0791e+00 -2.2410e+00 +2.5926e+00 -1.0081e+00
48552 0 +1.775524254e-06 +2.265900018e+02 +2.265900018e+02 -1.1474e-01 +1.0791e+00 -2.2410e+00 +2.5926e+00 -1.0079e+00
49222 0 +1.584433249e-06 +2.265900016e+02 +2.265900016e+02 -1.1473e-01 +1.0791e+00 -2.2409e+00 +2.5927e+00 -1.0078e+00
49862 0 +1.412279261e-06 +2.265900014e+02 +2.265900014e+02 -1.1473e-01 +1.0791e+00 -2.2409e+00 +2.5928e+00 -1.0077e+00
50000 0 +1.378745623e-06 +2.265900014e+02 +2.265900014e+02 -1.1473e-01 +1.0791e+00 -2.2409e+00 +2.5928e+00 -1.0076e+00
% f evaluations | g evaluations | best noise-free fitness - Fopt (-5.862000000000e+01) + sum g_i+ | measured fitness | best measured fitness or single-digit g-values | x1 | x2...
1 0 +1.758402007e+02 +1.172202007e+02 +1.172202007e+02 +0.0000e+00 +0.0000e+00 +0.0000e+00 +0.0000e+00 +0.0000e+00
47 0 +1.349352210e+02 +7.631522102e+01 +7.631522102e+01 +2.0162e+00 -1.8162e-01 +8.8268e-02 +3.1793e-01 +3.8573e-01
272 0 +1.114504188e+02 +5.283041884e+01 +5.283041884e+01 +1.6249e+00 -3.0835e-01 -3.8864e-01 -6.1741e-01 -2.4616e+00
396 0 +4.788340233e+01 -1.073659767e+01 -1.073659767e+01 +1.1242e-01 +6.7664e-02 +5.1043e-01 -2.5933e-01 -6.1545e-01
1160 0 +3.827614185e+01 -2.034385815e+01 -2.034385815e+01 +4.5953e-01 +1.1742e-01 +8.1023e-01 +2.7973e-01 -1.5898e-02
1267 0 +2.999059665e+01 -2.862940335e+01 -2.862940335e+01 +5.5930e-01 -7.4876e-02 +4.0683e-01 -2.3562e-01 -8.5207e-01
1489 0 +1.629564666e+01 -4.232435334e+01 -4.232435334e+01 +2.1337e+00 +2.5206e-01 +8.3005e-01 +3.6531e-01 +1.5151e-01
1697 0 +7.173316592e+00 -5.144668341e+01 -5.144668341e+01 +2.3491e+00 +2.5016e-01 +5.5848e-01 +0.0000e+00 -5.0032e-01
1713 0 +4.359238288e+00 -5.426076171e+01 -5.426076171e+01 +2.2240e+00 +2.5016e-01 +5.5848e-01 +0.0000e+00 -5.0032e-01
1715 0 +3.619092712e+00 -5.500090729e+01 -5.500090729e+01 +2.2240e+00 +1.2508e-01 +5.5848e-01 +0.0000e+00 -5.0032e-01
1721 0 +2.147327325e+00 -5.647267267e+01 -5.647267267e+01 +2.2240e+00 +1.2508e-01 +5.5848e-01 +0.0000e+00 -6.2541e-01
1736 0 +5.004940734e-01 -5.811950593e+01 -5.811950593e+01 +2.2240e+00 +1.8762e-01 +5.5848e-01 +0.0000e+00 -6.2541e-01
1758 0 +1.416653127e-01 -5.847833469e+01 -5.847833469e+01 +2.2240e+00 +1.8762e-01 +5.8975e-01 +0.0000e+00 -6.2541e-01
1774 0 +1.297533903e-01 -5.849024661e+01 -5.849024661e+01 +2.2396e+00 +1.8762e-01 +5.8975e-01 +0.0000e+00 -6.2541e-01
1776 0 +2.592285997e-02 -5.859407714e+01 -5.859407714e+01 +2.2396e+00 +2.0326e-01 +5.8975e-01 +0.0000e+00 -6.2541e-01
1812 0 +2.455185189e-02 -5.859544815e+01 -5.859544815e+01 +2.2396e+00 +2.0326e-01 +5.8975e-01 +0.0000e+00 -6.2150e-01
2143 0 +2.238358594e-02 -5.859761641e+01 -5.859761641e+01 +2.2396e+00 +2.0155e-01 +5.8902e-01 -2.9316e-03 -6.2785e-01
2829 0 +1.995003145e-02 -5.860004997e+01 -5.860004997e+01 +2.2389e+00 +1.9984e-01 +5.8536e-01 -1.0505e-02 -6.4446e-01
3471 0 +1.775881124e-02 -5.860224119e+01 -5.860224119e+01 +2.2381e+00 +1.9837e-01 +5.8218e-01 -1.7345e-02 -6.6034e-01
4077 0 +1.582918744e-02 -5.860417081e+01 -5.860417081e+01 +2.2374e+00 +1.9691e-01 +5.7901e-01 -2.3941e-02 -6.7500e-01
4637 0 +1.411324983e-02 -5.860588675e+01 -5.860588675e+01 +2.2367e+00 +1.9544e-01 +5.7607e-01 -3.0049e-02 -6.8868e-01
5151 0 +1.258126540e-02 -5.860741873e+01 -5.860741873e+01 +2.2359e+00 +1.9397e-01 +5.7339e-01 -3.5912e-02 -7.0138e-01
5659 0 +1.120358940e-02 -5.860879641e+01 -5.860879641e+01 +2.2352e+00 +1.9251e-01 +5.7070e-01 -4.1531e-02 -7.1360e-01
6191 0 +9.998351398e-03 -5.861000165e+01 -5.861000165e+01 +2.2347e+00 +1.9153e-01 +5.6826e-01 -4.6539e-02 -7.2484e-01
7061 0 +8.903307836e-03 -5.861109669e+01 -5.861109669e+01 +2.2341e+00 +1.9031e-01 +5.6581e-01 -5.1547e-02 -7.3546e-01
7881 0 +7.940852029e-03 -5.861205915e+01 -5.861205915e+01 +2.2335e+00 +1.8921e-01 +5.6361e-01 -5.6067e-02 -7.4548e-01
8651 0 +7.075027865e-03 -5.861292497e+01 -5.861292497e+01 +2.2330e+00 +1.8811e-01 +5.6154e-01 -6.0464e-02 -7.5488e-01
9377 0 +6.306908249e-03 -5.861369309e+01 -5.861369309e+01 +2.2325e+00 +1.8713e-01 +5.5946e-01 -6.4617e-02 -7.6368e-01
10051 0 +5.622495854e-03 -5.861437750e+01 -5.861437750e+01 +2.2320e+00 +1.8628e-01 +5.5763e-01 -6.8526e-02 -7.7199e-01
10699 0 +5.011664066e-03 -5.861498834e+01 -5.861498834e+01 +2.2317e+00 +1.8542e-01 +5.5592e-01 -7.2190e-02 -7.7980e-01
11311 0 +4.458324028e-03 -5.861554168e+01 -5.861554168e+01 +2.2313e+00 +1.8469e-01 +5.5421e-01 -7.5733e-02 -7.8738e-01
11861 0 +3.980707189e-03 -5.861601929e+01 -5.861601929e+01 +2.2309e+00 +1.8384e-01 +5.5262e-01 -7.8909e-02 -7.9409e-01
12401 0 +3.545309918e-03 -5.861645469e+01 -5.861645469e+01 +2.2306e+00 +1.8310e-01 +5.5116e-01 -8.1962e-02 -8.0069e-01
12901 0 +3.157890146e-03 -5.861684211e+01 -5.861684211e+01 +2.2302e+00 +1.8237e-01 +5.4969e-01 -8.4894e-02 -8.0680e-01
13379 0 +2.815332739e-03 -5.861718467e+01 -5.861718467e+01 +2.2298e+00 +1.8164e-01 +5.4835e-01 -8.7703e-02 -8.1254e-01
14091 0 +2.511032481e-03 -5.861748897e+01 -5.861748897e+01 +2.2295e+00 +1.8109e-01 +5.4712e-01 -9.0207e-02 -8.1791e-01
14931 0 +2.236908996e-03 -5.861776309e+01 -5.861776309e+01 +2.2292e+00 +1.8048e-01 +5.4590e-01 -9.2650e-02 -8.2304e-01
15721 0 +1.993712388e-03 -5.861800629e+01 -5.861800629e+01 +2.2290e+00 +1.7993e-01 +5.4480e-01 -9.4971e-02 -8.2787e-01
16471 0 +1.776264627e-03 -5.861822374e+01 -5.861822374e+01 +2.2287e+00 +1.7944e-01 +5.4377e-01 -9.7170e-02 -8.3245e-01
17161 0 +1.583717135e-03 -5.861841628e+01 -5.861841628e+01 +2.2284e+00 +1.7889e-01 +5.4273e-01 -9.9185e-02 -8.3666e-01
17821 0 +1.412439502e-03 -5.861858756e+01 -5.861858756e+01 +2.2282e+00 +1.7846e-01 +5.4181e-01 -1.0114e-01 -8.4069e-01
18441 0 +1.258391012e-03 -5.861874161e+01 -5.861874161e+01 +2.2280e+00 +1.7803e-01 +5.4089e-01 -1.0297e-01 -8.4448e-01
19031 0 +1.121790664e-03 -5.861887821e+01 -5.861887821e+01 +2.2278e+00 +1.7761e-01 +5.4004e-01 -1.0468e-01 -8.4808e-01
19581 0 +9.996345112e-04 -5.861900037e+01 -5.861900037e+01 +2.2276e+00 +1.7718e-01 +5.3918e-01 -1.0633e-01 -8.5144e-01
20091 0 +8.907521472e-04 -5.861910925e+01 -5.861910925e+01 +2.2274e+00 +1.7681e-01 +5.3845e-01 -1.0786e-01 -8.5456e-01
20587 0 +7.933797759e-04 -5.861920662e+01 -5.861920662e+01 +2.2272e+00 +1.7645e-01 +5.3772e-01 -1.0932e-01 -8.5755e-01
21131 0 +7.073174793e-04 -5.861929268e+01 -5.861929268e+01 +2.2271e+00 +1.7611e-01 +5.3708e-01 -1.1070e-01 -8.6036e-01
22001 0 +6.305636872e-04 -5.861936944e+01 -5.861936944e+01 +2.2269e+00 +1.7580e-01 +5.3644e-01 -1.1198e-01 -8.6302e-01
22811 0 +5.623052191e-04 -5.861943769e+01 -5.861943769e+01 +2.2267e+00 +1.7550e-01 +5.3583e-01 -1.1320e-01 -8.6549e-01
23591 0 +5.010786911e-04 -5.861949892e+01 -5.861949892e+01 +2.2266e+00 +1.7522e-01 +5.3528e-01 -1.1436e-01 -8.6787e-01
24321 0 +4.461800651e-04 -5.861955382e+01 -5.861955382e+01 +2.2265e+00 +1.7495e-01 +5.3473e-01 -1.1546e-01 -8.7010e-01
25009 0 +3.980860368e-04 -5.861960191e+01 -5.861960191e+01 +2.2264e+00 +1.7470e-01 +5.3421e-01 -1.1650e-01 -8.7218e-01
25657 0 +3.546242624e-04 -5.861964538e+01 -5.861964538e+01 +2.2262e+00 +1.7446e-01 +5.3372e-01 -1.1745e-01 -8.7416e-01
26267 0 +3.159151707e-04 -5.861968408e+01 -5.861968408e+01 +2.2261e+00 +1.7422e-01 +5.3326e-01 -1.1836e-01 -8.7603e-01
26851 0 +2.814301620e-04 -5.861971857e+01 -5.861971857e+01 +2.2260e+00 +1.7403e-01 +5.3286e-01 -1.1925e-01 -8.7783e-01
27387 0 +2.510509502e-04 -5.861974895e+01 -5.861974895e+01 +2.2259e+00 +1.7382e-01 +5.3244e-01 -1.2004e-01 -8.7945e-01
27899 0 +2.236074325e-04 -5.861977639e+01 -5.861977639e+01 +2.2258e+00 +1.7361e-01 +5.3204e-01 -1.2084e-01 -8.8100e-01
28381 0 +1.993565803e-04 -5.861980064e+01 -5.861980064e+01 +2.2257e+00 +1.7342e-01 +5.3170e-01 -1.2154e-01 -8.8250e-01
28841 0 +1.775456294e-04 -5.861982245e+01 -5.861982245e+01 +2.2256e+00 +1.7327e-01 +5.3137e-01 -1.2224e-01 -8.8390e-01
29261 0 +1.583295632e-04 -5.861984167e+01 -5.861984167e+01 +2.2256e+00 +1.7312e-01 +5.3103e-01 -1.2288e-01 -8.8519e-01
29671 0 +1.410254315e-04 -5.861985897e+01 -5.861985897e+01 +2.2255e+00 +1.7296e-01 +5.3073e-01 -1.2349e-01 -8.8644e-01
30361 0 +1.258227179e-04 -5.861987418e+01 -5.861987418e+01 +2.2254e+00 +1.7281e-01 +5.3044e-01 -1.2407e-01 -8.8758e-01
31091 0 +1.121292927e-04 -5.861988787e+01 -5.861988787e+01 +2.2253e+00 +1.7269e-01 +5.3018e-01 -1.2461e-01 -8.8870e-01
31777 0 +9.998564700e-05 -5.861990001e+01 -5.861990001e+01 +2.2253e+00 +1.7257e-01 +5.2992e-01 -1.2513e-01 -8.8974e-01
32421 0 +8.904511645e-05 -5.861991095e+01 -5.861991095e+01 +2.2252e+00 +1.7244e-01 +5.2969e-01 -1.2562e-01 -8.9073e-01
33029 0 +7.939066772e-05 -5.861992061e+01 -5.861992061e+01 +2.2252e+00 +1.7232e-01 +5.2946e-01 -1.2607e-01 -8.9165e-01
33597 0 +7.075671292e-05 -5.861992924e+01 -5.861992924e+01 +2.2251e+00 +1.7222e-01 +5.2923e-01 -1.2650e-01 -8.9252e-01
34131 0 +6.302318409e-05 -5.861993698e+01 -5.861993698e+01 +2.2251e+00 +1.7211e-01 +5.2903e-01 -1.2691e-01 -8.9334e-01
34641 0 +5.622317883e-05 -5.861994378e+01 -5.861994378e+01 +2.2250e+00 +1.7202e-01 +5.2885e-01 -1.2730e-01 -8.9412e-01
35121 0 +5.010260510e-05 -5.861994990e+01 -5.861994990e+01 +2.2250e+00 +1.7193e-01 +5.2866e-01 -1.2766e-01 -8.9485e-01
35591 0 +4.459057450e-05 -5.861995541e+01 -5.861995541e+01 +2.2249e+00 +1.7185e-01 +5.2850e-01 -1.2801e-01 -8.9557e-01
36011 0 +3.978627178e-05 -5.861996021e+01 -5.861996021e+01 +2.2249e+00 +1.7177e-01 +5.2833e-01 -1.2833e-01 -8.9621e-01
36415 0 +3.542375018e-05 -5.861996458e+01 -5.861996458e+01 +2.2248e+00 +1.7168e-01 +5.2818e-01 -1.2864e-01 -8.9682e-01
36801 0 +3.157745612e-05 -5.861996842e+01 -5.861996842e+01 +2.2248e+00 +1.7162e-01 +5.2804e-01 -1.2893e-01 -8.9742e-01
37161 0 +2.813606768e-05 -5.861997186e+01 -5.861997186e+01 +2.2248e+00 +1.7154e-01 +5.2790e-01 -1.2920e-01 -8.9797e-01
37601 0 +2.510209509e-05 -5.861997490e+01 -5.861997490e+01 +2.2247e+00 +1.7148e-01 +5.2777e-01 -1.2946e-01 -8.9847e-01
38249 0 +2.237202333e-05 -5.861997763e+01 -5.861997763e+01 +2.2247e+00 +1.7142e-01 +5.2765e-01 -1.2970e-01 -8.9896e-01
38841 0 +1.993526662e-05 -5.861998006e+01 -5.861998006e+01 +2.2247e+00 +1.7136e-01 +5.2753e-01 -1.2993e-01 -8.9942e-01
39421 0 +1.777659105e-05 -5.861998222e+01 -5.861998222e+01 +2.2247e+00 +1.7131e-01 +5.2743e-01 -1.3014e-01 -8.9986e-01
39955 0 +1.584604586e-05 -5.861998415e+01 -5.861998415e+01 +2.2246e+00 +1.7125e-01 +5.2732e-01 -1.3035e-01 -9.0027e-01
40467 0 +1.411876446e-05 -5.861998588e+01 -5.861998588e+01 +2.2246e+00 +1.7121e-01 +5.2722e-01 -1.3054e-01 -9.0065e-01
40947 0 +1.258336322e-05 -5.861998742e+01 -5.861998742e+01 +2.2246e+00 +1.7116e-01 +5.2713e-01 -1.3072e-01 -9.0102e-01
41401 0 +1.120151699e-05 -5.861998880e+01 -5.861998880e+01 +2.2246e+00 +1.7112e-01 +5.2705e-01 -1.3090e-01 -9.0137e-01
41831 0 +9.987818039e-06 -5.861999001e+01 -5.861999001e+01 +2.2245e+00 +1.7109e-01 +5.2697e-01 -1.3106e-01 -9.0170e-01
42241 0 +8.902620763e-06 -5.861999110e+01 -5.861999110e+01 +2.2245e+00 +1.7105e-01 +5.2689e-01 -1.3121e-01 -9.0201e-01
42871 0 +7.938040469e-06 -5.861999206e+01 -5.861999206e+01 +2.2245e+00 +1.7101e-01 +5.2682e-01 -1.3136e-01 -9.0230e-01
43591 0 +7.073836152e-06 -5.861999293e+01 -5.861999293e+01 +2.2245e+00 +1.7098e-01 +5.2675e-01 -1.3149e-01 -9.0257e-01
44271 0 +6.307476028e-06 -5.861999369e+01 -5.861999369e+01 +2.2245e+00 +1.7094e-01 +5.2669e-01 -1.3162e-01 -9.0283e-01
44911 0 +5.621321520e-06 -5.861999438e+01 -5.861999438e+01 +2.2245e+00 +1.7091e-01 +5.2663e-01 -1.3174e-01 -9.0307e-01
45521 0 +5.010169659e-06 -5.861999499e+01 -5.861999499e+01 +2.2244e+00 +1.7089e-01 +5.2657e-01 -1.3186e-01 -9.0331e-01
46091 0 +4.461871100e-06 -5.861999554e+01 -5.861999554e+01 +2.2244e+00 +1.7086e-01 +5.2652e-01 -1.3197e-01 -9.0352e-01
46637 0 +3.979787373e-06 -5.861999602e+01 -5.861999602e+01 +2.2244e+00 +1.7083e-01 +5.2646e-01 -1.3207e-01 -9.0373e-01
47141 0 +3.546523473e-06 -5.861999645e+01 -5.861999645e+01 +2.2244e+00 +1.7081e-01 +5.2642e-01 -1.3217e-01 -9.0393e-01
47621 0 +3.160433351e-06 -5.861999684e+01 -5.861999684e+01 +2.2244e+00 +1.7078e-01 +5.2637e-01 -1.3226e-01 -9.0411e-01
48081 0 +2.815994719e-06 -5.861999718e+01 -5.861999718e+01 +2.2244e+00 +1.7077e-01 +5.2633e-01 -1.3235e-01 -9.0428e-01
48501 0 +2.509218760e-06 -5.861999749e+01 -5.861999749e+01 +2.2244e+00 +1.7074e-01 +5.2629e-01 -1.3243e-01 -9.0444e-01
48911 0 +2.238129156e-06 -5.861999776e+01 -5.861999776e+01 +2.2244e+00 +1.7072e-01 +5.2625e-01 -1.3250e-01 -9.0460e-01
49361 0 +1.993635344e-06 -5.861999801e+01 -5.861999801e+01 +2.2244e+00 +1.7070e-01 +5.2621e-01 -1.3258e-01 -9.0474e-01
50000 0 +1.803731074e-06 -5.861999820e+01 -5.861999820e+01 +2.2243e+00 +1.7069e-01 +5.2618e-01 -1.3264e-01 -9.0486e-01
