% f evaluations | g evaluations | best noise-free fitness - Fopt (-9.210000000000e+00) + sum g_i+ | measured fitness | best measured fitness or single-digit g-values | x1 | x2...
1 0 +1.078198516e+02 +9.860985161e+01 +9.860985161e+01 +0.0000e+00 +0.0000e+00 +0.0000e+00 +0.0000e+00 +0.0000e+00
2 0 +1.044865183e+02 +9.527651828e+01 +9.527651828e+01 +3.3333e+00 +0.0000e+00 +0.0000e+00 +0.0000e+00 +0.0000e+00
6 0 +9.727892608e+01 +8.806892608e+01 +8.806892608e+01 +0.0000e+00 +0.0000e+00 +3.3333e+00 +0.0000e+00 +0.0000e+00
8 0 +8.907514077e+01 +7.986514077e+01 +7.986514077e+01 +0.0000e+00 +0.0000e+00 +0.0000e+00 +3.3333e+00 +0.0000e+00
11 0 +7.448651828e+01 +6.527651828e+01 +6.527651828e+01 +0.0000e+00 +0.0000e+00 +0.0000e+00 +0.0000e+00 -3.3333e+00
14 0 +6.855892024e+01 +5.934892024e+01 +5.934892024e+01 +0.0000e+00 +3.3333e+00 +0.0000e+00 +0.0000e+00 -3.3333e+00
18 0 +5.574180744e+01 +4.653180744e+01 +4.653180744e+01 +0.0000e+00 +0.0000e+00 +0.0000e+00 +3.3333e+00 -3.3333e+00
22 0 +4.981420940e+01 +4.060420940e+01 +4.060420940e+01 +0.0000e+00 +3.3333e+00 +0.0000e+00 +3.3333e+00 -3.3333e+00
26 0 +4.186754857e+01 +3.265754857e+01 +3.265754857e+01 +3.3333e+00 +0.0000e+00 +3.3333e+00 +3.3333e+00 -3.3333e+00
28 0 +3.927328387e+01 +3.006328387e+01 +3.006328387e+01 +0.0000e+00 +3.3333e+00 +3.3333e+00 +3.3333e+00 -3.3333e+00
34 0 +3.482883943e+01 +2.561883943e+01 +2.561883943e+01 +4.4444e+00 +3.3333e+00 +3.3333e+00 +3.3333e+00 -3.3333e+00
40 0 +2.969171359e+01 +2.048171359e+01 +2.048171359e+01 +3.3333e+00 +3.3333e+00 +3.3333e+00 +4.4444e+00 -3.3333e+00
43 0 +2.482883943e+01 +1.561883943e+01 +1.561883943e+01 +3.3333e+00 +3.3333e+00 +3.3333e+00 +3.3333e+00 -4.4444e+00
50 0 +2.131519758e+01 +1.210519758e+01 +1.210519758e+01 +3.3333e+00 +3.3333e+00 +4.4444e+00 +3.3333e+00 -4.4444e+00
52 0 +1.858060248e+01 +9.370602479e+00 +9.370602479e+00 +3.3333e+00 +3.3333e+00 +3.3333e+00 +4.4444e+00 -4.4444e+00
56 0 +1.746949137e+01 +8.259491368e+00 +8.259491368e+00 +4.4444e+00 +3.3333e+00 +3.3333e+00 +4.4444e+00 -4.4444e+00
60 0 +1.506696063e+01 +5.856960635e+00 +5.856960635e+00 +3.3333e+00 +3.3333e+00 +4.4444e+00 +4.4444e+00 -4.4444e+00
66 0 +1.395584952e+01 +4.745849523e+00 +4.745849523e+00 +4.4444e+00 +3.3333e+00 +4.4444e+00 +4.4444e+00 -4.4444e+00
72 0 +1.197998351e+01 +2.769983512e+00 +2.769983512e+00 +4.4444e+00 +4.4444e+00 +4.4444e+00 +4.4444e+00 -4.4444e+00
84 0 +1.080876956e+01 +1.598769564e+00 +1.598769564e+00 +4.4444e+00 +4.4444e+00 +4.8148e+00 +4.4444e+00 -4.4444e+00
86 0 +9.897237863e+00 +6.872378634e-01 +6.872378634e-01 +4.4444e+00 +4.4444e+00 +4.4444e+00 +4.8148e+00 -4.4444e+00
89 0 +8.276279809e+00 -9.337201914e-01 -9.337201914e-01 +4.4444e+00 +4.4444e+00 +4.4444e+00 +4.4444e+00 -4.8148e+00
94 0 +7.905909438e+00 -1.304090562e+00 -1.304090562e+00 +4.8148e+00 +4.4444e+00 +4.4444e+00 +4.4444e+00 -4.8148e+00
100 0 +6.193534160e+00 -3.016465840e+00 -3.016465840e+00 +4.4444e+00 +4.4444e+00 +4.4444e+00 +4.8148e+00 -4.8148e+00
108 0 +5.534912156e+00 -3.675087844e+00 -3.675087844e+00 +4.4444e+00 +4.8148e+00 +4.4444e+00 +4.8148e+00 -4.8148e+00
118 0 +4.651949841e+00 -4.558050159e+00 -4.558050159e+00 +4.8148e+00 +4.4444e+00 +4.8148e+00 +4.8148e+00 -4.8148e+00
120 0 +4.363698208e+00 -4.846301792e+00 -4.846301792e+00 +4.4444e+00 +4.8148e+00 +4.8148e+00 +4.8148e+00 -4.8148e+00
136 0 +3.869871047e+00 -5.340128953e+00 -5.340128953e+00 +4.9383e+00 +4.8148e+00 +4.8148e+00 +4.8148e+00 -4.8148e+00
142 0 +3.299079288e+00 -5.910920712e+00 -5.910920712e+00 +4.8148e+00 +4.8148e+00 +4.8148e+00 +4.9383e+00 -4.8148e+00
145 0 +2.758759936e+00 -6.451240064e+00 -6.451240064e+00 +4.8148e+00 +4.8148e+00 +4.8148e+00 +4.8148e+00 -4.9383e+00
158 0 +2.368355287e+00 -6.841644713e+00 -6.841644713e+00 +4.8148e+00 +4.8148e+00 +4.9383e+00 +4.8148e+00 -4.9383e+00
160 0 +2.064511387e+00 -7.145488613e+00 -7.145488613e+00 +4.8148e+00 +4.8148e+00 +4.8148e+00 +4.9383e+00 -4.9383e+00
168 0 +1.941054596e+00 -7.268945404e+00 -7.268945404e+00 +4.9383e+00 +4.8148e+00 +4.8148e+00 +4.9383e+00 -4.9383e+00
172 0 +1.674106737e+00 -7.535893263e+00 -7.535893263e+00 +4.8148e+00 +4.8148e+00 +4.9383e+00 +4.9383e+00 -4.9383e+00
186 0 +1.550649947e+00 -7.659350053e+00 -7.659350053e+00 +4.9383e+00 +4.8148e+00 +4.9383e+00 +4.9383e+00 -4.9383e+00
198 0 +1.331109279e+00 -7.878890721e+00 -7.878890721e+00 +4.9383e+00 +4.9383e+00 +4.9383e+00 +4.9383e+00 -4.9383e+00
212 0 +1.257929057e+00 -7.952070943e+00 -7.952070943e+00 +4.9383e+00 +4.9794e+00 +4.9383e+00 +4.9383e+00 -4.9383e+00
216 0 +1.099693096e+00 -8.110306904e+00 -8.110306904e+00 +4.9383e+00 +4.9383e+00 +4.9383e+00 +4.9794e+00 -4.9383e+00
219 0 +9.195866454e-01 -8.290413355e+00 -8.290413355e+00 +4.9383e+00 +4.9383e+00 +4.9383e+00 +4.9383e+00 -4.9794e+00
230 0 +8.784343820e-01 -8.331565618e+00 -8.331565618e+00 +4.9794e+00 +4.9383e+00 +4.9383e+00 +4.9383e+00 -4.9794e+00
234 0 +7.894517623e-01 -8.420548238e+00 -8.420548238e+00 +4.9383e+00 +4.9383e+00 +4.9794e+00 +4.9383e+00 -4.9794e+00
236 0 +6.881704622e-01 -8.521829538e+00 -8.521829538e+00 +4.9383e+00 +4.9383e+00 +4.9383e+00 +4.9794e+00 -4.9794e+00
248 0 +6.149902396e-01 -8.595009760e+00 -8.595009760e+00 +4.9383e+00 +4.9794e+00 +4.9383e+00 +4.9794e+00 -4.9794e+00
250 0 +5.580355791e-01 -8.651964421e+00 -8.651964421e+00 +4.9383e+00 +4.9383e+00 +4.9794e+00 +4.9794e+00 -4.9794e+00
268 0 +4.848553564e-01 -8.725144644e+00 -8.725144644e+00 +4.9383e+00 +4.9794e+00 +4.9794e+00 +4.9794e+00 -4.9794e+00
284 0 +4.437030930e-01 -8.766296907e+00 -8.766296907e+00 +4.9794e+00 +4.9794e+00 +4.9794e+00 +4.9794e+00 -4.9794e+00
306 0 +3.665643653e-01 -8.843435635e+00 -8.843435635e+00 +4.9794e+00 +4.9794e+00 +4.9794e+00 +4.9931e+00 -4.9794e+00
309 0 +3.065288818e-01 -8.903471118e+00 -8.903471118e+00 +4.9794e+00 +4.9794e+00 +4.9794e+00 +4.9794e+00 -4.9931e+00
326 0 +2.631505874e-01 -8.946849413e+00 -8.946849413e+00 +4.9794e+00 +4.9794e+00 +4.9931e+00 +4.9794e+00 -4.9931e+00
328 0 +2.293901541e-01 -8.980609846e+00 -8.980609846e+00 +4.9794e+00 +4.9794e+00 +4.9794e+00 +4.9931e+00 -4.9931e+00
340 0 +2.156727329e-01 -8.994327267e+00 -8.994327267e+00 +4.9931e+00 +4.9794e+00 +4.9794e+00 +4.9931e+00 -4.9931e+00
344 0 +1.860118597e-01 -9.023988140e+00 -9.023988140e+00 +4.9794e+00 +4.9794e+00 +4.9931e+00 +4.9931e+00 -4.9931e+00
362 0 +1.722944386e-01 -9.037705561e+00 -9.037705561e+00 +4.9931e+00 +4.9794e+00 +4.9931e+00 +4.9931e+00 -4.9931e+00
382 0 +1.479010310e-01 -9.062098969e+00 -9.062098969e+00 +4.9931e+00 +4.9931e+00 +4.9931e+00 +4.9931e+00 -4.9931e+00
404 0 +1.397698952e-01 -9.070230105e+00 -9.070230105e+00 +4.9931e+00 +4.9977e+00 +4.9931e+00 +4.9931e+00 -4.9931e+00
408 0 +1.221881218e-01 -9.087811878e+00 -9.087811878e+00 +4.9931e+00 +4.9931e+00 +4.9931e+00 +4.9977e+00 -4.9931e+00
411 0 +1.021762939e-01 -9.107823706e+00 -9.107823706e+00 +4.9931e+00 +4.9931e+00 +4.9931e+00 +4.9931e+00 -4.9977e+00
426 0 +9.760382022e-02 -9.112396180e+00 -9.112396180e+00 +4.9977e+00 +4.9931e+00 +4.9931e+00 +4.9931e+00 -4.9977e+00
430 0 +8.771686247e-02 -9.122283138e+00 -9.122283138e+00 +4.9931e+00 +4.9931e+00 +4.9977e+00 +4.9931e+00 -4.9977e+00
432 0 +7.646338469e-02 -9.133536615e+00 -9.133536615e+00 +4.9931e+00 +4.9931e+00 +4.9931e+00 +4.9977e+00 -4.9977e+00
448 0 +6.833224884e-02 -9.141667751e+00 -9.141667751e+00 +4.9931e+00 +4.9977e+00 +4.9931e+00 +4.9977e+00 -4.9977e+00
450 0 +6.200395323e-02 -9.147996047e+00 -9.147996047e+00 +4.9931e+00 +4.9931e+00 +4.9977e+00 +4.9977e+00 -4.9977e+00
474 0 +5.387281738e-02 -9.156127183e+00 -9.156127183e+00 +4.9931e+00 +4.9977e+00 +4.9977e+00 +4.9977e+00 -4.9977e+00
476 0 +5.387281738e-02 -9.156127183e+00 -9.156127183e+00 +4.9931e+00 +4.9977e+00 +4.9977e+00 +4.9977e+00 -4.9977e+00
% f evaluations | g evaluations | best noise-free fitness - Fopt (6.559900000000e+02) + sum g_i+ | measured fitness | best measured fitness or single-digit g-values | x1 | x2...
1 0 +1.078198516e+02 +7.638098516e+02 +7.638098516e+02 +0.0000e+00 +0.0000e+00 +0.0000e+00 +0.0000e+00 +0.0000e+00
2 0 +1.044865183e+02 +7.604765183e+02 +7.604765183e+02 +3.3333e+00 +0.0000e+00 +0.0000e+00 +0.0000e+00 +0.0000e+00
7 0 +9.727892608e+01 +7.532689261e+02 +7.532689261e+02 +0.0000e+00 +0.0000e+00 -3.3333e+00 +0.0000e+00 +0.0000e+00
8 0 +8.907514077e+01 +7.450651408e+02 +7.450651408e+02 +0.0000e+00 +0.0000e+00 +0.0000e+00 +3.3333e+00 +0.0000e+00
11 0 +7.448651828e+01 +7.304765183e+02 +7.304765183e+02 +0.0000e+00 +0.0000e+00 +0.0000e+00 +0.0000e+00 -3.3333e+00
15 0 +6.855892024e+01 +7.245489202e+02 +7.245489202e+02 +0.0000e+00 -3.3333e+00 +0.0000e+00 +0.0000e+00 -3.3333e+00
18 0 +5.574180744e+01 +7.117318074e+02 +7.117318074e+02 +0.0000e+00 +0.0000e+00 +0.0000e+00 +3.3333e+00 -3.3333e+00
23 0 +4.981420940e+01 +7.058042094e+02 +7.058042094e+02 +0.0000e+00 -3.3333e+00 +0.0000e+00 +3.3333e+00 -3.3333e+00
26 0 +4.186754857e+01 +6.978575486e+02 +6.978575486e+02 +3.3333e+00 +0.0000e+00 -3.3333e+00 +3.3333e+00 -3.3333e+00
29 0 +3.927328387e+01 +6.952632839e+02 +6.952632839e+02 +0.0000e+00 -3.3333e+00 -3.3333e+00 +3.3333e+00 -3.3333e+00
34 0 +3.482883943e+01 +6.908188394e+02 +6.908188394e+02 +4.4444e+00 -3.3333e+00 -3.3333e+00 +3.3333e+00 -3.3333e+00
40 0 +2.969171359e+01 +6.856817136e+02 +6.856817136e+02 +3.3333e+00 -3.3333e+00 -3.3333e+00 +4.4444e+00 -3.3333e+00
43 0 +2.482883943e+01 +6.808188394e+02 +6.808188394e+02 +3.3333e+00 -3.3333e+00 -3.3333e+00 +3.3333e+00 -4.4444e+00
51 0 +2.131519758e+01 +6.773051976e+02 +6.773051976e+02 +3.3333e+00 -3.3333e+00 -4.4444e+00 +3.3333e+00 -4.4444e+00
52 0 +1.858060248e+01 +6.745706025e+02 +6.745706025e+02 +3.3333e+00 -3.3333e+00 -3.3333e+00 +4.4444e+00 -4.4444e+00
56 0 +1.746949137e+01 +6.734594914e+02 +6.734594914e+02 +4.4444e+00 -3.3333e+00 -3.3333e+00 +4.4444e+00 -4.4444e+00
61 0 +1.506696063e+01 +6.710569606e+02 +6.710569606e+02 +3.3333e+00 -3.3333e+00 -4.4444e+00 +4.4444e+00 -4.4444e+00
66 0 +1.395584952e+01 +6.699458495e+02 +6.699458495e+02 +4.4444e+00 -3.3333e+00 -4.4444e+00 +4.4444e+00 -4.4444e+00
72 0 +1.197998351e+01 +6.679699835e+02 +6.679699835e+02 +4.4444e+00 -4.4444e+00 -4.4444e+00 +4.4444e+00 -4.4444e+00
85 0 +1.080876956e+01 +6.667987696e+02 +6.667987696e+02 +4.4444e+00 -4.4444e+00 -4.8148e+00 +4.4444e+00 -4.4444e+00
86 0 +9.897237863e+00 +6.658872379e+02 +6.658872379e+02 +4.4444e+00 -4.4444e+00 -4.4444e+00 +4.8148e+00 -4.4444e+00
89 0 +8.276279809e+00 +6.642662798e+02 +6.642662798e+02 +4.4444e+00 -4.4444e+00 -4.4444e+00 +4.4444e+00 -4.8148e+00
94 0 +7.905909438e+00 +6.638959094e+02 +6.638959094e+02 +4.8148e+00 -4.4444e+00 -4.4444e+00 +4.4444e+00 -4.8148e+00
100 0 +6.193534160e+00 +6.621835342e+02 +6.621835342e+02 +4.4444e+00 -4.4444e+00 -4.4444e+00 +4.8148e+00 -4.8148e+00
109 0 +5.534912156e+00 +6.615249122e+02 +6.615249122e+02 +4.4444e+00 -4.8148e+00 -4.4444e+00 +4.8148e+00 -4.8148e+00
118 0 +4.651949841e+00 +6.606419498e+02 +6.606419498e+02 +4.8148e+00 -4.4444e+00 -4.8148e+00 +4.8148e+00 -4.8148e+00
121 0 +4.363698208e+00 +6.603536982e+02 +6.603536982e+02 +4.4444e+00 -4.8148e+00 -4.8148e+00 +4.8148e+00 -4.8148e+00
136 0 +3.869871047e+00 +6.598598710e+02 +6.598598710e+02 +4.9383e+00 -4.8148e+00 -4.8148e+00 +4.8148e+00 -4.8148e+00
142 0 +3.299079288e+00 +6.592890793e+02 +6.592890793e+02 +4.8148e+00 -4.8148e+00 -4.8148e+00 +4.9383e+00 -4.8148e+00
145 0 +2.758759936e+00 +6.587487599e+02 +6.587487599e+02 +4.8148e+00 -4.8148e+00 -4.8148e+00 +4.8148e+00 -4.9383e+00
159 0 +2.368355287e+00 +6.583583553e+02 +6.583583553e+02 +4.8148e+00 -4.8148e+00 -4.9383e+00 +4.8148e+00 -4.9383e+00
160 0 +2.064511387e+00 +6.580545114e+02 +6.580545114e+02 +4.8148e+00 -4.8148e+00 -4.8148e+00 +4.9383e+00 -4.9383e+00
168 0 +1.941054596e+00 +6.579310546e+02 +6.579310546e+02 +4.9383e+00 -4.8148e+00 -4.8148e+00 +4.9383e+00 -4.9383e+00
173 0 +1.674106737e+00 +6.576641067e+02 +6.576641067e+02 +4.8148e+00 -4.8148e+00 -4.9383e+00 +4.9383e+00 -4.9383e+00
186 0 +1.550649947e+00 +6.575406499e+02 +6.575406499e+02 +4.9383e+00 -4.8148e+00 -4.9383e+00 +4.9383e+00 -4.9383e+00
198 0 +1.331109279e+00 +6.573211093e+02 +6.573211093e+02 +4.9383e+00 -4.9383e+00 -4.9383e+00 +4.9383e+00 -4.9383e+00
213 0 +1.257929057e+00 +6.572479291e+02 +6.572479291e+02 +4.9383e+00 -4.9794e+00 -4.9383e+00 +4.9383e+00 -4.9383e+00
216 0 +1.099693096e+00 +6.570896931e+02 +6.570896931e+02 +4.9383e+00 -4.9383e+00 -4.9383e+00 +4.9794e+00 -4.9383e+00
219 0 +9.195866454e-01 +6.569095866e+02 +6.569095866e+02 +4.9383e+00 -4.9383e+00 -4.9383e+00 +4.9383e+00 -4.9794e+00
230 0 +8.784343820e-01 +6.568684344e+02 +6.568684344e+02 +4.9794e+00 -4.9383e+00 -4.9383e+00 +4.9383e+00 -4.9794e+00
235 0 +7.894517623e-01 +6.567794518e+02 +6.567794518e+02 +4.9383e+00 -4.9383e+00 -4.9794e+00 +4.9383e+00 -4.9794e+00
236 0 +6.881704622e-01 +6.566781705e+02 +6.566781705e+02 +4.9383e+00 -4.9383e+00 -4.9383e+00 +4.9794e+00 -4.9794e+00
249 0 +6.149902396e-01 +6.566049902e+02 +6.566049902e+02 +4.9383e+00 -4.9794e+00 -4.9383e+00 +4.9794e+00 -4.9794e+00
251 0 +5.580355791e-01 +6.565480356e+02 +6.565480356e+02 +4.9383e+00 -4.9383e+00 -4.9794e+00 +4.9794e+00 -4.9794e+00
269 0 +4.848553564e-01 +6.564748554e+02 +6.564748554e+02 +4.9383e+00 -4.9794e+00 -4.9794e+00 +4.9794e+00 -4.9794e+00
284 0 +4.437030930e-01 +6.564337031e+02 +6.564337031e+02 +4.9794e+00 -4.9794e+00 -4.9794e+00 +4.9794e+00 -4.9794e+00
306 0 +3.665643653e-01 +6.563565644e+02 +6.563565644e+02 +4.9794e+00 -4.9794e+00 -4.9794e+00 +4.9931e+00 -4.9794e+00
309 0 +3.065288818e-01 +6.562965289e+02 +6.562965289e+02 +4.9794e+00 -4.9794e+00 -4.9794e+00 +4.9794e+00 -4.9931e+00
327 0 +2.631505874e-01 +6.562531506e+02 +6.562531506e+02 +4.9794e+00 -4.9794e+00 -4.9931e+00 +4.9794e+00 -4.9931e+00
328 0 +2.293901541e-01 +6.562193902e+02 +6.562193902e+02 +4.9794e+00 -4.9794e+00 -4.9794e+00 +4.9931e+00 -4.9931e+00
340 0 +2.156727329e-01 +6.562056727e+02 +6.562056727e+02 +4.9931e+00 -4.9794e+00 -4.9794e+00 +4.9931e+00 -4.9931e+00
345 0 +1.860118597e-01 +6.561760119e+02 +6.561760119e+02 +4.9794e+00 -4.9794e+00 -4.9931e+00 +4.9931e+00 -4.9931e+00
362 0 +1.722944386e-01 +6.561622944e+02 +6.561622944e+02 +4.9931e+00 -4.9794e+00 -4.9931e+00 +4.9931e+00 -4.9931e+00
382 0 +1.479010310e-01 +6.561379010e+02 +6.561379010e+02 +4.9931e+00 -4.9931e+00 -4.9931e+00 +4.9931e+00 -4.9931e+00
515 0 +1.397698952e-01 +6.561297699e+02 +6.561297699e+02 +4.9931e+00 -4.9977e+00 -4.9931e+00 +4.9931e+00 -4.9931e+00
518 0 +1.221881218e-01 +6.561121881e+02 +6.561121881e+02 +4.9931e+00 -4.9931e+00 -4.9931e+00 +4.9977e+00 -4.9931e+00
521 0 +1.021762939e-01 +6.560921763e+02 +6.560921763e+02 +4.9931e+00 -4.9931e+00 -4.9931e+00 +4.9931e+00 -4.9977e+00
540 0 +9.760382022e-02 +6.560876038e+02 +6.560876038e+02 +4.9977e+00 -4.9931e+00 -4.9931e+00 +4.9931e+00 -4.9977e+00
545 0 +8.771686247e-02 +6.560777169e+02 +6.560777169e+02 +4.9931e+00 -4.9931e+00 -4.9977e+00 +4.9931e+00 -4.9977e+00
546 0 +7.646338469e-02 +6.560664634e+02 +6.560664634e+02 +4.9931e+00 -4.9931e+00 -4.9931e+00 +4.9977e+00 -4.9977e+00
569 0 +6.833224884e-02 +6.560583322e+02 +6.560583322e+02 +4.9931e+00 -4.9977e+00 -4.9931e+00 +4.9977e+00 -4.9977e+00
571 0 +6.200395323e-02 +6.560520040e+02 +6.560520040e+02 +4.9931e+00 -4.9931e+00 -4.9977e+00 +4.9977e+00 -4.9977e+00
591 0 +5.387281738e-02 +6.560438728e+02 +6.560438728e+02 +4.9931e+00 -4.9977e+00 -4.9977e+00 +4.9977e+00 -4.9977e+00
592 0 +5.387281738e-02 +6.560438728e+02 +6.560438728e+02 +4.9931e+00 -4.9977e+00 -4.9977e+00 +4.9977e+00 -4.9977e+00
% f evaluations | g evaluations | best noise-free fitness - Fopt (6.671000000000e+01) + sum g_i+ | measured fitness | best measured fitness or single-digit g-values | x1 | x2...
1 0 +1.078198516e+02 +1.745298516e+02 +1.745298516e+02 +0.0000e+00 +0.0000e+00 +0.0000e+00 +0.0000e+00 +0.0000e+00
3 0 +1.044865183e+02 +1.711965183e+02 +1.711965183e+02 -3.3333e+00 +0.0000e+00 +0.0000e+00 +0.0000e+00 +0.0000e+00
7 0 +9.727892608e+01 +1.639889261e+02 +1.639889261e+02 +0.0000e+00 +0.0000e+00 -3.3333e+00 +0.0000e+00 +0.0000e+00
8 0 +8.907514077e+01 +1.557851408e+02 +1.557851408e+02 +0.0000e+00 +0.0000e+00 +0.0000e+00 +3.3333e+00 +0.0000e+00
11 0 +7.448651828e+01 +1.411965183e+02 +1.411965183e+02 +0.0000e+00 +0.0000e+00 +0.0000e+00 +0.0000e+00 -3.3333e+00
15 0 +6.855892024e+01 +1.352689202e+02 +1.352689202e+02 +0.0000e+00 -3.3333e+00 +0.0000e+00 +0.0000e+00 -3.3333e+00
18 0 +5.574180744e+01 +1.224518074e+02 +1.224518074e+02 +0.0000e+00 +0.0000e+00 +0.0000e+00 +3.3333e+00 -3.3333e+00
23 0 +4.981420940e+01 +1.165242094e+02 +1.165242094e+02 +0.0000e+00 -3.3333e+00 +0.0000e+00 +3.3333e+00 -3.3333e+00
27 0 +4.186754857e+01 +1.085775486e+02 +1.085775486e+02 -3.3333e+00 +0.0000e+00 -3.3333e+00 +3.3333e+00 -3.3333e+00
29 0 +3.927328387e+01 +1.059832839e+02 +1.059832839e+02 +0.0000e+00 -3.3333e+00 -3.3333e+00 +3.3333e+00 -3.3333e+00
35 0 +3.482883943e+01 +1.015388394e+02 +1.015388394e+02 -4.4444e+00 -3.3333e+00 -3.3333e+00 +3.3333e+00 -3.3333e+00
40 0 +2.969171359e+01 +9.640171359e+01 +9.640171359e+01 -3.3333e+00 -3.3333e+00 -3.3333e+00 +4.4444e+00 -3.3333e+00
43 0 +2.482883943e+01 +9.153883943e+01 +9.153883943e+01 -3.3333e+00 -3.3333e+00 -3.3333e+00 +3.3333e+00 -4.4444e+00
51 0 +2.131519758e+01 +8.802519758e+01 +8.802519758e+01 -3.3333e+00 -3.3333e+00 -4.4444e+00 +3.3333e+00 -4.4444e+00
52 0 +1.858060248e+01 +8.529060248e+01 +8.529060248e+01 -3.3333e+00 -3.3333e+00 -3.3333e+00 +4.4444e+00 -4.4444e+00
57 0 +1.746949137e+01 +8.417949137e+01 +8.417949137e+01 -4.4444e+00 -3.3333e+00 -3.3333e+00 +4.4444e+00 -4.4444e+00
61 0 +1.506696063e+01 +8.177696063e+01 +8.177696063e+01 -3.3333e+00 -3.3333e+00 -4.4444e+00 +4.4444e+00 -4.4444e+00
67 0 +1.395584952e+01 +8.066584952e+01 +8.066584952e+01 -4.4444e+00 -3.3333e+00 -4.4444e+00 +4.4444e+00 -4.4444e+00
73 0 +1.197998351e+01 +7.868998351e+01 +7.868998351e+01 -4.4444e+00 -4.4444e+00 -4.4444e+00 +4.4444e+00 -4.4444e+00
85 0 +1.080876956e+01 +7.751876956e+01 +7.751876956e+01 -4.4444e+00 -4.4444e+00 -4.8148e+00 +4.4444e+00 -4.4444e+00
86 0 +9.897237863e+00 +7.660723786e+01 +7.660723786e+01 -4.4444e+00 -4.4444e+00 -4.4444e+00 +4.8148e+00 -4.4444e+00
89 0 +8.276279809e+00 +7.498627981e+01 +7.498627981e+01 -4.4444e+00 -4.4444e+00 -4.4444e+00 +4.4444e+00 -4.8148e+00
95 0 +7.905909438e+00 +7.461590944e+01 +7.461590944e+01 -4.8148e+00 -4.4444e+00 -4.4444e+00 +4.4444e+00 -4.8148e+00
100 0 +6.193534160e+00 +7.290353416e+01 +7.290353416e+01 -4.4444e+00 -4.4444e+00 -4.4444e+00 +4.8148e+00 -4.8148e+00
109 0 +5.534912156e+00 +7.224491216e+01 +7.224491216e+01 -4.4444e+00 -4.8148e+00 -4.4444e+00 +4.8148e+00 -4.8148e+00
119 0 +4.651949841e+00 +7.136194984e+01 +7.136194984e+01 -4.8148e+00 -4.4444e+00 -4.8148e+00 +4.8148e+00 -4.8148e+00
121 0 +4.363698208e+00 +7.107369821e+01 +7.107369821e+01 -4.4444e+00 -4.8148e+00 -4.8148e+00 +4.8148e+00 -4.8148e+00
137 0 +3.869871047e+00 +7.057987105e+01 +7.057987105e+01 -4.9383e+00 -4.8148e+00 -4.8148e+00 +4.8148e+00 -4.8148e+00
142 0 +3.299079288e+00 +7.000907929e+01 +7.000907929e+01 -4.8148e+00 -4.8148e+00 -4.8148e+00 +4.9383e+00 -4.8148e+00
145 0 +2.758759936e+00 +6.946875994e+01 +6.946875994e+01 -4.8148e+00 -4.8148e+00 -4.8148e+00 +4.8148e+00 -4.9383e+00
159 0 +2.368355287e+00 +6.907835529e+01 +6.907835529e+01 -4.8148e+00 -4.8148e+00 -4.9383e+00 +4.8148e+00 -4.9383e+00
160 0 +2.064511387e+00 +6.877451139e+01 +6.877451139e+01 -4.8148e+00 -4.8148e+00 -4.8148e+00 +4.9383e+00 -4.9383e+00
169 0 +1.941054596e+00 +6.865105460e+01 +6.865105460e+01 -4.9383e+00 -4.8148e+00 -4.8148e+00 +4.9383e+00 -4.9383e+00
173 0 +1.674106737e+00 +6.838410674e+01 +6.838410674e+01 -4.8148e+00 -4.8148e+00 -4.9383e+00 +4.9383e+00 -4.9383e+00
187 0 +1.550649947e+00 +6.826064995e+01 +6.826064995e+01 -4.9383e+00 -4.8148e+00 -4.9383e+00 +4.9383e+00 -4.9383e+00
199 0 +1.331109279e+00 +6.804110928e+01 +6.804110928e+01 -4.9383e+00 -4.9383e+00 -4.9383e+00 +4.9383e+00 -4.9383e+00
213 0 +1.257929057e+00 +6.796792906e+01 +6.796792906e+01 -4.9383e+00 -4.9794e+00 -4.9383e+00 +4.9383e+00 -4.9383e+00
216 0 +1.099693096e+00 +6.780969310e+01 +6.780969310e+01 -4.9383e+00 -4.9383e+00 -4.9383e+00 +4.9794e+00 -4.9383e+00
219 0 +9.195866454e-01 +6.762958665e+01 +6.762958665e+01 -4.9383e+00 -4.9383e+00 -4.9383e+00 +4.9383e+00 -4.9794e+00
231 0 +8.784343820e-01 +6.758843438e+01 +6.758843438e+01 -4.9794e+00 -4.9383e+00 -4.9383e+00 +4.9383e+00 -4.9794e+00
235 0 +7.894517623e-01 +6.749945176e+01 +6.749945176e+01 -4.9383e+00 -4.9383e+00 -4.9794e+00 +4.9383e+00 -4.9794e+00
236 0 +6.881704622e-01 +6.739817046e+01 +6.739817046e+01 -4.9383e+00 -4.9383e+00 -4.9383e+00 +4.9794e+00 -4.9794e+00
249 0 +6.149902396e-01 +6.732499024e+01 +6.732499024e+01 -4.9383e+00 -4.9794e+00 -4.9383e+00 +4.9794e+00 -4.9794e+00
251 0 +5.580355791e-01 +6.726803558e+01 +6.726803558e+01 -4.9383e+00 -4.9383e+00 -4.9794e+00 +4.9794e+00 -4.9794e+00
269 0 +4.848553564e-01 +6.719485536e+01 +6.719485536e+01 -4.9383e+00 -4.9794e+00 -4.9794e+00 +4.9794e+00 -4.9794e+00
285 0 +4.437030930e-01 +6.715370309e+01 +6.715370309e+01 -4.9794e+00 -4.9794e+00 -4.9794e+00 +4.9794e+00 -4.9794e+00
306 0 +3.665643653e-01 +6.707656437e+01 +6.707656437e+01 -4.9794e+00 -4.9794e+00 -4.9794e+00 +4.9931e+00 -4.9794e+00
309 0 +3.065288818e-01 +6.701652888e+01 +6.701652888e+01 -4.9794e+00 -4.9794e+00 -4.9794e+00 +4.9794e+00 -4.9931e+00
327 0 +2.631505874e-01 +6.697315059e+01 +6.697315059e+01 -4.9794e+00 -4.9794e+00 -4.9931e+00 +4.9794e+00 -4.9931e+00
328 0 +2.293901541e-01 +6.693939015e+01 +6.693939015e+01 -4.9794e+00 -4.9794e+00 -4.9794e+00 +4.9931e+00 -4.9931e+00
341 0 +2.156727329e-01 +6.692567273e+01 +6.692567273e+01 -4.9931e+00 -4.9794e+00 -4.9794e+00 +4.9931e+00 -4.9931e+00
345 0 +1.860118597e-01 +6.689601186e+01 +6.689601186e+01 -4.9794e+00 -4.9794e+00 -4.9931e+00 +4.9931e+00 -4.9931e+00
363 0 +1.722944386e-01 +6.688229444e+01 +6.688229444e+01 -4.9931e+00 -4.9794e+00 -4.9931e+00 +4.9931e+00 -4.9931e+00
383 0 +1.479010310e-01 +6.685790103e+01 +6.685790103e+01 -4.9931e+00 -4.9931e+00 -4.9931e+00 +4.9931e+00 -4.9931e+00
405 0 +1.397698952e-01 +6.684976990e+01 +6.684976990e+01 -4.9931e+00 -4.9977e+00 -4.9931e+00 +4.9931e+00 -4.9931e+00
408 0 +1.221881218e-01 +6.683218812e+01 +6.683218812e+01 -4.9931e+00 -4.9931e+00 -4.9931e+00 +4.9977e+00 -4.9931e+00
411 0 +1.021762939e-01 +6.681217629e+01 +6.681217629e+01 -4.9931e+00 -4.9931e+00 -4.9931e+00 +4.9931e+00 -4.9977e+00
427 0 +9.760382022e-02 +6.680760382e+01 +6.680760382e+01 -4.9977e+00 -4.9931e+00 -4.9931e+00 +4.9931e+00 -4.9977e+00
431 0 +8.771686247e-02 +6.679771686e+01 +6.679771686e+01 -4.9931e+00 -4.9931e+00 -4.9977e+00 +4.9931e+00 -4.9977e+00
432 0 +7.646338469e-02 +6.678646338e+01 +6.678646338e+01 -4.9931e+00 -4.9931e+00 -4.9931e+00 +4.9977e+00 -4.9977e+00
449 0 +6.833224884e-02 +6.677833225e+01 +6.677833225e+01 -4.9931e+00 -4.9977e+00 -4.9931e+00 +4.9977e+00 -4.9977e+00
451 0 +6.200395323e-02 +6.677200395e+01 +6.677200395e+01 -4.9931e+00 -4.9931e+00 -4.9977e+00 +4.9977e+00 -4.9977e+00
475 0 +5.387281738e-02 +6.676387282e+01 +6.676387282e+01 -4.9931e+00 -4.9977e+00 -4.9977e+00 +4.9977e+00 -4.9977e+00
476 0 +5.387281738e-02 +6.676387282e+01 +6.676387282e+01 -4.9931e+00 -4.9977e+00 -4.9977e+00 +4.9977e+00 -4.9977e+00
% f evaluations | g evaluations | best noise-free fitness - Fopt (9.416700000000e+02) + sum g_i+ | measured fitness | best measured fitness or single-digit g-values | x1 | x2...
1 0 +1.078198516e+02 +1.049489852e+03 +1.049489852e+03 +0.0000e+00 +0.0000e+00 +0.0000e+00 +0.0000e+00 +0.0000e+00
3 0 +1.044865183e+02 +1.046156518e+03 +1.046156518e+03 -3.3333e+00 +0.0000e+00 +0.0000e+00 +0.0000e+00 +0.0000e+00
6 0 +9.727892608e+01 +1.038948926e+03 +1.038948926e+03 +0.0000e+00 +0.0000e+00 +3.3333e+00 +0.0000e+00 +0.0000e+00
8 0 +8.907514077e+01 +1.030745141e+03 +1.030745141e+03 +0.0000e+00 +0.0000e+00 +0.0000e+00 +3.3333e+00 +0.0000e+00
11 0 +7.448651828e+01 +1.016156518e+03 +1.016156518e+03 +0.0000e+00 +0.0000e+00 +0.0000e+00 +0.0000e+00 -3.3333e+00
15 0 +6.855892024e+01 +1.010228920e+03 +1.010228920e+03 +0.0000e+00 -3.3333e+00 +0.0000e+00 +0.0000e+00 -3.3333e+00
18 0 +5.574180744e+01 +9.974118074e+02 +9.974118074e+02 +0.0000e+00 +0.0000e+00 +0.0000e+00 +3.3333e+00 -3.3333e+00
23 0 +4.981420940e+01 +9.914842094e+02 +9.914842094e+02 +0.0000e+00 -3.3333e+00 +0.0000e+00 +3.3333e+00 -3.3333e+00
27 0 +4.186754857e+01 +9.835375486e+02 +9.835375486e+02 -3.3333e+00 +0.0000e+00 +3.3333e+00 +3.3333e+00 -3.3333e+00
29 0 +3.927328387e+01 +9.809432839e+02 +9.809432839e+02 +0.0000e+00 -3.3333e+00 +3.3333e+00 +3.3333e+00 -3.3333e+00
35 0 +3.482883943e+01 +9.764988394e+02 +9.764988394e+02 -4.4444e+00 -3.3333e+00 +3.3333e+00 +3.3333e+00 -3.3333e+00
40 0 +2.969171359e+01 +9.713617136e+02 +9.713617136e+02 -3.3333e+00 -3.3333e+00 +3.3333e+00 +4.4444e+00 -3.3333e+00
43 0 +2.482883943e+01 +9.664988394e+02 +9.664988394e+02 -3.3333e+00 -3.3333e+00 +3.3333e+00 +3.3333e+00 -4.4444e+00
50 0 +2.131519758e+01 +9.629851976e+02 +9.629851976e+02 -3.3333e+00 -3.3333e+00 +4.4444e+00 +3.3333e+00 -4.4444e+00
52 0 +1.858060248e+01 +9.602506025e+02 +9.602506025e+02 -3.3333e+00 -3.3333e+00 +3.3333e+00 +4.4444e+00 -4.4444e+00
57 0 +1.746949137e+01 +9.591394914e+02 +9.591394914e+02 -4.4444e+00 -3.3333e+00 +3.3333e+00 +4.4444e+00 -4.4444e+00
60 0 +1.506696063e+01 +9.567369606e+02 +9.567369606e+02 -3.3333e+00 -3.3333e+00 +4.4444e+00 +4.4444e+00 -4.4444e+00
67 0 +1.395584952e+01 +9.556258495e+02 +9.556258495e+02 -4.4444e+00 -3.3333e+00 +4.4444e+00 +4.4444e+00 -4.4444e+00
73 0 +1.197998351e+01 +9.536499835e+02 +9.536499835e+02 -4.4444e+00 -4.4444e+00 +4.4444e+00 +4.4444e+00 -4.4444e+00
84 0 +1.080876956e+01 +9.524787696e+02 +9.524787696e+02 -4.4444e+00 -4.4444e+00 +4.8148e+00 +4.4444e+00 -4.4444e+00
86 0 +9.897237863e+00 +9.515672379e+02 +9.515672379e+02 -4.4444e+00 -4.4444e+00 +4.4444e+00 +4.8148e+00 -4.4444e+00
89 0 +8.276279809e+00 +9.499462798e+02 +9.499462798e+02 -4.4444e+00 -4.4444e+00 +4.4444e+00 +4.4444e+00 -4.8148e+00
95 0 +7.905909438e+00 +9.495759094e+02 +9.495759094e+02 -4.8148e+00 -4.4444e+00 +4.4444e+00 +4.4444e+00 -4.8148e+00
100 0 +6.193534160e+00 +9.478635342e+02 +9.478635342e+02 -4.4444e+00 -4.4444e+00 +4.4444e+00 +4.8148e+00 -4.8148e+00
109 0 +5.534912156e+00 +9.472049122e+02 +9.472049122e+02 -4.4444e+00 -4.8148e+00 +4.4444e+00 +4.8148e+00 -4.8148e+00
119 0 +4.651949841e+00 +9.463219498e+02 +9.463219498e+02 -4.8148e+00 -4.4444e+00 +4.8148e+00 +4.8148e+00 -4.8148e+00
121 0 +4.363698208e+00 +9.460336982e+02 +9.460336982e+02 -4.4444e+00 -4.8148e+00 +4.8148e+00 +4.8148e+00 -4.8148e+00
137 0 +3.869871047e+00 +9.455398710e+02 +9.455398710e+02 -4.9383e+00 -4.8148e+00 +4.8148e+00 +4.8148e+00 -4.8148e+00
142 0 +3.299079288e+00 +9.449690793e+02 +9.449690793e+02 -4.8148e+00 -4.8148e+00 +4.8148e+00 +4.9383e+00 -4.8148e+00
145 0 +2.758759936e+00 +9.444287599e+02 +9.444287599e+02 -4.8148e+00 -4.8148e+00 +4.8148e+00 +4.8148e+00 -4.9383e+00
158 0 +2.368355287e+00 +9.440383553e+02 +9.440383553e+02 -4.8148e+00 -4.8148e+00 +4.9383e+00 +4.8148e+00 -4.9383e+00
160 0 +2.064511387e+00 +9.437345114e+02 +9.437345114e+02 -4.8148e+00 -4.8148e+00 +4.8148e+00 +4.9383e+00 -4.9383e+00
169 0 +1.941054596e+00 +9.436110546e+02 +9.436110546e+02 -4.9383e+00 -4.8148e+00 +4.8148e+00 +4.9383e+00 -4.9383e+00
172 0 +1.674106737e+00 +9.433441067e+02 +9.433441067e+02 -4.8148e+00 -4.8148e+00 +4.9383e+00 +4.9383e+00 -4.9383e+00
187 0 +1.550649947e+00 +9.432206499e+02 +9.432206499e+02 -4.9383e+00 -4.8148e+00 +4.9383e+00 +4.9383e+00 -4.9383e+00
199 0 +1.331109279e+00 +9.430011093e+02 +9.430011093e+02 -4.9383e+00 -4.9383e+00 +4.9383e+00 +4.9383e+00 -4.9383e+00
213 0 +1.257929057e+00 +9.429279291e+02 +9.429279291e+02 -4.9383e+00 -4.9794e+00 +4.9383e+00 +4.9383e+00 -4.9383e+00
216 0 +1.099693096e+00 +9.427696931e+02 +9.427696931e+02 -4.9383e+00 -4.9383e+00 +4.9383e+00 +4.9794e+00 -4.9383e+00
219 0 +9.195866454e-01 +9.425895866e+02 +9.425895866e+02 -4.9383e+00 -4.9383e+00 +4.9383e+00 +4.9383e+00 -4.9794e+00
231 0 +8.784343820e-01 +9.425484344e+02 +9.425484344e+02 -4.9794e+00 -4.9383e+00 +4.9383e+00 +4.9383e+00 -4.9794e+00
234 0 +7.894517623e-01 +9.424594518e+02 +9.424594518e+02 -4.9383e+00 -4.9383e+00 +4.9794e+00 +4.9383e+00 -4.9794e+00
236 0 +6.881704622e-01 +9.423581705e+02 +9.423581705e+02 -4.9383e+00 -4.9383e+00 +4.9383e+00 +4.9794e+00 -4.9794e+00
249 0 +6.149902396e-01 +9.422849902e+02 +9.422849902e+02 -4.9383e+00 -4.9794e+00 +4.9383e+00 +4.9794e+00 -4.9794e+00
250 0 +5.580355791e-01 +9.422280356e+02 +9.422280356e+02 -4.9383e+00 -4.9383e+00 +4.9794e+00 +4.9794e+00 -4.9794e+00
269 0 +4.848553564e-01 +9.421548554e+02 +9.421548554e+02 -4.9383e+00 -4.9794e+00 +4.9794e+00 +4.9794e+00 -4.9794e+00
285 0 +4.437030930e-01 +9.421137031e+02 +9.421137031e+02 -4.9794e+00 -4.9794e+00 +4.9794e+00 +4.9794e+00 -4.9794e+00
328 0 +3.665643653e-01 +9.420365644e+02 +9.420365644e+02 -4.9794e+00 -4.9794e+00 +4.9794e+00 +4.9931e+00 -4.9794e+00
331 0 +3.065288818e-01 +9.419765289e+02 +9.419765289e+02 -4.9794e+00 -4.9794e+00 +4.9794e+00 +4.9794e+00 -4.9931e+00
352 0 +2.631505874e-01 +9.419331506e+02 +9.419331506e+02 -4.9794e+00 -4.9794e+00 +4.9931e+00 +4.9794e+00 -4.9931e+00
354 0 +2.293901541e-01 +9.418993902e+02 +9.418993902e+02 -4.9794e+00 -4.9794e+00 +4.9794e+00 +4.9931e+00 -4.9931e+00
373 0 +2.156727329e-01 +9.418856727e+02 +9.418856727e+02 -4.9931e+00 -4.9794e+00 +4.9794e+00 +4.9931e+00 -4.9931e+00
376 0 +1.860118597e-01 +9.418560119e+02 +9.418560119e+02 -4.9794e+00 -4.9794e+00 +4.9931e+00 +4.9931e+00 -4.9931e+00
395 0 +1.722944386e-01 +9.418422944e+02 +9.418422944e+02 -4.9931e+00 -4.9794e+00 +4.9931e+00 +4.9931e+00 -4.9931e+00
411 0 +1.479010310e-01 +9.418179010e+02 +9.418179010e+02 -4.9931e+00 -4.9931e+00 +4.9931e+00 +4.9931e+00 -4.9931e+00
607 0 +1.397698952e-01 +9.418097699e+02 +9.418097699e+02 -4.9931e+00 -4.9977e+00 +4.9931e+00 +4.9931e+00 -4.9931e+00
610 0 +1.221881218e-01 +9.417921881e+02 +9.417921881e+02 -4.9931e+00 -4.9931e+00 +4.9931e+00 +4.9977e+00 -4.9931e+00
613 0 +1.021762939e-01 +9.417721763e+02 +9.417721763e+02 -4.9931e+00 -4.9931e+00 +4.9931e+00 +4.9931e+00 -4.9977e+00
631 0 +9.760382022e-02 +9.417676038e+02 +9.417676038e+02 -4.9977e+00 -4.9931e+00 +4.9931e+00 +4.9931e+00 -4.9977e+00
634 0 +8.771686247e-02 +9.417577169e+02 +9.417577169e+02 -4.9931e+00 -4.9931e+00 +4.9977e+00 +4.9931e+00 -4.9977e+00
636 0 +7.646338469e-02 +9.417464634e+02 +9.417464634e+02 -4.9931e+00 -4.9931e+00 +4.9931e+00 +4.9977e+00 -4.9977e+00
665 0 +6.833224884e-02 +9.417383322e+02 +9.417383322e+02 -4.9931e+00 -4.9977e+00 +4.9931e+00 +4.9977e+00 -4.9977e+00
666 0 +6.200395323e-02 +9.417320040e+02 +9.417320040e+02 -4.9931e+00 -4.9931e+00 +4.9977e+00 +4.9977e+00 -4.9977e+00
687 0 +5.387281738e-02 +9.417238728e+02 +9.417238728e+02 -4.9931e+00 -4.9977e+00 +4.9977e+00 +4.9977e+00 -4.9977e+00
688 0 +5.387281738e-02 +9.417238728e+02 +9.417238728e+02 -4.9931e+00 -4.9977e+00 +4.9977e+00 +4.9977e+00 -4.9977e+00
% f evaluations | g evaluations | best noise-free fitness - Fopt (-3.745000000000e+01) + sum g_i+ | measured fitness | best measured fitness or single-digit g-values | x1 | x2...
1 0 +1.078198516e+02 +7.036985161e+01 +7.036985161e+01 +0.0000e+00 +0.0000e+00 +0.0000e+00 +0.0000e+00 +0.0000e+00
2 0 +1.044865183e+02 +6.703651828e+01 +6.703651828e+01 +3.3333e+00 +0.0000e+00 +0.0000e+00 +0.0000e+00 +0.0000e+00
6 0 +9.727892608e+01 +5.982892608e+01 +5.982892608e+01 +0.0000e+00 +0.0000e+00 +3.3333e+00 +0.0000e+00 +0.0000e+00
9 0 +8.907514077e+01 +5.162514077e+01 +5.162514077e+01 +0.0000e+00 +0.0000e+00 +0.0000e+00 -3.3333e+00 +0.0000e+00
11 0 +7.448651828e+01 +3.703651828e+01 +3.703651828e+01 +0.0000e+00 +0.0000e+00 +0.0000e+00 +0.0000e+00 -3.3333e+00
14 0 +6.855892024e+01 +3.110892024e+01 +3.110892024e+01 +0.0000e+00 +3.3333e+00 +0.0000e+00 +0.0000e+00 -3.3333e+00
19 0 +5.574180744e+01 +1.829180744e+01 +1.829180744e+01 +0.0000e+00 +0.0000e+00 +0.0000e+00 -3.3333e+00 -3.3333e+00
22 0 +4.981420940e+01 +1.236420940e+01 +1.236420940e+01 +0.0000e+00 +3.3333e+00 +0.0000e+00 -3.3333e+00 -3.3333e+00
26 0 +4.186754857e+01 +4.417548570e+00 +4.417548570e+00 +3.3333e+00 +0.0000e+00 +3.3333e+00 -3.3333e+00 -3.3333e+00
28 0 +3.927328387e+01 +1.823283870e+00 +1.823283870e+00 +0.0000e+00 +3.3333e+00 +3.3333e+00 -3.3333e+00 -3.3333e+00
34 0 +3.482883943e+01 -2.621160574e+00 -2.621160574e+00 +4.4444e+00 +3.3333e+00 +3.3333e+00 -3.3333e+00 -3.3333e+00
41 0 +2.969171359e+01 -7.758286410e+00 -7.758286410e+00 +3.3333e+00 +3.3333e+00 +3.3333e+00 -4.4444e+00 -3.3333e+00
43 0 +2.482883943e+01 -1.262116057e+01 -1.262116057e+01 +3.3333e+00 +3.3333e+00 +3.3333e+00 -3.3333e+00 -4.4444e+00
50 0 +2.131519758e+01 -1.613480242e+01 -1.613480242e+01 +3.3333e+00 +3.3333e+00 +4.4444e+00 -3.3333e+00 -4.4444e+00
53 0 +1.858060248e+01 -1.886939752e+01 -1.886939752e+01 +3.3333e+00 +3.3333e+00 +3.3333e+00 -4.4444e+00 -4.4444e+00
56 0 +1.746949137e+01 -1.998050863e+01 -1.998050863e+01 +4.4444e+00 +3.3333e+00 +3.3333e+00 -4.4444e+00 -4.4444e+00
60 0 +1.506696063e+01 -2.238303937e+01 -2.238303937e+01 +3.3333e+00 +3.3333e+00 +4.4444e+00 -4.4444e+00 -4.4444e+00
66 0 +1.395584952e+01 -2.349415048e+01 -2.349415048e+01 +4.4444e+00 +3.3333e+00 +4.4444e+00 -4.4444e+00 -4.4444e+00
72 0 +1.197998351e+01 -2.547001649e+01 -2.547001649e+01 +4.4444e+00 +4.4444e+00 +4.4444e+00 -4.4444e+00 -4.4444e+00
84 0 +1.080876956e+01 -2.664123044e+01 -2.664123044e+01 +4.4444e+00 +4.4444e+00 +4.8148e+00 -4.4444e+00 -4.4444e+00
87 0 +9.897237863e+00 -2.755276214e+01 -2.755276214e+01 +4.4444e+00 +4.4444e+00 +4.4444e+00 -4.8148e+00 -4.4444e+00
89 0 +8.276279809e+00 -2.917372019e+01 -2.917372019e+01 +4.4444e+00 +4.4444e+00 +4.4444e+00 -4.4444e+00 -4.8148e+00
94 0 +7.905909438e+00 -2.954409056e+01 -2.954409056e+01 +4.8148e+00 +4.4444e+00 +4.4444e+00 -4.4444e+00 -4.8148e+00
101 0 +6.193534160e+00 -3.125646584e+01 -3.125646584e+01 +4.4444e+00 +4.4444e+00 +4.4444e+00 -4.8148e+00 -4.8148e+00
108 0 +5.534912156e+00 -3.191508784e+01 -3.191508784e+01 +4.4444e+00 +4.8148e+00 +4.4444e+00 -4.8148e+00 -4.8148e+00
118 0 +4.651949841e+00 -3.279805016e+01 -3.279805016e+01 +4.8148e+00 +4.4444e+00 +4.8148e+00 -4.8148e+00 -4.8148e+00
120 0 +4.363698208e+00 -3.308630179e+01 -3.308630179e+01 +4.4444e+00 +4.8148e+00 +4.8148e+00 -4.8148e+00 -4.8148e+00
136 0 +3.869871047e+00 -3.358012895e+01 -3.358012895e+01 +4.9383e+00 +4.8148e+00 +4.8148e+00 -4.8148e+00 -4.8148e+00
143 0 +3.299079288e+00 -3.415092071e+01 -3.415092071e+01 +4.8148e+00 +4.8148e+00 +4.8148e+00 -4.9383e+00 -4.8148e+00
145 0 +2.758759936e+00 -3.469124006e+01 -3.469124006e+01 +4.8148e+00 +4.8148e+00 +4.8148e+00 -4.8148e+00 -4.9383e+00
158 0 +2.368355287e+00 -3.508164471e+01 -3.508164471e+01 +4.8148e+00 +4.8148e+00 +4.9383e+00 -4.8148e+00 -4.9383e+00
161 0 +2.064511387e+00 -3.538548861e+01 -3.538548861e+01 +4.8148e+00 +4.8148e+00 +4.8148e+00 -4.9383e+00 -4.9383e+00
168 0 +1.941054596e+00 -3.550894540e+01 -3.550894540e+01 +4.9383e+00 +4.8148e+00 +4.8148e+00 -4.9383e+00 -4.9383e+00
172 0 +1.674106737e+00 -3.577589326e+01 -3.577589326e+01 +4.8148e+00 +4.8148e+00 +4.9383e+00 -4.9383e+00 -4.9383e+00
186 0 +1.550649947e+00 -3.589935005e+01 -3.589935005e+01 +4.9383e+00 +4.8148e+00 +4.9383e+00 -4.9383e+00 -4.9383e+00
198 0 +1.331109279e+00 -3.611889072e+01 -3.611889072e+01 +4.9383e+00 +4.9383e+00 +4.9383e+00 -4.9383e+00 -4.9383e+00
212 0 +1.257929057e+00 -3.619207094e+01 -3.619207094e+01 +4.9383e+00 +4.9794e+00 +4.9383e+00 -4.9383e+00 -4.9383e+00
217 0 +1.099693096e+00 -3.635030690e+01 -3.635030690e+01 +4.9383e+00 +4.9383e+00 +4.9383e+00 -4.9794e+00 -4.9383e+00
219 0 +9.195866454e-01 -3.653041335e+01 -3.653041335e+01 +4.9383e+00 +4.9383e+00 +4.9383e+00 -4.9383e+00 -4.9794e+00
230 0 +8.784343820e-01 -3.657156562e+01 -3.657156562e+01 +4.9794e+00 +4.9383e+00 +4.9383e+00 -4.9383e+00 -4.9794e+00
234 0 +7.894517623e-01 -3.666054824e+01 -3.666054824e+01 +4.9383e+00 +4.9383e+00 +4.9794e+00 -4.9383e+00 -4.9794e+00
237 0 +6.881704622e-01 -3.676182954e+01 -3.676182954e+01 +4.9383e+00 +4.9383e+00 +4.9383e+00 -4.9794e+00 -4.9794e+00
248 0 +6.149902396e-01 -3.683500976e+01 -3.683500976e+01 +4.9383e+00 +4.9794e+00 +4.9383e+00 -4.9794e+00 -4.9794e+00
250 0 +5.580355791e-01 -3.689196442e+01 -3.689196442e+01 +4.9383e+00 +4.9383e+00 +4.9794e+00 -4.9794e+00 -4.9794e+00
268 0 +4.848553564e-01 -3.696514464e+01 -3.696514464e+01 +4.9383e+00 +4.9794e+00 +4.9794e+00 -4.9794e+00 -4.9794e+00
284 0 +4.437030930e-01 -3.700629691e+01 -3.700629691e+01 +4.9794e+00 +4.9794e+00 +4.9794e+00 -4.9794e+00 -4.9794e+00
307 0 +3.665643653e-01 -3.708343563e+01 -3.708343563e+01 +4.9794e+00 +4.9794e+00 +4.9794e+00 -4.9931e+00 -4.9794e+00
309 0 +3.065288818e-01 -3.714347112e+01 -3.714347112e+01 +4.9794e+00 +4.9794e+00 +4.9794e+00 -4.9794e+00 -4.9931e+00
326 0 +2.631505874e-01 -3.718684941e+01 -3.718684941e+01 +4.9794e+00 +4.9794e+00 +4.9931e+00 -4.9794e+00 -4.9931e+00
329 0 +2.293901541e-01 -3.722060985e+01 -3.722060985e+01 +4.9794e+00 +4.9794e+00 +4.9794e+00 -4.9931e+00 -4.9931e+00
340 0 +2.156727329e-01 -3.723432727e+01 -3.723432727e+01 +4.9931e+00 +4.9794e+00 +4.9794e+00 -4.9931e+00 -4.9931e+00
344 0 +1.860118597e-01 -3.726398814e+01 -3.726398814e+01 +4.9794e+00 +4.9794e+00 +4.9931e+00 -4.9931e+00 -4.9931e+00
362 0 +1.722944386e-01 -3.727770556e+01 -3.727770556e+01 +4.9931e+00 +4.9794e+00 +4.9931e+00 -4.9931e+00 -4.9931e+00
382 0 +1.479010310e-01 -3.730209897e+01 -3.730209897e+01 +4.9931e+00 +4.9931e+00 +4.9931e+00 -4.9931e+00 -4.9931e+00
404 0 +1.397698952e-01 -3.731023010e+01 -3.731023010e+01 +4.9931e+00 +4.9977e+00 +4.9931e+00 -4.9931e+00 -4.9931e+00
409 0 +1.221881218e-01 -3.732781188e+01 -3.732781188e+01 +4.9931e+00 +4.9931e+00 +4.9931e+00 -4.9977e+00 -4.9931e+00
411 0 +1.021762939e-01 -3.734782371e+01 -3.734782371e+01 +4.9931e+00 +4.9931e+00 +4.9931e+00 -4.9931e+00 -4.9977e+00
426 0 +9.760382022e-02 -3.735239618e+01 -3.735239618e+01 +4.9977e+00 +4.9931e+00 +4.9931e+00 -4.9931e+00 -4.9977e+00
430 0 +8.771686247e-02 -3.736228314e+01 -3.736228314e+01 +4.9931e+00 +4.9931e+00 +4.9977e+00 -4.9931e+00 -4.9977e+00
433 0 +7.646338469e-02 -3.737353662e+01 -3.737353662e+01 +4.9931e+00 +4.9931e+00 +4.9931e+00 -4.9977e+00 -4.9977e+00
448 0 +6.833224884e-02 -3.738166775e+01 -3.738166775e+01 +4.9931e+00 +4.9977e+00 +4.9931e+00 -4.9977e+00 -4.9977e+00
450 0 +6.200395323e-02 -3.738799605e+01 -3.738799605e+01 +4.9931e+00 +4.9931e+00 +4.9977e+00 -4.9977e+00 -4.9977e+00
474 0 +5.387281738e-02 -3.739612718e+01 -3.739612718e+01 +4.9931e+00 +4.9977e+00 +4.9977e+00 -4.9977e+00 -4.9977e+00
476 0 +5.387281738e-02 -3.739612718e+01 -3.739612718e+01 +4.9931e+00 +4.9977e+00 +4.9977e+00 -4.9977e+00 -4.9977e+00
% f evaluations | g evaluations | best noise-free fitness - Fopt (-1.000000000000e+03) + sum g_i+ | measured fitness | best measured fitness or single-digit g-values | x1 | x2...
1 0 +1.078198516e+02 -8.921801484e+02 -8.921801484e+02 +0.0000e+00 +0.0000e+00 +0.0000e+00 +0.0000e+00 +0.0000e+00
3 0 +1.044865183e+02 -8.955134817e+02 -8.955134817e+02 -3.3333e+00 +0.0000e+00 +0.0000e+00 +0.0000e+00 +0.0000e+00
7 0 +9.727892608e+01 -9.027210739e+02 -9.027210739e+02 +0.0000e+00 +0.0000e+00 -3.3333e+00 +0.0000e+00 +0.0000e+00
9 0 +8.907514077e+01 -9.109248592e+02 -9.109248592e+02 +0.0000e+00 +0.0000e+00 +0.0000e+00 -3.3333e+00 +0.0000e+00
10 0 +7.448651828e+01 -9.255134817e+02 -9.255134817e+02 +0.0000e+00 +0.0000e+00 +0.0000e+00 +0.0000e+00 +3.3333e+00
15 0 +6.855892024e+01 -9.314410798e+02 -9.314410798e+02 +0.0000e+00 -3.3333e+00 +0.0000e+00 +0.0000e+00 +3.3333e+00
19 0 +5.574180744e+01 -9.442581926e+02 -9.442581926e+02 +0.0000e+00 +0.0000e+00 +0.0000e+00 -3.3333e+00 +3.3333e+00
23 0 +4.981420940e+01 -9.501857906e+02 -9.501857906e+02 +0.0000e+00 -3.3333e+00 +0.0000e+00 -3.3333e+00 +3.3333e+00
27 0 +4.186754857e+01 -9.581324514e+02 -9.581324514e+02 -3.3333e+00 +0.0000e+00 -3.3333e+00 -3.3333e+00 +3.3333e+00
29 0 +3.927328387e+01 -9.607267161e+02 -9.607267161e+02 +0.0000e+00 -3.3333e+00 -3.3333e+00 -3.3333e+00 +3.3333e+00
35 0 +3.482883943e+01 -9.651711606e+02 -9.651711606e+02 -4.4444e+00 -3.3333e+00 -3.3333e+00 -3.3333e+00 +3.3333e+00
41 0 +2.969171359e+01 -9.703082864e+02 -9.703082864e+02 -3.3333e+00 -3.3333e+00 -3.3333e+00 -4.4444e+00 +3.3333e+00
42 0 +2.482883943e+01 -9.751711606e+02 -9.751711606e+02 -3.3333e+00 -3.3333e+00 -3.3333e+00 -3.3333e+00 +4.4444e+00
51 0 +2.131519758e+01 -9.786848024e+02 -9.786848024e+02 -3.3333e+00 -3.3333e+00 -4.4444e+00 -3.3333e+00 +4.4444e+00
53 0 +1.858060248e+01 -9.814193975e+02 -9.814193975e+02 -3.3333e+00 -3.3333e+00 -3.3333e+00 -4.4444e+00 +4.4444e+00
57 0 +1.746949137e+01 -9.825305086e+02 -9.825305086e+02 -4.4444e+00 -3.3333e+00 -3.3333e+00 -4.4444e+00 +4.4444e+00
61 0 +1.506696063e+01 -9.849330394e+02 -9.849330394e+02 -3.3333e+00 -3.3333e+00 -4.4444e+00 -4.4444e+00 +4.4444e+00
67 0 +1.395584952e+01 -9.860441505e+02 -9.860441505e+02 -4.4444e+00 -3.3333e+00 -4.4444e+00 -4.4444e+00 +4.4444e+00
73 0 +1.197998351e+01 -9.880200165e+02 -9.880200165e+02 -4.4444e+00 -4.4444e+00 -4.4444e+00 -4.4444e+00 +4.4444e+00
85 0 +1.080876956e+01 -9.891912304e+02 -9.891912304e+02 -4.4444e+00 -4.4444e+00 -4.8148e+00 -4.4444e+00 +4.4444e+00
87 0 +9.897237863e+00 -9.901027621e+02 -9.901027621e+02 -4.4444e+00 -4.4444e+00 -4.4444e+00 -4.8148e+00 +4.4444e+00
88 0 +8.276279809e+00 -9.917237202e+02 -9.917237202e+02 -4.4444e+00 -4.4444e+00 -4.4444e+00 -4.4444e+00 +4.8148e+00
95 0 +7.905909438e+00 -9.920940906e+02 -9.920940906e+02 -4.8148e+00 -4.4444e+00 -4.4444e+00 -4.4444e+00 +4.8148e+00
101 0 +6.193534160e+00 -9.938064658e+02 -9.938064658e+02 -4.4444e+00 -4.4444e+00 -4.4444e+00 -4.8148e+00 +4.8148e+00
109 0 +5.534912156e+00 -9.944650878e+02 -9.944650878e+02 -4.4444e+00 -4.8148e+00 -4.4444e+00 -4.8148e+00 +4.8148e+00
119 0 +4.651949841e+00 -9.953480502e+02 -9.953480502e+02 -4.8148e+00 -4.4444e+00 -4.8148e+00 -4.8148e+00 +4.8148e+00
121 0 +4.363698208e+00 -9.956363018e+02 -9.956363018e+02 -4.4444e+00 -4.8148e+00 -4.8148e+00 -4.8148e+00 +4.8148e+00
137 0 +3.869871047e+00 -9.961301290e+02 -9.961301290e+02 -4.9383e+00 -4.8148e+00 -4.8148e+00 -4.8148e+00 +4.8148e+00
143 0 +3.299079288e+00 -9.967009207e+02 -9.967009207e+02 -4.8148e+00 -4.8148e+00 -4.8148e+00 -4.9383e+00 +4.8148e+00
144 0 +2.758759936e+00 -9.972412401e+02 -9.972412401e+02 -4.8148e+00 -4.8148e+00 -4.8148e+00 -4.8148e+00 +4.9383e+00
159 0 +2.368355287e+00 -9.976316447e+02 -9.976316447e+02 -4.8148e+00 -4.8148e+00 -4.9383e+00 -4.8148e+00 +4.9383e+00
161 0 +2.064511387e+00 -9.979354886e+02 -9.979354886e+02 -4.8148e+00 -4.8148e+00 -4.8148e+00 -4.9383e+00 +4.9383e+00
169 0 +1.941054596e+00 -9.980589454e+02 -9.980589454e+02 -4.9383e+00 -4.8148e+00 -4.8148e+00 -4.9383e+00 +4.9383e+00
173 0 +1.674106737e+00 -9.983258933e+02 -9.983258933e+02 -4.8148e+00 -4.8148e+00 -4.9383e+00 -4.9383e+00 +4.9383e+00
187 0 +1.550649947e+00 -9.984493501e+02 -9.984493501e+02 -4.9383e+00 -4.8148e+00 -4.9383e+00 -4.9383e+00 +4.9383e+00
199 0 +1.331109279e+00 -9.986688907e+02 -9.986688907e+02 -4.9383e+00 -4.9383e+00 -4.9383e+00 -4.9383e+00 +4.9383e+00
213 0 +1.257929057e+00 -9.987420709e+02 -9.987420709e+02 -4.9383e+00 -4.9794e+00 -4.9383e+00 -4.9383e+00 +4.9383e+00
217 0 +1.099693096e+00 -9.989003069e+02 -9.989003069e+02 -4.9383e+00 -4.9383e+00 -4.9383e+00 -4.9794e+00 +4.9383e+00
218 0 +9.195866454e-01 -9.990804134e+02 -9.990804134e+02 -4.9383e+00 -4.9383e+00 -4.9383e+00 -4.9383e+00 +4.9794e+00
231 0 +8.784343820e-01 -9.991215656e+02 -9.991215656e+02 -4.9794e+00 -4.9383e+00 -4.9383e+00 -4.9383e+00 +4.9794e+00
235 0 +7.894517623e-01 -9.992105482e+02 -9.992105482e+02 -4.9383e+00 -4.9383e+00 -4.9794e+00 -4.9383e+00 +4.9794e+00
237 0 +6.881704622e-01 -9.993118295e+02 -9.993118295e+02 -4.9383e+00 -4.9383e+00 -4.9383e+00 -4.9794e+00 +4.9794e+00
249 0 +6.149902396e-01 -9.993850098e+02 -9.993850098e+02 -4.9383e+00 -4.9794e+00 -4.9383e+00 -4.9794e+00 +4.9794e+00
251 0 +5.580355791e-01 -9.994419644e+02 -9.994419644e+02 -4.9383e+00 -4.9383e+00 -4.9794e+00 -4.9794e+00 +4.9794e+00
269 0 +4.848553564e-01 -9.995151446e+02 -9.995151446e+02 -4.9383e+00 -4.9794e+00 -4.9794e+00 -4.9794e+00 +4.9794e+00
285 0 +4.437030930e-01 -9.995562969e+02 -9.995562969e+02 -4.9794e+00 -4.9794e+00 -4.9794e+00 -4.9794e+00 +4.9794e+00
329 0 +3.665643653e-01 -9.996334356e+02 -9.996334356e+02 -4.9794e+00 -4.9794e+00 -4.9794e+00 -4.9931e+00 +4.9794e+00
330 0 +3.065288818e-01 -9.996934711e+02 -9.996934711e+02 -4.9794e+00 -4.9794e+00 -4.9794e+00 -4.9794e+00 +4.9931e+00
353 0 +2.631505874e-01 -9.997368494e+02 -9.997368494e+02 -4.9794e+00 -4.9794e+00 -4.9931e+00 -4.9794e+00 +4.9931e+00
355 0 +2.293901541e-01 -9.997706098e+02 -9.997706098e+02 -4.9794e+00 -4.9794e+00 -4.9794e+00 -4.9931e+00 +4.9931e+00
373 0 +2.156727329e-01 -9.997843273e+02 -9.997843273e+02 -4.9931e+00 -4.9794e+00 -4.9794e+00 -4.9931e+00 +4.9931e+00
377 0 +1.860118597e-01 -9.998139881e+02 -9.998139881e+02 -4.9794e+00 -4.9794e+00 -4.9931e+00 -4.9931e+00 +4.9931e+00
395 0 +1.722944386e-01 -9.998277056e+02 -9.998277056e+02 -4.9931e+00 -4.9794e+00 -4.9931e+00 -4.9931e+00 +4.9931e+00
411 0 +1.479010310e-01 -9.998520990e+02 -9.998520990e+02 -4.9931e+00 -4.9931e+00 -4.9931e+00 -4.9931e+00 +4.9931e+00
607 0 +1.397698952e-01 -9.998602301e+02 -9.998602301e+02 -4.9931e+00 -4.9977e+00 -4.9931e+00 -4.9931e+00 +4.9931e+00
611 0 +1.221881218e-01 -9.998778119e+02 -9.998778119e+02 -4.9931e+00 -4.9931e+00 -4.9931e+00 -4.9977e+00 +4.9931e+00
612 0 +1.021762939e-01 -9.998978237e+02 -9.998978237e+02 -4.9931e+00 -4.9931e+00 -4.9931e+00 -4.9931e+00 +4.9977e+00
631 0 +9.760382022e-02 -9.999023962e+02 -9.999023962e+02 -4.9977e+00 -4.9931e+00 -4.9931e+00 -4.9931e+00 +4.9977e+00
635 0 +8.771686247e-02 -9.999122831e+02 -9.999122831e+02 -4.9931e+00 -4.9931e+00 -4.9977e+00 -4.9931e+00 +4.9977e+00
637 0 +7.646338469e-02 -9.999235366e+02 -9.999235366e+02 -4.9931e+00 -4.9931e+00 -4.9931e+00 -4.9977e+00 +4.9977e+00
665 0 +6.833224884e-02 -9.999316678e+02 -9.999316678e+02 -4.9931e+00 -4.9977e+00 -4.9931e+00 -4.9977e+00 +4.9977e+00
667 0 +6.200395323e-02 -9.999379960e+02 -9.999379960e+02 -4.9931e+00 -4.9931e+00 -4.9977e+00 -4.9977e+00 +4.9977e+00
687 0 +5.387281738e-02 -9.999461272e+02 -9.999461272e+02 -4.9931e+00 -4.9977e+00 -4.9977e+00 -4.9977e+00 +4.9977e+00
688 0 +5.387281738e-02 -9.999461272e+02 -9.999461272e+02 -4.9931e+00 -4.9977e+00 -4.9977e+00 -4.9977e+00 +4.9977e+00
% f evaluations | g evaluations | best noise-free fitness - Fopt (-1.040300000000e+02) + sum g_i+ | measured fitness | best measured fitness or single-digit g-values | x1 | x2...
1 0 +1.078198516e+02 +3.789851611e+00 +3.789851611e+00 +0.0000e+00 +0.0000e+00 +0.0000e+00 +0.0000e+00 +0.0000e+00
2 0 +1.044865183e+02 +4.565182772e-01 +4.565182772e-01 +3.3333e+00 +0.0000e+00 +0.0000e+00 +0.0000e+00 +0.0000e+00
6 0 +9.727892608e+01 -6.751073923e+00 -6.751073923e+00 +0.0000e+00 +0.0000e+00 +3.3333e+00 +0.0000e+00 +0.0000e+00
9 0 +8.907514077e+01 -1.495485923e+01 -1.495485923e+01 +0.0000e+00 +0.0000e+00 +0.0000e+00 -3.3333e+00 +0.0000e+00
10 0 +7.448651828e+01 -2.954348172e+01 -2.954348172e+01 +0.0000e+00 +0.0000e+00 +0.0000e+00 +0.0000e+00 +3.3333e+00
15 0 +6.855892024e+01 -3.547107976e+01 -3.547107976e+01 +0.0000e+00 -3.3333e+00 +0.0000e+00 +0.0000e+00 +3.3333e+00
19 0 +5.574180744e+01 -4.828819256e+01 -4.828819256e+01 +0.0000e+00 +0.0000e+00 +0.0000e+00 -3.3333e+00 +3.3333e+00
23 0 +4.981420940e+01 -5.421579060e+01 -5.421579060e+01 +0.0000e+00 -3.3333e+00 +0.0000e+00 -3.3333e+00 +3.3333e+00
26 0 +4.186754857e+01 -6.216245143e+01 -6.216245143e+01 +3.3333e+00 +0.0000e+00 +3.3333e+00 -3.3333e+00 +3.3333e+00
29 0 +3.927328387e+01 -6.475671613e+01 -6.475671613e+01 +0.0000e+00 -3.3333e+00 +3.3333e+00 -3.3333e+00 +3.3333e+00
34 0 +3.482883943e+01 -6.920116057e+01 -6.920116057e+01 +4.4444e+00 -3.3333e+00 +3.3333e+00 -3.3333e+00 +3.3333e+00
41 0 +2.969171359e+01 -7.433828641e+01 -7.433828641e+01 +3.3333e+00 -3.3333e+00 +3.3333e+00 -4.4444e+00 +3.3333e+00
42 0 +2.482883943e+01 -7.920116057e+01 -7.920116057e+01 +3.3333e+00 -3.3333e+00 +3.3333e+00 -3.3333e+00 +4.4444e+00
50 0 +2.131519758e+01 -8.271480242e+01 -8.271480242e+01 +3.3333e+00 -3.3333e+00 +4.4444e+00 -3.3333e+00 +4.4444e+00
53 0 +1.858060248e+01 -8.544939752e+01 -8.544939752e+01 +3.3333e+00 -3.3333e+00 +3.3333e+00 -4.4444e+00 +4.4444e+00
56 0 +1.746949137e+01 -8.656050863e+01 -8.656050863e+01 +4.4444e+00 -3.3333e+00 +3.3333e+00 -4.4444e+00 +4.4444e+00
60 0 +1.506696063e+01 -8.896303937e+01 -8.896303937e+01 +3.3333e+00 -3.3333e+00 +4.4444e+00 -4.4444e+00 +4.4444e+00
66 0 +1.395584952e+01 -9.007415048e+01 -9.007415048e+01 +4.4444e+00 -3.3333e+00 +4.4444e+00 -4.4444e+00 +4.4444e+00
72 0 +1.197998351e+01 -9.205001649e+01 -9.205001649e+01 +4.4444e+00 -4.4444e+00 +4.4444e+00 -4.4444e+00 +4.4444e+00
84 0 +1.080876956e+01 -9.322123044e+01 -9.322123044e+01 +4.4444e+00 -4.4444e+00 +4.8148e+00 -4.4444e+00 +4.4444e+00
87 0 +9.897237863e+00 -9.413276214e+01 -9.413276214e+01 +4.4444e+00 -4.4444e+00 +4.4444e+00 -4.8148e+00 +4.4444e+00
88 0 +8.276279809e+00 -9.575372019e+01 -9.575372019e+01 +4.4444e+00 -4.4444e+00 +4.4444e+00 -4.4444e+00 +4.8148e+00
94 0 +7.905909438e+00 -9.612409056e+01 -9.612409056e+01 +4.8148e+00 -4.4444e+00 +4.4444e+00 -4.4444e+00 +4.8148e+00
101 0 +6.193534160e+00 -9.783646584e+01 -9.783646584e+01 +4.4444e+00 -4.4444e+00 +4.4444e+00 -4.8148e+00 +4.8148e+00
109 0 +5.534912156e+00 -9.849508784e+01 -9.849508784e+01 +4.4444e+00 -4.8148e+00 +4.4444e+00 -4.8148e+00 +4.8148e+00
118 0 +4.651949841e+00 -9.937805016e+01 -9.937805016e+01 +4.8148e+00 -4.4444e+00 +4.8148e+00 -4.8148e+00 +4.8148e+00
121 0 +4.363698208e+00 -9.966630179e+01 -9.966630179e+01 +4.4444e+00 -4.8148e+00 +4.8148e+00 -4.8148e+00 +4.8148e+00
136 0 +3.869871047e+00 -1.001601290e+02 -1.001601290e+02 +4.9383e+00 -4.8148e+00 +4.8148e+00 -4.8148e+00 +4.8148e+00
143 0 +3.299079288e+00 -1.007309207e+02 -1.007309207e+02 +4.8148e+00 -4.8148e+00 +4.8148e+00 -4.9383e+00 +4.8148e+00
144 0 +2.758759936e+00 -1.012712401e+02 -1.012712401e+02 +4.8148e+00 -4.8148e+00 +4.8148e+00 -4.8148e+00 +4.9383e+00
158 0 +2.368355287e+00 -1.016616447e+02 -1.016616447e+02 +4.8148e+00 -4.8148e+00 +4.9383e+00 -4.8148e+00 +4.9383e+00
161 0 +2.064511387e+00 -1.019654886e+02 -1.019654886e+02 +4.8148e+00 -4.8148e+00 +4.8148e+00 -4.9383e+00 +4.9383e+00
168 0 +1.941054596e+00 -1.020889454e+02 -1.020889454e+02 +4.9383e+00 -4.8148e+00 +4.8148e+00 -4.9383e+00 +4.9383e+00
172 0 +1.674106737e+00 -1.023558933e+02 -1.023558933e+02 +4.8148e+00 -4.8148e+00 +4.9383e+00 -4.9383e+00 +4.9383e+00
186 0 +1.550649947e+00 -1.024793501e+02 -1.024793501e+02 +4.9383e+00 -4.8148e+00 +4.9383e+00 -4.9383e+00 +4.9383e+00
198 0 +1.331109279e+00 -1.026988907e+02 -1.026988907e+02 +4.9383e+00 -4.9383e+00 +4.9383e+00 -4.9383e+00 +4.9383e+00
213 0 +1.257929057e+00 -1.027720709e+02 -1.027720709e+02 +4.9383e+00 -4.9794e+00 +4.9383e+00 -4.9383e+00 +4.9383e+00
217 0 +1.099693096e+00 -1.029303069e+02 -1.029303069e+02 +4.9383e+00 -4.9383e+00 +4.9383e+00 -4.9794e+00 +4.9383e+00
218 0 +9.195866454e-01 -1.031104134e+02 -1.031104134e+02 +4.9383e+00 -4.9383e+00 +4.9383e+00 -4.9383e+00 +4.9794e+00
230 0 +8.784343820e-01 -1.031515656e+02 -1.031515656e+02 +4.9794e+00 -4.9383e+00 +4.9383e+00 -4.9383e+00 +4.9794e+00
234 0 +7.894517623e-01 -1.032405482e+02 -1.032405482e+02 +4.9383e+00 -4.9383e+00 +4.9794e+00 -4.9383e+00 +4.9794e+00
237 0 +6.881704622e-01 -1.033418295e+02 -1.033418295e+02 +4.9383e+00 -4.9383e+00 +4.9383e+00 -4.9794e+00 +4.9794e+00
249 0 +6.149902396e-01 -1.034150098e+02 -1.034150098e+02 +4.9383e+00 -4.9794e+00 +4.9383e+00 -4.9794e+00 +4.9794e+00
250 0 +5.580355791e-01 -1.034719644e+02 -1.034719644e+02 +4.9383e+00 -4.9383e+00 +4.9794e+00 -4.9794e+00 +4.9794e+00
269 0 +4.848553564e-01 -1.035451446e+02 -1.035451446e+02 +4.9383e+00 -4.9794e+00 +4.9794e+00 -4.9794e+00 +4.9794e+00
284 0 +4.437030930e-01 -1.035862969e+02 -1.035862969e+02 +4.9794e+00 -4.9794e+00 +4.9794e+00 -4.9794e+00 +4.9794e+00
307 0 +3.665643653e-01 -1.036634356e+02 -1.036634356e+02 +4.9794e+00 -4.9794e+00 +4.9794e+00 -4.9931e+00 +4.9794e+00
308 0 +3.065288818e-01 -1.037234711e+02 -1.037234711e+02 +4.9794e+00 -4.9794e+00 +4.9794e+00 -4.9794e+00 +4.9931e+00
326 0 +2.631505874e-01 -1.037668494e+02 -1.037668494e+02 +4.9794e+00 -4.9794e+00 +4.9931e+00 -4.9794e+00 +4.9931e+00
329 0 +2.293901541e-01 -1.038006098e+02 -1.038006098e+02 +4.9794e+00 -4.9794e+00 +4.9794e+00 -4.9931e+00 +4.9931e+00
340 0 +2.156727329e-01 -1.038143273e+02 -1.038143273e+02 +4.9931e+00 -4.9794e+00 +4.9794e+00 -4.9931e+00 +4.9931e+00
344 0 +1.860118597e-01 -1.038439881e+02 -1.038439881e+02 +4.9794e+00 -4.9794e+00 +4.9931e+00 -4.9931e+00 +4.9931e+00
362 0 +1.722944386e-01 -1.038577056e+02 -1.038577056e+02 +4.9931e+00 -4.9794e+00 +4.9931e+00 -4.9931e+00 +4.9931e+00
382 0 +1.479010310e-01 -1.038820990e+02 -1.038820990e+02 +4.9931e+00 -4.9931e+00 +4.9931e+00 -4.9931e+00 +4.9931e+00
405 0 +1.397698952e-01 -1.038902301e+02 -1.038902301e+02 +4.9931e+00 -4.9977e+00 +4.9931e+00 -4.9931e+00 +4.9931e+00
409 0 +1.221881218e-01 -1.039078119e+02 -1.039078119e+02 +4.9931e+00 -4.9931e+00 +4.9931e+00 -4.9977e+00 +4.9931e+00
410 0 +1.021762939e-01 -1.039278237e+02 -1.039278237e+02 +4.9931e+00 -4.9931e+00 +4.9931e+00 -4.9931e+00 +4.9977e+00
426 0 +9.760382022e-02 -1.039323962e+02 -1.039323962e+02 +4.9977e+00 -4.9931e+00 +4.9931e+00 -4.9931e+00 +4.9977e+00
430 0 +8.771686247e-02 -1.039422831e+02 -1.039422831e+02 +4.9931e+00 -4.9931e+00 +4.9977e+00 -4.9931e+00 +4.9977e+00
433 0 +7.646338469e-02 -1.039535366e+02 -1.039535366e+02 +4.9931e+00 -4.9931e+00 +4.9931e+00 -4.9977e+00 +4.9977e+00
449 0 +6.833224884e-02 -1.039616678e+02 -1.039616678e+02 +4.9931e+00 -4.9977e+00 +4.9931e+00 -4.9977e+00 +4.9977e+00
450 0 +6.200395323e-02 -1.039679960e+02 -1.039679960e+02 +4.9931e+00 -4.9931e+00 +4.9977e+00 -4.9977e+00 +4.9977e+00
475 0 +5.387281738e-02 -1.039761272e+02 -1.039761272e+02 +4.9931e+00 -4.9977e+00 +4.9977e+00 -4.9977e+00 +4.9977e+00
476 0 +5.387281738e-02 -1.039761272e+02 -1.039761272e+02 +4.9931e+00 -4.9977e+00 +4.9977e+00 -4.9977e+00 +4.9977e+00
% f evaluations | g evaluations | best noise-free fitness - Fopt (9.284000000000e+01) + sum g_i+ | measured fitness | best measured fitness or single-digit g-values | x1 | x2...
1 0 +1.078198516e+02 +2.006598516e+02 +2.006598516e+02 +0.0000e+00 +0.0000e+00 +0.0000e+00 +0.0000e+00 +0.0000e+00
3 0 +1.044865183e+02 +1.973265183e+02 +1.973265183e+02 -3.3333e+00 +0.0000e+00 +0.0000e+00 +0.0000e+00 +0.0000e+00
7 0 +9.727892608e+01 +1.901189261e+02 +1.901189261e+02 +0.0000e+00 +0.0000e+00 -3.3333e+00 +0.0000e+00 +0.0000e+00
8 0 +8.907514077e+01 +1.819151408e+02 +1.819151408e+02 +0.0000e+00 +0.0000e+00 +0.0000e+00 +3.3333e+00 +0.0000e+00
10 0 +7.448651828e+01 +1.673265183e+02 +1.673265183e+02 +0.0000e+00 +0.0000e+00 +0.0000e+00 +0.0000e+00 +3.3333e+00
15 0 +6.855892024e+01 +1.613989202e+02 +1.613989202e+02 +0.0000e+00 -3.3333e+00 +0.0000e+00 +0.0000e+00 +3.3333e+00
18 0 +5.574180744e+01 +1.485818074e+02 +1.485818074e+02 +0.0000e+00 +0.0000e+00 +0.0000e+00 +3.3333e+00 +3.3333e+00
23 0 +4.981420940e+01 +1.426542094e+02 +1.426542094e+02 +0.0000e+00 -3.3333e+00 +0.0000e+00 +3.3333e+00 +3.3333e+00
27 0 +4.186754857e+01 +1.347075486e+02 +1.347075486e+02 -3.3333e+00 +0.0000e+00 -3.3333e+00 +3.3333e+00 +3.3333e+00
29 0 +3.927328387e+01 +1.321132839e+02 +1.321132839e+02 +0.0000e+00 -3.3333e+00 -3.3333e+00 +3.3333e+00 +3.3333e+00
35 0 +3.482883943e+01 +1.276688394e+02 +1.276688394e+02 -4.4444e+00 -3.3333e+00 -3.3333e+00 +3.3333e+00 +3.3333e+00
40 0 +2.969171359e+01 +1.225317136e+02 +1.225317136e+02 -3.3333e+00 -3.3333e+00 -3.3333e+00 +4.4444e+00 +3.3333e+00
42 0 +2.482883943e+01 +1.176688394e+02 +1.176688394e+02 -3.3333e+00 -3.3333e+00 -3.3333e+00 +3.3333e+00 +4.4444e+00
51 0 +2.131519758e+01 +1.141551976e+02 +1.141551976e+02 -3.3333e+00 -3.3333e+00 -4.4444e+00 +3.3333e+00 +4.4444e+00
52 0 +1.858060248e+01 +1.114206025e+02 +1.114206025e+02 -3.3333e+00 -3.3333e+00 -3.3333e+00 +4.4444e+00 +4.4444e+00
57 0 +1.746949137e+01 +1.103094914e+02 +1.103094914e+02 -4.4444e+00 -3.3333e+00 -3.3333e+00 +4.4444e+00 +4.4444e+00
61 0 +1.506696063e+01 +1.079069606e+02 +1.079069606e+02 -3.3333e+00 -3.3333e+00 -4.4444e+00 +4.4444e+00 +4.4444e+00
67 0 +1.395584952e+01 +1.067958495e+02 +1.067958495e+02 -4.4444e+00 -3.3333e+00 -4.4444e+00 +4.4444e+00 +4.4444e+00
73 0 +1.197998351e+01 +1.048199835e+02 +1.048199835e+02 -4.4444e+00 -4.4444e+00 -4.4444e+00 +4.4444e+00 +4.4444e+00
85 0 +1.080876956e+01 +1.036487696e+02 +1.036487696e+02 -4.4444e+00 -4.4444e+00 -4.8148e+00 +4.4444e+00 +4.4444e+00
86 0 +9.897237863e+00 +1.027372379e+02 +1.027372379e+02 -4.4444e+00 -4.4444e+00 -4.4444e+00 +4.8148e+00 +4.4444e+00
88 0 +8.276279809e+00 +1.011162798e+02 +1.011162798e+02 -4.4444e+00 -4.4444e+00 -4.4444e+00 +4.4444e+00 +4.8148e+00
95 0 +7.905909438e+00 +1.007459094e+02 +1.007459094e+02 -4.8148e+00 -4.4444e+00 -4.4444e+00 +4.4444e+00 +4.8148e+00
100 0 +6.193534160e+00 +9.903353416e+01 +9.903353416e+01 -4.4444e+00 -4.4444e+00 -4.4444e+00 +4.8148e+00 +4.8148e+00
109 0 +5.534912156e+00 +9.837491216e+01 +9.837491216e+01 -4.4444e+00 -4.8148e+00 -4.4444e+00 +4.8148e+00 +4.8148e+00
119 0 +4.651949841e+00 +9.749194984e+01 +9.749194984e+01 -4.8148e+00 -4.4444e+00 -4.8148e+00 +4.8148e+00 +4.8148e+00
121 0 +4.363698208e+00 +9.720369821e+01 +9.720369821e+01 -4.4444e+00 -4.8148e+00 -4.8148e+00 +4.8148e+00 +4.8148e+00
137 0 +3.869871047e+00 +9.670987105e+01 +9.670987105e+01 -4.9383e+00 -4.8148e+00 -4.8148e+00 +4.8148e+00 +4.8148e+00
142 0 +3.299079288e+00 +9.613907929e+01 +9.613907929e+01 -4.8148e+00 -4.8148e+00 -4.8148e+00 +4.9383e+00 +4.8148e+00
144 0 +2.758759936e+00 +9.559875994e+01 +9.559875994e+01 -4.8148e+00 -4.8148e+00 -4.8148e+00 +4.8148e+00 +4.9383e+00
159 0 +2.368355287e+00 +9.520835529e+01 +9.520835529e+01 -4.8148e+00 -4.8148e+00 -4.9383e+00 +4.8148e+00 +4.9383e+00
160 0 +2.064511387e+00 +9.490451139e+01 +9.490451139e+01 -4.8148e+00 -4.8148e+00 -4.8148e+00 +4.9383e+00 +4.9383e+00
169 0 +1.941054596e+00 +9.478105460e+01 +9.478105460e+01 -4.9383e+00 -4.8148e+00 -4.8148e+00 +4.9383e+00 +4.9383e+00
173 0 +1.674106737e+00 +9.451410674e+01 +9.451410674e+01 -4.8148e+00 -4.8148e+00 -4.9383e+00 +4.9383e+00 +4.9383e+00
187 0 +1.550649947e+00 +9.439064995e+01 +9.439064995e+01 -4.9383e+00 -4.8148e+00 -4.9383e+00 +4.9383e+00 +4.9383e+00
199 0 +1.331109279e+00 +9.417110928e+01 +9.417110928e+01 -4.9383e+00 -4.9383e+00 -4.9383e+00 +4.9383e+00 +4.9383e+00
213 0 +1.257929057e+00 +9.409792906e+01 +9.409792906e+01 -4.9383e+00 -4.9794e+00 -4.9383e+00 +4.9383e+00 +4.9383e+00
216 0 +1.099693096e+00 +9.393969310e+01 +9.393969310e+01 -4.9383e+00 -4.9383e+00 -4.9383e+00 +4.9794e+00 +4.9383e+00
218 0 +9.195866454e-01 +9.375958665e+01 +9.375958665e+01 -4.9383e+00 -4.9383e+00 -4.9383e+00 +4.9383e+00 +4.9794e+00
231 0 +8.784343820e-01 +9.371843438e+01 +9.371843438e+01 -4.9794e+00 -4.9383e+00 -4.9383e+00 +4.9383e+00 +4.9794e+00
235 0 +7.894517623e-01 +9.362945176e+01 +9.362945176e+01 -4.9383e+00 -4.9383e+00 -4.9794e+00 +4.9383e+00 +4.9794e+00
236 0 +6.881704622e-01 +9.352817046e+01 +9.352817046e+01 -4.9383e+00 -4.9383e+00 -4.9383e+00 +4.9794e+00 +4.9794e+00
249 0 +6.149902396e-01 +9.345499024e+01 +9.345499024e+01 -4.9383e+00 -4.9794e+00 -4.9383e+00 +4.9794e+00 +4.9794e+00
251 0 +5.580355791e-01 +9.339803558e+01 +9.339803558e+01 -4.9383e+00 -4.9383e+00 -4.9794e+00 +4.9794e+00 +4.9794e+00
269 0 +4.848553564e-01 +9.332485536e+01 +9.332485536e+01 -4.9383e+00 -4.9794e+00 -4.9794e+00 +4.9794e+00 +4.9794e+00
285 0 +4.437030930e-01 +9.328370309e+01 +9.328370309e+01 -4.9794e+00 -4.9794e+00 -4.9794e+00 +4.9794e+00 +4.9794e+00
306 0 +3.665643653e-01 +9.320656437e+01 +9.320656437e+01 -4.9794e+00 -4.9794e+00 -4.9794e+00 +4.9931e+00 +4.9794e+00
308 0 +3.065288818e-01 +9.314652888e+01 +9.314652888e+01 -4.9794e+00 -4.9794e+00 -4.9794e+00 +4.9794e+00 +4.9931e+00
327 0 +2.631505874e-01 +9.310315059e+01 +9.310315059e+01 -4.9794e+00 -4.9794e+00 -4.9931e+00 +4.9794e+00 +4.9931e+00
328 0 +2.293901541e-01 +9.306939015e+01 +9.306939015e+01 -4.9794e+00 -4.9794e+00 -4.9794e+00 +4.9931e+00 +4.9931e+00
341 0 +2.156727329e-01 +9.305567273e+01 +9.305567273e+01 -4.9931e+00 -4.9794e+00 -4.9794e+00 +4.9931e+00 +4.9931e+00
345 0 +1.860118597e-01 +9.302601186e+01 +9.302601186e+01 -4.9794e+00 -4.9794e+00 -4.9931e+00 +4.9931e+00 +4.9931e+00
363 0 +1.722944386e-01 +9.301229444e+01 +9.301229444e+01 -4.9931e+00 -4.9794e+00 -4.9931e+00 +4.9931e+00 +4.9931e+00
383 0 +1.479010310e-01 +9.298790103e+01 +9.298790103e+01 -4.9931e+00 -4.9931e+00 -4.9931e+00 +4.9931e+00 +4.9931e+00
405 0 +1.397698952e-01 +9.297976990e+01 +9.297976990e+01 -4.9931e+00 -4.9977e+00 -4.9931e+00 +4.9931e+00 +4.9931e+00
408 0 +1.221881218e-01 +9.296218812e+01 +9.296218812e+01 -4.9931e+00 -4.9931e+00 -4.9931e+00 +4.9977e+00 +4.9931e+00
410 0 +1.021762939e-01 +9.294217629e+01 +9.294217629e+01 -4.9931e+00 -4.9931e+00 -4.9931e+00 +4.9931e+00 +4.9977e+00
427 0 +9.760382022e-02 +9.293760382e+01 +9.293760382e+01 -4.9977e+00 -4.9931e+00 -4.9931e+00 +4.9931e+00 +4.9977e+00
431 0 +8.771686247e-02 +9.292771686e+01 +9.292771686e+01 -4.9931e+00 -4.9931e+00 -4.9977e+00 +4.9931e+00 +4.9977e+00
432 0 +7.646338469e-02 +9.291646338e+01 +9.291646338e+01 -4.9931e+00 -4.9931e+00 -4.9931e+00 +4.9977e+00 +4.9977e+00
449 0 +6.833224884e-02 +9.290833225e+01 +9.290833225e+01 -4.9931e+00 -4.9977e+00 -4.9931e+00 +4.9977e+00 +4.9977e+00
451 0 +6.200395323e-02 +9.290200395e+01 +9.290200395e+01 -4.9931e+00 -4.9931e+00 -4.9977e+00 +4.9977e+00 +4.9977e+00
475 0 +5.387281738e-02 +9.289387282e+01 +9.289387282e+01 -4.9931e+00 -4.9977e+00 -4.9977e+00 +4.9977e+00 +4.9977e+00
476 0 +5.387281738e-02 +9.289387282e+01 +9.289387282e+01 -4.9931e+00 -4.9977e+00 -4.9977e+00 +4.9977e+00 +4.9977e+00
% f evaluations | g evaluations | best noise-free fitness - Fopt (2.480000000000e+01) + sum g_i+ | measured fitness | best measured fitness or single-digit g-values | x1 | x2...
1 0 +1.078198516e+02 +1.326198516e+02 +1.326198516e+02 +0.0000e+00 +0.0000e+00 +0.0000e+00 +0.0000e+00 +0.0000e+00
2 0 +1.044865183e+02 +1.292865183e+02 +1.292865183e+02 +3.3333e+00 +0.0000e+00 +0.0000e+00 +0.0000e+00 +0.0000e+00
6 0 +9.727892608e+01 +1.220789261e+02 +1.220789261e+02 +0.0000e+00 +0.0000e+00 +3.3333e+00 +0.0000e+00 +0.0000e+00
9 0 +8.907514077e+01 +1.138751408e+02 +1.138751408e+02 +0.0000e+00 +0.0000e+00 +0.0000e+00 -3.3333e+00 +0.0000e+00
11 0 +7.448651828e+01 +9.928651828e+01 +9.928651828e+01 +0.0000e+00 +0.0000e+00 +0.0000e+00 +0.0000e+00 -3.3333e+00
15 0 +6.855892024e+01 +9.335892024e+01 +9.335892024e+01 +0.0000e+00 -3.3333e+00 +0.0000e+00 +0.0000e+00 -3.3333e+00
19 0 +5.574180744e+01 +8.054180744e+01 +8.054180744e+01 +0.0000e+00 +0.0000e+00 +0.0000e+00 -3.3333e+00 -3.3333e+00
23 0 +4.981420940e+01 +7.461420940e+01 +7.461420940e+01 +0.0000e+00 -3.3333e+00 +0.0000e+00 -3.3333e+00 -3.3333e+00
26 0 +4.186754857e+01 +6.666754857e+01 +6.666754857e+01 +3.3333e+00 +0.0000e+00 +3.3333e+00 -3.3333e+00 -3.3333e+00
29 0 +3.927328387e+01 +6.407328387e+01 +6.407328387e+01 +0.0000e+00 -3.3333e+00 +3.3333e+00 -3.3333e+00 -3.3333e+00
34 0 +3.482883943e+01 +5.962883943e+01 +5.962883943e+01 +4.4444e+00 -3.3333e+00 +3.3333e+00 -3.3333e+00 -3.3333e+00
41 0 +2.969171359e+01 +5.449171359e+01 +5.449171359e+01 +3.3333e+00 -3.3333e+00 +3.3333e+00 -4.4444e+00 -3.3333e+00
43 0 +2.482883943e+01 +4.962883943e+01 +4.962883943e+01 +3.3333e+00 -3.3333e+00 +3.3333e+00 -3.3333e+00 -4.4444e+00
50 0 +2.131519758e+01 +4.611519758e+01 +4.611519758e+01 +3.3333e+00 -3.3333e+00 +4.4444e+00 -3.3333e+00 -4.4444e+00
53 0 +1.858060248e+01 +4.338060248e+01 +4.338060248e+01 +3.3333e+00 -3.3333e+00 +3.3333e+00 -4.4444e+00 -4.4444e+00
56 0 +1.746949137e+01 +4.226949137e+01 +4.226949137e+01 +4.4444e+00 -3.3333e+00 +3.3333e+00 -4.4444e+00 -4.4444e+00
60 0 +1.506696063e+01 +3.986696063e+01 +3.986696063e+01 +3.3333e+00 -3.3333e+00 +4.4444e+00 -4.4444e+00 -4.4444e+00
66 0 +1.395584952e+01 +3.875584952e+01 +3.875584952e+01 +4.4444e+00 -3.3333e+00 +4.4444e+00 -4.4444e+00 -4.4444e+00
72 0 +1.197998351e+01 +3.677998351e+01 +3.677998351e+01 +4.4444e+00 -4.4444e+00 +4.4444e+00 -4.4444e+00 -4.4444e+00
84 0 +1.080876956e+01 +3.560876956e+01 +3.560876956e+01 +4.4444e+00 -4.4444e+00 +4.8148e+00 -4.4444e+00 -4.4444e+00
87 0 +9.897237863e+00 +3.469723786e+01 +3.469723786e+01 +4.4444e+00 -4.4444e+00 +4.4444e+00 -4.8148e+00 -4.4444e+00
89 0 +8.276279809e+00 +3.307627981e+01 +3.307627981e+01 +4.4444e+00 -4.4444e+00 +4.4444e+00 -4.4444e+00 -4.8148e+00
94 0 +7.905909438e+00 +3.270590944e+01 +3.270590944e+01 +4.8148e+00 -4.4444e+00 +4.4444e+00 -4.4444e+00 -4.8148e+00
101 0 +6.193534160e+00 +3.099353416e+01 +3.099353416e+01 +4.4444e+00 -4.4444e+00 +4.4444e+00 -4.8148e+00 -4.8148e+00
109 0 +5.534912156e+00 +3.033491216e+01 +3.033491216e+01 +4.4444e+00 -4.8148e+00 +4.4444e+00 -4.8148e+00 -4.8148e+00
118 0 +4.651949841e+00 +2.945194984e+01 +2.945194984e+01 +4.8148e+00 -4.4444e+00 +4.8148e+00 -4.8148e+00 -4.8148e+00
121 0 +4.363698208e+00 +2.916369821e+01 +2.916369821e+01 +4.4444e+00 -4.8148e+00 +4.8148e+00 -4.8148e+00 -4.8148e+00
136 0 +3.869871047e+00 +2.866987105e+01 +2.866987105e+01 +4.9383e+00 -4.8148e+00 +4.8148e+00 -4.8148e+00 -4.8148e+00
143 0 +3.299079288e+00 +2.809907929e+01 +2.809907929e+01 +4.8148e+00 -4.8148e+00 +4.8148e+00 -4.9383e+00 -4.8148e+00
145 0 +2.758759936e+00 +2.755875994e+01 +2.755875994e+01 +4.8148e+00 -4.8148e+00 +4.8148e+00 -4.8148e+00 -4.9383e+00
158 0 +2.368355287e+00 +2.716835529e+01 +2.716835529e+01 +4.8148e+00 -4.8148e+00 +4.9383e+00 -4.8148e+00 -4.9383e+00
161 0 +2.064511387e+00 +2.686451139e+01 +2.686451139e+01 +4.8148e+00 -4.8148e+00 +4.8148e+00 -4.9383e+00 -4.9383e+00
168 0 +1.941054596e+00 +2.674105460e+01 +2.674105460e+01 +4.9383e+00 -4.8148e+00 +4.8148e+00 -4.9383e+00 -4.9383e+00
172 0 +1.674106737e+00 +2.647410674e+01 +2.647410674e+01 +4.8148e+00 -4.8148e+00 +4.9383e+00 -4.9383e+00 -4.9383e+00
186 0 +1.550649947e+00 +2.635064995e+01 +2.635064995e+01 +4.9383e+00 -4.8148e+00 +4.9383e+00 -4.9383e+00 -4.9383e+00
198 0 +1.331109279e+00 +2.613110928e+01 +2.613110928e+01 +4.9383e+00 -4.9383e+00 +4.9383e+00 -4.9383e+00 -4.9383e+00
213 0 +1.257929057e+00 +2.605792906e+01 +2.605792906e+01 +4.9383e+00 -4.9794e+00 +4.9383e+00 -4.9383e+00 -4.9383e+00
217 0 +1.099693096e+00 +2.589969310e+01 +2.589969310e+01 +4.9383e+00 -4.9383e+00 +4.9383e+00 -4.9794e+00 -4.9383e+00
219 0 +9.195866454e-01 +2.571958665e+01 +2.571958665e+01 +4.9383e+00 -4.9383e+00 +4.9383e+00 -4.9383e+00 -4.9794e+00
230 0 +8.784343820e-01 +2.567843438e+01 +2.567843438e+01 +4.9794e+00 -4.9383e+00 +4.9383e+00 -4.9383e+00 -4.9794e+00
234 0 +7.894517623e-01 +2.558945176e+01 +2.558945176e+01 +4.9383e+00 -4.9383e+00 +4.9794e+00 -4.9383e+00 -4.9794e+00
237 0 +6.881704622e-01 +2.548817046e+01 +2.548817046e+01 +4.9383e+00 -4.9383e+00 +4.9383e+00 -4.9794e+00 -4.9794e+00
249 0 +6.149902396e-01 +2.541499024e+01 +2.541499024e+01 +4.9383e+00 -4.9794e+00 +4.9383e+00 -4.9794e+00 -4.9794e+00
250 0 +5.580355791e-01 +2.535803558e+01 +2.535803558e+01 +4.9383e+00 -4.9383e+00 +4.9794e+00 -4.9794e+00 -4.9794e+00
269 0 +4.848553564e-01 +2.528485536e+01 +2.528485536e+01 +4.9383e+00 -4.9794e+00 +4.9794e+00 -4.9794e+00 -4.9794e+00
284 0 +4.437030930e-01 +2.524370309e+01 +2.524370309e+01 +4.9794e+00 -4.9794e+00 +4.9794e+00 -4.9794e+00 -4.9794e+00
307 0 +3.665643653e-01 +2.516656437e+01 +2.516656437e+01 +4.9794e+00 -4.9794e+00 +4.9794e+00 -4.9931e+00 -4.9794e+00
309 0 +3.065288818e-01 +2.510652888e+01 +2.510652888e+01 +4.9794e+00 -4.9794e+00 +4.9794e+00 -4.9794e+00 -4.9931e+00
326 0 +2.631505874e-01 +2.506315059e+01 +2.506315059e+01 +4.9794e+00 -4.9794e+00 +4.9931e+00 -4.9794e+00 -4.9931e+00
329 0 +2.293901541e-01 +2.502939015e+01 +2.502939015e+01 +4.9794e+00 -4.9794e+00 +4.9794e+00 -4.9931e+00 -4.9931e+00
340 0 +2.156727329e-01 +2.501567273e+01 +2.501567273e+01 +4.9931e+00 -4.9794e+00 +4.9794e+00 -4.9931e+00 -4.9931e+00
344 0 +1.860118597e-01 +2.498601186e+01 +2.498601186e+01 +4.9794e+00 -4.9794e+00 +4.9931e+00 -4.9931e+00 -4.9931e+00
362 0 +1.722944386e-01 +2.497229444e+01 +2.497229444e+01 +4.9931e+00 -4.9794e+00 +4.9931e+00 -4.9931e+00 -4.9931e+00
382 0 +1.479010310e-01 +2.494790103e+01 +2.494790103e+01 +4.9931e+00 -4.9931e+00 +4.9931e+00 -4.9931e+00 -4.9931e+00
405 0 +1.397698952e-01 +2.493976990e+01 +2.493976990e+01 +4.9931e+00 -4.9977e+00 +4.9931e+00 -4.9931e+00 -4.9931e+00
409 0 +1.221881218e-01 +2.492218812e+01 +2.492218812e+01 +4.9931e+00 -4.9931e+00 +4.9931e+00 -4.9977e+00 -4.9931e+00
411 0 +1.021762939e-01 +2.490217629e+01 +2.490217629e+01 +4.9931e+00 -4.9931e+00 +4.9931e+00 -4.9931e+00 -4.9977e+00
426 0 +9.760382022e-02 +2.489760382e+01 +2.489760382e+01 +4.9977e+00 -4.9931e+00 +4.9931e+00 -4.9931e+00 -4.9977e+00
430 0 +8.771686247e-02 +2.488771686e+01 +2.488771686e+01 +4.9931e+00 -4.9931e+00 +4.9977e+00 -4.9931e+00 -4.9977e+00
433 0 +7.646338469e-02 +2.487646338e+01 +2.487646338e+01 +4.9931e+00 -4.9931e+00 +4.9931e+00 -4.9977e+00 -4.9977e+00
449 0 +6.833224884e-02 +2.486833225e+01 +2.486833225e+01 +4.9931e+00 -4.9977e+00 +4.9931e+00 -4.9977e+00 -4.9977e+00
450 0 +6.200395323e-02 +2.486200395e+01 +2.486200395e+01 +4.9931e+00 -4.9931e+00 +4.9977e+00 -4.9977e+00 -4.9977e+00
475 0 +5.387281738e-02 +2.485387282e+01 +2.485387282e+01 +4.9931e+00 -4.9977e+00 +4.9977e+00 -4.9977e+00 -4.9977e+00
476 0 +5.387281738e-02 +2.485387282e+01 +2.485387282e+01 +4.9931e+00 -4.9977e+00 +4.9977e+00 -4.9977e+00 -4.9977e+00
% f evaluations | g evaluations | best noise-free fitness - Fopt (-8.410000000000e+01) + sum g_i+ | measured fitness | best measured fitness or single-digit g-values | x1 | x2...
1 0 +1.078198516e+02 +2.371985161e+01 +2.371985161e+01 +0.0000e+00 +0.0000e+00 +0.0000e+00 +0.0000e+00 +0.0000e+00
2 0 +1.044865183e+02 +2.038651828e+01 +2.038651828e+01 +3.3333e+00 +0.0000e+00 +0.0000e+00 +0.0000e+00 +0.0000e+00
7 0 +9.727892608e+01 +1.317892608e+01 +1.317892608e+01 +0.0000e+00 +0.0000e+00 -3.3333e+00 +0.0000e+00 +0.0000e+00
9 0 +8.907514077e+01 +4.975140771e+00 +4.975140771e+00 +0.0000e+00 +0.0000e+00 +0.0000e+00 -3.3333e+00 +0.0000e+00
10 0 +7.448651828e+01 -9.613481723e+00 -9.613481723e+00 +0.0000e+00 +0.0000e+00 +0.0000e+00 +0.0000e+00 +3.3333e+00
15 0 +6.855892024e+01 -1.554107976e+01 -1.554107976e+01 +0.0000e+00 -3.3333e+00 +0.0000e+00 +0.0000e+00 +3.3333e+00
19 0 +5.574180744e+01 -2.835819256e+01 -2.835819256e+01 +0.0000e+00 +0.0000e+00 +0.0000e+00 -3.3333e+00 +3.3333e+00
23 0 +4.981420940e+01 -3.428579060e+01 -3.428579060e+01 +0.0000e+00 -3.3333e+00 +0.0000e+00 -3.3333e+00 +3.3333e+00
26 0 +4.186754857e+01 -4.223245143e+01 -4.223245143e+01 +3.3333e+00 +0.0000e+00 -3.3333e+00 -3.3333e+00 +3.3333e+00
29 0 +3.927328387e+01 -4.482671613e+01 -4.482671613e+01 +0.0000e+00 -3.3333e+00 -3.3333e+00 -3.3333e+00 +3.3333e+00
34 0 +3.482883943e+01 -4.927116057e+01 -4.927116057e+01 +4.4444e+00 -3.3333e+00 -3.3333e+00 -3.3333e+00 +3.3333e+00
41 0 +2.969171359e+01 -5.440828641e+01 -5.440828641e+01 +3.3333e+00 -3.3333e+00 -3.3333e+00 -4.4444e+00 +3.3333e+00
42 0 +2.482883943e+01 -5.927116057e+01 -5.927116057e+01 +3.3333e+00 -3.3333e+00 -3.3333e+00 -3.3333e+00 +4.4444e+00
51 0 +2.131519758e+01 -6.278480242e+01 -6.278480242e+01 +3.3333e+00 -3.3333e+00 -4.4444e+00 -3.3333e+00 +4.4444e+00
53 0 +1.858060248e+01 -6.551939752e+01 -6.551939752e+01 +3.3333e+00 -3.3333e+00 -3.3333e+00 -4.4444e+00 +4.4444e+00
56 0 +1.746949137e+01 -6.663050863e+01 -6.663050863e+01 +4.4444e+00 -3.3333e+00 -3.3333e+00 -4.4444e+00 +4.4444e+00
61 0 +1.506696063e+01 -6.903303937e+01 -6.903303937e+01 +3.3333e+00 -3.3333e+00 -4.4444e+00 -4.4444e+00 +4.4444e+00
66 0 +1.395584952e+01 -7.014415048e+01 -7.014415048e+01 +4.4444e+00 -3.3333e+00 -4.4444e+00 -4.4444e+00 +4.4444e+00
72 0 +1.197998351e+01 -7.212001649e+01 -7.212001649e+01 +4.4444e+00 -4.4444e+00 -4.4444e+00 -4.4444e+00 +4.4444e+00
85 0 +1.080876956e+01 -7.329123044e+01 -7.329123044e+01 +4.4444e+00 -4.4444e+00 -4.8148e+00 -4.4444e+00 +4.4444e+00
87 0 +9.897237863e+00 -7.420276214e+01 -7.420276214e+01 +4.4444e+00 -4.4444e+00 -4.4444e+00 -4.8148e+00 +4.4444e+00
88 0 +8.276279809e+00 -7.582372019e+01 -7.582372019e+01 +4.4444e+00 -4.4444e+00 -4.4444e+00 -4.4444e+00 +4.8148e+00
94 0 +7.905909438e+00 -7.619409056e+01 -7.619409056e+01 +4.8148e+00 -4.4444e+00 -4.4444e+00 -4.4444e+00 +4.8148e+00
101 0 +6.193534160e+00 -7.790646584e+01 -7.790646584e+01 +4.4444e+00 -4.4444e+00 -4.4444e+00 -4.8148e+00 +4.8148e+00
109 0 +5.534912156e+00 -7.856508784e+01 -7.856508784e+01 +4.4444e+00 -4.8148e+00 -4.4444e+00 -4.8148e+00 +4.8148e+00
118 0 +4.651949841e+00 -7.944805016e+01 -7.944805016e+01 +4.8148e+00 -4.4444e+00 -4.8148e+00 -4.8148e+00 +4.8148e+00
121 0 +4.363698208e+00 -7.973630179e+01 -7.973630179e+01 +4.4444e+00 -4.8148e+00 -4.8148e+00 -4.8148e+00 +4.8148e+00
136 0 +3.869871047e+00 -8.023012895e+01 -8.023012895e+01 +4.9383e+00 -4.8148e+00 -4.8148e+00 -4.8148e+00 +4.8148e+00
143 0 +3.299079288e+00 -8.080092071e+01 -8.080092071e+01 +4.8148e+00 -4.8148e+00 -4.8148e+00 -4.9383e+00 +4.8148e+00
144 0 +2.758759936e+00 -8.134124006e+01 -8.134124006e+01 +4.8148e+00 -4.8148e+00 -4.8148e+00 -4.8148e+00 +4.9383e+00
159 0 +2.368355287e+00 -8.173164471e+01 -8.173164471e+01 +4.8148e+00 -4.8148e+00 -4.9383e+00 -4.8148e+00 +4.9383e+00
161 0 +2.064511387e+00 -8.203548861e+01 -8.203548861e+01 +4.8148e+00 -4.8148e+00 -4.8148e+00 -4.9383e+00 +4.9383e+00
168 0 +1.941054596e+00 -8.215894540e+01 -8.215894540e+01 +4.9383e+00 -4.8148e+00 -4.8148e+00 -4.9383e+00 +4.9383e+00
173 0 +1.674106737e+00 -8.242589326e+01 -8.242589326e+01 +4.8148e+00 -4.8148e+00 -4.9383e+00 -4.9383e+00 +4.9383e+00
186 0 +1.550649947e+00 -8.254935005e+01 -8.254935005e+01 +4.9383e+00 -4.8148e+00 -4.9383e+00 -4.9383e+00 +4.9383e+00
198 0 +1.331109279e+00 -8.276889072e+01 -8.276889072e+01 +4.9383e+00 -4.9383e+00 -4.9383e+00 -4.9383e+00 +4.9383e+00
213 0 +1.257929057e+00 -8.284207094e+01 -8.284207094e+01 +4.9383e+00 -4.9794e+00 -4.9383e+00 -4.9383e+00 +4.9383e+00
217 0 +1.099693096e+00 -8.300030690e+01 -8.300030690e+01 +4.9383e+00 -4.9383e+00 -4.9383e+00 -4.9794e+00 +4.9383e+00
218 0 +9.195866454e-01 -8.318041335e+01 -8.318041335e+01 +4.9383e+00 -4.9383e+00 -4.9383e+00 -4.9383e+00 +4.9794e+00
230 0 +8.784343820e-01 -8.322156562e+01 -8.322156562e+01 +4.9794e+00 -4.9383e+00 -4.9383e+00 -4.9383e+00 +4.9794e+00
235 0 +7.894517623e-01 -8.331054824e+01 -8.331054824e+01 +4.9383e+00 -4.9383e+00 -4.9794e+00 -4.9383e+00 +4.9794e+00
237 0 +6.881704622e-01 -8.341182954e+01 -8.341182954e+01 +4.9383e+00 -4.9383e+00 -4.9383e+00 -4.9794e+00 +4.9794e+00
249 0 +6.149902396e-01 -8.348500976e+01 -8.348500976e+01 +4.9383e+00 -4.9794e+00 -4.9383e+00 -4.9794e+00 +4.9794e+00
251 0 +5.580355791e-01 -8.354196442e+01 -8.354196442e+01 +4.9383e+00 -4.9383e+00 -4.9794e+00 -4.9794e+00 +4.9794e+00
269 0 +4.848553564e-01 -8.361514464e+01 -8.361514464e+01 +4.9383e+00 -4.9794e+00 -4.9794e+00 -4.9794e+00 +4.9794e+00
284 0 +4.437030930e-01 -8.365629691e+01 -8.365629691e+01 +4.9794e+00 -4.9794e+00 -4.9794e+00 -4.9794e+00 +4.9794e+00
307 0 +3.665643653e-01 -8.373343563e+01 -8.373343563e+01 +4.9794e+00 -4.9794e+00 -4.9794e+00 -4.9931e+00 +4.9794e+00
308 0 +3.065288818e-01 -8.379347112e+01 -8.379347112e+01 +4.9794e+00 -4.9794e+00 -4.9794e+00 -4.9794e+00 +4.9931e+00
327 0 +2.631505874e-01 -8.383684941e+01 -8.383684941e+01 +4.9794e+00 -4.9794e+00 -4.9931e+00 -4.9794e+00 +4.9931e+00
329 0 +2.293901541e-01 -8.387060985e+01 -8.387060985e+01 +4.9794e+00 -4.9794e+00 -4.9794e+00 -4.9931e+00 +4.9931e+00
340 0 +2.156727329e-01 -8.388432727e+01 -8.388432727e+01 +4.9931e+00 -4.9794e+00 -4.9794e+00 -4.9931e+00 +4.9931e+00
345 0 +1.860118597e-01 -8.391398814e+01 -8.391398814e+01 +4.9794e+00 -4.9794e+00 -4.9931e+00 -4.9931e+00 +4.9931e+00
362 0 +1.722944386e-01 -8.392770556e+01 -8.392770556e+01 +4.9931e+00 -4.9794e+00 -4.9931e+00 -4.9931e+00 +4.9931e+00
382 0 +1.479010310e-01 -8.395209897e+01 -8.395209897e+01 +4.9931e+00 -4.9931e+00 -4.9931e+00 -4.9931e+00 +4.9931e+00
405 0 +1.397698952e-01 -8.396023010e+01 -8.396023010e+01 +4.9931e+00 -4.9977e+00 -4.9931e+00 -4.9931e+00 +4.9931e+00
409 0 +1.221881218e-01 -8.397781188e+01 -8.397781188e+01 +4.9931e+00 -4.9931e+00 -4.9931e+00 -4.9977e+00 +4.9931e+00
410 0 +1.021762939e-01 -8.399782371e+01 -8.399782371e+01 +4.9931e+00 -4.9931e+00 -4.9931e+00 -4.9931e+00 +4.9977e+00
426 0 +9.760382022e-02 -8.400239618e+01 -8.400239618e+01 +4.9977e+00 -4.9931e+00 -4.9931e+00 -4.9931e+00 +4.9977e+00
431 0 +8.771686247e-02 -8.401228314e+01 -8.401228314e+01 +4.9931e+00 -4.9931e+00 -4.9977e+00 -4.9931e+00 +4.9977e+00
433 0 +7.646338469e-02 -8.402353662e+01 -8.402353662e+01 +4.9931e+00 -4.9931e+00 -4.9931e+00 -4.9977e+00 +4.9977e+00
449 0 +6.833224884e-02 -8.403166775e+01 -8.403166775e+01 +4.9931e+00 -4.9977e+00 -4.9931e+00 -4.9977e+00 +4.9977e+00
451 0 +6.200395323e-02 -8.403799605e+01 -8.403799605e+01 +4.9931e+00 -4.9931e+00 -4.9977e+00 -4.9977e+00 +4.9977e+00
475 0 +5.387281738e-02 -8.404612718e+01 -8.404612718e+01 +4.9931e+00 -4.9977e+00 -4.9977e+00 -4.9977e+00 +4.9977e+00
476 0 +5.387281738e-02 -8.404612718e+01 -8.404612718e+01 +4.9931e+00 -4.9977e+00 -4.9977e+00 -4.9977e+00 +4.9977e+00
% f evaluations | g evaluations | best noise-free fitness - Fopt (-2.160000000000e+01) + sum g_i+ | measured fitness | best measured fitness or single-digit g-values | x1 | x2...
1 0 +1.078198516e+02 +8.621985161e+01 +8.621985161e+01 +0.0000e+00 +0.0000e+00 +0.0000e+00 +0.0000e+00 +0.0000e+00
2 0 +1.044865183e+02 +8.288651828e+01 +8.288651828e+01 +3.3333e+00 +0.0000e+00 +0.0000e+00 +0.0000e+00 +0.0000e+00
7 0 +9.727892608e+01 +7.567892608e+01 +7.567892608e+01 +0.0000e+00 +0.0000e+00 -3.3333e+00 +0.0000e+00 +0.0000e+00
9 0 +8.907514077e+01 +6.747514077e+01 +6.747514077e+01 +0.0000e+00 +0.0000e+00 +0.0000e+00 -3.3333e+00 +0.0000e+00
10 0 +7.448651828e+01 +5.288651828e+01 +5.288651828e+01 +0.0000e+00 +0.0000e+00 +0.0000e+00 +0.0000e+00 +3.3333e+00
15 0 +6.855892024e+01 +4.695892024e+01 +4.695892024e+01 +0.0000e+00 -3.3333e+00 +0.0000e+00 +0.0000e+00 +3.3333e+00
19 0 +5.574180744e+01 +3.414180744e+01 +3.414180744e+01 +0.0000e+00 +0.0000e+00 +0.0000e+00 -3.3333e+00 +3.3333e+00
23 0 +4.981420940e+01 +2.821420940e+01 +2.821420940e+01 +0.0000e+00 -3.3333e+00 +0.0000e+00 -3.3333e+00 +3.3333e+00
26 0 +4.186754857e+01 +2.026754857e+01 +2.026754857e+01 +3.3333e+00 +0.0000e+00 -3.3333e+00 -3.3333e+00 +3.3333e+00
29 0 +3.927328387e+01 +1.767328387e+01 +1.767328387e+01 +0.0000e+00 -3.3333e+00 -3.3333e+00 -3.3333e+00 +3.3333e+00
34 0 +3.482883943e+01 +1.322883943e+01 +1.322883943e+01 +4.4444e+00 -3.3333e+00 -3.3333e+00 -3.3333e+00 +3.3333e+00
41 0 +2.969171359e+01 +8.091713590e+00 +8.091713590e+00 +3.3333e+00 -3.3333e+00 -3.3333e+00 -4.4444e+00 +3.3333e+00
42 0 +2.482883943e+01 +3.228839426e+00 +3.228839426e+00 +3.3333e+00 -3.3333e+00 -3.3333e+00 -3.3333e+00 +4.4444e+00
51 0 +2.131519758e+01 -2.848024189e-01 -2.848024189e-01 +3.3333e+00 -3.3333e+00 -4.4444e+00 -3.3333e+00 +4.4444e+00
53 0 +1.858060248e+01 -3.019397521e+00 -3.019397521e+00 +3.3333e+00 -3.3333e+00 -3.3333e+00 -4.4444e+00 +4.4444e+00
56 0 +1.746949137e+01 -4.130508632e+00 -4.130508632e+00 +4.4444e+00 -3.3333e+00 -3.3333e+00 -4.4444e+00 +4.4444e+00
61 0 +1.506696063e+01 -6.533039365e+00 -6.533039365e+00 +3.3333e+00 -3.3333e+00 -4.4444e+00 -4.4444e+00 +4.4444e+00
66 0 +1.395584952e+01 -7.644150477e+00 -7.644150477e+00 +4.4444e+00 -3.3333e+00 -4.4444e+00 -4.4444e+00 +4.4444e+00
72 0 +1.197998351e+01 -9.620016488e+00 -9.620016488e+00 +4.4444e+00 -4.4444e+00 -4.4444e+00 -4.4444e+00 +4.4444e+00
85 0 +1.080876956e+01 -1.079123044e+01 -1.079123044e+01 +4.4444e+00 -4.4444e+00 -4.8148e+00 -4.4444e+00 +4.4444e+00
87 0 +9.897237863e+00 -1.170276214e+01 -1.170276214e+01 +4.4444e+00 -4.4444e+00 -4.4444e+00 -4.8148e+00 +4.4444e+00
88 0 +8.276279809e+00 -1.332372019e+01 -1.332372019e+01 +4.4444e+00 -4.4444e+00 -4.4444e+00 -4.4444e+00 +4.8148e+00
94 0 +7.905909438e+00 -1.369409056e+01 -1.369409056e+01 +4.8148e+00 -4.4444e+00 -4.4444e+00 -4.4444e+00 +4.8148e+00
101 0 +6.193534160e+00 -1.540646584e+01 -1.540646584e+01 +4.4444e+00 -4.4444e+00 -4.4444e+00 -4.8148e+00 +4.8148e+00
109 0 +5.534912156e+00 -1.606508784e+01 -1.606508784e+01 +4.4444e+00 -4.8148e+00 -4.4444e+00 -4.8148e+00 +4.8148e+00
118 0 +4.651949841e+00 -1.694805016e+01 -1.694805016e+01 +4.8148e+00 -4.4444e+00 -4.8148e+00 -4.8148e+00 +4.8148e+00
121 0 +4.363698208e+00 -1.723630179e+01 -1.723630179e+01 +4.4444e+00 -4.8148e+00 -4.8148e+00 -4.8148e+00 +4.8148e+00
136 0 +3.869871047e+00 -1.773012895e+01 -1.773012895e+01 +4.9383e+00 -4.8148e+00 -4.8148e+00 -4.8148e+00 +4.8148e+00
143 0 +3.299079288e+00 -1.830092071e+01 -1.830092071e+01 +4.8148e+00 -4.8148e+00 -4.8148e+00 -4.9383e+00 +4.8148e+00
144 0 +2.758759936e+00 -1.884124006e+01 -1.884124006e+01 +4.8148e+00 -4.8148e+00 -4.8148e+00 -4.8148e+00 +4.9383e+00
159 0 +2.368355287e+00 -1.923164471e+01 -1.923164471e+01 +4.8148e+00 -4.8148e+00 -4.9383e+00 -4.8148e+00 +4.9383e+00
161 0 +2.064511387e+00 -1.953548861e+01 -1.953548861e+01 +4.8148e+00 -4.8148e+00 -4.8148e+00 -4.9383e+00 +4.9383e+00
168 0 +1.941054596e+00 -1.965894540e+01 -1.965894540e+01 +4.9383e+00 -4.8148e+00 -4.8148e+00 -4.9383e+00 +4.9383e+00
173 0 +1.674106737e+00 -1.992589326e+01 -1.992589326e+01 +4.8148e+00 -4.8148e+00 -4.9383e+00 -4.9383e+00 +4.9383e+00
186 0 +1.550649947e+00 -2.004935005e+01 -2.004935005e+01 +4.9383e+00 -4.8148e+00 -4.9383e+00 -4.9383e+00 +4.9383e+00
198 0 +1.331109279e+00 -2.026889072e+01 -2.026889072e+01 +4.9383e+00 -4.9383e+00 -4.9383e+00 -4.9383e+00 +4.9383e+00
213 0 +1.257929057e+00 -2.034207094e+01 -2.034207094e+01 +4.9383e+00 -4.9794e+00 -4.9383e+00 -4.9383e+00 +4.9383e+00
217 0 +1.099693096e+00 -2.050030690e+01 -2.050030690e+01 +4.9383e+00 -4.9383e+00 -4.9383e+00 -4.9794e+00 +4.9383e+00
218 0 +9.195866454e-01 -2.068041335e+01 -2.068041335e+01 +4.9383e+00 -4.9383e+00 -4.9383e+00 -4.9383e+00 +4.9794e+00
230 0 +8.784343820e-01 -2.072156562e+01 -2.072156562e+01 +4.9794e+00 -4.9383e+00 -4.9383e+00 -4.9383e+00 +4.9794e+00
235 0 +7.894517623e-01 -2.081054824e+01 -2.081054824e+01 +4.9383e+00 -4.9383e+00 -4.9794e+00 -4.9383e+00 +4.9794e+00
237 0 +6.881704622e-01 -2.091182954e+01 -2.091182954e+01 +4.9383e+00 -4.9383e+00 -4.9383e+00 -4.9794e+00 +4.9794e+00
249 0 +6.149902396e-01 -2.098500976e+01 -2.098500976e+01 +4.9383e+00 -4.9794e+00 -4.9383e+00 -4.9794e+00 +4.9794e+00
251 0 +5.580355791e-01 -2.104196442e+01 -2.104196442e+01 +4.9383e+00 -4.9383e+00 -4.9794e+00 -4.9794e+00 +4.9794e+00
269 0 +4.848553564e-01 -2.111514464e+01 -2.111514464e+01 +4.9383e+00 -4.9794e+00 -4.9794e+00 -4.9794e+00 +4.9794e+00
284 0 +4.437030930e-01 -2.115629691e+01 -2.115629691e+01 +4.9794e+00 -4.9794e+00 -4.9794e+00 -4.9794e+00 +4.9794e+00
307 0 +3.665643653e-01 -2.123343563e+01 -2.123343563e+01 +4.9794e+00 -4.9794e+00 -4.9794e+00 -4.9931e+00 +4.9794e+00
308 0 +3.065288818e-01 -2.129347112e+01 -2.129347112e+01 +4.9794e+00 -4.9794e+00 -4.9794e+00 -4.9794e+00 +4.9931e+00
327 0 +2.631505874e-01 -2.133684941e+01 -2.133684941e+01 +4.9794e+00 -4.9794e+00 -4.9931e+00 -4.9794e+00 +4.9931e+00
329 0 +2.293901541e-01 -2.137060985e+01 -2.137060985e+01 +4.9794e+00 -4.9794e+00 -4.9794e+00 -4.9931e+00 +4.9931e+00
340 0 +2.156727329e-01 -2.138432727e+01 -2.138432727e+01 +4.9931e+00 -4.9794e+00 -4.9794e+00 -4.9931e+00 +4.9931e+00
345 0 +1.860118597e-01 -2.141398814e+01 -2.141398814e+01 +4.9794e+00 -4.9794e+00 -4.9931e+00 -4.9931e+00 +4.9931e+00
362 0 +1.722944386e-01 -2.142770556e+01 -2.142770556e+01 +4.9931e+00 -4.9794e+00 -4.9931e+00 -4.9931e+00 +4.9931e+00
382 0 +1.479010310e-01 -2.145209897e+01 -2.145209897e+01 +4.9931e+00 -4.9931e+00 -4.9931e+00 -4.9931e+00 +4.9931e+00
405 0 +1.397698952e-01 -2.146023010e+01 -2.146023010e+01 +4.9931e+00 -4.9977e+00 -4.9931e+00 -4.9931e+00 +4.9931e+00
409 0 +1.221881218e-01 -2.147781188e+01 -2.147781188e+01 +4.9931e+00 -4.9931e+00 -4.9931e+00 -4.9977e+00 +4.9931e+00
410 0 +1.021762939e-01 -2.149782371e+01 -2.149782371e+01 +4.9931e+00 -4.9931e+00 -4.9931e+00 -4.9931e+00 +4.9977e+00
426 0 +9.760382022e-02 -2.150239618e+01 -2.150239618e+01 +4.9977e+00 -4.9931e+00 -4.9931e+00 -4.9931e+00 +4.9977e+00
431 0 +8.771686247e-02 -2.151228314e+01 -2.151228314e+01 +4.9931e+00 -4.9931e+00 -4.9977e+00 -4.9931e+00 +4.9977e+00
433 0 +7.646338469e-02 -2.152353662e+01 -2.152353662e+01 +4.9931e+00 -4.9931e+00 -4.9931e+00 -4.9977e+00 +4.9977e+00
449 0 +6.833224884e-02 -2.153166775e+01 -2.153166775e+01 +4.9931e+00 -4.9977e+00 -4.9931e+00 -4.9977e+00 +4.9977e+00
451 0 +6.200395323e-02 -2.153799605e+01 -2.153799605e+01 +4.9931e+00 -4.9931e+00 -4.9977e+00 -4.9977e+00 +4.9977e+00
475 0 +5.387281738e-02 -2.154612718e+01 -2.154612718e+01 +4.9931e+00 -4.9977e+00 -4.9977e+00 -4.9977e+00 +4.9977e+00
476 0 +5.387281738e-02 -2.154612718e+01 -2.154612718e+01 +4.9931e+00 -4.9977e+00 -4.9977e+00 -4.9977e+00 +4.9977e+00
% f evaluations | g evaluations | best noise-free fitness - Fopt (9.337000000000e+01) + sum g_i+ | measured fitness | best measured fitness or single-digit g-values | x1 | x2...
1 0 +1.078198516e+02 +2.011898516e+02 +2.011898516e+02 +0.0000e+00 +0.0000e+00 +0.0000e+00 +0.0000e+00 +0.0000e+00
3 0 +1.044865183e+02 +1.978565183e+02 +1.978565183e+02 -3.3333e+00 +0.0000e+00 +0.0000e+00 +0.0000e+00 +0.0000e+00
7 0 +9.727892608e+01 +1.906489261e+02 +1.906489261e+02 +0.0000e+00 +0.0000e+00 -3.3333e+00 +0.0000e+00 +0.0000e+00
9 0 +8.907514077e+01 +1.824451408e+02 +1.824451408e+02 +0.0000e+00 +0.0000e+00 +0.0000e+00 -3.3333e+00 +0.0000e+00
10 0 +7.448651828e+01 +1.678565183e+02 +1.678565183e+02 +0.0000e+00 +0.0000e+00 +0.0000e+00 +0.0000e+00 +3.3333e+00
14 0 +6.855892024e+01 +1.619289202e+02 +1.619289202e+02 +0.0000e+00 +3.3333e+00 +0.0000e+00 +0.0000e+00 +3.3333e+00
19 0 +5.574180744e+01 +1.491118074e+02 +1.491118074e+02 +0.0000e+00 +0.0000e+00 +0.0000e+00 -3.3333e+00 +3.3333e+00
22 0 +4.981420940e+01 +1.431842094e+02 +1.431842094e+02 +0.0000e+00 +3.3333e+00 +0.0000e+00 -3.3333e+00 +3.3333e+00
27 0 +4.186754857e+01 +1.352375486e+02 +1.352375486e+02 -3.3333e+00 +0.0000e+00 -3.3333e+00 -3.3333e+00 +3.3333e+00
28 0 +3.927328387e+01 +1.326432839e+02 +1.326432839e+02 +0.0000e+00 +3.3333e+00 -3.3333e+00 -3.3333e+00 +3.3333e+00
35 0 +3.482883943e+01 +1.281988394e+02 +1.281988394e+02 -4.4444e+00 +3.3333e+00 -3.3333e+00 -3.3333e+00 +3.3333e+00
41 0 +2.969171359e+01 +1.230617136e+02 +1.230617136e+02 -3.3333e+00 +3.3333e+00 -3.3333e+00 -4.4444e+00 +3.3333e+00
42 0 +2.482883943e+01 +1.181988394e+02 +1.181988394e+02 -3.3333e+00 +3.3333e+00 -3.3333e+00 -3.3333e+00 +4.4444e+00
51 0 +2.131519758e+01 +1.146851976e+02 +1.146851976e+02 -3.3333e+00 +3.3333e+00 -4.4444e+00 -3.3333e+00 +4.4444e+00
53 0 +1.858060248e+01 +1.119506025e+02 +1.119506025e+02 -3.3333e+00 +3.3333e+00 -3.3333e+00 -4.4444e+00 +4.4444e+00
57 0 +1.746949137e+01 +1.108394914e+02 +1.108394914e+02 -4.4444e+00 +3.3333e+00 -3.3333e+00 -4.4444e+00 +4.4444e+00
61 0 +1.506696063e+01 +1.084369606e+02 +1.084369606e+02 -3.3333e+00 +3.3333e+00 -4.4444e+00 -4.4444e+00 +4.4444e+00
67 0 +1.395584952e+01 +1.073258495e+02 +1.073258495e+02 -4.4444e+00 +3.3333e+00 -4.4444e+00 -4.4444e+00 +4.4444e+00
73 0 +1.197998351e+01 +1.053499835e+02 +1.053499835e+02 -4.4444e+00 +4.4444e+00 -4.4444e+00 -4.4444e+00 +4.4444e+00
85 0 +1.080876956e+01 +1.041787696e+02 +1.041787696e+02 -4.4444e+00 +4.4444e+00 -4.8148e+00 -4.4444e+00 +4.4444e+00
87 0 +9.897237863e+00 +1.032672379e+02 +1.032672379e+02 -4.4444e+00 +4.4444e+00 -4.4444e+00 -4.8148e+00 +4.4444e+00
88 0 +8.276279809e+00 +1.016462798e+02 +1.016462798e+02 -4.4444e+00 +4.4444e+00 -4.4444e+00 -4.4444e+00 +4.8148e+00
95 0 +7.905909438e+00 +1.012759094e+02 +1.012759094e+02 -4.8148e+00 +4.4444e+00 -4.4444e+00 -4.4444e+00 +4.8148e+00
101 0 +6.193534160e+00 +9.956353416e+01 +9.956353416e+01 -4.4444e+00 +4.4444e+00 -4.4444e+00 -4.8148e+00 +4.8148e+00
108 0 +5.534912156e+00 +9.890491216e+01 +9.890491216e+01 -4.4444e+00 +4.8148e+00 -4.4444e+00 -4.8148e+00 +4.8148e+00
119 0 +4.651949841e+00 +9.802194984e+01 +9.802194984e+01 -4.8148e+00 +4.4444e+00 -4.8148e+00 -4.8148e+00 +4.8148e+00
120 0 +4.363698208e+00 +9.773369821e+01 +9.773369821e+01 -4.4444e+00 +4.8148e+00 -4.8148e+00 -4.8148e+00 +4.8148e+00
137 0 +3.869871047e+00 +9.723987105e+01 +9.723987105e+01 -4.9383e+00 +4.8148e+00 -4.8148e+00 -4.8148e+00 +4.8148e+00
143 0 +3.299079288e+00 +9.666907929e+01 +9.666907929e+01 -4.8148e+00 +4.8148e+00 -4.8148e+00 -4.9383e+00 +4.8148e+00
144 0 +2.758759936e+00 +9.612875994e+01 +9.612875994e+01 -4.8148e+00 +4.8148e+00 -4.8148e+00 -4.8148e+00 +4.9383e+00
159 0 +2.368355287e+00 +9.573835529e+01 +9.573835529e+01 -4.8148e+00 +4.8148e+00 -4.9383e+00 -4.8148e+00 +4.9383e+00
161 0 +2.064511387e+00 +9.543451139e+01 +9.543451139e+01 -4.8148e+00 +4.8148e+00 -4.8148e+00 -4.9383e+00 +4.9383e+00
169 0 +1.941054596e+00 +9.531105460e+01 +9.531105460e+01 -4.9383e+00 +4.8148e+00 -4.8148e+00 -4.9383e+00 +4.9383e+00
173 0 +1.674106737e+00 +9.504410674e+01 +9.504410674e+01 -4.8148e+00 +4.8148e+00 -4.9383e+00 -4.9383e+00 +4.9383e+00
187 0 +1.550649947e+00 +9.492064995e+01 +9.492064995e+01 -4.9383e+00 +4.8148e+00 -4.9383e+00 -4.9383e+00 +4.9383e+00
199 0 +1.331109279e+00 +9.470110928e+01 +9.470110928e+01 -4.9383e+00 +4.9383e+00 -4.9383e+00 -4.9383e+00 +4.9383e+00
212 0 +1.257929057e+00 +9.462792906e+01 +9.462792906e+01 -4.9383e+00 +4.9794e+00 -4.9383e+00 -4.9383e+00 +4.9383e+00
217 0 +1.099693096e+00 +9.446969310e+01 +9.446969310e+01 -4.9383e+00 +4.9383e+00 -4.9383e+00 -4.9794e+00 +4.9383e+00
218 0 +9.195866454e-01 +9.428958665e+01 +9.428958665e+01 -4.9383e+00 +4.9383e+00 -4.9383e+00 -4.9383e+00 +4.9794e+00
231 0 +8.784343820e-01 +9.424843438e+01 +9.424843438e+01 -4.9794e+00 +4.9383e+00 -4.9383e+00 -4.9383e+00 +4.9794e+00
235 0 +7.894517623e-01 +9.415945176e+01 +9.415945176e+01 -4.9383e+00 +4.9383e+00 -4.9794e+00 -4.9383e+00 +4.9794e+00
237 0 +6.881704622e-01 +9.405817046e+01 +9.405817046e+01 -4.9383e+00 +4.9383e+00 -4.9383e+00 -4.9794e+00 +4.9794e+00
248 0 +6.149902396e-01 +9.398499024e+01 +9.398499024e+01 -4.9383e+00 +4.9794e+00 -4.9383e+00 -4.9794e+00 +4.9794e+00
251 0 +5.580355791e-01 +9.392803558e+01 +9.392803558e+01 -4.9383e+00 +4.9383e+00 -4.9794e+00 -4.9794e+00 +4.9794e+00
268 0 +4.848553564e-01 +9.385485536e+01 +9.385485536e+01 -4.9383e+00 +4.9794e+00 -4.9794e+00 -4.9794e+00 +4.9794e+00
285 0 +4.437030930e-01 +9.381370309e+01 +9.381370309e+01 -4.9794e+00 +4.9794e+00 -4.9794e+00 -4.9794e+00 +4.9794e+00
307 0 +3.665643653e-01 +9.373656437e+01 +9.373656437e+01 -4.9794e+00 +4.9794e+00 -4.9794e+00 -4.9931e+00 +4.9794e+00
308 0 +3.065288818e-01 +9.367652888e+01 +9.367652888e+01 -4.9794e+00 +4.9794e+00 -4.9794e+00 -4.9794e+00 +4.9931e+00
327 0 +2.631505874e-01 +9.363315059e+01 +9.363315059e+01 -4.9794e+00 +4.9794e+00 -4.9931e+00 -4.9794e+00 +4.9931e+00
329 0 +2.293901541e-01 +9.359939015e+01 +9.359939015e+01 -4.9794e+00 +4.9794e+00 -4.9794e+00 -4.9931e+00 +4.9931e+00
341 0 +2.156727329e-01 +9.358567273e+01 +9.358567273e+01 -4.9931e+00 +4.9794e+00 -4.9794e+00 -4.9931e+00 +4.9931e+00
345 0 +1.860118597e-01 +9.355601186e+01 +9.355601186e+01 -4.9794e+00 +4.9794e+00 -4.9931e+00 -4.9931e+00 +4.9931e+00
363 0 +1.722944386e-01 +9.354229444e+01 +9.354229444e+01 -4.9931e+00 +4.9794e+00 -4.9931e+00 -4.9931e+00 +4.9931e+00
383 0 +1.479010310e-01 +9.351790103e+01 +9.351790103e+01 -4.9931e+00 +4.9931e+00 -4.9931e+00 -4.9931e+00 +4.9931e+00
404 0 +1.397698952e-01 +9.350976990e+01 +9.350976990e+01 -4.9931e+00 +4.9977e+00 -4.9931e+00 -4.9931e+00 +4.9931e+00
409 0 +1.221881218e-01 +9.349218812e+01 +9.349218812e+01 -4.9931e+00 +4.9931e+00 -4.9931e+00 -4.9977e+00 +4.9931e+00
410 0 +1.021762939e-01 +9.347217629e+01 +9.347217629e+01 -4.9931e+00 +4.9931e+00 -4.9931e+00 -4.9931e+00 +4.9977e+00
427 0 +9.760382022e-02 +9.346760382e+01 +9.346760382e+01 -4.9977e+00 +4.9931e+00 -4.9931e+00 -4.9931e+00 +4.9977e+00
431 0 +8.771686247e-02 +9.345771686e+01 +9.345771686e+01 -4.9931e+00 +4.9931e+00 -4.9977e+00 -4.9931e+00 +4.9977e+00
433 0 +7.646338469e-02 +9.344646338e+01 +9.344646338e+01 -4.9931e+00 +4.9931e+00 -4.9931e+00 -4.9977e+00 +4.9977e+00
448 0 +6.833224884e-02 +9.343833225e+01 +9.343833225e+01 -4.9931e+00 +4.9977e+00 -4.9931e+00 -4.9977e+00 +4.9977e+00
451 0 +6.200395323e-02 +9.343200395e+01 +9.343200395e+01 -4.9931e+00 +4.9931e+00 -4.9977e+00 -4.9977e+00 +4.9977e+00
474 0 +5.387281738e-02 +9.342387282e+01 +9.342387282e+01 -4.9931e+00 +4.9977e+00 -4.9977e+00 -4.9977e+00 +4.9977e+00
476 0 +5.387281738e-02 +9.342387282e+01 +9.342387282e+01 -4.9931e+00 +4.9977e+00 -4.9977e+00 -4.9977e+00 +4.9977e+00
% f evaluations | g evaluations | best noise-free fitness - Fopt (-7.820000000000e+01) + sum g_i+ | measured fitness | best measured fitness or single-digit g-values | x1 | x2...
1 0 +1.078198516e+02 +2.961985161e+01 +2.961985161e+01 +0.0000e+00 +0.0000e+00 +0.0000e+00 +0.0000e+00 +0.0000e+00
2 0 +1.044865183e+02 +2.628651828e+01 +2.628651828e+01 +3.3333e+00 +0.0000e+00 +0.0000e+00 +0.0000e+00 +0.0000e+00
6 0 +9.727892608e+01 +1.907892608e+01 +1.907892608e+01 +0.0000e+00 +0.0000e+00 +3.3333e+00 +0.0000e+00 +0.0000e+00
9 0 +8.907514077e+01 +1.087514077e+01 +1.087514077e+01 +0.0000e+00 +0.0000e+00 +0.0000e+00 -3.3333e+00 +0.0000e+00
10 0 +7.448651828e+01 -3.713481723e+00 -3.713481723e+00 +0.0000e+00 +0.0000e+00 +0.0000e+00 +0.0000e+00 +3.3333e+00
15 0 +6.855892024e+01 -9.641079756e+00 -9.641079756e+00 +0.0000e+00 -3.3333e+00 +0.0000e+00 +0.0000e+00 +3.3333e+00
19 0 +5.574180744e+01 -2.245819256e+01 -2.245819256e+01 +0.0000e+00 +0.0000e+00 +0.0000e+00 -3.3333e+00 +3.3333e+00
23 0 +4.981420940e+01 -2.838579060e+01 -2.838579060e+01 +0.0000e+00 -3.3333e+00 +0.0000e+00 -3.3333e+00 +3.3333e+00
26 0 +4.186754857e+01 -3.633245143e+01 -3.633245143e+01 +3.3333e+00 +0.0000e+00 +3.3333e+00 -3.3333e+00 +3.3333e+00
29 0 +3.927328387e+01 -3.892671613e+01 -3.892671613e+01 +0.0000e+00 -3.3333e+00 +3.3333e+00 -3.3333e+00 +3.3333e+00
34 0 +3.482883943e+01 -4.337116057e+01 -4.337116057e+01 +4.4444e+00 -3.3333e+00 +3.3333e+00 -3.3333e+00 +3.3333e+00
41 0 +2.969171359e+01 -4.850828641e+01 -4.850828641e+01 +3.3333e+00 -3.3333e+00 +3.3333e+00 -4.4444e+00 +3.3333e+00
42 0 +2.482883943e+01 -5.337116057e+01 -5.337116057e+01 +3.3333e+00 -3.3333e+00 +3.3333e+00 -3.3333e+00 +4.4444e+00
50 0 +2.131519758e+01 -5.688480242e+01 -5.688480242e+01 +3.3333e+00 -3.3333e+00 +4.4444e+00 -3.3333e+00 +4.4444e+00
53 0 +1.858060248e+01 -5.961939752e+01 -5.961939752e+01 +3.3333e+00 -3.3333e+00 +3.3333e+00 -4.4444e+00 +4.4444e+00
56 0 +1.746949137e+01 -6.073050863e+01 -6.073050863e+01 +4.4444e+00 -3.3333e+00 +3.3333e+00 -4.4444e+00 +4.4444e+00
60 0 +1.506696063e+01 -6.313303937e+01 -6.313303937e+01 +3.3333e+00 -3.3333e+00 +4.4444e+00 -4.4444e+00 +4.4444e+00
66 0 +1.395584952e+01 -6.424415048e+01 -6.424415048e+01 +4.4444e+00 -3.3333e+00 +4.4444e+00 -4.4444e+00 +4.4444e+00
72 0 +1.197998351e+01 -6.622001649e+01 -6.622001649e+01 +4.4444e+00 -4.4444e+00 +4.4444e+00 -4.4444e+00 +4.4444e+00
84 0 +1.080876956e+01 -6.739123044e+01 -6.739123044e+01 +4.4444e+00 -4.4444e+00 +4.8148e+00 -4.4444e+00 +4.4444e+00
87 0 +9.897237863e+00 -6.830276214e+01 -6.830276214e+01 +4.4444e+00 -4.4444e+00 +4.4444e+00 -4.8148e+00 +4.4444e+00
88 0 +8.276279809e+00 -6.992372019e+01 -6.992372019e+01 +4.4444e+00 -4.4444e+00 +4.4444e+00 -4.4444e+00 +4.8148e+00
94 0 +7.905909438e+00 -7.029409056e+01 -7.029409056e+01 +4.8148e+00 -4.4444e+00 +4.4444e+00 -4.4444e+00 +4.8148e+00
101 0 +6.193534160e+00 -7.200646584e+01 -7.200646584e+01 +4.4444e+00 -4.4444e+00 +4.4444e+00 -4.8148e+00 +4.8148e+00
109 0 +5.534912156e+00 -7.266508784e+01 -7.266508784e+01 +4.4444e+00 -4.8148e+00 +4.4444e+00 -4.8148e+00 +4.8148e+00
118 0 +4.651949841e+00 -7.354805016e+01 -7.354805016e+01 +4.8148e+00 -4.4444e+00 +4.8148e+00 -4.8148e+00 +4.8148e+00
121 0 +4.363698208e+00 -7.383630179e+01 -7.383630179e+01 +4.4444e+00 -4.8148e+00 +4.8148e+00 -4.8148e+00 +4.8148e+00
136 0 +3.869871047e+00 -7.433012895e+01 -7.433012895e+01 +4.9383e+00 -4.8148e+00 +4.8148e+00 -4.8148e+00 +4.8148e+00
143 0 +3.299079288e+00 -7.490092071e+01 -7.490092071e+01 +4.8148e+00 -4.8148e+00 +4.8148e+00 -4.9383e+00 +4.8148e+00
144 0 +2.758759936e+00 -7.544124006e+01 -7.544124006e+01 +4.8148e+00 -4.8148e+00 +4.8148e+00 -4.8148e+00 +4.9383e+00
158 0 +2.368355287e+00 -7.583164471e+01 -7.583164471e+01 +4.8148e+00 -4.8148e+00 +4.9383e+00 -4.8148e+00 +4.9383e+00
161 0 +2.064511387e+00 -7.613548861e+01 -7.613548861e+01 +4.8148e+00 -4.8148e+00 +4.8148e+00 -4.9383e+00 +4.9383e+00
168 0 +1.941054596e+00 -7.625894540e+01 -7.625894540e+01 +4.9383e+00 -4.8148e+00 +4.8148e+00 -4.9383e+00 +4.9383e+00
172 0 +1.674106737e+00 -7.652589326e+01 -7.652589326e+01 +4.8148e+00 -4.8148e+00 +4.9383e+00 -4.9383e+00 +4.9383e+00
186 0 +1.550649947e+00 -7.664935005e+01 -7.664935005e+01 +4.9383e+00 -4.8148e+00 +4.9383e+00 -4.9383e+00 +4.9383e+00
198 0 +1.331109279e+00 -7.686889072e+01 -7.686889072e+01 +4.9383e+00 -4.9383e+00 +4.9383e+00 -4.9383e+00 +4.9383e+00
213 0 +1.257929057e+00 -7.694207094e+01 -7.694207094e+01 +4.9383e+00 -4.9794e+00 +4.9383e+00 -4.9383e+00 +4.9383e+00
217 0 +1.099693096e+00 -7.710030690e+01 -7.710030690e+01 +4.9383e+00 -4.9383e+00 +4.9383e+00 -4.9794e+00 +4.9383e+00
218 0 +9.195866454e-01 -7.728041335e+01 -7.728041335e+01 +4.9383e+00 -4.9383e+00 +4.9383e+00 -4.9383e+00 +4.9794e+00
230 0 +8.784343820e-01 -7.732156562e+01 -7.732156562e+01 +4.9794e+00 -4.9383e+00 +4.9383e+00 -4.9383e+00 +4.9794e+00
234 0 +7.894517623e-01 -7.741054824e+01 -7.741054824e+01 +4.9383e+00 -4.9383e+00 +4.9794e+00 -4.9383e+00 +4.9794e+00
237 0 +6.881704622e-01 -7.751182954e+01 -7.751182954e+01 +4.9383e+00 -4.9383e+00 +4.9383e+00 -4.9794e+00 +4.9794e+00
249 0 +6.149902396e-01 -7.758500976e+01 -7.758500976e+01 +4.9383e+00 -4.9794e+00 +4.9383e+00 -4.9794e+00 +4.9794e+00
250 0 +5.580355791e-01 -7.764196442e+01 -7.764196442e+01 +4.9383e+00 -4.9383e+00 +4.9794e+00 -4.9794e+00 +4.9794e+00
269 0 +4.848553564e-01 -7.771514464e+01 -7.771514464e+01 +4.9383e+00 -4.9794e+00 +4.9794e+00 -4.9794e+00 +4.9794e+00
284 0 +4.437030930e-01 -7.775629691e+01 -7.775629691e+01 +4.9794e+00 -4.9794e+00 +4.9794e+00 -4.9794e+00 +4.9794e+00
307 0 +3.665643653e-01 -7.783343563e+01 -7.783343563e+01 +4.9794e+00 -4.9794e+00 +4.9794e+00 -4.9931e+00 +4.9794e+00
308 0 +3.065288818e-01 -7.789347112e+01 -7.789347112e+01 +4.9794e+00 -4.9794e+00 +4.9794e+00 -4.9794e+00 +4.9931e+00
326 0 +2.631505874e-01 -7.793684941e+01 -7.793684941e+01 +4.9794e+00 -4.9794e+00 +4.9931e+00 -4.9794e+00 +4.9931e+00
329 0 +2.293901541e-01 -7.797060985e+01 -7.797060985e+01 +4.9794e+00 -4.9794e+00 +4.9794e+00 -4.9931e+00 +4.9931e+00
340 0 +2.156727329e-01 -7.798432727e+01 -7.798432727e+01 +4.9931e+00 -4.9794e+00 +4.9794e+00 -4.9931e+00 +4.9931e+00
344 0 +1.860118597e-01 -7.801398814e+01 -7.801398814e+01 +4.9794e+00 -4.9794e+00 +4.9931e+00 -4.9931e+00 +4.9931e+00
362 0 +1.722944386e-01 -7.802770556e+01 -7.802770556e+01 +4.9931e+00 -4.9794e+00 +4.9931e+00 -4.9931e+00 +4.9931e+00
382 0 +1.479010310e-01 -7.805209897e+01 -7.805209897e+01 +4.9931e+00 -4.9931e+00 +4.9931e+00 -4.9931e+00 +4.9931e+00
405 0 +1.397698952e-01 -7.806023010e+01 -7.806023010e+01 +4.9931e+00 -4.9977e+00 +4.9931e+00 -4.9931e+00 +4.9931e+00
409 0 +1.221881218e-01 -7.807781188e+01 -7.807781188e+01 +4.9931e+00 -4.9931e+00 +4.9931e+00 -4.9977e+00 +4.9931e+00
410 0 +1.021762939e-01 -7.809782371e+01 -7.809782371e+01 +4.9931e+00 -4.9931e+00 +4.9931e+00 -4.9931e+00 +4.9977e+00
426 0 +9.760382022e-02 -7.810239618e+01 -7.810239618e+01 +4.9977e+00 -4.9931e+00 +4.9931e+00 -4.9931e+00 +4.9977e+00
430 0 +8.771686247e-02 -7.811228314e+01 -7.811228314e+01 +4.9931e+00 -4.9931e+00 +4.9977e+00 -4.9931e+00 +4.9977e+00
433 0 +7.646338469e-02 -7.812353662e+01 -7.812353662e+01 +4.9931e+00 -4.9931e+00 +4.9931e+00 -4.9977e+00 +4.9977e+00
449 0 +6.833224884e-02 -7.813166775e+01 -7.813166775e+01 +4.9931e+00 -4.9977e+00 +4.9931e+00 -4.9977e+00 +4.9977e+00
450 0 +6.200395323e-02 -7.813799605e+01 -7.813799605e+01 +4.9931e+00 -4.9931e+00 +4.9977e+00 -4.9977e+00 +4.9977e+00
475 0 +5.387281738e-02 -7.814612718e+01 -7.814612718e+01 +4.9931e+00 -4.9977e+00 +4.9977e+00 -4.9977e+00 +4.9977e+00
476 0 +5.387281738e-02 -7.814612718e+01 -7.814612718e+01 +4.9931e+00 -4.9977e+00 +4.9977e+00 -4.9977e+00 +4.9977e+00
% f evaluations | g evaluations | best noise-free fitness - Fopt (3.822000000000e+02) + sum g_i+ | measured fitness | best measured fitness or single-digit g-values | x1 | x2...
1 0 +1.078198516e+02 +4.900198516e+02 +4.900198516e+02 +0.0000e+00 +0.0000e+00 +0.0000e+00 +0.0000e+00 +0.0000e+00
3 0 +1.044865183e+02 +4.866865183e+02 +4.866865183e+02 -3.3333e+00 +0.0000e+00 +0.0000e+00 +0.0000e+00 +0.0000e+00
6 0 +9.727892608e+01 +4.794789261e+02 +4.794789261e+02 +0.0000e+00 +0.0000e+00 +3.3333e+00 +0.0000e+00 +0.0000e+00
8 0 +8.907514077e+01 +4.712751408e+02 +4.712751408e+02 +0.0000e+00 +0.0000e+00 +0.0000e+00 +3.3333e+00 +0.0000e+00
11 0 +7.448651828e+01 +4.566865183e+02 +4.566865183e+02 +0.0000e+00 +0.0000e+00 +0.0000e+00 +0.0000e+00 -3.3333e+00
15 0 +6.855892024e+01 +4.507589202e+02 +4.507589202e+02 +0.0000e+00 -3.3333e+00 +0.0000e+00 +0.0000e+00 -3.3333e+00
18 0 +5.574180744e+01 +4.379418074e+02 +4.379418074e+02 +0.0000e+00 +0.0000e+00 +0.0000e+00 +3.3333e+00 -3.3333e+00
23 0 +4.981420940e+01 +4.320142094e+02 +4.320142094e+02 +0.0000e+00 -3.3333e+00 +0.0000e+00 +3.3333e+00 -3.3333e+00
27 0 +4.186754857e+01 +4.240675486e+02 +4.240675486e+02 -3.3333e+00 +0.0000e+00 +3.3333e+00 +3.3333e+00 -3.3333e+00
29 0 +3.927328387e+01 +4.214732839e+02 +4.214732839e+02 +0.0000e+00 -3.3333e+00 +3.3333e+00 +3.3333e+00 -3.3333e+00
35 0 +3.482883943e+01 +4.170288394e+02 +4.170288394e+02 -4.4444e+00 -3.3333e+00 +3.3333e+00 +3.3333e+00 -3.3333e+00
40 0 +2.969171359e+01 +4.118917136e+02 +4.118917136e+02 -3.3333e+00 -3.3333e+00 +3.3333e+00 +4.4444e+00 -3.3333e+00
43 0 +2.482883943e+01 +4.070288394e+02 +4.070288394e+02 -3.3333e+00 -3.3333e+00 +3.3333e+00 +3.3333e+00 -4.4444e+00
50 0 +2.131519758e+01 +4.035151976e+02 +4.035151976e+02 -3.3333e+00 -3.3333e+00 +4.4444e+00 +3.3333e+00 -4.4444e+00
52 0 +1.858060248e+01 +4.007806025e+02 +4.007806025e+02 -3.3333e+00 -3.3333e+00 +3.3333e+00 +4.4444e+00 -4.4444e+00
57 0 +1.746949137e+01 +3.996694914e+02 +3.996694914e+02 -4.4444e+00 -3.3333e+00 +3.3333e+00 +4.4444e+00 -4.4444e+00
60 0 +1.506696063e+01 +3.972669606e+02 +3.972669606e+02 -3.3333e+00 -3.3333e+00 +4.4444e+00 +4.4444e+00 -4.4444e+00
67 0 +1.395584952e+01 +3.961558495e+02 +3.961558495e+02 -4.4444e+00 -3.3333e+00 +4.4444e+00 +4.4444e+00 -4.4444e+00
73 0 +1.197998351e+01 +3.941799835e+02 +3.941799835e+02 -4.4444e+00 -4.4444e+00 +4.4444e+00 +4.4444e+00 -4.4444e+00
84 0 +1.080876956e+01 +3.930087696e+02 +3.930087696e+02 -4.4444e+00 -4.4444e+00 +4.8148e+00 +4.4444e+00 -4.4444e+00
86 0 +9.897237863e+00 +3.920972379e+02 +3.920972379e+02 -4.4444e+00 -4.4444e+00 +4.4444e+00 +4.8148e+00 -4.4444e+00
89 0 +8.276279809e+00 +3.904762798e+02 +3.904762798e+02 -4.4444e+00 -4.4444e+00 +4.4444e+00 +4.4444e+00 -4.8148e+00
95 0 +7.905909438e+00 +3.901059094e+02 +3.901059094e+02 -4.8148e+00 -4.4444e+00 +4.4444e+00 +4.4444e+00 -4.8148e+00
100 0 +6.193534160e+00 +3.883935342e+02 +3.883935342e+02 -4.4444e+00 -4.4444e+00 +4.4444e+00 +4.8148e+00 -4.8148e+00
109 0 +5.534912156e+00 +3.877349122e+02 +3.877349122e+02 -4.4444e+00 -4.8148e+00 +4.4444e+00 +4.8148e+00 -4.8148e+00
119 0 +4.651949841e+00 +3.868519498e+02 +3.868519498e+02 -4.8148e+00 -4.4444e+00 +4.8148e+00 +4.8148e+00 -4.8148e+00
121 0 +4.363698208e+00 +3.865636982e+02 +3.865636982e+02 -4.4444e+00 -4.8148e+00 +4.8148e+00 +4.8148e+00 -4.8148e+00
137 0 +3.869871047e+00 +3.860698710e+02 +3.860698710e+02 -4.9383e+00 -4.8148e+00 +4.8148e+00 +4.8148e+00 -4.8148e+00
142 0 +3.299079288e+00 +3.854990793e+02 +3.854990793e+02 -4.8148e+00 -4.8148e+00 +4.8148e+00 +4.9383e+00 -4.8148e+00
145 0 +2.758759936e+00 +3.849587599e+02 +3.849587599e+02 -4.8148e+00 -4.8148e+00 +4.8148e+00 +4.8148e+00 -4.9383e+00
158 0 +2.368355287e+00 +3.845683553e+02 +3.845683553e+02 -4.8148e+00 -4.8148e+00 +4.9383e+00 +4.8148e+00 -4.9383e+00
160 0 +2.064511387e+00 +3.842645114e+02 +3.842645114e+02 -4.8148e+00 -4.8148e+00 +4.8148e+00 +4.9383e+00 -4.9383e+00
169 0 +1.941054596e+00 +3.841410546e+02 +3.841410546e+02 -4.9383e+00 -4.8148e+00 +4.8148e+00 +4.9383e+00 -4.9383e+00
172 0 +1.674106737e+00 +3.838741067e+02 +3.838741067e+02 -4.8148e+00 -4.8148e+00 +4.9383e+00 +4.9383e+00 -4.9383e+00
187 0 +1.550649947e+00 +3.837506499e+02 +3.837506499e+02 -4.9383e+00 -4.8148e+00 +4.9383e+00 +4.9383e+00 -4.9383e+00
199 0 +1.331109279e+00 +3.835311093e+02 +3.835311093e+02 -4.9383e+00 -4.9383e+00 +4.9383e+00 +4.9383e+00 -4.9383e+00
213 0 +1.257929057e+00 +3.834579291e+02 +3.834579291e+02 -4.9383e+00 -4.9794e+00 +4.9383e+00 +4.9383e+00 -4.9383e+00
216 0 +1.099693096e+00 +3.832996931e+02 +3.832996931e+02 -4.9383e+00 -4.9383e+00 +4.9383e+00 +4.9794e+00 -4.9383e+00
219 0 +9.195866454e-01 +3.831195866e+02 +3.831195866e+02 -4.9383e+00 -4.9383e+00 +4.9383e+00 +4.9383e+00 -4.9794e+00
231 0 +8.784343820e-01 +3.830784344e+02 +3.830784344e+02 -4.9794e+00 -4.9383e+00 +4.9383e+00 +4.9383e+00 -4.9794e+00
234 0 +7.894517623e-01 +3.829894518e+02 +3.829894518e+02 -4.9383e+00 -4.9383e+00 +4.9794e+00 +4.9383e+00 -4.9794e+00
236 0 +6.881704622e-01 +3.828881705e+02 +3.828881705e+02 -4.9383e+00 -4.9383e+00 +4.9383e+00 +4.9794e+00 -4.9794e+00
249 0 +6.149902396e-01 +3.828149902e+02 +3.828149902e+02 -4.9383e+00 -4.9794e+00 +4.9383e+00 +4.9794e+00 -4.9794e+00
250 0 +5.580355791e-01 +3.827580356e+02 +3.827580356e+02 -4.9383e+00 -4.9383e+00 +4.9794e+00 +4.9794e+00 -4.9794e+00
269 0 +4.848553564e-01 +3.826848554e+02 +3.826848554e+02 -4.9383e+00 -4.9794e+00 +4.9794e+00 +4.9794e+00 -4.9794e+00
285 0 +4.437030930e-01 +3.826437031e+02 +3.826437031e+02 -4.9794e+00 -4.9794e+00 +4.9794e+00 +4.9794e+00 -4.9794e+00
306 0 +3.665643653e-01 +3.825665644e+02 +3.825665644e+02 -4.9794e+00 -4.9794e+00 +4.9794e+00 +4.9931e+00 -4.9794e+00
309 0 +3.065288818e-01 +3.825065289e+02 +3.825065289e+02 -4.9794e+00 -4.9794e+00 +4.9794e+00 +4.9794e+00 -4.9931e+00
326 0 +2.631505874e-01 +3.824631506e+02 +3.824631506e+02 -4.9794e+00 -4.9794e+00 +4.9931e+00 +4.9794e+00 -4.9931e+00
328 0 +2.293901541e-01 +3.824293902e+02 +3.824293902e+02 -4.9794e+00 -4.9794e+00 +4.9794e+00 +4.9931e+00 -4.9931e+00
341 0 +2.156727329e-01 +3.824156727e+02 +3.824156727e+02 -4.9931e+00 -4.9794e+00 +4.9794e+00 +4.9931e+00 -4.9931e+00
344 0 +1.860118597e-01 +3.823860119e+02 +3.823860119e+02 -4.9794e+00 -4.9794e+00 +4.9931e+00 +4.9931e+00 -4.9931e+00
363 0 +1.722944386e-01 +3.823722944e+02 +3.823722944e+02 -4.9931e+00 -4.9794e+00 +4.9931e+00 +4.9931e+00 -4.9931e+00
383 0 +1.479010310e-01 +3.823479010e+02 +3.823479010e+02 -4.9931e+00 -4.9931e+00 +4.9931e+00 +4.9931e+00 -4.9931e+00
431 0 +1.397698952e-01 +3.823397699e+02 +3.823397699e+02 -4.9931e+00 -4.9977e+00 +4.9931e+00 +4.9931e+00 -4.9931e+00
434 0 +1.221881218e-01 +3.823221881e+02 +3.823221881e+02 -4.9931e+00 -4.9931e+00 +4.9931e+00 +4.9977e+00 -4.9931e+00
437 0 +1.021762939e-01 +3.823021763e+02 +3.823021763e+02 -4.9931e+00 -4.9931e+00 +4.9931e+00 +4.9931e+00 -4.9977e+00
459 0 +9.760382022e-02 +3.822976038e+02 +3.822976038e+02 -4.9977e+00 -4.9931e+00 +4.9931e+00 +4.9931e+00 -4.9977e+00
462 0 +8.771686247e-02 +3.822877169e+02 +3.822877169e+02 -4.9931e+00 -4.9931e+00 +4.9977e+00 +4.9931e+00 -4.9977e+00
464 0 +7.646338469e-02 +3.822764634e+02 +3.822764634e+02 -4.9931e+00 -4.9931e+00 +4.9931e+00 +4.9977e+00 -4.9977e+00
487 0 +6.833224884e-02 +3.822683322e+02 +3.822683322e+02 -4.9931e+00 -4.9977e+00 +4.9931e+00 +4.9977e+00 -4.9977e+00
488 0 +6.200395323e-02 +3.822620040e+02 +3.822620040e+02 -4.9931e+00 -4.9931e+00 +4.9977e+00 +4.9977e+00 -4.9977e+00
511 0 +5.387281738e-02 +3.822538728e+02 +3.822538728e+02 -4.9931e+00 -4.9977e+00 +4.9977e+00 +4.9977e+00 -4.9977e+00
512 0 +5.387281738e-02 +3.822538728e+02 +3.822538728e+02 -4.9931e+00 -4.9977e+00 +4.9977e+00 +4.9977e+00 -4.9977e+00
% f evaluations | g evaluations | best noise-free fitness - Fopt (4.034800000000e+02) + sum g_i+ | measured fitness | best measured fitness or single-digit g-values | x1 | x2...
1 0 +1.078198516e+02 +5.112998516e+02 +5.112998516e+02 +0.0000e+00 +0.0000e+00 +0.0000e+00 +0.0000e+00 +0.0000e+00
3 0 +1.044865183e+02 +5.079665183e+02 +5.079665183e+02 -3.3333e+00 +0.0000e+00 +0.0000e+00 +0.0000e+00 +0.0000e+00
7 0 +9.727892608e+01 +5.007589261e+02 +5.007589261e+02 +0.0000e+00 +0.0000e+00 -3.3333e+00 +0.0000e+00 +0.0000e+00
9 0 +8.907514077e+01 +4.925551408e+02 +4.925551408e+02 +0.0000e+00 +0.0000e+00 +0.0000e+00 -3.3333e+00 +0.0000e+00
10 0 +7.448651828e+01 +4.779665183e+02 +4.779665183e+02 +0.0000e+00 +0.0000e+00 +0.0000e+00 +0.0000e+00 +3.3333e+00
15 0 +6.855892024e+01 +4.720389202e+02 +4.720389202e+02 +0.0000e+00 -3.3333e+00 +0.0000e+00 +0.0000e+00 +3.3333e+00
19 0 +5.574180744e+01 +4.592218074e+02 +4.592218074e+02 +0.0000e+00 +0.0000e+00 +0.0000e+00 -3.3333e+00 +3.3333e+00
23 0 +4.981420940e+01 +4.532942094e+02 +4.532942094e+02 +0.0000e+00 -3.3333e+00 +0.0000e+00 -3.3333e+00 +3.3333e+00
27 0 +4.186754857e+01 +4.453475486e+02 +4.453475486e+02 -3.3333e+00 +0.0000e+00 -3.3333e+00 -3.3333e+00 +3.3333e+00
29 0 +3.927328387e+01 +4.427532839e+02 +4.427532839e+02 +0.0000e+00 -3.3333e+00 -3.3333e+00 -3.3333e+00 +3.3333e+00
35 0 +3.482883943e+01 +4.383088394e+02 +4.383088394e+02 -4.4444e+00 -3.3333e+00 -3.3333e+00 -3.3333e+00 +3.3333e+00
41 0 +2.969171359e+01 +4.331717136e+02 +4.331717136e+02 -3.3333e+00 -3.3333e+00 -3.3333e+00 -4.4444e+00 +3.3333e+00
42 0 +2.482883943e+01 +4.283088394e+02 +4.283088394e+02 -3.3333e+00 -3.3333e+00 -3.3333e+00 -3.3333e+00 +4.4444e+00
51 0 +2.131519758e+01 +4.247951976e+02 +4.247951976e+02 -3.3333e+00 -3.3333e+00 -4.4444e+00 -3.3333e+00 +4.4444e+00
53 0 +1.858060248e+01 +4.220606025e+02 +4.220606025e+02 -3.3333e+00 -3.3333e+00 -3.3333e+00 -4.4444e+00 +4.4444e+00
57 0 +1.746949137e+01 +4.209494914e+02 +4.209494914e+02 -4.4444e+00 -3.3333e+00 -3.3333e+00 -4.4444e+00 +4.4444e+00
61 0 +1.506696063e+01 +4.185469606e+02 +4.185469606e+02 -3.3333e+00 -3.3333e+00 -4.4444e+00 -4.4444e+00 +4.4444e+00
67 0 +1.395584952e+01 +4.174358495e+02 +4.174358495e+02 -4.4444e+00 -3.3333e+00 -4.4444e+00 -4.4444e+00 +4.4444e+00
73 0 +1.197998351e+01 +4.154599835e+02 +4.154599835e+02 -4.4444e+00 -4.4444e+00 -4.4444e+00 -4.4444e+00 +4.4444e+00
85 0 +1.080876956e+01 +4.142887696e+02 +4.142887696e+02 -4.4444e+00 -4.4444e+00 -4.8148e+00 -4.4444e+00 +4.4444e+00
87 0 +9.897237863e+00 +4.133772379e+02 +4.133772379e+02 -4.4444e+00 -4.4444e+00 -4.4444e+00 -4.8148e+00 +4.4444e+00
88 0 +8.276279809e+00 +4.117562798e+02 +4.117562798e+02 -4.4444e+00 -4.4444e+00 -4.4444e+00 -4.4444e+00 +4.8148e+00
95 0 +7.905909438e+00 +4.113859094e+02 +4.113859094e+02 -4.8148e+00 -4.4444e+00 -4.4444e+00 -4.4444e+00 +4.8148e+00
101 0 +6.193534160e+00 +4.096735342e+02 +4.096735342e+02 -4.4444e+00 -4.4444e+00 -4.4444e+00 -4.8148e+00 +4.8148e+00
109 0 +5.534912156e+00 +4.090149122e+02 +4.090149122e+02 -4.4444e+00 -4.8148e+00 -4.4444e+00 -4.8148e+00 +4.8148e+00
119 0 +4.651949841e+00 +4.081319498e+02 +4.081319498e+02 -4.8148e+00 -4.4444e+00 -4.8148e+00 -4.8148e+00 +4.8148e+00
121 0 +4.363698208e+00 +4.078436982e+02 +4.078436982e+02 -4.4444e+00 -4.8148e+00 -4.8148e+00 -4.8148e+00 +4.8148e+00
137 0 +3.869871047e+00 +4.073498710e+02 +4.073498710e+02 -4.9383e+00 -4.8148e+00 -4.8148e+00 -4.8148e+00 +4.8148e+00
143 0 +3.299079288e+00 +4.067790793e+02 +4.067790793e+02 -4.8148e+00 -4.8148e+00 -4.8148e+00 -4.9383e+00 +4.8148e+00
144 0 +2.758759936e+00 +4.062387599e+02 +4.062387599e+02 -4.8148e+00 -4.8148e+00 -4.8148e+00 -4.8148e+00 +4.9383e+00
159 0 +2.368355287e+00 +4.058483553e+02 +4.058483553e+02 -4.8148e+00 -4.8148e+00 -4.9383e+00 -4.8148e+00 +4.9383e+00
161 0 +2.064511387e+00 +4.055445114e+02 +4.055445114e+02 -4.8148e+00 -4.8148e+00 -4.8148e+00 -4.9383e+00 +4.9383e+00
169 0 +1.941054596e+00 +4.054210546e+02 +4.054210546e+02 -4.9383e+00 -4.8148e+00 -4.8148e+00 -4.9383e+00 +4.9383e+00
173 0 +1.674106737e+00 +4.051541067e+02 +4.051541067e+02 -4.8148e+00 -4.8148e+00 -4.9383e+00 -4.9383e+00 +4.9383e+00
187 0 +1.550649947e+00 +4.050306499e+02 +4.050306499e+02 -4.9383e+00 -4.8148e+00 -4.9383e+00 -4.9383e+00 +4.9383e+00
199 0 +1.331109279e+00 +4.048111093e+02 +4.048111093e+02 -4.9383e+00 -4.9383e+00 -4.9383e+00 -4.9383e+00 +4.9383e+00
213 0 +1.257929057e+00 +4.047379291e+02 +4.047379291e+02 -4.9383e+00 -4.9794e+00 -4.9383e+00 -4.9383e+00 +4.9383e+00
217 0 +1.099693096e+00 +4.045796931e+02 +4.045796931e+02 -4.9383e+00 -4.9383e+00 -4.9383e+00 -4.9794e+00 +4.9383e+00
218 0 +9.195866454e-01 +4.043995866e+02 +4.043995866e+02 -4.9383e+00 -4.9383e+00 -4.9383e+00 -4.9383e+00 +4.9794e+00
231 0 +8.784343820e-01 +4.043584344e+02 +4.043584344e+02 -4.9794e+00 -4.9383e+00 -4.9383e+00 -4.9383e+00 +4.9794e+00
235 0 +7.894517623e-01 +4.042694518e+02 +4.042694518e+02 -4.9383e+00 -4.9383e+00 -4.9794e+00 -4.9383e+00 +4.9794e+00
237 0 +6.881704622e-01 +4.041681705e+02 +4.041681705e+02 -4.9383e+00 -4.9383e+00 -4.9383e+00 -4.9794e+00 +4.9794e+00
249 0 +6.149902396e-01 +4.040949902e+02 +4.040949902e+02 -4.9383e+00 -4.9794e+00 -4.9383e+00 -4.9794e+00 +4.9794e+00
251 0 +5.580355791e-01 +4.040380356e+02 +4.040380356e+02 -4.9383e+00 -4.9383e+00 -4.9794e+00 -4.9794e+00 +4.9794e+00
269 0 +4.848553564e-01 +4.039648554e+02 +4.039648554e+02 -4.9383e+00 -4.9794e+00 -4.9794e+00 -4.9794e+00 +4.9794e+00
285 0 +4.437030930e-01 +4.039237031e+02 +4.039237031e+02 -4.9794e+00 -4.9794e+00 -4.9794e+00 -4.9794e+00 +4.9794e+00
307 0 +3.665643653e-01 +4.038465644e+02 +4.038465644e+02 -4.9794e+00 -4.9794e+00 -4.9794e+00 -4.9931e+00 +4.9794e+00
308 0 +3.065288818e-01 +4.037865289e+02 +4.037865289e+02 -4.9794e+00 -4.9794e+00 -4.9794e+00 -4.9794e+00 +4.9931e+00
327 0 +2.631505874e-01 +4.037431506e+02 +4.037431506e+02 -4.9794e+00 -4.9794e+00 -4.9931e+00 -4.9794e+00 +4.9931e+00
329 0 +2.293901541e-01 +4.037093902e+02 +4.037093902e+02 -4.9794e+00 -4.9794e+00 -4.9794e+00 -4.9931e+00 +4.9931e+00
341 0 +2.156727329e-01 +4.036956727e+02 +4.036956727e+02 -4.9931e+00 -4.9794e+00 -4.9794e+00 -4.9931e+00 +4.9931e+00
345 0 +1.860118597e-01 +4.036660119e+02 +4.036660119e+02 -4.9794e+00 -4.9794e+00 -4.9931e+00 -4.9931e+00 +4.9931e+00
363 0 +1.722944386e-01 +4.036522944e+02 +4.036522944e+02 -4.9931e+00 -4.9794e+00 -4.9931e+00 -4.9931e+00 +4.9931e+00
383 0 +1.479010310e-01 +4.036279010e+02 +4.036279010e+02 -4.9931e+00 -4.9931e+00 -4.9931e+00 -4.9931e+00 +4.9931e+00
431 0 +1.397698952e-01 +4.036197699e+02 +4.036197699e+02 -4.9931e+00 -4.9977e+00 -4.9931e+00 -4.9931e+00 +4.9931e+00
435 0 +1.221881218e-01 +4.036021881e+02 +4.036021881e+02 -4.9931e+00 -4.9931e+00 -4.9931e+00 -4.9977e+00 +4.9931e+00
436 0 +1.021762939e-01 +4.035821763e+02 +4.035821763e+02 -4.9931e+00 -4.9931e+00 -4.9931e+00 -4.9931e+00 +4.9977e+00
459 0 +9.760382022e-02 +4.035776038e+02 +4.035776038e+02 -4.9977e+00 -4.9931e+00 -4.9931e+00 -4.9931e+00 +4.9977e+00
463 0 +8.771686247e-02 +4.035677169e+02 +4.035677169e+02 -4.9931e+00 -4.9931e+00 -4.9977e+00 -4.9931e+00 +4.9977e+00
465 0 +7.646338469e-02 +4.035564634e+02 +4.035564634e+02 -4.9931e+00 -4.9931e+00 -4.9931e+00 -4.9977e+00 +4.9977e+00
487 0 +6.833224884e-02 +4.035483322e+02 +4.035483322e+02 -4.9931e+00 -4.9977e+00 -4.9931e+00 -4.9977e+00 +4.9977e+00
489 0 +6.200395323e-02 +4.035420040e+02 +4.035420040e+02 -4.9931e+00 -4.9931e+00 -4.9977e+00 -4.9977e+00 +4.9977e+00
511 0 +5.387281738e-02 +4.035338728e+02 +4.035338728e+02 -4.9931e+00 -4.9977e+00 -4.9977e+00 -4.9977e+00 +4.9977e+00
512 0 +5.387281738e-02 +4.035338728e+02 +4.035338728e+02 -4.9931e+00 -4.9977e+00 -4.9977e+00 -4.9977e+00 +4.9977e+00
