% f evaluations | g evaluations | best noise-free fitness - Fopt (-1.000000000000e+03) + sum g_i+ | measured fitness | best measured fitness or single-digit g-values | x1 | x2...
1 0 +8.057169867e+01 -9.194283013e+02 -9.194283013e+02 +0.0000e+00 +0.0000e+00 +0.0000e+00 +0.0000e+00 +0.0000e+00
4 0 +7.932074085e+01 -9.206792592e+02 -9.206792592e+02 -1.8967e+00 +9.1297e-01 +7.7507e-02 +1.3232e+00 +5.4876e-01
9 0 +6.738931065e+01 -9.326106893e+02 -9.326106893e+02 -1.8648e+00 -1.0740e-01 -7.9189e-01 -7.7712e-01 +6.1322e-01
36 0 +1.933781415e+01 -9.806621858e+02 -9.806621858e+02 +1.3839e+00 +1.5168e-01 -3.7521e-01 -1.9934e-02 -1.0121e+00
37 0 +1.229436641e+01 -9.877056336e+02 -9.877056336e+02 +3.9612e+00 +9.1297e-01 +7.7507e-02 +1.3232e+00 +5.4876e-01
67 0 +7.082889454e+00 -9.929171105e+02 -9.929171105e+02 +2.9289e+00 +0.0000e+00 +0.0000e+00 +0.0000e+00 +0.0000e+00
185 0 +6.432299850e+00 -9.935677001e+02 -9.935677001e+02 +7.0784e-01 -1.0477e-01 +2.4786e+00 -8.4804e-02 -1.7950e+00
498 0 +1.977333836e+00 -9.980226662e+02 -9.980226662e+02 +1.8090e+00 +1.0995e-01 +1.8511e+00 -1.4450e-02 -7.3365e-01
517 0 +7.579254718e-01 -9.992420745e+02 -9.992420745e+02 +2.6995e+00 +7.8830e-01 +1.9069e+00 +4.4748e-01 -5.6647e-01
1693 0 +6.216551661e-01 -9.993783448e+02 -9.993783448e+02 +2.1784e+00 +0.0000e+00 +8.9104e-01 +1.0006e+00 +0.0000e+00
1726 0 +5.376553552e-01 -9.994623446e+02 -9.994623446e+02 +2.2410e+00 +6.2541e-02 +8.9104e-01 +1.0006e+00 +0.0000e+00
1738 0 +4.999518638e-01 -9.995000481e+02 -9.995000481e+02 +2.1784e+00 +1.2508e-01 +1.0161e+00 +1.0006e+00 -6.2541e-02
1760 0 +4.330420173e-01 -9.995669580e+02 -9.995669580e+02 +2.1784e+00 +2.5016e-01 +1.1412e+00 +1.1883e+00 -6.2541e-02
1770 0 +3.629947399e-01 -9.996370053e+02 -9.996370053e+02 +2.1784e+00 +3.1270e-01 +1.2037e+00 +1.2508e+00 -6.2541e-02
1776 0 +2.816302829e-01 -9.997183697e+02 -9.997183697e+02 +2.2410e+00 +3.7524e-01 +1.2037e+00 +1.2508e+00 -6.2541e-02
1786 0 +2.208885668e-01 -9.997791114e+02 -9.997791114e+02 +2.2410e+00 +4.3778e-01 +1.2663e+00 +1.3134e+00 -6.2541e-02
1796 0 +1.973977576e-01 -9.998026022e+02 -9.998026022e+02 +2.2410e+00 +5.0032e-01 +1.2663e+00 +1.3759e+00 -6.2541e-02
1800 0 +1.716192879e-01 -9.998283807e+02 -9.998283807e+02 +2.2410e+00 +5.0032e-01 +1.3288e+00 +1.4384e+00 -6.2541e-02
1808 0 +1.575014968e-01 -9.998424985e+02 -9.998424985e+02 +2.2410e+00 +5.6287e-01 +1.3914e+00 +1.4384e+00 -6.2541e-02
1830 0 +1.391993807e-01 -9.998608006e+02 -9.998608006e+02 +2.2410e+00 +5.9414e-01 +1.4226e+00 +1.5322e+00 -6.2541e-02
1848 0 +1.245621561e-01 -9.998754378e+02 -9.998754378e+02 +2.2097e+00 +6.5668e-01 +1.4852e+00 +1.5635e+00 -9.3811e-02
1878 0 +1.112700623e-01 -9.998887299e+02 -9.998887299e+02 +2.1784e+00 +7.1922e-01 +1.5790e+00 +1.5948e+00 -1.2508e-01
1891 0 +9.878466333e-02 -9.999012153e+02 -9.999012153e+02 +2.2097e+00 +7.5049e-01 +1.6103e+00 +1.6261e+00 -1.5635e-01
1906 0 +8.887442915e-02 -9.999111256e+02 -9.999111256e+02 +2.1784e+00 +8.1303e-01 +1.6415e+00 +1.6573e+00 -1.5635e-01
1936 0 +7.837754806e-02 -9.999216225e+02 -9.999216225e+02 +2.1628e+00 +8.4430e-01 +1.6884e+00 +1.7042e+00 -1.7199e-01
1951 0 +7.072404842e-02 -9.999292760e+02 -9.999292760e+02 +2.1472e+00 +8.5993e-01 +1.7197e+00 +1.7042e+00 -2.0326e-01
1976 0 +6.291910695e-02 -9.999370809e+02 -9.999370809e+02 +2.1315e+00 +8.9120e-01 +1.7510e+00 +1.6886e+00 -2.3453e-01
1998 0 +5.613186720e-02 -9.999438681e+02 -9.999438681e+02 +2.1315e+00 +9.0684e-01 +1.7979e+00 +1.6886e+00 -2.5016e-01
2028 0 +4.970423740e-02 -9.999502958e+02 -9.999502958e+02 +2.1315e+00 +9.2247e-01 +1.8448e+00 +1.6573e+00 -2.8143e-01
2081 0 +4.395718396e-02 -9.999560428e+02 -9.999560428e+02 +2.1003e+00 +9.5374e-01 +1.9073e+00 +1.6573e+00 -3.2834e-01
2111 0 +3.914934243e-02 -9.999608507e+02 -9.999608507e+02 +2.0534e+00 +9.6938e-01 +1.9542e+00 +1.6417e+00 -3.7524e-01
2138 0 +3.520838269e-02 -9.999647916e+02 -9.999647916e+02 +2.0221e+00 +9.8501e-01 +2.0011e+00 +1.6261e+00 -4.0651e-01
2159 0 +3.158187370e-02 -9.999684181e+02 -9.999684181e+02 +2.0065e+00 +1.0006e+00 +2.0324e+00 +1.5948e+00 -4.3778e-01
2201 0 +2.810009290e-02 -9.999718999e+02 -9.999718999e+02 +1.9986e+00 +1.0085e+00 +2.0637e+00 +1.5791e+00 -4.6905e-01
2241 0 +2.500769927e-02 -9.999749923e+02 -9.999749923e+02 +1.9908e+00 +1.0241e+00 +2.0950e+00 +1.5557e+00 -5.0032e-01
2281 0 +2.211392385e-02 -9.999778861e+02 -9.999778861e+02 +1.9674e+00 +1.0241e+00 +2.1184e+00 +1.5244e+00 -5.3159e-01
2321 0 +1.972389041e-02 -9.999802761e+02 -9.999802761e+02 +1.9439e+00 +1.0241e+00 +2.1419e+00 +1.4932e+00 -5.6287e-01
2369 0 +1.774610471e-02 -9.999822539e+02 -9.999822539e+02 +1.9205e+00 +1.0241e+00 +2.1653e+00 +1.4541e+00 -5.9414e-01
2429 0 +1.583677000e-02 -9.999841632e+02 -9.999841632e+02 +1.8970e+00 +1.0319e+00 +2.2044e+00 +1.4072e+00 -6.4104e-01
2521 0 +1.405812423e-02 -9.999859419e+02 -9.999859419e+02 +1.8501e+00 +1.0319e+00 +2.2591e+00 +1.3368e+00 -7.1922e-01
2601 0 +1.254651675e-02 -9.999874535e+02 -9.999874535e+02 +1.8110e+00 +1.0319e+00 +2.2982e+00 +1.2743e+00 -7.8176e-01
2651 0 +1.115969110e-02 -9.999888403e+02 -9.999888403e+02 +1.7954e+00 +1.0319e+00 +2.3217e+00 +1.2352e+00 -8.1303e-01
2689 0 +9.930383278e-03 -9.999900696e+02 -9.999900696e+02 +1.7797e+00 +1.0319e+00 +2.3451e+00 +1.2039e+00 -8.3648e-01
2719 0 +8.876499982e-03 -9.999911235e+02 -9.999911235e+02 +1.7641e+00 +1.0319e+00 +2.3607e+00 +1.1805e+00 -8.5993e-01
2759 0 +7.725743328e-03 -9.999922743e+02 -9.999922743e+02 +1.7797e+00 +1.0163e+00 +2.3373e+00 +1.1492e+00 -8.5993e-01
2783 0 +7.054962624e-03 -9.999929450e+02 -9.999929450e+02 +1.7719e+00 +1.0163e+00 +2.3451e+00 +1.1335e+00 -8.7557e-01
2809 0 +6.256012542e-03 -9.999937440e+02 -9.999937440e+02 +1.7641e+00 +1.0163e+00 +2.3607e+00 +1.1101e+00 -8.9120e-01
2839 0 +5.466998880e-03 -9.999945330e+02 -9.999945330e+02 +1.7485e+00 +1.0163e+00 +2.3764e+00 +1.0866e+00 -9.1466e-01
2871 0 +4.891150282e-03 -9.999951088e+02 -9.999951088e+02 +1.7485e+00 +1.0006e+00 +2.3607e+00 +1.0632e+00 -9.2247e-01
2901 0 +4.407997417e-03 -9.999955920e+02 -9.999955920e+02 +1.7328e+00 +1.0006e+00 +2.3764e+00 +1.0397e+00 -9.4593e-01
2949 0 +3.962971222e-03 -9.999960370e+02 -9.999960370e+02 +1.7328e+00 +9.8501e-01 +2.3764e+00 +1.0006e+00 -9.5374e-01
3089 0 +3.539475420e-03 -9.999964605e+02 -9.999964605e+02 +1.6938e+00 +9.6938e-01 +2.4155e+00 +8.9120e-01 -1.0319e+00
3169 0 +3.137814826e-03 -9.999968622e+02 -9.999968622e+02 +1.6781e+00 +9.4983e-01 +2.4155e+00 +8.4430e-01 -1.0593e+00
3231 0 +2.814006149e-03 -9.999971860e+02 -9.999971860e+02 +1.6703e+00 +9.4202e-01 +2.4155e+00 +8.2084e-01 -1.0749e+00
3281 0 +2.472809177e-03 -9.999975272e+02 -9.999975272e+02 +1.6586e+00 +9.3420e-01 +2.4194e+00 +8.0130e-01 -1.0866e+00
3319 0 +2.235296464e-03 -9.999977647e+02 -9.999977647e+02 +1.6508e+00 +9.3029e-01 +2.4233e+00 +7.8567e-01 -1.0945e+00
3358 0 +1.991721222e-03 -9.999980083e+02 -9.999980083e+02 +1.6429e+00 +9.3029e-01 +2.4350e+00 +7.7394e-01 -1.1101e+00
3389 0 +1.752672053e-03 -9.999982473e+02 -9.999982473e+02 +1.6351e+00 +9.3029e-01 +2.4428e+00 +7.5830e-01 -1.1218e+00
3428 0 +1.582952493e-03 -9.999984170e+02 -9.999984170e+02 +1.6312e+00 +9.3029e-01 +2.4507e+00 +7.4658e-01 -1.1335e+00
3463 0 +1.408479868e-03 -9.999985915e+02 -9.999985915e+02 +1.6273e+00 +9.2638e-01 +2.4467e+00 +7.3094e-01 -1.1414e+00
3499 0 +1.257650969e-03 -9.999987423e+02 -9.999987423e+02 +1.6234e+00 +9.2247e-01 +2.4546e+00 +7.1531e-01 -1.1492e+00
3549 0 +1.116512565e-03 -9.999988835e+02 -9.999988835e+02 +1.6156e+00 +9.2247e-01 +2.4624e+00 +6.9576e-01 -1.1648e+00
3609 0 +9.992908157e-04 -9.999990007e+02 -9.999990007e+02 +1.6078e+00 +9.1466e-01 +2.4702e+00 +6.7231e-01 -1.1805e+00
3761 0 +8.903843974e-04 -9.999991096e+02 -9.999991096e+02 +1.5882e+00 +9.0293e-01 +2.4819e+00 +6.1368e-01 -1.2195e+00
3879 0 +7.936364947e-04 -9.999992064e+02 -9.999992064e+02 +1.5765e+00 +8.9511e-01 +2.4936e+00 +5.6677e-01 -1.2469e+00
3937 0 +7.079342674e-04 -9.999992921e+02 -9.999992921e+02 +1.5687e+00 +8.8729e-01 +2.4936e+00 +5.4723e-01 -1.2586e+00
3971 0 +6.305148216e-04 -9.999993695e+02 -9.999993695e+02 +1.5648e+00 +8.8339e-01 +2.4976e+00 +5.3159e-01 -1.2704e+00
4009 0 +5.514935317e-04 -9.999994485e+02 -9.999994485e+02 +1.5609e+00 +8.7557e-01 +2.4976e+00 +5.1596e-01 -1.2743e+00
4039 0 +5.005497590e-04 -9.999994995e+02 -9.999994995e+02 +1.5569e+00 +8.7557e-01 +2.5015e+00 +5.0423e-01 -1.2821e+00
4069 0 +4.411057377e-04 -9.999995589e+02 -9.999995589e+02 +1.5530e+00 +8.7166e-01 +2.5015e+00 +4.9251e-01 -1.2899e+00
4101 0 +3.974118857e-04 -9.999996026e+02 -9.999996026e+02 +1.5530e+00 +8.6775e-01 +2.5015e+00 +4.8078e-01 -1.2977e+00
4131 0 +3.532527820e-04 -9.999996467e+02 -9.999996467e+02 +1.5452e+00 +8.6384e-01 +2.5054e+00 +4.6905e-01 -1.3055e+00
4171 0 +3.155662665e-04 -9.999996844e+02 -9.999996844e+02 +1.5452e+00 +8.5993e-01 +2.5054e+00 +4.5342e-01 -1.3134e+00
4211 0 +2.813626281e-04 -9.999997186e+02 -9.999997186e+02 +1.5335e+00 +8.5993e-01 +2.5171e+00 +4.3778e-01 -1.3290e+00
4269 0 +2.494936217e-04 -9.999997505e+02 -9.999997505e+02 +1.5335e+00 +8.4821e-01 +2.5093e+00 +4.1433e-01 -1.3329e+00
4329 0 +2.214624395e-04 -9.999997785e+02 -9.999997785e+02 +1.5257e+00 +8.4430e-01 +2.5171e+00 +3.9088e-01 -1.3485e+00
4429 0 +1.978170752e-04 -9.999998022e+02 -9.999998022e+02 +1.5179e+00 +8.3843e-01 +2.5210e+00 +3.7329e-01 -1.3603e+00
4499 0 +1.774399615e-04 -9.999998226e+02 -9.999998226e+02 +1.5100e+00 +8.3648e-01 +2.5269e+00 +3.5961e-01 -1.3720e+00
4569 0 +1.579482241e-04 -9.999998421e+02 -9.999998421e+02 +1.5061e+00 +8.3257e-01 +2.5288e+00 +3.4593e-01 -1.3798e+00
4638 0 +1.412168456e-04 -9.999998588e+02 -9.999998588e+02 +1.5003e+00 +8.3062e-01 +2.5347e+00 +3.3420e-01 -1.3896e+00
4699 0 +1.252181654e-04 -9.999998748e+02 -9.999998748e+02 +1.4964e+00 +8.2866e-01 +2.5366e+00 +3.2052e-01 -1.3974e+00
4768 0 +1.121656235e-04 -9.999998878e+02 -9.999998878e+02 +1.4925e+00 +8.2671e-01 +2.5425e+00 +3.0879e-01 -1.4072e+00
4839 0 +9.962001388e-05 -9.999999004e+02 -9.999999004e+02 +1.4905e+00 +8.2475e-01 +2.5445e+00 +2.9316e-01 -1.4150e+00
4913 0 +8.894215614e-05 -9.999999111e+02 -9.999999111e+02 +1.4827e+00 +8.1889e-01 +2.5464e+00 +2.7948e-01 -1.4248e+00
4989 0 +7.830937761e-05 -9.999999217e+02 -9.999999217e+02 +1.4788e+00 +8.1694e-01 +2.5523e+00 +2.6384e-01 -1.4345e+00
5039 0 +7.079223974e-05 -9.999999292e+02 -9.999999292e+02 +1.4749e+00 +8.1303e-01 +2.5523e+00 +2.5407e-01 -1.4404e+00
5095 0 +6.305124577e-05 -9.999999369e+02 -9.999999369e+02 +1.4710e+00 +8.1107e-01 +2.5562e+00 +2.4430e-01 -1.4482e+00
5139 0 +5.622864489e-05 -9.999999438e+02 -9.999999438e+02 +1.4710e+00 +8.1107e-01 +2.5581e+00 +2.3453e-01 -1.4521e+00
5179 0 +4.967563245e-05 -9.999999503e+02 -9.999999503e+02 +1.4690e+00 +8.0716e-01 +2.5581e+00 +2.2671e-01 -1.4560e+00
5219 0 +4.373613024e-05 -9.999999563e+02 -9.999999563e+02 +1.4651e+00 +8.0521e-01 +2.5601e+00 +2.1889e-01 -1.4619e+00
5259 0 +3.917147831e-05 -9.999999608e+02 -9.999999608e+02 +1.4651e+00 +8.0130e-01 +2.5581e+00 +2.1107e-01 -1.4638e+00
5299 0 +3.537401994e-05 -9.999999646e+02 -9.999999646e+02 +1.4612e+00 +8.0130e-01 +2.5601e+00 +2.0326e-01 -1.4697e+00
5349 0 +3.143542267e-05 -9.999999686e+02 -9.999999686e+02 +1.4592e+00 +7.9935e-01 +2.5621e+00 +1.9348e-01 -1.4756e+00
5419 0 +2.805023848e-05 -9.999999719e+02 -9.999999719e+02 +1.4553e+00 +7.9544e-01 +2.5640e+00 +1.7980e-01 -1.4834e+00
5529 0 +2.505206874e-05 -9.999999749e+02 -9.999999749e+02 +1.4475e+00 +7.9153e-01 +2.5718e+00 +1.5831e-01 -1.4990e+00
5599 0 +2.201984933e-05 -9.999999780e+02 -9.999999780e+02 +1.4416e+00 +7.8567e-01 +2.5738e+00 +1.4463e-01 -1.5068e+00
5633 0 +1.995234754e-05 -9.999999800e+02 -9.999999800e+02 +1.4377e+00 +7.8567e-01 +2.5757e+00 +1.3876e-01 -1.5127e+00
5663 0 +1.777870841e-05 -9.999999822e+02 -9.999999822e+02 +1.4377e+00 +7.8567e-01 +2.5777e+00 +1.3290e-01 -1.5166e+00
5691 0 +1.559488408e-05 -9.999999844e+02 -9.999999844e+02 +1.4358e+00 +7.8371e-01 +2.5777e+00 +1.2704e-01 -1.5205e+00
5709 0 +1.405406442e-05 -9.999999859e+02 -9.999999859e+02 +1.4358e+00 +7.8176e-01 +2.5777e+00 +1.2313e-01 -1.5205e+00
5733 0 +1.254833467e-05 -9.999999875e+02 -9.999999875e+02 +1.4338e+00 +7.8176e-01 +2.5796e+00 +1.1922e-01 -1.5244e+00
5759 0 +1.106497120e-05 -9.999999889e+02 -9.999999889e+02 +1.4319e+00 +7.7980e-01 +2.5796e+00 +1.1335e-01 -1.5264e+00
5779 0 +9.737548339e-06 -9.999999903e+02 -9.999999903e+02 +1.4319e+00 +7.7785e-01 +2.5796e+00 +1.0945e-01 -1.5283e+00
5803 0 +8.786094668e-06 -9.999999912e+02 -9.999999912e+02 +1.4299e+00 +7.7785e-01 +2.5816e+00 +1.0554e-01 -1.5322e+00
5831 0 +7.838978718e-06 -9.999999922e+02 -9.999999922e+02 +1.4280e+00 +7.7589e-01 +2.5816e+00 +9.9674e-02 -1.5362e+00
5909 0 +7.071723644e-06 -9.999999929e+02 -9.999999929e+02 +1.4270e+00 +7.7296e-01 +2.5816e+00 +9.1856e-02 -1.5381e+00
6149 0 +6.299400525e-06 -9.999999937e+02 -9.999999937e+02 +1.4182e+00 +7.6808e-01 +2.5894e+00 +6.8404e-02 -1.5547e+00
6239 0 +5.622188155e-06 -9.999999944e+02 -9.999999944e+02 +1.4162e+00 +7.6612e-01 +2.5904e+00 +5.9609e-02 -1.5596e+00
6289 0 +5.005433195e-06 -9.999999950e+02 -9.999999950e+02 +1.4123e+00 +7.6612e-01 +2.5943e+00 +5.4723e-02 -1.5645e+00
6329 0 +4.367726319e-06 -9.999999956e+02 -9.999999956e+02 +1.4113e+00 +7.6514e-01 +2.5953e+00 +5.0814e-02 -1.5674e+00
6361 0 +3.950373525e-06 -9.999999960e+02 -9.999999960e+02 +1.4104e+00 +7.6417e-01 +2.5943e+00 +4.7883e-02 -1.5694e+00
6395 0 +3.535898486e-06 -9.999999965e+02 -9.999999965e+02 +1.4094e+00 +7.6319e-01 +2.5953e+00 +4.4951e-02 -1.5713e+00
6419 0 +3.153394573e-06 -9.999999968e+02 -9.999999968e+02 +1.4084e+00 +7.6221e-01 +2.5963e+00 +4.2019e-02 -1.5723e+00
6451 0 +2.805205668e-06 -9.999999972e+02 -9.999999972e+02 +1.4074e+00 +7.6221e-01 +2.5972e+00 +3.9088e-02 -1.5752e+00
6489 0 +2.471609037e-06 -9.999999975e+02 -9.999999975e+02 +1.4065e+00 +7.6221e-01 +2.5992e+00 +3.5179e-02 -1.5772e+00
6519 0 +2.217375254e-06 -9.999999978e+02 -9.999999978e+02 +1.4055e+00 +7.6124e-01 +2.5992e+00 +3.2247e-02 -1.5791e+00
6563 0 +1.992698344e-06 -9.999999980e+02 -9.999999980e+02 +1.4035e+00 +7.6026e-01 +2.5992e+00 +2.8339e-02 -1.5821e+00
6623 0 +1.774165526e-06 -9.999999982e+02 -9.999999982e+02 +1.4026e+00 +7.5830e-01 +2.6002e+00 +2.2476e-02 -1.5850e+00
6741 0 +1.581550691e-06 -9.999999984e+02 -9.999999984e+02 +1.3996e+00 +7.5537e-01 +2.6021e+00 +1.0749e-02 -1.5919e+00
6821 0 +1.397037408e-06 -9.999999986e+02 -9.999999986e+02 +1.3957e+00 +7.5342e-01 +2.6041e+00 +2.9316e-03 -1.5977e+00
6859 0 +1.255266056e-06 -9.999999987e+02 -9.999999987e+02 +1.3947e+00 +7.5244e-01 +2.6060e+00 -9.7720e-04 -1.5997e+00
6899 0 +1.100470740e-06 -9.999999989e+02 -9.999999989e+02 +1.3938e+00 +7.5146e-01 +2.6060e+00 -4.8860e-03 -1.6016e+00
6931 0 +9.922390518e-07 -9.999999990e+02 -9.999999990e+02 +1.3947e+00 +7.5049e-01 +2.6041e+00 -7.8176e-03 -1.6026e+00
6959 0 +8.632965773e-07 -9.999999991e+02 -9.999999991e+02 +1.3928e+00 +7.4951e-01 +2.6060e+00 -1.0749e-02 -1.6046e+00
6989 0 +7.746591564e-07 -9.999999992e+02 -9.999999992e+02 +1.3928e+00 +7.4853e-01 +2.6060e+00 -1.3681e-02 -1.6055e+00
7029 0 +6.964218073e-07 -9.999999993e+02 -9.999999993e+02 +1.3928e+00 +7.4756e-01 +2.6050e+00 -1.6612e-02 -1.6065e+00
7051 0 +6.275149644e-07 -9.999999994e+02 -9.999999994e+02 +1.3908e+00 +7.4756e-01 +2.6070e+00 -1.8567e-02 -1.6094e+00
7089 0 +5.521220601e-07 -9.999999994e+02 -9.999999994e+02 +1.3898e+00 +7.4658e-01 +2.6080e+00 -2.2476e-02 -1.6114e+00
7149 0 +4.980200856e-07 -9.999999995e+02 -9.999999995e+02 +1.3884e+00 +7.4511e-01 +2.6080e+00 -2.5896e-02 -1.6134e+00
7229 0 +4.442962336e-07 -9.999999996e+02 -9.999999996e+02 +1.3864e+00 +7.4511e-01 +2.6104e+00 -2.9804e-02 -1.6168e+00
7303 0 +3.978636869e-07 -9.999999996e+02 -9.999999996e+02 +1.3845e+00 +7.4511e-01 +2.6124e+00 -3.3225e-02 -1.6202e+00
7369 0 +3.532462642e-07 -9.999999996e+02 -9.999999996e+02 +1.3835e+00 +7.4414e-01 +2.6134e+00 -3.6645e-02 -1.6221e+00
7431 0 +3.158917252e-07 -9.999999997e+02 -9.999999997e+02 +1.3830e+00 +7.4365e-01 +2.6134e+00 -3.9576e-02 -1.6241e+00
7489 0 +2.763647444e-07 -9.999999997e+02 -9.999999997e+02 +1.3811e+00 +7.4267e-01 +2.6148e+00 -4.2508e-02 -1.6261e+00
7539 0 +2.487176971e-07 -9.999999998e+02 -9.999999998e+02 +1.3806e+00 +7.4218e-01 +2.6153e+00 -4.4951e-02 -1.6275e+00
7599 0 +2.219835551e-07 -9.999999998e+02 -9.999999998e+02 +1.3801e+00 +7.4169e-01 +2.6153e+00 -4.7883e-02 -1.6290e+00
7659 0 +1.993636261e-07 -9.999999998e+02 -9.999999998e+02 +1.3796e+00 +7.4071e-01 +2.6153e+00 -5.0814e-02 -1.6305e+00
7739 0 +1.759935913e-07 -9.999999998e+02 -9.999999998e+02 +1.3786e+00 +7.3925e-01 +2.6158e+00 -5.4723e-02 -1.6324e+00
7809 0 +1.563465730e-07 -9.999999998e+02 -9.999999998e+02 +1.3776e+00 +7.3827e-01 +2.6158e+00 -5.8143e-02 -1.6344e+00
7859 0 +1.405785497e-07 -9.999999999e+02 -9.999999999e+02 +1.3767e+00 +7.3827e-01 +2.6173e+00 -6.0586e-02 -1.6363e+00
7899 0 +1.253335995e-07 -9.999999999e+02 -9.999999999e+02 +1.3757e+00 +7.3778e-01 +2.6178e+00 -6.2541e-02 -1.6378e+00
7939 0 +1.119269655e-07 -9.999999999e+02 -9.999999999e+02 +1.3752e+00 +7.3729e-01 +2.6182e+00 -6.4495e-02 -1.6388e+00
7969 0 +9.897223663e-08 -9.999999999e+02 -9.999999999e+02 +1.3747e+00 +7.3681e-01 +2.6182e+00 -6.5961e-02 -1.6397e+00
8001 0 +8.791926120e-08 -9.999999999e+02 -9.999999999e+02 +1.3742e+00 +7.3681e-01 +2.6187e+00 -6.7427e-02 -1.6412e+00
8029 0 +7.861115137e-08 -9.999999999e+02 -9.999999999e+02 +1.3742e+00 +7.3583e-01 +2.6182e+00 -6.8892e-02 -1.6412e+00
8061 0 +6.985351320e-08 -9.999999999e+02 -9.999999999e+02 +1.3737e+00 +7.3583e-01 +2.6192e+00 -7.0358e-02 -1.6427e+00
8091 0 +6.251423201e-08 -9.999999999e+02 -9.999999999e+02 +1.3727e+00 +7.3583e-01 +2.6202e+00 -7.1824e-02 -1.6441e+00
8129 0 +5.582319318e-08 -9.999999999e+02 -9.999999999e+02 +1.3723e+00 +7.3485e-01 +2.6197e+00 -7.3778e-02 -1.6446e+00
8193 0 +5.001197678e-08 -9.999999999e+02 -9.999999999e+02 +1.3713e+00 +7.3485e-01 +2.6212e+00 -7.6710e-02 -1.6471e+00
8308 0 +4.465277925e-08 -1.000000000e+03 -1.000000000e+03 +1.3688e+00 +7.3339e-01 +2.6231e+00 -8.2084e-02 -1.6510e+00
8351 0 +3.947081950e-08 -1.000000000e+03 -1.000000000e+03 +1.3688e+00 +7.3290e-01 +2.6226e+00 -8.4527e-02 -1.6520e+00
8379 0 +3.461173037e-08 -1.000000000e+03 -1.000000000e+03 +1.3679e+00 +7.3241e-01 +2.6236e+00 -8.5993e-02 -1.6529e+00
8399 0 +3.154423212e-08 -1.000000000e+03 -1.000000000e+03 +1.3679e+00 +7.3241e-01 +2.6236e+00 -8.6970e-02 -1.6534e+00
8439 0 +2.776801011e-08 -1.000000000e+03 -1.000000000e+03 +1.3679e+00 +7.3168e-01 +2.6231e+00 -8.7948e-02 -1.6537e+00
8475 0 +2.509409569e-08 -1.000000000e+03 -1.000000000e+03 +1.3674e+00 +7.3119e-01 +2.6229e+00 -8.8681e-02 -1.6541e+00
8509 0 +2.225476692e-08 -1.000000000e+03 -1.000000000e+03 +1.3671e+00 +7.3119e-01 +2.6234e+00 -8.9658e-02 -1.6546e+00
8545 0 +1.991406862e-08 -1.000000000e+03 -1.000000000e+03 +1.3669e+00 +7.3070e-01 +2.6234e+00 -9.0391e-02 -1.6551e+00
8579 0 +1.770195013e-08 -1.000000000e+03 -1.000000000e+03 +1.3662e+00 +7.3070e-01 +2.6239e+00 -9.1368e-02 -1.6559e+00
8619 0 +1.576961495e-08 -1.000000000e+03 -1.000000000e+03 +1.3659e+00 +7.3070e-01 +2.6243e+00 -9.2345e-02 -1.6566e+00
8661 0 +1.406772299e-08 -1.000000000e+03 -1.000000000e+03 +1.3654e+00 +7.3045e-01 +2.6246e+00 -9.3322e-02 -1.6576e+00
8739 0 +1.251805770e-08 -1.000000000e+03 -1.000000000e+03 +1.3652e+00 +7.3021e-01 +2.6251e+00 -9.5277e-02 -1.6585e+00
8941 0 +1.117018655e-08 -1.000000000e+03 -1.000000000e+03 +1.3637e+00 +7.2899e-01 +2.6261e+00 -1.0016e-01 -1.6617e+00
8999 0 +9.990230865e-09 -1.000000000e+03 -1.000000000e+03 +1.3627e+00 +7.2850e-01 +2.6265e+00 -1.0163e-01 -1.6627e+00
50000 0 +2.239630703e-11 -1.000000000e+03 -1.000000000e+03 +1.3528e+00 +7.2087e-01 +2.6329e+00 -1.3368e-01 -1.6826e+00
% f evaluations | g evaluations | best noise-free fitness - Fopt (1.000000000000e+03) + sum g_i+ | measured fitness | best measured fitness or single-digit g-values | x1 | x2...
1 0 +7.299933294e+01 +1.072999333e+03 +1.072999333e+03 +0.0000e+00 +0.0000e+00 +0.0000e+00 +0.0000e+00 +0.0000e+00
2 0 +6.950062194e+01 +1.069500622e+03 +1.069500622e+03 -2.7186e+00 -7.1789e-01 +5.1803e-01 +6.4926e-01 -1.3468e+00
3 0 +4.823545159e+01 +1.048235452e+03 +1.048235452e+03 -4.4739e+00 +1.5168e-01 -3.7521e-01 -1.9934e-02 -1.0121e+00
7 0 +3.561614208e+01 +1.035616142e+03 +1.035616142e+03 -3.6861e+00 +1.1446e+00 +7.8578e-01 +8.8747e-01 +9.2636e-01
246 0 +1.198794885e+01 +1.011987949e+03 +1.011987949e+03 +1.1826e+00 -5.1982e-01 -6.8920e-01 +4.2079e+00 -2.8517e-01
254 0 +8.921269635e+00 +1.008921270e+03 +1.008921270e+03 -1.9361e-01 -8.9534e-01 -3.1952e-01 +3.7209e+00 -1.6279e+00
464 0 +7.178896434e+00 +1.007178896e+03 +1.007178896e+03 +1.5247e-01 -5.2038e-01 -1.7476e+00 +3.3996e+00 -9.7624e-01
478 0 +6.559526084e-01 +1.000655953e+03 +1.000655953e+03 -8.9322e-01 -7.9351e-01 -2.7669e+00 +3.2770e+00 +9.9725e-02
1743 0 +5.823522513e-01 +1.000582352e+03 +1.000582352e+03 +4.8157e-01 +0.0000e+00 -6.2541e-01 +4.9270e+00 +3.7524e-01
1769 0 +5.412969267e-01 +1.000541297e+03 +1.000541297e+03 +4.8157e-01 +0.0000e+00 -6.8795e-01 +4.8644e+00 +3.7524e-01
1791 0 +5.011062591e-01 +1.000501106e+03 +1.000501106e+03 +4.1903e-01 +0.0000e+00 -8.1303e-01 +4.8019e+00 +3.1270e-01
1827 0 +4.423445087e-01 +1.000442345e+03 +1.000442345e+03 +2.9395e-01 -1.2508e-01 -9.3811e-01 +4.6768e+00 +2.5016e-01
1869 0 +3.927708008e-01 +1.000392771e+03 +1.000392771e+03 +2.3141e-01 -1.2508e-01 -1.0319e+00 +4.6455e+00 +3.7524e-01
1885 0 +3.503644944e-01 +1.000350364e+03 +1.000350364e+03 +2.0014e-01 -1.5635e-01 -1.0632e+00 +4.6143e+00 +3.1270e-01
1919 0 +3.055357484e-01 +1.000305536e+03 +1.000305536e+03 +1.8451e-01 -1.8762e-01 -1.0788e+00 +4.5673e+00 +2.8143e-01
1939 0 +2.716731480e-01 +1.000271673e+03 +1.000271673e+03 +1.6887e-01 -2.0326e-01 -1.1101e+00 +4.5361e+00 +2.5016e-01
1959 0 +2.462726428e-01 +1.000246273e+03 +1.000246273e+03 +1.5324e-01 -2.1889e-01 -1.1257e+00 +4.5048e+00 +2.1889e-01
1979 0 +2.197623580e-01 +1.000219762e+03 +1.000219762e+03 +1.3760e-01 -2.5016e-01 -1.1414e+00 +4.4735e+00 +2.0326e-01
1999 0 +1.963962499e-01 +1.000196396e+03 +1.000196396e+03 +1.0633e-01 -2.6580e-01 -1.1726e+00 +4.4423e+00 +1.8762e-01
2021 0 +1.777716544e-01 +1.000177772e+03 +1.000177772e+03 +1.0633e-01 -2.9707e-01 -1.1883e+00 +4.4110e+00 +1.4072e-01
2049 0 +1.571051650e-01 +1.000157105e+03 +1.000157105e+03 +7.5061e-02 -3.2834e-01 -1.2195e+00 +4.3641e+00 +1.0945e-01
2089 0 +1.391396464e-01 +1.000139140e+03 +1.000139140e+03 +2.8155e-02 -3.5961e-01 -1.2664e+00 +4.3016e+00 +4.6905e-02
2139 0 +1.249571097e-01 +1.000124957e+03 +1.000124957e+03 -3.1148e-03 -4.2215e-01 -1.2977e+00 +4.2234e+00 -3.1270e-02
2185 0 +1.120965215e-01 +1.000112097e+03 +1.000112097e+03 -3.4385e-02 -4.8469e-01 -1.3290e+00 +4.1608e+00 -1.0945e-01
2219 0 +9.871110980e-02 +1.000098711e+03 +1.000098711e+03 -6.5655e-02 -5.1596e-01 -1.3603e+00 +4.0983e+00 -1.5635e-01
2241 0 +8.904751778e-02 +1.000089048e+03 +1.000089048e+03 -8.1291e-02 -5.4723e-01 -1.3759e+00 +4.0670e+00 -2.0326e-01
2271 0 +7.863141120e-02 +1.000078631e+03 +1.000078631e+03 -9.6926e-02 -5.7850e-01 -1.3915e+00 +4.0201e+00 -2.5016e-01
2297 0 +6.927035166e-02 +1.000069270e+03 +1.000069270e+03 -1.2820e-01 -6.0977e-01 -1.4228e+00 +3.9888e+00 -2.8143e-01
2321 0 +6.244771705e-02 +1.000062448e+03 +1.000062448e+03 -1.4383e-01 -6.0977e-01 -1.4384e+00 +3.9576e+00 -3.2834e-01
2341 0 +5.568476813e-02 +1.000055685e+03 +1.000055685e+03 -1.5947e-01 -6.2541e-01 -1.4697e+00 +3.9263e+00 -3.5961e-01
2367 0 +4.969453918e-02 +1.000049695e+03 +1.000049695e+03 -1.9074e-01 -6.4104e-01 -1.5166e+00 +3.8950e+00 -3.9088e-01
2389 0 +4.454314055e-02 +1.000044543e+03 +1.000044543e+03 -2.0637e-01 -6.7231e-01 -1.5322e+00 +3.8481e+00 -4.2215e-01
2421 0 +3.926359308e-02 +1.000039264e+03 +1.000039264e+03 -2.2201e-01 -7.0358e-01 -1.5479e+00 +3.8012e+00 -4.8469e-01
2459 0 +3.525604080e-02 +1.000035256e+03 +1.000035256e+03 -2.3764e-01 -7.5049e-01 -1.5479e+00 +3.7543e+00 -5.3159e-01
2483 0 +3.149902047e-02 +1.000031499e+03 +1.000031499e+03 -2.5328e-01 -7.5049e-01 -1.5635e+00 +3.7387e+00 -5.7850e-01
2517 0 +2.769543189e-02 +1.000027695e+03 +1.000027695e+03 -2.6891e-01 -7.5049e-01 -1.5948e+00 +3.7231e+00 -6.2541e-01
2541 0 +2.474983349e-02 +1.000024750e+03 +1.000024750e+03 -2.6891e-01 -7.5049e-01 -1.6104e+00 +3.6918e+00 -6.7231e-01
2585 0 +2.237432510e-02 +1.000022374e+03 +1.000022374e+03 -2.8455e-01 -7.8176e-01 -1.6104e+00 +3.6761e+00 -6.8795e-01
2619 0 +1.961802662e-02 +1.000019618e+03 +1.000019618e+03 -3.0018e-01 -7.9739e-01 -1.6339e+00 +3.6449e+00 -7.1140e-01
2659 0 +1.748442275e-02 +1.000017484e+03 +1.000017484e+03 -3.1582e-01 -8.2084e-01 -1.6495e+00 +3.6136e+00 -7.4267e-01
2709 0 +1.574714351e-02 +1.000015747e+03 +1.000015747e+03 -3.3145e-01 -8.4430e-01 -1.6730e+00 +3.5745e+00 -7.8176e-01
2781 0 +1.409468933e-02 +1.000014095e+03 +1.000014095e+03 -3.6272e-01 -8.9120e-01 -1.6964e+00 +3.5198e+00 -8.4430e-01
2849 0 +1.250337081e-02 +1.000012503e+03 +1.000012503e+03 -3.8618e-01 -9.3029e-01 -1.7277e+00 +3.4651e+00 -8.9120e-01
2891 0 +1.108016523e-02 +1.000011080e+03 +1.000011080e+03 -4.0181e-01 -9.3811e-01 -1.7433e+00 +3.4416e+00 -9.3029e-01
2919 0 +9.953836552e-03 +1.000009954e+03 +1.000009954e+03 -4.1745e-01 -9.5374e-01 -1.7590e+00 +3.4182e+00 -9.4593e-01
2951 0 +8.641262303e-03 +1.000008641e+03 +1.000008641e+03 -4.2526e-01 -9.6156e-01 -1.7668e+00 +3.4025e+00 -9.7720e-01
2981 0 +7.675549455e-03 +1.000007676e+03 +1.000007676e+03 -4.2526e-01 -9.6938e-01 -1.7746e+00 +3.3869e+00 -1.0006e+00
3001 0 +7.020339615e-03 +1.000007020e+03 +1.000007020e+03 -4.3308e-01 -9.6938e-01 -1.7824e+00 +3.3791e+00 -1.0163e+00
3031 0 +6.259558920e-03 +1.000006260e+03 +1.000006260e+03 -4.4090e-01 -9.7720e-01 -1.7902e+00 +3.3713e+00 -1.0397e+00
3059 0 +5.590131013e-03 +1.000005590e+03 +1.000005590e+03 -4.4872e-01 -9.9283e-01 -1.7902e+00 +3.3478e+00 -1.0554e+00
3081 0 +5.007451778e-03 +1.000005007e+03 +1.000005007e+03 -4.4872e-01 -9.9283e-01 -1.7980e+00 +3.3400e+00 -1.0788e+00
3121 0 +4.435744610e-03 +1.000004436e+03 +1.000004436e+03 -4.5653e-01 -9.9283e-01 -1.8137e+00 +3.3244e+00 -1.1101e+00
3161 0 +3.968041909e-03 +1.000003968e+03 +1.000003968e+03 -4.6435e-01 -1.0163e+00 -1.8137e+00 +3.3009e+00 -1.1414e+00
3311 0 +3.540939072e-03 +1.000003541e+03 +1.000003541e+03 -4.8780e-01 -1.0476e+00 -1.8371e+00 +3.2384e+00 -1.2586e+00
3391 0 +3.093055232e-03 +1.000003093e+03 +1.000003093e+03 -4.9562e-01 -1.0632e+00 -1.8449e+00 +3.2071e+00 -1.3212e+00
3421 0 +2.736998401e-03 +1.000002737e+03 +1.000002737e+03 -5.0344e-01 -1.0710e+00 -1.8528e+00 +3.1915e+00 -1.3446e+00
3441 0 +2.505952203e-03 +1.000002506e+03 +1.000002506e+03 -5.1126e-01 -1.0710e+00 -1.8606e+00 +3.1836e+00 -1.3603e+00
3471 0 +2.228865356e-03 +1.000002229e+03 +1.000002229e+03 -5.1126e-01 -1.0788e+00 -1.8528e+00 +3.1758e+00 -1.3837e+00
3495 0 +1.946067371e-03 +1.000001946e+03 +1.000001946e+03 -5.1126e-01 -1.0866e+00 -1.8606e+00 +3.1680e+00 -1.3993e+00
3549 0 +1.721335832e-03 +1.000001721e+03 +1.000001721e+03 -5.1126e-01 -1.0788e+00 -1.8528e+00 +3.1602e+00 -1.4384e+00
3559 0 +1.578794525e-03 +1.000001579e+03 +1.000001579e+03 -5.1126e-01 -1.0866e+00 -1.8528e+00 +3.1524e+00 -1.4463e+00
3571 0 +1.389710085e-03 +1.000001390e+03 +1.000001390e+03 -5.1126e-01 -1.0945e+00 -1.8528e+00 +3.1446e+00 -1.4619e+00
3611 0 +1.221556603e-03 +1.000001222e+03 +1.000001222e+03 -5.1126e-01 -1.0945e+00 -1.8528e+00 +3.1367e+00 -1.4932e+00
3631 0 +1.085508130e-03 +1.000001086e+03 +1.000001086e+03 -5.1907e-01 -1.1101e+00 -1.8528e+00 +3.1211e+00 -1.5088e+00
3689 0 +9.927752826e-04 +1.000000993e+03 +1.000000993e+03 -5.2298e-01 -1.1179e+00 -1.8606e+00 +3.1094e+00 -1.5244e+00
3795 0 +8.911280752e-04 +1.000000891e+03 +1.000000891e+03 -5.4253e-01 -1.1531e+00 -1.8762e+00 +3.0703e+00 -1.5674e+00
3881 0 +7.912899098e-04 +1.000000791e+03 +1.000000791e+03 -5.5816e-01 -1.1609e+00 -1.8997e+00 +3.0429e+00 -1.6026e+00
3921 0 +7.057188955e-04 +1.000000706e+03 +1.000000706e+03 -5.6207e-01 -1.1726e+00 -1.9075e+00 +3.0273e+00 -1.6182e+00
3961 0 +6.191847993e-04 +1.000000619e+03 +1.000000619e+03 -5.6989e-01 -1.1805e+00 -1.9114e+00 +3.0156e+00 -1.6339e+00
3995 0 +5.578401726e-04 +1.000000558e+03 +1.000000558e+03 -5.7380e-01 -1.1805e+00 -1.9192e+00 +3.0117e+00 -1.6456e+00
4031 0 +4.914763737e-04 +1.000000491e+03 +1.000000491e+03 -5.7771e-01 -1.1805e+00 -1.9231e+00 +3.0038e+00 -1.6612e+00
4055 0 +4.451218190e-04 +1.000000445e+03 +1.000000445e+03 -5.7771e-01 -1.1922e+00 -1.9231e+00 +2.9960e+00 -1.6691e+00
4085 0 +3.944212917e-04 +1.000000394e+03 +1.000000394e+03 -5.8162e-01 -1.1961e+00 -1.9270e+00 +2.9882e+00 -1.6808e+00
4121 0 +3.483527682e-04 +1.000000348e+03 +1.000000348e+03 -5.8552e-01 -1.1961e+00 -1.9309e+00 +2.9804e+00 -1.6964e+00
4151 0 +3.129261354e-04 +1.000000313e+03 +1.000000313e+03 -5.8943e-01 -1.2078e+00 -1.9309e+00 +2.9687e+00 -1.7081e+00
4211 0 +2.769465444e-04 +1.000000277e+03 +1.000000277e+03 -5.8943e-01 -1.2078e+00 -1.9348e+00 +2.9608e+00 -1.7316e+00
4261 0 +2.493536150e-04 +1.000000249e+03 +1.000000249e+03 -5.9725e-01 -1.2117e+00 -1.9427e+00 +2.9491e+00 -1.7511e+00
4321 0 +2.195662613e-04 +1.000000220e+03 +1.000000220e+03 -6.0116e-01 -1.2234e+00 -1.9466e+00 +2.9335e+00 -1.7746e+00
4381 0 +1.966884919e-04 +1.000000197e+03 +1.000000197e+03 -6.0507e-01 -1.2234e+00 -1.9505e+00 +2.9257e+00 -1.7980e+00
4449 0 +1.747616454e-04 +1.000000175e+03 +1.000000175e+03 -6.0507e-01 -1.2274e+00 -1.9466e+00 +2.9178e+00 -1.8215e+00
4471 0 +1.563464419e-04 +1.000000156e+03 +1.000000156e+03 -6.0507e-01 -1.2352e+00 -1.9466e+00 +2.9100e+00 -1.8332e+00
4501 0 +1.395935484e-04 +1.000000140e+03 +1.000000140e+03 -6.0898e-01 -1.2391e+00 -1.9505e+00 +2.9022e+00 -1.8449e+00
4541 0 +1.231851509e-04 +1.000000123e+03 +1.000000123e+03 -6.1289e-01 -1.2391e+00 -1.9583e+00 +2.8944e+00 -1.8606e+00
4571 0 +1.093488725e-04 +1.000000109e+03 +1.000000109e+03 -6.1679e-01 -1.2469e+00 -1.9583e+00 +2.8866e+00 -1.8723e+00
4619 0 +9.942362453e-05 +1.000000099e+03 +1.000000099e+03 -6.1679e-01 -1.2508e+00 -1.9583e+00 +2.8788e+00 -1.8879e+00
4656 0 +8.838300607e-05 +1.000000088e+03 +1.000000088e+03 -6.2070e-01 -1.2586e+00 -1.9583e+00 +2.8709e+00 -1.9036e+00
4701 0 +7.814007495e-05 +1.000000078e+03 +1.000000078e+03 -6.2070e-01 -1.2586e+00 -1.9622e+00 +2.8631e+00 -1.9231e+00
4731 0 +6.900554172e-05 +1.000000069e+03 +1.000000069e+03 -6.2461e-01 -1.2625e+00 -1.9661e+00 +2.8553e+00 -1.9348e+00
4771 0 +6.183299297e-05 +1.000000062e+03 +1.000000062e+03 -6.2461e-01 -1.2625e+00 -1.9661e+00 +2.8514e+00 -1.9505e+00
4793 0 +5.618686259e-05 +1.000000056e+03 +1.000000056e+03 -6.2852e-01 -1.2704e+00 -1.9661e+00 +2.8475e+00 -1.9544e+00
4841 0 +5.000420288e-05 +1.000000050e+03 +1.000000050e+03 -6.2852e-01 -1.2723e+00 -1.9681e+00 +2.8416e+00 -1.9603e+00
4881 0 +4.388828040e-05 +1.000000044e+03 +1.000000044e+03 -6.3047e-01 -1.2782e+00 -1.9681e+00 +2.8358e+00 -1.9681e+00
4901 0 +3.976173014e-05 +1.000000040e+03 +1.000000040e+03 -6.3243e-01 -1.2801e+00 -1.9720e+00 +2.8318e+00 -1.9720e+00
4931 0 +3.534542668e-05 +1.000000035e+03 +1.000000035e+03 -6.3438e-01 -1.2840e+00 -1.9759e+00 +2.8260e+00 -1.9778e+00
4969 0 +3.152762724e-05 +1.000000032e+03 +1.000000032e+03 -6.3829e-01 -1.2899e+00 -1.9798e+00 +2.8182e+00 -1.9837e+00
5031 0 +2.799605033e-05 +1.000000028e+03 +1.000000028e+03 -6.4220e-01 -1.2938e+00 -1.9837e+00 +2.8103e+00 -1.9974e+00
5147 0 +2.508771865e-05 +1.000000025e+03 +1.000000025e+03 -6.5002e-01 -1.2997e+00 -1.9915e+00 +2.7986e+00 -2.0189e+00
5211 0 +2.197756532e-05 +1.000000022e+03 +1.000000022e+03 -6.5197e-01 -1.3055e+00 -1.9935e+00 +2.7889e+00 -2.0326e+00
5245 0 +1.977856562e-05 +1.000000020e+03 +1.000000020e+03 -6.5393e-01 -1.3094e+00 -1.9954e+00 +2.7849e+00 -2.0384e+00
5289 0 +1.776988199e-05 +1.000000018e+03 +1.000000018e+03 -6.5393e-01 -1.3094e+00 -1.9954e+00 +2.7810e+00 -2.0462e+00
5311 0 +1.559796783e-05 +1.000000016e+03 +1.000000016e+03 -6.5588e-01 -1.3094e+00 -1.9974e+00 +2.7791e+00 -2.0521e+00
5351 0 +1.368546555e-05 +1.000000014e+03 +1.000000014e+03 -6.5588e-01 -1.3094e+00 -1.9974e+00 +2.7771e+00 -2.0599e+00
5365 0 +1.257578776e-05 +1.000000013e+03 +1.000000013e+03 -6.5588e-01 -1.3134e+00 -1.9974e+00 +2.7752e+00 -2.0619e+00
5391 0 +1.120390084e-05 +1.000000011e+03 +1.000000011e+03 -6.5784e-01 -1.3134e+00 -1.9993e+00 +2.7732e+00 -2.0677e+00
5421 0 +9.733141610e-06 +1.000000010e+03 +1.000000010e+03 -6.5784e-01 -1.3153e+00 -1.9974e+00 +2.7693e+00 -2.0736e+00
5451 0 +8.666657436e-06 +1.000000009e+03 +1.000000009e+03 -6.5979e-01 -1.3153e+00 -1.9993e+00 +2.7674e+00 -2.0795e+00
5471 0 +7.816224183e-06 +1.000000008e+03 +1.000000008e+03 -6.5979e-01 -1.3192e+00 -1.9993e+00 +2.7634e+00 -2.0834e+00
5511 0 +7.075781468e-06 +1.000000007e+03 +1.000000007e+03 -6.6175e-01 -1.3231e+00 -2.0013e+00 +2.7595e+00 -2.0912e+00
5671 0 +6.291918567e-06 +1.000000006e+03 +1.000000006e+03 -6.6370e-01 -1.3270e+00 -2.0033e+00 +2.7459e+00 -2.1225e+00
5719 0 +5.593153219e-06 +1.000000006e+03 +1.000000006e+03 -6.6761e-01 -1.3309e+00 -2.0052e+00 +2.7400e+00 -2.1303e+00
5741 0 +4.780437280e-06 +1.000000005e+03 +1.000000005e+03 -6.6761e-01 -1.3349e+00 -2.0052e+00 +2.7361e+00 -2.1362e+00
5761 0 +4.259854791e-06 +1.000000004e+03 +1.000000004e+03 -6.6761e-01 -1.3349e+00 -2.0072e+00 +2.7341e+00 -2.1401e+00
5791 0 +3.901630066e-06 +1.000000004e+03 +1.000000004e+03 -6.6956e-01 -1.3358e+00 -2.0081e+00 +2.7332e+00 -2.1410e+00
5815 0 +3.539052386e-06 +1.000000004e+03 +1.000000004e+03 -6.7054e-01 -1.3388e+00 -2.0081e+00 +2.7312e+00 -2.1430e+00
5833 0 +3.134737199e-06 +1.000000003e+03 +1.000000003e+03 -6.7152e-01 -1.3388e+00 -2.0101e+00 +2.7292e+00 -2.1449e+00
5859 0 +2.743171763e-06 +1.000000003e+03 +1.000000003e+03 -6.7249e-01 -1.3417e+00 -2.0111e+00 +2.7263e+00 -2.1469e+00
5881 0 +2.444571123e-06 +1.000000002e+03 +1.000000002e+03 -6.7347e-01 -1.3427e+00 -2.0120e+00 +2.7244e+00 -2.1498e+00
5901 0 +2.224672130e-06 +1.000000002e+03 +1.000000002e+03 -6.7445e-01 -1.3446e+00 -2.0130e+00 +2.7224e+00 -2.1518e+00
5931 0 +1.988326403e-06 +1.000000002e+03 +1.000000002e+03 -6.7543e-01 -1.3466e+00 -2.0150e+00 +2.7195e+00 -2.1547e+00
5971 0 +1.775241117e-06 +1.000000002e+03 +1.000000002e+03 -6.7836e-01 -1.3485e+00 -2.0179e+00 +2.7156e+00 -2.1586e+00
6099 0 +1.577631224e-06 +1.000000002e+03 +1.000000002e+03 -6.8227e-01 -1.3505e+00 -2.0228e+00 +2.7087e+00 -2.1704e+00
6171 0 +1.385396672e-06 +1.000000001e+03 +1.000000001e+03 -6.8422e-01 -1.3534e+00 -2.0248e+00 +2.7038e+00 -2.1782e+00
6211 0 +1.249384354e-06 +1.000000001e+03 +1.000000001e+03 -6.8520e-01 -1.3544e+00 -2.0257e+00 +2.7019e+00 -2.1821e+00
6246 0 +1.120187676e-06 +1.000000001e+03 +1.000000001e+03 -6.8520e-01 -1.3563e+00 -2.0257e+00 +2.6999e+00 -2.1850e+00
6281 0 +9.888460681e-07 +1.000000001e+03 +1.000000001e+03 -6.8520e-01 -1.3573e+00 -2.0257e+00 +2.6980e+00 -2.1889e+00
6311 0 +8.678529184e-07 +1.000000001e+03 +1.000000001e+03 -6.8618e-01 -1.3583e+00 -2.0267e+00 +2.6960e+00 -2.1919e+00
6335 0 +7.882763384e-07 +1.000000001e+03 +1.000000001e+03 -6.8715e-01 -1.3593e+00 -2.0277e+00 +2.6950e+00 -2.1938e+00
6381 0 +6.830347274e-07 +1.000000001e+03 +1.000000001e+03 -6.8715e-01 -1.3593e+00 -2.0277e+00 +2.6931e+00 -2.1987e+00
6405 0 +6.276748081e-07 +1.000000001e+03 +1.000000001e+03 -6.8813e-01 -1.3603e+00 -2.0287e+00 +2.6921e+00 -2.2006e+00
6451 0 +5.597671588e-07 +1.000000001e+03 +1.000000001e+03 -6.8813e-01 -1.3603e+00 -2.0287e+00 +2.6902e+00 -2.2055e+00
6519 0 +4.997832548e-07 +1.000000000e+03 +1.000000000e+03 -6.8813e-01 -1.3612e+00 -2.0277e+00 +2.6882e+00 -2.2114e+00
6571 0 +4.424688314e-07 +1.000000000e+03 +1.000000000e+03 -6.8813e-01 -1.3622e+00 -2.0277e+00 +2.6862e+00 -2.2173e+00
6611 0 +3.872657999e-07 +1.000000000e+03 +1.000000000e+03 -6.8911e-01 -1.3642e+00 -2.0287e+00 +2.6833e+00 -2.2212e+00
6651 0 +3.520235623e-07 +1.000000000e+03 +1.000000000e+03 -6.9008e-01 -1.3651e+00 -2.0287e+00 +2.6823e+00 -2.2251e+00
6685 0 +3.099605692e-07 +1.000000000e+03 +1.000000000e+03 -6.9008e-01 -1.3661e+00 -2.0296e+00 +2.6804e+00 -2.2280e+00
6711 0 +2.739473075e-07 +1.000000000e+03 +1.000000000e+03 -6.9106e-01 -1.3671e+00 -2.0296e+00 +2.6784e+00 -2.2309e+00
6731 0 +2.477562475e-07 +1.000000000e+03 +1.000000000e+03 -6.9106e-01 -1.3691e+00 -2.0296e+00 +2.6765e+00 -2.2329e+00
6776 0 +2.221771638e-07 +1.000000000e+03 +1.000000000e+03 -6.9204e-01 -1.3691e+00 -2.0306e+00 +2.6755e+00 -2.2358e+00
6835 0 +1.993539627e-07 +1.000000000e+03 +1.000000000e+03 -6.9302e-01 -1.3710e+00 -2.0316e+00 +2.6735e+00 -2.2378e+00
6889 0 +1.757672408e-07 +1.000000000e+03 +1.000000000e+03 -6.9399e-01 -1.3730e+00 -2.0331e+00 +2.6706e+00 -2.2402e+00
6931 0 +1.580101525e-07 +1.000000000e+03 +1.000000000e+03 -6.9497e-01 -1.3739e+00 -2.0345e+00 +2.6687e+00 -2.2427e+00
6981 0 +1.401788268e-07 +1.000000000e+03 +1.000000000e+03 -6.9595e-01 -1.3754e+00 -2.0350e+00 +2.6667e+00 -2.2451e+00
7021 0 +1.258164275e-07 +1.000000000e+03 +1.000000000e+03 -6.9644e-01 -1.3754e+00 -2.0360e+00 +2.6657e+00 -2.2471e+00
7061 0 +1.108007837e-07 +1.000000000e+03 +1.000000000e+03 -6.9741e-01 -1.3759e+00 -2.0365e+00 +2.6647e+00 -2.2490e+00
7091 0 +9.998746009e-08 +1.000000000e+03 +1.000000000e+03 -6.9741e-01 -1.3774e+00 -2.0365e+00 +2.6638e+00 -2.2505e+00
7121 0 +8.755455383e-08 +1.000000000e+03 +1.000000000e+03 -6.9790e-01 -1.3769e+00 -2.0375e+00 +2.6628e+00 -2.2519e+00
7151 0 +7.921664746e-08 +1.000000000e+03 +1.000000000e+03 -6.9839e-01 -1.3774e+00 -2.0379e+00 +2.6623e+00 -2.2534e+00
7181 0 +6.886705251e-08 +1.000000000e+03 +1.000000000e+03 -6.9839e-01 -1.3783e+00 -2.0379e+00 +2.6608e+00 -2.2549e+00
7211 0 +6.176082934e-08 +1.000000000e+03 +1.000000000e+03 -6.9888e-01 -1.3788e+00 -2.0384e+00 +2.6599e+00 -2.2563e+00
7259 0 +5.559684269e-08 +1.000000000e+03 +1.000000000e+03 -6.9986e-01 -1.3788e+00 -2.0394e+00 +2.6589e+00 -2.2583e+00
7311 0 +4.968057965e-08 +1.000000000e+03 +1.000000000e+03 -7.0034e-01 -1.3803e+00 -2.0399e+00 +2.6569e+00 -2.2612e+00
7441 0 +4.446530966e-08 +1.000000000e+03 +1.000000000e+03 -7.0083e-01 -1.3818e+00 -2.0404e+00 +2.6540e+00 -2.2676e+00
7501 0 +3.960349204e-08 +1.000000000e+03 +1.000000000e+03 -7.0132e-01 -1.3827e+00 -2.0404e+00 +2.6530e+00 -2.2705e+00
7531 0 +3.456113973e-08 +1.000000000e+03 +1.000000000e+03 -7.0181e-01 -1.3827e+00 -2.0409e+00 +2.6520e+00 -2.2720e+00
7551 0 +3.015577477e-08 +1.000000000e+03 +1.000000000e+03 -7.0181e-01 -1.3837e+00 -2.0409e+00 +2.6511e+00 -2.2730e+00
7581 0 +2.798503829e-08 +1.000000000e+03 +1.000000000e+03 -7.0181e-01 -1.3837e+00 -2.0409e+00 +2.6511e+00 -2.2744e+00
7601 0 +2.511160346e-08 +1.000000000e+03 +1.000000000e+03 -7.0230e-01 -1.3832e+00 -2.0414e+00 +2.6506e+00 -2.2754e+00
7619 0 +2.209105787e-08 +1.000000000e+03 +1.000000000e+03 -7.0230e-01 -1.3842e+00 -2.0414e+00 +2.6496e+00 -2.2759e+00
7631 0 +1.931869065e-08 +1.000000000e+03 +1.000000000e+03 -7.0230e-01 -1.3847e+00 -2.0414e+00 +2.6491e+00 -2.2769e+00
7651 0 +1.710247943e-08 +1.000000000e+03 +1.000000000e+03 -7.0279e-01 -1.3847e+00 -2.0419e+00 +2.6486e+00 -2.2778e+00
7681 0 +1.555247309e-08 +1.000000000e+03 +1.000000000e+03 -7.0328e-01 -1.3847e+00 -2.0423e+00 +2.6481e+00 -2.2788e+00
7701 0 +1.406067440e-08 +1.000000000e+03 +1.000000000e+03 -7.0328e-01 -1.3852e+00 -2.0423e+00 +2.6476e+00 -2.2798e+00
7739 0 +1.257421900e-08 +1.000000000e+03 +1.000000000e+03 -7.0376e-01 -1.3862e+00 -2.0428e+00 +2.6462e+00 -2.2813e+00
7889 0 +1.114563020e-08 +1.000000000e+03 +1.000000000e+03 -7.0474e-01 -1.3884e+00 -2.0438e+00 +2.6432e+00 -2.2859e+00
7931 0 +9.957147995e-09 +1.000000000e+03 +1.000000000e+03 -7.0523e-01 -1.3888e+00 -2.0445e+00 +2.6423e+00 -2.2871e+00
50000 0 +2.228262019e-11 +1.000000000e+03 +1.000000000e+03 -7.1238e-01 -1.3995e+00 -2.0514e+00 +2.6232e+00 -2.3200e+00
% f evaluations | g evaluations | best noise-free fitness - Fopt (-4.913000000000e+01) + sum g_i+ | measured fitness | best measured fitness or single-digit g-values | x1 | x2...
1 0 +6.940722089e+01 +2.027722089e+01 +2.027722089e+01 +0.0000e+00 +0.0000e+00 +0.0000e+00 +0.0000e+00 +0.0000e+00
4 0 +1.969692225e+01 -2.943307775e+01 -2.943307775e+01 -1.8967e+00 +9.1297e-01 +7.7507e-02 +1.3232e+00 +5.4876e-01
175 0 +1.538523516e+01 -3.374476484e+01 -3.374476484e+01 +1.0063e+00 +7.3542e-01 +2.0279e+00 +3.1434e-01 +1.5799e-01
238 0 +1.046272244e+01 -3.866727756e+01 -3.866727756e+01 -7.5716e-01 +1.1446e+00 +7.8578e-01 +3.8164e+00 +9.2636e-01
374 0 +9.063732850e+00 -4.006626715e+01 -4.006626715e+01 +2.3767e+00 +1.0104e+00 +3.1882e+00 +7.8720e-01 +7.8357e-02
379 0 +8.825183835e+00 -4.030481617e+01 -4.030481617e+01 +1.2299e+00 -7.9351e-01 +2.2851e+00 +3.4811e-01 +9.9725e-02
394 0 +5.695627065e+00 -4.343437293e+01 -4.343437293e+01 +1.6636e+00 -6.7722e-01 +2.7732e+00 +1.1794e+00 +1.7376e-01
778 0 +1.357212573e+00 -4.777278743e+01 -4.777278743e+01 +2.6522e+00 +1.0289e+00 +2.9425e+00 +5.2237e-01 +4.8519e-01
1724 0 +7.326485819e-01 -4.839735142e+01 -4.839735142e+01 +2.4983e+00 +1.7208e+00 +3.1791e+00 +6.2541e-01 +3.7524e-01
1725 0 +6.710363714e-01 -4.845896363e+01 -4.845896363e+01 +2.4983e+00 +1.5957e+00 +3.1791e+00 +6.2541e-01 +3.7524e-01
1732 0 +5.946872334e-01 -4.853531277e+01 -4.853531277e+01 +2.4983e+00 +1.5957e+00 +3.1791e+00 +6.2541e-01 +5.0032e-01
1734 0 +4.244644956e-01 -4.870553550e+01 -4.870553550e+01 +2.6234e+00 +1.5957e+00 +3.1791e+00 +6.2541e-01 +5.0032e-01
1735 0 +3.876738626e-01 -4.874232614e+01 -4.874232614e+01 +2.6234e+00 +1.4707e+00 +3.1791e+00 +6.2541e-01 +5.0032e-01
1768 0 +3.493646011e-01 -4.878063540e+01 -4.878063540e+01 +2.6234e+00 +1.3456e+00 +3.2416e+00 +7.5049e-01 +5.0032e-01
1772 0 +2.984911932e-01 -4.883150881e+01 -4.883150881e+01 +2.6234e+00 +1.3456e+00 +3.2416e+00 +8.1303e-01 +5.6287e-01
1774 0 +1.738166059e-01 -4.895618339e+01 -4.895618339e+01 +2.6860e+00 +1.3456e+00 +3.2416e+00 +8.1303e-01 +5.6287e-01
1788 0 +1.525779693e-01 -4.897742203e+01 -4.897742203e+01 +2.7485e+00 +1.2830e+00 +3.3042e+00 +8.7557e-01 +5.6287e-01
1794 0 +1.145986304e-01 -4.901540137e+01 -4.901540137e+01 +2.8111e+00 +1.2830e+00 +3.3042e+00 +8.7557e-01 +6.2541e-01
1804 0 +1.108058087e-01 -4.901919419e+01 -4.901919419e+01 +2.8736e+00 +1.2830e+00 +3.3042e+00 +8.7557e-01 +6.2541e-01
1812 0 +9.813782660e-02 -4.903186217e+01 -4.903186217e+01 +2.8736e+00 +1.3456e+00 +3.3042e+00 +8.1303e-01 +6.8795e-01
1814 0 +6.060282297e-02 -4.906939718e+01 -4.906939718e+01 +2.9361e+00 +1.3456e+00 +3.3042e+00 +8.1303e-01 +6.8795e-01
1826 0 +5.447202228e-02 -4.907552798e+01 -4.907552798e+01 +2.9987e+00 +1.4707e+00 +3.3042e+00 +8.1303e-01 +6.8795e-01
1829 0 +4.936095555e-02 -4.908063904e+01 -4.908063904e+01 +2.9987e+00 +1.4707e+00 +3.3042e+00 +7.5049e-01 +6.8795e-01
1856 0 +4.414281572e-02 -4.908585718e+01 -4.908585718e+01 +3.0612e+00 +1.6583e+00 +3.3042e+00 +6.8795e-01 +6.8795e-01
1892 0 +3.507864392e-02 -4.909492136e+01 -4.909492136e+01 +3.0925e+00 +1.6896e+00 +3.3667e+00 +6.8795e-01 +7.1922e-01
1894 0 +2.906119597e-02 -4.910093880e+01 -4.910093880e+01 +3.1238e+00 +1.6896e+00 +3.3667e+00 +6.8795e-01 +7.1922e-01
1904 0 +2.792467414e-02 -4.910207533e+01 -4.910207533e+01 +3.1550e+00 +1.7208e+00 +3.3667e+00 +6.8795e-01 +7.1922e-01
1912 0 +2.212546119e-02 -4.910787454e+01 -4.910787454e+01 +3.1550e+00 +1.7521e+00 +3.3667e+00 +6.5668e-01 +7.5049e-01
1914 0 +1.780673446e-02 -4.911219327e+01 -4.911219327e+01 +3.1863e+00 +1.7521e+00 +3.3667e+00 +6.5668e-01 +7.5049e-01
1916 0 +1.774549513e-02 -4.911225450e+01 -4.911225450e+01 +3.1863e+00 +1.7834e+00 +3.3667e+00 +6.5668e-01 +7.5049e-01
1929 0 +1.579180074e-02 -4.911420820e+01 -4.911420820e+01 +3.2176e+00 +1.8146e+00 +3.3667e+00 +5.9414e-01 +7.5049e-01
1934 0 +1.366355692e-02 -4.911633644e+01 -4.911633644e+01 +3.2488e+00 +1.8146e+00 +3.3667e+00 +5.9414e-01 +7.8176e-01
1939 0 +1.238110772e-02 -4.911761889e+01 -4.911761889e+01 +3.2488e+00 +1.8459e+00 +3.3354e+00 +5.6287e-01 +7.8176e-01
1966 0 +1.084185595e-02 -4.911915814e+01 -4.911915814e+01 +3.2801e+00 +1.9084e+00 +3.3354e+00 +5.3159e-01 +7.8176e-01
1969 0 +9.976269942e-03 -4.912002373e+01 -4.912002373e+01 +3.2801e+00 +1.9084e+00 +3.3354e+00 +5.0032e-01 +7.8176e-01
1994 0 +8.721762491e-03 -4.912127824e+01 -4.912127824e+01 +3.3114e+00 +1.9710e+00 +3.3354e+00 +4.6905e-01 +7.8176e-01
1999 0 +7.521095209e-03 -4.912247890e+01 -4.912247890e+01 +3.3114e+00 +2.0023e+00 +3.3354e+00 +4.3778e-01 +7.8176e-01
2002 0 +6.692743655e-03 -4.912330726e+01 -4.912330726e+01 +3.3114e+00 +2.0023e+00 +3.3354e+00 +4.3778e-01 +8.1303e-01
2004 0 +3.982008197e-03 -4.912601799e+01 -4.912601799e+01 +3.3426e+00 +2.0023e+00 +3.3354e+00 +4.3778e-01 +8.1303e-01
2024 0 +3.879025143e-03 -4.912612097e+01 -4.912612097e+01 +3.3583e+00 +2.0023e+00 +3.3354e+00 +4.3778e-01 +8.1303e-01
2049 0 +3.539747290e-03 -4.912646025e+01 -4.912646025e+01 +3.3739e+00 +2.0335e+00 +3.3198e+00 +3.9088e-01 +8.2866e-01
2064 0 +2.681215595e-03 -4.912731878e+01 -4.912731878e+01 +3.4052e+00 +2.0492e+00 +3.3198e+00 +3.7524e-01 +8.4430e-01
2074 0 +2.408616509e-03 -4.912759138e+01 -4.912759138e+01 +3.4208e+00 +2.0648e+00 +3.3198e+00 +3.5961e-01 +8.4430e-01
2076 0 +2.216205418e-03 -4.912778379e+01 -4.912778379e+01 +3.4208e+00 +2.0804e+00 +3.3198e+00 +3.5961e-01 +8.4430e-01
2084 0 +1.408586457e-03 -4.912859141e+01 -4.912859141e+01 +3.4365e+00 +2.0804e+00 +3.3198e+00 +3.4397e-01 +8.5993e-01
2087 0 +1.239427971e-03 -4.912876057e+01 -4.912876057e+01 +3.4365e+00 +2.0961e+00 +3.3042e+00 +3.4397e-01 +8.5993e-01
2099 0 +1.100361872e-03 -4.912889964e+01 -4.912889964e+01 +3.4365e+00 +2.1117e+00 +3.3042e+00 +3.1270e-01 +8.5993e-01
2109 0 +9.934275859e-04 -4.912900657e+01 -4.912900657e+01 +3.4521e+00 +2.1273e+00 +3.3042e+00 +2.9707e-01 +8.5993e-01
2116 0 +8.872582981e-04 -4.912911274e+01 -4.912911274e+01 +3.4677e+00 +2.1430e+00 +3.3042e+00 +2.9707e-01 +8.7557e-01
2149 0 +7.560380958e-04 -4.912924396e+01 -4.912924396e+01 +3.4834e+00 +2.1742e+00 +3.2885e+00 +2.5016e-01 +8.7557e-01
2154 0 +4.807620243e-04 -4.912951924e+01 -4.912951924e+01 +3.4990e+00 +2.1742e+00 +3.2885e+00 +2.5016e-01 +8.9120e-01
2164 0 +3.982820690e-04 -4.912960172e+01 -4.912960172e+01 +3.5146e+00 +2.1899e+00 +3.2885e+00 +2.3453e-01 +8.9120e-01
2166 0 +3.624236163e-04 -4.912963758e+01 -4.912963758e+01 +3.5146e+00 +2.2055e+00 +3.2885e+00 +2.3453e-01 +8.9120e-01
2169 0 +3.478042513e-04 -4.912965220e+01 -4.912965220e+01 +3.5146e+00 +2.2055e+00 +3.2885e+00 +2.1889e-01 +8.9120e-01
2204 0 +3.021835834e-04 -4.912969782e+01 -4.912969782e+01 +3.5225e+00 +2.2368e+00 +3.2885e+00 +2.1889e-01 +8.9120e-01
2212 0 +2.815189708e-04 -4.912971848e+01 -4.912971848e+01 +3.5225e+00 +2.2446e+00 +3.2885e+00 +2.1107e-01 +8.9902e-01
2214 0 +2.495279582e-04 -4.912975047e+01 -4.912975047e+01 +3.5303e+00 +2.2446e+00 +3.2885e+00 +2.1107e-01 +8.9902e-01
2244 0 +2.235899771e-04 -4.912977641e+01 -4.912977641e+01 +3.5459e+00 +2.2602e+00 +3.2885e+00 +1.9544e-01 +8.9902e-01
2252 0 +1.959803012e-04 -4.912980402e+01 -4.912980402e+01 +3.5459e+00 +2.2681e+00 +3.2885e+00 +1.8762e-01 +9.0684e-01
2254 0 +1.725804273e-04 -4.912982742e+01 -4.912982742e+01 +3.5537e+00 +2.2681e+00 +3.2885e+00 +1.8762e-01 +9.0684e-01
2266 0 +1.524991947e-04 -4.912984750e+01 -4.912984750e+01 +3.5615e+00 +2.2837e+00 +3.2885e+00 +1.7980e-01 +9.0684e-01
2274 0 +1.187719775e-04 -4.912988123e+01 -4.912988123e+01 +3.5694e+00 +2.2837e+00 +3.2885e+00 +1.7199e-01 +9.1466e-01
2279 0 +1.072987202e-04 -4.912989270e+01 -4.912989270e+01 +3.5694e+00 +2.2915e+00 +3.2807e+00 +1.6417e-01 +9.1466e-01
2296 0 +9.706809887e-05 -4.912990293e+01 -4.912990293e+01 +3.5772e+00 +2.3071e+00 +3.2807e+00 +1.5635e-01 +9.1466e-01
2304 0 +7.642975840e-05 -4.912992357e+01 -4.912992357e+01 +3.5850e+00 +2.3071e+00 +3.2807e+00 +1.4853e-01 +9.2247e-01
2314 0 +6.807440339e-05 -4.912993193e+01 -4.912993193e+01 +3.5928e+00 +2.3150e+00 +3.2807e+00 +1.4072e-01 +9.2247e-01
2319 0 +6.221210262e-05 -4.912993779e+01 -4.912993779e+01 +3.5928e+00 +2.3228e+00 +3.2807e+00 +1.3290e-01 +9.2247e-01
2344 0 +5.547297966e-05 -4.912994453e+01 -4.912994453e+01 +3.6006e+00 +2.3384e+00 +3.2807e+00 +1.3290e-01 +9.2247e-01
2356 0 +4.963289101e-05 -4.912995037e+01 -4.912995037e+01 +3.6006e+00 +2.3540e+00 +3.2885e+00 +1.3290e-01 +9.2247e-01
2369 0 +4.054961237e-05 -4.912995945e+01 -4.912995945e+01 +3.6084e+00 +2.3619e+00 +3.2885e+00 +1.2508e-01 +9.2247e-01
2376 0 +3.856006036e-05 -4.912996144e+01 -4.912996144e+01 +3.6084e+00 +2.3697e+00 +3.2885e+00 +1.2508e-01 +9.2247e-01
2396 0 +3.360176945e-05 -4.912996640e+01 -4.912996640e+01 +3.6163e+00 +2.3853e+00 +3.2885e+00 +1.1726e-01 +9.2247e-01
2414 0 +3.160106785e-05 -4.912996840e+01 -4.912996840e+01 +3.6241e+00 +2.3931e+00 +3.2964e+00 +1.1726e-01 +9.2247e-01
2424 0 +2.496767886e-05 -4.912997503e+01 -4.912997503e+01 +3.6319e+00 +2.4010e+00 +3.2964e+00 +1.0945e-01 +9.3029e-01
2454 0 +2.225982491e-05 -4.912997774e+01 -4.912997774e+01 +3.6475e+00 +2.4244e+00 +3.3042e+00 +1.0945e-01 +9.3029e-01
2459 0 +1.808592017e-05 -4.912998191e+01 -4.912998191e+01 +3.6475e+00 +2.4322e+00 +3.3042e+00 +1.0163e-01 +9.3029e-01
2466 0 +1.673138299e-05 -4.912998327e+01 -4.912998327e+01 +3.6475e+00 +2.4400e+00 +3.3042e+00 +1.0163e-01 +9.3029e-01
2476 0 +1.494653291e-05 -4.912998505e+01 -4.912998505e+01 +3.6475e+00 +2.4479e+00 +3.3042e+00 +9.3811e-02 +9.3029e-01
2486 0 +1.287731547e-05 -4.912998712e+01 -4.912998712e+01 +3.6553e+00 +2.4557e+00 +3.3042e+00 +9.3811e-02 +9.3029e-01
2489 0 +1.089358338e-05 -4.912998911e+01 -4.912998911e+01 +3.6553e+00 +2.4557e+00 +3.3042e+00 +8.5993e-02 +9.3029e-01
2496 0 +9.774639238e-06 -4.912999023e+01 -4.912999023e+01 +3.6553e+00 +2.4635e+00 +3.3042e+00 +8.5993e-02 +9.3029e-01
2526 0 +8.766740407e-06 -4.912999123e+01 -4.912999123e+01 +3.6593e+00 +2.4713e+00 +3.3042e+00 +8.2084e-02 +9.3029e-01
2534 0 +6.934367413e-06 -4.912999307e+01 -4.912999307e+01 +3.6632e+00 +2.4713e+00 +3.3081e+00 +8.2084e-02 +9.3420e-01
2574 0 +5.677669037e-06 -4.912999432e+01 -4.912999432e+01 +3.6749e+00 +2.4869e+00 +3.3081e+00 +7.0358e-02 +9.3811e-01
2576 0 +5.543201176e-06 -4.912999446e+01 -4.912999446e+01 +3.6749e+00 +2.4909e+00 +3.3081e+00 +7.0358e-02 +9.3811e-01
2589 0 +4.812804875e-06 -4.912999519e+01 -4.912999519e+01 +3.6749e+00 +2.4948e+00 +3.3042e+00 +6.2541e-02 +9.3811e-01
2596 0 +4.266031361e-06 -4.912999573e+01 -4.912999573e+01 +3.6788e+00 +2.4987e+00 +3.3042e+00 +6.2541e-02 +9.3811e-01
2602 0 +3.674614398e-06 -4.912999633e+01 -4.912999633e+01 +3.6788e+00 +2.4987e+00 +3.3042e+00 +5.8632e-02 +9.4202e-01
2604 0 +2.305251797e-06 -4.912999769e+01 -4.912999769e+01 +3.6827e+00 +2.4987e+00 +3.3042e+00 +5.8632e-02 +9.4202e-01
2614 0 +2.145827061e-06 -4.912999785e+01 -4.912999785e+01 +3.6866e+00 +2.5026e+00 +3.3042e+00 +5.8632e-02 +9.4202e-01
2626 0 +1.987550675e-06 -4.912999801e+01 -4.912999801e+01 +3.6866e+00 +2.5104e+00 +3.3081e+00 +5.8632e-02 +9.4202e-01
2639 0 +1.743275654e-06 -4.912999826e+01 -4.912999826e+01 +3.6905e+00 +2.5143e+00 +3.3081e+00 +5.4723e-02 +9.4202e-01
2686 0 +1.560012429e-06 -4.912999844e+01 -4.912999844e+01 +3.6983e+00 +2.5339e+00 +3.3120e+00 +5.0814e-02 +9.4202e-01
2716 0 +1.352469525e-06 -4.912999865e+01 -4.912999865e+01 +3.7023e+00 +2.5456e+00 +3.3120e+00 +4.2997e-02 +9.4202e-01
2722 0 +1.228369442e-06 -4.912999877e+01 -4.912999877e+01 +3.7023e+00 +2.5456e+00 +3.3120e+00 +3.9088e-02 +9.4593e-01
2724 0 +6.584111247e-07 -4.912999934e+01 -4.912999934e+01 +3.7062e+00 +2.5456e+00 +3.3120e+00 +3.9088e-02 +9.4593e-01
2734 0 +6.281782561e-07 -4.912999937e+01 -4.912999937e+01 +3.7101e+00 +2.5495e+00 +3.3120e+00 +3.9088e-02 +9.4593e-01
2746 0 +5.566928039e-07 -4.912999944e+01 -4.912999944e+01 +3.7101e+00 +2.5573e+00 +3.3159e+00 +3.9088e-02 +9.4593e-01
2759 0 +4.597199137e-07 -4.912999954e+01 -4.912999954e+01 +3.7140e+00 +2.5612e+00 +3.3159e+00 +3.5179e-02 +9.4593e-01
2766 0 +4.396991713e-07 -4.912999956e+01 -4.912999956e+01 +3.7140e+00 +2.5651e+00 +3.3159e+00 +3.5179e-02 +9.4593e-01
2824 0 +3.906523602e-07 -4.912999961e+01 -4.912999961e+01 +3.7179e+00 +2.5710e+00 +3.3179e+00 +3.3225e-02 +9.4593e-01
2832 0 +3.300262890e-07 -4.912999967e+01 -4.912999967e+01 +3.7179e+00 +2.5729e+00 +3.3179e+00 +3.1270e-02 +9.4788e-01
2834 0 +2.585604122e-07 -4.912999974e+01 -4.912999974e+01 +3.7198e+00 +2.5729e+00 +3.3179e+00 +3.1270e-02 +9.4788e-01
2844 0 +2.354071285e-07 -4.912999976e+01 -4.912999976e+01 +3.7218e+00 +2.5749e+00 +3.3179e+00 +2.9316e-02 +9.4788e-01
2856 0 +2.166465904e-07 -4.912999978e+01 -4.912999978e+01 +3.7218e+00 +2.5788e+00 +3.3179e+00 +2.7361e-02 +9.4788e-01
2886 0 +1.993985776e-07 -4.912999980e+01 -4.912999980e+01 +3.7238e+00 +2.5847e+00 +3.3198e+00 +2.7361e-02 +9.4788e-01
2916 0 +1.771672231e-07 -4.912999982e+01 -4.912999982e+01 +3.7277e+00 +2.5905e+00 +3.3218e+00 +2.7361e-02 +9.4788e-01
2924 0 +1.150819458e-07 -4.912999988e+01 -4.912999988e+01 +3.7296e+00 +2.5905e+00 +3.3218e+00 +2.5407e-02 +9.4983e-01
2944 0 +1.091781954e-07 -4.912999989e+01 -4.912999989e+01 +3.7306e+00 +2.5905e+00 +3.3218e+00 +2.5407e-02 +9.4983e-01
2952 0 +9.391465028e-08 -4.912999991e+01 -4.912999991e+01 +3.7306e+00 +2.5915e+00 +3.3218e+00 +2.4430e-02 +9.5081e-01
2954 0 +7.741412844e-08 -4.912999992e+01 -4.912999992e+01 +3.7316e+00 +2.5915e+00 +3.3218e+00 +2.4430e-02 +9.5081e-01
2959 0 +7.010036995e-08 -4.912999993e+01 -4.912999993e+01 +3.7316e+00 +2.5925e+00 +3.3208e+00 +2.3453e-02 +9.5081e-01
2964 0 +5.760317379e-08 -4.912999994e+01 -4.912999994e+01 +3.7325e+00 +2.5925e+00 +3.3208e+00 +2.3453e-02 +9.5179e-01
2969 0 +5.622126764e-08 -4.912999994e+01 -4.912999994e+01 +3.7325e+00 +2.5925e+00 +3.3208e+00 +2.2476e-02 +9.5179e-01
2994 0 +4.988763180e-08 -4.912999995e+01 -4.912999995e+01 +3.7345e+00 +2.5944e+00 +3.3208e+00 +2.0521e-02 +9.5179e-01
3009 0 +4.385804431e-08 -4.912999996e+01 -4.912999996e+01 +3.7355e+00 +2.5964e+00 +3.3198e+00 +1.8567e-02 +9.5277e-01
3029 0 +3.899711487e-08 -4.912999996e+01 -4.912999996e+01 +3.7365e+00 +2.5983e+00 +3.3198e+00 +1.6612e-02 +9.5277e-01
3034 0 +2.755460571e-08 -4.912999997e+01 -4.912999997e+01 +3.7374e+00 +2.5983e+00 +3.3198e+00 +1.6612e-02 +9.5374e-01
3044 0 +2.297025503e-08 -4.912999998e+01 -4.912999998e+01 +3.7384e+00 +2.5993e+00 +3.3198e+00 +1.5635e-02 +9.5374e-01
3046 0 +2.094181895e-08 -4.912999998e+01 -4.912999998e+01 +3.7384e+00 +2.6003e+00 +3.3198e+00 +1.5635e-02 +9.5374e-01
3056 0 +1.905358005e-08 -4.912999998e+01 -4.912999998e+01 +3.7384e+00 +2.6013e+00 +3.3198e+00 +1.4658e-02 +9.5374e-01
3074 0 +1.748014000e-08 -4.912999998e+01 -4.912999998e+01 +3.7394e+00 +2.6023e+00 +3.3198e+00 +1.4658e-02 +9.5374e-01
3079 0 +1.530916904e-08 -4.912999998e+01 -4.912999998e+01 +3.7394e+00 +2.6032e+00 +3.3198e+00 +1.3681e-02 +9.5374e-01
3084 0 +1.227053303e-08 -4.912999999e+01 -4.912999999e+01 +3.7404e+00 +2.6032e+00 +3.3198e+00 +1.3681e-02 +9.5472e-01
3126 0 +1.107885339e-08 -4.912999999e+01 -4.912999999e+01 +3.7423e+00 +2.6081e+00 +3.3198e+00 +1.0749e-02 +9.5472e-01
3166 0 +9.913215138e-09 -4.912999999e+01 -4.912999999e+01 +3.7428e+00 +2.6106e+00 +3.3198e+00 +9.7720e-03 +9.5472e-01
4054 0 +9.237055565e-13 -4.913000000e+01 -4.913000000e+01 +3.7583e+00 +2.6357e+00 +3.3226e+00 -3.4813e-03 +9.5918e-01
50000 0 +1.705302566e-13 -4.913000000e+01 -4.913000000e+01 +3.7590e+00 +2.6373e+00 +3.3230e+00 -3.8477e-03 +9.5924e-01
% f evaluations | g evaluations | best noise-free fitness - Fopt (2.977300000000e+02) + sum g_i+ | measured fitness | best measured fitness or single-digit g-values | x1 | x2...
1 0 +4.678244042e+01 +3.445124404e+02 +3.445124404e+02 +0.0000e+00 +0.0000e+00 +0.0000e+00 +0.0000e+00 +0.0000e+00
2 0 +3.711743893e+01 +3.348474389e+02 +3.348474389e+02 -2.7186e+00 -7.1789e-01 +5.1803e-01 +6.4926e-01 -1.3468e+00
3 0 +2.939030350e+01 +3.271203035e+02 +3.271203035e+02 -4.4739e+00 +1.5168e-01 -3.7521e-01 -1.9934e-02 -1.0121e+00
22 0 +2.767833555e+01 +3.254083355e+02 +3.254083355e+02 -3.2455e+00 +1.0875e+00 -2.9821e-01 +6.1733e-01 -7.8147e-01
36 0 +1.836951427e+01 +3.160995143e+02 +3.160995143e+02 +1.3839e+00 +1.5168e-01 -3.7521e-01 -1.9934e-02 -1.0121e+00
79 0 +1.462447369e+01 +3.123544737e+02 +3.123544737e+02 -4.5647e-01 -3.1255e+00 +1.0681e+00 -6.1863e-01 +6.9183e-01
442 0 +1.273436162e+01 +3.104643616e+02 +3.104643616e+02 -3.3089e-01 -9.4833e-01 +7.7425e-01 -4.4843e-01 +5.0149e-01
535 0 +9.977850727e+00 +3.077078507e+02 +3.077078507e+02 -5.4885e-01 -2.0993e+00 +5.6959e-01 -1.4798e+00 +6.7149e-01
1393 0 +8.897842938e+00 +3.066278429e+02 +3.066278429e+02 -2.0904e-01 -1.8826e+00 +1.2245e+00 +2.4502e-01 +2.5576e-01
1669 0 +7.783443849e+00 +3.055134438e+02 +3.055134438e+02 -5.0032e-01 -1.8903e+00 +1.5079e+00 -5.0032e-01 +8.0865e-01
50000 0 +7.271629194e+00 +3.050016292e+02 +3.050016292e+02 -3.8028e-01 -1.9283e+00 +1.1295e+00 -5.0632e-01 +6.5513e-01
% f evaluations | g evaluations | best noise-free fitness - Fopt (5.157000000000e+01) + sum g_i+ | measured fitness | best measured fitness or single-digit g-values | x1 | x2...
1 0 +7.372267219e+01 +1.252926722e+02 +1.252926722e+02 +0.0000e+00 +0.0000e+00 +0.0000e+00 +0.0000e+00 +0.0000e+00
2 0 +7.088548146e+01 +1.224554815e+02 +1.224554815e+02 -2.7186e+00 -7.1789e-01 +5.1803e-01 +6.4926e-01 -1.3468e+00
4 0 +6.040702347e+01 +1.119770235e+02 +1.119770235e+02 -1.8967e+00 +9.1297e-01 +7.7507e-02 +1.3232e+00 +5.4876e-01
7 0 +5.575262249e+01 +1.073226225e+02 +1.073226225e+02 -3.6861e+00 +1.1446e+00 +7.8578e-01 +8.8747e-01 +9.2636e-01
84 0 +2.629565127e+01 +7.786565127e+01 +7.786565127e+01 +5.2340e-01 -3.6874e+00 -4.1601e-01 -4.3742e-01 -1.3703e+00
108 0 +1.867271525e+01 +7.024271525e+01 +7.024271525e+01 +1.0641e+00 +2.8215e+00 -7.9189e-01 -7.7712e-01 +6.1322e-01
612 0 +1.283596555e+01 +6.440596555e+01 +6.440596555e+01 +3.7940e-01 -3.4787e+00 -3.0155e-01 -3.1707e-01 -3.1164e+00
744 0 +1.229746873e+01 +6.386746873e+01 +6.386746873e+01 +2.7502e-01 -4.8665e+00 -2.1859e-01 -2.2984e-01 -2.8431e+00
1200 0 +1.035357782e+01 +6.192357782e+01 +6.192357782e+01 +1.3314e-01 -4.1772e+00 -6.7100e-01 -1.2628e+00 -2.3397e+00
1208 0 +8.876651363e+00 +6.044665136e+01 +6.044665136e+01 +2.6960e-01 -4.5078e+00 -1.7151e-01 -1.1479e+00 -2.8068e+00
1673 0 +7.675937611e+00 +5.924593761e+01 +5.924593761e+01 +5.0032e-01 -4.4679e+00 -1.0006e+00 -1.1156e+00 -2.9318e+00
50000 0 +7.271629194e+00 +5.884162919e+01 +5.884162919e+01 +5.5845e-01 -4.3518e+00 -7.5798e-01 -1.0461e+00 -3.2160e+00
% f evaluations | g evaluations | best noise-free fitness - Fopt (8.200000000000e+00) + sum g_i+ | measured fitness | best measured fitness or single-digit g-values | x1 | x2...
1 0 +6.753337247e+01 +7.573337247e+01 +7.573337247e+01 +0.0000e+00 +0.0000e+00 +0.0000e+00 +0.0000e+00 +0.0000e+00
32 0 +6.389875587e+01 +7.209875587e+01 +7.209875587e+01 -3.0775e+00 -9.7011e-01 -1.5687e+00 -4.5553e-01 -5.0379e-02
57 0 +4.355638011e+01 +5.175638011e+01 +5.175638011e+01 +3.4111e+00 +2.6386e-01 -6.5944e-01 -1.6050e+00 +8.0055e-02
77 0 +3.482368556e+01 +4.302368556e+01 +4.302368556e+01 +3.4981e-01 -1.5350e+00 +3.5766e-01 +1.0860e+00 +1.0810e-01
240 0 +2.205400811e+01 +3.025400811e+01 +3.025400811e+01 +1.0641e+00 -1.0740e-01 -7.9189e-01 +2.1518e+00 +6.1322e-01
302 0 +1.821745229e+01 +2.641745229e+01 +2.641745229e+01 -7.1842e-01 +3.0830e-01 -8.0168e-01 +7.3443e-01 +2.8872e+00
322 0 +1.765588693e+01 +2.585588693e+01 +2.585588693e+01 -4.9865e-01 +2.1912e-01 +2.0579e-02 +1.5085e+00 +2.7035e+00
488 0 +1.365487649e+01 +2.185487649e+01 +2.185487649e+01 -6.5770e-01 +1.1520e-01 -1.9817e+00 +8.7342e-01 +3.4656e+00
493 0 +1.142861453e+01 +1.962861453e+01 +1.962861453e+01 -4.5955e-01 -6.7722e-01 -2.2789e+00 +1.1794e+00 +3.1027e+00
789 0 +1.064662618e+01 +1.884662618e+01 +1.884662618e+01 +1.0916e-01 +1.2783e+00 -5.6159e-01 +2.1936e+00 +2.7148e+00
791 0 +9.879184437e+00 +1.807918444e+01 +1.807918444e+01 -7.8078e-02 +1.0292e+00 -8.2426e-01 +1.8838e+00 +2.9025e+00
1807 0 +8.906585862e+00 +1.710658586e+01 +1.710658586e+01 -1.8762e-01 +6.6780e-01 -8.0287e-01 +1.8104e+00 +2.7413e+00
50000 0 +8.742750532e+00 +1.694275053e+01 +1.694275053e+01 -4.6645e-01 +5.7518e-01 -1.2745e+00 +1.6015e+00 +3.2964e+00
% f evaluations | g evaluations | best noise-free fitness - Fopt (-9.986000000000e+01) + sum g_i+ | measured fitness | best measured fitness or single-digit g-values | x1 | x2...
1 0 +7.929402508e+01 -2.056597492e+01 -2.056597492e+01 +0.0000e+00 +0.0000e+00 +0.0000e+00 +0.0000e+00 +0.0000e+00
2 0 +6.888664494e+01 -3.097335506e+01 -3.097335506e+01 -2.7186e+00 -7.1789e-01 +5.1803e-01 +6.4926e-01 -1.3468e+00
7 0 +6.143101232e+01 -3.842898768e+01 -3.842898768e+01 -3.6861e+00 +1.1446e+00 +7.8578e-01 +8.8747e-01 +9.2636e-01
13 0 +4.966835905e+01 -5.019164095e+01 -5.019164095e+01 -3.3854e+00 -1.9659e-01 +1.0681e+00 -6.1863e-01 +6.9183e-01
201 0 +1.534574387e+01 -8.451425613e+01 -8.451425613e+01 -1.5450e+00 +1.5168e-01 -3.7521e-01 -2.9489e+00 -1.0121e+00
342 0 +1.187468299e+01 -8.798531701e+01 -8.798531701e+01 -1.8697e+00 +5.5325e-01 -1.2770e+00 -3.2091e+00 -4.1223e-01
354 0 +8.124241693e+00 -9.173575831e+01 -9.173575831e+01 -1.7736e+00 +1.9126e-01 -4.7801e-01 -4.0923e+00 +5.8030e-02
531 0 +5.820272178e+00 -9.403972782e+01 -9.403972782e+01 -1.1199e+00 +1.0995e-01 -2.7198e-01 -5.0665e+00 -7.3365e-01
870 0 +2.388815450e+00 -9.747118455e+01 -9.747118455e+01 -1.9394e+00 +4.0104e-01 -9.2568e-01 -4.6710e+00 -2.9881e-01
1142 0 +2.143470079e+00 -9.771652992e+01 -9.771652992e+01 -1.8535e+00 -3.9904e-02 -1.2871e+00 -4.5002e+00 -6.8367e-01
1266 0 +1.095077736e+00 -9.876492226e+01 -9.876492226e+01 -1.9900e+00 +2.9070e-01 -6.7100e-01 -4.6151e+00 -1.3322e+00
1479 0 +9.707913373e-01 -9.888920866e+01 -9.888920866e+01 -2.0410e+00 +3.3667e-01 -1.0821e+00 -4.6151e+00 -1.3287e+00
1669 0 +8.686644619e-01 -9.899133554e+01 -9.899133554e+01 -2.1231e+00 +5.0032e-01 -8.0865e-01 -4.9682e+00 -1.1156e+00
1703 0 +7.775008921e-01 -9.908249911e+01 -9.908249911e+01 -1.9980e+00 +5.0032e-01 -8.0865e-01 -4.7181e+00 -1.1156e+00
1711 0 +6.966180876e-01 -9.916338191e+01 -9.916338191e+01 -1.9980e+00 +5.0032e-01 -9.3373e-01 -4.8432e+00 -1.2407e+00
50000 0 +6.918569112e-01 -9.916814309e+01 -9.916814309e+01 -1.9707e+00 +4.7923e-01 -9.0257e-01 -4.8334e+00 -1.2365e+00
% f evaluations | g evaluations | best noise-free fitness - Fopt (1.890500000000e+02) + sum g_i+ | measured fitness | best measured fitness or single-digit g-values | x1 | x2...
1 0 +6.472688866e+01 +2.537768887e+02 +2.537768887e+02 +0.0000e+00 +0.0000e+00 +0.0000e+00 +0.0000e+00 +0.0000e+00
17 0 +5.145021047e+01 +2.405002105e+02 +2.405002105e+02 -1.7866e+00 -7.0682e-01 +2.6228e-01 +1.0349e+00 -5.1176e-01
50 0 +3.966211668e+01 +2.287121167e+02 +2.287121167e+02 +4.0712e+00 -7.0682e-01 +2.6228e-01 +1.0349e+00 -5.1176e-01
52 0 +3.195018303e+01 +2.210001830e+02 +2.210001830e+02 +3.9360e+00 -9.7069e-01 +2.5837e-02 +9.9415e-01 +9.2340e-01
68 0 +3.286312829e+00 +1.923363128e+02 +1.923363128e+02 +2.1034e-01 -3.6468e+00 +5.1803e-01 +6.4926e-01 -1.3468e+00
366 0 +2.889332420e+00 +1.919393324e+02 +1.919393324e+02 +1.0032e+00 -2.8190e+00 -2.7198e-01 -1.4450e-02 -7.3365e-01
503 0 +1.505759863e+00 +1.905557599e+02 +1.905557599e+02 +1.1778e+00 -3.1524e+00 +1.8414e+00 -4.4754e-01 +3.3877e-01
759 0 +4.791010468e-01 +1.895291010e+02 +1.895291010e+02 +6.6561e-01 -4.4189e+00 +2.4931e+00 -1.8798e-01 -4.4612e-01
1060 0 +1.878428371e-01 +1.892378428e+02 +1.892378428e+02 +3.9316e-01 -3.6968e+00 +3.6916e+00 +5.0396e-01 +2.0901e-01
1064 0 +1.723248859e-01 +1.892223249e+02 +1.892223249e+02 +6.1888e-01 -4.1619e+00 +3.5141e+00 -2.3516e-01 +1.7800e-01
1137 0 +4.214718158e-02 +1.890921472e+02 +1.890921472e+02 +4.5043e-01 -3.1269e+00 +2.2840e+00 +4.8712e-01 -1.0861e-01
1704 0 +2.472392872e-02 +1.890747239e+02 +1.890747239e+02 +2.5016e-01 -3.5442e+00 +3.1618e+00 +5.5848e-01 +0.0000e+00
1726 0 +1.678033364e-02 +1.890667803e+02 +1.890667803e+02 +1.2508e-01 -3.4191e+00 +3.1618e+00 +5.5848e-01 +0.0000e+00
1727 0 +1.272990194e-02 +1.890627299e+02 +1.890627299e+02 +1.2508e-01 -3.4191e+00 +3.0367e+00 +5.5848e-01 +0.0000e+00
1744 0 +9.719204037e-03 +1.890597192e+02 +1.890597192e+02 +1.8762e-01 -3.4191e+00 +3.0367e+00 +5.5848e-01 +0.0000e+00
1749 0 +5.657855741e-03 +1.890556579e+02 +1.890556579e+02 +1.8762e-01 -3.4191e+00 +3.0367e+00 +4.9594e-01 +0.0000e+00
1757 0 +3.848739421e-03 +1.890538487e+02 +1.890538487e+02 +1.8762e-01 -3.4191e+00 +2.9741e+00 +4.9594e-01 +0.0000e+00
1787 0 +3.378492597e-03 +1.890533785e+02 +1.890533785e+02 +2.1889e-01 -3.4191e+00 +2.9429e+00 +4.6467e-01 +0.0000e+00
1799 0 +1.974007516e-03 +1.890519740e+02 +1.890519740e+02 +2.5016e-01 -3.4191e+00 +2.9116e+00 +4.3340e-01 +0.0000e+00
1809 0 +1.459535453e-03 +1.890514595e+02 +1.890514595e+02 +2.5016e-01 -3.4191e+00 +2.8803e+00 +4.0213e-01 +0.0000e+00
1814 0 +1.204307403e-03 +1.890512043e+02 +1.890512043e+02 +2.8143e-01 -3.4191e+00 +2.8803e+00 +4.0213e-01 +0.0000e+00
1815 0 +1.096667253e-03 +1.890510967e+02 +1.890510967e+02 +2.8143e-01 -3.4504e+00 +2.8803e+00 +4.0213e-01 +0.0000e+00
1827 0 +9.474254042e-04 +1.890509474e+02 +1.890509474e+02 +2.8143e-01 -3.4504e+00 +2.8491e+00 +3.7086e-01 +0.0000e+00
1834 0 +8.745159330e-04 +1.890508745e+02 +1.890508745e+02 +3.1270e-01 -3.4504e+00 +2.8491e+00 +3.7086e-01 +0.0000e+00
1865 0 +7.752568501e-04 +1.890507753e+02 +1.890507753e+02 +3.2834e-01 -3.4660e+00 +2.8334e+00 +3.5523e-01 +0.0000e+00
1879 0 +7.071253535e-04 +1.890507071e+02 +1.890507071e+02 +3.2834e-01 -3.4816e+00 +2.8334e+00 +3.2396e-01 +0.0000e+00
1885 0 +5.679359041e-04 +1.890505679e+02 +1.890505679e+02 +3.4397e-01 -3.4973e+00 +2.8334e+00 +3.2396e-01 +0.0000e+00
1897 0 +5.080413179e-04 +1.890505080e+02 +1.890505080e+02 +3.5961e-01 -3.4973e+00 +2.8178e+00 +3.2396e-01 +0.0000e+00
1899 0 +3.971043699e-04 +1.890503971e+02 +1.890503971e+02 +3.5961e-01 -3.4973e+00 +2.8178e+00 +3.0832e-01 +0.0000e+00
1909 0 +3.451659759e-04 +1.890503452e+02 +1.890503452e+02 +3.5961e-01 -3.4973e+00 +2.8022e+00 +2.9269e-01 +0.0000e+00
1915 0 +2.904994842e-04 +1.890502905e+02 +1.890502905e+02 +3.7524e-01 -3.5129e+00 +2.8022e+00 +2.9269e-01 +0.0000e+00
1939 0 +2.609925403e-04 +1.890502610e+02 +1.890502610e+02 +3.8306e-01 -3.5129e+00 +2.7943e+00 +2.8487e-01 +0.0000e+00
1949 0 +2.464790664e-04 +1.890502465e+02 +1.890502465e+02 +3.8306e-01 -3.5129e+00 +2.7865e+00 +2.7705e-01 +0.0000e+00
1969 0 +2.199342225e-04 +1.890502199e+02 +1.890502199e+02 +3.9870e-01 -3.5285e+00 +2.7865e+00 +2.6142e-01 +0.0000e+00
1979 0 +1.958531655e-04 +1.890501959e+02 +1.890501959e+02 +4.0651e-01 -3.5285e+00 +2.7865e+00 +2.5360e-01 +7.8176e-03
1995 0 +1.757505718e-04 +1.890501758e+02 +1.890501758e+02 +4.1433e-01 -3.5442e+00 +2.7865e+00 +2.4578e-01 +7.8176e-03
2005 0 +1.578490416e-04 +1.890501578e+02 +1.890501578e+02 +4.2215e-01 -3.5520e+00 +2.7865e+00 +2.3796e-01 +7.8176e-03
2014 0 +1.407759191e-04 +1.890501408e+02 +1.890501408e+02 +4.2997e-01 -3.5520e+00 +2.7865e+00 +2.3015e-01 +1.5635e-02
2034 0 +1.221857940e-04 +1.890501222e+02 +1.890501222e+02 +4.3778e-01 -3.5598e+00 +2.7865e+00 +2.1451e-01 +1.5635e-02
2057 0 +1.118558429e-04 +1.890501119e+02 +1.890501119e+02 +4.4169e-01 -3.5676e+00 +2.7826e+00 +2.1451e-01 +1.5635e-02
2079 0 +9.982157283e-05 +1.890500998e+02 +1.890500998e+02 +4.4560e-01 -3.5754e+00 +2.7826e+00 +2.0278e-01 +1.5635e-02
2105 0 +8.848854279e-05 +1.890500885e+02 +1.890500885e+02 +4.5733e-01 -3.5833e+00 +2.7826e+00 +1.9497e-01 +1.9544e-02
2132 0 +7.936395781e-05 +1.890500794e+02 +1.890500794e+02 +4.6124e-01 -3.5911e+00 +2.7826e+00 +1.8324e-01 +2.3453e-02
2154 0 +6.962508820e-05 +1.890500696e+02 +1.890500696e+02 +4.7296e-01 -3.5950e+00 +2.7826e+00 +1.7542e-01 +2.7361e-02
2174 0 +6.296415819e-05 +1.890500630e+02 +1.890500630e+02 +4.7687e-01 -3.5989e+00 +2.7826e+00 +1.6761e-01 +2.7361e-02
2185 0 +5.540098917e-05 +1.890500554e+02 +1.890500554e+02 +4.8078e-01 -3.6067e+00 +2.7826e+00 +1.6370e-01 +2.7361e-02
2205 0 +4.908939604e-05 +1.890500491e+02 +1.890500491e+02 +4.8469e-01 -3.6106e+00 +2.7826e+00 +1.5588e-01 +3.1270e-02
2215 0 +4.441748652e-05 +1.890500444e+02 +1.890500444e+02 +4.8860e-01 -3.6145e+00 +2.7826e+00 +1.5197e-01 +3.1270e-02
2259 0 +3.925026877e-05 +1.890500393e+02 +1.890500393e+02 +4.9251e-01 -3.6204e+00 +2.7826e+00 +1.4611e-01 +3.1270e-02
2285 0 +3.493821023e-05 +1.890500349e+02 +1.890500349e+02 +4.9837e-01 -3.6263e+00 +2.7807e+00 +1.4220e-01 +3.1270e-02
2315 0 +3.160039688e-05 +1.890500316e+02 +1.890500316e+02 +5.0228e-01 -3.6321e+00 +2.7807e+00 +1.3634e-01 +3.1270e-02
2365 0 +2.802814930e-05 +1.890500280e+02 +1.890500280e+02 +5.1010e-01 -3.6419e+00 +2.7767e+00 +1.2656e-01 +3.1270e-02
2465 0 +2.497040251e-05 +1.890500250e+02 +1.890500250e+02 +5.2378e-01 -3.6595e+00 +2.7826e+00 +1.1093e-01 +3.5179e-02
2528 0 +2.219992945e-05 +1.890500222e+02 +1.890500222e+02 +5.3159e-01 -3.6693e+00 +2.7904e+00 +1.0116e-01 +4.1042e-02
2559 0 +1.994399005e-05 +1.890500199e+02 +1.890500199e+02 +5.3355e-01 -3.6751e+00 +2.7963e+00 +9.5293e-02 +4.2997e-02
2585 0 +1.721120222e-05 +1.890500172e+02 +1.890500172e+02 +5.3746e-01 -3.6810e+00 +2.7963e+00 +9.1384e-02 +4.2997e-02
2614 0 +1.581639390e-05 +1.890500158e+02 +1.890500158e+02 +5.4137e-01 -3.6829e+00 +2.7982e+00 +8.7476e-02 +4.4951e-02
2634 0 +1.394045742e-05 +1.890500139e+02 +1.890500139e+02 +5.4332e-01 -3.6868e+00 +2.7982e+00 +8.3567e-02 +4.4951e-02
2649 0 +1.217688430e-05 +1.890500122e+02 +1.890500122e+02 +5.4528e-01 -3.6908e+00 +2.7982e+00 +8.1612e-02 +4.4951e-02
2665 0 +1.087593432e-05 +1.890500109e+02 +1.890500109e+02 +5.4723e-01 -3.6947e+00 +2.7982e+00 +7.9658e-02 +4.4951e-02
2682 0 +9.908397487e-06 +1.890500099e+02 +1.890500099e+02 +5.4918e-01 -3.6966e+00 +2.7982e+00 +7.5749e-02 +4.6905e-02
2699 0 +8.846186773e-06 +1.890500088e+02 +1.890500088e+02 +5.5114e-01 -3.7005e+00 +2.8002e+00 +7.1841e-02 +4.6905e-02
2715 0 +7.932697486e-06 +1.890500079e+02 +1.890500079e+02 +5.5505e-01 -3.7044e+00 +2.8002e+00 +6.9886e-02 +4.6905e-02
2764 0 +7.058215004e-06 +1.890500071e+02 +1.890500071e+02 +5.6091e-01 -3.7103e+00 +2.8022e+00 +6.4023e-02 +4.8860e-02
2872 0 +6.296698103e-06 +1.890500063e+02 +1.890500063e+02 +5.7264e-01 -3.7298e+00 +2.8100e+00 +4.6433e-02 +5.4723e-02
2915 0 +5.480224019e-06 +1.890500055e+02 +1.890500055e+02 +5.7850e-01 -3.7377e+00 +2.8119e+00 +4.0570e-02 +5.4723e-02
2939 0 +5.005308367e-06 +1.890500050e+02 +1.890500050e+02 +5.8045e-01 -3.7396e+00 +2.8139e+00 +3.6661e-02 +5.6677e-02
2989 0 +4.396673461e-06 +1.890500044e+02 +1.890500044e+02 +5.8143e-01 -3.7465e+00 +2.8197e+00 +3.5684e-02 +5.6677e-02
3018 0 +3.943800010e-06 +1.890500039e+02 +1.890500039e+02 +5.8339e-01 -3.7484e+00 +2.8217e+00 +3.3730e-02 +5.8632e-02
3039 0 +3.504964980e-06 +1.890500035e+02 +1.890500035e+02 +5.8534e-01 -3.7494e+00 +2.8217e+00 +3.0798e-02 +5.9609e-02
3065 0 +3.084582346e-06 +1.890500031e+02 +1.890500031e+02 +5.8730e-01 -3.7523e+00 +2.8217e+00 +2.8844e-02 +5.9609e-02
3085 0 +2.801063971e-06 +1.890500028e+02 +1.890500028e+02 +5.8827e-01 -3.7543e+00 +2.8227e+00 +2.6889e-02 +6.0586e-02
3109 0 +2.497489362e-06 +1.890500025e+02 +1.890500025e+02 +5.9023e-01 -3.7562e+00 +2.8227e+00 +2.3958e-02 +6.0586e-02
3135 0 +2.230330693e-06 +1.890500022e+02 +1.890500022e+02 +5.9218e-01 -3.7592e+00 +2.8246e+00 +2.2003e-02 +6.2541e-02
3165 0 +1.989893462e-06 +1.890500020e+02 +1.890500020e+02 +5.9414e-01 -3.7621e+00 +2.8266e+00 +1.9072e-02 +6.3518e-02
3214 0 +1.775043756e-06 +1.890500018e+02 +1.890500018e+02 +5.9804e-01 -3.7660e+00 +2.8276e+00 +1.4186e-02 +6.4495e-02
3309 0 +1.581641243e-06 +1.890500016e+02 +1.890500016e+02 +6.0391e-01 -3.7758e+00 +2.8315e+00 +6.3684e-03 +6.6449e-02
3375 0 +1.411219927e-06 +1.890500014e+02 +1.890500014e+02 +6.0879e-01 -3.7816e+00 +2.8315e+00 +1.4824e-03 +6.7427e-02
3415 0 +1.257549400e-06 +1.890500013e+02 +1.890500013e+02 +6.1075e-01 -3.7855e+00 +2.8325e+00 -1.4492e-03 +6.7427e-02
3449 0 +1.117298780e-06 +1.890500011e+02 +1.890500011e+02 +6.1270e-01 -3.7875e+00 +2.8354e+00 -4.3808e-03 +6.9381e-02
3474 0 +9.976619424e-07 +1.890500010e+02 +1.890500010e+02 +6.1466e-01 -3.7895e+00 +2.8354e+00 -6.3352e-03 +7.0358e-02
3509 0 +8.801945910e-07 +1.890500009e+02 +1.890500009e+02 +6.1563e-01 -3.7924e+00 +2.8373e+00 -8.2896e-03 +7.0358e-02
3534 0 +7.792376095e-07 +1.890500008e+02 +1.890500008e+02 +6.1759e-01 -3.7943e+00 +2.8373e+00 -1.0244e-02 +7.1335e-02
3559 0 +7.028665721e-07 +1.890500007e+02 +1.890500007e+02 +6.1857e-01 -3.7963e+00 +2.8403e+00 -1.2198e-02 +7.2313e-02
3584 0 +6.300702751e-07 +1.890500006e+02 +1.890500006e+02 +6.2052e-01 -3.7982e+00 +2.8403e+00 -1.4153e-02 +7.3290e-02
3624 0 +5.590465264e-07 +1.890500006e+02 +1.890500006e+02 +6.2247e-01 -3.8012e+00 +2.8412e+00 -1.7084e-02 +7.3290e-02
3672 0 +4.982299799e-07 +1.890500005e+02 +1.890500005e+02 +6.2345e-01 -3.8051e+00 +2.8452e+00 -1.9039e-02 +7.5244e-02
3705 0 +4.414245325e-07 +1.890500004e+02 +1.890500004e+02 +6.2638e-01 -3.8080e+00 +2.8452e+00 -2.1970e-02 +7.5244e-02
3745 0 +3.919588778e-07 +1.890500004e+02 +1.890500004e+02 +6.2834e-01 -3.8110e+00 +2.8461e+00 -2.4902e-02 +7.6221e-02
3775 0 +3.486297828e-07 +1.890500003e+02 +1.890500003e+02 +6.3029e-01 -3.8139e+00 +2.8481e+00 -2.6856e-02 +7.7199e-02
3805 0 +3.100925596e-07 +1.890500003e+02 +1.890500003e+02 +6.3127e-01 -3.8168e+00 +2.8491e+00 -2.8811e-02 +7.7199e-02
3845 0 +2.798150547e-07 +1.890500003e+02 +1.890500003e+02 +6.3322e-01 -3.8188e+00 +2.8491e+00 -3.0277e-02 +7.7199e-02
3889 0 +2.499778304e-07 +1.890500002e+02 +1.890500002e+02 +6.3420e-01 -3.8202e+00 +2.8500e+00 -3.2720e-02 +7.8176e-02
3929 0 +2.233881560e-07 +1.890500002e+02 +1.890500002e+02 +6.3615e-01 -3.8222e+00 +2.8505e+00 -3.4674e-02 +7.8664e-02
3975 0 +1.994116587e-07 +1.890500002e+02 +1.890500002e+02 +6.3762e-01 -3.8246e+00 +2.8520e+00 -3.6628e-02 +7.9642e-02
4032 0 +1.775044325e-07 +1.890500002e+02 +1.890500002e+02 +6.3958e-01 -3.8271e+00 +2.8535e+00 -3.9560e-02 +8.1107e-02
4085 0 +1.568756716e-07 +1.890500002e+02 +1.890500002e+02 +6.4153e-01 -3.8300e+00 +2.8544e+00 -4.2003e-02 +8.1596e-02
4129 0 +1.404447687e-07 +1.890500001e+02 +1.890500001e+02 +6.4300e-01 -3.8320e+00 +2.8554e+00 -4.3957e-02 +8.2084e-02
4165 0 +1.256188966e-07 +1.890500001e+02 +1.890500001e+02 +6.4397e-01 -3.8339e+00 +2.8564e+00 -4.4934e-02 +8.2573e-02
4195 0 +1.121135540e-07 +1.890500001e+02 +1.890500001e+02 +6.4495e-01 -3.8354e+00 +2.8579e+00 -4.5912e-02 +8.3062e-02
4225 0 +9.906062814e-08 +1.890500001e+02 +1.890500001e+02 +6.4593e-01 -3.8364e+00 +2.8588e+00 -4.7377e-02 +8.4039e-02
4249 0 +8.751936775e-08 +1.890500001e+02 +1.890500001e+02 +6.4690e-01 -3.8373e+00 +2.8593e+00 -4.8843e-02 +8.4527e-02
4284 0 +7.865668294e-08 +1.890500001e+02 +1.890500001e+02 +6.4739e-01 -3.8388e+00 +2.8608e+00 -4.9332e-02 +8.5016e-02
4305 0 +6.970790878e-08 +1.890500001e+02 +1.890500001e+02 +6.4788e-01 -3.8403e+00 +2.8613e+00 -5.0309e-02 +8.5016e-02
4329 0 +6.229709015e-08 +1.890500001e+02 +1.890500001e+02 +6.4886e-01 -3.8412e+00 +2.8618e+00 -5.1775e-02 +8.5505e-02
4355 0 +5.619111221e-08 +1.890500001e+02 +1.890500001e+02 +6.4984e-01 -3.8427e+00 +2.8618e+00 -5.2752e-02 +8.5505e-02
4429 0 +4.979000323e-08 +1.890500000e+02 +1.890500000e+02 +6.5179e-01 -3.8452e+00 +2.8632e+00 -5.5195e-02 +8.6482e-02
4539 0 +4.423512223e-08 +1.890500000e+02 +1.890500000e+02 +6.5472e-01 -3.8496e+00 +2.8657e+00 -5.9104e-02 +8.7948e-02
4589 0 +3.960911954e-08 +1.890500000e+02 +1.890500000e+02 +6.5570e-01 -3.8515e+00 +2.8671e+00 -6.0570e-02 +8.8436e-02
4615 0 +3.462895393e-08 +1.890500000e+02 +1.890500000e+02 +6.5668e-01 -3.8525e+00 +2.8671e+00 -6.1547e-02 +8.8925e-02
4635 0 +3.156233674e-08 +1.890500000e+02 +1.890500000e+02 +6.5716e-01 -3.8535e+00 +2.8671e+00 -6.2035e-02 +8.8925e-02
4655 0 +2.800342713e-08 +1.890500000e+02 +1.890500000e+02 +6.5765e-01 -3.8539e+00 +2.8676e+00 -6.3013e-02 +8.9413e-02
4695 0 +2.440523872e-08 +1.890500000e+02 +1.890500000e+02 +6.5814e-01 -3.8559e+00 +2.8696e+00 -6.3013e-02 +8.9413e-02
4715 0 +2.222560624e-08 +1.890500000e+02 +1.890500000e+02 +6.5814e-01 -3.8569e+00 +2.8701e+00 -6.3501e-02 +8.9413e-02
4729 0 +1.977397801e-08 +1.890500000e+02 +1.890500000e+02 +6.5863e-01 -3.8569e+00 +2.8706e+00 -6.4478e-02 +8.9902e-02
4745 0 +1.724839649e-08 +1.890500000e+02 +1.890500000e+02 +6.5912e-01 -3.8579e+00 +2.8706e+00 -6.4967e-02 +8.9902e-02
4765 0 +1.572763608e-08 +1.890500000e+02 +1.890500000e+02 +6.5961e-01 -3.8588e+00 +2.8706e+00 -6.5456e-02 +8.9902e-02
4815 0 +1.403461170e-08 +1.890500000e+02 +1.890500000e+02 +6.6034e-01 -3.8596e+00 +2.8710e+00 -6.6188e-02 +9.0146e-02
4869 0 +1.254826998e-08 +1.890500000e+02 +1.890500000e+02 +6.6132e-01 -3.8605e+00 +2.8710e+00 -6.7654e-02 +9.0391e-02
5019 0 +1.118036153e-08 +1.890500000e+02 +1.890500000e+02 +6.6425e-01 -3.8640e+00 +2.8725e+00 -7.1319e-02 +9.1856e-02
5074 0 +9.891181207e-09 +1.890500000e+02 +1.890500000e+02 +6.6523e-01 -3.8652e+00 +2.8730e+00 -7.2540e-02 +9.2345e-02
50329 0 +5.371703082e-12 +1.890500000e+02 +1.890500000e+02 +6.8422e-01 -3.8932e+00 +2.8849e+00 -9.7031e-02 +9.9552e-02
% f evaluations | g evaluations | best noise-free fitness - Fopt (-2.680000000000e+01) + sum g_i+ | measured fitness | best measured fitness or single-digit g-values | x1 | x2...
1 0 +3.495211252e+01 +8.152112519e+00 +8.152112519e+00 +0.0000e+00 +0.0000e+00 +0.0000e+00 +0.0000e+00 +0.0000e+00
49 0 +2.514030357e+01 -1.659696434e+00 -1.659696434e+00 +1.6967e+00 -1.0947e+00 -8.8814e-01 +4.8023e-01 +1.3758e-01
70 0 +2.253923696e+01 -4.260763041e+00 -4.260763041e+00 +1.0322e+00 -2.0160e+00 +7.7507e-02 +1.3232e+00 +5.4876e-01
76 0 +6.661505784e+00 -2.013849422e+01 -2.013849422e+01 +1.0063e+00 -2.1935e+00 -9.0108e-01 +3.1434e-01 +1.5799e-01
408 0 +2.200425365e+00 -2.459957464e+01 -2.459957464e+01 +2.5338e-01 -1.5699e+00 -1.2770e+00 -2.8015e-01 +2.5167e+00
1807 0 +1.988988129e+00 -2.481101187e+01 -2.481101187e+01 +6.2541e-01 -1.2508e+00 -1.5010e+00 -5.0032e-01 +2.4131e+00
1835 0 +1.773378680e+00 -2.502662132e+01 -2.502662132e+01 +6.8795e-01 -1.3759e+00 -1.5635e+00 -6.2541e-01 +2.4757e+00
1841 0 +1.577107507e+00 -2.522289249e+01 -2.522289249e+01 +6.8795e-01 -1.3759e+00 -1.6261e+00 -6.2541e-01 +2.4131e+00
1847 0 +1.325639991e+00 -2.547436001e+01 -2.547436001e+01 +7.5049e-01 -1.4384e+00 -1.6886e+00 -6.2541e-01 +2.4131e+00
1855 0 +1.219149345e+00 -2.558085065e+01 -2.558085065e+01 +7.5049e-01 -1.5010e+00 -1.6886e+00 -6.8795e-01 +2.4131e+00
1857 0 +9.870985390e-01 -2.581290146e+01 -2.581290146e+01 +7.5049e-01 -1.5010e+00 -1.7511e+00 -6.8795e-01 +2.4131e+00
1865 0 +8.448393316e-01 -2.595516067e+01 -2.595516067e+01 +8.1303e-01 -1.5635e+00 -1.7511e+00 -6.8795e-01 +2.4131e+00
1867 0 +7.764012018e-01 -2.602359880e+01 -2.602359880e+01 +8.1303e-01 -1.5635e+00 -1.8137e+00 -6.8795e-01 +2.4131e+00
1877 0 +6.080554156e-01 -2.619194458e+01 -2.619194458e+01 +8.1303e-01 -1.6261e+00 -1.8762e+00 -7.5049e-01 +2.4131e+00
1885 0 +5.536776220e-01 -2.624632238e+01 -2.624632238e+01 +8.7557e-01 -1.6886e+00 -1.8762e+00 -7.5049e-01 +2.4131e+00
1904 0 +4.998283521e-01 -2.630017165e+01 -2.630017165e+01 +9.3811e-01 -1.7511e+00 -2.0013e+00 -8.1303e-01 +2.4757e+00
1927 0 +3.951820765e-01 -2.640481792e+01 -2.640481792e+01 +1.0006e+00 -1.8762e+00 -2.1889e+00 -9.3811e-01 +2.5382e+00
1935 0 +3.546771956e-01 -2.644532280e+01 -2.644532280e+01 +1.0632e+00 -1.9388e+00 -2.1889e+00 -9.3811e-01 +2.4757e+00
1937 0 +3.049887041e-01 -2.649501130e+01 -2.649501130e+01 +1.0632e+00 -1.9388e+00 -2.2515e+00 -9.3811e-01 +2.4757e+00
1952 0 +2.719962243e-01 -2.652800378e+01 -2.652800378e+01 +1.0632e+00 -1.9388e+00 -2.3140e+00 -1.0632e+00 +2.5382e+00
1977 0 +2.229866866e-01 -2.657701331e+01 -2.657701331e+01 +1.0632e+00 -1.9700e+00 -2.3453e+00 -1.0632e+00 +2.6008e+00
1987 0 +1.863352633e-01 -2.661366474e+01 -2.661366474e+01 +1.0945e+00 -2.0013e+00 -2.3765e+00 -1.0632e+00 +2.6008e+00
1995 0 +1.685342648e-01 -2.663146574e+01 -2.663146574e+01 +1.1257e+00 -2.0326e+00 -2.3765e+00 -1.0632e+00 +2.5695e+00
2005 0 +1.544955358e-01 -2.664550446e+01 -2.664550446e+01 +1.1570e+00 -2.0638e+00 -2.4078e+00 -1.0945e+00 +2.5382e+00
2015 0 +1.358776821e-01 -2.666412232e+01 -2.666412232e+01 +1.1570e+00 -2.0951e+00 -2.4391e+00 -1.0945e+00 +2.5069e+00
2025 0 +1.246493360e-01 -2.667535066e+01 -2.667535066e+01 +1.1883e+00 -2.1264e+00 -2.4704e+00 -1.0945e+00 +2.5069e+00
2045 0 +1.073082269e-01 -2.669269177e+01 -2.669269177e+01 +1.2195e+00 -2.1889e+00 -2.5016e+00 -1.0945e+00 +2.4757e+00
2057 0 +9.487565163e-02 -2.670512435e+01 -2.670512435e+01 +1.2195e+00 -2.2202e+00 -2.5329e+00 -1.0945e+00 +2.4444e+00
2065 0 +8.597836261e-02 -2.671402164e+01 -2.671402164e+01 +1.2508e+00 -2.2515e+00 -2.5329e+00 -1.0945e+00 +2.4444e+00
2069 0 +7.939453343e-02 -2.672060547e+01 -2.672060547e+01 +1.2508e+00 -2.2515e+00 -2.5642e+00 -1.1257e+00 +2.4444e+00
2077 0 +6.865496577e-02 -2.673134503e+01 -2.673134503e+01 +1.2508e+00 -2.2827e+00 -2.5954e+00 -1.1257e+00 +2.4444e+00
2085 0 +6.113245970e-02 -2.673886754e+01 -2.673886754e+01 +1.2821e+00 -2.3140e+00 -2.5954e+00 -1.1257e+00 +2.4444e+00
2095 0 +5.540953731e-02 -2.674459046e+01 -2.674459046e+01 +1.2821e+00 -2.3453e+00 -2.6267e+00 -1.1570e+00 +2.4444e+00
2104 0 +4.831243452e-02 -2.675168757e+01 -2.675168757e+01 +1.3134e+00 -2.3453e+00 -2.6580e+00 -1.1570e+00 +2.4444e+00
2107 0 +4.457059638e-02 -2.675542940e+01 -2.675542940e+01 +1.3134e+00 -2.3765e+00 -2.6892e+00 -1.1570e+00 +2.4444e+00
2117 0 +3.521554504e-02 -2.676478445e+01 -2.676478445e+01 +1.3446e+00 -2.4078e+00 -2.7205e+00 -1.1883e+00 +2.4444e+00
2129 0 +3.062572758e-02 -2.676937427e+01 -2.676937427e+01 +1.3446e+00 -2.4391e+00 -2.7518e+00 -1.2195e+00 +2.4131e+00
2137 0 +2.771120925e-02 -2.677228879e+01 -2.677228879e+01 +1.3759e+00 -2.4391e+00 -2.7831e+00 -1.2195e+00 +2.4444e+00
2147 0 +2.113646803e-02 -2.677886353e+01 -2.677886353e+01 +1.3759e+00 -2.4704e+00 -2.8143e+00 -1.2508e+00 +2.4757e+00
2155 0 +1.887821803e-02 -2.678112178e+01 -2.678112178e+01 +1.4072e+00 -2.5016e+00 -2.8143e+00 -1.2508e+00 +2.4757e+00
2159 0 +1.696782864e-02 -2.678303217e+01 -2.678303217e+01 +1.4072e+00 -2.5016e+00 -2.8456e+00 -1.2821e+00 +2.4757e+00
2177 0 +1.554360037e-02 -2.678445640e+01 -2.678445640e+01 +1.4228e+00 -2.5173e+00 -2.8612e+00 -1.2821e+00 +2.4757e+00
2199 0 +1.400878623e-02 -2.678599121e+01 -2.678599121e+01 +1.4384e+00 -2.5485e+00 -2.8925e+00 -1.2977e+00 +2.4600e+00
2217 0 +1.242859003e-02 -2.678757141e+01 -2.678757141e+01 +1.4541e+00 -2.5798e+00 -2.9238e+00 -1.2977e+00 +2.4444e+00
2227 0 +1.062852534e-02 -2.678937147e+01 -2.678937147e+01 +1.4697e+00 -2.5954e+00 -2.9394e+00 -1.3134e+00 +2.4600e+00
2235 0 +9.969592313e-03 -2.679003041e+01 -2.679003041e+01 +1.4853e+00 -2.6111e+00 -2.9394e+00 -1.3134e+00 +2.4444e+00
2247 0 +7.355979187e-03 -2.679264402e+01 -2.679264402e+01 +1.4853e+00 -2.6267e+00 -2.9707e+00 -1.3290e+00 +2.4444e+00
2255 0 +6.779983614e-03 -2.679322002e+01 -2.679322002e+01 +1.5010e+00 -2.6423e+00 -2.9707e+00 -1.3290e+00 +2.4444e+00
2257 0 +6.059137988e-03 -2.679394086e+01 -2.679394086e+01 +1.5010e+00 -2.6423e+00 -2.9863e+00 -1.3290e+00 +2.4444e+00
2267 0 +5.607504864e-03 -2.679439250e+01 -2.679439250e+01 +1.5010e+00 -2.6423e+00 -3.0019e+00 -1.3446e+00 +2.4444e+00
2277 0 +4.946320018e-03 -2.679505368e+01 -2.679505368e+01 +1.5166e+00 -2.6423e+00 -3.0176e+00 -1.3603e+00 +2.4600e+00
2287 0 +4.180303008e-03 -2.679581970e+01 -2.679581970e+01 +1.5166e+00 -2.6580e+00 -3.0332e+00 -1.3759e+00 +2.4757e+00
2297 0 +3.857145396e-03 -2.679614285e+01 -2.679614285e+01 +1.5322e+00 -2.6736e+00 -3.0489e+00 -1.3759e+00 +2.4757e+00
2335 0 +3.530779439e-03 -2.679646922e+01 -2.679646922e+01 +1.5635e+00 -2.7049e+00 -3.0958e+00 -1.4228e+00 +2.5069e+00
2357 0 +2.795050638e-03 -2.679720495e+01 -2.679720495e+01 +1.5635e+00 -2.7205e+00 -3.1427e+00 -1.4541e+00 +2.5226e+00
2365 0 +2.426830104e-03 -2.679757317e+01 -2.679757317e+01 +1.5791e+00 -2.7361e+00 -3.1427e+00 -1.4541e+00 +2.5382e+00
2369 0 +2.022806146e-03 -2.679797719e+01 -2.679797719e+01 +1.5791e+00 -2.7361e+00 -3.1583e+00 -1.4697e+00 +2.5382e+00
2387 0 +1.699179709e-03 -2.679830082e+01 -2.679830082e+01 +1.5870e+00 -2.7440e+00 -3.1661e+00 -1.4697e+00 +2.5382e+00
2397 0 +1.466183954e-03 -2.679853382e+01 -2.679853382e+01 +1.5948e+00 -2.7518e+00 -3.1739e+00 -1.4697e+00 +2.5304e+00
2405 0 +1.369188271e-03 -2.679863081e+01 -2.679863081e+01 +1.5948e+00 -2.7596e+00 -3.1739e+00 -1.4697e+00 +2.5226e+00
2415 0 +1.242470883e-03 -2.679875753e+01 -2.679875753e+01 +1.6026e+00 -2.7674e+00 -3.1818e+00 -1.4775e+00 +2.5304e+00
2425 0 +1.091495819e-03 -2.679890850e+01 -2.679890850e+01 +1.6104e+00 -2.7752e+00 -3.1896e+00 -1.4775e+00 +2.5226e+00
2437 0 +9.747870380e-04 -2.679902521e+01 -2.679902521e+01 +1.6104e+00 -2.7831e+00 -3.2052e+00 -1.4853e+00 +2.5226e+00
2469 0 +8.886923410e-04 -2.679911131e+01 -2.679911131e+01 +1.6261e+00 -2.8065e+00 -3.2287e+00 -1.5010e+00 +2.5226e+00
2505 0 +7.911797321e-04 -2.679920882e+01 -2.679920882e+01 +1.6417e+00 -2.8221e+00 -3.2521e+00 -1.5166e+00 +2.5382e+00
2522 0 +6.992028431e-04 -2.679930080e+01 -2.679930080e+01 +1.6417e+00 -2.8221e+00 -3.2677e+00 -1.5322e+00 +2.5460e+00
2535 0 +6.308098882e-04 -2.679936919e+01 -2.679936919e+01 +1.6495e+00 -2.8300e+00 -3.2756e+00 -1.5401e+00 +2.5538e+00
2544 0 +5.614143308e-04 -2.679943859e+01 -2.679943859e+01 +1.6573e+00 -2.8300e+00 -3.2834e+00 -1.5401e+00 +2.5538e+00
2549 0 +4.736947142e-04 -2.679952631e+01 -2.679952631e+01 +1.6573e+00 -2.8378e+00 -3.2912e+00 -1.5479e+00 +2.5538e+00
2567 0 +4.426329242e-04 -2.679955737e+01 -2.679955737e+01 +1.6573e+00 -2.8417e+00 -3.2951e+00 -1.5479e+00 +2.5538e+00
2587 0 +3.827289258e-04 -2.679961727e+01 -2.679961727e+01 +1.6612e+00 -2.8495e+00 -3.3029e+00 -1.5518e+00 +2.5578e+00
2607 0 +3.459883281e-04 -2.679965401e+01 -2.679965401e+01 +1.6651e+00 -2.8534e+00 -3.3107e+00 -1.5557e+00 +2.5617e+00
2627 0 +3.074165828e-04 -2.679969258e+01 -2.679969258e+01 +1.6691e+00 -2.8573e+00 -3.3186e+00 -1.5635e+00 +2.5656e+00
2649 0 +2.818076255e-04 -2.679971819e+01 -2.679971819e+01 +1.6730e+00 -2.8612e+00 -3.3264e+00 -1.5713e+00 +2.5656e+00
2679 0 +2.505456072e-04 -2.679974945e+01 -2.679974945e+01 +1.6808e+00 -2.8690e+00 -3.3381e+00 -1.5791e+00 +2.5734e+00
2719 0 +2.209158076e-04 -2.679977908e+01 -2.679977908e+01 +1.6847e+00 -2.8769e+00 -3.3537e+00 -1.5909e+00 +2.5812e+00
2747 0 +1.991821828e-04 -2.679980082e+01 -2.679980082e+01 +1.6886e+00 -2.8808e+00 -3.3655e+00 -1.5987e+00 +2.5929e+00
2777 0 +1.732942204e-04 -2.679982671e+01 -2.679982671e+01 +1.6964e+00 -2.8808e+00 -3.3772e+00 -1.6104e+00 +2.6047e+00
2799 0 +1.543693841e-04 -2.679984563e+01 -2.679984563e+01 +1.6964e+00 -2.8808e+00 -3.3850e+00 -1.6221e+00 +2.6125e+00
2817 0 +1.375295702e-04 -2.679986247e+01 -2.679986247e+01 +1.7003e+00 -2.8847e+00 -3.3928e+00 -1.6261e+00 +2.6203e+00
2837 0 +1.237787598e-04 -2.679987622e+01 -2.679987622e+01 +1.7042e+00 -2.8847e+00 -3.4006e+00 -1.6339e+00 +2.6281e+00
2859 0 +1.115692763e-04 -2.679988843e+01 -2.679988843e+01 +1.7042e+00 -2.8847e+00 -3.4085e+00 -1.6456e+00 +2.6359e+00
2887 0 +9.641618925e-05 -2.679990358e+01 -2.679990358e+01 +1.7081e+00 -2.8886e+00 -3.4202e+00 -1.6534e+00 +2.6477e+00
2917 0 +8.760718727e-05 -2.679991239e+01 -2.679991239e+01 +1.7120e+00 -2.8945e+00 -3.4261e+00 -1.6573e+00 +2.6555e+00
2959 0 +7.921527456e-05 -2.679992078e+01 -2.679992078e+01 +1.7140e+00 -2.8945e+00 -3.4339e+00 -1.6671e+00 +2.6633e+00
2997 0 +7.053882002e-05 -2.679992946e+01 -2.679992946e+01 +1.7179e+00 -2.8984e+00 -3.4417e+00 -1.6710e+00 +2.6711e+00
3027 0 +6.262284571e-05 -2.679993738e+01 -2.679993738e+01 +1.7199e+00 -2.9003e+00 -3.4475e+00 -1.6769e+00 +2.6750e+00
3057 0 +5.573219766e-05 -2.679994427e+01 -2.679994427e+01 +1.7218e+00 -2.9003e+00 -3.4534e+00 -1.6827e+00 +2.6809e+00
3087 0 +4.809342713e-05 -2.679995191e+01 -2.679995191e+01 +1.7238e+00 -2.9023e+00 -3.4593e+00 -1.6886e+00 +2.6867e+00
3107 0 +4.442464806e-05 -2.679995558e+01 -2.679995558e+01 +1.7257e+00 -2.9042e+00 -3.4632e+00 -1.6905e+00 +2.6907e+00
3129 0 +3.968575638e-05 -2.679996031e+01 -2.679996031e+01 +1.7257e+00 -2.9062e+00 -3.4671e+00 -1.6964e+00 +2.6946e+00
3157 0 +3.545522394e-05 -2.679996454e+01 -2.679996454e+01 +1.7277e+00 -2.9062e+00 -3.4730e+00 -1.7003e+00 +2.7004e+00
3189 0 +3.118260073e-05 -2.679996882e+01 -2.679996882e+01 +1.7316e+00 -2.9062e+00 -3.4788e+00 -1.7081e+00 +2.7063e+00
3229 0 +2.817031283e-05 -2.679997183e+01 -2.679997183e+01 +1.7335e+00 -2.9081e+00 -3.4866e+00 -1.7160e+00 +2.7141e+00
3307 0 +2.500091935e-05 -2.679997500e+01 -2.679997500e+01 +1.7394e+00 -2.9101e+00 -3.5023e+00 -1.7296e+00 +2.7297e+00
3352 0 +2.226995855e-05 -2.679997773e+01 -2.679997773e+01 +1.7414e+00 -2.9101e+00 -3.5101e+00 -1.7394e+00 +2.7395e+00
3377 0 +1.953924897e-05 -2.679998046e+01 -2.679998046e+01 +1.7433e+00 -2.9120e+00 -3.5160e+00 -1.7433e+00 +2.7434e+00
3397 0 +1.734764059e-05 -2.679998265e+01 -2.679998265e+01 +1.7453e+00 -2.9120e+00 -3.5199e+00 -1.7472e+00 +2.7473e+00
3412 0 +1.576486040e-05 -2.679998424e+01 -2.679998424e+01 +1.7453e+00 -2.9120e+00 -3.5218e+00 -1.7511e+00 +2.7512e+00
3427 0 +1.346240973e-05 -2.679998654e+01 -2.679998654e+01 +1.7472e+00 -2.9140e+00 -3.5257e+00 -1.7531e+00 +2.7532e+00
3439 0 +1.220919126e-05 -2.679998779e+01 -2.679998779e+01 +1.7472e+00 -2.9160e+00 -3.5277e+00 -1.7550e+00 +2.7551e+00
3452 0 +1.121997877e-05 -2.679998878e+01 -2.679998878e+01 +1.7472e+00 -2.9160e+00 -3.5296e+00 -1.7570e+00 +2.7591e+00
3467 0 +9.710094030e-06 -2.679999029e+01 -2.679999029e+01 +1.7492e+00 -2.9179e+00 -3.5335e+00 -1.7590e+00 +2.7610e+00
3482 0 +8.872573165e-06 -2.679999113e+01 -2.679999113e+01 +1.7492e+00 -2.9179e+00 -3.5355e+00 -1.7629e+00 +2.7649e+00
3499 0 +7.886818594e-06 -2.679999211e+01 -2.679999211e+01 +1.7511e+00 -2.9179e+00 -3.5394e+00 -1.7668e+00 +2.7669e+00
3529 0 +6.991727368e-06 -2.679999301e+01 -2.679999301e+01 +1.7531e+00 -2.9179e+00 -3.5453e+00 -1.7726e+00 +2.7727e+00
3609 0 +6.271618798e-06 -2.679999373e+01 -2.679999373e+01 +1.7590e+00 -2.9199e+00 -3.5609e+00 -1.7883e+00 +2.7884e+00
3632 0 +5.615752332e-06 -2.679999438e+01 -2.679999438e+01 +1.7609e+00 -2.9238e+00 -3.5648e+00 -1.7902e+00 +2.7942e+00
3687 0 +4.891908375e-06 -2.679999511e+01 -2.679999511e+01 +1.7619e+00 -2.9247e+00 -3.5687e+00 -1.7932e+00 +2.7991e+00
3707 0 +4.411135901e-06 -2.679999559e+01 -2.679999559e+01 +1.7619e+00 -2.9257e+00 -3.5707e+00 -1.7951e+00 +2.8011e+00
3727 0 +3.974940196e-06 -2.679999603e+01 -2.679999603e+01 +1.7629e+00 -2.9257e+00 -3.5726e+00 -1.7971e+00 +2.8030e+00
3749 0 +3.512644160e-06 -2.679999649e+01 -2.679999649e+01 +1.7638e+00 -2.9257e+00 -3.5746e+00 -1.8000e+00 +2.8050e+00
3769 0 +3.150129366e-06 -2.679999685e+01 -2.679999685e+01 +1.7638e+00 -2.9257e+00 -3.5765e+00 -1.8020e+00 +2.8069e+00
3787 0 +2.797988934e-06 -2.679999720e+01 -2.679999720e+01 +1.7648e+00 -2.9267e+00 -3.5785e+00 -1.8029e+00 +2.8089e+00
3809 0 +2.497097999e-06 -2.679999750e+01 -2.679999750e+01 +1.7658e+00 -2.9267e+00 -3.5804e+00 -1.8059e+00 +2.8109e+00
3837 0 +2.186465235e-06 -2.679999781e+01 -2.679999781e+01 +1.7668e+00 -2.9267e+00 -3.5834e+00 -1.8078e+00 +2.8138e+00
3862 0 +1.991172081e-06 -2.679999801e+01 -2.679999801e+01 +1.7668e+00 -2.9267e+00 -3.5853e+00 -1.8107e+00 +2.8167e+00
3897 0 +1.772189499e-06 -2.679999823e+01 -2.679999823e+01 +1.7687e+00 -2.9296e+00 -3.5892e+00 -1.8127e+00 +2.8196e+00
3977 0 +1.574122287e-06 -2.679999843e+01 -2.679999843e+01 +1.7717e+00 -2.9306e+00 -3.5971e+00 -1.8205e+00 +2.8275e+00
4029 0 +1.401406632e-06 -2.679999860e+01 -2.679999860e+01 +1.7726e+00 -2.9306e+00 -3.6019e+00 -1.8264e+00 +2.8323e+00
4057 0 +1.244209322e-06 -2.679999876e+01 -2.679999876e+01 +1.7736e+00 -2.9316e+00 -3.6049e+00 -1.8283e+00 +2.8353e+00
4079 0 +1.115353452e-06 -2.679999888e+01 -2.679999888e+01 +1.7746e+00 -2.9316e+00 -3.6068e+00 -1.8313e+00 +2.8372e+00
4099 0 +9.910737830e-07 -2.679999901e+01 -2.679999901e+01 +1.7756e+00 -2.9316e+00 -3.6088e+00 -1.8332e+00 +2.8392e+00
4119 0 +8.878711881e-07 -2.679999911e+01 -2.679999911e+01 +1.7756e+00 -2.9316e+00 -3.6107e+00 -1.8352e+00 +2.8411e+00
4137 0 +7.747552679e-07 -2.679999923e+01 -2.679999923e+01 +1.7765e+00 -2.9326e+00 -3.6127e+00 -1.8362e+00 +2.8431e+00
4192 0 +7.079003979e-07 -2.679999929e+01 -2.679999929e+01 +1.7761e+00 -2.9340e+00 -3.6132e+00 -1.8366e+00 +2.8475e+00
4232 0 +6.298919750e-07 -2.679999937e+01 -2.679999937e+01 +1.7770e+00 -2.9340e+00 -3.6151e+00 -1.8386e+00 +2.8494e+00
4277 0 +5.612457699e-07 -2.679999944e+01 -2.679999944e+01 +1.7775e+00 -2.9345e+00 -3.6176e+00 -1.8405e+00 +2.8514e+00
4327 0 +4.997447789e-07 -2.679999950e+01 -2.679999950e+01 +1.7785e+00 -2.9350e+00 -3.6200e+00 -1.8430e+00 +2.8538e+00
4387 0 +4.440193138e-07 -2.679999956e+01 -2.679999956e+01 +1.7795e+00 -2.9350e+00 -3.6230e+00 -1.8459e+00 +2.8568e+00
4437 0 +3.949407521e-07 -2.679999961e+01 -2.679999961e+01 +1.7805e+00 -2.9355e+00 -3.6254e+00 -1.8484e+00 +2.8592e+00
4477 0 +3.547076979e-07 -2.679999965e+01 -2.679999965e+01 +1.7809e+00 -2.9360e+00 -3.6274e+00 -1.8503e+00 +2.8612e+00
4519 0 +3.134878028e-07 -2.679999969e+01 -2.679999969e+01 +1.7819e+00 -2.9360e+00 -3.6293e+00 -1.8528e+00 +2.8631e+00
4557 0 +2.774767225e-07 -2.679999972e+01 -2.679999972e+01 +1.7824e+00 -2.9365e+00 -3.6313e+00 -1.8542e+00 +2.8651e+00
4592 0 +2.495955513e-07 -2.679999975e+01 -2.679999975e+01 +1.7829e+00 -2.9365e+00 -3.6327e+00 -1.8562e+00 +2.8670e+00
4627 0 +2.238674099e-07 -2.679999978e+01 -2.679999978e+01 +1.7834e+00 -2.9370e+00 -3.6347e+00 -1.8577e+00 +2.8685e+00
4672 0 +1.990806382e-07 -2.679999980e+01 -2.679999980e+01 +1.7844e+00 -2.9370e+00 -3.6366e+00 -1.8601e+00 +2.8709e+00
4719 0 +1.777841234e-07 -2.679999982e+01 -2.679999982e+01 +1.7848e+00 -2.9379e+00 -3.6391e+00 -1.8620e+00 +2.8729e+00
4767 0 +1.579868467e-07 -2.679999984e+01 -2.679999984e+01 +1.7858e+00 -2.9384e+00 -3.6415e+00 -1.8640e+00 +2.8753e+00
4807 0 +1.403601289e-07 -2.679999986e+01 -2.679999986e+01 +1.7868e+00 -2.9384e+00 -3.6435e+00 -1.8660e+00 +2.8773e+00
4832 0 +1.255991897e-07 -2.679999987e+01 -2.679999987e+01 +1.7868e+00 -2.9389e+00 -3.6445e+00 -1.8674e+00 +2.8788e+00
4859 0 +1.113972630e-07 -2.679999989e+01 -2.679999989e+01 +1.7873e+00 -2.9389e+00 -3.6459e+00 -1.8689e+00 +2.8797e+00
4882 0 +9.804224277e-08 -2.679999990e+01 -2.679999990e+01 +1.7878e+00 -2.9389e+00 -3.6469e+00 -1.8699e+00 +2.8812e+00
4899 0 +8.785176320e-08 -2.679999991e+01 -2.679999991e+01 +1.7883e+00 -2.9399e+00 -3.6479e+00 -1.8704e+00 +2.8817e+00
4969 0 +7.758788101e-08 -2.679999992e+01 -2.679999992e+01 +1.7873e+00 -2.9404e+00 -3.6484e+00 -1.8708e+00 +2.8851e+00
4989 0 +6.876875247e-08 -2.679999993e+01 -2.679999993e+01 +1.7878e+00 -2.9404e+00 -3.6493e+00 -1.8718e+00 +2.8861e+00
5049 0 +6.254480667e-08 -2.679999994e+01 -2.679999994e+01 +1.7880e+00 -2.9404e+00 -3.6501e+00 -1.8726e+00 +2.8880e+00
5109 0 +5.561574667e-08 -2.679999994e+01 -2.679999994e+01 +1.7883e+00 -2.9401e+00 -3.6513e+00 -1.8740e+00 +2.8895e+00
5189 0 +4.991023417e-08 -2.679999995e+01 -2.679999995e+01 +1.7890e+00 -2.9404e+00 -3.6532e+00 -1.8760e+00 +2.8915e+00
5339 0 +4.445078261e-08 -2.679999996e+01 -2.679999996e+01 +1.7902e+00 -2.9409e+00 -3.6569e+00 -1.8796e+00 +2.8951e+00
5409 0 +3.930261272e-08 -2.679999996e+01 -2.679999996e+01 +1.7907e+00 -2.9406e+00 -3.6584e+00 -1.8813e+00 +2.8968e+00
5447 0 +3.533292414e-08 -2.679999996e+01 -2.679999996e+01 +1.7910e+00 -2.9409e+00 -3.6594e+00 -1.8821e+00 +2.8978e+00
5479 0 +3.098312007e-08 -2.679999997e+01 -2.679999997e+01 +1.7912e+00 -2.9409e+00 -3.6601e+00 -1.8831e+00 +2.8986e+00
5502 0 +2.794392273e-08 -2.679999997e+01 -2.679999997e+01 +1.7914e+00 -2.9411e+00 -3.6606e+00 -1.8835e+00 +2.8993e+00
5529 0 +2.461225179e-08 -2.679999998e+01 -2.679999998e+01 +1.7917e+00 -2.9411e+00 -3.6613e+00 -1.8843e+00 +2.8998e+00
5549 0 +2.233251806e-08 -2.679999998e+01 -2.679999998e+01 +1.7919e+00 -2.9411e+00 -3.6618e+00 -1.8848e+00 +2.9003e+00
5577 0 +1.959450202e-08 -2.679999998e+01 -2.679999998e+01 +1.7922e+00 -2.9414e+00 -3.6625e+00 -1.8853e+00 +2.9010e+00
5599 0 +1.773900493e-08 -2.679999998e+01 -2.679999998e+01 +1.7922e+00 -2.9414e+00 -3.6630e+00 -1.8860e+00 +2.9015e+00
5632 0 +1.582876052e-08 -2.679999998e+01 -2.679999998e+01 +1.7924e+00 -2.9414e+00 -3.6635e+00 -1.8865e+00 +2.9025e+00
5672 0 +1.410230155e-08 -2.679999999e+01 -2.679999999e+01 +1.7927e+00 -2.9416e+00 -3.6642e+00 -1.8872e+00 +2.9034e+00
5753 0 +1.258281301e-08 -2.679999999e+01 -2.679999999e+01 +1.7927e+00 -2.9416e+00 -3.6652e+00 -1.8882e+00 +2.9054e+00
5982 0 +1.121613025e-08 -2.679999999e+01 -2.679999999e+01 +1.7929e+00 -2.9409e+00 -3.6679e+00 -1.8916e+00 +2.9110e+00
6066 0 +9.899885356e-09 -2.679999999e+01 -2.679999999e+01 +1.7929e+00 -2.9409e+00 -3.6689e+00 -1.8928e+00 +2.9130e+00
10517 0 +9.983125437e-13 -2.680000000e+01 -2.680000000e+01 +1.7996e+00 -2.9420e+00 -3.6926e+00 -1.9178e+00 +2.9431e+00
50000 0 +7.247535905e-13 -2.680000000e+01 -2.680000000e+01 +1.7996e+00 -2.9420e+00 -3.6928e+00 -1.9180e+00 +2.9435e+00
% f evaluations | g evaluations | best noise-free fitness - Fopt (1.986000000000e+01) + sum g_i+ | measured fitness | best measured fitness or single-digit g-values | x1 | x2...
1 0 +5.764133870e+01 +7.750133870e+01 +7.750133870e+01 +0.0000e+00 +0.0000e+00 +0.0000e+00 +0.0000e+00 +0.0000e+00
2 0 +4.751171509e+01 +6.737171509e+01 +6.737171509e+01 -2.7186e+00 -7.1789e-01 +5.1803e-01 +6.4926e-01 -1.3468e+00
4 0 +3.251936071e+01 +5.237936071e+01 +5.237936071e+01 -1.8967e+00 +9.1297e-01 +7.7507e-02 +1.3232e+00 +5.4876e-01
79 0 +2.569855889e+01 +4.555855889e+01 +4.555855889e+01 -4.5647e-01 -3.1255e+00 +1.0681e+00 -6.1863e-01 +6.9183e-01
197 0 +2.061572479e+01 +4.047572479e+01 +4.047572479e+01 -1.4860e-01 -9.7011e-01 +1.3602e+00 -4.5553e-01 -5.0379e-02
231 0 +1.963299758e+01 +3.949299758e+01 +3.949299758e+01 +1.2668e+00 +9.3345e-02 +7.0416e-01 -3.2867e+00 -8.4904e-01
244 0 +1.105498461e+01 +3.091498461e+01 +3.091498461e+01 -4.5647e-01 -1.9659e-01 +1.0681e+00 +2.3103e+00 +6.9183e-01
250 0 +8.283519294e+00 +2.814351929e+01 +2.814351929e+01 +1.0070e+00 -9.7069e-01 +2.5837e-02 +3.9231e+00 +9.2340e-01
712 0 +5.824203620e+00 +2.568420362e+01 +2.568420362e+01 +2.0681e+00 -5.1004e-01 +2.1367e+00 +3.4513e+00 +4.8519e-01
1038 0 +4.225184919e+00 +2.408518492e+01 +2.408518492e+01 +1.5660e+00 -1.9799e-01 +1.8606e+00 +3.4161e+00 +1.4304e+00
1042 0 +4.907392283e-01 +2.035073923e+01 +2.035073923e+01 +1.4991e+00 -3.6972e-01 +2.1329e+00 +3.3076e+00 +1.8907e+00
3140 0 +4.456243113e-01 +2.030562431e+01 +2.030562431e+01 +1.0945e+00 -7.7160e-01 +1.7210e+00 +3.1478e+00 +2.4146e+00
3167 0 +3.915382611e-01 +2.025153826e+01 +2.025153826e+01 +1.1257e+00 -7.0906e-01 +1.7835e+00 +3.1478e+00 +2.4771e+00
3175 0 +3.438723134e-01 +2.020387231e+01 +2.020387231e+01 +1.1570e+00 -7.0906e-01 +1.8148e+00 +3.1478e+00 +2.4458e+00
3179 0 +3.030462970e-01 +2.016304630e+01 +2.016304630e+01 +1.1570e+00 -6.7778e-01 +1.8461e+00 +3.1478e+00 +2.4458e+00
3189 0 +2.816089886e-01 +2.014160899e+01 +2.014160899e+01 +1.1570e+00 -6.7778e-01 +1.8773e+00 +3.1478e+00 +2.4458e+00
3199 0 +2.340972719e-01 +2.009409727e+01 +2.009409727e+01 +1.1883e+00 -6.4651e-01 +1.9086e+00 +3.1478e+00 +2.4458e+00
3209 0 +2.170584833e-01 +2.007705848e+01 +2.007705848e+01 +1.1883e+00 -6.4651e-01 +1.9399e+00 +3.1478e+00 +2.4458e+00
3219 0 +1.838990844e-01 +2.004389908e+01 +2.004389908e+01 +1.2195e+00 -6.1524e-01 +1.9711e+00 +3.1478e+00 +2.4458e+00
3229 0 +1.726286702e-01 +2.003262867e+01 +2.003262867e+01 +1.2195e+00 -6.1524e-01 +2.0024e+00 +3.1478e+00 +2.4458e+00
3239 0 +1.528311736e-01 +2.001283117e+01 +2.001283117e+01 +1.2508e+00 -5.8397e-01 +2.0337e+00 +3.1478e+00 +2.4458e+00
3267 0 +1.409008727e-01 +2.000090087e+01 +2.000090087e+01 +1.2508e+00 -5.5270e-01 +2.0962e+00 +3.1478e+00 +2.4771e+00
3297 0 +1.246985834e-01 +1.998469858e+01 +1.998469858e+01 +1.2821e+00 -5.2143e-01 +2.1900e+00 +3.1166e+00 +2.5396e+00
3327 0 +1.109045570e-01 +1.997090456e+01 +1.997090456e+01 +1.2821e+00 -4.9016e-01 +2.2838e+00 +3.1166e+00 +2.5709e+00
3349 0 +9.948855774e-02 +1.995948856e+01 +1.995948856e+01 +1.2821e+00 -4.5889e-01 +2.3776e+00 +3.1166e+00 +2.6334e+00
3375 0 +8.686370347e-02 +1.994686370e+01 +1.994686370e+01 +1.3134e+00 -4.2762e-01 +2.4402e+00 +3.0853e+00 +2.6960e+00
3379 0 +7.645267232e-02 +1.993645267e+01 +1.993645267e+01 +1.3134e+00 -3.9635e-01 +2.4715e+00 +3.0853e+00 +2.6960e+00
3397 0 +6.930289632e-02 +1.992930290e+01 +1.992930290e+01 +1.3446e+00 -3.6508e-01 +2.5027e+00 +3.0853e+00 +2.6960e+00
3399 0 +6.230422149e-02 +1.992230422e+01 +1.992230422e+01 +1.3446e+00 -3.6508e-01 +2.5340e+00 +3.0853e+00 +2.6960e+00
3429 0 +5.509581004e-02 +1.991509581e+01 +1.991509581e+01 +1.3603e+00 -3.4945e-01 +2.5809e+00 +3.0853e+00 +2.6960e+00
3449 0 +4.867046748e-02 +1.990867047e+01 +1.990867047e+01 +1.3915e+00 -3.3381e-01 +2.6122e+00 +3.0853e+00 +2.6803e+00
3465 0 +4.402999225e-02 +1.990402999e+01 +1.990402999e+01 +1.4228e+00 -3.3381e-01 +2.6278e+00 +3.0696e+00 +2.6491e+00
3489 0 +3.908402607e-02 +1.989908403e+01 +1.989908403e+01 +1.4384e+00 -3.0254e-01 +2.6747e+00 +3.0696e+00 +2.6491e+00
3519 0 +3.499023438e-02 +1.989499023e+01 +1.989499023e+01 +1.4541e+00 -2.8691e-01 +2.7216e+00 +3.0696e+00 +2.6491e+00
3545 0 +3.129367983e-02 +1.989129368e+01 +1.989129368e+01 +1.4853e+00 -2.7127e-01 +2.7529e+00 +3.0696e+00 +2.6491e+00
3555 0 +2.807960360e-02 +1.988807960e+01 +1.988807960e+01 +1.5010e+00 -2.5564e-01 +2.7685e+00 +3.0696e+00 +2.6334e+00
3577 0 +2.505201947e-02 +1.988505202e+01 +1.988505202e+01 +1.5166e+00 -2.4000e-01 +2.7998e+00 +3.0540e+00 +2.6334e+00
3599 0 +2.170094441e-02 +1.988170094e+01 +1.988170094e+01 +1.5322e+00 -2.2437e-01 +2.8467e+00 +3.0540e+00 +2.6334e+00
3619 0 +1.988889192e-02 +1.987988889e+01 +1.987988889e+01 +1.5479e+00 -2.0873e-01 +2.8780e+00 +3.0540e+00 +2.6334e+00
3647 0 +1.768883328e-02 +1.987768883e+01 +1.987768883e+01 +1.5791e+00 -1.9310e-01 +2.9092e+00 +3.0384e+00 +2.6178e+00
3689 0 +1.576686779e-02 +1.987576687e+01 +1.987576687e+01 +1.6104e+00 -1.6183e-01 +2.9874e+00 +3.0384e+00 +2.6178e+00
3765 0 +1.409033267e-02 +1.987409033e+01 +1.987409033e+01 +1.6730e+00 -1.3837e-01 +3.0421e+00 +3.0306e+00 +2.5631e+00
3842 0 +1.253372230e-02 +1.987253372e+01 +1.987253372e+01 +1.7277e+00 -1.0710e-01 +3.1047e+00 +3.0227e+00 +2.5084e+00
3892 0 +1.112362890e-02 +1.987112363e+01 +1.987112363e+01 +1.7668e+00 -9.1467e-02 +3.1360e+00 +3.0227e+00 +2.4693e+00
3932 0 +9.924684474e-03 +1.986992468e+01 +1.986992468e+01 +1.7980e+00 -7.5832e-02 +3.1594e+00 +3.0227e+00 +2.4380e+00
3972 0 +8.763275666e-03 +1.986876328e+01 +1.986876328e+01 +1.8215e+00 -6.8014e-02 +3.1672e+00 +3.0227e+00 +2.4067e+00
4002 0 +7.915713276e-03 +1.986791571e+01 +1.986791571e+01 +1.8371e+00 -6.8014e-02 +3.1672e+00 +3.0149e+00 +2.3833e+00
4035 0 +6.982303256e-03 +1.986698230e+01 +1.986698230e+01 +1.8449e+00 -7.5832e-02 +3.1438e+00 +3.0227e+00 +2.3598e+00
4062 0 +6.280494493e-03 +1.986628049e+01 +1.986628049e+01 +1.8528e+00 -7.5832e-02 +3.1438e+00 +3.0227e+00 +2.3364e+00
4095 0 +5.613695486e-03 +1.986561370e+01 +1.986561370e+01 +1.8684e+00 -8.3650e-02 +3.1360e+00 +3.0227e+00 +2.3129e+00
4132 0 +4.963926605e-03 +1.986496393e+01 +1.986496393e+01 +1.8762e+00 -7.5832e-02 +3.1281e+00 +3.0306e+00 +2.2817e+00
4168 0 +4.447618466e-03 +1.986444762e+01 +1.986444762e+01 +1.8919e+00 -8.3650e-02 +3.1203e+00 +3.0306e+00 +2.2582e+00
4222 0 +3.963479940e-03 +1.986396348e+01 +1.986396348e+01 +1.9075e+00 -8.3650e-02 +3.1047e+00 +3.0306e+00 +2.2113e+00
4375 0 +3.546682079e-03 +1.986354668e+01 +1.986354668e+01 +1.9700e+00 -9.1467e-02 +3.0734e+00 +3.0384e+00 +2.0940e+00
4452 0 +3.101294346e-03 +1.986310129e+01 +1.986310129e+01 +1.9935e+00 -9.9285e-02 +3.0578e+00 +3.0384e+00 +2.0315e+00
4487 0 +2.786430666e-03 +1.986278643e+01 +1.986278643e+01 +2.0091e+00 -9.9285e-02 +3.0500e+00 +3.0384e+00 +2.0080e+00
4512 0 +2.466659628e-03 +1.986246666e+01 +1.986246666e+01 +2.0091e+00 -1.0710e-01 +3.0343e+00 +3.0462e+00 +1.9846e+00
4535 0 +2.223756782e-03 +1.986222376e+01 +1.986222376e+01 +2.0248e+00 -1.0710e-01 +3.0343e+00 +3.0462e+00 +1.9690e+00
4592 0 +1.987860069e-03 +1.986198786e+01 +1.986198786e+01 +2.0365e+00 -9.9285e-02 +3.0461e+00 +3.0423e+00 +1.9533e+00
4635 0 +1.767466684e-03 +1.986176747e+01 +1.986176747e+01 +2.0443e+00 -1.0319e-01 +3.0382e+00 +3.0423e+00 +1.9377e+00
4672 0 +1.583827356e-03 +1.986158383e+01 +1.986158383e+01 +2.0482e+00 -1.0710e-01 +3.0343e+00 +3.0423e+00 +1.9220e+00
4715 0 +1.410006003e-03 +1.986141001e+01 +1.986141001e+01 +2.0560e+00 -1.0710e-01 +3.0226e+00 +3.0462e+00 +1.9064e+00
4762 0 +1.248596354e-03 +1.986124860e+01 +1.986124860e+01 +2.0638e+00 -1.1101e-01 +3.0226e+00 +3.0423e+00 +1.8869e+00
4812 0 +1.121831752e-03 +1.986112183e+01 +1.986112183e+01 +2.0677e+00 -1.1101e-01 +3.0070e+00 +3.0501e+00 +1.8673e+00
4885 0 +9.995343630e-04 +1.986099953e+01 +1.986099953e+01 +2.0873e+00 -1.1101e-01 +3.0070e+00 +3.0501e+00 +1.8400e+00
5052 0 +8.907038133e-04 +1.986089070e+01 +1.986089070e+01 +2.1147e+00 -1.1883e-01 +2.9874e+00 +3.0501e+00 +1.7735e+00
5185 0 +7.935167922e-04 +1.986079352e+01 +1.986079352e+01 +2.1420e+00 -1.2274e-01 +2.9757e+00 +3.0540e+00 +1.7227e+00
5246 0 +7.055057619e-04 +1.986070551e+01 +1.986070551e+01 +2.1498e+00 -1.2665e-01 +2.9679e+00 +3.0540e+00 +1.6992e+00
5292 0 +6.238398792e-04 +1.986062384e+01 +1.986062384e+01 +2.1576e+00 -1.2274e-01 +2.9601e+00 +3.0579e+00 +1.6797e+00
5332 0 +5.538874508e-04 +1.986055389e+01 +1.986055389e+01 +2.1694e+00 -1.2274e-01 +2.9640e+00 +3.0540e+00 +1.6641e+00
5365 0 +4.962002577e-04 +1.986049620e+01 +1.986049620e+01 +2.1733e+00 -1.2665e-01 +2.9522e+00 +3.0579e+00 +1.6523e+00
5402 0 +4.348034746e-04 +1.986043480e+01 +1.986043480e+01 +2.1772e+00 -1.3055e-01 +2.9483e+00 +3.0579e+00 +1.6367e+00
5432 0 +3.966152824e-04 +1.986039662e+01 +1.986039662e+01 +2.1850e+00 -1.2665e-01 +2.9483e+00 +3.0579e+00 +1.6250e+00
5472 0 +3.511026416e-04 +1.986035110e+01 +1.986035110e+01 +2.1889e+00 -1.3446e-01 +2.9405e+00 +3.0579e+00 +1.6093e+00
5512 0 +3.153423406e-04 +1.986031534e+01 +1.986031534e+01 +2.1928e+00 -1.3446e-01 +2.9288e+00 +3.0618e+00 +1.5937e+00
5562 0 +2.804207661e-04 +1.986028042e+01 +1.986028042e+01 +2.2006e+00 -1.3837e-01 +2.9210e+00 +3.0618e+00 +1.5742e+00
5622 0 +2.504732556e-04 +1.986025047e+01 +1.986025047e+01 +2.2163e+00 -1.3446e-01 +2.9249e+00 +3.0657e+00 +1.5507e+00
5686 0 +2.238306641e-04 +1.986022383e+01 +1.986022383e+01 +2.2319e+00 -1.3446e-01 +2.9249e+00 +3.0657e+00 +1.5273e+00
5742 0 +1.968801881e-04 +1.986019688e+01 +1.986019688e+01 +2.2397e+00 -1.3837e-01 +2.9132e+00 +3.0657e+00 +1.5038e+00
5788 0 +1.776925932e-04 +1.986017769e+01 +1.986017769e+01 +2.2515e+00 -1.3837e-01 +2.9132e+00 +3.0657e+00 +1.4882e+00
5825 0 +1.577113871e-04 +1.986015771e+01 +1.986015771e+01 +2.2593e+00 -1.3837e-01 +2.9092e+00 +3.0657e+00 +1.4725e+00
5862 0 +1.401913514e-04 +1.986014019e+01 +1.986014019e+01 +2.2632e+00 -1.4228e-01 +2.9053e+00 +3.0657e+00 +1.4569e+00
5899 0 +1.256386945e-04 +1.986012564e+01 +1.986012564e+01 +2.2710e+00 -1.4228e-01 +2.9014e+00 +3.0657e+00 +1.4452e+00
5938 0 +1.115528014e-04 +1.986011155e+01 +1.986011155e+01 +2.2788e+00 -1.3837e-01 +2.8975e+00 +3.0696e+00 +1.4295e+00
5978 0 +9.986101269e-05 +1.986009986e+01 +1.986009986e+01 +2.2866e+00 -1.4228e-01 +2.8936e+00 +3.0657e+00 +1.4139e+00
6025 0 +8.822179806e-05 +1.986008822e+01 +1.986008822e+01 +2.2984e+00 -1.4228e-01 +2.8936e+00 +3.0696e+00 +1.3944e+00
6058 0 +7.930529239e-05 +1.986007931e+01 +1.986007931e+01 +2.2984e+00 -1.4619e-01 +2.8819e+00 +3.0696e+00 +1.3826e+00
6092 0 +7.048696506e-05 +1.986007049e+01 +1.986007049e+01 +2.3062e+00 -1.4619e-01 +2.8819e+00 +3.0696e+00 +1.3670e+00
6125 0 +6.253641738e-05 +1.986006254e+01 +1.986006254e+01 +2.3140e+00 -1.5010e-01 +2.8780e+00 +3.0696e+00 +1.3553e+00
6148 0 +5.519358403e-05 +1.986005519e+01 +1.986005519e+01 +2.3140e+00 -1.5010e-01 +2.8702e+00 +3.0696e+00 +1.3475e+00
6192 0 +4.959931768e-05 +1.986004960e+01 +1.986004960e+01 +2.3160e+00 -1.5010e-01 +2.8662e+00 +3.0736e+00 +1.3396e+00
6232 0 +4.464316912e-05 +1.986004464e+01 +1.986004464e+01 +2.3179e+00 -1.5401e-01 +2.8623e+00 +3.0736e+00 +1.3318e+00
6275 0 +3.970986162e-05 +1.986003971e+01 +1.986003971e+01 +2.3218e+00 -1.5401e-01 +2.8565e+00 +3.0755e+00 +1.3240e+00
6322 0 +3.546103297e-05 +1.986003546e+01 +1.986003546e+01 +2.3277e+00 -1.5401e-01 +2.8604e+00 +3.0736e+00 +1.3142e+00
6382 0 +3.154754227e-05 +1.986003155e+01 +1.986003155e+01 +2.3335e+00 -1.5205e-01 +2.8584e+00 +3.0755e+00 +1.3025e+00
6455 0 +2.815949716e-05 +1.986002816e+01 +1.986002816e+01 +2.3414e+00 -1.5401e-01 +2.8526e+00 +3.0755e+00 +1.2888e+00
6585 0 +2.508447312e-05 +1.986002508e+01 +1.986002508e+01 +2.3531e+00 -1.5596e-01 +2.8467e+00 +3.0775e+00 +1.2634e+00
6662 0 +2.220172732e-05 +1.986002220e+01 +1.986002220e+01 +2.3590e+00 -1.5792e-01 +2.8428e+00 +3.0775e+00 +1.2478e+00
6705 0 +1.981101278e-05 +1.986001981e+01 +1.986001981e+01 +2.3629e+00 -1.5792e-01 +2.8369e+00 +3.0794e+00 +1.2400e+00
6742 0 +1.738334220e-05 +1.986001738e+01 +1.986001738e+01 +2.3668e+00 -1.5792e-01 +2.8389e+00 +3.0775e+00 +1.2321e+00
6765 0 +1.583544007e-05 +1.986001584e+01 +1.986001584e+01 +2.3687e+00 -1.5987e-01 +2.8350e+00 +3.0794e+00 +1.2282e+00
6792 0 +1.392082903e-05 +1.986001392e+01 +1.986001392e+01 +2.3707e+00 -1.5987e-01 +2.8350e+00 +3.0775e+00 +1.2224e+00
6812 0 +1.257312326e-05 +1.986001257e+01 +1.986001257e+01 +2.3707e+00 -1.6183e-01 +2.8311e+00 +3.0794e+00 +1.2185e+00
6842 0 +1.099440765e-05 +1.986001099e+01 +1.986001099e+01 +2.3746e+00 -1.5987e-01 +2.8311e+00 +3.0794e+00 +1.2126e+00
6862 0 +9.970033041e-06 +1.986000997e+01 +1.986000997e+01 +2.3765e+00 -1.6183e-01 +2.8311e+00 +3.0794e+00 +1.2087e+00
6892 0 +8.776119213e-06 +1.986000878e+01 +1.986000878e+01 +2.3785e+00 -1.6183e-01 +2.8272e+00 +3.0794e+00 +1.2028e+00
6925 0 +7.791132077e-06 +1.986000779e+01 +1.986000779e+01 +2.3824e+00 -1.6183e-01 +2.8252e+00 +3.0814e+00 +1.1970e+00
6967 0 +7.061694056e-06 +1.986000706e+01 +1.986000706e+01 +2.3844e+00 -1.6378e-01 +2.8193e+00 +3.0814e+00 +1.1891e+00
7108 0 +6.281254333e-06 +1.986000628e+01 +1.986000628e+01 +2.3961e+00 -1.6769e-01 +2.8115e+00 +3.0814e+00 +1.1618e+00
7157 0 +5.614299386e-06 +1.986000561e+01 +1.986000561e+01 +2.4019e+00 -1.6573e-01 +2.8096e+00 +3.0833e+00 +1.1520e+00
7232 0 +4.978927073e-06 +1.986000498e+01 +1.986000498e+01 +2.4059e+00 -1.6476e-01 +2.8135e+00 +3.0833e+00 +1.1462e+00
7272 0 +4.411119093e-06 +1.986000441e+01 +1.986000441e+01 +2.4068e+00 -1.6671e-01 +2.8105e+00 +3.0833e+00 +1.1422e+00
7308 0 +3.979809531e-06 +1.986000398e+01 +1.986000398e+01 +2.4078e+00 -1.6769e-01 +2.8076e+00 +3.0833e+00 +1.1393e+00
7342 0 +3.507298459e-06 +1.986000351e+01 +1.986000351e+01 +2.4098e+00 -1.6769e-01 +2.8076e+00 +3.0833e+00 +1.1354e+00
7382 0 +3.129606448e-06 +1.986000313e+01 +1.986000313e+01 +2.4117e+00 -1.6671e-01 +2.8076e+00 +3.0843e+00 +1.1315e+00
7412 0 +2.785374399e-06 +1.986000279e+01 +1.986000279e+01 +2.4127e+00 -1.6867e-01 +2.8057e+00 +3.0833e+00 +1.1286e+00
7448 0 +2.511459211e-06 +1.986000251e+01 +1.986000251e+01 +2.4147e+00 -1.6769e-01 +2.8047e+00 +3.0843e+00 +1.1256e+00
7485 0 +2.236174328e-06 +1.986000224e+01 +1.986000224e+01 +2.4166e+00 -1.6867e-01 +2.8037e+00 +3.0843e+00 +1.1217e+00
7535 0 +1.988537775e-06 +1.986000199e+01 +1.986000199e+01 +2.4195e+00 -1.6769e-01 +2.8037e+00 +3.0853e+00 +1.1168e+00
7602 0 +1.771311627e-06 +1.986000177e+01 +1.986000177e+01 +2.4215e+00 -1.6964e-01 +2.8008e+00 +3.0843e+00 +1.1100e+00
7737 0 +1.582442966e-06 +1.986000158e+01 +1.986000158e+01 +2.4283e+00 -1.6964e-01 +2.7978e+00 +3.0853e+00 +1.0973e+00
7825 0 +1.399039714e-06 +1.986000140e+01 +1.986000140e+01 +2.4313e+00 -1.7160e-01 +2.7930e+00 +3.0863e+00 +1.0885e+00
7875 0 +1.250705491e-06 +1.986000125e+01 +1.986000125e+01 +2.4352e+00 -1.7062e-01 +2.7949e+00 +3.0863e+00 +1.0836e+00
7912 0 +1.119534037e-06 +1.986000112e+01 +1.986000112e+01 +2.4362e+00 -1.7062e-01 +2.7939e+00 +3.0863e+00 +1.0797e+00
7946 0 +9.997008306e-07 +1.986000100e+01 +1.986000100e+01 +2.4381e+00 -1.7160e-01 +2.7939e+00 +3.0863e+00 +1.0768e+00
7982 0 +8.663972331e-07 +1.986000087e+01 +1.986000087e+01 +2.4401e+00 -1.7062e-01 +2.7930e+00 +3.0863e+00 +1.0729e+00
8008 0 +7.892230194e-07 +1.986000079e+01 +1.986000079e+01 +2.4401e+00 -1.7160e-01 +2.7900e+00 +3.0872e+00 +1.0709e+00
8042 0 +6.968809245e-07 +1.986000070e+01 +1.986000070e+01 +2.4430e+00 -1.7062e-01 +2.7920e+00 +3.0872e+00 +1.0670e+00
8078 0 +6.221990034e-07 +1.986000062e+01 +1.986000062e+01 +2.4440e+00 -1.7160e-01 +2.7900e+00 +3.0872e+00 +1.0641e+00
8112 0 +5.618488430e-07 +1.986000056e+01 +1.986000056e+01 +2.4459e+00 -1.7160e-01 +2.7900e+00 +3.0872e+00 +1.0602e+00
8162 0 +4.962555948e-07 +1.986000050e+01 +1.986000050e+01 +2.4489e+00 -1.7160e-01 +2.7900e+00 +3.0872e+00 +1.0553e+00
8208 0 +4.453837690e-07 +1.986000045e+01 +1.986000045e+01 +2.4508e+00 -1.7257e-01 +2.7881e+00 +3.0872e+00 +1.0514e+00
8252 0 +3.943413134e-07 +1.986000039e+01 +1.986000039e+01 +2.4528e+00 -1.7257e-01 +2.7871e+00 +3.0872e+00 +1.0465e+00
8322 0 +3.505646760e-07 +1.986000035e+01 +1.986000035e+01 +2.4528e+00 -1.7404e-01 +2.7832e+00 +3.0882e+00 +1.0435e+00
8385 0 +3.143606193e-07 +1.986000031e+01 +1.986000031e+01 +2.4542e+00 -1.7453e-01 +2.7817e+00 +3.0882e+00 +1.0406e+00
8446 0 +2.818365168e-07 +1.986000028e+01 +1.986000028e+01 +2.4557e+00 -1.7453e-01 +2.7817e+00 +3.0887e+00 +1.0377e+00
8509 0 +2.502719738e-07 +1.986000025e+01 +1.986000025e+01 +2.4567e+00 -1.7502e-01 +2.7798e+00 +3.0887e+00 +1.0348e+00
8572 0 +2.230455216e-07 +1.986000022e+01 +1.986000022e+01 +2.4581e+00 -1.7502e-01 +2.7793e+00 +3.0887e+00 +1.0313e+00
8642 0 +1.989028995e-07 +1.986000020e+01 +1.986000020e+01 +2.4601e+00 -1.7502e-01 +2.7788e+00 +3.0887e+00 +1.0279e+00
8725 0 +1.767402225e-07 +1.986000018e+01 +1.986000018e+01 +2.4616e+00 -1.7599e-01 +2.7763e+00 +3.0892e+00 +1.0240e+00
8802 0 +1.572033455e-07 +1.986000016e+01 +1.986000016e+01 +2.4630e+00 -1.7648e-01 +2.7754e+00 +3.0892e+00 +1.0201e+00
8862 0 +1.411493393e-07 +1.986000014e+01 +1.986000014e+01 +2.4645e+00 -1.7648e-01 +2.7749e+00 +3.0892e+00 +1.0172e+00
8912 0 +1.256608613e-07 +1.986000013e+01 +1.986000013e+01 +2.4660e+00 -1.7599e-01 +2.7749e+00 +3.0897e+00 +1.0147e+00
8952 0 +1.107917846e-07 +1.986000011e+01 +1.986000011e+01 +2.4669e+00 -1.7648e-01 +2.7744e+00 +3.0897e+00 +1.0128e+00
8992 0 +9.735446937e-08 +1.986000010e+01 +1.986000010e+01 +2.4679e+00 -1.7648e-01 +2.7739e+00 +3.0897e+00 +1.0108e+00
9022 0 +8.847483102e-08 +1.986000009e+01 +1.986000009e+01 +2.4684e+00 -1.7697e-01 +2.7734e+00 +3.0897e+00 +1.0093e+00
9052 0 +7.892200671e-08 +1.986000008e+01 +1.986000008e+01 +2.4689e+00 -1.7697e-01 +2.7724e+00 +3.0902e+00 +1.0079e+00
9092 0 +6.919597695e-08 +1.986000007e+01 +1.986000007e+01 +2.4704e+00 -1.7648e-01 +2.7729e+00 +3.0902e+00 +1.0059e+00
9127 0 +6.285927157e-08 +1.986000006e+01 +1.986000006e+01 +2.4713e+00 -1.7648e-01 +2.7724e+00 +3.0902e+00 +1.0045e+00
9175 0 +5.558305816e-08 +1.986000006e+01 +1.986000006e+01 +2.4728e+00 -1.7648e-01 +2.7724e+00 +3.0902e+00 +1.0020e+00
9242 0 +4.976035584e-08 +1.986000005e+01 +1.986000005e+01 +2.4738e+00 -1.7697e-01 +2.7710e+00 +3.0907e+00 +9.9859e-01
9368 0 +4.441207224e-08 +1.986000004e+01 +1.986000004e+01 +2.4762e+00 -1.7795e-01 +2.7685e+00 +3.0907e+00 +9.9273e-01
9418 0 +3.952980521e-08 +1.986000004e+01 +1.986000004e+01 +2.4772e+00 -1.7844e-01 +2.7676e+00 +3.0907e+00 +9.9029e-01
9452 0 +3.465137866e-08 +1.986000003e+01 +1.986000003e+01 +2.4782e+00 -1.7844e-01 +2.7676e+00 +3.0907e+00 +9.8833e-01
9475 0 +3.122098136e-08 +1.986000003e+01 +1.986000003e+01 +2.4791e+00 -1.7795e-01 +2.7676e+00 +3.0911e+00 +9.8736e-01
9498 0 +2.786227427e-08 +1.986000003e+01 +1.986000003e+01 +2.4791e+00 -1.7893e-01 +2.7666e+00 +3.0907e+00 +9.8638e-01
9517 0 +2.493358053e-08 +1.986000002e+01 +1.986000002e+01 +2.4796e+00 -1.7844e-01 +2.7661e+00 +3.0911e+00 +9.8540e-01
9532 0 +2.222481754e-08 +1.986000002e+01 +1.986000002e+01 +2.4801e+00 -1.7844e-01 +2.7666e+00 +3.0911e+00 +9.8442e-01
9558 0 +1.962360585e-08 +1.986000002e+01 +1.986000002e+01 +2.4806e+00 -1.7844e-01 +2.7661e+00 +3.0911e+00 +9.8345e-01
9612 0 +1.747767797e-08 +1.986000002e+01 +1.986000002e+01 +2.4809e+00 -1.7893e-01 +2.7656e+00 +3.0911e+00 +9.8247e-01
9652 0 +1.578075270e-08 +1.986000002e+01 +1.986000002e+01 +2.4813e+00 -1.7893e-01 +2.7654e+00 +3.0911e+00 +9.8149e-01
9711 0 +1.410970540e-08 +1.986000001e+01 +1.986000001e+01 +2.4818e+00 -1.7917e-01 +2.7646e+00 +3.0914e+00 +9.8027e-01
9792 0 +1.250980475e-08 +1.986000001e+01 +1.986000001e+01 +2.4831e+00 -1.7893e-01 +2.7646e+00 +3.0914e+00 +9.7807e-01
10022 0 +1.113925308e-08 +1.986000001e+01 +1.986000001e+01 +2.4857e+00 -1.7941e-01 +2.7634e+00 +3.0916e+00 +9.7245e-01
10092 0 +9.887120456e-09 +1.986000001e+01 +1.986000001e+01 +2.4865e+00 -1.7966e-01 +2.7627e+00 +3.0916e+00 +9.7074e-01
14072 0 +9.983125437e-13 +1.986000000e+01 +1.986000000e+01 +2.5059e+00 -1.8274e-01 +2.7509e+00 +3.0939e+00 +9.2879e-01
50000 0 +7.176481631e-13 +1.986000000e+01 +1.986000000e+01 +2.5061e+00 -1.8280e-01 +2.7508e+00 +3.0939e+00 +9.2842e-01
% f evaluations | g evaluations | best noise-free fitness - Fopt (-1.607900000000e+02) + sum g_i+ | measured fitness | best measured fitness or single-digit g-values | x1 | x2...
1 0 +5.539024960e+01 -1.053997504e+02 -1.053997504e+02 +0.0000e+00 +0.0000e+00 +0.0000e+00 +0.0000e+00 +0.0000e+00
6 0 +4.219973731e+01 -1.185902627e+02 -1.185902627e+02 -3.1061e+00 -6.5270e-01 +1.1719e+00 -1.4812e-01 -4.1057e-01
13 0 +3.430209557e+01 -1.264879044e+02 -1.264879044e+02 -3.3854e+00 -1.9659e-01 +1.0681e+00 -6.1863e-01 +6.9183e-01
33 0 +2.338692815e+01 -1.374030718e+02 -1.374030718e+02 -1.6622e+00 +9.3345e-02 +7.0416e-01 -3.5776e-01 -8.4904e-01
105 0 +1.803511034e+01 -1.427548897e+02 -1.427548897e+02 -1.7720e-01 +2.2762e+00 +1.1719e+00 -1.4812e-01 -4.1057e-01
175 0 +1.317012154e+01 -1.476198785e+02 -1.476198785e+02 +1.0063e+00 +7.3542e-01 +2.0279e+00 +3.1434e-01 +1.5799e-01
342 0 +1.000840171e+01 -1.507815983e+02 -1.507815983e+02 -1.8697e+00 +5.5325e-01 +1.6519e+00 -2.8015e-01 -4.1223e-01
357 0 +7.575617967e+00 -1.532143820e+02 -1.532143820e+02 -1.9075e+00 +8.8392e-01 +2.2109e+00 -3.8645e-01 -5.5970e-01
1140 0 +6.768601273e+00 -1.540213987e+02 -1.540213987e+02 -1.3396e+00 +1.8342e+00 +1.6549e+00 -1.6660e-01 -5.2191e-01
1200 0 +5.109566178e+00 -1.556804338e+02 -1.556804338e+02 -1.4058e+00 +2.4138e+00 +2.2579e+00 -1.2628e+00 -2.1660e-01
1454 0 +2.866509463e+00 -1.579234905e+02 -1.579234905e+02 -1.4809e+00 +1.9249e+00 +2.2633e+00 -9.3631e-01 -3.7183e-01
1455 0 +2.275653337e+00 -1.585143467e+02 -1.585143467e+02 -1.9655e+00 +2.1650e+00 +2.0167e+00 -1.1211e+00 -2.7943e-01
1475 0 +2.123890533e+00 -1.586661095e+02 -1.586661095e+02 -1.5924e+00 +1.8759e+00 +2.0321e+00 -8.9692e-01 -4.4944e-01
1713 0 +1.994894816e+00 -1.587951052e+02 -1.587951052e+02 -1.7891e+00 +2.1231e+00 +1.6200e+00 -1.1156e+00 -5.0032e-01
50000 0 +1.954998860e+00 -1.588350011e+02 -1.588350011e+02 -1.7874e+00 +2.0070e+00 +1.7237e+00 -1.1322e+00 -6.7432e-01
% f evaluations | g evaluations | best noise-free fitness - Fopt (1.420200000000e+02) + sum g_i+ | measured fitness | best measured fitness or single-digit g-values | x1 | x2...
1 0 +3.321443486e+01 +1.752344349e+02 +1.752344349e+02 +0.0000e+00 +0.0000e+00 +0.0000e+00 +0.0000e+00 +0.0000e+00
3 0 +2.378688671e+01 +1.658068867e+02 +1.658068867e+02 -4.4739e+00 +1.5168e-01 -3.7521e-01 -1.9934e-02 -1.0121e+00
5 0 +1.991085819e+01 +1.619308582e+02 +1.619308582e+02 -3.6473e+00 +3.0830e-01 -8.0168e-01 +7.3443e-01 -4.1741e-02
16 0 +9.922093855e+00 +1.519420939e+02 +1.519420939e+02 -4.1612e+00 -1.0947e+00 -8.8814e-01 +4.8023e-01 +1.3758e-01
305 0 +8.749404205e-01 +1.428949404e+02 +1.428949404e+02 +1.6249e+00 -3.0835e-01 -3.8864e-01 -6.1741e-01 +3.3963e+00
311 0 +5.676341550e-01 +1.425876342e+02 +1.425876342e+02 -9.1269e-01 -1.8162e-01 +8.8268e-02 +3.1793e-01 +3.3147e+00
1179 0 +5.374555457e-01 +1.425574555e+02 +1.425574555e+02 -4.0048e-01 +1.0050e-01 +8.6440e-01 -6.1129e-01 +2.9594e+00
1207 0 +1.519435856e-01 +1.421719436e+02 +1.421719436e+02 -2.0057e-01 -3.6972e-01 +9.8408e-03 -7.3692e-01 +3.2806e+00
1550 0 +1.013118452e-01 +1.421213118e+02 +1.421213118e+02 -6.2515e-01 -2.6784e-01 +6.8247e-01 -9.3441e-01 +2.9150e+00
1754 0 +9.494711682e-02 +1.421149471e+02 +1.421149471e+02 -4.5904e-01 -2.5016e-01 +6.1524e-01 -6.8357e-01 +2.9289e+00
1775 0 +8.076280621e-02 +1.421007628e+02 +1.421007628e+02 -4.5904e-01 -3.1270e-01 +6.1524e-01 -6.8357e-01 +2.9289e+00
1779 0 +6.182437593e-02 +1.420818244e+02 +1.420818244e+02 -4.5904e-01 -3.1270e-01 +6.1524e-01 -7.4611e-01 +2.9289e+00
1789 0 +5.417240699e-02 +1.420741724e+02 +1.420741724e+02 -4.5904e-01 -3.1270e-01 +6.1524e-01 -8.0865e-01 +2.9289e+00
1795 0 +4.988331958e-02 +1.420698833e+02 +1.420698833e+02 -3.9650e-01 -3.7524e-01 +6.1524e-01 -8.0865e-01 +2.9289e+00
1802 0 +3.819219628e-02 +1.420581922e+02 +1.420581922e+02 -3.9650e-01 -3.7524e-01 +5.5270e-01 -8.7119e-01 +2.9915e+00
1814 0 +3.520147405e-02 +1.420552015e+02 +1.420552015e+02 -3.3396e-01 -3.7524e-01 +4.9016e-01 -8.0865e-01 +2.9915e+00
1825 0 +2.807875697e-02 +1.420480788e+02 +1.420480788e+02 -2.7142e-01 -4.3778e-01 +4.9016e-01 -8.7119e-01 +2.9915e+00
1839 0 +2.436278291e-02 +1.420443628e+02 +1.420443628e+02 -2.0888e-01 -4.3778e-01 +4.2762e-01 -9.3373e-01 +2.9915e+00
1845 0 +1.871928027e-02 +1.420387193e+02 +1.420387193e+02 -1.4634e-01 -5.0032e-01 +4.2762e-01 -9.3373e-01 +2.9915e+00
1849 0 +1.541493526e-02 +1.420354149e+02 +1.420354149e+02 -1.4634e-01 -5.0032e-01 +4.2762e-01 -9.9627e-01 +2.9915e+00
1869 0 +1.294611392e-02 +1.420329461e+02 +1.420329461e+02 -8.3798e-02 -5.6287e-01 +4.2762e-01 -1.1213e+00 +2.9915e+00
1905 0 +1.217687579e-02 +1.420321769e+02 +1.420321769e+02 -5.2527e-02 -5.9414e-01 +4.2762e-01 -1.1839e+00 +2.9915e+00
1931 0 +1.098975700e-02 +1.420309898e+02 +1.420309898e+02 -5.2527e-02 -5.9414e-01 +4.2762e-01 -1.2152e+00 +2.9758e+00
1949 0 +9.768502902e-03 +1.420297685e+02 +1.420297685e+02 -3.6892e-02 -6.2541e-01 +4.2762e-01 -1.2464e+00 +2.9758e+00
2008 0 +8.908915105e-03 +1.420289089e+02 +1.420289089e+02 -1.3440e-02 -6.4104e-01 +4.3544e-01 -1.2777e+00 +2.9680e+00
2028 0 +7.859084620e-03 +1.420278591e+02 +1.420278591e+02 -1.3440e-02 -6.4886e-01 +4.5108e-01 -1.2933e+00 +2.9524e+00
2049 0 +6.987690257e-03 +1.420269877e+02 +1.420269877e+02 -2.1257e-02 -6.5668e-01 +4.6671e-01 -1.3168e+00 +2.9446e+00
2069 0 +6.237481071e-03 +1.420262375e+02 +1.420262375e+02 -2.9075e-02 -6.5668e-01 +4.8235e-01 -1.3324e+00 +2.9367e+00
2098 0 +5.593702355e-03 +1.420255937e+02 +1.420255937e+02 -3.6892e-02 -6.5668e-01 +4.9798e-01 -1.3481e+00 +2.9289e+00
2129 0 +4.919334794e-03 +1.420249193e+02 +1.420249193e+02 -4.4710e-02 -6.6449e-01 +5.1362e-01 -1.3793e+00 +2.9211e+00
2169 0 +4.450114417e-03 +1.420244501e+02 +1.420244501e+02 -4.4710e-02 -6.7231e-01 +5.2925e-01 -1.4106e+00 +2.9133e+00
2209 0 +3.972811525e-03 +1.420239728e+02 +1.420239728e+02 -6.0345e-02 -6.8013e-01 +5.5270e-01 -1.4419e+00 +2.8977e+00
2339 0 +3.538734709e-03 +1.420235387e+02 +1.420235387e+02 -7.5980e-02 -7.0358e-01 +6.3088e-01 -1.5435e+00 +2.8508e+00
2395 0 +3.154230093e-03 +1.420231542e+02 +1.420231542e+02 -8.3798e-02 -7.1140e-01 +6.6997e-01 -1.5826e+00 +2.8273e+00
2435 0 +2.785601302e-03 +1.420227856e+02 +1.420227856e+02 -8.3798e-02 -7.1922e-01 +6.8560e-01 -1.6139e+00 +2.8195e+00
2481 0 +2.508239649e-03 +1.420225082e+02 +1.420225082e+02 -9.9433e-02 -7.1922e-01 +6.9733e-01 -1.6334e+00 +2.8156e+00
2509 0 +2.233494120e-03 +1.420222335e+02 +1.420222335e+02 -9.9433e-02 -7.2703e-01 +7.0906e-01 -1.6451e+00 +2.8078e+00
2541 0 +1.966575690e-03 +1.420219666e+02 +1.420219666e+02 -1.1116e-01 -7.2703e-01 +7.2078e-01 -1.6569e+00 +2.7999e+00
2569 0 +1.759991266e-03 +1.420217600e+02 +1.420217600e+02 -1.1507e-01 -7.3094e-01 +7.3251e-01 -1.6686e+00 +2.7960e+00
2598 0 +1.562435577e-03 +1.420215624e+02 +1.420215624e+02 -1.1898e-01 -7.3094e-01 +7.4423e-01 -1.6764e+00 +2.7882e+00
2628 0 +1.400096221e-03 +1.420214001e+02 +1.420214001e+02 -1.2679e-01 -7.3094e-01 +7.5596e-01 -1.6881e+00 +2.7843e+00
2659 0 +1.238261674e-03 +1.420212383e+02 +1.420212383e+02 -1.2679e-01 -7.3485e-01 +7.6769e-01 -1.7038e+00 +2.7765e+00
2699 0 +1.110303526e-03 +1.420211103e+02 +1.420211103e+02 -1.3852e-01 -7.3876e-01 +7.7941e-01 -1.7194e+00 +2.7687e+00
2749 0 +9.990871815e-04 +1.420209991e+02 +1.420209991e+02 -1.4634e-01 -7.3876e-01 +7.9896e-01 -1.7389e+00 +2.7609e+00
2889 0 +8.901074177e-04 +1.420208901e+02 +1.420208901e+02 -1.6197e-01 -7.5049e-01 +8.4195e-01 -1.7937e+00 +2.7374e+00
2996 0 +7.934963349e-04 +1.420207935e+02 +1.420207935e+02 -1.7370e-01 -7.5830e-01 +8.7322e-01 -1.8327e+00 +2.7179e+00
3039 0 +7.066887381e-04 +1.420207067e+02 +1.420207067e+02 -1.7761e-01 -7.6221e-01 +8.8886e-01 -1.8523e+00 +2.7100e+00
3079 0 +6.295191403e-04 +1.420206295e+02 +1.420206295e+02 -1.7761e-01 -7.7003e-01 +9.0059e-01 -1.8679e+00 +2.7022e+00
3109 0 +5.556612605e-04 +1.420205557e+02 +1.420205557e+02 -1.8543e-01 -7.6612e-01 +9.1231e-01 -1.8797e+00 +2.6983e+00
3139 0 +4.995324802e-04 +1.420204995e+02 +1.420204995e+02 -1.9324e-01 -7.7003e-01 +9.2013e-01 -1.8914e+00 +2.6944e+00
3179 0 +4.458048097e-04 +1.420204458e+02 +1.420204458e+02 -1.9324e-01 -7.7394e-01 +9.2795e-01 -1.9070e+00 +2.6905e+00
3209 0 +3.899450492e-04 +1.420203899e+02 +1.420203899e+02 -1.8933e-01 -7.8176e-01 +9.3576e-01 -1.9187e+00 +2.6827e+00
3229 0 +3.542603179e-04 +1.420203543e+02 +1.420203543e+02 -1.9715e-01 -7.8176e-01 +9.4358e-01 -1.9266e+00 +2.6788e+00
3281 0 +3.150975556e-04 +1.420203151e+02 +1.420203151e+02 -1.9324e-01 -7.8567e-01 +9.5140e-01 -1.9461e+00 +2.6710e+00
3319 0 +2.808876724e-04 +1.420202809e+02 +1.420202809e+02 -2.0106e-01 -7.8957e-01 +9.6313e-01 -1.9617e+00 +2.6670e+00
3371 0 +2.506564063e-04 +1.420202507e+02 +1.420202507e+02 -2.0106e-01 -7.9348e-01 +9.7876e-01 -1.9813e+00 +2.6553e+00
3421 0 +2.237824399e-04 +1.420202238e+02 +1.420202238e+02 -2.0888e-01 -7.9739e-01 +9.9440e-01 -2.0008e+00 +2.6475e+00
3469 0 +1.974968696e-04 +1.420201975e+02 +1.420201975e+02 -2.0888e-01 -8.0521e-01 +1.0100e+00 -2.0204e+00 +2.6397e+00
3518 0 +1.732936680e-04 +1.420201733e+02 +1.420201733e+02 -2.1279e-01 -8.0912e-01 +1.0218e+00 -2.0360e+00 +2.6319e+00
3561 0 +1.573545188e-04 +1.420201574e+02 +1.420201574e+02 -2.1865e-01 -8.0912e-01 +1.0276e+00 -2.0497e+00 +2.6299e+00
3608 0 +1.410785070e-04 +1.420201411e+02 +1.420201411e+02 -2.2061e-01 -8.1303e-01 +1.0374e+00 -2.0575e+00 +2.6240e+00
3658 0 +1.251679306e-04 +1.420201252e+02 +1.420201252e+02 -2.2842e-01 -8.1498e-01 +1.0472e+00 -2.0673e+00 +2.6182e+00
3709 0 +1.114856850e-04 +1.420201115e+02 +1.420201115e+02 -2.3233e-01 -8.1498e-01 +1.0569e+00 -2.0790e+00 +2.6143e+00
3768 0 +9.999859057e-05 +1.420201000e+02 +1.420201000e+02 -2.4015e-01 -8.1694e-01 +1.0687e+00 -2.0888e+00 +2.6084e+00
3838 0 +8.889460489e-05 +1.420200889e+02 +1.420200889e+02 -2.4601e-01 -8.1889e-01 +1.0804e+00 -2.1025e+00 +2.6025e+00
3889 0 +7.918336547e-05 +1.420200792e+02 +1.420200792e+02 -2.4992e-01 -8.2084e-01 +1.0902e+00 -2.1142e+00 +2.5967e+00
3939 0 +7.011361274e-05 +1.420200701e+02 +1.420200701e+02 -2.5188e-01 -8.2280e-01 +1.0999e+00 -2.1240e+00 +2.5908e+00
3989 0 +6.236332476e-05 +1.420200624e+02 +1.420200624e+02 -2.5383e-01 -8.2475e-01 +1.1058e+00 -2.1337e+00 +2.5869e+00
4029 0 +5.501614967e-05 +1.420200550e+02 +1.420200550e+02 -2.5578e-01 -8.2671e-01 +1.1136e+00 -2.1415e+00 +2.5830e+00
4068 0 +4.985766540e-05 +1.420200499e+02 +1.420200499e+02 -2.6165e-01 -8.2671e-01 +1.1195e+00 -2.1474e+00 +2.5811e+00
4109 0 +4.449243667e-05 +1.420200445e+02 +1.420200445e+02 -2.6165e-01 -8.2866e-01 +1.1234e+00 -2.1572e+00 +2.5791e+00
4148 0 +3.898361808e-05 +1.420200390e+02 +1.420200390e+02 -2.6165e-01 -8.3257e-01 +1.1292e+00 -2.1630e+00 +2.5732e+00
4191 0 +3.494174032e-05 +1.420200349e+02 +1.420200349e+02 -2.6165e-01 -8.3257e-01 +1.1332e+00 -2.1728e+00 +2.5713e+00
4235 0 +3.145908246e-05 +1.420200315e+02 +1.420200315e+02 -2.6165e-01 -8.3648e-01 +1.1390e+00 -2.1806e+00 +2.5674e+00
4299 0 +2.806401758e-05 +1.420200281e+02 +1.420200281e+02 -2.6556e-01 -8.3843e-01 +1.1488e+00 -2.1943e+00 +2.5635e+00
4425 0 +2.508300722e-05 +1.420200251e+02 +1.420200251e+02 -2.6556e-01 -8.4625e-01 +1.1625e+00 -2.2178e+00 +2.5537e+00
4489 0 +2.230540778e-05 +1.420200223e+02 +1.420200223e+02 -2.6946e-01 -8.4821e-01 +1.1722e+00 -2.2314e+00 +2.5498e+00
4519 0 +1.984015023e-05 +1.420200198e+02 +1.420200198e+02 -2.6946e-01 -8.5016e-01 +1.1781e+00 -2.2373e+00 +2.5459e+00
4539 0 +1.776066799e-05 +1.420200178e+02 +1.420200178e+02 -2.7337e-01 -8.5016e-01 +1.1820e+00 -2.2412e+00 +2.5439e+00
4578 0 +1.567208705e-05 +1.420200157e+02 +1.420200157e+02 -2.7533e-01 -8.5212e-01 +1.1859e+00 -2.2471e+00 +2.5420e+00
4596 0 +1.405256936e-05 +1.420200141e+02 +1.420200141e+02 -2.7533e-01 -8.5212e-01 +1.1879e+00 -2.2510e+00 +2.5400e+00
4609 0 +1.244551316e-05 +1.420200124e+02 +1.420200124e+02 -2.7533e-01 -8.5407e-01 +1.1918e+00 -2.2549e+00 +2.5381e+00
4634 0 +1.121489495e-05 +1.420200112e+02 +1.420200112e+02 -2.7728e-01 -8.5407e-01 +1.1937e+00 -2.2588e+00 +2.5361e+00
4681 0 +9.487469782e-06 +1.420200095e+02 +1.420200095e+02 -2.7728e-01 -8.5602e-01 +1.1977e+00 -2.2686e+00 +2.5341e+00
4701 0 +8.742282660e-06 +1.420200087e+02 +1.420200087e+02 -2.7533e-01 -8.5798e-01 +1.1996e+00 -2.2725e+00 +2.5322e+00
4718 0 +7.917769551e-06 +1.420200079e+02 +1.420200079e+02 -2.7728e-01 -8.5993e-01 +1.2035e+00 -2.2744e+00 +2.5302e+00
4789 0 +7.075831093e-06 +1.420200071e+02 +1.420200071e+02 -2.8021e-01 -8.6091e-01 +1.2084e+00 -2.2832e+00 +2.5283e+00
4981 0 +6.295917274e-06 +1.420200063e+02 +1.420200063e+02 -2.8999e-01 -8.6384e-01 +1.2270e+00 -2.3018e+00 +2.5175e+00
5049 0 +5.599424611e-06 +1.420200056e+02 +1.420200056e+02 -2.9292e-01 -8.6482e-01 +1.2338e+00 -2.3086e+00 +2.5146e+00
5089 0 +5.008975108e-06 +1.420200050e+02 +1.420200050e+02 -2.9487e-01 -8.6580e-01 +1.2377e+00 -2.3126e+00 +2.5126e+00
5119 0 +4.422486882e-06 +1.420200044e+02 +1.420200044e+02 -2.9585e-01 -8.6580e-01 +1.2407e+00 -2.3155e+00 +2.5107e+00
5149 0 +3.937701194e-06 +1.420200039e+02 +1.420200039e+02 -2.9780e-01 -8.6580e-01 +1.2436e+00 -2.3184e+00 +2.5097e+00
5181 0 +3.474451375e-06 +1.420200035e+02 +1.420200035e+02 -2.9878e-01 -8.6677e-01 +1.2455e+00 -2.3213e+00 +2.5078e+00
5205 0 +3.162028662e-06 +1.420200032e+02 +1.420200032e+02 -2.9878e-01 -8.6775e-01 +1.2475e+00 -2.3233e+00 +2.5068e+00
5236 0 +2.817010056e-06 +1.420200028e+02 +1.420200028e+02 -2.9976e-01 -8.6775e-01 +1.2494e+00 -2.3262e+00 +2.5058e+00
5259 0 +2.499097832e-06 +1.420200025e+02 +1.420200025e+02 -3.0074e-01 -8.6775e-01 +1.2524e+00 -2.3292e+00 +2.5048e+00
5295 0 +2.233273193e-06 +1.420200022e+02 +1.420200022e+02 -3.0171e-01 -8.6970e-01 +1.2543e+00 -2.3321e+00 +2.5029e+00
5339 0 +1.984024948e-06 +1.420200020e+02 +1.420200020e+02 -3.0367e-01 -8.6970e-01 +1.2573e+00 -2.3370e+00 +2.5019e+00
5389 0 +1.776737832e-06 +1.420200018e+02 +1.420200018e+02 -3.0269e-01 -8.7166e-01 +1.2612e+00 -2.3419e+00 +2.4990e+00
5518 0 +1.584428531e-06 +1.420200016e+02 +1.420200016e+02 -3.0562e-01 -8.7361e-01 +1.2700e+00 -2.3536e+00 +2.4951e+00
5598 0 +1.388876882e-06 +1.420200014e+02 +1.420200014e+02 -3.0562e-01 -8.7655e-01 +1.2749e+00 -2.3614e+00 +2.4911e+00
5629 0 +1.245204771e-06 +1.420200012e+02 +1.420200012e+02 -3.0758e-01 -8.7655e-01 +1.2778e+00 -2.3653e+00 +2.4902e+00
5679 0 +1.087744835e-06 +1.420200011e+02 +1.420200011e+02 -3.0660e-01 -8.7948e-01 +1.2797e+00 -2.3702e+00 +2.4882e+00
5711 0 +9.712693156e-07 +1.420200010e+02 +1.420200010e+02 -3.0758e-01 -8.7850e-01 +1.2817e+00 -2.3731e+00 +2.4872e+00
5739 0 +8.638752718e-07 +1.420200009e+02 +1.420200009e+02 -3.0660e-01 -8.8045e-01 +1.2836e+00 -2.3761e+00 +2.4863e+00
5758 0 +7.866215412e-07 +1.420200008e+02 +1.420200008e+02 -3.0855e-01 -8.8045e-01 +1.2856e+00 -2.3770e+00 +2.4853e+00
5789 0 +6.998342030e-07 +1.420200007e+02 +1.420200007e+02 -3.0855e-01 -8.8143e-01 +1.2866e+00 -2.3810e+00 +2.4843e+00
5818 0 +6.285213772e-07 +1.420200006e+02 +1.420200006e+02 -3.0953e-01 -8.8143e-01 +1.2895e+00 -2.3829e+00 +2.4833e+00
5845 0 +5.586293810e-07 +1.420200006e+02 +1.420200006e+02 -3.0953e-01 -8.8241e-01 +1.2915e+00 -2.3858e+00 +2.4814e+00
5898 0 +4.954553106e-07 +1.420200005e+02 +1.420200005e+02 -3.1051e-01 -8.8339e-01 +1.2944e+00 -2.3907e+00 +2.4804e+00
5969 0 +4.435338781e-07 +1.420200004e+02 +1.420200004e+02 -3.1197e-01 -8.8485e-01 +1.2968e+00 -2.3941e+00 +2.4784e+00
6028 0 +3.958609796e-07 +1.420200004e+02 +1.420200004e+02 -3.1393e-01 -8.8485e-01 +1.2998e+00 -2.3966e+00 +2.4770e+00
6078 0 +3.545750360e-07 +1.420200004e+02 +1.420200004e+02 -3.1490e-01 -8.8534e-01 +1.3022e+00 -2.3990e+00 +2.4755e+00
6128 0 +3.128405979e-07 +1.420200003e+02 +1.420200003e+02 -3.1637e-01 -8.8534e-01 +1.3047e+00 -2.4015e+00 +2.4745e+00
6169 0 +2.788907807e-07 +1.420200003e+02 +1.420200003e+02 -3.1784e-01 -8.8583e-01 +1.3066e+00 -2.4039e+00 +2.4736e+00
6209 0 +2.507349279e-07 +1.420200003e+02 +1.420200003e+02 -3.1832e-01 -8.8583e-01 +1.3086e+00 -2.4059e+00 +2.4726e+00
6261 0 +2.231905967e-07 +1.420200002e+02 +1.420200002e+02 -3.1930e-01 -8.8632e-01 +1.3105e+00 -2.4083e+00 +2.4711e+00
6315 0 +1.992183343e-07 +1.420200002e+02 +1.420200002e+02 -3.2028e-01 -8.8729e-01 +1.3130e+00 -2.4108e+00 +2.4696e+00
6379 0 +1.765381796e-07 +1.420200002e+02 +1.420200002e+02 -3.2174e-01 -8.8729e-01 +1.3159e+00 -2.4142e+00 +2.4687e+00
6449 0 +1.581610718e-07 +1.420200002e+02 +1.420200002e+02 -3.2126e-01 -8.8876e-01 +1.3178e+00 -2.4176e+00 +2.4672e+00
6499 0 +1.401139684e-07 +1.420200001e+02 +1.420200001e+02 -3.2223e-01 -8.8876e-01 +1.3198e+00 -2.4200e+00 +2.4662e+00
6539 0 +1.251279684e-07 +1.420200001e+02 +1.420200001e+02 -3.2272e-01 -8.8974e-01 +1.3213e+00 -2.4220e+00 +2.4653e+00
6569 0 +1.118837361e-07 +1.420200001e+02 +1.420200001e+02 -3.2321e-01 -8.8925e-01 +1.3227e+00 -2.4235e+00 +2.4648e+00
6601 0 +9.886676366e-08 +1.420200001e+02 +1.420200001e+02 -3.2419e-01 -8.8974e-01 +1.3237e+00 -2.4249e+00 +2.4638e+00
6651 0 +8.875386470e-08 +1.420200001e+02 +1.420200001e+02 -3.2370e-01 -8.9071e-01 +1.3242e+00 -2.4274e+00 +2.4633e+00
6669 0 +7.915949141e-08 +1.420200001e+02 +1.420200001e+02 -3.2321e-01 -8.9120e-01 +1.3252e+00 -2.4283e+00 +2.4628e+00
6698 0 +7.048279826e-08 +1.420200001e+02 +1.420200001e+02 -3.2419e-01 -8.9120e-01 +1.3266e+00 -2.4293e+00 +2.4623e+00
6748 0 +6.290883903e-08 +1.420200001e+02 +1.420200001e+02 -3.2370e-01 -8.9267e-01 +1.3276e+00 -2.4318e+00 +2.4613e+00
6781 0 +5.601140174e-08 +1.420200001e+02 +1.420200001e+02 -3.2419e-01 -8.9218e-01 +1.3286e+00 -2.4337e+00 +2.4609e+00
6848 0 +5.007564141e-08 +1.420200001e+02 +1.420200001e+02 -3.2517e-01 -8.9316e-01 +1.3310e+00 -2.4367e+00 +2.4599e+00
6939 0 +4.431228717e-08 +1.420200000e+02 +1.420200000e+02 -3.2565e-01 -8.9413e-01 +1.3349e+00 -2.4415e+00 +2.4574e+00
7021 0 +3.965382689e-08 +1.420200000e+02 +1.420200000e+02 -3.2663e-01 -8.9462e-01 +1.3362e+00 -2.4442e+00 +2.4567e+00
7059 0 +3.535018323e-08 +1.420200000e+02 +1.420200000e+02 -3.2663e-01 -8.9536e-01 +1.3371e+00 -2.4452e+00 +2.4560e+00
7098 0 +3.147948746e-08 +1.420200000e+02 +1.420200000e+02 -3.2736e-01 -8.9511e-01 +1.3381e+00 -2.4459e+00 +2.4557e+00
7128 0 +2.773728625e-08 +1.420200000e+02 +1.420200000e+02 -3.2785e-01 -8.9536e-01 +1.3389e+00 -2.4467e+00 +2.4552e+00
7151 0 +2.503864494e-08 +1.420200000e+02 +1.420200000e+02 -3.2810e-01 -8.9536e-01 +1.3393e+00 -2.4474e+00 +2.4547e+00
7179 0 +2.204205884e-08 +1.420200000e+02 +1.420200000e+02 -3.2810e-01 -8.9560e-01 +1.3401e+00 -2.4481e+00 +2.4545e+00
7208 0 +1.989926091e-08 +1.420200000e+02 +1.420200000e+02 -3.2883e-01 -8.9560e-01 +1.3408e+00 -2.4486e+00 +2.4543e+00
7231 0 +1.774779435e-08 +1.420200000e+02 +1.420200000e+02 -3.2907e-01 -8.9560e-01 +1.3413e+00 -2.4494e+00 +2.4538e+00
7268 0 +1.551379114e-08 +1.420200000e+02 +1.420200000e+02 -3.2932e-01 -8.9584e-01 +1.3423e+00 -2.4501e+00 +2.4533e+00
7299 0 +1.407590844e-08 +1.420200000e+02 +1.420200000e+02 -3.2981e-01 -8.9584e-01 +1.3430e+00 -2.4511e+00 +2.4530e+00
7359 0 +1.252541892e-08 +1.420200000e+02 +1.420200000e+02 -3.3078e-01 -8.9609e-01 +1.3445e+00 -2.4525e+00 +2.4523e+00
7541 0 +1.121819082e-08 +1.420200000e+02 +1.420200000e+02 -3.3201e-01 -8.9707e-01 +1.3479e+00 -2.4569e+00 +2.4501e+00
7599 0 +9.940265500e-09 +1.420200000e+02 +1.420200000e+02 -3.3249e-01 -8.9731e-01 +1.3491e+00 -2.4584e+00 +2.4496e+00
50000 0 +2.125943865e-11 +1.420200000e+02 +1.420200000e+02 -3.3996e-01 -9.0403e-01 +1.3721e+00 -2.4888e+00 +2.4366e+00
% f evaluations | g evaluations | best noise-free fitness - Fopt (6.289000000000e+01) + sum g_i+ | measured fitness | best measured fitness or single-digit g-values | x1 | x2...
1 0 +7.544469122e+01 +1.383346912e+02 +1.383346912e+02 +0.0000e+00 +0.0000e+00 +0.0000e+00 +0.0000e+00 +0.0000e+00
2 0 +3.988278987e+01 +1.027727899e+02 +1.027727899e+02 -2.7186e+00 -7.1789e-01 +5.1803e-01 +6.4926e-01 -1.3468e+00
6 0 +3.434650071e+01 +9.723650071e+01 +9.723650071e+01 -3.1061e+00 -6.5270e-01 +1.1719e+00 -1.4812e-01 -4.1057e-01
25 0 +3.083608423e+01 +9.372608423e+01 +9.372608423e+01 -3.4276e+00 +2.1912e-01 +2.0579e-02 +1.5085e+00 -2.2541e-01
292 0 +1.347760260e+01 +7.636760260e+01 +7.636760260e+01 -3.6414e-01 -1.2860e+00 +5.9333e-01 -2.0759e-01 -4.3029e+00
894 0 +1.191646487e+01 +7.480646487e+01 +7.480646487e+01 -3.7407e+00 +7.9698e-02 +1.9260e+00 +1.5285e+00 -5.3180e-01
1690 0 +1.119185127e+01 +7.408185127e+01 +7.408185127e+01 -3.7943e+00 -2.5016e-01 +1.8729e+00 +1.7891e+00 -3.0832e-01
50000 0 +1.112561845e+01 +7.401561845e+01 +7.401561845e+01 -3.7799e+00 -2.2505e-01 +1.9258e+00 +1.6895e+00 -3.2865e-01
% f evaluations | g evaluations | best noise-free fitness - Fopt (-1.316100000000e+02) + sum g_i+ | measured fitness | best measured fitness or single-digit g-values | x1 | x2...
1 0 +7.363406154e+01 -5.797593846e+01 -5.797593846e+01 +0.0000e+00 +0.0000e+00 +0.0000e+00 +0.0000e+00 +0.0000e+00
4 0 +7.183327308e+01 -5.977672692e+01 -5.977672692e+01 -1.8967e+00 +9.1297e-01 +7.7507e-02 +1.3232e+00 +5.4876e-01
9 0 +6.622758282e+01 -6.538241718e+01 -6.538241718e+01 -1.8648e+00 -1.0740e-01 -7.9189e-01 -7.7712e-01 +6.1322e-01
14 0 +5.960149954e+01 -7.200850046e+01 -7.200850046e+01 -3.8416e+00 -1.8162e-01 +8.8268e-02 +3.1793e-01 +3.8573e-01
26 0 +4.988776812e+01 -8.172223188e+01 -8.172223188e+01 -3.8363e+00 +1.5893e-01 +1.9503e-01 +1.2049e+00 +7.4033e-01
29 0 +3.774651046e+01 -9.386348954e+01 -9.386348954e+01 -3.3204e+00 +1.2086e-01 +3.2310e-01 +7.6974e-01 +1.1233e+00
68 0 +1.275680567e+01 -1.188531943e+02 -1.188531943e+02 +2.1034e-01 -3.6468e+00 +5.1803e-01 +6.4926e-01 -1.3468e+00
84 0 +3.367141930e+00 -1.282428581e+02 -1.282428581e+02 +5.2340e-01 -3.6874e+00 -4.1601e-01 -4.3742e-01 -1.3703e+00
866 0 +2.234892873e+00 -1.293751071e+02 -1.293751071e+02 +8.5378e-01 -3.0910e+00 -2.0421e-01 -1.8634e+00 -1.8775e+00
877 0 +1.572051726e+00 -1.300379483e+02 -1.300379483e+02 +5.2913e-01 -3.4390e+00 +1.3576e-02 -1.0166e+00 -1.6379e+00
1393 0 +9.257279597e-01 -1.306842720e+02 -1.306842720e+02 +9.0652e-01 -3.4216e+00 +2.1695e-01 -1.2940e+00 -1.8673e+00
1412 0 +8.463150435e-01 -1.307636850e+02 -1.307636850e+02 +8.6506e-01 -3.6937e+00 +5.3845e-02 -1.2063e+00 -1.9187e+00
1415 0 +7.837047017e-01 -1.308262953e+02 -1.308262953e+02 +1.0075e+00 -3.7042e+00 +8.9203e-02 -1.3265e+00 -1.8130e+00
1722 0 +6.963847145e-01 -1.309136153e+02 -1.309136153e+02 +8.6541e-01 -3.7376e+00 +2.5016e-01 -1.2888e+00 -1.7479e+00
50000 0 +6.918569112e-01 -1.309181431e+02 -1.309181431e+02 +8.6652e-01 -3.7043e+00 +2.1858e-01 -1.3002e+00 -1.7619e+00
% f evaluations | g evaluations | best noise-free fitness - Fopt (1.153900000000e+02) + sum g_i+ | measured fitness | best measured fitness or single-digit g-values | x1 | x2...
1 0 +6.670020130e+01 +1.820902013e+02 +1.820902013e+02 +0.0000e+00 +0.0000e+00 +0.0000e+00 +0.0000e+00 +0.0000e+00
12 0 +4.132320961e+01 +1.567132096e+02 +1.567132096e+02 -2.5794e+00 +7.6323e-01 -1.7617e+00 -3.8649e-01 -5.6869e-01
59 0 +3.643143649e+01 +1.518214365e+02 +1.518214365e+02 +2.0216e+00 +1.5893e-01 +1.9503e-01 +1.2049e+00 +7.4033e-01
70 0 +3.212250481e+01 +1.475125048e+02 +1.475125048e+02 +1.0322e+00 -2.0160e+00 +7.7507e-02 +1.3232e+00 +5.4876e-01
342 0 +2.548200705e+01 +1.408720070e+02 +1.408720070e+02 -1.8697e+00 -2.3757e+00 -1.2770e+00 -2.8015e-01 -4.1223e-01
1227 0 +2.218616037e+01 +1.375761604e+02 +1.375761604e+02 +1.4715e+00 -1.0544e+00 +4.4634e-01 +1.0592e+00 -1.5638e-01
1692 0 +1.976688806e+01 +1.351568881e+02 +1.351568881e+02 +1.0387e+00 -1.3062e+00 +5.0032e-01 +1.5010e+00 +1.1941e+00
1718 0 +1.720048502e+01 +1.325904850e+02 +1.325904850e+02 +1.2888e+00 -8.0583e-01 +7.5049e-01 +1.5010e+00 +6.9373e-01
1730 0 +1.427519468e+01 +1.296651947e+02 +1.296651947e+02 +1.5390e+00 -5.5566e-01 +1.0006e+00 +1.7511e+00 +6.9373e-01
1734 0 +1.372696915e+01 +1.291169691e+02 +1.291169691e+02 +1.7891e+00 -5.5566e-01 +1.0006e+00 +1.7511e+00 +6.9373e-01
1740 0 +1.225481005e+01 +1.276448100e+02 +1.276448100e+02 +1.7891e+00 -5.5566e-01 +1.2508e+00 +2.0013e+00 +6.9373e-01
1758 0 +1.108566037e+01 +1.264756604e+02 +1.264756604e+02 +1.9142e+00 -4.3058e-01 +1.3759e+00 +2.0013e+00 +9.4389e-01
1771 0 +9.991174631e+00 +1.253811746e+02 +1.253811746e+02 +2.0393e+00 -3.0550e-01 +1.5010e+00 +2.1264e+00 +8.1881e-01
1788 0 +8.812232031e+00 +1.242022320e+02 +1.242022320e+02 +2.2895e+00 -5.5339e-02 +1.7511e+00 +2.2515e+00 +8.1881e-01
1818 0 +7.833711088e+00 +1.232237111e+02 +1.232237111e+02 +2.5396e+00 +6.9742e-02 +2.1264e+00 +2.5016e+00 +8.1881e-01
1841 0 +7.062055772e+00 +1.224520558e+02 +1.224520558e+02 +2.7898e+00 +3.1990e-01 +2.3765e+00 +2.6267e+00 +5.6865e-01
1860 0 +6.286274111e+00 +1.216762741e+02 +1.216762741e+02 +3.0400e+00 +4.4499e-01 +2.6267e+00 +2.8769e+00 +6.9373e-01
1874 0 +5.455400008e+00 +1.208454000e+02 +1.208454000e+02 +3.2901e+00 +5.7007e-01 +2.7518e+00 +2.8769e+00 +5.6865e-01
1888 0 +4.875249492e+00 +1.202652495e+02 +1.202652495e+02 +3.4152e+00 +6.9515e-01 +3.0019e+00 +3.0019e+00 +5.6865e-01
1914 0 +4.465849786e+00 +1.198558498e+02 +1.198558498e+02 +3.6028e+00 +8.2023e-01 +3.0019e+00 +3.0019e+00 +4.4356e-01
1938 0 +3.944998024e+00 +1.193349980e+02 +1.193349980e+02 +3.6654e+00 +8.8277e-01 +3.1896e+00 +3.0645e+00 +3.8102e-01
1964 0 +3.473338137e+00 +1.188633381e+02 +1.188633381e+02 +3.8530e+00 +9.4531e-01 +3.3147e+00 +3.1270e+00 +2.5594e-01
1994 0 +3.080793490e+00 +1.184707935e+02 +1.184707935e+02 +4.0406e+00 +1.0704e+00 +3.5023e+00 +3.1896e+00 +1.3086e-01
2054 0 +2.778237821e+00 +1.181682378e+02 +1.181682378e+02 +4.2908e+00 +1.2580e+00 +3.7524e+00 +3.3147e+00 +5.7805e-03
50000 0 +2.590547730e+00 +1.179805477e+02 +1.179805477e+02 +4.7394e+00 +1.5981e+00 +4.1596e+00 +3.4682e+00 -2.3455e-01
