% f evaluations | g evaluations | best noise-free fitness - Fopt (1.238300000000e+02) + sum g_i+ | measured fitness | best measured fitness or single-digit g-values | x1 | x2...
1 0 +1.235000000e+02 +2.473300000e+02 +2.473300000e+02
1052 0 +1.163166902e+02 +2.401466902e+02 +2.401466902e+02
1058 0 +9.872392205e+01 +2.225539221e+02 +2.225539221e+02
1134 0 +8.595562292e+01 +2.097856229e+02 +2.097856229e+02
1148 0 +7.266286135e+01 +1.964928613e+02 +1.964928613e+02
1160 0 +7.022639311e+01 +1.940563931e+02 +1.940563931e+02
1188 0 +5.714662687e+01 +1.809766269e+02 +1.809766269e+02
1202 0 +5.617578534e+01 +1.800057853e+02 +1.800057853e+02
1209 0 +4.618615727e+01 +1.700161573e+02 +1.700161573e+02
1216 0 +4.341146069e+01 +1.672414607e+02 +1.672414607e+02
1260 0 +3.749513444e+01 +1.613251344e+02 +1.613251344e+02
1281 0 +3.530066359e+01 +1.591306636e+02 +1.591306636e+02
1308 0 +3.087841506e+01 +1.547084151e+02 +1.547084151e+02
1403 0 +2.768297602e+01 +1.515129760e+02 +1.515129760e+02
1416 0 +2.460507162e+01 +1.484350716e+02 +1.484350716e+02
1426 0 +2.227097749e+01 +1.461009775e+02 +1.461009775e+02
1442 0 +1.969055115e+01 +1.435205511e+02 +1.435205511e+02
1551 0 +1.758648514e+01 +1.414164851e+02 +1.414164851e+02
2200 0 +1.581778895e+01 +1.396477889e+02 +1.396477889e+02
4122 0 +1.412519559e+01 +1.379551956e+02 +1.379551956e+02
5840 0 +1.258774007e+01 +1.364177401e+02 +1.364177401e+02
8170 0 +1.121777855e+01 +1.350477785e+02 +1.350477785e+02
10239 0 +9.999801287e+00 +1.338298013e+02 +1.338298013e+02
12153 0 +8.911501713e+00 +1.327415017e+02 +1.327415017e+02
14017 0 +7.940057578e+00 +1.317700576e+02 +1.317700576e+02
15690 0 +7.078667433e+00 +1.309086674e+02 +1.309086674e+02
17405 0 +6.308654931e+00 +1.301386549e+02 +1.301386549e+02
18884 0 +5.621510993e+00 +1.294515110e+02 +1.294515110e+02
20447 0 +5.011688943e+00 +1.288416889e+02 +1.288416889e+02
22382 0 +4.463634806e+00 +1.282936348e+02 +1.282936348e+02
24262 0 +3.976578942e+00 +1.278065789e+02 +1.278065789e+02
25964 0 +3.548120062e+00 +1.273781201e+02 +1.273781201e+02
27422 0 +3.161428019e+00 +1.269914280e+02 +1.269914280e+02
28796 0 +2.816605054e+00 +1.266466051e+02 +1.266466051e+02
30156 0 +2.511782345e+00 +1.263417823e+02 +1.263417823e+02
31409 0 +2.237465022e+00 +1.260674650e+02 +1.260674650e+02
32516 0 +1.993518920e+00 +1.258235189e+02 +1.258235189e+02
33505 0 +1.776668550e+00 +1.256066686e+02 +1.256066686e+02
34396 0 +1.582833439e+00 +1.254128334e+02 +1.254128334e+02
35196 0 +1.410420874e+00 +1.252404209e+02 +1.252404209e+02
35916 0 +1.256718601e+00 +1.250867186e+02 +1.250867186e+02
36550 0 +1.121454731e+00 +1.249514547e+02 +1.249514547e+02
37156 0 +9.985330141e-01 +1.248285330e+02 +1.248285330e+02
37790 0 +8.910310718e-01 +1.247210311e+02 +1.247210311e+02
38339 0 +7.929945811e-01 +1.246229946e+02 +1.246229946e+02
38921 0 +7.074794725e-01 +1.245374795e+02 +1.245374795e+02
39627 0 +6.300659907e-01 +1.244600660e+02 +1.244600660e+02
40323 0 +5.621272772e-01 +1.243921273e+02 +1.243921273e+02
41065 0 +5.008963836e-01 +1.243308964e+02 +1.243308964e+02
41905 0 +4.458956513e-01 +1.242758957e+02 +1.242758957e+02
42796 0 +3.980736358e-01 +1.242280736e+02 +1.242280736e+02
43702 0 +3.546311460e-01 +1.241846311e+02 +1.241846311e+02
44505 0 +3.158807407e-01 +1.241458807e+02 +1.241458807e+02
45425 0 +2.816441498e-01 +1.241116441e+02 +1.241116441e+02
46259 0 +2.511827679e-01 +1.240811828e+02 +1.240811828e+02
47347 0 +2.238505850e-01 +1.240538506e+02 +1.240538506e+02
48716 0 +1.994839461e-01 +1.240294839e+02 +1.240294839e+02
50105 0 +1.777827990e-01 +1.240077828e+02 +1.240077828e+02
51452 0 +1.584596913e-01 +1.239884597e+02 +1.239884597e+02
52707 0 +1.411326171e-01 +1.239711326e+02 +1.239711326e+02
53907 0 +1.258083015e-01 +1.239558083e+02 +1.239558083e+02
55132 0 +1.122005302e-01 +1.239422005e+02 +1.239422005e+02
56334 0 +9.995834318e-02 +1.239299583e+02 +1.239299583e+02
57747 0 +8.910364448e-02 +1.239191036e+02 +1.239191036e+02
58987 0 +7.939416797e-02 +1.239093942e+02 +1.239093942e+02
60465 0 +7.074972671e-02 +1.239007497e+02 +1.239007497e+02
62142 0 +6.309005534e-02 +1.238930901e+02 +1.238930901e+02
63903 0 +5.622085201e-02 +1.238862209e+02 +1.238862209e+02
65574 0 +5.010675441e-02 +1.238801068e+02 +1.238801068e+02
67212 0 +4.464044346e-02 +1.238746404e+02 +1.238746404e+02
68833 0 +3.980858317e-02 +1.238698086e+02 +1.238698086e+02
70337 0 +3.547540323e-02 +1.238654754e+02 +1.238654754e+02
71905 0 +3.157567993e-02 +1.238615757e+02 +1.238615757e+02
74385 0 +2.817104038e-02 +1.238581710e+02 +1.238581710e+02
76883 0 +2.511583066e-02 +1.238551158e+02 +1.238551158e+02
79236 0 +2.238683571e-02 +1.238523868e+02 +1.238523868e+02
81467 0 +1.995095384e-02 +1.238499510e+02 +1.238499510e+02
83606 0 +1.777999876e-02 +1.238477800e+02 +1.238477800e+02
85638 0 +1.584821727e-02 +1.238458482e+02 +1.238458482e+02
87545 0 +1.412394804e-02 +1.238441239e+02 +1.238441239e+02
89366 0 +1.258830009e-02 +1.238425883e+02 +1.238425883e+02
91158 0 +1.121805254e-02 +1.238412181e+02 +1.238412181e+02
93001 0 +9.997109152e-03 +1.238399971e+02 +1.238399971e+02
94817 0 +8.912263548e-03 +1.238389123e+02 +1.238389123e+02
96478 0 +7.942696858e-03 +1.238379427e+02 +1.238379427e+02
98545 0 +7.077320976e-03 +1.238370773e+02 +1.238370773e+02
100681 0 +6.309273208e-03 +1.238363093e+02 +1.238363093e+02
103172 0 +5.622863323e-03 +1.238356229e+02 +1.238356229e+02
105505 0 +5.010582153e-03 +1.238350106e+02 +1.238350106e+02
107745 0 +4.466248426e-03 +1.238344662e+02 +1.238344662e+02
109859 0 +3.979679312e-03 +1.238339797e+02 +1.238339797e+02
111862 0 +3.547331453e-03 +1.238335473e+02 +1.238335473e+02
113761 0 +3.161913210e-03 +1.238331619e+02 +1.238331619e+02
115753 0 +2.818337118e-03 +1.238328183e+02 +1.238328183e+02
117585 0 +2.510994001e-03 +1.238325110e+02 +1.238325110e+02
119539 0 +2.236884141e-03 +1.238322369e+02 +1.238322369e+02
121452 0 +1.994540868e-03 +1.238319945e+02 +1.238319945e+02
123302 0 +1.777817375e-03 +1.238317778e+02 +1.238317778e+02
125505 0 +1.584610733e-03 +1.238315846e+02 +1.238315846e+02
128081 0 +1.412191413e-03 +1.238314122e+02 +1.238314122e+02
130465 0 +1.258916011e-03 +1.238312589e+02 +1.238312589e+02
132752 0 +1.122000222e-03 +1.238311220e+02 +1.238311220e+02
134921 0 +9.999468615e-04 +1.238309999e+02 +1.238309999e+02
136972 0 +8.910496562e-04 +1.238308910e+02 +1.238308910e+02
138870 0 +7.942484833e-04 +1.238307942e+02 +1.238307942e+02
140730 0 +7.078630030e-04 +1.238307079e+02 +1.238307079e+02
142617 0 +6.306769989e-04 +1.238306307e+02 +1.238306307e+02
144552 0 +5.622390158e-04 +1.238305622e+02 +1.238305622e+02
147487 0 +5.011509335e-04 +1.238305012e+02 +1.238305012e+02
150385 0 +4.466170414e-04 +1.238304466e+02 +1.238304466e+02
153105 0 +3.980328765e-04 +1.238303980e+02 +1.238303980e+02
155705 0 +3.547612936e-04 +1.238303548e+02 +1.238303548e+02
158153 0 +3.160572060e-04 +1.238303161e+02 +1.238303161e+02
160465 0 +2.816162106e-04 +1.238302816e+02 +1.238302816e+02
162707 0 +2.511397484e-04 +1.238302511e+02 +1.238302511e+02
164801 0 +2.237977456e-04 +1.238302238e+02 +1.238302238e+02
166745 0 +1.994703861e-04 +1.238301995e+02 +1.238301995e+02
168686 0 +1.778130044e-04 +1.238301778e+02 +1.238301778e+02
170707 0 +1.584562684e-04 +1.238301585e+02 +1.238301585e+02
172730 0 +1.412330087e-04 +1.238301412e+02 +1.238301412e+02
174979 0 +1.258566235e-04 +1.238301259e+02 +1.238301259e+02
177612 0 +1.121923657e-04 +1.238301122e+02 +1.238301122e+02
180379 0 +9.999277297e-05 +1.238301000e+02 +1.238301000e+02
182985 0 +8.909360263e-05 +1.238300891e+02 +1.238300891e+02
185465 0 +7.942800288e-05 +1.238300794e+02 +1.238300794e+02
187752 0 +7.079401159e-05 +1.238300708e+02 +1.238300708e+02
189979 0 +6.308062299e-05 +1.238300631e+02 +1.238300631e+02
192113 0 +5.623298112e-05 +1.238300562e+02 +1.238300562e+02
194273 0 +5.011095074e-05 +1.238300501e+02 +1.238300501e+02
196292 0 +4.466132050e-05 +1.238300447e+02 +1.238300447e+02
198419 0 +3.978178736e-05 +1.238300398e+02 +1.238300398e+02
200000 0 +3.618794038e-05 +1.238300362e+02 +1.238300362e+02
% f evaluations | g evaluations | best noise-free fitness - Fopt (4.751000000000e+01) + sum g_i+ | measured fitness | best measured fitness or single-digit g-values | x1 | x2...
1 0 +1.235000000e+02 +1.710100000e+02 +1.710100000e+02
990 0 +1.125562808e+02 +1.600662808e+02 +1.600662808e+02
1008 0 +1.091087871e+02 +1.566187871e+02 +1.566187871e+02
1023 0 +9.947152822e+01 +1.469815282e+02 +1.469815282e+02
1052 0 +8.876851396e+01 +1.362785140e+02 +1.362785140e+02
1077 0 +7.619514397e+01 +1.237051440e+02 +1.237051440e+02
1090 0 +6.768505830e+01 +1.151950583e+02 +1.151950583e+02
1109 0 +5.374654243e+01 +1.012565424e+02 +1.012565424e+02
1134 0 +4.890592201e+01 +9.641592201e+01 +9.641592201e+01
1250 0 +4.206837397e+01 +8.957837397e+01 +8.957837397e+01
1253 0 +3.849606237e+01 +8.600606237e+01 +8.600606237e+01
1270 0 +3.454479607e+01 +8.205479607e+01 +8.205479607e+01
1282 0 +2.963933127e+01 +7.714933127e+01 +7.714933127e+01
1326 0 +2.809476972e+01 +7.560476972e+01 +7.560476972e+01
1347 0 +2.450417614e+01 +7.201417614e+01 +7.201417614e+01
1392 0 +2.157299074e+01 +6.908299074e+01 +6.908299074e+01
1482 0 +1.993942161e+01 +6.744942161e+01 +6.744942161e+01
3212 0 +1.777396814e+01 +6.528396814e+01 +6.528396814e+01
5492 0 +1.584458618e+01 +6.335458618e+01 +6.335458618e+01
7234 0 +1.412199883e+01 +6.163199883e+01 +6.163199883e+01
8819 0 +1.258594475e+01 +6.009594475e+01 +6.009594475e+01
11423 0 +1.121666276e+01 +5.872666276e+01 +5.872666276e+01
13853 0 +9.999473874e+00 +5.750947387e+01 +5.750947387e+01
15743 0 +8.910621214e+00 +5.642062121e+01 +5.642062121e+01
17946 0 +7.940240096e+00 +5.545024010e+01 +5.545024010e+01
20132 0 +7.077866025e+00 +5.458786602e+01 +5.458786602e+01
21790 0 +6.308615920e+00 +5.381861592e+01 +5.381861592e+01
23132 0 +5.621268203e+00 +5.313126820e+01 +5.313126820e+01
24513 0 +5.010887079e+00 +5.252088708e+01 +5.252088708e+01
25991 0 +4.465567172e+00 +5.197556717e+01 +5.197556717e+01
27210 0 +3.978694077e+00 +5.148869408e+01 +5.148869408e+01
28287 0 +3.546776279e+00 +5.105677628e+01 +5.105677628e+01
29210 0 +3.161731239e+00 +5.067173124e+01 +5.067173124e+01
30065 0 +2.815085932e+00 +5.032508593e+01 +5.032508593e+01
30850 0 +2.508196713e+00 +5.001819671e+01 +5.001819671e+01
31610 0 +2.236676941e+00 +4.974667694e+01 +4.974667694e+01
32193 0 +1.991927696e+00 +4.950192770e+01 +4.950192770e+01
32807 0 +1.777982469e+00 +4.928798247e+01 +4.928798247e+01
33437 0 +1.584754294e+00 +4.909475429e+01 +4.909475429e+01
34170 0 +1.411702418e+00 +4.892170242e+01 +4.892170242e+01
34913 0 +1.255910898e+00 +4.876591090e+01 +4.876591090e+01
35611 0 +1.120887185e+00 +4.863088719e+01 +4.863088719e+01
36273 0 +9.986079072e-01 +4.850860791e+01 +4.850860791e+01
36895 0 +8.905903009e-01 +4.840059030e+01 +4.840059030e+01
37490 0 +7.941145011e-01 +4.830411450e+01 +4.830411450e+01
38067 0 +7.069303519e-01 +4.821693035e+01 +4.821693035e+01
38585 0 +6.306321250e-01 +4.814063212e+01 +4.814063212e+01
39119 0 +5.621701050e-01 +4.807217010e+01 +4.807217010e+01
39615 0 +5.010345175e-01 +4.801103452e+01 +4.801103452e+01
40451 0 +4.465566966e-01 +4.795655670e+01 +4.795655670e+01
41251 0 +3.979419291e-01 +4.790794193e+01 +4.790794193e+01
42059 0 +3.547192215e-01 +4.786471922e+01 +4.786471922e+01
42842 0 +3.161556835e-01 +4.782615568e+01 +4.782615568e+01
43613 0 +2.816488822e-01 +4.779164888e+01 +4.779164888e+01
44430 0 +2.511397741e-01 +4.776113977e+01 +4.776113977e+01
45276 0 +2.237395243e-01 +4.773373952e+01 +4.773373952e+01
46107 0 +1.993690539e-01 +4.770936905e+01 +4.770936905e+01
47173 0 +1.778148964e-01 +4.768781490e+01 +4.768781490e+01
48478 0 +1.584065104e-01 +4.766840651e+01 +4.766840651e+01
49718 0 +1.412432559e-01 +4.765124326e+01 +4.765124326e+01
50953 0 +1.258726655e-01 +4.763587267e+01 +4.763587267e+01
52153 0 +1.121892526e-01 +4.762218925e+01 +4.762218925e+01
53236 0 +9.999502336e-02 +4.760999502e+01 +4.760999502e+01
54359 0 +8.907236742e-02 +4.759907237e+01 +4.759907237e+01
55491 0 +7.940939981e-02 +4.758940940e+01 +4.758940940e+01
56771 0 +7.071101480e-02 +4.758071101e+01 +4.758071101e+01
58373 0 +6.308211566e-02 +4.757308212e+01 +4.757308212e+01
60211 0 +5.618494227e-02 +4.756618494e+01 +4.756618494e+01
61935 0 +5.011689058e-02 +4.756011689e+01 +4.756011689e+01
63611 0 +4.464405927e-02 +4.755464406e+01 +4.755464406e+01
65187 0 +3.978987931e-02 +4.754978988e+01 +4.754978988e+01
66713 0 +3.546513116e-02 +4.754546513e+01 +4.754546513e+01
68131 0 +3.160760488e-02 +4.754160760e+01 +4.754160760e+01
69559 0 +2.817418036e-02 +4.753817418e+01 +4.753817418e+01
71051 0 +2.511659554e-02 +4.753511660e+01 +4.753511660e+01
72513 0 +2.238631529e-02 +4.753238632e+01 +4.753238632e+01
73973 0 +1.994751249e-02 +4.752994751e+01 +4.752994751e+01
75531 0 +1.777640188e-02 +4.752777640e+01 +4.752777640e+01
77642 0 +1.584781711e-02 +4.752584782e+01 +4.752584782e+01
79651 0 +1.411655777e-02 +4.752411656e+01 +4.752411656e+01
81596 0 +1.258484945e-02 +4.752258485e+01 +4.752258485e+01
83399 0 +1.122012657e-02 +4.752122013e+01 +4.752122013e+01
85152 0 +9.997170052e-03 +4.751999717e+01 +4.751999717e+01
86864 0 +8.912474851e-03 +4.751891247e+01 +4.751891247e+01
88427 0 +7.937515446e-03 +4.751793752e+01 +4.751793752e+01
89993 0 +7.079409127e-03 +4.751707941e+01 +4.751707941e+01
91773 0 +6.308432977e-03 +4.751630843e+01 +4.751630843e+01
93851 0 +5.619064236e-03 +4.751561906e+01 +4.751561906e+01
96359 0 +5.010415649e-03 +4.751501042e+01 +4.751501042e+01
98731 0 +4.463603042e-03 +4.751446360e+01 +4.751446360e+01
100998 0 +3.980463817e-03 +4.751398046e+01 +4.751398046e+01
103131 0 +3.547155155e-03 +4.751354716e+01 +4.751354716e+01
105135 0 +3.161815677e-03 +4.751316182e+01 +4.751316182e+01
107078 0 +2.818274223e-03 +4.751281827e+01 +4.751281827e+01
108931 0 +2.510053011e-03 +4.751251005e+01 +4.751251005e+01
110682 0 +2.237521149e-03 +4.751223752e+01 +4.751223752e+01
112427 0 +1.994809805e-03 +4.751199481e+01 +4.751199481e+01
114150 0 +1.777953958e-03 +4.751177795e+01 +4.751177795e+01
116331 0 +1.584821410e-03 +4.751158482e+01 +4.751158482e+01
119051 0 +1.412067073e-03 +4.751141207e+01 +4.751141207e+01
121678 0 +1.258840842e-03 +4.751125884e+01 +4.751125884e+01
124091 0 +1.121661774e-03 +4.751112166e+01 +4.751112166e+01
126430 0 +9.999612502e-04 +4.751099996e+01 +4.751099996e+01
128627 0 +8.910536278e-04 +4.751089105e+01 +4.751089105e+01
130695 0 +7.941286282e-04 +4.751079413e+01 +4.751079413e+01
132724 0 +7.077988096e-04 +4.751070780e+01 +4.751070780e+01
134571 0 +6.306767863e-04 +4.751063068e+01 +4.751063068e+01
136411 0 +5.622356515e-04 +4.751056224e+01 +4.751056224e+01
138276 0 +5.011511579e-04 +4.751050115e+01 +4.751050115e+01
140242 0 +4.466627843e-04 +4.751044666e+01 +4.751044666e+01
143211 0 +3.979197519e-04 +4.751039792e+01 +4.751039792e+01
145973 0 +3.548072718e-04 +4.751035481e+01 +4.751035481e+01
148611 0 +3.161780311e-04 +4.751031618e+01 +4.751031618e+01
151113 0 +2.818044641e-04 +4.751028180e+01 +4.751028180e+01
153491 0 +2.511221290e-04 +4.751025112e+01 +4.751025112e+01
155707 0 +2.238675273e-04 +4.751022387e+01 +4.751022387e+01
157827 0 +1.994499418e-04 +4.751019945e+01 +4.751019945e+01
159827 0 +1.777839114e-04 +4.751017778e+01 +4.751017778e+01
161699 0 +1.584483814e-04 +4.751015845e+01 +4.751015845e+01
163573 0 +1.412391004e-04 +4.751014124e+01 +4.751014124e+01
165331 0 +1.258426203e-04 +4.751012584e+01 +4.751012584e+01
168399 0 +1.121886427e-04 +4.751011219e+01 +4.751011219e+01
171371 0 +9.996609183e-05 +4.751009997e+01 +4.751009997e+01
174179 0 +8.912207931e-05 +4.751008912e+01 +4.751008912e+01
176889 0 +7.942910477e-05 +4.751007943e+01 +4.751007943e+01
179371 0 +7.074783267e-05 +4.751007075e+01 +4.751007075e+01
181752 0 +6.309365665e-05 +4.751006309e+01 +4.751006309e+01
184015 0 +5.621571760e-05 +4.751005622e+01 +4.751005622e+01
186095 0 +5.010975312e-05 +4.751005011e+01 +4.751005011e+01
188171 0 +4.464957458e-05 +4.751004465e+01 +4.751004465e+01
190095 0 +3.980837226e-05 +4.751003981e+01 +4.751003981e+01
192082 0 +3.547443734e-05 +4.751003547e+01 +4.751003547e+01
193879 0 +3.160194786e-05 +4.751003160e+01 +4.751003160e+01
195712 0 +2.817908110e-05 +4.751002818e+01 +4.751002818e+01
198293 0 +2.511694709e-05 +4.751002512e+01 +4.751002512e+01
200000 0 +2.349664806e-05 +4.751002350e+01 +4.751002350e+01
% f evaluations | g evaluations | best noise-free fitness - Fopt (5.534000000000e+01) + sum g_i+ | measured fitness | best measured fitness or single-digit g-values | x1 | x2...
1 0 +1.235000000e+02 +1.788400000e+02 +1.788400000e+02
902 0 +1.123300515e+02 +1.676700515e+02 +1.676700515e+02
916 0 +1.048054409e+02 +1.601454409e+02 +1.601454409e+02
962 0 +8.216149960e+01 +1.375014996e+02 +1.375014996e+02
974 0 +6.074424528e+01 +1.160842453e+02 +1.160842453e+02
989 0 +4.739743833e+01 +1.027374383e+02 +1.027374383e+02
1056 0 +4.385341598e+01 +9.919341598e+01 +9.919341598e+01
1070 0 +3.883220773e+01 +9.417220773e+01 +9.417220773e+01
1079 0 +3.182269729e+01 +8.716269729e+01 +8.716269729e+01
1087 0 +3.077103004e+01 +8.611103004e+01 +8.611103004e+01
1157 0 +2.813409114e+01 +8.347409114e+01 +8.347409114e+01
1249 0 +2.503206122e+01 +8.037206122e+01 +8.037206122e+01
1277 0 +2.114256437e+01 +7.648256437e+01 +7.648256437e+01
1291 0 +1.922924421e+01 +7.456924421e+01 +7.456924421e+01
1434 0 +1.745448582e+01 +7.279448582e+01 +7.279448582e+01
1686 0 +1.584118850e+01 +7.118118850e+01 +7.118118850e+01
3183 0 +1.411698556e+01 +6.945698556e+01 +6.945698556e+01
4951 0 +1.258858455e+01 +6.792858455e+01 +6.792858455e+01
7031 0 +1.121779798e+01 +6.655779798e+01 +6.655779798e+01
9128 0 +9.996054470e+00 +6.533605447e+01 +6.533605447e+01
11391 0 +8.911915484e+00 +6.425191548e+01 +6.425191548e+01
13496 0 +7.938024610e+00 +6.327802461e+01 +6.327802461e+01
15884 0 +7.078618642e+00 +6.241861864e+01 +6.241861864e+01
18045 0 +6.300806295e+00 +6.164080629e+01 +6.164080629e+01
19736 0 +5.622407940e+00 +6.096240794e+01 +6.096240794e+01
21143 0 +5.011442949e+00 +6.035144295e+01 +6.035144295e+01
22257 0 +4.466781822e+00 +5.980678182e+01 +5.980678182e+01
23377 0 +3.980651042e+00 +5.932065104e+01 +5.932065104e+01
24532 0 +3.547035940e+00 +5.888703594e+01 +5.888703594e+01
25547 0 +3.162109447e+00 +5.850210945e+01 +5.850210945e+01
26457 0 +2.816634559e+00 +5.815663456e+01 +5.815663456e+01
27409 0 +2.509998377e+00 +5.784999838e+01 +5.784999838e+01
28652 0 +2.234121896e+00 +5.757412190e+01 +5.757412190e+01
29769 0 +1.994607659e+00 +5.733460766e+01 +5.733460766e+01
30732 0 +1.777157909e+00 +5.711715791e+01 +5.711715791e+01
31652 0 +1.583609654e+00 +5.692360965e+01 +5.692360965e+01
32489 0 +1.408695880e+00 +5.674869588e+01 +5.674869588e+01
33249 0 +1.258004159e+00 +5.659800416e+01 +5.659800416e+01
33972 0 +1.120991755e+00 +5.646099176e+01 +5.646099176e+01
34649 0 +9.980478320e-01 +5.633804783e+01 +5.633804783e+01
35249 0 +8.898660090e-01 +5.622986601e+01 +5.622986601e+01
35807 0 +7.940799093e-01 +5.613407991e+01 +5.613407991e+01
36337 0 +7.062716556e-01 +5.604627166e+01 +5.604627166e+01
36892 0 +6.304176405e-01 +5.597041764e+01 +5.597041764e+01
37487 0 +5.620360805e-01 +5.590203608e+01 +5.590203608e+01
38278 0 +5.008279174e-01 +5.584082792e+01 +5.584082792e+01
39173 0 +4.463884512e-01 +5.578638845e+01 +5.578638845e+01
40118 0 +3.967821357e-01 +5.573678214e+01 +5.573678214e+01
41059 0 +3.546919301e-01 +5.569469193e+01 +5.569469193e+01
41973 0 +3.159747166e-01 +5.565597472e+01 +5.565597472e+01
42859 0 +2.817779679e-01 +5.562177797e+01 +5.562177797e+01
43733 0 +2.511473256e-01 +5.559114733e+01 +5.559114733e+01
44598 0 +2.235493283e-01 +5.556354933e+01 +5.556354933e+01
45635 0 +1.994605198e-01 +5.553946052e+01 +5.553946052e+01
46601 0 +1.778150032e-01 +5.551781500e+01 +5.551781500e+01
47526 0 +1.583554295e-01 +5.549835543e+01 +5.549835543e+01
48975 0 +1.412411260e-01 +5.548124113e+01 +5.548124113e+01
50449 0 +1.258898590e-01 +5.546588986e+01 +5.546588986e+01
51873 0 +1.121922906e-01 +5.545219229e+01 +5.545219229e+01
53233 0 +9.991104568e-02 +5.543991105e+01 +5.543991105e+01
54558 0 +8.909532937e-02 +5.542909533e+01 +5.542909533e+01
55838 0 +7.941801797e-02 +5.541941802e+01 +5.541941802e+01
57057 0 +7.076470997e-02 +5.541076471e+01 +5.541076471e+01
58758 0 +6.308099520e-02 +5.540308100e+01 +5.540308100e+01
61013 0 +5.620767498e-02 +5.539620767e+01 +5.539620767e+01
63118 0 +5.007130723e-02 +5.539007131e+01 +5.539007131e+01
65158 0 +4.465835263e-02 +5.538465835e+01 +5.538465835e+01
67118 0 +3.977218779e-02 +5.537977219e+01 +5.537977219e+01
68977 0 +3.547489916e-02 +5.537547490e+01 +5.537547490e+01
70737 0 +3.160555410e-02 +5.537160555e+01 +5.537160555e+01
72417 0 +2.815476111e-02 +5.536815476e+01 +5.536815476e+01
74078 0 +2.511868512e-02 +5.536511869e+01 +5.536511869e+01
75995 0 +2.238360230e-02 +5.536238360e+01 +5.536238360e+01
78878 0 +1.993998909e-02 +5.535993999e+01 +5.535993999e+01
81657 0 +1.778187713e-02 +5.535778188e+01 +5.535778188e+01
84278 0 +1.584162859e-02 +5.535584163e+01 +5.535584163e+01
86773 0 +1.412267426e-02 +5.535412267e+01 +5.535412267e+01
89158 0 +1.257525738e-02 +5.535257526e+01 +5.535257526e+01
91398 0 +1.121839140e-02 +5.535121839e+01 +5.535121839e+01
93573 0 +9.997958526e-03 +5.534999796e+01 +5.534999796e+01
95617 0 +8.907333196e-03 +5.534890733e+01 +5.534890733e+01
97518 0 +7.938762209e-03 +5.534793876e+01 +5.534793876e+01
100358 0 +7.077258571e-03 +5.534707726e+01 +5.534707726e+01
103838 0 +6.307583997e-03 +5.534630758e+01 +5.534630758e+01
107118 0 +5.618960295e-03 +5.534561896e+01 +5.534561896e+01
110238 0 +5.009473696e-03 +5.534500947e+01 +5.534500947e+01
113198 0 +4.464404500e-03 +5.534446440e+01 +5.534446440e+01
116012 0 +3.979335806e-03 +5.534397934e+01 +5.534397934e+01
118613 0 +3.548079346e-03 +5.534354808e+01 +5.534354808e+01
121118 0 +3.161171581e-03 +5.534316117e+01 +5.534316117e+01
123492 0 +2.818071329e-03 +5.534281807e+01 +5.534281807e+01
125737 0 +2.510659996e-03 +5.534251066e+01 +5.534251066e+01
127871 0 +2.238512331e-03 +5.534223851e+01 +5.534223851e+01
129878 0 +1.994163283e-03 +5.534199416e+01 +5.534199416e+01
131815 0 +1.777586495e-03 +5.534177759e+01 +5.534177759e+01
134158 0 +1.584731134e-03 +5.534158473e+01 +5.534158473e+01
137558 0 +1.411298941e-03 +5.534141130e+01 +5.534141130e+01
140788 0 +1.258871037e-03 +5.534125887e+01 +5.534125887e+01
143833 0 +1.121821193e-03 +5.534112182e+01 +5.534112182e+01
146697 0 +9.999062918e-04 +5.534099991e+01 +5.534099991e+01
149438 0 +8.907275179e-04 +5.534089073e+01 +5.534089073e+01
151998 0 +7.938690762e-04 +5.534079387e+01 +5.534079387e+01
154417 0 +7.079410573e-04 +5.534070794e+01 +5.534070794e+01
156733 0 +6.307595758e-04 +5.534063076e+01 +5.534063076e+01
158897 0 +5.622055940e-04 +5.534056221e+01 +5.534056221e+01
160958 0 +5.009144707e-04 +5.534050091e+01 +5.534050091e+01
162933 0 +4.465949437e-04 +5.534044659e+01 +5.534044659e+01
164838 0 +3.978730502e-04 +5.534039787e+01 +5.534039787e+01
166881 0 +3.548132446e-04 +5.534035481e+01 +5.534035481e+01
169678 0 +3.161941350e-04 +5.534031619e+01 +5.534031619e+01
172798 0 +2.817361161e-04 +5.534028174e+01 +5.534028174e+01
175718 0 +2.511196207e-04 +5.534025112e+01 +5.534025112e+01
178478 0 +2.238141961e-04 +5.534022381e+01 +5.534022381e+01
181078 0 +1.994151926e-04 +5.534019942e+01 +5.534019942e+01
183558 0 +1.776561253e-04 +5.534017766e+01 +5.534017766e+01
185893 0 +1.584828990e-04 +5.534015848e+01 +5.534015848e+01
188078 0 +1.412045770e-04 +5.534014120e+01 +5.534014120e+01
190158 0 +1.257937810e-04 +5.534012579e+01 +5.534012579e+01
192189 0 +1.121839044e-04 +5.534011218e+01 +5.534011218e+01
194078 0 +9.992719109e-05 +5.534009993e+01 +5.534009993e+01
195890 0 +8.912455569e-05 +5.534008912e+01 +5.534008912e+01
198558 0 +7.936580973e-05 +5.534007937e+01 +5.534007937e+01
200000 0 +7.535232381e-05 +5.534007535e+01 +5.534007535e+01
% f evaluations | g evaluations | best noise-free fitness - Fopt (-9.033000000000e+01) + sum g_i+ | measured fitness | best measured fitness or single-digit g-values | x1 | x2...
1 0 +1.235000000e+02 +3.317000000e+01 +3.317000000e+01
1020 0 +1.205210845e+02 +3.019108449e+01 +3.019108449e+01
1038 0 +1.040272258e+02 +1.369722583e+01 +1.369722583e+01
1056 0 +8.414802183e+01 -6.181978174e+00 -6.181978174e+00
1073 0 +7.621211116e+01 -1.411788884e+01 -1.411788884e+01
1076 0 +6.305399329e+01 -2.727600671e+01 -2.727600671e+01
1127 0 +5.236378918e+01 -3.796621082e+01 -3.796621082e+01
1137 0 +4.390234336e+01 -4.642765664e+01 -4.642765664e+01
1145 0 +3.955124554e+01 -5.077875446e+01 -5.077875446e+01
1160 0 +3.060373240e+01 -5.972626760e+01 -5.972626760e+01
1161 0 +2.539907118e+01 -6.493092882e+01 -6.493092882e+01
1165 0 +2.504412651e+01 -6.528587349e+01 -6.528587349e+01
1258 0 +2.165373277e+01 -6.867626723e+01 -6.867626723e+01
1363 0 +1.974494120e+01 -7.058505880e+01 -7.058505880e+01
1492 0 +1.773885834e+01 -7.259114166e+01 -7.259114166e+01
2757 0 +1.584890961e+01 -7.448109039e+01 -7.448109039e+01
4680 0 +1.411792426e+01 -7.621207574e+01 -7.621207574e+01
6409 0 +1.258651720e+01 -7.774348280e+01 -7.774348280e+01
7982 0 +1.121419266e+01 -7.911580734e+01 -7.911580734e+01
10313 0 +9.996954952e+00 -8.033304505e+01 -8.033304505e+01
12205 0 +8.909988881e+00 -8.142001112e+01 -8.142001112e+01
13875 0 +7.942434480e+00 -8.238756552e+01 -8.238756552e+01
15537 0 +7.076477871e+00 -8.325352213e+01 -8.325352213e+01
17073 0 +6.304887876e+00 -8.402511212e+01 -8.402511212e+01
18501 0 +5.623079141e+00 -8.470692086e+01 -8.470692086e+01
19835 0 +5.010779591e+00 -8.531922041e+01 -8.531922041e+01
21068 0 +4.465189299e+00 -8.586481070e+01 -8.586481070e+01
22235 0 +3.980058344e+00 -8.634994166e+01 -8.634994166e+01
23390 0 +3.547814220e+00 -8.678218578e+01 -8.678218578e+01
24406 0 +3.152737646e+00 -8.717726235e+01 -8.717726235e+01
25384 0 +2.814089174e+00 -8.751591083e+01 -8.751591083e+01
26146 0 +2.511768647e+00 -8.781823135e+01 -8.781823135e+01
27122 0 +2.238530667e+00 -8.809146933e+01 -8.809146933e+01
27926 0 +1.994194584e+00 -8.833580542e+01 -8.833580542e+01
28646 0 +1.773498200e+00 -8.855650180e+01 -8.855650180e+01
29326 0 +1.583831407e+00 -8.874616859e+01 -8.874616859e+01
29952 0 +1.411382796e+00 -8.891861720e+01 -8.891861720e+01
30562 0 +1.258462201e+00 -8.907153780e+01 -8.907153780e+01
31148 0 +1.121327408e+00 -8.920867259e+01 -8.920867259e+01
31686 0 +9.997199194e-01 -8.933028008e+01 -8.933028008e+01
32608 0 +8.909929779e-01 -8.943900702e+01 -8.943900702e+01
33621 0 +7.943009138e-01 -8.953569909e+01 -8.953569909e+01
34646 0 +7.077466326e-01 -8.962225337e+01 -8.962225337e+01
35648 0 +6.309378521e-01 -8.969906215e+01 -8.969906215e+01
36602 0 +5.621985804e-01 -8.976780142e+01 -8.976780142e+01
37548 0 +5.004333778e-01 -8.982956662e+01 -8.982956662e+01
38440 0 +4.465772753e-01 -8.988342272e+01 -8.988342272e+01
39322 0 +3.977890564e-01 -8.993221094e+01 -8.993221094e+01
40188 0 +3.547337479e-01 -8.997526625e+01 -8.997526625e+01
41054 0 +3.162089907e-01 -9.001379101e+01 -9.001379101e+01
41941 0 +2.816476700e-01 -9.004835233e+01 -9.004835233e+01
42828 0 +2.509342823e-01 -9.007906572e+01 -9.007906572e+01
44154 0 +2.238716793e-01 -9.010612832e+01 -9.010612832e+01
45520 0 +1.995202995e-01 -9.013047970e+01 -9.013047970e+01
46828 0 +1.776931629e-01 -9.015230684e+01 -9.015230684e+01
48086 0 +1.584343268e-01 -9.017156567e+01 -9.017156567e+01
49282 0 +1.412036019e-01 -9.018879640e+01 -9.018879640e+01
50440 0 +1.258890341e-01 -9.020411097e+01 -9.020411097e+01
52068 0 +1.121006037e-01 -9.021789940e+01 -9.021789940e+01
54154 0 +9.998550847e-02 -9.023001449e+01 -9.023001449e+01
56148 0 +8.904644218e-02 -9.024095356e+01 -9.024095356e+01
58034 0 +7.943003148e-02 -9.025056997e+01 -9.025056997e+01
59861 0 +7.077208704e-02 -9.025922791e+01 -9.025922791e+01
61560 0 +6.309540649e-02 -9.026690459e+01 -9.026690459e+01
63188 0 +5.623036272e-02 -9.027376964e+01 -9.027376964e+01
64775 0 +5.009336852e-02 -9.027990663e+01 -9.027990663e+01
66308 0 +4.466434620e-02 -9.028533565e+01 -9.028533565e+01
67908 0 +3.980824450e-02 -9.029019176e+01 -9.029019176e+01
70122 0 +3.547931951e-02 -9.029452068e+01 -9.029452068e+01
72640 0 +3.161296565e-02 -9.029838703e+01 -9.029838703e+01
75035 0 +2.817787345e-02 -9.030182213e+01 -9.030182213e+01
77322 0 +2.510694083e-02 -9.030489306e+01 -9.030489306e+01
79468 0 +2.238391437e-02 -9.030761609e+01 -9.030761609e+01
81508 0 +1.994743653e-02 -9.031005256e+01 -9.031005256e+01
83483 0 +1.777767749e-02 -9.031222232e+01 -9.031222232e+01
85315 0 +1.584722863e-02 -9.031415277e+01 -9.031415277e+01
87080 0 +1.412384890e-02 -9.031587615e+01 -9.031587615e+01
88875 0 +1.258847597e-02 -9.031741152e+01 -9.031741152e+01
90614 0 +1.122002143e-02 -9.031877998e+01 -9.031877998e+01
93021 0 +9.999340974e-03 -9.032000066e+01 -9.032000066e+01
95788 0 +8.910414907e-03 -9.032108959e+01 -9.032108959e+01
98442 0 +7.941235348e-03 -9.032205876e+01 -9.032205876e+01
100954 0 +7.079328095e-03 -9.032292067e+01 -9.032292067e+01
103348 0 +6.307837741e-03 -9.032369216e+01 -9.032369216e+01
105607 0 +5.622717900e-03 -9.032437728e+01 -9.032437728e+01
107723 0 +5.010700943e-03 -9.032498930e+01 -9.032498930e+01
109735 0 +4.466678669e-03 -9.032553332e+01 -9.032553332e+01
111628 0 +3.979673791e-03 -9.032602033e+01 -9.032602033e+01
113668 0 +3.547367986e-03 -9.032645263e+01 -9.032645263e+01
115522 0 +3.161638238e-03 -9.032683836e+01 -9.032683836e+01
118283 0 +2.818339987e-03 -9.032718166e+01 -9.032718166e+01
121308 0 +2.511650390e-03 -9.032748835e+01 -9.032748835e+01
124188 0 +2.238032419e-03 -9.032776197e+01 -9.032776197e+01
126887 0 +1.995073145e-03 -9.032800493e+01 -9.032800493e+01
129468 0 +1.778040898e-03 -9.032822196e+01 -9.032822196e+01
131908 0 +1.584553420e-03 -9.032841545e+01 -9.032841545e+01
134200 0 +1.412298508e-03 -9.032858770e+01 -9.032858770e+01
136384 0 +1.258914944e-03 -9.032874109e+01 -9.032874109e+01
138455 0 +1.121884747e-03 -9.032887812e+01 -9.032887812e+01
140480 0 +9.994922540e-04 -9.032900051e+01 -9.032900051e+01
142360 0 +8.909317622e-04 -9.032910907e+01 -9.032910907e+01
144207 0 +7.942660563e-04 -9.032920573e+01 -9.032920573e+01
146308 0 +7.078655031e-04 -9.032929213e+01 -9.032929213e+01
148954 0 +6.309407441e-04 -9.032936906e+01 -9.032936906e+01
151868 0 +5.620006697e-04 -9.032943800e+01 -9.032943800e+01
154621 0 +5.011376007e-04 -9.032949886e+01 -9.032949886e+01
157219 0 +4.466464165e-04 -9.032955335e+01 -9.032955335e+01
159708 0 +3.980046114e-04 -9.032960200e+01 -9.032960200e+01
162010 0 +3.547707929e-04 -9.032964523e+01 -9.032964523e+01
164228 0 +3.160990052e-04 -9.032968390e+01 -9.032968390e+01
166395 0 +2.818227522e-04 -9.032971818e+01 -9.032971818e+01
168440 0 +2.511402915e-04 -9.032974886e+01 -9.032974886e+01
170455 0 +2.238453890e-04 -9.032977615e+01 -9.032977615e+01
172508 0 +1.995201127e-04 -9.032980048e+01 -9.032980048e+01
174442 0 +1.777962806e-04 -9.032982220e+01 -9.032982220e+01
177080 0 +1.584736550e-04 -9.032984153e+01 -9.032984153e+01
180007 0 +1.412306620e-04 -9.032985877e+01 -9.032985877e+01
182788 0 +1.258592045e-04 -9.032987414e+01 -9.032987414e+01
185400 0 +1.121772801e-04 -9.032988782e+01 -9.032988782e+01
187882 0 +9.996404162e-05 -9.032990004e+01 -9.032990004e+01
190238 0 +8.912113130e-05 -9.032991088e+01 -9.032991088e+01
192480 0 +7.942372939e-05 -9.032992058e+01 -9.032992058e+01
194668 0 +7.078092939e-05 -9.032992922e+01 -9.032992922e+01
196834 0 +6.306530192e-05 -9.032993693e+01 -9.032993693e+01
198868 0 +5.621564395e-05 -9.032994378e+01 -9.032994378e+01
200000 0 +5.266923809e-05 -9.032994733e+01 -9.032994733e+01
% f evaluations | g evaluations | best noise-free fitness - Fopt (6.561000000000e+01) + sum g_i+ | measured fitness | best measured fitness or single-digit g-values | x1 | x2...
1 0 +1.235000000e+02 +1.891100000e+02 +1.891100000e+02
1014 0 +1.083387651e+02 +1.739487651e+02 +1.739487651e+02
1030 0 +9.046377709e+01 +1.560737771e+02 +1.560737771e+02
1037 0 +8.082171151e+01 +1.464317115e+02 +1.464317115e+02
1041 0 +7.233622056e+01 +1.379462206e+02 +1.379462206e+02
1086 0 +6.374456382e+01 +1.293545638e+02 +1.293545638e+02
1087 0 +5.760104285e+01 +1.232110428e+02 +1.232110428e+02
1096 0 +5.595343561e+01 +1.215634356e+02 +1.215634356e+02
1101 0 +4.997604092e+01 +1.155860409e+02 +1.155860409e+02
1113 0 +4.121796126e+01 +1.068279613e+02 +1.068279613e+02
1134 0 +3.598503645e+01 +1.015950365e+02 +1.015950365e+02
1172 0 +3.443843166e+01 +1.000484317e+02 +1.000484317e+02
1243 0 +3.159536868e+01 +9.720536868e+01 +9.720536868e+01
1260 0 +2.688882084e+01 +9.249882084e+01 +9.249882084e+01
1275 0 +2.420955716e+01 +8.981955716e+01 +8.981955716e+01
1280 0 +2.183929468e+01 +8.744929468e+01 +8.744929468e+01
1424 0 +1.975741382e+01 +8.536741382e+01 +8.536741382e+01
1655 0 +1.776162183e+01 +8.337162183e+01 +8.337162183e+01
4091 0 +1.584656606e+01 +8.145656606e+01 +8.145656606e+01
6722 0 +1.411053999e+01 +7.972053999e+01 +7.972053999e+01
9392 0 +1.258732162e+01 +7.819732162e+01 +7.819732162e+01
12217 0 +1.121821031e+01 +7.682821031e+01 +7.682821031e+01
14882 0 +9.993972645e+00 +7.560397264e+01 +7.560397264e+01
17357 0 +8.909804847e+00 +7.451980485e+01 +7.451980485e+01
19677 0 +7.939120494e+00 +7.354912049e+01 +7.354912049e+01
21797 0 +7.077704606e+00 +7.268770461e+01 +7.268770461e+01
24757 0 +6.308608110e+00 +7.191860811e+01 +7.191860811e+01
27837 0 +5.622491308e+00 +7.123249131e+01 +7.123249131e+01
30530 0 +5.011549449e+00 +7.062154945e+01 +7.062154945e+01
34250 0 +4.466554633e+00 +7.007655463e+01 +7.007655463e+01
200000 0 +3.986727299e+00 +6.959672730e+01 +6.959672730e+01
% f evaluations | g evaluations | best noise-free fitness - Fopt (-1.304400000000e+02) + sum g_i+ | measured fitness | best measured fitness or single-digit g-values | x1 | x2...
1 0 +1.235000000e+02 -6.940000000e+00 -6.940000000e+00
1113 0 +1.073951125e+02 -2.304488751e+01 -2.304488751e+01
1165 0 +9.288961934e+01 -3.755038066e+01 -3.755038066e+01
1178 0 +8.625826054e+01 -4.418173946e+01 -4.418173946e+01
1188 0 +7.789928550e+01 -5.254071450e+01 -5.254071450e+01
1234 0 +6.521951771e+01 -6.522048229e+01 -6.522048229e+01
1266 0 +5.751158073e+01 -7.292841927e+01 -7.292841927e+01
1333 0 +5.055910225e+01 -7.988089775e+01 -7.988089775e+01
1345 0 +4.942553739e+01 -8.101446261e+01 -8.101446261e+01
1349 0 +4.101616372e+01 -8.942383628e+01 -8.942383628e+01
1351 0 +3.844883637e+01 -9.199116363e+01 -9.199116363e+01
1360 0 +3.539997064e+01 -9.504002936e+01 -9.504002936e+01
1363 0 +3.125496574e+01 -9.918503426e+01 -9.918503426e+01
1398 0 +2.671980720e+01 -1.037201928e+02 -1.037201928e+02
1462 0 +2.455984002e+01 -1.058801600e+02 -1.058801600e+02
1472 0 +2.140182412e+01 -1.090381759e+02 -1.090381759e+02
1477 0 +1.881232464e+01 -1.116276754e+02 -1.116276754e+02
1566 0 +1.764335873e+01 -1.127966413e+02 -1.127966413e+02
2392 0 +1.582983696e+01 -1.146101630e+02 -1.146101630e+02
4049 0 +1.412093147e+01 -1.163190685e+02 -1.163190685e+02
5785 0 +1.258576069e+01 -1.178542393e+02 -1.178542393e+02
7705 0 +1.121431333e+01 -1.192256867e+02 -1.192256867e+02
9711 0 +9.999049578e+00 -1.204409504e+02 -1.204409504e+02
11726 0 +8.911606867e+00 -1.215283931e+02 -1.215283931e+02
13882 0 +7.943252993e+00 -1.224967470e+02 -1.224967470e+02
16529 0 +7.077635267e+00 -1.233623647e+02 -1.233623647e+02
19430 0 +6.308053794e+00 -1.241319462e+02 -1.241319462e+02
22070 0 +5.620298160e+00 -1.248197018e+02 -1.248197018e+02
24536 0 +5.011699273e+00 -1.254283007e+02 -1.254283007e+02
26602 0 +4.466124569e+00 -1.259738754e+02 -1.259738754e+02
28352 0 +3.975401689e+00 -1.264645983e+02 -1.264645983e+02
30072 0 +3.547264424e+00 -1.268927356e+02 -1.268927356e+02
31552 0 +3.161894200e+00 -1.272781058e+02 -1.272781058e+02
32873 0 +2.816352190e+00 -1.276236478e+02 -1.276236478e+02
34233 0 +2.511000407e+00 -1.279289996e+02 -1.279289996e+02
35473 0 +2.235387087e+00 -1.282046129e+02 -1.282046129e+02
36658 0 +1.995055839e+00 -1.284449442e+02 -1.284449442e+02
37713 0 +1.774954858e+00 -1.286650451e+02 -1.286650451e+02
38678 0 +1.584482254e+00 -1.288555177e+02 -1.288555177e+02
39569 0 +1.412019460e+00 -1.290279805e+02 -1.290279805e+02
40411 0 +1.257322440e+00 -1.291826776e+02 -1.291826776e+02
41193 0 +1.117200782e+00 -1.293227992e+02 -1.293227992e+02
41913 0 +9.973871602e-01 -1.294426128e+02 -1.294426128e+02
42593 0 +8.910129671e-01 -1.295489870e+02 -1.295489870e+02
43256 0 +7.942820790e-01 -1.296457179e+02 -1.296457179e+02
43853 0 +7.075618505e-01 -1.297324381e+02 -1.297324381e+02
44445 0 +6.298860385e-01 -1.298101140e+02 -1.298101140e+02
45118 0 +5.618313707e-01 -1.298781686e+02 -1.298781686e+02
45827 0 +5.008040225e-01 -1.299391960e+02 -1.299391960e+02
46624 0 +4.466544585e-01 -1.299933455e+02 -1.299933455e+02
47553 0 +3.974559094e-01 -1.300425441e+02 -1.300425441e+02
48438 0 +3.546100251e-01 -1.300853900e+02 -1.300853900e+02
49279 0 +3.158425174e-01 -1.301241575e+02 -1.301241575e+02
50125 0 +2.818172821e-01 -1.301581827e+02 -1.301581827e+02
51425 0 +2.511561541e-01 -1.301888438e+02 -1.301888438e+02
52879 0 +2.238683298e-01 -1.302161317e+02 -1.302161317e+02
54312 0 +1.995144310e-01 -1.302404856e+02 -1.302404856e+02
55747 0 +1.776021179e-01 -1.302623979e+02 -1.302623979e+02
57173 0 +1.584693768e-01 -1.302815306e+02 -1.302815306e+02
58547 0 +1.411801262e-01 -1.302988199e+02 -1.302988199e+02
59847 0 +1.258533973e-01 -1.303141466e+02 -1.303141466e+02
61167 0 +1.121582535e-01 -1.303278417e+02 -1.303278417e+02
62387 0 +9.986897450e-02 -1.303401310e+02 -1.303401310e+02
63596 0 +8.911919699e-02 -1.303508808e+02 -1.303508808e+02
65267 0 +7.939093521e-02 -1.303606091e+02 -1.303606091e+02
67467 0 +7.078853732e-02 -1.303692115e+02 -1.303692115e+02
69587 0 +6.305102969e-02 -1.303769490e+02 -1.303769490e+02
71633 0 +5.621317467e-02 -1.303837868e+02 -1.303837868e+02
73587 0 +5.009879791e-02 -1.303899012e+02 -1.303899012e+02
75456 0 +4.465869304e-02 -1.303953413e+02 -1.303953413e+02
77227 0 +3.978853047e-02 -1.304002115e+02 -1.304002115e+02
78905 0 +3.547199781e-02 -1.304045280e+02 -1.304045280e+02
80596 0 +3.160981422e-02 -1.304083902e+02 -1.304083902e+02
82199 0 +2.817878178e-02 -1.304118212e+02 -1.304118212e+02
83745 0 +2.510788455e-02 -1.304148921e+02 -1.304148921e+02
85547 0 +2.237611326e-02 -1.304176239e+02 -1.304176239e+02
87777 0 +1.995048563e-02 -1.304200495e+02 -1.304200495e+02
90333 0 +1.778174180e-02 -1.304222183e+02 -1.304222183e+02
92773 0 +1.584806394e-02 -1.304241519e+02 -1.304241519e+02
95067 0 +1.411345711e-02 -1.304258865e+02 -1.304258865e+02
97227 0 +1.257838434e-02 -1.304274216e+02 -1.304274216e+02
99347 0 +1.121899572e-02 -1.304287810e+02 -1.304287810e+02
101344 0 +9.997611559e-03 -1.304300024e+02 -1.304300024e+02
103267 0 +8.903897498e-03 -1.304310961e+02 -1.304310961e+02
105145 0 +7.938688199e-03 -1.304320613e+02 -1.304320613e+02
106953 0 +7.077986488e-03 -1.304329220e+02 -1.304329220e+02
108913 0 +6.309521304e-03 -1.304336905e+02 -1.304336905e+02
111947 0 +5.622909492e-03 -1.304343771e+02 -1.304343771e+02
114847 0 +5.010587670e-03 -1.304349894e+02 -1.304349894e+02
117576 0 +4.466249528e-03 -1.304355338e+02 -1.304355338e+02
120147 0 +3.978225286e-03 -1.304360218e+02 -1.304360218e+02
122605 0 +3.548025453e-03 -1.304364520e+02 -1.304364520e+02
124945 0 +3.161872949e-03 -1.304368381e+02 -1.304368381e+02
127147 0 +2.817804235e-03 -1.304371822e+02 -1.304371822e+02
129257 0 +2.511275821e-03 -1.304374887e+02 -1.304374887e+02
131827 0 +2.238367479e-03 -1.304377616e+02 -1.304377616e+02
135547 0 +1.994817937e-03 -1.304380052e+02 -1.304380052e+02
139067 0 +1.777787584e-03 -1.304382222e+02 -1.304382222e+02
142399 0 +1.584737939e-03 -1.304384153e+02 -1.304384153e+02
145573 0 +1.412306523e-03 -1.304385877e+02 -1.304385877e+02
148519 0 +1.258757777e-03 -1.304387412e+02 -1.304387412e+02
151365 0 +1.122006743e-03 -1.304388780e+02 -1.304388780e+02
154025 0 +9.998873365e-04 -1.304390001e+02 -1.304390001e+02
156585 0 +8.910215649e-04 -1.304391090e+02 -1.304391090e+02
158933 0 +7.942056590e-04 -1.304392058e+02 -1.304392058e+02
161185 0 +7.076412975e-04 -1.304392924e+02 -1.304392924e+02
163313 0 +6.307010207e-04 -1.304393693e+02 -1.304393693e+02
165420 0 +5.620424661e-04 -1.304394380e+02 -1.304394380e+02
167947 0 +5.010048291e-04 -1.304394990e+02 -1.304394990e+02
171547 0 +4.465890144e-04 -1.304395534e+02 -1.304395534e+02
174947 0 +3.977089445e-04 -1.304396023e+02 -1.304396023e+02
178180 0 +3.548100254e-04 -1.304396452e+02 -1.304396452e+02
181187 0 +3.160073096e-04 -1.304396840e+02 -1.304396840e+02
184078 0 +2.817914988e-04 -1.304397182e+02 -1.304397182e+02
186780 0 +2.511704097e-04 -1.304397488e+02 -1.304397488e+02
189347 0 +2.238525054e-04 -1.304397761e+02 -1.304397761e+02
191787 0 +1.994792551e-04 -1.304398005e+02 -1.304398005e+02
194105 0 +1.778244694e-04 -1.304398222e+02 -1.304398222e+02
196313 0 +1.584403758e-04 -1.304398416e+02 -1.304398416e+02
198507 0 +1.412389883e-04 -1.304398588e+02 -1.304398588e+02
200000 0 +1.303316741e-04 -1.304398697e+02 -1.304398697e+02
% f evaluations | g evaluations | best noise-free fitness - Fopt (4.949800000000e+02) + sum g_i+ | measured fitness | best measured fitness or single-digit g-values | x1 | x2...
1 0 +1.235000000e+02 +6.184800000e+02 +6.184800000e+02
1275 0 +1.230362941e+02 +6.180162941e+02 +6.180162941e+02
1280 0 +1.042165487e+02 +5.991965487e+02 +5.991965487e+02
1283 0 +9.155976907e+01 +5.865397691e+02 +5.865397691e+02
1287 0 +8.279228936e+01 +5.777722894e+02 +5.777722894e+02
1298 0 +7.701800180e+01 +5.719980018e+02 +5.719980018e+02
1312 0 +7.071723893e+01 +5.656972389e+02 +5.656972389e+02
1320 0 +5.538473648e+01 +5.503647365e+02 +5.503647365e+02
1323 0 +4.589742648e+01 +5.408774265e+02 +5.408774265e+02
1327 0 +4.224043602e+01 +5.372204360e+02 +5.372204360e+02
1331 0 +3.152452524e+01 +5.265045252e+02 +5.265045252e+02
1360 0 +2.446853832e+01 +5.194485383e+02 +5.194485383e+02
1429 0 +2.204711606e+01 +5.170271161e+02 +5.170271161e+02
1539 0 +1.988536993e+01 +5.148653699e+02 +5.148653699e+02
1867 0 +1.778024409e+01 +5.127602441e+02 +5.127602441e+02
3222 0 +1.584499408e+01 +5.108249941e+02 +5.108249941e+02
4881 0 +1.412346087e+01 +5.091034609e+02 +5.091034609e+02
6521 0 +1.258684589e+01 +5.075668459e+02 +5.075668459e+02
8335 0 +1.121642045e+01 +5.061964205e+02 +5.061964205e+02
10393 0 +9.996970434e+00 +5.049769704e+02 +5.049769704e+02
12449 0 +8.909210133e+00 +5.038892101e+02 +5.038892101e+02
14583 0 +7.943066413e+00 +5.029230664e+02 +5.029230664e+02
16413 0 +7.078439498e+00 +5.020584395e+02 +5.020584395e+02
17925 0 +6.303026142e+00 +5.012830261e+02 +5.012830261e+02
19227 0 +5.619115357e+00 +5.005991154e+02 +5.005991154e+02
20527 0 +5.011415459e+00 +4.999914155e+02 +4.999914155e+02
21792 0 +4.464242740e+00 +4.994442427e+02 +4.994442427e+02
22849 0 +3.980360643e+00 +4.989603606e+02 +4.989603606e+02
24289 0 +3.547347210e+00 +4.985273472e+02 +4.985273472e+02
25558 0 +3.159054408e+00 +4.981390544e+02 +4.981390544e+02
26804 0 +2.818119984e+00 +4.977981200e+02 +4.977981200e+02
28047 0 +2.511134032e+00 +4.974911340e+02 +4.974911340e+02
29236 0 +2.238065637e+00 +4.972180656e+02 +4.972180656e+02
30287 0 +1.995187240e+00 +4.969751872e+02 +4.969751872e+02
31284 0 +1.777749080e+00 +4.967577491e+02 +4.967577491e+02
32156 0 +1.583019140e+00 +4.965630191e+02 +4.965630191e+02
32956 0 +1.410220555e+00 +4.963902206e+02 +4.963902206e+02
33724 0 +1.258626677e+00 +4.962386267e+02 +4.962386267e+02
34444 0 +1.121489160e+00 +4.961014892e+02 +4.961014892e+02
35156 0 +9.983253549e-01 +4.959783254e+02 +4.959783254e+02
35796 0 +8.889302722e-01 +4.958689303e+02 +4.958689303e+02
36436 0 +7.923706811e-01 +4.957723707e+02 +4.957723707e+02
37076 0 +7.064404023e-01 +4.956864404e+02 +4.956864404e+02
37756 0 +6.307916396e-01 +4.956107916e+02 +4.956107916e+02
38796 0 +5.621104862e-01 +4.955421105e+02 +4.955421105e+02
39836 0 +5.008471631e-01 +4.954808472e+02 +4.954808472e+02
40858 0 +4.463753963e-01 +4.954263754e+02 +4.954263754e+02
41788 0 +3.980719317e-01 +4.953780719e+02 +4.953780719e+02
42692 0 +3.546574089e-01 +4.953346574e+02 +4.953346574e+02
43556 0 +3.158130111e-01 +4.952958130e+02 +4.952958130e+02
44516 0 +2.817317161e-01 +4.952617317e+02 +4.952617317e+02
45418 0 +2.510746397e-01 +4.952310746e+02 +4.952310746e+02
46389 0 +2.237984669e-01 +4.952037985e+02 +4.952037985e+02
47778 0 +1.994381252e-01 +4.951794381e+02 +4.951794381e+02
49236 0 +1.777937627e-01 +4.951577938e+02 +4.951577938e+02
50644 0 +1.584843762e-01 +4.951384844e+02 +4.951384844e+02
52058 0 +1.412287718e-01 +4.951212288e+02 +4.951212288e+02
53356 0 +1.257255608e-01 +4.951057256e+02 +4.951057256e+02
54639 0 +1.121259216e-01 +4.950921259e+02 +4.950921259e+02
55836 0 +9.998021794e-02 +4.950799802e+02 +4.950799802e+02
57161 0 +8.901454349e-02 +4.950690145e+02 +4.950690145e+02
58388 0 +7.939761220e-02 +4.950593976e+02 +4.950593976e+02
59855 0 +7.078413634e-02 +4.950507841e+02 +4.950507841e+02
61599 0 +6.307546008e-02 +4.950430755e+02 +4.950430755e+02
63444 0 +5.622184981e-02 +4.950362218e+02 +4.950362218e+02
65255 0 +5.010873185e-02 +4.950301087e+02 +4.950301087e+02
66943 0 +4.466298964e-02 +4.950246630e+02 +4.950246630e+02
68554 0 +3.980813623e-02 +4.950198081e+02 +4.950198081e+02
70156 0 +3.542759886e-02 +4.950154276e+02 +4.950154276e+02
72919 0 +3.161713547e-02 +4.950116171e+02 +4.950116171e+02
75658 0 +2.818374327e-02 +4.950081837e+02 +4.950081837e+02
78269 0 +2.511699400e-02 +4.950051170e+02 +4.950051170e+02
80729 0 +2.238640535e-02 +4.950023864e+02 +4.950023864e+02
83069 0 +1.995131122e-02 +4.949999513e+02 +4.949999513e+02
85298 0 +1.778266938e-02 +4.949977827e+02 +4.949977827e+02
87404 0 +1.584565175e-02 +4.949958457e+02 +4.949958457e+02
89406 0 +1.412437883e-02 +4.949941244e+02 +4.949941244e+02
91293 0 +1.258877961e-02 +4.949925888e+02 +4.949925888e+02
93076 0 +1.121753818e-02 +4.949912175e+02 +4.949912175e+02
94999 0 +9.999905028e-03 +4.949899999e+02 +4.949899999e+02
97069 0 +8.909262148e-03 +4.949889093e+02 +4.949889093e+02
99578 0 +7.942588769e-03 +4.949879426e+02 +4.949879426e+02
102458 0 +7.077912300e-03 +4.949870779e+02 +4.949870779e+02
105218 0 +6.306555472e-03 +4.949863066e+02 +4.949863066e+02
107794 0 +5.622970978e-03 +4.949856230e+02 +4.949856230e+02
110229 0 +5.011646828e-03 +4.949850116e+02 +4.949850116e+02
112538 0 +4.466099116e-03 +4.949844661e+02 +4.949844661e+02
114738 0 +3.979219997e-03 +4.949839792e+02 +4.949839792e+02
116794 0 +3.547860943e-03 +4.949835479e+02 +4.949835479e+02
118858 0 +3.161276105e-03 +4.949831613e+02 +4.949831613e+02
120916 0 +2.817721474e-03 +4.949828177e+02 +4.949828177e+02
122949 0 +2.511621544e-03 +4.949825116e+02 +4.949825116e+02
126186 0 +2.238616892e-03 +4.949822386e+02 +4.949822386e+02
129314 0 +1.995227007e-03 +4.949819952e+02 +4.949819952e+02
132268 0 +1.778111705e-03 +4.949817781e+02 +4.949817781e+02
135059 0 +1.584844744e-03 +4.949815848e+02 +4.949815848e+02
137732 0 +1.412494333e-03 +4.949814125e+02 +4.949814125e+02
140258 0 +1.258265979e-03 +4.949812583e+02 +4.949812583e+02
142629 0 +1.121909560e-03 +4.949811219e+02 +4.949811219e+02
144836 0 +9.999203415e-04 +4.949809999e+02 +4.949809999e+02
146959 0 +8.911197551e-04 +4.949808911e+02 +4.949808911e+02
149084 0 +7.941803015e-04 +4.949807942e+02 +4.949807942e+02
151149 0 +7.076234477e-04 +4.949807076e+02 +4.949807076e+02
153349 0 +6.309115069e-04 +4.949806309e+02 +4.949806309e+02
155858 0 +5.621634955e-04 +4.949805622e+02 +4.949805622e+02
159029 0 +5.011466980e-04 +4.949805011e+02 +4.949805011e+02
162041 0 +4.466737185e-04 +4.949804467e+02 +4.949804467e+02
164858 0 +3.980000425e-04 +4.949803980e+02 +4.949803980e+02
167538 0 +3.546740122e-04 +4.949803547e+02 +4.949803547e+02
170058 0 +3.161712860e-04 +4.949803162e+02 +4.949803162e+02
172474 0 +2.818342520e-04 +4.949802818e+02 +4.949802818e+02
174775 0 +2.511732233e-04 +4.949802512e+02 +4.949802512e+02
176884 0 +2.238215523e-04 +4.949802238e+02 +4.949802238e+02
178994 0 +1.994514629e-04 +4.949801995e+02 +4.949801995e+02
181081 0 +1.778150385e-04 +4.949801778e+02 +4.949801778e+02
183249 0 +1.584148257e-04 +4.949801584e+02 +4.949801584e+02
185698 0 +1.412056700e-04 +4.949801412e+02 +4.949801412e+02
188898 0 +1.258487102e-04 +4.949801258e+02 +4.949801258e+02
191898 0 +1.121946615e-04 +4.949801122e+02 +4.949801122e+02
194778 0 +9.996400894e-05 +4.949801000e+02 +4.949801000e+02
197498 0 +8.910586621e-05 +4.949800891e+02 +4.949800891e+02
200000 0 +7.948648516e-05 +4.949800795e+02 +4.949800795e+02
% f evaluations | g evaluations | best noise-free fitness - Fopt (4.685000000000e+01) + sum g_i+ | measured fitness | best measured fitness or single-digit g-values | x1 | x2...
1 0 +1.235000000e+02 +1.703500000e+02 +1.703500000e+02
1509 0 +1.132858179e+02 +1.601358179e+02 +1.601358179e+02
1515 0 +1.080487633e+02 +1.548987633e+02 +1.548987633e+02
1519 0 +9.864158627e+01 +1.454915863e+02 +1.454915863e+02
1525 0 +8.807711670e+01 +1.349271167e+02 +1.349271167e+02
1546 0 +7.829722520e+01 +1.251472252e+02 +1.251472252e+02
1549 0 +5.199260825e+01 +9.884260825e+01 +9.884260825e+01
1555 0 +4.911357269e+01 +9.596357269e+01 +9.596357269e+01
1589 0 +3.209571921e+01 +7.894571921e+01 +7.894571921e+01
1604 0 +2.887273330e+01 +7.572273330e+01 +7.572273330e+01
1629 0 +2.698058951e+01 +7.383058951e+01 +7.383058951e+01
1698 0 +2.414220508e+01 +7.099220508e+01 +7.099220508e+01
1710 0 +2.158212057e+01 +6.843212057e+01 +6.843212057e+01
1798 0 +1.991823762e+01 +6.676823762e+01 +6.676823762e+01
2840 0 +1.775817432e+01 +6.460817432e+01 +6.460817432e+01
4741 0 +1.584828712e+01 +6.269828712e+01 +6.269828712e+01
6375 0 +1.411035498e+01 +6.096035498e+01 +6.096035498e+01
7959 0 +1.258773422e+01 +5.943773422e+01 +5.943773422e+01
9804 0 +1.121675178e+01 +5.806675178e+01 +5.806675178e+01
12596 0 +9.998570754e+00 +5.684857075e+01 +5.684857075e+01
14521 0 +8.905202408e+00 +5.575520241e+01 +5.575520241e+01
16473 0 +7.942920329e+00 +5.479292033e+01 +5.479292033e+01
18257 0 +7.077610229e+00 +5.392761023e+01 +5.392761023e+01
19961 0 +6.304775744e+00 +5.315477574e+01 +5.315477574e+01
21459 0 +5.622956620e+00 +5.247295662e+01 +5.247295662e+01
22752 0 +5.009521724e+00 +5.185952172e+01 +5.185952172e+01
24065 0 +4.458984035e+00 +5.130898404e+01 +5.130898404e+01
25258 0 +3.978367622e+00 +5.082836762e+01 +5.082836762e+01
26336 0 +3.544120452e+00 +5.039412045e+01 +5.039412045e+01
27338 0 +3.162200175e+00 +5.001220018e+01 +5.001220018e+01
28269 0 +2.816380315e+00 +4.966638031e+01 +4.966638031e+01
29152 0 +2.509513136e+00 +4.935951314e+01 +4.935951314e+01
29867 0 +2.237547814e+00 +4.908754781e+01 +4.908754781e+01
30512 0 +1.990213571e+00 +4.884021357e+01 +4.884021357e+01
31129 0 +1.775320902e+00 +4.862532090e+01 +4.862532090e+01
31689 0 +1.582102957e+00 +4.843210296e+01 +4.843210296e+01
32152 0 +1.410550626e+00 +4.826055063e+01 +4.826055063e+01
32607 0 +1.257525832e+00 +4.810752583e+01 +4.810752583e+01
33180 0 +1.121937769e+00 +4.797193777e+01 +4.797193777e+01
33832 0 +9.989865094e-01 +4.784898651e+01 +4.784898651e+01
34392 0 +8.893541902e-01 +4.773935419e+01 +4.773935419e+01
34922 0 +7.937657990e-01 +4.764376580e+01 +4.764376580e+01
35476 0 +7.078718494e-01 +4.755787185e+01 +4.755787185e+01
36022 0 +6.308356770e-01 +4.748083568e+01 +4.748083568e+01
36558 0 +5.623350197e-01 +4.741233502e+01 +4.741233502e+01
37123 0 +5.008911411e-01 +4.735089114e+01 +4.735089114e+01
37638 0 +4.466309670e-01 +4.729663097e+01 +4.729663097e+01
38476 0 +3.977109346e-01 +4.724771093e+01 +4.724771093e+01
39282 0 +3.546313846e-01 +4.720463138e+01 +4.720463138e+01
40156 0 +3.158642134e-01 +4.716586421e+01 +4.716586421e+01
40974 0 +2.814564376e-01 +4.713145644e+01 +4.713145644e+01
41817 0 +2.511820773e-01 +4.710118208e+01 +4.710118208e+01
42716 0 +2.238643343e-01 +4.707386433e+01 +4.707386433e+01
44156 0 +1.992158364e-01 +4.704921584e+01 +4.704921584e+01
45563 0 +1.777505960e-01 +4.702775060e+01 +4.702775060e+01
46956 0 +1.584763501e-01 +4.700847635e+01 +4.700847635e+01
48312 0 +1.411797682e-01 +4.699117977e+01 +4.699117977e+01
49596 0 +1.256994195e-01 +4.697569942e+01 +4.697569942e+01
50836 0 +1.121893636e-01 +4.696218936e+01 +4.696218936e+01
52060 0 +9.997086866e-02 +4.694997087e+01 +4.694997087e+01
53214 0 +8.911167838e-02 +4.693911168e+01 +4.693911168e+01
54322 0 +7.940611883e-02 +4.692940612e+01 +4.692940612e+01
55500 0 +7.070153025e-02 +4.692070153e+01 +4.692070153e+01
56762 0 +6.298782479e-02 +4.691298782e+01 +4.691298782e+01
58462 0 +5.623284746e-02 +4.690623285e+01 +4.690623285e+01
60316 0 +5.010093481e-02 +4.690010093e+01 +4.690010093e+01
62082 0 +4.463935443e-02 +4.689463935e+01 +4.689463935e+01
63814 0 +3.979954421e-02 +4.688979954e+01 +4.688979954e+01
65398 0 +3.547844153e-02 +4.688547844e+01 +4.688547844e+01
66956 0 +3.162137077e-02 +4.688162137e+01 +4.688162137e+01
68420 0 +2.816872145e-02 +4.687816872e+01 +4.687816872e+01
69873 0 +2.510723519e-02 +4.687510724e+01 +4.687510724e+01
71363 0 +2.238027700e-02 +4.687238028e+01 +4.687238028e+01
72923 0 +1.994142769e-02 +4.686994143e+01 +4.686994143e+01
75040 0 +1.778278643e-02 +4.686778279e+01 +4.686778279e+01
77300 0 +1.584597642e-02 +4.686584598e+01 +4.686584598e+01
79476 0 +1.411449760e-02 +4.686411450e+01 +4.686411450e+01
81516 0 +1.258887190e-02 +4.686258887e+01 +4.686258887e+01
83460 0 +1.121795839e-02 +4.686121796e+01 +4.686121796e+01
85322 0 +9.995490384e-03 +4.685999549e+01 +4.685999549e+01
87043 0 +8.911818994e-03 +4.685891182e+01 +4.685891182e+01
88740 0 +7.943202665e-03 +4.685794320e+01 +4.685794320e+01
90323 0 +7.078325433e-03 +4.685707833e+01 +4.685707833e+01
91876 0 +6.305882690e-03 +4.685630588e+01 +4.685630588e+01
93552 0 +5.619284074e-03 +4.685561928e+01 +4.685561928e+01
95380 0 +5.008317221e-03 +4.685500832e+01 +4.685500832e+01
97065 0 +4.466061327e-03 +4.685446606e+01 +4.685446606e+01
99236 0 +3.979581700e-03 +4.685397958e+01 +4.685397958e+01
101500 0 +3.547346676e-03 +4.685354735e+01 +4.685354735e+01
103643 0 +3.161414585e-03 +4.685316141e+01 +4.685316141e+01
105676 0 +2.817648294e-03 +4.685281765e+01 +4.685281765e+01
107614 0 +2.511121633e-03 +4.685251112e+01 +4.685251112e+01
109457 0 +2.238098088e-03 +4.685223810e+01 +4.685223810e+01
111217 0 +1.994583688e-03 +4.685199458e+01 +4.685199458e+01
112873 0 +1.778047102e-03 +4.685177805e+01 +4.685177805e+01
114676 0 +1.584462010e-03 +4.685158446e+01 +4.685158446e+01
116396 0 +1.412084739e-03 +4.685141208e+01 +4.685141208e+01
119104 0 +1.258825233e-03 +4.685125883e+01 +4.685125883e+01
121683 0 +1.121690388e-03 +4.685112169e+01 +4.685112169e+01
124156 0 +9.998488633e-04 +4.685099985e+01 +4.685099985e+01
126482 0 +8.912002070e-04 +4.685089120e+01 +4.685089120e+01
128716 0 +7.942933618e-04 +4.685079429e+01 +4.685079429e+01
130796 0 +7.079176840e-04 +4.685070792e+01 +4.685070792e+01
132774 0 +6.308152973e-04 +4.685063082e+01 +4.685063082e+01
134676 0 +5.622951248e-04 +4.685056230e+01 +4.685056230e+01
136602 0 +5.009987105e-04 +4.685050100e+01 +4.685050100e+01
138353 0 +4.465921287e-04 +4.685044659e+01 +4.685044659e+01
140153 0 +3.980954046e-04 +4.685039810e+01 +4.685039810e+01
143070 0 +3.548104293e-04 +4.685035481e+01 +4.685035481e+01
145876 0 +3.161383825e-04 +4.685031614e+01 +4.685031614e+01
148516 0 +2.818320664e-04 +4.685028183e+01 +4.685028183e+01
151036 0 +2.510790654e-04 +4.685025108e+01 +4.685025108e+01
153400 0 +2.238577777e-04 +4.685022386e+01 +4.685022386e+01
155647 0 +1.994989589e-04 +4.685019950e+01 +4.685019950e+01
157777 0 +1.778213415e-04 +4.685017782e+01 +4.685017782e+01
159758 0 +1.584638557e-04 +4.685015846e+01 +4.685015846e+01
161690 0 +1.412229046e-04 +4.685014122e+01 +4.685014122e+01
163540 0 +1.258261698e-04 +4.685012583e+01 +4.685012583e+01
165417 0 +1.121623801e-04 +4.685011216e+01 +4.685011216e+01
168076 0 +9.995560914e-05 +4.685009996e+01 +4.685009996e+01
171080 0 +8.910609147e-05 +4.685008911e+01 +4.685008911e+01
173900 0 +7.943094245e-05 +4.685007943e+01 +4.685007943e+01
176596 0 +7.077467710e-05 +4.685007077e+01 +4.685007077e+01
179116 0 +6.304819000e-05 +4.685006305e+01 +4.685006305e+01
181476 0 +5.622179314e-05 +4.685005622e+01 +4.685005622e+01
183763 0 +5.011050391e-05 +4.685005011e+01 +4.685005011e+01
185897 0 +4.464888243e-05 +4.685004465e+01 +4.685004465e+01
187883 0 +3.980205114e-05 +4.685003980e+01 +4.685003980e+01
189803 0 +3.546956262e-05 +4.685003547e+01 +4.685003547e+01
191636 0 +3.162171107e-05 +4.685003162e+01 +4.685003162e+01
193460 0 +2.816313249e-05 +4.685002816e+01 +4.685002816e+01
196202 0 +2.511603160e-05 +4.685002512e+01 +4.685002512e+01
199236 0 +2.238049871e-05 +4.685002238e+01 +4.685002238e+01
200000 0 +2.171098790e-05 +4.685002171e+01 +4.685002171e+01
% f evaluations | g evaluations | best noise-free fitness - Fopt (1.046400000000e+02) + sum g_i+ | measured fitness | best measured fitness or single-digit g-values | x1 | x2...
1 0 +1.235000000e+02 +2.281400000e+02 +2.281400000e+02
1045 0 +1.198145626e+02 +2.244545626e+02 +2.244545626e+02
1047 0 +1.059374148e+02 +2.105774148e+02 +2.105774148e+02
1062 0 +8.869412403e+01 +1.933341240e+02 +1.933341240e+02
1166 0 +7.863324084e+01 +1.832732408e+02 +1.832732408e+02
1485 0 +7.077709497e+01 +1.754170950e+02 +1.754170950e+02
7441 0 +6.306227842e+01 +1.677022784e+02 +1.677022784e+02
8160 0 +5.617978582e+01 +1.608197858e+02 +1.608197858e+02
8579 0 +5.005695166e+01 +1.546969517e+02 +1.546969517e+02
8899 0 +4.466057351e+01 +1.493005735e+02 +1.493005735e+02
9164 0 +3.968392055e+01 +1.443239205e+02 +1.443239205e+02
9390 0 +3.547953637e+01 +1.401195364e+02 +1.401195364e+02
9583 0 +3.161578142e+01 +1.362557814e+02 +1.362557814e+02
9761 0 +2.805401567e+01 +1.326940157e+02 +1.326940157e+02
9920 0 +2.509443170e+01 +1.297344317e+02 +1.297344317e+02
10054 0 +2.238518830e+01 +1.270251883e+02 +1.270251883e+02
10190 0 +1.988206882e+01 +1.245220688e+02 +1.245220688e+02
10310 0 +1.770171439e+01 +1.223417144e+02 +1.223417144e+02
10404 0 +1.582836727e+01 +1.204683673e+02 +1.204683673e+02
10521 0 +1.402813341e+01 +1.186681334e+02 +1.186681334e+02
10604 0 +1.256946478e+01 +1.172094648e+02 +1.172094648e+02
10710 0 +1.120539978e+01 +1.158453998e+02 +1.158453998e+02
10801 0 +9.829219578e+00 +1.144692196e+02 +1.144692196e+02
10880 0 +8.908534830e+00 +1.135485348e+02 +1.135485348e+02
10950 0 +7.923865902e+00 +1.125638659e+02 +1.125638659e+02
11004 0 +7.067898682e+00 +1.117078987e+02 +1.117078987e+02
11081 0 +6.288619396e+00 +1.109286194e+02 +1.109286194e+02
11150 0 +5.589369885e+00 +1.102293699e+02 +1.102293699e+02
11204 0 +4.867831684e+00 +1.095078317e+02 +1.095078317e+02
11259 0 +4.463618883e+00 +1.091036189e+02 +1.091036189e+02
11321 0 +3.882096306e+00 +1.085220963e+02 +1.085220963e+02
11364 0 +3.421729470e+00 +1.080617295e+02 +1.080617295e+02
11404 0 +3.117979265e+00 +1.077579793e+02 +1.077579793e+02
11444 0 +2.815594671e+00 +1.074555947e+02 +1.074555947e+02
11510 0 +2.468291274e+00 +1.071082913e+02 +1.071082913e+02
11550 0 +2.204676193e+00 +1.068446762e+02 +1.068446762e+02
11590 0 +1.966371107e+00 +1.066063711e+02 +1.066063711e+02
11622 0 +1.775668052e+00 +1.064156681e+02 +1.064156681e+02
11644 0 +1.558435262e+00 +1.061984353e+02 +1.061984353e+02
11684 0 +1.368920836e+00 +1.060089208e+02 +1.060089208e+02
11724 0 +1.187499575e+00 +1.058274996e+02 +1.058274996e+02
11761 0 +1.095115585e+00 +1.057351156e+02 +1.057351156e+02
11790 0 +9.783893329e-01 +1.056183893e+02 +1.056183893e+02
11804 0 +8.680869706e-01 +1.055080870e+02 +1.055080870e+02
11844 0 +7.363925912e-01 +1.053763926e+02 +1.053763926e+02
11881 0 +6.887280952e-01 +1.053287281e+02 +1.053287281e+02
11884 0 +6.294924431e-01 +1.052694924e+02 +1.052694924e+02
11924 0 +5.439647842e-01 +1.051839648e+02 +1.051839648e+02
11964 0 +4.710187215e-01 +1.051110187e+02 +1.051110187e+02
12004 0 +4.157245014e-01 +1.050557245e+02 +1.050557245e+02
12032 0 +3.966604564e-01 +1.050366605e+02 +1.050366605e+02
12070 0 +3.524050280e-01 +1.049924050e+02 +1.049924050e+02
12124 0 +3.089827646e-01 +1.049489828e+02 +1.049489828e+02
12284 0 +2.804909686e-01 +1.049204910e+02 +1.049204910e+02
13115 0 +2.511004442e-01 +1.048911004e+02 +1.048911004e+02
14137 0 +2.238533825e-01 +1.048638534e+02 +1.048638534e+02
15269 0 +1.990978717e-01 +1.048390979e+02 +1.048390979e+02
16530 0 +1.777334248e-01 +1.048177334e+02 +1.048177334e+02
18038 0 +1.584847371e-01 +1.047984847e+02 +1.047984847e+02
19469 0 +1.411700138e-01 +1.047811700e+02 +1.047811700e+02
20857 0 +1.258539937e-01 +1.047658540e+02 +1.047658540e+02
22189 0 +1.121567934e-01 +1.047521568e+02 +1.047521568e+02
23572 0 +9.999508908e-02 +1.047399951e+02 +1.047399951e+02
24875 0 +8.911334301e-02 +1.047291133e+02 +1.047291133e+02
26879 0 +7.942599270e-02 +1.047194260e+02 +1.047194260e+02
29149 0 +7.075231257e-02 +1.047107523e+02 +1.047107523e+02
31275 0 +6.308839646e-02 +1.047030884e+02 +1.047030884e+02
33351 0 +5.620014682e-02 +1.046962001e+02 +1.046962001e+02
35309 0 +5.011151527e-02 +1.046901115e+02 +1.046901115e+02
37191 0 +4.465983513e-02 +1.046846598e+02 +1.046846598e+02
39017 0 +3.979304322e-02 +1.046797930e+02 +1.046797930e+02
40694 0 +3.547365195e-02 +1.046754737e+02 +1.046754737e+02
42377 0 +3.160050009e-02 +1.046716005e+02 +1.046716005e+02
43949 0 +2.818308631e-02 +1.046681831e+02 +1.046681831e+02
45678 0 +2.511576514e-02 +1.046651158e+02 +1.046651158e+02
48155 0 +2.238672910e-02 +1.046623867e+02 +1.046623867e+02
50829 0 +1.993991448e-02 +1.046599399e+02 +1.046599399e+02
53364 0 +1.778180748e-02 +1.046577818e+02 +1.046577818e+02
55749 0 +1.584450649e-02 +1.046558445e+02 +1.046558445e+02
57998 0 +1.412163619e-02 +1.046541216e+02 +1.046541216e+02
60189 0 +1.258360324e-02 +1.046525836e+02 +1.046525836e+02
62231 0 +1.121761262e-02 +1.046512176e+02 +1.046512176e+02
65330 0 +9.999491831e-03 +1.046499995e+02 +1.046499995e+02
68995 0 +8.912395671e-03 +1.046489124e+02 +1.046489124e+02
72469 0 +7.941972409e-03 +1.046479420e+02 +1.046479420e+02
75789 0 +7.076814188e-03 +1.046470768e+02 +1.046470768e+02
78934 0 +6.308231257e-03 +1.046463082e+02 +1.046463082e+02
81909 0 +5.621411839e-03 +1.046456214e+02 +1.046456214e+02
84715 0 +5.011478336e-03 +1.046450115e+02 +1.046450115e+02
87382 0 +4.466797244e-03 +1.046444668e+02 +1.046444668e+02
89909 0 +3.980094215e-03 +1.046439801e+02 +1.046439801e+02
92278 0 +3.547610728e-03 +1.046435476e+02 +1.046435476e+02
94549 0 +3.161656035e-03 +1.046431617e+02 +1.046431617e+02
96767 0 +2.817496722e-03 +1.046428175e+02 +1.046428175e+02
98894 0 +2.511570903e-03 +1.046425116e+02 +1.046425116e+02
100995 0 +2.237161938e-03 +1.046422372e+02 +1.046422372e+02
102966 0 +1.995138506e-03 +1.046419951e+02 +1.046419951e+02
105406 0 +1.776565934e-03 +1.046417766e+02 +1.046417766e+02
107687 0 +1.584462378e-03 +1.046415845e+02 +1.046415845e+02
110334 0 +1.412508127e-03 +1.046414125e+02 +1.046414125e+02
113235 0 +1.258457009e-03 +1.046412585e+02 +1.046412585e+02
115966 0 +1.121677027e-03 +1.046411217e+02 +1.046411217e+02
118564 0 +9.997196750e-04 +1.046409997e+02 +1.046409997e+02
120991 0 +8.909235850e-04 +1.046408909e+02 +1.046408909e+02
123309 0 +7.941826360e-04 +1.046407942e+02 +1.046407942e+02
125530 0 +7.079059013e-04 +1.046407079e+02 +1.046407079e+02
127669 0 +6.309347735e-04 +1.046406309e+02 +1.046406309e+02
129764 0 +5.621328116e-04 +1.046405621e+02 +1.046405621e+02
133438 0 +5.011520241e-04 +1.046405012e+02 +1.046405012e+02
136927 0 +4.466172920e-04 +1.046404466e+02 +1.046404466e+02
140229 0 +3.978471461e-04 +1.046403978e+02 +1.046403978e+02
143315 0 +3.547930844e-04 +1.046403548e+02 +1.046403548e+02
146269 0 +3.161672788e-04 +1.046403162e+02 +1.046403162e+02
149054 0 +2.817813079e-04 +1.046402818e+02 +1.046402818e+02
151696 0 +2.511785038e-04 +1.046402512e+02 +1.046402512e+02
154174 0 +2.238596834e-04 +1.046402239e+02 +1.046402239e+02
156549 0 +1.994751164e-04 +1.046401995e+02 +1.046401995e+02
158886 0 +1.778068032e-04 +1.046401778e+02 +1.046401778e+02
161020 0 +1.584458282e-04 +1.046401584e+02 +1.046401584e+02
163144 0 +1.412500625e-04 +1.046401413e+02 +1.046401413e+02
165271 0 +1.258458235e-04 +1.046401258e+02 +1.046401258e+02
168589 0 +1.121686890e-04 +1.046401122e+02 +1.046401122e+02
171909 0 +9.995541272e-05 +1.046401000e+02 +1.046401000e+02
175029 0 +8.910932829e-05 +1.046400891e+02 +1.046400891e+02
178014 0 +7.942534103e-05 +1.046400794e+02 +1.046400794e+02
180816 0 +7.079287668e-05 +1.046400708e+02 +1.046400708e+02
183450 0 +6.309428927e-05 +1.046400631e+02 +1.046400631e+02
185989 0 +5.617602950e-05 +1.046400562e+02 +1.046400562e+02
188337 0 +5.009798515e-05 +1.046400501e+02 +1.046400501e+02
190606 0 +4.463276214e-05 +1.046400446e+02 +1.046400446e+02
192745 0 +3.980930992e-05 +1.046400398e+02 +1.046400398e+02
195694 0 +3.548097528e-05 +1.046400355e+02 +1.046400355e+02
199469 0 +3.160631790e-05 +1.046400316e+02 +1.046400316e+02
200000 0 +3.106652389e-05 +1.046400311e+02 +1.046400311e+02
% f evaluations | g evaluations | best noise-free fitness - Fopt (1.965900000000e+02) + sum g_i+ | measured fitness | best measured fitness or single-digit g-values | x1 | x2...
1 0 +1.235000000e+02 +3.200900000e+02 +3.200900000e+02
1050 0 +1.217080240e+02 +3.182980240e+02 +3.182980240e+02
1057 0 +9.380988774e+01 +2.903998877e+02 +2.903998877e+02
1074 0 +8.751389910e+01 +2.841038991e+02 +2.841038991e+02
1126 0 +7.557740417e+01 +2.721674042e+02 +2.721674042e+02
1136 0 +6.683471914e+01 +2.634247191e+02 +2.634247191e+02
1137 0 +6.150158499e+01 +2.580915850e+02 +2.580915850e+02
1149 0 +5.168083441e+01 +2.482708344e+02 +2.482708344e+02
1156 0 +3.970019778e+01 +2.362901978e+02 +2.362901978e+02
1160 0 +3.409133567e+01 +2.306813357e+02 +2.306813357e+02
1165 0 +2.929051525e+01 +2.258805152e+02 +2.258805152e+02
1172 0 +2.635623420e+01 +2.229462342e+02 +2.229462342e+02
1248 0 +2.402944137e+01 +2.206194414e+02 +2.206194414e+02
1257 0 +2.157614938e+01 +2.181661494e+02 +2.181661494e+02
1269 0 +1.954055888e+01 +2.161305589e+02 +2.161305589e+02
1357 0 +1.754086126e+01 +2.141308613e+02 +2.141308613e+02
2314 0 +1.584451549e+01 +2.124345155e+02 +2.124345155e+02
4108 0 +1.412322149e+01 +2.107132215e+02 +2.107132215e+02
6902 0 +1.258871351e+01 +2.091787135e+02 +2.091787135e+02
9795 0 +1.121258058e+01 +2.078025806e+02 +2.078025806e+02
12527 0 +9.999142676e+00 +2.065891427e+02 +2.065891427e+02
15007 0 +8.909312971e+00 +2.054993130e+02 +2.054993130e+02
17015 0 +7.941921833e+00 +2.045319218e+02 +2.045319218e+02
18659 0 +7.077894900e+00 +2.036678949e+02 +2.036678949e+02
20279 0 +6.308746231e+00 +2.028987462e+02 +2.028987462e+02
21726 0 +5.622285541e+00 +2.022122855e+02 +2.022122855e+02
23166 0 +5.011448738e+00 +2.016014487e+02 +2.016014487e+02
24922 0 +4.466391025e+00 +2.010563910e+02 +2.010563910e+02
26473 0 +3.980769261e+00 +2.005707693e+02 +2.005707693e+02
28033 0 +3.544831114e+00 +2.001348311e+02 +2.001348311e+02
29593 0 +3.158534807e+00 +1.997485348e+02 +1.997485348e+02
30993 0 +2.815099527e+00 +1.994050995e+02 +1.994050995e+02
32110 0 +2.510910599e+00 +1.991009106e+02 +1.991009106e+02
33142 0 +2.237643016e+00 +1.988276430e+02 +1.988276430e+02
34103 0 +1.990756869e+00 +1.985807569e+02 +1.985807569e+02
34983 0 +1.776320887e+00 +1.983663209e+02 +1.983663209e+02
35783 0 +1.582056848e+00 +1.981720568e+02 +1.981720568e+02
36510 0 +1.411736601e+00 +1.980017366e+02 +1.980017366e+02
37182 0 +1.257338820e+00 +1.978473388e+02 +1.978473388e+02
37761 0 +1.120774418e+00 +1.977107744e+02 +1.977107744e+02
38303 0 +9.999039777e-01 +1.975899040e+02 +1.975899040e+02
38845 0 +8.904440848e-01 +1.974804441e+02 +1.974804441e+02
39423 0 +7.942453054e-01 +1.973842453e+02 +1.973842453e+02
39971 0 +7.078053378e-01 +1.972978053e+02 +1.972978053e+02
40550 0 +6.306626531e-01 +1.972206627e+02 +1.972206627e+02
41187 0 +5.619424043e-01 +1.971519424e+02 +1.971519424e+02
41970 0 +5.009483372e-01 +1.970909483e+02 +1.970909483e+02
42837 0 +4.463368562e-01 +1.970363369e+02 +1.970363369e+02
43792 0 +3.975251198e-01 +1.969875251e+02 +1.969875251e+02
44730 0 +3.546268781e-01 +1.969446269e+02 +1.969446269e+02
45632 0 +3.157085260e-01 +1.969057085e+02 +1.969057085e+02
46525 0 +2.816538200e-01 +1.968716538e+02 +1.968716538e+02
47466 0 +2.507650262e-01 +1.968407650e+02 +1.968407650e+02
48390 0 +2.236665218e-01 +1.968136665e+02 +1.968136665e+02
49952 0 +1.994497927e-01 +1.967894498e+02 +1.967894498e+02
51552 0 +1.777776625e-01 +1.967677777e+02 +1.967677777e+02
53072 0 +1.583863050e-01 +1.967483863e+02 +1.967483863e+02
54552 0 +1.411203187e-01 +1.967311203e+02 +1.967311203e+02
55992 0 +1.257674871e-01 +1.967157675e+02 +1.967157675e+02
57367 0 +1.121716463e-01 +1.967021716e+02 +1.967021716e+02
58682 0 +9.997097171e-02 +1.966899710e+02 +1.966899710e+02
59955 0 +8.907219252e-02 +1.966790722e+02 +1.966790722e+02
61192 0 +7.942080867e-02 +1.966694208e+02 +1.966694208e+02
62410 0 +7.075423588e-02 +1.966607542e+02 +1.966607542e+02
64552 0 +6.308235084e-02 +1.966530824e+02 +1.966530824e+02
66672 0 +5.620484933e-02 +1.966462048e+02 +1.966462048e+02
68690 0 +5.009740376e-02 +1.966400974e+02 +1.966400974e+02
70592 0 +4.466131383e-02 +1.966346613e+02 +1.966346613e+02
72472 0 +3.980968934e-02 +1.966298097e+02 +1.966298097e+02
74197 0 +3.546502502e-02 +1.966254650e+02 +1.966254650e+02
75930 0 +3.160856501e-02 +1.966216086e+02 +1.966216086e+02
77650 0 +2.816883828e-02 +1.966181688e+02 +1.966181688e+02
79274 0 +2.511870794e-02 +1.966151187e+02 +1.966151187e+02
82072 0 +2.236793631e-02 +1.966123679e+02 +1.966123679e+02
84792 0 +1.994488912e-02 +1.966099449e+02 +1.966099449e+02
87392 0 +1.776817614e-02 +1.966077682e+02 +1.966077682e+02
89860 0 +1.584881725e-02 +1.966058488e+02 +1.966058488e+02
92183 0 +1.412399226e-02 +1.966041240e+02 +1.966041240e+02
94402 0 +1.258480077e-02 +1.966025848e+02 +1.966025848e+02
96506 0 +1.121881508e-02 +1.966012188e+02 +1.966012188e+02
98472 0 +9.997665125e-03 +1.965999977e+02 +1.965999977e+02
100392 0 +8.906000970e-03 +1.965989060e+02 +1.965989060e+02
102207 0 +7.942520575e-03 +1.965979425e+02 +1.965979425e+02
104047 0 +7.074517198e-03 +1.965970745e+02 +1.965970745e+02
105843 0 +6.309165042e-03 +1.965963092e+02 +1.965963092e+02
107672 0 +5.620408856e-03 +1.965956204e+02 +1.965956204e+02
110552 0 +5.008527862e-03 +1.965950085e+02 +1.965950085e+02
113272 0 +4.465413008e-03 +1.965944654e+02 +1.965944654e+02
115854 0 +3.980395614e-03 +1.965939804e+02 +1.965939804e+02
118331 0 +3.547753966e-03 +1.965935478e+02 +1.965935478e+02
120650 0 +3.162214691e-03 +1.965931622e+02 +1.965931622e+02
122832 0 +2.815605488e-03 +1.965928156e+02 +1.965928156e+02
124957 0 +2.510799222e-03 +1.965925108e+02 +1.965925108e+02
126912 0 +2.237343813e-03 +1.965922373e+02 +1.965922373e+02
130042 0 +1.995089657e-03 +1.965919951e+02 +1.965919951e+02
133557 0 +1.778010457e-03 +1.965917780e+02 +1.965917780e+02
136874 0 +1.584794432e-03 +1.965915848e+02 +1.965915848e+02
140032 0 +1.411422881e-03 +1.965914114e+02 +1.965914114e+02
142997 0 +1.258763832e-03 +1.965912588e+02 +1.965912588e+02
145826 0 +1.122018359e-03 +1.965911220e+02 +1.965911220e+02
148482 0 +9.996580700e-04 +1.965909997e+02 +1.965909997e+02
150994 0 +8.911349807e-04 +1.965908911e+02 +1.965908911e+02
153362 0 +7.941312066e-04 +1.965907941e+02 +1.965907941e+02
155632 0 +7.076426411e-04 +1.965907076e+02 +1.965907076e+02
157872 0 +6.309077255e-04 +1.965906309e+02 +1.965906309e+02
159882 0 +5.622673216e-04 +1.965905623e+02 +1.965905623e+02
161992 0 +5.010963939e-04 +1.965905011e+02 +1.965905011e+02
165087 0 +4.466663474e-04 +1.965904467e+02 +1.965904467e+02
168472 0 +3.978161908e-04 +1.965903978e+02 +1.965903978e+02
171647 0 +3.548038311e-04 +1.965903548e+02 +1.965903548e+02
174677 0 +3.161832767e-04 +1.965903162e+02 +1.965903162e+02
177550 0 +2.817648378e-04 +1.965902818e+02 +1.965902818e+02
180232 0 +2.511650773e-04 +1.965902512e+02 +1.965902512e+02
182765 0 +2.238421326e-04 +1.965902238e+02 +1.965902238e+02
185232 0 +1.994278942e-04 +1.965901994e+02 +1.965901994e+02
187482 0 +1.777850954e-04 +1.965901778e+02 +1.965901778e+02
189632 0 +1.584832822e-04 +1.965901585e+02 +1.965901585e+02
191712 0 +1.412467456e-04 +1.965901412e+02 +1.965901412e+02
193891 0 +1.258548833e-04 +1.965901259e+02 +1.965901259e+02
196077 0 +1.121917006e-04 +1.965901122e+02 +1.965901122e+02
199490 0 +9.999170845e-05 +1.965901000e+02 +1.965901000e+02
200000 0 +9.831825676e-05 +1.965900983e+02 +1.965900983e+02
% f evaluations | g evaluations | best noise-free fitness - Fopt (1.461600000000e+02) + sum g_i+ | measured fitness | best measured fitness or single-digit g-values | x1 | x2...
1 0 +1.235000000e+02 +2.696600000e+02 +2.696600000e+02
1061 0 +1.229020736e+02 +2.690620736e+02 +2.690620736e+02
1078 0 +1.049269022e+02 +2.510869022e+02 +2.510869022e+02
1088 0 +8.240527944e+01 +2.285652794e+02 +2.285652794e+02
1103 0 +6.593083737e+01 +2.120908374e+02 +2.120908374e+02
1126 0 +6.302984527e+01 +2.091898453e+02 +2.091898453e+02
1169 0 +5.616056841e+01 +2.023205684e+02 +2.023205684e+02
1283 0 +4.990258267e+01 +1.960625827e+02 +1.960625827e+02
1294 0 +4.324871144e+01 +1.894087114e+02 +1.894087114e+02
1295 0 +3.734889142e+01 +1.835088914e+02 +1.835088914e+02
1298 0 +3.383511298e+01 +1.799951130e+02 +1.799951130e+02
1315 0 +2.760417053e+01 +1.737641705e+02 +1.737641705e+02
1391 0 +2.498722209e+01 +1.711472221e+02 +1.711472221e+02
1400 0 +2.196851000e+01 +1.681285100e+02 +1.681285100e+02
1498 0 +1.993378777e+01 +1.660937878e+02 +1.660937878e+02
1635 0 +1.775201387e+01 +1.639120139e+02 +1.639120139e+02
2867 0 +1.584297544e+01 +1.620029754e+02 +1.620029754e+02
4451 0 +1.412512928e+01 +1.602851293e+02 +1.602851293e+02
5975 0 +1.258902332e+01 +1.587490233e+02 +1.587490233e+02
7957 0 +1.121754638e+01 +1.573775464e+02 +1.573775464e+02
10516 0 +9.998658228e+00 +1.561586582e+02 +1.561586582e+02
12505 0 +8.912226976e+00 +1.550722270e+02 +1.550722270e+02
14280 0 +7.941610327e+00 +1.541016103e+02 +1.541016103e+02
15810 0 +7.077817084e+00 +1.532378171e+02 +1.532378171e+02
17240 0 +6.308999922e+00 +1.524689999e+02 +1.524689999e+02
18824 0 +5.619164624e+00 +1.517791646e+02 +1.517791646e+02
20410 0 +5.010950328e+00 +1.511709503e+02 +1.511709503e+02
21878 0 +4.465265378e+00 +1.506252654e+02 +1.506252654e+02
23078 0 +3.979432109e+00 +1.501394321e+02 +1.501394321e+02
24110 0 +3.541426536e+00 +1.497014265e+02 +1.497014265e+02
25070 0 +3.160511077e+00 +1.493205111e+02 +1.493205111e+02
26146 0 +2.817164210e+00 +1.489771642e+02 +1.489771642e+02
27230 0 +2.507995413e+00 +1.486679954e+02 +1.486679954e+02
28210 0 +2.238271814e+00 +1.483982718e+02 +1.483982718e+02
29032 0 +1.995026482e+00 +1.481550265e+02 +1.481550265e+02
29776 0 +1.777354616e+00 +1.479373546e+02 +1.479373546e+02
30487 0 +1.583971204e+00 +1.477439712e+02 +1.477439712e+02
31096 0 +1.410452299e+00 +1.475704523e+02 +1.475704523e+02
31696 0 +1.257263943e+00 +1.474172639e+02 +1.474172639e+02
32256 0 +1.119509167e+00 +1.472795092e+02 +1.472795092e+02
32780 0 +9.998632453e-01 +1.471598632e+02 +1.471598632e+02
33397 0 +8.882403904e-01 +1.470482404e+02 +1.470482404e+02
33997 0 +7.931086621e-01 +1.469531087e+02 +1.469531087e+02
34602 0 +7.079415998e-01 +1.468679416e+02 +1.468679416e+02
35242 0 +6.304389599e-01 +1.467904390e+02 +1.467904390e+02
35845 0 +5.622923519e-01 +1.467222924e+02 +1.467222924e+02
36890 0 +5.011327406e-01 +1.466611327e+02 +1.466611327e+02
38037 0 +4.462359119e-01 +1.466062359e+02 +1.466062359e+02
39117 0 +3.980466640e-01 +1.465580467e+02 +1.465580467e+02
40199 0 +3.547515886e-01 +1.465147516e+02 +1.465147516e+02
41250 0 +3.161619779e-01 +1.464761620e+02 +1.464761620e+02
42243 0 +2.818168424e-01 +1.464418168e+02 +1.464418168e+02
43237 0 +2.509540372e-01 +1.464109540e+02 +1.464109540e+02
44197 0 +2.237182933e-01 +1.463837183e+02 +1.463837183e+02
45237 0 +1.994787525e-01 +1.463594788e+02 +1.463594788e+02
46319 0 +1.777830514e-01 +1.463377831e+02 +1.463377831e+02
47605 0 +1.584597777e-01 +1.463184598e+02 +1.463184598e+02
49205 0 +1.412340729e-01 +1.463012341e+02 +1.463012341e+02
50757 0 +1.257292330e-01 +1.462857292e+02 +1.462857292e+02
52235 0 +1.121926803e-01 +1.462721927e+02 +1.462721927e+02
53656 0 +9.997710593e-02 +1.462599771e+02 +1.462599771e+02
54997 0 +8.909316415e-02 +1.462490932e+02 +1.462490932e+02
56325 0 +7.941108595e-02 +1.462394111e+02 +1.462394111e+02
57803 0 +7.078915259e-02 +1.462307892e+02 +1.462307892e+02
60083 0 +6.309228011e-02 +1.462230923e+02 +1.462230923e+02
62285 0 +5.623152073e-02 +1.462162315e+02 +1.462162315e+02
64403 0 +5.010542862e-02 +1.462101054e+02 +1.462101054e+02
66411 0 +4.465354157e-02 +1.462046535e+02 +1.462046535e+02
68298 0 +3.981023390e-02 +1.461998102e+02 +1.461998102e+02
70117 0 +3.545802664e-02 +1.461954580e+02 +1.461954580e+02
71843 0 +3.160207990e-02 +1.461916021e+02 +1.461916021e+02
73517 0 +2.815810759e-02 +1.461881581e+02 +1.461881581e+02
75197 0 +2.511632812e-02 +1.461851163e+02 +1.461851163e+02
76786 0 +2.238596442e-02 +1.461823860e+02 +1.461823860e+02
79523 0 +1.994830124e-02 +1.461799483e+02 +1.461799483e+02
82197 0 +1.777912106e-02 +1.461777791e+02 +1.461777791e+02
84706 0 +1.584813414e-02 +1.461758481e+02 +1.461758481e+02
87077 0 +1.411649037e-02 +1.461741165e+02 +1.461741165e+02
89336 0 +1.258896785e-02 +1.461725890e+02 +1.461725890e+02
91477 0 +1.121351784e-02 +1.461712135e+02 +1.461712135e+02
93496 0 +9.996148659e-03 +1.461699961e+02 +1.461699961e+02
95434 0 +8.911518637e-03 +1.461689115e+02 +1.461689115e+02
97277 0 +7.937773076e-03 +1.461679378e+02 +1.461679378e+02
99028 0 +7.077826700e-03 +1.461670778e+02 +1.461670778e+02
100837 0 +6.308636152e-03 +1.461663086e+02 +1.461663086e+02
103045 0 +5.622036833e-03 +1.461656220e+02 +1.461656220e+02
105957 0 +5.008114105e-03 +1.461650081e+02 +1.461650081e+02
108736 0 +4.464942625e-03 +1.461644649e+02 +1.461644649e+02
111357 0 +3.977210352e-03 +1.461639772e+02 +1.461639772e+02
113797 0 +3.548028537e-03 +1.461635480e+02 +1.461635480e+02
116125 0 +3.161408327e-03 +1.461631614e+02 +1.461631614e+02
118386 0 +2.816386356e-03 +1.461628164e+02 +1.461628164e+02
120557 0 +2.511204036e-03 +1.461625112e+02 +1.461625112e+02
122557 0 +2.237854918e-03 +1.461622379e+02 +1.461622379e+02
124554 0 +1.995215867e-03 +1.461619952e+02 +1.461619952e+02
127157 0 +1.777269471e-03 +1.461617773e+02 +1.461617773e+02
130508 0 +1.584563687e-03 +1.461615846e+02 +1.461615846e+02
133637 0 +1.412206157e-03 +1.461614122e+02 +1.461614122e+02
136616 0 +1.258666751e-03 +1.461612587e+02 +1.461612587e+02
139437 0 +1.121861861e-03 +1.461611219e+02 +1.461611219e+02
142108 0 +9.997868842e-04 +1.461609998e+02 +1.461609998e+02
144637 0 +8.904684408e-04 +1.461608905e+02 +1.461608905e+02
147005 0 +7.942529585e-04 +1.461607943e+02 +1.461607943e+02
149271 0 +7.078618452e-04 +1.461607079e+02 +1.461607079e+02
151437 0 +6.307319582e-04 +1.461606307e+02 +1.461606307e+02
153477 0 +5.623084679e-04 +1.461605623e+02 +1.461605623e+02
155523 0 +5.009217944e-04 +1.461605009e+02 +1.461605009e+02
157397 0 +4.461929404e-04 +1.461604462e+02 +1.461604462e+02
159546 0 +3.978538568e-04 +1.461603979e+02 +1.461603979e+02
162517 0 +3.547917580e-04 +1.461603548e+02 +1.461603548e+02
165557 0 +3.161459971e-04 +1.461603161e+02 +1.461603161e+02
168401 0 +2.818360451e-04 +1.461602818e+02 +1.461602818e+02
171117 0 +2.510557673e-04 +1.461602511e+02 +1.461602511e+02
173637 0 +2.237529943e-04 +1.461602238e+02 +1.461602238e+02
176077 0 +1.994826830e-04 +1.461601995e+02 +1.461601995e+02
178388 0 +1.778154936e-04 +1.461601778e+02 +1.461601778e+02
180517 0 +1.584333015e-04 +1.461601584e+02 +1.461601584e+02
182622 0 +1.412514112e-04 +1.461601413e+02 +1.461601413e+02
184890 0 +1.258201968e-04 +1.461601258e+02 +1.461601258e+02
187637 0 +1.121602476e-04 +1.461601122e+02 +1.461601122e+02
191037 0 +9.997500140e-05 +1.461601000e+02 +1.461601000e+02
194277 0 +8.907331917e-05 +1.461600891e+02 +1.461600891e+02
197317 0 +7.938048958e-05 +1.461600794e+02 +1.461600794e+02
200000 0 +7.131984196e-05 +1.461600713e+02 +1.461600713e+02
% f evaluations | g evaluations | best noise-free fitness - Fopt (-7.469000000000e+01) + sum g_i+ | measured fitness | best measured fitness or single-digit g-values | x1 | x2...
1 0 +1.235000000e+02 +4.881000000e+01 +4.881000000e+01
1090 0 +1.159843471e+02 +4.129434711e+01 +4.129434711e+01
1100 0 +1.113367020e+02 +3.664670197e+01 +3.664670197e+01
1114 0 +9.771882548e+01 +2.302882548e+01 +2.302882548e+01
1137 0 +8.746858332e+01 +1.277858332e+01 +1.277858332e+01
1145 0 +7.594388627e+01 +1.253886267e+00 +1.253886267e+00
1170 0 +6.608731548e+01 -8.602684517e+00 -8.602684517e+00
1171 0 +4.696616546e+01 -2.772383454e+01 -2.772383454e+01
1184 0 +4.245853014e+01 -3.223146986e+01 -3.223146986e+01
1260 0 +3.913557865e+01 -3.555442135e+01 -3.555442135e+01
1266 0 +3.518019024e+01 -3.950980976e+01 -3.950980976e+01
1281 0 +3.117119754e+01 -4.351880246e+01 -4.351880246e+01
1372 0 +2.812530640e+01 -4.656469360e+01 -4.656469360e+01
1383 0 +2.328232191e+01 -5.140767809e+01 -5.140767809e+01
1388 0 +2.150405501e+01 -5.318594499e+01 -5.318594499e+01
1400 0 +1.898432121e+01 -5.570567879e+01 -5.570567879e+01
1510 0 +1.771408563e+01 -5.697591437e+01 -5.697591437e+01
2558 0 +1.583535913e+01 -5.885464087e+01 -5.885464087e+01
4278 0 +1.411454421e+01 -6.057545579e+01 -6.057545579e+01
6018 0 +1.258739604e+01 -6.210260396e+01 -6.210260396e+01
7779 0 +1.121712767e+01 -6.347287233e+01 -6.347287233e+01
10082 0 +9.994711861e+00 -6.469528814e+01 -6.469528814e+01
11873 0 +8.911641977e+00 -6.577835802e+01 -6.577835802e+01
13499 0 +7.940251357e+00 -6.674974864e+01 -6.674974864e+01
15169 0 +7.074533600e+00 -6.761546640e+01 -6.761546640e+01
16569 0 +6.308937505e+00 -6.838106250e+01 -6.838106250e+01
18101 0 +5.621116047e+00 -6.906888395e+01 -6.906888395e+01
21183 0 +5.008473780e+00 -6.968152622e+01 -6.968152622e+01
24143 0 +4.465111628e+00 -7.022488837e+01 -7.022488837e+01
26693 0 +3.979956926e+00 -7.071004307e+01 -7.071004307e+01
28733 0 +3.545869914e+00 -7.114413009e+01 -7.114413009e+01
30653 0 +3.161480343e+00 -7.152851966e+01 -7.152851966e+01
32413 0 +2.817116672e+00 -7.187288333e+01 -7.187288333e+01
33830 0 +2.511334561e+00 -7.217866544e+01 -7.217866544e+01
34990 0 +2.237452720e+00 -7.245254728e+01 -7.245254728e+01
35968 0 +1.993542898e+00 -7.269645710e+01 -7.269645710e+01
36867 0 +1.778068925e+00 -7.291193107e+01 -7.291193107e+01
37643 0 +1.584248563e+00 -7.310575144e+01 -7.310575144e+01
38326 0 +1.412036916e+00 -7.327796308e+01 -7.327796308e+01
38947 0 +1.258741328e+00 -7.343125867e+01 -7.343125867e+01
39591 0 +1.121174102e+00 -7.356882590e+01 -7.356882590e+01
40181 0 +9.998081148e-01 -7.369019189e+01 -7.369019189e+01
40827 0 +8.908200801e-01 -7.379917992e+01 -7.379917992e+01
41461 0 +7.926773868e-01 -7.389732261e+01 -7.389732261e+01
42141 0 +7.073232348e-01 -7.398267677e+01 -7.398267677e+01
42773 0 +6.308171956e-01 -7.405918280e+01 -7.405918280e+01
43745 0 +5.623245570e-01 -7.412767544e+01 -7.412767544e+01
44930 0 +5.010614830e-01 -7.418893852e+01 -7.418893852e+01
46067 0 +4.464403650e-01 -7.424355964e+01 -7.424355964e+01
47181 0 +3.974130102e-01 -7.429258699e+01 -7.429258699e+01
48238 0 +3.546915438e-01 -7.433530846e+01 -7.433530846e+01
49265 0 +3.160904447e-01 -7.437390956e+01 -7.437390956e+01
50286 0 +2.815644147e-01 -7.440843559e+01 -7.440843559e+01
51301 0 +2.508079148e-01 -7.443919209e+01 -7.443919209e+01
52381 0 +2.238399676e-01 -7.446616003e+01 -7.446616003e+01
53541 0 +1.989728431e-01 -7.449102716e+01 -7.449102716e+01
54612 0 +1.775985750e-01 -7.451240142e+01 -7.451240142e+01
56010 0 +1.584726930e-01 -7.453152731e+01 -7.453152731e+01
57612 0 +1.412051425e-01 -7.454879486e+01 -7.454879486e+01
59090 0 +1.258629251e-01 -7.456413707e+01 -7.456413707e+01
60545 0 +1.121863294e-01 -7.457781367e+01 -7.457781367e+01
62065 0 +9.992357271e-02 -7.459007643e+01 -7.459007643e+01
63381 0 +8.910793440e-02 -7.460089207e+01 -7.460089207e+01
64730 0 +7.940720679e-02 -7.461059279e+01 -7.461059279e+01
66391 0 +7.077918826e-02 -7.461922081e+01 -7.461922081e+01
68701 0 +6.305631785e-02 -7.462694368e+01 -7.462694368e+01
70892 0 +5.622255752e-02 -7.463377744e+01 -7.463377744e+01
72960 0 +5.011169698e-02 -7.463988830e+01 -7.463988830e+01
74941 0 +4.464368149e-02 -7.464535632e+01 -7.464535632e+01
76808 0 +3.978555600e-02 -7.465021444e+01 -7.465021444e+01
78585 0 +3.547243479e-02 -7.465452757e+01 -7.465452757e+01
80341 0 +3.160647203e-02 -7.465839353e+01 -7.465839353e+01
81981 0 +2.817673714e-02 -7.466182326e+01 -7.466182326e+01
83744 0 +2.509871675e-02 -7.466490128e+01 -7.466490128e+01
86295 0 +2.238266386e-02 -7.466761734e+01 -7.466761734e+01
89041 0 +1.994992952e-02 -7.467005007e+01 -7.467005007e+01
91661 0 +1.778191452e-02 -7.467221809e+01 -7.467221809e+01
94105 0 +1.584825387e-02 -7.467415175e+01 -7.467415175e+01
96461 0 +1.411750344e-02 -7.467588250e+01 -7.467588250e+01
98665 0 +1.258628145e-02 -7.467741372e+01 -7.467741372e+01
100867 0 +1.121971116e-02 -7.467878029e+01 -7.467878029e+01
102864 0 +9.997171294e-03 -7.468000283e+01 -7.468000283e+01
104987 0 +8.911787587e-03 -7.468108821e+01 -7.468108821e+01
108065 0 +7.941602312e-03 -7.468205840e+01 -7.468205840e+01
111461 0 +7.076747209e-03 -7.468292325e+01 -7.468292325e+01
114661 0 +6.304714811e-03 -7.468369529e+01 -7.468369529e+01
117700 0 +5.623083835e-03 -7.468437692e+01 -7.468437692e+01
120566 0 +5.011068334e-03 -7.468498893e+01 -7.468498893e+01
123261 0 +4.464923910e-03 -7.468553508e+01 -7.468553508e+01
125871 0 +3.980592421e-03 -7.468601941e+01 -7.468601941e+01
128301 0 +3.547466681e-03 -7.468645253e+01 -7.468645253e+01
130650 0 +3.161760668e-03 -7.468683824e+01 -7.468683824e+01
134581 0 +2.817109149e-03 -7.468718289e+01 -7.468718289e+01
138701 0 +2.509830272e-03 -7.468749017e+01 -7.468749017e+01
142581 0 +2.237814172e-03 -7.468776219e+01 -7.468776219e+01
146261 0 +1.993832059e-03 -7.468800617e+01 -7.468800617e+01
149745 0 +1.777929824e-03 -7.468822207e+01 -7.468822207e+01
153021 0 +1.584017808e-03 -7.468841598e+01 -7.468841598e+01
156141 0 +1.411729725e-03 -7.468858827e+01 -7.468858827e+01
159061 0 +1.258065549e-03 -7.468874193e+01 -7.468874193e+01
161821 0 +1.121799082e-03 -7.468887820e+01 -7.468887820e+01
164461 0 +9.994290857e-04 -7.468900057e+01 -7.468900057e+01
166961 0 +8.910340474e-04 -7.468910897e+01 -7.468910897e+01
169301 0 +7.941067080e-04 -7.468920589e+01 -7.468920589e+01
171575 0 +7.073921499e-04 -7.468929261e+01 -7.468929261e+01
173821 0 +6.307546199e-04 -7.468936925e+01 -7.468936925e+01
176098 0 +5.623086598e-04 -7.468943769e+01 -7.468943769e+01
178286 0 +5.011585152e-04 -7.468949884e+01 -7.468949884e+01
180861 0 +4.465509611e-04 -7.468955345e+01 -7.468955345e+01
184170 0 +3.980984857e-04 -7.468960190e+01 -7.468960190e+01
187341 0 +3.546749741e-04 -7.468964533e+01 -7.468964533e+01
190321 0 +3.162103155e-04 -7.468968379e+01 -7.468968379e+01
193101 0 +2.816481576e-04 -7.468971835e+01 -7.468971835e+01
195772 0 +2.511824494e-04 -7.468974882e+01 -7.468974882e+01
198261 0 +2.237576174e-04 -7.468977624e+01 -7.468977624e+01
200000 0 +2.061909312e-04 -7.468979381e+01 -7.468979381e+01
% f evaluations | g evaluations | best noise-free fitness - Fopt (1.853000000000e+01) + sum g_i+ | measured fitness | best measured fitness or single-digit g-values | x1 | x2...
1 0 +1.235000000e+02 +1.420300000e+02 +1.420300000e+02
1436 0 +1.218555317e+02 +1.403855317e+02 +1.403855317e+02
1447 0 +1.057404847e+02 +1.242704847e+02 +1.242704847e+02
1455 0 +9.533675992e+01 +1.138667599e+02 +1.138667599e+02
1472 0 +8.291217537e+01 +1.014421754e+02 +1.014421754e+02
1474 0 +7.155011258e+01 +9.008011258e+01 +9.008011258e+01
1480 0 +6.103705789e+01 +7.956705789e+01 +7.956705789e+01
1491 0 +5.128667342e+01 +6.981667342e+01 +6.981667342e+01
1503 0 +4.506660011e+01 +6.359660011e+01 +6.359660011e+01
1509 0 +4.342583244e+01 +6.195583244e+01 +6.195583244e+01
1514 0 +3.726152398e+01 +5.579152398e+01 +5.579152398e+01
1520 0 +2.955395768e+01 +4.808395768e+01 +4.808395768e+01
1548 0 +2.758033267e+01 +4.611033267e+01 +4.611033267e+01
1685 0 +2.490996816e+01 +4.343996816e+01 +4.343996816e+01
1705 0 +2.146449803e+01 +3.999449803e+01 +3.999449803e+01
1787 0 +1.992894506e+01 +3.845894506e+01 +3.845894506e+01
2076 0 +1.778021011e+01 +3.631021011e+01 +3.631021011e+01
3580 0 +1.584873970e+01 +3.437873970e+01 +3.437873970e+01
5393 0 +1.412499172e+01 +3.265499172e+01 +3.265499172e+01
7135 0 +1.258557965e+01 +3.111557965e+01 +3.111557965e+01
10035 0 +1.121082988e+01 +2.974082988e+01 +2.974082988e+01
12713 0 +9.999766115e+00 +2.852976612e+01 +2.852976612e+01
15743 0 +8.912047779e+00 +2.744204778e+01 +2.744204778e+01
18103 0 +7.943018752e+00 +2.647301875e+01 +2.647301875e+01
19736 0 +7.074069244e+00 +2.560406924e+01 +2.560406924e+01
21193 0 +6.309149160e+00 +2.483914916e+01 +2.483914916e+01
22581 0 +5.620232192e+00 +2.415023219e+01 +2.415023219e+01
23813 0 +5.010575623e+00 +2.354057562e+01 +2.354057562e+01
25028 0 +4.465642519e+00 +2.299564252e+01 +2.299564252e+01
26249 0 +3.979975221e+00 +2.250997522e+01 +2.250997522e+01
27322 0 +3.547328447e+00 +2.207732845e+01 +2.207732845e+01
28528 0 +3.162056320e+00 +2.169205632e+01 +2.169205632e+01
29950 0 +2.817573121e+00 +2.134757312e+01 +2.134757312e+01
31190 0 +2.508421637e+00 +2.103842164e+01 +2.103842164e+01
32262 0 +2.237431057e+00 +2.076743106e+01 +2.076743106e+01
33148 0 +1.994765204e+00 +2.052476520e+01 +2.052476520e+01
33893 0 +1.777762929e+00 +2.030776293e+01 +2.030776293e+01
34510 0 +1.584211435e+00 +2.011421143e+01 +2.011421143e+01
35062 0 +1.412443458e+00 +1.994244346e+01 +1.994244346e+01
35608 0 +1.258684279e+00 +1.978868428e+01 +1.978868428e+01
36176 0 +1.121330916e+00 +1.965133092e+01 +1.965133092e+01
36762 0 +9.997438239e-01 +1.952974382e+01 +1.952974382e+01
37302 0 +8.893875656e-01 +1.941938757e+01 +1.941938757e+01
37856 0 +7.936440519e-01 +1.932364405e+01 +1.932364405e+01
38502 0 +7.073176241e-01 +1.923731762e+01 +1.923731762e+01
39194 0 +6.308379762e-01 +1.916083798e+01 +1.916083798e+01
39955 0 +5.621873053e-01 +1.909218731e+01 +1.909218731e+01
40785 0 +5.006011016e-01 +1.903060110e+01 +1.903060110e+01
41625 0 +4.462130132e-01 +1.897621301e+01 +1.897621301e+01
42416 0 +3.976827841e-01 +1.892768278e+01 +1.892768278e+01
43275 0 +3.546967947e-01 +1.888469679e+01 +1.888469679e+01
44024 0 +3.160885054e-01 +1.884608851e+01 +1.884608851e+01
44848 0 +2.817397361e-01 +1.881173974e+01 +1.881173974e+01
45696 0 +2.508496439e-01 +1.878084964e+01 +1.878084964e+01
46613 0 +2.237658052e-01 +1.875376581e+01 +1.875376581e+01
47736 0 +1.992701472e-01 +1.872927015e+01 +1.872927015e+01
48915 0 +1.777264123e-01 +1.870772641e+01 +1.870772641e+01
50296 0 +1.584095072e-01 +1.868840951e+01 +1.868840951e+01
51690 0 +1.412430516e-01 +1.867124305e+01 +1.867124305e+01
52942 0 +1.258328631e-01 +1.865583286e+01 +1.865583286e+01
54282 0 +1.121553611e-01 +1.864215536e+01 +1.864215536e+01
55536 0 +9.998741869e-02 +1.862998742e+01 +1.862998742e+01
57696 0 +8.908870661e-02 +1.861908871e+01 +1.861908871e+01
59936 0 +7.937766703e-02 +1.860937767e+01 +1.860937767e+01
62079 0 +7.079032581e-02 +1.860079033e+01 +1.860079033e+01
64136 0 +6.308040402e-02 +1.859308040e+01 +1.859308040e+01
66096 0 +5.615554708e-02 +1.858615555e+01 +1.858615555e+01
67997 0 +5.010046035e-02 +1.858010046e+01 +1.858010046e+01
69776 0 +4.466058205e-02 +1.857466058e+01 +1.857466058e+01
71496 0 +3.977988124e-02 +1.856977988e+01 +1.856977988e+01
73159 0 +3.547122203e-02 +1.856547122e+01 +1.856547122e+01
74816 0 +3.161907116e-02 +1.856161907e+01 +1.856161907e+01
76616 0 +2.816405405e-02 +1.855816405e+01 +1.855816405e+01
79456 0 +2.509765448e-02 +1.855509765e+01 +1.855509765e+01
82145 0 +2.238484938e-02 +1.855238485e+01 +1.855238485e+01
84736 0 +1.994623600e-02 +1.854994624e+01 +1.854994624e+01
87176 0 +1.778186157e-02 +1.854778186e+01 +1.854778186e+01
89515 0 +1.584860830e-02 +1.854584861e+01 +1.854584861e+01
91736 0 +1.412144944e-02 +1.854412145e+01 +1.854412145e+01
93848 0 +1.258264469e-02 +1.854258264e+01 +1.854258264e+01
95816 0 +1.121866599e-02 +1.854121867e+01 +1.854121867e+01
97733 0 +9.999606115e-03 +1.853999961e+01 +1.853999961e+01
99639 0 +8.912249502e-03 +1.853891225e+01 +1.853891225e+01
101496 0 +7.936036939e-03 +1.853793604e+01 +1.853793604e+01
103519 0 +7.079166374e-03 +1.853707917e+01 +1.853707917e+01
106585 0 +6.308493513e-03 +1.853630849e+01 +1.853630849e+01
109496 0 +5.621528215e-03 +1.853562153e+01 +1.853562153e+01
112256 0 +5.008404890e-03 +1.853500840e+01 +1.853500840e+01
114856 0 +4.466790353e-03 +1.853446679e+01 +1.853446679e+01
117336 0 +3.977382630e-03 +1.853397738e+01 +1.853397738e+01
119682 0 +3.547164592e-03 +1.853354716e+01 +1.853354716e+01
121875 0 +3.161167891e-03 +1.853316117e+01 +1.853316117e+01
123995 0 +2.817584972e-03 +1.853281758e+01 +1.853281758e+01
126136 0 +2.511807654e-03 +1.853251181e+01 +1.853251181e+01
128130 0 +2.238704566e-03 +1.853223870e+01 +1.853223870e+01
130070 0 +1.995081647e-03 +1.853199508e+01 +1.853199508e+01
133404 0 +1.778254295e-03 +1.853177825e+01 +1.853177825e+01
136576 0 +1.584131350e-03 +1.853158413e+01 +1.853158413e+01
139599 0 +1.412436399e-03 +1.853141244e+01 +1.853141244e+01
142416 0 +1.258701982e-03 +1.853125870e+01 +1.853125870e+01
145136 0 +1.120910546e-03 +1.853112091e+01 +1.853112091e+01
147688 0 +9.996400441e-04 +1.853099964e+01 +1.853099964e+01
150096 0 +8.908421299e-04 +1.853089084e+01 +1.853089084e+01
152413 0 +7.941802151e-04 +1.853079418e+01 +1.853079418e+01
154536 0 +7.074560739e-04 +1.853070746e+01 +1.853070746e+01
157604 0 +6.309156478e-04 +1.853063092e+01 +1.853063092e+01
161453 0 +5.623142795e-04 +1.853056231e+01 +1.853056231e+01
165073 0 +5.011849806e-04 +1.853050118e+01 +1.853050118e+01
168505 0 +4.466388685e-04 +1.853044664e+01 +1.853044664e+01
171742 0 +3.979624248e-04 +1.853039796e+01 +1.853039796e+01
174816 0 +3.546564201e-04 +1.853035466e+01 +1.853035466e+01
177696 0 +3.160166346e-04 +1.853031602e+01 +1.853031602e+01
180431 0 +2.818055662e-04 +1.853028181e+01 +1.853028181e+01
183056 0 +2.511483793e-04 +1.853025115e+01 +1.853025115e+01
185484 0 +2.237706255e-04 +1.853022377e+01 +1.853022377e+01
187802 0 +1.995069963e-04 +1.853019951e+01 +1.853019951e+01
189976 0 +1.777869183e-04 +1.853017779e+01 +1.853017779e+01
192065 0 +1.583801662e-04 +1.853015838e+01 +1.853015838e+01
195456 0 +1.412031094e-04 +1.853014120e+01 +1.853014120e+01
199136 0 +1.258548281e-04 +1.853012585e+01 +1.853012585e+01
200000 0 +1.224514939e-04 +1.853012245e+01 +1.853012245e+01
% f evaluations | g evaluations | best noise-free fitness - Fopt (-3.444000000000e+01) + sum g_i+ | measured fitness | best measured fitness or single-digit g-values | x1 | x2...
1 0 +1.235000000e+02 +8.906000000e+01 +8.906000000e+01
1061 0 +1.157571707e+02 +8.131717066e+01 +8.131717066e+01
1064 0 +9.348013088e+01 +5.904013088e+01 +5.904013088e+01
1067 0 +8.901693326e+01 +5.457693326e+01 +5.457693326e+01
1098 0 +7.880591189e+01 +4.436591189e+01 +4.436591189e+01
1171 0 +6.968915060e+01 +3.524915060e+01 +3.524915060e+01
1201 0 +5.441530059e+01 +1.997530059e+01 +1.997530059e+01
1228 0 +4.709697340e+01 +1.265697340e+01 +1.265697340e+01
1236 0 +4.390337472e+01 +9.463374721e+00 +9.463374721e+00
1254 0 +3.919580490e+01 +4.755804904e+00 +4.755804904e+00
1300 0 +3.465610549e+01 +2.161054888e-01 +2.161054888e-01
1310 0 +3.134364130e+01 -3.096358700e+00 -3.096358700e+00
1404 0 +2.727118502e+01 -7.168814975e+00 -7.168814975e+00
1431 0 +2.241623719e+01 -1.202376281e+01 -1.202376281e+01
1434 0 +2.208751256e+01 -1.235248744e+01 -1.235248744e+01
1441 0 +1.969119751e+01 -1.474880249e+01 -1.474880249e+01
1573 0 +1.760184134e+01 -1.683815866e+01 -1.683815866e+01
1666 0 +1.572814591e+01 -1.871185409e+01 -1.871185409e+01
3037 0 +1.412346939e+01 -2.031653061e+01 -2.031653061e+01
4750 0 +1.258743792e+01 -2.185256208e+01 -2.185256208e+01
6283 0 +1.121855223e+01 -2.322144777e+01 -2.322144777e+01
8230 0 +9.996640513e+00 -2.444335949e+01 -2.444335949e+01
10465 0 +8.911099485e+00 -2.552890051e+01 -2.552890051e+01
12757 0 +7.941323864e+00 -2.649867614e+01 -2.649867614e+01
14539 0 +7.079216639e+00 -2.736078336e+01 -2.736078336e+01
16085 0 +6.306634227e+00 -2.813336577e+01 -2.813336577e+01
17525 0 +5.619608315e+00 -2.882039169e+01 -2.882039169e+01
18925 0 +5.004796569e+00 -2.943520343e+01 -2.943520343e+01
20205 0 +4.464410830e+00 -2.997558917e+01 -2.997558917e+01
21390 0 +3.980668098e+00 -3.045933190e+01 -3.045933190e+01
22365 0 +3.546233085e+00 -3.089376692e+01 -3.089376692e+01
23182 0 +3.161818228e+00 -3.127818177e+01 -3.127818177e+01
23955 0 +2.813339572e+00 -3.162666043e+01 -3.162666043e+01
24755 0 +2.511633193e+00 -3.192836681e+01 -3.192836681e+01
25560 0 +2.238642807e+00 -3.220135719e+01 -3.220135719e+01
26715 0 +1.990948855e+00 -3.244905115e+01 -3.244905115e+01
27702 0 +1.777986227e+00 -3.266201377e+01 -3.266201377e+01
28555 0 +1.584035879e+00 -3.285596412e+01 -3.285596412e+01
29315 0 +1.410602343e+00 -3.302939766e+01 -3.302939766e+01
30012 0 +1.258217985e+00 -3.318178201e+01 -3.318178201e+01
30623 0 +1.120940803e+00 -3.331905920e+01 -3.331905920e+01
31235 0 +9.997803751e-01 -3.344021962e+01 -3.344021962e+01
31837 0 +8.911122581e-01 -3.354888774e+01 -3.354888774e+01
32748 0 +7.942837297e-01 -3.364571627e+01 -3.364571627e+01
33877 0 +7.078946533e-01 -3.373210535e+01 -3.373210535e+01
34957 0 +6.302180092e-01 -3.380978199e+01 -3.380978199e+01
36037 0 +5.617470038e-01 -3.387825300e+01 -3.387825300e+01
37103 0 +5.011626958e-01 -3.393883730e+01 -3.393883730e+01
38093 0 +4.465955394e-01 -3.399340446e+01 -3.399340446e+01
39077 0 +3.978590329e-01 -3.404214097e+01 -3.404214097e+01
39983 0 +3.547884719e-01 -3.408521153e+01 -3.408521153e+01
40892 0 +3.161606446e-01 -3.412383936e+01 -3.412383936e+01
41804 0 +2.818329225e-01 -3.415816708e+01 -3.415816708e+01
42819 0 +2.508406667e-01 -3.418915933e+01 -3.418915933e+01
43772 0 +2.238422508e-01 -3.421615775e+01 -3.421615775e+01
45075 0 +1.995104838e-01 -3.424048952e+01 -3.424048952e+01
46524 0 +1.778114584e-01 -3.426218854e+01 -3.426218854e+01
47877 0 +1.584809335e-01 -3.428151907e+01 -3.428151907e+01
49222 0 +1.412504555e-01 -3.429874954e+01 -3.429874954e+01
50492 0 +1.258545583e-01 -3.431414544e+01 -3.431414544e+01
51692 0 +1.121564623e-01 -3.432784354e+01 -3.432784354e+01
52997 0 +9.996330471e-02 -3.434003670e+01 -3.434003670e+01
54435 0 +8.908047574e-02 -3.435091952e+01 -3.435091952e+01
55693 0 +7.940278740e-02 -3.436059721e+01 -3.436059721e+01
57477 0 +7.077852976e-02 -3.436922147e+01 -3.436922147e+01
59353 0 +6.308704898e-02 -3.437691295e+01 -3.437691295e+01
61132 0 +5.621464693e-02 -3.438378535e+01 -3.438378535e+01
62877 0 +5.009178439e-02 -3.438990822e+01 -3.438990822e+01
64517 0 +4.465815419e-02 -3.439534185e+01 -3.439534185e+01
66179 0 +3.980319027e-02 -3.440019681e+01 -3.440019681e+01
67785 0 +3.547490186e-02 -3.440452510e+01 -3.440452510e+01
69412 0 +3.161048225e-02 -3.440838952e+01 -3.440838952e+01
71182 0 +2.817799711e-02 -3.441182200e+01 -3.441182200e+01
72812 0 +2.510556219e-02 -3.441489444e+01 -3.441489444e+01
74932 0 +2.236637761e-02 -3.441763362e+01 -3.441763362e+01
77277 0 +1.994864529e-02 -3.442005135e+01 -3.442005135e+01
79477 0 +1.777835307e-02 -3.442222165e+01 -3.442222165e+01
81572 0 +1.584334770e-02 -3.442415665e+01 -3.442415665e+01
83572 0 +1.412272968e-02 -3.442587727e+01 -3.442587727e+01
85533 0 +1.258783475e-02 -3.442741217e+01 -3.442741217e+01
88113 0 +1.121958879e-02 -3.442878041e+01 -3.442878041e+01
91492 0 +9.998638453e-03 -3.443000136e+01 -3.443000136e+01
94727 0 +8.912273441e-03 -3.443108773e+01 -3.443108773e+01
97812 0 +7.940938747e-03 -3.443205906e+01 -3.443205906e+01
100705 0 +7.078994888e-03 -3.443292101e+01 -3.443292101e+01
103462 0 +6.309066160e-03 -3.443369093e+01 -3.443369093e+01
106073 0 +5.623020404e-03 -3.443437698e+01 -3.443437698e+01
108545 0 +5.010725114e-03 -3.443498927e+01 -3.443498927e+01
110893 0 +4.466413649e-03 -3.443553359e+01 -3.443553359e+01
113113 0 +3.980707615e-03 -3.443601929e+01 -3.443601929e+01
115212 0 +3.545919278e-03 -3.443645408e+01 -3.443645408e+01
117197 0 +3.161444906e-03 -3.443683856e+01 -3.443683856e+01
119233 0 +2.818188021e-03 -3.443718181e+01 -3.443718181e+01
122459 0 +2.511626683e-03 -3.443748837e+01 -3.443748837e+01
125837 0 +2.238448097e-03 -3.443776155e+01 -3.443776155e+01
129012 0 +1.994727770e-03 -3.443800527e+01 -3.443800527e+01
132025 0 +1.778221435e-03 -3.443822178e+01 -3.443822178e+01
134877 0 +1.584830886e-03 -3.443841517e+01 -3.443841517e+01
137572 0 +1.411967440e-03 -3.443858803e+01 -3.443858803e+01
140132 0 +1.257978441e-03 -3.443874202e+01 -3.443874202e+01
142532 0 +1.121888580e-03 -3.443887811e+01 -3.443887811e+01
144800 0 +9.999948213e-04 -3.443900001e+01 -3.443900001e+01
146993 0 +8.912293046e-04 -3.443910877e+01 -3.443910877e+01
149065 0 +7.941955723e-04 -3.443920580e+01 -3.443920580e+01
151105 0 +7.075629991e-04 -3.443929244e+01 -3.443929244e+01
153047 0 +6.308478516e-04 -3.443936915e+01 -3.443936915e+01
155077 0 +5.622381311e-04 -3.443943776e+01 -3.443943776e+01
157532 0 +5.008863505e-04 -3.443949911e+01 -3.443949911e+01
160572 0 +4.463644848e-04 -3.443955364e+01 -3.443955364e+01
163492 0 +3.980946629e-04 -3.443960191e+01 -3.443960191e+01
166212 0 +3.547955049e-04 -3.443964520e+01 -3.443964520e+01
168797 0 +3.161721892e-04 -3.443968383e+01 -3.443968383e+01
171252 0 +2.816003515e-04 -3.443971840e+01 -3.443971840e+01
173557 0 +2.511382258e-04 -3.443974886e+01 -3.443974886e+01
175779 0 +2.238368673e-04 -3.443977616e+01 -3.443977616e+01
177847 0 +1.993728716e-04 -3.443980063e+01 -3.443980063e+01
179844 0 +1.777557558e-04 -3.443982224e+01 -3.443982224e+01
182124 0 +1.584810779e-04 -3.443984152e+01 -3.443984152e+01
184757 0 +1.412333875e-04 -3.443985877e+01 -3.443985877e+01
188012 0 +1.258677677e-04 -3.443987413e+01 -3.443987413e+01
191132 0 +1.121669235e-04 -3.443988783e+01 -3.443988783e+01
194050 0 +9.999597762e-05 -3.443990000e+01 -3.443990000e+01
196812 0 +8.908466033e-05 -3.443991092e+01 -3.443991092e+01
199417 0 +7.942469081e-05 -3.443992058e+01 -3.443992058e+01
200000 0 +7.739626751e-05 -3.443992260e+01 -3.443992260e+01
% f evaluations | g evaluations | best noise-free fitness - Fopt (7.741000000000e+01) + sum g_i+ | measured fitness | best measured fitness or single-digit g-values | x1 | x2...
1 0 +1.235000000e+02 +2.009100000e+02 +2.009100000e+02
1191 0 +1.203670756e+02 +1.977770756e+02 +1.977770756e+02
1197 0 +1.073237453e+02 +1.847337453e+02 +1.847337453e+02
1200 0 +9.895239516e+01 +1.763623952e+02 +1.763623952e+02
1280 0 +8.722751087e+01 +1.646375109e+02 +1.646375109e+02
1540 0 +7.942011242e+01 +1.568301124e+02 +1.568301124e+02
8132 0 +7.079317556e+01 +1.482031756e+02 +1.482031756e+02
16058 0 +6.306998195e+01 +1.404799819e+02 +1.404799819e+02
17212 0 +5.620694373e+01 +1.336169437e+02 +1.336169437e+02
17892 0 +4.997999116e+01 +1.273899912e+02 +1.273899912e+02
18378 0 +4.464658018e+01 +1.220565802e+02 +1.220565802e+02
18796 0 +3.980031719e+01 +1.172103172e+02 +1.172103172e+02
19138 0 +3.538416368e+01 +1.127941637e+02 +1.127941637e+02
19452 0 +3.142211990e+01 +1.088321199e+02 +1.088321199e+02
19716 0 +2.814601527e+01 +1.055560153e+02 +1.055560153e+02
19956 0 +2.508731008e+01 +1.024973101e+02 +1.024973101e+02
20172 0 +2.225117803e+01 +9.966117803e+01 +9.966117803e+01
20372 0 +1.979907862e+01 +9.720907862e+01 +9.720907862e+01
20538 0 +1.776473498e+01 +9.517473498e+01 +9.517473498e+01
20732 0 +1.558069486e+01 +9.299069486e+01 +9.299069486e+01
20876 0 +1.411335365e+01 +9.152335365e+01 +9.152335365e+01
21012 0 +1.255340953e+01 +8.996340953e+01 +8.996340953e+01
21138 0 +1.121447559e+01 +8.862447559e+01 +8.862447559e+01
21292 0 +9.785153916e+00 +8.719515392e+01 +8.719515392e+01
21412 0 +8.683197800e+00 +8.609319780e+01 +8.609319780e+01
21498 0 +7.889838818e+00 +8.529983882e+01 +8.529983882e+01
21612 0 +6.961807256e+00 +8.437180726e+01 +8.437180726e+01
21698 0 +6.230413456e+00 +8.364041346e+01 +8.364041346e+01
21778 0 +5.617892992e+00 +8.302789299e+01 +8.302789299e+01
21892 0 +4.821529464e+00 +8.223152946e+01 +8.223152946e+01
21972 0 +4.274193355e+00 +8.168419336e+01 +8.168419336e+01
22018 0 +3.952812628e+00 +8.136281263e+01 +8.136281263e+01
22092 0 +3.507594202e+00 +8.091759420e+01 +8.091759420e+01
22172 0 +3.036198847e+00 +8.044619885e+01 +8.044619885e+01
22212 0 +2.809496814e+00 +8.021949681e+01 +8.021949681e+01
22292 0 +2.394709418e+00 +7.980470942e+01 +7.980470942e+01
22332 0 +2.185138997e+00 +7.959513900e+01 +7.959513900e+01
22378 0 +1.958951091e+00 +7.936895109e+01 +7.936895109e+01
22418 0 +1.768454605e+00 +7.917845461e+01 +7.917845461e+01
22492 0 +1.467989605e+00 +7.887798961e+01 +7.887798961e+01
22532 0 +1.318384112e+00 +7.872838411e+01 +7.872838411e+01
22572 0 +1.167198275e+00 +7.857719827e+01 +7.857719827e+01
22612 0 +1.034603797e+00 +7.844460380e+01 +7.844460380e+01
22647 0 +9.955208530e-01 +7.840552085e+01 +7.840552085e+01
22658 0 +8.684494745e-01 +7.827844947e+01 +7.827844947e+01
22692 0 +7.743923597e-01 +7.818439236e+01 +7.818439236e+01
22732 0 +6.670432120e-01 +7.807704321e+01 +7.807704321e+01
22772 0 +5.723447220e-01 +7.798234472e+01 +7.798234472e+01
22778 0 +5.467972230e-01 +7.795679722e+01 +7.795679722e+01
22812 0 +4.771301416e-01 +7.788713014e+01 +7.788713014e+01
22852 0 +3.995827306e-01 +7.780958273e+01 +7.780958273e+01
22858 0 +3.925821697e-01 +7.780258217e+01 +7.780258217e+01
22892 0 +3.285102668e-01 +7.773851027e+01 +7.773851027e+01
22932 0 +2.725153007e-01 +7.768251530e+01 +7.768251530e+01
22972 0 +2.307991077e-01 +7.764079911e+01 +7.764079911e+01
22978 0 +2.198954593e-01 +7.762989546e+01 +7.762989546e+01
23012 0 +1.792399855e-01 +7.758923999e+01 +7.758923999e+01
23018 0 +1.754338778e-01 +7.758543388e+01 +7.758543388e+01
23052 0 +1.502338371e-01 +7.756023384e+01 +7.756023384e+01
23092 0 +1.293339014e-01 +7.753933390e+01 +7.753933390e+01
23101 0 +1.247030464e-01 +7.753470305e+01 +7.753470305e+01
23142 0 +1.115295412e-01 +7.752152954e+01 +7.752152954e+01
23284 0 +9.957579040e-02 +7.750957579e+01 +7.750957579e+01
24785 0 +8.907858620e-02 +7.749907859e+01 +7.749907859e+01
27885 0 +7.942645572e-02 +7.748942646e+01 +7.748942646e+01
30834 0 +7.076967696e-02 +7.748076968e+01 +7.748076968e+01
33841 0 +6.309147224e-02 +7.747309147e+01 +7.747309147e+01
36733 0 +5.622547138e-02 +7.746622547e+01 +7.746622547e+01
40945 0 +5.011179165e-02 +7.746011179e+01 +7.746011179e+01
45103 0 +4.466766975e-02 +7.745466767e+01 +7.745466767e+01
48945 0 +3.980948914e-02 +7.744980949e+01 +7.744980949e+01
52545 0 +3.548086697e-02 +7.744548087e+01 +7.744548087e+01
55945 0 +3.161848927e-02 +7.744161849e+01 +7.744161849e+01
59101 0 +2.818290789e-02 +7.743818291e+01 +7.743818291e+01
62061 0 +2.511724773e-02 +7.743511725e+01 +7.743511725e+01
64863 0 +2.238511222e-02 +7.743238511e+01 +7.743238511e+01
67617 0 +1.994760326e-02 +7.742994760e+01 +7.742994760e+01
70105 0 +1.777884497e-02 +7.742777884e+01 +7.742777884e+01
72577 0 +1.584701718e-02 +7.742584702e+01 +7.742584702e+01
75101 0 +1.411975037e-02 +7.742411975e+01 +7.742411975e+01
78118 0 +1.258839867e-02 +7.742258840e+01 +7.742258840e+01
81861 0 +1.121848350e-02 +7.742121848e+01 +7.742121848e+01
85345 0 +9.999407811e-03 +7.741999941e+01 +7.741999941e+01
88661 0 +8.911133982e-03 +7.741891113e+01 +7.741891113e+01
91745 0 +7.939241335e-03 +7.741793924e+01 +7.741793924e+01
94657 0 +7.078746738e-03 +7.741707875e+01 +7.741707875e+01
97359 0 +6.308958843e-03 +7.741630896e+01 +7.741630896e+01
99943 0 +5.622270485e-03 +7.741562227e+01 +7.741562227e+01
102345 0 +5.011551758e-03 +7.741501155e+01 +7.741501155e+01
104621 0 +4.466433953e-03 +7.741446643e+01 +7.741446643e+01
106861 0 +3.980016939e-03 +7.741398002e+01 +7.741398002e+01
108985 0 +3.546560688e-03 +7.741354656e+01 +7.741354656e+01
112665 0 +3.161342988e-03 +7.741316134e+01 +7.741316134e+01
116185 0 +2.816989980e-03 +7.741281699e+01 +7.741281699e+01
119519 0 +2.511593343e-03 +7.741251159e+01 +7.741251159e+01
122668 0 +2.238655992e-03 +7.741223866e+01 +7.741223866e+01
125617 0 +1.995077305e-03 +7.741199508e+01 +7.741199508e+01
128385 0 +1.777644839e-03 +7.741177764e+01 +7.741177764e+01
131023 0 +1.584813289e-03 +7.741158481e+01 +7.741158481e+01
133497 0 +1.412381696e-03 +7.741141238e+01 +7.741141238e+01
135865 0 +1.258618083e-03 +7.741125862e+01 +7.741125862e+01
138070 0 +1.121993420e-03 +7.741112199e+01 +7.741112199e+01
140190 0 +9.998110620e-04 +7.741099981e+01 +7.741099981e+01
142319 0 +8.909083939e-04 +7.741089091e+01 +7.741089091e+01
144510 0 +7.940109399e-04 +7.741079401e+01 +7.741079401e+01
146559 0 +7.078578414e-04 +7.741070786e+01 +7.741070786e+01
148559 0 +6.303512024e-04 +7.741063035e+01 +7.741063035e+01
150573 0 +5.618808574e-04 +7.741056188e+01 +7.741056188e+01
152623 0 +5.011018991e-04 +7.741050110e+01 +7.741050110e+01
154737 0 +4.465515271e-04 +7.741044655e+01 +7.741044655e+01
157017 0 +3.980236388e-04 +7.741039802e+01 +7.741039802e+01
159417 0 +3.547990356e-04 +7.741035480e+01 +7.741035480e+01
161679 0 +3.161888846e-04 +7.741031619e+01 +7.741031619e+01
163853 0 +2.818241478e-04 +7.741028182e+01 +7.741028182e+01
165915 0 +2.511743811e-04 +7.741025117e+01 +7.741025117e+01
167901 0 +2.238561634e-04 +7.741022386e+01 +7.741022386e+01
170225 0 +1.995095896e-04 +7.741019951e+01 +7.741019951e+01
172417 0 +1.777459250e-04 +7.741017775e+01 +7.741017775e+01
174434 0 +1.584638525e-04 +7.741015846e+01 +7.741015846e+01
176472 0 +1.412112787e-04 +7.741014121e+01 +7.741014121e+01
178421 0 +1.257892444e-04 +7.741012579e+01 +7.741012579e+01
180453 0 +1.121540187e-04 +7.741011215e+01 +7.741011215e+01
182945 0 +9.996772903e-05 +7.741009997e+01 +7.741009997e+01
185345 0 +8.910926394e-05 +7.741008911e+01 +7.741008911e+01
187621 0 +7.940834104e-05 +7.741007941e+01 +7.741007941e+01
189745 0 +7.076921557e-05 +7.741007077e+01 +7.741007077e+01
191897 0 +6.309569159e-05 +7.741006310e+01 +7.741006310e+01
193945 0 +5.622259026e-05 +7.741005622e+01 +7.741005622e+01
196039 0 +5.010233100e-05 +7.741005010e+01 +7.741005010e+01
198017 0 +4.466095483e-05 +7.741004466e+01 +7.741004466e+01
199841 0 +3.979400572e-05 +7.741003979e+01 +7.741003979e+01
200000 0 +3.941387664e-05 +7.741003941e+01 +7.741003941e+01
