% f evaluations | g evaluations | best noise-free fitness - Fopt (1.238300000000e+02) + sum g_i+ | measured fitness | best measured fitness or single-digit g-values | x1 | x2...
1 0 +1.300000000e+01 +1.368300000e+02 +1.368300000e+02 +0.0000e+00 +0.0000e+00 +0.0000e+00
157 0 +6.638284371e+00 +1.304682844e+02 +1.304682844e+02 -5.0032e-01 +4.4409e-16 +9.7199e-03
161 0 +2.721791731e+00 +1.265517917e+02 +1.265517917e+02 -5.0032e-01 -5.0032e-01 +9.7199e-03
174 0 +1.036461403e+00 +1.248664614e+02 +1.248664614e+02 -5.0032e-01 -2.5016e-01 +9.7199e-03
190 0 +9.302205957e-01 +1.247602206e+02 +1.247602206e+02 -4.3778e-01 -2.5016e-01 +9.7199e-03
192 0 +8.733949079e-01 +1.247033949e+02 +1.247033949e+02 -4.3778e-01 -1.8762e-01 +9.7199e-03
222 0 +7.900091105e-01 +1.246200091e+02 +1.246200091e+02 -4.5342e-01 -2.0326e-01 +2.5355e-02
264 0 +7.035177792e-01 +1.245335178e+02 +1.245335178e+02 -4.3778e-01 -1.5635e-01 +4.8808e-02
294 0 +6.306566024e-01 +1.244606566e+02 +1.244606566e+02 -4.1433e-01 -1.1726e-01 +6.4443e-02
330 0 +5.568720410e-01 +1.243868720e+02 +1.243868720e+02 -3.9088e-01 -7.0358e-02 +8.0078e-02
364 0 +4.987308377e-01 +1.243287308e+02 +1.243287308e+02 -3.6743e-01 -3.1270e-02 +9.5713e-02
402 0 +4.466555302e-01 +1.242766555e+02 +1.242766555e+02 -3.4788e-01 +7.8176e-03 +1.0744e-01
462 0 +3.972212888e-01 +1.242272213e+02 +1.242272213e+02 -3.2052e-01 +4.6905e-02 +1.1526e-01
516 0 +3.540582779e-01 +1.241840583e+02 +1.241840583e+02 -2.9707e-01 +8.2084e-02 +1.2698e-01
568 0 +3.158669092e-01 +1.241458669e+02 +1.241458669e+02 -2.6971e-01 +1.1335e-01 +1.3480e-01
618 0 +2.817322941e-01 +1.241117323e+02 +1.241117323e+02 -2.4625e-01 +1.4853e-01 +1.4262e-01
666 0 +2.507719563e-01 +1.240807720e+02 +1.240807720e+02 -2.1889e-01 +1.7980e-01 +1.4653e-01
712 0 +2.234909505e-01 +1.240534910e+02 +1.240534910e+02 -1.9153e-01 +2.0717e-01 +1.5434e-01
778 0 +1.993892750e-01 +1.240293893e+02 +1.240293893e+02 -1.6808e-01 +2.3453e-01 +1.5825e-01
858 0 +1.773078441e-01 +1.240073078e+02 +1.240073078e+02 -1.4463e-01 +2.6189e-01 +1.6021e-01
936 0 +1.579017047e-01 +1.239879017e+02 +1.239879017e+02 -1.2117e-01 +2.8730e-01 +1.6412e-01
1012 0 +1.410190129e-01 +1.239710190e+02 +1.239710190e+02 -9.7720e-02 +3.1075e-01 +1.6607e-01
1084 0 +1.254070099e-01 +1.239554070e+02 +1.239554070e+02 -7.4267e-02 +3.3420e-01 +1.6803e-01
1156 0 +1.120332523e-01 +1.239420333e+02 +1.239420333e+02 -5.2769e-02 +3.5570e-01 +1.6998e-01
1224 0 +9.998815951e-02 +1.239299882e+02 +1.239299882e+02 -3.3225e-02 +3.7720e-01 +1.7193e-01
1288 0 +8.885103371e-02 +1.239188510e+02 +1.239188510e+02 -1.1726e-02 +3.9674e-01 +1.7193e-01
1414 0 +7.930779402e-02 +1.239093078e+02 +1.239093078e+02 +7.8176e-03 +4.1531e-01 +1.7291e-01
1528 0 +7.067823888e-02 +1.239006782e+02 +1.239006782e+02 +2.6384e-02 +4.3388e-01 +1.7389e-01
1642 0 +6.299813415e-02 +1.238929981e+02 +1.238929981e+02 +4.4951e-02 +4.5049e-01 +1.7389e-01
1750 0 +5.599441354e-02 +1.238859944e+02 +1.238859944e+02 +6.2541e-02 +4.6710e-01 +1.7389e-01
1854 0 +4.993271280e-02 +1.238799327e+02 +1.238799327e+02 +7.9153e-02 +4.8274e-01 +1.7389e-01
1954 0 +4.450710325e-02 +1.238745071e+02 +1.238745071e+02 +9.5765e-02 +4.9739e-01 +1.7389e-01
2044 0 +3.976494887e-02 +1.238697649e+02 +1.238697649e+02 +1.1042e-01 +5.1010e-01 +1.7291e-01
2218 0 +3.541946847e-02 +1.238654195e+02 +1.238654195e+02 +1.2508e-01 +5.2329e-01 +1.7242e-01
2392 0 +3.151374662e-02 +1.238615137e+02 +1.238615137e+02 +1.3925e-01 +5.3599e-01 +1.7193e-01
2556 0 +2.813380403e-02 +1.238581338e+02 +1.238581338e+02 +1.5244e-01 +5.4772e-01 +1.7145e-01
2712 0 +2.510627558e-02 +1.238551063e+02 +1.238551063e+02 +1.6515e-01 +5.5896e-01 +1.7096e-01
2866 0 +2.230966755e-02 +1.238523097e+02 +1.238523097e+02 +1.7785e-01 +5.6971e-01 +1.7047e-01
3004 0 +1.994682355e-02 +1.238499468e+02 +1.238499468e+02 +1.8909e-01 +5.7899e-01 +1.6949e-01
3142 0 +1.775062858e-02 +1.238477506e+02 +1.238477506e+02 +2.0033e-01 +5.8876e-01 +1.6900e-01
3268 0 +1.584693483e-02 +1.238458469e+02 +1.238458469e+02 +2.1059e-01 +5.9756e-01 +1.6803e-01
3484 0 +1.411926335e-02 +1.238441193e+02 +1.238441193e+02 +2.2060e-01 +6.0611e-01 +1.6754e-01
3720 0 +1.258042644e-02 +1.238425804e+02 +1.238425804e+02 +2.3013e-01 +6.1417e-01 +1.6680e-01
3942 0 +1.121471268e-02 +1.238412147e+02 +1.238412147e+02 +2.3917e-01 +6.2174e-01 +1.6607e-01
4156 0 +9.986585311e-03 +1.238399866e+02 +1.238399866e+02 +2.4796e-01 +6.2907e-01 +1.6558e-01
4356 0 +8.897783162e-03 +1.238388978e+02 +1.238388978e+02 +2.5603e-01 +6.3591e-01 +1.6485e-01
4546 0 +7.923231121e-03 +1.238379232e+02 +1.238379232e+02 +2.6384e-01 +6.4226e-01 +1.6412e-01
4726 0 +7.077202629e-03 +1.238370772e+02 +1.238370772e+02 +2.7117e-01 +6.4837e-01 +1.6363e-01
4896 0 +6.305986830e-03 +1.238363060e+02 +1.238363060e+02 +2.7801e-01 +6.5423e-01 +1.6290e-01
5062 0 +5.603427917e-03 +1.238356034e+02 +1.238356034e+02 +2.8485e-01 +6.5961e-01 +1.6216e-01
5214 0 +5.002362682e-03 +1.238350024e+02 +1.238350024e+02 +2.9096e-01 +6.6474e-01 +1.6167e-01
5358 0 +4.465863362e-03 +1.238344659e+02 +1.238344659e+02 +2.9682e-01 +6.6962e-01 +1.6119e-01
5518 0 +3.980826766e-03 +1.238339808e+02 +1.238339808e+02 +3.0244e-01 +6.7414e-01 +1.6057e-01
5782 0 +3.545879540e-03 +1.238335459e+02 +1.238335459e+02 +3.0782e-01 +6.7854e-01 +1.6009e-01
6034 0 +3.157850963e-03 +1.238331579e+02 +1.238331579e+02 +3.1295e-01 +6.8269e-01 +1.5960e-01
6268 0 +2.814066311e-03 +1.238328141e+02 +1.238328141e+02 +3.1771e-01 +6.8660e-01 +1.5911e-01
6490 0 +2.507839759e-03 +1.238325078e+02 +1.238325078e+02 +3.2223e-01 +6.9027e-01 +1.5862e-01
6700 0 +2.237333121e-03 +1.238322373e+02 +1.238322373e+02 +3.2651e-01 +6.9369e-01 +1.5813e-01
6900 0 +1.992645720e-03 +1.238319926e+02 +1.238319926e+02 +3.3054e-01 +6.9711e-01 +1.5777e-01
7090 0 +1.773393513e-03 +1.238317734e+02 +1.238317734e+02 +3.3445e-01 +7.0016e-01 +1.5728e-01
7266 0 +1.583428858e-03 +1.238315834e+02 +1.238315834e+02 +3.3799e-01 +7.0309e-01 +1.5691e-01
7434 0 +1.412098942e-03 +1.238314121e+02 +1.238314121e+02 +3.4141e-01 +7.0590e-01 +1.5654e-01
7684 0 +1.257505677e-03 +1.238312575e+02 +1.238312575e+02 +3.4471e-01 +7.0853e-01 +1.5624e-01
7984 0 +1.120981640e-03 +1.238311210e+02 +1.238311210e+02 +3.4776e-01 +7.1097e-01 +1.5587e-01
8272 0 +9.985478143e-04 +1.238309985e+02 +1.238309985e+02 +3.5069e-01 +7.1335e-01 +1.5557e-01
8542 0 +8.903803350e-04 +1.238308904e+02 +1.238308904e+02 +3.5344e-01 +7.1555e-01 +1.5526e-01
8796 0 +7.941446468e-04 +1.238307941e+02 +1.238307941e+02 +3.5600e-01 +7.1763e-01 +1.5496e-01
9040 0 +7.068640089e-04 +1.238307069e+02 +1.238307069e+02 +3.5851e-01 +7.1958e-01 +1.5465e-01
9268 0 +6.299195810e-04 +1.238306299e+02 +1.238306299e+02 +3.6083e-01 +7.2148e-01 +1.5441e-01
9484 0 +5.615629429e-04 +1.238305616e+02 +1.238305616e+02 +3.6303e-01 +7.2325e-01 +1.5416e-01
9688 0 +5.006543068e-04 +1.238305007e+02 +1.238305007e+02 +3.6511e-01 +7.2490e-01 +1.5392e-01
9882 0 +4.457377207e-04 +1.238304457e+02 +1.238304457e+02 +3.6706e-01 +7.2648e-01 +1.5367e-01
10063 0 +3.979717893e-04 +1.238303980e+02 +1.238303980e+02 +3.6889e-01 +7.2795e-01 +1.5343e-01
10330 0 +3.542095324e-04 +1.238303542e+02 +1.238303542e+02 +3.7066e-01 +7.2935e-01 +1.5325e-01
10654 0 +3.160909484e-04 +1.238303161e+02 +1.238303161e+02 +3.7231e-01 +7.3067e-01 +1.5306e-01
10962 0 +2.817403292e-04 +1.238302817e+02 +1.238302817e+02 +3.7387e-01 +7.3195e-01 +1.5288e-01
11254 0 +2.508279534e-04 +1.238302508e+02 +1.238302508e+02 +3.7537e-01 +7.3311e-01 +1.5270e-01
11530 0 +2.233074641e-04 +1.238302233e+02 +1.238302233e+02 +3.7677e-01 +7.3424e-01 +1.5251e-01
11788 0 +1.991901002e-04 +1.238301992e+02 +1.238301992e+02 +3.7808e-01 +7.3528e-01 +1.5236e-01
12034 0 +1.774189588e-04 +1.238301774e+02 +1.238301774e+02 +3.7934e-01 +7.3629e-01 +1.5221e-01
12264 0 +1.584622877e-04 +1.238301585e+02 +1.238301585e+02 +3.8050e-01 +7.3723e-01 +1.5209e-01
12484 0 +1.409500358e-04 +1.238301410e+02 +1.238301410e+02 +3.8163e-01 +7.3812e-01 +1.5193e-01
12690 0 +1.257994450e-04 +1.238301258e+02 +1.238301258e+02 +3.8266e-01 +7.3894e-01 +1.5181e-01
12888 0 +1.119611890e-04 +1.238301120e+02 +1.238301120e+02 +3.8367e-01 +7.3974e-01 +1.5169e-01
13072 0 +9.988855933e-05 +1.238300999e+02 +1.238300999e+02 +3.8462e-01 +7.4047e-01 +1.5157e-01
13248 0 +8.883892168e-05 +1.238300888e+02 +1.238300888e+02 +3.8550e-01 +7.4120e-01 +1.5147e-01
13462 0 +7.936731016e-05 +1.238300794e+02 +1.238300794e+02 +3.8633e-01 +7.4184e-01 +1.5137e-01
13774 0 +7.066763894e-05 +1.238300707e+02 +1.238300707e+02 +3.8712e-01 +7.4249e-01 +1.5128e-01
14068 0 +6.296814708e-05 +1.238300630e+02 +1.238300630e+02 +3.8787e-01 +7.4308e-01 +1.5118e-01
14344 0 +5.618301587e-05 +1.238300562e+02 +1.238300562e+02 +3.8857e-01 +7.4363e-01 +1.5109e-01
14608 0 +5.004017132e-05 +1.238300500e+02 +1.238300500e+02 +3.8924e-01 +7.4417e-01 +1.5102e-01
14854 0 +4.459381580e-05 +1.238300446e+02 +1.238300446e+02 +3.8987e-01 +7.4467e-01 +1.5094e-01
15088 0 +3.972594580e-05 +1.238300397e+02 +1.238300397e+02 +3.9047e-01 +7.4514e-01 +1.5086e-01
15310 0 +3.546204000e-05 +1.238300355e+02 +1.238300355e+02 +3.9103e-01 +7.4559e-01 +1.5080e-01
15516 0 +3.161295196e-05 +1.238300316e+02 +1.238300316e+02 +3.9155e-01 +7.4601e-01 +1.5073e-01
15715 0 +2.814699523e-05 +1.238300281e+02 +1.238300281e+02 +3.9205e-01 +7.4641e-01 +1.5067e-01
16012 0 +2.509949850e-05 +1.238300251e+02 +1.238300251e+02 +3.9253e-01 +7.4678e-01 +1.5061e-01
16360 0 +2.237405299e-05 +1.238300224e+02 +1.238300224e+02 +3.9297e-01 +7.4714e-01 +1.5056e-01
16692 0 +1.994700210e-05 +1.238300199e+02 +1.238300199e+02 +3.9339e-01 +7.4747e-01 +1.5050e-01
17008 0 +1.775679742e-05 +1.238300178e+02 +1.238300178e+02 +3.9379e-01 +7.4778e-01 +1.5045e-01
17302 0 +1.583202616e-05 +1.238300158e+02 +1.238300158e+02 +3.9417e-01 +7.4808e-01 +1.5041e-01
17584 0 +1.411596051e-05 +1.238300141e+02 +1.238300141e+02 +3.9453e-01 +7.4836e-01 +1.5037e-01
17844 0 +1.258243194e-05 +1.238300126e+02 +1.238300126e+02 +3.9486e-01 +7.4863e-01 +1.5032e-01
18094 0 +1.119988303e-05 +1.238300112e+02 +1.238300112e+02 +3.9518e-01 +7.4888e-01 +1.5028e-01
18328 0 +9.984657723e-06 +1.238300100e+02 +1.238300100e+02 +3.9547e-01 +7.4912e-01 +1.5025e-01
18552 0 +8.902311734e-06 +1.238300089e+02 +1.238300089e+02 +3.9576e-01 +7.4935e-01 +1.5021e-01
18760 0 +7.928340523e-06 +1.238300079e+02 +1.238300079e+02 +3.9602e-01 +7.4956e-01 +1.5018e-01
18958 0 +7.066899755e-06 +1.238300071e+02 +1.238300071e+02 +3.9628e-01 +7.4975e-01 +1.5015e-01
19144 0 +6.297511732e-06 +1.238300063e+02 +1.238300063e+02 +3.9651e-01 +7.4994e-01 +1.5012e-01
19326 0 +5.605078883e-06 +1.238300056e+02 +1.238300056e+02 +3.9674e-01 +7.5013e-01 +1.5009e-01
19582 0 +5.004750321e-06 +1.238300050e+02 +1.238300050e+02 +3.9695e-01 +7.5029e-01 +1.5006e-01
19894 0 +4.466618179e-06 +1.238300045e+02 +1.238300045e+02 +3.9715e-01 +7.5044e-01 +1.5004e-01
20194 0 +3.975421123e-06 +1.238300040e+02 +1.238300040e+02 +3.9734e-01 +7.5060e-01 +1.5002e-01
20472 0 +3.546103159e-06 +1.238300035e+02 +1.238300035e+02 +3.9751e-01 +7.5074e-01 +1.4999e-01
20736 0 +3.162255396e-06 +1.238300032e+02 +1.238300032e+02 +3.9768e-01 +7.5087e-01 +1.4997e-01
20988 0 +2.814545027e-06 +1.238300028e+02 +1.238300028e+02 +3.9784e-01 +7.5100e-01 +1.4995e-01
21223 0 +2.511027589e-06 +1.238300025e+02 +1.238300025e+02 +3.9799e-01 +7.5112e-01 +1.4993e-01
21448 0 +2.233520476e-06 +1.238300022e+02 +1.238300022e+02 +3.9814e-01 +7.5123e-01 +1.4992e-01
21658 0 +1.991092347e-06 +1.238300020e+02 +1.238300020e+02 +3.9827e-01 +7.5133e-01 +1.4990e-01
21856 0 +1.776179857e-06 +1.238300018e+02 +1.238300018e+02 +3.9839e-01 +7.5143e-01 +1.4988e-01
22042 0 +1.581985629e-06 +1.238300016e+02 +1.238300016e+02 +3.9851e-01 +7.5153e-01 +1.4987e-01
22222 0 +1.409869739e-06 +1.238300014e+02 +1.238300014e+02 +3.9863e-01 +7.5162e-01 +1.4986e-01
22386 0 +1.257430370e-06 +1.238300013e+02 +1.238300013e+02 +3.9873e-01 +7.5170e-01 +1.4984e-01
22696 0 +1.120293732e-06 +1.238300011e+02 +1.238300011e+02 +3.9883e-01 +7.5178e-01 +1.4983e-01
22992 0 +9.999999691e-07 +1.238300010e+02 +1.238300010e+02 +3.9893e-01 +7.5186e-01 +1.4982e-01
23272 0 +8.910129594e-07 +1.238300009e+02 +1.238300009e+02 +3.9901e-01 +7.5193e-01 +1.4981e-01
23538 0 +7.937634052e-07 +1.238300008e+02 +1.238300008e+02 +3.9910e-01 +7.5199e-01 +1.4979e-01
23788 0 +7.074912816e-07 +1.238300007e+02 +1.238300007e+02 +3.9918e-01 +7.5206e-01 +1.4979e-01
24028 0 +6.291900263e-07 +1.238300006e+02 +1.238300006e+02 +3.9926e-01 +7.5212e-01 +1.4978e-01
24250 0 +5.610540512e-07 +1.238300006e+02 +1.238300006e+02 +3.9933e-01 +7.5217e-01 +1.4977e-01
24460 0 +5.003274879e-07 +1.238300005e+02 +1.238300005e+02 +3.9939e-01 +7.5223e-01 +1.4976e-01
24658 0 +4.465467924e-07 +1.238300004e+02 +1.238300004e+02 +3.9946e-01 +7.5228e-01 +1.4975e-01
24846 0 +3.980335208e-07 +1.238300004e+02 +1.238300004e+02 +3.9951e-01 +7.5232e-01 +1.4974e-01
25024 0 +3.544506058e-07 +1.238300004e+02 +1.238300004e+02 +3.9957e-01 +7.5237e-01 +1.4974e-01
25348 0 +3.162048046e-07 +1.238300003e+02 +1.238300003e+02 +3.9962e-01 +7.5241e-01 +1.4973e-01
25666 0 +2.816361047e-07 +1.238300003e+02 +1.238300003e+02 +3.9968e-01 +7.5245e-01 +1.4972e-01
25966 0 +2.507475045e-07 +1.238300003e+02 +1.238300003e+02 +3.9972e-01 +7.5249e-01 +1.4972e-01
26248 0 +2.235137373e-07 +1.238300002e+02 +1.238300002e+02 +3.9977e-01 +7.5252e-01 +1.4971e-01
26512 0 +1.994433205e-07 +1.238300002e+02 +1.238300002e+02 +3.9981e-01 +7.5256e-01 +1.4971e-01
26766 0 +1.777090830e-07 +1.238300002e+02 +1.238300002e+02 +3.9985e-01 +7.5259e-01 +1.4970e-01
27004 0 +1.582980929e-07 +1.238300002e+02 +1.238300002e+02 +3.9989e-01 +7.5262e-01 +1.4970e-01
27226 0 +1.411451365e-07 +1.238300001e+02 +1.238300001e+02 +3.9992e-01 +7.5265e-01 +1.4969e-01
27442 0 +1.253317521e-07 +1.238300001e+02 +1.238300001e+02 +3.9996e-01 +7.5268e-01 +1.4969e-01
27640 0 +1.121525344e-07 +1.238300001e+02 +1.238300001e+02 +3.9999e-01 +7.5270e-01 +1.4968e-01
27826 0 +9.990989724e-08 +1.238300001e+02 +1.238300001e+02 +4.0002e-01 +7.5272e-01 +1.4968e-01
28006 0 +8.905713855e-08 +1.238300001e+02 +1.238300001e+02 +4.0005e-01 +7.5275e-01 +1.4968e-01
28294 0 +7.941845581e-08 +1.238300001e+02 +1.238300001e+02 +4.0007e-01 +7.5277e-01 +1.4967e-01
28614 0 +7.078084252e-08 +1.238300001e+02 +1.238300001e+02 +4.0010e-01 +7.5279e-01 +1.4967e-01
28912 0 +6.307347178e-08 +1.238300001e+02 +1.238300001e+02 +4.0012e-01 +7.5281e-01 +1.4967e-01
29197 0 +5.623139998e-08 +1.238300001e+02 +1.238300001e+02 +4.0014e-01 +7.5282e-01 +1.4966e-01
29464 0 +5.004812920e-08 +1.238300001e+02 +1.238300001e+02 +4.0017e-01 +7.5284e-01 +1.4966e-01
29716 0 +4.465688619e-08 +1.238300000e+02 +1.238300000e+02 +4.0019e-01 +7.5286e-01 +1.4966e-01
29956 0 +3.973509877e-08 +1.238300000e+02 +1.238300000e+02 +4.0021e-01 +7.5287e-01 +1.4966e-01
30000 0 +3.887355149e-08 +1.238300000e+02 +1.238300000e+02 +4.0021e-01 +7.5287e-01 +1.4966e-01
% f evaluations | g evaluations | best noise-free fitness - Fopt (4.751000000000e+01) + sum g_i+ | measured fitness | best measured fitness or single-digit g-values | x1 | x2...
1 0 +1.300000000e+01 +6.051000000e+01 +6.051000000e+01 +0.0000e+00 +0.0000e+00 +0.0000e+00
164 0 +8.647404425e+00 +5.615740443e+01 +5.615740443e+01 -4.9060e-01 -5.0032e-01 -5.0032e-01
166 0 +1.679744178e+00 +4.918974418e+01 +4.918974418e+01 +9.7199e-03 -5.0032e-01 -5.0032e-01
204 0 +1.549151175e+00 +4.905915117e+01 +4.905915117e+01 +9.7199e-03 -5.3159e-01 -5.0032e-01
212 0 +1.411917729e+00 +4.892191773e+01 +4.892191773e+01 +4.0990e-02 -5.3159e-01 -4.3778e-01
228 0 +1.254363582e+00 +4.876436358e+01 +4.876436358e+01 +1.0353e-01 -5.0032e-01 -3.7524e-01
236 0 +1.112974897e+00 +4.862297490e+01 +4.862297490e+01 +1.0353e-01 -5.0032e-01 -3.1270e-01
260 0 +9.846180530e-01 +4.849461805e+01 +4.849461805e+01 +1.3480e-01 -4.8469e-01 -2.6580e-01
284 0 +8.557141688e-01 +4.836571417e+01 +4.836571417e+01 +1.5044e-01 -4.5342e-01 -2.0326e-01
304 0 +7.737561079e-01 +4.828375611e+01 +4.828375611e+01 +1.6607e-01 -4.3778e-01 -1.5635e-01
320 0 +6.887691195e-01 +4.819876912e+01 +4.819876912e+01 +1.6607e-01 -4.0651e-01 -1.0945e-01
338 0 +6.209355452e-01 +4.813093555e+01 +4.813093555e+01 +1.8171e-01 -3.9088e-01 -6.2541e-02
362 0 +5.557440652e-01 +4.806574407e+01 +4.806574407e+01 +1.8171e-01 -3.5961e-01 -3.1270e-02
392 0 +5.011497318e-01 +4.801114973e+01 +4.801114973e+01 +1.8952e-01 -3.3616e-01 +7.8176e-03
422 0 +4.431185132e-01 +4.795311851e+01 +4.795311851e+01 +1.8952e-01 -3.0489e-01 +4.6905e-02
446 0 +3.974582969e-01 +4.790745830e+01 +4.790745830e+01 +1.8952e-01 -2.7361e-01 +7.8176e-02
476 0 +3.522225441e-01 +4.786222254e+01 +4.786222254e+01 +1.9734e-01 -2.4234e-01 +1.1726e-01
524 0 +3.144389810e-01 +4.782443898e+01 +4.782443898e+01 +1.9343e-01 -2.1498e-01 +1.4463e-01
570 0 +2.800951700e-01 +4.779009517e+01 +4.779009517e+01 +1.9343e-01 -1.8371e-01 +1.7199e-01
614 0 +2.509661453e-01 +4.776096615e+01 +4.776096615e+01 +1.9343e-01 -1.5635e-01 +1.9935e-01
662 0 +2.218601615e-01 +4.773186016e+01 +4.773186016e+01 +1.9343e-01 -1.2508e-01 +2.2671e-01
704 0 +1.990287386e-01 +4.770902874e+01 +4.770902874e+01 +1.9343e-01 -9.7720e-02 +2.5016e-01
750 0 +1.776811668e-01 +4.768768117e+01 +4.768768117e+01 +1.9343e-01 -6.6449e-02 +2.7361e-01
810 0 +1.579400777e-01 +4.766794008e+01 +4.766794008e+01 +1.8952e-01 -4.1042e-02 +2.9316e-01
890 0 +1.412087351e-01 +4.765120874e+01 +4.765120874e+01 +1.8952e-01 -1.5635e-02 +3.1466e-01
972 0 +1.256929354e-01 +4.763569294e+01 +4.763569294e+01 +1.8757e-01 +1.1726e-02 +3.3225e-01
1050 0 +1.121026577e-01 +4.762210266e+01 +4.762210266e+01 +1.8562e-01 +3.7133e-02 +3.4984e-01
1122 0 +9.981130261e-02 +4.760981130e+01 +4.760981130e+01 +1.8366e-01 +6.0586e-02 +3.6743e-01
1200 0 +8.881139786e-02 +4.759881140e+01 +4.759881140e+01 +1.8366e-01 +8.5993e-02 +3.8502e-01
1269 0 +7.940081223e-02 +4.758940081e+01 +4.758940081e+01 +1.7975e-01 +1.0749e-01 +3.9870e-01
1356 0 +7.060206733e-02 +4.758060207e+01 +4.758060207e+01 +1.7877e-01 +1.2899e-01 +4.1238e-01
1484 0 +6.305462003e-02 +4.757305462e+01 +4.757305462e+01 +1.7780e-01 +1.4951e-01 +4.2606e-01
1608 0 +5.616020318e-02 +4.756616020e+01 +4.756616020e+01 +1.7584e-01 +1.7003e-01 +4.3778e-01
1728 0 +5.007730281e-02 +4.756007730e+01 +4.756007730e+01 +1.7389e-01 +1.8958e-01 +4.4951e-01
1842 0 +4.451280048e-02 +4.755451280e+01 +4.755451280e+01 +1.7291e-01 +2.0814e-01 +4.6124e-01
1950 0 +3.979944411e-02 +4.754979944e+01 +4.754979944e+01 +1.7096e-01 +2.2573e-01 +4.7101e-01
2058 0 +3.527090461e-02 +4.754527090e+01 +4.754527090e+01 +1.6998e-01 +2.4332e-01 +4.8176e-01
2157 0 +3.158813974e-02 +4.754158814e+01 +4.754158814e+01 +1.6803e-01 +2.5896e-01 +4.9055e-01
2250 0 +2.809065280e-02 +4.753809065e+01 +4.753809065e+01 +1.6705e-01 +2.7459e-01 +4.9935e-01
2424 0 +2.510611348e-02 +4.753510611e+01 +4.753510611e+01 +1.6558e-01 +2.8925e-01 +5.0716e-01
2598 0 +2.234026935e-02 +4.753234027e+01 +4.753234027e+01 +1.6461e-01 +3.0342e-01 +5.1547e-01
2760 0 +1.995241987e-02 +4.752995242e+01 +4.752995242e+01 +1.6314e-01 +3.1661e-01 +5.2231e-01
2922 0 +1.773249107e-02 +4.752773249e+01 +4.752773249e+01 +1.6216e-01 +3.2980e-01 +5.2964e-01
3068 0 +1.583735293e-02 +4.752583735e+01 +4.752583735e+01 +1.6070e-01 +3.4153e-01 +5.3599e-01
3212 0 +1.408884130e-02 +4.752408884e+01 +4.752408884e+01 +1.5972e-01 +3.5326e-01 +5.4234e-01
3350 0 +1.252696187e-02 +4.752252696e+01 +4.752252696e+01 +1.5874e-01 +3.6449e-01 +5.4821e-01
3476 0 +1.118826042e-02 +4.752118826e+01 +4.752118826e+01 +1.5777e-01 +3.7475e-01 +5.5358e-01
3594 0 +9.992194896e-03 +4.751999219e+01 +4.751999219e+01 +1.5679e-01 +3.8453e-01 +5.5847e-01
3714 0 +8.880784063e-03 +4.751888078e+01 +4.751888078e+01 +1.5581e-01 +3.9430e-01 +5.6335e-01
3824 0 +7.929573437e-03 +4.751792957e+01 +4.751792957e+01 +1.5483e-01 +4.0309e-01 +5.6824e-01
4002 0 +7.078524918e-03 +4.751707852e+01 +4.751707852e+01 +1.5410e-01 +4.1140e-01 +5.7215e-01
4200 0 +6.305422897e-03 +4.751630542e+01 +4.751630542e+01 +1.5337e-01 +4.1946e-01 +5.7630e-01
4392 0 +5.608791147e-03 +4.751560879e+01 +4.751560879e+01 +1.5263e-01 +4.2728e-01 +5.8021e-01
4568 0 +5.006038390e-03 +4.751500604e+01 +4.751500604e+01 +1.5190e-01 +4.3436e-01 +5.8387e-01
4736 0 +4.465302113e-03 +4.751446530e+01 +4.751446530e+01 +1.5117e-01 +4.4120e-01 +5.8730e-01
4899 0 +3.979869740e-03 +4.751397987e+01 +4.751397987e+01 +1.5044e-01 +4.4780e-01 +5.9047e-01
5048 0 +3.547442255e-03 +4.751354744e+01 +4.751354744e+01 +1.4995e-01 +4.5391e-01 +5.9365e-01
5196 0 +3.149405743e-03 +4.751314941e+01 +4.751314941e+01 +1.4946e-01 +4.6002e-01 +5.9658e-01
5408 0 +2.817323132e-03 +4.751281732e+01 +4.751281732e+01 +1.4885e-01 +4.6527e-01 +5.9914e-01
5670 0 +2.507676069e-03 +4.751250768e+01 +4.751250768e+01 +1.4836e-01 +4.7064e-01 +6.0171e-01
5910 0 +2.237739497e-03 +4.751223774e+01 +4.751223774e+01 +1.4787e-01 +4.7553e-01 +6.0415e-01
6144 0 +1.994322325e-03 +4.751199432e+01 +4.751199432e+01 +1.4738e-01 +4.8029e-01 +6.0635e-01
6360 0 +1.774340856e-03 +4.751177434e+01 +4.751177434e+01 +1.4689e-01 +4.8469e-01 +6.0855e-01
6570 0 +1.581853544e-03 +4.751158185e+01 +4.751158185e+01 +1.4653e-01 +4.8896e-01 +6.1063e-01
6762 0 +1.409589666e-03 +4.751140959e+01 +4.751140959e+01 +1.4604e-01 +4.9287e-01 +6.1246e-01
6948 0 +1.255178959e-03 +4.751125518e+01 +4.751125518e+01 +1.4567e-01 +4.9666e-01 +6.1429e-01
7122 0 +1.119037570e-03 +4.751111904e+01 +4.751111904e+01 +1.4531e-01 +5.0020e-01 +6.1600e-01
7290 0 +9.964748731e-04 +4.751099647e+01 +4.751099647e+01 +1.4494e-01 +5.0362e-01 +6.1759e-01
7446 0 +8.888090372e-04 +4.751088881e+01 +4.751088881e+01 +1.4470e-01 +5.0680e-01 +6.1918e-01
7590 0 +7.935904411e-04 +4.751079359e+01 +4.751079359e+01 +1.4433e-01 +5.0973e-01 +6.2052e-01
7736 0 +7.053050931e-04 +4.751070531e+01 +4.751070531e+01 +1.4408e-01 +5.1266e-01 +6.2199e-01
7992 0 +6.302969948e-04 +4.751063030e+01 +4.751063030e+01 +1.4378e-01 +5.1529e-01 +6.2315e-01
8238 0 +5.622816584e-04 +4.751056228e+01 +4.751056228e+01 +1.4353e-01 +5.1779e-01 +6.2437e-01
8478 0 +5.002922166e-04 +4.751050029e+01 +4.751050029e+01 +1.4329e-01 +5.2023e-01 +6.2553e-01
8700 0 +4.464622366e-04 +4.751044646e+01 +4.751044646e+01 +1.4305e-01 +5.2249e-01 +6.2657e-01
8916 0 +3.968806023e-04 +4.751039688e+01 +4.751039688e+01 +1.4280e-01 +5.2469e-01 +6.2760e-01
9114 0 +3.536531974e-04 +4.751035365e+01 +4.751035365e+01 +1.4262e-01 +5.2671e-01 +6.2858e-01
9302 0 +3.158210950e-04 +4.751031582e+01 +4.751031582e+01 +1.4244e-01 +5.2860e-01 +6.2950e-01
9482 0 +2.811671243e-04 +4.751028117e+01 +4.751028117e+01 +1.4225e-01 +5.3043e-01 +6.3035e-01
9650 0 +2.505312929e-04 +4.751025053e+01 +4.751025053e+01 +1.4207e-01 +5.3214e-01 +6.3115e-01
9806 0 +2.238329096e-04 +4.751022383e+01 +4.751022383e+01 +1.4189e-01 +5.3373e-01 +6.3188e-01
9960 0 +1.991824139e-04 +4.751019918e+01 +4.751019918e+01 +1.4176e-01 +5.3532e-01 +6.3261e-01
10100 0 +1.775913139e-04 +4.751017759e+01 +4.751017759e+01 +1.4158e-01 +5.3673e-01 +6.3328e-01
10356 0 +1.581307351e-04 +4.751015813e+01 +4.751015813e+01 +1.4146e-01 +5.3810e-01 +6.3393e-01
10610 0 +1.411488395e-04 +4.751014115e+01 +4.751014115e+01 +1.4134e-01 +5.3938e-01 +6.3454e-01
10848 0 +1.257034380e-04 +4.751012570e+01 +4.751012570e+01 +1.4118e-01 +5.4060e-01 +6.3509e-01
11076 0 +1.120305287e-04 +4.751011203e+01 +4.751011203e+01 +1.4109e-01 +5.4176e-01 +6.3564e-01
11286 0 +9.995370522e-05 +4.751009995e+01 +4.751009995e+01 +1.4097e-01 +5.4283e-01 +6.3612e-01
11493 0 +8.899656204e-05 +4.751008900e+01 +4.751008900e+01 +1.4085e-01 +5.4387e-01 +6.3661e-01
11682 0 +7.919253974e-05 +4.751007919e+01 +4.751007919e+01 +1.4076e-01 +5.4485e-01 +6.3707e-01
11862 0 +7.057529055e-05 +4.751007058e+01 +4.751007058e+01 +1.4066e-01 +5.4576e-01 +6.3750e-01
12032 0 +6.299574021e-05 +4.751006300e+01 +4.751006300e+01 +1.4057e-01 +5.4662e-01 +6.3790e-01
12192 0 +5.619949449e-05 +4.751005620e+01 +4.751005620e+01 +1.4048e-01 +5.4744e-01 +6.3826e-01
12462 0 +5.009239295e-05 +4.751005009e+01 +4.751005009e+01 +1.4042e-01 +5.4821e-01 +6.3863e-01
12750 0 +4.464459511e-05 +4.751004464e+01 +4.751004464e+01 +1.4034e-01 +5.4894e-01 +6.3896e-01
13020 0 +3.976349409e-05 +4.751003976e+01 +4.751003976e+01 +1.4027e-01 +5.4963e-01 +6.3928e-01
13278 0 +3.543387440e-05 +4.751003543e+01 +4.751003543e+01 +1.4021e-01 +5.5028e-01 +6.3959e-01
13518 0 +3.159064502e-05 +4.751003159e+01 +4.751003159e+01 +1.4015e-01 +5.5089e-01 +6.3988e-01
13748 0 +2.814398943e-05 +4.751002814e+01 +4.751002814e+01 +1.4008e-01 +5.5147e-01 +6.4016e-01
13962 0 +2.506363407e-05 +4.751002506e+01 +4.751002506e+01 +1.4002e-01 +5.5202e-01 +6.4040e-01
14166 0 +2.237424968e-05 +4.751002237e+01 +4.751002237e+01 +1.3998e-01 +5.5254e-01 +6.4064e-01
14358 0 +1.994313489e-05 +4.751001994e+01 +4.751001994e+01 +1.3992e-01 +5.5303e-01 +6.4086e-01
14540 0 +1.773892844e-05 +4.751001774e+01 +4.751001774e+01 +1.3987e-01 +5.5349e-01 +6.4109e-01
14708 0 +1.584827598e-05 +4.751001585e+01 +4.751001585e+01 +1.3982e-01 +5.5392e-01 +6.4129e-01
14874 0 +1.408673276e-05 +4.751001409e+01 +4.751001409e+01 +1.3978e-01 +5.5435e-01 +6.4147e-01
15024 0 +1.257722928e-05 +4.751001258e+01 +4.751001258e+01 +1.3975e-01 +5.5473e-01 +6.4165e-01
15318 0 +1.119686803e-05 +4.751001120e+01 +4.751001120e+01 +1.3971e-01 +5.5509e-01 +6.4183e-01
15588 0 +9.986349106e-06 +4.751000999e+01 +4.751000999e+01 +1.3967e-01 +5.5544e-01 +6.4198e-01
15846 0 +8.889304816e-06 +4.751000889e+01 +4.751000889e+01 +1.3963e-01 +5.5577e-01 +6.4213e-01
16086 0 +7.942667267e-06 +4.751000794e+01 +4.751000794e+01 +1.3960e-01 +5.5607e-01 +6.4227e-01
16314 0 +7.074351153e-06 +4.751000707e+01 +4.751000707e+01 +1.3957e-01 +5.5636e-01 +6.4241e-01
16536 0 +6.289776309e-06 +4.751000629e+01 +4.751000629e+01 +1.3954e-01 +5.5664e-01 +6.4254e-01
16736 0 +5.618763488e-06 +4.751000562e+01 +4.751000562e+01 +1.3952e-01 +5.5690e-01 +6.4266e-01
16932 0 +4.997028043e-06 +4.751000500e+01 +4.751000500e+01 +1.3950e-01 +5.5715e-01 +6.4277e-01
17112 0 +4.461439524e-06 +4.751000446e+01 +4.751000446e+01 +1.3947e-01 +5.5738e-01 +6.4288e-01
17286 0 +3.975095467e-06 +4.751000398e+01 +4.751000398e+01 +1.3945e-01 +5.5760e-01 +6.4298e-01
17450 0 +3.535051206e-06 +4.751000354e+01 +4.751000354e+01 +1.3943e-01 +5.5780e-01 +6.4308e-01
17694 0 +3.157611182e-06 +4.751000316e+01 +4.751000316e+01 +1.3940e-01 +5.5799e-01 +6.4316e-01
17982 0 +2.817166155e-06 +4.751000282e+01 +4.751000282e+01 +1.3939e-01 +5.5818e-01 +6.4325e-01
18258 0 +2.506203899e-06 +4.751000251e+01 +4.751000251e+01 +1.3937e-01 +5.5835e-01 +6.4333e-01
18516 0 +2.235324402e-06 +4.751000224e+01 +4.751000224e+01 +1.3935e-01 +5.5852e-01 +6.4340e-01
18756 0 +1.993247743e-06 +4.751000199e+01 +4.751000199e+01 +1.3934e-01 +5.5867e-01 +6.4348e-01
18990 0 +1.772824731e-06 +4.751000177e+01 +4.751000177e+01 +1.3932e-01 +5.5882e-01 +6.4354e-01
19206 0 +1.584095749e-06 +4.751000158e+01 +4.751000158e+01 +1.3931e-01 +5.5896e-01 +6.4361e-01
19410 0 +1.411536537e-06 +4.751000141e+01 +4.751000141e+01 +1.3929e-01 +5.5909e-01 +6.4367e-01
19608 0 +1.255120068e-06 +4.751000126e+01 +4.751000126e+01 +1.3928e-01 +5.5921e-01 +6.4373e-01
19788 0 +1.120024358e-06 +4.751000112e+01 +4.751000112e+01 +1.3927e-01 +5.5933e-01 +6.4378e-01
19962 0 +9.991136949e-07 +4.751000100e+01 +4.751000100e+01 +1.3926e-01 +5.5944e-01 +6.4383e-01
20124 0 +8.910307514e-07 +4.751000089e+01 +4.751000089e+01 +1.3925e-01 +5.5954e-01 +6.4388e-01
20316 0 +7.930588097e-07 +4.751000079e+01 +4.751000079e+01 +1.3924e-01 +5.5964e-01 +6.4392e-01
20604 0 +7.074864641e-07 +4.751000071e+01 +4.751000071e+01 +1.3923e-01 +5.5973e-01 +6.4396e-01
20880 0 +6.302120426e-07 +4.751000063e+01 +4.751000063e+01 +1.3922e-01 +5.5982e-01 +6.4400e-01
21138 0 +5.618587409e-07 +4.751000056e+01 +4.751000056e+01 +1.3921e-01 +5.5990e-01 +6.4404e-01
21384 0 +5.006454344e-07 +4.751000050e+01 +4.751000050e+01 +1.3920e-01 +5.5998e-01 +6.4408e-01
21618 0 +4.454985145e-07 +4.751000045e+01 +4.751000045e+01 +1.3919e-01 +5.6005e-01 +6.4411e-01
21834 0 +3.976327179e-07 +4.751000040e+01 +4.751000040e+01 +1.3919e-01 +5.6012e-01 +6.4414e-01
22038 0 +3.543294369e-07 +4.751000035e+01 +4.751000035e+01 +1.3918e-01 +5.6018e-01 +6.4417e-01
22230 0 +3.159683502e-07 +4.751000032e+01 +4.751000032e+01 +1.3917e-01 +5.6024e-01 +6.4420e-01
22416 0 +2.813997071e-07 +4.751000028e+01 +4.751000028e+01 +1.3917e-01 +5.6030e-01 +6.4423e-01
22590 0 +2.511755497e-07 +4.751000025e+01 +4.751000025e+01 +1.3916e-01 +5.6036e-01 +6.4425e-01
22844 0 +2.238170111e-07 +4.751000022e+01 +4.751000022e+01 +1.3916e-01 +5.6041e-01 +6.4428e-01
23154 0 +1.994698664e-07 +4.751000020e+01 +4.751000020e+01 +1.3915e-01 +5.6046e-01 +6.4430e-01
23442 0 +1.777546572e-07 +4.751000018e+01 +4.751000018e+01 +1.3915e-01 +5.6051e-01 +6.4432e-01
23718 0 +1.583614235e-07 +4.751000016e+01 +4.751000016e+01 +1.3914e-01 +5.6055e-01 +6.4434e-01
23982 0 +1.410502009e-07 +4.751000014e+01 +4.751000014e+01 +1.3914e-01 +5.6059e-01 +6.4436e-01
24228 0 +1.255261139e-07 +4.751000013e+01 +4.751000013e+01 +1.3913e-01 +5.6063e-01 +6.4438e-01
24456 0 +1.121363482e-07 +4.751000011e+01 +4.751000011e+01 +1.3913e-01 +5.6067e-01 +6.4440e-01
24678 0 +9.967163095e-08 +4.751000010e+01 +4.751000010e+01 +1.3913e-01 +5.6070e-01 +6.4441e-01
24882 0 +8.896587644e-08 +4.751000009e+01 +4.751000009e+01 +1.3912e-01 +5.6073e-01 +6.4443e-01
25074 0 +7.939389945e-08 +4.751000008e+01 +4.751000008e+01 +1.3912e-01 +5.6076e-01 +6.4444e-01
25262 0 +7.066739727e-08 +4.751000007e+01 +4.751000007e+01 +1.3912e-01 +5.6079e-01 +6.4446e-01
25434 0 +6.296011179e-08 +4.751000006e+01 +4.751000006e+01 +1.3911e-01 +5.6082e-01 +6.4447e-01
25596 0 +5.620432830e-08 +4.751000006e+01 +4.751000006e+01 +1.3911e-01 +5.6085e-01 +6.4448e-01
25752 0 +5.000005388e-08 +4.751000005e+01 +4.751000005e+01 +1.3911e-01 +5.6087e-01 +6.4449e-01
26022 0 +4.463795733e-08 +4.751000004e+01 +4.751000004e+01 +1.3911e-01 +5.6090e-01 +6.4450e-01
26298 0 +3.975265628e-08 +4.751000004e+01 +4.751000004e+01 +1.3910e-01 +5.6092e-01 +6.4451e-01
26558 0 +3.543661364e-08 +4.751000004e+01 +4.751000004e+01 +1.3910e-01 +5.6094e-01 +6.4452e-01
26804 0 +3.157499862e-08 +4.751000003e+01 +4.751000003e+01 +1.3910e-01 +5.6096e-01 +6.4453e-01
27036 0 +2.817628086e-08 +4.751000003e+01 +4.751000003e+01 +1.3910e-01 +5.6098e-01 +6.4454e-01
27252 0 +2.510595465e-08 +4.751000003e+01 +4.751000003e+01 +1.3910e-01 +5.6099e-01 +6.4455e-01
27464 0 +2.234403951e-08 +4.751000002e+01 +4.751000002e+01 +1.3909e-01 +5.6101e-01 +6.4456e-01
27654 0 +1.993940657e-08 +4.751000002e+01 +4.751000002e+01 +1.3909e-01 +5.6103e-01 +6.4456e-01
27840 0 +1.776731295e-08 +4.751000002e+01 +4.751000002e+01 +1.3909e-01 +5.6104e-01 +6.4457e-01
28016 0 +1.580768583e-08 +4.751000002e+01 +4.751000002e+01 +1.3909e-01 +5.6105e-01 +6.4458e-01
28182 0 +1.410303696e-08 +4.751000001e+01 +4.751000001e+01 +1.3909e-01 +5.6107e-01 +6.4458e-01
28404 0 +1.257693327e-08 +4.751000001e+01 +4.751000001e+01 +1.3909e-01 +5.6108e-01 +6.4459e-01
28698 0 +1.119470028e-08 +4.751000001e+01 +4.751000001e+01 +1.3909e-01 +5.6109e-01 +6.4459e-01
28974 0 +9.983374127e-09 +4.751000001e+01 +4.751000001e+01 +1.3909e-01 +5.6110e-01 +6.4460e-01
30000 0 +6.072369274e-09 +4.751000001e+01 +4.751000001e+01 +1.3908e-01 +5.6114e-01 +6.4462e-01
% f evaluations | g evaluations | best noise-free fitness - Fopt (5.534000000000e+01) + sum g_i+ | measured fitness | best measured fitness or single-digit g-values | x1 | x2...
1 0 +1.300000000e+01 +6.834000000e+01 +6.834000000e+01 +0.0000e+00 +0.0000e+00 +0.0000e+00
146 0 +6.119261544e+00 +6.145926154e+01 +6.145926154e+01 +3.7524e+00 -2.3997e+00 -1.1123e+00
158 0 +4.439421304e+00 +5.977942130e+01 +5.977942130e+01 +3.7524e+00 -2.3997e+00 -1.0498e+00
159 0 +2.096575479e+00 +5.743657548e+01 +5.743657548e+01 +3.6899e+00 -2.3997e+00 -1.0498e+00
171 0 +1.993926707e+00 +5.733392671e+01 +5.733392671e+01 +3.6586e+00 -2.3997e+00 -1.0498e+00
188 0 +1.537505147e+00 +5.687750515e+01 +5.687750515e+01 +3.6743e+00 -2.4153e+00 -1.0341e+00
2211 0 +1.412368662e+00 +5.675236866e+01 +5.675236866e+01 +3.5028e+00 -2.3508e+00 -9.8770e-01
5175 0 +1.258685384e+00 +5.659868538e+01 +5.659868538e+01 +3.2614e+00 -2.2536e+00 -9.2028e-01
7881 0 +1.121949240e+00 +5.646194924e+01 +5.646194924e+01 +3.0410e+00 -2.1632e+00 -8.5822e-01
10358 0 +9.998003946e-01 +5.633980039e+01 +5.633980039e+01 +2.8397e+00 -2.0782e+00 -8.0057e-01
12615 0 +8.912079929e-01 +5.623120799e+01 +5.623120799e+01 +2.6555e+00 -1.9995e+00 -7.4780e-01
14685 0 +7.942396998e-01 +5.613423970e+01 +5.613423970e+01 +2.4870e+00 -1.9253e+00 -6.9894e-01
16587 0 +7.076808747e-01 +5.604768087e+01 +5.604768087e+01 +2.3321e+00 -1.8559e+00 -6.5350e-01
18327 0 +6.307758668e-01 +5.597077587e+01 +5.597077587e+01 +2.1904e+00 -1.7909e+00 -6.1197e-01
19923 0 +5.623083984e-01 +5.590230840e+01 +5.590230840e+01 +2.0604e+00 -1.7303e+00 -5.7337e-01
21393 0 +5.011528410e-01 +5.584115284e+01 +5.584115284e+01 +1.9407e+00 -1.6732e+00 -5.3770e-01
22743 0 +4.466774543e-01 +5.578667745e+01 +5.578667745e+01 +1.8308e+00 -1.6199e+00 -5.0448e-01
23988 0 +3.980769242e-01 +5.573807692e+01 +5.573807692e+01 +1.7296e+00 -1.5696e+00 -4.7370e-01
25136 0 +3.548001134e-01 +5.569480011e+01 +5.569480011e+01 +1.6363e+00 -1.5227e+00 -4.4487e-01
26193 0 +3.159814538e-01 +5.565598145e+01 +5.565598145e+01 +1.5498e+00 -1.4782e+00 -4.1849e-01
27165 0 +2.817654497e-01 +5.562176545e+01 +5.562176545e+01 +1.4707e+00 -1.4372e+00 -3.9406e-01
28065 0 +2.510874905e-01 +5.559108749e+01 +5.559108749e+01 +1.3974e+00 -1.3981e+00 -3.7109e-01
28899 0 +2.237608376e-01 +5.556376084e+01 +5.556376084e+01 +1.3295e+00 -1.3614e+00 -3.5008e-01
29672 0 +1.995167801e-01 +5.553951678e+01 +5.553951678e+01 +1.2669e+00 -1.3267e+00 -3.3005e-01
30000 0 +1.893054140e-01 +5.552930541e+01 +5.552930541e+01 +1.2401e+00 -1.3121e+00 -3.2174e-01
% f evaluations | g evaluations | best noise-free fitness - Fopt (-9.033000000000e+01) + sum g_i+ | measured fitness | best measured fitness or single-digit g-values | x1 | x2...
1 0 +1.300000000e+01 -7.733000000e+01 -7.733000000e+01 +0.0000e+00 +0.0000e+00 +0.0000e+00
129 0 +4.152993066e+00 -8.617700693e+01 -8.617700693e+01 -2.2515e+00 -4.0026e+00 +4.5126e+00
150 0 +3.523833053e+00 -8.680616695e+01 -8.680616695e+01 -2.2515e+00 -3.9401e+00 +4.5126e+00
168 0 +2.734161997e+00 -8.759583800e+01 -8.759583800e+01 -2.2202e+00 -3.9088e+00 +4.4814e+00
2623 0 +2.511640516e+00 -8.781835948e+01 -8.781835948e+01 -2.1567e+00 -3.7046e+00 +4.2991e+00
6385 0 +2.238604433e+00 -8.809139557e+01 -8.809139557e+01 -2.0546e+00 -3.3982e+00 +4.0284e+00
9799 0 +1.995108523e+00 -8.833489148e+01 -8.833489148e+01 -1.9588e+00 -3.1202e+00 +3.7807e+00
12900 0 +1.778246991e+00 -8.855175301e+01 -8.855175301e+01 -1.8694e+00 -2.8676e+00 +3.5540e+00
15715 0 +1.584814524e+00 -8.874518548e+01 -8.874518548e+01 -1.7853e+00 -2.6384e+00 +3.3459e+00
18277 0 +1.412486670e+00 -8.891751333e+01 -8.891751333e+01 -1.7067e+00 -2.4298e+00 +3.1553e+00
20614 0 +1.258752094e+00 -8.907124791e+01 -8.907124791e+01 -1.6329e+00 -2.2397e+00 +2.9799e+00
22738 0 +1.121956552e+00 -8.920804345e+01 -8.920804345e+01 -1.5640e+00 -2.0668e+00 +2.8192e+00
24672 0 +9.999820285e-01 -8.933001797e+01 -8.933001797e+01 -1.4995e+00 -1.9090e+00 +2.6711e+00
26442 0 +8.911260760e-01 -8.943887392e+01 -8.943887392e+01 -1.4389e+00 -1.7648e+00 +2.5343e+00
28056 0 +7.941611162e-01 -8.953583888e+01 -8.953583888e+01 -1.3818e+00 -1.6334e+00 +2.4087e+00
29532 0 +7.079333904e-01 -8.962206661e+01 -8.962206661e+01 -1.3285e+00 -1.5132e+00 +2.2929e+00
30000 0 +6.809988085e-01 -8.964900119e+01 -8.964900119e+01 -1.3114e+00 -1.4751e+00 +2.2558e+00
% f evaluations | g evaluations | best noise-free fitness - Fopt (6.561000000000e+01) + sum g_i+ | measured fitness | best measured fitness or single-digit g-values | x1 | x2...
1 0 +1.300000000e+01 +7.861000000e+01 +7.861000000e+01 +0.0000e+00 +0.0000e+00 +0.0000e+00
552 0 +1.158608362e+01 +7.719608362e+01 +7.719608362e+01 -2.4044e-01 +1.8762e-01 -8.1303e-01
554 0 +1.063741444e+01 +7.624741444e+01 +7.624741444e+01 -2.4044e-01 +1.8762e-01 -7.5049e-01
555 0 +9.325289504e+00 +7.493528950e+01 +7.493528950e+01 -3.0298e-01 +1.8762e-01 -7.5049e-01
558 0 +6.688026790e+00 +7.229802679e+01 +7.229802679e+01 -3.0298e-01 +2.5016e-01 -7.5049e-01
560 0 +6.134035672e+00 +7.174403567e+01 +7.174403567e+01 -3.0298e-01 +2.5016e-01 -6.8795e-01
561 0 +5.323167169e+00 +7.093316717e+01 +7.093316717e+01 -3.6552e-01 +2.5016e-01 -6.8795e-01
564 0 +3.570147985e+00 +6.918014799e+01 +6.918014799e+01 -3.6552e-01 +3.1270e-01 -6.8795e-01
567 0 +3.169213861e+00 +6.877921386e+01 +6.877921386e+01 -4.2806e-01 +3.1270e-01 -6.8795e-01
570 0 +2.343747230e+00 +6.795374723e+01 +6.795374723e+01 -4.2806e-01 +3.7524e-01 -6.8795e-01
576 0 +2.191736738e+00 +6.780173674e+01 +6.780173674e+01 -4.2806e-01 +4.3778e-01 -6.8795e-01
586 0 +1.950877023e+00 +6.756087702e+01 +6.756087702e+01 -3.0298e-01 +4.3778e-01 -6.2541e-01
608 0 +1.771915708e+00 +6.738191571e+01 +6.738191571e+01 -2.7171e-01 +4.6905e-01 -5.6287e-01
620 0 +1.549519509e+00 +6.715951951e+01 +6.715951951e+01 -2.0917e-01 +5.0032e-01 -5.0032e-01
634 0 +1.368949913e+00 +6.697894991e+01 +6.697894991e+01 -1.4663e-01 +5.0032e-01 -4.3778e-01
646 0 +1.220425389e+00 +6.683042539e+01 +6.683042539e+01 -1.1536e-01 +5.0032e-01 -3.7524e-01
658 0 +1.093228231e+00 +6.670322823e+01 +6.670322823e+01 -8.4091e-02 +5.0032e-01 -3.1270e-01
668 0 +9.979190775e-01 +6.660791908e+01 +6.660791908e+01 -8.4091e-02 +5.0032e-01 -2.5016e-01
688 0 +8.905192382e-01 +6.650051924e+01 +6.650051924e+01 -5.2821e-02 +4.8469e-01 -2.1889e-01
710 0 +7.772979962e-01 +6.638729800e+01 +6.638729800e+01 -3.7185e-02 +4.6905e-01 -1.5635e-01
728 0 +7.031364177e-01 +6.631313642e+01 +6.631313642e+01 -2.1550e-02 +4.5342e-01 -1.0945e-01
746 0 +6.176288663e-01 +6.622762887e+01 +6.622762887e+01 -5.9152e-03 +4.2215e-01 -6.2541e-02
776 0 +5.598691781e-01 +6.616986918e+01 +6.616986918e+01 +9.7199e-03 +4.0651e-01 -3.1270e-02
806 0 +4.997454173e-01 +6.610974542e+01 +6.610974542e+01 +2.5355e-02 +3.8306e-01 +7.8176e-03
836 0 +4.466739165e-01 +6.605667392e+01 +6.605667392e+01 +4.0990e-02 +3.5961e-01 +4.6905e-02
872 0 +3.911363758e-01 +6.600113638e+01 +6.600113638e+01 +5.6625e-02 +3.2834e-01 +8.5993e-02
917 0 +3.536147204e-01 +6.596361472e+01 +6.596361472e+01 +6.8352e-02 +3.0098e-01 +1.1335e-01
964 0 +3.161397462e-01 +6.592613975e+01 +6.592613975e+01 +8.0078e-02 +2.7752e-01 +1.4463e-01
1012 0 +2.802528347e-01 +6.589025283e+01 +6.589025283e+01 +9.1804e-02 +2.5016e-01 +1.7590e-01
1054 0 +2.498131141e-01 +6.585981311e+01 +6.585981311e+01 +1.0353e-01 +2.2280e-01 +2.0326e-01
1096 0 +2.218674801e-01 +6.583186748e+01 +6.583186748e+01 +1.1526e-01 +1.9544e-01 +2.3062e-01
1133 0 +1.993039521e-01 +6.580930395e+01 +6.580930395e+01 +1.2307e-01 +1.6808e-01 +2.5407e-01
1202 0 +1.772124871e-01 +6.578721249e+01 +6.578721249e+01 +1.3480e-01 +1.4463e-01 +2.7752e-01
1280 0 +1.580508216e-01 +6.576805082e+01 +6.576805082e+01 +1.4457e-01 +1.1922e-01 +2.9902e-01
1358 0 +1.408178808e-01 +6.575081788e+01 +6.575081788e+01 +1.5434e-01 +9.3811e-02 +3.1857e-01
1432 0 +1.258800744e-01 +6.573588007e+01 +6.573588007e+01 +1.6412e-01 +7.0358e-02 +3.3811e-01
1505 0 +1.119770065e-01 +6.572197701e+01 +6.572197701e+01 +1.7193e-01 +4.4951e-02 +3.5570e-01
1583 0 +9.954089092e-02 +6.570954089e+01 +6.570954089e+01 +1.8171e-01 +2.1498e-02 +3.7329e-01
1649 0 +8.902864349e-02 +6.569902864e+01 +6.569902864e+01 +1.8952e-01 -5.3560e-15 +3.8892e-01
1724 0 +7.929127949e-02 +6.568929128e+01 +6.568929128e+01 +1.9636e-01 -1.9544e-02 +4.0456e-01
1852 0 +7.058991884e-02 +6.568058992e+01 +6.568058992e+01 +2.0418e-01 -4.0065e-02 +4.1922e-01
1970 0 +6.300015068e-02 +6.567300015e+01 +6.567300015e+01 +2.1102e-01 -5.9609e-02 +4.3290e-01
2087 0 +5.616298594e-02 +6.566616299e+01 +6.566616299e+01 +2.1786e-01 -7.9153e-02 +4.4462e-01
2200 0 +5.007567434e-02 +6.566007567e+01 +6.566007567e+01 +2.2470e-01 -9.6742e-02 +4.5733e-01
2320 0 +4.462309324e-02 +6.565462309e+01 +6.565462309e+01 +2.3057e-01 -1.1433e-01 +4.6808e-01
2519 0 +3.977006601e-02 +6.564977007e+01 +6.564977007e+01 +2.3643e-01 -1.3094e-01 +4.7883e-01
2720 0 +3.545365070e-02 +6.564545365e+01 +6.564545365e+01 +2.4180e-01 -1.4707e-01 +4.8909e-01
2903 0 +3.161761859e-02 +6.564161762e+01 +6.564161762e+01 +2.4718e-01 -1.6221e-01 +4.9837e-01
3083 0 +2.815485854e-02 +6.563815486e+01 +6.563815486e+01 +2.5255e-01 -1.7687e-01 +5.0716e-01
3257 0 +2.503092487e-02 +6.563503092e+01 +6.563503092e+01 +2.5744e-01 -1.9104e-01 +5.1596e-01
3419 0 +2.238411770e-02 +6.563238412e+01 +6.563238412e+01 +2.6184e-01 -2.0423e-01 +5.2329e-01
3575 0 +1.992113613e-02 +6.562992114e+01 +6.562992114e+01 +2.6623e-01 -2.1694e-01 +5.3111e-01
3725 0 +1.773787297e-02 +6.562773787e+01 +6.562773787e+01 +2.7063e-01 -2.2915e-01 +5.3795e-01
3866 0 +1.581686881e-02 +6.562581687e+01 +6.562581687e+01 +2.7454e-01 -2.4039e-01 +5.4479e-01
4079 0 +1.410372956e-02 +6.562410373e+01 +6.562410373e+01 +2.7820e-01 -2.5138e-01 +5.5089e-01
4331 0 +1.257940021e-02 +6.562257940e+01 +6.562257940e+01 +2.8187e-01 -2.6164e-01 +5.5676e-01
4577 0 +1.119552967e-02 +6.562119553e+01 +6.562119553e+01 +2.8529e-01 -2.7166e-01 +5.6238e-01
4805 0 +9.996099560e-03 +6.561999610e+01 +6.561999610e+01 +2.8847e-01 -2.8094e-01 +5.6751e-01
5030 0 +8.911294659e-03 +6.561891129e+01 +6.561891129e+01 +2.9140e-01 -2.8998e-01 +5.7264e-01
5236 0 +7.942911389e-03 +6.561794291e+01 +6.561794291e+01 +2.9457e-01 -2.9829e-01 +5.7728e-01
5434 0 +7.072655822e-03 +6.561707266e+01 +6.561707266e+01 +2.9726e-01 -3.0635e-01 +5.8168e-01
5621 0 +6.302461368e-03 +6.561630246e+01 +6.561630246e+01 +2.9970e-01 -3.1417e-01 +5.8583e-01
5800 0 +5.619484821e-03 +6.561561948e+01 +6.561561948e+01 +3.0239e-01 -3.2125e-01 +5.8974e-01
6119 0 +5.007355322e-03 +6.561500736e+01 +6.561500736e+01 +3.0459e-01 -3.2809e-01 +5.9340e-01
6437 0 +4.465222462e-03 +6.561446522e+01 +6.561446522e+01 +3.0679e-01 -3.3457e-01 +5.9694e-01
6746 0 +3.978962382e-03 +6.561397896e+01 +6.561397896e+01 +3.0886e-01 -3.4080e-01 +6.0024e-01
7031 0 +3.541630394e-03 +6.561354163e+01 +6.561354163e+01 +3.1094e-01 -3.4666e-01 +6.0330e-01
7301 0 +3.159182924e-03 +6.561315918e+01 +6.561315918e+01 +3.1277e-01 -3.5216e-01 +6.0623e-01
7562 0 +2.812800147e-03 +6.561281280e+01 +6.561281280e+01 +3.1461e-01 -3.5741e-01 +6.0904e-01
7805 0 +2.506813314e-03 +6.561250681e+01 +6.561250681e+01 +3.1632e-01 -3.6242e-01 +6.1160e-01
8033 0 +2.237163771e-03 +6.561223716e+01 +6.561223716e+01 +3.1790e-01 -3.6706e-01 +6.1405e-01
8255 0 +1.992554521e-03 +6.561199255e+01 +6.561199255e+01 +3.1937e-01 -3.7158e-01 +6.1637e-01
8459 0 +1.776625730e-03 +6.561177663e+01 +6.561177663e+01 +3.2083e-01 -3.7573e-01 +6.1857e-01
8657 0 +1.582078630e-03 +6.561158208e+01 +6.561158208e+01 +3.2218e-01 -3.7976e-01 +6.2064e-01
8915 0 +1.410966204e-03 +6.561141097e+01 +6.561141097e+01 +3.2346e-01 -3.8349e-01 +6.2260e-01
9263 0 +1.256914639e-03 +6.561125691e+01 +6.561125691e+01 +3.2468e-01 -3.8703e-01 +6.2449e-01
9593 0 +1.121302908e-03 +6.561112130e+01 +6.561112130e+01 +3.2578e-01 -3.9039e-01 +6.2620e-01
9905 0 +9.995134875e-04 +6.561099951e+01 +6.561099951e+01 +3.2688e-01 -3.9357e-01 +6.2785e-01
10205 0 +8.908024882e-04 +6.561089080e+01 +6.561089080e+01 +3.2792e-01 -3.9662e-01 +6.2938e-01
10487 0 +7.943199288e-04 +6.561079432e+01 +6.561079432e+01 +3.2884e-01 -3.9949e-01 +6.3084e-01
10751 0 +7.076982557e-04 +6.561070770e+01 +6.561070770e+01 +3.2975e-01 -4.0218e-01 +6.3225e-01
11003 0 +6.304333869e-04 +6.561063043e+01 +6.561063043e+01 +3.3067e-01 -4.0474e-01 +6.3353e-01
11237 0 +5.616022321e-04 +6.561056160e+01 +6.561056160e+01 +3.3146e-01 -4.0712e-01 +6.3481e-01
11465 0 +5.011869571e-04 +6.561050119e+01 +6.561050119e+01 +3.3226e-01 -4.0945e-01 +6.3591e-01
11680 0 +4.454663495e-04 +6.561044547e+01 +6.561044547e+01 +3.3299e-01 -4.1158e-01 +6.3707e-01
11903 0 +3.975880137e-04 +6.561039759e+01 +6.561039759e+01 +3.3366e-01 -4.1360e-01 +6.3808e-01
12281 0 +3.544217833e-04 +6.561035442e+01 +6.561035442e+01 +3.3430e-01 -4.1552e-01 +6.3906e-01
12635 0 +3.162254233e-04 +6.561031623e+01 +6.561031623e+01 +3.3491e-01 -4.1732e-01 +6.3997e-01
12977 0 +2.815788309e-04 +6.561028158e+01 +6.561028158e+01 +3.3549e-01 -4.1906e-01 +6.4086e-01
13295 0 +2.511718935e-04 +6.561025117e+01 +6.561025117e+01 +3.3604e-01 -4.2068e-01 +6.4165e-01
13595 0 +2.238592507e-04 +6.561022386e+01 +6.561022386e+01 +3.3656e-01 -4.2221e-01 +6.4245e-01
13883 0 +1.993997637e-04 +6.561019940e+01 +6.561019940e+01 +3.3705e-01 -4.2368e-01 +6.4318e-01
14158 0 +1.775062931e-04 +6.561017751e+01 +6.561017751e+01 +3.3754e-01 -4.2505e-01 +6.4388e-01
14410 0 +1.583740784e-04 +6.561015837e+01 +6.561015837e+01 +3.3797e-01 -4.2633e-01 +6.4452e-01
14651 0 +1.411245871e-04 +6.561014112e+01 +6.561014112e+01 +3.3836e-01 -4.2758e-01 +6.4513e-01
14873 0 +1.258376325e-04 +6.561012584e+01 +6.561012584e+01 +3.3876e-01 -4.2871e-01 +6.4571e-01
15197 0 +1.120606022e-04 +6.561011206e+01 +6.561011206e+01 +3.3914e-01 -4.2981e-01 +6.4626e-01
15599 0 +9.996792291e-05 +6.561009997e+01 +6.561009997e+01 +3.3948e-01 -4.3084e-01 +6.4678e-01
15986 0 +8.904572819e-05 +6.561008905e+01 +6.561008905e+01 +3.3981e-01 -4.3181e-01 +6.4727e-01
16343 0 +7.942213226e-05 +6.561007942e+01 +6.561007942e+01 +3.4012e-01 -4.3273e-01 +6.4773e-01
16690 0 +7.076893019e-05 +6.561007077e+01 +6.561007077e+01 +3.4042e-01 -4.3360e-01 +6.4817e-01
17014 0 +6.303211293e-05 +6.561006303e+01 +6.561006303e+01 +3.4070e-01 -4.3442e-01 +6.4858e-01
17315 0 +5.616996329e-05 +6.561005617e+01 +6.561005617e+01 +3.4096e-01 -4.3520e-01 +6.4897e-01
17603 0 +5.005955029e-05 +6.561005006e+01 +6.561005006e+01 +3.4120e-01 -4.3594e-01 +6.4933e-01
17876 0 +4.465965789e-05 +6.561004466e+01 +6.561004466e+01 +3.4143e-01 -4.3662e-01 +6.4968e-01
18131 0 +3.977558988e-05 +6.561003978e+01 +6.561003978e+01 +3.4166e-01 -4.3728e-01 +6.5000e-01
18377 0 +3.546274620e-05 +6.561003546e+01 +6.561003546e+01 +3.4186e-01 -4.3791e-01 +6.5031e-01
18605 0 +3.160346169e-05 +6.561003160e+01 +6.561003160e+01 +3.4206e-01 -4.3849e-01 +6.5060e-01
18857 0 +2.817929466e-05 +6.561002818e+01 +6.561002818e+01 +3.4225e-01 -4.3903e-01 +6.5087e-01
19265 0 +2.511751657e-05 +6.561002512e+01 +6.561002512e+01 +3.4242e-01 -4.3955e-01 +6.5113e-01
19654 0 +2.238006007e-05 +6.561002238e+01 +6.561002238e+01 +3.4259e-01 -4.4004e-01 +6.5139e-01
20018 0 +1.993548599e-05 +6.561001994e+01 +6.561001994e+01 +3.4275e-01 -4.4050e-01 +6.5161e-01
20363 0 +1.774415044e-05 +6.561001774e+01 +6.561001774e+01 +3.4290e-01 -4.4094e-01 +6.5184e-01
20690 0 +1.584451866e-05 +6.561001584e+01 +6.561001584e+01 +3.4303e-01 -4.4136e-01 +6.5204e-01
20993 0 +1.410203035e-05 +6.561001410e+01 +6.561001410e+01 +3.4317e-01 -4.4175e-01 +6.5223e-01
21281 0 +1.257612446e-05 +6.561001258e+01 +6.561001258e+01 +3.4329e-01 -4.4211e-01 +6.5242e-01
21557 0 +1.119455725e-05 +6.561001119e+01 +6.561001119e+01 +3.4341e-01 -4.4246e-01 +6.5259e-01
21815 0 +9.983926063e-06 +6.561000998e+01 +6.561000998e+01 +3.4352e-01 -4.4279e-01 +6.5275e-01
22061 0 +8.901102063e-06 +6.561000890e+01 +6.561000890e+01 +3.4362e-01 -4.4311e-01 +6.5290e-01
22289 0 +7.942099856e-06 +6.561000794e+01 +6.561000794e+01 +3.4372e-01 -4.4340e-01 +6.5305e-01
22505 0 +7.079221163e-06 +6.561000708e+01 +6.561000708e+01 +3.4381e-01 -4.4367e-01 +6.5319e-01
22714 0 +6.302531347e-06 +6.561000630e+01 +6.561000630e+01 +3.4391e-01 -4.4393e-01 +6.5332e-01
22996 0 +5.622016829e-06 +6.561000562e+01 +6.561000562e+01 +3.4399e-01 -4.4417e-01 +6.5344e-01
23357 0 +5.011653826e-06 +6.561000501e+01 +6.561000501e+01 +3.4406e-01 -4.4441e-01 +6.5356e-01
23705 0 +4.462682185e-06 +6.561000446e+01 +6.561000446e+01 +3.4414e-01 -4.4463e-01 +6.5367e-01
24029 0 +3.978952719e-06 +6.561000398e+01 +6.561000398e+01 +3.4421e-01 -4.4483e-01 +6.5377e-01
24341 0 +3.542628022e-06 +6.561000354e+01 +6.561000354e+01 +3.4427e-01 -4.4503e-01 +6.5387e-01
24629 0 +3.158556353e-06 +6.561000316e+01 +6.561000316e+01 +3.4434e-01 -4.4522e-01 +6.5396e-01
24905 0 +2.813288546e-06 +6.561000281e+01 +6.561000281e+01 +3.4439e-01 -4.4539e-01 +6.5405e-01
25163 0 +2.509577470e-06 +6.561000251e+01 +6.561000251e+01 +3.4445e-01 -4.4556e-01 +6.5413e-01
25409 0 +2.237864393e-06 +6.561000224e+01 +6.561000224e+01 +3.4450e-01 -4.4571e-01 +6.5421e-01
25643 0 +1.994946643e-06 +6.561000199e+01 +6.561000199e+01 +3.4455e-01 -4.4586e-01 +6.5428e-01
25864 0 +1.773132510e-06 +6.561000177e+01 +6.561000177e+01 +3.4460e-01 -4.4600e-01 +6.5435e-01
26066 0 +1.583230286e-06 +6.561000158e+01 +6.561000158e+01 +3.4464e-01 -4.4613e-01 +6.5442e-01
26258 0 +1.412259238e-06 +6.561000141e+01 +6.561000141e+01 +3.4468e-01 -4.4625e-01 +6.5448e-01
26536 0 +1.258741023e-06 +6.561000126e+01 +6.561000126e+01 +3.4472e-01 -4.4637e-01 +6.5453e-01
26884 0 +1.121851213e-06 +6.561000112e+01 +6.561000112e+01 +3.4476e-01 -4.4648e-01 +6.5459e-01
27214 0 +9.984679821e-07 +6.561000100e+01 +6.561000100e+01 +3.4480e-01 -4.4658e-01 +6.5464e-01
27518 0 +8.910543556e-07 +6.561000089e+01 +6.561000089e+01 +3.4483e-01 -4.4668e-01 +6.5469e-01
27815 0 +7.938348290e-07 +6.561000079e+01 +6.561000079e+01 +3.4486e-01 -4.4678e-01 +6.5473e-01
28085 0 +7.071173940e-07 +6.561000071e+01 +6.561000071e+01 +3.4489e-01 -4.4686e-01 +6.5478e-01
28352 0 +6.308349185e-07 +6.561000063e+01 +6.561000063e+01 +3.4492e-01 -4.4695e-01 +6.5482e-01
28589 0 +5.623047485e-07 +6.561000056e+01 +6.561000056e+01 +3.4494e-01 -4.4702e-01 +6.5486e-01
28823 0 +5.009983539e-07 +6.561000050e+01 +6.561000050e+01 +3.4497e-01 -4.4710e-01 +6.5490e-01
29045 0 +4.458310059e-07 +6.561000045e+01 +6.561000045e+01 +3.4499e-01 -4.4717e-01 +6.5493e-01
29249 0 +3.979699699e-07 +6.561000040e+01 +6.561000040e+01 +3.4501e-01 -4.4723e-01 +6.5496e-01
29639 0 +3.547542207e-07 +6.561000035e+01 +6.561000035e+01 +3.4504e-01 -4.4729e-01 +6.5499e-01
30000 0 +3.173174434e-07 +6.561000032e+01 +6.561000032e+01 +3.4505e-01 -4.4735e-01 +6.5502e-01
% f evaluations | g evaluations | best noise-free fitness - Fopt (-1.304400000000e+02) + sum g_i+ | measured fitness | best measured fitness or single-digit g-values | x1 | x2...
1 0 +1.300000000e+01 -1.174400000e+02 -1.174400000e+02 +0.0000e+00 +0.0000e+00 +0.0000e+00
154 0 +1.203963237e+01 -1.184003676e+02 -1.184003676e+02 +9.7199e-03 +0.0000e+00 -1.0006e+00
158 0 +4.080065140e+00 -1.263599349e+02 -1.263599349e+02 +9.7199e-03 +0.0000e+00 -5.0032e-01
166 0 +2.352688249e+00 -1.280873118e+02 -1.280873118e+02 +2.5988e-01 +0.0000e+00 -5.0032e-01
177 0 +1.114847399e+00 -1.293251526e+02 -1.293251526e+02 +1.3480e-01 +0.0000e+00 -5.0032e-01
192 0 +9.821311260e-01 -1.294578689e+02 -1.294578689e+02 +1.9734e-01 +6.2541e-02 -5.0032e-01
194 0 +7.525742266e-01 -1.296874258e+02 -1.296874258e+02 +1.9734e-01 +6.2541e-02 -4.3778e-01
218 0 +6.968925242e-01 -1.297431075e+02 -1.297431075e+02 +1.9734e-01 +7.8176e-02 -3.9088e-01
242 0 +6.304320793e-01 -1.298095679e+02 -1.298095679e+02 +2.1298e-01 +1.0163e-01 -3.6743e-01
278 0 +5.598743398e-01 -1.298801257e+02 -1.298801257e+02 +2.2079e-01 +1.2508e-01 -3.2052e-01
318 0 +4.995040344e-01 -1.299404960e+02 -1.299404960e+02 +2.2861e-01 +1.4853e-01 -2.7361e-01
350 0 +4.433708834e-01 -1.299966291e+02 -1.299966291e+02 +2.2861e-01 +1.5635e-01 -2.2671e-01
386 0 +3.925179385e-01 -1.300474821e+02 -1.300474821e+02 +2.2861e-01 +1.7199e-01 -1.7980e-01
416 0 +3.537600590e-01 -1.300862399e+02 -1.300862399e+02 +2.2861e-01 +1.8762e-01 -1.4072e-01
452 0 +3.141166871e-01 -1.301258833e+02 -1.301258833e+02 +2.2861e-01 +1.9544e-01 -9.3811e-02
486 0 +2.802069801e-01 -1.301597930e+02 -1.301597930e+02 +2.2861e-01 +2.1107e-01 -5.4723e-02
512 0 +2.478155453e-01 -1.301921845e+02 -1.301921845e+02 +2.2861e-01 +2.1889e-01 -1.5635e-02
542 0 +2.183962729e-01 -1.302216037e+02 -1.302216037e+02 +2.2861e-01 +2.2671e-01 +2.3453e-02
570 0 +1.988763057e-01 -1.302411237e+02 -1.302411237e+02 +2.2861e-01 +2.3453e-01 +5.4723e-02
600 0 +1.775988119e-01 -1.302624012e+02 -1.302624012e+02 +2.2861e-01 +2.4234e-01 +9.3811e-02
626 0 +1.555910774e-01 -1.302844089e+02 -1.302844089e+02 +2.2079e-01 +2.4234e-01 +1.3290e-01
654 0 +1.398408992e-01 -1.303001591e+02 -1.303001591e+02 +2.2079e-01 +2.5016e-01 +1.6417e-01
668 0 +1.256131439e-01 -1.303143869e+02 -1.303143869e+02 +2.2079e-01 +2.5016e-01 +1.8762e-01
704 0 +1.120011783e-01 -1.303279988e+02 -1.303279988e+02 +2.1689e-01 +2.5407e-01 +2.1889e-01
752 0 +9.960010314e-02 -1.303403999e+02 -1.303403999e+02 +2.1298e-01 +2.5407e-01 +2.5016e-01
794 0 +8.872748835e-02 -1.303512725e+02 -1.303512725e+02 +2.1298e-01 +2.5798e-01 +2.7752e-01
836 0 +7.927051321e-02 -1.303607295e+02 -1.303607295e+02 +2.0907e-01 +2.5798e-01 +3.0489e-01
878 0 +7.035117739e-02 -1.303696488e+02 -1.303696488e+02 +2.0516e-01 +2.6189e-01 +3.3225e-01
920 0 +6.306637995e-02 -1.303769336e+02 -1.303769336e+02 +2.0516e-01 +2.6189e-01 +3.5961e-01
950 0 +5.606885190e-02 -1.303839311e+02 -1.303839311e+02 +2.0125e-01 +2.6189e-01 +3.7915e-01
992 0 +4.933136126e-02 -1.303906686e+02 -1.303906686e+02 +1.9734e-01 +2.6189e-01 +4.0651e-01
1028 0 +4.452383098e-02 -1.303954762e+02 -1.303954762e+02 +1.9734e-01 +2.6580e-01 +4.2997e-01
1052 0 +3.923648226e-02 -1.304007635e+02 -1.304007635e+02 +1.9343e-01 +2.6580e-01 +4.4560e-01
1088 0 +3.528206127e-02 -1.304047179e+02 -1.304047179e+02 +1.9148e-01 +2.6580e-01 +4.6319e-01
1148 0 +3.145745228e-02 -1.304085425e+02 -1.304085425e+02 +1.8952e-01 +2.6580e-01 +4.8274e-01
1203 0 +2.816807044e-02 -1.304118319e+02 -1.304118319e+02 +1.8562e-01 +2.6580e-01 +5.0032e-01
1253 0 +2.508926645e-02 -1.304149107e+02 -1.304149107e+02 +1.8366e-01 +2.6384e-01 +5.1596e-01
1301 0 +2.236110356e-02 -1.304176389e+02 -1.304176389e+02 +1.8171e-01 +2.6384e-01 +5.3159e-01
1346 0 +1.978040122e-02 -1.304202196e+02 -1.304202196e+02 +1.7975e-01 +2.6384e-01 +5.4723e-01
1388 0 +1.767552504e-02 -1.304223245e+02 -1.304223245e+02 +1.7780e-01 +2.6384e-01 +5.6091e-01
1430 0 +1.575438027e-02 -1.304242456e+02 -1.304242456e+02 +1.7584e-01 +2.6384e-01 +5.7459e-01
1472 0 +1.404386708e-02 -1.304259561e+02 -1.304259561e+02 +1.7389e-01 +2.6384e-01 +5.8827e-01
1515 0 +1.251530174e-02 -1.304274847e+02 -1.304274847e+02 +1.7291e-01 +2.6384e-01 +6.0000e-01
1586 0 +1.109113484e-02 -1.304289089e+02 -1.304289089e+02 +1.7096e-01 +2.6287e-01 +6.1172e-01
1652 0 +9.961959555e-03 -1.304300380e+02 -1.304300380e+02 +1.6998e-01 +2.6287e-01 +6.2247e-01
1718 0 +8.859064661e-03 -1.304311409e+02 -1.304311409e+02 +1.6803e-01 +2.6189e-01 +6.3322e-01
1778 0 +7.928743389e-03 -1.304320713e+02 -1.304320713e+02 +1.6705e-01 +2.6189e-01 +6.4300e-01
1838 0 +7.077545287e-03 -1.304329225e+02 -1.304329225e+02 +1.6509e-01 +2.6189e-01 +6.5277e-01
1892 0 +6.263837539e-03 -1.304337362e+02 -1.304337362e+02 +1.6412e-01 +2.6091e-01 +6.6156e-01
1946 0 +5.594931033e-03 -1.304344051e+02 -1.304344051e+02 +1.6314e-01 +2.6091e-01 +6.7036e-01
2030 0 +5.006879399e-03 -1.304349931e+02 -1.304349931e+02 +1.6167e-01 +2.6042e-01 +6.7720e-01
2126 0 +4.465538790e-03 -1.304355345e+02 -1.304355345e+02 +1.6070e-01 +2.5993e-01 +6.8501e-01
2222 0 +3.970931358e-03 -1.304360291e+02 -1.304360291e+02 +1.5972e-01 +2.5993e-01 +6.9283e-01
2306 0 +3.540700006e-03 -1.304364593e+02 -1.304364593e+02 +1.5874e-01 +2.5945e-01 +6.9967e-01
2385 0 +3.133824428e-03 -1.304368662e+02 -1.304368662e+02 +1.5728e-01 +2.5896e-01 +7.0602e-01
2462 0 +2.816578547e-03 -1.304371834e+02 -1.304371834e+02 +1.5679e-01 +2.5896e-01 +7.1238e-01
2528 0 +2.490558190e-03 -1.304375094e+02 -1.304375094e+02 +1.5581e-01 +2.5847e-01 +7.1775e-01
2594 0 +2.216194694e-03 -1.304377838e+02 -1.304377838e+02 +1.5483e-01 +2.5798e-01 +7.2313e-01
2673 0 +1.978813269e-03 -1.304380212e+02 -1.304380212e+02 +1.5410e-01 +2.5798e-01 +7.2899e-01
2768 0 +1.774354983e-03 -1.304382256e+02 -1.304382256e+02 +1.5337e-01 +2.5749e-01 +7.3290e-01
2888 0 +1.582029955e-03 -1.304384180e+02 -1.304384180e+02 +1.5288e-01 +2.5725e-01 +7.3778e-01
2990 0 +1.410059243e-03 -1.304385899e+02 -1.304385899e+02 +1.5215e-01 +2.5700e-01 +7.4194e-01
3092 0 +1.254756716e-03 -1.304387452e+02 -1.304387452e+02 +1.5141e-01 +2.5651e-01 +7.4609e-01
3188 0 +1.122010887e-03 -1.304388780e+02 -1.304388780e+02 +1.5092e-01 +2.5651e-01 +7.5000e-01
3285 0 +9.987676875e-04 -1.304390012e+02 -1.304390012e+02 +1.5019e-01 +2.5627e-01 +7.5391e-01
3368 0 +8.862634671e-04 -1.304391137e+02 -1.304391137e+02 +1.4970e-01 +2.5578e-01 +7.5733e-01
3446 0 +7.914796192e-04 -1.304392085e+02 -1.304392085e+02 +1.4921e-01 +2.5578e-01 +7.6050e-01
3524 0 +7.018673279e-04 -1.304392981e+02 -1.304392981e+02 +1.4873e-01 +2.5554e-01 +7.6368e-01
3596 0 +6.256781089e-04 -1.304393743e+02 -1.304393743e+02 +1.4824e-01 +2.5529e-01 +7.6661e-01
3668 0 +5.560302575e-04 -1.304394440e+02 -1.304394440e+02 +1.4775e-01 +2.5505e-01 +7.6954e-01
3734 0 +4.990329344e-04 -1.304395010e+02 -1.304395010e+02 +1.4750e-01 +2.5505e-01 +7.7223e-01
3830 0 +4.466098605e-04 -1.304395534e+02 -1.304395534e+02 +1.4714e-01 +2.5480e-01 +7.7431e-01
3950 0 +3.977113192e-04 -1.304396023e+02 -1.304396023e+02 +1.4677e-01 +2.5456e-01 +7.7675e-01
4058 0 +3.530597474e-04 -1.304396469e+02 -1.304396469e+02 +1.4641e-01 +2.5444e-01 +7.7895e-01
4160 0 +3.155627389e-04 -1.304396844e+02 -1.304396844e+02 +1.4604e-01 +2.5432e-01 +7.8102e-01
4256 0 +2.817073968e-04 -1.304397183e+02 -1.304397183e+02 +1.4579e-01 +2.5419e-01 +7.8298e-01
4355 0 +2.510945847e-04 -1.304397489e+02 -1.304397489e+02 +1.4543e-01 +2.5395e-01 +7.8493e-01
4442 0 +2.226088158e-04 -1.304397774e+02 -1.304397774e+02 +1.4518e-01 +2.5395e-01 +7.8677e-01
4520 0 +1.992062643e-04 -1.304398008e+02 -1.304398008e+02 +1.4494e-01 +2.5383e-01 +7.8835e-01
4598 0 +1.771778349e-04 -1.304398228e+02 -1.304398228e+02 +1.4470e-01 +2.5370e-01 +7.8994e-01
4724 0 +1.579065204e-04 -1.304398421e+02 -1.304398421e+02 +1.4445e-01 +2.5358e-01 +7.9141e-01
4862 0 +1.408866442e-04 -1.304398591e+02 -1.304398591e+02 +1.4427e-01 +2.5346e-01 +7.9281e-01
4991 0 +1.258213589e-04 -1.304398742e+02 -1.304398742e+02 +1.4402e-01 +2.5334e-01 +7.9409e-01
5114 0 +1.117755242e-04 -1.304398882e+02 -1.304398882e+02 +1.4384e-01 +2.5328e-01 +7.9538e-01
5234 0 +9.958601359e-05 -1.304399004e+02 -1.304399004e+02 +1.4366e-01 +2.5315e-01 +7.9660e-01
5342 0 +8.860754943e-05 -1.304399114e+02 -1.304399114e+02 +1.4347e-01 +2.5309e-01 +7.9770e-01
5450 0 +7.892950285e-05 -1.304399211e+02 -1.304399211e+02 +1.4329e-01 +2.5303e-01 +7.9880e-01
5546 0 +7.060802290e-05 -1.304399294e+02 -1.304399294e+02 +1.4317e-01 +2.5297e-01 +7.9977e-01
5645 0 +6.243809767e-05 -1.304399376e+02 -1.304399376e+02 +1.4299e-01 +2.5285e-01 +8.0075e-01
5726 0 +5.587985325e-05 -1.304399441e+02 -1.304399441e+02 +1.4286e-01 +2.5279e-01 +8.0161e-01
5810 0 +4.980374433e-05 -1.304399502e+02 -1.304399502e+02 +1.4274e-01 +2.5273e-01 +8.0246e-01
5888 0 +4.446782219e-05 -1.304399555e+02 -1.304399555e+02 +1.4262e-01 +2.5267e-01 +8.0326e-01
5960 0 +3.975169190e-05 -1.304399602e+02 -1.304399602e+02 +1.4250e-01 +2.5261e-01 +8.0399e-01
6032 0 +3.535629563e-05 -1.304399646e+02 -1.304399646e+02 +1.4237e-01 +2.5254e-01 +8.0472e-01
6104 0 +3.127999952e-05 -1.304399687e+02 -1.304399687e+02 +1.4225e-01 +2.5248e-01 +8.0545e-01
6158 0 +2.801266677e-05 -1.304399720e+02 -1.304399720e+02 +1.4219e-01 +2.5248e-01 +8.0600e-01
6272 0 +2.507459760e-05 -1.304399749e+02 -1.304399749e+02 +1.4210e-01 +2.5245e-01 +8.0661e-01
6374 0 +2.232919945e-05 -1.304399777e+02 -1.304399777e+02 +1.4201e-01 +2.5239e-01 +8.0713e-01
6482 0 +1.984944575e-05 -1.304399802e+02 -1.304399802e+02 +1.4192e-01 +2.5236e-01 +8.0768e-01
6587 0 +1.758209393e-05 -1.304399824e+02 -1.304399824e+02 +1.4182e-01 +2.5230e-01 +8.0820e-01
6668 0 +1.584042096e-05 -1.304399842e+02 -1.304399842e+02 +1.4176e-01 +2.5227e-01 +8.0863e-01
6764 0 +1.408488140e-05 -1.304399859e+02 -1.304399859e+02 +1.4170e-01 +2.5224e-01 +8.0912e-01
6848 0 +1.245797506e-05 -1.304399875e+02 -1.304399875e+02 +1.4161e-01 +2.5221e-01 +8.0955e-01
6926 0 +1.109684766e-05 -1.304399889e+02 -1.304399889e+02 +1.4155e-01 +2.5218e-01 +8.0994e-01
6998 0 +9.944095382e-06 -1.304399901e+02 -1.304399901e+02 +1.4149e-01 +2.5215e-01 +8.1031e-01
7071 0 +8.869611264e-06 -1.304399911e+02 -1.304399911e+02 +1.4143e-01 +2.5212e-01 +8.1068e-01
7154 0 +7.912769235e-06 -1.304399921e+02 -1.304399921e+02 +1.4140e-01 +2.5210e-01 +8.1098e-01
7280 0 +7.067523370e-06 -1.304399929e+02 -1.304399929e+02 +1.4135e-01 +2.5207e-01 +8.1130e-01
7400 0 +6.299693439e-06 -1.304399937e+02 -1.304399937e+02 +1.4131e-01 +2.5206e-01 +8.1161e-01
7509 0 +5.619647510e-06 -1.304399944e+02 -1.304399944e+02 +1.4124e-01 +2.5203e-01 +8.1188e-01
7610 0 +5.001597827e-06 -1.304399950e+02 -1.304399950e+02 +1.4121e-01 +2.5201e-01 +8.1214e-01
7712 0 +4.466420961e-06 -1.304399955e+02 -1.304399955e+02 +1.4117e-01 +2.5198e-01 +8.1240e-01
7808 0 +3.977200919e-06 -1.304399960e+02 -1.304399960e+02 +1.4114e-01 +2.5196e-01 +8.1265e-01
7898 0 +3.516686292e-06 -1.304399965e+02 -1.304399965e+02 +1.4109e-01 +2.5195e-01 +8.1287e-01
7976 0 +3.155547262e-06 -1.304399968e+02 -1.304399968e+02 +1.4106e-01 +2.5193e-01 +8.1307e-01
8055 0 +2.814215122e-06 -1.304399972e+02 -1.304399972e+02 +1.4103e-01 +2.5192e-01 +8.1327e-01
8138 0 +2.510445569e-06 -1.304399975e+02 -1.304399975e+02 +1.4101e-01 +2.5191e-01 +8.1346e-01
8276 0 +2.236225185e-06 -1.304399978e+02 -1.304399978e+02 +1.4098e-01 +2.5190e-01 +8.1364e-01
8414 0 +1.984925973e-06 -1.304399980e+02 -1.304399980e+02 +1.4095e-01 +2.5188e-01 +8.1381e-01
8537 0 +1.775470452e-06 -1.304399982e+02 -1.304399982e+02 +1.4092e-01 +2.5186e-01 +8.1397e-01
8654 0 +1.579163552e-06 -1.304399984e+02 -1.304399984e+02 +1.4090e-01 +2.5186e-01 +8.1412e-01
8768 0 +1.404510812e-06 -1.304399986e+02 -1.304399986e+02 +1.4088e-01 +2.5184e-01 +8.1426e-01
8870 0 +1.258073695e-06 -1.304399987e+02 -1.304399987e+02 +1.4086e-01 +2.5183e-01 +8.1439e-01
8972 0 +1.117887336e-06 -1.304399989e+02 -1.304399989e+02 +1.4084e-01 +2.5183e-01 +8.1452e-01
9071 0 +9.946213879e-07 -1.304399990e+02 -1.304399990e+02 +1.4082e-01 +2.5181e-01 +8.1465e-01
9158 0 +8.851544351e-07 -1.304399991e+02 -1.304399991e+02 +1.4080e-01 +2.5180e-01 +8.1476e-01
9242 0 +7.917585663e-07 -1.304399992e+02 -1.304399992e+02 +1.4079e-01 +2.5180e-01 +8.1487e-01
9321 0 +7.074633572e-07 -1.304399993e+02 -1.304399993e+02 +1.4076e-01 +2.5179e-01 +8.1497e-01
9398 0 +6.299564745e-07 -1.304399994e+02 -1.304399994e+02 +1.4076e-01 +2.5178e-01 +8.1507e-01
9464 0 +5.621418779e-07 -1.304399994e+02 -1.304399994e+02 +1.4074e-01 +2.5177e-01 +8.1515e-01
9542 0 +4.987827253e-07 -1.304399995e+02 -1.304399995e+02 +1.4073e-01 +2.5177e-01 +8.1523e-01
9668 0 +4.451888458e-07 -1.304399996e+02 -1.304399996e+02 +1.4071e-01 +2.5176e-01 +8.1531e-01
9782 0 +3.973073319e-07 -1.304399996e+02 -1.304399996e+02 +1.4070e-01 +2.5176e-01 +8.1538e-01
9902 0 +3.528458876e-07 -1.304399996e+02 -1.304399996e+02 +1.4069e-01 +2.5175e-01 +8.1546e-01
10004 0 +3.141830689e-07 -1.304399997e+02 -1.304399997e+02 +1.4068e-01 +2.5175e-01 +8.1552e-01
10106 0 +2.808115767e-07 -1.304399997e+02 -1.304399997e+02 +1.4067e-01 +2.5174e-01 +8.1559e-01
10202 0 +2.493997897e-07 -1.304399998e+02 -1.304399998e+02 +1.4066e-01 +2.5174e-01 +8.1565e-01
10292 0 +2.230322877e-07 -1.304399998e+02 -1.304399998e+02 +1.4065e-01 +2.5173e-01 +8.1571e-01
10389 0 +1.983255515e-07 -1.304399998e+02 -1.304399998e+02 +1.4064e-01 +2.5173e-01 +8.1576e-01
10520 0 +1.770014535e-07 -1.304399998e+02 -1.304399998e+02 +1.4064e-01 +2.5173e-01 +8.1581e-01
10670 0 +1.576707973e-07 -1.304399998e+02 -1.304399998e+02 +1.4063e-01 +2.5172e-01 +8.1585e-01
10809 0 +1.411806920e-07 -1.304399999e+02 -1.304399999e+02 +1.4062e-01 +2.5172e-01 +8.1590e-01
10940 0 +1.257533313e-07 -1.304399999e+02 -1.304399999e+02 +1.4061e-01 +2.5171e-01 +8.1594e-01
11066 0 +1.121552202e-07 -1.304399999e+02 -1.304399999e+02 +1.4061e-01 +2.5171e-01 +8.1598e-01
11192 0 +9.979748938e-08 -1.304399999e+02 -1.304399999e+02 +1.4060e-01 +2.5171e-01 +8.1602e-01
11300 0 +8.899840509e-08 -1.304399999e+02 -1.304399999e+02 +1.4060e-01 +2.5171e-01 +8.1605e-01
11408 0 +7.914854905e-08 -1.304399999e+02 -1.304399999e+02 +1.4059e-01 +2.5170e-01 +8.1609e-01
11504 0 +7.062664054e-08 -1.304399999e+02 -1.304399999e+02 +1.4059e-01 +2.5170e-01 +8.1612e-01
11600 0 +6.291466548e-08 -1.304399999e+02 -1.304399999e+02 +1.4058e-01 +2.5170e-01 +8.1615e-01
11696 0 +5.579389040e-08 -1.304399999e+02 -1.304399999e+02 +1.4058e-01 +2.5169e-01 +8.1618e-01
11780 0 +4.969871270e-08 -1.304400000e+02 -1.304400000e+02 +1.4057e-01 +2.5169e-01 +8.1621e-01
11858 0 +4.441866963e-08 -1.304400000e+02 -1.304400000e+02 +1.4057e-01 +2.5169e-01 +8.1623e-01
11936 0 +3.944740001e-08 -1.304400000e+02 -1.304400000e+02 +1.4057e-01 +2.5169e-01 +8.1626e-01
12008 0 +3.512099056e-08 -1.304400000e+02 -1.304400000e+02 +1.4056e-01 +2.5169e-01 +8.1628e-01
12075 0 +3.137529347e-08 -1.304400000e+02 -1.304400000e+02 +1.4056e-01 +2.5169e-01 +8.1630e-01
12188 0 +2.817685640e-08 -1.304400000e+02 -1.304400000e+02 +1.4056e-01 +2.5169e-01 +8.1632e-01
12314 0 +2.511652042e-08 -1.304400000e+02 -1.304400000e+02 +1.4055e-01 +2.5168e-01 +8.1634e-01
12422 0 +2.235944407e-08 -1.304400000e+02 -1.304400000e+02 +1.4055e-01 +2.5168e-01 +8.1635e-01
12530 0 +1.993248588e-08 -1.304400000e+02 -1.304400000e+02 +1.4055e-01 +2.5168e-01 +8.1637e-01
12635 0 +1.767872959e-08 -1.304400000e+02 -1.304400000e+02 +1.4054e-01 +2.5168e-01 +8.1639e-01
12722 0 +1.584115239e-08 -1.304400000e+02 -1.304400000e+02 +1.4054e-01 +2.5168e-01 +8.1640e-01
12819 0 +1.406397132e-08 -1.304400000e+02 -1.304400000e+02 +1.4054e-01 +2.5168e-01 +8.1642e-01
12902 0 +1.250921855e-08 -1.304400000e+02 -1.304400000e+02 +1.4054e-01 +2.5168e-01 +8.1643e-01
12980 0 +1.116998760e-08 -1.304400000e+02 -1.304400000e+02 +1.4054e-01 +2.5168e-01 +8.1644e-01
13106 0 +9.983210703e-09 -1.304400000e+02 -1.304400000e+02 +1.4053e-01 +2.5167e-01 +8.1645e-01
30000 0 +1.080024958e-11 -1.304400000e+02 -1.304400000e+02 +1.4050e-01 +2.5166e-01 +8.1665e-01
% f evaluations | g evaluations | best noise-free fitness - Fopt (4.949800000000e+02) + sum g_i+ | measured fitness | best measured fitness or single-digit g-values | x1 | x2...
1 0 +1.300000000e+01 +5.079800000e+02 +5.079800000e+02 +0.0000e+00 +0.0000e+00 +0.0000e+00
175 0 +1.046782107e+01 +5.054478211e+02 +5.054478211e+02 -5.0032e-01 +5.0032e-01 -9.9093e-01
176 0 +3.574133164e+00 +4.985541332e+02 +4.985541332e+02 -5.0032e-01 +5.0032e-01 +9.7199e-03
185 0 +2.817297436e+00 +4.977972974e+02 +4.977972974e+02 -5.0032e-01 +2.5016e-01 +9.7199e-03
198 0 +1.370408572e+00 +4.963504086e+02 +4.963504086e+02 -5.0032e-01 +3.7524e-01 +9.7199e-03
224 0 +1.246019709e+00 +4.962260197e+02 +4.962260197e+02 -5.3159e-01 +3.7524e-01 +4.0990e-02
250 0 +1.093811268e+00 +4.960738113e+02 +4.960738113e+02 -4.6905e-01 +3.7524e-01 +7.2261e-02
274 0 +9.635278195e-01 +4.959435278e+02 +4.959435278e+02 -4.0651e-01 +3.5961e-01 +1.0353e-01
292 0 +8.733903279e-01 +4.958533903e+02 +4.958533903e+02 -3.5961e-01 +3.5961e-01 +1.1917e-01
316 0 +7.556887064e-01 +4.957356887e+02 +4.957356887e+02 -2.9707e-01 +3.4397e-01 +1.5044e-01
332 0 +7.026038250e-01 +4.956826038e+02 +4.956826038e+02 -2.6580e-01 +3.4397e-01 +1.6607e-01
352 0 +6.037593270e-01 +4.955837593e+02 +4.955837593e+02 -2.0326e-01 +3.2834e-01 +1.8171e-01
380 0 +5.540661244e-01 +4.955340661e+02 +4.955340661e+02 -1.6417e-01 +3.0489e-01 +1.8952e-01
406 0 +4.955820314e-01 +4.954755820e+02 +4.954755820e+02 -1.2508e-01 +2.9707e-01 +1.9734e-01
442 0 +4.430408301e-01 +4.954230408e+02 +4.954230408e+02 -7.8176e-02 +2.8143e-01 +2.0516e-01
473 0 +3.944122351e-01 +4.953744122e+02 +4.953744122e+02 -3.9088e-02 +2.5798e-01 +2.1298e-01
502 0 +3.502005898e-01 +4.953302006e+02 +4.953302006e+02 +5.5164e-16 +2.4234e-01 +2.2079e-01
532 0 +3.134873432e-01 +4.952934873e+02 +4.952934873e+02 +3.9088e-02 +2.2671e-01 +2.2861e-01
574 0 +2.816229323e-01 +4.952616229e+02 +4.952616229e+02 +7.0358e-02 +2.0717e-01 +2.3252e-01
629 0 +2.497479357e-01 +4.952297479e+02 +4.952297479e+02 +1.0554e-01 +1.8371e-01 +2.3643e-01
682 0 +2.213273486e-01 +4.952013273e+02 +4.952013273e+02 +1.4072e-01 +1.6417e-01 +2.4034e-01
742 0 +1.986341448e-01 +4.951786341e+02 +4.951786341e+02 +1.7003e-01 +1.4463e-01 +2.4229e-01
832 0 +1.776422086e-01 +4.951576422e+02 +4.951576422e+02 +1.9935e-01 +1.2508e-01 +2.4425e-01
922 0 +1.582702589e-01 +4.951382703e+02 +4.951382703e+02 +2.2866e-01 +1.0554e-01 +2.4620e-01
1006 0 +1.409610665e-01 +4.951209611e+02 +4.951209611e+02 +2.5603e-01 +8.5993e-02 +2.4816e-01
1085 0 +1.258829501e-01 +4.951058830e+02 +4.951058830e+02 +2.8143e-01 +6.4495e-02 +2.4816e-01
1163 0 +1.115746450e-01 +4.950915746e+02 +4.950915746e+02 +3.0684e-01 +4.6905e-02 +2.5011e-01
1264 0 +9.951799273e-02 +4.950795180e+02 +4.950795180e+02 +3.3029e-01 +2.8339e-02 +2.5011e-01
1396 0 +8.900799275e-02 +4.950690080e+02 +4.950690080e+02 +3.5179e-01 +1.1726e-02 +2.5109e-01
1528 0 +7.925943180e-02 +4.950592594e+02 +4.950592594e+02 +3.7329e-01 -5.8632e-03 +2.5109e-01
1654 0 +7.043080947e-02 +4.950504308e+02 +4.950504308e+02 +3.9381e-01 -2.2476e-02 +2.5206e-01
1769 0 +6.294983648e-02 +4.950429498e+02 +4.950429498e+02 +4.1238e-01 -3.8111e-02 +2.5206e-01
1882 0 +5.597359428e-02 +4.950359736e+02 +4.950359736e+02 +4.3094e-01 -5.3746e-02 +2.5206e-01
1985 0 +5.003612412e-02 +4.950300361e+02 +4.950300361e+02 +4.4756e-01 -6.8404e-02 +2.5206e-01
2087 0 +4.450806176e-02 +4.950245081e+02 +4.950245081e+02 +4.6417e-01 -8.3062e-02 +2.5206e-01
2248 0 +3.977094008e-02 +4.950197709e+02 +4.950197709e+02 +4.7931e-01 -9.6254e-02 +2.5158e-01
2428 0 +3.544042820e-02 +4.950154404e+02 +4.950154404e+02 +4.9397e-01 -1.0945e-01 +2.5158e-01
2596 0 +3.159913423e-02 +4.950115991e+02 +4.950115991e+02 +5.0765e-01 -1.2215e-01 +2.5109e-01
2758 0 +2.816464139e-02 +4.950081646e+02 +4.950081646e+02 +5.2085e-01 -1.3436e-01 +2.5060e-01
2914 0 +2.511176062e-02 +4.950051118e+02 +4.950051118e+02 +5.3355e-01 -1.4560e-01 +2.5060e-01
3058 0 +2.235402778e-02 +4.950023540e+02 +4.950023540e+02 +5.4528e-01 -1.5684e-01 +2.5011e-01
3196 0 +1.990921332e-02 +4.949999092e+02 +4.949999092e+02 +5.5651e-01 -1.6759e-01 +2.4962e-01
3322 0 +1.777239396e-02 +4.949977724e+02 +4.949977724e+02 +5.6677e-01 -1.7736e-01 +2.4962e-01
3454 0 +1.580079125e-02 +4.949958008e+02 +4.949958008e+02 +5.7703e-01 -1.8713e-01 +2.4913e-01
3658 0 +1.410039891e-02 +4.949941004e+02 +4.949941004e+02 +5.8632e-01 -1.9617e-01 +2.4889e-01
3875 0 +1.257442320e-02 +4.949925744e+02 +4.949925744e+02 +5.9511e-01 -2.0497e-01 +2.4840e-01
4084 0 +1.121579689e-02 +4.949912158e+02 +4.949912158e+02 +6.0366e-01 -2.1303e-01 +2.4816e-01
4282 0 +9.980535243e-03 +4.949899805e+02 +4.949899805e+02 +6.1172e-01 -2.2109e-01 +2.4767e-01
4468 0 +8.907649679e-03 +4.949889076e+02 +4.949889076e+02 +6.1930e-01 -2.2842e-01 +2.4742e-01
4642 0 +7.942769557e-03 +4.949879428e+02 +4.949879428e+02 +6.2638e-01 -2.3550e-01 +2.4718e-01
4810 0 +7.076660382e-03 +4.949870767e+02 +4.949870767e+02 +6.3322e-01 -2.4234e-01 +2.4669e-01
4967 0 +6.291861412e-03 +4.949862919e+02 +4.949862919e+02 +6.3958e-01 -2.4894e-01 +2.4645e-01
5116 0 +5.621403291e-03 +4.949856214e+02 +4.949856214e+02 +6.4568e-01 -2.5480e-01 +2.4620e-01
5261 0 +5.009200395e-03 +4.949850092e+02 +4.949850092e+02 +6.5130e-01 -2.6067e-01 +2.4596e-01
5399 0 +4.462795179e-03 +4.949844628e+02 +4.949844628e+02 +6.5668e-01 -2.6629e-01 +2.4547e-01
5560 0 +3.979843646e-03 +4.949839798e+02 +4.949839798e+02 +6.6181e-01 -2.7129e-01 +2.4535e-01
5801 0 +3.542552342e-03 +4.949835426e+02 +4.949835426e+02 +6.6669e-01 -2.7630e-01 +2.4510e-01
6034 0 +3.160208140e-03 +4.949831602e+02 +4.949831602e+02 +6.7121e-01 -2.8094e-01 +2.4474e-01
6251 0 +2.815941958e-03 +4.949828159e+02 +4.949828159e+02 +6.7549e-01 -2.8546e-01 +2.4449e-01
6455 0 +2.508263292e-03 +4.949825083e+02 +4.949825083e+02 +6.7964e-01 -2.8962e-01 +2.4437e-01
6652 0 +2.237150411e-03 +4.949822372e+02 +4.949822372e+02 +6.8355e-01 -2.9353e-01 +2.4412e-01
6833 0 +1.993378906e-03 +4.949819934e+02 +4.949819934e+02 +6.8709e-01 -2.9731e-01 +2.4388e-01
7012 0 +1.778234890e-03 +4.949817782e+02 +4.949817782e+02 +6.9051e-01 -3.0085e-01 +2.4364e-01
7175 0 +1.583077285e-03 +4.949815831e+02 +4.949815831e+02 +6.9381e-01 -3.0427e-01 +2.4351e-01
7336 0 +1.410902097e-03 +4.949814109e+02 +4.949814109e+02 +6.9686e-01 -3.0745e-01 +2.4327e-01
7481 0 +1.256959901e-03 +4.949812570e+02 +4.949812570e+02 +6.9979e-01 -3.1050e-01 +2.4315e-01
7763 0 +1.120628050e-03 +4.949811206e+02 +4.949811206e+02 +7.0248e-01 -3.1337e-01 +2.4290e-01
8027 0 +9.980642268e-04 +4.949809981e+02 +4.949809981e+02 +7.0511e-01 -3.1606e-01 +2.4278e-01
8279 0 +8.911796538e-04 +4.949808912e+02 +4.949808912e+02 +7.0749e-01 -3.1863e-01 +2.4260e-01
8518 0 +7.938610785e-04 +4.949807939e+02 +4.949807939e+02 +7.0987e-01 -3.2101e-01 +2.4248e-01
8741 0 +7.077102319e-04 +4.949807077e+02 +4.949807077e+02 +7.1201e-01 -3.2333e-01 +2.4235e-01
8957 0 +6.296396572e-04 +4.949806296e+02 +4.949806296e+02 +7.1409e-01 -3.2553e-01 +2.4217e-01
9160 0 +5.615810998e-04 +4.949805616e+02 +4.949805616e+02 +7.1604e-01 -3.2754e-01 +2.4205e-01
9347 0 +5.002505668e-04 +4.949805003e+02 +4.949805003e+02 +7.1787e-01 -3.2950e-01 +2.4193e-01
9527 0 +4.464965489e-04 +4.949804465e+02 +4.949804465e+02 +7.1958e-01 -3.3133e-01 +2.4180e-01
9695 0 +3.978956914e-04 +4.949803979e+02 +4.949803979e+02 +7.2123e-01 -3.3304e-01 +2.4174e-01
9862 0 +3.539014351e-04 +4.949803539e+02 +4.949803539e+02 +7.2282e-01 -3.3469e-01 +2.4162e-01
10030 0 +3.158992327e-04 +4.949803159e+02 +4.949803159e+02 +7.2426e-01 -3.3622e-01 +2.4153e-01
10313 0 +2.815488149e-04 +4.949802815e+02 +4.949802815e+02 +7.2563e-01 -3.3768e-01 +2.4144e-01
10588 0 +2.510301017e-04 +4.949802510e+02 +4.949802510e+02 +7.2694e-01 -3.3906e-01 +2.4135e-01
10846 0 +2.237238027e-04 +4.949802237e+02 +4.949802237e+02 +7.2816e-01 -3.4037e-01 +2.4125e-01
11087 0 +1.993008519e-04 +4.949801993e+02 +4.949801993e+02 +7.2932e-01 -3.4162e-01 +2.4119e-01
11315 0 +1.775999247e-04 +4.949801776e+02 +4.949801776e+02 +7.3042e-01 -3.4278e-01 +2.4110e-01
11531 0 +1.582595600e-04 +4.949801583e+02 +4.949801583e+02 +7.3146e-01 -3.4388e-01 +2.4104e-01
11735 0 +1.411009920e-04 +4.949801411e+02 +4.949801411e+02 +7.3244e-01 -3.4492e-01 +2.4098e-01
11932 0 +1.257509654e-04 +4.949801258e+02 +4.949801258e+02 +7.3339e-01 -3.4590e-01 +2.4092e-01
12113 0 +1.120073648e-04 +4.949801120e+02 +4.949801120e+02 +7.3424e-01 -3.4684e-01 +2.4086e-01
12286 0 +9.996923200e-05 +4.949801000e+02 +4.949801000e+02 +7.3507e-01 -3.4770e-01 +2.4080e-01
12454 0 +8.882446275e-05 +4.949800888e+02 +4.949800888e+02 +7.3586e-01 -3.4855e-01 +2.4074e-01
12604 0 +7.938177788e-05 +4.949800794e+02 +4.949800794e+02 +7.3659e-01 -3.4932e-01 +2.4070e-01
12803 0 +7.074048591e-05 +4.949800707e+02 +4.949800707e+02 +7.3726e-01 -3.5007e-01 +2.4064e-01
13078 0 +6.309420854e-05 +4.949800631e+02 +4.949800631e+02 +7.3792e-01 -3.5075e-01 +2.4060e-01
13337 0 +5.614050872e-05 +4.949800561e+02 +4.949800561e+02 +7.3855e-01 -3.5142e-01 +2.4055e-01
13583 0 +5.007243954e-05 +4.949800501e+02 +4.949800501e+02 +7.3913e-01 -3.5205e-01 +2.4052e-01
13811 0 +4.464269409e-05 +4.949800446e+02 +4.949800446e+02 +7.3968e-01 -3.5263e-01 +2.4048e-01
14033 0 +3.979809759e-05 +4.949800398e+02 +4.949800398e+02 +7.4020e-01 -3.5320e-01 +2.4045e-01
14242 0 +3.547441884e-05 +4.949800355e+02 +4.949800355e+02 +7.4070e-01 -3.5371e-01 +2.4040e-01
14435 0 +3.156461929e-05 +4.949800316e+02 +4.949800316e+02 +7.4116e-01 -3.5422e-01 +2.4037e-01
14621 0 +2.809630007e-05 +4.949800281e+02 +4.949800281e+02 +7.4160e-01 -3.5469e-01 +2.4034e-01
14849 0 +2.510909133e-05 +4.949800251e+02 +4.949800251e+02 +7.4201e-01 -3.5512e-01 +2.4032e-01
15179 0 +2.236157042e-05 +4.949800224e+02 +4.949800224e+02 +7.4240e-01 -3.5554e-01 +2.4029e-01
15491 0 +1.992145633e-05 +4.949800199e+02 +4.949800199e+02 +7.4277e-01 -3.5594e-01 +2.4026e-01
15784 0 +1.778132548e-05 +4.949800178e+02 +4.949800178e+02 +7.4312e-01 -3.5630e-01 +2.4024e-01
16061 0 +1.581591829e-05 +4.949800158e+02 +4.949800158e+02 +7.4345e-01 -3.5666e-01 +2.4022e-01
16319 0 +1.411807352e-05 +4.949800141e+02 +4.949800141e+02 +7.4375e-01 -3.5699e-01 +2.4019e-01
16570 0 +1.258910083e-05 +4.949800126e+02 +4.949800126e+02 +7.4405e-01 -3.5730e-01 +2.4017e-01
16804 0 +1.120936446e-05 +4.949800112e+02 +4.949800112e+02 +7.4433e-01 -3.5760e-01 +2.4016e-01
17021 0 +9.989722400e-06 +4.949800100e+02 +4.949800100e+02 +7.4459e-01 -3.5788e-01 +2.4013e-01
17231 0 +8.909801352e-06 +4.949800089e+02 +4.949800089e+02 +7.4483e-01 -3.5815e-01 +2.4012e-01
17428 0 +7.934565474e-06 +4.949800079e+02 +4.949800079e+02 +7.4507e-01 -3.5839e-01 +2.4010e-01
17614 0 +7.067370291e-06 +4.949800071e+02 +4.949800071e+02 +7.4529e-01 -3.5863e-01 +2.4009e-01
17788 0 +6.302669135e-06 +4.949800063e+02 +4.949800063e+02 +7.4549e-01 -3.5885e-01 +2.4007e-01
17956 0 +5.607509081e-06 +4.949800056e+02 +4.949800056e+02 +7.4569e-01 -3.5907e-01 +2.4006e-01
18112 0 +5.004028651e-06 +4.949800050e+02 +4.949800050e+02 +7.4588e-01 -3.5926e-01 +2.4004e-01
18256 0 +4.461760341e-06 +4.949800045e+02 +4.949800045e+02 +7.4605e-01 -3.5945e-01 +2.4003e-01
18400 0 +3.964001166e-06 +4.949800040e+02 +4.949800040e+02 +7.4622e-01 -3.5963e-01 +2.4002e-01
18526 0 +3.544945059e-06 +4.949800035e+02 +4.949800035e+02 +7.4637e-01 -3.5979e-01 +2.4001e-01
18652 0 +3.158415950e-06 +4.949800032e+02 +4.949800032e+02 +7.4652e-01 -3.5995e-01 +2.4000e-01
18767 0 +2.815960613e-06 +4.949800028e+02 +4.949800028e+02 +7.4665e-01 -3.6010e-01 +2.3999e-01
18875 0 +2.511688137e-06 +4.949800025e+02 +4.949800025e+02 +7.4678e-01 -3.6024e-01 +2.3998e-01
18982 0 +2.237115837e-06 +4.949800022e+02 +4.949800022e+02 +7.4691e-01 -3.6037e-01 +2.3997e-01
19150 0 +1.991612521e-06 +4.949800020e+02 +4.949800020e+02 +7.4703e-01 -3.6050e-01 +2.3996e-01
19336 0 +1.774929729e-06 +4.949800018e+02 +4.949800018e+02 +7.4714e-01 -3.6062e-01 +2.3996e-01
19510 0 +1.583247411e-06 +4.949800016e+02 +4.949800016e+02 +7.4724e-01 -3.6073e-01 +2.3995e-01
19678 0 +1.408586741e-06 +4.949800014e+02 +4.949800014e+02 +7.4734e-01 -3.6083e-01 +2.3994e-01
19834 0 +1.256135533e-06 +4.949800013e+02 +4.949800013e+02 +7.4743e-01 -3.6093e-01 +2.3993e-01
19979 0 +1.120049035e-06 +4.949800011e+02 +4.949800011e+02 +7.4752e-01 -3.6103e-01 +2.3993e-01
20117 0 +9.995088703e-07 +4.949800010e+02 +4.949800010e+02 +7.4760e-01 -3.6112e-01 +2.3992e-01
20249 0 +8.902052286e-07 +4.949800009e+02 +4.949800009e+02 +7.4768e-01 -3.6120e-01 +2.3992e-01
20375 0 +7.927634442e-07 +4.949800008e+02 +4.949800008e+02 +7.4775e-01 -3.6128e-01 +2.3991e-01
20489 0 +7.078130579e-07 +4.949800007e+02 +4.949800007e+02 +7.4782e-01 -3.6135e-01 +2.3991e-01
20687 0 +6.297580057e-07 +4.949800006e+02 +4.949800006e+02 +7.4789e-01 -3.6142e-01 +2.3990e-01
20897 0 +5.618920227e-07 +4.949800006e+02 +4.949800006e+02 +7.4795e-01 -3.6149e-01 +2.3990e-01
21094 0 +5.011390272e-07 +4.949800005e+02 +4.949800005e+02 +7.4801e-01 -3.6155e-01 +2.3989e-01
21281 0 +4.459010938e-07 +4.949800004e+02 +4.949800004e+02 +7.4806e-01 -3.6161e-01 +2.3989e-01
21455 0 +3.978927907e-07 +4.949800004e+02 +4.949800004e+02 +7.4812e-01 -3.6167e-01 +2.3989e-01
21623 0 +3.542164677e-07 +4.949800004e+02 +4.949800004e+02 +7.4817e-01 -3.6172e-01 +2.3988e-01
21784 0 +3.154946739e-07 +4.949800003e+02 +4.949800003e+02 +7.4821e-01 -3.6177e-01 +2.3988e-01
22007 0 +2.813752076e-07 +4.949800003e+02 +4.949800003e+02 +7.4826e-01 -3.6182e-01 +2.3988e-01
22288 0 +2.511208663e-07 +4.949800003e+02 +4.949800003e+02 +7.4830e-01 -3.6186e-01 +2.3987e-01
22552 0 +2.238575689e-07 +4.949800002e+02 +4.949800002e+02 +7.4834e-01 -3.6190e-01 +2.3987e-01
22799 0 +1.993192313e-07 +4.949800002e+02 +4.949800002e+02 +7.4837e-01 -3.6194e-01 +2.3987e-01
23033 0 +1.777891043e-07 +4.949800002e+02 +4.949800002e+02 +7.4841e-01 -3.6198e-01 +2.3986e-01
23255 0 +1.584185156e-07 +4.949800002e+02 +4.949800002e+02 +7.4844e-01 -3.6202e-01 +2.3986e-01
23470 0 +1.411543167e-07 +4.949800001e+02 +4.949800001e+02 +7.4847e-01 -3.6205e-01 +2.3986e-01
23663 0 +1.258291036e-07 +4.949800001e+02 +4.949800001e+02 +7.4850e-01 -3.6208e-01 +2.3986e-01
23854 0 +1.121909463e-07 +4.949800001e+02 +4.949800001e+02 +7.4853e-01 -3.6211e-01 +2.3986e-01
24034 0 +9.975298099e-08 +4.949800001e+02 +4.949800001e+02 +7.4856e-01 -3.6214e-01 +2.3985e-01
24311 0 +8.903532489e-08 +4.949800001e+02 +4.949800001e+02 +7.4858e-01 -3.6217e-01 +2.3985e-01
24628 0 +7.938336921e-08 +4.949800001e+02 +4.949800001e+02 +7.4860e-01 -3.6219e-01 +2.3985e-01
24923 0 +7.072128483e-08 +4.949800001e+02 +4.949800001e+02 +7.4863e-01 -3.6221e-01 +2.3985e-01
25205 0 +6.297960908e-08 +4.949800001e+02 +4.949800001e+02 +7.4865e-01 -3.6224e-01 +2.3985e-01
25469 0 +5.613867415e-08 +4.949800001e+02 +4.949800001e+02 +7.4867e-01 -3.6226e-01 +2.3985e-01
25720 0 +5.010656423e-08 +4.949800001e+02 +4.949800001e+02 +7.4869e-01 -3.6228e-01 +2.3985e-01
25955 0 +4.460719083e-08 +4.949800000e+02 +4.949800000e+02 +7.4870e-01 -3.6230e-01 +2.3984e-01
26182 0 +3.973963203e-08 +4.949800000e+02 +4.949800000e+02 +7.4872e-01 -3.6231e-01 +2.3984e-01
26387 0 +3.547341976e-08 +4.949800000e+02 +4.949800000e+02 +7.4873e-01 -3.6233e-01 +2.3984e-01
26590 0 +3.160090500e-08 +4.949800000e+02 +4.949800000e+02 +7.4875e-01 -3.6235e-01 +2.3984e-01
26776 0 +2.818381972e-08 +4.949800000e+02 +4.949800000e+02 +7.4876e-01 -3.6236e-01 +2.3984e-01
26956 0 +2.506959618e-08 +4.949800000e+02 +4.949800000e+02 +7.4878e-01 -3.6238e-01 +2.3984e-01
27124 0 +2.234099838e-08 +4.949800000e+02 +4.949800000e+02 +7.4879e-01 -3.6239e-01 +2.3984e-01
27275 0 +1.994243348e-08 +4.949800000e+02 +4.949800000e+02 +7.4880e-01 -3.6240e-01 +2.3984e-01
27425 0 +1.776442105e-08 +4.949800000e+02 +4.949800000e+02 +7.4881e-01 -3.6241e-01 +2.3984e-01
27664 0 +1.583714493e-08 +4.949800000e+02 +4.949800000e+02 +7.4882e-01 -3.6242e-01 +2.3984e-01
27928 0 +1.412462325e-08 +4.949800000e+02 +4.949800000e+02 +7.4883e-01 -3.6243e-01 +2.3983e-01
28180 0 +1.258501925e-08 +4.949800000e+02 +4.949800000e+02 +7.4884e-01 -3.6244e-01 +2.3983e-01
28415 0 +1.120122306e-08 +4.949800000e+02 +4.949800000e+02 +7.4885e-01 -3.6245e-01 +2.3983e-01
28637 0 +9.996142580e-09 +4.949800000e+02 +4.949800000e+02 +7.4886e-01 -3.6246e-01 +2.3983e-01
30000 0 +5.232720923e-09 +4.949800000e+02 +4.949800000e+02 +7.4890e-01 -3.6250e-01 +2.3983e-01
% f evaluations | g evaluations | best noise-free fitness - Fopt (4.685000000000e+01) + sum g_i+ | measured fitness | best measured fitness or single-digit g-values | x1 | x2...
1 0 +1.300000000e+01 +5.985000000e+01 +5.985000000e+01 +0.0000e+00 +0.0000e+00 +0.0000e+00
162 0 +1.219651191e+01 +5.904651191e+01 +5.904651191e+01 -4.2625e+00 -2.8769e+00 +4.2528e+00
171 0 +9.456637541e+00 +5.630663754e+01 +5.630663754e+01 -4.3250e+00 -2.8769e+00 +4.2528e+00
4711 0 +8.912290396e+00 +5.576229040e+01 +5.576229040e+01 -4.1963e+00 -2.7125e+00 +4.0659e+00
22525 0 +7.943046356e+00 +5.479304636e+01 +5.479304636e+01 -3.7385e+00 -2.0707e+00 +3.3405e+00
30000 0 +7.533222222e+00 +5.438322222e+01 +5.438322222e+01 -3.5379e+00 -1.7985e+00 +3.0364e+00
% f evaluations | g evaluations | best noise-free fitness - Fopt (1.046400000000e+02) + sum g_i+ | measured fitness | best measured fitness or single-digit g-values | x1 | x2...
1 0 +1.300000000e+01 +1.176400000e+02 +1.176400000e+02 +0.0000e+00 +0.0000e+00 +0.0000e+00
127 0 +1.225127196e+01 +1.168912720e+02 +1.168912720e+02 -4.1759e-01 +0.0000e+00 -1.0737e+00
140 0 +1.051186020e+01 +1.151518602e+02 +1.151518602e+02 -4.1759e-01 +0.0000e+00 -5.7334e-01
144 0 +3.639773060e+00 +1.082797731e+02 +1.082797731e+02 -4.1759e-01 +5.0032e-01 -5.7334e-01
154 0 +2.642778161e+00 +1.072827782e+02 +1.072827782e+02 -1.6743e-01 +5.0032e-01 -5.7334e-01
167 0 +1.763030318e+00 +1.064030303e+02 +1.064030303e+02 -2.9251e-01 +3.7524e-01 -5.7334e-01
194 0 +1.538126677e+00 +1.061781267e+02 +1.061781267e+02 -2.6124e-01 +4.0651e-01 -5.4207e-01
214 0 +1.401425812e+00 +1.060414258e+02 +1.060414258e+02 -2.1433e-01 +4.2215e-01 -5.1080e-01
238 0 +1.233284538e+00 +1.058732845e+02 +1.058732845e+02 -1.5179e-01 +4.2215e-01 -4.6389e-01
262 0 +1.107216428e+00 +1.057472164e+02 +1.057472164e+02 -8.9251e-02 +4.2215e-01 -4.3262e-01
280 0 +9.981251465e-01 +1.056381251e+02 +1.056381251e+02 -4.2346e-02 +4.0651e-01 -4.0135e-01
298 0 +8.653225203e-01 +1.055053225e+02 +1.055053225e+02 +4.5594e-03 +3.9088e-01 -3.5445e-01
314 0 +7.869239849e-01 +1.054269240e+02 +1.054269240e+02 +3.5830e-02 +3.7524e-01 -3.2318e-01
341 0 +6.998897582e-01 +1.053398898e+02 +1.053398898e+02 +7.4918e-02 +3.5179e-01 -2.9191e-01
370 0 +6.253859801e-01 +1.052653860e+02 +1.052653860e+02 +1.1401e-01 +3.3616e-01 -2.5282e-01
392 0 +5.585893981e-01 +1.051985894e+02 +1.051985894e+02 +1.3746e-01 +3.1270e-01 -2.2155e-01
440 0 +4.980783887e-01 +1.051380784e+02 +1.051380784e+02 +1.6482e-01 +2.8925e-01 -1.9028e-01
488 0 +4.459932675e-01 +1.050859933e+02 +1.050859933e+02 +1.8827e-01 +2.6580e-01 -1.5901e-01
542 0 +3.953577034e-01 +1.050353577e+02 +1.050353577e+02 +2.1173e-01 +2.4234e-01 -1.2383e-01
590 0 +3.530173096e-01 +1.049930173e+02 +1.049930173e+02 +2.3127e-01 +2.1889e-01 -9.2559e-02
650 0 +3.149341657e-01 +1.049549342e+02 +1.049549342e+02 +2.4886e-01 +1.9544e-01 -6.1289e-02
746 0 +2.811607161e-01 +1.049211607e+02 +1.049211607e+02 +2.6645e-01 +1.7394e-01 -3.0019e-02
836 0 +2.505498471e-01 +1.048905498e+02 +1.048905498e+02 +2.8013e-01 +1.5049e-01 -7.0266e-04
926 0 +2.234363339e-01 +1.048634363e+02 +1.048634363e+02 +2.9381e-01 +1.2899e-01 +2.8613e-02
1016 0 +1.986854704e-01 +1.048386855e+02 +1.048386855e+02 +3.0749e-01 +1.0749e-01 +5.7929e-02
1100 0 +1.769410501e-01 +1.048169411e+02 +1.048169411e+02 +3.1726e-01 +8.5993e-02 +8.5291e-02
1214 0 +1.584435225e-01 +1.047984435e+02 +1.047984435e+02 +3.2703e-01 +6.6449e-02 +1.1070e-01
1376 0 +1.409116809e-01 +1.047809117e+02 +1.047809117e+02 +3.3681e-01 +4.6905e-02 +1.3708e-01
1526 0 +1.258618888e-01 +1.047658619e+02 +1.047658619e+02 +3.4462e-01 +2.8339e-02 +1.6151e-01
1676 0 +1.119119189e-01 +1.047519119e+02 +1.047519119e+02 +3.5244e-01 +9.7720e-03 +1.8594e-01
1817 0 +9.996184816e-02 +1.047399618e+02 +1.047399618e+02 +3.5928e-01 -7.8176e-03 +2.0842e-01
1952 0 +8.900046502e-02 +1.047290005e+02 +1.047290005e+02 +3.6514e-01 -2.4430e-02 +2.3089e-01
2087 0 +7.916461395e-02 +1.047191646e+02 +1.047191646e+02 +3.7101e-01 -4.1042e-02 +2.5239e-01
2213 0 +7.048166849e-02 +1.047104817e+02 +1.047104817e+02 +3.7589e-01 -5.6677e-02 +2.7291e-01
2366 0 +6.304277032e-02 +1.047030428e+02 +1.047030428e+02 +3.8029e-01 -7.0847e-02 +2.9197e-01
2594 0 +5.620350984e-02 +1.046962035e+02 +1.046962035e+02 +3.8469e-01 -8.5016e-02 +3.1053e-01
2816 0 +5.003026005e-02 +1.046900303e+02 +1.046900303e+02 +3.8860e-01 -9.8697e-02 +3.2861e-01
3026 0 +4.453408957e-02 +1.046845341e+02 +1.046845341e+02 +3.9202e-01 -1.1189e-01 +3.4571e-01
3224 0 +3.974057375e-02 +1.046797406e+02 +1.046797406e+02 +3.9495e-01 -1.2410e-01 +3.6184e-01
3416 0 +3.541115118e-02 +1.046754112e+02 +1.046754112e+02 +3.9788e-01 -1.3583e-01 +3.7747e-01
3596 0 +3.156860910e-02 +1.046715686e+02 +1.046715686e+02 +4.0081e-01 -1.4707e-01 +3.9213e-01
3770 0 +2.811664059e-02 +1.046681166e+02 +1.046681166e+02 +4.0326e-01 -1.5782e-01 +4.0630e-01
4076 0 +2.510393876e-02 +1.046651039e+02 +1.046651039e+02 +4.0521e-01 -1.6783e-01 +4.1949e-01
4391 0 +2.238237496e-02 +1.046623824e+02 +1.046623824e+02 +4.0741e-01 -1.7761e-01 +4.3220e-01
4688 0 +1.994858486e-02 +1.046599486e+02 +1.046599486e+02 +4.0912e-01 -1.8664e-01 +4.4441e-01
4970 0 +1.778149766e-02 +1.046577815e+02 +1.046577815e+02 +4.1083e-01 -1.9544e-01 +4.5589e-01
5240 0 +1.584527538e-02 +1.046558453e+02 +1.046558453e+02 +4.1254e-01 -2.0375e-01 +4.6689e-01
5498 0 +1.412256617e-02 +1.046541226e+02 +1.046541226e+02 +4.1400e-01 -2.1156e-01 +4.7739e-01
5744 0 +1.257137521e-02 +1.046525714e+02 +1.046525714e+02 +4.1523e-01 -2.1914e-01 +4.8741e-01
5972 0 +1.121153610e-02 +1.046512115e+02 +1.046512115e+02 +4.1645e-01 -2.2622e-01 +4.9669e-01
6194 0 +9.974930691e-03 +1.046499749e+02 +1.046499749e+02 +4.1767e-01 -2.3306e-01 +5.0573e-01
6401 0 +8.904551684e-03 +1.046489046e+02 +1.046489046e+02 +4.1865e-01 -2.3941e-01 +5.1404e-01
6734 0 +7.937263199e-03 +1.046479373e+02 +1.046479373e+02 +4.1962e-01 -2.4540e-01 +5.2210e-01
7106 0 +7.076175345e-03 +1.046470762e+02 +1.046470762e+02 +4.2048e-01 -2.5114e-01 +5.2967e-01
7463 0 +6.304565099e-03 +1.046463046e+02 +1.046463046e+02 +4.2133e-01 -2.5664e-01 +5.3688e-01
7796 0 +5.619161856e-03 +1.046456192e+02 +1.046456192e+02 +4.2207e-01 -2.6177e-01 +5.4372e-01
8114 0 +5.008306849e-03 +1.046450083e+02 +1.046450083e+02 +4.2280e-01 -2.6665e-01 +5.5019e-01
8417 0 +4.464817446e-03 +1.046444648e+02 +1.046444648e+02 +4.2341e-01 -2.7129e-01 +5.5630e-01
8705 0 +3.975322989e-03 +1.046439753e+02 +1.046439753e+02 +4.2402e-01 -2.7569e-01 +5.6216e-01
8975 0 +3.544066279e-03 +1.046435441e+02 +1.046435441e+02 +4.2463e-01 -2.7984e-01 +5.6766e-01
9230 0 +3.155909532e-03 +1.046431559e+02 +1.046431559e+02 +4.2512e-01 -2.8375e-01 +5.7291e-01
9470 0 +2.816439179e-03 +1.046428164e+02 +1.046428164e+02 +4.2561e-01 -2.8742e-01 +5.7780e-01
9830 0 +2.509773903e-03 +1.046425098e+02 +1.046425098e+02 +4.2604e-01 -2.9096e-01 +5.8244e-01
10262 0 +2.238357918e-03 +1.046422384e+02 +1.046422384e+02 +4.2640e-01 -2.9426e-01 +5.8684e-01
10676 0 +1.992600601e-03 +1.046419926e+02 +1.046419926e+02 +4.2683e-01 -2.9743e-01 +5.9105e-01
11063 0 +1.778164460e-03 +1.046417782e+02 +1.046417782e+02 +4.2720e-01 -3.0043e-01 +5.9496e-01
11432 0 +1.582217299e-03 +1.046415822e+02 +1.046415822e+02 +4.2750e-01 -3.0324e-01 +5.9875e-01
11780 0 +1.411109412e-03 +1.046414111e+02 +1.046414111e+02 +4.2781e-01 -3.0586e-01 +6.0229e-01
12104 0 +1.258692295e-03 +1.046412587e+02 +1.046412587e+02 +4.2811e-01 -3.0837e-01 +6.0559e-01
12416 0 +1.121691544e-03 +1.046411217e+02 +1.046411217e+02 +4.2842e-01 -3.1075e-01 +6.0876e-01
12710 0 +9.993001655e-04 +1.046409993e+02 +1.046409993e+02 +4.2866e-01 -3.1301e-01 +6.1176e-01
12989 0 +8.912473542e-04 +1.046408912e+02 +1.046408912e+02 +4.2891e-01 -3.1515e-01 +6.1456e-01
13253 0 +7.935237497e-04 +1.046407935e+02 +1.046407935e+02 +4.2909e-01 -3.1716e-01 +6.1725e-01
13502 0 +7.066645167e-04 +1.046407067e+02 +1.046407067e+02 +4.2933e-01 -3.1905e-01 +6.1982e-01
13916 0 +6.308071020e-04 +1.046406308e+02 +1.046406308e+02 +4.2949e-01 -3.2083e-01 +6.2217e-01
14360 0 +5.618502197e-04 +1.046405619e+02 +1.046405619e+02 +4.2967e-01 -3.2254e-01 +6.2443e-01
14780 0 +5.004161749e-04 +1.046405004e+02 +1.046405004e+02 +4.2985e-01 -3.2415e-01 +6.2657e-01
15176 0 +4.462721086e-04 +1.046404463e+02 +1.046404463e+02 +4.3001e-01 -3.2565e-01 +6.2858e-01
15548 0 +3.978042849e-04 +1.046403978e+02 +1.046403978e+02 +4.3016e-01 -3.2709e-01 +6.3047e-01
15902 0 +3.546882231e-04 +1.046403547e+02 +1.046403547e+02 +4.3031e-01 -3.2843e-01 +6.3228e-01
16238 0 +3.159339975e-04 +1.046403159e+02 +1.046403159e+02 +4.3043e-01 -3.2971e-01 +6.3399e-01
16553 0 +2.817569321e-04 +1.046402818e+02 +1.046402818e+02 +4.3056e-01 -3.3093e-01 +6.3557e-01
16850 0 +2.510296201e-04 +1.046402510e+02 +1.046402510e+02 +4.3068e-01 -3.3206e-01 +6.3710e-01
17132 0 +2.238349058e-04 +1.046402238e+02 +1.046402238e+02 +4.3077e-01 -3.3313e-01 +6.3854e-01
17402 0 +1.991065301e-04 +1.046401991e+02 +1.046401991e+02 +4.3089e-01 -3.3417e-01 +6.3991e-01
17780 0 +1.778089439e-04 +1.046401778e+02 +1.046401778e+02 +4.3097e-01 -3.3512e-01 +6.4116e-01
18260 0 +1.582953653e-04 +1.046401583e+02 +1.046401583e+02 +4.3106e-01 -3.3603e-01 +6.4238e-01
18707 0 +1.412470937e-04 +1.046401412e+02 +1.046401412e+02 +4.3115e-01 -3.3689e-01 +6.4351e-01
19130 0 +1.258238003e-04 +1.046401258e+02 +1.046401258e+02 +4.3123e-01 -3.3770e-01 +6.4460e-01
19532 0 +1.121239822e-04 +1.046401121e+02 +1.046401121e+02 +4.3130e-01 -3.3846e-01 +6.4562e-01
19910 0 +9.999562776e-05 +1.046401000e+02 +1.046401000e+02 +4.3137e-01 -3.3918e-01 +6.4658e-01
20270 0 +8.904688774e-05 +1.046400890e+02 +1.046400890e+02 +4.3144e-01 -3.3987e-01 +6.4750e-01
20606 0 +7.941189340e-05 +1.046400794e+02 +1.046400794e+02 +4.3150e-01 -3.4051e-01 +6.4835e-01
20924 0 +7.077573756e-05 +1.046400708e+02 +1.046400708e+02 +4.3156e-01 -3.4112e-01 +6.4916e-01
21224 0 +6.304657819e-05 +1.046400630e+02 +1.046400630e+02 +4.3161e-01 -3.4170e-01 +6.4993e-01
21512 0 +5.612074415e-05 +1.046400561e+02 +1.046400561e+02 +4.3166e-01 -3.4225e-01 +6.5066e-01
21779 0 +5.011129701e-05 +1.046400501e+02 +1.046400501e+02 +4.3172e-01 -3.4275e-01 +6.5133e-01
22034 0 +4.458848514e-05 +1.046400446e+02 +1.046400446e+02 +4.3176e-01 -3.4324e-01 +6.5199e-01
22442 0 +3.975254572e-05 +1.046400398e+02 +1.046400398e+02 +4.3180e-01 -3.4370e-01 +6.5259e-01
22892 0 +3.545608702e-05 +1.046400355e+02 +1.046400355e+02 +4.3184e-01 -3.4413e-01 +6.5316e-01
23318 0 +3.162118064e-05 +1.046400316e+02 +1.046400316e+02 +4.3188e-01 -3.4453e-01 +6.5371e-01
23723 0 +2.817369699e-05 +1.046400282e+02 +1.046400282e+02 +4.3191e-01 -3.4492e-01 +6.5422e-01
24104 0 +2.508519668e-05 +1.046400251e+02 +1.046400251e+02 +4.3195e-01 -3.4529e-01 +6.5471e-01
24464 0 +2.235575292e-05 +1.046400224e+02 +1.046400224e+02 +4.3198e-01 -3.4563e-01 +6.5516e-01
24800 0 +1.994730263e-05 +1.046400199e+02 +1.046400199e+02 +4.3201e-01 -3.4595e-01 +6.5559e-01
25124 0 +1.776832501e-05 +1.046400178e+02 +1.046400178e+02 +4.3204e-01 -3.4626e-01 +6.5600e-01
25427 0 +1.584404022e-05 +1.046400158e+02 +1.046400158e+02 +4.3207e-01 -3.4655e-01 +6.5639e-01
25712 0 +1.410544438e-05 +1.046400141e+02 +1.046400141e+02 +4.3209e-01 -3.4682e-01 +6.5675e-01
25985 0 +1.256801849e-05 +1.046400126e+02 +1.046400126e+02 +4.3211e-01 -3.4708e-01 +6.5710e-01
26267 0 +1.121591154e-05 +1.046400112e+02 +1.046400112e+02 +4.3214e-01 -3.4732e-01 +6.5742e-01
26747 0 +9.999023760e-06 +1.046400100e+02 +1.046400100e+02 +4.3216e-01 -3.4755e-01 +6.5772e-01
27203 0 +8.909854159e-06 +1.046400089e+02 +1.046400089e+02 +4.3218e-01 -3.4777e-01 +6.5801e-01
27632 0 +7.942633658e-06 +1.046400079e+02 +1.046400079e+02 +4.3219e-01 -3.4797e-01 +6.5829e-01
28034 0 +7.077326160e-06 +1.046400071e+02 +1.046400071e+02 +4.3221e-01 -3.4816e-01 +6.5854e-01
28418 0 +6.305671164e-06 +1.046400063e+02 +1.046400063e+02 +4.3223e-01 -3.4835e-01 +6.5879e-01
28778 0 +5.622623533e-06 +1.046400056e+02 +1.046400056e+02 +4.3224e-01 -3.4852e-01 +6.5902e-01
29123 0 +5.009494643e-06 +1.046400050e+02 +1.046400050e+02 +4.3226e-01 -3.4868e-01 +6.5923e-01
29444 0 +4.462227466e-06 +1.046400045e+02 +1.046400045e+02 +4.3227e-01 -3.4884e-01 +6.5944e-01
29750 0 +3.978544981e-06 +1.046400040e+02 +1.046400040e+02 +4.3229e-01 -3.4898e-01 +6.5963e-01
30000 0 +3.599479967e-06 +1.046400036e+02 +1.046400036e+02 +4.3230e-01 -3.4910e-01 +6.5979e-01
% f evaluations | g evaluations | best noise-free fitness - Fopt (1.965900000000e+02) + sum g_i+ | measured fitness | best measured fitness or single-digit g-values | x1 | x2...
1 0 +1.300000000e+01 +2.095900000e+02 +2.095900000e+02 +0.0000e+00 +0.0000e+00 +0.0000e+00
144 0 +9.004518543e+00 +2.055945185e+02 +2.055945185e+02 -5.1004e-01 +4.4409e-16 -1.0006e+00
158 0 +1.859996001e+00 +1.984499960e+02 +1.984499960e+02 -5.1004e-01 +4.4409e-16 -5.0032e-01
173 0 +1.589415591e+00 +1.981794156e+02 +1.981794156e+02 -5.1004e-01 -1.2508e-01 -5.0032e-01
186 0 +1.488678718e+00 +1.980786787e+02 +1.980786787e+02 -5.1004e-01 -6.2541e-02 -5.0032e-01
202 0 +1.395433510e+00 +1.979854335e+02 +1.979854335e+02 -4.7877e-01 -9.3811e-02 -4.6905e-01
218 0 +1.250956854e+00 +1.978409569e+02 +1.978409569e+02 -4.7877e-01 -1.4072e-01 -4.2215e-01
236 0 +1.115509992e+00 +1.977055100e+02 +1.977055100e+02 -4.4750e-01 -1.7199e-01 -3.7524e-01
266 0 +9.982522468e-01 +1.975882522e+02 +1.975882522e+02 -4.1623e-01 -2.0326e-01 -3.3616e-01
299 0 +8.901795336e-01 +1.974801795e+02 +1.974801795e+02 -3.7715e-01 -2.3453e-01 -2.9707e-01
332 0 +7.861743535e-01 +1.973761744e+02 +1.973761744e+02 -3.4588e-01 -2.5016e-01 -2.5016e-01
364 0 +6.974546615e-01 +1.972874547e+02 +1.972874547e+02 -3.0679e-01 -2.6580e-01 -2.1107e-01
388 0 +6.308143563e-01 +1.972208144e+02 +1.972208144e+02 -2.7552e-01 -2.8143e-01 -1.7980e-01
434 0 +5.581657945e-01 +1.971481658e+02 +1.971481658e+02 -2.4425e-01 -2.9316e-01 -1.4072e-01
488 0 +4.996168354e-01 +1.970896168e+02 +1.970896168e+02 -2.1298e-01 -3.0098e-01 -1.0554e-01
542 0 +4.424296228e-01 +1.970324296e+02 +1.970324296e+02 -1.7780e-01 -3.0489e-01 -7.0358e-02
592 0 +3.962894139e-01 +1.969862894e+02 +1.969862894e+02 -1.4653e-01 -3.0879e-01 -3.9088e-02
644 0 +3.509718445e-01 +1.969409718e+02 +1.969409718e+02 -1.1526e-01 -3.0879e-01 -3.9088e-03
712 0 +3.160843975e-01 +1.969060844e+02 +1.969060844e+02 -8.5941e-02 -3.0879e-01 +2.3453e-02
806 0 +2.811112885e-01 +1.968711113e+02 +1.968711113e+02 -5.8580e-02 -3.0879e-01 +5.4723e-02
896 0 +2.510035244e-01 +1.968410035e+02 +1.968410035e+02 -3.1218e-02 -3.0489e-01 +8.4039e-02
980 0 +2.236355139e-01 +1.968136355e+02 +1.968136355e+02 -3.8568e-03 -3.0293e-01 +1.1140e-01
1064 0 +1.994727102e-01 +1.967894727e+02 +1.967894727e+02 +2.1550e-02 -2.9707e-01 +1.3876e-01
1198 0 +1.777621540e-01 +1.967677622e+02 +1.967677622e+02 +4.6957e-02 -2.9316e-01 +1.6417e-01
1352 0 +1.583716730e-01 +1.967483717e+02 +1.967483717e+02 +7.0410e-02 -2.8827e-01 +1.8958e-01
1502 0 +1.411638110e-01 +1.967311638e+02 +1.967311638e+02 +9.2886e-02 -2.8241e-01 +2.1401e-01
1646 0 +1.254298217e-01 +1.967154298e+02 +1.967154298e+02 +1.1536e-01 -2.7557e-01 +2.3746e-01
1780 0 +1.121582623e-01 +1.967021583e+02 +1.967021583e+02 +1.3588e-01 -2.7068e-01 +2.5896e-01
1910 0 +9.989356417e-02 +1.966898936e+02 +1.966898936e+02 +1.5543e-01 -2.6384e-01 +2.8046e-01
2038 0 +8.878689548e-02 +1.966787869e+02 +1.966787869e+02 +1.7497e-01 -2.5700e-01 +3.0098e-01
2156 0 +7.928752489e-02 +1.966692875e+02 +1.966692875e+02 +1.9256e-01 -2.5114e-01 +3.2052e-01
2348 0 +7.073383910e-02 +1.966607338e+02 +1.966607338e+02 +2.0966e-01 -2.4479e-01 +3.3860e-01
2566 0 +6.302280828e-02 +1.966530228e+02 +1.966530228e+02 +2.2627e-01 -2.3844e-01 +3.5619e-01
2774 0 +5.610340385e-02 +1.966461034e+02 +1.966461034e+02 +2.4191e-01 -2.3208e-01 +3.7329e-01
2972 0 +5.002912754e-02 +1.966400291e+02 +1.966400291e+02 +2.5657e-01 -2.2573e-01 +3.8941e-01
3160 0 +4.461096835e-02 +1.966346110e+02 +1.966346110e+02 +2.7074e-01 -2.1987e-01 +4.0456e-01
3338 0 +3.978041614e-02 +1.966297804e+02 +1.966297804e+02 +2.8393e-01 -2.1401e-01 +4.1922e-01
3512 0 +3.544997319e-02 +1.966254500e+02 +1.966254500e+02 +2.9663e-01 -2.0814e-01 +4.3339e-01
3802 0 +3.158987284e-02 +1.966215899e+02 +1.966215899e+02 +3.0885e-01 -2.0277e-01 +4.4633e-01
4112 0 +2.813271036e-02 +1.966181327e+02 +1.966181327e+02 +3.2033e-01 -1.9739e-01 +4.5904e-01
4406 0 +2.508911726e-02 +1.966150891e+02 +1.966150891e+02 +3.3108e-01 -1.9226e-01 +4.7101e-01
4682 0 +2.238490962e-02 +1.966123849e+02 +1.966123849e+02 +3.4134e-01 -1.8738e-01 +4.8225e-01
4952 0 +1.993688225e-02 +1.966099369e+02 +1.966099369e+02 +3.5111e-01 -1.8249e-01 +4.9324e-01
5204 0 +1.776590995e-02 +1.966077659e+02 +1.966077659e+02 +3.6039e-01 -1.7785e-01 +5.0350e-01
5444 0 +1.583481487e-02 +1.966058348e+02 +1.966058348e+02 +3.6919e-01 -1.7345e-01 +5.1327e-01
5670 0 +1.412146857e-02 +1.966041215e+02 +1.966041215e+02 +3.7749e-01 -1.6905e-01 +5.2231e-01
5884 0 +1.257810382e-02 +1.966025781e+02 +1.966025781e+02 +3.8556e-01 -1.6490e-01 +5.3111e-01
6110 0 +1.121327362e-02 +1.966012133e+02 +1.966012133e+02 +3.9288e-01 -1.6099e-01 +5.3941e-01
6500 0 +9.987728933e-03 +1.965999877e+02 +1.965999877e+02 +3.9997e-01 -1.5721e-01 +5.4735e-01
6866 0 +8.910994920e-03 +1.965989110e+02 +1.965989110e+02 +4.0657e-01 -1.5366e-01 +5.5480e-01
7214 0 +7.940058276e-03 +1.965979401e+02 +1.965979401e+02 +4.1292e-01 -1.5024e-01 +5.6189e-01
7544 0 +7.078380747e-03 +1.965970784e+02 +1.965970784e+02 +4.1890e-01 -1.4707e-01 +5.6861e-01
7856 0 +6.302812703e-03 +1.965963028e+02 +1.965963028e+02 +4.2464e-01 -1.4389e-01 +5.7496e-01
8152 0 +5.620515646e-03 +1.965956205e+02 +1.965956205e+02 +4.3002e-01 -1.4096e-01 +5.8094e-01
8432 0 +5.011314079e-03 +1.965950113e+02 +1.965950113e+02 +4.3503e-01 -1.3815e-01 +5.8668e-01
8698 0 +4.464311136e-03 +1.965944643e+02 +1.965944643e+02 +4.3991e-01 -1.3546e-01 +5.9206e-01
8948 0 +3.975854056e-03 +1.965939759e+02 +1.965939759e+02 +4.4443e-01 -1.3278e-01 +5.9719e-01
9214 0 +3.547943410e-03 +1.965935479e+02 +1.965935479e+02 +4.4871e-01 -1.3039e-01 +6.0195e-01
9664 0 +3.161611647e-03 +1.965931616e+02 +1.965931616e+02 +4.5280e-01 -1.2807e-01 +6.0653e-01
10088 0 +2.818249794e-03 +1.965928182e+02 +1.965928182e+02 +4.5659e-01 -1.2588e-01 +6.1087e-01
10492 0 +2.511254587e-03 +1.965925113e+02 +1.965925113e+02 +4.6025e-01 -1.2380e-01 +6.1496e-01
10874 0 +2.236843489e-03 +1.965922368e+02 +1.965922368e+02 +4.6367e-01 -1.2178e-01 +6.1887e-01
11234 0 +1.994109926e-03 +1.965919941e+02 +1.965919941e+02 +4.6691e-01 -1.1995e-01 +6.2254e-01
11576 0 +1.777598726e-03 +1.965917776e+02 +1.965917776e+02 +4.6996e-01 -1.1812e-01 +6.2602e-01
11896 0 +1.584190189e-03 +1.965915842e+02 +1.965915842e+02 +4.7289e-01 -1.1647e-01 +6.2925e-01
12202 0 +1.411668622e-03 +1.965914117e+02 +1.965914117e+02 +4.7564e-01 -1.1488e-01 +6.3237e-01
12488 0 +1.257968055e-03 +1.965912580e+02 +1.965912580e+02 +4.7821e-01 -1.1329e-01 +6.3530e-01
12758 0 +1.121689569e-03 +1.965911217e+02 +1.965911217e+02 +4.8065e-01 -1.1189e-01 +6.3805e-01
13082 0 +9.992738766e-04 +1.965909993e+02 +1.965909993e+02 +4.8297e-01 -1.1051e-01 +6.4067e-01
13568 0 +8.910799056e-04 +1.965908911e+02 +1.965908911e+02 +4.8514e-01 -1.0923e-01 +6.4315e-01
14028 0 +7.942346018e-04 +1.965907942e+02 +1.965907942e+02 +4.8721e-01 -1.0798e-01 +6.4547e-01
14462 0 +7.073205624e-04 +1.965907073e+02 +1.965907073e+02 +4.8917e-01 -1.0682e-01 +6.4770e-01
14870 0 +6.308164197e-04 +1.965906308e+02 +1.965906308e+02 +4.9100e-01 -1.0572e-01 +6.4977e-01
15260 0 +5.620315609e-04 +1.965905620e+02 +1.965905620e+02 +4.9274e-01 -1.0468e-01 +6.5176e-01
15626 0 +5.008367963e-04 +1.965905008e+02 +1.965905008e+02 +4.9439e-01 -1.0370e-01 +6.5362e-01
15974 0 +4.461673470e-04 +1.965904462e+02 +1.965904462e+02 +4.9595e-01 -1.0276e-01 +6.5539e-01
16298 0 +3.979518250e-04 +1.965903980e+02 +1.965903980e+02 +4.9741e-01 -1.0190e-01 +6.5704e-01
16610 0 +3.546801161e-04 +1.965903547e+02 +1.965903547e+02 +4.9879e-01 -1.0105e-01 +6.5863e-01
16904 0 +3.160060122e-04 +1.965903160e+02 +1.965903160e+02 +5.0010e-01 -1.0025e-01 +6.6013e-01
17176 0 +2.817489221e-04 +1.965902817e+02 +1.965902817e+02 +5.0135e-01 -9.9521e-02 +6.6150e-01
17438 0 +2.508822628e-04 +1.965902509e+02 +1.965902509e+02 +5.0251e-01 -9.8819e-02 +6.6284e-01
17932 0 +2.238656745e-04 +1.965902239e+02 +1.965902239e+02 +5.0361e-01 -9.8162e-02 +6.6408e-01
18398 0 +1.994104578e-04 +1.965901994e+02 +1.965901994e+02 +5.0465e-01 -9.7521e-02 +6.6527e-01
18838 0 +1.777081472e-04 +1.965901777e+02 +1.965901777e+02 +5.0564e-01 -9.6926e-02 +6.6639e-01
19250 0 +1.584775056e-04 +1.965901585e+02 +1.965901585e+02 +5.0656e-01 -9.6361e-02 +6.6744e-01
19646 0 +1.410908837e-04 +1.965901411e+02 +1.965901411e+02 +5.0745e-01 -9.5826e-02 +6.6845e-01
20014 0 +1.258528873e-04 +1.965901259e+02 +1.965901259e+02 +5.0827e-01 -9.5322e-02 +6.6938e-01
20366 0 +1.121646406e-04 +1.965901122e+02 +1.965901122e+02 +5.0905e-01 -9.4849e-02 +6.7028e-01
20696 0 +9.984417349e-05 +1.965900998e+02 +1.965900998e+02 +5.0980e-01 -9.4391e-02 +6.7112e-01
21008 0 +8.911431811e-05 +1.965900891e+02 +1.965900891e+02 +5.1048e-01 -9.3964e-02 +6.7191e-01
21302 0 +7.929520126e-05 +1.965900793e+02 +1.965900793e+02 +5.1116e-01 -9.3567e-02 +6.7266e-01
21578 0 +7.077188656e-05 +1.965900708e+02 +1.965900708e+02 +5.1177e-01 -9.3185e-02 +6.7336e-01
21842 0 +6.300253258e-05 +1.965900630e+02 +1.965900630e+02 +5.1236e-01 -9.2818e-02 +6.7404e-01
22244 0 +5.620169719e-05 +1.965900562e+02 +1.965900562e+02 +5.1291e-01 -9.2490e-02 +6.7466e-01
22712 0 +5.008026511e-05 +1.965900501e+02 +1.965900501e+02 +5.1344e-01 -9.2169e-02 +6.7526e-01
23156 0 +4.461140597e-05 +1.965900446e+02 +1.965900446e+02 +5.1394e-01 -9.1864e-02 +6.7582e-01
23572 0 +3.979853525e-05 +1.965900398e+02 +1.965900398e+02 +5.1440e-01 -9.1582e-02 +6.7635e-01
23966 0 +3.547596404e-05 +1.965900355e+02 +1.965900355e+02 +5.1484e-01 -9.1307e-02 +6.7685e-01
24338 0 +3.160528070e-05 +1.965900316e+02 +1.965900316e+02 +5.1526e-01 -9.1055e-02 +6.7733e-01
24692 0 +2.817775086e-05 +1.965900282e+02 +1.965900282e+02 +5.1565e-01 -9.0811e-02 +6.7778e-01
25022 0 +2.511096571e-05 +1.965900251e+02 +1.965900251e+02 +5.1602e-01 -9.0589e-02 +6.7820e-01
25338 0 +2.238288613e-05 +1.965900224e+02 +1.965900224e+02 +5.1637e-01 -9.0368e-02 +6.7859e-01
25634 0 +1.994465924e-05 +1.965900199e+02 +1.965900199e+02 +5.1670e-01 -9.0169e-02 +6.7898e-01
25916 0 +1.777594696e-05 +1.965900178e+02 +1.965900178e+02 +5.1701e-01 -8.9978e-02 +6.7933e-01
26212 0 +1.584557523e-05 +1.965900158e+02 +1.965900158e+02 +5.1731e-01 -8.9795e-02 +6.7966e-01
26710 0 +1.412384222e-05 +1.965900141e+02 +1.965900141e+02 +5.1759e-01 -8.9623e-02 +6.7998e-01
27182 0 +1.258664071e-05 +1.965900126e+02 +1.965900126e+02 +5.1785e-01 -8.9463e-02 +6.8028e-01
27626 0 +1.121883275e-05 +1.965900112e+02 +1.965900112e+02 +5.1810e-01 -8.9310e-02 +6.8056e-01
28046 0 +9.992921889e-06 +1.965900100e+02 +1.965900100e+02 +5.1833e-01 -8.9165e-02 +6.8083e-01
28444 0 +8.905370379e-06 +1.965900089e+02 +1.965900089e+02 +5.1855e-01 -8.9028e-02 +6.8108e-01
28818 0 +7.940844426e-06 +1.965900079e+02 +1.965900079e+02 +5.1876e-01 -8.8898e-02 +6.8132e-01
29168 0 +7.078441456e-06 +1.965900071e+02 +1.965900071e+02 +5.1896e-01 -8.8780e-02 +6.8154e-01
29504 0 +6.305141738e-06 +1.965900063e+02 +1.965900063e+02 +5.1915e-01 -8.8665e-02 +6.8176e-01
29820 0 +5.621742844e-06 +1.965900056e+02 +1.965900056e+02 +5.1932e-01 -8.8555e-02 +6.8196e-01
30000 0 +5.247723323e-06 +1.965900052e+02 +1.965900052e+02 +5.1942e-01 -8.8494e-02 +6.8207e-01
% f evaluations | g evaluations | best noise-free fitness - Fopt (1.461600000000e+02) + sum g_i+ | measured fitness | best measured fitness or single-digit g-values | x1 | x2...
1 0 +1.300000000e+01 +1.591600000e+02 +1.591600000e+02 +0.0000e+00 +0.0000e+00 +0.0000e+00
156 0 +3.691104608e+00 +1.498511046e+02 +1.498511046e+02 +1.0006e+00 -9.7199e-03 +4.4409e-16
171 0 +2.821892059e+00 +1.489818921e+02 +1.489818921e+02 +8.7557e-01 -9.7199e-03 +4.4409e-16
173 0 +2.604320275e+00 +1.487643203e+02 +1.487643203e+02 +8.7557e-01 -1.3480e-01 +4.4409e-16
184 0 +2.374631235e+00 +1.485346312e+02 +1.485346312e+02 +9.3811e-01 -1.3480e-01 +4.4409e-16
199 0 +2.212662726e+00 +1.483726627e+02 +1.483726627e+02 +9.0684e-01 -1.0353e-01 -3.1270e-02
217 0 +1.954373758e+00 +1.481143738e+02 +1.481143738e+02 +8.4430e-01 -4.0990e-02 -1.2508e-01
229 0 +1.775647460e+00 +1.479356475e+02 +1.479356475e+02 +7.8176e-01 -4.0990e-02 -1.8762e-01
243 0 +1.578950449e+00 +1.477389504e+02 +1.477389504e+02 +6.8795e-01 -4.0990e-02 -2.1889e-01
259 0 +1.361359389e+00 +1.475213594e+02 +1.475213594e+02 +6.2541e-01 -4.0990e-02 -2.8143e-01
271 0 +1.233430864e+00 +1.473934309e+02 +1.473934309e+02 +5.6287e-01 -4.0990e-02 -3.1270e-01
287 0 +1.092327920e+00 +1.472523279e+02 +1.472523279e+02 +4.6905e-01 -7.2261e-02 -3.1270e-01
291 0 +9.607316489e-01 +1.471207316e+02 +1.471207316e+02 +4.3778e-01 -7.2261e-02 -3.4397e-01
303 0 +8.539473737e-01 +1.470139474e+02 +1.470139474e+02 +3.7524e-01 -7.2261e-02 -3.4397e-01
315 0 +7.835351132e-01 +1.469435351e+02 +1.469435351e+02 +3.1270e-01 -7.2261e-02 -3.4397e-01
327 0 +6.888357091e-01 +1.468488357e+02 +1.468488357e+02 +2.5016e-01 -1.0353e-01 -3.4397e-01
333 0 +6.265610917e-01 +1.467865611e+02 +1.467865611e+02 +2.1889e-01 -1.0353e-01 -3.4397e-01
345 0 +5.231746694e-01 +1.466831747e+02 +1.466831747e+02 +1.5635e-01 -1.0353e-01 -3.4397e-01
351 0 +4.871377922e-01 +1.466471378e+02 +1.466471378e+02 +1.2508e-01 -1.0353e-01 -3.4397e-01
369 0 +3.911603096e-01 +1.465511603e+02 +1.465511603e+02 +3.1270e-02 -1.0353e-01 -3.1270e-01
375 0 +3.516972816e-01 +1.465116973e+02 +1.465116973e+02 -6.5226e-16 -1.0353e-01 -3.1270e-01
399 0 +3.095129786e-01 +1.464695130e+02 +1.464695130e+02 -4.6905e-02 -1.0353e-01 -2.9707e-01
429 0 +2.757096292e-01 +1.464357096e+02 +1.464357096e+02 -8.5993e-02 -1.0353e-01 -2.8925e-01
464 0 +2.501243249e-01 +1.464101243e+02 +1.464101243e+02 -1.2508e-01 -1.0353e-01 -2.7361e-01
489 0 +2.226898856e-01 +1.463826899e+02 +1.463826899e+02 -1.6417e-01 -9.5713e-02 -2.6580e-01
513 0 +1.954435514e-01 +1.463554436e+02 +1.463554436e+02 -1.9544e-01 -9.5713e-02 -2.5016e-01
555 0 +1.774191557e-01 +1.463374192e+02 +1.463374192e+02 -2.2280e-01 -9.1804e-02 -2.3844e-01
609 0 +1.574077740e-01 +1.463174078e+02 +1.463174078e+02 -2.5798e-01 -8.7896e-02 -2.2671e-01
657 0 +1.390575994e-01 +1.462990576e+02 +1.462990576e+02 -2.8925e-01 -8.3987e-02 -2.1107e-01
728 0 +1.258272259e-01 +1.462858272e+02 +1.462858272e+02 -3.1466e-01 -8.0078e-02 -1.9935e-01
813 0 +1.116583637e-01 +1.462716584e+02 +1.462716584e+02 -3.4397e-01 -7.6169e-02 -1.8762e-01
897 0 +9.981012699e-02 +1.462598101e+02 +1.462598101e+02 -3.7133e-01 -7.2261e-02 -1.7590e-01
980 0 +8.886299548e-02 +1.462488630e+02 +1.462488630e+02 -3.9674e-01 -6.8352e-02 -1.6221e-01
1056 0 +7.843194014e-02 +1.462384319e+02 +1.462384319e+02 -4.2215e-01 -6.2489e-02 -1.5049e-01
1119 0 +7.013206650e-02 +1.462301321e+02 +1.462301321e+02 -4.4365e-01 -5.8580e-02 -1.3876e-01
1185 0 +6.291751325e-02 +1.462229175e+02 +1.462229175e+02 -4.6515e-01 -5.4671e-02 -1.2899e-01
1305 0 +5.613089614e-02 +1.462161309e+02 +1.462161309e+02 -4.8567e-01 -5.0762e-02 -1.1824e-01
1425 0 +5.006228472e-02 +1.462100623e+02 +1.462100623e+02 -5.0521e-01 -4.6853e-02 -1.0749e-01
1544 0 +4.454923194e-02 +1.462045492e+02 +1.462045492e+02 -5.2378e-01 -4.1967e-02 -9.6742e-02
1656 0 +3.967517370e-02 +1.461996752e+02 +1.461996752e+02 -5.4234e-01 -3.8059e-02 -8.7948e-02
1761 0 +3.541867203e-02 +1.461954187e+02 +1.461954187e+02 -5.5993e-01 -3.5127e-02 -7.8176e-02
1857 0 +3.150491807e-02 +1.461915049e+02 +1.461915049e+02 -5.7557e-01 -3.1218e-02 -6.9381e-02
2013 0 +2.818173886e-02 +1.461881817e+02 +1.461881817e+02 -5.8974e-01 -2.7309e-02 -6.1563e-02
2193 0 +2.507824647e-02 +1.461850782e+02 +1.461850782e+02 -6.0440e-01 -2.3889e-02 -5.3257e-02
2361 0 +2.234896117e-02 +1.461823490e+02 +1.461823490e+02 -6.1808e-01 -2.0469e-02 -4.5440e-02
2523 0 +1.986580163e-02 +1.461798658e+02 +1.461798658e+02 -6.3127e-01 -1.7049e-02 -3.7622e-02
2673 0 +1.774286966e-02 +1.461777429e+02 +1.461777429e+02 -6.4348e-01 -1.4117e-02 -3.0782e-02
2817 0 +1.582381052e-02 +1.461758238e+02 +1.461758238e+02 -6.5521e-01 -1.1186e-02 -2.3941e-02
2979 0 +1.410467197e-02 +1.461741047e+02 +1.461741047e+02 -6.6620e-01 -8.2541e-03 -1.7590e-02
3237 0 +1.258732252e-02 +1.461725873e+02 +1.461725873e+02 -6.7671e-01 -5.5668e-03 -1.1482e-02
3480 0 +1.121636487e-02 +1.461712164e+02 +1.461712164e+02 -6.8648e-01 -2.6353e-03 -5.6189e-03
3711 0 +9.980978271e-03 +1.461699810e+02 +1.461699810e+02 -6.9601e-01 -1.9227e-04 +7.4235e-16
3927 0 +8.903405663e-03 +1.461689034e+02 +1.461689034e+02 -7.0480e-01 +2.2507e-03 +5.3746e-03
4137 0 +7.940333792e-03 +1.461679403e+02 +1.461679403e+02 -7.1335e-01 +4.4494e-03 +1.0261e-02
4335 0 +7.071521849e-03 +1.461670715e+02 +1.461670715e+02 -7.2142e-01 +6.6481e-03 +1.5147e-02
4520 0 +6.307997023e-03 +1.461663080e+02 +1.461663080e+02 -7.2874e-01 +8.8468e-03 +1.9788e-02
4695 0 +5.621182953e-03 +1.461656212e+02 +1.461656212e+02 -7.3607e-01 +1.0801e-02 +2.3941e-02
4857 0 +5.011056779e-03 +1.461650111e+02 +1.461650111e+02 -7.4267e-01 +1.2756e-02 +2.8094e-02
5049 0 +4.461999955e-03 +1.461644620e+02 +1.461644620e+02 -7.4914e-01 +1.4588e-02 +3.2003e-02
5348 0 +3.980625291e-03 +1.461639806e+02 +1.461639806e+02 -7.5513e-01 +1.6298e-02 +3.5790e-02
5625 0 +3.545343629e-03 +1.461635453e+02 +1.461635453e+02 -7.6087e-01 +1.8008e-02 +3.9210e-02
5894 0 +3.159540597e-03 +1.461631595e+02 +1.461631595e+02 -7.6624e-01 +1.9596e-02 +4.2630e-02
6141 0 +2.817116926e-03 +1.461628171e+02 +1.461628171e+02 -7.7137e-01 +2.1062e-02 +4.5684e-02
6387 0 +2.509326934e-03 +1.461625093e+02 +1.461625093e+02 -7.7638e-01 +2.2405e-02 +4.8738e-02
6609 0 +2.238047727e-03 +1.461622380e+02 +1.461622380e+02 -7.8090e-01 +2.3749e-02 +5.1547e-02
6819 0 +1.990798803e-03 +1.461619908e+02 +1.461619908e+02 -7.8518e-01 +2.5093e-02 +5.4234e-02
7017 0 +1.775200943e-03 +1.461617752e+02 +1.461617752e+02 -7.8921e-01 +2.6314e-02 +5.6800e-02
7214 0 +1.584081314e-03 +1.461615841e+02 +1.461615841e+02 -7.9312e-01 +2.7414e-02 +5.9243e-02
7389 0 +1.410863191e-03 +1.461614109e+02 +1.461614109e+02 -7.9678e-01 +2.8513e-02 +6.1441e-02
7725 0 +1.257092720e-03 +1.461612571e+02 +1.461612571e+02 -8.0014e-01 +2.9612e-02 +6.3640e-02
8048 0 +1.121279587e-03 +1.461611213e+02 +1.461611213e+02 -8.0338e-01 +3.0589e-02 +6.5655e-02
8352 0 +9.990104274e-04 +1.461609990e+02 +1.461609990e+02 -8.0649e-01 +3.1506e-02 +6.7549e-02
8631 0 +8.911286424e-04 +1.461608911e+02 +1.461608911e+02 -8.0936e-01 +3.2361e-02 +6.9381e-02
8906 0 +7.938298186e-04 +1.461607938e+02 +1.461607938e+02 -8.1211e-01 +3.3216e-02 +7.1152e-02
9162 0 +7.072943317e-04 +1.461607073e+02 +1.461607073e+02 -8.1474e-01 +3.4010e-02 +7.2740e-02
9404 0 +6.301077217e-04 +1.461606301e+02 +1.461606301e+02 -8.1718e-01 +3.4743e-02 +7.4328e-02
9632 0 +5.613179376e-04 +1.461605613e+02 +1.461605613e+02 -8.1950e-01 +3.5475e-02 +7.5794e-02
9846 0 +5.007205649e-04 +1.461605007e+02 +1.461605007e+02 -8.2170e-01 +3.6147e-02 +7.7137e-02
10047 0 +4.454827589e-04 +1.461604455e+02 +1.461604455e+02 -8.2378e-01 +3.6758e-02 +7.8481e-02
10239 0 +3.969859340e-04 +1.461603970e+02 +1.461603970e+02 -8.2573e-01 +3.7369e-02 +7.9703e-02
10514 0 +3.546453411e-04 +1.461603546e+02 +1.461603546e+02 -8.2753e-01 +3.7918e-02 +8.0863e-02
10857 0 +3.160505723e-04 +1.461603161e+02 +1.461603161e+02 -8.2930e-01 +3.8438e-02 +8.1962e-02
11175 0 +2.817728549e-04 +1.461602818e+02 +1.461602818e+02 -8.3092e-01 +3.8957e-02 +8.3001e-02
11481 0 +2.511123948e-04 +1.461602511e+02 +1.461602511e+02 -8.3248e-01 +3.9445e-02 +8.3978e-02
11769 0 +2.237289914e-04 +1.461602237e+02 +1.461602237e+02 -8.3395e-01 +3.9903e-02 +8.4924e-02
12045 0 +1.991415887e-04 +1.461601991e+02 +1.461601991e+02 -8.3535e-01 +4.0331e-02 +8.5810e-02
12303 0 +1.775689239e-04 +1.461601776e+02 +1.461601776e+02 -8.3666e-01 +4.0728e-02 +8.6635e-02
12543 0 +1.582918831e-04 +1.461601583e+02 +1.461601583e+02 -8.3788e-01 +4.1125e-02 +8.7429e-02
12780 0 +1.409743637e-04 +1.461601410e+02 +1.461601410e+02 -8.3908e-01 +4.1491e-02 +8.8161e-02
12992 0 +1.258902694e-04 +1.461601259e+02 +1.461601259e+02 -8.4014e-01 +4.1827e-02 +8.8864e-02
13353 0 +1.120605100e-04 +1.461601121e+02 +1.461601121e+02 -8.4120e-01 +4.2148e-02 +8.9536e-02
13742 0 +9.994102513e-05 +1.461600999e+02 +1.461600999e+02 -8.4218e-01 +4.2453e-02 +9.0162e-02
14103 0 +8.908847229e-05 +1.461600891e+02 +1.461600891e+02 -8.4311e-01 +4.2743e-02 +9.0742e-02
14445 0 +7.942613937e-05 +1.461600794e+02 +1.461600794e+02 -8.4398e-01 +4.3018e-02 +9.1307e-02
14775 0 +7.068125171e-05 +1.461600707e+02 +1.461600707e+02 -8.4482e-01 +4.3278e-02 +9.1841e-02
15084 0 +6.306071330e-05 +1.461600631e+02 +1.461600631e+02 -8.4560e-01 +4.3522e-02 +9.2330e-02
15369 0 +5.622470832e-05 +1.461600562e+02 +1.461600562e+02 -8.4633e-01 +4.3751e-02 +9.2803e-02
15645 0 +5.010884786e-05 +1.461600501e+02 +1.461600501e+02 -8.4703e-01 +4.3965e-02 +9.3246e-02
15908 0 +4.463178243e-05 +1.461600446e+02 +1.461600446e+02 -8.4769e-01 +4.4179e-02 +9.3673e-02
16152 0 +3.976757449e-05 +1.461600398e+02 +1.461600398e+02 -8.4831e-01 +4.4377e-02 +9.4070e-02
16388 0 +3.536514816e-05 +1.461600354e+02 +1.461600354e+02 -8.4891e-01 +4.4560e-02 +9.4452e-02
16599 0 +3.155018615e-05 +1.461600316e+02 +1.461600316e+02 -8.4946e-01 +4.4728e-02 +9.4803e-02
16803 0 +2.813137502e-05 +1.461600281e+02 +1.461600281e+02 -8.4998e-01 +4.4896e-02 +9.5139e-02
17016 0 +2.510383240e-05 +1.461600251e+02 +1.461600251e+02 -8.5047e-01 +4.5049e-02 +9.5445e-02
17373 0 +2.237841474e-05 +1.461600224e+02 +1.461600224e+02 -8.5093e-01 +4.5194e-02 +9.5750e-02
17726 0 +1.993567975e-05 +1.461600199e+02 +1.461600199e+02 -8.5137e-01 +4.5331e-02 +9.6032e-02
18051 0 +1.775442755e-05 +1.461600178e+02 +1.461600178e+02 -8.5179e-01 +4.5461e-02 +9.6300e-02
18357 0 +1.584649786e-05 +1.461600158e+02 +1.461600158e+02 -8.5218e-01 +4.5583e-02 +9.6544e-02
18656 0 +1.409552050e-05 +1.461600141e+02 +1.461600141e+02 -8.5256e-01 +4.5705e-02 +9.6788e-02
18921 0 +1.258772537e-05 +1.461600126e+02 +1.461600126e+02 -8.5290e-01 +4.5812e-02 +9.7010e-02
19190 0 +1.119922655e-05 +1.461600112e+02 +1.461600112e+02 -8.5324e-01 +4.5919e-02 +9.7223e-02
19431 0 +9.994051823e-06 +1.461600100e+02 +1.461600100e+02 -8.5355e-01 +4.6011e-02 +9.7422e-02
19670 0 +8.881919655e-06 +1.461600089e+02 +1.461600089e+02 -8.5385e-01 +4.6110e-02 +9.7613e-02
19881 0 +7.928522479e-06 +1.461600079e+02 +1.461600079e+02 -8.5412e-01 +4.6194e-02 +9.7788e-02
20085 0 +7.071423681e-06 +1.461600071e+02 +1.461600071e+02 -8.5438e-01 +4.6278e-02 +9.7956e-02
20373 0 +6.306156905e-06 +1.461600063e+02 +1.461600063e+02 -8.5463e-01 +4.6354e-02 +9.8113e-02
20745 0 +5.617158365e-06 +1.461600056e+02 +1.461600056e+02 -8.5487e-01 +4.6427e-02 +9.8265e-02
21087 0 +5.007386648e-06 +1.461600050e+02 +1.461600050e+02 -8.5509e-01 +4.6499e-02 +9.8407e-02
21417 0 +4.460693646e-06 +1.461600045e+02 +1.461600045e+02 -8.5529e-01 +4.6564e-02 +9.8540e-02
21728 0 +3.980913959e-06 +1.461600040e+02 +1.461600040e+02 -8.5549e-01 +4.6625e-02 +9.8666e-02
22020 0 +3.546990968e-06 +1.461600035e+02 +1.461600035e+02 -8.5568e-01 +4.6686e-02 +9.8785e-02
22298 0 +3.159973602e-06 +1.461600032e+02 +1.461600032e+02 -8.5585e-01 +4.6740e-02 +9.8899e-02
22557 0 +2.811528447e-06 +1.461600028e+02 +1.461600028e+02 -8.5602e-01 +4.6793e-02 +9.9006e-02
22803 0 +2.506300149e-06 +1.461600025e+02 +1.461600025e+02 -8.5618e-01 +4.6843e-02 +9.9105e-02
23036 0 +2.237516441e-06 +1.461600022e+02 +1.461600022e+02 -8.5632e-01 +4.6889e-02 +9.9201e-02
23253 0 +1.995128315e-06 +1.461600020e+02 +1.461600020e+02 -8.5646e-01 +4.6931e-02 +9.9288e-02
23463 0 +1.776865361e-06 +1.461600018e+02 +1.461600018e+02 -8.5660e-01 +4.6973e-02 +9.9372e-02
23835 0 +1.583191334e-06 +1.461600016e+02 +1.461600016e+02 -8.5672e-01 +4.7013e-02 +9.9453e-02
24206 0 +1.411177919e-06 +1.461600014e+02 +1.461600014e+02 -8.5684e-01 +4.7051e-02 +9.9529e-02
24549 0 +1.257976749e-06 +1.461600013e+02 +1.461600013e+02 -8.5695e-01 +4.7085e-02 +9.9600e-02
24879 0 +1.121238398e-06 +1.461600011e+02 +1.461600011e+02 -8.5705e-01 +4.7118e-02 +9.9666e-02
25191 0 +9.998623796e-07 +1.461600010e+02 +1.461600010e+02 -8.5715e-01 +4.7148e-02 +9.9729e-02
25485 0 +8.895774499e-07 +1.461600009e+02 +1.461600009e+02 -8.5724e-01 +4.7179e-02 +9.9790e-02
25761 0 +7.942587956e-07 +1.461600008e+02 +1.461600008e+02 -8.5733e-01 +4.7206e-02 +9.9846e-02
26025 0 +7.069838830e-07 +1.461600007e+02 +1.461600007e+02 -8.5742e-01 +4.7232e-02 +9.9899e-02
26271 0 +6.306480316e-07 +1.461600006e+02 +1.461600006e+02 -8.5749e-01 +4.7257e-02 +9.9949e-02
26508 0 +5.620447325e-07 +1.461600006e+02 +1.461600006e+02 -8.5757e-01 +4.7282e-02 +9.9997e-02
26721 0 +5.005321668e-07 +1.461600005e+02 +1.461600005e+02 -8.5764e-01 +4.7303e-02 +1.0004e-01
26931 0 +4.458339617e-07 +1.461600004e+02 +1.461600004e+02 -8.5770e-01 +4.7324e-02 +1.0008e-01
27129 0 +3.976006440e-07 +1.461600004e+02 +1.461600004e+02 -8.5777e-01 +4.7343e-02 +1.0012e-01
27501 0 +3.543717639e-07 +1.461600004e+02 +1.461600004e+02 -8.5782e-01 +4.7362e-02 +1.0016e-01
27849 0 +3.161542566e-07 +1.461600003e+02 +1.461600003e+02 -8.5788e-01 +4.7379e-02 +1.0020e-01
28182 0 +2.816234428e-07 +1.461600003e+02 +1.461600003e+02 -8.5793e-01 +4.7396e-02 +1.0023e-01
28491 0 +2.511104356e-07 +1.461600003e+02 +1.461600003e+02 -8.5798e-01 +4.7412e-02 +1.0026e-01
28790 0 +2.235899217e-07 +1.461600002e+02 +1.461600002e+02 -8.5803e-01 +4.7427e-02 +1.0029e-01
29066 0 +1.994837646e-07 +1.461600002e+02 +1.461600002e+02 -8.5807e-01 +4.7440e-02 +1.0032e-01
29330 0 +1.775676424e-07 +1.461600002e+02 +1.461600002e+02 -8.5811e-01 +4.7454e-02 +1.0035e-01
29571 0 +1.583617575e-07 +1.461600002e+02 +1.461600002e+02 -8.5815e-01 +4.7466e-02 +1.0037e-01
29805 0 +1.412266215e-07 +1.461600001e+02 +1.461600001e+02 -8.5819e-01 +4.7478e-02 +1.0040e-01
30000 0 +1.279603339e-07 +1.461600001e+02 +1.461600001e+02 -8.5822e-01 +4.7487e-02 +1.0042e-01
% f evaluations | g evaluations | best noise-free fitness - Fopt (-7.469000000000e+01) + sum g_i+ | measured fitness | best measured fitness or single-digit g-values | x1 | x2...
1 0 +1.300000000e+01 -6.169000000e+01 -6.169000000e+01 +0.0000e+00 +0.0000e+00 +0.0000e+00
170 0 +8.131927706e+00 -6.655807229e+01 -6.655807229e+01 +3.0019e+00 -1.5107e+00 +7.5049e-01
178 0 +7.833956529e+00 -6.685604347e+01 -6.685604347e+01 +3.1270e+00 -1.5107e+00 +7.5049e-01
181 0 +3.571578233e+00 -7.111842177e+01 -7.111842177e+01 +3.1270e+00 -1.5107e+00 +6.2541e-01
189 0 +3.355108086e+00 -7.133489191e+01 -7.133489191e+01 +3.0645e+00 -1.5107e+00 +6.2541e-01
194 0 +1.184859865e+00 -7.350514014e+01 -7.350514014e+01 +3.0645e+00 -1.5107e+00 +6.8795e-01
211 0 +9.342197383e-01 -7.375578026e+01 -7.375578026e+01 +3.0645e+00 -1.5107e+00 +6.7231e-01
699 0 +8.909703798e-01 -7.379902962e+01 -7.379902962e+01 +2.9902e+00 -1.4911e+00 +6.6352e-01
1827 0 +7.938212364e-01 -7.389617876e+01 -7.389617876e+01 +2.8065e+00 -1.4442e+00 +6.4104e-01
2859 0 +7.078615670e-01 -7.398213843e+01 -7.398213843e+01 +2.6384e+00 -1.4012e+00 +6.2052e-01
3813 0 +6.304776106e-01 -7.405952239e+01 -7.405952239e+01 +2.4831e+00 -1.3592e+00 +6.0195e-01
4683 0 +5.621919499e-01 -7.412780805e+01 -7.412780805e+01 +2.3414e+00 -1.3201e+00 +5.8436e-01
5493 0 +5.007948895e-01 -7.418920511e+01 -7.418920511e+01 +2.2094e+00 -1.2830e+00 +5.6775e-01
6231 0 +4.464397831e-01 -7.424356022e+01 -7.424356022e+01 +2.0892e+00 -1.2478e+00 +5.5309e-01
6915 0 +3.979689577e-01 -7.429203104e+01 -7.429203104e+01 +1.9778e+00 -1.2146e+00 +5.3941e-01
7551 0 +3.542852223e-01 -7.433571478e+01 -7.433571478e+01 +1.8743e+00 -1.1824e+00 +5.2573e-01
8127 0 +3.161318492e-01 -7.437386815e+01 -7.437386815e+01 +1.7805e+00 -1.1530e+00 +5.1401e-01
8671 0 +2.817086898e-01 -7.440829131e+01 -7.440829131e+01 +1.6925e+00 -1.1247e+00 +5.0228e-01
9171 0 +2.510351328e-01 -7.443896487e+01 -7.443896487e+01 +1.6104e+00 -1.0983e+00 +4.9251e-01
9759 0 +2.238597934e-01 -7.446614021e+01 -7.446614021e+01 +1.5366e+00 -1.0729e+00 +4.8225e-01
10617 0 +1.994463536e-01 -7.449055365e+01 -7.449055365e+01 +1.4668e+00 -1.0490e+00 +4.7296e-01
11409 0 +1.778272417e-01 -7.451217276e+01 -7.451217276e+01 +1.4023e+00 -1.0265e+00 +4.6466e-01
12147 0 +1.584048867e-01 -7.453159511e+01 -7.453159511e+01 +1.3422e+00 -1.0050e+00 +4.5635e-01
12831 0 +1.411339289e-01 -7.454886607e+01 -7.454886607e+01 +1.2865e+00 -9.8447e-01 +4.4853e-01
13461 0 +1.258405369e-01 -7.456415946e+01 -7.456415946e+01 +1.2352e+00 -9.6542e-01 +4.4169e-01
14055 0 +1.121056762e-01 -7.457789432e+01 -7.457789432e+01 +1.1868e+00 -9.4734e-01 +4.3534e-01
14601 0 +9.993257044e-02 -7.459006743e+01 -7.459006743e+01 +1.1423e+00 -9.3024e-01 +4.2899e-01
15111 0 +8.908227917e-02 -7.460091772e+01 -7.460091772e+01 +1.1008e+00 -9.1412e-01 +4.2313e-01
15591 0 +7.937782864e-02 -7.461062217e+01 -7.461062217e+01 +1.0617e+00 -8.9897e-01 +4.1775e-01
16035 0 +7.070019161e-02 -7.461929981e+01 -7.461929981e+01 +1.0256e+00 -8.8431e-01 +4.1238e-01
16449 0 +6.301465525e-02 -7.462698534e+01 -7.462698534e+01 +9.9185e-01 -8.7063e-01 +4.0749e-01
16833 0 +5.620693205e-02 -7.463379307e+01 -7.463379307e+01 +9.6058e-01 -8.5793e-01 +4.0309e-01
17193 0 +5.010785153e-02 -7.463989215e+01 -7.463989215e+01 +9.3127e-01 -8.4571e-01 +3.9918e-01
17533 0 +4.462773109e-02 -7.464537227e+01 -7.464537227e+01 +9.0391e-01 -8.3399e-01 +3.9479e-01
17847 0 +3.976220488e-02 -7.465023780e+01 -7.465023780e+01 +8.7801e-01 -8.2324e-01 +3.9137e-01
18141 0 +3.544974087e-02 -7.465455026e+01 -7.465455026e+01 +8.5407e-01 -8.1298e-01 +3.8746e-01
18447 0 +3.161635790e-02 -7.465838364e+01 -7.465838364e+01 +8.3208e-01 -8.0320e-01 +3.8428e-01
18966 0 +2.817816207e-02 -7.466182184e+01 -7.466182184e+01 +8.1107e-01 -7.9392e-01 +3.8111e-01
19452 0 +2.511606730e-02 -7.466488393e+01 -7.466488393e+01 +7.9128e-01 -7.8537e-01 +3.7842e-01
19899 0 +2.238119995e-02 -7.466761880e+01 -7.466761880e+01 +7.7296e-01 -7.7731e-01 +3.7549e-01
20325 0 +1.993106270e-02 -7.467006894e+01 -7.467006894e+01 +7.5562e-01 -7.6949e-01 +3.7280e-01
20721 0 +1.776424828e-02 -7.467223575e+01 -7.467223575e+01 +7.3949e-01 -7.6216e-01 +3.7036e-01
21093 0 +1.584118264e-02 -7.467415882e+01 -7.467415882e+01 +7.2435e-01 -7.5532e-01 +3.6816e-01
21444 0 +1.412217316e-02 -7.467587783e+01 -7.467587783e+01 +7.1018e-01 -7.4872e-01 +3.6596e-01
21771 0 +1.257465229e-02 -7.467742535e+01 -7.467742535e+01 +6.9674e-01 -7.4262e-01 +3.6376e-01
22081 0 +1.121047247e-02 -7.467878953e+01 -7.467878953e+01 +6.8428e-01 -7.3675e-01 +3.6181e-01
22365 0 +9.997554667e-03 -7.468000245e+01 -7.468000245e+01 +6.7256e-01 -7.3138e-01 +3.6010e-01
22641 0 +8.908244197e-03 -7.468109176e+01 -7.468109176e+01 +6.6132e-01 -7.2625e-01 +3.5839e-01
22896 0 +7.932035447e-03 -7.468206796e+01 -7.468206796e+01 +6.5106e-01 -7.2112e-01 +3.5668e-01
23133 0 +7.077029121e-03 -7.468292297e+01 -7.468292297e+01 +6.4129e-01 -7.1672e-01 +3.5521e-01
23361 0 +6.300822691e-03 -7.468369918e+01 -7.468369918e+01 +6.3200e-01 -7.1232e-01 +3.5375e-01
23571 0 +5.617872673e-03 -7.468438213e+01 -7.468438213e+01 +6.2345e-01 -7.0817e-01 +3.5228e-01
23769 0 +5.003127378e-03 -7.468499687e+01 -7.468499687e+01 +6.1539e-01 -7.0426e-01 +3.5106e-01
24093 0 +4.461500052e-03 -7.468553850e+01 -7.468553850e+01 +6.0782e-01 -7.0060e-01 +3.4984e-01
24444 0 +3.980406680e-03 -7.468601959e+01 -7.468601959e+01 +6.0073e-01 -6.9706e-01 +3.4874e-01
24777 0 +3.544762140e-03 -7.468645524e+01 -7.468645524e+01 +5.9389e-01 -6.9388e-01 +3.4764e-01
25089 0 +3.156987422e-03 -7.468684301e+01 -7.468684301e+01 +5.8754e-01 -6.9070e-01 +3.4666e-01
25383 0 +2.811943646e-03 -7.468718806e+01 -7.468718806e+01 +5.8155e-01 -6.8777e-01 +3.4568e-01
25659 0 +2.509503509e-03 -7.468749050e+01 -7.468749050e+01 +5.7594e-01 -6.8508e-01 +3.4471e-01
25921 0 +2.234489291e-03 -7.468776551e+01 -7.468776551e+01 +5.7068e-01 -6.8240e-01 +3.4385e-01
26163 0 +1.991084936e-03 -7.468800892e+01 -7.468800892e+01 +5.6567e-01 -6.7995e-01 +3.4312e-01
26395 0 +1.777280950e-03 -7.468822272e+01 -7.468822272e+01 +5.6103e-01 -6.7763e-01 +3.4226e-01
26613 0 +1.580523246e-03 -7.468841948e+01 -7.468841948e+01 +5.5651e-01 -6.7543e-01 +3.4165e-01
26814 0 +1.412294928e-03 -7.468858771e+01 -7.468858771e+01 +5.5248e-01 -6.7336e-01 +3.4092e-01
27009 0 +1.254808334e-03 -7.468874519e+01 -7.468874519e+01 +5.4845e-01 -6.7140e-01 +3.4031e-01
27189 0 +1.119027542e-03 -7.468888097e+01 -7.468888097e+01 +5.4479e-01 -6.6957e-01 +3.3970e-01
27361 0 +9.999288642e-04 -7.468900007e+01 -7.468900007e+01 +5.4137e-01 -6.6786e-01 +3.3909e-01
27525 0 +8.912392894e-04 -7.468910876e+01 -7.468910876e+01 +5.3795e-01 -6.6627e-01 +3.3860e-01
27675 0 +7.926995900e-04 -7.468920730e+01 -7.468920730e+01 +5.3489e-01 -6.6469e-01 +3.3811e-01
27963 0 +7.068006792e-04 -7.468929320e+01 -7.468929320e+01 +5.3202e-01 -6.6322e-01 +3.3762e-01
28233 0 +6.296015330e-04 -7.468937040e+01 -7.468937040e+01 +5.2927e-01 -6.6182e-01 +3.3713e-01
28485 0 +5.622671426e-04 -7.468943773e+01 -7.468943773e+01 +5.2671e-01 -6.6053e-01 +3.3671e-01
28725 0 +5.010313162e-04 -7.468949897e+01 -7.468949897e+01 +5.2427e-01 -6.5931e-01 +3.3634e-01
28956 0 +4.462827622e-04 -7.468955372e+01 -7.468955372e+01 +5.2195e-01 -6.5809e-01 +3.3597e-01
29169 0 +3.980436516e-04 -7.468960196e+01 -7.468960196e+01 +5.1975e-01 -6.5705e-01 +3.3561e-01
29367 0 +3.540519770e-04 -7.468964595e+01 -7.468964595e+01 +5.1773e-01 -6.5595e-01 +3.3524e-01
29559 0 +3.151536365e-04 -7.468968485e+01 -7.468968485e+01 +5.1578e-01 -6.5497e-01 +3.3493e-01
29754 0 +2.817656360e-04 -7.468971823e+01 -7.468971823e+01 +5.1401e-01 -6.5406e-01 +3.3463e-01
30000 0 +2.593353229e-04 -7.468974066e+01 -7.468974066e+01 +5.1275e-01 -6.5342e-01 +3.3441e-01
% f evaluations | g evaluations | best noise-free fitness - Fopt (1.853000000000e+01) + sum g_i+ | measured fitness | best measured fitness or single-digit g-values | x1 | x2...
1 0 +1.300000000e+01 +3.153000000e+01 +3.153000000e+01 +0.0000e+00 +0.0000e+00 +0.0000e+00
142 0 +1.057852300e+01 +2.910852300e+01 +2.910852300e+01 +5.7334e-01 +1.0006e+00 +4.1759e-01
143 0 +7.209501901e+00 +2.573950190e+01 +2.573950190e+01 +5.7334e-01 +5.0032e-01 +4.1759e-01
156 0 +2.547387935e+00 +2.107738794e+01 +2.107738794e+01 +5.7334e-01 +7.5049e-01 +4.1759e-01
171 0 +2.511436931e+00 +2.104143693e+01 +2.104143693e+01 +5.1080e-01 +7.5049e-01 +4.1759e-01
207 0 +2.237074731e+00 +2.076707473e+01 +2.076707473e+01 +4.1699e-01 +7.6612e-01 +3.2378e-01
247 0 +1.992277936e+00 +2.052227794e+01 +2.052227794e+01 +3.2318e-01 +7.6612e-01 +2.2997e-01
277 0 +1.777343184e+00 +2.030734318e+01 +2.030734318e+01 +2.6064e-01 +7.3485e-01 +1.5179e-01
307 0 +1.566998986e+00 +2.009699899e+01 +2.009699899e+01 +2.1373e-01 +7.0358e-01 +7.3616e-02
329 0 +1.409200155e+00 +1.993920015e+01 +1.993920015e+01 +1.6683e-01 +6.5668e-01 +2.6711e-02
349 0 +1.236525727e+00 +1.976652573e+01 +1.976652573e+01 +1.5119e-01 +6.2541e-01 -3.5830e-02
371 0 +1.111299673e+00 +1.964129967e+01 +1.964129967e+01 +1.3556e-01 +5.7850e-01 -8.2735e-02
387 0 +9.981631119e-01 +1.952816311e+01 +1.952816311e+01 +1.0429e-01 +5.4723e-01 -1.2964e-01
405 0 +8.891782488e-01 +1.941917825e+01 +1.941917825e+01 +8.8650e-02 +5.0032e-01 -1.6091e-01
425 0 +7.600925207e-01 +1.929009252e+01 +1.929009252e+01 +7.3015e-02 +4.3778e-01 -1.9218e-01
447 0 +7.030834948e-01 +1.923308349e+01 +1.923308349e+01 +6.5198e-02 +4.0651e-01 -2.0782e-01
479 0 +6.268913059e-01 +1.915689131e+01 +1.915689131e+01 +5.7380e-02 +3.5961e-01 -2.3127e-01
515 0 +5.520353899e-01 +1.908203539e+01 +1.908203539e+01 +4.1745e-02 +3.1270e-01 -2.5472e-01
551 0 +4.890657670e-01 +1.901906577e+01 +1.901906577e+01 +2.6110e-02 +2.6580e-01 -2.7036e-01
581 0 +4.435367873e-01 +1.897353679e+01 +1.897353679e+01 +1.8292e-02 +2.2671e-01 -2.7817e-01
617 0 +3.897831487e-01 +1.891978315e+01 +1.891978315e+01 +2.6571e-03 +1.7980e-01 -2.9381e-01
647 0 +3.538720586e-01 +1.888387206e+01 +1.888387206e+01 -5.1605e-03 +1.4072e-01 -3.0163e-01
677 0 +3.160097706e-01 +1.884600977e+01 +1.884600977e+01 -2.0796e-02 +1.0163e-01 -3.0163e-01
735 0 +2.805782033e-01 +1.881057820e+01 +1.881057820e+01 -3.2522e-02 +6.2541e-02 -3.0944e-01
795 0 +2.498841056e-01 +1.877988411e+01 +1.877988411e+01 -4.4248e-02 +2.3453e-02 -3.1335e-01
851 0 +2.233095164e-01 +1.875330952e+01 +1.875330952e+01 -5.2066e-02 -1.5635e-02 -3.1726e-01
905 0 +1.982994325e-01 +1.872829943e+01 +1.872829943e+01 -6.3792e-02 -5.0814e-02 -3.2117e-01
953 0 +1.774942641e-01 +1.870749426e+01 +1.870749426e+01 -7.5519e-02 -8.2084e-02 -3.2117e-01
1031 0 +1.582661380e-01 +1.868826614e+01 +1.868826614e+01 -8.5291e-02 -1.1531e-01 -3.2117e-01
1133 0 +1.409029018e-01 +1.867090290e+01 +1.867090290e+01 -9.5063e-02 -1.4853e-01 -3.2117e-01
1229 0 +1.256770220e-01 +1.865567702e+01 +1.865567702e+01 -1.0483e-01 -1.7980e-01 -3.2117e-01
1319 0 +1.118786338e-01 +1.864187863e+01 +1.864187863e+01 -1.1461e-01 -2.0912e-01 -3.1922e-01
1403 0 +9.972784867e-02 +1.862972785e+01 +1.862972785e+01 -1.2438e-01 -2.3648e-01 -3.1922e-01
1491 0 +8.874859177e-02 +1.861874859e+01 +1.861874859e+01 -1.3415e-01 -2.6384e-01 -3.1726e-01
1583 0 +7.912764348e-02 +1.860912764e+01 +1.860912764e+01 -1.4197e-01 -2.8925e-01 -3.1531e-01
1733 0 +7.074518795e-02 +1.860074519e+01 +1.860074519e+01 -1.4979e-01 -3.1368e-01 -3.1335e-01
1881 0 +6.292606674e-02 +1.859292607e+01 +1.859292607e+01 -1.5858e-01 -3.3713e-01 -3.1042e-01
2015 0 +5.616708960e-02 +1.858616709e+01 +1.858616709e+01 -1.6542e-01 -3.5961e-01 -3.0847e-01
2147 0 +4.996729804e-02 +1.857996730e+01 +1.857996730e+01 -1.7324e-01 -3.8111e-01 -3.0651e-01
2273 0 +4.448287530e-02 +1.857448288e+01 +1.857448288e+01 -1.8008e-01 -4.0163e-01 -3.0358e-01
2393 0 +3.965970525e-02 +1.856965971e+01 +1.856965971e+01 -1.8692e-01 -4.2117e-01 -3.0163e-01
2543 0 +3.543497074e-02 +1.856543497e+01 +1.856543497e+01 -1.9327e-01 -4.3876e-01 -2.9870e-01
2763 0 +3.157080806e-02 +1.856157081e+01 +1.856157081e+01 -1.9962e-01 -4.5635e-01 -2.9625e-01
2967 0 +2.815158521e-02 +1.855815159e+01 +1.855815159e+01 -2.0549e-01 -4.7296e-01 -2.9381e-01
3161 0 +2.507459855e-02 +1.855507460e+01 +1.855507460e+01 -2.1086e-01 -4.8909e-01 -2.9137e-01
3347 0 +2.235314105e-02 +1.855235314e+01 +1.855235314e+01 -2.1623e-01 -5.0423e-01 -2.8941e-01
3521 0 +1.988736289e-02 +1.854988736e+01 +1.854988736e+01 -2.2161e-01 -5.1840e-01 -2.8697e-01
3689 0 +1.770358580e-02 +1.854770359e+01 +1.854770359e+01 -2.2650e-01 -5.3208e-01 -2.8453e-01
3845 0 +1.581795614e-02 +1.854581796e+01 +1.854581796e+01 -2.3089e-01 -5.4479e-01 -2.8257e-01
3995 0 +1.411426095e-02 +1.854411426e+01 +1.854411426e+01 -2.3529e-01 -5.5700e-01 -2.8062e-01
4265 0 +1.258208541e-02 +1.854258209e+01 +1.854258209e+01 -2.3944e-01 -5.6848e-01 -2.7842e-01
4533 0 +1.121846765e-02 +1.854121847e+01 +1.854121847e+01 -2.4360e-01 -5.7923e-01 -2.7646e-01
4787 0 +9.995634023e-03 +1.853999563e+01 +1.853999563e+01 -2.4726e-01 -5.8974e-01 -2.7451e-01
5033 0 +8.893554577e-03 +1.853889355e+01 +1.853889355e+01 -2.5093e-01 -5.9975e-01 -2.7256e-01
5261 0 +7.928264692e-03 +1.853792826e+01 +1.853792826e+01 -2.5435e-01 -6.0904e-01 -2.7085e-01
5481 0 +7.067412506e-03 +1.853706741e+01 +1.853706741e+01 -2.5777e-01 -6.1783e-01 -2.6914e-01
5681 0 +6.303802506e-03 +1.853630380e+01 +1.853630380e+01 -2.6070e-01 -6.2614e-01 -2.6767e-01
5879 0 +5.609735217e-03 +1.853560974e+01 +1.853560974e+01 -2.6363e-01 -6.3420e-01 -2.6596e-01
6069 0 +4.989570684e-03 +1.853498957e+01 +1.853498957e+01 -2.6656e-01 -6.4177e-01 -2.6449e-01
6239 0 +4.459168863e-03 +1.853445917e+01 +1.853445917e+01 -2.6900e-01 -6.4886e-01 -2.6303e-01
6489 0 +3.980233552e-03 +1.853398023e+01 +1.853398023e+01 -2.7157e-01 -6.5533e-01 -2.6181e-01
6797 0 +3.547903675e-03 +1.853354790e+01 +1.853354790e+01 -2.7389e-01 -6.6168e-01 -2.6046e-01
7097 0 +3.161307870e-03 +1.853316131e+01 +1.853316131e+01 -2.7609e-01 -6.6779e-01 -2.5924e-01
7376 0 +2.817913281e-03 +1.853281791e+01 +1.853281791e+01 -2.7829e-01 -6.7341e-01 -2.5802e-01
7643 0 +2.508923330e-03 +1.853250892e+01 +1.853250892e+01 -2.8024e-01 -6.7891e-01 -2.5692e-01
7892 0 +2.237049243e-03 +1.853223705e+01 +1.853223705e+01 -2.8220e-01 -6.8392e-01 -2.5582e-01
8129 0 +1.990186558e-03 +1.853199019e+01 +1.853199019e+01 -2.8403e-01 -6.8880e-01 -2.5484e-01
8355 0 +1.775380277e-03 +1.853177538e+01 +1.853177538e+01 -2.8574e-01 -6.9332e-01 -2.5387e-01
8561 0 +1.584529004e-03 +1.853158453e+01 +1.853158453e+01 -2.8733e-01 -6.9760e-01 -2.5301e-01
8765 0 +1.411973164e-03 +1.853141197e+01 +1.853141197e+01 -2.8879e-01 -7.0175e-01 -2.5203e-01
8987 0 +1.257796335e-03 +1.853125780e+01 +1.853125780e+01 -2.9026e-01 -7.0554e-01 -2.5124e-01
9345 0 +1.121391168e-03 +1.853112139e+01 +1.853112139e+01 -2.9166e-01 -7.0914e-01 -2.5045e-01
9683 0 +9.982472722e-04 +1.853099825e+01 +1.853099825e+01 -2.9294e-01 -7.1262e-01 -2.4971e-01
10001 0 +8.898766457e-04 +1.853088988e+01 +1.853088988e+01 -2.9417e-01 -7.1586e-01 -2.4898e-01
10301 0 +7.934932796e-04 +1.853079349e+01 +1.853079349e+01 -2.9533e-01 -7.1891e-01 -2.4831e-01
10589 0 +7.067349725e-04 +1.853070673e+01 +1.853070673e+01 -2.9643e-01 -7.2184e-01 -2.4770e-01
10859 0 +6.296489279e-04 +1.853062965e+01 +1.853062965e+01 -2.9746e-01 -7.2459e-01 -2.4709e-01
11111 0 +5.615010655e-04 +1.853056150e+01 +1.853056150e+01 -2.9844e-01 -7.2716e-01 -2.4648e-01
11351 0 +5.006260969e-04 +1.853050063e+01 +1.853050063e+01 -2.9936e-01 -7.2960e-01 -2.4593e-01
11579 0 +4.465147904e-04 +1.853044651e+01 +1.853044651e+01 -3.0021e-01 -7.3192e-01 -2.4544e-01
11795 0 +3.972402448e-04 +1.853039724e+01 +1.853039724e+01 -3.0107e-01 -7.3412e-01 -2.4495e-01
11999 0 +3.536588453e-04 +1.853035366e+01 +1.853035366e+01 -3.0186e-01 -7.3620e-01 -2.4446e-01
12191 0 +3.151111238e-04 +1.853031511e+01 +1.853031511e+01 -3.0259e-01 -7.3815e-01 -2.4403e-01
12545 0 +2.817373005e-04 +1.853028174e+01 +1.853028174e+01 -3.0327e-01 -7.3995e-01 -2.4364e-01
12887 0 +2.509444152e-04 +1.853025094e+01 +1.853025094e+01 -3.0394e-01 -7.4169e-01 -2.4324e-01
13211 0 +2.238183427e-04 +1.853022382e+01 +1.853022382e+01 -3.0455e-01 -7.4334e-01 -2.4287e-01
13517 0 +1.991509475e-04 +1.853019915e+01 +1.853019915e+01 -3.0516e-01 -7.4490e-01 -2.4251e-01
13805 0 +1.774901735e-04 +1.853017749e+01 +1.853017749e+01 -3.0571e-01 -7.4636e-01 -2.4217e-01
14075 0 +1.583759336e-04 +1.853015838e+01 +1.853015838e+01 -3.0623e-01 -7.4774e-01 -2.4187e-01
14333 0 +1.411919350e-04 +1.853014119e+01 +1.853014119e+01 -3.0672e-01 -7.4905e-01 -2.4156e-01
14579 0 +1.255788636e-04 +1.853012558e+01 +1.853012558e+01 -3.0721e-01 -7.5030e-01 -2.4129e-01
14807 0 +1.120666669e-04 +1.853011207e+01 +1.853011207e+01 -3.0763e-01 -7.5146e-01 -2.4101e-01
15023 0 +9.983428372e-05 +1.853009983e+01 +1.853009983e+01 -3.0806e-01 -7.5256e-01 -2.4077e-01
15227 0 +8.895312743e-05 +1.853008895e+01 +1.853008895e+01 -3.0846e-01 -7.5360e-01 -2.4052e-01
15611 0 +7.934926091e-05 +1.853007935e+01 +1.853007935e+01 -3.0882e-01 -7.5458e-01 -2.4029e-01
15977 0 +7.072508533e-05 +1.853007073e+01 +1.853007073e+01 -3.0918e-01 -7.5551e-01 -2.4008e-01
16319 0 +6.304456865e-05 +1.853006304e+01 +1.853006304e+01 -3.0951e-01 -7.5638e-01 -2.3988e-01
16643 0 +5.622521973e-05 +1.853005623e+01 +1.853005623e+01 -3.0983e-01 -7.5721e-01 -2.3970e-01
16955 0 +5.007980904e-05 +1.853005008e+01 +1.853005008e+01 -3.1012e-01 -7.5800e-01 -2.3951e-01
17243 0 +4.462002474e-05 +1.853004462e+01 +1.853004462e+01 -3.1041e-01 -7.5873e-01 -2.3935e-01
17513 0 +3.980513548e-05 +1.853003981e+01 +1.853003981e+01 -3.1067e-01 -7.5942e-01 -2.3918e-01
17777 0 +3.548128020e-05 +1.853003548e+01 +1.853003548e+01 -3.1092e-01 -7.6009e-01 -2.3903e-01
18017 0 +3.161643404e-05 +1.853003162e+01 +1.853003162e+01 -3.1116e-01 -7.6070e-01 -2.3889e-01
18255 0 +2.813471750e-05 +1.853002813e+01 +1.853002813e+01 -3.1139e-01 -7.6130e-01 -2.3875e-01
18471 0 +2.511321781e-05 +1.853002511e+01 +1.853002511e+01 -3.1160e-01 -7.6185e-01 -2.3861e-01
18677 0 +2.230052428e-05 +1.853002230e+01 +1.853002230e+01 -3.1180e-01 -7.6238e-01 -2.3849e-01
18945 0 +1.993508950e-05 +1.853001994e+01 +1.853001994e+01 -3.1198e-01 -7.6286e-01 -2.3838e-01
19307 0 +1.777026654e-05 +1.853001777e+01 +1.853001777e+01 -3.1216e-01 -7.6333e-01 -2.3828e-01
19655 0 +1.582563304e-05 +1.853001583e+01 +1.853001583e+01 -3.1233e-01 -7.6377e-01 -2.3817e-01
19983 0 +1.412530951e-05 +1.853001413e+01 +1.853001413e+01 -3.1249e-01 -7.6418e-01 -2.3808e-01
20291 0 +1.257663055e-05 +1.853001258e+01 +1.853001258e+01 -3.1263e-01 -7.6458e-01 -2.3799e-01
20585 0 +1.118869531e-05 +1.853001119e+01 +1.853001119e+01 -3.1278e-01 -7.6495e-01 -2.3790e-01
20855 0 +9.994818988e-06 +1.853000999e+01 +1.853000999e+01 -3.1291e-01 -7.6530e-01 -2.3782e-01
21119 0 +8.891231982e-06 +1.853000889e+01 +1.853000889e+01 -3.1304e-01 -7.6563e-01 -2.3774e-01
21365 0 +7.931921303e-06 +1.853000793e+01 +1.853000793e+01 -3.1315e-01 -7.6595e-01 -2.3767e-01
21593 0 +7.069571129e-06 +1.853000707e+01 +1.853000707e+01 -3.1327e-01 -7.6624e-01 -2.3760e-01
21815 0 +6.292016028e-06 +1.853000629e+01 +1.853000629e+01 -3.1337e-01 -7.6652e-01 -2.3754e-01
22019 0 +5.613423433e-06 +1.853000561e+01 +1.853000561e+01 -3.1347e-01 -7.6678e-01 -2.3748e-01
22217 0 +5.010816480e-06 +1.853000501e+01 +1.853000501e+01 -3.1357e-01 -7.6703e-01 -2.3741e-01
22493 0 +4.459967375e-06 +1.853000446e+01 +1.853000446e+01 -3.1366e-01 -7.6726e-01 -2.3736e-01
22841 0 +3.975340601e-06 +1.853000398e+01 +1.853000398e+01 -3.1374e-01 -7.6748e-01 -2.3731e-01
23165 0 +3.545711994e-06 +1.853000355e+01 +1.853000355e+01 -3.1382e-01 -7.6769e-01 -2.3726e-01
23481 0 +3.157444162e-06 +1.853000316e+01 +1.853000316e+01 -3.1390e-01 -7.6789e-01 -2.3722e-01
23771 0 +2.815472580e-06 +1.853000282e+01 +1.853000282e+01 -3.1397e-01 -7.6807e-01 -2.3717e-01
24047 0 +2.506167142e-06 +1.853000251e+01 +1.853000251e+01 -3.1403e-01 -7.6825e-01 -2.3713e-01
24305 0 +2.238114561e-06 +1.853000224e+01 +1.853000224e+01 -3.1410e-01 -7.6841e-01 -2.3709e-01
24551 0 +1.994946157e-06 +1.853000199e+01 +1.853000199e+01 -3.1416e-01 -7.6857e-01 -2.3706e-01
24785 0 +1.774682467e-06 +1.853000177e+01 +1.853000177e+01 -3.1421e-01 -7.6872e-01 -2.3702e-01
25007 0 +1.579837871e-06 +1.853000158e+01 +1.853000158e+01 -3.1427e-01 -7.6886e-01 -2.3699e-01
25211 0 +1.410055479e-06 +1.853000141e+01 +1.853000141e+01 -3.1432e-01 -7.6899e-01 -2.3696e-01
25553 0 +1.256642626e-06 +1.853000126e+01 +1.853000126e+01 -3.1436e-01 -7.6911e-01 -2.3693e-01
25919 0 +1.121022990e-06 +1.853000112e+01 +1.853000112e+01 -3.1441e-01 -7.6923e-01 -2.3690e-01
26267 0 +9.996633317e-07 +1.853000100e+01 +1.853000100e+01 -3.1445e-01 -7.6934e-01 -2.3688e-01
26597 0 +8.904842694e-07 +1.853000089e+01 +1.853000089e+01 -3.1449e-01 -7.6944e-01 -2.3685e-01
26909 0 +7.932165111e-07 +1.853000079e+01 +1.853000079e+01 -3.1453e-01 -7.6954e-01 -2.3683e-01
27203 0 +7.077828776e-07 +1.853000071e+01 +1.853000071e+01 -3.1456e-01 -7.6964e-01 -2.3681e-01
27479 0 +6.304254576e-07 +1.853000063e+01 +1.853000063e+01 -3.1460e-01 -7.6973e-01 -2.3679e-01
27743 0 +5.606689726e-07 +1.853000056e+01 +1.853000056e+01 -3.1463e-01 -7.6981e-01 -2.3677e-01
27989 0 +5.011091417e-07 +1.853000050e+01 +1.853000050e+01 -3.1466e-01 -7.6989e-01 -2.3675e-01
28223 0 +4.461960472e-07 +1.853000045e+01 +1.853000045e+01 -3.1469e-01 -7.6996e-01 -2.3673e-01
28439 0 +3.977417613e-07 +1.853000040e+01 +1.853000040e+01 -3.1471e-01 -7.7003e-01 -2.3672e-01
28649 0 +3.547822658e-07 +1.853000035e+01 +1.853000035e+01 -3.1474e-01 -7.7010e-01 -2.3670e-01
28983 0 +3.160775393e-07 +1.853000032e+01 +1.853000032e+01 -3.1476e-01 -7.7016e-01 -2.3669e-01
29351 0 +2.816709816e-07 +1.853000028e+01 +1.853000028e+01 -3.1479e-01 -7.7022e-01 -2.3667e-01
29699 0 +2.511510679e-07 +1.853000025e+01 +1.853000025e+01 -3.1481e-01 -7.7027e-01 -2.3666e-01
30000 0 +2.263177876e-07 +1.853000023e+01 +1.853000023e+01 -3.1482e-01 -7.7032e-01 -2.3665e-01
% f evaluations | g evaluations | best noise-free fitness - Fopt (-3.444000000000e+01) + sum g_i+ | measured fitness | best measured fitness or single-digit g-values | x1 | x2...
1 0 +1.300000000e+01 -2.144000000e+01 -2.144000000e+01 +0.0000e+00 +0.0000e+00 +0.0000e+00
152 0 +1.080370696e+01 -2.363629304e+01 -2.363629304e+01 -7.5049e-01 +2.7615e+00 +4.7531e+00
159 0 +7.887749273e+00 -2.655225073e+01 -2.655225073e+01 -8.7557e-01 +2.7615e+00 +4.7531e+00
172 0 +2.657280021e+00 -3.178271998e+01 -3.178271998e+01 -8.1303e-01 +2.7615e+00 +4.7531e+00
176 0 +2.264778660e+00 -3.217522134e+01 -3.217522134e+01 -8.1303e-01 +2.7615e+00 +4.8156e+00
201 0 +2.213849331e+00 -3.222615067e+01 -3.222615067e+01 -8.2084e-01 +2.7615e+00 +4.8000e+00
3817 0 +1.995154554e+00 -3.244484545e+01 -3.244484545e+01 -7.7687e-01 +2.6530e+00 +4.4971e+00
7837 0 +1.778120104e+00 -3.266187990e+01 -3.266187990e+01 -7.3241e-01 +2.5348e+00 +4.1697e+00
11503 0 +1.584791794e+00 -3.285520821e+01 -3.285520821e+01 -6.9234e-01 +2.4244e+00 +3.8712e+00
14854 0 +1.412337798e+00 -3.302766220e+01 -3.302766220e+01 -6.5619e-01 +2.3218e+00 +3.5985e+00
17905 0 +1.258706528e+00 -3.318129347e+01 -3.318129347e+01 -6.2345e-01 +2.2255e+00 +3.3498e+00
20695 0 +1.121896315e+00 -3.331810369e+01 -3.331810369e+01 -5.9365e-01 +2.1356e+00 +3.1226e+00
23245 0 +9.999246395e-01 -3.344007536e+01 -3.344007536e+01 -5.6629e-01 +2.0516e+00 +2.9150e+00
25585 0 +8.910635699e-01 -3.354893643e+01 -3.354893643e+01 -5.4137e-01 +1.9729e+00 +2.7244e+00
27727 0 +7.941214889e-01 -3.364587851e+01 -3.364587851e+01 -5.1889e-01 +1.8991e+00 +2.5500e+00
29689 0 +7.078075346e-01 -3.373219247e+01 -3.373219247e+01 -4.9788e-01 +1.8302e+00 +2.3902e+00
30000 0 +6.945223889e-01 -3.374547761e+01 -3.374547761e+01 -4.9495e-01 +1.8190e+00 +2.3653e+00
% f evaluations | g evaluations | best noise-free fitness - Fopt (7.741000000000e+01) + sum g_i+ | measured fitness | best measured fitness or single-digit g-values | x1 | x2...
1 0 +1.300000000e+01 +9.041000000e+01 +9.041000000e+01 +0.0000e+00 +0.0000e+00 +0.0000e+00
172 0 +1.185516458e+01 +8.926516458e+01 +8.926516458e+01 +3.6274e+00 +3.0019e+00 -1.7609e+00
175 0 +4.664507513e+00 +8.207450751e+01 +8.207450751e+01 +3.6274e+00 +3.0019e+00 -1.8859e+00
183 0 +3.398805314e+00 +8.080880531e+01 +8.080880531e+01 +3.5648e+00 +3.0019e+00 -1.8859e+00
188 0 +2.828834886e+00 +8.023883489e+01 +8.023883489e+01 +3.5648e+00 +3.0019e+00 -1.8234e+00
197 0 +2.312952000e+00 +7.972295200e+01 +7.972295200e+01 +3.5648e+00 +2.9707e+00 -1.8234e+00
199 0 +1.989426692e+00 +7.939942669e+01 +7.939942669e+01 +3.5648e+00 +2.9707e+00 -1.8547e+00
1083 0 +1.778226441e+00 +7.918822644e+01 +7.918822644e+01 +3.5204e+00 +2.9328e+00 -1.8317e+00
6699 0 +1.584839750e+00 +7.899483975e+01 +7.899483975e+01 +3.3076e+00 +2.7041e+00 -1.7584e+00
11799 0 +1.412507861e+00 +7.882250786e+01 +7.882250786e+01 +3.1119e+00 +2.4965e+00 -1.6900e+00
16433 0 +1.258885254e+00 +7.866888525e+01 +7.866888525e+01 +2.9318e+00 +2.3076e+00 -1.6262e+00
20655 0 +1.121972210e+00 +7.853197221e+01 +7.853197221e+01 +2.7657e+00 +2.1359e+00 -1.5666e+00
24495 0 +9.999855804e-01 +7.840998558e+01 +7.840998558e+01 +2.6125e+00 +1.9796e+00 -1.5109e+00
27995 0 +8.912135151e-01 +7.830121352e+01 +7.830121352e+01 +2.4713e+00 +1.8369e+00 -1.4589e+00
30000 0 +8.301911868e-01 +7.824019119e+01 +7.824019119e+01 +2.3897e+00 +1.7553e+00 -1.4284e+00
