% f evaluations | g evaluations | best noise-free fitness - Fopt (1.238300000000e+02) + sum g_i+ | measured fitness | best measured fitness or single-digit g-values | x1 | x2...
1 0 +2.600000000e+01 +1.498300000e+02 +1.498300000e+02 +0.0000e+00 +0.0000e+00 +0.0000e+00 +0.0000e+00 +0.0000e+00
244 0 +9.454199292e+00 +1.332841993e+02 +1.332841993e+02 -5.0032e-01 +0.0000e+00 -1.0006e+00 +5.1004e-01 +4.4409e-16
263 0 +8.222058067e+00 +1.320520581e+02 +1.320520581e+02 -7.5049e-01 +0.0000e+00 -1.0006e+00 +5.1004e-01 +4.4409e-16
270 0 +7.351997928e+00 +1.311819979e+02 +1.311819979e+02 -7.5049e-01 +0.0000e+00 -1.0006e+00 +7.6021e-01 +4.4409e-16
285 0 +6.467475055e+00 +1.302974751e+02 +1.302974751e+02 -7.5049e-01 -1.2508e-01 -1.0006e+00 +7.6021e-01 +4.4409e-16
292 0 +5.528870576e+00 +1.293588706e+02 +1.293588706e+02 -7.5049e-01 -1.2508e-01 -1.0006e+00 +7.6021e-01 +1.2508e-01
314 0 +4.958404678e+00 +1.287884047e+02 +1.287884047e+02 -6.8795e-01 -2.5016e-01 -1.0006e+00 +7.6021e-01 +1.2508e-01
356 0 +4.465864844e+00 +1.282958648e+02 +1.282958648e+02 -6.8795e-01 -1.5635e-01 -1.0006e+00 +6.9767e-01 +9.3811e-02
3542 0 +3.981070611e+00 +1.278110706e+02 +1.278110706e+02 -6.5179e-01 -8.1449e-01 -7.8420e-01 +6.8594e-01 +2.9707e-01
50000 0 +3.930839596e+00 +1.277608396e+02 +1.277608396e+02 -5.3873e-01 -1.1197e+00 -7.1512e-01 +5.6556e-01 +4.2970e-01
% f evaluations | g evaluations | best noise-free fitness - Fopt (4.751000000000e+01) + sum g_i+ | measured fitness | best measured fitness or single-digit g-values | x1 | x2...
1 0 +2.600000000e+01 +7.351000000e+01 +7.351000000e+01 +0.0000e+00 +0.0000e+00 +0.0000e+00 +0.0000e+00 +0.0000e+00
258 0 +7.879895712e+00 +5.538989571e+01 +5.538989571e+01 -5.0032e-01 +0.0000e+00 +5.0032e-01 +4.9060e-01 +0.0000e+00
279 0 +4.367054380e+00 +5.187705438e+01 +5.187705438e+01 -5.0032e-01 +0.0000e+00 +5.0032e-01 +2.4044e-01 +0.0000e+00
293 0 +3.248953686e+00 +5.075895369e+01 +5.075895369e+01 -6.2541e-01 +0.0000e+00 +5.0032e-01 +2.4044e-01 +0.0000e+00
297 0 +2.308721004e+00 +4.981872100e+01 +4.981872100e+01 -6.2541e-01 +0.0000e+00 +3.7524e-01 +2.4044e-01 +0.0000e+00
316 0 +2.220308028e+00 +4.973030803e+01 +4.973030803e+01 -6.2541e-01 +6.2541e-02 +3.7524e-01 +2.4044e-01 +0.0000e+00
377 0 +1.990364092e+00 +4.950036409e+01 +4.950036409e+01 -6.4104e-01 +6.2541e-02 +3.1270e-01 +2.2481e-01 +1.5635e-02
487 0 +1.762745369e+00 +4.927274537e+01 +4.927274537e+01 -6.5668e-01 +9.3811e-02 +2.3453e-01 +2.0135e-01 +4.6905e-02
577 0 +1.573248663e+00 +4.908324866e+01 +4.908324866e+01 -6.5668e-01 +1.0945e-01 +1.6417e-01 +1.7008e-01 +7.0358e-02
662 0 +1.410198165e+00 +4.892019816e+01 +4.892019816e+01 -6.4886e-01 +1.2508e-01 +1.0163e-01 +1.3100e-01 +9.3811e-02
737 0 +1.252650753e+00 +4.876265075e+01 +4.876265075e+01 -6.4104e-01 +1.3290e-01 +3.9088e-02 +1.0754e-01 +1.0945e-01
807 0 +1.119526661e+00 +4.862952666e+01 +4.862952666e+01 -6.2541e-01 +1.4072e-01 -1.5635e-02 +7.6273e-02 +1.2508e-01
877 0 +9.841640506e-01 +4.849416405e+01 +4.849416405e+01 -6.0977e-01 +1.4853e-01 -7.0358e-02 +3.7185e-02 +1.4072e-01
937 0 +8.906469108e-01 +4.840064691e+01 +4.840064691e+01 -5.8632e-01 +1.5635e-01 -1.0945e-01 +1.3733e-02 +1.4853e-01
997 0 +7.911054761e-01 +4.830110548e+01 +4.830110548e+01 -5.6287e-01 +1.6417e-01 -1.5635e-01 -1.7538e-02 +1.5635e-01
1107 0 +7.078688204e-01 +4.821786882e+01 +4.821786882e+01 -5.3941e-01 +1.7590e-01 -1.9153e-01 -4.0990e-02 +1.6417e-01
1199 0 +6.295122996e-01 +4.813951230e+01 +4.813951230e+01 -5.1596e-01 +1.8371e-01 -2.2671e-01 -6.8352e-02 +1.7199e-01
1287 0 +5.599899660e-01 +4.806998997e+01 +4.806998997e+01 -4.8860e-01 +1.9153e-01 -2.6189e-01 -9.1804e-02 +1.7980e-01
1367 0 +5.004088079e-01 +4.801040881e+01 +4.801040881e+01 -4.6124e-01 +1.9935e-01 -2.9316e-01 -1.1526e-01 +1.8371e-01
1444 0 +4.449858557e-01 +4.795498586e+01 +4.795498586e+01 -4.2997e-01 +2.0717e-01 -3.2052e-01 -1.3871e-01 +1.8762e-01
1516 0 +3.979511711e-01 +4.790795117e+01 +4.790795117e+01 -4.0260e-01 +2.1889e-01 -3.4788e-01 -1.5825e-01 +1.9153e-01
1647 0 +3.547770489e-01 +4.786477705e+01 +4.786477705e+01 -3.7329e-01 +2.2476e-01 -3.7329e-01 -1.7780e-01 +1.9544e-01
1784 0 +3.160671721e-01 +4.782606717e+01 +4.782606717e+01 -3.4593e-01 +2.3453e-01 -3.9674e-01 -1.9734e-01 +1.9739e-01
1937 0 +2.816165700e-01 +4.779161657e+01 +4.779161657e+01 -3.1661e-01 +2.4234e-01 -4.2019e-01 -2.1493e-01 +1.9935e-01
2084 0 +2.511394537e-01 +4.776113945e+01 +4.776113945e+01 -2.8730e-01 +2.5212e-01 -4.3974e-01 -2.3057e-01 +2.0130e-01
2237 0 +2.237307047e-01 +4.773373070e+01 +4.773373070e+01 -2.5798e-01 +2.5993e-01 -4.5928e-01 -2.4620e-01 +2.0130e-01
2374 0 +1.988461946e-01 +4.770884619e+01 +4.770884619e+01 -2.3062e-01 +2.6971e-01 -4.7687e-01 -2.6184e-01 +2.0326e-01
2524 0 +1.772211960e-01 +4.768722120e+01 +4.768722120e+01 -2.0130e-01 +2.7752e-01 -4.9251e-01 -2.7552e-01 +2.0326e-01
2656 0 +1.584541884e-01 +4.766845419e+01 +4.766845419e+01 -1.7590e-01 +2.8730e-01 -5.0814e-01 -2.8724e-01 +2.0326e-01
2794 0 +1.407370610e-01 +4.765073706e+01 +4.765073706e+01 -1.4853e-01 +2.9511e-01 -5.2378e-01 -2.9897e-01 +2.0326e-01
2914 0 +1.251855528e-01 +4.763518555e+01 +4.763518555e+01 -1.2508e-01 +3.0293e-01 -5.3941e-01 -3.1070e-01 +2.0521e-01
3054 0 +1.122017722e-01 +4.762220177e+01 +4.762220177e+01 -1.0065e-01 +3.1075e-01 -5.5114e-01 -3.2047e-01 +2.0521e-01
3274 0 +9.993114716e-02 +4.760993115e+01 +4.760993115e+01 -7.9153e-02 +3.1857e-01 -5.6384e-01 -3.3122e-01 +2.0521e-01
3514 0 +8.897586334e-02 +4.759897586e+01 +4.759897586e+01 -5.5700e-02 +3.2541e-01 -5.7459e-01 -3.4001e-01 +2.0423e-01
3734 0 +7.911385280e-02 +4.758911385e+01 +4.758911385e+01 -3.4202e-02 +3.3322e-01 -5.8632e-01 -3.4881e-01 +2.0423e-01
3944 0 +7.071803102e-02 +4.758071803e+01 +4.758071803e+01 -1.3681e-02 +3.4006e-01 -5.9609e-01 -3.5662e-01 +2.0423e-01
4154 0 +6.299434615e-02 +4.757299435e+01 +4.757299435e+01 +6.8404e-03 +3.4690e-01 -6.0586e-01 -3.6444e-01 +2.0423e-01
4354 0 +5.595406474e-02 +4.756595406e+01 +4.756595406e+01 +2.6384e-02 +3.5375e-01 -6.1466e-01 -3.7226e-01 +2.0326e-01
4564 0 +5.008192245e-02 +4.756008192e+01 +4.756008192e+01 +4.3485e-02 +3.5961e-01 -6.2345e-01 -3.7861e-01 +2.0326e-01
4927 0 +4.466664114e-02 +4.755466664e+01 +4.755466664e+01 +6.1075e-02 +3.6596e-01 -6.3127e-01 -3.8496e-01 +2.0277e-01
5274 0 +3.972471106e-02 +4.754972471e+01 +4.754972471e+01 +7.8176e-02 +3.7182e-01 -6.3909e-01 -3.9132e-01 +2.0277e-01
5597 0 +3.547432959e-02 +4.754547433e+01 +4.754547433e+01 +9.3811e-02 +3.7720e-01 -6.4642e-01 -3.9669e-01 +2.0228e-01
5914 0 +3.158695938e-02 +4.754158696e+01 +4.754158696e+01 +1.0945e-01 +3.8257e-01 -6.5277e-01 -4.0206e-01 +2.0179e-01
6216 0 +2.816476596e-02 +4.753816477e+01 +4.753816477e+01 +1.2410e-01 +3.8795e-01 -6.5961e-01 -4.0695e-01 +2.0179e-01
6514 0 +2.504370242e-02 +4.753504370e+01 +4.753504370e+01 +1.3876e-01 +3.9283e-01 -6.6498e-01 -4.1184e-01 +2.0081e-01
6774 0 +2.235086470e-02 +4.753235086e+01 +4.753235086e+01 +1.5147e-01 +3.9723e-01 -6.7085e-01 -4.1623e-01 +2.0081e-01
7034 0 +1.991440505e-02 +4.752991441e+01 +4.752991441e+01 +1.6417e-01 +4.0163e-01 -6.7622e-01 -4.2014e-01 +2.0033e-01
7284 0 +1.773227661e-02 +4.752773228e+01 +4.752773228e+01 +1.7638e-01 +4.0603e-01 -6.8111e-01 -4.2405e-01 +1.9984e-01
7554 0 +1.582965884e-02 +4.752582966e+01 +4.752582966e+01 +1.8738e-01 +4.1018e-01 -6.8599e-01 -4.2772e-01 +1.9959e-01
8004 0 +1.410822216e-02 +4.752410822e+01 +4.752410822e+01 +1.9837e-01 +4.1409e-01 -6.9039e-01 -4.3114e-01 +1.9935e-01
8424 0 +1.257890753e-02 +4.752257891e+01 +4.752257891e+01 +2.0863e-01 +4.1775e-01 -6.9454e-01 -4.3456e-01 +1.9886e-01
8824 0 +1.122008882e-02 +4.752122009e+01 +4.752122009e+01 +2.1840e-01 +4.2117e-01 -6.9845e-01 -4.3749e-01 +1.9862e-01
9204 0 +9.998513780e-03 +4.751999851e+01 +4.751999851e+01 +2.2769e-01 +4.2459e-01 -7.0236e-01 -4.4042e-01 +1.9837e-01
9579 0 +8.905106135e-03 +4.751890511e+01 +4.751890511e+01 +2.3673e-01 +4.2777e-01 -7.0602e-01 -4.4335e-01 +1.9813e-01
9919 0 +7.942201468e-03 +4.751794220e+01 +4.751794220e+01 +2.4503e-01 +4.3070e-01 -7.0920e-01 -4.4579e-01 +1.9764e-01
10249 0 +7.066869229e-03 +4.751706687e+01 +4.751706687e+01 +2.5309e-01 +4.3363e-01 -7.1238e-01 -4.4824e-01 +1.9739e-01
10557 0 +6.302694160e-03 +4.751630269e+01 +4.751630269e+01 +2.6067e-01 +4.3632e-01 -7.1531e-01 -4.5044e-01 +1.9715e-01
10847 0 +5.618275262e-03 +4.751561828e+01 +4.751561828e+01 +2.6775e-01 +4.3901e-01 -7.1824e-01 -4.5263e-01 +1.9691e-01
11154 0 +5.006831550e-03 +4.751500683e+01 +4.751500683e+01 +2.7459e-01 +4.4145e-01 -7.2080e-01 -4.5459e-01 +1.9666e-01
11676 0 +4.466290612e-03 +4.751446629e+01 +4.751446629e+01 +2.8094e-01 +4.4389e-01 -7.2325e-01 -4.5654e-01 +1.9642e-01
12181 0 +3.980915465e-03 +4.751398092e+01 +4.751398092e+01 +2.8705e-01 +4.4609e-01 -7.2557e-01 -4.5825e-01 +1.9605e-01
12654 0 +3.542522489e-03 +4.751354252e+01 +4.751354252e+01 +2.9291e-01 +4.4817e-01 -7.2777e-01 -4.5996e-01 +1.9593e-01
13097 0 +3.161558891e-03 +4.751316156e+01 +4.751316156e+01 +2.9829e-01 +4.5012e-01 -7.2984e-01 -4.6155e-01 +1.9568e-01
13524 0 +2.815483903e-03 +4.751281548e+01 +4.751281548e+01 +3.0354e-01 +4.5208e-01 -7.3180e-01 -4.6302e-01 +1.9544e-01
13926 0 +2.510849076e-03 +4.751251085e+01 +4.751251085e+01 +3.0843e-01 +4.5391e-01 -7.3375e-01 -4.6448e-01 +1.9532e-01
14307 0 +2.236598927e-03 +4.751223660e+01 +4.751223660e+01 +3.1307e-01 +4.5550e-01 -7.3546e-01 -4.6583e-01 +1.9507e-01
14674 0 +1.992404210e-03 +4.751199240e+01 +4.751199240e+01 +3.1759e-01 +4.5708e-01 -7.3705e-01 -4.6705e-01 +1.9483e-01
15009 0 +1.776938750e-03 +4.751177694e+01 +4.751177694e+01 +3.2162e-01 +4.5867e-01 -7.3864e-01 -4.6827e-01 +1.9471e-01
15334 0 +1.584439759e-03 +4.751158444e+01 +4.751158444e+01 +3.2565e-01 +4.6002e-01 -7.4010e-01 -4.6937e-01 +1.9458e-01
15654 0 +1.411173877e-03 +4.751141117e+01 +4.751141117e+01 +3.2932e-01 +4.6142e-01 -7.4151e-01 -4.7041e-01 +1.9440e-01
16229 0 +1.257887796e-03 +4.751125789e+01 +4.751125789e+01 +3.3280e-01 +4.6276e-01 -7.4285e-01 -4.7145e-01 +1.9428e-01
16774 0 +1.121035429e-03 +4.751112104e+01 +4.751112104e+01 +3.3616e-01 +4.6399e-01 -7.4407e-01 -4.7236e-01 +1.9416e-01
17294 0 +9.978213148e-04 +4.751099782e+01 +4.751099782e+01 +3.3933e-01 +4.6515e-01 -7.4523e-01 -4.7328e-01 +1.9397e-01
17776 0 +8.910484882e-04 +4.751089105e+01 +4.751089105e+01 +3.4226e-01 +4.6624e-01 -7.4633e-01 -4.7407e-01 +1.9385e-01
18244 0 +7.926047746e-04 +4.751079260e+01 +4.751079260e+01 +3.4513e-01 +4.6728e-01 -7.4737e-01 -4.7487e-01 +1.9373e-01
18679 0 +7.074025069e-04 +4.751070740e+01 +4.751070740e+01 +3.4776e-01 +4.6826e-01 -7.4841e-01 -4.7566e-01 +1.9367e-01
19087 0 +6.304663874e-04 +4.751063047e+01 +4.751063047e+01 +3.5026e-01 +4.6918e-01 -7.4933e-01 -4.7633e-01 +1.9355e-01
19479 0 +5.619345688e-04 +4.751056193e+01 +4.751056193e+01 +3.5265e-01 +4.7003e-01 -7.5018e-01 -4.7700e-01 +1.9342e-01
19847 0 +5.010375815e-04 +4.751050104e+01 +4.751050104e+01 +3.5491e-01 +4.7089e-01 -7.5104e-01 -4.7761e-01 +1.9336e-01
20199 0 +4.465706225e-04 +4.751044657e+01 +4.751044657e+01 +3.5704e-01 +4.7162e-01 -7.5177e-01 -4.7822e-01 +1.9324e-01
20527 0 +3.974532724e-04 +4.751039745e+01 +4.751039745e+01 +3.5906e-01 +4.7241e-01 -7.5256e-01 -4.7877e-01 +1.9318e-01
20836 0 +3.546286521e-04 +4.751035463e+01 +4.751035463e+01 +3.6095e-01 +4.7309e-01 -7.5317e-01 -4.7926e-01 +1.9306e-01
21134 0 +3.157824052e-04 +4.751031578e+01 +4.751031578e+01 +3.6278e-01 +4.7376e-01 -7.5385e-01 -4.7975e-01 +1.9300e-01
21404 0 +2.816820908e-04 +4.751028168e+01 +4.751028168e+01 +3.6443e-01 +4.7437e-01 -7.5452e-01 -4.8024e-01 +1.9294e-01
21854 0 +2.508721414e-04 +4.751025087e+01 +4.751025087e+01 +3.6605e-01 +4.7495e-01 -7.5507e-01 -4.8067e-01 +1.9284e-01
22347 0 +2.235503473e-04 +4.751022355e+01 +4.751022355e+01 +3.6755e-01 +4.7553e-01 -7.5562e-01 -4.8110e-01 +1.9278e-01
22814 0 +1.991825942e-04 +4.751019918e+01 +4.751019918e+01 +3.6898e-01 +4.7605e-01 -7.5614e-01 -4.8149e-01 +1.9272e-01
23254 0 +1.776810359e-04 +4.751017768e+01 +4.751017768e+01 +3.7033e-01 +4.7654e-01 -7.5662e-01 -4.8186e-01 +1.9266e-01
23674 0 +1.584316029e-04 +4.751015843e+01 +4.751015843e+01 +3.7161e-01 +4.7702e-01 -7.5708e-01 -4.8219e-01 +1.9260e-01
24074 0 +1.412490122e-04 +4.751014125e+01 +4.751014125e+01 +3.7283e-01 +4.7745e-01 -7.5754e-01 -4.8253e-01 +1.9257e-01
24444 0 +1.258552393e-04 +4.751012586e+01 +4.751012586e+01 +3.7396e-01 +4.7788e-01 -7.5794e-01 -4.8284e-01 +1.9251e-01
24797 0 +1.120996096e-04 +4.751011210e+01 +4.751011210e+01 +3.7503e-01 +4.7828e-01 -7.5833e-01 -4.8314e-01 +1.9245e-01
25134 0 +9.990748455e-05 +4.751009991e+01 +4.751009991e+01 +3.7607e-01 +4.7864e-01 -7.5870e-01 -4.8342e-01 +1.9242e-01
25444 0 +8.902041142e-05 +4.751008902e+01 +4.751008902e+01 +3.7701e-01 +4.7901e-01 -7.5907e-01 -4.8369e-01 +1.9239e-01
25744 0 +7.925921726e-05 +4.751007926e+01 +4.751007926e+01 +3.7793e-01 +4.7935e-01 -7.5937e-01 -4.8394e-01 +1.9232e-01
26049 0 +7.064816425e-05 +4.751007065e+01 +4.751007065e+01 +3.7877e-01 +4.7967e-01 -7.5969e-01 -4.8416e-01 +1.9229e-01
26574 0 +6.307417988e-05 +4.751006307e+01 +4.751006307e+01 +3.7958e-01 +4.7996e-01 -7.5998e-01 -4.8438e-01 +1.9226e-01
27074 0 +5.615376430e-05 +4.751005615e+01 +4.751005615e+01 +3.8034e-01 +4.8025e-01 -7.6027e-01 -4.8459e-01 +1.9223e-01
27544 0 +5.008752409e-05 +4.751005009e+01 +4.751005009e+01 +3.8106e-01 +4.8051e-01 -7.6052e-01 -4.8479e-01 +1.9219e-01
27994 0 +4.455176818e-05 +4.751004455e+01 +4.751004455e+01 +3.8175e-01 +4.8077e-01 -7.6078e-01 -4.8497e-01 +1.9216e-01
28419 0 +3.977433133e-05 +4.751003977e+01 +4.751003977e+01 +3.8239e-01 +4.8101e-01 -7.6101e-01 -4.8516e-01 +1.9214e-01
28814 0 +3.544786696e-05 +4.751003545e+01 +4.751003545e+01 +3.8300e-01 +4.8122e-01 -7.6122e-01 -4.8531e-01 +1.9211e-01
29184 0 +3.159747787e-05 +4.751003160e+01 +4.751003160e+01 +3.8356e-01 +4.8144e-01 -7.6143e-01 -4.8546e-01 +1.9208e-01
29544 0 +2.816602394e-05 +4.751002817e+01 +4.751002817e+01 +3.8411e-01 +4.8164e-01 -7.6163e-01 -4.8561e-01 +1.9206e-01
29874 0 +2.511527663e-05 +4.751002512e+01 +4.751002512e+01 +3.8462e-01 +4.8182e-01 -7.6182e-01 -4.8575e-01 +1.9203e-01
30254 0 +2.237393203e-05 +4.751002237e+01 +4.751002237e+01 +3.8510e-01 +4.8200e-01 -7.6198e-01 -4.8588e-01 +1.9201e-01
30854 0 +1.992832550e-05 +4.751001993e+01 +4.751001993e+01 +3.8556e-01 +4.8218e-01 -7.6215e-01 -4.8601e-01 +1.9200e-01
31414 0 +1.777795119e-05 +4.751001778e+01 +4.751001778e+01 +3.8598e-01 +4.8233e-01 -7.6230e-01 -4.8613e-01 +1.9197e-01
31944 0 +1.584852306e-05 +4.751001585e+01 +4.751001585e+01 +3.8639e-01 +4.8248e-01 -7.6246e-01 -4.8623e-01 +1.9196e-01
32454 0 +1.412003341e-05 +4.751001412e+01 +4.751001412e+01 +3.8678e-01 +4.8263e-01 -7.6259e-01 -4.8634e-01 +1.9194e-01
32937 0 +1.257989867e-05 +4.751001258e+01 +4.751001258e+01 +3.8715e-01 +4.8277e-01 -7.6272e-01 -4.8643e-01 +1.9192e-01
33374 0 +1.121264302e-05 +4.751001121e+01 +4.751001121e+01 +3.8748e-01 +4.8289e-01 -7.6285e-01 -4.8653e-01 +1.9190e-01
33804 0 +9.983204286e-06 +4.751000998e+01 +4.751000998e+01 +3.8781e-01 +4.8301e-01 -7.6297e-01 -4.8662e-01 +1.9190e-01
34204 0 +8.896284157e-06 +4.751000890e+01 +4.751000890e+01 +3.8811e-01 +4.8312e-01 -7.6308e-01 -4.8670e-01 +1.9188e-01
34579 0 +7.942266585e-06 +4.751000794e+01 +4.751000794e+01 +3.8840e-01 +4.8323e-01 -7.6318e-01 -4.8678e-01 +1.9187e-01
34941 0 +7.077857440e-06 +4.751000708e+01 +4.751000708e+01 +3.8867e-01 +4.8333e-01 -7.6328e-01 -4.8685e-01 +1.9185e-01
35274 0 +6.303635608e-06 +4.751000630e+01 +4.751000630e+01 +3.8893e-01 +4.8342e-01 -7.6337e-01 -4.8692e-01 +1.9184e-01
35634 0 +5.621439598e-06 +4.751000562e+01 +4.751000562e+01 +3.8917e-01 +4.8351e-01 -7.6346e-01 -4.8698e-01 +1.9183e-01
36244 0 +5.006010738e-06 +4.751000501e+01 +4.751000501e+01 +3.8940e-01 +4.8360e-01 -7.6354e-01 -4.8705e-01 +1.9182e-01
36807 0 +4.463608718e-06 +4.751000446e+01 +4.751000446e+01 +3.8962e-01 +4.8368e-01 -7.6362e-01 -4.8711e-01 +1.9181e-01
37344 0 +3.975471095e-06 +4.751000398e+01 +4.751000398e+01 +3.8982e-01 +4.8375e-01 -7.6369e-01 -4.8716e-01 +1.9180e-01
37849 0 +3.545247900e-06 +4.751000355e+01 +4.751000355e+01 +3.9001e-01 +4.8383e-01 -7.6376e-01 -4.8721e-01 +1.9179e-01
38324 0 +3.160978451e-06 +4.751000316e+01 +4.751000316e+01 +3.9020e-01 +4.8389e-01 -7.6382e-01 -4.8726e-01 +1.9179e-01
38774 0 +2.814821933e-06 +4.751000281e+01 +4.751000281e+01 +3.9037e-01 +4.8396e-01 -7.6389e-01 -4.8731e-01 +1.9178e-01
39204 0 +2.507535655e-06 +4.751000251e+01 +4.751000251e+01 +3.9053e-01 +4.8402e-01 -7.6395e-01 -4.8735e-01 +1.9177e-01
39606 0 +2.234770442e-06 +4.751000223e+01 +4.751000223e+01 +3.9068e-01 +4.8407e-01 -7.6400e-01 -4.8739e-01 +1.9176e-01
39984 0 +1.993445153e-06 +4.751000199e+01 +4.751000199e+01 +3.9083e-01 +4.8413e-01 -7.6405e-01 -4.8744e-01 +1.9176e-01
40337 0 +1.777529029e-06 +4.751000178e+01 +4.751000178e+01 +3.9096e-01 +4.8418e-01 -7.6410e-01 -4.8747e-01 +1.9175e-01
40684 0 +1.580195367e-06 +4.751000158e+01 +4.751000158e+01 +3.9110e-01 +4.8423e-01 -7.6415e-01 -4.8750e-01 +1.9174e-01
40997 0 +1.410696193e-06 +4.751000141e+01 +4.751000141e+01 +3.9121e-01 +4.8427e-01 -7.6419e-01 -4.8754e-01 +1.9174e-01
41584 0 +1.258261584e-06 +4.751000126e+01 +4.751000126e+01 +3.9133e-01 +4.8431e-01 -7.6423e-01 -4.8757e-01 +1.9173e-01
42154 0 +1.120935970e-06 +4.751000112e+01 +4.751000112e+01 +3.9144e-01 +4.8435e-01 -7.6427e-01 -4.8760e-01 +1.9173e-01
42694 0 +9.992103287e-07 +4.751000100e+01 +4.751000100e+01 +3.9154e-01 +4.8439e-01 -7.6431e-01 -4.8762e-01 +1.9173e-01
43196 0 +8.910107496e-07 +4.751000089e+01 +4.751000089e+01 +3.9164e-01 +4.8443e-01 -7.6434e-01 -4.8765e-01 +1.9172e-01
43677 0 +7.936718021e-07 +4.751000079e+01 +4.751000079e+01 +3.9173e-01 +4.8446e-01 -7.6438e-01 -4.8768e-01 +1.9172e-01
44134 0 +7.070987778e-07 +4.751000071e+01 +4.751000071e+01 +3.9182e-01 +4.8449e-01 -7.6441e-01 -4.8770e-01 +1.9171e-01
44554 0 +6.304096871e-07 +4.751000063e+01 +4.751000063e+01 +3.9190e-01 +4.8452e-01 -7.6444e-01 -4.8772e-01 +1.9171e-01
44964 0 +5.622747992e-07 +4.751000056e+01 +4.751000056e+01 +3.9197e-01 +4.8455e-01 -7.6446e-01 -4.8774e-01 +1.9171e-01
45344 0 +5.007145845e-07 +4.751000050e+01 +4.751000050e+01 +3.9205e-01 +4.8458e-01 -7.6449e-01 -4.8776e-01 +1.9170e-01
45704 0 +4.464476220e-07 +4.751000045e+01 +4.751000045e+01 +3.9212e-01 +4.8460e-01 -7.6451e-01 -4.8778e-01 +1.9170e-01
46044 0 +3.972926663e-07 +4.751000040e+01 +4.751000040e+01 +3.9218e-01 +4.8463e-01 -7.6454e-01 -4.8780e-01 +1.9170e-01
46354 0 +3.546675913e-07 +4.751000035e+01 +4.751000035e+01 +3.9224e-01 +4.8465e-01 -7.6456e-01 -4.8781e-01 +1.9169e-01
46894 0 +3.162178217e-07 +4.751000032e+01 +4.751000032e+01 +3.9230e-01 +4.8467e-01 -7.6458e-01 -4.8783e-01 +1.9169e-01
47474 0 +2.815874538e-07 +4.751000028e+01 +4.751000028e+01 +3.9235e-01 +4.8469e-01 -7.6460e-01 -4.8784e-01 +1.9169e-01
48009 0 +2.511791024e-07 +4.751000025e+01 +4.751000025e+01 +3.9240e-01 +4.8471e-01 -7.6462e-01 -4.8786e-01 +1.9169e-01
48517 0 +2.238382422e-07 +4.751000022e+01 +4.751000022e+01 +3.9245e-01 +4.8473e-01 -7.6464e-01 -4.8787e-01 +1.9169e-01
48994 0 +1.994513497e-07 +4.751000020e+01 +4.751000020e+01 +3.9250e-01 +4.8475e-01 -7.6465e-01 -4.8788e-01 +1.9168e-01
49454 0 +1.775104650e-07 +4.751000018e+01 +4.751000018e+01 +3.9254e-01 +4.8476e-01 -7.6467e-01 -4.8790e-01 +1.9168e-01
49877 0 +1.583973770e-07 +4.751000016e+01 +4.751000016e+01 +3.9258e-01 +4.8478e-01 -7.6468e-01 -4.8791e-01 +1.9168e-01
50000 0 +1.532626470e-07 +4.751000015e+01 +4.751000015e+01 +3.9259e-01 +4.8478e-01 -7.6469e-01 -4.8791e-01 +1.9168e-01
% f evaluations | g evaluations | best noise-free fitness - Fopt (5.534000000000e+01) + sum g_i+ | measured fitness | best measured fitness or single-digit g-values | x1 | x2...
1 0 +2.600000000e+01 +8.134000000e+01 +8.134000000e+01 +0.0000e+00 +0.0000e+00 +0.0000e+00 +0.0000e+00 +0.0000e+00
264 0 +2.209706263e+01 +7.743706263e+01 +7.743706263e+01 +0.0000e+00 -9.9093e-01 +1.0006e+00 +5.0032e-01 +0.0000e+00
267 0 +1.663472639e+01 +7.197472639e+01 +7.197472639e+01 +0.0000e+00 -9.9093e-01 +5.0032e-01 +5.0032e-01 +0.0000e+00
288 0 +1.223508443e+01 +6.757508443e+01 +6.757508443e+01 +0.0000e+00 -9.9093e-01 +7.5049e-01 +5.0032e-01 +0.0000e+00
289 0 +1.073671751e+01 +6.607671751e+01 +6.607671751e+01 +0.0000e+00 -9.9093e-01 +7.5049e-01 +2.5016e-01 +0.0000e+00
293 0 +9.255201360e+00 +6.459520136e+01 +6.459520136e+01 -2.5016e-01 -9.9093e-01 +7.5049e-01 +2.5016e-01 +0.0000e+00
296 0 +6.104511752e+00 +6.144451175e+01 +6.144451175e+01 -2.5016e-01 -7.4077e-01 +7.5049e-01 +2.5016e-01 +0.0000e+00
314 0 +4.863933157e+00 +6.020393316e+01 +6.020393316e+01 -1.2508e-01 -7.4077e-01 +7.5049e-01 +2.5016e-01 +0.0000e+00
321 0 +4.091791159e+00 +5.943179116e+01 +5.943179116e+01 -1.2508e-01 -7.4077e-01 +7.5049e-01 +2.5016e-01 -1.2508e-01
341 0 +3.979893960e+00 +5.931989396e+01 +5.931989396e+01 -6.2541e-02 -7.4077e-01 +7.5049e-01 +2.5016e-01 -1.8762e-01
391 0 +3.456738328e+00 +5.879673833e+01 +5.879673833e+01 +0.0000e+00 -6.1569e-01 +7.1922e-01 +1.8762e-01 -2.5016e-01
431 0 +3.143760996e+00 +5.848376100e+01 +5.848376100e+01 +6.2541e-02 -4.9060e-01 +6.8795e-01 +1.5635e-01 -3.1270e-01
466 0 +2.816564102e+00 +5.815656410e+01 +5.815656410e+01 +9.3811e-02 -3.6552e-01 +6.8795e-01 +1.5635e-01 -3.4397e-01
506 0 +2.489169929e+00 +5.782916993e+01 +5.782916993e+01 +1.2508e-01 -2.4044e-01 +6.8795e-01 +1.2508e-01 -3.4397e-01
546 0 +2.168534257e+00 +5.750853426e+01 +5.750853426e+01 +1.2508e-01 -1.1536e-01 +6.5668e-01 +1.2508e-01 -3.7524e-01
576 0 +1.944303447e+00 +5.728430345e+01 +5.728430345e+01 +1.2508e-01 -2.1550e-02 +6.2541e-01 +1.2508e-01 -3.7524e-01
606 0 +1.747052660e+00 +5.708705266e+01 +5.708705266e+01 +1.2508e-01 +7.2261e-02 +5.9414e-01 +9.3811e-02 -3.7524e-01
627 0 +1.540695839e+00 +5.688069584e+01 +5.688069584e+01 +9.3811e-02 +1.3480e-01 +5.6287e-01 +9.3811e-02 -3.7524e-01
646 0 +1.402372413e+00 +5.674237241e+01 +5.674237241e+01 +9.3811e-02 +1.9734e-01 +5.3159e-01 +9.3811e-02 -3.7524e-01
693 0 +1.237907987e+00 +5.657790799e+01 +5.657790799e+01 +6.2541e-02 +2.4425e-01 +4.8469e-01 +9.3811e-02 -3.7524e-01
726 0 +1.106511484e+00 +5.644651148e+01 +5.644651148e+01 +4.6905e-02 +3.0679e-01 +4.5342e-01 +9.3811e-02 -3.7524e-01
757 0 +9.952739064e-01 +5.633527391e+01 +5.633527391e+01 +4.6905e-02 +3.3806e-01 +3.9088e-01 +9.3811e-02 -3.5961e-01
786 0 +8.887839352e-01 +5.622878394e+01 +5.622878394e+01 +3.1270e-02 +3.8496e-01 +3.5961e-01 +9.3811e-02 -3.5961e-01
842 0 +7.809906040e-01 +5.612099060e+01 +5.612099060e+01 +1.5635e-02 +4.1623e-01 +3.2052e-01 +8.5993e-02 -3.5179e-01
893 0 +7.069004569e-01 +5.604690046e+01 +5.604690046e+01 +7.8176e-03 +4.3969e-01 +2.8143e-01 +7.8176e-02 -3.3616e-01
946 0 +6.301173535e-01 +5.597011735e+01 +5.597011735e+01 +7.8176e-03 +4.7096e-01 +2.4234e-01 +7.0358e-02 -3.2834e-01
997 0 +5.587808625e-01 +5.589878086e+01 +5.589878086e+01 -2.0817e-17 +4.9441e-01 +1.9544e-01 +6.2541e-02 -3.2052e-01
1056 0 +4.977947522e-01 +5.583779475e+01 +5.583779475e+01 -2.0817e-17 +5.1786e-01 +1.5635e-01 +5.4723e-02 -3.0489e-01
1152 0 +4.456658499e-01 +5.578566585e+01 +5.578566585e+01 -7.8176e-03 +5.3741e-01 +1.1726e-01 +5.0814e-02 -2.9316e-01
1249 0 +3.964699986e-01 +5.573647000e+01 +5.573647000e+01 -7.8176e-03 +5.5304e-01 +7.8176e-02 +3.9088e-02 -2.8143e-01
1347 0 +3.530876918e-01 +5.569308769e+01 +5.569308769e+01 -7.8176e-03 +5.7259e-01 +3.9088e-02 +3.1270e-02 -2.6971e-01
1477 0 +3.161286020e-01 +5.565612860e+01 +5.565612860e+01 -9.7720e-03 +5.8627e-01 +5.8632e-03 +2.3453e-02 -2.5603e-01
1667 0 +2.809629130e-01 +5.562096291e+01 +5.562096291e+01 -7.8176e-03 +5.9995e-01 -3.1270e-02 +1.3681e-02 -2.4234e-01
1837 0 +2.508390397e-01 +5.559083904e+01 +5.559083904e+01 -7.8176e-03 +6.1363e-01 -6.4495e-02 +5.8632e-03 -2.2866e-01
2007 0 +2.232080324e-01 +5.556320803e+01 +5.556320803e+01 -5.8632e-03 +6.2535e-01 -9.7720e-02 -3.9088e-03 -2.1498e-01
2174 0 +1.992488409e-01 +5.553924884e+01 +5.553924884e+01 -3.9088e-03 +6.3513e-01 -1.2899e-01 -1.3681e-02 -2.0130e-01
2467 0 +1.775728863e-01 +5.551757289e+01 +5.551757289e+01 -2.9316e-03 +6.4587e-01 -1.5928e-01 -2.2476e-02 -1.8958e-01
2767 0 +1.584404832e-01 +5.549844048e+01 +5.549844048e+01 -1.9516e-17 +6.5467e-01 -1.8860e-01 -3.1270e-02 -1.7687e-01
3057 0 +1.408707390e-01 +5.548087074e+01 +5.548087074e+01 +1.9544e-03 +6.6346e-01 -2.1694e-01 -4.1042e-02 -1.6417e-01
3332 0 +1.255668257e-01 +5.546556683e+01 +5.546556683e+01 +4.8860e-03 +6.7128e-01 -2.4332e-01 -4.9837e-02 -1.5147e-01
3597 0 +1.119367527e-01 +5.545193675e+01 +5.545193675e+01 +7.8176e-03 +6.7812e-01 -2.6971e-01 -5.7655e-02 -1.3974e-01
3887 0 +9.986343336e-02 +5.543986343e+01 +5.543986343e+01 +1.0261e-02 +6.8496e-01 -2.9316e-01 -6.6449e-02 -1.2850e-01
4367 0 +8.910141114e-02 +5.542910141e+01 +5.542910141e+01 +1.3192e-02 +6.9083e-01 -3.1661e-01 -7.4267e-02 -1.1726e-01
4817 0 +7.940014884e-02 +5.541940015e+01 +5.541940015e+01 +1.6124e-02 +6.9669e-01 -3.3860e-01 -8.2573e-02 -1.0651e-01
5257 0 +7.069606826e-02 +5.541069607e+01 +5.541069607e+01 +1.9055e-02 +7.0206e-01 -3.6010e-01 -9.0391e-02 -9.6254e-02
5667 0 +6.306823693e-02 +5.540306824e+01 +5.540306824e+01 +2.1987e-02 +7.0695e-01 -3.8013e-01 -9.7720e-02 -8.5993e-02
6067 0 +5.620855016e-02 +5.539620855e+01 +5.539620855e+01 +2.4919e-02 +7.1135e-01 -3.9967e-01 -1.0505e-01 -7.6710e-02
6442 0 +5.010854787e-02 +5.539010855e+01 +5.539010855e+01 +2.7850e-02 +7.1574e-01 -4.1775e-01 -1.1189e-01 -6.6938e-02
6797 0 +4.458157267e-02 +5.538458157e+01 +5.538458157e+01 +3.0782e-02 +7.1965e-01 -4.3534e-01 -1.1873e-01 -5.8143e-02
7142 0 +3.972025600e-02 +5.537972026e+01 +5.537972026e+01 +3.3713e-02 +7.2307e-01 -4.5195e-01 -1.2557e-01 -4.9348e-02
7457 0 +3.544525288e-02 +5.537544525e+01 +5.537544525e+01 +3.6156e-02 +7.2649e-01 -4.6759e-01 -1.3143e-01 -4.1531e-02
7767 0 +3.160196878e-02 +5.537160197e+01 +5.537160197e+01 +3.9088e-02 +7.2991e-01 -4.8274e-01 -1.3730e-01 -3.3713e-02
8199 0 +2.816927568e-02 +5.536816928e+01 +5.536816928e+01 +4.1287e-02 +7.3260e-01 -4.9666e-01 -1.4316e-01 -2.6140e-02
8747 0 +2.511035354e-02 +5.536511035e+01 +5.536511035e+01 +4.3974e-02 +7.3553e-01 -5.1010e-01 -1.4853e-01 -1.9055e-02
9277 0 +2.237705339e-02 +5.536237705e+01 +5.536237705e+01 +4.6173e-02 +7.3822e-01 -5.2304e-01 -1.5366e-01 -1.2215e-02
9774 0 +1.993962681e-02 +5.535993963e+01 +5.535993963e+01 +4.8616e-02 +7.4042e-01 -5.3502e-01 -1.5879e-01 -5.6189e-03
10242 0 +1.777141788e-02 +5.535777142e+01 +5.535777142e+01 +5.0814e-02 +7.4262e-01 -5.4650e-01 -1.6368e-01 +7.3290e-04
10687 0 +1.583456197e-02 +5.535583456e+01 +5.535583456e+01 +5.3013e-02 +7.4482e-01 -5.5749e-01 -1.6808e-01 +6.5961e-03
11107 0 +1.411415830e-02 +5.535411416e+01 +5.535411416e+01 +5.4967e-02 +7.4677e-01 -5.6775e-01 -1.7248e-01 +1.2215e-02
11859 0 +1.258224248e-02 +5.535258224e+01 +5.535258224e+01 +5.6922e-02 +7.4860e-01 -5.7752e-01 -1.7663e-01 +1.7590e-02
12617 0 +1.121470235e-02 +5.535121470e+01 +5.535121470e+01 +5.8754e-02 +7.5031e-01 -5.8681e-01 -1.8054e-01 +2.2720e-02
13339 0 +9.993692822e-03 +5.534999369e+01 +5.534999369e+01 +6.0586e-02 +7.5190e-01 -5.9560e-01 -1.8432e-01 +2.7606e-02
14022 0 +8.907680894e-03 +5.534890768e+01 +5.534890768e+01 +6.2296e-02 +7.5349e-01 -6.0391e-01 -1.8787e-01 +3.2247e-02
14672 0 +7.936419575e-03 +5.534793642e+01 +5.534793642e+01 +6.3884e-02 +7.5495e-01 -6.1185e-01 -1.9129e-01 +3.6645e-02
15277 0 +7.074480166e-03 +5.534707448e+01 +5.534707448e+01 +6.5594e-02 +7.5618e-01 -6.1930e-01 -1.9446e-01 +4.0798e-02
15857 0 +6.304146679e-03 +5.534630415e+01 +5.534630415e+01 +6.7060e-02 +7.5752e-01 -6.2638e-01 -1.9752e-01 +4.4707e-02
16397 0 +5.623224783e-03 +5.534562322e+01 +5.534562322e+01 +6.8526e-02 +7.5862e-01 -6.3298e-01 -2.0045e-01 +4.8493e-02
16924 0 +5.009029612e-03 +5.534500903e+01 +5.534500903e+01 +6.9870e-02 +7.5972e-01 -6.3933e-01 -2.0326e-01 +5.2036e-02
17412 0 +4.465470930e-03 +5.534446547e+01 +5.534446547e+01 +7.1091e-02 +7.6082e-01 -6.4532e-01 -2.0582e-01 +5.5456e-02
17879 0 +3.976142274e-03 +5.534397614e+01 +5.534397614e+01 +7.2313e-02 +7.6179e-01 -6.5106e-01 -2.0839e-01 +5.8632e-02
18307 0 +3.546801282e-03 +5.534354680e+01 +5.534354680e+01 +7.3534e-02 +7.6265e-01 -6.5631e-01 -2.1071e-01 +6.1686e-02
18742 0 +3.161750966e-03 +5.534316175e+01 +5.534316175e+01 +7.4633e-02 +7.6350e-01 -6.6144e-01 -2.1291e-01 +6.4617e-02
19302 0 +2.818027377e-03 +5.534281803e+01 +5.534281803e+01 +7.5733e-02 +7.6436e-01 -6.6614e-01 -2.1511e-01 +6.7304e-02
20047 0 +2.510783899e-03 +5.534251078e+01 +5.534251078e+01 +7.6710e-02 +7.6509e-01 -6.7072e-01 -2.1706e-01 +6.9870e-02
20747 0 +2.235932644e-03 +5.534223593e+01 +5.534223593e+01 +7.7748e-02 +7.6583e-01 -6.7500e-01 -2.1901e-01 +7.2313e-02
21407 0 +1.994054180e-03 +5.534199405e+01 +5.534199405e+01 +7.8603e-02 +7.6650e-01 -6.7903e-01 -2.2079e-01 +7.4633e-02
22037 0 +1.777106963e-03 +5.534177711e+01 +5.534177711e+01 +7.9458e-02 +7.6711e-01 -6.8288e-01 -2.2250e-01 +7.6832e-02
22627 0 +1.582745516e-03 +5.534158275e+01 +5.534158275e+01 +8.0313e-02 +7.6772e-01 -6.8648e-01 -2.2414e-01 +7.8909e-02
23187 0 +1.411177202e-03 +5.534141118e+01 +5.534141118e+01 +8.1107e-02 +7.6827e-01 -6.8990e-01 -2.2567e-01 +8.0863e-02
23717 0 +1.257656647e-03 +5.534125766e+01 +5.534125766e+01 +8.1840e-02 +7.6882e-01 -6.9314e-01 -2.2714e-01 +8.2695e-02
24287 0 +1.121216362e-03 +5.534112122e+01 +5.534112122e+01 +8.2512e-02 +7.6931e-01 -6.9616e-01 -2.2851e-01 +8.4466e-02
25227 0 +9.999695223e-04 +5.534099997e+01 +5.534099997e+01 +8.3184e-02 +7.6980e-01 -6.9903e-01 -2.2979e-01 +8.6115e-02
26127 0 +8.903731692e-04 +5.534089037e+01 +5.534089037e+01 +8.3825e-02 +7.7022e-01 -7.0178e-01 -2.3105e-01 +8.7703e-02
26967 0 +7.936179481e-04 +5.534079362e+01 +5.534079362e+01 +8.4405e-02 +7.7065e-01 -7.0434e-01 -2.3221e-01 +8.9200e-02
27767 0 +7.072149171e-04 +5.534070721e+01 +5.534070721e+01 +8.4955e-02 +7.7105e-01 -7.0679e-01 -2.3331e-01 +9.0604e-02
28517 0 +6.305439822e-04 +5.534063054e+01 +5.534063054e+01 +8.5505e-02 +7.7138e-01 -7.0908e-01 -2.3434e-01 +9.1948e-02
29227 0 +5.621776650e-04 +5.534056218e+01 +5.534056218e+01 +8.5993e-02 +7.7175e-01 -7.1125e-01 -2.3532e-01 +9.3200e-02
29897 0 +5.010469475e-04 +5.534050105e+01 +5.534050105e+01 +8.6482e-02 +7.7206e-01 -7.1329e-01 -2.3627e-01 +9.4391e-02
30537 0 +4.460876809e-04 +5.534044609e+01 +5.534044609e+01 +8.6940e-02 +7.7239e-01 -7.1525e-01 -2.3715e-01 +9.5521e-02
31137 0 +3.980954223e-04 +5.534039810e+01 +5.534039810e+01 +8.7367e-02 +7.7267e-01 -7.1708e-01 -2.3798e-01 +9.6559e-02
31707 0 +3.542004003e-04 +5.534035420e+01 +5.534035420e+01 +8.7764e-02 +7.7294e-01 -7.1882e-01 -2.3877e-01 +9.7597e-02
32589 0 +3.162022684e-04 +5.534031620e+01 +5.534031620e+01 +8.8146e-02 +7.7320e-01 -7.2042e-01 -2.3952e-01 +9.8529e-02
33597 0 +2.818242089e-04 +5.534028182e+01 +5.534028182e+01 +8.8513e-02 +7.7344e-01 -7.2196e-01 -2.4022e-01 +9.9430e-02
34562 0 +2.510741254e-04 +5.534025107e+01 +5.534025107e+01 +8.8849e-02 +7.7367e-01 -7.2343e-01 -2.4089e-01 +1.0028e-01
35464 0 +2.238141653e-04 +5.534022381e+01 +5.534022381e+01 +8.9184e-02 +7.7389e-01 -7.2480e-01 -2.4152e-01 +1.0108e-01
36317 0 +1.994793150e-04 +5.534019948e+01 +5.534019948e+01 +8.9475e-02 +7.7410e-01 -7.2612e-01 -2.4210e-01 +1.0184e-01
37119 0 +1.777864841e-04 +5.534017779e+01 +5.534017779e+01 +8.9780e-02 +7.7430e-01 -7.2734e-01 -2.4268e-01 +1.0254e-01
37877 0 +1.584371247e-04 +5.534015844e+01 +5.534015844e+01 +9.0055e-02 +7.7447e-01 -7.2850e-01 -2.4320e-01 +1.0323e-01
38597 0 +1.411669302e-04 +5.534014117e+01 +5.534014117e+01 +9.0314e-02 +7.7464e-01 -7.2960e-01 -2.4370e-01 +1.0387e-01
39277 0 +1.258617880e-04 +5.534012586e+01 +5.534012586e+01 +9.0559e-02 +7.7480e-01 -7.3064e-01 -2.4418e-01 +1.0447e-01
39912 0 +1.121911778e-04 +5.534011219e+01 +5.534011219e+01 +9.0788e-02 +7.7496e-01 -7.3160e-01 -2.4464e-01 +1.0505e-01
40517 0 +9.998274714e-05 +5.534009998e+01 +5.534009998e+01 +9.1001e-02 +7.7509e-01 -7.3253e-01 -2.4505e-01 +1.0558e-01
41097 0 +8.910625154e-05 +5.534008911e+01 +5.534008911e+01 +9.1215e-02 +7.7523e-01 -7.3342e-01 -2.4544e-01 +1.0610e-01
41627 0 +7.939963260e-05 +5.534007940e+01 +5.534007940e+01 +9.1398e-02 +7.7537e-01 -7.3423e-01 -2.4583e-01 +1.0658e-01
42149 0 +7.078186071e-05 +5.534007078e+01 +5.534007078e+01 +9.1582e-02 +7.7548e-01 -7.3500e-01 -2.4619e-01 +1.0703e-01
42662 0 +6.307630643e-05 +5.534006308e+01 +5.534006308e+01 +9.1765e-02 +7.7560e-01 -7.3573e-01 -2.4653e-01 +1.0746e-01
43567 0 +5.621112472e-05 +5.534005621e+01 +5.534005621e+01 +9.1933e-02 +7.7570e-01 -7.3642e-01 -2.4684e-01 +1.0787e-01
44427 0 +5.010996211e-05 +5.534005011e+01 +5.534005011e+01 +9.2085e-02 +7.7580e-01 -7.3708e-01 -2.4714e-01 +1.0825e-01
45237 0 +4.463991696e-05 +5.534004464e+01 +5.534004464e+01 +9.2231e-02 +7.7590e-01 -7.3770e-01 -2.4743e-01 +1.0861e-01
45997 0 +3.979278389e-05 +5.534003979e+01 +5.534003979e+01 +9.2376e-02 +7.7599e-01 -7.3828e-01 -2.4770e-01 +1.0895e-01
46717 0 +3.547775161e-05 +5.534003548e+01 +5.534003548e+01 +9.2505e-02 +7.7608e-01 -7.3883e-01 -2.4795e-01 +1.0927e-01
47407 0 +3.158239359e-05 +5.534003158e+01 +5.534003158e+01 +9.2628e-02 +7.7616e-01 -7.3936e-01 -2.4819e-01 +1.0958e-01
48047 0 +2.816613805e-05 +5.534002817e+01 +5.534002817e+01 +9.2742e-02 +7.7623e-01 -7.3984e-01 -2.4841e-01 +1.0987e-01
48657 0 +2.510524221e-05 +5.534002511e+01 +5.534002511e+01 +9.2857e-02 +7.7631e-01 -7.4031e-01 -2.4863e-01 +1.1013e-01
49229 0 +2.238178907e-05 +5.534002238e+01 +5.534002238e+01 +9.2956e-02 +7.7638e-01 -7.4075e-01 -2.4883e-01 +1.1039e-01
49777 0 +1.994611316e-05 +5.534001995e+01 +5.534001995e+01 +9.3055e-02 +7.7644e-01 -7.4117e-01 -2.4902e-01 +1.1064e-01
50000 0 +1.918439668e-05 +5.534001918e+01 +5.534001918e+01 +9.3089e-02 +7.7646e-01 -7.4129e-01 -2.4908e-01 +1.1071e-01
% f evaluations | g evaluations | best noise-free fitness - Fopt (-9.033000000000e+01) + sum g_i+ | measured fitness | best measured fitness or single-digit g-values | x1 | x2...
1 0 +2.600000000e+01 -6.433000000e+01 -6.433000000e+01 +0.0000e+00 +0.0000e+00 +0.0000e+00 +0.0000e+00 +0.0000e+00
320 0 +1.977089995e+01 -7.055910005e+01 -7.055910005e+01 -1.1257e+00 +4.6377e+00 +2.0013e+00 -2.3765e+00 -2.7518e+00
323 0 +1.362378753e+01 -7.670621247e+01 -7.670621247e+01 -1.2508e+00 +4.6377e+00 +2.0013e+00 -2.3765e+00 -2.7518e+00
330 0 +1.024145855e+01 -8.008854145e+01 -8.008854145e+01 -1.2508e+00 +4.6377e+00 +2.0013e+00 -2.2515e+00 -2.7518e+00
348 0 +9.069697599e+00 -8.126030240e+01 -8.126030240e+01 -1.2508e+00 +4.6377e+00 +2.0638e+00 -2.2515e+00 -2.7518e+00
364 0 +8.079833924e+00 -8.225016608e+01 -8.225016608e+01 -1.2195e+00 +4.6377e+00 +2.0638e+00 -2.2515e+00 -2.7518e+00
371 0 +7.188135052e+00 -8.314186495e+01 -8.314186495e+01 -1.2195e+00 +4.6377e+00 +2.0638e+00 -2.2515e+00 -2.7831e+00
428 0 +7.068745663e+00 -8.326125434e+01 -8.326125434e+01 -1.2234e+00 +4.6377e+00 +2.0521e+00 -2.2515e+00 -2.7831e+00
26655 0 +6.309527298e+00 -8.402047270e+01 -8.402047270e+01 -1.1177e+00 +3.9820e+00 +1.7905e+00 -1.5984e+00 -2.3267e+00
50000 0 +5.704494137e+00 -8.462550586e+01 -8.462550586e+01 -1.0327e+00 +3.4118e+00 +1.5620e+00 -1.0498e+00 -1.9515e+00
% f evaluations | g evaluations | best noise-free fitness - Fopt (6.561000000000e+01) + sum g_i+ | measured fitness | best measured fitness or single-digit g-values | x1 | x2...
1 0 +2.600000000e+01 +9.161000000e+01 +9.161000000e+01 +0.0000e+00 +0.0000e+00 +0.0000e+00 +0.0000e+00 +0.0000e+00
272 0 +1.020099235e+01 +7.581099235e+01 +7.581099235e+01 +0.0000e+00 +0.0000e+00 +1.0006e+00 +5.0032e-01 -9.7199e-03
284 0 +7.909639751e+00 +7.351963975e+01 +7.351963975e+01 +2.5016e-01 +0.0000e+00 +1.0006e+00 +5.0032e-01 -9.7199e-03
287 0 +5.453639825e+00 +7.106363982e+01 +7.106363982e+01 +2.5016e-01 +0.0000e+00 +7.5049e-01 +5.0032e-01 -9.7199e-03
303 0 +4.794291172e+00 +7.040429117e+01 +7.040429117e+01 +1.2508e-01 +0.0000e+00 +7.5049e-01 +5.0032e-01 -9.7199e-03
309 0 +3.970797577e+00 +6.958079758e+01 +6.958079758e+01 +1.2508e-01 +0.0000e+00 +8.7557e-01 +3.7524e-01 -9.7199e-03
327 0 +3.512287268e+00 +6.912228727e+01 +6.912228727e+01 +6.2541e-02 +0.0000e+00 +8.1303e-01 +3.7524e-01 -9.7199e-03
331 0 +2.948638132e+00 +6.855863813e+01 +6.855863813e+01 +6.2541e-02 +0.0000e+00 +8.1303e-01 +3.7524e-01 -7.2261e-02
383 0 +2.784017980e+00 +6.839401798e+01 +6.839401798e+01 +1.5635e-02 -1.5635e-02 +8.1303e-01 +3.2834e-01 -8.7896e-02
439 0 +2.485650041e+00 +6.809565004e+01 +6.809565004e+01 -4.6905e-02 -6.2541e-02 +7.8176e-01 +2.3453e-01 -1.0353e-01
499 0 +2.232453345e+00 +6.784245335e+01 +6.784245335e+01 -1.0945e-01 -9.3811e-02 +7.5049e-01 +1.4072e-01 -1.0353e-01
553 0 +1.961049453e+00 +6.757104945e+01 +6.757104945e+01 -1.5635e-01 -1.0945e-01 +7.1922e-01 +6.2541e-02 -1.3480e-01
599 0 +1.769794557e+00 +6.737979456e+01 +6.737979456e+01 -1.8762e-01 -1.0945e-01 +6.7231e-01 -1.5635e-02 -1.3480e-01
639 0 +1.561158425e+00 +6.717115842e+01 +6.717115842e+01 -2.1889e-01 -1.0945e-01 +6.2541e-01 -7.8176e-02 -1.5044e-01
683 0 +1.379507745e+00 +6.698950774e+01 +6.698950774e+01 -2.5016e-01 -1.0945e-01 +5.9414e-01 -1.4072e-01 -1.6607e-01
711 0 +1.254206063e+00 +6.686420606e+01 +6.686420606e+01 -2.6580e-01 -1.0945e-01 +5.4723e-01 -1.8762e-01 -1.8171e-01
737 0 +1.117376207e+00 +6.672737621e+01 +6.672737621e+01 -2.8143e-01 -9.3811e-02 +5.0032e-01 -2.1889e-01 -1.8171e-01
777 0 +9.886636650e-01 +6.659866367e+01 +6.659866367e+01 -3.1270e-01 -9.3811e-02 +4.3778e-01 -2.6580e-01 -1.8171e-01
797 0 +8.760546941e-01 +6.648605469e+01 +6.648605469e+01 -3.2834e-01 -7.8176e-02 +4.0651e-01 -2.9707e-01 -1.9734e-01
833 0 +7.818973849e-01 +6.639189738e+01 +6.639189738e+01 -3.4397e-01 -7.8176e-02 +3.5961e-01 -3.2834e-01 -1.9734e-01
869 0 +6.989393297e-01 +6.630893933e+01 +6.630893933e+01 -3.4397e-01 -7.0358e-02 +3.2052e-01 -3.5179e-01 -1.9734e-01
919 0 +6.297253972e-01 +6.623972540e+01 +6.623972540e+01 -3.5961e-01 -7.0358e-02 +2.8143e-01 -3.7524e-01 -1.9734e-01
979 0 +5.615393133e-01 +6.617153931e+01 +6.617153931e+01 -3.6743e-01 -6.2541e-02 +2.3453e-01 -3.9870e-01 -1.9734e-01
1037 0 +4.952200821e-01 +6.610522008e+01 +6.610522008e+01 -3.7524e-01 -6.2541e-02 +1.8762e-01 -4.1433e-01 -1.8952e-01
1137 0 +4.431195637e-01 +6.605311956e+01 +6.605311956e+01 -3.8306e-01 -5.8632e-02 +1.4463e-01 -4.2606e-01 -1.8562e-01
1239 0 +3.974695194e-01 +6.600746952e+01 +6.600746952e+01 -3.9088e-01 -5.8632e-02 +1.0554e-01 -4.4169e-01 -1.8171e-01
1347 0 +3.541443356e-01 +6.596414434e+01 +6.596414434e+01 -3.9479e-01 -5.8632e-02 +6.2541e-02 -4.5342e-01 -1.7389e-01
1457 0 +3.140855144e-01 +6.592408551e+01 +6.592408551e+01 -4.0260e-01 -5.8632e-02 +1.9544e-02 -4.6515e-01 -1.6998e-01
1557 0 +2.810986007e-01 +6.589109860e+01 +6.589109860e+01 -4.0651e-01 -5.8632e-02 -1.9544e-02 -4.7296e-01 -1.6216e-01
1657 0 +2.481022078e-01 +6.585810221e+01 +6.585810221e+01 -4.1042e-01 -6.2541e-02 -5.8632e-02 -4.8469e-01 -1.5434e-01
1752 0 +2.228754610e-01 +6.583287546e+01 +6.583287546e+01 -4.1433e-01 -6.2541e-02 -9.3811e-02 -4.9251e-01 -1.4653e-01
1907 0 +1.987662875e-01 +6.580876629e+01 +6.580876629e+01 -4.1824e-01 -6.6449e-02 -1.2899e-01 -4.9837e-01 -1.4066e-01
2077 0 +1.773888173e-01 +6.578738882e+01 +6.578738882e+01 -4.2019e-01 -6.8404e-02 -1.6221e-01 -5.0423e-01 -1.3285e-01
2247 0 +1.579113972e-01 +6.576791140e+01 +6.576791140e+01 -4.2410e-01 -7.0358e-02 -1.9544e-01 -5.1010e-01 -1.2503e-01
2407 0 +1.412459113e-01 +6.575124591e+01 +6.575124591e+01 -4.2410e-01 -7.2313e-02 -2.2671e-01 -5.1401e-01 -1.1721e-01
2567 0 +1.257284472e-01 +6.573572845e+01 +6.573572845e+01 -4.2606e-01 -7.6221e-02 -2.5798e-01 -5.1791e-01 -1.0939e-01
2717 0 +1.119024688e-01 +6.572190247e+01 +6.572190247e+01 -4.2801e-01 -7.8176e-02 -2.8730e-01 -5.2378e-01 -1.0158e-01
2864 0 +9.977815419e-02 +6.570977815e+01 +6.570977815e+01 -4.2997e-01 -8.2084e-02 -3.1466e-01 -5.2769e-01 -9.3759e-02
3069 0 +8.908683663e-02 +6.569908684e+01 +6.569908684e+01 -4.3192e-01 -8.5016e-02 -3.4006e-01 -5.3062e-01 -8.7896e-02
3327 0 +7.918888079e-02 +6.568918888e+01 +6.568918888e+01 -4.3290e-01 -8.7948e-02 -3.6547e-01 -5.3257e-01 -8.0078e-02
3577 0 +7.057446632e-02 +6.568057447e+01 +6.568057447e+01 -4.3388e-01 -9.0879e-02 -3.8990e-01 -5.3550e-01 -7.3238e-02
3817 0 +6.299226044e-02 +6.567299226e+01 +6.567299226e+01 -4.3485e-01 -9.3811e-02 -4.1335e-01 -5.3844e-01 -6.6397e-02
4047 0 +5.622286807e-02 +6.566622287e+01 +6.566622287e+01 -4.3583e-01 -9.6742e-02 -4.3583e-01 -5.4039e-01 -6.0534e-02
4257 0 +4.996048805e-02 +6.565996049e+01 +6.565996049e+01 -4.3681e-01 -1.0065e-01 -4.5635e-01 -5.4234e-01 -5.3694e-02
4472 0 +4.465738878e-02 +6.565465739e+01 +6.565465739e+01 -4.3681e-01 -1.0261e-01 -4.7687e-01 -5.4332e-01 -4.6853e-02
4667 0 +3.977190311e-02 +6.564977190e+01 +6.564977190e+01 -4.3778e-01 -1.0651e-01 -4.9642e-01 -5.4528e-01 -4.1967e-02
4967 0 +3.544926451e-02 +6.564544926e+01 +6.564544926e+01 -4.3827e-01 -1.0896e-01 -5.1303e-01 -5.4674e-01 -3.6104e-02
5327 0 +3.160219025e-02 +6.564160219e+01 +6.564160219e+01 -4.3827e-01 -1.1140e-01 -5.3062e-01 -5.4772e-01 -3.0730e-02
5657 0 +2.816625925e-02 +6.563816626e+01 +6.563816626e+01 -4.3876e-01 -1.1433e-01 -5.4674e-01 -5.4918e-01 -2.5355e-02
5977 0 +2.511064149e-02 +6.563511064e+01 +6.563511064e+01 -4.3925e-01 -1.1677e-01 -5.6238e-01 -5.5016e-01 -2.0469e-02
6287 0 +2.235952809e-02 +6.563235953e+01 +6.563235953e+01 -4.3925e-01 -1.1922e-01 -5.7752e-01 -5.5114e-01 -1.5583e-02
6572 0 +1.994066923e-02 +6.562994067e+01 +6.562994067e+01 -4.3974e-01 -1.2166e-01 -5.9120e-01 -5.5212e-01 -1.0697e-02
6847 0 +1.775886531e-02 +6.562775887e+01 +6.562775887e+01 -4.3974e-01 -1.2410e-01 -6.0488e-01 -5.5309e-01 -6.2997e-03
7200 0 +1.584735522e-02 +6.562584736e+01 +6.562584736e+01 -4.3998e-01 -1.2606e-01 -6.1710e-01 -5.5334e-01 -2.1467e-03
7697 0 +1.409413449e-02 +6.562409413e+01 +6.562409413e+01 -4.3998e-01 -1.2826e-01 -6.2931e-01 -5.5407e-01 +2.0064e-03
8157 0 +1.258891080e-02 +6.562258891e+01 +6.562258891e+01 -4.4023e-01 -1.3021e-01 -6.4055e-01 -5.5480e-01 +5.6709e-03
8607 0 +1.121405825e-02 +6.562121406e+01 +6.562121406e+01 -4.4023e-01 -1.3217e-01 -6.5155e-01 -5.5529e-01 +9.3354e-03
9022 0 +9.999485327e-03 +6.561999949e+01 +6.561999949e+01 -4.4047e-01 -1.3412e-01 -6.6156e-01 -5.5578e-01 +1.3000e-02
9427 0 +8.909471592e-03 +6.561890947e+01 +6.561890947e+01 -4.4047e-01 -1.3583e-01 -6.7158e-01 -5.5627e-01 +1.6176e-02
9802 0 +7.940394253e-03 +6.561794039e+01 +6.561794039e+01 -4.4047e-01 -1.3754e-01 -6.8062e-01 -5.5676e-01 +1.9596e-02
10147 0 +7.074014493e-03 +6.561707401e+01 +6.561707401e+01 -4.4047e-01 -1.3925e-01 -6.8917e-01 -5.5700e-01 +2.2528e-02
10497 0 +6.283581343e-03 +6.561628358e+01 +6.561628358e+01 -4.4047e-01 -1.4096e-01 -6.9772e-01 -5.5749e-01 +2.5459e-02
10807 0 +5.617334425e-03 +6.561561733e+01 +6.561561733e+01 -4.4047e-01 -1.4243e-01 -7.0529e-01 -5.5773e-01 +2.8146e-02
11122 0 +4.998402489e-03 +6.561499840e+01 +6.561499840e+01 -4.4072e-01 -1.4389e-01 -7.1286e-01 -5.5822e-01 +3.0834e-02
11427 0 +4.463014873e-03 +6.561446301e+01 +6.561446301e+01 -4.4059e-01 -1.4511e-01 -7.1958e-01 -5.5835e-01 +3.3155e-02
11975 0 +3.980866009e-03 +6.561398087e+01 +6.561398087e+01 -4.4059e-01 -1.4646e-01 -7.2618e-01 -5.5859e-01 +3.5475e-02
12487 0 +3.547032888e-03 +6.561354703e+01 +6.561354703e+01 -4.4059e-01 -1.4756e-01 -7.3253e-01 -5.5883e-01 +3.7674e-02
12972 0 +3.159839640e-03 +6.561315984e+01 +6.561315984e+01 -4.4059e-01 -1.4878e-01 -7.3839e-01 -5.5908e-01 +3.9873e-02
13427 0 +2.815375079e-03 +6.561281538e+01 +6.561281538e+01 -4.4059e-01 -1.4988e-01 -7.4401e-01 -5.5920e-01 +4.1827e-02
13862 0 +2.511357152e-03 +6.561251136e+01 +6.561251136e+01 -4.4059e-01 -1.5098e-01 -7.4927e-01 -5.5944e-01 +4.3782e-02
14277 0 +2.237320014e-03 +6.561223732e+01 +6.561223732e+01 -4.4059e-01 -1.5195e-01 -7.5440e-01 -5.5957e-01 +4.5492e-02
14657 0 +1.994812213e-03 +6.561199481e+01 +6.561199481e+01 -4.4059e-01 -1.5293e-01 -7.5904e-01 -5.5981e-01 +4.7202e-02
15032 0 +1.777625939e-03 +6.561177763e+01 +6.561177763e+01 -4.4059e-01 -1.5379e-01 -7.6356e-01 -5.5993e-01 +4.8912e-02
15377 0 +1.582072462e-03 +6.561158207e+01 +6.561158207e+01 -4.4047e-01 -1.5464e-01 -7.6783e-01 -5.6006e-01 +5.0378e-02
15975 0 +1.412414428e-03 +6.561141241e+01 +6.561141241e+01 -4.4047e-01 -1.5550e-01 -7.7174e-01 -5.6018e-01 +5.1843e-02
16587 0 +1.258396522e-03 +6.561125840e+01 +6.561125840e+01 -4.4047e-01 -1.5623e-01 -7.7553e-01 -5.6030e-01 +5.3187e-02
17177 0 +1.121435769e-03 +6.561112144e+01 +6.561112144e+01 -4.4047e-01 -1.5696e-01 -7.7913e-01 -5.6042e-01 +5.4470e-02
17737 0 +9.998310311e-04 +6.561099983e+01 +6.561099983e+01 -4.4047e-01 -1.5763e-01 -7.8255e-01 -5.6054e-01 +5.5691e-02
18257 0 +8.896749207e-04 +6.561088967e+01 +6.561088967e+01 -4.4041e-01 -1.5831e-01 -7.8573e-01 -5.6061e-01 +5.6913e-02
18747 0 +7.933435714e-04 +6.561079334e+01 +6.561079334e+01 -4.4041e-01 -1.5892e-01 -7.8872e-01 -5.6067e-01 +5.8012e-02
19217 0 +7.067566964e-04 +6.561070676e+01 +6.561070676e+01 -4.4041e-01 -1.5953e-01 -7.9159e-01 -5.6079e-01 +5.9050e-02
19657 0 +6.301438226e-04 +6.561063014e+01 +6.561063014e+01 -4.4041e-01 -1.6008e-01 -7.9428e-01 -5.6085e-01 +6.0027e-02
20077 0 +5.622155149e-04 +6.561056222e+01 +6.561056222e+01 -4.4035e-01 -1.6057e-01 -7.9684e-01 -5.6091e-01 +6.0944e-02
20475 0 +5.006001744e-04 +6.561050060e+01 +6.561050060e+01 -4.4035e-01 -1.6112e-01 -7.9922e-01 -5.6097e-01 +6.1860e-02
20852 0 +4.464191602e-04 +6.561044642e+01 +6.561044642e+01 -4.4035e-01 -1.6154e-01 -8.0155e-01 -5.6103e-01 +6.2715e-02
21277 0 +3.979386062e-04 +6.561039794e+01 +6.561039794e+01 -4.4032e-01 -1.6200e-01 -8.0365e-01 -5.6109e-01 +6.3448e-02
21942 0 +3.547811686e-04 +6.561035478e+01 +6.561035478e+01 -4.4032e-01 -1.6243e-01 -8.0567e-01 -5.6116e-01 +6.4211e-02
22567 0 +3.162190217e-04 +6.561031622e+01 +6.561031622e+01 -4.4029e-01 -1.6283e-01 -8.0759e-01 -5.6122e-01 +6.4913e-02
23157 0 +2.818094159e-04 +6.561028181e+01 +6.561028181e+01 -4.4029e-01 -1.6322e-01 -8.0939e-01 -5.6125e-01 +6.5585e-02
23732 0 +2.511580553e-04 +6.561025116e+01 +6.561025116e+01 -4.4026e-01 -1.6356e-01 -8.1113e-01 -5.6131e-01 +6.6227e-02
24257 0 +2.234366440e-04 +6.561022344e+01 +6.561022344e+01 -4.4026e-01 -1.6392e-01 -8.1275e-01 -5.6134e-01 +6.6807e-02
24757 0 +1.994689599e-04 +6.561019947e+01 +6.561019947e+01 -4.4023e-01 -1.6423e-01 -8.1428e-01 -5.6137e-01 +6.7356e-02
25227 0 +1.775123466e-04 +6.561017751e+01 +6.561017751e+01 -4.4023e-01 -1.6454e-01 -8.1571e-01 -5.6140e-01 +6.7906e-02
25677 0 +1.584621945e-04 +6.561015846e+01 +6.561015846e+01 -4.4023e-01 -1.6481e-01 -8.1709e-01 -5.6146e-01 +6.8395e-02
26097 0 +1.410002636e-04 +6.561014100e+01 +6.561014100e+01 -4.4020e-01 -1.6509e-01 -8.1837e-01 -5.6146e-01 +6.8883e-02
26505 0 +1.256360252e-04 +6.561012564e+01 +6.561012564e+01 -4.4020e-01 -1.6536e-01 -8.1959e-01 -5.6152e-01 +6.9341e-02
26920 0 +1.121953324e-04 +6.561011220e+01 +6.561011220e+01 -4.4018e-01 -1.6559e-01 -8.2071e-01 -5.6152e-01 +6.9754e-02
27637 0 +9.992492947e-05 +6.561009992e+01 +6.561009992e+01 -4.4017e-01 -1.6582e-01 -8.2181e-01 -5.6155e-01 +7.0151e-02
28307 0 +8.901946609e-05 +6.561008902e+01 +6.561008902e+01 -4.4017e-01 -1.6603e-01 -8.2283e-01 -5.6158e-01 +7.0532e-02
28942 0 +7.939155722e-05 +6.561007939e+01 +6.561007939e+01 -4.4015e-01 -1.6623e-01 -8.2379e-01 -5.6160e-01 +7.0899e-02
29537 0 +7.071854645e-05 +6.561007072e+01 +6.561007072e+01 -4.4015e-01 -1.6643e-01 -8.2471e-01 -5.6163e-01 +7.1235e-02
30102 0 +6.307544184e-05 +6.561006308e+01 +6.561006308e+01 -4.4014e-01 -1.6661e-01 -8.2556e-01 -5.6164e-01 +7.1555e-02
30637 0 +5.622513578e-05 +6.561005623e+01 +6.561005623e+01 -4.4014e-01 -1.6678e-01 -8.2639e-01 -5.6167e-01 +7.1845e-02
31137 0 +5.010384970e-05 +6.561005010e+01 +6.561005010e+01 -4.4012e-01 -1.6695e-01 -8.2715e-01 -5.6169e-01 +7.2136e-02
31617 0 +4.458983037e-05 +6.561004459e+01 +6.561004459e+01 -4.4012e-01 -1.6710e-01 -8.2788e-01 -5.6170e-01 +7.2410e-02
32072 0 +3.980887375e-05 +6.561003981e+01 +6.561003981e+01 -4.4010e-01 -1.6724e-01 -8.2857e-01 -5.6172e-01 +7.2670e-02
32495 0 +3.546966052e-05 +6.561003547e+01 +6.561003547e+01 -4.4010e-01 -1.6739e-01 -8.2921e-01 -5.6174e-01 +7.2899e-02
32887 0 +3.160602002e-05 +6.561003161e+01 +6.561003161e+01 -4.4010e-01 -1.6751e-01 -8.2982e-01 -5.6175e-01 +7.3128e-02
33267 0 +2.816550430e-05 +6.561002817e+01 +6.561002817e+01 -4.4009e-01 -1.6763e-01 -8.3040e-01 -5.6177e-01 +7.3342e-02
33687 0 +2.511531066e-05 +6.561002512e+01 +6.561002512e+01 -4.4009e-01 -1.6775e-01 -8.3095e-01 -5.6177e-01 +7.3540e-02
34362 0 +2.238034917e-05 +6.561002238e+01 +6.561002238e+01 -4.4008e-01 -1.6786e-01 -8.3146e-01 -5.6178e-01 +7.3739e-02
34997 0 +1.994869208e-05 +6.561001995e+01 +6.561001995e+01 -4.4007e-01 -1.6796e-01 -8.3195e-01 -5.6179e-01 +7.3914e-02
35602 0 +1.776253498e-05 +6.561001776e+01 +6.561001776e+01 -4.4007e-01 -1.6806e-01 -8.3240e-01 -5.6180e-01 +7.4090e-02
36167 0 +1.582114407e-05 +6.561001582e+01 +6.561001582e+01 -4.4007e-01 -1.6815e-01 -8.3284e-01 -5.6181e-01 +7.4250e-02
36707 0 +1.410141550e-05 +6.561001410e+01 +6.561001410e+01 -4.4007e-01 -1.6824e-01 -8.3325e-01 -5.6183e-01 +7.4403e-02
37212 0 +1.258182564e-05 +6.561001258e+01 +6.561001258e+01 -4.4006e-01 -1.6832e-01 -8.3363e-01 -5.6183e-01 +7.4548e-02
37687 0 +1.121149626e-05 +6.561001121e+01 +6.561001121e+01 -4.4006e-01 -1.6840e-01 -8.3400e-01 -5.6184e-01 +7.4678e-02
38137 0 +9.990320649e-06 +6.561000999e+01 +6.561000999e+01 -4.4005e-01 -1.6847e-01 -8.3434e-01 -5.6185e-01 +7.4808e-02
38567 0 +8.890205265e-06 +6.561000889e+01 +6.561000889e+01 -4.4005e-01 -1.6854e-01 -8.3467e-01 -5.6186e-01 +7.4930e-02
38967 0 +7.933184094e-06 +6.561000793e+01 +6.561000793e+01 -4.4004e-01 -1.6860e-01 -8.3498e-01 -5.6186e-01 +7.5044e-02
39397 0 +7.071411218e-06 +6.561000707e+01 +6.561000707e+01 -4.4004e-01 -1.6867e-01 -8.3526e-01 -5.6187e-01 +7.5151e-02
40112 0 +6.308457174e-06 +6.561000631e+01 +6.561000631e+01 -4.4004e-01 -1.6873e-01 -8.3553e-01 -5.6187e-01 +7.5254e-02
40794 0 +5.622656175e-06 +6.561000562e+01 +6.561000562e+01 -4.4004e-01 -1.6878e-01 -8.3579e-01 -5.6188e-01 +7.5350e-02
41427 0 +5.008184502e-06 +6.561000501e+01 +6.561000501e+01 -4.4004e-01 -1.6883e-01 -8.3604e-01 -5.6188e-01 +7.5441e-02
42037 0 +4.461669420e-06 +6.561000446e+01 +6.561000446e+01 -4.4003e-01 -1.6888e-01 -8.3627e-01 -5.6189e-01 +7.5525e-02
42607 0 +3.976988211e-06 +6.561000398e+01 +6.561000398e+01 -4.4003e-01 -1.6893e-01 -8.3649e-01 -5.6190e-01 +7.5605e-02
43147 0 +3.545946782e-06 +6.561000355e+01 +6.561000355e+01 -4.4003e-01 -1.6897e-01 -8.3669e-01 -5.6190e-01 +7.5682e-02
43654 0 +3.161739571e-06 +6.561000316e+01 +6.561000316e+01 -4.4002e-01 -1.6901e-01 -8.3688e-01 -5.6190e-01 +7.5754e-02
44127 0 +2.817500487e-06 +6.561000282e+01 +6.561000282e+01 -4.4002e-01 -1.6905e-01 -8.3707e-01 -5.6191e-01 +7.5823e-02
44587 0 +2.507710235e-06 +6.561000251e+01 +6.561000251e+01 -4.4002e-01 -1.6909e-01 -8.3724e-01 -5.6191e-01 +7.5888e-02
45007 0 +2.235956345e-06 +6.561000224e+01 +6.561000224e+01 -4.4002e-01 -1.6912e-01 -8.3740e-01 -5.6191e-01 +7.5949e-02
45417 0 +1.991908803e-06 +6.561000199e+01 +6.561000199e+01 -4.4002e-01 -1.6916e-01 -8.3756e-01 -5.6192e-01 +7.6006e-02
45797 0 +1.774566229e-06 +6.561000177e+01 +6.561000177e+01 -4.4002e-01 -1.6919e-01 -8.3771e-01 -5.6192e-01 +7.6060e-02
46357 0 +1.582517186e-06 +6.561000158e+01 +6.561000158e+01 -4.4002e-01 -1.6922e-01 -8.3784e-01 -5.6193e-01 +7.6111e-02
47027 0 +1.411935145e-06 +6.561000141e+01 +6.561000141e+01 -4.4002e-01 -1.6925e-01 -8.3797e-01 -5.6193e-01 +7.6159e-02
47667 0 +1.258728688e-06 +6.561000126e+01 +6.561000126e+01 -4.4001e-01 -1.6927e-01 -8.3809e-01 -5.6193e-01 +7.6205e-02
48282 0 +1.121279155e-06 +6.561000112e+01 +6.561000112e+01 -4.4001e-01 -1.6930e-01 -8.3821e-01 -5.6193e-01 +7.6249e-02
48847 0 +9.994522117e-07 +6.561000100e+01 +6.561000100e+01 -4.4001e-01 -1.6932e-01 -8.3832e-01 -5.6194e-01 +7.6289e-02
49387 0 +8.904203810e-07 +6.561000089e+01 +6.561000089e+01 -4.4001e-01 -1.6934e-01 -8.3842e-01 -5.6194e-01 +7.6327e-02
49897 0 +7.931855919e-07 +6.561000079e+01 +6.561000079e+01 -4.4001e-01 -1.6936e-01 -8.3852e-01 -5.6194e-01 +7.6363e-02
50000 0 +7.765997481e-07 +6.561000078e+01 +6.561000078e+01 -4.4001e-01 -1.6937e-01 -8.3854e-01 -5.6194e-01 +7.6369e-02
% f evaluations | g evaluations | best noise-free fitness - Fopt (-1.304400000000e+02) + sum g_i+ | measured fitness | best measured fitness or single-digit g-values | x1 | x2...
1 0 +2.600000000e+01 -1.044400000e+02 -1.044400000e+02 +0.0000e+00 +0.0000e+00 +0.0000e+00 +0.0000e+00 +0.0000e+00
247 0 +1.942373762e+01 -1.110162624e+02 -1.110162624e+02 +0.0000e+00 +4.4409e-16 +0.0000e+00 -1.0006e+00 -4.9060e-01
268 0 +1.254199509e+01 -1.178980049e+02 -1.178980049e+02 +0.0000e+00 +4.4409e-16 +5.0032e-01 -1.0006e+00 -4.9060e-01
290 0 +7.032771365e+00 -1.234072286e+02 -1.234072286e+02 +0.0000e+00 +4.4409e-16 +2.5016e-01 -7.5049e-01 -4.9060e-01
292 0 +4.565040806e+00 -1.258749592e+02 -1.258749592e+02 +0.0000e+00 +4.4409e-16 +2.5016e-01 -7.5049e-01 -2.4044e-01
306 0 +3.903488469e+00 -1.265365115e+02 -1.265365115e+02 +0.0000e+00 +1.2508e-01 +2.5016e-01 -7.5049e-01 -2.4044e-01
311 0 +2.959840628e+00 -1.274801594e+02 -1.274801594e+02 +0.0000e+00 +1.2508e-01 +1.2508e-01 -7.5049e-01 -3.6552e-01
327 0 +2.615219268e+00 -1.278247807e+02 -1.278247807e+02 -6.2541e-02 +1.2508e-01 +6.2541e-02 -7.5049e-01 -3.6552e-01
350 0 +2.505046855e+00 -1.279349531e+02 -1.279349531e+02 -6.2541e-02 +1.2508e-01 +3.1270e-02 -7.1922e-01 -3.6552e-01
367 0 +2.210155069e+00 -1.282298449e+02 -1.282298449e+02 -3.1270e-02 +1.5635e-01 -3.1270e-02 -6.8795e-01 -3.3425e-01
436 0 +1.979037552e+00 -1.284609624e+02 -1.284609624e+02 -4.6905e-02 +1.8762e-01 -9.3811e-02 -6.4104e-01 -3.3425e-01
477 0 +1.763488684e+00 -1.286765113e+02 -1.286765113e+02 -3.1270e-02 +2.0326e-01 -1.7199e-01 -5.9414e-01 -3.3425e-01
517 0 +1.537462973e+00 -1.289025370e+02 -1.289025370e+02 -1.5635e-02 +2.3453e-01 -2.3453e-01 -5.3159e-01 -3.1862e-01
550 0 +1.395252017e+00 -1.290447480e+02 -1.290447480e+02 -1.5635e-02 +2.5016e-01 -2.8143e-01 -4.8469e-01 -3.0298e-01
620 0 +1.253330704e+00 -1.291866693e+02 -1.291866693e+02 +6.9389e-18 +2.6580e-01 -3.2052e-01 -4.4560e-01 -2.8735e-01
687 0 +1.121473307e+00 -1.293185267e+02 -1.293185267e+02 +1.5635e-02 +2.8143e-01 -3.5961e-01 -3.9870e-01 -2.7171e-01
750 0 +9.929962604e-01 -1.294470037e+02 -1.294470037e+02 +1.5635e-02 +2.9707e-01 -3.9088e-01 -3.4397e-01 -2.4826e-01
812 0 +8.857443322e-01 -1.295542557e+02 -1.295542557e+02 +2.3453e-02 +3.0489e-01 -4.1433e-01 -2.9707e-01 -2.2481e-01
870 0 +7.902895571e-01 -1.296497104e+02 -1.296497104e+02 +3.1270e-02 +3.1270e-01 -4.3778e-01 -2.5016e-01 -2.0917e-01
992 0 +7.063449365e-01 -1.297336551e+02 -1.297336551e+02 +3.5179e-02 +3.2052e-01 -4.5733e-01 -2.0717e-01 -1.8572e-01
1110 0 +6.293079866e-01 -1.298106920e+02 -1.298106920e+02 +3.5179e-02 +3.2443e-01 -4.7296e-01 -1.6026e-01 -1.6618e-01
1220 0 +5.615883043e-01 -1.298784117e+02 -1.298784117e+02 +3.5179e-02 +3.2834e-01 -4.8860e-01 -1.1726e-01 -1.4663e-01
1340 0 +4.963678874e-01 -1.299436321e+02 -1.299436321e+02 +3.1270e-02 +3.2834e-01 -5.0423e-01 -7.0358e-02 -1.2709e-01
1442 0 +4.442175449e-01 -1.299957825e+02 -1.299957825e+02 +3.1270e-02 +3.3225e-01 -5.1596e-01 -3.1270e-02 -1.0754e-01
1550 0 +3.964893782e-01 -1.300435106e+02 -1.300435106e+02 +2.7361e-02 +3.3225e-01 -5.2769e-01 +1.1726e-02 -9.1908e-02
1650 0 +3.514319073e-01 -1.300885681e+02 -1.300885681e+02 +1.9544e-02 +3.2834e-01 -5.3159e-01 +5.0814e-02 -7.2365e-02
1750 0 +3.147900320e-01 -1.301252100e+02 -1.301252100e+02 +1.5635e-02 +3.2834e-01 -5.3941e-01 +8.9902e-02 -5.6729e-02
1880 0 +2.816891247e-01 -1.301583109e+02 -1.301583109e+02 +9.7720e-03 +3.2443e-01 -5.4528e-01 +1.2313e-01 -4.1094e-02
2070 0 +2.499768718e-01 -1.301900231e+02 -1.301900231e+02 +3.9088e-03 +3.2052e-01 -5.5114e-01 +1.6026e-01 -2.5459e-02
2250 0 +2.232742425e-01 -1.302167258e+02 -1.302167258e+02 -1.9544e-03 +3.1661e-01 -5.5505e-01 +1.9544e-01 -1.1778e-02
2420 0 +1.993261868e-01 -1.302406738e+02 -1.302406738e+02 -9.7720e-03 +3.1270e-01 -5.5896e-01 +2.2866e-01 +1.9024e-03
2580 0 +1.777459382e-01 -1.302622541e+02 -1.302622541e+02 -1.5635e-02 +3.0684e-01 -5.6091e-01 +2.5993e-01 +1.5583e-02
2832 0 +1.583457996e-01 -1.302816542e+02 -1.302816542e+02 -2.2476e-02 +3.0293e-01 -5.6482e-01 +2.9023e-01 +2.8287e-02
3140 0 +1.408825006e-01 -1.302991175e+02 -1.302991175e+02 -2.9316e-02 +2.9804e-01 -5.6775e-01 +3.2052e-01 +4.0013e-02
3432 0 +1.256405206e-01 -1.303143595e+02 -1.303143595e+02 -3.6156e-02 +2.9316e-01 -5.6971e-01 +3.4886e-01 +5.1739e-02
3710 0 +1.119810850e-01 -1.303280189e+02 -1.303280189e+02 -4.3974e-02 +2.8730e-01 -5.7068e-01 +3.7622e-01 +6.1511e-02
3970 0 +9.985176727e-02 -1.303401482e+02 -1.303401482e+02 -5.0814e-02 +2.8241e-01 -5.7166e-01 +4.0163e-01 +7.2261e-02
4230 0 +8.890733741e-02 -1.303510927e+02 -1.303510927e+02 -5.6677e-02 +2.7752e-01 -5.7361e-01 +4.2703e-01 +8.2032e-02
4470 0 +7.935674550e-02 -1.303606433e+02 -1.303606433e+02 -6.3518e-02 +2.7166e-01 -5.7361e-01 +4.5049e-01 +9.0827e-02
4705 0 +7.061087515e-02 -1.303693891e+02 -1.303693891e+02 -7.0358e-02 +2.6677e-01 -5.7459e-01 +4.7296e-01 +9.9622e-02
5140 0 +6.302851692e-02 -1.303769715e+02 -1.303769715e+02 -7.6710e-02 +2.6238e-01 -5.7557e-01 +4.9446e-01 +1.0744e-01
5560 0 +5.619525336e-02 -1.303838047e+02 -1.303838047e+02 -8.2573e-02 +2.5700e-01 -5.7557e-01 +5.1498e-01 +1.1526e-01
5960 0 +5.010053802e-02 -1.303898995e+02 -1.303898995e+02 -8.8436e-02 +2.5261e-01 -5.7606e-01 +5.3453e-01 +1.2259e-01
6350 0 +4.458708487e-02 -1.303954129e+02 -1.303954129e+02 -9.4299e-02 +2.4772e-01 -5.7655e-01 +5.5358e-01 +1.2943e-01
6710 0 +3.978030477e-02 -1.304002197e+02 -1.304002197e+02 -9.9674e-02 +2.4332e-01 -5.7655e-01 +5.7117e-01 +1.3627e-01
7062 0 +3.544427367e-02 -1.304045557e+02 -1.304045557e+02 -1.0505e-01 +2.3892e-01 -5.7655e-01 +5.8827e-01 +1.4262e-01
7390 0 +3.157481341e-02 -1.304084252e+02 -1.304084252e+02 -1.1042e-01 +2.3502e-01 -5.7703e-01 +6.0440e-01 +1.4799e-01
7702 0 +2.814383998e-02 -1.304118562e+02 -1.304118562e+02 -1.1531e-01 +2.3062e-01 -5.7655e-01 +6.1954e-01 +1.5386e-01
8060 0 +2.510047041e-02 -1.304148995e+02 -1.304148995e+02 -1.2020e-01 +2.2695e-01 -5.7655e-01 +6.3396e-01 +1.5874e-01
8622 0 +2.237472092e-02 -1.304176253e+02 -1.304176253e+02 -1.2484e-01 +2.2329e-01 -5.7655e-01 +6.4764e-01 +1.6387e-01
9160 0 +1.992789275e-02 -1.304200721e+02 -1.304200721e+02 -1.2923e-01 +2.1962e-01 -5.7630e-01 +6.6083e-01 +1.6851e-01
9670 0 +1.775839427e-02 -1.304222416e+02 -1.304222416e+02 -1.3339e-01 +2.1620e-01 -5.7630e-01 +6.7329e-01 +1.7291e-01
10150 0 +1.583418270e-02 -1.304241658e+02 -1.304241658e+02 -1.3730e-01 +2.1278e-01 -5.7606e-01 +6.8501e-01 +1.7706e-01
10610 0 +1.410954663e-02 -1.304258905e+02 -1.304258905e+02 -1.4120e-01 +2.0961e-01 -5.7581e-01 +6.9625e-01 +1.8097e-01
11040 0 +1.258868471e-02 -1.304274113e+02 -1.304274113e+02 -1.4487e-01 +2.0643e-01 -5.7557e-01 +7.0676e-01 +1.8464e-01
11460 0 +1.120695982e-02 -1.304287930e+02 -1.304287930e+02 -1.4829e-01 +2.0375e-01 -5.7557e-01 +7.1702e-01 +1.8830e-01
11850 0 +9.985940924e-03 -1.304300141e+02 -1.304300141e+02 -1.5171e-01 +2.0081e-01 -5.7532e-01 +7.2655e-01 +1.9148e-01
12215 0 +8.912348330e-03 -1.304310877e+02 -1.304310877e+02 -1.5489e-01 +1.9813e-01 -5.7508e-01 +7.3534e-01 +1.9465e-01
12572 0 +7.932724679e-03 -1.304320673e+02 -1.304320673e+02 -1.5782e-01 +1.9568e-01 -5.7484e-01 +7.4414e-01 +1.9783e-01
13090 0 +7.079132948e-03 -1.304329209e+02 -1.304329209e+02 -1.6075e-01 +1.9324e-01 -5.7459e-01 +7.5207e-01 +2.0040e-01
13720 0 +6.305063852e-03 -1.304336949e+02 -1.304336949e+02 -1.6344e-01 +1.9092e-01 -5.7447e-01 +7.5977e-01 +2.0308e-01
14313 0 +5.621543279e-03 -1.304343785e+02 -1.304343785e+02 -1.6612e-01 +1.8872e-01 -5.7423e-01 +7.6698e-01 +2.0565e-01
14880 0 +5.004323767e-03 -1.304349957e+02 -1.304349957e+02 -1.6857e-01 +1.8664e-01 -5.7398e-01 +7.7394e-01 +2.0797e-01
15410 0 +4.464240069e-03 -1.304355358e+02 -1.304355358e+02 -1.7089e-01 +1.8469e-01 -5.7386e-01 +7.8041e-01 +2.1017e-01
15920 0 +3.973890086e-03 -1.304360261e+02 -1.304360261e+02 -1.7309e-01 +1.8274e-01 -5.7361e-01 +7.8664e-01 +2.1237e-01
16393 0 +3.548025656e-03 -1.304364520e+02 -1.304364520e+02 -1.7528e-01 +1.8103e-01 -5.7337e-01 +7.9238e-01 +2.1432e-01
16840 0 +3.161832537e-03 -1.304368382e+02 -1.304368382e+02 -1.7724e-01 +1.7932e-01 -5.7325e-01 +7.9788e-01 +2.1615e-01
17275 0 +2.815368830e-03 -1.304371846e+02 -1.304371846e+02 -1.7919e-01 +1.7761e-01 -5.7300e-01 +8.0313e-01 +2.1798e-01
17680 0 +2.510120963e-03 -1.304374899e+02 -1.304374899e+02 -1.8103e-01 +1.7614e-01 -5.7288e-01 +8.0814e-01 +2.1957e-01
18063 0 +2.236954570e-03 -1.304377630e+02 -1.304377630e+02 -1.8274e-01 +1.7467e-01 -5.7276e-01 +8.1278e-01 +2.2128e-01
18422 0 +1.993567627e-03 -1.304380064e+02 -1.304380064e+02 -1.8432e-01 +1.7333e-01 -5.7251e-01 +8.1718e-01 +2.2275e-01
18880 0 +1.776120888e-03 -1.304382239e+02 -1.304382239e+02 -1.8585e-01 +1.7199e-01 -5.7239e-01 +8.2133e-01 +2.2409e-01
19523 0 +1.584703646e-03 -1.304384153e+02 -1.304384153e+02 -1.8732e-01 +1.7077e-01 -5.7221e-01 +8.2524e-01 +2.2544e-01
20140 0 +1.409962399e-03 -1.304385900e+02 -1.304385900e+02 -1.8866e-01 +1.6954e-01 -5.7209e-01 +8.2903e-01 +2.2672e-01
20715 0 +1.258216062e-03 -1.304387418e+02 -1.304387418e+02 -1.9000e-01 +1.6844e-01 -5.7197e-01 +8.3251e-01 +2.2788e-01
21260 0 +1.121351335e-03 -1.304388786e+02 -1.304388786e+02 -1.9123e-01 +1.6741e-01 -5.7184e-01 +8.3587e-01 +2.2898e-01
21780 0 +9.978793503e-04 -1.304390021e+02 -1.304390021e+02 -1.9239e-01 +1.6637e-01 -5.7166e-01 +8.3905e-01 +2.3008e-01
22260 0 +8.910123962e-04 -1.304391090e+02 -1.304391090e+02 -1.9348e-01 +1.6545e-01 -5.7154e-01 +8.4198e-01 +2.3105e-01
22730 0 +7.938476855e-04 -1.304392062e+02 -1.304392062e+02 -1.9452e-01 +1.6460e-01 -5.7148e-01 +8.4485e-01 +2.3203e-01
23163 0 +7.078322570e-04 -1.304392922e+02 -1.304392922e+02 -1.9556e-01 +1.6374e-01 -5.7135e-01 +8.4747e-01 +2.3289e-01
23630 0 +6.303026563e-04 -1.304393697e+02 -1.304393697e+02 -1.9648e-01 +1.6292e-01 -5.7123e-01 +8.4998e-01 +2.3374e-01
24400 0 +5.622064788e-04 -1.304394378e+02 -1.304394378e+02 -1.9736e-01 +1.6215e-01 -5.7114e-01 +8.5233e-01 +2.3454e-01
25140 0 +5.010325332e-04 -1.304394990e+02 -1.304394990e+02 -1.9822e-01 +1.6142e-01 -5.7102e-01 +8.5459e-01 +2.3527e-01
25830 0 +4.466213123e-04 -1.304395534e+02 -1.304395534e+02 -1.9901e-01 +1.6075e-01 -5.7093e-01 +8.5670e-01 +2.3600e-01
26492 0 +3.978644426e-04 -1.304396021e+02 -1.304396021e+02 -1.9975e-01 +1.6011e-01 -5.7087e-01 +8.5871e-01 +2.3667e-01
27110 0 +3.545593801e-04 -1.304396454e+02 -1.304396454e+02 -2.0048e-01 +1.5950e-01 -5.7077e-01 +8.6060e-01 +2.3728e-01
27700 0 +3.157179493e-04 -1.304396843e+02 -1.304396843e+02 -2.0115e-01 +1.5892e-01 -5.7068e-01 +8.6241e-01 +2.3790e-01
28250 0 +2.818055518e-04 -1.304397182e+02 -1.304397182e+02 -2.0176e-01 +1.5837e-01 -5.7062e-01 +8.6409e-01 +2.3844e-01
28775 0 +2.510818025e-04 -1.304397489e+02 -1.304397489e+02 -2.0237e-01 +1.5785e-01 -5.7056e-01 +8.6567e-01 +2.3899e-01
29270 0 +2.235233574e-04 -1.304397765e+02 -1.304397765e+02 -2.0295e-01 +1.5736e-01 -5.7047e-01 +8.6720e-01 +2.3948e-01
29740 0 +1.992384150e-04 -1.304398008e+02 -1.304398008e+02 -2.0347e-01 +1.5690e-01 -5.7041e-01 +8.6864e-01 +2.3997e-01
30177 0 +1.777415179e-04 -1.304398223e+02 -1.304398223e+02 -2.0399e-01 +1.5647e-01 -5.7038e-01 +8.6995e-01 +2.4040e-01
30590 0 +1.583208379e-04 -1.304398417e+02 -1.304398417e+02 -2.0448e-01 +1.5608e-01 -5.7032e-01 +8.7123e-01 +2.4083e-01
30980 0 +1.411024735e-04 -1.304398589e+02 -1.304398589e+02 -2.0494e-01 +1.5568e-01 -5.7026e-01 +8.7242e-01 +2.4122e-01
31360 0 +1.255648842e-04 -1.304398744e+02 -1.304398744e+02 -2.0536e-01 +1.5531e-01 -5.7019e-01 +8.7358e-01 +2.4162e-01
31940 0 +1.120997705e-04 -1.304398879e+02 -1.304398879e+02 -2.0576e-01 +1.5496e-01 -5.7015e-01 +8.7462e-01 +2.4196e-01
32600 0 +9.991294746e-05 -1.304399001e+02 -1.304399001e+02 -2.0614e-01 +1.5463e-01 -5.7010e-01 +8.7563e-01 +2.4229e-01
33230 0 +8.906601732e-05 -1.304399109e+02 -1.304399109e+02 -2.0649e-01 +1.5432e-01 -5.7006e-01 +8.7659e-01 +2.4261e-01
33820 0 +7.936354240e-05 -1.304399206e+02 -1.304399206e+02 -2.0684e-01 +1.5403e-01 -5.7003e-01 +8.7749e-01 +2.4290e-01
34370 0 +7.077339006e-05 -1.304399292e+02 -1.304399292e+02 -2.0717e-01 +1.5376e-01 -5.6998e-01 +8.7833e-01 +2.4319e-01
35085 0 +6.309372040e-05 -1.304399369e+02 -1.304399369e+02 -2.0747e-01 +1.5349e-01 -5.6995e-01 +8.7913e-01 +2.4346e-01
36080 0 +5.618426383e-05 -1.304399438e+02 -1.304399438e+02 -2.0776e-01 +1.5324e-01 -5.6991e-01 +8.7990e-01 +2.4371e-01
37020 0 +5.009314748e-05 -1.304399499e+02 -1.304399499e+02 -2.0803e-01 +1.5302e-01 -5.6988e-01 +8.8061e-01 +2.4395e-01
37900 0 +4.466099716e-05 -1.304399553e+02 -1.304399553e+02 -2.0829e-01 +1.5279e-01 -5.6984e-01 +8.8129e-01 +2.4417e-01
38740 0 +3.978715148e-05 -1.304399602e+02 -1.304399602e+02 -2.0853e-01 +1.5258e-01 -5.6981e-01 +8.8193e-01 +2.4438e-01
39530 0 +3.547359191e-05 -1.304399645e+02 -1.304399645e+02 -2.0876e-01 +1.5239e-01 -5.6979e-01 +8.8253e-01 +2.4458e-01
40280 0 +3.159870082e-05 -1.304399684e+02 -1.304399684e+02 -2.0897e-01 +1.5220e-01 -5.6976e-01 +8.8310e-01 +2.4477e-01
40980 0 +2.817249660e-05 -1.304399718e+02 -1.304399718e+02 -2.0918e-01 +1.5202e-01 -5.6974e-01 +8.8364e-01 +2.4495e-01
41650 0 +2.510293774e-05 -1.304399749e+02 -1.304399749e+02 -2.0937e-01 +1.5185e-01 -5.6971e-01 +8.8415e-01 +2.4512e-01
42280 0 +2.236754403e-05 -1.304399776e+02 -1.304399776e+02 -2.0956e-01 +1.5170e-01 -5.6969e-01 +8.8463e-01 +2.4528e-01
42870 0 +1.995173173e-05 -1.304399800e+02 -1.304399800e+02 -2.0973e-01 +1.5155e-01 -5.6967e-01 +8.8508e-01 +2.4542e-01
43430 0 +1.776992866e-05 -1.304399822e+02 -1.304399822e+02 -2.0989e-01 +1.5141e-01 -5.6965e-01 +8.8551e-01 +2.4557e-01
43962 0 +1.584270095e-05 -1.304399842e+02 -1.304399842e+02 -2.1004e-01 +1.5128e-01 -5.6963e-01 +8.8591e-01 +2.4571e-01
44460 0 +1.412473671e-05 -1.304399859e+02 -1.304399859e+02 -2.1019e-01 +1.5116e-01 -5.6961e-01 +8.8629e-01 +2.4583e-01
44932 0 +1.258296442e-05 -1.304399874e+02 -1.304399874e+02 -2.1033e-01 +1.5104e-01 -5.6960e-01 +8.8665e-01 +2.4595e-01
45750 0 +1.120772075e-05 -1.304399888e+02 -1.304399888e+02 -2.1046e-01 +1.5093e-01 -5.6958e-01 +8.8699e-01 +2.4606e-01
46592 0 +9.996018747e-06 -1.304399900e+02 -1.304399900e+02 -2.1058e-01 +1.5082e-01 -5.6957e-01 +8.8731e-01 +2.4617e-01
47383 0 +8.910088070e-06 -1.304399911e+02 -1.304399911e+02 -2.1070e-01 +1.5072e-01 -5.6955e-01 +8.8761e-01 +2.4627e-01
48132 0 +7.940062943e-06 -1.304399921e+02 -1.304399921e+02 -2.1080e-01 +1.5063e-01 -5.6954e-01 +8.8790e-01 +2.4636e-01
48840 0 +7.074106776e-06 -1.304399929e+02 -1.304399929e+02 -2.1091e-01 +1.5054e-01 -5.6953e-01 +8.8817e-01 +2.4645e-01
49510 0 +6.309055976e-06 -1.304399937e+02 -1.304399937e+02 -2.1100e-01 +1.5046e-01 -5.6951e-01 +8.8843e-01 +2.4653e-01
50000 0 +5.770536774e-06 -1.304399942e+02 -1.304399942e+02 -2.1107e-01 +1.5040e-01 -5.6950e-01 +8.8862e-01 +2.4659e-01
% f evaluations | g evaluations | best noise-free fitness - Fopt (4.949800000000e+02) + sum g_i+ | measured fitness | best measured fitness or single-digit g-values | x1 | x2...
1 0 +2.600000000e+01 +5.209800000e+02 +5.209800000e+02 +0.0000e+00 +0.0000e+00 +0.0000e+00 +0.0000e+00 +0.0000e+00
230 0 +2.549146236e+01 +5.204714624e+02 +5.204714624e+02 -3.5005e-02 +0.0000e+00 +5.0032e-01 +4.5560e-01 +1.0006e+00
231 0 +1.947416362e+01 +5.144541636e+02 +5.144541636e+02 -3.5005e-02 +0.0000e+00 +5.0032e-01 +4.5560e-01 +5.0032e-01
239 0 +9.930337527e+00 +5.049103375e+02 +5.049103375e+02 -3.5005e-02 +0.0000e+00 +5.0032e-01 -4.4725e-02 +5.0032e-01
258 0 +4.814807443e+00 +4.997948074e+02 +4.997948074e+02 -3.5005e-02 +0.0000e+00 +7.5049e-01 -4.4725e-02 +5.0032e-01
276 0 +4.344641242e+00 +4.993246412e+02 +4.993246412e+02 -3.5005e-02 +1.2508e-01 +7.5049e-01 -4.4725e-02 +5.0032e-01
284 0 +3.249049130e+00 +4.982290491e+02 +4.982290491e+02 +9.0076e-02 +1.2508e-01 +7.5049e-01 -4.4725e-02 +5.0032e-01
291 0 +3.109329457e+00 +4.980893295e+02 +4.980893295e+02 +9.0076e-02 +1.2508e-01 +7.5049e-01 -4.4725e-02 +3.7524e-01
334 0 +2.674430685e+00 +4.976544307e+02 +4.976544307e+02 +5.8806e-02 +1.2508e-01 +7.5049e-01 -1.0727e-01 +3.7524e-01
381 0 +2.495572674e+00 +4.974755727e+02 +4.974755727e+02 +5.8806e-02 +1.5635e-01 +7.1922e-01 -1.3854e-01 +3.2834e-01
451 0 +2.236318707e+00 +4.972163187e+02 +4.972163187e+02 +8.2258e-02 +1.8762e-01 +6.9576e-01 -1.8544e-01 +2.5016e-01
559 0 +1.990728668e+00 +4.969707287e+02 +4.969707287e+02 +1.0571e-01 +2.1889e-01 +6.5668e-01 -2.2453e-01 +1.7199e-01
644 0 +1.765016192e+00 +4.967450162e+02 +4.967450162e+02 +1.2916e-01 +2.5016e-01 +6.0977e-01 -2.4798e-01 +1.0163e-01
719 0 +1.576227765e+00 +4.965562278e+02 +4.965562278e+02 +1.4480e-01 +2.8143e-01 +5.6287e-01 -2.7143e-01 +4.6905e-02
781 0 +1.395247429e+00 +4.963752474e+02 +4.963752474e+02 +1.6043e-01 +3.0489e-01 +5.1596e-01 -2.8707e-01 -7.8176e-03
847 0 +1.253239502e+00 +4.962332395e+02 +4.962332395e+02 +1.6825e-01 +3.2052e-01 +4.6905e-01 -2.9489e-01 -5.4723e-02
907 0 +1.120960501e+00 +4.961009605e+02 +4.961009605e+02 +1.7607e-01 +3.3616e-01 +4.2215e-01 -3.1052e-01 -9.3811e-02
967 0 +9.938978269e-01 +4.959738978e+02 +4.959738978e+02 +1.8389e-01 +3.5179e-01 +3.7524e-01 -3.1834e-01 -1.3290e-01
1037 0 +8.871156144e-01 +4.958671156e+02 +4.958671156e+02 +1.8389e-01 +3.5961e-01 +3.2052e-01 -3.1834e-01 -1.6417e-01
1087 0 +7.897973505e-01 +4.957697974e+02 +4.957697974e+02 +1.9170e-01 +3.7524e-01 +2.8143e-01 -3.2616e-01 -1.9544e-01
1157 0 +7.072554721e-01 +4.956872555e+02 +4.956872555e+02 +1.8389e-01 +3.7524e-01 +2.2671e-01 -3.2616e-01 -2.1889e-01
1207 0 +6.245352814e-01 +4.956045353e+02 +4.956045353e+02 +1.8389e-01 +3.8306e-01 +1.8762e-01 -3.3398e-01 -2.5016e-01
1267 0 +5.567295299e-01 +4.955367295e+02 +4.955367295e+02 +1.7607e-01 +3.8306e-01 +1.4072e-01 -3.3398e-01 -2.7361e-01
1317 0 +5.011530647e-01 +4.954811531e+02 +4.954811531e+02 +1.7607e-01 +3.8306e-01 +1.0163e-01 -3.3398e-01 -2.9707e-01
1431 0 +4.460980732e-01 +4.954260981e+02 +4.954260981e+02 +1.6434e-01 +3.7915e-01 +6.2541e-02 -3.3398e-01 -3.2052e-01
1537 0 +3.953105507e-01 +4.953753106e+02 +4.953753106e+02 +1.5653e-01 +3.7524e-01 +1.9544e-02 -3.3398e-01 -3.4006e-01
1631 0 +3.547278217e-01 +4.953347278e+02 +4.953347278e+02 +1.4871e-01 +3.6743e-01 -1.5635e-02 -3.3398e-01 -3.6352e-01
1731 0 +3.141184828e-01 +4.952941185e+02 +4.952941185e+02 +1.4089e-01 +3.6352e-01 -5.4723e-02 -3.3398e-01 -3.8306e-01
1817 0 +2.801206193e-01 +4.952601206e+02 +4.952601206e+02 +1.2916e-01 +3.5570e-01 -8.9902e-02 -3.3007e-01 -3.9870e-01
1977 0 +2.507906879e-01 +4.952307907e+02 +4.952307907e+02 +1.2135e-01 +3.4984e-01 -1.2313e-01 -3.3007e-01 -4.1629e-01
2137 0 +2.231283460e-01 +4.952031283e+02 +4.952031283e+02 +1.0962e-01 +3.4006e-01 -1.5440e-01 -3.3007e-01 -4.3192e-01
2295 0 +1.994786882e-01 +4.951794787e+02 +4.951794787e+02 +9.9848e-02 +3.3225e-01 -1.8371e-01 -3.2811e-01 -4.4756e-01
2447 0 +1.775287025e-01 +4.951575287e+02 +4.951575287e+02 +9.0076e-02 +3.2443e-01 -2.1498e-01 -3.2616e-01 -4.6319e-01
2727 0 +1.584781330e-01 +4.951384781e+02 +4.951384781e+02 +7.9327e-02 +3.1466e-01 -2.4137e-01 -3.2420e-01 -4.7687e-01
3011 0 +1.410805328e-01 +4.951210805e+02 +4.951210805e+02 +6.9555e-02 +3.0586e-01 -2.6873e-01 -3.2225e-01 -4.9153e-01
3277 0 +1.257398356e-01 +4.951057398e+02 +4.951057398e+02 +5.9783e-02 +2.9707e-01 -2.9511e-01 -3.2029e-01 -5.0423e-01
3527 0 +1.121553216e-01 +4.950921553e+02 +4.950921553e+02 +5.0011e-02 +2.8827e-01 -3.1954e-01 -3.1932e-01 -5.1694e-01
3757 0 +9.990215957e-02 +4.950799022e+02 +4.950799022e+02 +4.0239e-02 +2.7850e-01 -3.4202e-01 -3.1639e-01 -5.2866e-01
4087 0 +8.902900772e-02 +4.950690290e+02 +4.950690290e+02 +3.0956e-02 +2.7019e-01 -3.6401e-01 -3.1492e-01 -5.3990e-01
4515 0 +7.938954430e-02 +4.950593895e+02 +4.950593895e+02 +2.1672e-02 +2.6140e-01 -3.8453e-01 -3.1345e-01 -5.5114e-01
4923 0 +7.074298349e-02 +4.950507430e+02 +4.950507430e+02 +1.2878e-02 +2.5309e-01 -4.0456e-01 -3.1150e-01 -5.6140e-01
5307 0 +6.304901520e-02 +4.950430490e+02 +4.950430490e+02 +4.5714e-03 +2.4479e-01 -4.2361e-01 -3.1003e-01 -5.7117e-01
5685 0 +5.615910786e-02 +4.950361591e+02 +4.950361591e+02 -3.7348e-03 +2.3697e-01 -4.4169e-01 -3.0808e-01 -5.8045e-01
6027 0 +5.008285621e-02 +4.950300829e+02 +4.950300829e+02 -1.1552e-02 +2.2915e-01 -4.5879e-01 -3.0661e-01 -5.8925e-01
6363 0 +4.465938242e-02 +4.950246594e+02 +4.950246594e+02 -1.9370e-02 +2.2182e-01 -4.7492e-01 -3.0515e-01 -5.9804e-01
6677 0 +3.972353815e-02 +4.950197235e+02 +4.950197235e+02 -2.6699e-02 +2.1401e-01 -4.9055e-01 -3.0319e-01 -6.0586e-01
6977 0 +3.538892749e-02 +4.950153889e+02 +4.950153889e+02 -3.3539e-02 +2.0717e-01 -5.0521e-01 -3.0173e-01 -6.1368e-01
7263 0 +3.160386561e-02 +4.950116039e+02 +4.950116039e+02 -4.0380e-02 +2.0081e-01 -5.1889e-01 -3.0026e-01 -6.2101e-01
7531 0 +2.813166647e-02 +4.950081317e+02 +4.950081317e+02 -4.6731e-02 +1.9397e-01 -5.3208e-01 -2.9880e-01 -6.2785e-01
7795 0 +2.503465318e-02 +4.950050347e+02 +4.950050347e+02 -5.3083e-02 +1.8762e-01 -5.4479e-01 -2.9733e-01 -6.3469e-01
8237 0 +2.235572427e-02 +4.950023557e+02 +4.950023557e+02 -5.8702e-02 +1.8200e-01 -5.5627e-01 -2.9635e-01 -6.4055e-01
8697 0 +1.993738438e-02 +4.949999374e+02 +4.949999374e+02 -6.4321e-02 +1.7638e-01 -5.6751e-01 -2.9513e-01 -6.4642e-01
9127 0 +1.776450867e-02 +4.949977645e+02 +4.949977645e+02 -6.9696e-02 +1.7077e-01 -5.7801e-01 -2.9391e-01 -6.5203e-01
9537 0 +1.584245004e-02 +4.949958425e+02 +4.949958425e+02 -7.4826e-02 +1.6563e-01 -5.8803e-01 -2.9293e-01 -6.5741e-01
9927 0 +1.408041778e-02 +4.949940804e+02 +4.949940804e+02 -7.9956e-02 +1.6026e-01 -5.9756e-01 -2.9171e-01 -6.6254e-01
10305 0 +1.258191045e-02 +4.949925819e+02 +4.949925819e+02 -8.4476e-02 +1.5574e-01 -6.0635e-01 -2.9073e-01 -6.6718e-01
10993 0 +1.121906716e-02 +4.949912191e+02 +4.949912191e+02 -8.8995e-02 +1.5110e-01 -6.1478e-01 -2.8963e-01 -6.7170e-01
11647 0 +9.999561508e-03 +4.949899996e+02 +4.949899996e+02 -9.3148e-02 +1.4682e-01 -6.2284e-01 -2.8878e-01 -6.7598e-01
12277 0 +8.898361905e-03 +4.949888984e+02 +4.949888984e+02 -9.7179e-02 +1.4255e-01 -6.3054e-01 -2.8780e-01 -6.8013e-01
12867 0 +7.934521641e-03 +4.949879345e+02 +4.949879345e+02 -1.0097e-01 +1.3864e-01 -6.3774e-01 -2.8695e-01 -6.8392e-01
13417 0 +7.076195545e-03 +4.949870762e+02 +4.949870762e+02 -1.0463e-01 +1.3485e-01 -6.4446e-01 -2.8621e-01 -6.8758e-01
13947 0 +6.306237898e-03 +4.949863062e+02 +4.949863062e+02 -1.0805e-01 +1.3131e-01 -6.5093e-01 -2.8536e-01 -6.9100e-01
14447 0 +5.617133487e-03 +4.949856171e+02 +4.949856171e+02 -1.1135e-01 +1.2789e-01 -6.5704e-01 -2.8463e-01 -6.9430e-01
14925 0 +5.005628705e-03 +4.949850056e+02 +4.949850056e+02 -1.1452e-01 +1.2459e-01 -6.6278e-01 -2.8389e-01 -6.9747e-01
15377 0 +4.466086345e-03 +4.949844661e+02 +4.949844661e+02 -1.1739e-01 +1.2160e-01 -6.6822e-01 -2.8328e-01 -7.0028e-01
16217 0 +3.979443910e-03 +4.949839794e+02 +4.949839794e+02 -1.2020e-01 +1.1867e-01 -6.7335e-01 -2.8267e-01 -7.0309e-01
17015 0 +3.547347614e-03 +4.949835473e+02 +4.949835473e+02 -1.2289e-01 +1.1586e-01 -6.7817e-01 -2.8206e-01 -7.0572e-01
17767 0 +3.160562353e-03 +4.949831606e+02 +4.949831606e+02 -1.2540e-01 +1.1323e-01 -6.8282e-01 -2.8145e-01 -7.0816e-01
18477 0 +2.816555601e-03 +4.949828166e+02 +4.949828166e+02 -1.2778e-01 +1.1073e-01 -6.8715e-01 -2.8090e-01 -7.1054e-01
19147 0 +2.511186478e-03 +4.949825112e+02 +4.949825112e+02 -1.3004e-01 +1.0835e-01 -6.9124e-01 -2.8041e-01 -7.1274e-01
19787 0 +2.235792907e-03 +4.949822358e+02 +4.949822358e+02 -1.3224e-01 +1.0609e-01 -6.9515e-01 -2.7992e-01 -7.1488e-01
20387 0 +1.994592678e-03 +4.949819946e+02 +4.949819946e+02 -1.3419e-01 +1.0395e-01 -6.9882e-01 -2.7944e-01 -7.1683e-01
20957 0 +1.775877404e-03 +4.949817759e+02 +4.949817759e+02 -1.3614e-01 +1.0193e-01 -7.0230e-01 -2.7901e-01 -7.1873e-01
21493 0 +1.584634229e-03 +4.949815846e+02 +4.949815846e+02 -1.3798e-01 +1.0004e-01 -7.0554e-01 -2.7858e-01 -7.2050e-01
21997 0 +1.412022124e-03 +4.949814120e+02 +4.949814120e+02 -1.3969e-01 +9.8208e-02 -7.0865e-01 -2.7821e-01 -7.2215e-01
22483 0 +1.258193728e-03 +4.949812582e+02 +4.949812582e+02 -1.4134e-01 +9.6498e-02 -7.1158e-01 -2.7779e-01 -7.2374e-01
22947 0 +1.121780841e-03 +4.949811218e+02 +4.949811218e+02 -1.4286e-01 +9.4849e-02 -7.1439e-01 -2.7742e-01 -7.2520e-01
23637 0 +9.989142844e-04 +4.949809989e+02 +4.949809989e+02 -1.4433e-01 +9.3322e-02 -7.1696e-01 -2.7711e-01 -7.2667e-01
24437 0 +8.911301936e-04 +4.949808911e+02 +4.949808911e+02 -1.4570e-01 +9.1856e-02 -7.1940e-01 -2.7681e-01 -7.2798e-01
25207 0 +7.934956373e-04 +4.949807935e+02 +4.949807935e+02 -1.4702e-01 +9.0482e-02 -7.2175e-01 -2.7650e-01 -7.2926e-01
25927 0 +7.077067577e-04 +4.949807077e+02 +4.949807077e+02 -1.4824e-01 +8.9169e-02 -7.2395e-01 -2.7623e-01 -7.3045e-01
26607 0 +6.304182983e-04 +4.949806304e+02 +4.949806304e+02 -1.4943e-01 +8.7948e-02 -7.2603e-01 -2.7595e-01 -7.3158e-01
27247 0 +5.622225170e-04 +4.949805622e+02 +4.949805622e+02 -1.5053e-01 +8.6787e-02 -7.2798e-01 -2.7571e-01 -7.3265e-01
27857 0 +5.009924827e-04 +4.949805010e+02 +4.949805010e+02 -1.5157e-01 +8.5657e-02 -7.2984e-01 -2.7547e-01 -7.3366e-01
28433 0 +4.464759750e-04 +4.949804465e+02 +4.949804465e+02 -1.5257e-01 +8.4619e-02 -7.3158e-01 -2.7522e-01 -7.3461e-01
28981 0 +3.978890411e-04 +4.949803979e+02 +4.949803979e+02 -1.5349e-01 +8.3642e-02 -7.3326e-01 -2.7501e-01 -7.3552e-01
29487 0 +3.542252225e-04 +4.949803542e+02 +4.949803542e+02 -1.5441e-01 +8.2665e-02 -7.3482e-01 -2.7479e-01 -7.3635e-01
30047 0 +3.161392921e-04 +4.949803161e+02 +4.949803161e+02 -1.5523e-01 +8.1794e-02 -7.3627e-01 -2.7461e-01 -7.3716e-01
30967 0 +2.815191137e-04 +4.949802815e+02 +4.949802815e+02 -1.5602e-01 +8.0955e-02 -7.3768e-01 -2.7443e-01 -7.3792e-01
31827 0 +2.509933209e-04 +4.949802510e+02 +4.949802510e+02 -1.5677e-01 +8.0176e-02 -7.3899e-01 -2.7426e-01 -7.3864e-01
32643 0 +2.238276089e-04 +4.949802238e+02 +4.949802238e+02 -1.5748e-01 +7.9428e-02 -7.4023e-01 -2.7409e-01 -7.3931e-01
33411 0 +1.995102996e-04 +4.949801995e+02 +4.949801995e+02 -1.5813e-01 +7.8725e-02 -7.4140e-01 -2.7394e-01 -7.3995e-01
34143 0 +1.777571849e-04 +4.949801778e+02 +4.949801778e+02 -1.5877e-01 +7.8054e-02 -7.4252e-01 -2.7379e-01 -7.4055e-01
34827 0 +1.583630545e-04 +4.949801584e+02 +4.949801584e+02 -1.5937e-01 +7.7412e-02 -7.4357e-01 -2.7365e-01 -7.4111e-01
35477 0 +1.411811209e-04 +4.949801412e+02 +4.949801412e+02 -1.5992e-01 +7.6832e-02 -7.4456e-01 -2.7353e-01 -7.4166e-01
36087 0 +1.258569000e-04 +4.949801259e+02 +4.949801259e+02 -1.6045e-01 +7.6267e-02 -7.4549e-01 -2.7340e-01 -7.4217e-01
36657 0 +1.121941324e-04 +4.949801122e+02 +4.949801122e+02 -1.6096e-01 +7.5733e-02 -7.4636e-01 -2.7330e-01 -7.4265e-01
37207 0 +9.999832378e-05 +4.949801000e+02 +4.949801000e+02 -1.6143e-01 +7.5229e-02 -7.4720e-01 -2.7318e-01 -7.4310e-01
37725 0 +8.909152740e-05 +4.949800891e+02 +4.949800891e+02 -1.6189e-01 +7.4740e-02 -7.4798e-01 -2.7307e-01 -7.4354e-01
38207 0 +7.939886046e-05 +4.949800794e+02 +4.949800794e+02 -1.6230e-01 +7.4297e-02 -7.4873e-01 -2.7298e-01 -7.4394e-01
38675 0 +7.067796946e-05 +4.949800707e+02 +4.949800707e+02 -1.6271e-01 +7.3870e-02 -7.4943e-01 -2.7289e-01 -7.4433e-01
39507 0 +6.309102366e-05 +4.949800631e+02 +4.949800631e+02 -1.6308e-01 +7.3481e-02 -7.5009e-01 -2.7280e-01 -7.4468e-01
40327 0 +5.622369935e-05 +4.949800562e+02 +4.949800562e+02 -1.6344e-01 +7.3099e-02 -7.5072e-01 -2.7272e-01 -7.4502e-01
41103 0 +5.011284611e-05 +4.949800501e+02 +4.949800501e+02 -1.6378e-01 +7.2740e-02 -7.5130e-01 -2.7263e-01 -7.4534e-01
41827 0 +4.465718496e-05 +4.949800447e+02 +4.949800447e+02 -1.6409e-01 +7.2397e-02 -7.5186e-01 -2.7256e-01 -7.4565e-01
42525 0 +3.977654796e-05 +4.949800398e+02 +4.949800398e+02 -1.6440e-01 +7.2076e-02 -7.5239e-01 -2.7249e-01 -7.4594e-01
43173 0 +3.545856873e-05 +4.949800355e+02 +4.949800355e+02 -1.6468e-01 +7.1778e-02 -7.5288e-01 -2.7243e-01 -7.4621e-01
43787 0 +3.158171154e-05 +4.949800316e+02 +4.949800316e+02 -1.6495e-01 +7.1488e-02 -7.5336e-01 -2.7237e-01 -7.4646e-01
44367 0 +2.815144279e-05 +4.949800282e+02 +4.949800282e+02 -1.6521e-01 +7.1221e-02 -7.5380e-01 -2.7230e-01 -7.4670e-01
44913 0 +2.511168861e-05 +4.949800251e+02 +4.949800251e+02 -1.6545e-01 +7.0969e-02 -7.5421e-01 -2.7225e-01 -7.4694e-01
45431 0 +2.237610926e-05 +4.949800224e+02 +4.949800224e+02 -1.6567e-01 +7.0732e-02 -7.5461e-01 -2.7220e-01 -7.4715e-01
45917 0 +1.995186136e-05 +4.949800200e+02 +4.949800200e+02 -1.6588e-01 +7.0503e-02 -7.5498e-01 -2.7215e-01 -7.4735e-01
46383 0 +1.777672554e-05 +4.949800178e+02 +4.949800178e+02 -1.6609e-01 +7.0289e-02 -7.5533e-01 -2.7210e-01 -7.4754e-01
47131 0 +1.584482089e-05 +4.949800158e+02 +4.949800158e+02 -1.6627e-01 +7.0083e-02 -7.5566e-01 -2.7206e-01 -7.4772e-01
47957 0 +1.410890764e-05 +4.949800141e+02 +4.949800141e+02 -1.6645e-01 +6.9892e-02 -7.5598e-01 -2.7201e-01 -7.4789e-01
48735 0 +1.258747761e-05 +4.949800126e+02 +4.949800126e+02 -1.6662e-01 +6.9713e-02 -7.5627e-01 -2.7198e-01 -7.4806e-01
49467 0 +1.121306866e-05 +4.949800112e+02 +4.949800112e+02 -1.6678e-01 +6.9545e-02 -7.5656e-01 -2.7194e-01 -7.4821e-01
50000 0 +1.026492254e-05 +4.949800103e+02 +4.949800103e+02 -1.6690e-01 +6.9419e-02 -7.5676e-01 -2.7191e-01 -7.4832e-01
% f evaluations | g evaluations | best noise-free fitness - Fopt (4.685000000000e+01) + sum g_i+ | measured fitness | best measured fitness or single-digit g-values | x1 | x2...
1 0 +2.600000000e+01 +7.285000000e+01 +7.285000000e+01 +0.0000e+00 +0.0000e+00 +0.0000e+00 +0.0000e+00 +0.0000e+00
270 0 +8.089295238e+00 +5.493929524e+01 +5.493929524e+01 +0.0000e+00 -4.9060e-01 -5.0032e-01 -5.0032e-01 +0.0000e+00
286 0 +7.463583083e+00 +5.431358308e+01 +5.431358308e+01 +0.0000e+00 -2.4044e-01 -5.0032e-01 -5.0032e-01 +0.0000e+00
292 0 +5.814786067e+00 +5.266478607e+01 +5.266478607e+01 +0.0000e+00 -2.4044e-01 -5.0032e-01 -5.0032e-01 +2.5016e-01
304 0 +4.434339855e+00 +5.128433986e+01 +5.128433986e+01 +1.2508e-01 -2.4044e-01 -5.0032e-01 -5.0032e-01 +2.5016e-01
308 0 +2.653960575e+00 +4.950396058e+01 +4.950396058e+01 +1.2508e-01 -2.4044e-01 -3.7524e-01 -5.0032e-01 +2.5016e-01
312 0 +2.277003616e+00 +4.912700362e+01 +4.912700362e+01 +1.2508e-01 -2.4044e-01 -3.7524e-01 -5.0032e-01 +3.7524e-01
331 0 +1.988110065e+00 +4.883811007e+01 +4.883811007e+01 +1.2508e-01 -3.0298e-01 -3.7524e-01 -5.0032e-01 +3.1270e-01
386 0 +1.754907920e+00 +4.860490792e+01 +4.860490792e+01 +1.0945e-01 -2.5608e-01 -3.5961e-01 -4.5342e-01 +3.5961e-01
416 0 +1.578038808e+00 +4.842803881e+01 +4.842803881e+01 +9.3811e-02 -2.0917e-01 -3.4397e-01 -4.0651e-01 +4.0651e-01
460 0 +1.411475475e+00 +4.826147547e+01 +4.826147547e+01 +8.5993e-02 -1.7790e-01 -3.2834e-01 -3.5961e-01 +4.4560e-01
510 0 +1.257904272e+00 +4.810790427e+01 +4.810790427e+01 +7.8176e-02 -1.4663e-01 -3.0489e-01 -3.2052e-01 +4.8469e-01
576 0 +1.117629812e+00 +4.796762981e+01 +4.796762981e+01 +5.4723e-02 -1.0754e-01 -2.8925e-01 -2.7361e-01 +5.1596e-01
670 0 +9.961005575e-01 +4.784610056e+01 +4.784610056e+01 +4.6905e-02 -8.0182e-02 -2.6971e-01 -2.3062e-01 +5.3941e-01
780 0 +8.877678741e-01 +4.773776787e+01 +4.773776787e+01 +3.1270e-02 -5.2821e-02 -2.5016e-01 -1.8762e-01 +5.5896e-01
896 0 +7.931306245e-01 +4.764313062e+01 +4.764313062e+01 +1.9544e-02 -2.5459e-02 -2.3062e-01 -1.4463e-01 +5.7459e-01
1000 0 +7.037777842e-01 +4.755377778e+01 +4.755377778e+01 +7.8176e-03 -2.0064e-03 -2.0717e-01 -1.0163e-01 +5.8632e-01
1108 0 +6.304077582e-01 +4.748040776e+01 +4.748040776e+01 -7.8176e-03 +1.7538e-02 -1.8371e-01 -6.2541e-02 +5.9414e-01
1200 0 +5.614238871e-01 +4.741142389e+01 +4.741142389e+01 -1.5635e-02 +3.7081e-02 -1.6417e-01 -2.3453e-02 +5.9804e-01
1400 0 +4.993703915e-01 +4.734937039e+01 +4.734937039e+01 -2.5407e-02 +5.4671e-02 -1.4072e-01 +1.5635e-02 +6.0195e-01
1590 0 +4.446229563e-01 +4.729462296e+01 +4.729462296e+01 -3.5179e-02 +7.0306e-02 -1.1726e-01 +5.2769e-02 +6.0586e-01
1770 0 +3.978924177e-01 +4.724789242e+01 +4.724789242e+01 -4.2997e-02 +8.5941e-02 -9.5765e-02 +8.7948e-02 +6.0586e-01
1950 0 +3.539283807e-01 +4.720392838e+01 +4.720392838e+01 -5.0814e-02 +9.9622e-02 -7.2313e-02 +1.2313e-01 +6.0586e-01
2120 0 +3.160662437e-01 +4.716606624e+01 +4.716606624e+01 -5.6677e-02 +1.1135e-01 -4.8860e-02 +1.5635e-01 +6.0586e-01
2290 0 +2.810890020e-01 +4.713108900e+01 +4.713108900e+01 -6.4495e-02 +1.2307e-01 -2.7361e-02 +1.8958e-01 +6.0391e-01
2450 0 +2.497609309e-01 +4.709976093e+01 +4.709976093e+01 -7.0358e-02 +1.3285e-01 -3.9088e-03 +2.2085e-01 +6.0195e-01
2750 0 +2.233546827e-01 +4.707335468e+01 +4.707335468e+01 -7.5244e-02 +1.4262e-01 +1.7590e-02 +2.4919e-01 +5.9804e-01
3048 0 +1.992902026e-01 +4.704929020e+01 +4.704929020e+01 -8.0130e-02 +1.5141e-01 +3.9088e-02 +2.7752e-01 +5.9511e-01
3320 0 +1.777645883e-01 +4.702776459e+01 +4.702776459e+01 -8.4039e-02 +1.5825e-01 +5.9609e-02 +3.0489e-01 +5.9120e-01
3590 0 +1.582136039e-01 +4.700821360e+01 +4.700821360e+01 -8.7948e-02 +1.6607e-01 +8.0130e-02 +3.3127e-01 +5.8730e-01
3853 0 +1.411244111e-01 +4.699112441e+01 +4.699112441e+01 -9.1856e-02 +1.7291e-01 +9.9674e-02 +3.5668e-01 +5.8339e-01
4098 0 +1.258848410e-01 +4.697588484e+01 +4.697588484e+01 -9.4788e-02 +1.7877e-01 +1.1922e-01 +3.8013e-01 +5.7948e-01
4333 0 +1.120837974e-01 +4.696208380e+01 +4.696208380e+01 -9.7720e-02 +1.8464e-01 +1.3778e-01 +4.0358e-01 +5.7459e-01
4558 0 +9.979874564e-02 +4.694979875e+01 +4.694979875e+01 -9.9674e-02 +1.8952e-01 +1.5635e-01 +4.2508e-01 +5.7068e-01
4860 0 +8.904437829e-02 +4.693904438e+01 +4.693904438e+01 -1.0212e-01 +1.9441e-01 +1.7345e-01 +4.4560e-01 +5.6580e-01
5270 0 +7.923377705e-02 +4.692923378e+01 +4.692923378e+01 -1.0407e-01 +1.9881e-01 +1.9055e-01 +4.6563e-01 +5.6140e-01
5658 0 +7.071872158e-02 +4.692071872e+01 +4.692071872e+01 -1.0554e-01 +2.0272e-01 +2.0668e-01 +4.8420e-01 +5.5700e-01
6023 0 +6.307833449e-02 +4.691307833e+01 +4.691307833e+01 -1.0749e-01 +2.0663e-01 +2.2182e-01 +5.0228e-01 +5.5309e-01
6370 0 +5.619138937e-02 +4.690619139e+01 +4.690619139e+01 -1.0847e-01 +2.1005e-01 +2.3697e-01 +5.1938e-01 +5.4870e-01
6700 0 +5.009011857e-02 +4.690009012e+01 +4.690009012e+01 -1.0993e-01 +2.1347e-01 +2.5114e-01 +5.3550e-01 +5.4479e-01
7020 0 +4.463468593e-02 +4.689463469e+01 +4.689463469e+01 -1.1140e-01 +2.1640e-01 +2.6482e-01 +5.5114e-01 +5.4088e-01
7320 0 +3.976352920e-02 +4.688976353e+01 +4.688976353e+01 -1.1238e-01 +2.1933e-01 +2.7801e-01 +5.6580e-01 +5.3697e-01
7610 0 +3.539314945e-02 +4.688539315e+01 +4.688539315e+01 -1.1335e-01 +2.2177e-01 +2.9072e-01 +5.7997e-01 +5.3355e-01
7908 0 +3.162273830e-02 +4.688162274e+01 +4.688162274e+01 -1.1384e-01 +2.2397e-01 +3.0269e-01 +5.9267e-01 +5.2964e-01
8420 0 +2.816722681e-02 +4.687816723e+01 +4.687816723e+01 -1.1458e-01 +2.2617e-01 +3.1392e-01 +6.0537e-01 +5.2622e-01
8910 0 +2.508477317e-02 +4.687508477e+01 +4.687508477e+01 -1.1531e-01 +2.2812e-01 +3.2492e-01 +6.1734e-01 +5.2280e-01
9371 0 +2.238158492e-02 +4.687238158e+01 +4.687238158e+01 -1.1604e-01 +2.3008e-01 +3.3518e-01 +6.2858e-01 +5.1962e-01
9818 0 +1.993485613e-02 +4.686993486e+01 +4.686993486e+01 -1.1653e-01 +2.3203e-01 +3.4519e-01 +6.3933e-01 +5.1669e-01
10230 0 +1.777465368e-02 +4.686777465e+01 +4.686777465e+01 -1.1702e-01 +2.3350e-01 +3.5448e-01 +6.4959e-01 +5.1376e-01
10620 0 +1.584421562e-02 +4.686584422e+01 +4.686584422e+01 -1.1726e-01 +2.3496e-01 +3.6352e-01 +6.5912e-01 +5.1083e-01
10998 0 +1.412441058e-02 +4.686412441e+01 +4.686412441e+01 -1.1775e-01 +2.3643e-01 +3.7207e-01 +6.6816e-01 +5.0814e-01
11356 0 +1.258483517e-02 +4.686258484e+01 +4.686258484e+01 -1.1800e-01 +2.3790e-01 +3.8013e-01 +6.7695e-01 +5.0545e-01
11690 0 +1.119350915e-02 +4.686119351e+01 +4.686119351e+01 -1.1849e-01 +2.3912e-01 +3.8795e-01 +6.8526e-01 +5.0301e-01
12008 0 +9.996479527e-03 +4.685999648e+01 +4.685999648e+01 -1.1873e-01 +2.4034e-01 +3.9528e-01 +6.9283e-01 +5.0057e-01
12500 0 +8.908844268e-03 +4.685890884e+01 +4.685890884e+01 -1.1885e-01 +2.4132e-01 +4.0212e-01 +7.0016e-01 +4.9837e-01
13070 0 +7.938066765e-03 +4.685793807e+01 +4.685793807e+01 -1.1910e-01 +2.4229e-01 +4.0871e-01 +7.0712e-01 +4.9617e-01
13610 0 +7.078663118e-03 +4.685707866e+01 +4.685707866e+01 -1.1934e-01 +2.4327e-01 +4.1494e-01 +7.1372e-01 +4.9422e-01
14120 0 +6.304093671e-03 +4.685630409e+01 +4.685630409e+01 -1.1946e-01 +2.4412e-01 +4.2093e-01 +7.1995e-01 +4.9214e-01
14606 0 +5.623187561e-03 +4.685562319e+01 +4.685562319e+01 -1.1958e-01 +2.4498e-01 +4.2655e-01 +7.2581e-01 +4.9031e-01
15060 0 +5.009481814e-03 +4.685500948e+01 +4.685500948e+01 -1.1983e-01 +2.4571e-01 +4.3192e-01 +7.3143e-01 +4.8860e-01
15498 0 +4.463991853e-03 +4.685446399e+01 +4.685446399e+01 -1.1995e-01 +2.4645e-01 +4.3705e-01 +7.3668e-01 +4.8689e-01
15900 0 +3.976849156e-03 +4.685397685e+01 +4.685397685e+01 -1.1995e-01 +2.4706e-01 +4.4181e-01 +7.4169e-01 +4.8518e-01
16290 0 +3.544145398e-03 +4.685354415e+01 +4.685354415e+01 -1.2007e-01 +2.4779e-01 +4.4633e-01 +7.4646e-01 +4.8371e-01
16656 0 +3.161812042e-03 +4.685316181e+01 +4.685316181e+01 -1.2020e-01 +2.4840e-01 +4.5061e-01 +7.5085e-01 +4.8225e-01
17000 0 +2.814008327e-03 +4.685281401e+01 +4.685281401e+01 -1.2032e-01 +2.4889e-01 +4.5476e-01 +7.5513e-01 +4.8090e-01
17328 0 +2.509166653e-03 +4.685250917e+01 +4.685250917e+01 -1.2032e-01 +2.4938e-01 +4.5867e-01 +7.5904e-01 +4.7956e-01
17810 0 +2.235375597e-03 +4.685223538e+01 +4.685223538e+01 -1.2038e-01 +2.4993e-01 +4.6227e-01 +7.6282e-01 +4.7834e-01
18390 0 +1.994175995e-03 +4.685199418e+01 +4.685199418e+01 -1.2044e-01 +2.5035e-01 +4.6570e-01 +7.6637e-01 +4.7718e-01
18948 0 +1.777450178e-03 +4.685177745e+01 +4.685177745e+01 -1.2050e-01 +2.5078e-01 +4.6899e-01 +7.6973e-01 +4.7608e-01
19470 0 +1.582353569e-03 +4.685158235e+01 +4.685158235e+01 -1.2056e-01 +2.5121e-01 +4.7211e-01 +7.7296e-01 +4.7504e-01
19960 0 +1.410427124e-03 +4.685141043e+01 +4.685141043e+01 -1.2056e-01 +2.5158e-01 +4.7504e-01 +7.7596e-01 +4.7400e-01
20428 0 +1.258582587e-03 +4.685125858e+01 +4.685125858e+01 -1.2062e-01 +2.5194e-01 +4.7779e-01 +7.7876e-01 +4.7309e-01
20870 0 +1.121421160e-03 +4.685112142e+01 +4.685112142e+01 -1.2062e-01 +2.5231e-01 +4.8041e-01 +7.8151e-01 +4.7217e-01
21288 0 +9.986048103e-04 +4.685099860e+01 +4.685099860e+01 -1.2068e-01 +2.5261e-01 +4.8292e-01 +7.8402e-01 +4.7131e-01
21678 0 +8.912282844e-04 +4.685089123e+01 +4.685089123e+01 -1.2068e-01 +2.5292e-01 +4.8530e-01 +7.8640e-01 +4.7052e-01
22050 0 +7.932054457e-04 +4.685079321e+01 +4.685079321e+01 -1.2074e-01 +2.5316e-01 +4.8750e-01 +7.8872e-01 +4.6979e-01
22400 0 +7.068780682e-04 +4.685070688e+01 +4.685070688e+01 -1.2074e-01 +2.5347e-01 +4.8958e-01 +7.9086e-01 +4.6905e-01
22790 0 +6.305238109e-04 +4.685063052e+01 +4.685063052e+01 -1.2078e-01 +2.5368e-01 +4.9156e-01 +7.9284e-01 +4.6835e-01
23420 0 +5.618920071e-04 +4.685056189e+01 +4.685056189e+01 -1.2078e-01 +2.5393e-01 +4.9342e-01 +7.9477e-01 +4.6771e-01
24010 0 +5.009912379e-04 +4.685050099e+01 +4.685050099e+01 -1.2081e-01 +2.5414e-01 +4.9519e-01 +7.9657e-01 +4.6710e-01
24570 0 +4.463325512e-04 +4.685044633e+01 +4.685044633e+01 -1.2081e-01 +2.5435e-01 +4.9687e-01 +7.9828e-01 +4.6652e-01
25100 0 +3.978963734e-04 +4.685039790e+01 +4.685039790e+01 -1.2081e-01 +2.5454e-01 +4.9846e-01 +7.9990e-01 +4.6597e-01
25600 0 +3.547192478e-04 +4.685035472e+01 +4.685035472e+01 -1.2084e-01 +2.5472e-01 +4.9996e-01 +8.0142e-01 +4.6548e-01
26070 0 +3.155658431e-04 +4.685031557e+01 +4.685031557e+01 -1.2084e-01 +2.5490e-01 +5.0139e-01 +8.0286e-01 +4.6496e-01
26518 0 +2.815354955e-04 +4.685028154e+01 +4.685028154e+01 -1.2084e-01 +2.5506e-01 +5.0274e-01 +8.0420e-01 +4.6450e-01
26938 0 +2.511585054e-04 +4.685025116e+01 +4.685025116e+01 -1.2087e-01 +2.5524e-01 +5.0399e-01 +8.0548e-01 +4.6408e-01
27330 0 +2.236723287e-04 +4.685022367e+01 +4.685022367e+01 -1.2087e-01 +2.5536e-01 +5.0518e-01 +8.0671e-01 +4.6368e-01
27710 0 +1.991961514e-04 +4.685019920e+01 +4.685019920e+01 -1.2087e-01 +2.5552e-01 +5.0631e-01 +8.0787e-01 +4.6328e-01
28060 0 +1.775895364e-04 +4.685017759e+01 +4.685017759e+01 -1.2087e-01 +2.5564e-01 +5.0738e-01 +8.0894e-01 +4.6292e-01
28710 0 +1.584526901e-04 +4.685015845e+01 +4.685015845e+01 -1.2088e-01 +2.5574e-01 +5.0837e-01 +8.0994e-01 +4.6255e-01
29348 0 +1.411630047e-04 +4.685014116e+01 +4.685014116e+01 -1.2088e-01 +2.5587e-01 +5.0933e-01 +8.1091e-01 +4.6223e-01
29940 0 +1.257274076e-04 +4.685012573e+01 +4.685012573e+01 -1.2088e-01 +2.5597e-01 +5.1023e-01 +8.1182e-01 +4.6191e-01
30500 0 +1.122000507e-04 +4.685011220e+01 +4.685011220e+01 -1.2088e-01 +2.5607e-01 +5.1107e-01 +8.1268e-01 +4.6162e-01
31038 0 +9.999618588e-05 +4.685010000e+01 +4.685010000e+01 -1.2090e-01 +2.5617e-01 +5.1188e-01 +8.1349e-01 +4.6134e-01
31540 0 +8.908226225e-05 +4.685008908e+01 +4.685008908e+01 -1.2090e-01 +2.5626e-01 +5.1263e-01 +8.1426e-01 +4.6108e-01
32010 0 +7.942313429e-05 +4.685007942e+01 +4.685007942e+01 -1.2090e-01 +2.5634e-01 +5.1335e-01 +8.1498e-01 +4.6084e-01
32468 0 +7.071426869e-05 +4.685007071e+01 +4.685007071e+01 -1.2090e-01 +2.5643e-01 +5.1404e-01 +8.1567e-01 +4.6060e-01
32888 0 +6.304793213e-05 +4.685006305e+01 +4.685006305e+01 -1.2090e-01 +2.5649e-01 +5.1468e-01 +8.1631e-01 +4.6037e-01
33300 0 +5.617708940e-05 +4.685005618e+01 +4.685005618e+01 -1.2091e-01 +2.5657e-01 +5.1527e-01 +8.1694e-01 +4.6017e-01
33670 0 +5.010823418e-05 +4.685005011e+01 +4.685005011e+01 -1.2091e-01 +2.5665e-01 +5.1584e-01 +8.1750e-01 +4.5997e-01
34258 0 +4.466662137e-05 +4.685004467e+01 +4.685004467e+01 -1.2091e-01 +2.5670e-01 +5.1638e-01 +8.1804e-01 +4.5978e-01
34930 0 +3.979083487e-05 +4.685003979e+01 +4.685003979e+01 -1.2091e-01 +2.5676e-01 +5.1688e-01 +8.1855e-01 +4.5960e-01
35568 0 +3.548063815e-05 +4.685003548e+01 +4.685003548e+01 -1.2091e-01 +2.5681e-01 +5.1736e-01 +8.1904e-01 +4.5944e-01
36168 0 +3.161552046e-05 +4.685003162e+01 +4.685003162e+01 -1.2091e-01 +2.5687e-01 +5.1782e-01 +8.1949e-01 +4.5927e-01
36730 0 +2.817050316e-05 +4.685002817e+01 +4.685002817e+01 -1.2091e-01 +2.5692e-01 +5.1824e-01 +8.1993e-01 +4.5913e-01
37270 0 +2.510258589e-05 +4.685002510e+01 +4.685002510e+01 -1.2091e-01 +2.5697e-01 +5.1865e-01 +8.2034e-01 +4.5899e-01
37770 0 +2.238196554e-05 +4.685002238e+01 +4.685002238e+01 -1.2091e-01 +2.5701e-01 +5.1903e-01 +8.2072e-01 +4.5886e-01
38258 0 +1.992212499e-05 +4.685001992e+01 +4.685001992e+01 -1.2091e-01 +2.5706e-01 +5.1940e-01 +8.2109e-01 +4.5873e-01
38700 0 +1.776689862e-05 +4.685001777e+01 +4.685001777e+01 -1.2091e-01 +2.5710e-01 +5.1973e-01 +8.2143e-01 +4.5861e-01
39128 0 +1.583937266e-05 +4.685001584e+01 +4.685001584e+01 -1.2091e-01 +2.5713e-01 +5.2006e-01 +8.2175e-01 +4.5850e-01
39530 0 +1.411045548e-05 +4.685001411e+01 +4.685001411e+01 -1.2092e-01 +2.5716e-01 +5.2036e-01 +8.2207e-01 +4.5840e-01
39910 0 +1.255550541e-05 +4.685001256e+01 +4.685001256e+01 -1.2092e-01 +2.5720e-01 +5.2065e-01 +8.2236e-01 +4.5830e-01
40570 0 +1.122004040e-05 +4.685001122e+01 +4.685001122e+01 -1.2092e-01 +2.5723e-01 +5.2091e-01 +8.2262e-01 +4.5820e-01
41250 0 +9.996415478e-06 +4.685001000e+01 +4.685001000e+01 -1.2092e-01 +2.5726e-01 +5.2117e-01 +8.2288e-01 +4.5811e-01
41890 0 +8.901274953e-06 +4.685000890e+01 +4.685000890e+01 -1.2092e-01 +2.5729e-01 +5.2141e-01 +8.2312e-01 +4.5803e-01
42490 0 +7.940742947e-06 +4.685000794e+01 +4.685000794e+01 -1.2092e-01 +2.5731e-01 +5.2164e-01 +8.2335e-01 +4.5795e-01
43060 0 +7.078524291e-06 +4.685000708e+01 +4.685000708e+01 -1.2092e-01 +2.5734e-01 +5.2185e-01 +8.2357e-01 +4.5788e-01
43600 0 +6.299473156e-06 +4.685000630e+01 +4.685000630e+01 -1.2092e-01 +2.5736e-01 +5.2206e-01 +8.2378e-01 +4.5781e-01
44108 0 +5.618732978e-06 +4.685000562e+01 +4.685000562e+01 -1.2092e-01 +2.5739e-01 +5.2225e-01 +8.2397e-01 +4.5774e-01
44580 0 +5.010525143e-06 +4.685000501e+01 +4.685000501e+01 -1.2092e-01 +2.5740e-01 +5.2243e-01 +8.2415e-01 +4.5768e-01
45038 0 +4.463455959e-06 +4.685000446e+01 +4.685000446e+01 -1.2092e-01 +2.5743e-01 +5.2260e-01 +8.2432e-01 +4.5761e-01
45460 0 +3.978973119e-06 +4.685000398e+01 +4.685000398e+01 -1.2092e-01 +2.5745e-01 +5.2276e-01 +8.2449e-01 +4.5756e-01
45860 0 +3.546134977e-06 +4.685000355e+01 +4.685000355e+01 -1.2092e-01 +2.5746e-01 +5.2291e-01 +8.2464e-01 +4.5751e-01
46450 0 +3.157984779e-06 +4.685000316e+01 +4.685000316e+01 -1.2092e-01 +2.5748e-01 +5.2306e-01 +8.2478e-01 +4.5746e-01
47168 0 +2.817205448e-06 +4.685000282e+01 +4.685000282e+01 -1.2092e-01 +2.5749e-01 +5.2319e-01 +8.2492e-01 +4.5741e-01
47848 0 +2.510271507e-06 +4.685000251e+01 +4.685000251e+01 -1.2092e-01 +2.5751e-01 +5.2332e-01 +8.2505e-01 +4.5736e-01
48480 0 +2.238048808e-06 +4.685000224e+01 +4.685000224e+01 -1.2092e-01 +2.5752e-01 +5.2344e-01 +8.2517e-01 +4.5732e-01
49090 0 +1.993560524e-06 +4.685000199e+01 +4.685000199e+01 -1.2092e-01 +2.5754e-01 +5.2355e-01 +8.2529e-01 +4.5728e-01
49660 0 +1.775409565e-06 +4.685000178e+01 +4.685000178e+01 -1.2092e-01 +2.5755e-01 +5.2366e-01 +8.2540e-01 +4.5724e-01
50000 0 +1.654032452e-06 +4.685000165e+01 +4.685000165e+01 -1.2092e-01 +2.5756e-01 +5.2373e-01 +8.2546e-01 +4.5722e-01
% f evaluations | g evaluations | best noise-free fitness - Fopt (1.046400000000e+02) + sum g_i+ | measured fitness | best measured fitness or single-digit g-values | x1 | x2...
1 0 +2.600000000e+01 +1.306400000e+02 +1.306400000e+02 +0.0000e+00 +0.0000e+00 +0.0000e+00 +0.0000e+00 +0.0000e+00
251 0 +2.079335463e+01 +1.254333546e+02 +1.254333546e+02 +3.3772e+00 +2.5016e-01 -5.5133e+00 +8.7557e-01 +2.1264e+00
263 0 +8.248343467e+00 +1.128883435e+02 +1.128883435e+02 +3.2521e+00 +2.5016e-01 -5.5133e+00 +1.0006e+00 +2.1264e+00
296 0 +7.780246038e+00 +1.124202460e+02 +1.124202460e+02 +3.2521e+00 +2.8143e-01 -5.5133e+00 +1.0006e+00 +2.1264e+00
12838 0 +7.079310383e+00 +1.117193104e+02 +1.117193104e+02 +2.9340e+00 +3.1637e-01 -5.1964e+00 +1.0085e+00 +1.9087e+00
42618 0 +6.309432587e+00 +1.109494326e+02 +1.109494326e+02 +2.2583e+00 +4.0285e-01 -4.4689e+00 +9.7720e-01 +1.4458e+00
50000 0 +6.127104505e+00 +1.107671045e+02 +1.107671045e+02 +2.0944e+00 +4.2532e-01 -4.2886e+00 +9.6889e-01 +1.3349e+00
% f evaluations | g evaluations | best noise-free fitness - Fopt (1.965900000000e+02) + sum g_i+ | measured fitness | best measured fitness or single-digit g-values | x1 | x2...
1 0 +2.600000000e+01 +2.225900000e+02 +2.225900000e+02 +0.0000e+00 +0.0000e+00 +0.0000e+00 +0.0000e+00 +0.0000e+00
270 0 +2.147197727e+01 +2.180619773e+02 +2.180619773e+02 +3.2521e+00 +3.0019e+00 +1.2508e+00 +6.2541e-01 -6.0136e+00
278 0 +9.370479820e+00 +2.059604798e+02 +2.059604798e+02 +3.2521e+00 +3.0019e+00 +1.3759e+00 +6.2541e-01 -6.0136e+00
303 0 +8.593473294e+00 +2.051834733e+02 +2.051834733e+02 +3.2208e+00 +3.0019e+00 +1.3759e+00 +6.2541e-01 -6.0136e+00
1452 0 +7.943280436e+00 +2.045332804e+02 +2.045332804e+02 +3.1861e+00 +2.9560e+00 +1.3221e+00 +6.2101e-01 -5.9169e+00
33653 0 +7.079441419e+00 +2.036694414e+02 +2.036694414e+02 +2.7799e+00 +2.5033e+00 +8.2817e-01 +4.3119e-01 -5.0503e+00
50000 0 +6.695164227e+00 +2.032851642e+02 +2.032851642e+02 +2.5891e+00 +2.3003e+00 +6.0537e-01 +3.4568e-01 -4.6512e+00
% f evaluations | g evaluations | best noise-free fitness - Fopt (1.461600000000e+02) + sum g_i+ | measured fitness | best measured fitness or single-digit g-values | x1 | x2...
1 0 +2.600000000e+01 +1.721600000e+02 +1.721600000e+02 +0.0000e+00 +0.0000e+00 +0.0000e+00 +0.0000e+00 +0.0000e+00
592 0 +1.707204841e+01 +1.632320484e+02 +1.632320484e+02 -8.7557e-01 -7.5049e-01 -1.2508e-01 +9.7199e-03 -1.2508e-01
599 0 +1.485025323e+01 +1.610102532e+02 +1.610102532e+02 -7.5049e-01 -7.5049e-01 -1.2508e-01 -1.1536e-01 -1.2508e-01
602 0 +8.372292558e+00 +1.545322926e+02 +1.545322926e+02 -7.5049e-01 -7.5049e-01 -1.2508e-01 -1.1536e-01 +8.3267e-16
612 0 +4.961459720e+00 +1.511214597e+02 +1.511214597e+02 -7.5049e-01 -7.5049e-01 -1.2508e-01 -1.1536e-01 +1.2508e-01
638 0 +4.304778829e+00 +1.504647788e+02 +1.504647788e+02 -7.5049e-01 -8.1303e-01 -6.2541e-02 -1.1536e-01 +2.5016e-01
660 0 +3.978109788e+00 +1.501381098e+02 +1.501381098e+02 -7.1922e-01 -7.8176e-01 -6.2541e-02 -8.4091e-02 +1.8762e-01
740 0 +3.547211059e+00 +1.497072111e+02 +1.497072111e+02 -6.0977e-01 -7.6612e-01 -1.5635e-02 +4.0990e-02 +2.3453e-01
806 0 +3.146399364e+00 +1.493063994e+02 +1.493063994e+02 -5.1596e-01 -7.0358e-01 +4.6905e-02 +1.3480e-01 +2.9707e-01
860 0 +2.807613180e+00 +1.489676132e+02 +1.489676132e+02 -4.5342e-01 -6.2541e-01 +9.3811e-02 +2.1298e-01 +3.4397e-01
906 0 +2.501614419e+00 +1.486616144e+02 +1.486616144e+02 -3.9088e-01 -5.4723e-01 +1.2508e-01 +2.5988e-01 +3.9088e-01
1016 0 +2.237519606e+00 +1.483975196e+02 +1.483975196e+02 -3.3616e-01 -4.6905e-01 +1.3290e-01 +2.9897e-01 +4.2997e-01
1124 0 +1.988363129e+00 +1.481483631e+02 +1.481483631e+02 -2.8143e-01 -3.9088e-01 +1.3290e-01 +3.3024e-01 +4.6905e-01
1206 0 +1.773877513e+00 +1.479338775e+02 +1.479338775e+02 -2.3453e-01 -3.2052e-01 +1.3290e-01 +3.4588e-01 +4.9251e-01
1296 0 +1.576535896e+00 +1.477365359e+02 +1.477365359e+02 -1.8762e-01 -2.5016e-01 +1.1726e-01 +3.5369e-01 +5.0814e-01
1374 0 +1.407471807e+00 +1.475674718e+02 +1.475674718e+02 -1.4072e-01 -1.9544e-01 +1.0945e-01 +3.6151e-01 +5.2378e-01
1444 0 +1.253306993e+00 +1.474133070e+02 +1.474133070e+02 -9.3811e-02 -1.4072e-01 +1.0163e-01 +3.6151e-01 +5.3159e-01
1507 0 +1.119454097e+00 +1.472794541e+02 +1.472794541e+02 -5.4723e-02 -8.5993e-02 +8.5993e-02 +3.6151e-01 +5.3941e-01
1566 0 +9.845815603e-01 +1.471445816e+02 +1.471445816e+02 -7.8176e-03 -3.9088e-02 +7.8176e-02 +3.5369e-01 +5.3941e-01
1624 0 +8.851869724e-01 +1.470451870e+02 +1.470451870e+02 +3.1270e-02 -1.8908e-15 +7.0358e-02 +3.4588e-01 +5.3159e-01
1676 0 +7.812223830e-01 +1.469412224e+02 +1.469412224e+02 +7.0358e-02 +4.6905e-02 +6.2541e-02 +3.3806e-01 +5.2378e-01
1771 0 +7.052857221e-01 +1.468652857e+02 +1.468652857e+02 +1.0163e-01 +7.8176e-02 +5.4723e-02 +3.2633e-01 +5.1596e-01
1856 0 +6.307472216e-01 +1.467907472e+02 +1.467907472e+02 +1.3681e-01 +1.1335e-01 +5.0814e-02 +3.1851e-01 +5.0423e-01
1954 0 +5.572274292e-01 +1.467172274e+02 +1.467172274e+02 +1.7199e-01 +1.4853e-01 +4.2997e-02 +3.0679e-01 +4.8469e-01
2034 0 +5.000746126e-01 +1.466600746e+02 +1.466600746e+02 +2.0326e-01 +1.7980e-01 +3.9088e-02 +2.9897e-01 +4.7296e-01
2156 0 +4.454401300e-01 +1.466054401e+02 +1.466054401e+02 +2.3062e-01 +2.1107e-01 +3.7133e-02 +2.8920e-01 +4.5342e-01
2309 0 +3.977145046e-01 +1.465577145e+02 +1.465577145e+02 +2.5798e-01 +2.4039e-01 +3.3225e-02 +2.7943e-01 +4.3583e-01
2456 0 +3.533473351e-01 +1.465133473e+02 +1.465133473e+02 +2.8534e-01 +2.6971e-01 +3.1270e-02 +2.7161e-01 +4.1433e-01
2594 0 +3.151529353e-01 +1.464751529e+02 +1.464751529e+02 +3.1075e-01 +2.9511e-01 +2.9316e-02 +2.6184e-01 +3.9479e-01
2724 0 +2.814022330e-01 +1.464414022e+02 +1.464414022e+02 +3.3420e-01 +3.2052e-01 +2.9316e-02 +2.5402e-01 +3.7329e-01
2854 0 +2.504686320e-01 +1.464104686e+02 +1.464104686e+02 +3.5765e-01 +3.4593e-01 +2.7361e-02 +2.4620e-01 +3.5375e-01
2976 0 +2.238347812e-01 +1.463838348e+02 +1.463838348e+02 +3.7720e-01 +3.6938e-01 +2.7361e-02 +2.3838e-01 +3.3225e-01
3144 0 +1.995094072e-01 +1.463595094e+02 +1.463595094e+02 +3.9772e-01 +3.8990e-01 +2.7361e-02 +2.3057e-01 +3.1173e-01
3356 0 +1.777234283e-01 +1.463377234e+02 +1.463377234e+02 +4.1629e-01 +4.1140e-01 +2.7361e-02 +2.2275e-01 +2.9120e-01
3566 0 +1.584665291e-01 +1.463184665e+02 +1.463184665e+02 +4.3485e-01 +4.3192e-01 +2.8339e-02 +2.1689e-01 +2.7166e-01
3771 0 +1.411874792e-01 +1.463011875e+02 +1.463011875e+02 +4.5146e-01 +4.5146e-01 +2.8339e-02 +2.1005e-01 +2.5114e-01
3974 0 +1.258188084e-01 +1.462858188e+02 +1.462858188e+02 +4.6808e-01 +4.6905e-01 +2.9316e-02 +2.0418e-01 +2.3160e-01
4164 0 +1.121631297e-01 +1.462721631e+02 +1.462721631e+02 +4.8371e-01 +4.8664e-01 +3.0293e-02 +1.9832e-01 +2.1303e-01
4356 0 +9.989100653e-02 +1.462598910e+02 +1.462598910e+02 +4.9739e-01 +5.0326e-01 +3.1270e-02 +1.9246e-01 +1.9446e-01
4721 0 +8.899499721e-02 +1.462489950e+02 +1.462489950e+02 +5.1107e-01 +5.1938e-01 +3.2736e-02 +1.8757e-01 +1.7638e-01
5079 0 +7.942133834e-02 +1.462394213e+02 +1.462394213e+02 +5.2378e-01 +5.3404e-01 +3.3713e-02 +1.8220e-01 +1.5928e-01
5431 0 +7.072275996e-02 +1.462307228e+02 +1.462307228e+02 +5.3550e-01 +5.4821e-01 +3.5179e-02 +1.7780e-01 +1.4169e-01
5756 0 +6.308098656e-02 +1.462230810e+02 +1.462230810e+02 +5.4723e-01 +5.6189e-01 +3.6156e-02 +1.7340e-01 +1.2606e-01
6071 0 +5.622521530e-02 +1.462162252e+02 +1.462162252e+02 +5.5798e-01 +5.7459e-01 +3.7622e-02 +1.6900e-01 +1.1042e-01
6386 0 +5.009925642e-02 +1.462100993e+02 +1.462100993e+02 +5.6824e-01 +5.8681e-01 +3.8599e-02 +1.6509e-01 +9.5277e-02
6681 0 +4.466071852e-02 +1.462046607e+02 +1.462046607e+02 +5.7752e-01 +5.9804e-01 +4.0065e-02 +1.6119e-01 +8.0619e-02
6971 0 +3.972307025e-02 +1.461997231e+02 +1.461997231e+02 +5.8681e-01 +6.0928e-01 +4.1531e-02 +1.5777e-01 +6.6449e-02
7244 0 +3.546312561e-02 +1.461954631e+02 +1.461954631e+02 +5.9560e-01 +6.1954e-01 +4.2508e-02 +1.5434e-01 +5.3257e-02
7501 0 +3.160018338e-02 +1.461916002e+02 +1.461916002e+02 +6.0342e-01 +6.2980e-01 +4.3974e-02 +1.5141e-01 +4.0554e-02
7764 0 +2.807319096e-02 +1.461880732e+02 +1.461880732e+02 +6.1124e-01 +6.3909e-01 +4.4951e-02 +1.4799e-01 +2.7850e-02
8171 0 +2.508491844e-02 +1.461850849e+02 +1.461850849e+02 +6.1832e-01 +6.4813e-01 +4.6173e-02 +1.4531e-01 +1.6857e-02
8621 0 +2.237266018e-02 +1.461823727e+02 +1.461823727e+02 +6.2516e-01 +6.5643e-01 +4.7394e-02 +1.4262e-01 +5.8632e-03
9061 0 +1.993029289e-02 +1.461799303e+02 +1.461799303e+02 +6.3151e-01 +6.6449e-01 +4.8616e-02 +1.4018e-01 -4.8860e-03
9471 0 +1.777048604e-02 +1.461777705e+02 +1.461777705e+02 +6.3762e-01 +6.7207e-01 +4.9593e-02 +1.3773e-01 -1.4902e-02
9874 0 +1.584263172e-02 +1.461758426e+02 +1.461758426e+02 +6.4348e-01 +6.7915e-01 +5.0570e-02 +1.3553e-01 -2.4674e-02
10251 0 +1.411718274e-02 +1.461741172e+02 +1.461741172e+02 +6.4861e-01 +6.8599e-01 +5.1791e-02 +1.3334e-01 -3.3958e-02
10606 0 +1.257310757e-02 +1.461725731e+02 +1.461725731e+02 +6.5399e-01 +6.9259e-01 +5.2769e-02 +1.3138e-01 -4.2508e-02
10951 0 +1.120902662e-02 +1.461712090e+02 +1.461712090e+02 +6.5863e-01 +6.9845e-01 +5.3746e-02 +1.2943e-01 -5.1059e-02
11271 0 +9.996179304e-03 +1.461699962e+02 +1.461699962e+02 +6.6327e-01 +7.0431e-01 +5.4479e-02 +1.2772e-01 -5.8876e-02
11641 0 +8.906184558e-03 +1.461689062e+02 +1.461689062e+02 +6.6767e-01 +7.0993e-01 +5.5456e-02 +1.2601e-01 -6.6205e-02
12231 0 +7.934566601e-03 +1.461679346e+02 +1.461679346e+02 +6.7170e-01 +7.1506e-01 +5.6311e-02 +1.2442e-01 -7.3412e-02
12781 0 +7.075368706e-03 +1.461670754e+02 +1.461670754e+02 +6.7549e-01 +7.1995e-01 +5.7044e-02 +1.2283e-01 -8.0130e-02
13314 0 +6.308553579e-03 +1.461663086e+02 +1.461663086e+02 +6.7915e-01 +7.2447e-01 +5.7777e-02 +1.2136e-01 -8.6604e-02
13814 0 +5.622562954e-03 +1.461656226e+02 +1.461656226e+02 +6.8257e-01 +7.2887e-01 +5.8510e-02 +1.2002e-01 -9.2712e-02
14291 0 +5.003917172e-03 +1.461650039e+02 +1.461650039e+02 +6.8575e-01 +7.3314e-01 +5.9243e-02 +1.1880e-01 -9.8575e-02
14741 0 +4.461488030e-03 +1.461644615e+02 +1.461644615e+02 +6.8880e-01 +7.3705e-01 +5.9853e-02 +1.1758e-01 -1.0407e-01
15164 0 +3.980314188e-03 +1.461639803e+02 +1.461639803e+02 +6.9173e-01 +7.4071e-01 +6.0586e-02 +1.1648e-01 -1.0920e-01
15576 0 +3.542115804e-03 +1.461635421e+02 +1.461635421e+02 +6.9442e-01 +7.4426e-01 +6.1197e-02 +1.1538e-01 -1.1421e-01
15964 0 +3.157227754e-03 +1.461631572e+02 +1.461631572e+02 +6.9699e-01 +7.4756e-01 +6.1808e-02 +1.1440e-01 -1.1897e-01
16331 0 +2.818115646e-03 +1.461628181e+02 +1.461628181e+02 +6.9931e-01 +7.5073e-01 +6.2296e-02 +1.1342e-01 -1.2349e-01
16666 0 +2.510164974e-03 +1.461625102e+02 +1.461625102e+02 +7.0175e-01 +7.5378e-01 +6.2785e-02 +1.1257e-01 -1.2752e-01
17301 0 +2.236704036e-03 +1.461622367e+02 +1.461622367e+02 +7.0383e-01 +7.5647e-01 +6.3273e-02 +1.1165e-01 -1.3149e-01
17921 0 +1.993427937e-03 +1.461619934e+02 +1.461619934e+02 +7.0584e-01 +7.5916e-01 +6.3762e-02 +1.1086e-01 -1.3528e-01
18501 0 +1.776823939e-03 +1.461617768e+02 +1.461617768e+02 +7.0780e-01 +7.6166e-01 +6.4251e-02 +1.1013e-01 -1.3882e-01
19051 0 +1.583591972e-03 +1.461615836e+02 +1.461615836e+02 +7.0963e-01 +7.6405e-01 +6.4678e-02 +1.0939e-01 -1.4218e-01
19584 0 +1.411435739e-03 +1.461614114e+02 +1.461614114e+02 +7.1134e-01 +7.6624e-01 +6.5045e-02 +1.0872e-01 -1.4542e-01
20076 0 +1.258614782e-03 +1.461612586e+02 +1.461612586e+02 +7.1293e-01 +7.6838e-01 +6.5411e-02 +1.0805e-01 -1.4841e-01
20546 0 +1.121717685e-03 +1.461611217e+02 +1.461611217e+02 +7.1445e-01 +7.7040e-01 +6.5778e-02 +1.0744e-01 -1.5128e-01
20986 0 +9.995232303e-04 +1.461609995e+02 +1.461609995e+02 +7.1592e-01 +7.7229e-01 +6.6144e-02 +1.0689e-01 -1.5397e-01
21411 0 +8.903841726e-04 +1.461608904e+02 +1.461608904e+02 +7.1726e-01 +7.7406e-01 +6.6449e-02 +1.0634e-01 -1.5660e-01
21801 0 +7.941525961e-04 +1.461607942e+02 +1.461607942e+02 +7.1854e-01 +7.7571e-01 +6.6816e-02 +1.0585e-01 -1.5898e-01
22186 0 +7.074652387e-04 +1.461607075e+02 +1.461607075e+02 +7.1977e-01 +7.7736e-01 +6.7060e-02 +1.0536e-01 -1.6130e-01
22554 0 +6.294446574e-04 +1.461606294e+02 +1.461606294e+02 +7.2093e-01 +7.7883e-01 +6.7365e-02 +1.0487e-01 -1.6350e-01
23171 0 +5.621951234e-04 +1.461605622e+02 +1.461605622e+02 +7.2200e-01 +7.8026e-01 +6.7640e-02 +1.0451e-01 -1.6548e-01
23811 0 +5.007970228e-04 +1.461605008e+02 +1.461605008e+02 +7.2300e-01 +7.8160e-01 +6.7885e-02 +1.0408e-01 -1.6744e-01
24411 0 +4.461942348e-04 +1.461604462e+02 +1.461604462e+02 +7.2398e-01 +7.8289e-01 +6.8129e-02 +1.0371e-01 -1.6927e-01
24971 0 +3.978444133e-04 +1.461603978e+02 +1.461603978e+02 +7.2490e-01 +7.8408e-01 +6.8343e-02 +1.0335e-01 -1.7098e-01
25511 0 +3.545252900e-04 +1.461603545e+02 +1.461603545e+02 +7.2575e-01 +7.8521e-01 +6.8556e-02 +1.0301e-01 -1.7263e-01
26021 0 +3.156208145e-04 +1.461603156e+02 +1.461603156e+02 +7.2658e-01 +7.8628e-01 +6.8770e-02 +1.0268e-01 -1.7419e-01
26499 0 +2.817938069e-04 +1.461602818e+02 +1.461602818e+02 +7.2734e-01 +7.8728e-01 +6.8953e-02 +1.0237e-01 -1.7562e-01
26946 0 +2.511791803e-04 +1.461602512e+02 +1.461602512e+02 +7.2807e-01 +7.8826e-01 +6.9137e-02 +1.0210e-01 -1.7699e-01
27381 0 +2.234502609e-04 +1.461602235e+02 +1.461602235e+02 +7.2874e-01 +7.8915e-01 +6.9320e-02 +1.0182e-01 -1.7834e-01
27781 0 +1.992354460e-04 +1.461601992e+02 +1.461601992e+02 +7.2939e-01 +7.9000e-01 +6.9473e-02 +1.0158e-01 -1.7956e-01
28161 0 +1.776477786e-04 +1.461601776e+02 +1.461601776e+02 +7.3000e-01 +7.9080e-01 +6.9625e-02 +1.0133e-01 -1.8072e-01
28541 0 +1.584145847e-04 +1.461601584e+02 +1.461601584e+02 +7.3056e-01 +7.9156e-01 +6.9763e-02 +1.0110e-01 -1.8182e-01
29221 0 +1.412080487e-04 +1.461601412e+02 +1.461601412e+02 +7.3111e-01 +7.9228e-01 +6.9900e-02 +1.0090e-01 -1.8286e-01
29864 0 +1.258867725e-04 +1.461601259e+02 +1.461601259e+02 +7.3163e-01 +7.9295e-01 +7.0022e-02 +1.0069e-01 -1.8384e-01
30476 0 +1.121349860e-04 +1.461601121e+02 +1.461601121e+02 +7.3212e-01 +7.9361e-01 +7.0144e-02 +1.0051e-01 -1.8477e-01
31051 0 +9.990676045e-05 +1.461600999e+02 +1.461600999e+02 +7.3256e-01 +7.9420e-01 +7.0267e-02 +1.0032e-01 -1.8565e-01
31591 0 +8.901273392e-05 +1.461600890e+02 +1.461600890e+02 +7.3300e-01 +7.9478e-01 +7.0373e-02 +1.0016e-01 -1.8648e-01
32109 0 +7.942915528e-05 +1.461600794e+02 +1.461600794e+02 +7.3340e-01 +7.9532e-01 +7.0480e-02 +9.9988e-02 -1.8726e-01
32591 0 +7.074522242e-05 +1.461600707e+02 +1.461600707e+02 +7.3378e-01 +7.9582e-01 +7.0572e-02 +9.9836e-02 -1.8800e-01
33051 0 +6.304895641e-05 +1.461600630e+02 +1.461600630e+02 +7.3415e-01 +7.9629e-01 +7.0664e-02 +9.9698e-02 -1.8871e-01
33481 0 +5.620808159e-05 +1.461600562e+02 +1.461600562e+02 +7.3449e-01 +7.9675e-01 +7.0755e-02 +9.9561e-02 -1.8936e-01
33894 0 +5.009272104e-05 +1.461600501e+02 +1.461600501e+02 +7.3482e-01 +7.9718e-01 +7.0831e-02 +9.9439e-02 -1.8999e-01
34271 0 +4.463139547e-05 +1.461600446e+02 +1.461600446e+02 +7.3513e-01 +7.9759e-01 +7.0923e-02 +9.9317e-02 -1.9057e-01
34661 0 +3.979638558e-05 +1.461600398e+02 +1.461600398e+02 +7.3540e-01 +7.9797e-01 +7.0984e-02 +9.9194e-02 -1.9115e-01
35069 0 +3.547259806e-05 +1.461600355e+02 +1.461600355e+02 +7.3568e-01 +7.9833e-01 +7.1061e-02 +9.9095e-02 -1.9165e-01
35716 0 +3.161304633e-05 +1.461600316e+02 +1.461600316e+02 +7.3594e-01 +7.9867e-01 +7.1122e-02 +9.8996e-02 -1.9214e-01
36331 0 +2.817614273e-05 +1.461600282e+02 +1.461600282e+02 +7.3618e-01 +7.9899e-01 +7.1190e-02 +9.8904e-02 -1.9261e-01
36911 0 +2.510740285e-05 +1.461600251e+02 +1.461600251e+02 +7.3641e-01 +7.9929e-01 +7.1244e-02 +9.8813e-02 -1.9306e-01
37466 0 +2.235323450e-05 +1.461600224e+02 +1.461600224e+02 +7.3663e-01 +7.9958e-01 +7.1305e-02 +9.8729e-02 -1.9348e-01
37971 0 +1.994615167e-05 +1.461600199e+02 +1.461600199e+02 +7.3683e-01 +7.9985e-01 +7.1351e-02 +9.8645e-02 -1.9387e-01
38461 0 +1.777740934e-05 +1.461600178e+02 +1.461600178e+02 +7.3702e-01 +8.0010e-01 +7.1404e-02 +9.8568e-02 -1.9424e-01
38921 0 +1.584379754e-05 +1.461600158e+02 +1.461600158e+02 +7.3720e-01 +8.0035e-01 +7.1450e-02 +9.8500e-02 -1.9459e-01
39364 0 +1.410065315e-05 +1.461600141e+02 +1.461600141e+02 +7.3738e-01 +8.0058e-01 +7.1496e-02 +9.8431e-02 -1.9493e-01
39841 0 +1.258837244e-05 +1.461600126e+02 +1.461600126e+02 +7.3754e-01 +8.0079e-01 +7.1534e-02 +9.8366e-02 -1.9524e-01
40616 0 +1.121886859e-05 +1.461600112e+02 +1.461600112e+02 +7.3769e-01 +8.0100e-01 +7.1572e-02 +9.8305e-02 -1.9553e-01
41351 0 +9.987530177e-06 +1.461600100e+02 +1.461600100e+02 +7.3784e-01 +8.0119e-01 +7.1610e-02 +9.8248e-02 -1.9581e-01
42041 0 +8.902877454e-06 +1.461600089e+02 +1.461600089e+02 +7.3797e-01 +8.0137e-01 +7.1645e-02 +9.8194e-02 -1.9608e-01
42691 0 +7.940312287e-06 +1.461600079e+02 +1.461600079e+02 +7.3810e-01 +8.0154e-01 +7.1679e-02 +9.8145e-02 -1.9632e-01
43311 0 +7.073895148e-06 +1.461600071e+02 +1.461600071e+02 +7.3822e-01 +8.0170e-01 +7.1709e-02 +9.8095e-02 -1.9656e-01
43891 0 +6.308668588e-06 +1.461600063e+02 +1.461600063e+02 +7.3834e-01 +8.0185e-01 +7.1740e-02 +9.8053e-02 -1.9678e-01
44446 0 +5.623330253e-06 +1.461600056e+02 +1.461600056e+02 +7.3844e-01 +8.0200e-01 +7.1767e-02 +9.8007e-02 -1.9699e-01
44961 0 +5.011271810e-06 +1.461600050e+02 +1.461600050e+02 +7.3855e-01 +8.0213e-01 +7.1793e-02 +9.7969e-02 -1.9719e-01
45456 0 +4.466649841e-06 +1.461600045e+02 +1.461600045e+02 +7.3864e-01 +8.0226e-01 +7.1820e-02 +9.7931e-02 -1.9738e-01
45921 0 +3.977258302e-06 +1.461600040e+02 +1.461600040e+02 +7.3873e-01 +8.0238e-01 +7.1843e-02 +9.7893e-02 -1.9756e-01
46356 0 +3.546214430e-06 +1.461600035e+02 +1.461600035e+02 +7.3882e-01 +8.0250e-01 +7.1866e-02 +9.7862e-02 -1.9772e-01
46766 0 +3.162099063e-06 +1.461600032e+02 +1.461600032e+02 +7.3890e-01 +8.0260e-01 +7.1885e-02 +9.7828e-02 -1.9788e-01
47164 0 +2.817093929e-06 +1.461600028e+02 +1.461600028e+02 +7.3898e-01 +8.0270e-01 +7.1904e-02 +9.7797e-02 -1.9803e-01
47681 0 +2.510897644e-06 +1.461600025e+02 +1.461600025e+02 +7.3905e-01 +8.0280e-01 +7.1925e-02 +9.7771e-02 -1.9817e-01
48371 0 +2.238502987e-06 +1.461600022e+02 +1.461600022e+02 +7.3912e-01 +8.0289e-01 +7.1942e-02 +9.7744e-02 -1.9830e-01
49031 0 +1.993405192e-06 +1.461600020e+02 +1.461600020e+02 +7.3918e-01 +8.0298e-01 +7.1959e-02 +9.7717e-02 -1.9843e-01
49654 0 +1.777007810e-06 +1.461600018e+02 +1.461600018e+02 +7.3925e-01 +8.0306e-01 +7.1975e-02 +9.7694e-02 -1.9854e-01
50000 0 +1.664009204e-06 +1.461600017e+02 +1.461600017e+02 +7.3928e-01 +8.0310e-01 +7.1984e-02 +9.7681e-02 -1.9861e-01
% f evaluations | g evaluations | best noise-free fitness - Fopt (-7.469000000000e+01) + sum g_i+ | measured fitness | best measured fitness or single-digit g-values | x1 | x2...
1 0 +2.600000000e+01 -4.869000000e+01 -4.869000000e+01 +0.0000e+00 +0.0000e+00 +0.0000e+00 +0.0000e+00 +0.0000e+00
216 0 +1.985682106e+01 -5.483317894e+01 -5.483317894e+01 -1.0708e+00 +5.0032e-01 -7.3015e-02 +0.0000e+00 -3.4739e-01
218 0 +1.118007639e+01 -6.350992361e+01 -6.350992361e+01 -1.0708e+00 +5.0032e-01 +4.2731e-01 +0.0000e+00 -3.4739e-01
237 0 +6.586902926e+00 -6.810309707e+01 -6.810309707e+01 -1.0708e+00 +5.0032e-01 +1.7715e-01 +0.0000e+00 -3.4739e-01
242 0 +4.662423497e+00 -7.002757650e+01 -7.002757650e+01 -1.0708e+00 +5.0032e-01 +1.7715e-01 +0.0000e+00 -9.7232e-02
276 0 +4.363190956e+00 -7.032680904e+01 -7.032680904e+01 -1.0708e+00 +4.3778e-01 +1.7715e-01 +0.0000e+00 -9.7232e-02
322 0 +3.979549657e+00 -7.071045034e+01 -7.071045034e+01 -1.0396e+00 +3.4397e-01 +1.1461e-01 -3.1270e-02 -3.4215e-03
357 0 +3.539778598e+00 -7.115022140e+01 -7.115022140e+01 -9.7703e-01 +2.5016e-01 -1.0475e-02 -3.1270e-02 +5.9119e-02
434 0 +3.159782687e+00 -7.153021731e+01 -7.153021731e+01 -8.9886e-01 +1.7199e-01 -1.0429e-01 +1.5635e-02 +1.2166e-01
494 0 +2.800005206e+00 -7.188999479e+01 -7.188999479e+01 -8.2068e-01 +1.2508e-01 -1.9810e-01 +7.8176e-02 +1.6857e-01
547 0 +2.496252805e+00 -7.219374720e+01 -7.219374720e+01 -7.4251e-01 +7.8176e-02 -2.6064e-01 +1.4072e-01 +1.9984e-01
595 0 +2.223173089e+00 -7.246682691e+01 -7.246682691e+01 -6.6433e-01 +4.6905e-02 -2.9191e-01 +2.0326e-01 +2.1547e-01
650 0 +1.982451431e+00 -7.270754857e+01 -7.270754857e+01 -5.8615e-01 +1.5635e-02 -3.0754e-01 +2.6580e-01 +2.3111e-01
694 0 +1.755216362e+00 -7.293478364e+01 -7.293478364e+01 -5.0798e-01 -1.0408e-16 -3.2318e-01 +3.1270e-01 +2.4674e-01
735 0 +1.581808619e+00 -7.310819138e+01 -7.310819138e+01 -4.4544e-01 -3.1270e-02 -3.2318e-01 +3.4397e-01 +2.6238e-01
784 0 +1.407056743e+00 -7.328294326e+01 -7.328294326e+01 -3.6726e-01 -4.6905e-02 -3.2318e-01 +3.7524e-01 +2.6238e-01
815 0 +1.255174398e+00 -7.343482560e+01 -7.343482560e+01 -3.2036e-01 -7.8176e-02 -3.2318e-01 +4.0651e-01 +2.6238e-01
864 0 +1.121300431e+00 -7.356869957e+01 -7.356869957e+01 -2.4218e-01 -9.3811e-02 -3.0754e-01 +4.2215e-01 +2.6238e-01
894 0 +9.774427151e-01 -7.371255728e+01 -7.371255728e+01 -1.9528e-01 -1.2508e-01 -3.0754e-01 +4.5342e-01 +2.6238e-01
924 0 +8.762265222e-01 -7.381377348e+01 -7.381377348e+01 -1.4837e-01 -1.4072e-01 -2.9191e-01 +4.6905e-01 +2.6238e-01
981 0 +7.859924296e-01 -7.390400757e+01 -7.390400757e+01 -9.3647e-02 -1.5635e-01 -2.8409e-01 +4.6905e-01 +2.5456e-01
1034 0 +7.040032260e-01 -7.398599677e+01 -7.398599677e+01 -4.6742e-02 -1.7980e-01 -2.7627e-01 +4.7687e-01 +2.5456e-01
1100 0 +6.250558952e-01 -7.406494410e+01 -7.406494410e+01 +1.6338e-04 -1.9544e-01 -2.6064e-01 +4.7687e-01 +2.4674e-01
1155 0 +5.588580955e-01 -7.413114190e+01 -7.413114190e+01 +4.7069e-02 -2.1107e-01 -2.5282e-01 +4.6905e-01 +2.3892e-01
1215 0 +4.964023769e-01 -7.419359762e+01 -7.419359762e+01 +9.3974e-02 -2.2671e-01 -2.4500e-01 +4.6905e-01 +2.3111e-01
1314 0 +4.443432227e-01 -7.424565678e+01 -7.424565678e+01 +1.3306e-01 -2.3453e-01 -2.3718e-01 +4.6124e-01 +2.2329e-01
1424 0 +3.946629390e-01 -7.429533706e+01 -7.429533706e+01 +1.7606e-01 -2.4625e-01 -2.2546e-01 +4.5342e-01 +2.1547e-01
1525 0 +3.545107176e-01 -7.433548928e+01 -7.433548928e+01 +2.1515e-01 -2.5798e-01 -2.2155e-01 +4.4560e-01 +2.0765e-01
1629 0 +3.151730905e-01 -7.437482691e+01 -7.437482691e+01 +2.5423e-01 -2.6580e-01 -2.1373e-01 +4.3388e-01 +1.9984e-01
1724 0 +2.805674565e-01 -7.440943254e+01 -7.440943254e+01 +2.9332e-01 -2.7752e-01 -2.0591e-01 +4.2606e-01 +1.9202e-01
1818 0 +2.506809819e-01 -7.443931902e+01 -7.443931902e+01 +3.2850e-01 -2.8143e-01 -1.9810e-01 +4.1433e-01 +1.8420e-01
1964 0 +2.237687690e-01 -7.446623123e+01 -7.446623123e+01 +3.6173e-01 -2.8925e-01 -1.9419e-01 +4.0260e-01 +1.7834e-01
2149 0 +1.994173437e-01 -7.449058266e+01 -7.449058266e+01 +3.9691e-01 -2.9707e-01 -1.8832e-01 +3.9088e-01 +1.7247e-01
2304 0 +1.769441657e-01 -7.451305583e+01 -7.451305583e+01 +4.2818e-01 -3.0293e-01 -1.8246e-01 +3.7915e-01 +1.6466e-01
2464 0 +1.579443442e-01 -7.453205566e+01 -7.453205566e+01 +4.5945e-01 -3.0879e-01 -1.7855e-01 +3.6743e-01 +1.5879e-01
2635 0 +1.410755607e-01 -7.454892444e+01 -7.454892444e+01 +4.8974e-01 -3.1368e-01 -1.7464e-01 +3.5570e-01 +1.5293e-01
2904 0 +1.254564719e-01 -7.456454353e+01 -7.456454353e+01 +5.1612e-01 -3.1759e-01 -1.6976e-01 +3.4300e-01 +1.4609e-01
3179 0 +1.121649990e-01 -7.457783500e+01 -7.457783500e+01 +5.4251e-01 -3.2247e-01 -1.6585e-01 +3.3127e-01 +1.4023e-01
3454 0 +9.977417371e-02 -7.459022583e+01 -7.459022583e+01 +5.6987e-01 -3.2638e-01 -1.6292e-01 +3.2052e-01 +1.3534e-01
3701 0 +8.883566806e-02 -7.460116433e+01 -7.460116433e+01 +5.9332e-01 -3.2932e-01 -1.5901e-01 +3.0879e-01 +1.2948e-01
3934 0 +7.930567905e-02 -7.461069432e+01 -7.461069432e+01 +6.1677e-01 -3.3225e-01 -1.5608e-01 +2.9804e-01 +1.2459e-01
4159 0 +7.078783995e-02 -7.461921216e+01 -7.461921216e+01 +6.3827e-01 -3.3518e-01 -1.5315e-01 +2.8632e-01 +1.1971e-01
4384 0 +6.308804631e-02 -7.462691195e+01 -7.462691195e+01 +6.6075e-01 -3.3811e-01 -1.5119e-01 +2.7655e-01 +1.1482e-01
4584 0 +5.613018648e-02 -7.463386981e+01 -7.463386981e+01 +6.8029e-01 -3.4006e-01 -1.4826e-01 +2.6580e-01 +1.1091e-01
4795 0 +5.005984077e-02 -7.463994016e+01 -7.463994016e+01 +7.0081e-01 -3.4300e-01 -1.4630e-01 +2.5603e-01 +1.0700e-01
4985 0 +4.452326615e-02 -7.464547673e+01 -7.464547673e+01 +7.1938e-01 -3.4495e-01 -1.4435e-01 +2.4625e-01 +1.0212e-01
5244 0 +3.977336116e-02 -7.465022664e+01 -7.465022664e+01 +7.3502e-01 -3.4593e-01 -1.4191e-01 +2.3697e-01 +9.8695e-02
5589 0 +3.546632780e-02 -7.465453367e+01 -7.465453367e+01 +7.5163e-01 -3.4788e-01 -1.3995e-01 +2.2818e-01 +9.5275e-02
5914 0 +3.154755737e-02 -7.465845244e+01 -7.465845244e+01 +7.6775e-01 -3.4935e-01 -1.3849e-01 +2.1987e-01 +9.1855e-02
6214 0 +2.815129596e-02 -7.466184870e+01 -7.466184870e+01 +7.8241e-01 -3.5081e-01 -1.3653e-01 +2.1156e-01 +8.8435e-02
6514 0 +2.508858438e-02 -7.466491142e+01 -7.466491142e+01 +7.9707e-01 -3.5179e-01 -1.3507e-01 +2.0375e-01 +8.5503e-02
6784 0 +2.236615067e-02 -7.466763385e+01 -7.466763385e+01 +8.1026e-01 -3.5326e-01 -1.3409e-01 +1.9642e-01 +8.2572e-02
7044 0 +1.990648301e-02 -7.467009352e+01 -7.467009352e+01 +8.2296e-01 -3.5423e-01 -1.3262e-01 +1.8909e-01 +7.9640e-02
7304 0 +1.777177351e-02 -7.467222823e+01 -7.467222823e+01 +8.3567e-01 -3.5521e-01 -1.3165e-01 +1.8225e-01 +7.7197e-02
7539 0 +1.575899873e-02 -7.467424100e+01 -7.467424100e+01 +8.4690e-01 -3.5619e-01 -1.3018e-01 +1.7541e-01 +7.4266e-02
7764 0 +1.412457984e-02 -7.467587542e+01 -7.467587542e+01 +8.5814e-01 -3.5717e-01 -1.2920e-01 +1.6954e-01 +7.2311e-02
8124 0 +1.257883491e-02 -7.467742117e+01 -7.467742117e+01 +8.6767e-01 -3.5765e-01 -1.2823e-01 +1.6344e-01 +6.9868e-02
8524 0 +1.120155577e-02 -7.467879844e+01 -7.467879844e+01 +8.7744e-01 -3.5839e-01 -1.2725e-01 +1.5757e-01 +6.7669e-02
8909 0 +9.995340286e-03 -7.468000466e+01 -7.468000466e+01 +8.8672e-01 -3.5912e-01 -1.2652e-01 +1.5220e-01 +6.5715e-02
9264 0 +8.902289735e-03 -7.468109771e+01 -7.468109771e+01 +8.9552e-01 -3.5961e-01 -1.2554e-01 +1.4707e-01 +6.3761e-02
9614 0 +7.921520176e-03 -7.468207848e+01 -7.468207848e+01 +9.0407e-01 -3.6034e-01 -1.2481e-01 +1.4218e-01 +6.1806e-02
9934 0 +7.064691857e-03 -7.468293531e+01 -7.468293531e+01 +9.1189e-01 -3.6083e-01 -1.2407e-01 +1.3754e-01 +6.0096e-02
10241 0 +6.307548360e-03 -7.468369245e+01 -7.468369245e+01 +9.1922e-01 -3.6132e-01 -1.2334e-01 +1.3290e-01 +5.8386e-02
10529 0 +5.622906761e-03 -7.468437709e+01 -7.468437709e+01 +9.2630e-01 -3.6181e-01 -1.2285e-01 +1.2875e-01 +5.6920e-02
10808 0 +4.999539771e-03 -7.468500046e+01 -7.468500046e+01 +9.3314e-01 -3.6205e-01 -1.2212e-01 +1.2484e-01 +5.5455e-02
11064 0 +4.456501764e-03 -7.468554350e+01 -7.468554350e+01 +9.3949e-01 -3.6254e-01 -1.2163e-01 +1.2093e-01 +5.4233e-02
11299 0 +3.980972022e-03 -7.468601903e+01 -7.468601903e+01 +9.4511e-01 -3.6278e-01 -1.2114e-01 +1.1726e-01 +5.2767e-02
11534 0 +3.536311726e-03 -7.468646369e+01 -7.468646369e+01 +9.5098e-01 -3.6303e-01 -1.2065e-01 +1.1384e-01 +5.1546e-02
11761 0 +3.158876738e-03 -7.468684112e+01 -7.468684112e+01 +9.5635e-01 -3.6352e-01 -1.2016e-01 +1.1067e-01 +5.0324e-02
11964 0 +2.810110534e-03 -7.468718989e+01 -7.468718989e+01 +9.6148e-01 -3.6376e-01 -1.1968e-01 +1.0749e-01 +4.9347e-02
12264 0 +2.508838937e-03 -7.468749116e+01 -7.468749116e+01 +9.6612e-01 -3.6401e-01 -1.1943e-01 +1.0468e-01 +4.8248e-02
12624 0 +2.238130507e-03 -7.468776187e+01 -7.468776187e+01 +9.7052e-01 -3.6413e-01 -1.1894e-01 +1.0187e-01 +4.7271e-02
12988 0 +1.994597680e-03 -7.468800540e+01 -7.468800540e+01 +9.7492e-01 -3.6437e-01 -1.1858e-01 +9.9308e-02 +4.6293e-02
13314 0 +1.773330713e-03 -7.468822667e+01 -7.468822667e+01 +9.7895e-01 -3.6462e-01 -1.1833e-01 +9.6742e-02 +4.5438e-02
13629 0 +1.583147254e-03 -7.468841685e+01 -7.468841685e+01 +9.8273e-01 -3.6486e-01 -1.1797e-01 +9.4422e-02 +4.4583e-02
13924 0 +1.411928262e-03 -7.468858807e+01 -7.468858807e+01 +9.8640e-01 -3.6498e-01 -1.1772e-01 +9.2223e-02 +4.3850e-02
14214 0 +1.256771255e-03 -7.468874323e+01 -7.468874323e+01 +9.8994e-01 -3.6523e-01 -1.1748e-01 +9.0024e-02 +4.3117e-02
14554 0 +1.120645617e-03 -7.468887935e+01 -7.468887935e+01 +9.9299e-01 -3.6535e-01 -1.1717e-01 +8.8070e-02 +4.2385e-02
15044 0 +9.999886281e-04 -7.468900001e+01 -7.468900001e+01 +9.9599e-01 -3.6547e-01 -1.1693e-01 +8.6177e-02 +4.1713e-02
15521 0 +8.911870483e-04 -7.468910881e+01 -7.468910881e+01 +9.9886e-01 -3.6559e-01 -1.1668e-01 +8.4344e-02 +4.1041e-02
15971 0 +7.933362890e-04 -7.468920666e+01 -7.468920666e+01 +1.0016e+00 -3.6572e-01 -1.1644e-01 +8.2634e-02 +4.0430e-02
16391 0 +7.076081823e-04 -7.468929239e+01 -7.468929239e+01 +1.0042e+00 -3.6584e-01 -1.1626e-01 +8.1046e-02 +3.9880e-02
16794 0 +6.300093841e-04 -7.468936999e+01 -7.468936999e+01 +1.0067e+00 -3.6596e-01 -1.1607e-01 +7.9519e-02 +3.9392e-02
17164 0 +5.620797609e-04 -7.468943792e+01 -7.468943792e+01 +1.0089e+00 -3.6608e-01 -1.1589e-01 +7.8115e-02 +3.8842e-02
17534 0 +5.007508459e-04 -7.468949925e+01 -7.468949925e+01 +1.0112e+00 -3.6620e-01 -1.1571e-01 +7.6771e-02 +3.8415e-02
17854 0 +4.463271564e-04 -7.468955367e+01 -7.468955367e+01 +1.0131e+00 -3.6627e-01 -1.1552e-01 +7.5488e-02 +3.7926e-02
18184 0 +3.976566097e-04 -7.468960234e+01 -7.468960234e+01 +1.0152e+00 -3.6639e-01 -1.1540e-01 +7.4267e-02 +3.7499e-02
18474 0 +3.548129675e-04 -7.468964519e+01 -7.468964519e+01 +1.0169e+00 -3.6645e-01 -1.1522e-01 +7.3107e-02 +3.7132e-02
18944 0 +3.157561877e-04 -7.468968424e+01 -7.468968424e+01 +1.0186e+00 -3.6651e-01 -1.1510e-01 +7.2007e-02 +3.6735e-02
19474 0 +2.817417089e-04 -7.468971826e+01 -7.468971826e+01 +1.0203e+00 -3.6657e-01 -1.1497e-01 +7.0999e-02 +3.6369e-02
19984 0 +2.509302254e-04 -7.468974907e+01 -7.468974907e+01 +1.0218e+00 -3.6663e-01 -1.1485e-01 +7.0022e-02 +3.6033e-02
20464 0 +2.236525557e-04 -7.468977635e+01 -7.468977635e+01 +1.0233e+00 -3.6669e-01 -1.1473e-01 +6.9106e-02 +3.5697e-02
20914 0 +1.994041407e-04 -7.468980060e+01 -7.468980060e+01 +1.0247e+00 -3.6675e-01 -1.1464e-01 +6.8221e-02 +3.5422e-02
21334 0 +1.778155148e-04 -7.468982218e+01 -7.468982218e+01 +1.0259e+00 -3.6682e-01 -1.1452e-01 +6.7427e-02 +3.5117e-02
21749 0 +1.584151607e-04 -7.468984158e+01 -7.468984158e+01 +1.0272e+00 -3.6688e-01 -1.1442e-01 +6.6633e-02 +3.4872e-02
22128 0 +1.412481025e-04 -7.468985875e+01 -7.468985875e+01 +1.0284e+00 -3.6694e-01 -1.1433e-01 +6.5930e-02 +3.4598e-02
22484 0 +1.258512719e-04 -7.468987415e+01 -7.468987415e+01 +1.0295e+00 -3.6697e-01 -1.1427e-01 +6.5228e-02 +3.4353e-02
22824 0 +1.120000941e-04 -7.468988800e+01 -7.468988800e+01 +1.0305e+00 -3.6700e-01 -1.1418e-01 +6.4556e-02 +3.4139e-02
23144 0 +9.980505168e-05 -7.468990019e+01 -7.468990019e+01 +1.0315e+00 -3.6706e-01 -1.1409e-01 +6.3945e-02 +3.3926e-02
23444 0 +8.887801083e-05 -7.468991112e+01 -7.468991112e+01 +1.0324e+00 -3.6709e-01 -1.1403e-01 +6.3365e-02 +3.3712e-02
23724 0 +7.935683752e-05 -7.468992064e+01 -7.468992064e+01 +1.0332e+00 -3.6712e-01 -1.1397e-01 +6.2815e-02 +3.3529e-02
23994 0 +7.075697644e-05 -7.468992924e+01 -7.468992924e+01 +1.0341e+00 -3.6715e-01 -1.1390e-01 +6.2296e-02 +3.3345e-02
24494 0 +6.303836935e-05 -7.468993696e+01 -7.468993696e+01 +1.0348e+00 -3.6720e-01 -1.1384e-01 +6.1808e-02 +3.3178e-02
24981 0 +5.616808889e-05 -7.468994383e+01 -7.468994383e+01 +1.0356e+00 -3.6723e-01 -1.1378e-01 +6.1334e-02 +3.3010e-02
25434 0 +5.011490897e-05 -7.468994989e+01 -7.468994989e+01 +1.0363e+00 -3.6726e-01 -1.1374e-01 +6.0907e-02 +3.2872e-02
25858 0 +4.465610105e-05 -7.468995534e+01 -7.468995534e+01 +1.0369e+00 -3.6727e-01 -1.1368e-01 +6.0495e-02 +3.2719e-02
26264 0 +3.973436611e-05 -7.468996027e+01 -7.468996027e+01 +1.0375e+00 -3.6730e-01 -1.1363e-01 +6.0098e-02 +3.2582e-02
26644 0 +3.547823235e-05 -7.468996452e+01 -7.468996452e+01 +1.0381e+00 -3.6732e-01 -1.1358e-01 +5.9731e-02 +3.2460e-02
27004 0 +3.161231697e-05 -7.468996839e+01 -7.468996839e+01 +1.0387e+00 -3.6735e-01 -1.1355e-01 +5.9380e-02 +3.2338e-02
27351 0 +2.814855327e-05 -7.468997185e+01 -7.468997185e+01 +1.0392e+00 -3.6736e-01 -1.1351e-01 +5.9044e-02 +3.2216e-02
27678 0 +2.509504803e-05 -7.468997490e+01 -7.468997490e+01 +1.0397e+00 -3.6740e-01 -1.1346e-01 +5.8739e-02 +3.2109e-02
27974 0 +2.238497622e-05 -7.468997762e+01 -7.468997762e+01 +1.0402e+00 -3.6741e-01 -1.1343e-01 +5.8449e-02 +3.2017e-02
28271 0 +1.987341246e-05 -7.468998013e+01 -7.468998013e+01 +1.0406e+00 -3.6743e-01 -1.1340e-01 +5.8158e-02 +3.1910e-02
28534 0 +1.773177925e-05 -7.468998227e+01 -7.468998227e+01 +1.0410e+00 -3.6744e-01 -1.1337e-01 +5.7899e-02 +3.1819e-02
28784 0 +1.582326620e-05 -7.468998418e+01 -7.468998418e+01 +1.0414e+00 -3.6746e-01 -1.1334e-01 +5.7655e-02 +3.1742e-02
29039 0 +1.411854178e-05 -7.468998588e+01 -7.468998588e+01 +1.0418e+00 -3.6747e-01 -1.1331e-01 +5.7410e-02 +3.1666e-02
29444 0 +1.258411454e-05 -7.468998742e+01 -7.468998742e+01 +1.0421e+00 -3.6748e-01 -1.1329e-01 +5.7197e-02 +3.1582e-02
29884 0 +1.120719689e-05 -7.468998879e+01 -7.468998879e+01 +1.0424e+00 -3.6749e-01 -1.1326e-01 +5.6990e-02 +3.1513e-02
30289 0 +9.995350567e-06 -7.468999000e+01 -7.468999000e+01 +1.0427e+00 -3.6751e-01 -1.1323e-01 +5.6792e-02 +3.1445e-02
30674 0 +8.908012646e-06 -7.468999109e+01 -7.468999109e+01 +1.0430e+00 -3.6752e-01 -1.1322e-01 +5.6609e-02 +3.1376e-02
31034 0 +7.936956933e-06 -7.468999206e+01 -7.468999206e+01 +1.0433e+00 -3.6753e-01 -1.1319e-01 +5.6433e-02 +3.1315e-02
31374 0 +7.065583347e-06 -7.468999293e+01 -7.468999293e+01 +1.0436e+00 -3.6754e-01 -1.1317e-01 +5.6265e-02 +3.1261e-02
31699 0 +6.309196564e-06 -7.468999369e+01 -7.468999369e+01 +1.0438e+00 -3.6755e-01 -1.1316e-01 +5.6105e-02 +3.1208e-02
32009 0 +5.616066616e-06 -7.468999438e+01 -7.468999438e+01 +1.0441e+00 -3.6756e-01 -1.1313e-01 +5.5960e-02 +3.1154e-02
32294 0 +5.002129740e-06 -7.468999500e+01 -7.468999500e+01 +1.0443e+00 -3.6757e-01 -1.1312e-01 +5.5822e-02 +3.1109e-02
32564 0 +4.460497649e-06 -7.468999554e+01 -7.468999554e+01 +1.0445e+00 -3.6758e-01 -1.1310e-01 +5.5693e-02 +3.1063e-02
32829 0 +3.963064344e-06 -7.468999604e+01 -7.468999604e+01 +1.0447e+00 -3.6759e-01 -1.1309e-01 +5.5563e-02 +3.1017e-02
33234 0 +3.542536390e-06 -7.468999646e+01 -7.468999646e+01 +1.0449e+00 -3.6759e-01 -1.1308e-01 +5.5448e-02 +3.0979e-02
33689 0 +3.161526450e-06 -7.468999684e+01 -7.468999684e+01 +1.0450e+00 -3.6760e-01 -1.1306e-01 +5.5338e-02 +3.0941e-02
34124 0 +2.815615119e-06 -7.468999718e+01 -7.468999718e+01 +1.0452e+00 -3.6761e-01 -1.1305e-01 +5.5235e-02 +3.0902e-02
34534 0 +2.509901677e-06 -7.468999749e+01 -7.468999749e+01 +1.0454e+00 -3.6761e-01 -1.1304e-01 +5.5135e-02 +3.0868e-02
34914 0 +2.238297782e-06 -7.468999776e+01 -7.468999776e+01 +1.0455e+00 -3.6762e-01 -1.1303e-01 +5.5044e-02 +3.0838e-02
35274 0 +1.993879195e-06 -7.468999801e+01 -7.468999801e+01 +1.0456e+00 -3.6762e-01 -1.1302e-01 +5.4952e-02 +3.0807e-02
35629 0 +1.777581886e-06 -7.468999822e+01 -7.468999822e+01 +1.0458e+00 -3.6763e-01 -1.1301e-01 +5.4868e-02 +3.0780e-02
35951 0 +1.584829405e-06 -7.468999842e+01 -7.468999842e+01 +1.0459e+00 -3.6763e-01 -1.1300e-01 +5.4792e-02 +3.0750e-02
36254 0 +1.409635772e-06 -7.468999859e+01 -7.468999859e+01 +1.0460e+00 -3.6764e-01 -1.1299e-01 +5.4715e-02 +3.0727e-02
36544 0 +1.256955372e-06 -7.468999874e+01 -7.468999874e+01 +1.0461e+00 -3.6764e-01 -1.1298e-01 +5.4647e-02 +3.0700e-02
36829 0 +1.116030731e-06 -7.468999888e+01 -7.468999888e+01 +1.0462e+00 -3.6764e-01 -1.1297e-01 +5.4578e-02 +3.0677e-02
37074 0 +9.980090567e-07 -7.468999900e+01 -7.468999900e+01 +1.0463e+00 -3.6765e-01 -1.1297e-01 +5.4517e-02 +3.0658e-02
37404 0 +8.908480851e-07 -7.468999911e+01 -7.468999911e+01 +1.0464e+00 -3.6765e-01 -1.1296e-01 +5.4460e-02 +3.0637e-02
37864 0 +7.941290789e-07 -7.468999921e+01 -7.468999921e+01 +1.0465e+00 -3.6765e-01 -1.1295e-01 +5.4404e-02 +3.0618e-02
38304 0 +7.077827320e-07 -7.468999929e+01 -7.468999929e+01 +1.0466e+00 -3.6766e-01 -1.1295e-01 +5.4351e-02 +3.0601e-02
38714 0 +6.299797946e-07 -7.468999937e+01 -7.468999937e+01 +1.0467e+00 -3.6766e-01 -1.1294e-01 +5.4301e-02 +3.0582e-02
39098 0 +5.619794763e-07 -7.468999944e+01 -7.468999944e+01 +1.0467e+00 -3.6766e-01 -1.1293e-01 +5.4255e-02 +3.0567e-02
39464 0 +5.001633241e-07 -7.468999950e+01 -7.468999950e+01 +1.0468e+00 -3.6767e-01 -1.1293e-01 +5.4210e-02 +3.0551e-02
39814 0 +4.466125745e-07 -7.468999955e+01 -7.468999955e+01 +1.0469e+00 -3.6767e-01 -1.1292e-01 +5.4170e-02 +3.0538e-02
40134 0 +3.976678045e-07 -7.468999960e+01 -7.468999960e+01 +1.0469e+00 -3.6767e-01 -1.1292e-01 +5.4129e-02 +3.0523e-02
40441 0 +3.545787024e-07 -7.468999965e+01 -7.468999965e+01 +1.0470e+00 -3.6767e-01 -1.1291e-01 +5.4091e-02 +3.0509e-02
40724 0 +3.158590971e-07 -7.468999968e+01 -7.468999968e+01 +1.0471e+00 -3.6768e-01 -1.1291e-01 +5.4057e-02 +3.0498e-02
40999 0 +2.816757103e-07 -7.468999972e+01 -7.468999972e+01 +1.0471e+00 -3.6768e-01 -1.1291e-01 +5.4023e-02 +3.0486e-02
41264 0 +2.511396247e-07 -7.468999975e+01 -7.468999975e+01 +1.0472e+00 -3.6768e-01 -1.1290e-01 +5.3992e-02 +3.0477e-02
41654 0 +2.234815781e-07 -7.468999978e+01 -7.468999978e+01 +1.0472e+00 -3.6768e-01 -1.1290e-01 +5.3962e-02 +3.0465e-02
42114 0 +1.991947016e-07 -7.468999980e+01 -7.468999980e+01 +1.0472e+00 -3.6768e-01 -1.1290e-01 +5.3935e-02 +3.0456e-02
42544 0 +1.777432743e-07 -7.468999982e+01 -7.468999982e+01 +1.0473e+00 -3.6769e-01 -1.1289e-01 +5.3909e-02 +3.0447e-02
42964 0 +1.582872926e-07 -7.468999984e+01 -7.468999984e+01 +1.0473e+00 -3.6769e-01 -1.1289e-01 +5.3884e-02 +3.0439e-02
43344 0 +1.411831931e-07 -7.468999986e+01 -7.468999986e+01 +1.0474e+00 -3.6769e-01 -1.1289e-01 +5.3860e-02 +3.0431e-02
43715 0 +1.258729299e-07 -7.468999987e+01 -7.468999987e+01 +1.0474e+00 -3.6769e-01 -1.1288e-01 +5.3838e-02 +3.0423e-02
44054 0 +1.121183573e-07 -7.468999989e+01 -7.468999989e+01 +1.0474e+00 -3.6769e-01 -1.1288e-01 +5.3817e-02 +3.0416e-02
44374 0 +9.997989991e-08 -7.468999990e+01 -7.468999990e+01 +1.0475e+00 -3.6769e-01 -1.1288e-01 +5.3797e-02 +3.0409e-02
44689 0 +8.908172333e-08 -7.468999991e+01 -7.468999991e+01 +1.0475e+00 -3.6769e-01 -1.1288e-01 +5.3778e-02 +3.0402e-02
45249 0 +7.941747526e-08 -7.468999992e+01 -7.468999992e+01 +1.0475e+00 -3.6769e-01 -1.1288e-01 +5.3761e-02 +3.0397e-02
45799 0 +7.075917097e-08 -7.468999993e+01 -7.468999993e+01 +1.0475e+00 -3.6770e-01 -1.1287e-01 +5.3744e-02 +3.0391e-02
46314 0 +6.297752009e-08 -7.468999994e+01 -7.468999994e+01 +1.0476e+00 -3.6770e-01 -1.1287e-01 +5.3729e-02 +3.0385e-02
46804 0 +5.613077292e-08 -7.468999994e+01 -7.468999994e+01 +1.0476e+00 -3.6770e-01 -1.1287e-01 +5.3714e-02 +3.0380e-02
47264 0 +5.001058412e-08 -7.468999995e+01 -7.468999995e+01 +1.0476e+00 -3.6770e-01 -1.1287e-01 +5.3700e-02 +3.0375e-02
47694 0 +4.464784809e-08 -7.468999996e+01 -7.468999996e+01 +1.0476e+00 -3.6770e-01 -1.1287e-01 +5.3687e-02 +3.0371e-02
48114 0 +3.973661933e-08 -7.468999996e+01 -7.468999996e+01 +1.0477e+00 -3.6770e-01 -1.1287e-01 +5.3674e-02 +3.0367e-02
48501 0 +3.547941674e-08 -7.468999996e+01 -7.468999996e+01 +1.0477e+00 -3.6770e-01 -1.1286e-01 +5.3662e-02 +3.0362e-02
48871 0 +3.159676965e-08 -7.468999997e+01 -7.468999997e+01 +1.0477e+00 -3.6770e-01 -1.1286e-01 +5.3651e-02 +3.0359e-02
49214 0 +2.812819844e-08 -7.468999997e+01 -7.468999997e+01 +1.0477e+00 -3.6770e-01 -1.1286e-01 +5.3641e-02 +3.0355e-02
49544 0 +2.505886698e-08 -7.468999997e+01 -7.468999997e+01 +1.0477e+00 -3.6770e-01 -1.1286e-01 +5.3631e-02 +3.0351e-02
49849 0 +2.237587182e-08 -7.468999998e+01 -7.468999998e+01 +1.0477e+00 -3.6770e-01 -1.1286e-01 +5.3621e-02 +3.0349e-02
50000 0 +2.113192465e-08 -7.468999998e+01 -7.468999998e+01 +1.0477e+00 -3.6770e-01 -1.1286e-01 +5.3617e-02 +3.0347e-02
% f evaluations | g evaluations | best noise-free fitness - Fopt (1.853000000000e+01) + sum g_i+ | measured fitness | best measured fitness or single-digit g-values | x1 | x2...
1 0 +2.600000000e+01 +4.453000000e+01 +4.453000000e+01 +0.0000e+00 +0.0000e+00 +0.0000e+00 +0.0000e+00 +0.0000e+00
246 0 +2.453549759e+01 +4.306549759e+01 +4.306549759e+01 +4.4409e-16 +0.0000e+00 -4.9060e-01 -1.0006e+00 +0.0000e+00
265 0 +8.921712887e+00 +2.745171289e+01 +2.745171289e+01 +4.4409e-16 -5.0032e-01 -4.9060e-01 -1.0006e+00 +0.0000e+00
288 0 +7.079807796e+00 +2.560980780e+01 +2.560980780e+01 +4.4409e-16 -5.0032e-01 -2.4044e-01 -1.0006e+00 +0.0000e+00
290 0 +6.344476160e+00 +2.487447616e+01 +2.487447616e+01 +4.4409e-16 -5.0032e-01 -2.4044e-01 -7.5049e-01 +0.0000e+00
304 0 +5.664873540e+00 +2.419487354e+01 +2.419487354e+01 +1.2508e-01 -5.0032e-01 -2.4044e-01 -7.5049e-01 +0.0000e+00
306 0 +4.617620988e+00 +2.314762099e+01 +2.314762099e+01 +1.2508e-01 -3.7524e-01 -2.4044e-01 -7.5049e-01 +0.0000e+00
311 0 +3.935649144e+00 +2.246564914e+01 +2.246564914e+01 +1.2508e-01 -3.7524e-01 -2.4044e-01 -8.7557e-01 -1.2508e-01
334 0 +3.405210894e+00 +2.193521089e+01 +2.193521089e+01 +2.5016e-01 -2.5016e-01 -2.4044e-01 -7.5049e-01 -1.2508e-01
355 0 +3.154985813e+00 +2.168498581e+01 +2.168498581e+01 +1.8762e-01 -3.1270e-01 -2.4044e-01 -7.5049e-01 -1.2508e-01
431 0 +2.797086400e+00 +2.132708640e+01 +2.132708640e+01 +2.1889e-01 -2.6580e-01 -1.9354e-01 -7.5049e-01 -1.7199e-01
478 0 +2.509047686e+00 +2.103904769e+01 +2.103904769e+01 +2.6580e-01 -2.1889e-01 -1.1536e-01 -7.0358e-01 -2.1889e-01
531 0 +2.228600946e+00 +2.075860095e+01 +2.075860095e+01 +3.1270e-01 -1.8762e-01 -5.2821e-02 -6.2541e-01 -2.6580e-01
570 0 +1.981807437e+00 +2.051180744e+01 +2.051180744e+01 +3.5961e-01 -1.5635e-01 +9.7199e-03 -5.6287e-01 -2.8143e-01
608 0 +1.763371732e+00 +2.029337173e+01 +2.029337173e+01 +3.9088e-01 -1.4072e-01 +5.6625e-02 -5.1596e-01 -3.1270e-01
658 0 +1.552497403e+00 +2.008249740e+01 +2.008249740e+01 +4.0651e-01 -1.2508e-01 +1.0353e-01 -4.3778e-01 -3.2834e-01
698 0 +1.389228272e+00 +1.991922827e+01 +1.991922827e+01 +4.3778e-01 -1.0945e-01 +1.3480e-01 -3.7524e-01 -3.2834e-01
754 0 +1.258191524e+00 +1.978819152e+01 +1.978819152e+01 +4.5342e-01 -1.0163e-01 +1.5044e-01 -3.2052e-01 -3.3616e-01
828 0 +1.121532453e+00 +1.965153245e+01 +1.965153245e+01 +4.6124e-01 -8.5993e-02 +1.8171e-01 -2.6580e-01 -3.3616e-01
900 0 +9.918282804e-01 +1.952182828e+01 +1.952182828e+01 +4.6905e-01 -7.0358e-02 +1.9734e-01 -2.0326e-01 -3.3616e-01
972 0 +8.844207335e-01 +1.941442073e+01 +1.941442073e+01 +4.7687e-01 -5.4723e-02 +2.1298e-01 -1.4853e-01 -3.2834e-01
1040 0 +7.901131723e-01 +1.932011317e+01 +1.932011317e+01 +4.7687e-01 -3.9088e-02 +2.2861e-01 -9.3811e-02 -3.2834e-01
1106 0 +7.065317155e-01 +1.923653172e+01 +1.923653172e+01 +4.7687e-01 -1.5635e-02 +2.3643e-01 -4.6905e-02 -3.2052e-01
1170 0 +6.159450078e-01 +1.914594501e+01 +1.914594501e+01 +4.7687e-01 +1.0755e-16 +2.5206e-01 +7.8176e-03 -3.1270e-01
1270 0 +5.577645393e-01 +1.908776454e+01 +1.908776454e+01 +4.6905e-01 +1.5635e-02 +2.5988e-01 +4.6905e-02 -3.0879e-01
1380 0 +4.999277094e-01 +1.902992771e+01 +1.902992771e+01 +4.6515e-01 +3.1270e-02 +2.6770e-01 +8.9902e-02 -3.0098e-01
1490 0 +4.449686284e-01 +1.897496863e+01 +1.897496863e+01 +4.5342e-01 +5.0814e-02 +2.7161e-01 +1.3290e-01 -2.9316e-01
1603 0 +3.978810998e-01 +1.892788110e+01 +1.892788110e+01 +4.4560e-01 +6.8404e-02 +2.7943e-01 +1.7003e-01 -2.8730e-01
1800 0 +3.534784524e-01 +1.888347845e+01 +1.888347845e+01 +4.3583e-01 +8.7948e-02 +2.8529e-01 +2.0912e-01 -2.7948e-01
1980 0 +3.159392745e-01 +1.884593927e+01 +1.884593927e+01 +4.2410e-01 +1.0554e-01 +2.8920e-01 +2.4430e-01 -2.7361e-01
2160 0 +2.809516906e-01 +1.881095169e+01 +1.881095169e+01 +4.1042e-01 +1.2313e-01 +2.9311e-01 +2.7948e-01 -2.6580e-01
2330 0 +2.504245494e-01 +1.878042455e+01 +1.878042455e+01 +3.9870e-01 +1.4072e-01 +2.9702e-01 +3.1270e-01 -2.5993e-01
2490 0 +2.236580831e-01 +1.875365808e+01 +1.875365808e+01 +3.8697e-01 +1.5831e-01 +3.0092e-01 +3.4397e-01 -2.5407e-01
2646 0 +1.987244371e-01 +1.872872444e+01 +1.872872444e+01 +3.7133e-01 +1.7590e-01 +3.0288e-01 +3.7329e-01 -2.4625e-01
2783 0 +1.776012920e-01 +1.870760129e+01 +1.870760129e+01 +3.5765e-01 +1.9153e-01 +3.0679e-01 +4.0065e-01 -2.4039e-01
2933 0 +1.583152818e-01 +1.868831528e+01 +1.868831528e+01 +3.4593e-01 +2.0717e-01 +3.1070e-01 +4.2997e-01 -2.3648e-01
3063 0 +1.406226601e-01 +1.867062266e+01 +1.867062266e+01 +3.3225e-01 +2.2280e-01 +3.1265e-01 +4.5537e-01 -2.3062e-01
3196 0 +1.256891368e-01 +1.865568914e+01 +1.865568914e+01 +3.2052e-01 +2.3844e-01 +3.1461e-01 +4.7883e-01 -2.2476e-01
3403 0 +1.121024468e-01 +1.864210245e+01 +1.864210245e+01 +3.0586e-01 +2.5114e-01 +3.1558e-01 +5.0032e-01 -2.1889e-01
3626 0 +9.994662787e-02 +1.862994663e+01 +1.862994663e+01 +2.9414e-01 +2.6580e-01 +3.1754e-01 +5.2182e-01 -2.1498e-01
3943 0 +8.908251134e-02 +1.861908251e+01 +1.861908251e+01 +2.8094e-01 +2.7899e-01 +3.1949e-01 +5.4186e-01 -2.1010e-01
4343 0 +7.940852084e-02 +1.860940852e+01 +1.860940852e+01 +2.6873e-01 +2.9169e-01 +3.2096e-01 +5.6140e-01 -2.0570e-01
4726 0 +7.074366882e-02 +1.860074367e+01 +1.860074367e+01 +2.5700e-01 +3.0440e-01 +3.2242e-01 +5.7997e-01 -2.0179e-01
5080 0 +6.306148201e-02 +1.859306148e+01 +1.859306148e+01 +2.4576e-01 +3.1612e-01 +3.2389e-01 +5.9756e-01 -1.9788e-01
5423 0 +5.623299099e-02 +1.858623299e+01 +1.858623299e+01 +2.3453e-01 +3.2736e-01 +3.2535e-01 +6.1417e-01 -1.9397e-01
5750 0 +4.999193687e-02 +1.857999194e+01 +1.857999194e+01 +2.2378e-01 +3.3860e-01 +3.2633e-01 +6.3029e-01 -1.9055e-01
6050 0 +4.464015134e-02 +1.857464015e+01 +1.857464015e+01 +2.1352e-01 +3.4886e-01 +3.2731e-01 +6.4495e-01 -1.8713e-01
6343 0 +3.977338428e-02 +1.856977338e+01 +1.856977338e+01 +2.0326e-01 +3.5863e-01 +3.2829e-01 +6.5912e-01 -1.8371e-01
6620 0 +3.543613940e-02 +1.856543614e+01 +1.856543614e+01 +1.9397e-01 +3.6840e-01 +3.2926e-01 +6.7280e-01 -1.8078e-01
6880 0 +3.158839853e-02 +1.856158840e+01 +1.856158840e+01 +1.8469e-01 +3.7720e-01 +3.3024e-01 +6.8550e-01 -1.7785e-01
7120 0 +2.817838205e-02 +1.855817838e+01 +1.855817838e+01 +1.7590e-01 +3.8599e-01 +3.3122e-01 +6.9723e-01 -1.7541e-01
7360 0 +2.511218250e-02 +1.855511218e+01 +1.855511218e+01 +1.6759e-01 +3.9430e-01 +3.3219e-01 +7.0896e-01 -1.7248e-01
7653 0 +2.237922610e-02 +1.855237923e+01 +1.855237923e+01 +1.5904e-01 +4.0212e-01 +3.3268e-01 +7.1922e-01 -1.7028e-01
8070 0 +1.994896835e-02 +1.854994897e+01 +1.854994897e+01 +1.5147e-01 +4.0945e-01 +3.3342e-01 +7.2948e-01 -1.6783e-01
8466 0 +1.776342242e-02 +1.854776342e+01 +1.854776342e+01 +1.4389e-01 +4.1677e-01 +3.3415e-01 +7.3900e-01 -1.6563e-01
8840 0 +1.581791578e-02 +1.854581792e+01 +1.854581792e+01 +1.3681e-01 +4.2361e-01 +3.3488e-01 +7.4829e-01 -1.6368e-01
9193 0 +1.410819524e-02 +1.854410820e+01 +1.854410820e+01 +1.2997e-01 +4.2997e-01 +3.3537e-01 +7.5684e-01 -1.6173e-01
9520 0 +1.257773929e-02 +1.854257774e+01 +1.854257774e+01 +1.2362e-01 +4.3607e-01 +3.3586e-01 +7.6490e-01 -1.5977e-01
9850 0 +1.121891497e-02 +1.854121891e+01 +1.854121891e+01 +1.1751e-01 +4.4194e-01 +3.3635e-01 +7.7272e-01 -1.5806e-01
10143 0 +9.999761277e-03 +1.853999976e+01 +1.853999976e+01 +1.1140e-01 +4.4731e-01 +3.3684e-01 +7.7980e-01 -1.5635e-01
10443 0 +8.910969384e-03 +1.853891097e+01 +1.853891097e+01 +1.0578e-01 +4.5244e-01 +3.3733e-01 +7.8689e-01 -1.5464e-01
10720 0 +7.933476511e-03 +1.853793348e+01 +1.853793348e+01 +1.0065e-01 +4.5757e-01 +3.3781e-01 +7.9324e-01 -1.5318e-01
11000 0 +7.078654904e-03 +1.853707865e+01 +1.853707865e+01 +9.5643e-02 +4.6234e-01 +3.3830e-01 +7.9947e-01 -1.5195e-01
11466 0 +6.308703758e-03 +1.853630870e+01 +1.853630870e+01 +9.0757e-02 +4.6673e-01 +3.3855e-01 +8.0509e-01 -1.5049e-01
11920 0 +5.617782437e-03 +1.853561778e+01 +1.853561778e+01 +8.6238e-02 +4.7101e-01 +3.3891e-01 +8.1071e-01 -1.4927e-01
12343 0 +5.010741681e-03 +1.853501074e+01 +1.853501074e+01 +8.1840e-02 +4.7492e-01 +3.3928e-01 +8.1584e-01 -1.4805e-01
12743 0 +4.465676506e-03 +1.853446568e+01 +1.853446568e+01 +7.7687e-02 +4.7870e-01 +3.3952e-01 +8.2072e-01 -1.4682e-01
13120 0 +3.980174206e-03 +1.853398017e+01 +1.853398017e+01 +7.3900e-02 +4.8237e-01 +3.3989e-01 +8.2536e-01 -1.4585e-01
13483 0 +3.547230191e-03 +1.853354723e+01 +1.853354723e+01 +7.0114e-02 +4.8579e-01 +3.4013e-01 +8.2976e-01 -1.4487e-01
13836 0 +3.158431481e-03 +1.853315843e+01 +1.853315843e+01 +6.6572e-02 +4.8909e-01 +3.4038e-01 +8.3391e-01 -1.4389e-01
14160 0 +2.817397168e-03 +1.853281740e+01 +1.853281740e+01 +6.3273e-02 +4.9202e-01 +3.4062e-01 +8.3782e-01 -1.4291e-01
14540 0 +2.511032223e-03 +1.853251103e+01 +1.853251103e+01 +6.0098e-02 +4.9495e-01 +3.4087e-01 +8.4149e-01 -1.4212e-01
15113 0 +2.238176973e-03 +1.853223818e+01 +1.853223818e+01 +5.7105e-02 +4.9770e-01 +3.4111e-01 +8.4497e-01 -1.4133e-01
15656 0 +1.994789852e-03 +1.853199479e+01 +1.853199479e+01 +5.4295e-02 +5.0032e-01 +3.4129e-01 +8.4827e-01 -1.4053e-01
16166 0 +1.777593221e-03 +1.853177759e+01 +1.853177759e+01 +5.1608e-02 +5.0277e-01 +3.4154e-01 +8.5138e-01 -1.3980e-01
16650 0 +1.584663938e-03 +1.853158466e+01 +1.853158466e+01 +4.9104e-02 +5.0509e-01 +3.4172e-01 +8.5438e-01 -1.3919e-01
17106 0 +1.411317787e-03 +1.853141132e+01 +1.853141132e+01 +4.6661e-02 +5.0729e-01 +3.4191e-01 +8.5712e-01 -1.3852e-01
17536 0 +1.257897534e-03 +1.853125790e+01 +1.853125790e+01 +4.4340e-02 +5.0936e-01 +3.4203e-01 +8.5975e-01 -1.3791e-01
17943 0 +1.121150292e-03 +1.853112115e+01 +1.853112115e+01 +4.2203e-02 +5.1132e-01 +3.4221e-01 +8.6225e-01 -1.3736e-01
18326 0 +9.997547074e-04 +1.853099975e+01 +1.853099975e+01 +4.0187e-02 +5.1321e-01 +3.4239e-01 +8.6457e-01 -1.3681e-01
18690 0 +8.900204716e-04 +1.853089002e+01 +1.853089002e+01 +3.8233e-02 +5.1498e-01 +3.4252e-01 +8.6683e-01 -1.3632e-01
19340 0 +7.934698245e-04 +1.853079347e+01 +1.853079347e+01 +3.6401e-02 +5.1660e-01 +3.4264e-01 +8.6888e-01 -1.3580e-01
19980 0 +7.076474758e-04 +1.853070765e+01 +1.853070765e+01 +3.4660e-02 +5.1816e-01 +3.4276e-01 +8.7083e-01 -1.3534e-01
20593 0 +6.306101979e-04 +1.853063061e+01 +1.853063061e+01 +3.3011e-02 +5.1965e-01 +3.4288e-01 +8.7270e-01 -1.3491e-01
21170 0 +5.620395871e-04 +1.853056204e+01 +1.853056204e+01 +3.1484e-02 +5.2106e-01 +3.4300e-01 +8.7447e-01 -1.3452e-01
21720 0 +5.011136859e-04 +1.853050111e+01 +1.853050111e+01 +3.0018e-02 +5.2237e-01 +3.4310e-01 +8.7615e-01 -1.3415e-01
22233 0 +4.463592335e-04 +1.853044636e+01 +1.853044636e+01 +2.8614e-02 +5.2362e-01 +3.4319e-01 +8.7771e-01 -1.3375e-01
22713 0 +3.980628313e-04 +1.853039806e+01 +1.853039806e+01 +2.7300e-02 +5.2482e-01 +3.4328e-01 +8.7917e-01 -1.3342e-01
23180 0 +3.544379299e-04 +1.853035444e+01 +1.853035444e+01 +2.6079e-02 +5.2595e-01 +3.4337e-01 +8.8061e-01 -1.3311e-01
23610 0 +3.162081614e-04 +1.853031621e+01 +1.853031621e+01 +2.4919e-02 +5.2698e-01 +3.4346e-01 +8.8192e-01 -1.3281e-01
24022 0 +2.815942891e-04 +1.853028159e+01 +1.853028159e+01 +2.3789e-02 +5.2799e-01 +3.4352e-01 +8.8317e-01 -1.3250e-01
24413 0 +2.510864020e-04 +1.853025109e+01 +1.853025109e+01 +2.2750e-02 +5.2894e-01 +3.4362e-01 +8.8436e-01 -1.3226e-01
24783 0 +2.236948911e-04 +1.853022369e+01 +1.853022369e+01 +2.1743e-02 +5.2982e-01 +3.4368e-01 +8.8546e-01 -1.3198e-01
25170 0 +1.994851654e-04 +1.853019949e+01 +1.853019949e+01 +2.0826e-02 +5.3068e-01 +3.4375e-01 +8.8650e-01 -1.3175e-01
25823 0 +1.778083763e-04 +1.853017781e+01 +1.853017781e+01 +1.9941e-02 +5.3147e-01 +3.4381e-01 +8.8749e-01 -1.3152e-01
26436 0 +1.584279540e-04 +1.853015843e+01 +1.853015843e+01 +1.9086e-02 +5.3224e-01 +3.4386e-01 +8.8842e-01 -1.3130e-01
27020 0 +1.411847754e-04 +1.853014118e+01 +1.853014118e+01 +1.8322e-02 +5.3294e-01 +3.4392e-01 +8.8933e-01 -1.3110e-01
27566 0 +1.258319205e-04 +1.853012583e+01 +1.853012583e+01 +1.7559e-02 +5.3361e-01 +3.4397e-01 +8.9015e-01 -1.3090e-01
28090 0 +1.121204896e-04 +1.853011212e+01 +1.853011212e+01 +1.6872e-02 +5.3425e-01 +3.4403e-01 +8.9096e-01 -1.3073e-01
28570 0 +9.991225869e-05 +1.853009991e+01 +1.853009991e+01 +1.6200e-02 +5.3485e-01 +3.4407e-01 +8.9169e-01 -1.3055e-01
29036 0 +8.909503408e-05 +1.853008910e+01 +1.853008910e+01 +1.5574e-02 +5.3541e-01 +3.4412e-01 +8.9239e-01 -1.3039e-01
29466 0 +7.941602315e-05 +1.853007942e+01 +1.853007942e+01 +1.4963e-02 +5.3595e-01 +3.4415e-01 +8.9305e-01 -1.3023e-01
29886 0 +7.069738387e-05 +1.853007070e+01 +1.853007070e+01 +1.4414e-02 +5.3645e-01 +3.4420e-01 +8.9369e-01 -1.3009e-01
30266 0 +6.309090445e-05 +1.853006309e+01 +1.853006309e+01 +1.3879e-02 +5.3692e-01 +3.4423e-01 +8.9427e-01 -1.2995e-01
30640 0 +5.619406338e-05 +1.853005619e+01 +1.853005619e+01 +1.3391e-02 +5.3738e-01 +3.4427e-01 +8.9485e-01 -1.2983e-01
31006 0 +5.001591365e-05 +1.853005002e+01 +1.853005002e+01 +1.2902e-02 +5.3781e-01 +3.4430e-01 +8.9537e-01 -1.2971e-01
31533 0 +4.466201032e-05 +1.853004466e+01 +1.853004466e+01 +1.2459e-02 +5.3820e-01 +3.4433e-01 +8.9586e-01 -1.2959e-01
32152 0 +3.978733001e-05 +1.853003979e+01 +1.853003979e+01 +1.2039e-02 +5.3858e-01 +3.4436e-01 +8.9633e-01 -1.2948e-01
32730 0 +3.547558241e-05 +1.853003548e+01 +1.853003548e+01 +1.1642e-02 +5.3894e-01 +3.4439e-01 +8.9678e-01 -1.2938e-01
33283 0 +3.161565897e-05 +1.853003162e+01 +1.853003162e+01 +1.1261e-02 +5.3928e-01 +3.4442e-01 +8.9720e-01 -1.2928e-01
33803 0 +2.817280970e-05 +1.853002817e+01 +1.853002817e+01 +1.0909e-02 +5.3960e-01 +3.4444e-01 +8.9759e-01 -1.2919e-01
34296 0 +2.510333486e-05 +1.853002510e+01 +1.853002510e+01 +1.0574e-02 +5.3990e-01 +3.4446e-01 +8.9797e-01 -1.2910e-01
34753 0 +2.238028441e-05 +1.853002238e+01 +1.853002238e+01 +1.0253e-02 +5.4018e-01 +3.4449e-01 +8.9832e-01 -1.2902e-01
35193 0 +1.994831277e-05 +1.853001995e+01 +1.853001995e+01 +9.9552e-03 +5.4045e-01 +3.4451e-01 +8.9865e-01 -1.2894e-01
35606 0 +1.777803978e-05 +1.853001778e+01 +1.853001778e+01 +9.6727e-03 +5.4071e-01 +3.4452e-01 +8.9897e-01 -1.2888e-01
36003 0 +1.582885653e-05 +1.853001583e+01 +1.853001583e+01 +9.4055e-03 +5.4095e-01 +3.4455e-01 +8.9927e-01 -1.2881e-01
36366 0 +1.411522405e-05 +1.853001412e+01 +1.853001412e+01 +9.1536e-03 +5.4118e-01 +3.4456e-01 +8.9955e-01 -1.2874e-01
36722 0 +1.258151650e-05 +1.853001258e+01 +1.853001258e+01 +8.9169e-03 +5.4139e-01 +3.4458e-01 +8.9981e-01 -1.2868e-01
37100 0 +1.121756884e-05 +1.853001122e+01 +1.853001122e+01 +8.6917e-03 +5.4159e-01 +3.4459e-01 +9.0006e-01 -1.2862e-01
37720 0 +9.991220139e-06 +1.853000999e+01 +1.853000999e+01 +8.4779e-03 +5.4178e-01 +3.4461e-01 +9.0030e-01 -1.2857e-01
38300 0 +8.905020945e-06 +1.853000891e+01 +1.853000891e+01 +8.2756e-03 +5.4196e-01 +3.4462e-01 +9.0052e-01 -1.2852e-01
38850 0 +7.940069480e-06 +1.853000794e+01 +1.853000794e+01 +8.0886e-03 +5.4213e-01 +3.4463e-01 +9.0073e-01 -1.2847e-01
39370 0 +7.076747440e-06 +1.853000708e+01 +1.853000708e+01 +7.9092e-03 +5.4229e-01 +3.4465e-01 +9.0093e-01 -1.2842e-01
39866 0 +6.304547156e-06 +1.853000630e+01 +1.853000630e+01 +7.7374e-03 +5.4244e-01 +3.4466e-01 +9.0112e-01 -1.2838e-01
40330 0 +5.619968707e-06 +1.853000562e+01 +1.853000562e+01 +7.5809e-03 +5.4258e-01 +3.4467e-01 +9.0130e-01 -1.2834e-01
40772 0 +5.011109000e-06 +1.853000501e+01 +1.853000501e+01 +7.4320e-03 +5.4272e-01 +3.4468e-01 +9.0146e-01 -1.2830e-01
41180 0 +4.466675911e-06 +1.853000447e+01 +1.853000447e+01 +7.2870e-03 +5.4285e-01 +3.4469e-01 +9.0162e-01 -1.2826e-01
41576 0 +3.977699212e-06 +1.853000398e+01 +1.853000398e+01 +7.1534e-03 +5.4297e-01 +3.4470e-01 +9.0177e-01 -1.2823e-01
41940 0 +3.547837494e-06 +1.853000355e+01 +1.853000355e+01 +7.0274e-03 +5.4308e-01 +3.4471e-01 +9.0191e-01 -1.2820e-01
42300 0 +3.156037096e-06 +1.853000316e+01 +1.853000316e+01 +6.9053e-03 +5.4319e-01 +3.4472e-01 +9.0204e-01 -1.2817e-01
42640 0 +2.813890127e-06 +1.853000281e+01 +1.853000281e+01 +6.7908e-03 +5.4329e-01 +3.4472e-01 +9.0217e-01 -1.2814e-01
43203 0 +2.511742498e-06 +1.853000251e+01 +1.853000251e+01 +6.6858e-03 +5.4339e-01 +3.4473e-01 +9.0228e-01 -1.2811e-01
43790 0 +2.238631151e-06 +1.853000224e+01 +1.853000224e+01 +6.5865e-03 +5.4348e-01 +3.4474e-01 +9.0240e-01 -1.2808e-01
44346 0 +1.994871649e-06 +1.853000199e+01 +1.853000199e+01 +6.4892e-03 +5.4356e-01 +3.4474e-01 +9.0250e-01 -1.2806e-01
44870 0 +1.777657989e-06 +1.853000178e+01 +1.853000178e+01 +6.4014e-03 +5.4364e-01 +3.4475e-01 +9.0260e-01 -1.2804e-01
45363 0 +1.583305345e-06 +1.853000158e+01 +1.853000158e+01 +6.3155e-03 +5.4372e-01 +3.4476e-01 +9.0270e-01 -1.2801e-01
45830 0 +1.411882209e-06 +1.853000141e+01 +1.853000141e+01 +6.2373e-03 +5.4379e-01 +3.4476e-01 +9.0279e-01 -1.2800e-01
46270 0 +1.257368872e-06 +1.853000126e+01 +1.853000126e+01 +6.1609e-03 +5.4386e-01 +3.4477e-01 +9.0287e-01 -1.2798e-01
46683 0 +1.120381100e-06 +1.853000112e+01 +1.853000112e+01 +6.0884e-03 +5.4392e-01 +3.4477e-01 +9.0295e-01 -1.2796e-01
47076 0 +9.989486252e-07 +1.853000100e+01 +1.853000100e+01 +6.0216e-03 +5.4398e-01 +3.4478e-01 +9.0302e-01 -1.2794e-01
47446 0 +8.911518172e-07 +1.853000089e+01 +1.853000089e+01 +5.9586e-03 +5.4404e-01 +3.4478e-01 +9.0309e-01 -1.2792e-01
47793 0 +7.942821334e-07 +1.853000079e+01 +1.853000079e+01 +5.8975e-03 +5.4409e-01 +3.4479e-01 +9.0316e-01 -1.2791e-01
48280 0 +7.075715551e-07 +1.853000071e+01 +1.853000071e+01 +5.8412e-03 +5.4414e-01 +3.4479e-01 +9.0322e-01 -1.2789e-01
48906 0 +6.307564142e-07 +1.853000063e+01 +1.853000063e+01 +5.7878e-03 +5.4419e-01 +3.4479e-01 +9.0328e-01 -1.2788e-01
49490 0 +5.623197765e-07 +1.853000056e+01 +1.853000056e+01 +5.7372e-03 +5.4424e-01 +3.4480e-01 +9.0334e-01 -1.2787e-01
50000 0 +5.061675736e-07 +1.853000051e+01 +1.853000051e+01 +5.6943e-03 +5.4428e-01 +3.4480e-01 +9.0339e-01 -1.2786e-01
% f evaluations | g evaluations | best noise-free fitness - Fopt (-3.444000000000e+01) + sum g_i+ | measured fitness | best measured fitness or single-digit g-values | x1 | x2...
1 0 +2.600000000e+01 -8.440000000e+00 -8.440000000e+00 +0.0000e+00 +0.0000e+00 +0.0000e+00 +0.0000e+00 +0.0000e+00
304 0 +2.511782965e+01 -9.322170352e+00 -9.322170352e+00 +0.0000e+00 -5.0032e-01 +0.0000e+00 -5.0032e-01 -2.4044e-01
306 0 +1.767571193e+01 -1.676428807e+01 -1.676428807e+01 +0.0000e+00 -2.5016e-01 +0.0000e+00 -5.0032e-01 -2.4044e-01
311 0 +8.384320116e+00 -2.605567988e+01 -2.605567988e+01 +0.0000e+00 -2.5016e-01 +0.0000e+00 -7.5049e-01 -4.9060e-01
318 0 +4.653171257e+00 -2.978682874e+01 -2.978682874e+01 +0.0000e+00 -2.5016e-01 +2.5016e-01 -7.5049e-01 -4.9060e-01
349 0 +4.392935747e+00 -3.004706425e+01 -3.004706425e+01 +0.0000e+00 -2.5016e-01 +2.5016e-01 -8.7557e-01 -6.1569e-01
372 0 +3.967291378e+00 -3.047270862e+01 -3.047270862e+01 -6.2541e-02 -2.5016e-01 +2.5016e-01 -8.1303e-01 -5.5315e-01
424 0 +3.541820447e+00 -3.089817955e+01 -3.089817955e+01 +4.6905e-02 -2.0326e-01 +2.0326e-01 -7.9739e-01 -5.5315e-01
496 0 +3.123319815e+00 -3.131668019e+01 -3.131668019e+01 +1.5635e-01 -7.8176e-02 +1.7199e-01 -7.3485e-01 -5.2187e-01
566 0 +2.801966950e+00 -3.163803305e+01 -3.163803305e+01 +2.1889e-01 +3.1270e-02 +1.7199e-01 -6.7231e-01 -4.9060e-01
632 0 +2.481084918e+00 -3.195891508e+01 -3.195891508e+01 +2.5016e-01 +1.2508e-01 +1.7199e-01 -5.9414e-01 -4.5933e-01
686 0 +2.221349436e+00 -3.221865056e+01 -3.221865056e+01 +2.8143e-01 +2.1889e-01 +1.7199e-01 -5.4723e-01 -4.2806e-01
730 0 +1.973956572e+00 -3.246604343e+01 -3.246604343e+01 +2.8143e-01 +2.8143e-01 +1.7199e-01 -4.8469e-01 -3.8116e-01
770 0 +1.767850620e+00 -3.267214938e+01 -3.267214938e+01 +2.8143e-01 +3.4397e-01 +1.7199e-01 -4.3778e-01 -3.3425e-01
830 0 +1.583825235e+00 -3.285617476e+01 -3.285617476e+01 +2.8925e-01 +3.9088e-01 +1.7199e-01 -3.9088e-01 -2.9517e-01
892 0 +1.393354044e+00 -3.304664596e+01 -3.304664596e+01 +2.8143e-01 +4.3778e-01 +1.7199e-01 -3.4397e-01 -2.4044e-01
952 0 +1.247062139e+00 -3.319293786e+01 -3.319293786e+01 +2.7361e-01 +4.6905e-01 +1.6417e-01 -3.0489e-01 -1.9354e-01
1010 0 +1.119680691e+00 -3.332031931e+01 -3.332031931e+01 +2.6580e-01 +5.0032e-01 +1.5635e-01 -2.6580e-01 -1.5445e-01
1100 0 +9.974156599e-01 -3.344258434e+01 -3.344258434e+01 +2.5407e-01 +5.2378e-01 +1.4072e-01 -2.3062e-01 -1.1145e-01
1202 0 +8.834916586e-01 -3.355650834e+01 -3.355650834e+01 +2.4625e-01 +5.3941e-01 +1.2899e-01 -1.9153e-01 -6.8456e-02
1302 0 +7.871681794e-01 -3.365283182e+01 -3.365283182e+01 +2.3453e-01 +5.5505e-01 +1.1726e-01 -1.5635e-01 -2.9368e-02
1392 0 +7.051839983e-01 -3.373481600e+01 -3.373481600e+01 +2.2671e-01 +5.6287e-01 +1.0554e-01 -1.2117e-01 +5.8111e-03
1487 0 +6.296938248e-01 -3.381030618e+01 -3.381030618e+01 +2.1498e-01 +5.7068e-01 +8.9902e-02 -8.5993e-02 +4.0990e-02
1572 0 +5.602371599e-01 -3.387976284e+01 -3.387976284e+01 +2.0717e-01 +5.7459e-01 +7.8176e-02 -5.0814e-02 +7.6169e-02
1677 0 +4.994671960e-01 -3.394053280e+01 -3.394053280e+01 +1.9935e-01 +5.7850e-01 +6.2541e-02 -1.5635e-02 +1.0744e-01
1782 0 +4.448020189e-01 -3.399519798e+01 -3.399519798e+01 +1.9348e-01 +5.7459e-01 +5.0814e-02 +1.9544e-02 +1.3285e-01
1952 0 +3.970519942e-01 -3.404294801e+01 -3.404294801e+01 +1.8762e-01 +5.7459e-01 +3.7133e-02 +5.2769e-02 +1.6021e-01
2122 0 +3.547450842e-01 -3.408525492e+01 -3.408525492e+01 +1.8176e-01 +5.7068e-01 +2.5407e-02 +8.5993e-02 +1.8562e-01
2290 0 +3.154833871e-01 -3.412451661e+01 -3.412451661e+01 +1.7590e-01 +5.6677e-01 +1.1726e-02 +1.1922e-01 +2.0907e-01
2450 0 +2.809960987e-01 -3.415900390e+01 -3.415900390e+01 +1.7003e-01 +5.6091e-01 +2.8623e-17 +1.5049e-01 +2.3252e-01
2610 0 +2.503700230e-01 -3.418962998e+01 -3.418962998e+01 +1.6417e-01 +5.5505e-01 -1.1726e-02 +1.8176e-01 +2.5402e-01
2860 0 +2.237646800e-01 -3.421623532e+01 -3.421623532e+01 +1.6026e-01 +5.4918e-01 -2.3453e-02 +2.1010e-01 +2.7356e-01
3160 0 +1.994038383e-01 -3.424059616e+01 -3.424059616e+01 +1.5635e-01 +5.4234e-01 -3.5179e-02 +2.3941e-01 +2.9213e-01
3450 0 +1.776182272e-01 -3.426238177e+01 -3.426238177e+01 +1.5244e-01 +5.3453e-01 -4.5928e-02 +2.6775e-01 +3.0972e-01
3720 0 +1.584042079e-01 -3.428159579e+01 -3.428159579e+01 +1.4853e-01 +5.2769e-01 -5.5700e-02 +2.9414e-01 +3.2731e-01
3990 0 +1.411088908e-01 -3.429889111e+01 -3.429889111e+01 +1.4560e-01 +5.1987e-01 -6.5472e-02 +3.2052e-01 +3.4294e-01
4250 0 +1.258601041e-01 -3.431413990e+01 -3.431413990e+01 +1.4169e-01 +5.1205e-01 -7.5244e-02 +3.4593e-01 +3.5760e-01
4500 0 +1.119502090e-01 -3.432804979e+01 -3.432804979e+01 +1.3974e-01 +5.0326e-01 -8.4039e-02 +3.7036e-01 +3.7128e-01
4740 0 +9.965028103e-02 -3.434034972e+01 -3.434034972e+01 +1.3681e-01 +4.9642e-01 -9.2834e-02 +3.9381e-01 +3.8496e-01
4970 0 +8.910879191e-02 -3.435089121e+01 -3.435089121e+01 +1.3485e-01 +4.8860e-01 -1.0065e-01 +4.1629e-01 +3.9669e-01
5234 0 +7.941595900e-02 -3.436058404e+01 -3.436058404e+01 +1.3241e-01 +4.8127e-01 -1.0798e-01 +4.3681e-01 +4.0890e-01
5652 0 +7.074699599e-02 -3.436925300e+01 -3.436925300e+01 +1.3046e-01 +4.7394e-01 -1.1580e-01 +4.5733e-01 +4.2014e-01
6052 0 +6.306553389e-02 -3.437693447e+01 -3.437693447e+01 +1.2850e-01 +4.6661e-01 -1.2264e-01 +4.7687e-01 +4.3040e-01
6440 0 +5.608366978e-02 -3.438391633e+01 -3.438391633e+01 +1.2655e-01 +4.5928e-01 -1.2948e-01 +4.9593e-01 +4.4017e-01
6810 0 +5.002889685e-02 -3.438997110e+01 -3.438997110e+01 +1.2508e-01 +4.5293e-01 -1.3583e-01 +5.1401e-01 +4.4946e-01
7160 0 +4.460360902e-02 -3.439539639e+01 -3.439539639e+01 +1.2362e-01 +4.4560e-01 -1.4169e-01 +5.3111e-01 +4.5776e-01
7490 0 +3.980299122e-02 -3.440019701e+01 -3.440019701e+01 +1.2215e-01 +4.3974e-01 -1.4756e-01 +5.4723e-01 +4.6607e-01
7810 0 +3.541973774e-02 -3.440458026e+01 -3.440458026e+01 +1.2068e-01 +4.3290e-01 -1.5293e-01 +5.6287e-01 +4.7389e-01
8112 0 +3.158002760e-02 -3.440841997e+01 -3.440841997e+01 +1.1971e-01 +4.2703e-01 -1.5831e-01 +5.7752e-01 +4.8122e-01
8422 0 +2.817079916e-02 -3.441182920e+01 -3.441182920e+01 +1.1873e-01 +4.2142e-01 -1.6295e-01 +5.9169e-01 +4.8806e-01
8970 0 +2.511500741e-02 -3.441488499e+01 -3.441488499e+01 +1.1751e-01 +4.1580e-01 -1.6759e-01 +6.0513e-01 +4.9441e-01
9497 0 +2.238132818e-02 -3.441761867e+01 -3.441761867e+01 +1.1677e-01 +4.1042e-01 -1.7223e-01 +6.1783e-01 +5.0052e-01
9990 0 +1.995225306e-02 -3.442004775e+01 -3.442004775e+01 +1.1580e-01 +4.0529e-01 -1.7638e-01 +6.3005e-01 +5.0614e-01
10470 0 +1.774869572e-02 -3.442225130e+01 -3.442225130e+01 +1.1506e-01 +4.0041e-01 -1.8029e-01 +6.4177e-01 +5.1175e-01
10920 0 +1.583242332e-02 -3.442416758e+01 -3.442416758e+01 +1.1433e-01 +3.9576e-01 -1.8396e-01 +6.5277e-01 +5.1688e-01
11350 0 +1.408622805e-02 -3.442591377e+01 -3.442591377e+01 +1.1360e-01 +3.9112e-01 -1.8762e-01 +6.6327e-01 +5.2177e-01
11750 0 +1.258153633e-02 -3.442741846e+01 -3.442741846e+01 +1.1287e-01 +3.8697e-01 -1.9104e-01 +6.7304e-01 +5.2617e-01
12140 0 +1.121311730e-02 -3.442878688e+01 -3.442878688e+01 +1.1238e-01 +3.8306e-01 -1.9422e-01 +6.8257e-01 +5.3057e-01
12500 0 +9.997344121e-03 -3.443000266e+01 -3.443000266e+01 +1.1189e-01 +3.7891e-01 -1.9715e-01 +6.9137e-01 +5.3447e-01
12850 0 +8.901529308e-03 -3.443109847e+01 -3.443109847e+01 +1.1116e-01 +3.7524e-01 -2.0008e-01 +6.9992e-01 +5.3838e-01
13230 0 +7.938318158e-03 -3.443206168e+01 -3.443206168e+01 +1.1079e-01 +3.7170e-01 -2.0277e-01 +7.0786e-01 +5.4193e-01
13857 0 +7.076621180e-03 -3.443292338e+01 -3.443292338e+01 +1.1030e-01 +3.6828e-01 -2.0533e-01 +7.1543e-01 +5.4535e-01
14450 0 +6.299852034e-03 -3.443370015e+01 -3.443370015e+01 +1.0981e-01 +3.6498e-01 -2.0778e-01 +7.2276e-01 +5.4852e-01
15000 0 +5.621832640e-03 -3.443437817e+01 -3.443437817e+01 +1.0945e-01 +3.6193e-01 -2.0998e-01 +7.2948e-01 +5.5158e-01
15535 0 +5.010214085e-03 -3.443498979e+01 -3.443498979e+01 +1.0908e-01 +3.5900e-01 -2.1217e-01 +7.3595e-01 +5.5438e-01
16040 0 +4.464073439e-03 -3.443553593e+01 -3.443553593e+01 +1.0871e-01 +3.5631e-01 -2.1425e-01 +7.4218e-01 +5.5707e-01
16517 0 +3.979180632e-03 -3.443602082e+01 -3.443602082e+01 +1.0847e-01 +3.5362e-01 -2.1620e-01 +7.4792e-01 +5.5964e-01
16970 0 +3.539705175e-03 -3.443646029e+01 -3.443646029e+01 +1.0810e-01 +3.5118e-01 -2.1804e-01 +7.5354e-01 +5.6208e-01
17390 0 +3.161109582e-03 -3.443683889e+01 -3.443683889e+01 +1.0786e-01 +3.4886e-01 -2.1975e-01 +7.5867e-01 +5.6428e-01
17940 0 +2.817092185e-03 -3.443718291e+01 -3.443718291e+01 +1.0761e-01 +3.4654e-01 -2.2133e-01 +7.6356e-01 +5.6642e-01
18710 0 +2.510479972e-03 -3.443748952e+01 -3.443748952e+01 +1.0737e-01 +3.4446e-01 -2.2286e-01 +7.6826e-01 +5.6843e-01
19430 0 +2.237219359e-03 -3.443776278e+01 -3.443776278e+01 +1.0713e-01 +3.4239e-01 -2.2433e-01 +7.7266e-01 +5.7033e-01
20110 0 +1.995074965e-03 -3.443800493e+01 -3.443800493e+01 +1.0688e-01 +3.4049e-01 -2.2573e-01 +7.7681e-01 +5.7210e-01
20760 0 +1.777247873e-03 -3.443822275e+01 -3.443822275e+01 +1.0670e-01 +3.3866e-01 -2.2701e-01 +7.8078e-01 +5.7381e-01
21377 0 +1.584766276e-03 -3.443841523e+01 -3.443841523e+01 +1.0651e-01 +3.3695e-01 -2.2830e-01 +7.8451e-01 +5.7539e-01
21957 0 +1.411573092e-03 -3.443858843e+01 -3.443858843e+01 +1.0633e-01 +3.3530e-01 -2.2946e-01 +7.8805e-01 +5.7692e-01
22500 0 +1.257870016e-03 -3.443874213e+01 -3.443874213e+01 +1.0615e-01 +3.3377e-01 -2.3056e-01 +7.9141e-01 +5.7833e-01
23020 0 +1.121015568e-03 -3.443887898e+01 -3.443887898e+01 +1.0596e-01 +3.3231e-01 -2.3160e-01 +7.9458e-01 +5.7967e-01
23510 0 +9.989946529e-04 -3.443900101e+01 -3.443900101e+01 +1.0584e-01 +3.3096e-01 -2.3257e-01 +7.9758e-01 +5.8095e-01
23970 0 +8.910381105e-04 -3.443910896e+01 -3.443910896e+01 +1.0572e-01 +3.2962e-01 -2.3349e-01 +8.0038e-01 +5.8211e-01
24410 0 +7.942005359e-04 -3.443920580e+01 -3.443920580e+01 +1.0554e-01 +3.2840e-01 -2.3434e-01 +8.0307e-01 +5.8327e-01
24877 0 +7.078919383e-04 -3.443929211e+01 -3.443929211e+01 +1.0545e-01 +3.2721e-01 -2.3520e-01 +8.0555e-01 +5.8434e-01
25660 0 +6.304421806e-04 -3.443936956e+01 -3.443936956e+01 +1.0532e-01 +3.2611e-01 -2.3596e-01 +8.0796e-01 +5.8535e-01
26400 0 +5.616165371e-04 -3.443943838e+01 -3.443943838e+01 +1.0523e-01 +3.2504e-01 -2.3673e-01 +8.1022e-01 +5.8630e-01
27097 0 +5.011860086e-04 -3.443949881e+01 -3.443949881e+01 +1.0511e-01 +3.2403e-01 -2.3743e-01 +8.1233e-01 +5.8718e-01
27755 0 +4.465576535e-04 -3.443955344e+01 -3.443955344e+01 +1.0502e-01 +3.2312e-01 -2.3807e-01 +8.1434e-01 +5.8804e-01
28380 0 +3.978527480e-04 -3.443960215e+01 -3.443960215e+01 +1.0493e-01 +3.2223e-01 -2.3868e-01 +8.1626e-01 +5.8883e-01
28970 0 +3.542230613e-04 -3.443964578e+01 -3.443964578e+01 +1.0483e-01 +3.2138e-01 -2.3929e-01 +8.1807e-01 +5.8959e-01
29530 0 +3.160165329e-04 -3.443968398e+01 -3.443968398e+01 +1.0477e-01 +3.2061e-01 -2.3984e-01 +8.1978e-01 +5.9030e-01
30050 0 +2.816550290e-04 -3.443971834e+01 -3.443971834e+01 +1.0468e-01 +3.1985e-01 -2.4036e-01 +8.2136e-01 +5.9097e-01
30550 0 +2.510690236e-04 -3.443974893e+01 -3.443974893e+01 +1.0462e-01 +3.1915e-01 -2.4085e-01 +8.2289e-01 +5.9161e-01
31027 0 +2.234786742e-04 -3.443977652e+01 -3.443977652e+01 +1.0453e-01 +3.1844e-01 -2.4134e-01 +8.2433e-01 +5.9222e-01
31460 0 +1.993158571e-04 -3.443980068e+01 -3.443980068e+01 +1.0447e-01 +3.1780e-01 -2.4176e-01 +8.2567e-01 +5.9277e-01
32297 0 +1.778032093e-04 -3.443982220e+01 -3.443982220e+01 +1.0442e-01 +3.1722e-01 -2.4219e-01 +8.2694e-01 +5.9330e-01
33080 0 +1.584856686e-04 -3.443984151e+01 -3.443984151e+01 +1.0436e-01 +3.1664e-01 -2.4257e-01 +8.2814e-01 +5.9379e-01
33837 0 +1.412340800e-04 -3.443985877e+01 -3.443985877e+01 +1.0432e-01 +3.1612e-01 -2.4296e-01 +8.2929e-01 +5.9428e-01
34540 0 +1.258411354e-04 -3.443987416e+01 -3.443987416e+01 +1.0427e-01 +3.1562e-01 -2.4331e-01 +8.3037e-01 +5.9472e-01
35210 0 +1.122014881e-04 -3.443988780e+01 -3.443988780e+01 +1.0422e-01 +3.1513e-01 -2.4363e-01 +8.3140e-01 +5.9514e-01
35840 0 +9.985134646e-05 -3.443990015e+01 -3.443990015e+01 +1.0418e-01 +3.1467e-01 -2.4395e-01 +8.3236e-01 +5.9555e-01
36430 0 +8.910683798e-05 -3.443991089e+01 -3.443991089e+01 +1.0413e-01 +3.1424e-01 -2.4424e-01 +8.3326e-01 +5.9592e-01
36997 0 +7.942964043e-05 -3.443992057e+01 -3.443992057e+01 +1.0409e-01 +3.1385e-01 -2.4453e-01 +8.3411e-01 +5.9628e-01
37522 0 +7.078395456e-05 -3.443992922e+01 -3.443992922e+01 +1.0406e-01 +3.1347e-01 -2.4479e-01 +8.3492e-01 +5.9662e-01
38030 0 +6.308031350e-05 -3.443993692e+01 -3.443993692e+01 +1.0403e-01 +3.1310e-01 -2.4503e-01 +8.3570e-01 +5.9692e-01
38500 0 +5.622523065e-05 -3.443994377e+01 -3.443994377e+01 +1.0398e-01 +3.1276e-01 -2.4528e-01 +8.3642e-01 +5.9723e-01
38952 0 +5.010500249e-05 -3.443994989e+01 -3.443994989e+01 +1.0396e-01 +3.1244e-01 -2.4549e-01 +8.3711e-01 +5.9752e-01
39370 0 +4.463020537e-05 -3.443995537e+01 -3.443995537e+01 +1.0393e-01 +3.1214e-01 -2.4570e-01 +8.3775e-01 +5.9778e-01
40070 0 +3.976968834e-05 -3.443996023e+01 -3.443996023e+01 +1.0390e-01 +3.1184e-01 -2.4590e-01 +8.3835e-01 +5.9803e-01
40820 0 +3.545818299e-05 -3.443996454e+01 -3.443996454e+01 +1.0387e-01 +3.1157e-01 -2.4609e-01 +8.3892e-01 +5.9827e-01
41540 0 +3.159842045e-05 -3.443996840e+01 -3.443996840e+01 +1.0385e-01 +3.1132e-01 -2.4627e-01 +8.3947e-01 +5.9849e-01
42207 0 +2.818285232e-05 -3.443997182e+01 -3.443997182e+01 +1.0383e-01 +3.1108e-01 -2.4644e-01 +8.3998e-01 +5.9870e-01
42840 0 +2.510156916e-05 -3.443997490e+01 -3.443997490e+01 +1.0380e-01 +3.1085e-01 -2.4659e-01 +8.4047e-01 +5.9890e-01
43440 0 +2.237063929e-05 -3.443997763e+01 -3.443997763e+01 +1.0378e-01 +3.1063e-01 -2.4674e-01 +8.4092e-01 +5.9909e-01
44000 0 +1.994792402e-05 -3.443998005e+01 -3.443998005e+01 +1.0377e-01 +3.1043e-01 -2.4688e-01 +8.4135e-01 +5.9927e-01
44540 0 +1.776636663e-05 -3.443998223e+01 -3.443998223e+01 +1.0374e-01 +3.1024e-01 -2.4701e-01 +8.4176e-01 +5.9944e-01
45040 0 +1.583925845e-05 -3.443998416e+01 -3.443998416e+01 +1.0373e-01 +3.1005e-01 -2.4714e-01 +8.4214e-01 +5.9960e-01
45520 0 +1.411328736e-05 -3.443998589e+01 -3.443998589e+01 +1.0371e-01 +3.0989e-01 -2.4725e-01 +8.4251e-01 +5.9975e-01
45970 0 +1.257763723e-05 -3.443998742e+01 -3.443998742e+01 +1.0370e-01 +3.0972e-01 -2.4737e-01 +8.4285e-01 +5.9989e-01
46555 0 +1.121945567e-05 -3.443998878e+01 -3.443998878e+01 +1.0368e-01 +3.0957e-01 -2.4747e-01 +8.4317e-01 +6.0002e-01
47360 0 +9.990812671e-06 -3.443999001e+01 -3.443999001e+01 +1.0367e-01 +3.0942e-01 -2.4757e-01 +8.4348e-01 +6.0015e-01
48110 0 +8.909981595e-06 -3.443999109e+01 -3.443999109e+01 +1.0366e-01 +3.0929e-01 -2.4767e-01 +8.4377e-01 +6.0027e-01
48830 0 +7.934277541e-06 -3.443999207e+01 -3.443999207e+01 +1.0364e-01 +3.0916e-01 -2.4775e-01 +8.4404e-01 +6.0038e-01
49500 0 +7.077182083e-06 -3.443999292e+01 -3.443999292e+01 +1.0363e-01 +3.0903e-01 -2.4784e-01 +8.4430e-01 +6.0048e-01
50000 0 +6.470619724e-06 -3.443999353e+01 -3.443999353e+01 +1.0362e-01 +3.0895e-01 -2.4790e-01 +8.4449e-01 +6.0056e-01
% f evaluations | g evaluations | best noise-free fitness - Fopt (7.741000000000e+01) + sum g_i+ | measured fitness | best measured fitness or single-digit g-values | x1 | x2...
1 0 +2.600000000e+01 +1.034100000e+02 +1.034100000e+02 +0.0000e+00 +0.0000e+00 +0.0000e+00 +0.0000e+00 +0.0000e+00
198 0 +1.913034612e+01 +9.654034612e+01 +9.654034612e+01 +0.0000e+00 +0.0000e+00 -5.8024e-01 +0.0000e+00 +7.0195e-02
225 0 +1.349608711e+01 +9.090608711e+01 +9.090608711e+01 +0.0000e+00 -2.5016e-01 -5.8024e-01 +0.0000e+00 +7.0195e-02
228 0 +1.080626656e+01 +8.821626656e+01 +8.821626656e+01 +0.0000e+00 -2.5016e-01 -3.3008e-01 +0.0000e+00 +7.0195e-02
230 0 +9.564467034e+00 +8.697446703e+01 +8.697446703e+01 +0.0000e+00 -2.5016e-01 -3.3008e-01 +2.5016e-01 +7.0195e-02
243 0 +6.077953285e+00 +8.348795329e+01 +8.348795329e+01 -1.2508e-01 -2.5016e-01 -3.3008e-01 +2.5016e-01 +7.0195e-02
245 0 +4.200168131e+00 +8.161016813e+01 +8.161016813e+01 -1.2508e-01 -3.7524e-01 -3.3008e-01 +2.5016e-01 +7.0195e-02
247 0 +1.123356301e+00 +7.853335630e+01 +7.853335630e+01 -1.2508e-01 -3.7524e-01 -4.5516e-01 +2.5016e-01 +7.0195e-02
273 0 +1.067111368e+00 +7.847711137e+01 +7.847711137e+01 -1.5635e-01 -3.7524e-01 -4.5516e-01 +2.5016e-01 +7.0195e-02
280 0 +8.201280444e-01 +7.823012804e+01 +7.823012804e+01 -1.5635e-01 -3.7524e-01 -4.5516e-01 +2.8143e-01 +7.0195e-02
282 0 +4.631869302e-01 +7.787318693e+01 +7.787318693e+01 -1.5635e-01 -3.7524e-01 -4.5516e-01 +2.8143e-01 +1.0147e-01
287 0 +2.309724218e-01 +7.764097242e+01 +7.764097242e+01 -1.5635e-01 -3.7524e-01 -4.8643e-01 +2.8143e-01 +1.0147e-01
295 0 +1.860502120e-01 +7.759605021e+01 +7.759605021e+01 -1.5635e-01 -4.0651e-01 -4.8643e-01 +2.8143e-01 +1.0147e-01
316 0 +1.625641780e-01 +7.757256418e+01 +7.757256418e+01 -1.5635e-01 -3.9088e-01 -4.8643e-01 +2.8143e-01 +1.0147e-01
333 0 +1.577915817e-01 +7.756779158e+01 +7.756779158e+01 -1.6417e-01 -3.9088e-01 -4.8643e-01 +2.8143e-01 +1.0147e-01
350 0 +1.349216718e-01 +7.754492167e+01 +7.754492167e+01 -1.6417e-01 -3.9870e-01 -4.9425e-01 +2.8925e-01 +1.0147e-01
471 0 +1.256689740e-01 +7.753566897e+01 +7.753566897e+01 -1.6612e-01 -4.1140e-01 -4.9034e-01 +2.9804e-01 +9.5602e-02
698 0 +1.120133261e-01 +7.752201333e+01 +7.752201333e+01 -1.6905e-01 -4.3388e-01 -4.8252e-01 +3.1466e-01 +8.5830e-02
1105 0 +9.996473651e-02 +7.750996474e+01 +7.750996474e+01 -1.7150e-01 -4.5342e-01 -4.7519e-01 +3.3127e-01 +7.6547e-02
1505 0 +8.906415312e-02 +7.749906415e+01 +7.749906415e+01 -1.7345e-01 -4.7296e-01 -4.6737e-01 +3.4690e-01 +6.6775e-02
1898 0 +7.941780452e-02 +7.748941780e+01 +7.748941780e+01 -1.7541e-01 -4.9202e-01 -4.6004e-01 +3.6156e-01 +5.7980e-02
2270 0 +7.075423633e-02 +7.748075424e+01 +7.748075424e+01 -1.7687e-01 -5.1010e-01 -4.5272e-01 +3.7573e-01 +4.9185e-02
2625 0 +6.304830907e-02 +7.747304831e+01 +7.747304831e+01 -1.7834e-01 -5.2769e-01 -4.4587e-01 +3.8892e-01 +4.0879e-02
2965 0 +5.620396799e-02 +7.746620397e+01 +7.746620397e+01 -1.7932e-01 -5.4430e-01 -4.3903e-01 +4.0114e-01 +3.2573e-02
3295 0 +5.006634506e-02 +7.746006635e+01 +7.746006635e+01 -1.8029e-01 -5.6042e-01 -4.3219e-01 +4.1287e-01 +2.4755e-02
3605 0 +4.461506479e-02 +7.745461506e+01 +7.745461506e+01 -1.8127e-01 -5.7557e-01 -4.2584e-01 +4.2410e-01 +1.7426e-02
3911 0 +3.975485869e-02 +7.744975486e+01 +7.744975486e+01 -1.8225e-01 -5.9023e-01 -4.1998e-01 +4.3485e-01 +1.0097e-02
4315 0 +3.544682724e-02 +7.744544683e+01 +7.744544683e+01 -1.8298e-01 -6.0366e-01 -4.1363e-01 +4.4462e-01 +3.5011e-03
4855 0 +3.160327488e-02 +7.744160327e+01 +7.744160327e+01 -1.8371e-01 -6.1686e-01 -4.0801e-01 +4.5415e-01 -2.8507e-03
5368 0 +2.816462068e-02 +7.743816462e+01 +7.743816462e+01 -1.8420e-01 -6.2931e-01 -4.0239e-01 +4.6295e-01 -9.2024e-03
5855 0 +2.509090128e-02 +7.743509090e+01 +7.743509090e+01 -1.8469e-01 -6.4129e-01 -3.9701e-01 +4.7150e-01 -1.5066e-02
6325 0 +2.235698700e-02 +7.743235699e+01 +7.743235699e+01 -1.8518e-01 -6.5277e-01 -3.9213e-01 +4.7956e-01 -2.0685e-02
6765 0 +1.993942193e-02 +7.742993942e+01 +7.742993942e+01 -1.8542e-01 -6.6352e-01 -3.8724e-01 +4.8689e-01 -2.6059e-02
7185 0 +1.777574948e-02 +7.742777575e+01 +7.742777575e+01 -1.8567e-01 -6.7378e-01 -3.8260e-01 +4.9397e-01 -3.1189e-02
7585 0 +1.583609733e-02 +7.742583610e+01 +7.742583610e+01 -1.8591e-01 -6.8355e-01 -3.7796e-01 +5.0057e-01 -3.6320e-02
7970 0 +1.411429277e-02 +7.742411429e+01 +7.742411429e+01 -1.8616e-01 -6.9283e-01 -3.7381e-01 +5.0716e-01 -4.0717e-02
8331 0 +1.255700639e-02 +7.742255701e+01 +7.742255701e+01 -1.8640e-01 -7.0163e-01 -3.6965e-01 +5.1303e-01 -4.5359e-02
8975 0 +1.121601097e-02 +7.742121601e+01 +7.742121601e+01 -1.8652e-01 -7.0981e-01 -3.6587e-01 +5.1865e-01 -4.9390e-02
9625 0 +9.992024988e-03 +7.741999202e+01 +7.741999202e+01 -1.8677e-01 -7.1775e-01 -3.6220e-01 +5.2402e-01 -5.3421e-02
10238 0 +8.912243719e-03 +7.741891224e+01 +7.741891224e+01 -1.8689e-01 -7.2520e-01 -3.5866e-01 +5.2903e-01 -5.7207e-02
10825 0 +7.936944186e-03 +7.741793694e+01 +7.741793694e+01 -1.8689e-01 -7.3241e-01 -3.5536e-01 +5.3379e-01 -6.0872e-02
11381 0 +7.077070136e-03 +7.741707707e+01 +7.741707707e+01 -1.8701e-01 -7.3913e-01 -3.5219e-01 +5.3831e-01 -6.4292e-02
11905 0 +6.301491556e-03 +7.741630149e+01 +7.741630149e+01 -1.8701e-01 -7.4560e-01 -3.4901e-01 +5.4259e-01 -6.7468e-02
12400 0 +5.623358769e-03 +7.741562336e+01 +7.741562336e+01 -1.8713e-01 -7.5159e-01 -3.4620e-01 +5.4662e-01 -7.0522e-02
12875 0 +5.009766156e-03 +7.741500977e+01 +7.741500977e+01 -1.8713e-01 -7.5745e-01 -3.4351e-01 +5.5028e-01 -7.3453e-02
13320 0 +4.461190039e-03 +7.741446119e+01 +7.741446119e+01 -1.8713e-01 -7.6282e-01 -3.4083e-01 +5.5395e-01 -7.6263e-02
13745 0 +3.976592262e-03 +7.741397659e+01 +7.741397659e+01 -1.8726e-01 -7.6808e-01 -3.3851e-01 +5.5737e-01 -7.8828e-02
14165 0 +3.547095339e-03 +7.741354710e+01 +7.741354710e+01 -1.8726e-01 -7.7284e-01 -3.3612e-01 +5.6048e-01 -8.1332e-02
14925 0 +3.159998312e-03 +7.741316000e+01 +7.741316000e+01 -1.8726e-01 -7.7748e-01 -3.3386e-01 +5.6348e-01 -8.3714e-02
15645 0 +2.815672671e-03 +7.741281567e+01 +7.741281567e+01 -1.8726e-01 -7.8188e-01 -3.3179e-01 +5.6635e-01 -8.5912e-02
16320 0 +2.511060443e-03 +7.741251106e+01 +7.741251106e+01 -1.8726e-01 -7.8597e-01 -3.2977e-01 +5.6903e-01 -8.8050e-02
16965 0 +2.236690568e-03 +7.741223669e+01 +7.741223669e+01 -1.8719e-01 -7.8994e-01 -3.2788e-01 +5.7154e-01 -9.0065e-02
17575 0 +1.993576380e-03 +7.741199358e+01 +7.741199358e+01 -1.8726e-01 -7.9367e-01 -3.2611e-01 +5.7398e-01 -9.1898e-02
18145 0 +1.777588505e-03 +7.741177759e+01 +7.741177759e+01 -1.8719e-01 -7.9715e-01 -3.2440e-01 +5.7618e-01 -9.3730e-02
18695 0 +1.581950443e-03 +7.741158195e+01 +7.741158195e+01 -1.8719e-01 -8.0051e-01 -3.2281e-01 +5.7838e-01 -9.5440e-02
19205 0 +1.412405032e-03 +7.741141241e+01 +7.741141241e+01 -1.8719e-01 -8.0362e-01 -3.2128e-01 +5.8033e-01 -9.7028e-02
19693 0 +1.258368046e-03 +7.741125837e+01 +7.741125837e+01 -1.8719e-01 -8.0655e-01 -3.1982e-01 +5.8229e-01 -9.8555e-02
20155 0 +1.120033564e-03 +7.741112003e+01 +7.741112003e+01 -1.8719e-01 -8.0942e-01 -3.1847e-01 +5.8412e-01 -9.9960e-02
20905 0 +9.995040666e-04 +7.741099950e+01 +7.741099950e+01 -1.8713e-01 -8.1202e-01 -3.1716e-01 +5.8577e-01 -1.0130e-01
21725 0 +8.912165298e-04 +7.741089122e+01 +7.741089122e+01 -1.8713e-01 -8.1452e-01 -3.1594e-01 +5.8736e-01 -1.0259e-01
22505 0 +7.937355513e-04 +7.741079374e+01 +7.741079374e+01 -1.8710e-01 -8.1691e-01 -3.1478e-01 +5.8888e-01 -1.0381e-01
23235 0 +7.077006968e-04 +7.741070770e+01 +7.741070770e+01 -1.8710e-01 -8.1913e-01 -3.1368e-01 +5.9032e-01 -1.0497e-01
23935 0 +6.304363294e-04 +7.741063044e+01 +7.741063044e+01 -1.8707e-01 -8.2127e-01 -3.1264e-01 +5.9166e-01 -1.0604e-01
24590 0 +5.621079338e-04 +7.741056211e+01 +7.741056211e+01 -1.8704e-01 -8.2326e-01 -3.1163e-01 +5.9294e-01 -1.0707e-01
25215 0 +5.006813542e-04 +7.741050068e+01 +7.741050068e+01 -1.8704e-01 -8.2518e-01 -3.1075e-01 +5.9414e-01 -1.0805e-01
25801 0 +4.465238691e-04 +7.741044652e+01 +7.741044652e+01 -1.8701e-01 -8.2695e-01 -3.0986e-01 +5.9527e-01 -1.0897e-01
26350 0 +3.980496855e-04 +7.741039805e+01 +7.741039805e+01 -1.8701e-01 -8.2863e-01 -3.0901e-01 +5.9636e-01 -1.0982e-01
26875 0 +3.546656096e-04 +7.741035467e+01 +7.741035467e+01 -1.8698e-01 -8.3025e-01 -3.0824e-01 +5.9734e-01 -1.1065e-01
27370 0 +3.161320113e-04 +7.741031613e+01 +7.741031613e+01 -1.8698e-01 -8.3175e-01 -3.0751e-01 +5.9832e-01 -1.1141e-01
27835 0 +2.817543017e-04 +7.741028175e+01 +7.741028175e+01 -1.8695e-01 -8.3318e-01 -3.0681e-01 +5.9920e-01 -1.1214e-01
28585 0 +2.510915813e-04 +7.741025109e+01 +7.741025109e+01 -1.8693e-01 -8.3453e-01 -3.0614e-01 +6.0006e-01 -1.1283e-01
29415 0 +2.237982136e-04 +7.741022380e+01 +7.741022380e+01 -1.8692e-01 -8.3579e-01 -3.0551e-01 +6.0087e-01 -1.1349e-01
30205 0 +1.994522056e-04 +7.741019945e+01 +7.741019945e+01 -1.8690e-01 -8.3700e-01 -3.0491e-01 +6.0163e-01 -1.1410e-01
30955 0 +1.777534402e-04 +7.741017775e+01 +7.741017775e+01 -1.8690e-01 -8.3814e-01 -3.0436e-01 +6.0235e-01 -1.1468e-01
31655 0 +1.583889070e-04 +7.741015839e+01 +7.741015839e+01 -1.8689e-01 -8.3921e-01 -3.0383e-01 +6.0302e-01 -1.1524e-01
32321 0 +1.411883532e-04 +7.741014119e+01 +7.741014119e+01 -1.8687e-01 -8.4022e-01 -3.0333e-01 +6.0366e-01 -1.1576e-01
32951 0 +1.258720912e-04 +7.741012587e+01 +7.741012587e+01 -1.8686e-01 -8.4118e-01 -3.0287e-01 +6.0427e-01 -1.1625e-01
33540 0 +1.121771060e-04 +7.741011218e+01 +7.741011218e+01 -1.8684e-01 -8.4208e-01 -3.0241e-01 +6.0484e-01 -1.1671e-01
34098 0 +9.997768694e-05 +7.741009998e+01 +7.741009998e+01 -1.8684e-01 -8.4294e-01 -3.0198e-01 +6.0537e-01 -1.1715e-01
34628 0 +8.910762742e-05 +7.741008911e+01 +7.741008911e+01 -1.8683e-01 -8.4375e-01 -3.0159e-01 +6.0588e-01 -1.1756e-01
35315 0 +7.935749699e-05 +7.741007936e+01 +7.741007936e+01 -1.8682e-01 -8.4451e-01 -3.0121e-01 +6.0637e-01 -1.1796e-01
36255 0 +7.076027980e-05 +7.741007076e+01 +7.741007076e+01 -1.8680e-01 -8.4523e-01 -3.0086e-01 +6.0682e-01 -1.1833e-01
37145 0 +6.308202080e-05 +7.741006308e+01 +7.741006308e+01 -1.8680e-01 -8.4591e-01 -3.0052e-01 +6.0724e-01 -1.1867e-01
37985 0 +5.623274934e-05 +7.741005623e+01 +7.741005623e+01 -1.8679e-01 -8.4655e-01 -3.0020e-01 +6.0764e-01 -1.1901e-01
38785 0 +5.008803973e-05 +7.741005009e+01 +7.741005009e+01 -1.8678e-01 -8.4716e-01 -2.9991e-01 +6.0803e-01 -1.1931e-01
39535 0 +4.462736040e-05 +7.741004463e+01 +7.741004463e+01 -1.8677e-01 -8.4773e-01 -2.9962e-01 +6.0839e-01 -1.1961e-01
40245 0 +3.978881017e-05 +7.741003979e+01 +7.741003979e+01 -1.8677e-01 -8.4828e-01 -2.9936e-01 +6.0872e-01 -1.1989e-01
40915 0 +3.544794473e-05 +7.741003545e+01 +7.741003545e+01 -1.8676e-01 -8.4879e-01 -2.9910e-01 +6.0905e-01 -1.2015e-01
41545 0 +3.158820361e-05 +7.741003159e+01 +7.741003159e+01 -1.8675e-01 -8.4927e-01 -2.9886e-01 +6.0935e-01 -1.2040e-01
42141 0 +2.818046272e-05 +7.741002818e+01 +7.741002818e+01 -1.8674e-01 -8.4972e-01 -2.9864e-01 +6.0963e-01 -1.2063e-01
42705 0 +2.510176628e-05 +7.741002510e+01 +7.741002510e+01 -1.8674e-01 -8.5015e-01 -2.9842e-01 +6.0990e-01 -1.2085e-01
43240 0 +2.236346920e-05 +7.741002236e+01 +7.741002236e+01 -1.8673e-01 -8.5056e-01 -2.9822e-01 +6.1016e-01 -1.2106e-01
43735 0 +1.995242027e-05 +7.741001995e+01 +7.741001995e+01 -1.8673e-01 -8.5094e-01 -2.9804e-01 +6.1040e-01 -1.2126e-01
44485 0 +1.777286421e-05 +7.741001777e+01 +7.741001777e+01 -1.8672e-01 -8.5130e-01 -2.9786e-01 +6.1063e-01 -1.2144e-01
45380 0 +1.584691807e-05 +7.741001585e+01 +7.741001585e+01 -1.8671e-01 -8.5164e-01 -2.9768e-01 +6.1084e-01 -1.2162e-01
46225 0 +1.412475987e-05 +7.741001412e+01 +7.741001412e+01 -1.8671e-01 -8.5197e-01 -2.9753e-01 +6.1104e-01 -1.2178e-01
47025 0 +1.257955975e-05 +7.741001258e+01 +7.741001258e+01 -1.8671e-01 -8.5227e-01 -2.9738e-01 +6.1123e-01 -1.2194e-01
47785 0 +1.121473440e-05 +7.741001121e+01 +7.741001121e+01 -1.8670e-01 -8.5256e-01 -2.9723e-01 +6.1141e-01 -1.2209e-01
48495 0 +9.991439043e-06 +7.741000999e+01 +7.741000999e+01 -1.8670e-01 -8.5283e-01 -2.9710e-01 +6.1158e-01 -1.2223e-01
49165 0 +8.903351244e-06 +7.741000890e+01 +7.741000890e+01 -1.8669e-01 -8.5309e-01 -2.9697e-01 +6.1174e-01 -1.2236e-01
49800 0 +7.942048413e-06 +7.741000794e+01 +7.741000794e+01 -1.8669e-01 -8.5333e-01 -2.9685e-01 +6.1190e-01 -1.2248e-01
50000 0 +7.651432412e-06 +7.741000765e+01 +7.741000765e+01 -1.8669e-01 -8.5341e-01 -2.9681e-01 +6.1194e-01 -1.2252e-01
