% f evaluations | g evaluations | best noise-free fitness - Fopt (-5.494000000000e+01) + sum g_i+ | measured fitness | best measured fitness or single-digit g-values | x1 | x2...
1 0 +6.036920862e+06 +6.036865922e+06 +6.036865922e+06 +0.0000e+00 +0.0000e+00 +0.0000e+00 +0.0000e+00 +0.0000e+00
2 0 +4.195564098e+05 +4.195014698e+05 +4.195014698e+05 -2.9289e+00 +0.0000e+00 +0.0000e+00 +0.0000e+00 +0.0000e+00
172 0 +1.088158705e+05 +1.087609305e+05 +1.087609305e+05 -4.6513e-01 +2.0013e+00 -8.8573e-01 +0.0000e+00 +2.0013e+00
180 0 +7.038635662e+04 +7.033141662e+04 +7.033141662e+04 -4.6513e-01 +2.0013e+00 -8.8573e-01 +1.0006e+00 +2.0013e+00
186 0 +5.311792473e+04 +5.306298473e+04 +5.306298473e+04 -4.6513e-01 +3.0019e+00 -8.8573e-01 +1.0006e+00 +2.0013e+00
190 0 +2.883684286e+04 +2.878190286e+04 +2.878190286e+04 -4.6513e-01 +3.0019e+00 -8.8573e-01 +2.0013e+00 +2.0013e+00
215 0 +2.291558562e+04 +2.286064562e+04 +2.286064562e+04 -4.6513e-01 +2.7518e+00 -8.8573e-01 +2.0013e+00 +2.0013e+00
219 0 +2.087928458e+04 +2.082434458e+04 +2.082434458e+04 -4.6513e-01 +2.7518e+00 -8.8573e-01 +1.7511e+00 +2.0013e+00
295 0 +1.974110268e+04 +1.968616268e+04 +1.968616268e+04 -4.6513e-01 +2.5954e+00 -9.7954e-01 +1.7511e+00 +2.0326e+00
395 0 +1.759323953e+04 +1.753829953e+04 +1.753829953e+04 -4.6513e-01 +2.2827e+00 -1.1984e+00 +1.8449e+00 +2.0638e+00
475 0 +1.579664009e+04 +1.574170009e+04 +1.574170009e+04 -4.6513e-01 +2.0326e+00 -1.3235e+00 +1.8762e+00 +2.1264e+00
545 0 +1.408190272e+04 +1.402696272e+04 +1.402696272e+04 -4.6513e-01 +1.8137e+00 -1.4486e+00 +1.9388e+00 +2.1889e+00
615 0 +1.237621856e+04 +1.232127856e+04 +1.232127856e+04 -4.6513e-01 +1.5948e+00 -1.5737e+00 +1.9388e+00 +2.2515e+00
675 0 +1.121540933e+04 +1.116046933e+04 +1.116046933e+04 -4.6513e-01 +1.4072e+00 -1.6675e+00 +1.9388e+00 +2.2827e+00
735 0 +9.999819570e+03 +9.944879570e+03 +9.944879570e+03 -4.6513e-01 +1.2195e+00 -1.7926e+00 +2.0013e+00 +2.3140e+00
795 0 +8.839146857e+03 +8.784206857e+03 +8.784206857e+03 -4.6513e-01 +1.0319e+00 -1.9176e+00 +2.0326e+00 +2.3453e+00
847 0 +7.910808863e+03 +7.855868863e+03 +7.855868863e+03 -4.6513e-01 +8.7557e-01 -2.0427e+00 +2.0326e+00 +2.3765e+00
905 0 +7.054158108e+03 +6.999218108e+03 +6.999218108e+03 -4.6513e-01 +6.8795e-01 -2.1678e+00 +2.0638e+00 +2.3765e+00
955 0 +6.283275265e+03 +6.228335265e+03 +6.228335265e+03 -4.6513e-01 +5.3159e-01 -2.2304e+00 +2.0951e+00 +2.4391e+00
1045 0 +5.575371067e+03 +5.520431067e+03 +5.520431067e+03 -4.6513e-01 +3.7524e-01 -2.3242e+00 +2.1264e+00 +2.4860e+00
1145 0 +4.999481451e+03 +4.944541451e+03 +4.944541451e+03 -4.6513e-01 +2.1889e-01 -2.4023e+00 +2.1420e+00 +2.5329e+00
1255 0 +4.459681795e+03 +4.404741795e+03 +4.404741795e+03 -4.6513e-01 +4.6905e-02 -2.4961e+00 +2.1576e+00 +2.5798e+00
1405 0 +3.968004540e+03 +3.913064540e+03 +3.913064540e+03 -4.6513e-01 -1.3290e-01 -2.5978e+00 +2.1967e+00 +2.6267e+00
1605 0 +3.547254794e+03 +3.492314794e+03 +3.492314794e+03 -4.6513e-01 -2.8925e-01 -2.6603e+00 +2.2280e+00 +2.6892e+00
1785 0 +3.140617404e+03 +3.085677404e+03 +3.085677404e+03 -4.6513e-01 -4.2997e-01 -2.7072e+00 +2.2436e+00 +2.7596e+00
1925 0 +2.817691623e+03 +2.762751623e+03 +2.762751623e+03 -4.6513e-01 -5.3941e-01 -2.7463e+00 +2.2749e+00 +2.8065e+00
2045 0 +2.487188000e+03 +2.432248000e+03 +2.432248000e+03 -4.6513e-01 -6.3322e-01 -2.7698e+00 +2.2827e+00 +2.8612e+00
2135 0 +2.219748899e+03 +2.164808899e+03 +2.164808899e+03 -4.6513e-01 -7.0358e-01 -2.7776e+00 +2.2984e+00 +2.9081e+00
2212 0 +1.988590792e+03 +1.933650792e+03 +1.933650792e+03 -4.6513e-01 -7.5830e-01 -2.7854e+00 +2.3062e+00 +2.9550e+00
2275 0 +1.758067254e+03 +1.703127254e+03 +1.703127254e+03 -4.6513e-01 -8.1303e-01 -2.7854e+00 +2.3140e+00 +2.9941e+00
2345 0 +1.568059581e+03 +1.513119581e+03 +1.513119581e+03 -4.6513e-01 -8.6775e-01 -2.8010e+00 +2.3218e+00 +3.0176e+00
2405 0 +1.399855786e+03 +1.344915786e+03 +1.344915786e+03 -4.6513e-01 -9.1466e-01 -2.8167e+00 +2.3296e+00 +3.0410e+00
2455 0 +1.250808886e+03 +1.195868886e+03 +1.195868886e+03 -4.6513e-01 -9.5374e-01 -2.8167e+00 +2.3375e+00 +3.0723e+00
2515 0 +1.111528233e+03 +1.056588233e+03 +1.056588233e+03 -4.6513e-01 -1.0006e+00 -2.8401e+00 +2.3453e+00 +3.0879e+00
2572 0 +9.944857377e+02 +9.395457377e+02 +9.395457377e+02 -4.6513e-01 -1.0397e+00 -2.8558e+00 +2.3453e+00 +3.1114e+00
2625 0 +8.733133525e+02 +8.183733525e+02 +8.183733525e+02 -4.6513e-01 -1.0866e+00 -2.8714e+00 +2.3531e+00 +3.1270e+00
2675 0 +7.831754277e+02 +7.282354277e+02 +7.282354277e+02 -4.6513e-01 -1.1257e+00 -2.8870e+00 +2.3531e+00 +3.1427e+00
2725 0 +7.022609257e+02 +6.473209257e+02 +6.473209257e+02 -4.6513e-01 -1.1648e+00 -2.9027e+00 +2.3609e+00 +3.1583e+00
2785 0 +6.198540148e+02 +5.649140148e+02 +5.649140148e+02 -4.6513e-01 -1.2117e+00 -2.9261e+00 +2.3687e+00 +3.1739e+00
2847 0 +5.557828621e+02 +5.008428621e+02 +5.008428621e+02 -4.6513e-01 -1.2586e+00 -2.9574e+00 +2.3765e+00 +3.1818e+00
2915 0 +4.988878381e+02 +4.439478381e+02 +4.439478381e+02 -4.6513e-01 -1.3134e+00 -2.9887e+00 +2.3844e+00 +3.1896e+00
3025 0 +4.445789764e+02 +3.896389764e+02 +3.896389764e+02 -4.6513e-01 -1.3563e+00 -3.0043e+00 +2.3883e+00 +3.2130e+00
3175 0 +3.969534916e+02 +3.420134916e+02 +3.420134916e+02 -4.6513e-01 -1.4150e+00 -3.0356e+00 +2.3961e+00 +3.2287e+00
3365 0 +3.543811703e+02 +2.994411703e+02 +2.994411703e+02 -4.6513e-01 -1.4892e+00 -3.0864e+00 +2.4117e+00 +3.2365e+00
3625 0 +3.151669008e+02 +2.602269008e+02 +2.602269008e+02 -4.6513e-01 -1.5420e+00 -3.1020e+00 +2.4176e+00 +3.2658e+00
3835 0 +2.814359054e+02 +2.264959054e+02 +2.264959054e+02 -4.6513e-01 -1.5831e+00 -3.1059e+00 +2.4234e+00 +3.2951e+00
4005 0 +2.511087449e+02 +1.961687449e+02 +1.961687449e+02 -4.6513e-01 -1.6163e+00 -3.1079e+00 +2.4293e+00 +3.3205e+00
4145 0 +2.237845675e+02 +1.688445675e+02 +1.688445675e+02 -4.6513e-01 -1.6436e+00 -3.1059e+00 +2.4332e+00 +3.3440e+00
4275 0 +1.986989343e+02 +1.437589343e+02 +1.437589343e+02 -4.6513e-01 -1.6691e+00 -3.1059e+00 +2.4371e+00 +3.3655e+00
4405 0 +1.770013538e+02 +1.220613538e+02 +1.220613538e+02 -4.6513e-01 -1.6945e+00 -3.1079e+00 +2.4410e+00 +3.3831e+00
4532 0 +1.583372088e+02 +1.033972088e+02 +1.033972088e+02 -4.6513e-01 -1.7179e+00 -3.1098e+00 +2.4449e+00 +3.4026e+00
4682 0 +1.410752012e+02 +8.613520116e+01 +8.613520116e+01 -4.6513e-01 -1.7472e+00 -3.1157e+00 +2.4489e+00 +3.4202e+00
4892 0 +1.258015050e+02 +7.086150498e+01 +7.086150498e+01 -4.6513e-01 -1.7883e+00 -3.1313e+00 +2.4547e+00 +3.4378e+00
5242 0 +1.121670444e+02 +5.722704445e+01 +5.722704445e+01 -4.6513e-01 -1.8264e+00 -3.1362e+00 +2.4616e+00 +3.4632e+00
5542 0 +9.999069465e+01 +4.505069465e+01 +4.505069465e+01 -4.6513e-01 -1.8557e+00 -3.1352e+00 +2.4664e+00 +3.4886e+00
5922 0 +8.910998560e+01 +3.416998560e+01 +3.416998560e+01 -4.6513e-01 -1.8914e+00 -3.1372e+00 +2.4708e+00 +3.5145e+00
7992 0 +7.942438863e+01 +2.448438863e+01 +2.448438863e+01 -4.6513e-01 -1.9119e+00 -3.0900e+00 +2.4723e+00 +3.5785e+00
12526 0 +7.079194883e+01 +1.585194883e+01 +1.585194883e+01 -4.6513e-01 -1.9146e+00 -2.9847e+00 +2.4699e+00 +3.6867e+00
30698 0 +6.309036845e+01 +8.150368450e+00 +8.150368450e+00 -4.6513e-01 -1.8117e+00 -2.7488e+00 +2.4484e+00 +3.8399e+00
36542 0 +5.623330427e+01 +1.293304272e+00 +1.293304272e+00 -4.6513e-01 -1.7791e+00 -2.6774e+00 +2.4418e+00 +3.8852e+00
40218 0 +5.010103238e+01 -4.838967619e+00 -4.838967619e+00 -4.6513e-01 -1.7604e+00 -2.6325e+00 +2.4380e+00 +3.9151e+00
43128 0 +4.465144550e+01 -1.028855450e+01 -1.028855450e+01 -4.6489e-01 -1.7460e+00 -2.5969e+00 +2.4348e+00 +3.9396e+00
45688 0 +3.979493369e+01 -1.514506631e+01 -1.514506631e+01 -4.6477e-01 -1.7335e+00 -2.5657e+00 +2.4320e+00 +3.9611e+00
48078 0 +3.547723889e+01 -1.946276111e+01 -1.946276111e+01 -4.6465e-01 -1.7217e+00 -2.5365e+00 +2.4293e+00 +3.9810e+00
50000 0 +3.230475173e+01 -2.263524827e+01 -2.263524827e+01 -4.6465e-01 -1.7119e+00 -2.5130e+00 +2.4272e+00 +3.9965e+00
% f evaluations | g evaluations | best noise-free fitness - Fopt (5.913000000000e+01) + sum g_i+ | measured fitness | best measured fitness or single-digit g-values | x1 | x2...
1 0 +7.466699182e+06 +7.466758312e+06 +7.466758312e+06 +0.0000e+00 +0.0000e+00 +0.0000e+00 +0.0000e+00 +0.0000e+00
3 0 +4.785589089e+06 +4.785648219e+06 +4.785648219e+06 -1.3081e+00 +1.6209e+00 +1.6209e+00 +1.6209e+00 +1.6209e+00
5 0 +2.841934113e+06 +2.841993243e+06 +2.841993243e+06 +2.9289e+00 +0.0000e+00 +0.0000e+00 +0.0000e+00 +0.0000e+00
6 0 +1.188641541e+06 +1.188700671e+06 +1.188700671e+06 +4.5498e+00 +1.6209e+00 +1.6209e+00 +1.6209e+00 +1.6209e+00
11 0 +7.271188230e+05 +7.271779530e+05 +7.271779530e+05 +0.0000e+00 +2.9289e+00 +0.0000e+00 +0.0000e+00 +0.0000e+00
26 0 +6.761112240e+05 +6.761703540e+05 +6.761703540e+05 +0.0000e+00 +0.0000e+00 +0.0000e+00 +0.0000e+00 -2.9289e+00
166 0 +5.969993228e+05 +5.970584528e+05 +5.970584528e+05 +2.0013e+00 +2.0013e+00 +1.0006e+00 +1.0006e+00 -5.8005e-01
167 0 +3.877978898e+05 +3.878570198e+05 +3.878570198e+05 +2.0013e+00 +2.0013e+00 +0.0000e+00 +1.0006e+00 -5.8005e-01
177 0 +3.225910259e+05 +3.226501559e+05 +3.226501559e+05 +2.0013e+00 +2.0013e+00 -1.0006e+00 +1.0006e+00 -5.8005e-01
181 0 +3.023500300e+05 +3.024091600e+05 +3.024091600e+05 +2.0013e+00 +2.0013e+00 -1.0006e+00 +1.0006e+00 -1.5807e+00
183 0 +1.605076526e+05 +1.605667826e+05 +1.605667826e+05 +1.0006e+00 +2.0013e+00 -1.0006e+00 +1.0006e+00 -1.5807e+00
187 0 +1.410451050e+05 +1.411042350e+05 +1.411042350e+05 +1.0006e+00 +2.0013e+00 -2.0013e+00 +1.0006e+00 -1.5807e+00
194 0 +1.255225109e+05 +1.255816409e+05 +1.255816409e+05 +2.0013e+00 +2.0013e+00 -2.0013e+00 +1.0006e+00 -1.5807e+00
197 0 +6.951176282e+04 +6.957089282e+04 +6.957089282e+04 +2.0013e+00 +2.0013e+00 -3.0019e+00 +1.0006e+00 -1.5807e+00
217 0 +4.941673764e+04 +4.947586764e+04 +4.947586764e+04 +2.5016e+00 +2.0013e+00 -3.5023e+00 +1.0006e+00 -1.5807e+00
227 0 +3.762293304e+04 +3.768206304e+04 +3.768206304e+04 +3.0019e+00 +2.0013e+00 -4.0026e+00 +1.0006e+00 -1.5807e+00
244 0 +3.410160096e+04 +3.416073096e+04 +3.416073096e+04 +3.2521e+00 +2.0013e+00 -4.0026e+00 +1.0006e+00 -1.5807e+00
273 0 +3.032085361e+04 +3.037998361e+04 +3.037998361e+04 +3.1270e+00 +2.0013e+00 -4.1277e+00 +1.0006e+00 -1.7058e+00
303 0 +2.731648237e+04 +2.737561237e+04 +2.737561237e+04 +3.1270e+00 +2.0013e+00 -4.3153e+00 +1.0006e+00 -1.7683e+00
327 0 +2.484375532e+04 +2.490288532e+04 +2.490288532e+04 +3.0645e+00 +2.0638e+00 -4.5029e+00 +1.0006e+00 -1.8309e+00
373 0 +2.227924721e+04 +2.233837721e+04 +2.233837721e+04 +2.8143e+00 +2.1889e+00 -4.5029e+00 +9.3811e-01 -1.8309e+00
418 0 +1.980372951e+04 +1.986285951e+04 +1.986285951e+04 +2.5642e+00 +2.3140e+00 -4.4404e+00 +9.3811e-01 -1.8309e+00
458 0 +1.763174580e+04 +1.769087580e+04 +1.769087580e+04 +2.3765e+00 +2.3765e+00 -4.2528e+00 +8.7557e-01 -1.8309e+00
498 0 +1.582243149e+04 +1.588156149e+04 +1.588156149e+04 +2.1889e+00 +2.5016e+00 -4.1902e+00 +8.1303e-01 -1.8309e+00
538 0 +1.364017798e+04 +1.369930798e+04 +1.369930798e+04 +2.0013e+00 +2.5642e+00 -4.0651e+00 +7.5049e-01 -1.8309e+00
563 0 +1.248395432e+04 +1.254308432e+04 +1.254308432e+04 +1.8762e+00 +2.6267e+00 -4.0026e+00 +6.8795e-01 -1.8309e+00
588 0 +1.106887031e+04 +1.112800031e+04 +1.112800031e+04 +1.7511e+00 +2.6267e+00 -3.8150e+00 +6.8795e-01 -1.8309e+00
636 0 +9.993689515e+03 +1.005281952e+04 +1.005281952e+04 +1.5635e+00 +2.7518e+00 -3.8150e+00 +6.5668e-01 -1.8309e+00
713 0 +8.882944507e+03 +8.942074507e+03 +8.942074507e+03 +1.3759e+00 +2.8143e+00 -3.6586e+00 +5.6287e-01 -1.8309e+00
798 0 +7.939641775e+03 +7.998771775e+03 +7.998771775e+03 +1.1883e+00 +2.8769e+00 -3.5023e+00 +5.3159e-01 -1.8309e+00
928 0 +7.050407023e+03 +7.109537023e+03 +7.109537023e+03 +1.0163e+00 +3.0019e+00 -3.3616e+00 +4.2215e-01 -1.8152e+00
989 0 +6.295799164e+03 +6.354929164e+03 +6.354929164e+03 +9.5374e-01 +3.0645e+00 -3.2677e+00 +3.4397e-01 -1.7840e+00
1046 0 +5.611395971e+03 +5.670525971e+03 +5.670525971e+03 +8.9120e-01 +3.1427e+00 -3.2052e+00 +2.8143e-01 -1.7527e+00
1088 0 +4.990578573e+03 +5.049708573e+03 +5.049708573e+03 +8.5993e-01 +3.2052e+00 -3.1270e+00 +2.1889e-01 -1.7214e+00
1118 0 +4.433427763e+03 +4.492557763e+03 +4.492557763e+03 +8.2866e-01 +3.2521e+00 -3.0801e+00 +1.7199e-01 -1.6901e+00
1156 0 +3.933722172e+03 +3.992852172e+03 +3.992852172e+03 +7.9739e-01 +3.2990e+00 -3.0332e+00 +1.4072e-01 -1.6589e+00
1188 0 +3.506206958e+03 +3.565336958e+03 +3.565336958e+03 +7.5049e-01 +3.3147e+00 -2.9707e+00 +1.0945e-01 -1.6589e+00
1223 0 +3.153292298e+03 +3.212422298e+03 +3.212422298e+03 +6.8795e-01 +3.3459e+00 -2.9394e+00 +7.8176e-02 -1.6589e+00
1269 0 +2.793652348e+03 +2.852782348e+03 +2.852782348e+03 +6.2541e-01 +3.3772e+00 -2.8769e+00 +4.6905e-02 -1.6589e+00
1328 0 +2.504260518e+03 +2.563390518e+03 +2.563390518e+03 +5.4723e-01 +3.3928e+00 -2.7987e+00 +3.1270e-02 -1.6589e+00
1866 0 +2.237006147e+03 +2.296136147e+03 +2.296136147e+03 +3.2834e-01 +3.4905e+00 -2.6423e+00 -3.9088e-02 -1.6511e+00
2103 0 +1.994472645e+03 +2.053602645e+03 +2.053602645e+03 +2.4234e-01 +3.5570e+00 -2.5603e+00 -1.0163e-01 -1.6276e+00
2196 0 +1.774868058e+03 +1.833998058e+03 +1.833998058e+03 +2.0717e-01 +3.5961e+00 -2.5251e+00 -1.2899e-01 -1.6120e+00
2268 0 +1.581040340e+03 +1.640170340e+03 +1.640170340e+03 +1.7980e-01 +3.6234e+00 -2.4938e+00 -1.4463e-01 -1.6002e+00
2328 0 +1.406707321e+03 +1.465837321e+03 +1.465837321e+03 +1.5635e-01 +3.6469e+00 -2.4704e+00 -1.6417e-01 -1.5885e+00
2386 0 +1.252976188e+03 +1.312106188e+03 +1.312106188e+03 +1.3290e-01 +3.6703e+00 -2.4508e+00 -1.7980e-01 -1.5768e+00
2446 0 +1.110719033e+03 +1.169849033e+03 +1.169849033e+03 +1.0945e-01 +3.6938e+00 -2.4274e+00 -1.9544e-01 -1.5651e+00
2503 0 +9.996767620e+02 +1.058806762e+03 +1.058806762e+03 +8.5993e-02 +3.7133e+00 -2.4039e+00 -2.0717e-01 -1.5533e+00
2578 0 +8.885661774e+02 +9.476961774e+02 +9.476961774e+02 +5.8632e-02 +3.7446e+00 -2.3726e+00 -2.3062e-01 -1.5416e+00
2738 0 +7.937219025e+02 +8.528519025e+02 +8.528519025e+02 +5.8304e-15 +3.7759e+00 -2.3218e+00 -2.6189e-01 -1.5377e+00
3408 0 +7.069263446e+02 +7.660563446e+02 +7.660563446e+02 -1.2117e-01 +3.8365e+00 -2.2221e+00 -3.1466e-01 -1.5299e+00
3562 0 +6.305652610e+02 +6.896952610e+02 +6.896952610e+02 -1.5049e-01 +3.8658e+00 -2.1928e+00 -3.3811e-01 -1.5162e+00
3668 0 +5.620191752e+02 +6.211491752e+02 +6.211491752e+02 -1.7199e-01 +3.8873e+00 -2.1713e+00 -3.5179e-01 -1.5084e+00
3772 0 +5.007455066e+02 +5.598755066e+02 +5.598755066e+02 -1.9153e-01 +3.9068e+00 -2.1518e+00 -3.6547e-01 -1.4967e+00
3888 0 +4.459543769e+02 +5.050843769e+02 +5.050843769e+02 -2.1498e-01 +3.9303e+00 -2.1283e+00 -3.8111e-01 -1.4869e+00
4123 0 +3.977433320e+02 +4.568733320e+02 +4.568733320e+02 -2.5993e-01 +3.9537e+00 -2.0873e+00 -4.0260e-01 -1.4810e+00
4443 0 +3.546497767e+02 +4.137797767e+02 +4.137797767e+02 -3.2052e-01 +3.9850e+00 -2.0365e+00 -4.3388e-01 -1.4791e+00
4668 0 +3.158233594e+02 +3.749533594e+02 +3.749533594e+02 -3.5961e-01 +4.0085e+00 -1.9993e+00 -4.5733e-01 -1.4752e+00
4963 0 +2.815707753e+02 +3.407007753e+02 +3.407007753e+02 -4.1824e-01 +4.0358e+00 -1.9544e+00 -4.8469e-01 -1.4752e+00
6153 0 +2.511416366e+02 +3.102716366e+02 +3.102716366e+02 -5.0081e-01 +4.0671e+00 -1.8718e+00 -5.3159e-01 -1.4805e+00
11405 0 +2.238590384e+02 +2.829890384e+02 +2.829890384e+02 -6.0586e-01 +4.0038e+00 -1.7404e+00 -6.2247e-01 -1.5944e+00
15561 0 +1.995090138e+02 +2.586390138e+02 +2.586390138e+02 -6.5326e-01 +3.9212e+00 -1.6786e+00 -6.6083e-01 -1.6960e+00
18351 0 +1.778177810e+02 +2.369477810e+02 +2.369477810e+02 -6.7598e-01 +3.8677e+00 -1.6263e+00 -7.0505e-01 -1.7642e+00
20619 0 +1.584885839e+02 +2.176185839e+02 +2.176185839e+02 -6.9454e-01 +3.8245e+00 -1.5831e+00 -7.4194e-01 -1.8194e+00
22611 0 +1.412366409e+02 +2.003666409e+02 +2.003666409e+02 -7.1140e-01 +3.7866e+00 -1.5449e+00 -7.7394e-01 -1.8682e+00
24471 0 +1.258416233e+02 +1.849716233e+02 +1.849716233e+02 -7.2703e-01 +3.7512e+00 -1.5093e+00 -8.0399e-01 -1.9137e+00
26441 0 +1.121542636e+02 +1.712842636e+02 +1.712842636e+02 -7.6295e-01 +3.7185e+00 -1.4695e+00 -8.2866e-01 -1.9618e+00
28425 0 +9.999706898e+01 +1.591270690e+02 +1.591270690e+02 -7.8298e-01 +3.6801e+00 -1.4343e+00 -8.5505e-01 -2.0102e+00
30891 0 +8.911422877e+01 +1.482442288e+02 +1.482442288e+02 -8.1327e-01 +3.6278e+00 -1.4142e+00 -8.5920e-01 -2.0705e+00
34125 0 +7.942370621e+01 +1.385537062e+02 +1.385537062e+02 -8.4320e-01 +3.5630e+00 -1.3909e+00 -8.6714e-01 -2.1436e+00
46571 0 +7.079413427e+01 +1.299241343e+02 +1.299241343e+02 -8.6384e-01 +3.4665e+00 -1.3718e+00 -8.7135e-01 -2.2423e+00
50000 0 +7.004427216e+01 +1.291742722e+02 +1.291742722e+02 -8.7734e-01 +3.4492e+00 -1.3655e+00 -8.7062e-01 -2.2628e+00
% f evaluations | g evaluations | best noise-free fitness - Fopt (-4.915300000000e+02) + sum g_i+ | measured fitness | best measured fitness or single-digit g-values | x1 | x2...
1 0 +2.917801904e+04 +2.868648904e+04 +2.868648904e+04 +0.0000e+00 +0.0000e+00 +0.0000e+00 +0.0000e+00 +0.0000e+00
277 0 +2.866364981e+04 +2.817211981e+04 +2.817211981e+04 -2.5113e+00 -4.0026e+00 -7.5049e-01 -7.2547e+00 -1.2508e+00
291 0 +2.715257033e+04 +2.666104033e+04 +2.666104033e+04 -2.5113e+00 -4.0026e+00 -1.0006e+00 -7.2547e+00 -1.5010e+00
311 0 +2.364865001e+04 +2.315712001e+04 +2.315712001e+04 -2.5113e+00 -3.5023e+00 -1.0006e+00 -7.2547e+00 -2.0013e+00
317 0 +2.175423138e+04 +2.126270138e+04 +2.126270138e+04 -2.5113e+00 -3.5023e+00 -1.2508e+00 -7.2547e+00 -2.0013e+00
336 0 +1.945955397e+04 +1.896802397e+04 +1.896802397e+04 -2.5113e+00 -3.2521e+00 -1.5010e+00 -7.2547e+00 -2.2515e+00
351 0 +1.743979600e+04 +1.694826600e+04 +1.694826600e+04 -2.5113e+00 -3.0019e+00 -1.5010e+00 -7.2547e+00 -2.7518e+00
376 0 +1.465432906e+04 +1.416279906e+04 +1.416279906e+04 -2.5113e+00 -2.5016e+00 -1.7511e+00 -7.5049e+00 -3.0019e+00
381 0 +1.380586074e+04 +1.331433074e+04 +1.331433074e+04 -2.5113e+00 -2.5016e+00 -1.7511e+00 -7.5049e+00 -3.2521e+00
391 0 +1.239477836e+04 +1.190324836e+04 +1.190324836e+04 -2.5113e+00 -2.2515e+00 -1.7511e+00 -7.5049e+00 -3.5023e+00
401 0 +1.094528369e+04 +1.045375369e+04 +1.045375369e+04 -2.5113e+00 -2.0013e+00 -1.7511e+00 -7.5049e+00 -3.7524e+00
407 0 +9.091159443e+03 +8.599629443e+03 +8.599629443e+03 -2.5113e+00 -2.0013e+00 -2.0013e+00 -7.5049e+00 -3.7524e+00
417 0 +8.514189082e+03 +8.022659082e+03 +8.022659082e+03 -2.5113e+00 -2.0013e+00 -2.2515e+00 -7.5049e+00 -3.7524e+00
447 0 +7.506853122e+03 +7.015323122e+03 +7.015323122e+03 -2.5113e+00 -2.0013e+00 -2.3765e+00 -7.5049e+00 -3.8775e+00
466 0 +6.932948567e+03 +6.441418567e+03 +6.441418567e+03 -2.5113e+00 -1.8762e+00 -2.5016e+00 -7.5049e+00 -4.0026e+00
487 0 +5.969356318e+03 +5.477826318e+03 +5.477826318e+03 -2.5113e+00 -1.7511e+00 -2.6267e+00 -7.5049e+00 -4.2528e+00
527 0 +5.558802285e+03 +5.067272285e+03 +5.067272285e+03 -2.5113e+00 -1.7511e+00 -2.8143e+00 -7.5049e+00 -4.3153e+00
557 0 +4.986566675e+03 +4.495036675e+03 +4.495036675e+03 -2.5113e+00 -1.6886e+00 -3.0019e+00 -7.4423e+00 -4.4404e+00
591 0 +4.348024879e+03 +3.856494879e+03 +3.856494879e+03 -2.5113e+00 -1.6261e+00 -3.1270e+00 -7.4423e+00 -4.6280e+00
616 0 +3.923193976e+03 +3.431663976e+03 +3.431663976e+03 -2.5113e+00 -1.5635e+00 -3.2521e+00 -7.4423e+00 -4.6905e+00
627 0 +3.492104389e+03 +3.000574389e+03 +3.000574389e+03 -2.5113e+00 -1.5635e+00 -3.3772e+00 -7.4423e+00 -4.7531e+00
647 0 +3.100331969e+03 +2.608801969e+03 +2.608801969e+03 -2.5113e+00 -1.5635e+00 -3.5023e+00 -7.4423e+00 -4.8156e+00
657 0 +2.769154273e+03 +2.277624273e+03 +2.277624273e+03 -2.5113e+00 -1.5635e+00 -3.5648e+00 -7.3798e+00 -4.8782e+00
681 0 +2.468422113e+03 +1.976892113e+03 +1.976892113e+03 -2.5113e+00 -1.5635e+00 -3.6899e+00 -7.3798e+00 -4.9407e+00
711 0 +2.229358093e+03 +1.737828093e+03 +1.737828093e+03 -2.5113e+00 -1.5010e+00 -3.8150e+00 -7.3798e+00 -5.0658e+00
787 0 +1.986997660e+03 +1.495467660e+03 +1.495467660e+03 -2.5113e+00 -1.5479e+00 -4.0495e+00 -7.3485e+00 -5.0971e+00
971 0 +1.772490842e+03 +1.280960842e+03 +1.280960842e+03 -2.5113e+00 -1.5322e+00 -4.3309e+00 -7.3016e+00 -5.2534e+00
1425 0 +1.582373569e+03 +1.090843569e+03 +1.090843569e+03 -2.5113e+00 -1.7120e+00 -4.6984e+00 -7.2156e+00 -5.2534e+00
1992 0 +1.412488095e+03 +9.209580946e+02 +9.209580946e+02 -2.5113e+00 -1.9700e+00 -5.0111e+00 -7.1140e+00 -5.1518e+00
2615 0 +1.258578656e+03 +7.670486556e+02 +7.670486556e+02 -2.5113e+00 -2.2163e+00 -5.1870e+00 -7.0358e+00 -5.0072e+00
3225 0 +1.121091902e+03 +6.295619019e+02 +6.295619019e+02 -2.5113e+00 -2.4547e+00 -5.3550e+00 -6.9576e+00 -4.8625e+00
3855 0 +9.987894688e+02 +5.072594688e+02 +5.072594688e+02 -2.5113e+00 -2.7010e+00 -5.5348e+00 -6.8756e+00 -4.7179e+00
4875 0 +8.907915415e+02 +3.992615415e+02 +3.992615415e+02 -2.5055e+00 -2.9453e+00 -5.7029e+00 -6.7817e+00 -4.5557e+00
6327 0 +7.943022328e+02 +3.027722328e+02 +3.027722328e+02 -2.5055e+00 -3.2287e+00 -5.9120e+00 -6.6879e+00 -4.3896e+00
7795 0 +7.078171046e+02 +2.162871046e+02 +2.162871046e+02 -2.5055e+00 -3.5160e+00 -6.1192e+00 -6.5922e+00 -4.2195e+00
9105 0 +6.306372267e+02 +1.391072267e+02 +1.391072267e+02 -2.5055e+00 -3.7720e+00 -6.3029e+00 -6.5101e+00 -4.0671e+00
10212 0 +5.623209654e+02 +7.079096537e+01 +7.079096537e+01 -2.5055e+00 -3.9870e+00 -6.4612e+00 -6.4378e+00 -3.9381e+00
11195 0 +5.009302574e+02 +9.400257367e+00 +9.400257367e+00 -2.5055e+00 -4.1804e+00 -6.5980e+00 -6.3752e+00 -3.8247e+00
12135 0 +4.461469142e+02 -4.538308578e+01 -4.538308578e+01 -2.5055e+00 -4.3642e+00 -6.7329e+00 -6.3146e+00 -3.7153e+00
13352 0 +3.980839959e+02 -9.344600415e+01 -9.344600415e+01 -2.5045e+00 -4.5537e+00 -6.8716e+00 -6.2492e+00 -3.6010e+00
15802 0 +3.548021225e+02 -1.367278775e+02 -1.367278775e+02 -2.5035e+00 -4.7912e+00 -7.0397e+00 -6.1690e+00 -3.4563e+00
19882 0 +3.162110106e+02 -1.753189894e+02 -1.753189894e+02 -2.4693e+00 -4.9778e+00 -7.1125e+00 -6.0181e+00 -3.2487e+00
23760 0 +2.818382533e+02 -2.096917467e+02 -2.096917467e+02 -2.4126e+00 -5.0585e+00 -7.1423e+00 -5.8300e+00 -3.0757e+00
25830 0 +2.511455882e+02 -2.403844118e+02 -2.403844118e+02 -2.3863e+00 -5.1386e+00 -7.1995e+00 -5.7288e+00 -2.9746e+00
27355 0 +2.238015970e+02 -2.677284030e+02 -2.677284030e+02 -2.3677e+00 -5.2016e+00 -7.2430e+00 -5.6545e+00 -2.8998e+00
28712 0 +1.994856538e+02 -2.920443462e+02 -2.920443462e+02 -2.3511e+00 -5.2549e+00 -7.2767e+00 -5.5881e+00 -2.8334e+00
30082 0 +1.777687010e+02 -3.137612990e+02 -3.137612990e+02 -2.3335e+00 -5.3042e+00 -7.3055e+00 -5.5212e+00 -2.7664e+00
31735 0 +1.584599022e+02 -3.330700978e+02 -3.330700978e+02 -2.3086e+00 -5.3418e+00 -7.3143e+00 -5.4405e+00 -2.6858e+00
34760 0 +1.412508030e+02 -3.502791970e+02 -3.502791970e+02 -2.2788e+00 -5.4252e+00 -7.3517e+00 -5.3294e+00 -2.5671e+00
50000 0 +1.345214172e+02 -3.570085828e+02 -3.570085828e+02 -2.2332e+00 -5.4299e+00 -7.3348e+00 -5.1980e+00 -2.4647e+00
% f evaluations | g evaluations | best noise-free fitness - Fopt (-1.702000000000e+02) + sum g_i+ | measured fitness | best measured fitness or single-digit g-values | x1 | x2...
1 0 +1.702574989e+07 +1.702557969e+07 +1.702557969e+07 +0.0000e+00 +0.0000e+00 +0.0000e+00 +0.0000e+00 +0.0000e+00
3 0 +1.017159657e+07 +1.017142637e+07 +1.017142637e+07 -1.3081e+00 +1.6209e+00 +1.6209e+00 +1.6209e+00 +1.6209e+00
6 0 +5.197961291e+06 +5.197791091e+06 +5.197791091e+06 +4.5498e+00 +1.6209e+00 +1.6209e+00 +1.6209e+00 +1.6209e+00
15 0 +2.007529389e+06 +2.007359189e+06 +2.007359189e+06 +1.6209e+00 +1.6209e+00 -1.3081e+00 +1.6209e+00 +1.6209e+00
24 0 +3.635601121e+05 +3.633899121e+05 +3.633899121e+05 +1.6209e+00 +1.6209e+00 +1.6209e+00 +4.5498e+00 +1.6209e+00
191 0 +2.563532239e+05 +2.561830239e+05 +2.561830239e+05 +0.0000e+00 +4.0026e+00 -2.4275e+00 +3.0019e+00 +1.0006e+00
193 0 +2.028592167e+05 +2.026890167e+05 +2.026890167e+05 -1.0006e+00 +4.0026e+00 -2.4275e+00 +3.0019e+00 +1.0006e+00
196 0 +1.816247614e+05 +1.814545614e+05 +1.814545614e+05 -1.0006e+00 +5.0032e+00 -2.4275e+00 +3.0019e+00 +1.0006e+00
206 0 +1.726750016e+05 +1.725048016e+05 +1.725048016e+05 -1.0006e+00 +6.0039e+00 -2.4275e+00 +3.0019e+00 +1.0006e+00
216 0 +1.502131445e+05 +1.500429445e+05 +1.500429445e+05 -2.0013e+00 +7.0045e+00 -2.4275e+00 +3.0019e+00 +1.0006e+00
226 0 +1.404013637e+05 +1.402311637e+05 +1.402311637e+05 -2.0013e+00 +8.0052e+00 -2.4275e+00 +3.0019e+00 +1.0006e+00
273 0 +1.230168909e+05 +1.228466909e+05 +1.228466909e+05 -2.5016e+00 +8.7557e+00 -2.6777e+00 +3.0019e+00 +1.0006e+00
283 0 +1.048527323e+05 +1.046825323e+05 +1.046825323e+05 -2.7518e+00 +8.5055e+00 -2.6777e+00 +3.0019e+00 +1.2508e+00
285 0 +9.944207300e+04 +9.927187300e+04 +9.927187300e+04 -2.7518e+00 +8.2554e+00 -2.6777e+00 +3.0019e+00 +1.2508e+00
303 0 +8.327870304e+04 +8.310850304e+04 +8.310850304e+04 -3.2521e+00 +8.0052e+00 -2.6777e+00 +3.0019e+00 +1.5010e+00
305 0 +7.835515051e+04 +7.818495051e+04 +7.818495051e+04 -3.2521e+00 +7.7550e+00 -2.6777e+00 +3.0019e+00 +1.5010e+00
322 0 +6.955015785e+04 +6.937995785e+04 +6.937995785e+04 -3.5023e+00 +7.5049e+00 -2.6777e+00 +3.0019e+00 +1.7511e+00
325 0 +6.207503171e+04 +6.190483171e+04 +6.190483171e+04 -3.7524e+00 +7.2547e+00 -2.6777e+00 +3.0019e+00 +1.7511e+00
352 0 +5.579976362e+04 +5.562956362e+04 +5.562956362e+04 -3.7524e+00 +6.7544e+00 -2.6777e+00 +3.0019e+00 +2.0013e+00
355 0 +4.769508826e+04 +4.752488826e+04 +4.752488826e+04 -4.0026e+00 +6.5042e+00 -2.6777e+00 +3.0019e+00 +2.0013e+00
375 0 +4.301738146e+04 +4.284718146e+04 +4.284718146e+04 -4.0026e+00 +6.0039e+00 -2.6777e+00 +3.0019e+00 +2.0013e+00
395 0 +3.936365870e+04 +3.919345870e+04 +3.919345870e+04 -3.7524e+00 +5.5036e+00 -2.6777e+00 +3.0019e+00 +2.0013e+00
423 0 +3.174183983e+04 +3.157163983e+04 +3.157163983e+04 -4.0026e+00 +5.0032e+00 -2.6777e+00 +3.0019e+00 +2.2515e+00
425 0 +2.983163010e+04 +2.966143010e+04 +2.966143010e+04 -4.0026e+00 +4.7531e+00 -2.6777e+00 +3.0019e+00 +2.2515e+00
445 0 +2.786482937e+04 +2.769462937e+04 +2.769462937e+04 -4.0026e+00 +4.2528e+00 -2.6777e+00 +3.0019e+00 +2.2515e+00
472 0 +2.446366092e+04 +2.429346092e+04 +2.429346092e+04 -4.0026e+00 +3.7524e+00 -2.6777e+00 +3.0019e+00 +2.5016e+00
473 0 +2.089105586e+04 +2.072085586e+04 +2.072085586e+04 -4.2528e+00 +3.7524e+00 -2.6777e+00 +3.0019e+00 +2.5016e+00
475 0 +1.950486191e+04 +1.933466191e+04 +1.933466191e+04 -4.2528e+00 +3.5023e+00 -2.6777e+00 +3.0019e+00 +2.5016e+00
505 0 +1.742502277e+04 +1.725482277e+04 +1.725482277e+04 -4.2528e+00 +2.7518e+00 -2.6777e+00 +3.0019e+00 +2.5016e+00
512 0 +1.566387121e+04 +1.549367121e+04 +1.549367121e+04 -4.2528e+00 +2.7518e+00 -2.6777e+00 +3.0019e+00 +2.7518e+00
513 0 +1.249588934e+04 +1.232568934e+04 +1.232568934e+04 -4.5029e+00 +2.7518e+00 -2.6777e+00 +3.0019e+00 +2.7518e+00
515 0 +1.093346766e+04 +1.076326766e+04 +1.076326766e+04 -4.5029e+00 +2.5016e+00 -2.6777e+00 +3.0019e+00 +2.7518e+00
525 0 +9.972612141e+03 +9.802412141e+03 +9.802412141e+03 -4.5029e+00 +2.2515e+00 -2.6777e+00 +3.0019e+00 +2.7518e+00
545 0 +8.762831072e+03 +8.592631072e+03 +8.592631072e+03 -4.2528e+00 +1.7511e+00 -2.6777e+00 +3.0019e+00 +2.7518e+00
591 0 +7.831431003e+03 +7.661231003e+03 +7.661231003e+03 -4.2528e+00 +1.6261e+00 -2.6777e+00 +3.0645e+00 +2.6892e+00
602 0 +6.994957871e+03 +6.824757871e+03 +6.824757871e+03 -4.3153e+00 +1.5635e+00 -2.6777e+00 +3.0645e+00 +2.7518e+00
613 0 +6.244823672e+03 +6.074623672e+03 +6.074623672e+03 -4.4404e+00 +1.5010e+00 -2.6777e+00 +3.0645e+00 +2.7518e+00
621 0 +5.525463797e+03 +5.355263797e+03 +5.355263797e+03 -4.4404e+00 +1.4384e+00 -2.6777e+00 +3.1270e+00 +2.6892e+00
632 0 +4.956416135e+03 +4.786216135e+03 +4.786216135e+03 -4.5029e+00 +1.3759e+00 -2.6777e+00 +3.1270e+00 +2.7518e+00
645 0 +4.466087975e+03 +4.295887975e+03 +4.295887975e+03 -4.5655e+00 +1.2508e+00 -2.6777e+00 +3.1270e+00 +2.7518e+00
665 0 +3.926955602e+03 +3.756755602e+03 +3.756755602e+03 -4.6280e+00 +1.1257e+00 -2.6777e+00 +3.1270e+00 +2.8143e+00
703 0 +3.369795853e+03 +3.199595853e+03 +3.199595853e+03 -4.6905e+00 +9.3811e-01 -2.6777e+00 +3.1270e+00 +2.8769e+00
715 0 +3.053698828e+03 +2.883498828e+03 +2.883498828e+03 -4.6905e+00 +8.1303e-01 -2.6777e+00 +3.1270e+00 +2.8769e+00
744 0 +2.760574085e+03 +2.590374085e+03 +2.590374085e+03 -4.6280e+00 +6.8795e-01 -2.6777e+00 +3.1270e+00 +2.8769e+00
755 0 +2.453945222e+03 +2.283745222e+03 +2.283745222e+03 -4.6280e+00 +5.6287e-01 -2.6777e+00 +3.1270e+00 +2.8769e+00
773 0 +2.055468932e+03 +1.885268932e+03 +1.885268932e+03 -4.6905e+00 +5.0032e-01 -2.6777e+00 +3.1270e+00 +2.9394e+00
775 0 +1.848093514e+03 +1.677893514e+03 +1.677893514e+03 -4.6905e+00 +4.3778e-01 -2.6777e+00 +3.1270e+00 +2.9394e+00
785 0 +1.670311474e+03 +1.500111474e+03 +1.500111474e+03 -4.6905e+00 +3.7524e-01 -2.6777e+00 +3.1270e+00 +2.9394e+00
795 0 +1.506356299e+03 +1.336156299e+03 +1.336156299e+03 -4.6905e+00 +3.1270e-01 -2.6777e+00 +3.1270e+00 +2.9394e+00
805 0 +1.402858057e+03 +1.232658057e+03 +1.232658057e+03 -4.6905e+00 +2.5016e-01 -2.6777e+00 +3.1270e+00 +2.9394e+00
822 0 +1.194921499e+03 +1.024721499e+03 +1.024721499e+03 -4.6905e+00 +1.8762e-01 -2.6777e+00 +3.1270e+00 +3.0019e+00
823 0 +9.842405087e+02 +8.140405087e+02 +8.140405087e+02 -4.7531e+00 +1.8762e-01 -2.6777e+00 +3.1270e+00 +3.0019e+00
825 0 +8.554706835e+02 +6.852706835e+02 +6.852706835e+02 -4.7531e+00 +1.2508e-01 -2.6777e+00 +3.1270e+00 +3.0019e+00
835 0 +7.682470018e+02 +5.980470018e+02 +5.980470018e+02 -4.7531e+00 +6.2541e-02 -2.6777e+00 +3.1270e+00 +3.0019e+00
855 0 +6.842775512e+02 +5.140775512e+02 +5.140775512e+02 -4.6905e+00 -6.2541e-02 -2.6777e+00 +3.1270e+00 +3.0019e+00
893 0 +5.307376447e+02 +3.605376447e+02 +3.605376447e+02 -4.7218e+00 -1.2508e-01 -2.6777e+00 +3.1270e+00 +3.0332e+00
912 0 +4.857260354e+02 +3.155260354e+02 +3.155260354e+02 -4.7531e+00 -1.5635e-01 -2.6777e+00 +3.1270e+00 +3.0645e+00
913 0 +4.027476414e+02 +2.325476414e+02 +2.325476414e+02 -4.7844e+00 -1.5635e-01 -2.6777e+00 +3.1270e+00 +3.0645e+00
915 0 +3.848836940e+02 +2.146836940e+02 +2.146836940e+02 -4.7844e+00 -1.8762e-01 -2.6777e+00 +3.1270e+00 +3.0645e+00
953 0 +3.444495410e+02 +1.742495410e+02 +1.742495410e+02 -4.8000e+00 -2.1889e-01 -2.6777e+00 +3.1270e+00 +3.0801e+00
973 0 +3.091171375e+02 +1.389171375e+02 +1.389171375e+02 -4.8313e+00 -2.5016e-01 -2.6777e+00 +3.1270e+00 +3.0958e+00
1005 0 +2.756779384e+02 +1.054779384e+02 +1.054779384e+02 -4.8156e+00 -3.1270e-01 -2.6777e+00 +3.1270e+00 +3.0958e+00
1042 0 +2.479963616e+02 +7.779636162e+01 +7.779636162e+01 -4.8156e+00 -3.5961e-01 -2.6777e+00 +3.1270e+00 +3.1114e+00
1045 0 +2.218086211e+02 +5.160862112e+01 +5.160862112e+01 -4.8313e+00 -3.7524e-01 -2.6777e+00 +3.1270e+00 +3.1114e+00
1082 0 +1.915305418e+02 +2.133054183e+01 +2.133054183e+01 -4.8313e+00 -4.2215e-01 -2.6777e+00 +3.1270e+00 +3.1270e+00
1085 0 +1.673624151e+02 -2.837584927e+00 -2.837584927e+00 -4.8469e+00 -4.3778e-01 -2.6777e+00 +3.1270e+00 +3.1270e+00
1095 0 +1.573787061e+02 -1.282129388e+01 -1.282129388e+01 -4.8469e+00 -4.5342e-01 -2.6777e+00 +3.1270e+00 +3.1270e+00
1122 0 +1.388352911e+02 -3.136470894e+01 -3.136470894e+01 -4.8469e+00 -4.8469e-01 -2.6777e+00 +3.1270e+00 +3.1427e+00
1125 0 +1.190406196e+02 -5.115938036e+01 -5.115938036e+01 -4.8625e+00 -5.0032e-01 -2.6777e+00 +3.1270e+00 +3.1427e+00
1135 0 +1.111720021e+02 -5.902799790e+01 -5.902799790e+01 -4.8625e+00 -5.1596e-01 -2.6777e+00 +3.1270e+00 +3.1427e+00
1155 0 +9.859093998e+01 -7.160906002e+01 -7.160906002e+01 -4.8469e+00 -5.4723e-01 -2.6777e+00 +3.1270e+00 +3.1427e+00
1202 0 +8.790320140e+01 -8.229679860e+01 -8.229679860e+01 -4.8469e+00 -5.7850e-01 -2.6777e+00 +3.1270e+00 +3.1505e+00
1232 0 +7.672290850e+01 -9.347709150e+01 -9.347709150e+01 -4.8547e+00 -6.0195e-01 -2.6777e+00 +3.1270e+00 +3.1583e+00
1235 0 +6.985580046e+01 -1.003441995e+02 -1.003441995e+02 -4.8625e+00 -6.0977e-01 -2.6777e+00 +3.1270e+00 +3.1583e+00
1273 0 +6.078161378e+01 -1.094183862e+02 -1.094183862e+02 -4.8703e+00 -6.3322e-01 -2.6777e+00 +3.1270e+00 +3.1661e+00
1295 0 +5.451266082e+01 -1.156873392e+02 -1.156873392e+02 -4.8703e+00 -6.5668e-01 -2.6777e+00 +3.1270e+00 +3.1661e+00
1313 0 +4.907520005e+01 -1.211247999e+02 -1.211247999e+02 -4.8782e+00 -6.6449e-01 -2.6777e+00 +3.1270e+00 +3.1739e+00
1325 0 +4.454327841e+01 -1.256567216e+02 -1.256567216e+02 -4.8782e+00 -6.8013e-01 -2.6777e+00 +3.1270e+00 +3.1739e+00
1355 0 +3.809915454e+01 -1.321008455e+02 -1.321008455e+02 -4.8860e+00 -7.0358e-01 -2.6777e+00 +3.1270e+00 +3.1818e+00
1473 0 +3.536764565e+01 -1.348323544e+02 -1.348323544e+02 -4.8811e+00 -7.3387e-01 -2.6777e+00 +3.1280e+00 +3.1827e+00
1825 0 +3.160260844e+01 -1.385973916e+02 -1.385973916e+02 -4.8899e+00 -7.6905e-01 -2.6767e+00 +3.1290e+00 +3.1905e+00
2725 0 +2.818050801e+01 -1.420194920e+02 -1.420194920e+02 -4.8735e+00 -8.0179e-01 -2.6579e+00 +3.1295e+00 +3.2113e+00
3768 0 +2.511091592e+01 -1.450890841e+02 -1.450890841e+02 -4.8498e+00 -8.0521e-01 -2.6354e+00 +3.1278e+00 +3.2326e+00
4982 0 +2.238080803e+01 -1.478191920e+02 -1.478191920e+02 -4.8210e+00 -7.9617e-01 -2.6112e+00 +3.1268e+00 +3.2511e+00
7694 0 +1.995151509e+01 -1.502484849e+02 -1.502484849e+02 -4.7889e+00 -7.9642e-01 -2.5825e+00 +3.1228e+00 +3.2806e+00
20875 0 +1.778278147e+01 -1.524172185e+02 -1.524172185e+02 -4.7114e+00 -7.9351e-01 -2.5141e+00 +3.1191e+00 +3.3397e+00
44992 0 +1.584888242e+01 -1.543511176e+02 -1.543511176e+02 -4.6384e+00 -7.9492e-01 -2.4473e+00 +3.1111e+00 +3.4064e+00
50000 0 +1.480655793e+01 -1.553934421e+02 -1.553934421e+02 -4.6231e+00 -7.9519e-01 -2.4331e+00 +3.1088e+00 +3.4217e+00
% f evaluations | g evaluations | best noise-free fitness - Fopt (-4.697500000000e+02) + sum g_i+ | measured fitness | best measured fitness or single-digit g-values | x1 | x2...
1 0 +1.297321784e+07 +1.297274809e+07 +1.297274809e+07 +0.0000e+00 +0.0000e+00 +0.0000e+00 +0.0000e+00 +0.0000e+00
3 0 +9.373242330e+06 +9.372772580e+06 +9.372772580e+06 -1.3081e+00 +1.6209e+00 +1.6209e+00 +1.6209e+00 +1.6209e+00
5 0 +3.567748136e+06 +3.567278386e+06 +3.567278386e+06 +2.9289e+00 +0.0000e+00 +0.0000e+00 +0.0000e+00 +0.0000e+00
6 0 +4.343242893e+05 +4.338545393e+05 +4.338545393e+05 +4.5498e+00 +1.6209e+00 +1.6209e+00 +1.6209e+00 +1.6209e+00
9 0 +3.476232814e+05 +3.471535314e+05 +3.471535314e+05 +1.6209e+00 -1.3081e+00 +1.6209e+00 +1.6209e+00 +1.6209e+00
168 0 +1.239706420e+05 +1.235008920e+05 +1.235008920e+05 +2.0013e+00 -2.4275e+00 +2.0013e+00 +1.0006e+00 +1.0006e+00
169 0 +5.309402120e+04 +5.262427120e+04 +5.262427120e+04 +2.0013e+00 -2.4275e+00 +2.0013e+00 +0.0000e+00 +1.0006e+00
196 0 +4.192846078e+04 +4.145871078e+04 +4.145871078e+04 +2.2515e+00 -2.1774e+00 +2.0013e+00 +0.0000e+00 +1.0006e+00
199 0 +3.334628261e+04 +3.287653261e+04 +3.287653261e+04 +2.2515e+00 -2.1774e+00 +2.0013e+00 -2.5016e-01 +1.0006e+00
209 0 +1.991173701e+04 +1.944198701e+04 +1.944198701e+04 +2.2515e+00 -2.1774e+00 +2.2515e+00 -5.0032e-01 +1.0006e+00
211 0 +1.628900309e+04 +1.581925309e+04 +1.581925309e+04 +2.2515e+00 -2.1774e+00 +2.2515e+00 -5.0032e-01 +7.5049e-01
238 0 +1.557506853e+04 +1.510531853e+04 +1.510531853e+04 +2.2515e+00 -2.1774e+00 +2.3140e+00 -5.0032e-01 +7.5049e-01
241 0 +1.348867397e+04 +1.301892397e+04 +1.301892397e+04 +2.2515e+00 -2.1774e+00 +2.3140e+00 -5.6287e-01 +6.8795e-01
258 0 +1.235572198e+04 +1.188597198e+04 +1.188597198e+04 +2.2515e+00 -2.1774e+00 +2.3765e+00 -6.2541e-01 +6.8795e-01
261 0 +1.094351257e+04 +1.047376257e+04 +1.047376257e+04 +2.2515e+00 -2.1774e+00 +2.3765e+00 -6.8795e-01 +6.2541e-01
289 0 +9.953582356e+03 +9.483832356e+03 +9.483832356e+03 +2.2515e+00 -2.1461e+00 +2.4391e+00 -7.5049e-01 +5.9414e-01
391 0 +8.880430803e+03 +8.410680803e+03 +8.410680803e+03 +2.2515e+00 -2.1617e+00 +2.4860e+00 -6.7231e-01 +3.4397e-01
651 0 +7.927266421e+03 +7.457516421e+03 +7.457516421e+03 +2.2515e+00 -2.3025e+00 +2.5329e+00 -5.4723e-01 -6.2541e-02
861 0 +7.053215205e+03 +6.583465205e+03 +6.583465205e+03 +2.2515e+00 -2.3494e+00 +2.5798e+00 -3.9088e-01 -3.9088e-01
981 0 +6.291645868e+03 +5.821895868e+03 +5.821895868e+03 +2.2515e+00 -2.3494e+00 +2.6111e+00 -2.6580e-01 -5.7850e-01
1070 0 +5.621289122e+03 +5.151539122e+03 +5.151539122e+03 +2.2515e+00 -2.3494e+00 +2.6267e+00 -1.5635e-01 -7.0358e-01
1125 0 +4.990008196e+03 +4.520258196e+03 +4.520258196e+03 +2.2202e+00 -2.3806e+00 +2.6580e+00 -1.2508e-01 -7.9739e-01
1181 0 +4.439927800e+03 +3.970177800e+03 +3.970177800e+03 +2.2202e+00 -2.3806e+00 +2.6736e+00 -6.2541e-02 -8.9120e-01
1230 0 +3.969173491e+03 +3.499423491e+03 +3.499423491e+03 +2.2046e+00 -2.3963e+00 +2.6892e+00 -5.6205e-16 -9.5374e-01
1281 0 +3.517323178e+03 +3.047573178e+03 +3.047573178e+03 +2.2046e+00 -2.3963e+00 +2.7049e+00 +4.6905e-02 -1.0476e+00
1351 0 +3.134680126e+03 +2.664930126e+03 +2.664930126e+03 +2.2046e+00 -2.4275e+00 +2.7205e+00 +7.8176e-02 -1.1570e+00
1431 0 +2.815652922e+03 +2.345902922e+03 +2.345902922e+03 +2.2046e+00 -2.4744e+00 +2.7205e+00 +1.4072e-01 -1.2821e+00
1521 0 +2.502842865e+03 +2.033092865e+03 +2.033092865e+03 +2.2046e+00 -2.4666e+00 +2.7596e+00 +1.4853e-01 -1.3759e+00
1740 0 +2.236569185e+03 +1.766819185e+03 +1.766819185e+03 +2.1889e+00 -2.4862e+00 +2.7948e+00 +2.1498e-01 -1.5088e+00
3420 0 +1.994718050e+03 +1.524968050e+03 +1.524968050e+03 +2.1655e+00 -2.6054e+00 +2.8515e+00 +3.8892e-01 -1.8977e+00
3683 0 +1.774486182e+03 +1.304736182e+03 +1.304736182e+03 +2.1127e+00 -2.6152e+00 +2.8984e+00 +4.3974e-01 -1.9505e+00
3840 0 +1.584397406e+03 +1.114647406e+03 +1.114647406e+03 +2.0834e+00 -2.6288e+00 +2.9238e+00 +4.7101e-01 -1.9798e+00
3960 0 +1.409068868e+03 +9.393188678e+02 +9.393188678e+02 +2.0599e+00 -2.6327e+00 +2.9453e+00 +4.9446e-01 -2.0033e+00
4061 0 +1.257574175e+03 +7.878241754e+02 +7.878241754e+02 +2.0404e+00 -2.6464e+00 +2.9590e+00 +5.1401e-01 -2.0248e+00
4160 0 +1.119037850e+03 +6.492878496e+02 +6.492878496e+02 +2.0208e+00 -2.6621e+00 +2.9707e+00 +5.3355e-01 -2.0423e+00
4251 0 +9.970825420e+02 +5.273325420e+02 +5.273325420e+02 +2.0033e+00 -2.6718e+00 +2.9844e+00 +5.5114e-01 -2.0619e+00
4343 0 +8.909348786e+02 +4.211848786e+02 +4.211848786e+02 +1.9837e+00 -2.6894e+00 +2.9922e+00 +5.6873e-01 -2.0795e+00
4443 0 +7.916136283e+02 +3.218636283e+02 +3.218636283e+02 +1.9642e+00 -2.7090e+00 +3.0039e+00 +5.8827e-01 -2.0990e+00
4560 0 +7.077583814e+02 +2.380083814e+02 +2.380083814e+02 +1.9446e+00 -2.7324e+00 +3.0137e+00 +6.1172e-01 -2.1205e+00
4733 0 +6.291230225e+02 +1.593730225e+02 +1.593730225e+02 +1.9192e+00 -2.7539e+00 +3.0293e+00 +6.4495e-01 -2.1557e+00
6481 0 +5.621906572e+02 +9.244065715e+01 +9.244065715e+01 +1.9104e+00 -2.8292e+00 +3.0528e+00 +7.2899e-01 -2.3629e+00
6968 0 +5.011778778e+02 +3.142787777e+01 +3.142787777e+01 +1.8772e+00 -2.8497e+00 +3.0811e+00 +7.6808e-01 -2.4098e+00
7153 0 +4.462595335e+02 -2.349046651e+01 -2.349046651e+01 +1.8586e+00 -2.8565e+00 +3.0958e+00 +7.8664e-01 -2.4283e+00
7303 0 +3.975717079e+02 -7.217829205e+01 -7.217829205e+01 +1.8440e+00 -2.8653e+00 +3.1055e+00 +8.0130e-01 -2.4430e+00
7433 0 +3.541591448e+02 -1.155908552e+02 -1.155908552e+02 +1.8313e+00 -2.8751e+00 +3.1143e+00 +8.1400e-01 -2.4557e+00
7560 0 +3.161615911e+02 -1.535884089e+02 -1.535884089e+02 +1.8195e+00 -2.8839e+00 +3.1231e+00 +8.2671e-01 -2.4674e+00
7690 0 +2.815009749e+02 -1.882490251e+02 -1.882490251e+02 +1.8068e+00 -2.8917e+00 +3.1319e+00 +8.3941e-01 -2.4801e+00
7840 0 +2.507450383e+02 -2.190049617e+02 -2.190049617e+02 +1.7922e+00 -2.9064e+00 +3.1397e+00 +8.5407e-01 -2.4948e+00
8041 0 +2.237613957e+02 -2.459886043e+02 -2.459886043e+02 +1.7756e+00 -2.9191e+00 +3.1515e+00 +8.7361e-01 -2.5153e+00
8521 0 +1.993636318e+02 -2.703863682e+02 -2.703863682e+02 +1.7599e+00 -2.9327e+00 +3.1661e+00 +9.0586e-01 -2.5622e+00
8950 0 +1.777779467e+02 -2.919720533e+02 -2.919720533e+02 +1.7472e+00 -2.9464e+00 +3.1788e+00 +9.3322e-01 -2.6033e+00
9161 0 +1.581762853e+02 -3.115737147e+02 -3.115737147e+02 +1.7345e+00 -2.9562e+00 +3.1886e+00 +9.4983e-01 -2.6247e+00
9310 0 +1.411713516e+02 -3.285786484e+02 -3.285786484e+02 +1.7218e+00 -2.9611e+00 +3.1993e+00 +9.6449e-01 -2.6384e+00
9601 0 +1.257184523e+02 -3.440315477e+02 -3.440315477e+02 +1.7140e+00 -2.9689e+00 +3.2072e+00 +9.8404e-01 -2.6677e+00
10010 0 +1.121604098e+02 -3.575895902e+02 -3.575895902e+02 +1.7081e+00 -2.9777e+00 +3.2160e+00 +1.0075e+00 -2.7068e+00
10321 0 +9.994720834e+01 -3.698027917e+02 -3.698027917e+02 +1.7023e+00 -2.9845e+00 +3.2238e+00 +1.0261e+00 -2.7381e+00
11510 0 +8.911894619e+01 -3.806310538e+02 -3.806310538e+02 +1.6957e+00 -3.0178e+00 +3.2326e+00 +1.0488e+00 -2.8058e+00
12433 0 +7.942953187e+01 -3.903204681e+02 -3.903204681e+02 +1.6739e+00 -3.0363e+00 +3.2467e+00 +1.0686e+00 -2.8285e+00
34945 0 +7.079427150e+01 -3.989557285e+02 -3.989557285e+02 +1.5722e+00 -3.1829e+00 +3.2821e+00 +1.0654e+00 -2.8377e+00
50000 0 +6.895308353e+01 -4.007969165e+02 -4.007969165e+02 +1.5263e+00 -3.2289e+00 +3.2943e+00 +1.0471e+00 -2.7917e+00
% f evaluations | g evaluations | best noise-free fitness - Fopt (-5.704700000000e+02) + sum g_i+ | measured fitness | best measured fitness or single-digit g-values | x1 | x2...
1 0 +6.615658256e+06 +6.615087786e+06 +6.615087786e+06 +0.0000e+00 +0.0000e+00 +0.0000e+00 +0.0000e+00 +0.0000e+00
2 0 +3.112076491e+06 +3.111506021e+06 +3.111506021e+06 -2.9289e+00 +0.0000e+00 +0.0000e+00 +0.0000e+00 +0.0000e+00
3 0 +2.091431838e+06 +2.090861368e+06 +2.090861368e+06 -1.3081e+00 +1.6209e+00 +1.6209e+00 +1.6209e+00 +1.6209e+00
8 0 +7.270960275e+05 +7.265255575e+05 +7.265255575e+05 +0.0000e+00 -2.9289e+00 +0.0000e+00 +0.0000e+00 +0.0000e+00
9 0 +1.405675969e+05 +1.399971269e+05 +1.399971269e+05 +1.6209e+00 -1.3081e+00 +1.6209e+00 +1.6209e+00 +1.6209e+00
184 0 +6.397175516e+04 +6.340128516e+04 +6.340128516e+04 +0.0000e+00 -2.5785e+00 +1.0006e+00 +1.0035e+00 +1.0006e+00
229 0 +6.261059040e+04 +6.204012040e+04 +6.204012040e+04 +1.2508e-01 -2.7036e+00 +1.0006e+00 +8.7839e-01 +1.0006e+00
235 0 +5.376836656e+04 +5.319789656e+04 +5.319789656e+04 +2.5016e-01 -2.8287e+00 +1.0006e+00 +8.7839e-01 +8.7557e-01
238 0 +4.655670490e+04 +4.598623490e+04 +4.598623490e+04 +2.5016e-01 -2.8287e+00 +1.1257e+00 +8.7839e-01 +8.7557e-01
239 0 +3.617764401e+04 +3.560717401e+04 +3.560717401e+04 +2.5016e-01 -2.8287e+00 +1.1257e+00 +7.5331e-01 +8.7557e-01
244 0 +3.187454048e+04 +3.130407048e+04 +3.130407048e+04 +3.7524e-01 -2.8287e+00 +1.1257e+00 +7.5331e-01 +1.0006e+00
245 0 +2.494687295e+04 +2.437640295e+04 +2.437640295e+04 +3.7524e-01 -2.9538e+00 +1.1257e+00 +7.5331e-01 +1.0006e+00
248 0 +2.198873370e+04 +2.141826370e+04 +2.141826370e+04 +3.7524e-01 -2.9538e+00 +1.2508e+00 +7.5331e-01 +1.0006e+00
249 0 +1.807900130e+04 +1.750853130e+04 +1.750853130e+04 +3.7524e-01 -2.9538e+00 +1.2508e+00 +6.2823e-01 +1.0006e+00
262 0 +1.679889298e+04 +1.622842298e+04 +1.622842298e+04 +3.7524e-01 -2.9538e+00 +1.3759e+00 +6.2823e-01 +1.0006e+00
264 0 +1.543405523e+04 +1.486358523e+04 +1.486358523e+04 +5.0032e-01 -2.9538e+00 +1.3759e+00 +6.2823e-01 +1.0006e+00
269 0 +8.782839886e+03 +8.212369886e+03 +8.212369886e+03 +5.0032e-01 -2.9538e+00 +1.5010e+00 +5.0314e-01 +1.0006e+00
282 0 +6.707875464e+03 +6.137405464e+03 +6.137405464e+03 +5.0032e-01 -3.0789e+00 +1.5010e+00 +5.0314e-01 +1.1257e+00
284 0 +5.106547772e+03 +4.536077772e+03 +4.536077772e+03 +6.2541e-01 -3.0789e+00 +1.5010e+00 +5.0314e-01 +1.1257e+00
305 0 +5.004653120e+03 +4.434183120e+03 +4.434183120e+03 +6.2541e-01 -3.1414e+00 +1.5010e+00 +5.0314e-01 +1.2508e+00
315 0 +4.260515832e+03 +3.690045832e+03 +3.690045832e+03 +6.2541e-01 -3.2039e+00 +1.5010e+00 +4.4060e-01 +1.1883e+00
324 0 +3.486617730e+03 +2.916147730e+03 +2.916147730e+03 +6.8795e-01 -3.2039e+00 +1.5010e+00 +4.4060e-01 +1.2508e+00
328 0 +3.095159851e+03 +2.524689851e+03 +2.524689851e+03 +6.8795e-01 -3.2039e+00 +1.5635e+00 +4.4060e-01 +1.2508e+00
329 0 +2.456702427e+03 +1.886232427e+03 +1.886232427e+03 +6.8795e-01 -3.2039e+00 +1.5635e+00 +3.7806e-01 +1.2508e+00
341 0 +2.062691136e+03 +1.492221136e+03 +1.492221136e+03 +6.8795e-01 -3.2665e+00 +1.5635e+00 +3.1552e-01 +1.1257e+00
348 0 +1.937485361e+03 +1.367015361e+03 +1.367015361e+03 +6.2541e-01 -3.2665e+00 +1.6261e+00 +3.1552e-01 +1.1257e+00
349 0 +1.487173354e+03 +9.167033540e+02 +9.167033540e+02 +6.2541e-01 -3.2665e+00 +1.6261e+00 +2.5298e-01 +1.1257e+00
351 0 +1.382793146e+03 +8.123231464e+02 +8.123231464e+02 +6.2541e-01 -3.2665e+00 +1.6261e+00 +2.5298e-01 +1.0632e+00
379 0 +1.247043653e+03 +6.765736526e+02 +6.765736526e+02 +5.6287e-01 -3.2977e+00 +1.6261e+00 +2.2171e-01 +1.1257e+00
392 0 +1.089486400e+03 +5.190163996e+02 +5.190163996e+02 +5.6287e-01 -3.3290e+00 +1.6261e+00 +2.2171e-01 +1.1257e+00
398 0 +9.873124989e+02 +4.168424989e+02 +4.168424989e+02 +5.9414e-01 -3.3290e+00 +1.6573e+00 +2.2171e-01 +1.1257e+00
399 0 +8.307886485e+02 +2.603186485e+02 +2.603186485e+02 +5.9414e-01 -3.3290e+00 +1.6573e+00 +1.9044e-01 +1.1257e+00
408 0 +7.657254432e+02 +1.952554432e+02 +1.952554432e+02 +5.9414e-01 -3.3290e+00 +1.6886e+00 +1.9044e-01 +1.0945e+00
414 0 +6.531636966e+02 +8.269369658e+01 +8.269369658e+01 +6.2541e-01 -3.3290e+00 +1.6886e+00 +1.9044e-01 +1.1257e+00
452 0 +6.289813806e+02 +5.851138057e+01 +5.851138057e+01 +6.2541e-01 -3.3290e+00 +1.7042e+00 +1.9044e-01 +1.1570e+00
736 0 +5.616790028e+02 -8.790997229e+00 -8.790997229e+00 +5.7850e-01 -3.3134e+00 +1.7355e+00 +1.8262e-01 +1.3094e+00
826 0 +4.994106227e+02 -7.105937733e+01 -7.105937733e+01 +5.4332e-01 -3.2977e+00 +1.7550e+00 +1.7481e-01 +1.3407e+00
873 0 +4.453558870e+02 -1.251141130e+02 -1.251141130e+02 +5.2378e-01 -3.2899e+00 +1.7746e+00 +1.6699e-01 +1.3603e+00
918 0 +3.979305009e+02 -1.725394991e+02 -1.725394991e+02 +5.0814e-01 -3.2782e+00 +1.7824e+00 +1.6699e-01 +1.3759e+00
962 0 +3.530183936e+02 -2.174516064e+02 -2.174516064e+02 +4.9251e-01 -3.2704e+00 +1.7863e+00 +1.6699e-01 +1.3954e+00
996 0 +3.150537567e+02 -2.554162433e+02 -2.554162433e+02 +4.7687e-01 -3.2548e+00 +1.7980e+00 +1.6699e-01 +1.4072e+00
1043 0 +2.818330144e+02 -2.886369856e+02 -2.886369856e+02 +4.5733e-01 -3.2469e+00 +1.8059e+00 +1.6699e-01 +1.4267e+00
1108 0 +2.505348770e+02 -3.199351230e+02 -3.199351230e+02 +4.3388e-01 -3.2352e+00 +1.8176e+00 +1.6308e-01 +1.4502e+00
1246 0 +2.234187864e+02 -3.470512136e+02 -3.470512136e+02 +4.0260e-01 -3.2118e+00 +1.8371e+00 +1.6308e-01 +1.5049e+00
1378 0 +1.992478081e+02 -3.712221919e+02 -3.712221919e+02 +3.7133e-01 -3.2118e+00 +1.8410e+00 +1.5917e-01 +1.5479e+00
1442 0 +1.766751266e+02 -3.937948734e+02 -3.937948734e+02 +3.4788e-01 -3.2039e+00 +1.8489e+00 +1.5526e-01 +1.5713e+00
1542 0 +1.573061974e+02 -4.131638026e+02 -4.131638026e+02 +3.2834e-01 -3.2039e+00 +1.8528e+00 +1.5135e-01 +1.6065e+00
1692 0 +1.411363916e+02 -4.293336084e+02 -4.293336084e+02 +3.0489e-01 -3.2039e+00 +1.8528e+00 +1.5135e-01 +1.6651e+00
1792 0 +1.248284007e+02 -4.456415993e+02 -4.456415993e+02 +2.8925e-01 -3.2039e+00 +1.8606e+00 +1.4745e-01 +1.7042e+00
2163 0 +1.120914577e+02 -4.583785423e+02 -4.583785423e+02 +2.5407e-01 -3.2108e+00 +1.8655e+00 +1.3474e-01 +1.7599e+00
5223 0 +9.999936371e+01 -4.704706363e+02 -4.704706363e+02 +1.9898e-01 -3.2461e+00 +1.8603e+00 +9.4433e-02 +1.7511e+00
29039 0 +8.912451319e+01 -4.813454868e+02 -4.813454868e+02 +4.9898e-02 -3.3342e+00 +1.8479e+00 -2.3258e-02 +1.6422e+00
50000 0 +8.187799030e+01 -4.885920097e+02 -4.885920097e+02 -5.6067e-02 -3.4248e+00 +1.8223e+00 -1.2342e-01 +1.5142e+00
% f evaluations | g evaluations | best noise-free fitness - Fopt (-1.385000000000e+01) + sum g_i+ | measured fitness | best measured fitness or single-digit g-values | x1 | x2...
1 0 +3.625600367e+06 +3.625586517e+06 +3.625586517e+06 +0.0000e+00 +0.0000e+00 +0.0000e+00 +0.0000e+00 +0.0000e+00
3 0 +4.982014209e+05 +4.981875709e+05 +4.981875709e+05 -1.3081e+00 +1.6209e+00 +1.6209e+00 +1.6209e+00 +1.6209e+00
5 0 +4.329338196e+05 +4.329199696e+05 +4.329199696e+05 +2.9289e+00 +0.0000e+00 +0.0000e+00 +0.0000e+00 +0.0000e+00
15 0 +2.522069692e+05 +2.521931192e+05 +2.521931192e+05 +1.6209e+00 +1.6209e+00 -1.3081e+00 +1.6209e+00 +1.6209e+00
21 0 +1.780685012e+05 +1.780546512e+05 +1.780546512e+05 +1.6209e+00 +1.6209e+00 +1.6209e+00 -1.3081e+00 +1.6209e+00
30 0 +9.773895468e+04 +9.772510468e+04 +9.772510468e+04 +1.6209e+00 +1.6209e+00 +1.6209e+00 +1.6209e+00 +4.5498e+00
242 0 +8.016353285e+04 +8.014968285e+04 +8.014968285e+04 +3.4643e+00 -2.9737e+00 +7.5049e+00 -1.5010e+00 +1.5010e+00
248 0 +7.936445669e+04 +7.935060669e+04 +7.935060669e+04 +3.4643e+00 -2.9737e+00 +8.0052e+00 -1.5010e+00 +1.5010e+00
252 0 +3.365055116e+04 +3.363670116e+04 +3.363670116e+04 +3.4643e+00 -2.9737e+00 +8.0052e+00 -2.0013e+00 +2.0013e+00
260 0 +2.759432886e+04 +2.758047886e+04 +2.758047886e+04 +3.4643e+00 -2.9737e+00 +8.0052e+00 -1.5010e+00 +2.0013e+00
272 0 +1.763658379e+04 +1.762273379e+04 +1.762273379e+04 +3.4643e+00 -2.9737e+00 +8.0052e+00 -1.0006e+00 +2.5016e+00
280 0 +1.248649435e+04 +1.247264435e+04 +1.247264435e+04 +3.4643e+00 -2.9737e+00 +8.0052e+00 -5.0032e-01 +2.5016e+00
309 0 +1.107477229e+04 +1.106092229e+04 +1.106092229e+04 +3.4643e+00 -2.9737e+00 +8.0052e+00 -2.5016e-01 +2.5016e+00
314 0 +7.539503408e+03 +7.525653408e+03 +7.525653408e+03 +3.7144e+00 -2.9737e+00 +8.0052e+00 -2.5016e-01 +2.7518e+00
319 0 +6.668975191e+03 +6.655125191e+03 +6.655125191e+03 +3.7144e+00 -2.9737e+00 +8.0052e+00 -5.0032e-01 +2.7518e+00
322 0 +6.223936838e+03 +6.210086838e+03 +6.210086838e+03 +3.7144e+00 -2.9737e+00 +8.0052e+00 -5.0032e-01 +3.0019e+00
330 0 +4.234746595e+03 +4.220896595e+03 +4.220896595e+03 +3.7144e+00 -2.9737e+00 +8.0052e+00 -2.5016e-01 +3.0019e+00
340 0 +3.416810423e+03 +3.402960423e+03 +3.402960423e+03 +3.7144e+00 -2.9737e+00 +8.0052e+00 -2.2204e-16 +3.0019e+00
362 0 +3.123443062e+03 +3.109593062e+03 +3.109593062e+03 +3.7144e+00 -2.9737e+00 +8.0052e+00 +1.2508e-01 +3.1270e+00
370 0 +2.583542828e+03 +2.569692828e+03 +2.569692828e+03 +3.7144e+00 -2.9737e+00 +8.0052e+00 +2.5016e-01 +3.1270e+00
380 0 +2.223251957e+03 +2.209401957e+03 +2.209401957e+03 +3.7144e+00 -2.9737e+00 +8.0052e+00 +3.7524e-01 +3.1270e+00
403 0 +1.750002729e+03 +1.736152729e+03 +1.736152729e+03 +3.6519e+00 -2.9737e+00 +8.0052e+00 +5.0032e-01 +3.1270e+00
410 0 +1.482495617e+03 +1.468645617e+03 +1.468645617e+03 +3.6519e+00 -2.9737e+00 +8.0052e+00 +5.6287e-01 +3.1270e+00
420 0 +1.270314388e+03 +1.256464388e+03 +1.256464388e+03 +3.6519e+00 -2.9737e+00 +8.0052e+00 +6.2541e-01 +3.1270e+00
430 0 +1.134884467e+03 +1.121034467e+03 +1.121034467e+03 +3.6519e+00 -2.9737e+00 +8.0052e+00 +6.8795e-01 +3.1270e+00
440 0 +1.086553092e+03 +1.072703092e+03 +1.072703092e+03 +3.6519e+00 -2.9737e+00 +8.0052e+00 +7.5049e-01 +3.1270e+00
442 0 +9.768281254e+02 +9.629781254e+02 +9.629781254e+02 +3.6519e+00 -2.9737e+00 +8.0052e+00 +7.5049e-01 +3.1896e+00
450 0 +8.296645425e+02 +8.158145425e+02 +8.158145425e+02 +3.6519e+00 -2.9737e+00 +8.0052e+00 +8.1303e-01 +3.1896e+00
460 0 +7.699018175e+02 +7.560518175e+02 +7.560518175e+02 +3.6519e+00 -2.9737e+00 +8.0052e+00 +8.7557e-01 +3.1896e+00
483 0 +6.994794250e+02 +6.856294250e+02 +6.856294250e+02 +3.5893e+00 -2.9737e+00 +8.0365e+00 +9.0684e-01 +3.1896e+00
497 0 +6.277587412e+02 +6.139087412e+02 +6.139087412e+02 +3.5893e+00 -2.9737e+00 +8.0365e+00 +9.3811e-01 +3.1896e+00
510 0 +5.227816310e+02 +5.089316310e+02 +5.089316310e+02 +3.5893e+00 -2.9737e+00 +8.0365e+00 +1.0006e+00 +3.1896e+00
520 0 +5.002598966e+02 +4.864098966e+02 +4.864098966e+02 +3.5893e+00 -2.9737e+00 +8.0365e+00 +1.0319e+00 +3.1896e+00
540 0 +4.390399774e+02 +4.251899774e+02 +4.251899774e+02 +3.5893e+00 -2.9737e+00 +8.0052e+00 +1.0945e+00 +3.1896e+00
560 0 +3.965686204e+02 +3.827186204e+02 +3.827186204e+02 +3.5893e+00 -2.9737e+00 +8.0052e+00 +1.1570e+00 +3.1896e+00
620 0 +3.456849307e+02 +3.318349307e+02 +3.318349307e+02 +3.5893e+00 -2.9737e+00 +7.9896e+00 +1.2195e+00 +3.2052e+00
652 0 +3.094675920e+02 +2.956175920e+02 +2.956175920e+02 +3.5893e+00 -2.9737e+00 +7.9896e+00 +1.2664e+00 +3.2208e+00
680 0 +2.795048777e+02 +2.656548777e+02 +2.656548777e+02 +3.5893e+00 -2.9737e+00 +7.9896e+00 +1.3134e+00 +3.2208e+00
710 0 +2.510856198e+02 +2.372356198e+02 +2.372356198e+02 +3.5893e+00 -2.9737e+00 +7.9896e+00 +1.3603e+00 +3.2365e+00
720 0 +2.229584503e+02 +2.091084503e+02 +2.091084503e+02 +3.5893e+00 -2.9737e+00 +7.9739e+00 +1.3759e+00 +3.2365e+00
760 0 +1.927806656e+02 +1.789306656e+02 +1.789306656e+02 +3.5893e+00 -2.9737e+00 +7.9739e+00 +1.4384e+00 +3.2521e+00
802 0 +1.763097061e+02 +1.624597061e+02 +1.624597061e+02 +3.5815e+00 -2.9737e+00 +7.9739e+00 +1.4697e+00 +3.2521e+00
880 0 +1.573087831e+02 +1.434587831e+02 +1.434587831e+02 +3.5776e+00 -2.9737e+00 +7.9661e+00 +1.5205e+00 +3.2521e+00
1010 0 +1.411999529e+02 +1.273499529e+02 +1.273499529e+02 +3.5776e+00 -2.9737e+00 +7.9622e+00 +1.5713e+00 +3.2599e+00
14654 0 +1.258925118e+02 +1.120425118e+02 +1.120425118e+02 +3.6419e+00 -2.9727e+00 +7.8667e+00 +1.6808e+00 +3.2913e+00
50000 0 +1.191743939e+02 +1.053243939e+02 +1.053243939e+02 +3.7429e+00 -2.9263e+00 +7.6508e+00 +1.6960e+00 +3.3220e+00
% f evaluations | g evaluations | best noise-free fitness - Fopt (1.222300000000e+02) + sum g_i+ | measured fitness | best measured fitness or single-digit g-values | x1 | x2...
1 0 +6.114473648e+06 +6.114595878e+06 +6.114595878e+06 +0.0000e+00 +0.0000e+00 +0.0000e+00 +0.0000e+00 +0.0000e+00
2 0 +3.569551318e+06 +3.569673548e+06 +3.569673548e+06 -2.9289e+00 +0.0000e+00 +0.0000e+00 +0.0000e+00 +0.0000e+00
4 0 +2.149132903e+05 +2.150355203e+05 +2.150355203e+05 -4.5498e+00 -1.6209e+00 -1.6209e+00 -1.6209e+00 -1.6209e+00
10 0 +9.528520737e+04 +9.540743737e+04 +9.540743737e+04 -1.6209e+00 -4.5498e+00 -1.6209e+00 -1.6209e+00 -1.6209e+00
170 0 +2.332329739e+04 +2.344552739e+04 +2.344552739e+04 -2.0013e+00 -2.0013e+00 -1.0035e+00 +1.5779e+00 -1.0006e+00
175 0 +7.364142870e+03 +7.486372870e+03 +7.486372870e+03 -2.0013e+00 -3.0019e+00 -1.0035e+00 +1.5779e+00 -1.0006e+00
206 0 +4.063656249e+03 +4.185886249e+03 +4.185886249e+03 -2.2515e+00 -2.7518e+00 -1.0035e+00 +1.5779e+00 -1.0006e+00
216 0 +3.011861542e+03 +3.134091542e+03 +3.134091542e+03 -2.2515e+00 -2.5016e+00 -1.0035e+00 +1.5779e+00 -1.0006e+00
243 0 +2.738838646e+03 +2.861068646e+03 +2.861068646e+03 -2.3140e+00 -2.5016e+00 -1.0035e+00 +1.5779e+00 -1.0006e+00
266 0 +2.444134733e+03 +2.566364733e+03 +2.566364733e+03 -2.3765e+00 -2.3140e+00 -1.0035e+00 +1.5779e+00 -1.0006e+00
651 0 +2.237373157e+03 +2.359603157e+03 +2.359603157e+03 -2.3531e+00 -2.1655e+00 -9.9565e-01 +1.5114e+00 -1.0984e+00
789 0 +1.992607925e+03 +2.114837925e+03 +2.114837925e+03 -2.3570e+00 -2.1107e+00 -9.8783e-01 +1.4567e+00 -1.1492e+00
876 0 +1.776928346e+03 +1.899158346e+03 +1.899158346e+03 -2.3570e+00 -2.0756e+00 -9.8783e-01 +1.4254e+00 -1.1844e+00
949 0 +1.581461177e+03 +1.703691177e+03 +1.703691177e+03 -2.3609e+00 -2.0482e+00 -9.8393e-01 +1.3942e+00 -1.2117e+00
1019 0 +1.405724633e+03 +1.527954633e+03 +1.527954633e+03 -2.3609e+00 -2.0208e+00 -9.8002e-01 +1.3668e+00 -1.2391e+00
1089 0 +1.251593060e+03 +1.373823060e+03 +1.373823060e+03 -2.3570e+00 -1.9935e+00 -9.8002e-01 +1.3394e+00 -1.2664e+00
1159 0 +1.119186867e+03 +1.241416867e+03 +1.241416867e+03 -2.3609e+00 -1.9661e+00 -9.7611e-01 +1.3121e+00 -1.2938e+00
1249 0 +9.985143804e+02 +1.120744380e+03 +1.120744380e+03 -2.3609e+00 -1.9309e+00 -9.7220e-01 +1.2769e+00 -1.3290e+00
1466 0 +8.892728182e+02 +1.011502818e+03 +1.011502818e+03 -2.3687e+00 -1.8449e+00 -9.7220e-01 +1.2105e+00 -1.3876e+00
2706 0 +7.939602504e+02 +9.161902504e+02 +9.161902504e+02 -2.2847e+00 -1.4404e+00 -9.7415e-01 +1.3629e+00 -1.4541e+00
3311 0 +7.059691220e+02 +8.281991220e+02 +8.281991220e+02 -2.2749e+00 -1.3231e+00 -9.6829e-01 +1.3062e+00 -1.5322e+00
3456 0 +6.308950597e+02 +7.531250597e+02 +7.531250597e+02 -2.2769e+00 -1.2938e+00 -9.6634e-01 +1.2789e+00 -1.5596e+00
3571 0 +5.619736350e+02 +6.842036350e+02 +6.842036350e+02 -2.2769e+00 -1.2723e+00 -9.6438e-01 +1.2554e+00 -1.5831e+00
3686 0 +5.009780041e+02 +6.232080041e+02 +6.232080041e+02 -2.2808e+00 -1.2489e+00 -9.6047e-01 +1.2339e+00 -1.6046e+00
3831 0 +4.465533503e+02 +5.687833503e+02 +5.687833503e+02 -2.2788e+00 -1.2215e+00 -9.5852e-01 +1.2046e+00 -1.6339e+00
4149 0 +3.978710657e+02 +5.201010657e+02 +5.201010657e+02 -2.2827e+00 -1.1590e+00 -9.5656e-01 +1.1499e+00 -1.6808e+00
4406 0 +3.546530192e+02 +4.768830192e+02 +4.768830192e+02 -2.2808e+00 -1.1081e+00 -9.5266e-01 +1.1108e+00 -1.7257e+00
4656 0 +3.160393478e+02 +4.382693478e+02 +4.382693478e+02 -2.2808e+00 -1.0593e+00 -9.4875e-01 +1.0717e+00 -1.7668e+00
5066 0 +2.818146263e+02 +4.040446263e+02 +4.040446263e+02 -2.2866e+00 -9.7915e-01 -9.4875e-01 +1.0307e+00 -1.8078e+00
7496 0 +2.511034005e+02 +3.733334005e+02 +3.733334005e+02 -2.2270e+00 -7.2313e-01 -9.4875e-01 +1.1401e+00 -1.8498e+00
9476 0 +2.238637261e+02 +3.460937261e+02 +3.460937261e+02 -2.1811e+00 -5.2964e-01 -9.4875e-01 +1.2359e+00 -1.8743e+00
10776 0 +1.994334507e+02 +3.216634507e+02 +3.216634507e+02 -2.1489e+00 -4.0260e-01 -9.4875e-01 +1.3004e+00 -1.8909e+00
11766 0 +1.777622224e+02 +2.999922224e+02 +2.999922224e+02 -2.1264e+00 -3.0586e-01 -9.4875e-01 +1.3453e+00 -1.9046e+00
12626 0 +1.583867293e+02 +2.806167293e+02 +2.806167293e+02 -2.1049e+00 -2.2182e-01 -9.4875e-01 +1.3903e+00 -1.9143e+00
13396 0 +1.411405387e+02 +2.633705387e+02 +2.633705387e+02 -2.0883e+00 -1.4658e-01 -9.4875e-01 +1.4225e+00 -1.9261e+00
14146 0 +1.258360293e+02 +2.480660293e+02 +2.480660293e+02 -2.0707e+00 -7.3290e-02 -9.4875e-01 +1.4567e+00 -1.9368e+00
14926 0 +1.121003522e+02 +2.343303522e+02 +2.343303522e+02 -2.0531e+00 +2.9316e-03 -9.4875e-01 +1.4899e+00 -1.9485e+00
15806 0 +9.988742227e+01 +2.221174223e+02 +2.221174223e+02 -2.0326e+00 +8.8925e-02 -9.4875e-01 +1.5300e+00 -1.9612e+00
16824 0 +8.911455580e+01 +2.113445558e+02 +2.113445558e+02 -2.0120e+00 +1.8762e-01 -9.4875e-01 +1.5603e+00 -1.9827e+00
17126 0 +7.935456947e+01 +2.015845695e+02 +2.015845695e+02 -2.0150e+00 +2.1791e-01 -9.4875e-01 +1.5368e+00 -2.0023e+00
27556 0 +7.079448610e+01 +1.930244861e+02 +1.930244861e+02 -1.9551e+00 +4.7773e-01 -9.4875e-01 +1.6523e+00 -2.0417e+00
37826 0 +6.308642756e+01 +1.853164276e+02 +1.853164276e+02 -1.9169e+00 +6.0317e-01 -9.4117e-01 +1.7297e+00 -2.0675e+00
41021 0 +5.622660390e+01 +1.784566039e+02 +1.784566039e+02 -1.8965e+00 +6.4214e-01 -9.2786e-01 +1.7688e+00 -2.0913e+00
43416 0 +5.010811431e+01 +1.723381143e+02 +1.723381143e+02 -1.8810e+00 +6.7146e-01 -9.1772e-01 +1.7980e+00 -2.1096e+00
45526 0 +4.466826475e+01 +1.668982647e+02 +1.668982647e+02 -1.8678e+00 +6.9723e-01 -9.0941e-01 +1.8238e+00 -2.1244e+00
47530 0 +3.980970355e+01 +1.620397036e+02 +1.620397036e+02 -1.8553e+00 +7.2166e-01 -9.0184e-01 +1.8483e+00 -2.1377e+00
49541 0 +3.547967666e+01 +1.577096767e+02 +1.577096767e+02 -1.8431e+00 +7.4621e-01 -8.9439e-01 +1.8729e+00 -2.1509e+00
50000 0 +3.456181636e+01 +1.567918164e+02 +1.567918164e+02 -1.8402e+00 +7.5183e-01 -8.9256e-01 +1.8785e+00 -2.1542e+00
% f evaluations | g evaluations | best noise-free fitness - Fopt (-4.114000000000e+02) + sum g_i+ | measured fitness | best measured fitness or single-digit g-values | x1 | x2...
1 0 +3.465317724e+06 +3.464906324e+06 +3.464906324e+06 +0.0000e+00 +0.0000e+00 +0.0000e+00 +0.0000e+00 +0.0000e+00
3 0 +9.186641290e+04 +9.145501290e+04 +9.145501290e+04 -1.3081e+00 +1.6209e+00 +1.6209e+00 +1.6209e+00 +1.6209e+00
194 0 +5.305214550e+04 +5.264074550e+04 +5.264074550e+04 +4.1946e+00 -1.0494e+00 +4.0026e+00 -2.4636e+00 +2.8870e+00
199 0 +3.498082397e+04 +3.456942397e+04 +3.456942397e+04 +4.1946e+00 -1.0494e+00 +3.0019e+00 -3.4643e+00 +2.8870e+00
207 0 +2.572619883e+04 +2.531479883e+04 +2.531479883e+04 +4.1946e+00 -1.0494e+00 +2.0013e+00 -3.4643e+00 +2.8870e+00
227 0 +2.419016917e+04 +2.377876917e+04 +2.377876917e+04 +4.6949e+00 -1.0494e+00 +1.5010e+00 -3.4643e+00 +2.8870e+00
248 0 +2.237442918e+04 +2.196302918e+04 +2.196302918e+04 +4.4448e+00 -1.0494e+00 +1.7511e+00 -3.4643e+00 +2.8870e+00
400 0 +1.992758319e+04 +1.951618319e+04 +1.951618319e+04 +4.2415e+00 -9.8690e-01 +1.3759e+00 -3.8708e+00 +2.8401e+00
477 0 +1.776548677e+04 +1.735408677e+04 +1.735408677e+04 +4.1164e+00 -8.6182e-01 +1.2508e+00 -3.7613e+00 +2.7150e+00
550 0 +1.583734346e+04 +1.542594346e+04 +1.542594346e+04 +4.0070e+00 -7.6801e-01 +1.1414e+00 -3.6362e+00 +2.6212e+00
611 0 +1.409223690e+04 +1.368083690e+04 +1.368083690e+04 +3.9132e+00 -6.7420e-01 +1.0476e+00 -3.5424e+00 +2.5118e+00
667 0 +1.258460458e+04 +1.217320458e+04 +1.217320458e+04 +3.8194e+00 -5.8039e-01 +9.5374e-01 -3.4643e+00 +2.4336e+00
727 0 +1.117111919e+04 +1.075971919e+04 +1.075971919e+04 +3.7255e+00 -5.0221e-01 +8.5993e-01 -3.4017e+00 +2.3554e+00
781 0 +9.919858440e+03 +9.508458440e+03 +9.508458440e+03 +3.6474e+00 -4.3967e-01 +7.8176e-01 -3.3235e+00 +2.2773e+00
827 0 +8.894854222e+03 +8.483454222e+03 +8.483454222e+03 +3.5692e+00 -3.6150e-01 +7.0358e-01 -3.2610e+00 +2.2147e+00
881 0 +7.843066288e+03 +7.431666288e+03 +7.431666288e+03 +3.5067e+00 -2.9895e-01 +6.2541e-01 -3.1672e+00 +2.1365e+00
931 0 +7.026506187e+03 +6.615106187e+03 +6.615106187e+03 +3.4285e+00 -2.3641e-01 +5.4723e-01 -3.1203e+00 +2.0740e+00
991 0 +6.268242159e+03 +5.856842159e+03 +5.856842159e+03 +3.3503e+00 -1.7387e-01 +4.5342e-01 -3.0734e+00 +2.0115e+00
1047 0 +5.600925807e+03 +5.189525807e+03 +5.189525807e+03 +3.2721e+00 -9.5698e-02 +3.5961e-01 -3.0108e+00 +1.9489e+00
1129 0 +5.004946269e+03 +4.593546269e+03 +4.593546269e+03 +3.1783e+00 -4.8793e-02 +2.3453e-01 -3.0265e+00 +1.8864e+00
1221 0 +4.458047675e+03 +4.046647675e+03 +4.046647675e+03 +3.0845e+00 +1.3748e-02 +9.3811e-02 -3.0421e+00 +1.8238e+00
1396 0 +3.978428140e+03 +3.567028140e+03 +3.567028140e+03 +2.9594e+00 +6.0653e-02 -1.2508e-01 -3.1828e+00 +1.7848e+00
1501 0 +3.539151628e+03 +3.127751628e+03 +3.127751628e+03 +2.8891e+00 +1.2319e-01 -2.1107e-01 -3.1203e+00 +1.7144e+00
1597 0 +3.149118560e+03 +2.737718560e+03 +2.737718560e+03 +2.8187e+00 +1.8573e-01 -2.8925e-01 -3.0734e+00 +1.6597e+00
1676 0 +2.816594305e+03 +2.405194305e+03 +2.405194305e+03 +2.7640e+00 +2.3264e-01 -3.4397e-01 -3.0343e+00 +1.6128e+00
1747 0 +2.508411465e+03 +2.097011465e+03 +2.097011465e+03 +2.7249e+00 +2.6391e-01 -4.0651e-01 -2.9952e+00 +1.5737e+00
1800 0 +2.226490807e+03 +1.815090807e+03 +1.815090807e+03 +2.6858e+00 +3.0300e-01 -4.4560e-01 -2.9639e+00 +1.5424e+00
1851 0 +1.989549504e+03 +1.578149504e+03 +1.578149504e+03 +2.6545e+00 +3.2645e-01 -4.8469e-01 -2.9483e+00 +1.5111e+00
1897 0 +1.769261556e+03 +1.357861556e+03 +1.357861556e+03 +2.6233e+00 +3.5772e-01 -5.2378e-01 -2.9248e+00 +1.4877e+00
1936 0 +1.579443231e+03 +1.168043231e+03 +1.168043231e+03 +2.5920e+00 +3.8117e-01 -5.4723e-01 -2.9092e+00 +1.4642e+00
1967 0 +1.403740417e+03 +9.923404171e+02 +9.923404171e+02 +2.5685e+00 +3.9681e-01 -5.7850e-01 -2.8858e+00 +1.4408e+00
2007 0 +1.257170174e+03 +8.457701740e+02 +8.457701740e+02 +2.5451e+00 +4.2026e-01 -6.0977e-01 -2.8779e+00 +1.4251e+00
2037 0 +1.112266025e+03 +7.008660249e+02 +7.008660249e+02 +2.5216e+00 +4.4371e-01 -6.3322e-01 -2.8545e+00 +1.4017e+00
2087 0 +9.947653407e+02 +5.833653407e+02 +5.833653407e+02 +2.4982e+00 +4.5935e-01 -6.7231e-01 -2.8545e+00 +1.3861e+00
2130 0 +8.907019723e+02 +4.793019723e+02 +4.793019723e+02 +2.4747e+00 +4.7498e-01 -7.0358e-01 -2.8467e+00 +1.3704e+00
2187 0 +7.911895864e+02 +3.797895864e+02 +3.797895864e+02 +2.4435e+00 +4.9062e-01 -7.5049e-01 -2.8701e+00 +1.3548e+00
2231 0 +6.945742793e+02 +2.831742793e+02 +2.831742793e+02 +2.4200e+00 +5.0626e-01 -7.8176e-01 -2.8623e+00 +1.3313e+00
2301 0 +6.304753347e+02 +2.190753347e+02 +2.190753347e+02 +2.4005e+00 +5.2189e-01 -8.1303e-01 -2.8623e+00 +1.3157e+00
2377 0 +5.604738426e+02 +1.490738426e+02 +1.490738426e+02 +2.3692e+00 +5.4534e-01 -8.4430e-01 -2.8506e+00 +1.2962e+00
2441 0 +4.982523947e+02 +8.685239470e+01 +8.685239470e+01 +2.3536e+00 +5.6489e-01 -8.5212e-01 -2.8310e+00 +1.2688e+00
2540 0 +4.456058090e+02 +3.420580902e+01 +3.420580902e+01 +2.3184e+00 +5.8834e-01 -8.8729e-01 -2.8232e+00 +1.2492e+00
2701 0 +3.947836577e+02 -1.661634227e+01 -1.661634227e+01 +2.2793e+00 +6.0397e-01 -9.3811e-01 -2.8545e+00 +1.2297e+00
2811 0 +3.546941319e+02 -5.670586813e+01 -5.670586813e+01 +2.2480e+00 +6.2352e-01 -9.8111e-01 -2.8584e+00 +1.2102e+00
2961 0 +3.152855424e+02 -9.611445762e+01 -9.611445762e+01 +2.2128e+00 +6.3915e-01 -1.0397e+00 -2.8858e+00 +1.1945e+00
3049 0 +2.816814432e+02 -1.297185568e+02 -1.297185568e+02 +2.1855e+00 +6.5479e-01 -1.0749e+00 -2.8897e+00 +1.1789e+00
3140 0 +2.502923287e+02 -1.611076713e+02 -1.611076713e+02 +2.1620e+00 +6.7042e-01 -1.1101e+00 -2.8936e+00 +1.1672e+00
3210 0 +2.231143784e+02 -1.882856216e+02 -1.882856216e+02 +2.1425e+00 +6.8215e-01 -1.1375e+00 -2.8975e+00 +1.1554e+00
3301 0 +1.972419907e+02 -2.141580093e+02 -2.141580093e+02 +2.1229e+00 +6.8997e-01 -1.1726e+00 -2.9170e+00 +1.1437e+00
3457 0 +1.774084224e+02 -2.339915776e+02 -2.339915776e+02 +2.0956e+00 +6.9388e-01 -1.2274e+00 -2.9678e+00 +1.1398e+00
3601 0 +1.579436756e+02 -2.534563244e+02 -2.534563244e+02 +2.0741e+00 +7.0365e-01 -1.2586e+00 -2.9835e+00 +1.1300e+00
3720 0 +1.410612155e+02 -2.703387845e+02 -2.703387845e+02 +2.0565e+00 +7.1733e-01 -1.2821e+00 -2.9776e+00 +1.1183e+00
3951 0 +1.258664179e+02 -2.855335821e+02 -2.855335821e+02 +2.0330e+00 +7.2906e-01 -1.3192e+00 -2.9913e+00 +1.1046e+00
4227 0 +1.122017754e+02 -2.991982246e+02 -2.991982246e+02 +2.0125e+00 +7.4713e-01 -1.3373e+00 -2.9762e+00 +1.0870e+00
4566 0 +9.997499088e+01 -3.114250091e+02 -3.114250091e+02 +1.9959e+00 +7.6228e-01 -1.3534e+00 -2.9595e+00 +1.0714e+00
4931 0 +8.910827294e+01 -3.222917271e+02 -3.222917271e+02 +1.9793e+00 +7.7889e-01 -1.3715e+00 -2.9415e+00 +1.0543e+00
7457 0 +7.942837530e+01 -3.319716247e+02 -3.319716247e+02 +1.9212e+00 +7.8769e-01 -1.4853e+00 -3.0480e+00 +1.0460e+00
8799 0 +7.076125695e+01 -3.406387431e+02 -3.406387431e+02 +1.8918e+00 +7.8964e-01 -1.5479e+00 -3.1110e+00 +1.0435e+00
9749 0 +6.308503857e+01 -3.483149614e+02 -3.483149614e+02 +1.8718e+00 +7.8964e-01 -1.5899e+00 -3.1574e+00 +1.0435e+00
10559 0 +5.615877269e+01 -3.552412273e+02 -3.552412273e+02 +1.8552e+00 +7.8964e-01 -1.6256e+00 -3.1970e+00 +1.0435e+00
11319 0 +5.011764977e+01 -3.612823502e+02 -3.612823502e+02 +1.8396e+00 +7.8964e-01 -1.6588e+00 -3.2341e+00 +1.0435e+00
12189 0 +4.466255245e+01 -3.667374476e+02 -3.667374476e+02 +1.8215e+00 +7.8964e-01 -1.6959e+00 -3.2766e+00 +1.0435e+00
13399 0 +3.980386357e+01 -3.715961364e+02 -3.715961364e+02 +1.7980e+00 +7.8866e-01 -1.7438e+00 -3.3358e+00 +1.0445e+00
24453 0 +3.548078903e+01 -3.759192110e+02 -3.759192110e+02 +1.7394e+00 +7.7126e-01 -1.8109e+00 -3.4644e+00 +1.0770e+00
39609 0 +3.162130825e+01 -3.797786918e+02 -3.797786918e+02 +1.6494e+00 +7.6155e-01 -1.8426e+00 -3.5570e+00 +1.1192e+00
46529 0 +2.818274469e+01 -3.832172553e+02 -3.832172553e+02 +1.6071e+00 +7.5684e-01 -1.8555e+00 -3.5992e+00 +1.1395e+00
50000 0 +2.653548136e+01 -3.848645186e+02 -3.848645186e+02 +1.5859e+00 +7.5428e-01 -1.8613e+00 -3.6204e+00 +1.1500e+00
% f evaluations | g evaluations | best noise-free fitness - Fopt (1.000000000000e+03) + sum g_i+ | measured fitness | best measured fitness or single-digit g-values | x1 | x2...
1 0 +6.113060544e+06 +6.114060544e+06 +6.114060544e+06 +0.0000e+00 +0.0000e+00 +0.0000e+00 +0.0000e+00 +0.0000e+00
4 0 +4.343949358e+06 +4.344949358e+06 +4.344949358e+06 -4.5498e+00 -1.6209e+00 -1.6209e+00 -1.6209e+00 -1.6209e+00
7 0 +2.783360610e+06 +2.784360610e+06 +2.784360610e+06 +1.3081e+00 -1.6209e+00 -1.6209e+00 -1.6209e+00 -1.6209e+00
17 0 +2.308144908e+06 +2.309144908e+06 +2.309144908e+06 +0.0000e+00 +0.0000e+00 +2.9289e+00 +0.0000e+00 +0.0000e+00
19 0 +4.732092391e+05 +4.742092391e+05 +4.742092391e+05 -1.6209e+00 -1.6209e+00 +1.3081e+00 -1.6209e+00 -1.6209e+00
26 0 +3.395734024e+05 +3.405734024e+05 +3.405734024e+05 +0.0000e+00 +0.0000e+00 +0.0000e+00 +0.0000e+00 -2.9289e+00
171 0 +2.142146365e+05 +2.152146365e+05 +2.152146365e+05 +2.0013e+00 -2.0013e+00 +2.0013e+00 -2.0013e+00 -1.5807e+00
175 0 +1.225533489e+05 +1.235533489e+05 +1.235533489e+05 +1.0006e+00 -3.0019e+00 +2.0013e+00 -2.0013e+00 -1.5807e+00
185 0 +3.843404860e+04 +3.943404860e+04 +3.943404860e+04 +1.0006e+00 -4.0026e+00 +2.0013e+00 -1.0006e+00 -1.5807e+00
190 0 +3.485372919e+04 +3.585372919e+04 +3.585372919e+04 +1.0006e+00 -4.0026e+00 +2.0013e+00 +0.0000e+00 -1.5807e+00
195 0 +2.325571722e+04 +2.425571722e+04 +2.425571722e+04 +1.0006e+00 -5.0032e+00 +2.0013e+00 +0.0000e+00 -1.5807e+00
200 0 +2.104424494e+04 +2.204424494e+04 +2.204424494e+04 +1.0006e+00 -5.0032e+00 +2.0013e+00 +1.0006e+00 -1.5807e+00
204 0 +1.949253968e+04 +2.049253968e+04 +2.049253968e+04 +2.0013e+00 -5.0032e+00 +2.0013e+00 +1.0006e+00 -1.5807e+00
210 0 +1.417031922e+04 +1.517031922e+04 +1.517031922e+04 +2.0013e+00 -5.0032e+00 +2.0013e+00 +2.0013e+00 -1.5807e+00
220 0 +1.280452076e+04 +1.380452076e+04 +1.380452076e+04 +2.0013e+00 -5.0032e+00 +2.0013e+00 +3.0019e+00 -1.5807e+00
224 0 +1.213627795e+04 +1.313627795e+04 +1.313627795e+04 +3.0019e+00 -5.0032e+00 +2.0013e+00 +3.0019e+00 -1.5807e+00
230 0 +8.456610439e+03 +9.456610439e+03 +9.456610439e+03 +3.0019e+00 -5.0032e+00 +2.0013e+00 +4.0026e+00 -1.5807e+00
246 0 +6.716198308e+03 +7.716198308e+03 +7.716198308e+03 +3.0019e+00 -4.5029e+00 +2.0013e+00 +4.0026e+00 -1.5807e+00
264 0 +6.275671776e+03 +7.275671776e+03 +7.275671776e+03 +3.2521e+00 -4.5029e+00 +2.0013e+00 +4.0026e+00 -1.5807e+00
270 0 +5.385387736e+03 +6.385387736e+03 +6.385387736e+03 +3.2521e+00 -4.7531e+00 +2.0013e+00 +4.2528e+00 -1.5807e+00
290 0 +4.763519071e+03 +5.763519071e+03 +5.763519071e+03 +3.5023e+00 -4.7531e+00 +2.0013e+00 +4.7531e+00 -1.5807e+00
310 0 +4.429440589e+03 +5.429440589e+03 +5.429440589e+03 +3.5023e+00 -4.7531e+00 +2.0013e+00 +5.2534e+00 -1.5807e+00
320 0 +3.760291221e+03 +4.760291221e+03 +4.760291221e+03 +3.7524e+00 -4.5029e+00 +2.0013e+00 +5.5036e+00 -1.5807e+00
330 0 +3.095022519e+03 +4.095022519e+03 +4.095022519e+03 +4.0026e+00 -4.5029e+00 +2.0013e+00 +5.7537e+00 -1.5807e+00
350 0 +2.661686142e+03 +3.661686142e+03 +3.661686142e+03 +4.2528e+00 -4.5029e+00 +2.0013e+00 +6.2541e+00 -1.5807e+00
365 0 +2.477614881e+03 +3.477614881e+03 +3.477614881e+03 +4.2528e+00 -4.6280e+00 +2.0013e+00 +6.2541e+00 -1.5807e+00
1303 0 +2.238044121e+03 +3.238044121e+03 +3.238044121e+03 +3.9479e+00 -4.5889e+00 +1.9505e+00 +6.3010e+00 -1.6393e+00
2583 0 +1.993796674e+03 +2.993796674e+03 +2.993796674e+03 +3.4475e+00 -4.5967e+00 +1.9114e+00 +6.2306e+00 -1.7097e+00
3587 0 +1.775358107e+03 +2.775358107e+03 +2.775358107e+03 +3.0567e+00 -4.6006e+00 +1.8801e+00 +6.3361e+00 -1.7683e+00
5913 0 +1.584237210e+03 +2.584237210e+03 +2.584237210e+03 +2.1459e+00 -4.7414e+00 +2.0287e+00 +6.2697e+00 -1.7840e+00
8750 0 +1.412418169e+03 +2.412418169e+03 +2.412418169e+03 +1.0436e+00 -4.9446e+00 +2.2515e+00 +6.2345e+00 -1.7840e+00
11167 0 +1.257830404e+03 +2.257830404e+03 +2.257830404e+03 +4.8860e-01 -4.9622e+00 +2.2261e+00 +6.0821e+00 -1.8465e+00
13547 0 +1.121759303e+03 +2.121759303e+03 +2.121759303e+03 +2.3453e-02 -4.9485e+00 +2.1537e+00 +5.8866e+00 -1.9208e+00
16493 0 +9.998677977e+02 +1.999867798e+03 +1.999867798e+03 -5.5309e-01 -4.9661e+00 +2.1283e+00 +5.7596e+00 -1.9872e+00
20243 0 +8.910191560e+02 +1.891019156e+03 +1.891019156e+03 -1.2860e+00 -5.0384e+00 +2.1772e+00 +5.6638e+00 -2.0322e+00
24913 0 +7.943060598e+02 +1.794306060e+03 +1.794306060e+03 -2.1987e+00 -5.1635e+00 +2.2964e+00 +5.5329e+00 -2.0595e+00
28923 0 +7.078705577e+02 +1.707870558e+03 +1.707870558e+03 -2.9765e+00 -5.2573e+00 +2.3765e+00 +5.4019e+00 -2.0928e+00
32428 0 +6.308878790e+02 +1.630887879e+03 +1.630887879e+03 -3.6547e+00 -5.3394e+00 +2.4469e+00 +5.2827e+00 -2.1221e+00
35577 0 +5.623130176e+02 +1.562313018e+03 +1.562313018e+03 -4.2703e+00 -5.4215e+00 +2.5212e+00 +5.1909e+00 -2.1436e+00
38283 0 +5.011628854e+02 +1.501162885e+03 +1.501162885e+03 -4.8000e+00 -5.4879e+00 +2.5818e+00 +5.1088e+00 -2.1631e+00
41007 0 +4.463130907e+02 +1.446313091e+03 +1.446313091e+03 -5.3277e+00 -5.5661e+00 +2.6580e+00 +5.0482e+00 -2.1768e+00
43539 0 +3.980923663e+02 +1.398092366e+03 +1.398092366e+03 -5.6521e+00 -5.5847e+00 +2.6570e+00 +4.9622e+00 -2.2061e+00
45913 0 +3.546778916e+02 +1.354677892e+03 +1.354677892e+03 -5.8847e+00 -5.5759e+00 +2.6199e+00 +4.8576e+00 -2.2442e+00
48307 0 +3.159025010e+02 +1.315902501e+03 +1.315902501e+03 -6.1172e+00 -5.5681e+00 +2.5818e+00 +4.7511e+00 -2.2814e+00
50000 0 +2.945027467e+02 +1.294502747e+03 +1.294502747e+03 -6.2330e+00 -5.5534e+00 +2.5466e+00 +4.6896e+00 -2.3077e+00
% f evaluations | g evaluations | best noise-free fitness - Fopt (6.730000000000e+00) + sum g_i+ | measured fitness | best measured fitness or single-digit g-values | x1 | x2...
1 0 +6.420368074e+06 +6.420374804e+06 +6.420374804e+06 +0.0000e+00 +0.0000e+00 +0.0000e+00 +0.0000e+00 +0.0000e+00
3 0 +2.903993413e+06 +2.904000143e+06 +2.904000143e+06 -1.3081e+00 +1.6209e+00 +1.6209e+00 +1.6209e+00 +1.6209e+00
5 0 +4.619017124e+05 +4.619084424e+05 +4.619084424e+05 +2.9289e+00 +0.0000e+00 +0.0000e+00 +0.0000e+00 +0.0000e+00
12 0 +3.912525808e+05 +3.912593108e+05 +3.912593108e+05 +1.6209e+00 +4.5498e+00 +1.6209e+00 +1.6209e+00 +1.6209e+00
66 0 +3.481454436e+05 +3.481521736e+05 +3.481521736e+05 +1.5848e+00 +8.5167e-01 +8.5167e-01 +8.5167e-01 +8.5167e-01
164 0 +2.031326875e+04 +2.031999875e+04 +2.031999875e+04 +2.0041e+00 -5.7723e-01 +1.0006e+00 +1.0006e+00 +1.0006e+00
199 0 +1.882037498e+04 +1.882710498e+04 +1.882710498e+04 +2.0041e+00 -5.7723e-01 +1.0006e+00 +7.5049e-01 +1.0006e+00
206 0 +1.664182450e+04 +1.664855450e+04 +1.664855450e+04 +2.0041e+00 -3.2707e-01 +1.0006e+00 +7.5049e-01 +1.2508e+00
225 0 +1.469023439e+04 +1.469696439e+04 +1.469696439e+04 +1.8790e+00 -4.5215e-01 +1.0006e+00 +7.5049e-01 +1.2508e+00
228 0 +1.376672252e+04 +1.377345252e+04 +1.377345252e+04 +1.8790e+00 -4.5215e-01 +1.1257e+00 +7.5049e-01 +1.2508e+00
253 0 +1.241199472e+04 +1.241872472e+04 +1.241872472e+04 +1.8165e+00 -3.2707e-01 +1.1257e+00 +6.2541e-01 +1.3759e+00
313 0 +1.102950555e+04 +1.103623555e+04 +1.103623555e+04 +1.7696e+00 -3.5834e-01 +1.2195e+00 +6.0977e-01 +1.4072e+00
373 0 +9.975531869e+03 +9.982261869e+03 +9.982261869e+03 +1.6758e+00 -3.1144e-01 +1.2977e+00 +6.0977e-01 +1.4697e+00
448 0 +8.912353627e+03 +8.919083627e+03 +8.919083627e+03 +1.5976e+00 -2.1763e-01 +1.4072e+00 +5.9414e-01 +1.5166e+00
543 0 +7.917316706e+03 +7.924046706e+03 +7.924046706e+03 +1.5038e+00 -1.3163e-01 +1.4932e+00 +5.9414e-01 +1.5870e+00
653 0 +7.074802434e+03 +7.081532434e+03 +7.081532434e+03 +1.4178e+00 -4.5639e-02 +1.5791e+00 +5.9414e-01 +1.6495e+00
778 0 +6.296870338e+03 +6.303600338e+03 +6.303600338e+03 +1.3240e+00 +4.8171e-02 +1.6808e+00 +5.9414e-01 +1.7042e+00
913 0 +5.618493896e+03 +5.625223896e+03 +5.625223896e+03 +1.2302e+00 +1.3416e-01 +1.7746e+00 +5.8632e-01 +1.7746e+00
1076 0 +5.011756535e+03 +5.018486535e+03 +5.018486535e+03 +1.1364e+00 +2.4361e-01 +1.8762e+00 +5.7850e-01 +1.8449e+00
1253 0 +4.457760726e+03 +4.464490726e+03 +4.464490726e+03 +1.0386e+00 +2.9442e-01 +1.9700e+00 +5.5896e-01 +1.9231e+00
1498 0 +3.974933556e+03 +3.981663556e+03 +3.981663556e+03 +9.4484e-01 +3.9214e-01 +2.0677e+00 +5.5505e-01 +1.9896e+00
1702 0 +3.547438047e+03 +3.554168047e+03 +3.554168047e+03 +8.6666e-01 +4.6250e-01 +2.1459e+00 +5.3550e-01 +2.0638e+00
1873 0 +3.157727804e+03 +3.164457804e+03 +3.164457804e+03 +7.9630e-01 +5.2895e-01 +2.2124e+00 +5.1987e-01 +2.1225e+00
2013 0 +2.817057479e+03 +2.823787479e+03 +2.823787479e+03 +7.4158e-01 +5.8368e-01 +2.2671e+00 +5.1987e-01 +2.1655e+00
2138 0 +2.505798479e+03 +2.512528479e+03 +2.512528479e+03 +6.9468e-01 +6.3449e-01 +2.3179e+00 +5.1205e-01 +2.2006e+00
2246 0 +2.233233582e+03 +2.239963582e+03 +2.239963582e+03 +6.5168e-01 +6.7749e-01 +2.3570e+00 +5.1205e-01 +2.2319e+00
2342 0 +1.993429751e+03 +2.000159751e+03 +2.000159751e+03 +6.1650e-01 +7.1266e-01 +2.3961e+00 +5.0814e-01 +2.2632e+00
2433 0 +1.767292227e+03 +1.774022227e+03 +1.774022227e+03 +5.7741e-01 +7.4784e-01 +2.4313e+00 +5.1205e-01 +2.2866e+00
2518 0 +1.581196378e+03 +1.587926378e+03 +1.587926378e+03 +5.4614e-01 +7.8302e-01 +2.4664e+00 +5.1205e-01 +2.3062e+00
2606 0 +1.409437033e+03 +1.416167033e+03 +1.416167033e+03 +5.1096e-01 +8.1820e-01 +2.4977e+00 +5.1987e-01 +2.3257e+00
2698 0 +1.256338717e+03 +1.263068717e+03 +1.263068717e+03 +4.7578e-01 +8.5338e-01 +2.5368e+00 +5.1987e-01 +2.3453e+00
2798 0 +1.116387647e+03 +1.123117647e+03 +1.123117647e+03 +4.3670e-01 +8.9247e-01 +2.5759e+00 +5.2378e-01 +2.3687e+00
2913 0 +9.973408132e+02 +1.004070813e+03 +1.004070813e+03 +3.8979e-01 +9.1983e-01 +2.6189e+00 +5.2769e-01 +2.3961e+00
3113 0 +8.882115181e+02 +8.949415181e+02 +8.949415181e+02 +3.3898e-01 +9.7064e-01 +2.6697e+00 +5.2378e-01 +2.4352e+00
3483 0 +7.935934315e+02 +8.003234315e+02 +8.003234315e+02 +2.7839e-01 +1.0371e+00 +2.7283e+00 +5.1791e-01 +2.4879e+00
3882 0 +7.078789961e+02 +7.146089961e+02 +7.146089961e+02 +2.1194e-01 +1.1016e+00 +2.7967e+00 +5.1987e-01 +2.5329e+00
4173 0 +6.307449369e+02 +6.374749369e+02 +6.374749369e+02 +1.5331e-01 +1.1485e+00 +2.8534e+00 +5.2573e-01 +2.5642e+00
4822 0 +5.623185066e+02 +5.690485066e+02 +5.690485066e+02 +8.0019e-02 +1.2198e+00 +2.9140e+00 +5.4332e-01 +2.6150e+00
6397 0 +5.011457033e+02 +5.078757033e+02 +5.078757033e+02 -2.0632e-02 +1.3210e+00 +2.9233e+00 +6.3469e-01 +2.7019e+00
9640 0 +4.466525447e+02 +4.533825447e+02 +4.533825447e+02 -7.5355e-02 +1.4094e+00 +2.8002e+00 +7.9348e-01 +2.8006e+00
12567 0 +3.979941254e+02 +4.047241254e+02 +4.047241254e+02 -9.0502e-02 +1.4578e+00 +2.6570e+00 +9.3567e-01 +2.8647e+00
15270 0 +3.547897358e+02 +3.615197358e+02 +3.615197358e+02 -1.0418e-01 +1.5018e+00 +2.5251e+00 +1.0681e+00 +2.9223e+00
17837 0 +3.162156754e+02 +3.229456754e+02 +3.229456754e+02 -1.1835e-01 +1.5423e+00 +2.4010e+00 +1.1932e+00 +2.9770e+00
20297 0 +2.818068165e+02 +2.885368165e+02 +2.885368165e+02 -1.3106e-01 +1.5804e+00 +2.2822e+00 +1.3134e+00 +3.0278e+00
22780 0 +2.511630801e+02 +2.578930801e+02 +2.578930801e+02 -1.4522e-01 +1.6156e+00 +2.1674e+00 +1.4350e+00 +3.0752e+00
25410 0 +2.238499736e+02 +2.305799736e+02 +2.305799736e+02 -1.6184e-01 +1.6474e+00 +2.0536e+00 +1.5635e+00 +3.1177e+00
28120 0 +1.994951666e+02 +2.062251666e+02 +2.062251666e+02 -1.8089e-01 +1.6772e+00 +1.9402e+00 +1.6959e+00 +3.1598e+00
31037 0 +1.778176667e+02 +1.845476667e+02 +1.845476667e+02 -2.0044e-01 +1.7111e+00 +1.8261e+00 +1.8266e+00 +3.2054e+00
35840 0 +1.584716477e+02 +1.652016477e+02 +1.652016477e+02 -2.1241e-01 +1.7495e+00 +1.7089e+00 +1.9436e+00 +3.2568e+00
40790 0 +1.412491956e+02 +1.479791956e+02 +1.479791956e+02 -2.2511e-01 +1.7890e+00 +1.5884e+00 +2.0646e+00 +3.3093e+00
46267 0 +1.258891511e+02 +1.326191511e+02 +1.326191511e+02 -2.4246e-01 +1.8245e+00 +1.4673e+00 +2.1982e+00 +3.3572e+00
50000 0 +1.163216549e+02 +1.230516549e+02 +1.230516549e+02 -2.5516e-01 +1.8469e+00 +1.3876e+00 +2.2896e+00 +3.3877e+00
% f evaluations | g evaluations | best noise-free fitness - Fopt (2.632300000000e+02) + sum g_i+ | measured fitness | best measured fitness or single-digit g-values | x1 | x2...
1 0 +2.650000264e+07 +2.650026587e+07 +2.650026587e+07 +0.0000e+00 +0.0000e+00 +0.0000e+00 +0.0000e+00 +0.0000e+00
2 0 +1.721935755e+07 +1.721962078e+07 +1.721962078e+07 -2.9289e+00 +0.0000e+00 +0.0000e+00 +0.0000e+00 +0.0000e+00
4 0 +2.159529850e+06 +2.159793080e+06 +2.159793080e+06 -4.5498e+00 -1.6209e+00 -1.6209e+00 -1.6209e+00 -1.6209e+00
28 0 +2.669859901e+04 +2.696182901e+04 +2.696182901e+04 -1.6209e+00 -1.6209e+00 -1.6209e+00 -1.6209e+00 -4.5498e+00
264 0 +1.978843940e+04 +2.005166940e+04 +2.005166940e+04 -4.5029e+00 -4.0026e+00 +9.0058e+00 -1.0006e+00 -2.4275e+00
265 0 +1.589698346e+04 +1.616021346e+04 +1.616021346e+04 -4.5029e+00 -4.5029e+00 +9.0058e+00 -1.0006e+00 -2.4275e+00
267 0 +1.558182390e+04 +1.584505390e+04 +1.584505390e+04 -4.5029e+00 -4.5029e+00 +8.5055e+00 -1.0006e+00 -2.4275e+00
290 0 +1.292564179e+04 +1.318887179e+04 +1.318887179e+04 -4.5029e+00 -4.5029e+00 +8.7557e+00 -7.5049e-01 -2.4275e+00
296 0 +1.227490558e+04 +1.253813558e+04 +1.253813558e+04 -4.7531e+00 -4.2528e+00 +8.7557e+00 -7.5049e-01 -2.4275e+00
318 0 +1.119765073e+04 +1.146088073e+04 +1.146088073e+04 -4.7531e+00 -4.2528e+00 +9.5062e+00 -7.5049e-01 -2.4275e+00
333 0 +8.296896347e+03 +8.560126347e+03 +8.560126347e+03 -5.0032e+00 -4.2528e+00 +9.7563e+00 -5.0032e-01 -2.4275e+00
340 0 +6.790557840e+03 +7.053787840e+03 +7.053787840e+03 -5.0032e+00 -4.2528e+00 +1.0006e+01 -2.5016e-01 -2.4275e+00
343 0 +5.285436556e+03 +5.548666556e+03 +5.548666556e+03 -5.2534e+00 -4.2528e+00 +1.0006e+01 -2.5016e-01 -2.4275e+00
348 0 +4.611978163e+03 +4.875208163e+03 +4.875208163e+03 -5.2534e+00 -4.0026e+00 +1.0257e+01 -2.5016e-01 -2.4275e+00
358 0 +4.174610802e+03 +4.437840802e+03 +4.437840802e+03 -5.2534e+00 -4.0026e+00 +1.0507e+01 -2.5016e-01 -2.4275e+00
368 0 +3.934748742e+03 +4.197978742e+03 +4.197978742e+03 -5.2534e+00 -4.0026e+00 +1.0757e+01 -2.5016e-01 -2.4275e+00
400 0 +3.266984571e+03 +3.530214571e+03 +3.530214571e+03 -5.2534e+00 -4.0026e+00 +1.1007e+01 -1.2508e-01 -2.4275e+00
403 0 +3.134521540e+03 +3.397751540e+03 +3.397751540e+03 -5.3785e+00 -4.0026e+00 +1.1007e+01 -1.2508e-01 -2.4275e+00
418 0 +2.743334324e+03 +3.006564324e+03 +3.006564324e+03 -5.3785e+00 -3.8775e+00 +1.1257e+01 -1.2508e-01 -2.4275e+00
455 0 +2.290070871e+03 +2.553300871e+03 +2.553300871e+03 -5.3159e+00 -3.9401e+00 +1.1507e+01 -1.2508e-01 -2.4275e+00
468 0 +2.214102010e+03 +2.477332010e+03 +2.477332010e+03 -5.3159e+00 -3.9401e+00 +1.1633e+01 -1.2508e-01 -2.4275e+00
483 0 +1.857234360e+03 +2.120464360e+03 +2.120464360e+03 -5.3785e+00 -3.9401e+00 +1.1695e+01 -6.2541e-02 -2.4275e+00
530 0 +1.777755885e+03 +2.040985885e+03 +2.040985885e+03 -5.3472e+00 -3.9713e+00 +1.1711e+01 -4.6905e-02 -2.4275e+00
614 0 +1.581564524e+03 +1.844794524e+03 +1.844794524e+03 -5.3394e+00 -3.9088e+00 +1.1679e+01 -2.3453e-02 -2.4666e+00
744 0 +1.410818992e+03 +1.674048992e+03 +1.674048992e+03 -5.3316e+00 -3.8619e+00 +1.1593e+01 +1.5635e-02 -2.5057e+00
1050 0 +1.258161015e+03 +1.521391015e+03 +1.521391015e+03 -5.3589e+00 -3.7837e+00 +1.1433e+01 +6.6449e-02 -2.5409e+00
1481 0 +1.119223819e+03 +1.382453819e+03 +1.382453819e+03 -5.3902e+00 -3.6547e+00 +1.1265e+01 +1.1726e-01 -2.5917e+00
1807 0 +9.998972073e+02 +1.263127207e+03 +1.263127207e+03 -5.4137e+00 -3.5414e+00 +1.1136e+01 +1.5635e-01 -2.6308e+00
2477 0 +8.909402503e+02 +1.154170250e+03 +1.154170250e+03 -5.4332e+00 -3.4866e+00 +1.0874e+01 +1.9935e-01 -2.6660e+00
3397 0 +7.943052672e+02 +1.057535267e+03 +1.057535267e+03 -5.4879e+00 -3.5375e+00 +1.0515e+01 +2.5407e-01 -2.6660e+00
4257 0 +7.078215016e+02 +9.710515016e+02 +9.710515016e+02 -5.5348e+00 -3.5883e+00 +1.0178e+01 +3.0098e-01 -2.6660e+00
4987 0 +6.306615971e+02 +8.938915971e+02 +8.938915971e+02 -5.5778e+00 -3.6274e+00 +9.8931e+00 +3.4397e-01 -2.6660e+00
5647 0 +5.618019544e+02 +8.250319544e+02 +8.250319544e+02 -5.6169e+00 -3.6664e+00 +9.6352e+00 +3.8306e-01 -2.6660e+00
6237 0 +5.010145592e+02 +7.642445592e+02 +7.642445592e+02 -5.6599e+00 -3.6977e+00 +9.4045e+00 +4.2606e-01 -2.6660e+00
6833 0 +4.457772325e+02 +7.090072325e+02 +7.090072325e+02 -5.6951e+00 -3.7329e+00 +9.1739e+00 +4.6124e-01 -2.6660e+00
7367 0 +3.975028472e+02 +6.607328472e+02 +6.607328472e+02 -5.7264e+00 -3.7603e+00 +8.9628e+00 +4.9251e-01 -2.6660e+00
7877 0 +3.546404671e+02 +6.178704671e+02 +6.178704671e+02 -5.7576e+00 -3.7915e+00 +8.7635e+00 +5.2378e-01 -2.6660e+00
8397 0 +3.158821692e+02 +5.791121692e+02 +5.791121692e+02 -5.7850e+00 -3.8189e+00 +8.5602e+00 +5.5114e-01 -2.6660e+00
8897 0 +2.813722121e+02 +5.446022121e+02 +5.446022121e+02 -5.8006e+00 -3.8580e+00 +8.3648e+00 +5.7068e-01 -2.6660e+00
9387 0 +2.510304222e+02 +5.142604222e+02 +5.142604222e+02 -5.8163e+00 -3.8932e+00 +8.1733e+00 +5.9023e-01 -2.6660e+00
9877 0 +2.236759052e+02 +4.869059052e+02 +4.869059052e+02 -5.8241e+00 -3.9361e+00 +7.9817e+00 +6.0586e-01 -2.6660e+00
10397 0 +1.993312414e+02 +4.625612414e+02 +4.625612414e+02 -5.8358e+00 -3.9752e+00 +7.7785e+00 +6.2150e-01 -2.6660e+00
10947 0 +1.776523710e+02 +4.408823710e+02 +4.408823710e+02 -5.8475e+00 -4.0143e+00 +7.5635e+00 +6.3713e-01 -2.6660e+00
11477 0 +1.584010358e+02 +4.216310358e+02 +4.216310358e+02 -5.8593e+00 -4.0612e+00 +7.3563e+00 +6.5668e-01 -2.6660e+00
12037 0 +1.411698987e+02 +4.043998987e+02 +4.043998987e+02 -5.8710e+00 -4.1003e+00 +7.1374e+00 +6.7231e-01 -2.6660e+00
12537 0 +1.258414463e+02 +3.890714463e+02 +3.890714463e+02 -5.8827e+00 -4.1394e+00 +6.9420e+00 +6.8795e-01 -2.6660e+00
12947 0 +1.120002899e+02 +3.752302899e+02 +3.752302899e+02 -5.8944e+00 -4.1707e+00 +6.7817e+00 +7.0358e-01 -2.6660e+00
13277 0 +9.997398127e+01 +3.632039813e+02 +3.632039813e+02 -5.9023e+00 -4.1980e+00 +6.6528e+00 +7.1531e-01 -2.6660e+00
13585 0 +8.832850080e+01 +3.515585008e+02 +3.515585008e+02 -5.9101e+00 -4.2215e+00 +6.5355e+00 +7.2703e-01 -2.6660e+00
13837 0 +7.936884420e+01 +3.425988442e+02 +3.425988442e+02 -5.9140e+00 -4.2371e+00 +6.4339e+00 +7.3094e-01 -2.6660e+00
14047 0 +7.052321618e+01 +3.337532162e+02 +3.337532162e+02 -5.9179e+00 -4.2567e+00 +6.3518e+00 +7.3876e-01 -2.6660e+00
14267 0 +6.296344361e+01 +3.261934436e+02 +3.261934436e+02 -5.9257e+00 -4.2723e+00 +6.2658e+00 +7.4658e-01 -2.6660e+00
14457 0 +5.621066361e+01 +3.194406636e+02 +3.194406636e+02 -5.9257e+00 -4.2879e+00 +6.1915e+00 +7.5049e-01 -2.6660e+00
14677 0 +4.995697688e+01 +3.131869769e+02 +3.131869769e+02 -5.9335e+00 -4.3036e+00 +6.1055e+00 +7.5830e-01 -2.6660e+00
14847 0 +4.457546171e+01 +3.078054617e+02 +3.078054617e+02 -5.9374e+00 -4.3192e+00 +6.0391e+00 +7.6612e-01 -2.6660e+00
15137 0 +3.960993415e+01 +3.028399341e+02 +3.028399341e+02 -5.9414e+00 -4.3388e+00 +5.9257e+00 +7.7003e-01 -2.6660e+00
15380 0 +3.541081458e+01 +2.986408146e+02 +2.986408146e+02 -5.9453e+00 -4.3563e+00 +5.8554e+00 +7.7980e-01 -2.6660e+00
15930 0 +3.158204970e+01 +2.948120497e+02 +2.948120497e+02 -5.9472e+00 -4.3808e+00 +5.7528e+00 +7.8567e-01 -2.6660e+00
17047 0 +2.815981139e+01 +2.913898114e+02 +2.913898114e+02 -5.9453e+00 -4.4091e+00 +5.6433e+00 +7.8860e-01 -2.6660e+00
18307 0 +2.511134460e+01 +2.883413446e+02 +2.883413446e+02 -5.9453e+00 -4.4374e+00 +5.5202e+00 +7.9348e-01 -2.6660e+00
19377 0 +2.237998274e+01 +2.856099827e+02 +2.856099827e+02 -5.9501e+00 -4.4589e+00 +5.4156e+00 +8.0130e-01 -2.6660e+00
20387 0 +1.994515490e+01 +2.831751549e+02 +2.831751549e+02 -5.9570e+00 -4.4775e+00 +5.3169e+00 +8.1010e-01 -2.6660e+00
21737 0 +1.777370161e+01 +2.810037016e+02 +2.810037016e+02 -5.9677e+00 -4.5029e+00 +5.1850e+00 +8.2378e-01 -2.6660e+00
24677 0 +1.584828912e+01 +2.790782891e+02 +2.790782891e+02 -5.9714e+00 -4.5396e+00 +5.0208e+00 +8.3355e-01 -2.6660e+00
50000 0 +1.456221794e+01 +2.777922179e+02 +2.777922179e+02 -5.9198e+00 -4.5316e+00 +4.8674e+00 +8.1547e-01 -2.6913e+00
% f evaluations | g evaluations | best noise-free fitness - Fopt (1.803000000000e+02) + sum g_i+ | measured fitness | best measured fitness or single-digit g-values | x1 | x2...
1 0 +2.000919134e+06 +2.001099434e+06 +2.001099434e+06 +0.0000e+00 +0.0000e+00 +0.0000e+00 +0.0000e+00 +0.0000e+00
2 0 +6.636046452e+05 +6.637849452e+05 +6.637849452e+05 -2.9289e+00 +0.0000e+00 +0.0000e+00 +0.0000e+00 +0.0000e+00
4 0 +1.770375859e+05 +1.772178859e+05 +1.772178859e+05 -4.5498e+00 -1.6209e+00 -1.6209e+00 -1.6209e+00 -1.6209e+00
202 0 +1.563814587e+05 +1.565617587e+05 +1.565617587e+05 -5.0032e+00 +4.4725e-02 -1.4660e+00 -2.0013e+00 -2.0013e+00
203 0 +1.069096274e+05 +1.070899274e+05 +1.070899274e+05 -6.0039e+00 +4.4725e-02 -1.4660e+00 -2.0013e+00 -2.0013e+00
233 0 +8.812012015e+04 +8.830042015e+04 +8.830042015e+04 -7.0045e+00 +4.4725e-02 -1.4660e+00 -1.5010e+00 -2.0013e+00
250 0 +7.830769788e+04 +7.848799788e+04 +7.848799788e+04 -7.5049e+00 +4.4725e-02 -1.4660e+00 -1.0006e+00 -2.0013e+00
253 0 +6.628415450e+04 +6.646445450e+04 +6.646445450e+04 -8.0052e+00 +4.4725e-02 -1.4660e+00 -1.0006e+00 -2.0013e+00
270 0 +5.676675739e+04 +5.694705739e+04 +5.694705739e+04 -8.5055e+00 +4.4725e-02 -1.4660e+00 -5.0032e-01 -2.0013e+00
273 0 +4.586735353e+04 +4.604765353e+04 +4.604765353e+04 -9.0058e+00 +4.4725e-02 -1.4660e+00 -5.0032e-01 -2.0013e+00
300 0 +4.157916766e+04 +4.175946766e+04 +4.175946766e+04 -9.2560e+00 +4.4725e-02 -1.4660e+00 -2.5016e-01 -2.0013e+00
303 0 +3.871049877e+04 +3.889079877e+04 +3.889079877e+04 -9.5062e+00 +4.4725e-02 -1.4660e+00 -2.5016e-01 -2.0013e+00
327 0 +3.179143990e+04 +3.197173990e+04 +3.197173990e+04 -9.6312e+00 -8.0356e-02 -1.5910e+00 -2.5016e-01 -2.0013e+00
335 0 +3.087352858e+04 +3.105382858e+04 +3.105382858e+04 -9.6312e+00 -2.0544e-01 -1.5910e+00 -2.5016e-01 -2.0013e+00
337 0 +2.684548507e+04 +2.702578507e+04 +2.702578507e+04 -9.6312e+00 -2.0544e-01 -1.7161e+00 -2.5016e-01 -2.0013e+00
357 0 +2.494279826e+04 +2.512309826e+04 +2.512309826e+04 -9.6312e+00 -2.6798e-01 -1.7787e+00 -2.5016e-01 -2.0013e+00
370 0 +2.208909375e+04 +2.226939375e+04 +2.226939375e+04 -9.6312e+00 -3.3052e-01 -1.7787e+00 -1.2508e-01 -2.0013e+00
387 0 +1.952915902e+04 +1.970945902e+04 +1.970945902e+04 -9.6312e+00 -4.5560e-01 -1.9038e+00 -1.2508e-01 -2.0013e+00
405 0 +1.761941758e+04 +1.779971758e+04 +1.779971758e+04 -9.6312e+00 -5.8068e-01 -1.9663e+00 -6.2541e-02 -2.0638e+00
415 0 +1.541525933e+04 +1.559555933e+04 +1.559555933e+04 -9.6938e+00 -6.4322e-01 -2.0288e+00 +6.9389e-16 -2.0638e+00
427 0 +1.401062925e+04 +1.419092925e+04 +1.419092925e+04 -9.6938e+00 -7.0576e-01 -2.1539e+00 +6.9389e-16 -2.0638e+00
455 0 +1.207523847e+04 +1.225553847e+04 +1.225553847e+04 -9.5687e+00 -8.3084e-01 -2.2165e+00 +6.9389e-16 -2.1264e+00
475 0 +1.092537118e+04 +1.110567118e+04 +1.110567118e+04 -9.4436e+00 -8.9338e-01 -2.2790e+00 +6.9389e-16 -2.1889e+00
510 0 +9.904487607e+03 +1.008478761e+04 +1.008478761e+04 -9.3498e+00 -9.2465e-01 -2.3415e+00 -3.1270e-02 -2.1889e+00
535 0 +8.705914683e+03 +8.886214683e+03 +8.886214683e+03 -9.2560e+00 -1.0185e+00 -2.4041e+00 -3.1270e-02 -2.2202e+00
555 0 +7.791728769e+03 +7.972028769e+03 +7.972028769e+03 -9.1935e+00 -1.0810e+00 -2.4353e+00 +6.9389e-16 -2.2202e+00
600 0 +6.987640157e+03 +7.167940157e+03 +7.167940157e+03 -9.0684e+00 -1.1123e+00 -2.4353e+00 +6.2541e-02 -2.2515e+00
647 0 +6.298926484e+03 +6.479226484e+03 +6.479226484e+03 -8.9120e+00 -1.1748e+00 -2.4979e+00 +3.1270e-02 -2.2827e+00
707 0 +5.608699464e+03 +5.788999464e+03 +5.788999464e+03 -8.7244e+00 -1.2686e+00 -2.5917e+00 -6.2541e-02 -2.2827e+00
769 0 +4.962281806e+03 +5.142581806e+03 +5.142581806e+03 -8.5368e+00 -1.3312e+00 -2.6542e+00 -1.5635e-01 -2.3140e+00
871 0 +4.461826906e+03 +4.642126906e+03 +4.642126906e+03 -8.3648e+00 -1.3781e+00 -2.7011e+00 -1.8762e-01 -2.3765e+00
954 0 +3.979489206e+03 +4.159789206e+03 +4.159789206e+03 -8.2241e+00 -1.4406e+00 -2.7637e+00 -1.8762e-01 -2.4391e+00
1054 0 +3.532140510e+03 +3.712440510e+03 +3.712440510e+03 -8.0677e+00 -1.4875e+00 -2.8106e+00 -2.3453e-01 -2.4704e+00
1134 0 +3.149012627e+03 +3.329312627e+03 +3.329312627e+03 -7.9427e+00 -1.5188e+00 -2.8419e+00 -2.6580e-01 -2.5016e+00
1194 0 +2.810949437e+03 +2.991249437e+03 +2.991249437e+03 -7.8488e+00 -1.5501e+00 -2.8731e+00 -2.8143e-01 -2.5329e+00
1237 0 +2.488815827e+03 +2.669115827e+03 +2.669115827e+03 -7.7863e+00 -1.5970e+00 -2.9200e+00 -2.8143e-01 -2.5642e+00
1277 0 +2.215022594e+03 +2.395322594e+03 +2.395322594e+03 -7.7238e+00 -1.6282e+00 -2.9513e+00 -2.8143e-01 -2.5954e+00
1314 0 +1.980477471e+03 +2.160777471e+03 +2.160777471e+03 -7.6612e+00 -1.6439e+00 -2.9669e+00 -2.9707e-01 -2.6267e+00
1364 0 +1.755985178e+03 +1.936285178e+03 +1.936285178e+03 -7.5830e+00 -1.6595e+00 -2.9826e+00 -3.1270e-01 -2.6423e+00
1404 0 +1.571970271e+03 +1.752270271e+03 +1.752270271e+03 -7.5205e+00 -1.6908e+00 -3.0138e+00 -3.4397e-01 -2.6423e+00
1454 0 +1.411009555e+03 +1.591309555e+03 +1.591309555e+03 -7.4423e+00 -1.7064e+00 -3.0295e+00 -3.5961e-01 -2.6580e+00
1494 0 +1.242899809e+03 +1.423199809e+03 +1.423199809e+03 -7.3798e+00 -1.7220e+00 -3.0295e+00 -3.4397e-01 -2.6892e+00
1547 0 +1.119702641e+03 +1.300002641e+03 +1.300002641e+03 -7.3016e+00 -1.7533e+00 -3.0608e+00 -3.5961e-01 -2.7049e+00
1654 0 +9.938134855e+02 +1.174113486e+03 +1.174113486e+03 -7.2156e+00 -1.7846e+00 -3.0842e+00 -3.6743e-01 -2.7361e+00
1805 0 +8.891632785e+02 +1.069463278e+03 +1.069463278e+03 -7.0984e+00 -1.8393e+00 -3.1311e+00 -4.1433e-01 -2.7440e+00
1964 0 +7.909979661e+02 +9.712979661e+02 +9.712979661e+02 -6.9733e+00 -1.8628e+00 -3.1546e+00 -4.6905e-01 -2.7440e+00
2084 0 +7.078791891e+02 +8.881791891e+02 +8.881791891e+02 -6.8795e+00 -1.8862e+00 -3.1702e+00 -4.7687e-01 -2.7674e+00
2254 0 +6.290608191e+02 +8.093608191e+02 +8.093608191e+02 -6.7739e+00 -1.9097e+00 -3.1819e+00 -5.0423e-01 -2.7752e+00
2609 0 +5.617019939e+02 +7.420019939e+02 +7.420019939e+02 -6.6371e+00 -1.9448e+00 -3.2015e+00 -5.5896e-01 -2.7635e+00
3142 0 +5.009988569e+02 +6.812988569e+02 +6.812988569e+02 -6.4886e+00 -1.9624e+00 -3.2015e+00 -6.3909e-01 -2.7244e+00
3889 0 +4.463354151e+02 +6.266354151e+02 +6.266354151e+02 -6.3440e+00 -1.9624e+00 -3.1741e+00 -7.4071e-01 -2.6462e+00
4669 0 +3.980793260e+02 +5.783793260e+02 +5.783793260e+02 -6.2521e+00 -1.9624e+00 -3.1682e+00 -8.7557e-01 -2.5485e+00
5442 0 +3.546593677e+02 +5.349593677e+02 +5.349593677e+02 -6.1681e+00 -1.9624e+00 -3.1682e+00 -1.0182e+00 -2.4489e+00
6649 0 +3.161394009e+02 +4.964394009e+02 +4.964394009e+02 -6.0596e+00 -1.9634e+00 -3.1565e+00 -1.1541e+00 -2.3462e+00
8529 0 +2.817461567e+02 +4.620461567e+02 +4.620461567e+02 -5.9423e+00 -1.9634e+00 -3.1487e+00 -1.3251e+00 -2.2221e+00
11004 0 +2.511609401e+02 +4.314609401e+02 +4.314609401e+02 -5.8182e+00 -1.9634e+00 -3.1487e+00 -1.5479e+00 -2.0648e+00
12949 0 +2.238648638e+02 +4.041648638e+02 +4.041648638e+02 -5.6961e+00 -1.9634e+00 -3.1399e+00 -1.7199e+00 -1.9407e+00
14149 0 +1.994745445e+02 +3.797745445e+02 +3.797745445e+02 -5.6111e+00 -1.9634e+00 -3.1292e+00 -1.8244e+00 -1.8596e+00
15022 0 +1.776827444e+02 +3.579827444e+02 +3.579827444e+02 -5.5427e+00 -1.9634e+00 -3.1204e+00 -1.8997e+00 -1.8029e+00
15744 0 +1.584505196e+02 +3.387505196e+02 +3.387505196e+02 -5.4850e+00 -1.9634e+00 -3.1125e+00 -1.9603e+00 -1.7570e+00
16389 0 +1.412315879e+02 +3.215315879e+02 +3.215315879e+02 -5.4430e+00 -1.9634e+00 -3.1096e+00 -2.0199e+00 -1.7150e+00
16999 0 +1.258202298e+02 +3.061202298e+02 +3.061202298e+02 -5.4029e+00 -1.9634e+00 -3.1067e+00 -2.0765e+00 -1.6739e+00
17624 0 +1.121879025e+02 +2.924879025e+02 +2.924879025e+02 -5.3677e+00 -1.9634e+00 -3.1057e+00 -2.1332e+00 -1.6329e+00
18284 0 +9.994455552e+01 +2.802445555e+02 +2.802445555e+02 -5.3296e+00 -1.9634e+00 -3.1037e+00 -2.1938e+00 -1.5889e+00
19119 0 +8.910706391e+01 +2.694070639e+02 +2.694070639e+02 -5.2905e+00 -1.9634e+00 -3.1037e+00 -2.2681e+00 -1.5362e+00
21449 0 +7.941931356e+01 +2.597193136e+02 +2.597193136e+02 -5.2383e+00 -1.9619e+00 -3.1023e+00 -2.3712e+00 -1.4604e+00
43652 0 +7.079166908e+01 +2.510916691e+02 +2.510916691e+02 -5.0798e+00 -1.9304e+00 -3.0304e+00 -2.5487e+00 -1.2876e+00
50000 0 +6.612031470e+01 +2.464203147e+02 +2.464203147e+02 -5.0410e+00 -1.9197e+00 -3.0056e+00 -2.5803e+00 -1.2489e+00
% f evaluations | g evaluations | best noise-free fitness - Fopt (6.456000000000e+01) + sum g_i+ | measured fitness | best measured fitness or single-digit g-values | x1 | x2...
1 0 +3.319997246e+05 +3.320642846e+05 +3.320642846e+05 +0.0000e+00 +0.0000e+00 +0.0000e+00 +0.0000e+00 +0.0000e+00
7 0 +2.259114288e+05 +2.259759888e+05 +2.259759888e+05 +1.3081e+00 -1.6209e+00 -1.6209e+00 -1.6209e+00 -1.6209e+00
25 0 +1.026003903e+05 +1.026649503e+05 +1.026649503e+05 -1.6209e+00 -1.6209e+00 -1.6209e+00 +1.3081e+00 -1.6209e+00
36 0 +3.880484725e+04 +3.886940725e+04 +3.886940725e+04 +3.6910e-01 +1.1749e+00 +1.1749e+00 +1.1749e+00 +1.1749e+00
195 0 +3.322431415e+04 +3.328887415e+04 +3.328887415e+04 -7.3563e-01 -1.0006e+00 -2.0013e+00 +1.3480e+00 -8.7884e-01
198 0 +7.853285786e+03 +7.917845786e+03 +7.917845786e+03 -7.3563e-01 -1.0006e+00 -1.0006e+00 +1.3480e+00 -8.7884e-01
205 0 +3.819908987e+03 +3.884468987e+03 +3.884468987e+03 -7.3563e-01 -2.0013e+00 -1.0006e+00 +1.3480e+00 -8.7884e-01
226 0 +2.761259896e+03 +2.825819896e+03 +2.825819896e+03 -7.3563e-01 -1.5010e+00 -1.0006e+00 +1.3480e+00 -8.7884e-01
266 0 +2.487045735e+03 +2.551605735e+03 +2.551605735e+03 -7.3563e-01 -1.6261e+00 -1.0006e+00 +1.3480e+00 -8.7884e-01
306 0 +2.219947932e+03 +2.284507932e+03 +2.284507932e+03 -7.3563e-01 -1.1257e+00 -5.0032e-01 +1.3480e+00 -8.7884e-01
1682 0 +1.994718769e+03 +2.059278769e+03 +2.059278769e+03 -6.6625e-01 -9.0293e-01 -3.0684e-01 +1.3940e+00 -6.9513e-01
2772 0 +1.777537956e+03 +1.842097956e+03 +1.842097956e+03 -6.5452e-01 -7.9739e-01 -3.1563e-01 +1.4555e+00 -5.8861e-01
3222 0 +1.582075322e+03 +1.646635322e+03 +1.646635322e+03 -6.6527e-01 -7.5342e-01 -3.4886e-01 +1.4995e+00 -5.4464e-01
3550 0 +1.412403201e+03 +1.476963201e+03 +1.476963201e+03 -6.7407e-01 -7.2117e-01 -3.6840e-01 +1.5318e+00 -5.1337e-01
3822 0 +1.258003544e+03 +1.322563544e+03 +1.322563544e+03 -6.7993e-01 -6.9479e-01 -3.7818e-01 +1.5581e+00 -4.8601e-01
4072 0 +1.120859654e+03 +1.185419654e+03 +1.185419654e+03 -6.8579e-01 -6.7036e-01 -3.8697e-01 +1.5826e+00 -4.6158e-01
4312 0 +9.965855391e+02 +1.061145539e+03 +1.061145539e+03 -6.9166e-01 -6.4690e-01 -3.9674e-01 +1.6060e+00 -4.3813e-01
4542 0 +8.888475945e+02 +9.534075945e+02 +9.534075945e+02 -6.9752e-01 -6.2443e-01 -4.0554e-01 +1.6285e+00 -4.1565e-01
4782 0 +7.915166263e+02 +8.560766263e+02 +8.560766263e+02 -7.0241e-01 -6.0098e-01 -4.0651e-01 +1.6520e+00 -3.9220e-01
5042 0 +7.073802166e+02 +7.719402166e+02 +7.719402166e+02 -7.0338e-01 -5.7557e-01 -4.0163e-01 +1.6705e+00 -3.6679e-01
5352 0 +6.307026570e+02 +6.952626570e+02 +6.952626570e+02 -7.0338e-01 -5.4528e-01 -4.0065e-01 +1.6930e+00 -3.3650e-01
5812 0 +5.621253739e+02 +6.266853739e+02 +6.266853739e+02 -7.0045e-01 -5.0130e-01 -3.9772e-01 +1.7204e+00 -2.9155e-01
7852 0 +5.010967901e+02 +5.656567901e+02 +5.656567901e+02 -6.6283e-01 -4.7492e-01 -4.4316e-01 +1.7609e+00 -1.6842e-01
8732 0 +4.460502943e+02 +5.106102943e+02 +5.106102943e+02 -6.6234e-01 -4.3290e-01 -4.5684e-01 +1.7902e+00 -1.2542e-01
9182 0 +3.974336090e+02 +4.619936090e+02 +4.619936090e+02 -6.6772e-01 -4.1091e-01 -4.6808e-01 +1.8122e+00 -1.0344e-01
9532 0 +3.541206026e+02 +4.186806026e+02 +4.186806026e+02 -6.7211e-01 -3.9381e-01 -4.7638e-01 +1.8293e+00 -8.6335e-02
9840 0 +3.162205419e+02 +3.807805419e+02 +3.807805419e+02 -6.7553e-01 -3.7866e-01 -4.8274e-01 +1.8445e+00 -7.1677e-02
10122 0 +2.816543929e+02 +3.462143929e+02 +3.462143929e+02 -6.7895e-01 -3.6498e-01 -4.8762e-01 +1.8581e+00 -5.7508e-02
10412 0 +2.503776866e+02 +3.149376866e+02 +3.149376866e+02 -6.8237e-01 -3.5081e-01 -4.9300e-01 +1.8723e+00 -4.3338e-02
10702 0 +2.237510847e+02 +2.883110847e+02 +2.883110847e+02 -6.8579e-01 -3.3664e-01 -4.9788e-01 +1.8860e+00 -2.9169e-02
11052 0 +1.992147592e+02 +2.637747592e+02 +2.637747592e+02 -6.8579e-01 -3.1954e-01 -4.9837e-01 +1.8982e+00 -1.2068e-02
11492 0 +1.776732889e+02 +2.422332889e+02 +2.422332889e+02 -6.8335e-01 -2.9951e-01 -4.9593e-01 +1.9104e+00 +9.4302e-03
12110 0 +1.584593322e+02 +2.230193322e+02 +2.230193322e+02 -6.7798e-01 -2.7899e-01 -4.9348e-01 +1.9261e+00 +3.9235e-02
12802 0 +1.411487191e+02 +2.057087191e+02 +2.057087191e+02 -6.6967e-01 -2.6091e-01 -4.9984e-01 +1.9392e+00 +7.3437e-02
13272 0 +1.256040707e+02 +1.901640707e+02 +1.901640707e+02 -6.6381e-01 -2.4528e-01 -5.0130e-01 +1.9485e+00 +9.6401e-02
13612 0 +1.118305213e+02 +1.763905213e+02 +1.763905213e+02 -6.6088e-01 -2.3208e-01 -5.0179e-01 +1.9568e+00 +1.1301e-01
13910 0 +9.998824653e+01 +1.645482465e+02 +1.645482465e+02 -6.5794e-01 -2.1987e-01 -5.0081e-01 +1.9637e+00 +1.2718e-01
14212 0 +8.879160880e+01 +1.533516088e+02 +1.533516088e+02 -6.5452e-01 -2.0912e-01 -5.0081e-01 +1.9700e+00 +1.4233e-01
14542 0 +7.927004361e+01 +1.438300436e+02 +1.438300436e+02 -6.4964e-01 -2.0228e-01 -5.0374e-01 +1.9754e+00 +1.5845e-01
14900 0 +7.078097078e+01 +1.353409708e+02 +1.353409708e+02 -6.4622e-01 -1.9886e-01 -5.1449e-01 +1.9832e+00 +1.7555e-01
15242 0 +6.301576559e+01 +1.275757656e+02 +1.275757656e+02 -6.4084e-01 -1.9788e-01 -5.2378e-01 +1.9881e+00 +1.9265e-01
15522 0 +5.615532531e+01 +1.207153253e+02 +1.207153253e+02 -6.3742e-01 -1.9202e-01 -5.2769e-01 +1.9935e+00 +2.0634e-01
15782 0 +5.004346448e+01 +1.146034645e+02 +1.146034645e+02 -6.3254e-01 -1.8762e-01 -5.3013e-01 +1.9964e+00 +2.1904e-01
16056 0 +4.466785656e+01 +1.092278566e+02 +1.092278566e+02 -6.2912e-01 -1.8469e-01 -5.3599e-01 +2.0013e+00 +2.3223e-01
16542 0 +3.978389314e+01 +1.043438931e+02 +1.043438931e+02 -6.2130e-01 -1.9300e-01 -5.5554e-01 +2.0067e+00 +2.5471e-01
17032 0 +3.537507409e+01 +9.993507409e+01 +9.993507409e+01 -6.1299e-01 -1.9544e-01 -5.7068e-01 +2.0106e+00 +2.7572e-01
17252 0 +3.158933778e+01 +9.614933778e+01 +9.614933778e+01 -6.0860e-01 -1.9202e-01 -5.7264e-01 +2.0130e+00 +2.8647e-01
18002 0 +2.818143170e+01 +9.274143170e+01 +9.274143170e+01 -6.0273e-01 -2.1449e-01 -6.0293e-01 +2.0169e+00 +3.0405e-01
20377 0 +2.511817918e+01 +8.967817918e+01 +8.967817918e+01 -6.0273e-01 -3.1905e-01 -7.1922e-01 +2.0179e+00 +3.1187e-01
31094 0 +2.238656566e+01 +8.694656566e+01 +8.694656566e+01 -5.9553e-01 -5.0741e-01 -9.2229e-01 +2.0139e+00 +3.3087e-01
34092 0 +1.994804850e+01 +8.450804850e+01 +8.450804850e+01 -5.9070e-01 -4.9538e-01 -9.2345e-01 +2.0207e+00 +3.4894e-01
50000 0 +1.848732627e+01 +8.304732627e+01 +8.304732627e+01 -5.6261e-01 -5.3831e-01 -9.6300e-01 +2.0090e+00 +3.8348e-01
% f evaluations | g evaluations | best noise-free fitness - Fopt (-2.171400000000e+02) + sum g_i+ | measured fitness | best measured fitness or single-digit g-values | x1 | x2...
1 0 +2.628611505e+06 +2.628394365e+06 +2.628394365e+06 +0.0000e+00 +0.0000e+00 +0.0000e+00 +0.0000e+00 +0.0000e+00
5 0 +1.416324140e+06 +1.416107000e+06 +1.416107000e+06 +2.9289e+00 +0.0000e+00 +0.0000e+00 +0.0000e+00 +0.0000e+00
7 0 +7.914464236e+05 +7.912292836e+05 +7.912292836e+05 +1.3081e+00 -1.6209e+00 -1.6209e+00 -1.6209e+00 -1.6209e+00
12 0 +4.652516614e+04 +4.630802614e+04 +4.630802614e+04 +1.6209e+00 +4.5498e+00 +1.6209e+00 +1.6209e+00 +1.6209e+00
180 0 +3.477124212e+04 +3.455410212e+04 +3.455410212e+04 +6.5714e-01 +3.0019e+00 -1.0777e+00 +1.0006e+00 +0.0000e+00
181 0 +1.456284796e+04 +1.434570796e+04 +1.434570796e+04 +6.5714e-01 +3.0019e+00 -1.0777e+00 +1.0006e+00 -1.0006e+00
190 0 +9.689066945e+03 +9.471926945e+03 +9.471926945e+03 +6.5714e-01 +3.0019e+00 -1.0777e+00 +2.0013e+00 -1.0006e+00
206 0 +6.112929539e+02 +3.941529539e+02 +3.941529539e+02 +6.5714e-01 +3.5023e+00 -1.0777e+00 +2.0013e+00 -1.0006e+00
230 0 +2.727129484e+02 +5.557294843e+01 +5.557294843e+01 +6.5714e-01 +3.5023e+00 -1.0777e+00 +1.7511e+00 -1.0006e+00
255 0 +1.610901516e+02 -5.604984842e+01 -5.604984842e+01 +6.5714e-01 +3.4397e+00 -1.0777e+00 +1.7511e+00 -1.0006e+00
260 0 +1.560793890e+02 -6.106061101e+01 -6.106061101e+01 +6.5714e-01 +3.4397e+00 -1.0777e+00 +1.8137e+00 -1.0006e+00
306 0 +1.409568323e+02 -7.618316770e+01 -7.618316770e+01 +6.5714e-01 +3.4554e+00 -1.0777e+00 +1.8449e+00 -9.3811e-01
947 0 +1.257573821e+02 -9.138261789e+01 -9.138261789e+01 +6.5714e-01 +3.3909e+00 -1.1080e+00 +1.9114e+00 -9.9185e-01
1701 0 +1.121163354e+02 -1.050236646e+02 -1.050236646e+02 +6.5714e-01 +3.3244e+00 -1.1422e+00 +1.9759e+00 -1.0661e+00
2515 0 +9.999203111e+01 -1.171479689e+02 -1.171479689e+02 +6.5714e-01 +3.2580e+00 -1.1755e+00 +2.0326e+00 -1.1453e+00
3545 0 +8.909271595e+01 -1.280472841e+02 -1.280472841e+02 +6.5665e-01 +3.1871e+00 -1.2131e+00 +2.0936e+00 -1.2298e+00
5435 0 +7.942378902e+01 -1.377162110e+02 -1.377162110e+02 +6.5372e-01 +3.1036e+00 -1.2610e+00 +2.1704e+00 -1.3221e+00
13647 0 +7.079369347e+01 -1.463463065e+02 -1.463463065e+02 +6.4920e-01 +2.9478e+00 -1.3485e+00 +2.3034e+00 -1.5049e+00
50000 0 +6.730258893e+01 -1.498374111e+02 -1.498374111e+02 +5.6959e-01 +2.9481e+00 -1.4835e+00 +2.3079e+00 -1.4322e+00
