% f evaluations | g evaluations | best noise-free fitness - Fopt (-5.494000000000e+01) + sum g_i+ | measured fitness | best measured fitness or single-digit g-values | x1 | x2...
1 0 +2.769510028e+07 +2.769504534e+07 +2.769504534e+07
3 0 +2.583547701e+07 +2.583542207e+07 +2.583542207e+07
12 0 +2.452724772e+07 +2.452719278e+07 +2.452719278e+07
14 0 +2.395295881e+07 +2.395290387e+07 +2.395290387e+07
15 0 +2.382841853e+07 +2.382836359e+07 +2.382836359e+07
35 0 +2.240117529e+07 +2.240112035e+07 +2.240112035e+07
36 0 +2.077511822e+07 +2.077506328e+07 +2.077506328e+07
123 0 +2.062941328e+07 +2.062935834e+07 +2.062935834e+07
162 0 +2.044539684e+07 +2.044534190e+07 +2.044534190e+07
1215 0 +1.965489458e+07 +1.965483964e+07 +1.965483964e+07
1218 0 +1.857675489e+07 +1.857669995e+07 +1.857669995e+07
1220 0 +1.816220478e+07 +1.816214984e+07 +1.816214984e+07
1222 0 +1.710624529e+07 +1.710619035e+07 +1.710619035e+07
1223 0 +1.541121916e+07 +1.541116422e+07 +1.541116422e+07
1226 0 +1.514941235e+07 +1.514935741e+07 +1.514935741e+07
1228 0 +1.460037098e+07 +1.460031604e+07 +1.460031604e+07
1229 0 +1.430318329e+07 +1.430312835e+07 +1.430312835e+07
1231 0 +1.366552122e+07 +1.366546628e+07 +1.366546628e+07
1236 0 +1.340820376e+07 +1.340814882e+07 +1.340814882e+07
1237 0 +1.287174608e+07 +1.287169114e+07 +1.287169114e+07
1240 0 +1.161150696e+07 +1.161145202e+07 +1.161145202e+07
1242 0 +1.104792781e+07 +1.104787287e+07 +1.104787287e+07
1243 0 +1.030045445e+07 +1.030039951e+07 +1.030039951e+07
1245 0 +1.006535693e+07 +1.006530199e+07 +1.006530199e+07
1247 0 +9.549531720e+06 +9.549476780e+06 +9.549476780e+06
1250 0 +9.110274879e+06 +9.110219939e+06 +9.110219939e+06
1252 0 +8.583626481e+06 +8.583571541e+06 +8.583571541e+06
1254 0 +8.377278465e+06 +8.377223525e+06 +8.377223525e+06
1256 0 +7.099031909e+06 +7.098976969e+06 +7.098976969e+06
1260 0 +6.836551315e+06 +6.836496375e+06 +6.836496375e+06
1262 0 +6.646627099e+06 +6.646572159e+06 +6.646572159e+06
1266 0 +6.555791928e+06 +6.555736988e+06 +6.555736988e+06
1268 0 +6.418078742e+06 +6.418023802e+06 +6.418023802e+06
1270 0 +6.356642216e+06 +6.356587276e+06 +6.356587276e+06
1271 0 +5.927722552e+06 +5.927667612e+06 +5.927667612e+06
1273 0 +5.035202693e+06 +5.035147753e+06 +5.035147753e+06
1275 0 +4.369810246e+06 +4.369755306e+06 +4.369755306e+06
1277 0 +4.248356444e+06 +4.248301504e+06 +4.248301504e+06
1280 0 +3.691562703e+06 +3.691507763e+06 +3.691507763e+06
1286 0 +3.312370625e+06 +3.312315685e+06 +3.312315685e+06
1287 0 +3.270751905e+06 +3.270696965e+06 +3.270696965e+06
1290 0 +2.592446988e+06 +2.592392048e+06 +2.592392048e+06
1291 0 +2.475991573e+06 +2.475936633e+06 +2.475936633e+06
1294 0 +1.999890598e+06 +1.999835658e+06 +1.999835658e+06
1297 0 +1.837141311e+06 +1.837086371e+06 +1.837086371e+06
1302 0 +1.707550441e+06 +1.707495501e+06 +1.707495501e+06
1305 0 +1.619880855e+06 +1.619825915e+06 +1.619825915e+06
1307 0 +1.570376338e+06 +1.570321398e+06 +1.570321398e+06
1317 0 +1.456056028e+06 +1.456001088e+06 +1.456001088e+06
1320 0 +1.353759327e+06 +1.353704387e+06 +1.353704387e+06
1325 0 +1.295673419e+06 +1.295618479e+06 +1.295618479e+06
1328 0 +1.193281004e+06 +1.193226064e+06 +1.193226064e+06
1339 0 +1.080420711e+06 +1.080365771e+06 +1.080365771e+06
1341 0 +9.533790872e+05 +9.533241472e+05 +9.533241472e+05
1347 0 +8.681703286e+05 +8.681153886e+05 +8.681153886e+05
1351 0 +7.550268170e+05 +7.549718770e+05 +7.549718770e+05
1372 0 +6.803283549e+05 +6.802734149e+05 +6.802734149e+05
1374 0 +6.271359464e+05 +6.270810064e+05 +6.270810064e+05
1379 0 +5.898927229e+05 +5.898377829e+05 +5.898377829e+05
1384 0 +5.009045115e+05 +5.008495715e+05 +5.008495715e+05
1386 0 +4.120534106e+05 +4.119984706e+05 +4.119984706e+05
1389 0 +3.931376584e+05 +3.930827184e+05 +3.930827184e+05
1419 0 +3.502090649e+05 +3.501541249e+05 +3.501541249e+05
1437 0 +3.007615397e+05 +3.007065997e+05 +3.007065997e+05
1452 0 +2.994235513e+05 +2.993686113e+05 +2.993686113e+05
1454 0 +2.356302636e+05 +2.355753236e+05 +2.355753236e+05
1501 0 +1.806521030e+05 +1.805971630e+05 +1.805971630e+05
1618 0 +1.660429720e+05 +1.659880320e+05 +1.659880320e+05
1637 0 +1.563618146e+05 +1.563068746e+05 +1.563068746e+05
1669 0 +1.368815026e+05 +1.368265626e+05 +1.368265626e+05
1704 0 +1.234726359e+05 +1.234176959e+05 +1.234176959e+05
1772 0 +1.119075224e+05 +1.118525824e+05 +1.118525824e+05
1830 0 +9.787058128e+04 +9.781564128e+04 +9.781564128e+04
2150 0 +8.801491602e+04 +8.795997602e+04 +8.795997602e+04
2222 0 +7.911646813e+04 +7.906152813e+04 +7.906152813e+04
2317 0 +6.995452120e+04 +6.989958120e+04 +6.989958120e+04
2550 0 +6.217784896e+04 +6.212290896e+04 +6.212290896e+04
2730 0 +5.623250526e+04 +5.617756526e+04 +5.617756526e+04
3110 0 +5.005429516e+04 +4.999935516e+04 +4.999935516e+04
3338 0 +4.460269757e+04 +4.454775757e+04 +4.454775757e+04
3705 0 +3.972388146e+04 +3.966894146e+04 +3.966894146e+04
4064 0 +3.512774058e+04 +3.507280058e+04 +3.507280058e+04
4217 0 +3.153318365e+04 +3.147824365e+04 +3.147824365e+04
4342 0 +2.776603735e+04 +2.771109735e+04 +2.771109735e+04
4470 0 +2.501541591e+04 +2.496047591e+04 +2.496047591e+04
4621 0 +2.225652014e+04 +2.220158014e+04 +2.220158014e+04
4979 0 +1.992238401e+04 +1.986744401e+04 +1.986744401e+04
5285 0 +1.771339256e+04 +1.765845256e+04 +1.765845256e+04
5810 0 +1.584529230e+04 +1.579035230e+04 +1.579035230e+04
6656 0 +1.411801157e+04 +1.406307157e+04 +1.406307157e+04
7605 0 +1.257087429e+04 +1.251593429e+04 +1.251593429e+04
8898 0 +1.119881568e+04 +1.114387568e+04 +1.114387568e+04
11015 0 +9.995359079e+03 +9.940419079e+03 +9.940419079e+03
12041 0 +8.906600416e+03 +8.851660416e+03 +8.851660416e+03
12645 0 +7.941087719e+03 +7.886147719e+03 +7.886147719e+03
13655 0 +7.073351868e+03 +7.018411868e+03 +7.018411868e+03
16109 0 +6.309116285e+03 +6.254176285e+03 +6.254176285e+03
17960 0 +5.622850080e+03 +5.567910080e+03 +5.567910080e+03
21857 0 +5.011387510e+03 +4.956447510e+03 +4.956447510e+03
26887 0 +4.465765934e+03 +4.410825934e+03 +4.410825934e+03
30112 0 +3.979408092e+03 +3.924468092e+03 +3.924468092e+03
32512 0 +3.546805993e+03 +3.491865993e+03 +3.491865993e+03
35103 0 +3.161664039e+03 +3.106724039e+03 +3.106724039e+03
38148 0 +2.817752842e+03 +2.762812842e+03 +2.762812842e+03
40633 0 +2.511432574e+03 +2.456492574e+03 +2.456492574e+03
43089 0 +2.238547017e+03 +2.183607017e+03 +2.183607017e+03
46069 0 +1.995077958e+03 +1.940137958e+03 +1.940137958e+03
49678 0 +1.777927016e+03 +1.722987016e+03 +1.722987016e+03
54280 0 +1.584831818e+03 +1.529891818e+03 +1.529891818e+03
60131 0 +1.412444276e+03 +1.357504276e+03 +1.357504276e+03
67215 0 +1.258902856e+03 +1.203962856e+03 +1.203962856e+03
74377 0 +1.121904434e+03 +1.066964434e+03 +1.066964434e+03
79668 0 +9.998801394e+02 +9.449401394e+02 +9.449401394e+02
83872 0 +8.911680784e+02 +8.362280784e+02 +8.362280784e+02
88309 0 +7.943056510e+02 +7.393656510e+02 +7.393656510e+02
94512 0 +7.079455087e+02 +6.530055087e+02 +6.530055087e+02
105478 0 +6.309522215e+02 +5.760122215e+02 +5.760122215e+02
119013 0 +5.623396422e+02 +5.073996422e+02 +5.073996422e+02
135240 0 +5.011741764e+02 +4.462341764e+02 +4.462341764e+02
150748 0 +4.466518309e+02 +3.917118309e+02 +3.917118309e+02
169577 0 +3.981048227e+02 +3.431648227e+02 +3.431648227e+02
192819 0 +3.548098513e+02 +2.998698513e+02 +2.998698513e+02
228463 0 +3.162267405e+02 +2.612867405e+02 +2.612867405e+02
279709 0 +2.818354223e+02 +2.268954223e+02 +2.268954223e+02
338278 0 +2.511845893e+02 +1.962445893e+02 +1.962445893e+02
389638 0 +2.238681306e+02 +1.689281306e+02 +1.689281306e+02
400000 0 +2.179176863e+02 +1.629776863e+02 +1.629776863e+02
% f evaluations | g evaluations | best noise-free fitness - Fopt (5.913000000000e+01) + sum g_i+ | measured fitness | best measured fitness or single-digit g-values | x1 | x2...
1 0 +4.211731163e+07 +4.211737076e+07 +4.211737076e+07
3 0 +3.966667391e+07 +3.966673304e+07 +3.966673304e+07
5 0 +3.508226906e+07 +3.508232819e+07 +3.508232819e+07
6 0 +2.931783591e+07 +2.931789504e+07 +2.931789504e+07
39 0 +2.882570247e+07 +2.882576160e+07 +2.882576160e+07
102 0 +2.850321131e+07 +2.850327044e+07 +2.850327044e+07
108 0 +2.488811642e+07 +2.488817555e+07 +2.488817555e+07
234 0 +2.455321786e+07 +2.455327699e+07 +2.455327699e+07
1233 0 +2.371651342e+07 +2.371657255e+07 +2.371657255e+07
1236 0 +2.205800347e+07 +2.205806260e+07 +2.205806260e+07
1238 0 +1.899302897e+07 +1.899308810e+07 +1.899308810e+07
1242 0 +1.719427502e+07 +1.719433415e+07 +1.719433415e+07
1244 0 +1.683001977e+07 +1.683007890e+07 +1.683007890e+07
1248 0 +1.677377768e+07 +1.677383681e+07 +1.677383681e+07
1249 0 +1.585703603e+07 +1.585709516e+07 +1.585709516e+07
1252 0 +1.517871876e+07 +1.517877789e+07 +1.517877789e+07
1253 0 +1.508352384e+07 +1.508358297e+07 +1.508358297e+07
1255 0 +1.394292344e+07 +1.394298257e+07 +1.394298257e+07
1257 0 +1.242693061e+07 +1.242698974e+07 +1.242698974e+07
1259 0 +1.180363836e+07 +1.180369749e+07 +1.180369749e+07
1261 0 +1.077502686e+07 +1.077508599e+07 +1.077508599e+07
1266 0 +1.052497072e+07 +1.052502985e+07 +1.052502985e+07
1268 0 +8.317400511e+06 +8.317459641e+06 +8.317459641e+06
1270 0 +6.828159632e+06 +6.828218762e+06 +6.828218762e+06
1274 0 +6.501343988e+06 +6.501403118e+06 +6.501403118e+06
1276 0 +6.102642157e+06 +6.102701287e+06 +6.102701287e+06
1278 0 +6.009890165e+06 +6.009949295e+06 +6.009949295e+06
1280 0 +4.718094777e+06 +4.718153907e+06 +4.718153907e+06
1281 0 +4.057114668e+06 +4.057173798e+06 +4.057173798e+06
1284 0 +3.919798167e+06 +3.919857297e+06 +3.919857297e+06
1286 0 +3.706803297e+06 +3.706862427e+06 +3.706862427e+06
1289 0 +3.404046409e+06 +3.404105539e+06 +3.404105539e+06
1294 0 +3.168784461e+06 +3.168843591e+06 +3.168843591e+06
1295 0 +2.744811603e+06 +2.744870733e+06 +2.744870733e+06
1298 0 +2.643468345e+06 +2.643527475e+06 +2.643527475e+06
1299 0 +2.538375347e+06 +2.538434477e+06 +2.538434477e+06
1307 0 +2.509811968e+06 +2.509871098e+06 +2.509871098e+06
1310 0 +2.115737260e+06 +2.115796390e+06 +2.115796390e+06
1311 0 +1.909624875e+06 +1.909684005e+06 +1.909684005e+06
1314 0 +1.870440286e+06 +1.870499416e+06 +1.870499416e+06
1318 0 +1.665508550e+06 +1.665567680e+06 +1.665567680e+06
1319 0 +1.581384602e+06 +1.581443732e+06 +1.581443732e+06
1332 0 +1.479657505e+06 +1.479716635e+06 +1.479716635e+06
1333 0 +1.316037845e+06 +1.316096975e+06 +1.316096975e+06
1335 0 +1.198336082e+06 +1.198395212e+06 +1.198395212e+06
1345 0 +1.030879535e+06 +1.030938665e+06 +1.030938665e+06
1353 0 +9.815177716e+05 +9.815769016e+05 +9.815769016e+05
1361 0 +7.977112771e+05 +7.977704071e+05 +7.977704071e+05
1363 0 +6.591127691e+05 +6.591718991e+05 +6.591718991e+05
1375 0 +6.100373920e+05 +6.100965220e+05 +6.100965220e+05
1393 0 +5.576210621e+05 +5.576801921e+05 +5.576801921e+05
1411 0 +4.592152888e+05 +4.592744188e+05 +4.592744188e+05
1443 0 +4.205447764e+05 +4.206039064e+05 +4.206039064e+05
1449 0 +3.768712025e+05 +3.769303325e+05 +3.769303325e+05
1453 0 +3.472350008e+05 +3.472941308e+05 +3.472941308e+05
1500 0 +3.121650448e+05 +3.122241748e+05 +3.122241748e+05
1505 0 +2.959306573e+05 +2.959897873e+05 +2.959897873e+05
1598 0 +2.675526952e+05 +2.676118252e+05 +2.676118252e+05
1633 0 +2.253931437e+05 +2.254522737e+05 +2.254522737e+05
1647 0 +2.175394711e+05 +2.175986011e+05 +2.175986011e+05
1698 0 +1.960750350e+05 +1.961341650e+05 +1.961341650e+05
1740 0 +1.747498292e+05 +1.748089592e+05 +1.748089592e+05
1843 0 +1.413252499e+05 +1.413843799e+05 +1.413843799e+05
1849 0 +1.213173409e+05 +1.213764709e+05 +1.213764709e+05
2009 0 +1.074927884e+05 +1.075519184e+05 +1.075519184e+05
2094 0 +9.628681450e+04 +9.634594450e+04 +9.634594450e+04
2410 0 +8.859627117e+04 +8.865540117e+04 +8.865540117e+04
2575 0 +7.885029803e+04 +7.890942803e+04 +7.890942803e+04
2781 0 +7.039759188e+04 +7.045672188e+04 +7.045672188e+04
2956 0 +6.210214655e+04 +6.216127655e+04 +6.216127655e+04
3036 0 +5.547960229e+04 +5.553873229e+04 +5.553873229e+04
3092 0 +4.979549400e+04 +4.985462400e+04 +4.985462400e+04
3137 0 +4.447960863e+04 +4.453873863e+04 +4.453873863e+04
3180 0 +3.976449053e+04 +3.982362053e+04 +3.982362053e+04
3377 0 +3.482271675e+04 +3.488184675e+04 +3.488184675e+04
3784 0 +3.156922003e+04 +3.162835003e+04 +3.162835003e+04
4311 0 +2.805900304e+04 +2.811813304e+04 +2.811813304e+04
4578 0 +2.511769937e+04 +2.517682937e+04 +2.517682937e+04
5136 0 +2.238298248e+04 +2.244211248e+04 +2.244211248e+04
6403 0 +1.992192680e+04 +1.998105680e+04 +1.998105680e+04
6638 0 +1.777809218e+04 +1.783722218e+04 +1.783722218e+04
6716 0 +1.543117325e+04 +1.549030325e+04 +1.549030325e+04
6796 0 +1.398564283e+04 +1.404477283e+04 +1.404477283e+04
6968 0 +1.257563311e+04 +1.263476311e+04 +1.263476311e+04
7869 0 +1.119768126e+04 +1.125681126e+04 +1.125681126e+04
8134 0 +9.989479864e+03 +1.004860986e+04 +1.004860986e+04
8909 0 +8.903262925e+03 +8.962392925e+03 +8.962392925e+03
10598 0 +7.940018921e+03 +7.999148921e+03 +7.999148921e+03
15792 0 +7.078570394e+03 +7.137700394e+03 +7.137700394e+03
17421 0 +6.299437989e+03 +6.358567989e+03 +6.358567989e+03
17887 0 +5.612721357e+03 +5.671851357e+03 +5.671851357e+03
21414 0 +5.011547268e+03 +5.070677268e+03 +5.070677268e+03
27462 0 +4.466590369e+03 +4.525720369e+03 +4.525720369e+03
29570 0 +3.978571254e+03 +4.037701254e+03 +4.037701254e+03
33487 0 +3.547392234e+03 +3.606522234e+03 +3.606522234e+03
36699 0 +3.161863843e+03 +3.220993843e+03 +3.220993843e+03
39090 0 +2.817322595e+03 +2.876452595e+03 +2.876452595e+03
42459 0 +2.511838731e+03 +2.570968731e+03 +2.570968731e+03
52683 0 +2.238643779e+03 +2.297773779e+03 +2.297773779e+03
58542 0 +1.995212894e+03 +2.054342894e+03 +2.054342894e+03
69705 0 +1.778216760e+03 +1.837346760e+03 +1.837346760e+03
76711 0 +1.584541006e+03 +1.643671006e+03 +1.643671006e+03
83419 0 +1.412416631e+03 +1.471546631e+03 +1.471546631e+03
88557 0 +1.258788180e+03 +1.317918180e+03 +1.317918180e+03
106349 0 +1.121917084e+03 +1.181047084e+03 +1.181047084e+03
114251 0 +9.999915413e+02 +1.059121541e+03 +1.059121541e+03
121389 0 +8.912339385e+02 +9.503639385e+02 +9.503639385e+02
143462 0 +7.942805385e+02 +8.534105385e+02 +8.534105385e+02
153544 0 +7.079094968e+02 +7.670394968e+02 +7.670394968e+02
160699 0 +6.309431628e+02 +6.900731628e+02 +6.900731628e+02
170043 0 +5.622889915e+02 +6.214189915e+02 +6.214189915e+02
188433 0 +5.011817235e+02 +5.603117235e+02 +5.603117235e+02
210032 0 +4.466711732e+02 +5.058011732e+02 +5.058011732e+02
227330 0 +3.981001023e+02 +4.572301023e+02 +4.572301023e+02
255483 0 +3.547933121e+02 +4.139233121e+02 +4.139233121e+02
292320 0 +3.161875108e+02 +3.753175108e+02 +3.753175108e+02
333680 0 +2.818205793e+02 +3.409505793e+02 +3.409505793e+02
373088 0 +2.511832367e+02 +3.103132367e+02 +3.103132367e+02
400000 0 +2.300143894e+02 +2.891443894e+02 +2.891443894e+02
% f evaluations | g evaluations | best noise-free fitness - Fopt (-4.915300000000e+02) + sum g_i+ | measured fitness | best measured fitness or single-digit g-values | x1 | x2...
1 0 +1.893357181e+07 +1.893308028e+07 +1.893308028e+07
7 0 +1.571356092e+07 +1.571306939e+07 +1.571306939e+07
14 0 +1.467947649e+07 +1.467898496e+07 +1.467898496e+07
32 0 +1.415632781e+07 +1.415583628e+07 +1.415583628e+07
34 0 +1.308005048e+07 +1.307955895e+07 +1.307955895e+07
103 0 +1.280816955e+07 +1.280767802e+07 +1.280767802e+07
1213 0 +1.216021612e+07 +1.215972459e+07 +1.215972459e+07
1217 0 +1.076717549e+07 +1.076668396e+07 +1.076668396e+07
1222 0 +1.044769142e+07 +1.044719989e+07 +1.044719989e+07
1224 0 +1.018328066e+07 +1.018278913e+07 +1.018278913e+07
1230 0 +1.009226692e+07 +1.009177539e+07 +1.009177539e+07
1232 0 +9.839739871e+06 +9.839248341e+06 +9.839248341e+06
1233 0 +9.706826772e+06 +9.706335242e+06 +9.706335242e+06
1236 0 +8.458920336e+06 +8.458428806e+06 +8.458428806e+06
1238 0 +8.279710214e+06 +8.279218684e+06 +8.279218684e+06
1239 0 +7.828483484e+06 +7.827991954e+06 +7.827991954e+06
1242 0 +7.281796611e+06 +7.281305081e+06 +7.281305081e+06
1243 0 +6.939070612e+06 +6.938579082e+06 +6.938579082e+06
1248 0 +6.192658690e+06 +6.192167160e+06 +6.192167160e+06
1249 0 +5.492468730e+06 +5.491977200e+06 +5.491977200e+06
1251 0 +4.974032420e+06 +4.973540890e+06 +4.973540890e+06
1253 0 +4.814326870e+06 +4.813835340e+06 +4.813835340e+06
1260 0 +4.568008423e+06 +4.567516893e+06 +4.567516893e+06
1262 0 +4.093271591e+06 +4.092780061e+06 +4.092780061e+06
1264 0 +3.794141210e+06 +3.793649680e+06 +3.793649680e+06
1271 0 +3.586672102e+06 +3.586180572e+06 +3.586180572e+06
1273 0 +3.546251800e+06 +3.545760270e+06 +3.545760270e+06
1276 0 +3.265152463e+06 +3.264660933e+06 +3.264660933e+06
1277 0 +3.145670484e+06 +3.145178954e+06 +3.145178954e+06
1279 0 +3.057305088e+06 +3.056813558e+06 +3.056813558e+06
1281 0 +2.935616038e+06 +2.935124508e+06 +2.935124508e+06
1285 0 +2.893606626e+06 +2.893115096e+06 +2.893115096e+06
1287 0 +2.798978547e+06 +2.798487017e+06 +2.798487017e+06
1291 0 +2.646422040e+06 +2.645930510e+06 +2.645930510e+06
1293 0 +2.446346977e+06 +2.445855447e+06 +2.445855447e+06
1298 0 +2.223264883e+06 +2.222773353e+06 +2.222773353e+06
1300 0 +2.156898080e+06 +2.156406550e+06 +2.156406550e+06
1305 0 +2.076162161e+06 +2.075670631e+06 +2.075670631e+06
1313 0 +1.917549228e+06 +1.917057698e+06 +1.917057698e+06
1319 0 +1.813660515e+06 +1.813168985e+06 +1.813168985e+06
1322 0 +1.792137387e+06 +1.791645857e+06 +1.791645857e+06
1330 0 +1.673014971e+06 +1.672523441e+06 +1.672523441e+06
1344 0 +1.574056070e+06 +1.573564540e+06 +1.573564540e+06
1349 0 +1.490695515e+06 +1.490203985e+06 +1.490203985e+06
1361 0 +1.312315020e+06 +1.311823490e+06 +1.311823490e+06
1367 0 +1.225512957e+06 +1.225021427e+06 +1.225021427e+06
1375 0 +1.123781516e+06 +1.123289986e+06 +1.123289986e+06
1384 0 +1.065658501e+06 +1.065166971e+06 +1.065166971e+06
1389 0 +9.030372095e+05 +9.025456795e+05 +9.025456795e+05
1393 0 +8.807077235e+05 +8.802161935e+05 +8.802161935e+05
1397 0 +7.576473223e+05 +7.571557923e+05 +7.571557923e+05
1399 0 +6.752889642e+05 +6.747974342e+05 +6.747974342e+05
1431 0 +5.771474869e+05 +5.766559569e+05 +5.766559569e+05
1445 0 +5.111308652e+05 +5.106393352e+05 +5.106393352e+05
1455 0 +4.868698691e+05 +4.863783391e+05 +4.863783391e+05
1479 0 +4.009695411e+05 +4.004780111e+05 +4.004780111e+05
1531 0 +3.737505694e+05 +3.732590394e+05 +3.732590394e+05
1555 0 +3.475328828e+05 +3.470413528e+05 +3.470413528e+05
1559 0 +3.108735006e+05 +3.103819706e+05 +3.103819706e+05
1589 0 +2.729839372e+05 +2.724924072e+05 +2.724924072e+05
1695 0 +2.470746807e+05 +2.465831507e+05 +2.465831507e+05
1745 0 +2.219283069e+05 +2.214367769e+05 +2.214367769e+05
1780 0 +1.903366698e+05 +1.898451398e+05 +1.898451398e+05
1944 0 +1.701348305e+05 +1.696433005e+05 +1.696433005e+05
1957 0 +1.560970501e+05 +1.556055201e+05 +1.556055201e+05
2011 0 +1.370443778e+05 +1.365528478e+05 +1.365528478e+05
2195 0 +1.229067616e+05 +1.224152316e+05 +1.224152316e+05
2247 0 +1.101390458e+05 +1.096475158e+05 +1.096475158e+05
2376 0 +9.975600855e+04 +9.926447855e+04 +9.926447855e+04
2443 0 +8.803832419e+04 +8.754679419e+04 +8.754679419e+04
2923 0 +7.930650504e+04 +7.881497504e+04 +7.881497504e+04
3096 0 +7.063696970e+04 +7.014543970e+04 +7.014543970e+04
3216 0 +6.236924846e+04 +6.187771846e+04 +6.187771846e+04
3274 0 +5.610824783e+04 +5.561671783e+04 +5.561671783e+04
3315 0 +4.925850586e+04 +4.876697586e+04 +4.876697586e+04
3439 0 +4.462287590e+04 +4.413134590e+04 +4.413134590e+04
3929 0 +3.959268813e+04 +3.910115813e+04 +3.910115813e+04
4280 0 +3.539850303e+04 +3.490697303e+04 +3.490697303e+04
4819 0 +3.157911246e+04 +3.108758246e+04 +3.108758246e+04
4905 0 +2.795100632e+04 +2.745947632e+04 +2.745947632e+04
5176 0 +2.503675090e+04 +2.454522090e+04 +2.454522090e+04
6319 0 +2.237202563e+04 +2.188049563e+04 +2.188049563e+04
6585 0 +1.983953108e+04 +1.934800108e+04 +1.934800108e+04
6820 0 +1.775626713e+04 +1.726473713e+04 +1.726473713e+04
7051 0 +1.582862546e+04 +1.533709546e+04 +1.533709546e+04
7365 0 +1.408016542e+04 +1.358863542e+04 +1.358863542e+04
8086 0 +1.258905031e+04 +1.209752031e+04 +1.209752031e+04
9337 0 +1.121845485e+04 +1.072692485e+04 +1.072692485e+04
10541 0 +9.998053344e+03 +9.506523344e+03 +9.506523344e+03
11341 0 +8.896703861e+03 +8.405173861e+03 +8.405173861e+03
12576 0 +7.934336941e+03 +7.442806941e+03 +7.442806941e+03
15430 0 +7.074254772e+03 +6.582724772e+03 +6.582724772e+03
16230 0 +6.301077223e+03 +5.809547223e+03 +5.809547223e+03
17644 0 +5.621770732e+03 +5.130240732e+03 +5.130240732e+03
19081 0 +5.011045414e+03 +4.519515414e+03 +4.519515414e+03
20116 0 +4.466575763e+03 +3.975045763e+03 +3.975045763e+03
20917 0 +3.973772891e+03 +3.482242891e+03 +3.482242891e+03
21990 0 +3.544329670e+03 +3.052799670e+03 +3.052799670e+03
22824 0 +3.162071064e+03 +2.670541064e+03 +2.670541064e+03
24664 0 +2.817439417e+03 +2.325909417e+03 +2.325909417e+03
27413 0 +2.510065552e+03 +2.018535552e+03 +2.018535552e+03
29544 0 +2.238458039e+03 +1.746928039e+03 +1.746928039e+03
32050 0 +1.995090706e+03 +1.503560706e+03 +1.503560706e+03
38166 0 +1.778274837e+03 +1.286744837e+03 +1.286744837e+03
43151 0 +1.584576583e+03 +1.093046583e+03 +1.093046583e+03
50388 0 +1.412532453e+03 +9.210024528e+02 +9.210024528e+02
52895 0 +1.258757094e+03 +7.672270944e+02 +7.672270944e+02
56370 0 +1.121832816e+03 +6.303028155e+02 +6.303028155e+02
71069 0 +9.999780124e+02 +5.084480124e+02 +5.084480124e+02
79311 0 +8.911748739e+02 +3.996448739e+02 +3.996448739e+02
91342 0 +7.942248342e+02 +3.026948342e+02 +3.026948342e+02
111443 0 +7.079059415e+02 +2.163759415e+02 +2.163759415e+02
138526 0 +6.309466588e+02 +1.394166588e+02 +1.394166588e+02
156808 0 +5.623377501e+02 +7.080775007e+01 +7.080775007e+01
185946 0 +5.011861312e+02 +9.656131192e+00 +9.656131192e+00
207372 0 +4.466755371e+02 -4.485446293e+01 -4.485446293e+01
241532 0 +3.981021337e+02 -9.342786634e+01 -9.342786634e+01
291840 0 +3.548114653e+02 -1.367185347e+02 -1.367185347e+02
349453 0 +3.162261623e+02 -1.753038377e+02 -1.753038377e+02
400000 0 +2.837370132e+02 -2.077929868e+02 -2.077929868e+02
% f evaluations | g evaluations | best noise-free fitness - Fopt (-1.702000000000e+02) + sum g_i+ | measured fitness | best measured fitness or single-digit g-values | x1 | x2...
1 0 +9.334874622e+06 +9.334704422e+06 +9.334704422e+06
4 0 +7.135364798e+06 +7.135194598e+06 +7.135194598e+06
10 0 +6.654454491e+06 +6.654284291e+06 +6.654284291e+06
19 0 +6.552274262e+06 +6.552104062e+06 +6.552104062e+06
49 0 +6.198632533e+06 +6.198462333e+06 +6.198462333e+06
67 0 +5.666460069e+06 +5.666289869e+06 +5.666289869e+06
115 0 +5.303098024e+06 +5.302927824e+06 +5.302927824e+06
130 0 +4.953811150e+06 +4.953640950e+06 +4.953640950e+06
1231 0 +4.684525735e+06 +4.684355535e+06 +4.684355535e+06
1235 0 +4.432222383e+06 +4.432052183e+06 +4.432052183e+06
1240 0 +4.077813355e+06 +4.077643155e+06 +4.077643155e+06
1243 0 +3.749582212e+06 +3.749412012e+06 +3.749412012e+06
1245 0 +3.180128045e+06 +3.179957845e+06 +3.179957845e+06
1248 0 +2.949578986e+06 +2.949408786e+06 +2.949408786e+06
1249 0 +2.891187232e+06 +2.891017032e+06 +2.891017032e+06
1253 0 +2.788445018e+06 +2.788274818e+06 +2.788274818e+06
1255 0 +2.664295709e+06 +2.664125509e+06 +2.664125509e+06
1258 0 +2.509802712e+06 +2.509632512e+06 +2.509632512e+06
1259 0 +2.124913190e+06 +2.124742990e+06 +2.124742990e+06
1262 0 +2.077858416e+06 +2.077688216e+06 +2.077688216e+06
1264 0 +1.611285448e+06 +1.611115248e+06 +1.611115248e+06
1265 0 +1.445839506e+06 +1.445669306e+06 +1.445669306e+06
1268 0 +1.324012739e+06 +1.323842539e+06 +1.323842539e+06
1272 0 +1.120848372e+06 +1.120678172e+06 +1.120678172e+06
1274 0 +1.074219446e+06 +1.074049246e+06 +1.074049246e+06
1275 0 +9.384187184e+05 +9.382485184e+05 +9.382485184e+05
1279 0 +8.442291357e+05 +8.440589357e+05 +8.440589357e+05
1290 0 +7.581815846e+05 +7.580113846e+05 +7.580113846e+05
1304 0 +6.838093256e+05 +6.836391256e+05 +6.836391256e+05
1310 0 +5.981338054e+05 +5.979636054e+05 +5.979636054e+05
1357 0 +5.107425773e+05 +5.105723773e+05 +5.105723773e+05
1367 0 +4.969675224e+05 +4.967973224e+05 +4.967973224e+05
1419 0 +3.692446140e+05 +3.690744140e+05 +3.690744140e+05
1447 0 +3.517442757e+05 +3.515740757e+05 +3.515740757e+05
1665 0 +3.141770290e+05 +3.140068290e+05 +3.140068290e+05
1739 0 +2.854477454e+05 +2.852775454e+05 +2.852775454e+05
1761 0 +2.811093679e+05 +2.809391679e+05 +2.809391679e+05
1990 0 +2.481621701e+05 +2.479919701e+05 +2.479919701e+05
2059 0 +2.192362280e+05 +2.190660280e+05 +2.190660280e+05
2143 0 +1.988809968e+05 +1.987107968e+05 +1.987107968e+05
2190 0 +1.757393496e+05 +1.755691496e+05 +1.755691496e+05
2223 0 +1.546619924e+05 +1.544917924e+05 +1.544917924e+05
2270 0 +1.402601534e+05 +1.400899534e+05 +1.400899534e+05
2371 0 +1.257417411e+05 +1.255715411e+05 +1.255715411e+05
2675 0 +1.121960283e+05 +1.120258283e+05 +1.120258283e+05
2890 0 +9.999466905e+04 +9.982446905e+04 +9.982446905e+04
3198 0 +8.892347160e+04 +8.875327160e+04 +8.875327160e+04
3428 0 +7.911313073e+04 +7.894293073e+04 +7.894293073e+04
3905 0 +7.074108788e+04 +7.057088788e+04 +7.057088788e+04
4465 0 +6.309482219e+04 +6.292462219e+04 +6.292462219e+04
5564 0 +5.623373425e+04 +5.606353425e+04 +5.606353425e+04
6003 0 +5.000317651e+04 +4.983297651e+04 +4.983297651e+04
6063 0 +4.439661183e+04 +4.422641183e+04 +4.422641183e+04
6110 0 +3.963183838e+04 +3.946163838e+04 +3.946163838e+04
6219 0 +3.539692158e+04 +3.522672158e+04 +3.522672158e+04
6510 0 +3.156745783e+04 +3.139725783e+04 +3.139725783e+04
7126 0 +2.815878644e+04 +2.798858644e+04 +2.798858644e+04
7472 0 +2.509142410e+04 +2.492122410e+04 +2.492122410e+04
7966 0 +2.228341410e+04 +2.211321410e+04 +2.211321410e+04
8350 0 +1.989836571e+04 +1.972816571e+04 +1.972816571e+04
8788 0 +1.776598120e+04 +1.759578120e+04 +1.759578120e+04
8910 0 +1.571193529e+04 +1.554173529e+04 +1.554173529e+04
8990 0 +1.403663702e+04 +1.386643702e+04 +1.386643702e+04
9230 0 +1.254490861e+04 +1.237470861e+04 +1.237470861e+04
9436 0 +1.121630178e+04 +1.104610178e+04 +1.104610178e+04
9779 0 +9.989462495e+03 +9.819262495e+03 +9.819262495e+03
10474 0 +8.904244170e+03 +8.734044170e+03 +8.734044170e+03
11382 0 +7.939710677e+03 +7.769510677e+03 +7.769510677e+03
12663 0 +7.074132877e+03 +6.903932877e+03 +6.903932877e+03
14014 0 +6.308623434e+03 +6.138423434e+03 +6.138423434e+03
15252 0 +5.616347186e+03 +5.446147186e+03 +5.446147186e+03
16446 0 +5.004960979e+03 +4.834760979e+03 +4.834760979e+03
17198 0 +4.458936067e+03 +4.288736067e+03 +4.288736067e+03
18209 0 +3.972611672e+03 +3.802411672e+03 +3.802411672e+03
19536 0 +3.547838657e+03 +3.377638657e+03 +3.377638657e+03
20943 0 +3.161592520e+03 +2.991392520e+03 +2.991392520e+03
23112 0 +2.817039183e+03 +2.646839183e+03 +2.646839183e+03
24358 0 +2.511764010e+03 +2.341564010e+03 +2.341564010e+03
27509 0 +2.237706232e+03 +2.067506232e+03 +2.067506232e+03
31549 0 +1.995189354e+03 +1.824989354e+03 +1.824989354e+03
39501 0 +1.778194763e+03 +1.607994763e+03 +1.607994763e+03
48563 0 +1.584772023e+03 +1.414572023e+03 +1.414572023e+03
58003 0 +1.412510820e+03 +1.242310820e+03 +1.242310820e+03
72669 0 +1.258741707e+03 +1.088541707e+03 +1.088541707e+03
89949 0 +1.122003532e+03 +9.518035316e+02 +9.518035316e+02
106194 0 +9.999788828e+02 +8.297788828e+02 +8.297788828e+02
119466 0 +8.912404556e+02 +7.210404556e+02 +7.210404556e+02
134102 0 +7.943011886e+02 +6.241011886e+02 +6.241011886e+02
150395 0 +7.079099417e+02 +5.377099417e+02 +5.377099417e+02
166601 0 +6.309052573e+02 +4.607052573e+02 +4.607052573e+02
185149 0 +5.623337352e+02 +3.921337352e+02 +3.921337352e+02
209842 0 +5.011869235e+02 +3.309869235e+02 +3.309869235e+02
239155 0 +4.466818304e+02 +2.764818304e+02 +2.764818304e+02
274151 0 +3.981062948e+02 +2.279062948e+02 +2.279062948e+02
312989 0 +3.548053430e+02 +1.846053430e+02 +1.846053430e+02
356372 0 +3.162270201e+02 +1.460270201e+02 +1.460270201e+02
400000 0 +2.894252496e+02 +1.192252496e+02 +1.192252496e+02
% f evaluations | g evaluations | best noise-free fitness - Fopt (-4.697500000000e+02) + sum g_i+ | measured fitness | best measured fitness or single-digit g-values | x1 | x2...
1 0 +1.529782787e+07 +1.529735812e+07 +1.529735812e+07
5 0 +1.354582385e+07 +1.354535410e+07 +1.354535410e+07
7 0 +1.314975467e+07 +1.314928492e+07 +1.314928492e+07
8 0 +1.226246013e+07 +1.226199038e+07 +1.226199038e+07
10 0 +1.217440576e+07 +1.217393601e+07 +1.217393601e+07
104 0 +1.117528349e+07 +1.117481374e+07 +1.117481374e+07
137 0 +1.108065155e+07 +1.108018180e+07 +1.108018180e+07
139 0 +1.062740206e+07 +1.062693231e+07 +1.062693231e+07
1224 0 +1.020112872e+07 +1.020065897e+07 +1.020065897e+07
1226 0 +9.853489646e+06 +9.853019896e+06 +9.853019896e+06
1228 0 +9.139762107e+06 +9.139292357e+06 +9.139292357e+06
1230 0 +8.266049906e+06 +8.265580156e+06 +8.265580156e+06
1232 0 +7.954412715e+06 +7.953942965e+06 +7.953942965e+06
1235 0 +7.670419009e+06 +7.669949259e+06 +7.669949259e+06
1237 0 +6.617985234e+06 +6.617515484e+06 +6.617515484e+06
1239 0 +5.882712172e+06 +5.882242422e+06 +5.882242422e+06
1242 0 +5.741778856e+06 +5.741309106e+06 +5.741309106e+06
1243 0 +5.600591406e+06 +5.600121656e+06 +5.600121656e+06
1245 0 +5.048873779e+06 +5.048404029e+06 +5.048404029e+06
1248 0 +4.375202120e+06 +4.374732370e+06 +4.374732370e+06
1251 0 +4.026685489e+06 +4.026215739e+06 +4.026215739e+06
1257 0 +3.776381693e+06 +3.775911943e+06 +3.775911943e+06
1259 0 +3.404987322e+06 +3.404517572e+06 +3.404517572e+06
1262 0 +3.037927743e+06 +3.037457993e+06 +3.037457993e+06
1263 0 +2.532789756e+06 +2.532320006e+06 +2.532320006e+06
1265 0 +2.416384773e+06 +2.415915023e+06 +2.415915023e+06
1268 0 +2.120841283e+06 +2.120371533e+06 +2.120371533e+06
1272 0 +2.061751096e+06 +2.061281346e+06 +2.061281346e+06
1274 0 +1.830154455e+06 +1.829684705e+06 +1.829684705e+06
1276 0 +1.715247688e+06 +1.714777938e+06 +1.714777938e+06
1282 0 +1.599402816e+06 +1.598933066e+06 +1.598933066e+06
1283 0 +1.515750602e+06 +1.515280852e+06 +1.515280852e+06
1292 0 +1.447796635e+06 +1.447326885e+06 +1.447326885e+06
1294 0 +1.409218819e+06 +1.408749069e+06 +1.408749069e+06
1298 0 +1.333299168e+06 +1.332829418e+06 +1.332829418e+06
1300 0 +1.276245511e+06 +1.275775761e+06 +1.275775761e+06
1302 0 +1.243491838e+06 +1.243022088e+06 +1.243022088e+06
1311 0 +1.167048067e+06 +1.166578317e+06 +1.166578317e+06
1317 0 +1.002323296e+06 +1.001853546e+06 +1.001853546e+06
1319 0 +9.936013661e+05 +9.931316161e+05 +9.931316161e+05
1337 0 +8.754287173e+05 +8.749589673e+05 +8.749589673e+05
1348 0 +7.919812573e+05 +7.915115073e+05 +7.915115073e+05
1370 0 +6.930702040e+05 +6.926004540e+05 +6.926004540e+05
1412 0 +6.255720128e+05 +6.251022628e+05 +6.251022628e+05
1442 0 +5.976062027e+05 +5.971364527e+05 +5.971364527e+05
1450 0 +5.495424858e+05 +5.490727358e+05 +5.490727358e+05
1459 0 +4.981414258e+05 +4.976716758e+05 +4.976716758e+05
1498 0 +4.131886727e+05 +4.127189227e+05 +4.127189227e+05
1513 0 +3.826608379e+05 +3.821910879e+05 +3.821910879e+05
1707 0 +3.513601249e+05 +3.508903749e+05 +3.508903749e+05
1751 0 +3.105771068e+05 +3.101073568e+05 +3.101073568e+05
1776 0 +2.972051097e+05 +2.967353597e+05 +2.967353597e+05
1805 0 +2.748662636e+05 +2.743965136e+05 +2.743965136e+05
1949 0 +2.479270125e+05 +2.474572625e+05 +2.474572625e+05
1999 0 +2.227111701e+05 +2.222414201e+05 +2.222414201e+05
2024 0 +1.980405695e+05 +1.975708195e+05 +1.975708195e+05
2045 0 +1.743360034e+05 +1.738662534e+05 +1.738662534e+05
2091 0 +1.575307744e+05 +1.570610244e+05 +1.570610244e+05
2191 0 +1.407756124e+05 +1.403058624e+05 +1.403058624e+05
2378 0 +1.246578214e+05 +1.241880714e+05 +1.241880714e+05
2497 0 +1.121782845e+05 +1.117085345e+05 +1.117085345e+05
2885 0 +9.934358821e+04 +9.887383821e+04 +9.887383821e+04
3137 0 +8.854434801e+04 +8.807459801e+04 +8.807459801e+04
3165 0 +7.931391181e+04 +7.884416181e+04 +7.884416181e+04
3245 0 +7.075420988e+04 +7.028445988e+04 +7.028445988e+04
3510 0 +6.285855347e+04 +6.238880347e+04 +6.238880347e+04
3670 0 +5.569119187e+04 +5.522144187e+04 +5.522144187e+04
4220 0 +5.009807094e+04 +4.962832094e+04 +4.962832094e+04
4861 0 +4.459339763e+04 +4.412364763e+04 +4.412364763e+04
5133 0 +3.936771569e+04 +3.889796569e+04 +3.889796569e+04
5352 0 +3.542106609e+04 +3.495131609e+04 +3.495131609e+04
5969 0 +3.160195452e+04 +3.113220452e+04 +3.113220452e+04
6869 0 +2.818310223e+04 +2.771335223e+04 +2.771335223e+04
7795 0 +2.510175900e+04 +2.463200900e+04 +2.463200900e+04
8201 0 +2.236740048e+04 +2.189765048e+04 +2.189765048e+04
8637 0 +1.994914957e+04 +1.947939957e+04 +1.947939957e+04
9789 0 +1.777586898e+04 +1.730611898e+04 +1.730611898e+04
11027 0 +1.584367376e+04 +1.537392376e+04 +1.537392376e+04
11971 0 +1.411904222e+04 +1.364929222e+04 +1.364929222e+04
12769 0 +1.258533936e+04 +1.211558936e+04 +1.211558936e+04
14108 0 +1.120255526e+04 +1.073280526e+04 +1.073280526e+04
16467 0 +9.997458360e+03 +9.527708360e+03 +9.527708360e+03
18629 0 +8.910640212e+03 +8.440890212e+03 +8.440890212e+03
20315 0 +7.942730547e+03 +7.472980547e+03 +7.472980547e+03
22689 0 +7.078490380e+03 +6.608740380e+03 +6.608740380e+03
25729 0 +6.307078542e+03 +5.837328542e+03 +5.837328542e+03
29311 0 +5.622743179e+03 +5.152993179e+03 +5.152993179e+03
33389 0 +5.010642520e+03 +4.540892520e+03 +4.540892520e+03
37306 0 +4.466344652e+03 +3.996594652e+03 +3.996594652e+03
40467 0 +3.980357303e+03 +3.510607303e+03 +3.510607303e+03
43174 0 +3.547569196e+03 +3.077819196e+03 +3.077819196e+03
45897 0 +3.162190224e+03 +2.692440224e+03 +2.692440224e+03
48652 0 +2.817981189e+03 +2.348231189e+03 +2.348231189e+03
51894 0 +2.511494429e+03 +2.041744429e+03 +2.041744429e+03
56155 0 +2.238484238e+03 +1.768734238e+03 +1.768734238e+03
61035 0 +1.994148416e+03 +1.524398416e+03 +1.524398416e+03
66374 0 +1.778107019e+03 +1.308357019e+03 +1.308357019e+03
71913 0 +1.584749582e+03 +1.114999582e+03 +1.114999582e+03
79638 0 +1.412473804e+03 +9.427238040e+02 +9.427238040e+02
84343 0 +1.258866764e+03 +7.891167635e+02 +7.891167635e+02
87646 0 +1.121967242e+03 +6.522172416e+02 +6.522172416e+02
92046 0 +9.999789742e+02 +5.302289742e+02 +5.302289742e+02
98219 0 +8.911525541e+02 +4.214025541e+02 +4.214025541e+02
108707 0 +7.943064123e+02 +3.245564123e+02 +3.245564123e+02
118673 0 +7.079359904e+02 +2.381859904e+02 +2.381859904e+02
125299 0 +6.309527092e+02 +1.612027092e+02 +1.612027092e+02
131602 0 +5.623138176e+02 +9.256381762e+01 +9.256381762e+01
136267 0 +5.010675513e+02 +3.131755135e+01 +3.131755135e+01
141223 0 +4.465821604e+02 -2.316783957e+01 -2.316783957e+01
146294 0 +3.980795283e+02 -7.167047167e+01 -7.167047167e+01
151894 0 +3.547863108e+02 -1.149636892e+02 -1.149636892e+02
158446 0 +3.162223366e+02 -1.535276634e+02 -1.535276634e+02
165947 0 +2.817872235e+02 -1.879627765e+02 -1.879627765e+02
176494 0 +2.511695364e+02 -2.185804636e+02 -2.185804636e+02
192084 0 +2.238707729e+02 -2.458792271e+02 -2.458792271e+02
211489 0 +1.995242899e+02 -2.702257101e+02 -2.702257101e+02
224717 0 +1.778138652e+02 -2.919361348e+02 -2.919361348e+02
255997 0 +1.584878508e+02 -3.112621492e+02 -3.112621492e+02
287205 0 +1.412521512e+02 -3.284978488e+02 -3.284978488e+02
330534 0 +1.258884041e+02 -3.438615959e+02 -3.438615959e+02
347099 0 +1.121987062e+02 -3.575512938e+02 -3.575512938e+02
358261 0 +9.999895356e+01 -3.697510464e+02 -3.697510464e+02
373428 0 +8.912390968e+01 -3.806260903e+02 -3.806260903e+02
400000 0 +8.052555965e+01 -3.892244404e+02 -3.892244404e+02
% f evaluations | g evaluations | best noise-free fitness - Fopt (-5.704700000000e+02) + sum g_i+ | measured fitness | best measured fitness or single-digit g-values | x1 | x2...
1 0 +1.486519790e+07 +1.486462743e+07 +1.486462743e+07
4 0 +1.361988055e+07 +1.361931008e+07 +1.361931008e+07
16 0 +1.279644962e+07 +1.279587915e+07 +1.279587915e+07
20 0 +1.101440956e+07 +1.101383909e+07 +1.101383909e+07
22 0 +1.063687895e+07 +1.063630848e+07 +1.063630848e+07
83 0 +1.019671115e+07 +1.019614068e+07 +1.019614068e+07
110 0 +8.631544532e+06 +8.630974062e+06 +8.630974062e+06
1230 0 +7.518416010e+06 +7.517845540e+06 +7.517845540e+06
1231 0 +7.393522971e+06 +7.392952501e+06 +7.392952501e+06
1234 0 +7.277467168e+06 +7.276896698e+06 +7.276896698e+06
1235 0 +7.138065144e+06 +7.137494674e+06 +7.137494674e+06
1238 0 +7.043060233e+06 +7.042489763e+06 +7.042489763e+06
1239 0 +5.525511729e+06 +5.524941259e+06 +5.524941259e+06
1244 0 +5.175998461e+06 +5.175427991e+06 +5.175427991e+06
1249 0 +4.835523326e+06 +4.834952856e+06 +4.834952856e+06
1253 0 +4.614925928e+06 +4.614355458e+06 +4.614355458e+06
1256 0 +4.367855154e+06 +4.367284684e+06 +4.367284684e+06
1260 0 +3.969570176e+06 +3.968999706e+06 +3.968999706e+06
1262 0 +3.324922054e+06 +3.324351584e+06 +3.324351584e+06
1263 0 +3.161698993e+06 +3.161128523e+06 +3.161128523e+06
1270 0 +2.912133090e+06 +2.911562620e+06 +2.911562620e+06
1272 0 +2.790644615e+06 +2.790074145e+06 +2.790074145e+06
1273 0 +2.678365602e+06 +2.677795132e+06 +2.677795132e+06
1275 0 +2.352461723e+06 +2.351891253e+06 +2.351891253e+06
1280 0 +1.981595656e+06 +1.981025186e+06 +1.981025186e+06
1281 0 +1.656930097e+06 +1.656359627e+06 +1.656359627e+06
1284 0 +1.558679126e+06 +1.558108656e+06 +1.558108656e+06
1289 0 +1.421564823e+06 +1.420994353e+06 +1.420994353e+06
1291 0 +1.294654156e+06 +1.294083686e+06 +1.294083686e+06
1293 0 +1.077546609e+06 +1.076976139e+06 +1.076976139e+06
1299 0 +9.898223027e+05 +9.892518327e+05 +9.892518327e+05
1307 0 +8.682436776e+05 +8.676732076e+05 +8.676732076e+05
1317 0 +7.854176986e+05 +7.848472286e+05 +7.848472286e+05
1340 0 +6.904826842e+05 +6.899122142e+05 +6.899122142e+05
1363 0 +6.280598227e+05 +6.274893527e+05 +6.274893527e+05
1365 0 +5.951231629e+05 +5.945526929e+05 +5.945526929e+05
1406 0 +5.576111726e+05 +5.570407026e+05 +5.570407026e+05
1430 0 +4.736004017e+05 +4.730299317e+05 +4.730299317e+05
1435 0 +4.343262430e+05 +4.337557730e+05 +4.337557730e+05
1448 0 +3.612763103e+05 +3.607058403e+05 +3.607058403e+05
1468 0 +3.129375315e+05 +3.123670615e+05 +3.123670615e+05
1477 0 +2.879815495e+05 +2.874110795e+05 +2.874110795e+05
1509 0 +2.781280168e+05 +2.775575468e+05 +2.775575468e+05
1536 0 +2.362958040e+05 +2.357253340e+05 +2.357253340e+05
1616 0 +2.168247085e+05 +2.162542385e+05 +2.162542385e+05
1685 0 +1.855672833e+05 +1.849968133e+05 +1.849968133e+05
1765 0 +1.723109813e+05 +1.717405113e+05 +1.717405113e+05
1845 0 +1.528087859e+05 +1.522383159e+05 +1.522383159e+05
2016 0 +1.394720711e+05 +1.389016011e+05 +1.389016011e+05
2105 0 +1.241199032e+05 +1.235494332e+05 +1.235494332e+05
2168 0 +1.120647174e+05 +1.114942474e+05 +1.114942474e+05
2345 0 +9.872184573e+04 +9.815137573e+04 +9.815137573e+04
2642 0 +8.857932539e+04 +8.800885539e+04 +8.800885539e+04
2668 0 +7.880042412e+04 +7.822995412e+04 +7.822995412e+04
2777 0 +7.021540103e+04 +6.964493103e+04 +6.964493103e+04
3016 0 +6.280417171e+04 +6.223370171e+04 +6.223370171e+04
3256 0 +5.617468395e+04 +5.560421395e+04 +5.560421395e+04
3403 0 +5.008281769e+04 +4.951234769e+04 +4.951234769e+04
3648 0 +4.253698258e+04 +4.196651258e+04 +4.196651258e+04
3677 0 +3.901347889e+04 +3.844300889e+04 +3.844300889e+04
3723 0 +3.462358578e+04 +3.405311578e+04 +3.405311578e+04
3921 0 +3.161275707e+04 +3.104228707e+04 +3.104228707e+04
4345 0 +2.815090621e+04 +2.758043621e+04 +2.758043621e+04
4455 0 +2.498041673e+04 +2.440994673e+04 +2.440994673e+04
4523 0 +2.234981161e+04 +2.177934161e+04 +2.177934161e+04
4725 0 +1.988146866e+04 +1.931099866e+04 +1.931099866e+04
4940 0 +1.776452581e+04 +1.719405581e+04 +1.719405581e+04
5308 0 +1.584025986e+04 +1.526978986e+04 +1.526978986e+04
5729 0 +1.403224703e+04 +1.346177703e+04 +1.346177703e+04
6145 0 +1.255714523e+04 +1.198667523e+04 +1.198667523e+04
6689 0 +1.121150328e+04 +1.064103328e+04 +1.064103328e+04
6949 0 +9.990910355e+03 +9.420440355e+03 +9.420440355e+03
7225 0 +8.882041954e+03 +8.311571954e+03 +8.311571954e+03
7486 0 +7.942855957e+03 +7.372385957e+03 +7.372385957e+03
8065 0 +7.077045966e+03 +6.506575966e+03 +6.506575966e+03
9180 0 +6.307940033e+03 +5.737470033e+03 +5.737470033e+03
10975 0 +5.623254870e+03 +5.052784870e+03 +5.052784870e+03
14255 0 +5.010546691e+03 +4.440076691e+03 +4.440076691e+03
17016 0 +4.465553042e+03 +3.895083042e+03 +3.895083042e+03
17561 0 +3.980378501e+03 +3.409908501e+03 +3.409908501e+03
18027 0 +3.546004482e+03 +2.975534482e+03 +2.975534482e+03
18717 0 +3.159479654e+03 +2.589009654e+03 +2.589009654e+03
20305 0 +2.818070189e+03 +2.247600189e+03 +2.247600189e+03
23663 0 +2.511825275e+03 +1.941355275e+03 +1.941355275e+03
27892 0 +2.238283444e+03 +1.667813444e+03 +1.667813444e+03
30000 0 +1.993381622e+03 +1.422911622e+03 +1.422911622e+03
31283 0 +1.777432350e+03 +1.206962350e+03 +1.206962350e+03
35523 0 +1.584487839e+03 +1.014017839e+03 +1.014017839e+03
40517 0 +1.412332450e+03 +8.418624500e+02 +8.418624500e+02
48596 0 +1.258783530e+03 +6.883135298e+02 +6.883135298e+02
64817 0 +1.121965326e+03 +5.514953263e+02 +5.514953263e+02
87550 0 +9.999690007e+02 +4.294990007e+02 +4.294990007e+02
112455 0 +8.911962956e+02 +3.207262956e+02 +3.207262956e+02
138385 0 +7.943188610e+02 +2.238488610e+02 +2.238488610e+02
148705 0 +7.079210495e+02 +1.374510495e+02 +1.374510495e+02
183396 0 +6.309495933e+02 +6.047959330e+01 +6.047959330e+01
226966 0 +5.623363395e+02 -8.133660471e+00 -8.133660471e+00
263886 0 +5.011787845e+02 -6.929121555e+01 -6.929121555e+01
298636 0 +4.466733380e+02 -1.237966620e+02 -1.237966620e+02
361676 0 +3.981009061e+02 -1.723690939e+02 -1.723690939e+02
400000 0 +3.739163930e+02 -1.965536070e+02 -1.965536070e+02
% f evaluations | g evaluations | best noise-free fitness - Fopt (-1.385000000000e+01) + sum g_i+ | measured fitness | best measured fitness or single-digit g-values | x1 | x2...
1 0 +1.293881325e+07 +1.293879940e+07 +1.293879940e+07
2 0 +1.149803784e+07 +1.149802399e+07 +1.149802399e+07
15 0 +1.129029850e+07 +1.129028465e+07 +1.129028465e+07
71 0 +1.070312437e+07 +1.070311052e+07 +1.070311052e+07
110 0 +1.020974063e+07 +1.020972678e+07 +1.020972678e+07
144 0 +1.009504372e+07 +1.009502987e+07 +1.009502987e+07
1220 0 +9.909962363e+06 +9.909948513e+06 +9.909948513e+06
1223 0 +9.819902922e+06 +9.819889072e+06 +9.819889072e+06
1226 0 +9.261083268e+06 +9.261069418e+06 +9.261069418e+06
1227 0 +8.930864251e+06 +8.930850401e+06 +8.930850401e+06
1230 0 +8.712650714e+06 +8.712636864e+06 +8.712636864e+06
1231 0 +8.507711598e+06 +8.507697748e+06 +8.507697748e+06
1233 0 +8.139876308e+06 +8.139862458e+06 +8.139862458e+06
1237 0 +7.560718247e+06 +7.560704397e+06 +7.560704397e+06
1239 0 +6.754307015e+06 +6.754293165e+06 +6.754293165e+06
1241 0 +6.686544224e+06 +6.686530374e+06 +6.686530374e+06
1244 0 +6.343195843e+06 +6.343181993e+06 +6.343181993e+06
1245 0 +6.271197581e+06 +6.271183731e+06 +6.271183731e+06
1248 0 +5.944025506e+06 +5.944011656e+06 +5.944011656e+06
1250 0 +5.535938700e+06 +5.535924850e+06 +5.535924850e+06
1252 0 +4.901792680e+06 +4.901778830e+06 +4.901778830e+06
1253 0 +4.464151606e+06 +4.464137756e+06 +4.464137756e+06
1256 0 +4.244987675e+06 +4.244973825e+06 +4.244973825e+06
1264 0 +4.111673408e+06 +4.111659558e+06 +4.111659558e+06
1266 0 +3.843309975e+06 +3.843296125e+06 +3.843296125e+06
1269 0 +3.591475750e+06 +3.591461900e+06 +3.591461900e+06
1272 0 +3.305579589e+06 +3.305565739e+06 +3.305565739e+06
1274 0 +3.296860442e+06 +3.296846592e+06 +3.296846592e+06
1283 0 +3.071138521e+06 +3.071124671e+06 +3.071124671e+06
1288 0 +2.978951825e+06 +2.978937975e+06 +2.978937975e+06
1290 0 +2.896351839e+06 +2.896337989e+06 +2.896337989e+06
1298 0 +2.752699010e+06 +2.752685160e+06 +2.752685160e+06
1303 0 +2.687846672e+06 +2.687832822e+06 +2.687832822e+06
1317 0 +2.397722035e+06 +2.397708185e+06 +2.397708185e+06
1319 0 +2.254730605e+06 +2.254716755e+06 +2.254716755e+06
1323 0 +2.163743338e+06 +2.163729488e+06 +2.163729488e+06
1325 0 +2.064547558e+06 +2.064533708e+06 +2.064533708e+06
1332 0 +1.759982488e+06 +1.759968638e+06 +1.759968638e+06
1335 0 +1.636469317e+06 +1.636455467e+06 +1.636455467e+06
1337 0 +1.562546374e+06 +1.562532524e+06 +1.562532524e+06
1339 0 +1.479864521e+06 +1.479850671e+06 +1.479850671e+06
1349 0 +1.411577568e+06 +1.411563718e+06 +1.411563718e+06
1352 0 +1.310088317e+06 +1.310074467e+06 +1.310074467e+06
1354 0 +1.276824017e+06 +1.276810167e+06 +1.276810167e+06
1362 0 +1.251821943e+06 +1.251808093e+06 +1.251808093e+06
1368 0 +1.193032793e+06 +1.193018943e+06 +1.193018943e+06
1376 0 +1.114242012e+06 +1.114228162e+06 +1.114228162e+06
1383 0 +1.038195826e+06 +1.038181976e+06 +1.038181976e+06
1395 0 +9.780658140e+05 +9.780519640e+05 +9.780519640e+05
1399 0 +8.938240924e+05 +8.938102424e+05 +8.938102424e+05
1405 0 +8.496351173e+05 +8.496212673e+05 +8.496212673e+05
1410 0 +7.551319064e+05 +7.551180564e+05 +7.551180564e+05
1412 0 +6.461842601e+05 +6.461704101e+05 +6.461704101e+05
1415 0 +5.892690367e+05 +5.892551867e+05 +5.892551867e+05
1426 0 +5.398792557e+05 +5.398654057e+05 +5.398654057e+05
1435 0 +4.804078358e+05 +4.803939858e+05 +4.803939858e+05
1461 0 +4.350473178e+05 +4.350334678e+05 +4.350334678e+05
1468 0 +3.998899257e+05 +3.998760757e+05 +3.998760757e+05
1471 0 +3.888516894e+05 +3.888378394e+05 +3.888378394e+05
1492 0 +3.351876182e+05 +3.351737682e+05 +3.351737682e+05
1514 0 +3.021731539e+05 +3.021593039e+05 +3.021593039e+05
1527 0 +2.740667473e+05 +2.740528973e+05 +2.740528973e+05
1540 0 +2.331583902e+05 +2.331445402e+05 +2.331445402e+05
1620 0 +2.036689433e+05 +2.036550933e+05 +2.036550933e+05
1623 0 +1.935598281e+05 +1.935459781e+05 +1.935459781e+05
1791 0 +1.732888778e+05 +1.732750278e+05 +1.732750278e+05
1852 0 +1.575668615e+05 +1.575530115e+05 +1.575530115e+05
1884 0 +1.400468682e+05 +1.400330182e+05 +1.400330182e+05
2003 0 +1.255289493e+05 +1.255150993e+05 +1.255150993e+05
2198 0 +1.010603225e+05 +1.010464725e+05 +1.010464725e+05
2212 0 +9.702138751e+04 +9.700753751e+04 +9.700753751e+04
2247 0 +8.879713279e+04 +8.878328279e+04 +8.878328279e+04
2272 0 +7.924056328e+04 +7.922671328e+04 +7.922671328e+04
2322 0 +6.738863524e+04 +6.737478524e+04 +6.737478524e+04
2352 0 +5.913272018e+04 +5.911887018e+04 +5.911887018e+04
2500 0 +5.581673976e+04 +5.580288976e+04 +5.580288976e+04
2584 0 +4.920428830e+04 +4.919043830e+04 +4.919043830e+04
2848 0 +4.420343295e+04 +4.418958295e+04 +4.418958295e+04
2968 0 +3.979321383e+04 +3.977936383e+04 +3.977936383e+04
3061 0 +3.517990869e+04 +3.516605869e+04 +3.516605869e+04
3206 0 +3.140112447e+04 +3.138727447e+04 +3.138727447e+04
3322 0 +2.767832692e+04 +2.766447692e+04 +2.766447692e+04
3367 0 +2.496156506e+04 +2.494771506e+04 +2.494771506e+04
3452 0 +2.158200656e+04 +2.156815656e+04 +2.156815656e+04
3597 0 +1.940739511e+04 +1.939354511e+04 +1.939354511e+04
3857 0 +1.767279957e+04 +1.765894957e+04 +1.765894957e+04
4323 0 +1.583553589e+04 +1.582168589e+04 +1.582168589e+04
4757 0 +1.408843914e+04 +1.407458914e+04 +1.407458914e+04
5039 0 +1.256572773e+04 +1.255187773e+04 +1.255187773e+04
5627 0 +1.121505906e+04 +1.120120906e+04 +1.120120906e+04
5997 0 +9.988155034e+03 +9.974305034e+03 +9.974305034e+03
6637 0 +8.877044688e+03 +8.863194688e+03 +8.863194688e+03
7627 0 +7.934384587e+03 +7.920534587e+03 +7.920534587e+03
8347 0 +7.078002756e+03 +7.064152756e+03 +7.064152756e+03
9166 0 +6.307714932e+03 +6.293864932e+03 +6.293864932e+03
10676 0 +5.623279314e+03 +5.609429314e+03 +5.609429314e+03
11629 0 +5.010871769e+03 +4.997021769e+03 +4.997021769e+03
12797 0 +4.466516696e+03 +4.452666696e+03 +4.452666696e+03
14406 0 +3.979609073e+03 +3.965759073e+03 +3.965759073e+03
18504 0 +3.547839554e+03 +3.533989554e+03 +3.533989554e+03
22627 0 +3.160097904e+03 +3.146247904e+03 +3.146247904e+03
25115 0 +2.817998288e+03 +2.804148288e+03 +2.804148288e+03
30418 0 +2.511847011e+03 +2.497997011e+03 +2.497997011e+03
38406 0 +2.238713334e+03 +2.224863334e+03 +2.224863334e+03
40953 0 +1.995170193e+03 +1.981320193e+03 +1.981320193e+03
46726 0 +1.778139852e+03 +1.764289852e+03 +1.764289852e+03
58046 0 +1.584889592e+03 +1.571039592e+03 +1.571039592e+03
69064 0 +1.412396919e+03 +1.398546919e+03 +1.398546919e+03
88227 0 +1.258686981e+03 +1.244836981e+03 +1.244836981e+03
103165 0 +1.121913480e+03 +1.108063480e+03 +1.108063480e+03
116404 0 +9.999479286e+02 +9.860979286e+02 +9.860979286e+02
138404 0 +8.912376698e+02 +8.773876698e+02 +8.773876698e+02
156384 0 +7.943198710e+02 +7.804698710e+02 +7.804698710e+02
175401 0 +7.079323370e+02 +6.940823370e+02 +6.940823370e+02
193278 0 +6.309507813e+02 +6.171007813e+02 +6.171007813e+02
209866 0 +5.623357542e+02 +5.484857542e+02 +5.484857542e+02
226404 0 +5.011302135e+02 +4.872802135e+02 +4.872802135e+02
242481 0 +4.466820962e+02 +4.328320962e+02 +4.328320962e+02
258575 0 +3.980981570e+02 +3.842481570e+02 +3.842481570e+02
277587 0 +3.547936068e+02 +3.409436068e+02 +3.409436068e+02
299264 0 +3.162266718e+02 +3.023766718e+02 +3.023766718e+02
326062 0 +2.818379117e+02 +2.679879117e+02 +2.679879117e+02
359815 0 +2.511865350e+02 +2.373365350e+02 +2.373365350e+02
393275 0 +2.238711022e+02 +2.100211022e+02 +2.100211022e+02
400000 0 +2.182485240e+02 +2.043985240e+02 +2.043985240e+02
% f evaluations | g evaluations | best noise-free fitness - Fopt (1.222300000000e+02) + sum g_i+ | measured fitness | best measured fitness or single-digit g-values | x1 | x2...
1 0 +1.230000111e+07 +1.230012334e+07 +1.230012334e+07
5 0 +1.191408920e+07 +1.191421143e+07 +1.191421143e+07
7 0 +1.159852496e+07 +1.159864719e+07 +1.159864719e+07
11 0 +1.130491374e+07 +1.130503597e+07 +1.130503597e+07
13 0 +1.129074403e+07 +1.129086626e+07 +1.129086626e+07
19 0 +1.060453366e+07 +1.060465589e+07 +1.060465589e+07
23 0 +9.914197733e+06 +9.914319963e+06 +9.914319963e+06
25 0 +9.614107138e+06 +9.614229368e+06 +9.614229368e+06
68 0 +8.827356657e+06 +8.827478887e+06 +8.827478887e+06
197 0 +7.112774866e+06 +7.112897096e+06 +7.112897096e+06
1225 0 +5.982586203e+06 +5.982708433e+06 +5.982708433e+06
1227 0 +5.728593979e+06 +5.728716209e+06 +5.728716209e+06
1229 0 +5.260964248e+06 +5.261086478e+06 +5.261086478e+06
1234 0 +5.070576721e+06 +5.070698951e+06 +5.070698951e+06
1235 0 +4.983441158e+06 +4.983563388e+06 +4.983563388e+06
1238 0 +4.755802360e+06 +4.755924590e+06 +4.755924590e+06
1241 0 +4.353907310e+06 +4.354029540e+06 +4.354029540e+06
1244 0 +3.965381470e+06 +3.965503700e+06 +3.965503700e+06
1247 0 +3.817732487e+06 +3.817854717e+06 +3.817854717e+06
1254 0 +3.746766598e+06 +3.746888828e+06 +3.746888828e+06
1257 0 +3.610378404e+06 +3.610500634e+06 +3.610500634e+06
1261 0 +3.473515905e+06 +3.473638135e+06 +3.473638135e+06
1263 0 +3.067787277e+06 +3.067909507e+06 +3.067909507e+06
1266 0 +2.812838832e+06 +2.812961062e+06 +2.812961062e+06
1268 0 +2.163434740e+06 +2.163556970e+06 +2.163556970e+06
1271 0 +1.925007811e+06 +1.925130041e+06 +1.925130041e+06
1277 0 +1.820856321e+06 +1.820978551e+06 +1.820978551e+06
1279 0 +1.764232731e+06 +1.764354961e+06 +1.764354961e+06
1286 0 +1.690491878e+06 +1.690614108e+06 +1.690614108e+06
1304 0 +1.555289476e+06 +1.555411706e+06 +1.555411706e+06
1307 0 +1.410319546e+06 +1.410441776e+06 +1.410441776e+06
1318 0 +1.283446790e+06 +1.283569020e+06 +1.283569020e+06
1321 0 +1.003842972e+06 +1.003965202e+06 +1.003965202e+06
1324 0 +9.897546404e+05 +9.898768704e+05 +9.898768704e+05
1327 0 +8.193104417e+05 +8.194326717e+05 +8.194326717e+05
1331 0 +6.526929734e+05 +6.528152034e+05 +6.528152034e+05
1334 0 +6.125541301e+05 +6.126763601e+05 +6.126763601e+05
1341 0 +5.818840322e+05 +5.820062622e+05 +5.820062622e+05
1346 0 +5.596642345e+05 +5.597864645e+05 +5.597864645e+05
1353 0 +4.971646629e+05 +4.972868929e+05 +4.972868929e+05
1359 0 +4.272374079e+05 +4.273596379e+05 +4.273596379e+05
1378 0 +3.878691465e+05 +3.879913765e+05 +3.879913765e+05
1554 0 +3.423356691e+05 +3.424578991e+05 +3.424578991e+05
1624 0 +3.014530030e+05 +3.015752330e+05 +3.015752330e+05
1627 0 +2.856672100e+05 +2.857894400e+05 +2.857894400e+05
1636 0 +2.802140169e+05 +2.803362469e+05 +2.803362469e+05
1680 0 +2.413435778e+05 +2.414658078e+05 +2.414658078e+05
1701 0 +2.166357702e+05 +2.167580002e+05 +2.167580002e+05
1710 0 +1.938036139e+05 +1.939258439e+05 +1.939258439e+05
1842 0 +1.759486904e+05 +1.760709204e+05 +1.760709204e+05
1981 0 +1.571680721e+05 +1.572903021e+05 +1.572903021e+05
2100 0 +1.403407231e+05 +1.404629531e+05 +1.404629531e+05
2276 0 +1.229908296e+05 +1.231130596e+05 +1.231130596e+05
2350 0 +1.115066504e+05 +1.116288804e+05 +1.116288804e+05
2402 0 +9.959986681e+04 +9.972209681e+04 +9.972209681e+04
2457 0 +8.894930029e+04 +8.907153029e+04 +8.907153029e+04
2608 0 +7.922834120e+04 +7.935057120e+04 +7.935057120e+04
3010 0 +7.031837876e+04 +7.044060876e+04 +7.044060876e+04
3170 0 +6.229668694e+04 +6.241891694e+04 +6.241891694e+04
3542 0 +5.612078737e+04 +5.624301737e+04 +5.624301737e+04
4059 0 +5.006955579e+04 +5.019178579e+04 +5.019178579e+04
4542 0 +4.459533555e+04 +4.471756555e+04 +4.471756555e+04
5312 0 +3.978123947e+04 +3.990346947e+04 +3.990346947e+04
5469 0 +3.535158753e+04 +3.547381753e+04 +3.547381753e+04
5531 0 +3.134751688e+04 +3.146974688e+04 +3.146974688e+04
5919 0 +2.806561390e+04 +2.818784390e+04 +2.818784390e+04
6520 0 +2.504049628e+04 +2.516272628e+04 +2.516272628e+04
7102 0 +2.235145614e+04 +2.247368614e+04 +2.247368614e+04
7499 0 +1.993217686e+04 +2.005440686e+04 +2.005440686e+04
8005 0 +1.778008519e+04 +1.790231519e+04 +1.790231519e+04
8226 0 +1.583694317e+04 +1.595917317e+04 +1.595917317e+04
8402 0 +1.411473513e+04 +1.423696513e+04 +1.423696513e+04
8873 0 +1.258710061e+04 +1.270933061e+04 +1.270933061e+04
9258 0 +1.121424508e+04 +1.133647508e+04 +1.133647508e+04
10459 0 +9.991400620e+03 +1.011363062e+04 +1.011363062e+04
11422 0 +8.911255824e+03 +9.033485824e+03 +9.033485824e+03
12082 0 +7.942797275e+03 +8.065027275e+03 +8.065027275e+03
12931 0 +7.071302105e+03 +7.193532105e+03 +7.193532105e+03
13627 0 +6.308392944e+03 +6.430622944e+03 +6.430622944e+03
14420 0 +5.619995491e+03 +5.742225491e+03 +5.742225491e+03
15800 0 +5.007523751e+03 +5.129753751e+03 +5.129753751e+03
18682 0 +4.465141813e+03 +4.587371813e+03 +4.587371813e+03
23286 0 +3.980439073e+03 +4.102669073e+03 +4.102669073e+03
26042 0 +3.547882253e+03 +3.670112253e+03 +3.670112253e+03
27860 0 +3.161273348e+03 +3.283503348e+03 +3.283503348e+03
28859 0 +2.817422271e+03 +2.939652271e+03 +2.939652271e+03
31211 0 +2.511645945e+03 +2.633875945e+03 +2.633875945e+03
37173 0 +2.238331906e+03 +2.360561906e+03 +2.360561906e+03
41382 0 +1.994973103e+03 +2.117203103e+03 +2.117203103e+03
48520 0 +1.778242475e+03 +1.900472475e+03 +1.900472475e+03
56931 0 +1.584770562e+03 +1.707000562e+03 +1.707000562e+03
63148 0 +1.412530449e+03 +1.534760449e+03 +1.534760449e+03
67068 0 +1.258750564e+03 +1.380980564e+03 +1.380980564e+03
76535 0 +1.121810444e+03 +1.244040444e+03 +1.244040444e+03
87415 0 +9.999953005e+02 +1.122225300e+03 +1.122225300e+03
98912 0 +8.911745040e+02 +1.013404504e+03 +1.013404504e+03
116571 0 +7.942842434e+02 +9.165142434e+02 +9.165142434e+02
131297 0 +7.079263882e+02 +8.301563882e+02 +8.301563882e+02
147366 0 +6.309529172e+02 +7.531829172e+02 +7.531829172e+02
164713 0 +5.623180097e+02 +6.845480097e+02 +6.845480097e+02
187717 0 +5.011821133e+02 +6.234121133e+02 +6.234121133e+02
225424 0 +4.466829953e+02 +5.689129953e+02 +5.689129953e+02
237050 0 +3.980685783e+02 +5.202985783e+02 +5.202985783e+02
243821 0 +3.548069909e+02 +4.770369909e+02 +4.770369909e+02
259881 0 +3.162215060e+02 +4.384515060e+02 +4.384515060e+02
282352 0 +2.818304137e+02 +4.040604137e+02 +4.040604137e+02
293401 0 +2.511785340e+02 +3.734085340e+02 +3.734085340e+02
313685 0 +2.238673574e+02 +3.460973574e+02 +3.460973574e+02
353161 0 +1.995230187e+02 +3.217530187e+02 +3.217530187e+02
400000 0 +1.860904279e+02 +3.083204279e+02 +3.083204279e+02
% f evaluations | g evaluations | best noise-free fitness - Fopt (-4.114000000000e+02) + sum g_i+ | measured fitness | best measured fitness or single-digit g-values | x1 | x2...
1 0 +1.219273289e+07 +1.219232149e+07 +1.219232149e+07
4 0 +1.032488484e+07 +1.032447344e+07 +1.032447344e+07
7 0 +8.274657809e+06 +8.274246409e+06 +8.274246409e+06
13 0 +6.825201133e+06 +6.824789733e+06 +6.824789733e+06
73 0 +6.625362067e+06 +6.624950667e+06 +6.624950667e+06
82 0 +6.332614419e+06 +6.332203019e+06 +6.332203019e+06
1229 0 +6.276253863e+06 +6.275842463e+06 +6.275842463e+06
1231 0 +5.932734307e+06 +5.932322907e+06 +5.932322907e+06
1237 0 +5.717333821e+06 +5.716922421e+06 +5.716922421e+06
1239 0 +5.134681080e+06 +5.134269680e+06 +5.134269680e+06
1242 0 +5.007475912e+06 +5.007064512e+06 +5.007064512e+06
1243 0 +4.849764727e+06 +4.849353327e+06 +4.849353327e+06
1248 0 +4.594818413e+06 +4.594407013e+06 +4.594407013e+06
1249 0 +3.984699779e+06 +3.984288379e+06 +3.984288379e+06
1253 0 +3.705462643e+06 +3.705051243e+06 +3.705051243e+06
1255 0 +3.456039301e+06 +3.455627901e+06 +3.455627901e+06
1257 0 +2.984777418e+06 +2.984366018e+06 +2.984366018e+06
1260 0 +2.734204056e+06 +2.733792656e+06 +2.733792656e+06
1261 0 +2.581961243e+06 +2.581549843e+06 +2.581549843e+06
1263 0 +2.181416871e+06 +2.181005471e+06 +2.181005471e+06
1265 0 +2.090477123e+06 +2.090065723e+06 +2.090065723e+06
1282 0 +1.737758365e+06 +1.737346965e+06 +1.737346965e+06
1286 0 +1.450074581e+06 +1.449663181e+06 +1.449663181e+06
1287 0 +1.245730518e+06 +1.245319118e+06 +1.245319118e+06
1297 0 +1.188098969e+06 +1.187687569e+06 +1.187687569e+06
1301 0 +1.085261547e+06 +1.084850147e+06 +1.084850147e+06
1319 0 +9.549807752e+05 +9.545693752e+05 +9.545693752e+05
1323 0 +8.644353107e+05 +8.640239107e+05 +8.640239107e+05
1336 0 +6.993032997e+05 +6.988918997e+05 +6.988918997e+05
1338 0 +6.250665935e+05 +6.246551935e+05 +6.246551935e+05
1340 0 +5.474775624e+05 +5.470661624e+05 +5.470661624e+05
1345 0 +4.794646456e+05 +4.790532456e+05 +4.790532456e+05
1362 0 +4.133429267e+05 +4.129315267e+05 +4.129315267e+05
1381 0 +3.699649010e+05 +3.695535010e+05 +3.695535010e+05
1391 0 +3.107749695e+05 +3.103635695e+05 +3.103635695e+05
1399 0 +2.489840234e+05 +2.485726234e+05 +2.485726234e+05
1464 0 +2.082541080e+05 +2.078427080e+05 +2.078427080e+05
1524 0 +1.943870000e+05 +1.939756000e+05 +1.939756000e+05
1559 0 +1.728076216e+05 +1.723962216e+05 +1.723962216e+05
1692 0 +1.564081368e+05 +1.559967368e+05 +1.559967368e+05
1707 0 +1.381591078e+05 +1.377477078e+05 +1.377477078e+05
1738 0 +1.185128857e+05 +1.181014857e+05 +1.181014857e+05
1739 0 +1.101754510e+05 +1.097640510e+05 +1.097640510e+05
1757 0 +9.862477626e+04 +9.821337626e+04 +9.821337626e+04
1905 0 +7.627465696e+04 +7.586325696e+04 +7.586325696e+04
2065 0 +6.972887157e+04 +6.931747157e+04 +6.931747157e+04
2236 0 +6.187148773e+04 +6.146008773e+04 +6.146008773e+04
2476 0 +5.577518214e+04 +5.536378214e+04 +5.536378214e+04
2646 0 +5.004487481e+04 +4.963347481e+04 +4.963347481e+04
2896 0 +4.453427928e+04 +4.412287928e+04 +4.412287928e+04
3385 0 +3.977030640e+04 +3.935890640e+04 +3.935890640e+04
3647 0 +3.547181687e+04 +3.506041687e+04 +3.506041687e+04
3784 0 +3.161952436e+04 +3.120812436e+04 +3.120812436e+04
3862 0 +2.812697195e+04 +2.771557195e+04 +2.771557195e+04
4032 0 +2.507337743e+04 +2.466197743e+04 +2.466197743e+04
4168 0 +2.219985700e+04 +2.178845700e+04 +2.178845700e+04
4279 0 +1.992014376e+04 +1.950874376e+04 +1.950874376e+04
4406 0 +1.774632855e+04 +1.733492855e+04 +1.733492855e+04
4557 0 +1.583913127e+04 +1.542773127e+04 +1.542773127e+04
4914 0 +1.411638780e+04 +1.370498780e+04 +1.370498780e+04
5232 0 +1.257077424e+04 +1.215937424e+04 +1.215937424e+04
5755 0 +1.121073286e+04 +1.079933286e+04 +1.079933286e+04
7030 0 +9.996805833e+03 +9.585405833e+03 +9.585405833e+03
8176 0 +8.900600697e+03 +8.489200697e+03 +8.489200697e+03
9995 0 +7.943124131e+03 +7.531724131e+03 +7.531724131e+03
11578 0 +7.071371731e+03 +6.659971731e+03 +6.659971731e+03
12392 0 +6.285624886e+03 +5.874224886e+03 +5.874224886e+03
12795 0 +5.619619964e+03 +5.208219964e+03 +5.208219964e+03
13432 0 +5.005712207e+03 +4.594312207e+03 +4.594312207e+03
14779 0 +4.465569821e+03 +4.054169821e+03 +4.054169821e+03
17541 0 +3.980248688e+03 +3.568848688e+03 +3.568848688e+03
22087 0 +3.547948359e+03 +3.136548359e+03 +3.136548359e+03
24704 0 +3.161178512e+03 +2.749778512e+03 +2.749778512e+03
25454 0 +2.816653320e+03 +2.405253320e+03 +2.405253320e+03
26475 0 +2.511758961e+03 +2.100358961e+03 +2.100358961e+03
29906 0 +2.238588559e+03 +1.827188559e+03 +1.827188559e+03
34324 0 +1.995198167e+03 +1.583798167e+03 +1.583798167e+03
36694 0 +1.778145214e+03 +1.366745214e+03 +1.366745214e+03
42123 0 +1.584730124e+03 +1.173330124e+03 +1.173330124e+03
50416 0 +1.412331860e+03 +1.000931860e+03 +1.000931860e+03
59877 0 +1.258793217e+03 +8.473932170e+02 +8.473932170e+02
69431 0 +1.121975770e+03 +7.105757698e+02 +7.105757698e+02
79209 0 +9.999804401e+02 +5.885804401e+02 +5.885804401e+02
100414 0 +8.912222391e+02 +4.798222391e+02 +4.798222391e+02
132135 0 +7.943259743e+02 +3.829259743e+02 +3.829259743e+02
150974 0 +7.079330510e+02 +2.965330510e+02 +2.965330510e+02
163400 0 +6.309556098e+02 +2.195556098e+02 +2.195556098e+02
181869 0 +5.623355336e+02 +1.509355336e+02 +1.509355336e+02
205845 0 +5.011764061e+02 +8.977640613e+01 +8.977640613e+01
219101 0 +4.466762672e+02 +3.527626724e+01 +3.527626724e+01
256574 0 +3.980811837e+02 -1.331881634e+01 -1.331881634e+01
297624 0 +3.548072487e+02 -5.659275129e+01 -5.659275129e+01
310431 0 +3.162275534e+02 -9.517244659e+01 -9.517244659e+01
321638 0 +2.818232231e+02 -1.295767769e+02 -1.295767769e+02
343977 0 +2.511883955e+02 -1.602116045e+02 -1.602116045e+02
400000 0 +2.285115523e+02 -1.828884477e+02 -1.828884477e+02
% f evaluations | g evaluations | best noise-free fitness - Fopt (1.000000000000e+03) + sum g_i+ | measured fitness | best measured fitness or single-digit g-values | x1 | x2...
1 0 +1.544934077e+07 +1.545034077e+07 +1.545034077e+07
2 0 +1.464326735e+07 +1.464426735e+07 +1.464426735e+07
4 0 +1.342489429e+07 +1.342589429e+07 +1.342589429e+07
8 0 +1.171179581e+07 +1.171279581e+07 +1.171279581e+07
10 0 +1.104966067e+07 +1.105066067e+07 +1.105066067e+07
1213 0 +1.007985664e+07 +1.008085664e+07 +1.008085664e+07
1216 0 +9.816052197e+06 +9.817052197e+06 +9.817052197e+06
1218 0 +8.953475376e+06 +8.954475376e+06 +8.954475376e+06
1219 0 +8.384793409e+06 +8.385793409e+06 +8.385793409e+06
1222 0 +8.283155659e+06 +8.284155659e+06 +8.284155659e+06
1224 0 +8.050201517e+06 +8.051201517e+06 +8.051201517e+06
1225 0 +7.386782429e+06 +7.387782429e+06 +7.387782429e+06
1228 0 +6.701839353e+06 +6.702839353e+06 +6.702839353e+06
1230 0 +6.676027009e+06 +6.677027009e+06 +6.677027009e+06
1232 0 +6.265408022e+06 +6.266408022e+06 +6.266408022e+06
1237 0 +5.906530698e+06 +5.907530698e+06 +5.907530698e+06
1239 0 +5.819767869e+06 +5.820767869e+06 +5.820767869e+06
1242 0 +5.711162776e+06 +5.712162776e+06 +5.712162776e+06
1244 0 +5.636946971e+06 +5.637946971e+06 +5.637946971e+06
1246 0 +5.327326733e+06 +5.328326733e+06 +5.328326733e+06
1248 0 +4.988257486e+06 +4.989257486e+06 +4.989257486e+06
1251 0 +4.700314242e+06 +4.701314242e+06 +4.701314242e+06
1254 0 +4.670522727e+06 +4.671522727e+06 +4.671522727e+06
1259 0 +4.279773788e+06 +4.280773788e+06 +4.280773788e+06
1261 0 +3.863279383e+06 +3.864279383e+06 +3.864279383e+06
1264 0 +3.581140734e+06 +3.582140734e+06 +3.582140734e+06
1265 0 +3.109483580e+06 +3.110483580e+06 +3.110483580e+06
1267 0 +2.916962424e+06 +2.917962424e+06 +2.917962424e+06
1272 0 +2.821557604e+06 +2.822557604e+06 +2.822557604e+06
1273 0 +2.796053879e+06 +2.797053879e+06 +2.797053879e+06
1279 0 +2.488091964e+06 +2.489091964e+06 +2.489091964e+06
1284 0 +2.313662946e+06 +2.314662946e+06 +2.314662946e+06
1285 0 +2.177957034e+06 +2.178957034e+06 +2.178957034e+06
1287 0 +1.921584965e+06 +1.922584965e+06 +1.922584965e+06
1290 0 +1.831180058e+06 +1.832180058e+06 +1.832180058e+06
1293 0 +1.647336530e+06 +1.648336530e+06 +1.648336530e+06
1295 0 +1.577877802e+06 +1.578877802e+06 +1.578877802e+06
1298 0 +1.330064325e+06 +1.331064325e+06 +1.331064325e+06
1301 0 +1.240395937e+06 +1.241395937e+06 +1.241395937e+06
1304 0 +1.169001719e+06 +1.170001719e+06 +1.170001719e+06
1305 0 +1.089406391e+06 +1.090406391e+06 +1.090406391e+06
1317 0 +9.791992209e+05 +9.801992209e+05 +9.801992209e+05
1326 0 +8.867607289e+05 +8.877607289e+05 +8.877607289e+05
1333 0 +7.044980896e+05 +7.054980896e+05 +7.054980896e+05
1337 0 +6.630764958e+05 +6.640764958e+05 +6.640764958e+05
1344 0 +6.172692335e+05 +6.182692335e+05 +6.182692335e+05
1359 0 +5.271032150e+05 +5.281032150e+05 +5.281032150e+05
1370 0 +4.922650283e+05 +4.932650283e+05 +4.932650283e+05
1432 0 +4.438932294e+05 +4.448932294e+05 +4.448932294e+05
1552 0 +3.903542457e+05 +3.913542457e+05 +3.913542457e+05
1571 0 +3.296930711e+05 +3.306930711e+05 +3.306930711e+05
1635 0 +3.094581423e+05 +3.104581423e+05 +3.104581423e+05
1657 0 +2.954927053e+05 +2.964927053e+05 +2.964927053e+05
1679 0 +2.762657253e+05 +2.772657253e+05 +2.772657253e+05
1769 0 +2.496192447e+05 +2.506192447e+05 +2.506192447e+05
2031 0 +2.074570848e+05 +2.084570848e+05 +2.084570848e+05
2236 0 +1.989009096e+05 +1.999009096e+05 +1.999009096e+05
2417 0 +1.762586978e+05 +1.772586978e+05 +1.772586978e+05
2599 0 +1.565366753e+05 +1.575366753e+05 +1.575366753e+05
2750 0 +1.405329416e+05 +1.415329416e+05 +1.415329416e+05
3019 0 +1.253461602e+05 +1.263461602e+05 +1.263461602e+05
3339 0 +1.121651341e+05 +1.131651341e+05 +1.131651341e+05
3538 0 +9.939773545e+04 +1.003977354e+05 +1.003977354e+05
3602 0 +8.850007667e+04 +8.950007667e+04 +8.950007667e+04
3830 0 +7.932761033e+04 +8.032761033e+04 +8.032761033e+04
4379 0 +7.049836744e+04 +7.149836744e+04 +7.149836744e+04
4551 0 +6.308509202e+04 +6.408509202e+04 +6.408509202e+04
4696 0 +5.608535897e+04 +5.708535897e+04 +5.708535897e+04
5279 0 +4.992678986e+04 +5.092678986e+04 +5.092678986e+04
6091 0 +4.461934502e+04 +4.561934502e+04 +4.561934502e+04
6619 0 +3.976985924e+04 +4.076985924e+04 +4.076985924e+04
6830 0 +3.548003945e+04 +3.648003945e+04 +3.648003945e+04
7252 0 +3.160319851e+04 +3.260319851e+04 +3.260319851e+04
7931 0 +2.814424168e+04 +2.914424168e+04 +2.914424168e+04
8802 0 +2.511396273e+04 +2.611396273e+04 +2.611396273e+04
9096 0 +2.225884341e+04 +2.325884341e+04 +2.325884341e+04
9517 0 +1.994459665e+04 +2.094459665e+04 +2.094459665e+04
11144 0 +1.778071283e+04 +1.878071283e+04 +1.878071283e+04
12716 0 +1.584331420e+04 +1.684331420e+04 +1.684331420e+04
13567 0 +1.412010043e+04 +1.512010043e+04 +1.512010043e+04
14880 0 +1.258023721e+04 +1.358023721e+04 +1.358023721e+04
16053 0 +1.121355479e+04 +1.221355479e+04 +1.221355479e+04
16917 0 +9.999123544e+03 +1.099912354e+04 +1.099912354e+04
17366 0 +8.910850544e+03 +9.910850544e+03 +9.910850544e+03
17871 0 +7.930813559e+03 +8.930813559e+03 +8.930813559e+03
18785 0 +7.079395364e+03 +8.079395364e+03 +8.079395364e+03
20207 0 +6.302540153e+03 +7.302540153e+03 +7.302540153e+03
21980 0 +5.623328518e+03 +6.623328518e+03 +6.623328518e+03
23909 0 +5.010468611e+03 +6.010468611e+03 +6.010468611e+03
25059 0 +4.465040365e+03 +5.465040365e+03 +5.465040365e+03
27075 0 +3.980131103e+03 +4.980131103e+03 +4.980131103e+03
28924 0 +3.545131819e+03 +4.545131819e+03 +4.545131819e+03
30465 0 +3.161618514e+03 +4.161618514e+03 +4.161618514e+03
32213 0 +2.818221186e+03 +3.818221186e+03 +3.818221186e+03
35131 0 +2.510091690e+03 +3.510091690e+03 +3.510091690e+03
39151 0 +2.237686380e+03 +3.237686380e+03 +3.237686380e+03
44251 0 +1.995024681e+03 +2.995024681e+03 +2.995024681e+03
48035 0 +1.777481545e+03 +2.777481545e+03 +2.777481545e+03
51015 0 +1.584637225e+03 +2.584637225e+03 +2.584637225e+03
53769 0 +1.412523072e+03 +2.412523072e+03 +2.412523072e+03
56076 0 +1.258174151e+03 +2.258174151e+03 +2.258174151e+03
59167 0 +1.121896300e+03 +2.121896300e+03 +2.121896300e+03
63269 0 +9.999725418e+02 +1.999972542e+03 +1.999972542e+03
69191 0 +8.911754979e+02 +1.891175498e+03 +1.891175498e+03
77027 0 +7.943125462e+02 +1.794312546e+03 +1.794312546e+03
85407 0 +7.079451893e+02 +1.707945189e+03 +1.707945189e+03
95731 0 +6.309239704e+02 +1.630923970e+03 +1.630923970e+03
113114 0 +5.623171374e+02 +1.562317137e+03 +1.562317137e+03
141720 0 +5.011702340e+02 +1.501170234e+03 +1.501170234e+03
154547 0 +4.466806341e+02 +1.446680634e+03 +1.446680634e+03
179803 0 +3.980945859e+02 +1.398094586e+03 +1.398094586e+03
203814 0 +3.547908151e+02 +1.354790815e+03 +1.354790815e+03
221320 0 +3.162188230e+02 +1.316218823e+03 +1.316218823e+03
237080 0 +2.818189796e+02 +1.281818980e+03 +1.281818980e+03
255181 0 +2.511827850e+02 +1.251182785e+03 +1.251182785e+03
282978 0 +2.238719741e+02 +1.223871974e+03 +1.223871974e+03
318792 0 +1.995236017e+02 +1.199523602e+03 +1.199523602e+03
334382 0 +1.778256178e+02 +1.177825618e+03 +1.177825618e+03
372208 0 +1.584890932e+02 +1.158489093e+03 +1.158489093e+03
400000 0 +1.470377287e+02 +1.147037729e+03 +1.147037729e+03
% f evaluations | g evaluations | best noise-free fitness - Fopt (6.730000000000e+00) + sum g_i+ | measured fitness | best measured fitness or single-digit g-values | x1 | x2...
1 0 +9.807779184e+06 +9.807785914e+06 +9.807785914e+06
3 0 +7.131220920e+06 +7.131227650e+06 +7.131227650e+06
6 0 +6.343935152e+06 +6.343941882e+06 +6.343941882e+06
12 0 +5.846476859e+06 +5.846483589e+06 +5.846483589e+06
18 0 +5.028474016e+06 +5.028480746e+06 +5.028480746e+06
24 0 +4.839336061e+06 +4.839342791e+06 +4.839342791e+06
30 0 +4.559765827e+06 +4.559772557e+06 +4.559772557e+06
1236 0 +4.494989277e+06 +4.494996007e+06 +4.494996007e+06
1238 0 +4.453885568e+06 +4.453892298e+06 +4.453892298e+06
1243 0 +4.089579787e+06 +4.089586517e+06 +4.089586517e+06
1245 0 +3.910882589e+06 +3.910889319e+06 +3.910889319e+06
1247 0 +3.786561773e+06 +3.786568503e+06 +3.786568503e+06
1250 0 +3.542735903e+06 +3.542742633e+06 +3.542742633e+06
1252 0 +3.270853710e+06 +3.270860440e+06 +3.270860440e+06
1255 0 +3.162074530e+06 +3.162081260e+06 +3.162081260e+06
1260 0 +2.957025160e+06 +2.957031890e+06 +2.957031890e+06
1264 0 +2.735670091e+06 +2.735676821e+06 +2.735676821e+06
1272 0 +2.621535507e+06 +2.621542237e+06 +2.621542237e+06
1276 0 +2.546058175e+06 +2.546064905e+06 +2.546064905e+06
1278 0 +2.503324934e+06 +2.503331664e+06 +2.503331664e+06
1280 0 +2.271863062e+06 +2.271869792e+06 +2.271869792e+06
1283 0 +2.202156517e+06 +2.202163247e+06 +2.202163247e+06
1286 0 +2.132034416e+06 +2.132041146e+06 +2.132041146e+06
1288 0 +1.861486315e+06 +1.861493045e+06 +1.861493045e+06
1290 0 +1.695495750e+06 +1.695502480e+06 +1.695502480e+06
1292 0 +1.535898005e+06 +1.535904735e+06 +1.535904735e+06
1296 0 +1.495431017e+06 +1.495437747e+06 +1.495437747e+06
1300 0 +1.384171734e+06 +1.384178464e+06 +1.384178464e+06
1308 0 +1.231591560e+06 +1.231598290e+06 +1.231598290e+06
1312 0 +1.128332716e+06 +1.128339446e+06 +1.128339446e+06
1315 0 +1.016051519e+06 +1.016058249e+06 +1.016058249e+06
1323 0 +9.718599634e+05 +9.718666934e+05 +9.718666934e+05
1347 0 +8.659228292e+05 +8.659295592e+05 +8.659295592e+05
1363 0 +7.887350264e+05 +7.887417564e+05 +7.887417564e+05
1386 0 +6.809727045e+05 +6.809794345e+05 +6.809794345e+05
1395 0 +5.767881316e+05 +5.767948616e+05 +5.767948616e+05
1420 0 +5.279826868e+05 +5.279894168e+05 +5.279894168e+05
1453 0 +4.765849280e+05 +4.765916580e+05 +4.765916580e+05
1481 0 +4.397145646e+05 +4.397212946e+05 +4.397212946e+05
1483 0 +3.598979289e+05 +3.599046589e+05 +3.599046589e+05
1500 0 +3.386624857e+05 +3.386692157e+05 +3.386692157e+05
1538 0 +3.096802611e+05 +3.096869911e+05 +3.096869911e+05
1692 0 +2.818270479e+05 +2.818337779e+05 +2.818337779e+05
1713 0 +2.489914123e+05 +2.489981423e+05 +2.489981423e+05
1740 0 +2.172335697e+05 +2.172402997e+05 +2.172402997e+05
1778 0 +1.983045349e+05 +1.983112649e+05 +1.983112649e+05
1846 0 +1.691732328e+05 +1.691799628e+05 +1.691799628e+05
1867 0 +1.565786098e+05 +1.565853398e+05 +1.565853398e+05
1883 0 +1.298344648e+05 +1.298411948e+05 +1.298411948e+05
1947 0 +1.224364660e+05 +1.224431960e+05 +1.224431960e+05
2089 0 +1.120391420e+05 +1.120458720e+05 +1.120458720e+05
2266 0 +9.867877722e+04 +9.868550722e+04 +9.868550722e+04
2347 0 +8.867291226e+04 +8.867964226e+04 +8.867964226e+04
2386 0 +7.792348021e+04 +7.793021021e+04 +7.793021021e+04
2401 0 +7.038602387e+04 +7.039275387e+04 +7.039275387e+04
2456 0 +5.829723424e+04 +5.830396424e+04 +5.830396424e+04
2460 0 +5.602708173e+04 +5.603381173e+04 +5.603381173e+04
2505 0 +4.884039727e+04 +4.884712727e+04 +4.884712727e+04
2643 0 +4.464470587e+04 +4.465143587e+04 +4.465143587e+04
2729 0 +3.964982827e+04 +3.965655827e+04 +3.965655827e+04
3021 0 +3.542051137e+04 +3.542724137e+04 +3.542724137e+04
3277 0 +3.147746494e+04 +3.148419494e+04 +3.148419494e+04
3710 0 +2.802391988e+04 +2.803064988e+04 +2.803064988e+04
3988 0 +2.510577787e+04 +2.511250787e+04 +2.511250787e+04
4421 0 +2.238226397e+04 +2.238899397e+04 +2.238899397e+04
4936 0 +1.991219221e+04 +1.991892221e+04 +1.991892221e+04
5186 0 +1.775721772e+04 +1.776394772e+04 +1.776394772e+04
5288 0 +1.582386710e+04 +1.583059710e+04 +1.583059710e+04
5333 0 +1.396547726e+04 +1.397220726e+04 +1.397220726e+04
5401 0 +1.247192456e+04 +1.247865456e+04 +1.247865456e+04
5641 0 +1.118571060e+04 +1.119244060e+04 +1.119244060e+04
6160 0 +9.970410977e+03 +9.977140977e+03 +9.977140977e+03
6361 0 +8.856407642e+03 +8.863137642e+03 +8.863137642e+03
7040 0 +7.928460300e+03 +7.935190300e+03 +7.935190300e+03
7674 0 +7.077629874e+03 +7.084359874e+03 +7.084359874e+03
8173 0 +6.297491036e+03 +6.304221036e+03 +6.304221036e+03
8312 0 +5.619990698e+03 +5.626720698e+03 +5.626720698e+03
8453 0 +4.996370002e+03 +5.003100002e+03 +5.003100002e+03
8637 0 +4.463844331e+03 +4.470574331e+03 +4.470574331e+03
9059 0 +3.972329120e+03 +3.979059120e+03 +3.979059120e+03
10118 0 +3.544420127e+03 +3.551150127e+03 +3.551150127e+03
11698 0 +3.161525023e+03 +3.168255023e+03 +3.168255023e+03
12051 0 +2.817861152e+03 +2.824591152e+03 +2.824591152e+03
12913 0 +2.511809703e+03 +2.518539703e+03 +2.518539703e+03
14012 0 +2.237368902e+03 +2.244098902e+03 +2.244098902e+03
15491 0 +1.994387302e+03 +2.001117302e+03 +2.001117302e+03
18364 0 +1.777744983e+03 +1.784474983e+03 +1.784474983e+03
20844 0 +1.584460038e+03 +1.591190038e+03 +1.591190038e+03
23062 0 +1.412182289e+03 +1.418912289e+03 +1.418912289e+03
25202 0 +1.258810518e+03 +1.265540518e+03 +1.265540518e+03
28410 0 +1.121760586e+03 +1.128490586e+03 +1.128490586e+03
36416 0 +9.999493649e+02 +1.006679365e+03 +1.006679365e+03
48822 0 +8.911893954e+02 +8.979193954e+02 +8.979193954e+02
75389 0 +7.943241677e+02 +8.010541677e+02 +8.010541677e+02
104955 0 +7.079422616e+02 +7.146722616e+02 +7.146722616e+02
127579 0 +6.309545733e+02 +6.376845733e+02 +6.376845733e+02
146656 0 +5.623111487e+02 +5.690411487e+02 +5.690411487e+02
165136 0 +5.011704024e+02 +5.079004024e+02 +5.079004024e+02
184564 0 +4.466808791e+02 +4.534108791e+02 +4.534108791e+02
207739 0 +3.981058377e+02 +4.048358377e+02 +4.048358377e+02
236555 0 +3.548094156e+02 +3.615394156e+02 +3.615394156e+02
277932 0 +3.162274078e+02 +3.229574078e+02 +3.229574078e+02
322652 0 +2.818337277e+02 +2.885637277e+02 +2.885637277e+02
367527 0 +2.511861360e+02 +2.579161360e+02 +2.579161360e+02
400000 0 +2.324942514e+02 +2.392242514e+02 +2.392242514e+02
% f evaluations | g evaluations | best noise-free fitness - Fopt (2.632300000000e+02) + sum g_i+ | measured fitness | best measured fitness or single-digit g-values | x1 | x2...
1 0 +1.085128362e+07 +1.085154685e+07 +1.085154685e+07
8 0 +8.797543987e+06 +8.797807217e+06 +8.797807217e+06
143 0 +8.599911986e+06 +8.600175216e+06 +8.600175216e+06
173 0 +8.437784650e+06 +8.438047880e+06 +8.438047880e+06
1215 0 +7.880876026e+06 +7.881139256e+06 +7.881139256e+06
1218 0 +7.749691610e+06 +7.749954840e+06 +7.749954840e+06
1222 0 +7.085670190e+06 +7.085933420e+06 +7.085933420e+06
1223 0 +7.014131372e+06 +7.014394602e+06 +7.014394602e+06
1226 0 +6.796496007e+06 +6.796759237e+06 +6.796759237e+06
1228 0 +6.085315042e+06 +6.085578272e+06 +6.085578272e+06
1230 0 +5.742626031e+06 +5.742889261e+06 +5.742889261e+06
1232 0 +5.612853922e+06 +5.613117152e+06 +5.613117152e+06
1234 0 +5.232322017e+06 +5.232585247e+06 +5.232585247e+06
1238 0 +4.904027611e+06 +4.904290841e+06 +4.904290841e+06
1239 0 +4.647208558e+06 +4.647471788e+06 +4.647471788e+06
1243 0 +4.549522630e+06 +4.549785860e+06 +4.549785860e+06
1245 0 +4.488718025e+06 +4.488981255e+06 +4.488981255e+06
1248 0 +4.331633958e+06 +4.331897188e+06 +4.331897188e+06
1254 0 +4.172871872e+06 +4.173135102e+06 +4.173135102e+06
1260 0 +3.990046343e+06 +3.990309573e+06 +3.990309573e+06
1261 0 +3.969595345e+06 +3.969858575e+06 +3.969858575e+06
1268 0 +3.818510116e+06 +3.818773346e+06 +3.818773346e+06
1271 0 +3.756812980e+06 +3.757076210e+06 +3.757076210e+06
1275 0 +3.686208511e+06 +3.686471741e+06 +3.686471741e+06
1277 0 +3.290649912e+06 +3.290913142e+06 +3.290913142e+06
1284 0 +3.087338494e+06 +3.087601724e+06 +3.087601724e+06
1285 0 +2.884651413e+06 +2.884914643e+06 +2.884914643e+06
1288 0 +2.722917042e+06 +2.723180272e+06 +2.723180272e+06
1291 0 +2.557243056e+06 +2.557506286e+06 +2.557506286e+06
1295 0 +2.485542099e+06 +2.485805329e+06 +2.485805329e+06
1299 0 +2.387317286e+06 +2.387580516e+06 +2.387580516e+06
1302 0 +2.235467572e+06 +2.235730802e+06 +2.235730802e+06
1304 0 +2.066514285e+06 +2.066777515e+06 +2.066777515e+06
1313 0 +1.844068847e+06 +1.844332077e+06 +1.844332077e+06
1316 0 +1.697390571e+06 +1.697653801e+06 +1.697653801e+06
1334 0 +1.583289910e+06 +1.583553140e+06 +1.583553140e+06
1340 0 +1.394995095e+06 +1.395258325e+06 +1.395258325e+06
1348 0 +1.290649605e+06 +1.290912835e+06 +1.290912835e+06
1351 0 +1.246867249e+06 +1.247130479e+06 +1.247130479e+06
1357 0 +1.102280117e+06 +1.102543347e+06 +1.102543347e+06
1360 0 +1.063805369e+06 +1.064068599e+06 +1.064068599e+06
1365 0 +9.681724920e+05 +9.684357220e+05 +9.684357220e+05
1384 0 +8.967266320e+05 +8.969898620e+05 +8.969898620e+05
1388 0 +8.401286732e+05 +8.403919032e+05 +8.403919032e+05
1397 0 +7.411030336e+05 +7.413662636e+05 +7.413662636e+05
1404 0 +7.029346487e+05 +7.031978787e+05 +7.031978787e+05
1406 0 +6.996612850e+05 +6.999245150e+05 +6.999245150e+05
1407 0 +6.274460504e+05 +6.277092804e+05 +6.277092804e+05
1430 0 +5.655564908e+05 +5.658197208e+05 +5.658197208e+05
1431 0 +5.472787038e+05 +5.475419338e+05 +5.475419338e+05
1436 0 +4.874802038e+05 +4.877434338e+05 +4.877434338e+05
1459 0 +4.390927849e+05 +4.393560149e+05 +4.393560149e+05
1511 0 +3.914292437e+05 +3.916924737e+05 +3.916924737e+05
1539 0 +3.240563222e+05 +3.243195522e+05 +3.243195522e+05
1610 0 +3.102520896e+05 +3.105153196e+05 +3.105153196e+05
1804 0 +2.942519942e+05 +2.945152242e+05 +2.945152242e+05
1836 0 +2.716550747e+05 +2.719183047e+05 +2.719183047e+05
1842 0 +2.481803411e+05 +2.484435711e+05 +2.484435711e+05
1845 0 +2.214261687e+05 +2.216893987e+05 +2.216893987e+05
1910 0 +1.980235990e+05 +1.982868290e+05 +1.982868290e+05
1987 0 +1.769752110e+05 +1.772384410e+05 +1.772384410e+05
2002 0 +1.461165386e+05 +1.463797686e+05 +1.463797686e+05
2015 0 +1.277502749e+05 +1.280135049e+05 +1.280135049e+05
2033 0 +1.256022192e+05 +1.258654492e+05 +1.258654492e+05
2067 0 +1.064439591e+05 +1.067071891e+05 +1.067071891e+05
2076 0 +9.898405611e+04 +9.924728611e+04 +9.924728611e+04
2154 0 +8.695246389e+04 +8.721569389e+04 +8.721569389e+04
2432 0 +7.940445787e+04 +7.966768787e+04 +7.966768787e+04
2480 0 +7.034005919e+04 +7.060328919e+04 +7.060328919e+04
2499 0 +6.215748927e+04 +6.242071927e+04 +6.242071927e+04
2549 0 +5.620434353e+04 +5.646757353e+04 +5.646757353e+04
2687 0 +4.931515191e+04 +4.957838191e+04 +4.957838191e+04
2863 0 +4.382954558e+04 +4.409277558e+04 +4.409277558e+04
3147 0 +3.970102693e+04 +3.996425693e+04 +3.996425693e+04
3301 0 +3.521895268e+04 +3.548218268e+04 +3.548218268e+04
3487 0 +3.103527055e+04 +3.129850055e+04 +3.129850055e+04
3680 0 +2.816186555e+04 +2.842509555e+04 +2.842509555e+04
3987 0 +2.509044720e+04 +2.535367720e+04 +2.535367720e+04
5041 0 +2.238158797e+04 +2.264481797e+04 +2.264481797e+04
5582 0 +1.991443064e+04 +2.017766064e+04 +2.017766064e+04
6127 0 +1.769137929e+04 +1.795460929e+04 +1.795460929e+04
6382 0 +1.576971050e+04 +1.603294050e+04 +1.603294050e+04
6844 0 +1.411959324e+04 +1.438282324e+04 +1.438282324e+04
8182 0 +1.257648800e+04 +1.283971800e+04 +1.283971800e+04
11376 0 +1.121918321e+04 +1.148241321e+04 +1.148241321e+04
12353 0 +9.991199252e+03 +1.025442925e+04 +1.025442925e+04
12891 0 +8.892350524e+03 +9.155580524e+03 +9.155580524e+03
14309 0 +7.941510684e+03 +8.204740684e+03 +8.204740684e+03
15056 0 +7.068729581e+03 +7.331959581e+03 +7.331959581e+03
17151 0 +6.308945081e+03 +6.572175081e+03 +6.572175081e+03
21365 0 +5.622516012e+03 +5.885746012e+03 +5.885746012e+03
22976 0 +5.009761957e+03 +5.272991957e+03 +5.272991957e+03
24880 0 +4.466834309e+03 +4.730064309e+03 +4.730064309e+03
27531 0 +3.978339547e+03 +4.241569547e+03 +4.241569547e+03
30142 0 +3.547043030e+03 +3.810273030e+03 +3.810273030e+03
33352 0 +3.161834862e+03 +3.425064862e+03 +3.425064862e+03
39220 0 +2.818076890e+03 +3.081306890e+03 +3.081306890e+03
45064 0 +2.511791951e+03 +2.775021951e+03 +2.775021951e+03
46782 0 +2.237662780e+03 +2.500892780e+03 +2.500892780e+03
47614 0 +1.993762804e+03 +2.256992804e+03 +2.256992804e+03
49752 0 +1.778225865e+03 +2.041455865e+03 +2.041455865e+03
51557 0 +1.583302700e+03 +1.846532700e+03 +1.846532700e+03
54543 0 +1.412409433e+03 +1.675639433e+03 +1.675639433e+03
60246 0 +1.258846031e+03 +1.522076031e+03 +1.522076031e+03
72801 0 +1.122003498e+03 +1.385233498e+03 +1.385233498e+03
80584 0 +9.999770423e+02 +1.263207042e+03 +1.263207042e+03
83114 0 +8.911438662e+02 +1.154373866e+03 +1.154373866e+03
88235 0 +7.943147786e+02 +1.057544779e+03 +1.057544779e+03
102556 0 +7.079220253e+02 +9.711520253e+02 +9.711520253e+02
117103 0 +6.309057215e+02 +8.941357215e+02 +8.941357215e+02
124970 0 +5.623206880e+02 +8.255506880e+02 +8.255506880e+02
136334 0 +5.011839442e+02 +7.644139442e+02 +7.644139442e+02
147552 0 +4.466801476e+02 +7.099101476e+02 +7.099101476e+02
161190 0 +3.980950192e+02 +6.613250192e+02 +6.613250192e+02
178010 0 +3.548077681e+02 +6.180377681e+02 +6.180377681e+02
194463 0 +3.162117287e+02 +5.794417287e+02 +5.794417287e+02
210735 0 +2.818245972e+02 +5.450545972e+02 +5.450545972e+02
229466 0 +2.511728717e+02 +5.144028717e+02 +5.144028717e+02
254369 0 +2.238662491e+02 +4.870962491e+02 +4.870962491e+02
282611 0 +1.995204230e+02 +4.627504230e+02 +4.627504230e+02
315301 0 +1.778270021e+02 +4.410570021e+02 +4.410570021e+02
354956 0 +1.584861263e+02 +4.217161263e+02 +4.217161263e+02
400000 0 +1.430858608e+02 +4.063158608e+02 +4.063158608e+02
% f evaluations | g evaluations | best noise-free fitness - Fopt (1.803000000000e+02) + sum g_i+ | measured fitness | best measured fitness or single-digit g-values | x1 | x2...
1 0 +1.974165790e+07 +1.974183820e+07 +1.974183820e+07
2 0 +1.740420932e+07 +1.740438962e+07 +1.740438962e+07
3 0 +1.509369851e+07 +1.509387881e+07 +1.509387881e+07
92 0 +1.455268838e+07 +1.455286868e+07 +1.455286868e+07
93 0 +1.337799570e+07 +1.337817600e+07 +1.337817600e+07
198 0 +1.305701410e+07 +1.305719440e+07 +1.305719440e+07
1227 0 +1.263820926e+07 +1.263838956e+07 +1.263838956e+07
1232 0 +1.162226899e+07 +1.162244929e+07 +1.162244929e+07
1233 0 +9.717434417e+06 +9.717614717e+06 +9.717614717e+06
1235 0 +9.408172580e+06 +9.408352880e+06 +9.408352880e+06
1237 0 +9.237436048e+06 +9.237616348e+06 +9.237616348e+06
1242 0 +8.655737440e+06 +8.655917740e+06 +8.655917740e+06
1243 0 +8.489922679e+06 +8.490102979e+06 +8.490102979e+06
1251 0 +7.790247360e+06 +7.790427660e+06 +7.790427660e+06
1253 0 +7.524439959e+06 +7.524620259e+06 +7.524620259e+06
1256 0 +7.027994227e+06 +7.028174527e+06 +7.028174527e+06
1258 0 +6.967245124e+06 +6.967425424e+06 +6.967425424e+06
1260 0 +6.662213280e+06 +6.662393580e+06 +6.662393580e+06
1263 0 +6.024166615e+06 +6.024346915e+06 +6.024346915e+06
1265 0 +5.853489662e+06 +5.853669962e+06 +5.853669962e+06
1268 0 +4.994815728e+06 +4.994996028e+06 +4.994996028e+06
1276 0 +4.828151516e+06 +4.828331816e+06 +4.828331816e+06
1282 0 +4.117956392e+06 +4.118136692e+06 +4.118136692e+06
1283 0 +4.020839487e+06 +4.021019787e+06 +4.021019787e+06
1285 0 +3.629697594e+06 +3.629877894e+06 +3.629877894e+06
1288 0 +3.404232418e+06 +3.404412718e+06 +3.404412718e+06
1289 0 +3.290913341e+06 +3.291093641e+06 +3.291093641e+06
1295 0 +2.521439017e+06 +2.521619317e+06 +2.521619317e+06
1298 0 +2.333736814e+06 +2.333917114e+06 +2.333917114e+06
1300 0 +2.175783368e+06 +2.175963668e+06 +2.175963668e+06
1307 0 +1.844555617e+06 +1.844735917e+06 +1.844735917e+06
1312 0 +1.411188984e+06 +1.411369284e+06 +1.411369284e+06
1313 0 +1.243789846e+06 +1.243970146e+06 +1.243970146e+06
1317 0 +1.145072252e+06 +1.145252552e+06 +1.145252552e+06
1323 0 +1.015232787e+06 +1.015413087e+06 +1.015413087e+06
1327 0 +9.894779794e+05 +9.896582794e+05 +9.896582794e+05
1331 0 +7.828441822e+05 +7.830244822e+05 +7.830244822e+05
1346 0 +6.821652786e+05 +6.823455786e+05 +6.823455786e+05
1348 0 +5.661924317e+05 +5.663727317e+05 +5.663727317e+05
1350 0 +5.020451251e+05 +5.022254251e+05 +5.022254251e+05
1367 0 +4.889738636e+05 +4.891541636e+05 +4.891541636e+05
1373 0 +4.396986670e+05 +4.398789670e+05 +4.398789670e+05
1380 0 +3.732411673e+05 +3.734214673e+05 +3.734214673e+05
1419 0 +3.264223206e+05 +3.266026206e+05 +3.266026206e+05
1447 0 +3.071948360e+05 +3.073751360e+05 +3.073751360e+05
1466 0 +2.782501708e+05 +2.784304708e+05 +2.784304708e+05
1505 0 +2.331997918e+05 +2.333800918e+05 +2.333800918e+05
1563 0 +2.162078616e+05 +2.163881616e+05 +2.163881616e+05
1583 0 +1.944004028e+05 +1.945807028e+05 +1.945807028e+05
1674 0 +1.749312829e+05 +1.751115829e+05 +1.751115829e+05
1694 0 +1.478869094e+05 +1.480672094e+05 +1.480672094e+05
1741 0 +1.401427359e+05 +1.403230359e+05 +1.403230359e+05
2018 0 +1.232513216e+05 +1.234316216e+05 +1.234316216e+05
2139 0 +1.061547543e+05 +1.063350543e+05 +1.063350543e+05
2418 0 +9.882865159e+04 +9.900895159e+04 +9.900895159e+04
2446 0 +8.826349579e+04 +8.844379579e+04 +8.844379579e+04
2494 0 +7.907753326e+04 +7.925783326e+04 +7.925783326e+04
2529 0 +7.019793625e+04 +7.037823625e+04 +7.037823625e+04
2809 0 +6.277125650e+04 +6.295155650e+04 +6.295155650e+04
2954 0 +5.559866530e+04 +5.577896530e+04 +5.577896530e+04
3054 0 +5.011233046e+04 +5.029263046e+04 +5.029263046e+04
3167 0 +4.414511296e+04 +4.432541296e+04 +4.432541296e+04
3246 0 +3.890952892e+04 +3.908982892e+04 +3.908982892e+04
3295 0 +3.522083277e+04 +3.540113277e+04 +3.540113277e+04
3438 0 +3.118760245e+04 +3.136790245e+04 +3.136790245e+04
3538 0 +2.803775403e+04 +2.821805403e+04 +2.821805403e+04
3680 0 +2.509548408e+04 +2.527578408e+04 +2.527578408e+04
3878 0 +2.238616152e+04 +2.256646152e+04 +2.256646152e+04
3985 0 +1.960462861e+04 +1.978492861e+04 +1.978492861e+04
4494 0 +1.770779981e+04 +1.788809981e+04 +1.788809981e+04
4906 0 +1.583436744e+04 +1.601466744e+04 +1.601466744e+04
5545 0 +1.412497682e+04 +1.430527682e+04 +1.430527682e+04
6413 0 +1.257915446e+04 +1.275945446e+04 +1.275945446e+04
7589 0 +1.120626079e+04 +1.138656079e+04 +1.138656079e+04
8225 0 +9.999715967e+03 +1.018001597e+04 +1.018001597e+04
8839 0 +8.909412296e+03 +9.089712296e+03 +9.089712296e+03
10290 0 +7.938173993e+03 +8.118473993e+03 +8.118473993e+03
12428 0 +7.079382407e+03 +7.259682407e+03 +7.259682407e+03
13513 0 +6.309069785e+03 +6.489369785e+03 +6.489369785e+03
15415 0 +5.622516457e+03 +5.802816457e+03 +5.802816457e+03
17635 0 +5.000106340e+03 +5.180406340e+03 +5.180406340e+03
20618 0 +4.466769840e+03 +4.647069840e+03 +4.647069840e+03
24717 0 +3.981005968e+03 +4.161305968e+03 +4.161305968e+03
27378 0 +3.547987657e+03 +3.728287657e+03 +3.728287657e+03
33328 0 +3.162147673e+03 +3.342447673e+03 +3.342447673e+03
39707 0 +2.817659211e+03 +2.997959211e+03 +2.997959211e+03
41738 0 +2.511173040e+03 +2.691473040e+03 +2.691473040e+03
44107 0 +2.237930460e+03 +2.418230460e+03 +2.418230460e+03
48142 0 +1.995251947e+03 +2.175551947e+03 +2.175551947e+03
56020 0 +1.778238772e+03 +1.958538772e+03 +1.958538772e+03
64415 0 +1.584676546e+03 +1.764976546e+03 +1.764976546e+03
73387 0 +1.412419483e+03 +1.592719483e+03 +1.592719483e+03
85777 0 +1.258881295e+03 +1.439181295e+03 +1.439181295e+03
103670 0 +1.121977987e+03 +1.302277987e+03 +1.302277987e+03
116539 0 +9.999328344e+02 +1.180232834e+03 +1.180232834e+03
124256 0 +8.911314067e+02 +1.071431407e+03 +1.071431407e+03
130622 0 +7.941936419e+02 +9.744936419e+02 +9.744936419e+02
137744 0 +7.079135058e+02 +8.882135058e+02 +8.882135058e+02
149022 0 +6.309121054e+02 +8.112121054e+02 +8.112121054e+02
171561 0 +5.623382577e+02 +7.426382577e+02 +7.426382577e+02
201982 0 +5.011639534e+02 +6.814639534e+02 +6.814639534e+02
221906 0 +4.466759570e+02 +6.269759570e+02 +6.269759570e+02
236854 0 +3.981006823e+02 +5.784006823e+02 +5.784006823e+02
251856 0 +3.548058445e+02 +5.351058445e+02 +5.351058445e+02
274883 0 +3.162218775e+02 +4.965218775e+02 +4.965218775e+02
316829 0 +2.818374116e+02 +4.621374116e+02 +4.621374116e+02
347264 0 +2.511871880e+02 +4.314871880e+02 +4.314871880e+02
390163 0 +2.238671409e+02 +4.041671409e+02 +4.041671409e+02
400000 0 +2.185853285e+02 +3.988853285e+02 +3.988853285e+02
% f evaluations | g evaluations | best noise-free fitness - Fopt (6.456000000000e+01) + sum g_i+ | measured fitness | best measured fitness or single-digit g-values | x1 | x2...
1 0 +9.951428243e+06 +9.951492803e+06 +9.951492803e+06
3 0 +9.318034758e+06 +9.318099318e+06 +9.318099318e+06
9 0 +8.850754295e+06 +8.850818855e+06 +8.850818855e+06
15 0 +7.727505645e+06 +7.727570205e+06 +7.727570205e+06
47 0 +7.104063674e+06 +7.104128234e+06 +7.104128234e+06
48 0 +6.733862471e+06 +6.733927031e+06 +6.733927031e+06
225 0 +6.483492010e+06 +6.483556570e+06 +6.483556570e+06
1223 0 +6.153609464e+06 +6.153674024e+06 +6.153674024e+06
1226 0 +5.587390190e+06 +5.587454750e+06 +5.587454750e+06
1228 0 +5.462301611e+06 +5.462366171e+06 +5.462366171e+06
1229 0 +5.035680525e+06 +5.035745085e+06 +5.035745085e+06
1232 0 +5.009170450e+06 +5.009235010e+06 +5.009235010e+06
1234 0 +4.808475583e+06 +4.808540143e+06 +4.808540143e+06
1235 0 +4.271366901e+06 +4.271431461e+06 +4.271431461e+06
1238 0 +4.090228434e+06 +4.090292994e+06 +4.090292994e+06
1248 0 +3.681758804e+06 +3.681823364e+06 +3.681823364e+06
1250 0 +3.278539262e+06 +3.278603822e+06 +3.278603822e+06
1252 0 +3.091603777e+06 +3.091668337e+06 +3.091668337e+06
1256 0 +2.863814336e+06 +2.863878896e+06 +2.863878896e+06
1260 0 +2.431814898e+06 +2.431879458e+06 +2.431879458e+06
1266 0 +2.395944790e+06 +2.396009350e+06 +2.396009350e+06
1271 0 +2.266723982e+06 +2.266788542e+06 +2.266788542e+06
1274 0 +2.113345447e+06 +2.113410007e+06 +2.113410007e+06
1276 0 +1.845790782e+06 +1.845855342e+06 +1.845855342e+06
1277 0 +1.677628237e+06 +1.677692797e+06 +1.677692797e+06
1279 0 +1.524851120e+06 +1.524915680e+06 +1.524915680e+06
1281 0 +1.327505875e+06 +1.327570435e+06 +1.327570435e+06
1285 0 +1.118060346e+06 +1.118124906e+06 +1.118124906e+06
1291 0 +1.040379117e+06 +1.040443677e+06 +1.040443677e+06
1296 0 +9.714401400e+05 +9.715047000e+05 +9.715047000e+05
1303 0 +8.876569190e+05 +8.877214790e+05 +8.877214790e+05
1309 0 +7.756031394e+05 +7.756676994e+05 +7.756676994e+05
1328 0 +7.003468980e+05 +7.004114580e+05 +7.004114580e+05
1335 0 +6.713444660e+05 +6.714090260e+05 +6.714090260e+05
1343 0 +6.178565671e+05 +6.179211271e+05 +6.179211271e+05
1349 0 +5.861110281e+05 +5.861755881e+05 +5.861755881e+05
1356 0 +4.938446498e+05 +4.939092098e+05 +4.939092098e+05
1359 0 +4.450217576e+05 +4.450863176e+05 +4.450863176e+05
1374 0 +3.825548395e+05 +3.826193995e+05 +3.826193995e+05
1401 0 +3.412254619e+05 +3.412900219e+05 +3.412900219e+05
1413 0 +3.009792346e+05 +3.010437946e+05 +3.010437946e+05
1441 0 +2.775870641e+05 +2.776516241e+05 +2.776516241e+05
1549 0 +2.409420694e+05 +2.410066294e+05 +2.410066294e+05
1568 0 +2.233829534e+05 +2.234475134e+05 +2.234475134e+05
1758 0 +1.964593333e+05 +1.965238933e+05 +1.965238933e+05
1954 0 +1.738974670e+05 +1.739620270e+05 +1.739620270e+05
1994 0 +1.582675847e+05 +1.583321447e+05 +1.583321447e+05
2051 0 +1.410246657e+05 +1.410892257e+05 +1.410892257e+05
2137 0 +1.177451605e+05 +1.178097205e+05 +1.178097205e+05
2214 0 +1.046139463e+05 +1.046785063e+05 +1.046785063e+05
2274 0 +9.763144521e+04 +9.769600521e+04 +9.769600521e+04
2420 0 +8.617109975e+04 +8.623565975e+04 +8.623565975e+04
2529 0 +7.819927072e+04 +7.826383072e+04 +7.826383072e+04
2614 0 +6.840266255e+04 +6.846722255e+04 +6.846722255e+04
2779 0 +6.114336284e+04 +6.120792284e+04 +6.120792284e+04
2882 0 +5.521826633e+04 +5.528282633e+04 +5.528282633e+04
3069 0 +4.997412097e+04 +5.003868097e+04 +5.003868097e+04
3358 0 +4.465481426e+04 +4.471937426e+04 +4.471937426e+04
3537 0 +3.968856766e+04 +3.975312766e+04 +3.975312766e+04
3755 0 +3.546717292e+04 +3.553173292e+04 +3.553173292e+04
4012 0 +3.160053127e+04 +3.166509127e+04 +3.166509127e+04
4177 0 +2.788616012e+04 +2.795072012e+04 +2.795072012e+04
4276 0 +2.498409969e+04 +2.504865969e+04 +2.504865969e+04
4374 0 +2.232323072e+04 +2.238779072e+04 +2.238779072e+04
4508 0 +1.991354173e+04 +1.997810173e+04 +1.997810173e+04
5229 0 +1.777348915e+04 +1.783804915e+04 +1.783804915e+04
6349 0 +1.582916331e+04 +1.589372331e+04 +1.589372331e+04
7044 0 +1.412526843e+04 +1.418982843e+04 +1.418982843e+04
7793 0 +1.258264288e+04 +1.264720288e+04 +1.264720288e+04
8305 0 +1.121442925e+04 +1.127898925e+04 +1.127898925e+04
9125 0 +9.993348447e+03 +1.005790845e+04 +1.005790845e+04
10165 0 +8.912261496e+03 +8.976821496e+03 +8.976821496e+03
11779 0 +7.933825222e+03 +7.998385222e+03 +7.998385222e+03
13410 0 +7.070644414e+03 +7.135204414e+03 +7.135204414e+03
15951 0 +6.308790505e+03 +6.373350505e+03 +6.373350505e+03
17924 0 +5.621948235e+03 +5.686508235e+03 +5.686508235e+03
19159 0 +5.010466524e+03 +5.075026524e+03 +5.075026524e+03
20054 0 +4.466177748e+03 +4.530737748e+03 +4.530737748e+03
21029 0 +3.980448895e+03 +4.045008895e+03 +4.045008895e+03
22416 0 +3.546414822e+03 +3.610974822e+03 +3.610974822e+03
25122 0 +3.162156941e+03 +3.226716941e+03 +3.226716941e+03
27862 0 +2.817266475e+03 +2.881826475e+03 +2.881826475e+03
30138 0 +2.511683064e+03 +2.576243064e+03 +2.576243064e+03
34754 0 +2.238713293e+03 +2.303273293e+03 +2.303273293e+03
43349 0 +1.995221762e+03 +2.059781762e+03 +2.059781762e+03
46185 0 +1.777610117e+03 +1.842170117e+03 +1.842170117e+03
47365 0 +1.584389679e+03 +1.648949679e+03 +1.648949679e+03
49005 0 +1.412345362e+03 +1.476905362e+03 +1.476905362e+03
52878 0 +1.258734777e+03 +1.323294777e+03 +1.323294777e+03
56139 0 +1.121518636e+03 +1.186078636e+03 +1.186078636e+03
59751 0 +9.999851151e+02 +1.064545115e+03 +1.064545115e+03
66711 0 +8.912114258e+02 +9.557714258e+02 +9.557714258e+02
71585 0 +7.942267068e+02 +8.587867068e+02 +8.587867068e+02
74576 0 +7.079058572e+02 +7.724658572e+02 +7.724658572e+02
86588 0 +6.309199470e+02 +6.954799470e+02 +6.954799470e+02
108995 0 +5.623213343e+02 +6.268813343e+02 +6.268813343e+02
151062 0 +5.011824188e+02 +5.657424188e+02 +5.657424188e+02
177748 0 +4.466666759e+02 +5.112266759e+02 +5.112266759e+02
195244 0 +3.981053331e+02 +4.626653331e+02 +4.626653331e+02
226166 0 +3.548124602e+02 +4.193724602e+02 +4.193724602e+02
262772 0 +3.162267917e+02 +3.807867917e+02 +3.807867917e+02
314964 0 +2.818381368e+02 +3.463981368e+02 +3.463981368e+02
374814 0 +2.511880204e+02 +3.157480204e+02 +3.157480204e+02
400000 0 +2.363340727e+02 +3.008940727e+02 +3.008940727e+02
% f evaluations | g evaluations | best noise-free fitness - Fopt (-2.171400000000e+02) + sum g_i+ | measured fitness | best measured fitness or single-digit g-values | x1 | x2...
1 0 +1.660204431e+07 +1.660182717e+07 +1.660182717e+07
8 0 +1.578349189e+07 +1.578327475e+07 +1.578327475e+07
23 0 +1.325029270e+07 +1.325007556e+07 +1.325007556e+07
32 0 +1.289158942e+07 +1.289137228e+07 +1.289137228e+07
41 0 +1.273504485e+07 +1.273482771e+07 +1.273482771e+07
50 0 +1.261806503e+07 +1.261784789e+07 +1.261784789e+07
86 0 +1.008383374e+07 +1.008361660e+07 +1.008361660e+07
1218 0 +8.912880300e+06 +8.912663160e+06 +8.912663160e+06
1219 0 +8.116527584e+06 +8.116310444e+06 +8.116310444e+06
1221 0 +7.792581015e+06 +7.792363875e+06 +7.792363875e+06
1223 0 +7.482398701e+06 +7.482181561e+06 +7.482181561e+06
1231 0 +6.161043757e+06 +6.160826617e+06 +6.160826617e+06
1234 0 +5.544618968e+06 +5.544401828e+06 +5.544401828e+06
1236 0 +4.969018768e+06 +4.968801628e+06 +4.968801628e+06
1240 0 +4.244480824e+06 +4.244263684e+06 +4.244263684e+06
1242 0 +4.063766588e+06 +4.063549448e+06 +4.063549448e+06
1244 0 +3.847991617e+06 +3.847774477e+06 +3.847774477e+06
1246 0 +3.191936197e+06 +3.191719057e+06 +3.191719057e+06
1247 0 +3.133147972e+06 +3.132930832e+06 +3.132930832e+06
1249 0 +2.988188190e+06 +2.987971050e+06 +2.987971050e+06
1252 0 +2.875416270e+06 +2.875199130e+06 +2.875199130e+06
1253 0 +2.646113301e+06 +2.645896161e+06 +2.645896161e+06
1258 0 +2.504644392e+06 +2.504427252e+06 +2.504427252e+06
1260 0 +2.417149391e+06 +2.416932251e+06 +2.416932251e+06
1264 0 +2.357197524e+06 +2.356980384e+06 +2.356980384e+06
1265 0 +2.115548103e+06 +2.115330963e+06 +2.115330963e+06
1268 0 +1.986094688e+06 +1.985877548e+06 +1.985877548e+06
1273 0 +1.784718498e+06 +1.784501358e+06 +1.784501358e+06
1276 0 +1.681277825e+06 +1.681060685e+06 +1.681060685e+06
1286 0 +1.503773592e+06 +1.503556452e+06 +1.503556452e+06
1287 0 +1.495003950e+06 +1.494786810e+06 +1.494786810e+06
1290 0 +1.406930127e+06 +1.406712987e+06 +1.406712987e+06
1291 0 +1.306427675e+06 +1.306210535e+06 +1.306210535e+06
1296 0 +1.281658834e+06 +1.281441694e+06 +1.281441694e+06
1300 0 +1.122551362e+06 +1.122334222e+06 +1.122334222e+06
1307 0 +1.045831853e+06 +1.045614713e+06 +1.045614713e+06
1309 0 +9.852062487e+05 +9.849891087e+05 +9.849891087e+05
1311 0 +8.271105527e+05 +8.268934127e+05 +8.268934127e+05
1323 0 +7.703609372e+05 +7.701437972e+05 +7.701437972e+05
1326 0 +6.298894507e+05 +6.296723107e+05 +6.296723107e+05
1333 0 +5.279605702e+05 +5.277434302e+05 +5.277434302e+05
1341 0 +4.817241989e+05 +4.815070589e+05 +4.815070589e+05
1343 0 +4.449066450e+05 +4.446895050e+05 +4.446895050e+05
1359 0 +3.932334656e+05 +3.930163256e+05 +3.930163256e+05
1391 0 +3.427500589e+05 +3.425329189e+05 +3.425329189e+05
1424 0 +3.158537769e+05 +3.156366369e+05 +3.156366369e+05
1426 0 +2.622283342e+05 +2.620111942e+05 +2.620111942e+05
1439 0 +2.255233515e+05 +2.253062115e+05 +2.253062115e+05
1474 0 +2.222897362e+05 +2.220725962e+05 +2.220725962e+05
1535 0 +1.762364090e+05 +1.760192690e+05 +1.760192690e+05
1642 0 +1.532569482e+05 +1.530398082e+05 +1.530398082e+05
1664 0 +1.253371426e+05 +1.251200026e+05 +1.251200026e+05
1835 0 +1.035862903e+05 +1.033691503e+05 +1.033691503e+05
1915 0 +9.476394434e+04 +9.454680434e+04 +9.454680434e+04
1995 0 +8.867674005e+04 +8.845960005e+04 +8.845960005e+04
2166 0 +7.890396371e+04 +7.868682371e+04 +7.868682371e+04
2320 0 +6.933107422e+04 +6.911393422e+04 +6.911393422e+04
2738 0 +6.293875238e+04 +6.272161238e+04 +6.272161238e+04
3059 0 +5.582224918e+04 +5.560510918e+04 +5.560510918e+04
3458 0 +5.003873799e+04 +4.982159799e+04 +4.982159799e+04
3844 0 +4.445205328e+04 +4.423491328e+04 +4.423491328e+04
4015 0 +3.971054404e+04 +3.949340404e+04 +3.949340404e+04
4344 0 +3.534261054e+04 +3.512547054e+04 +3.512547054e+04
4664 0 +3.143089071e+04 +3.121375071e+04 +3.121375071e+04
4909 0 +2.817345257e+04 +2.795631257e+04 +2.795631257e+04
5295 0 +2.506098188e+04 +2.484384188e+04 +2.484384188e+04
5775 0 +2.238202452e+04 +2.216488452e+04 +2.216488452e+04
6791 0 +1.994257044e+04 +1.972543044e+04 +1.972543044e+04
7544 0 +1.777834944e+04 +1.756120944e+04 +1.756120944e+04
7900 0 +1.584424098e+04 +1.562710098e+04 +1.562710098e+04
8180 0 +1.412140852e+04 +1.390426852e+04 +1.390426852e+04
8489 0 +1.258547707e+04 +1.236833707e+04 +1.236833707e+04
8991 0 +1.121938186e+04 +1.100224186e+04 +1.100224186e+04
9482 0 +9.996941085e+03 +9.779801085e+03 +9.779801085e+03
10660 0 +8.910892038e+03 +8.693752038e+03 +8.693752038e+03
12647 0 +7.941180861e+03 +7.724040861e+03 +7.724040861e+03
13852 0 +7.077759377e+03 +6.860619377e+03 +6.860619377e+03
14249 0 +6.303431473e+03 +6.086291473e+03 +6.086291473e+03
14669 0 +5.618712913e+03 +5.401572913e+03 +5.401572913e+03
17027 0 +5.009461199e+03 +4.792321199e+03 +4.792321199e+03
19858 0 +4.465492582e+03 +4.248352582e+03 +4.248352582e+03
21016 0 +3.980863496e+03 +3.763723496e+03 +3.763723496e+03
24050 0 +3.545472733e+03 +3.328332733e+03 +3.328332733e+03
27609 0 +3.161370610e+03 +2.944230610e+03 +2.944230610e+03
31989 0 +2.818135497e+03 +2.600995497e+03 +2.600995497e+03
40406 0 +2.511606350e+03 +2.294466350e+03 +2.294466350e+03
52522 0 +2.238701563e+03 +2.021561563e+03 +2.021561563e+03
67686 0 +1.995105410e+03 +1.777965410e+03 +1.777965410e+03
81677 0 +1.778025230e+03 +1.560885230e+03 +1.560885230e+03
95124 0 +1.584734913e+03 +1.367594913e+03 +1.367594913e+03
116960 0 +1.412498190e+03 +1.195358190e+03 +1.195358190e+03
139666 0 +1.258875394e+03 +1.041735394e+03 +1.041735394e+03
158162 0 +1.121941780e+03 +9.048017795e+02 +9.048017795e+02
174315 0 +9.999866741e+02 +7.828466741e+02 +7.828466741e+02
185280 0 +8.912369206e+02 +6.740969206e+02 +6.740969206e+02
196839 0 +7.943097918e+02 +5.771697918e+02 +5.771697918e+02
212242 0 +7.079433100e+02 +4.908033100e+02 +4.908033100e+02
231586 0 +6.309107490e+02 +4.137707490e+02 +4.137707490e+02
252762 0 +5.622581713e+02 +3.451181713e+02 +3.451181713e+02
276291 0 +5.011688028e+02 +2.840288028e+02 +2.840288028e+02
306637 0 +4.466729353e+02 +2.295329353e+02 +2.295329353e+02
342002 0 +3.981028315e+02 +1.809628315e+02 +1.809628315e+02
374023 0 +3.548034624e+02 +1.376634624e+02 +1.376634624e+02
400000 0 +3.192015729e+02 +1.020615729e+02 +1.020615729e+02
