% f evaluations | g evaluations | best noise-free fitness - Fopt (-5.235000000000e+01) + sum g_i+ | measured fitness | best measured fitness or single-digit g-values | x1 | x2...
1 0 +6.365678814e+01 +1.130678814e+01 +1.130678814e+01 +0.0000e+00 +0.0000e+00 +0.0000e+00 +0.0000e+00 +0.0000e+00
2 0 +1.354621142e+01 -3.880378858e+01 -3.880378858e+01 -2.7186e+00 -7.1789e-01 +5.1803e-01 +6.4926e-01 -1.3468e+00
6 0 +6.852444577e+00 -4.549755542e+01 -4.549755542e+01 -3.1061e+00 -6.5270e-01 +1.1719e+00 -1.4812e-01 -4.1057e-01
72 0 +5.472373867e+00 -4.687762613e+01 -4.687762613e+01 -1.7720e-01 -3.5816e+00 +1.1719e+00 -1.4812e-01 -4.1057e-01
168 0 +4.707455555e+00 -4.764254444e+01 -4.764254444e+01 -1.5450e+00 +1.5168e-01 +2.5537e+00 -1.9934e-02 -1.0121e+00
204 0 +3.462737622e+00 -4.888726238e+01 -4.888726238e+01 -1.7720e-01 -6.5270e-01 +1.1719e+00 -3.0771e+00 -4.1057e-01
226 0 +2.945519757e+00 -4.940448024e+01 -4.940448024e+01 -3.6414e-01 -1.2860e+00 +5.9333e-01 -3.1365e+00 -1.3740e+00
1667 0 +2.618798741e+00 -4.973120126e+01 -4.973120126e+01 -2.0013e+00 +9.2763e-01 +3.4701e+00 -2.1162e+00 -1.0006e+00
1674 0 +2.290025303e+00 -5.005997470e+01 -5.005997470e+01 -1.0006e+00 +9.2763e-01 +3.4701e+00 -2.1162e+00 -2.0013e+00
1675 0 +1.401804698e+00 -5.094819530e+01 -5.094819530e+01 -1.0006e+00 -7.3015e-02 +3.4701e+00 -2.1162e+00 -2.0013e+00
1677 0 +1.078244694e+00 -5.127175531e+01 -5.127175531e+01 -1.0006e+00 -7.3015e-02 +2.4694e+00 -2.1162e+00 -2.0013e+00
1685 0 +2.985536120e-01 -5.205144639e+01 -5.205144639e+01 -1.0006e+00 -1.0737e+00 +2.4694e+00 -2.1162e+00 -2.0013e+00
1704 0 +2.649146903e-01 -5.208508531e+01 -5.208508531e+01 -5.0032e-01 -1.0737e+00 +2.4694e+00 -2.1162e+00 -1.0006e+00
1711 0 +1.208078784e-01 -5.222919212e+01 -5.222919212e+01 -5.0032e-01 -1.0737e+00 +2.4694e+00 -2.1162e+00 -1.5010e+00
1723 0 +6.881219399e-02 -5.228118781e+01 -5.228118781e+01 -7.5049e-01 -1.0737e+00 +2.4694e+00 -2.1162e+00 -1.5010e+00
1729 0 +6.196581163e-02 -5.228803419e+01 -5.228803419e+01 -7.5049e-01 -1.0737e+00 +2.4694e+00 -2.3664e+00 -1.5010e+00
1737 0 +4.777903253e-02 -5.230222097e+01 -5.230222097e+01 -7.5049e-01 -1.0737e+00 +2.2193e+00 -2.3664e+00 -1.5010e+00
1758 0 +3.151887575e-02 -5.231848112e+01 -5.231848112e+01 -7.5049e-01 -1.0737e+00 +2.3444e+00 -2.3664e+00 -1.5010e+00
1795 0 +2.170245911e-02 -5.232829754e+01 -5.232829754e+01 -7.5049e-01 -1.1049e+00 +2.3444e+00 -2.3038e+00 -1.5010e+00
1798 0 +1.833712880e-02 -5.233166287e+01 -5.233166287e+01 -7.5049e-01 -1.1049e+00 +2.3756e+00 -2.3038e+00 -1.5010e+00
1821 0 +1.756333433e-02 -5.233243667e+01 -5.233243667e+01 -7.5049e-01 -1.1049e+00 +2.3756e+00 -2.2882e+00 -1.5166e+00
1835 0 +1.535577145e-02 -5.233464423e+01 -5.233464423e+01 -7.5049e-01 -1.1206e+00 +2.3913e+00 -2.2726e+00 -1.5166e+00
1838 0 +1.364324407e-02 -5.233635676e+01 -5.233635676e+01 -7.5049e-01 -1.1206e+00 +2.4069e+00 -2.2726e+00 -1.5166e+00
1865 0 +1.169365756e-02 -5.233830634e+01 -5.233830634e+01 -7.5049e-01 -1.1284e+00 +2.4225e+00 -2.2569e+00 -1.5322e+00
1868 0 +1.119367523e-02 -5.233880632e+01 -5.233880632e+01 -7.5049e-01 -1.1284e+00 +2.4304e+00 -2.2569e+00 -1.5322e+00
1895 0 +9.922807281e-03 -5.234007719e+01 -5.234007719e+01 -7.5440e-01 -1.1362e+00 +2.4343e+00 -2.2491e+00 -1.5322e+00
1908 0 +8.656800139e-03 -5.234134320e+01 -5.234134320e+01 -7.5830e-01 -1.1401e+00 +2.4421e+00 -2.2452e+00 -1.5322e+00
1918 0 +7.849097600e-03 -5.234215090e+01 -5.234215090e+01 -7.6221e-01 -1.1440e+00 +2.4460e+00 -2.2452e+00 -1.5322e+00
1963 0 +6.993824456e-03 -5.234300618e+01 -5.234300618e+01 -7.6612e-01 -1.1479e+00 +2.4538e+00 -2.2472e+00 -1.5322e+00
1985 0 +6.135411099e-03 -5.234386459e+01 -5.234386459e+01 -7.7003e-01 -1.1538e+00 +2.4577e+00 -2.2491e+00 -1.5322e+00
2005 0 +5.490611177e-03 -5.234450939e+01 -5.234450939e+01 -7.7394e-01 -1.1577e+00 +2.4616e+00 -2.2511e+00 -1.5322e+00
2045 0 +4.949069651e-03 -5.234505093e+01 -5.234505093e+01 -7.7687e-01 -1.1606e+00 +2.4675e+00 -2.2550e+00 -1.5322e+00
2085 0 +4.456556844e-03 -5.234554344e+01 -5.234554344e+01 -7.7980e-01 -1.1645e+00 +2.4714e+00 -2.2560e+00 -1.5313e+00
2125 0 +3.935930172e-03 -5.234606407e+01 -5.234606407e+01 -7.8371e-01 -1.1685e+00 +2.4753e+00 -2.2579e+00 -1.5303e+00
2165 0 +3.460498190e-03 -5.234653950e+01 -5.234653950e+01 -7.8762e-01 -1.1724e+00 +2.4792e+00 -2.2608e+00 -1.5303e+00
2215 0 +3.123493258e-03 -5.234687651e+01 -5.234687651e+01 -7.9055e-01 -1.1753e+00 +2.4826e+00 -2.2633e+00 -1.5298e+00
2275 0 +2.816163092e-03 -5.234718384e+01 -5.234718384e+01 -7.9348e-01 -1.1782e+00 +2.4856e+00 -2.2657e+00 -1.5293e+00
2345 0 +2.490363956e-03 -5.234750964e+01 -5.234750964e+01 -7.9690e-01 -1.1816e+00 +2.4885e+00 -2.2682e+00 -1.5283e+00
2405 0 +2.230586872e-03 -5.234776941e+01 -5.234776941e+01 -7.9984e-01 -1.1846e+00 +2.4914e+00 -2.2706e+00 -1.5283e+00
2465 0 +1.989945077e-03 -5.234801005e+01 -5.234801005e+01 -8.0277e-01 -1.1875e+00 +2.4944e+00 -2.2726e+00 -1.5274e+00
2525 0 +1.771265590e-03 -5.234822873e+01 -5.234822873e+01 -8.0570e-01 -1.1904e+00 +2.4973e+00 -2.2750e+00 -1.5269e+00
2585 0 +1.573065395e-03 -5.234842693e+01 -5.234842693e+01 -8.0863e-01 -1.1934e+00 +2.5002e+00 -2.2775e+00 -1.5264e+00
2643 0 +1.406472150e-03 -5.234859353e+01 -5.234859353e+01 -8.1156e-01 -1.1958e+00 +2.5032e+00 -2.2799e+00 -1.5259e+00
2698 0 +1.252110272e-03 -5.234874789e+01 -5.234874789e+01 -8.1400e-01 -1.1987e+00 +2.5061e+00 -2.2819e+00 -1.5254e+00
2753 0 +1.118916854e-03 -5.234888108e+01 -5.234888108e+01 -8.1694e-01 -1.2012e+00 +2.5085e+00 -2.2843e+00 -1.5249e+00
2859 0 +9.996280190e-04 -5.234900037e+01 -5.234900037e+01 -8.1889e-01 -1.2029e+00 +2.5095e+00 -2.2875e+00 -1.5247e+00
2968 0 +8.901390917e-04 -5.234910986e+01 -5.234910986e+01 -8.2133e-01 -1.2051e+00 +2.5115e+00 -2.2899e+00 -1.5244e+00
3073 0 +7.922868473e-04 -5.234920771e+01 -5.234920771e+01 -8.2378e-01 -1.2071e+00 +2.5132e+00 -2.2926e+00 -1.5242e+00
3253 0 +7.055078466e-04 -5.234929449e+01 -5.234929449e+01 -8.2573e-01 -1.2084e+00 +2.5134e+00 -2.2949e+00 -1.5232e+00
3425 0 +6.305367695e-04 -5.234936946e+01 -5.234936946e+01 -8.2769e-01 -1.2100e+00 +2.5141e+00 -2.2970e+00 -1.5225e+00
3615 0 +5.607451754e-04 -5.234943925e+01 -5.234943925e+01 -8.2976e-01 -1.2118e+00 +2.5157e+00 -2.2993e+00 -1.5222e+00
3823 0 +5.002340144e-04 -5.234949977e+01 -5.234949977e+01 -8.3159e-01 -1.2132e+00 +2.5168e+00 -2.3019e+00 -1.5223e+00
4028 0 +4.458780815e-04 -5.234955412e+01 -5.234955412e+01 -8.3330e-01 -1.2146e+00 +2.5179e+00 -2.3042e+00 -1.5223e+00
4323 0 +3.980407122e-04 -5.234960196e+01 -5.234960196e+01 -8.3495e-01 -1.2157e+00 +2.5182e+00 -2.3059e+00 -1.5214e+00
4633 0 +3.544900323e-04 -5.234964551e+01 -5.234964551e+01 -8.3660e-01 -1.2171e+00 +2.5192e+00 -2.3078e+00 -1.5209e+00
5003 0 +3.159255006e-04 -5.234968407e+01 -5.234968407e+01 -8.3807e-01 -1.2181e+00 +2.5198e+00 -2.3101e+00 -1.5212e+00
5353 0 +2.816005108e-04 -5.234971840e+01 -5.234971840e+01 -8.3947e-01 -1.2191e+00 +2.5204e+00 -2.3122e+00 -1.5214e+00
5823 0 +2.510733252e-04 -5.234974893e+01 -5.234974893e+01 -8.4085e-01 -1.2202e+00 +2.5210e+00 -2.3138e+00 -1.5208e+00
6383 0 +2.236350952e-04 -5.234977636e+01 -5.234977636e+01 -8.4216e-01 -1.2212e+00 +2.5215e+00 -2.3155e+00 -1.5205e+00
6998 0 +1.993851658e-04 -5.234980061e+01 -5.234980061e+01 -8.4335e-01 -1.2220e+00 +2.5220e+00 -2.3173e+00 -1.5207e+00
7583 0 +1.777379027e-04 -5.234982226e+01 -5.234982226e+01 -8.4454e-01 -1.2229e+00 +2.5226e+00 -2.3191e+00 -1.5209e+00
8413 0 +1.584765729e-04 -5.234984152e+01 -5.234984152e+01 -8.4570e-01 -1.2238e+00 +2.5230e+00 -2.3205e+00 -1.5203e+00
9443 0 +1.411899430e-04 -5.234985881e+01 -5.234985881e+01 -8.4677e-01 -1.2245e+00 +2.5234e+00 -2.3220e+00 -1.5203e+00
10468 0 +1.258773533e-04 -5.234987412e+01 -5.234987412e+01 -8.4778e-01 -1.2253e+00 +2.5239e+00 -2.3236e+00 -1.5204e+00
11539 0 +1.121906450e-04 -5.234988781e+01 -5.234988781e+01 -8.4876e-01 -1.2260e+00 +2.5243e+00 -2.3250e+00 -1.5204e+00
13089 0 +9.997873003e-05 -5.234990002e+01 -5.234990002e+01 -8.4977e-01 -1.2268e+00 +2.5249e+00 -2.3262e+00 -1.5201e+00
14898 0 +8.910436858e-05 -5.234991090e+01 -5.234991090e+01 -8.5066e-01 -1.2275e+00 +2.5253e+00 -2.3276e+00 -1.5202e+00
16618 0 +7.942165707e-05 -5.234992058e+01 -5.234992058e+01 -8.5152e-01 -1.2281e+00 +2.5257e+00 -2.3289e+00 -1.5203e+00
18705 0 +7.077403565e-05 -5.234992923e+01 -5.234992923e+01 -8.5237e-01 -1.2287e+00 +2.5261e+00 -2.3300e+00 -1.5201e+00
21599 0 +6.309525182e-05 -5.234993690e+01 -5.234993690e+01 -8.5319e-01 -1.2294e+00 +2.5266e+00 -2.3311e+00 -1.5200e+00
24625 0 +5.622929420e-05 -5.234994377e+01 -5.234994377e+01 -8.5394e-01 -1.2299e+00 +2.5269e+00 -2.3323e+00 -1.5201e+00
27513 0 +5.011704695e-05 -5.234994988e+01 -5.234994988e+01 -8.5466e-01 -1.2305e+00 +2.5272e+00 -2.3334e+00 -1.5202e+00
31925 0 +4.466786401e-05 -5.234995533e+01 -5.234995533e+01 -8.5540e-01 -1.2311e+00 +2.5277e+00 -2.3343e+00 -1.5200e+00
37218 0 +3.980981622e-05 -5.234996019e+01 -5.234996019e+01 -8.5606e-01 -1.2316e+00 +2.5280e+00 -2.3353e+00 -1.5200e+00
42309 0 +3.548123509e-05 -5.234996452e+01 -5.234996452e+01 -8.5670e-01 -1.2320e+00 +2.5283e+00 -2.3363e+00 -1.5201e+00
47897 0 +3.162094588e-05 -5.234996838e+01 -5.234996838e+01 -8.5728e-01 -1.2324e+00 +2.5285e+00 -2.3373e+00 -1.5202e+00
50000 0 +3.065377750e-05 -5.234996935e+01 -5.234996935e+01 -8.5746e-01 -1.2326e+00 +2.5287e+00 -2.3375e+00 -1.5201e+00
% f evaluations | g evaluations | best noise-free fitness - Fopt (-1.795400000000e+02) + sum g_i+ | measured fitness | best measured fitness or single-digit g-values | x1 | x2...
1 0 +4.659982524e+01 -1.329401748e+02 -1.329401748e+02 +0.0000e+00 +0.0000e+00 +0.0000e+00 +0.0000e+00 +0.0000e+00
4 0 +1.380504628e+01 -1.657349537e+02 -1.657349537e+02 -1.8967e+00 +9.1297e-01 +7.7507e-02 +1.3232e+00 +5.4876e-01
114 0 +1.155270784e+01 -1.679872922e+02 -1.679872922e+02 +1.1826e+00 +2.4091e+00 -6.8920e-01 +1.2789e+00 -2.8517e-01
118 0 +1.057540899e+01 -1.689645910e+02 -1.689645910e+02 +1.0070e+00 +1.9582e+00 +2.5837e-02 +9.9415e-01 +9.2340e-01
136 0 +8.030821520e+00 -1.715091785e+02 -1.715091785e+02 +1.0322e+00 +9.1297e-01 -2.8514e+00 +1.3232e+00 +5.4876e-01
301 0 +5.606958345e+00 -1.739330417e+02 -1.739330417e+02 +1.0322e+00 +9.1297e-01 +7.7507e-02 +1.3232e+00 +3.4777e+00
1665 0 +4.965973481e+00 -1.745740265e+02 -1.745740265e+02 +1.0006e+00 +0.0000e+00 -1.0006e+00 +2.8494e+00 +1.8093e+00
1667 0 +3.316078434e+00 -1.762239216e+02 -1.762239216e+02 +1.0006e+00 +0.0000e+00 -2.0013e+00 +2.8494e+00 +1.8093e+00
1672 0 +1.985797561e+00 -1.775542024e+02 -1.775542024e+02 +1.0006e+00 +0.0000e+00 -2.0013e+00 +2.8494e+00 +2.8099e+00
1677 0 +1.008550579e+00 -1.785314494e+02 -1.785314494e+02 +1.0006e+00 +0.0000e+00 -3.0019e+00 +2.8494e+00 +2.8099e+00
1682 0 +4.985669634e-01 -1.790414330e+02 -1.790414330e+02 +1.0006e+00 +0.0000e+00 -3.0019e+00 +2.8494e+00 +3.8106e+00
1686 0 +4.404490447e-01 -1.790995510e+02 -1.790995510e+02 +1.0006e+00 +1.0006e+00 -3.0019e+00 +2.8494e+00 +3.8106e+00
1705 0 +2.840553462e-01 -1.792559447e+02 -1.792559447e+02 +1.0006e+00 +5.0032e-01 -3.0019e+00 +2.8494e+00 +3.8106e+00
1707 0 +1.410832162e-01 -1.793989168e+02 -1.793989168e+02 +1.0006e+00 +5.0032e-01 -3.5023e+00 +2.8494e+00 +3.8106e+00
1709 0 +3.128613082e-02 -1.795087139e+02 -1.795087139e+02 +1.0006e+00 +5.0032e-01 -3.5023e+00 +2.3491e+00 +3.8106e+00
1745 0 +2.601888733e-02 -1.795139811e+02 -1.795139811e+02 +1.0006e+00 +4.3778e-01 -3.5023e+00 +2.3491e+00 +3.8106e+00
1753 0 +2.111361701e-02 -1.795188864e+02 -1.795188864e+02 +9.3811e-01 +4.3778e-01 -3.5023e+00 +2.3491e+00 +3.8106e+00
1759 0 +1.855610458e-02 -1.795214439e+02 -1.795214439e+02 +9.3811e-01 +4.3778e-01 -3.5023e+00 +2.2865e+00 +3.8106e+00
1763 0 +1.536014175e-02 -1.795246399e+02 -1.795246399e+02 +8.7557e-01 +4.3778e-01 -3.5023e+00 +2.2865e+00 +3.8106e+00
1793 0 +1.368978986e-02 -1.795263102e+02 -1.795263102e+02 +8.4430e-01 +4.3778e-01 -3.5023e+00 +2.2552e+00 +3.8106e+00
1818 0 +1.170372154e-02 -1.795282963e+02 -1.795282963e+02 +8.4430e-01 +4.3778e-01 -3.4866e+00 +2.2552e+00 +3.8106e+00
1820 0 +9.957737972e-03 -1.795300423e+02 -1.795300423e+02 +8.4430e-01 +4.3778e-01 -3.4866e+00 +2.2709e+00 +3.8106e+00
1826 0 +7.860450978e-03 -1.795321395e+02 -1.795321395e+02 +8.2866e-01 +4.5342e-01 -3.4866e+00 +2.2709e+00 +3.8106e+00
1858 0 +6.576162424e-03 -1.795334238e+02 -1.795334238e+02 +8.1303e-01 +4.5342e-01 -3.4788e+00 +2.2552e+00 +3.8106e+00
1860 0 +5.747269593e-03 -1.795342527e+02 -1.795342527e+02 +8.1303e-01 +4.5342e-01 -3.4788e+00 +2.2631e+00 +3.8106e+00
1863 0 +5.381661072e-03 -1.795346183e+02 -1.795346183e+02 +8.0521e-01 +4.5342e-01 -3.4788e+00 +2.2631e+00 +3.8106e+00
1868 0 +5.008561684e-03 -1.795349914e+02 -1.795349914e+02 +8.0521e-01 +4.6124e-01 -3.4710e+00 +2.2631e+00 +3.8106e+00
1870 0 +3.922716518e-03 -1.795360773e+02 -1.795360773e+02 +8.0521e-01 +4.6124e-01 -3.4710e+00 +2.2709e+00 +3.8106e+00
1873 0 +3.503377800e-03 -1.795364966e+02 -1.795364966e+02 +7.9739e-01 +4.6124e-01 -3.4710e+00 +2.2709e+00 +3.8106e+00
1918 0 +3.150542493e-03 -1.795368495e+02 -1.795368495e+02 +8.0130e-01 +4.6124e-01 -3.4690e+00 +2.2787e+00 +3.8106e+00
1928 0 +2.812178031e-03 -1.795371878e+02 -1.795371878e+02 +7.9935e-01 +4.6319e-01 -3.4671e+00 +2.2806e+00 +3.8106e+00
1940 0 +2.364339314e-03 -1.795376357e+02 -1.795376357e+02 +7.9739e-01 +4.6515e-01 -3.4651e+00 +2.2846e+00 +3.8106e+00
1988 0 +2.187777874e-03 -1.795378122e+02 -1.795378122e+02 +7.9935e-01 +4.6710e-01 -3.4642e+00 +2.2865e+00 +3.8106e+00
2010 0 +1.975885010e-03 -1.795380241e+02 -1.795380241e+02 +7.9739e-01 +4.6808e-01 -3.4632e+00 +2.2894e+00 +3.8106e+00
2050 0 +1.720681768e-03 -1.795382793e+02 -1.795382793e+02 +7.9642e-01 +4.7003e-01 -3.4612e+00 +2.2934e+00 +3.8116e+00
2100 0 +1.579188191e-03 -1.795384208e+02 -1.795384208e+02 +7.9495e-01 +4.7199e-01 -3.4598e+00 +2.2948e+00 +3.8116e+00
2166 0 +1.409363484e-03 -1.795385906e+02 -1.795385906e+02 +7.9251e-01 +4.7492e-01 -3.4593e+00 +2.2977e+00 +3.8135e+00
2243 0 +1.252954499e-03 -1.795387470e+02 -1.795387470e+02 +7.9153e-01 +4.7687e-01 -3.4593e+00 +2.3017e+00 +3.8160e+00
2320 0 +1.119089885e-03 -1.795388809e+02 -1.795388809e+02 +7.9104e-01 +4.7931e-01 -3.4593e+00 +2.3056e+00 +3.8179e+00
2460 0 +9.977608705e-04 -1.795390022e+02 -1.795390022e+02 +7.8982e-01 +4.7907e-01 -3.4593e+00 +2.3097e+00 +3.8194e+00
2543 0 +8.897156985e-04 -1.795391103e+02 -1.795391103e+02 +7.8835e-01 +4.8054e-01 -3.4581e+00 +2.3117e+00 +3.8199e+00
2666 0 +7.916017705e-04 -1.795392084e+02 -1.795392084e+02 +7.8738e-01 +4.8274e-01 -3.4578e+00 +2.3146e+00 +3.8216e+00
2793 0 +7.037278225e-04 -1.795392963e+02 -1.795392963e+02 +7.8664e-01 +4.8445e-01 -3.4576e+00 +2.3178e+00 +3.8233e+00
2980 0 +6.274685960e-04 -1.795393725e+02 -1.795393725e+02 +7.8554e-01 +4.8481e-01 -3.4567e+00 +2.3202e+00 +3.8235e+00
3192 0 +5.613580643e-04 -1.795394386e+02 -1.795394386e+02 +7.8469e-01 +4.8628e-01 -3.4565e+00 +2.3228e+00 +3.8249e+00
3393 0 +5.008014442e-04 -1.795394992e+02 -1.795394992e+02 +7.8383e-01 +4.8787e-01 -3.4562e+00 +2.3252e+00 +3.8262e+00
3670 0 +4.463372679e-04 -1.795395537e+02 -1.795395537e+02 +7.8316e-01 +4.8890e-01 -3.4561e+00 +2.3280e+00 +3.8275e+00
3966 0 +3.980785881e-04 -1.795396019e+02 -1.795396019e+02 +7.8200e-01 +4.8988e-01 -3.4554e+00 +2.3298e+00 +3.8279e+00
4353 0 +3.543620619e-04 -1.795396456e+02 -1.795396456e+02 +7.8145e-01 +4.9129e-01 -3.4552e+00 +2.3321e+00 +3.8293e+00
4730 0 +3.160017288e-04 -1.795396840e+02 -1.795396840e+02 +7.8102e-01 +4.9269e-01 -3.4551e+00 +2.3345e+00 +3.8306e+00
5176 0 +2.817769775e-04 -1.795397182e+02 -1.795397182e+02 +7.8026e-01 +4.9324e-01 -3.4546e+00 +2.3364e+00 +3.8310e+00
5833 0 +2.511711101e-04 -1.795397488e+02 -1.795397488e+02 +7.7971e-01 +4.9449e-01 -3.4544e+00 +2.3384e+00 +3.8321e+00
6524 0 +2.238355515e-04 -1.795397762e+02 -1.795397762e+02 +7.7931e-01 +4.9562e-01 -3.4543e+00 +2.3405e+00 +3.8332e+00
7224 0 +1.994970779e-04 -1.795398005e+02 -1.795398005e+02 +7.7928e-01 +4.9629e-01 -3.4541e+00 +2.3426e+00 +3.8339e+00
8180 0 +1.778195907e-04 -1.795398222e+02 -1.795398222e+02 +7.8081e-01 +4.9639e-01 -3.4537e+00 +2.3451e+00 +3.8341e+00
9200 0 +1.584374205e-04 -1.795398416e+02 -1.795398416e+02 +7.8034e-01 +4.9723e-01 -3.4534e+00 +2.3466e+00 +3.8346e+00
10420 0 +1.412415443e-04 -1.795398588e+02 -1.795398588e+02 +7.8020e-01 +4.9797e-01 -3.4532e+00 +2.3485e+00 +3.8354e+00
11656 0 +1.258495234e-04 -1.795398742e+02 -1.795398742e+02 +7.8029e-01 +4.9851e-01 -3.4530e+00 +2.3503e+00 +3.8359e+00
13283 0 +1.121831996e-04 -1.795398878e+02 -1.795398878e+02 +7.8117e-01 +4.9882e-01 -3.4526e+00 +2.3520e+00 +3.8361e+00
15440 0 +9.997059774e-05 -1.795399000e+02 -1.795399000e+02 +7.8107e-01 +4.9945e-01 -3.4525e+00 +2.3537e+00 +3.8367e+00
17574 0 +8.912368904e-05 -1.795399109e+02 -1.795399109e+02 +7.8102e-01 +4.9999e-01 -3.4523e+00 +2.3553e+00 +3.8373e+00
20154 0 +7.941844106e-05 -1.795399206e+02 -1.795399206e+02 +7.8180e-01 +5.0034e-01 -3.4521e+00 +2.3570e+00 +3.8376e+00
23110 0 +7.079029493e-05 -1.795399292e+02 -1.795399292e+02 +7.8256e-01 +5.0065e-01 -3.4518e+00 +2.3584e+00 +3.8377e+00
26830 0 +6.309292371e-05 -1.795399369e+02 -1.795399369e+02 +7.8251e-01 +5.0114e-01 -3.4517e+00 +2.3598e+00 +3.8383e+00
30570 0 +5.623087830e-05 -1.795399438e+02 -1.795399438e+02 +7.8268e-01 +5.0159e-01 -3.4515e+00 +2.3613e+00 +3.8387e+00
35000 0 +5.011642736e-05 -1.795399499e+02 -1.795399499e+02 +7.8383e-01 +5.0165e-01 -3.4513e+00 +2.3627e+00 +3.8388e+00
40790 0 +4.466262678e-05 -1.795399553e+02 -1.795399553e+02 +7.8396e-01 +5.0217e-01 -3.4511e+00 +2.3639e+00 +3.8391e+00
47212 0 +3.980801998e-05 -1.795399602e+02 -1.795399602e+02 +7.8400e-01 +5.0260e-01 -3.4510e+00 +2.3651e+00 +3.8396e+00
50000 0 +3.784957272e-05 -1.795399622e+02 -1.795399622e+02 +7.8408e-01 +5.0278e-01 -3.4510e+00 +2.3656e+00 +3.8397e+00
% f evaluations | g evaluations | best noise-free fitness - Fopt (7.731000000000e+01) + sum g_i+ | measured fitness | best measured fitness or single-digit g-values | x1 | x2...
1 0 +5.790293055e+00 +8.310029306e+01 +8.310029306e+01 +0.0000e+00 +0.0000e+00 +0.0000e+00 +0.0000e+00 +0.0000e+00
8 0 +4.616288038e+00 +8.192628804e+01 +8.192628804e+01 -1.3041e+00 -3.0835e-01 -3.8864e-01 -6.1741e-01 +4.6734e-01
9 0 +4.159075071e+00 +8.146907507e+01 +8.146907507e+01 -1.8648e+00 -1.0740e-01 -7.9189e-01 -7.7712e-01 +6.1322e-01
78 0 +3.704749782e+00 +8.101474978e+01 +8.101474978e+01 +3.4955e-01 -2.1657e+00 -1.7617e+00 -3.8649e-01 -5.6869e-01
138 0 +2.351122808e+00 +7.966112281e+01 +7.966112281e+01 -1.7720e-01 -6.5270e-01 -1.7571e+00 -1.4812e-01 -4.1057e-01
145 0 +2.071378004e+00 +7.938137800e+01 +7.938137800e+01 -4.5647e-01 -1.9659e-01 -1.8608e+00 -6.1863e-01 +6.9183e-01
801 0 +1.960224554e+00 +7.927022455e+01 +7.927022455e+01 +5.5913e-01 -5.6433e-02 -1.1493e+00 -4.0833e-01 +3.2221e-01
1196 0 +1.518531611e+00 +7.882853161e+01 +7.882853161e+01 +6.1888e-01 -1.1744e-01 -8.8118e-01 -1.3507e+00 +1.7800e-01
1197 0 +1.352928897e+00 +7.866292890e+01 +7.866292890e+01 +4.0530e-01 -4.0907e-02 -1.0348e+00 -1.4116e+00 +2.3356e-01
1460 0 +1.219521398e+00 +7.852952140e+01 +7.852952140e+01 +4.4861e-01 -8.5131e-02 -1.6491e+00 -1.2860e+00 +1.2903e-01
1662 0 +3.776047307e-01 +7.768760473e+01 +7.768760473e+01 +1.0006e+00 -1.0006e+00 -2.5425e+00 -2.1162e+00 +1.0006e+00
1666 0 +2.715110833e-01 +7.758151108e+01 +7.758151108e+01 +1.0006e+00 +0.0000e+00 -2.5425e+00 -2.1162e+00 +1.0006e+00
1685 0 +1.569967635e-01 +7.746699676e+01 +7.746699676e+01 +1.0006e+00 -5.0032e-01 -2.5425e+00 -2.1162e+00 +1.0006e+00
1688 0 +1.019124534e-01 +7.741191245e+01 +7.741191245e+01 +1.0006e+00 -5.0032e-01 -2.0421e+00 -2.1162e+00 +1.0006e+00
1703 0 +6.942664498e-02 +7.737942664e+01 +7.737942664e+01 +7.5049e-01 -5.0032e-01 -2.0421e+00 -2.1162e+00 +1.0006e+00
1724 0 +5.455785776e-02 +7.736455786e+01 +7.736455786e+01 +8.7557e-01 -5.0032e-01 -2.0421e+00 -2.1162e+00 +1.0006e+00
1730 0 +1.532012166e-02 +7.732532012e+01 +7.732532012e+01 +8.7557e-01 -5.0032e-01 -2.0421e+00 -1.9911e+00 +1.0006e+00
1737 0 +1.159589700e-02 +7.732159590e+01 +7.732159590e+01 +8.7557e-01 -5.0032e-01 -2.1672e+00 -1.9911e+00 +1.0006e+00
1760 0 +1.083355167e-02 +7.732083355e+01 +7.732083355e+01 +8.7557e-01 -5.0032e-01 -2.2298e+00 -1.9286e+00 +1.0006e+00
1765 0 +5.520733914e-03 +7.731552073e+01 +7.731552073e+01 +8.7557e-01 -5.6287e-01 -2.2298e+00 -1.9286e+00 +1.0006e+00
1768 0 +3.367525565e-03 +7.731336753e+01 +7.731336753e+01 +8.7557e-01 -5.6287e-01 -2.1672e+00 -1.9286e+00 +1.0006e+00
1778 0 +3.095898051e-03 +7.731309590e+01 +7.731309590e+01 +8.7557e-01 -5.6287e-01 -2.1047e+00 -1.9286e+00 +1.0006e+00
1795 0 +2.419436263e-03 +7.731241944e+01 +7.731241944e+01 +8.7557e-01 -5.9414e-01 -2.1047e+00 -1.9286e+00 +1.0006e+00
1816 0 +1.976983033e-03 +7.731197698e+01 +7.731197698e+01 +8.7557e-01 -5.7850e-01 -2.1359e+00 -1.9286e+00 +1.0006e+00
1864 0 +1.641109150e-03 +7.731164111e+01 +7.731164111e+01 +8.7948e-01 -5.8241e-01 -2.1164e+00 -1.9247e+00 +1.0006e+00
1866 0 +1.518445419e-03 +7.731151845e+01 +7.731151845e+01 +8.7948e-01 -5.7850e-01 -2.1164e+00 -1.9247e+00 +1.0006e+00
1876 0 +1.279560644e-03 +7.731127956e+01 +7.731127956e+01 +8.8339e-01 -5.7459e-01 -2.1203e+00 -1.9208e+00 +1.0006e+00
1877 0 +1.220195312e-03 +7.731122020e+01 +7.731122020e+01 +8.8339e-01 -5.7459e-01 -2.1242e+00 -1.9208e+00 +1.0006e+00
1885 0 +9.615306981e-04 +7.731096153e+01 +7.731096153e+01 +8.8339e-01 -5.7850e-01 -2.1242e+00 -1.9169e+00 +1.0006e+00
1940 0 +8.786722133e-04 +7.731087867e+01 +7.731087867e+01 +8.8339e-01 -5.8241e-01 -2.1340e+00 -1.9159e+00 +1.0006e+00
1954 0 +7.836149144e-04 +7.731078361e+01 +7.731078361e+01 +8.8534e-01 -5.8143e-01 -2.1350e+00 -1.9149e+00 +1.0006e+00
2010 0 +7.040193381e-04 +7.731070402e+01 +7.731070402e+01 +8.8534e-01 -5.8143e-01 -2.1335e+00 -1.9134e+00 +1.0006e+00
2034 0 +6.234780084e-04 +7.731062348e+01 +7.731062348e+01 +8.8681e-01 -5.8045e-01 -2.1345e+00 -1.9125e+00 +1.0006e+00
2060 0 +5.504748048e-04 +7.731055047e+01 +7.731055047e+01 +8.8778e-01 -5.7899e-01 -2.1359e+00 -1.9110e+00 +1.0006e+00
2094 0 +4.982390886e-04 +7.731049824e+01 +7.731049824e+01 +8.8876e-01 -5.7948e-01 -2.1374e+00 -1.9100e+00 +1.0006e+00
2117 0 +4.457644925e-04 +7.731044576e+01 +7.731044576e+01 +8.8925e-01 -5.7899e-01 -2.1389e+00 -1.9091e+00 +1.0006e+00
2150 0 +3.935940414e-04 +7.731039359e+01 +7.731039359e+01 +8.9023e-01 -5.7850e-01 -2.1403e+00 -1.9076e+00 +1.0006e+00
2264 0 +3.508757999e-04 +7.731035088e+01 +7.731035088e+01 +8.9071e-01 -5.7972e-01 -2.1447e+00 -1.9071e+00 +1.0006e+00
2314 0 +3.119432580e-04 +7.731031194e+01 +7.731031194e+01 +8.9145e-01 -5.7948e-01 -2.1457e+00 -1.9061e+00 +1.0006e+00
2360 0 +2.787421383e-04 +7.731027874e+01 +7.731027874e+01 +8.9194e-01 -5.7923e-01 -2.1464e+00 -1.9051e+00 +1.0006e+00
2406 0 +2.483438793e-04 +7.731024834e+01 +7.731024834e+01 +8.9267e-01 -5.7899e-01 -2.1472e+00 -1.9044e+00 +1.0006e+00
2506 0 +2.231168321e-04 +7.731022312e+01 +7.731022312e+01 +8.9316e-01 -5.7899e-01 -2.1484e+00 -1.9037e+00 +1.0006e+00
2594 0 +1.975089562e-04 +7.731019751e+01 +7.731019751e+01 +8.9377e-01 -5.7899e-01 -2.1495e+00 -1.9028e+00 +1.0006e+00
2665 0 +1.767724964e-04 +7.731017677e+01 +7.731017677e+01 +8.9426e-01 -5.7874e-01 -2.1504e+00 -1.9021e+00 +1.0006e+00
2830 0 +1.575190343e-04 +7.731015752e+01 +7.731015752e+01 +8.9468e-01 -5.7911e-01 -2.1516e+00 -1.9014e+00 +1.0006e+00
2964 0 +1.407097938e-04 +7.731014071e+01 +7.731014071e+01 +8.9530e-01 -5.7881e-01 -2.1521e+00 -1.9006e+00 +1.0006e+00
3120 0 +1.256851516e-04 +7.731012569e+01 +7.731012569e+01 +8.9584e-01 -5.7856e-01 -2.1530e+00 -1.8998e+00 +1.0006e+00
3364 0 +1.118656879e-04 +7.731011187e+01 +7.731011187e+01 +8.9621e-01 -5.7908e-01 -2.1536e+00 -1.8992e+00 +1.0006e+00
3675 0 +9.992340706e-05 +7.731009992e+01 +7.731009992e+01 +8.9667e-01 -5.7923e-01 -2.1539e+00 -1.8984e+00 +1.0006e+00
4080 0 +8.896894734e-05 +7.731008897e+01 +7.731008897e+01 +8.9725e-01 -5.7929e-01 -2.1546e+00 -1.8975e+00 +1.0006e+00
4490 0 +7.942261369e-05 +7.731007942e+01 +7.731007942e+01 +8.9746e-01 -5.8012e-01 -2.1543e+00 -1.8968e+00 +1.0006e+00
4994 0 +7.075973527e-05 +7.731007076e+01 +7.731007076e+01 +8.9766e-01 -5.8096e-01 -2.1538e+00 -1.8962e+00 +1.0006e+00
5660 0 +6.305415738e-05 +7.731006305e+01 +7.731006305e+01 +8.9785e-01 -5.8178e-01 -2.1533e+00 -1.8955e+00 +1.0006e+00
6340 0 +5.618893657e-05 +7.731005619e+01 +7.731005619e+01 +8.9789e-01 -5.8278e-01 -2.1526e+00 -1.8950e+00 +1.0006e+00
7005 0 +5.009191493e-05 +7.731005009e+01 +7.731005009e+01 +8.9789e-01 -5.8377e-01 -2.1518e+00 -1.8946e+00 +1.0006e+00
8080 0 +4.465286372e-05 +7.731004465e+01 +7.731004465e+01 +8.9794e-01 -5.8463e-01 -2.1509e+00 -1.8941e+00 +1.0006e+00
9270 0 +3.980760624e-05 +7.731003981e+01 +7.731003981e+01 +8.9794e-01 -5.8553e-01 -2.1502e+00 -1.8937e+00 +1.0006e+00
10415 0 +3.547746751e-05 +7.731003548e+01 +7.731003548e+01 +8.9794e-01 -5.8641e-01 -2.1495e+00 -1.8933e+00 +1.0006e+00
11705 0 +3.161675150e-05 +7.731003162e+01 +7.731003162e+01 +8.9794e-01 -5.8723e-01 -2.1487e+00 -1.8929e+00 +1.0006e+00
13795 0 +2.818287464e-05 +7.731002818e+01 +7.731002818e+01 +8.9794e-01 -5.8803e-01 -2.1479e+00 -1.8926e+00 +1.0006e+00
15840 0 +2.511484438e-05 +7.731002511e+01 +7.731002511e+01 +8.9794e-01 -5.8881e-01 -2.1473e+00 -1.8922e+00 +1.0006e+00
17855 0 +2.237775054e-05 +7.731002238e+01 +7.731002238e+01 +8.9794e-01 -5.8956e-01 -2.1466e+00 -1.8919e+00 +1.0006e+00
20825 0 +1.995214296e-05 +7.731001995e+01 +7.731001995e+01 +8.9794e-01 -5.9026e-01 -2.1459e+00 -1.8916e+00 +1.0006e+00
24495 0 +1.777975044e-05 +7.731001778e+01 +7.731001778e+01 +8.9794e-01 -5.9096e-01 -2.1453e+00 -1.8913e+00 +1.0006e+00
28065 0 +1.584866467e-05 +7.731001585e+01 +7.731001585e+01 +8.9794e-01 -5.9164e-01 -2.1447e+00 -1.8910e+00 +1.0006e+00
31985 0 +1.412514692e-05 +7.731001413e+01 +7.731001413e+01 +8.9794e-01 -5.9229e-01 -2.1441e+00 -1.8907e+00 +1.0006e+00
38645 0 +1.258777452e-05 +7.731001259e+01 +7.731001259e+01 +8.9794e-01 -5.9293e-01 -2.1435e+00 -1.8904e+00 +1.0006e+00
45135 0 +1.121979669e-05 +7.731001122e+01 +7.731001122e+01 +8.9794e-01 -5.9354e-01 -2.1429e+00 -1.8901e+00 +1.0006e+00
50000 0 +1.027885352e-05 +7.731001028e+01 +7.731001028e+01 +8.9794e-01 -5.9400e-01 -2.1425e+00 -1.8899e+00 +1.0006e+00
% f evaluations | g evaluations | best noise-free fitness - Fopt (3.992000000000e+01) + sum g_i+ | measured fitness | best measured fitness or single-digit g-values | x1 | x2...
1 0 +5.631352716e+00 +4.555135272e+01 +4.555135272e+01 +0.0000e+00 +0.0000e+00 +0.0000e+00 +0.0000e+00 +0.0000e+00
39 0 +3.409792061e+00 +4.332979206e+01 +4.332979206e+01 +2.7517e+00 -6.5270e-01 +1.1719e+00 -1.4812e-01 -4.1057e-01
1665 0 +3.078494058e+00 +4.299849406e+01 +4.299849406e+01 +2.0013e+00 -9.9376e-01 +1.0006e+00 -1.0006e+00 -4.1935e-01
1669 0 +2.417640148e+00 +4.233764015e+01 +4.233764015e+01 +2.0013e+00 -9.9376e-01 +2.0013e+00 -2.0013e+00 -4.1935e-01
1671 0 +2.006720502e+00 +4.192672050e+01 +4.192672050e+01 +2.0013e+00 -9.9376e-01 +2.0013e+00 -2.0013e+00 -1.4200e+00
1674 0 +1.186756369e+00 +4.110675637e+01 +4.110675637e+01 +3.0019e+00 -9.9376e-01 +2.0013e+00 -2.0013e+00 -1.4200e+00
1681 0 +1.109321212e+00 +4.102932121e+01 +4.102932121e+01 +3.0019e+00 -9.9376e-01 +2.0013e+00 -3.0019e+00 -2.4206e+00
1684 0 +7.217163111e-01 +4.064171631e+01 +4.064171631e+01 +4.0026e+00 -9.9376e-01 +2.0013e+00 -3.0019e+00 -2.4206e+00
1690 0 +2.626245712e-01 +4.018262457e+01 +4.018262457e+01 +4.0026e+00 -9.9376e-01 +2.0013e+00 -2.0013e+00 -2.4206e+00
1708 0 +1.544548727e-01 +4.007445487e+01 +4.007445487e+01 +4.0026e+00 -9.9376e-01 +2.5016e+00 -2.0013e+00 -2.4206e+00
1719 0 +8.965726289e-02 +4.000965726e+01 +4.000965726e+01 +4.0026e+00 -9.9376e-01 +2.5016e+00 -2.5016e+00 -1.9203e+00
1740 0 +2.255364526e-02 +3.994255365e+01 +3.994255365e+01 +4.0026e+00 -9.9376e-01 +2.5016e+00 -2.2515e+00 -1.9203e+00
1767 0 +2.010903275e-02 +3.994010903e+01 +3.994010903e+01 +4.0026e+00 -9.9376e-01 +2.4391e+00 -2.2515e+00 -1.9203e+00
1769 0 +9.199706120e-03 +3.992919971e+01 +3.992919971e+01 +4.0026e+00 -9.9376e-01 +2.4391e+00 -2.3140e+00 -1.9203e+00
1795 0 +8.796574936e-03 +3.992879657e+01 +3.992879657e+01 +4.0026e+00 -1.0094e+00 +2.4391e+00 -2.3140e+00 -1.9203e+00
1797 0 +6.251605446e-03 +3.992625161e+01 +3.992625161e+01 +4.0026e+00 -1.0094e+00 +2.4234e+00 -2.3140e+00 -1.9203e+00
1817 0 +5.036598829e-03 +3.992503660e+01 +3.992503660e+01 +4.0026e+00 -1.0172e+00 +2.4156e+00 -2.3140e+00 -1.9203e+00
1825 0 +4.828868110e-03 +3.992482887e+01 +3.992482887e+01 +4.0026e+00 -1.0250e+00 +2.4156e+00 -2.3140e+00 -1.9203e+00
1827 0 +4.016116755e-03 +3.992401612e+01 +3.992401612e+01 +4.0026e+00 -1.0250e+00 +2.4078e+00 -2.3140e+00 -1.9203e+00
1835 0 +3.925762840e-03 +3.992392576e+01 +3.992392576e+01 +4.0026e+00 -1.0328e+00 +2.4078e+00 -2.3140e+00 -1.9203e+00
1837 0 +3.218172062e-03 +3.992321817e+01 +3.992321817e+01 +4.0026e+00 -1.0328e+00 +2.4000e+00 -2.3140e+00 -1.9203e+00
1847 0 +2.683312783e-03 +3.992268331e+01 +3.992268331e+01 +4.0026e+00 -1.0407e+00 +2.3922e+00 -2.3140e+00 -1.9203e+00
1867 0 +2.505370629e-03 +3.992250537e+01 +3.992250537e+01 +4.0026e+00 -1.0407e+00 +2.3883e+00 -2.3218e+00 -1.9203e+00
1917 0 +2.216982526e-03 +3.992221698e+01 +3.992221698e+01 +4.0026e+00 -1.0465e+00 +2.3805e+00 -2.3238e+00 -1.9223e+00
1970 0 +1.970112664e-03 +3.992197011e+01 +3.992197011e+01 +4.0026e+00 -1.0504e+00 +2.3726e+00 -2.3218e+00 -1.9281e+00
2061 0 +1.772671752e-03 +3.992177267e+01 +3.992177267e+01 +4.0026e+00 -1.0504e+00 +2.3677e+00 -2.3179e+00 -1.9360e+00
2158 0 +1.582320865e-03 +3.992158232e+01 +3.992158232e+01 +4.0021e+00 -1.0524e+00 +2.3629e+00 -2.3150e+00 -1.9413e+00
2271 0 +1.410791496e-03 +3.992141079e+01 +3.992141079e+01 +4.0011e+00 -1.0534e+00 +2.3599e+00 -2.3125e+00 -1.9472e+00
2445 0 +1.254553495e-03 +3.992125455e+01 +3.992125455e+01 +4.0006e+00 -1.0541e+00 +2.3555e+00 -2.3091e+00 -1.9535e+00
2545 0 +1.116389964e-03 +3.992111639e+01 +3.992111639e+01 +3.9987e+00 -1.0561e+00 +2.3575e+00 -2.3067e+00 -1.9560e+00
2715 0 +9.998842689e-04 +3.992099988e+01 +3.992099988e+01 +3.9967e+00 -1.0580e+00 +2.3587e+00 -2.3058e+00 -1.9583e+00
2903 0 +8.881061480e-04 +3.992088811e+01 +3.992088811e+01 +3.9944e+00 -1.0602e+00 +2.3599e+00 -2.3057e+00 -1.9606e+00
3153 0 +7.933506756e-04 +3.992079335e+01 +3.992079335e+01 +3.9922e+00 -1.0616e+00 +2.3615e+00 -2.3059e+00 -1.9628e+00
3525 0 +7.078803290e-04 +3.992070788e+01 +3.992070788e+01 +3.9901e+00 -1.0634e+00 +2.3627e+00 -2.3064e+00 -1.9649e+00
3881 0 +6.308668250e-04 +3.992063087e+01 +3.992063087e+01 +3.9879e+00 -1.0649e+00 +2.3642e+00 -2.3066e+00 -1.9671e+00
4245 0 +5.623141276e-04 +3.992056231e+01 +3.992056231e+01 +3.9857e+00 -1.0666e+00 +2.3659e+00 -2.3068e+00 -1.9691e+00
4703 0 +5.005761046e-04 +3.992050058e+01 +3.992050058e+01 +3.9834e+00 -1.0680e+00 +2.3681e+00 -2.3075e+00 -1.9707e+00
5371 0 +4.465264806e-04 +3.992044653e+01 +3.992044653e+01 +3.9820e+00 -1.0668e+00 +2.3714e+00 -2.3072e+00 -1.9722e+00
6065 0 +3.980417374e-04 +3.992039804e+01 +3.992039804e+01 +3.9802e+00 -1.0671e+00 +2.3735e+00 -2.3072e+00 -1.9738e+00
6673 0 +3.548054841e-04 +3.992035481e+01 +3.992035481e+01 +3.9783e+00 -1.0683e+00 +2.3748e+00 -2.3074e+00 -1.9757e+00
7393 0 +3.157823005e-04 +3.992031578e+01 +3.992031578e+01 +3.9765e+00 -1.0694e+00 +2.3763e+00 -2.3076e+00 -1.9775e+00
8445 0 +2.816940063e-04 +3.992028169e+01 +3.992028169e+01 +3.9750e+00 -1.0693e+00 +2.3785e+00 -2.3075e+00 -1.9791e+00
9295 0 +2.510261710e-04 +3.992025103e+01 +3.992025103e+01 +3.9737e+00 -1.0691e+00 +2.3798e+00 -2.3071e+00 -1.9811e+00
10601 0 +2.238442713e-04 +3.992022384e+01 +3.992022384e+01 +3.9718e+00 -1.0709e+00 +2.3808e+00 -2.3074e+00 -1.9831e+00
11976 0 +1.994663608e-04 +3.992019947e+01 +3.992019947e+01 +3.9707e+00 -1.0710e+00 +2.3813e+00 -2.3072e+00 -1.9852e+00
13361 0 +1.778192397e-04 +3.992017782e+01 +3.992017782e+01 +3.9705e+00 -1.0692e+00 +2.3817e+00 -2.3061e+00 -1.9873e+00
14941 0 +1.584649763e-04 +3.992015846e+01 +3.992015846e+01 +3.9704e+00 -1.0676e+00 +2.3817e+00 -2.3050e+00 -1.9897e+00
17517 0 +1.412532635e-04 +3.992014125e+01 +3.992014125e+01 +3.9703e+00 -1.0668e+00 +2.3804e+00 -2.3038e+00 -1.9924e+00
20911 0 +1.258650239e-04 +3.992012587e+01 +3.992012587e+01 +3.9702e+00 -1.0669e+00 +2.3786e+00 -2.3027e+00 -1.9950e+00
24421 0 +1.121734281e-04 +3.992011217e+01 +3.992011217e+01 +3.9700e+00 -1.0668e+00 +2.3771e+00 -2.3016e+00 -1.9977e+00
27511 0 +9.999510129e-05 +3.992010000e+01 +3.992010000e+01 +3.9695e+00 -1.0671e+00 +2.3770e+00 -2.3006e+00 -1.9995e+00
31763 0 +8.911763567e-05 +3.992008912e+01 +3.992008912e+01 +3.9685e+00 -1.0681e+00 +2.3774e+00 -2.3006e+00 -2.0005e+00
37515 0 +7.943218267e-05 +3.992007943e+01 +3.992007943e+01 +3.9674e+00 -1.0691e+00 +2.3780e+00 -2.3007e+00 -2.0016e+00
43303 0 +7.079131557e-05 +3.992007079e+01 +3.992007079e+01 +3.9663e+00 -1.0698e+00 +2.3788e+00 -2.3008e+00 -2.0027e+00
49241 0 +6.309384658e-05 +3.992006309e+01 +3.992006309e+01 +3.9651e+00 -1.0706e+00 +2.3797e+00 -2.3009e+00 -2.0038e+00
50000 0 +6.220889599e-05 +3.992006221e+01 +3.992006221e+01 +3.9650e+00 -1.0707e+00 +2.3797e+00 -2.3009e+00 -2.0039e+00
% f evaluations | g evaluations | best noise-free fitness - Fopt (-5.661000000000e+01) + sum g_i+ | measured fitness | best measured fitness or single-digit g-values | x1 | x2...
1 0 +2.609235543e+01 -3.051764457e+01 -3.051764457e+01 +0.0000e+00 +0.0000e+00 +0.0000e+00 +0.0000e+00 +0.0000e+00
35 0 +1.517849455e+01 -4.143150545e+01 -4.143150545e+01 +3.1393e+00 -7.1789e-01 +5.1803e-01 +6.4926e-01 -1.3468e+00
66 0 +1.267534950e+01 -4.393465050e+01 -4.393465050e+01 +4.1957e+00 +9.3345e-02 +7.0416e-01 -3.5776e-01 -8.4904e-01
132 0 +1.214936506e+01 -4.446063494e+01 -4.446063494e+01 +1.2668e+00 +3.0223e+00 +7.0416e-01 -3.5776e-01 -8.4904e-01
371 0 +1.112512062e+01 -4.548487938e+01 -4.548487938e+01 +3.3009e+00 -2.2351e-01 +2.6472e+00 -4.4754e-01 +3.3877e-01
383 0 +8.983706178e+00 -4.762629382e+01 -4.762629382e+01 +2.6362e+00 -7.5944e-02 +2.6025e+00 -6.1472e-02 -1.3011e+00
390 0 +7.919653217e+00 -4.869034678e+01 -4.869034678e+01 +2.3387e+00 +8.8392e-01 +2.2109e+00 -3.8645e-01 -5.5970e-01
717 0 +6.651072132e+00 -4.995892787e+01 -4.995892787e+01 +1.7923e+00 +1.3864e-01 +2.5824e+00 -8.4331e-01 -2.0810e+00
885 0 +6.120536873e+00 -5.048946313e+01 -5.048946313e+01 +1.5626e-01 +6.4073e-01 +2.4084e+00 -1.8191e+00 -2.5288e+00
1113 0 +4.825315916e+00 -5.178468408e+01 -5.178468408e+01 +1.7226e+00 +1.2161e+00 +2.6778e+00 -6.1129e-01 -2.0926e+00
1431 0 +4.242265517e+00 -5.236773448e+01 -5.236773448e+01 +1.6355e+00 +1.0194e+00 +2.4425e+00 -1.2223e+00 -2.2801e+00
1446 0 +3.846274952e+00 -5.276372505e+01 -5.276372505e+01 +1.6211e+00 +1.1453e+00 +2.6554e+00 -1.2628e+00 -2.3363e+00
1656 0 +3.242514449e+00 -5.336748555e+01 -5.336748555e+01 +1.5390e+00 +1.8093e+00 +2.9289e+00 -1.1156e+00 -2.1231e+00
1659 0 +1.984583715e+00 -5.462541628e+01 -5.462541628e+01 +1.5390e+00 +1.8093e+00 +2.9289e+00 -2.1162e+00 -2.1231e+00
1661 0 +1.694124573e+00 -5.491587543e+01 -5.491587543e+01 +1.5390e+00 +1.8093e+00 +2.9289e+00 -2.1162e+00 -3.1238e+00
1666 0 +1.155413449e+00 -5.545458655e+01 -5.545458655e+01 +1.5390e+00 +2.8099e+00 +2.9289e+00 -2.1162e+00 -3.1238e+00
1668 0 +1.093273015e+00 -5.551672699e+01 -5.551672699e+01 +1.5390e+00 +2.8099e+00 +3.9296e+00 -2.1162e+00 -3.1238e+00
1669 0 +4.337870279e-01 -5.617621297e+01 -5.617621297e+01 +1.5390e+00 +2.8099e+00 +3.9296e+00 -3.1169e+00 -3.1238e+00
1677 0 +2.431974720e-01 -5.636680253e+01 -5.636680253e+01 +1.5390e+00 +2.8099e+00 +2.9289e+00 -3.1169e+00 -3.1238e+00
1694 0 +1.042189202e-01 -5.650578108e+01 -5.650578108e+01 +2.0393e+00 +2.8099e+00 +2.9289e+00 -3.1169e+00 -3.1238e+00
1723 0 +8.833714047e-02 -5.652166286e+01 -5.652166286e+01 +1.9142e+00 +2.8099e+00 +2.9289e+00 -3.1169e+00 -3.1238e+00
1726 0 +5.074127788e-02 -5.655925872e+01 -5.655925872e+01 +1.9142e+00 +2.9350e+00 +2.9289e+00 -3.1169e+00 -3.1238e+00
1728 0 +4.650374573e-02 -5.656349625e+01 -5.656349625e+01 +1.9142e+00 +2.9350e+00 +3.0540e+00 -3.1169e+00 -3.1238e+00
1729 0 +2.980441417e-02 -5.658019559e+01 -5.658019559e+01 +1.9142e+00 +2.9350e+00 +3.0540e+00 -3.2419e+00 -3.1238e+00
1738 0 +1.406260371e-02 -5.659593740e+01 -5.659593740e+01 +1.9142e+00 +2.9350e+00 +3.1791e+00 -3.2419e+00 -3.1238e+00
1748 0 +8.391738420e-03 -5.660160826e+01 -5.660160826e+01 +1.9142e+00 +2.9350e+00 +3.3042e+00 -3.2419e+00 -3.1238e+00
1767 0 +7.165062658e-03 -5.660283494e+01 -5.660283494e+01 +1.9142e+00 +2.9350e+00 +3.2416e+00 -3.2419e+00 -3.1238e+00
1788 0 +5.756354373e-03 -5.660424365e+01 -5.660424365e+01 +1.9142e+00 +2.9350e+00 +3.2729e+00 -3.2419e+00 -3.1238e+00
1814 0 +5.026157408e-03 -5.660497384e+01 -5.660497384e+01 +1.9220e+00 +2.9350e+00 +3.2729e+00 -3.2419e+00 -3.1238e+00
1817 0 +4.237910640e-03 -5.660576209e+01 -5.660576209e+01 +1.9220e+00 +2.9350e+00 +3.2651e+00 -3.2419e+00 -3.1238e+00
1827 0 +3.726427721e-03 -5.660627357e+01 -5.660627357e+01 +1.9220e+00 +2.9350e+00 +3.2573e+00 -3.2419e+00 -3.1238e+00
1842 0 +3.023356613e-03 -5.660697664e+01 -5.660697664e+01 +1.9220e+00 +2.9350e+00 +3.2495e+00 -3.2419e+00 -3.1159e+00
1847 0 +2.133729342e-03 -5.660786627e+01 -5.660786627e+01 +1.9142e+00 +2.9428e+00 +3.2416e+00 -3.2419e+00 -3.1159e+00
1857 0 +1.667344682e-03 -5.660833266e+01 -5.660833266e+01 +1.9142e+00 +2.9428e+00 +3.2338e+00 -3.2419e+00 -3.1159e+00
1894 0 +1.476699801e-03 -5.660852330e+01 -5.660852330e+01 +1.9162e+00 +2.9428e+00 +3.2299e+00 -3.2419e+00 -3.1159e+00
1897 0 +1.381512434e-03 -5.660861849e+01 -5.660861849e+01 +1.9162e+00 +2.9428e+00 +3.2280e+00 -3.2419e+00 -3.1159e+00
1944 0 +1.212020981e-03 -5.660878798e+01 -5.660878798e+01 +1.9152e+00 +2.9428e+00 +3.2240e+00 -3.2419e+00 -3.1140e+00
1955 0 +1.118881098e-03 -5.660888112e+01 -5.660888112e+01 +1.9152e+00 +2.9409e+00 +3.2250e+00 -3.2410e+00 -3.1140e+00
1975 0 +9.979911226e-04 -5.660900201e+01 -5.660900201e+01 +1.9152e+00 +2.9389e+00 +3.2231e+00 -3.2390e+00 -3.1140e+00
2037 0 +8.906456010e-04 -5.660910935e+01 -5.660910935e+01 +1.9137e+00 +2.9389e+00 +3.2216e+00 -3.2390e+00 -3.1120e+00
2093 0 +7.931832542e-04 -5.660920682e+01 -5.660920682e+01 +1.9123e+00 +2.9375e+00 +3.2206e+00 -3.2380e+00 -3.1101e+00
2202 0 +7.047959501e-04 -5.660929520e+01 -5.660929520e+01 +1.9115e+00 +2.9358e+00 +3.2199e+00 -3.2376e+00 -3.1079e+00
2342 0 +6.305384711e-04 -5.660936946e+01 -5.660936946e+01 +1.9100e+00 +2.9345e+00 +3.2193e+00 -3.2376e+00 -3.1052e+00
2782 0 +5.619891974e-04 -5.660943801e+01 -5.660943801e+01 +1.9081e+00 +2.9331e+00 +3.2190e+00 -3.2377e+00 -3.1019e+00
3292 0 +5.011573444e-04 -5.660949884e+01 -5.660949884e+01 +1.9073e+00 +2.9317e+00 +3.2201e+00 -3.2385e+00 -3.0993e+00
3712 0 +4.462237884e-04 -5.660955378e+01 -5.660955378e+01 +1.9083e+00 +2.9304e+00 +3.2205e+00 -3.2396e+00 -3.0980e+00
4125 0 +3.977407676e-04 -5.660960226e+01 -5.660960226e+01 +1.9092e+00 +2.9294e+00 +3.2207e+00 -3.2408e+00 -3.0968e+00
4692 0 +3.544964828e-04 -5.660964550e+01 -5.660964550e+01 +1.9091e+00 +2.9290e+00 +3.2212e+00 -3.2421e+00 -3.0950e+00
5412 0 +3.162056901e-04 -5.660968379e+01 -5.660968379e+01 +1.9094e+00 +2.9281e+00 +3.2217e+00 -3.2431e+00 -3.0935e+00
6095 0 +2.818276584e-04 -5.660971817e+01 -5.660971817e+01 +1.9103e+00 +2.9271e+00 +3.2219e+00 -3.2441e+00 -3.0925e+00
6865 0 +2.510789278e-04 -5.660974892e+01 -5.660974892e+01 +1.9108e+00 +2.9265e+00 +3.2221e+00 -3.2453e+00 -3.0913e+00
7912 0 +2.238057145e-04 -5.660977619e+01 -5.660977619e+01 +1.9109e+00 +2.9263e+00 +3.2225e+00 -3.2465e+00 -3.0899e+00
9104 0 +1.995227964e-04 -5.660980048e+01 -5.660980048e+01 +1.9117e+00 +2.9254e+00 +3.2226e+00 -3.2474e+00 -3.0890e+00
10362 0 +1.778205027e-04 -5.660982218e+01 -5.660982218e+01 +1.9124e+00 +2.9246e+00 +3.2227e+00 -3.2484e+00 -3.0880e+00
11762 0 +1.584365667e-04 -5.660984156e+01 -5.660984156e+01 +1.9129e+00 +2.9242e+00 +3.2228e+00 -3.2494e+00 -3.0869e+00
13885 0 +1.412453874e-04 -5.660985875e+01 -5.660985875e+01 +1.9136e+00 +2.9235e+00 +3.2229e+00 -3.2503e+00 -3.0860e+00
16519 0 +1.258721277e-04 -5.660987413e+01 -5.660987413e+01 +1.9142e+00 +2.9229e+00 +3.2230e+00 -3.2514e+00 -3.0850e+00
19232 0 +1.122000251e-04 -5.660988780e+01 -5.660988780e+01 +1.9147e+00 +2.9223e+00 +3.2231e+00 -3.2524e+00 -3.0839e+00
22062 0 +9.999300002e-05 -5.660990001e+01 -5.660990001e+01 +1.9153e+00 +2.9218e+00 +3.2232e+00 -3.2535e+00 -3.0829e+00
27709 0 +8.912301410e-05 -5.660991088e+01 -5.660991088e+01 +1.9160e+00 +2.9213e+00 +3.2227e+00 -3.2546e+00 -3.0818e+00
33992 0 +7.943011197e-05 -5.660992057e+01 -5.660992057e+01 +1.9167e+00 +2.9207e+00 +3.2221e+00 -3.2558e+00 -3.0806e+00
41352 0 +7.079289302e-05 -5.660992921e+01 -5.660992921e+01 +1.9175e+00 +2.9202e+00 +3.2210e+00 -3.2570e+00 -3.0793e+00
50000 0 +6.398995636e-05 -5.660993601e+01 -5.660993601e+01 +1.9182e+00 +2.9199e+00 +3.2195e+00 -3.2580e+00 -3.0784e+00
% f evaluations | g evaluations | best noise-free fitness - Fopt (-8.901000000000e+01) + sum g_i+ | measured fitness | best measured fitness or single-digit g-values | x1 | x2...
1 0 +2.560583890e+01 -6.340416110e+01 -6.340416110e+01 +0.0000e+00 +0.0000e+00 +0.0000e+00 +0.0000e+00 +0.0000e+00
2 0 +1.246835624e+01 -7.654164376e+01 -7.654164376e+01 -2.7186e+00 -7.1789e-01 +5.1803e-01 +6.4926e-01 -1.3468e+00
6 0 +6.608414554e+00 -8.240158545e+01 -8.240158545e+01 -3.1061e+00 -6.5270e-01 +1.1719e+00 -1.4812e-01 -4.1057e-01
201 0 +5.886202243e+00 -8.312379776e+01 -8.312379776e+01 -1.5450e+00 +1.5168e-01 -3.7521e-01 -2.9489e+00 -1.0121e+00
212 0 +5.315220182e+00 -8.369477982e+01 -8.369477982e+01 -9.1269e-01 -1.8162e-01 +8.8268e-02 -2.6110e+00 +3.8573e-01
673 0 +4.642177214e+00 -8.436782279e+01 -8.436782279e+01 -1.7788e+00 -3.0322e+00 +5.6124e-01 -2.4482e+00 +3.6351e-01
993 0 +4.268731015e+00 -8.474126899e+01 -8.474126899e+01 -1.7040e+00 -2.8712e+00 -1.4291e-01 -3.6697e+00 -3.8549e-01
997 0 +3.572437455e+00 -8.543756255e+01 -8.543756255e+01 -1.4040e+00 -2.4930e+00 +2.9929e-01 -3.3241e+00 +3.5283e-01
1327 0 +3.062158215e+00 -8.594784178e+01 -8.594784178e+01 -2.1333e+00 -2.6129e+00 +2.1695e-01 -3.4171e+00 +2.5576e-01
1658 0 +2.811183752e+00 -8.619881625e+01 -8.619881625e+01 -2.9249e+00 -1.9283e+00 +1.0006e+00 -3.6621e+00 +0.0000e+00
1660 0 +2.330499486e+00 -8.667950051e+01 -8.667950051e+01 -2.9249e+00 -1.9283e+00 +1.0006e+00 -2.6614e+00 +0.0000e+00
1662 0 +1.772543447e+00 -8.723745655e+01 -8.723745655e+01 -2.9249e+00 -1.9283e+00 +1.0006e+00 -2.6614e+00 +1.0006e+00
1663 0 +1.323290988e+00 -8.768670901e+01 -8.768670901e+01 -3.9255e+00 -1.9283e+00 +1.0006e+00 -2.6614e+00 +1.0006e+00
1665 0 +1.154220691e+00 -8.785577931e+01 -8.785577931e+01 -3.9255e+00 -2.9289e+00 +1.0006e+00 -2.6614e+00 +1.0006e+00
1668 0 +7.942574863e-01 -8.821574251e+01 -8.821574251e+01 -3.9255e+00 -2.9289e+00 +2.0013e+00 -2.6614e+00 +1.0006e+00
1670 0 +4.125385874e-01 -8.859746141e+01 -8.859746141e+01 -3.9255e+00 -2.9289e+00 +2.0013e+00 -1.6608e+00 +1.0006e+00
1687 0 +3.696391342e-01 -8.864036087e+01 -8.864036087e+01 -3.9255e+00 -2.4286e+00 +1.5010e+00 -1.6608e+00 +1.0006e+00
1692 0 +1.989083318e-01 -8.881109167e+01 -8.881109167e+01 -3.9255e+00 -2.4286e+00 +1.5010e+00 -1.6608e+00 +1.5010e+00
1695 0 +8.536279214e-02 -8.892463721e+01 -8.892463721e+01 -3.9255e+00 -2.9289e+00 +1.5010e+00 -1.6608e+00 +1.5010e+00
1728 0 +7.041516742e-02 -8.893958483e+01 -8.893958483e+01 -3.9255e+00 -2.9289e+00 +1.6261e+00 -1.6608e+00 +1.5010e+00
1731 0 +6.140733816e-02 -8.894859266e+01 -8.894859266e+01 -3.9255e+00 -2.9289e+00 +1.6261e+00 -1.6608e+00 +1.3759e+00
1736 0 +3.605679779e-02 -8.897394320e+01 -8.897394320e+01 -3.9255e+00 -2.8039e+00 +1.6261e+00 -1.6608e+00 +1.3759e+00
1742 0 +3.140096040e-02 -8.897859904e+01 -8.897859904e+01 -3.9255e+00 -2.8039e+00 +1.6261e+00 -1.6608e+00 +1.5010e+00
1758 0 +2.512933604e-02 -8.898487066e+01 -8.898487066e+01 -3.9255e+00 -2.7413e+00 +1.6886e+00 -1.6608e+00 +1.5010e+00
1759 0 +2.114167548e-02 -8.898885832e+01 -8.898885832e+01 -3.9255e+00 -2.7413e+00 +1.6886e+00 -1.7233e+00 +1.5010e+00
1765 0 +1.951224030e-02 -8.899048776e+01 -8.899048776e+01 -3.9255e+00 -2.8039e+00 +1.6886e+00 -1.7233e+00 +1.5010e+00
1792 0 +1.654873583e-02 -8.899345126e+01 -8.899345126e+01 -3.9255e+00 -2.8039e+00 +1.6886e+00 -1.7233e+00 +1.4697e+00
1806 0 +1.562667505e-02 -8.899437332e+01 -8.899437332e+01 -3.9255e+00 -2.7882e+00 +1.6886e+00 -1.7233e+00 +1.4697e+00
1808 0 +1.320092902e-02 -8.899679907e+01 -8.899679907e+01 -3.9255e+00 -2.7882e+00 +1.7042e+00 -1.7233e+00 +1.4697e+00
1816 0 +1.149652727e-02 -8.899850347e+01 -8.899850347e+01 -3.9255e+00 -2.7726e+00 +1.7042e+00 -1.7233e+00 +1.4697e+00
1836 0 +1.059054544e-02 -8.899940945e+01 -8.899940945e+01 -3.9333e+00 -2.7648e+00 +1.7042e+00 -1.7233e+00 +1.4697e+00
1846 0 +9.431695657e-03 -8.900056830e+01 -8.900056830e+01 -3.9333e+00 -2.7569e+00 +1.7120e+00 -1.7233e+00 +1.4619e+00
1852 0 +8.689788584e-03 -8.900131021e+01 -8.900131021e+01 -3.9333e+00 -2.7569e+00 +1.7199e+00 -1.7311e+00 +1.4697e+00
1858 0 +7.670457482e-03 -8.900232954e+01 -8.900232954e+01 -3.9333e+00 -2.7491e+00 +1.7277e+00 -1.7311e+00 +1.4697e+00
1866 0 +7.008532750e-03 -8.900299147e+01 -8.900299147e+01 -3.9333e+00 -2.7413e+00 +1.7277e+00 -1.7311e+00 +1.4697e+00
1878 0 +6.160974360e-03 -8.900383903e+01 -8.900383903e+01 -3.9333e+00 -2.7335e+00 +1.7355e+00 -1.7311e+00 +1.4775e+00
1889 0 +5.558868278e-03 -8.900444113e+01 -8.900444113e+01 -3.9333e+00 -2.7257e+00 +1.7433e+00 -1.7390e+00 +1.4697e+00
1892 0 +5.010749035e-03 -8.900498925e+01 -8.900498925e+01 -3.9333e+00 -2.7257e+00 +1.7433e+00 -1.7390e+00 +1.4775e+00
1928 0 +4.394519582e-03 -8.900560548e+01 -8.900560548e+01 -3.9333e+00 -2.7179e+00 +1.7550e+00 -1.7468e+00 +1.4932e+00
1941 0 +3.926810936e-03 -8.900607319e+01 -8.900607319e+01 -3.9333e+00 -2.7179e+00 +1.7590e+00 -1.7507e+00 +1.4892e+00
1971 0 +3.492111728e-03 -8.900650789e+01 -8.900650789e+01 -3.9353e+00 -2.7120e+00 +1.7609e+00 -1.7507e+00 +1.4873e+00
1991 0 +3.144673660e-03 -8.900685533e+01 -8.900685533e+01 -3.9353e+00 -2.7081e+00 +1.7648e+00 -1.7526e+00 +1.4873e+00
2018 0 +2.799571344e-03 -8.900720043e+01 -8.900720043e+01 -3.9353e+00 -2.7022e+00 +1.7707e+00 -1.7526e+00 +1.4834e+00
2058 0 +2.461796408e-03 -8.900753820e+01 -8.900753820e+01 -3.9353e+00 -2.6993e+00 +1.7736e+00 -1.7566e+00 +1.4892e+00
2108 0 +2.234530212e-03 -8.900776547e+01 -8.900776547e+01 -3.9324e+00 -2.6973e+00 +1.7785e+00 -1.7566e+00 +1.4873e+00
2158 0 +1.964339677e-03 -8.900803566e+01 -8.900803566e+01 -3.9304e+00 -2.6944e+00 +1.7824e+00 -1.7575e+00 +1.4883e+00
2212 0 +1.754912092e-03 -8.900824509e+01 -8.900824509e+01 -3.9294e+00 -2.6915e+00 +1.7853e+00 -1.7585e+00 +1.4892e+00
2262 0 +1.569578388e-03 -8.900843042e+01 -8.900843042e+01 -3.9284e+00 -2.6885e+00 +1.7873e+00 -1.7585e+00 +1.4912e+00
2338 0 +1.412504819e-03 -8.900858750e+01 -8.900858750e+01 -3.9275e+00 -2.6861e+00 +1.7897e+00 -1.7590e+00 +1.4932e+00
2422 0 +1.252762008e-03 -8.900874724e+01 -8.900874724e+01 -3.9265e+00 -2.6837e+00 +1.7927e+00 -1.7605e+00 +1.4951e+00
2512 0 +1.119332484e-03 -8.900888067e+01 -8.900888067e+01 -3.9265e+00 -2.6812e+00 +1.7951e+00 -1.7624e+00 +1.4985e+00
2636 0 +9.942495213e-04 -8.900900575e+01 -8.900900575e+01 -3.9265e+00 -2.6783e+00 +1.7978e+00 -1.7634e+00 +1.4988e+00
2748 0 +8.890531172e-04 -8.900911095e+01 -8.900911095e+01 -3.9258e+00 -2.6763e+00 +1.8007e+00 -1.7646e+00 +1.4998e+00
2882 0 +7.918975670e-04 -8.900920810e+01 -8.900920810e+01 -3.9255e+00 -2.6739e+00 +1.8029e+00 -1.7656e+00 +1.5010e+00
3086 0 +7.058256459e-04 -8.900929417e+01 -8.900929417e+01 -3.9254e+00 -2.6716e+00 +1.8052e+00 -1.7667e+00 +1.5020e+00
3296 0 +6.305719608e-04 -8.900936943e+01 -8.900936943e+01 -3.9245e+00 -2.6699e+00 +1.8078e+00 -1.7678e+00 +1.5029e+00
3508 0 +5.604207041e-04 -8.900943958e+01 -8.900943958e+01 -3.9242e+00 -2.6679e+00 +1.8100e+00 -1.7686e+00 +1.5039e+00
3798 0 +5.008290108e-04 -8.900949917e+01 -8.900949917e+01 -3.9241e+00 -2.6659e+00 +1.8119e+00 -1.7697e+00 +1.5052e+00
4148 0 +4.461603388e-04 -8.900955384e+01 -8.900955384e+01 -3.9237e+00 -2.6642e+00 +1.8140e+00 -1.7706e+00 +1.5058e+00
4499 0 +3.980210385e-04 -8.900960198e+01 -8.900960198e+01 -3.9234e+00 -2.6624e+00 +1.8160e+00 -1.7715e+00 +1.5065e+00
5018 0 +3.547908253e-04 -8.900964521e+01 -8.900964521e+01 -3.9233e+00 -2.6607e+00 +1.8177e+00 -1.7724e+00 +1.5076e+00
5628 0 +3.160752355e-04 -8.900968392e+01 -8.900968392e+01 -3.9231e+00 -2.6591e+00 +1.8196e+00 -1.7732e+00 +1.5083e+00
6216 0 +2.817217452e-04 -8.900971828e+01 -8.900971828e+01 -3.9230e+00 -2.6575e+00 +1.8213e+00 -1.7742e+00 +1.5091e+00
7158 0 +2.511319402e-04 -8.900974887e+01 -8.900974887e+01 -3.9230e+00 -2.6561e+00 +1.8230e+00 -1.7751e+00 +1.5100e+00
8192 0 +2.238562193e-04 -8.900977614e+01 -8.900977614e+01 -3.9229e+00 -2.6545e+00 +1.8246e+00 -1.7759e+00 +1.5106e+00
9232 0 +1.995228851e-04 -8.900980048e+01 -8.900980048e+01 -3.9229e+00 -2.6532e+00 +1.8262e+00 -1.7768e+00 +1.5112e+00
10532 0 +1.778152462e-04 -8.900982218e+01 -8.900982218e+01 -3.9229e+00 -2.6520e+00 +1.8277e+00 -1.7779e+00 +1.5120e+00
12348 0 +1.584858988e-04 -8.900984151e+01 -8.900984151e+01 -3.9229e+00 -2.6506e+00 +1.8291e+00 -1.7786e+00 +1.5126e+00
14232 0 +1.412511354e-04 -8.900985875e+01 -8.900985875e+01 -3.9229e+00 -2.6495e+00 +1.8306e+00 -1.7795e+00 +1.5132e+00
16138 0 +1.258738125e-04 -8.900987413e+01 -8.900987413e+01 -3.9229e+00 -2.6486e+00 +1.8320e+00 -1.7806e+00 +1.5138e+00
18596 0 +1.121985423e-04 -8.900988780e+01 -8.900988780e+01 -3.9229e+00 -2.6475e+00 +1.8334e+00 -1.7814e+00 +1.5143e+00
21848 0 +9.999947606e-05 -8.900990000e+01 -8.900990000e+01 -3.9229e+00 -2.6464e+00 +1.8346e+00 -1.7821e+00 +1.5149e+00
25228 0 +8.910984145e-05 -8.900991089e+01 -8.900991089e+01 -3.9229e+00 -2.6456e+00 +1.8359e+00 -1.7831e+00 +1.5154e+00
28491 0 +7.942863962e-05 -8.900992057e+01 -8.900992057e+01 -3.9229e+00 -2.6448e+00 +1.8371e+00 -1.7840e+00 +1.5160e+00
33396 0 +7.079201532e-05 -8.900992921e+01 -8.900992921e+01 -3.9229e+00 -2.6438e+00 +1.8382e+00 -1.7846e+00 +1.5164e+00
39348 0 +6.309284547e-05 -8.900993691e+01 -8.900993691e+01 -3.9229e+00 -2.6431e+00 +1.8394e+00 -1.7854e+00 +1.5169e+00
45188 0 +5.622620799e-05 -8.900994377e+01 -8.900994377e+01 -3.9229e+00 -2.6424e+00 +1.8405e+00 -1.7862e+00 +1.5174e+00
50000 0 +5.100714495e-05 -8.900994899e+01 -8.900994899e+01 -3.9229e+00 -2.6418e+00 +1.8414e+00 -1.7869e+00 +1.5178e+00
% f evaluations | g evaluations | best noise-free fitness - Fopt (-3.352100000000e+02) + sum g_i+ | measured fitness | best measured fitness or single-digit g-values | x1 | x2...
1 0 +9.433499948e+01 -2.408750005e+02 -2.408750005e+02 +0.0000e+00 +0.0000e+00 +0.0000e+00 +0.0000e+00 +0.0000e+00
3 0 +6.898797052e+01 -2.662220295e+02 -2.662220295e+02 -4.4739e+00 +1.5168e-01 -3.7521e-01 -1.9934e-02 -1.0121e+00
5 0 +5.323308848e+01 -2.819769115e+02 -2.819769115e+02 -3.6473e+00 +3.0830e-01 -8.0168e-01 +7.3443e-01 -4.1741e-02
7 0 +3.840993739e+01 -2.968000626e+02 -2.968000626e+02 -3.6861e+00 +1.1446e+00 +7.8578e-01 +8.8747e-01 +9.2636e-01
9 0 +3.179877900e+01 -3.034112210e+02 -3.034112210e+02 -1.8648e+00 -1.0740e-01 -7.9189e-01 -7.7712e-01 +6.1322e-01
24 0 +2.625609243e+01 -3.089539076e+02 -3.089539076e+02 -2.4468e+00 +2.6386e-01 -6.5944e-01 -1.6050e+00 +8.0055e-02
205 0 +1.813409932e+01 -3.170759007e+02 -3.170759007e+02 -7.5716e-01 +1.1446e+00 +7.8578e-01 -2.0415e+00 +9.2636e-01
222 0 +1.472919413e+01 -3.204808059e+02 -3.204808059e+02 +4.8216e-01 +2.6386e-01 -6.5944e-01 -4.5339e+00 +8.0055e-02
302 0 +1.286319957e+01 -3.223468004e+02 -3.223468004e+02 -7.1842e-01 +3.0830e-01 -8.0168e-01 +7.3443e-01 +2.8872e+00
306 0 +7.191069216e+00 -3.280189308e+02 -3.280189308e+02 +1.0641e+00 -1.0740e-01 -7.9189e-01 -7.7712e-01 +3.5421e+00
321 0 +4.442625574e+00 -3.307673744e+02 -3.307673744e+02 +4.8216e-01 +2.6386e-01 -6.5944e-01 -1.6050e+00 +3.0090e+00
1657 0 +3.559493191e+00 -3.316505068e+02 -3.316505068e+02 -1.0006e+00 -1.1196e+00 -1.0006e+00 -1.1156e+00 +3.6621e+00
1659 0 +2.545578900e+00 -3.326644211e+02 -3.326644211e+02 -1.0006e+00 -1.1196e+00 -1.0006e+00 -2.1162e+00 +3.6621e+00
1666 0 +2.387861294e+00 -3.328221387e+02 -3.328221387e+02 -1.0006e+00 -1.1899e-01 -1.0006e+00 -2.1162e+00 +3.6621e+00
1667 0 +1.429899102e+00 -3.337801009e+02 -3.337801009e+02 -1.0006e+00 -1.1899e-01 -2.0013e+00 -2.1162e+00 +3.6621e+00
1670 0 +1.247162434e+00 -3.339628376e+02 -3.339628376e+02 -1.0006e+00 -1.1899e-01 -2.0013e+00 -1.1156e+00 +3.6621e+00
1677 0 +4.584062046e-01 -3.347515938e+02 -3.347515938e+02 -1.0006e+00 -1.1899e-01 -3.0019e+00 -1.1156e+00 +3.6621e+00
1694 0 +2.445060126e-01 -3.349654940e+02 -3.349654940e+02 -5.0032e-01 -1.1899e-01 -3.0019e+00 -1.1156e+00 +3.6621e+00
1719 0 +1.835366872e-01 -3.350264633e+02 -3.350264633e+02 -5.0032e-01 -1.1899e-01 -3.0019e+00 -1.3657e+00 +3.6621e+00
1727 0 +8.749205348e-02 -3.351225079e+02 -3.351225079e+02 -5.0032e-01 -1.1899e-01 -3.2521e+00 -1.3657e+00 +3.6621e+00
1743 0 +7.807543563e-02 -3.351319246e+02 -3.351319246e+02 -6.2541e-01 -1.1899e-01 -3.2521e+00 -1.3657e+00 +3.6621e+00
1749 0 +6.031162990e-02 -3.351496884e+02 -3.351496884e+02 -6.2541e-01 -1.1899e-01 -3.2521e+00 -1.4908e+00 +3.6621e+00
1752 0 +3.322495220e-02 -3.351767750e+02 -3.351767750e+02 -6.2541e-01 -1.1899e-01 -3.2521e+00 -1.4908e+00 +3.7872e+00
1754 0 +2.949438735e-02 -3.351805056e+02 -3.351805056e+02 -5.0032e-01 -1.1899e-01 -3.2521e+00 -1.4908e+00 +3.7872e+00
1773 0 +2.551011903e-02 -3.351844899e+02 -3.351844899e+02 -5.6287e-01 -1.1899e-01 -3.2521e+00 -1.4908e+00 +3.7872e+00
1775 0 +2.348811262e-02 -3.351865119e+02 -3.351865119e+02 -5.6287e-01 -1.8153e-01 -3.2521e+00 -1.4908e+00 +3.7872e+00
1837 0 +2.219249023e-02 -3.351878075e+02 -3.351878075e+02 -5.7068e-01 -1.6589e-01 -3.2599e+00 -1.4908e+00 +3.7872e+00
1849 0 +1.860109035e-02 -3.351913989e+02 -3.351913989e+02 -5.7068e-01 -1.5808e-01 -3.2677e+00 -1.5064e+00 +3.7950e+00
1862 0 +1.765917715e-02 -3.351923408e+02 -3.351923408e+02 -5.7068e-01 -1.5808e-01 -3.2677e+00 -1.5143e+00 +3.8028e+00
1869 0 +1.567133554e-02 -3.351943287e+02 -3.351943287e+02 -5.7068e-01 -1.6589e-01 -3.2756e+00 -1.5221e+00 +3.8028e+00
1889 0 +1.321011469e-02 -3.351967899e+02 -3.351967899e+02 -5.7068e-01 -1.7371e-01 -3.2834e+00 -1.5377e+00 +3.8106e+00
1899 0 +1.160231827e-02 -3.351983977e+02 -3.351983977e+02 -5.7068e-01 -1.7371e-01 -3.2912e+00 -1.5455e+00 +3.8106e+00
1939 0 +1.065155346e-02 -3.351993484e+02 -3.351993484e+02 -5.7850e-01 -1.6980e-01 -3.2951e+00 -1.5494e+00 +3.8184e+00
1959 0 +9.604277383e-03 -3.352003957e+02 -3.352003957e+02 -5.7850e-01 -1.7371e-01 -3.2990e+00 -1.5573e+00 +3.8224e+00
1969 0 +8.884283911e-03 -3.352011157e+02 -3.352011157e+02 -5.8241e-01 -1.7371e-01 -3.3029e+00 -1.5612e+00 +3.8224e+00
2009 0 +7.917968200e-03 -3.352020820e+02 -3.352020820e+02 -5.8436e-01 -1.7176e-01 -3.3088e+00 -1.5670e+00 +3.8224e+00
2049 0 +6.885724190e-03 -3.352031143e+02 -3.352031143e+02 -5.8632e-01 -1.7371e-01 -3.3147e+00 -1.5749e+00 +3.8243e+00
2079 0 +6.199817397e-03 -3.352038002e+02 -3.352038002e+02 -5.8632e-01 -1.7566e-01 -3.3186e+00 -1.5807e+00 +3.8263e+00
2119 0 +5.528894300e-03 -3.352044711e+02 -3.352044711e+02 -5.8827e-01 -1.7566e-01 -3.3225e+00 -1.5866e+00 +3.8302e+00
2179 0 +4.983952394e-03 -3.352050160e+02 -3.352050160e+02 -5.9023e-01 -1.7566e-01 -3.3264e+00 -1.5915e+00 +3.8321e+00
2239 0 +4.459242625e-03 -3.352055408e+02 -3.352055408e+02 -5.8925e-01 -1.7860e-01 -3.3293e+00 -1.5973e+00 +3.8360e+00
2299 0 +3.917592490e-03 -3.352060824e+02 -3.352060824e+02 -5.9120e-01 -1.8055e-01 -3.3332e+00 -1.6032e+00 +3.8390e+00
2397 0 +3.543799933e-03 -3.352064562e+02 -3.352064562e+02 -5.9414e-01 -1.7908e-01 -3.3366e+00 -1.6071e+00 +3.8424e+00
2492 0 +3.153791702e-03 -3.352068462e+02 -3.352068462e+02 -5.9511e-01 -1.7908e-01 -3.3396e+00 -1.6120e+00 +3.8443e+00
2589 0 +2.798032176e-03 -3.352072020e+02 -3.352072020e+02 -5.9511e-01 -1.8153e-01 -3.3425e+00 -1.6169e+00 +3.8473e+00
2699 0 +2.481058631e-03 -3.352075189e+02 -3.352075189e+02 -5.9609e-01 -1.8299e-01 -3.3449e+00 -1.6218e+00 +3.8522e+00
2839 0 +2.230267563e-03 -3.352077697e+02 -3.352077697e+02 -5.9878e-01 -1.8202e-01 -3.3481e+00 -1.6249e+00 +3.8526e+00
3009 0 +1.992541983e-03 -3.352080075e+02 -3.352080075e+02 -5.9927e-01 -1.8348e-01 -3.3506e+00 -1.6291e+00 +3.8546e+00
3179 0 +1.767188339e-03 -3.352082328e+02 -3.352082328e+02 -5.9951e-01 -1.8544e-01 -3.3528e+00 -1.6332e+00 +3.8583e+00
3349 0 +1.575806763e-03 -3.352084242e+02 -3.352084242e+02 -6.0098e-01 -1.8568e-01 -3.3552e+00 -1.6367e+00 +3.8602e+00
3629 0 +1.407942771e-03 -3.352085921e+02 -3.352085921e+02 -6.0293e-01 -1.8470e-01 -3.3576e+00 -1.6397e+00 +3.8622e+00
3899 0 +1.258782897e-03 -3.352087412e+02 -3.352087412e+02 -6.0342e-01 -1.8556e-01 -3.3596e+00 -1.6430e+00 +3.8645e+00
4183 0 +1.121975425e-03 -3.352088780e+02 -3.352088780e+02 -6.0415e-01 -1.8678e-01 -3.3614e+00 -1.6463e+00 +3.8671e+00
4509 0 +9.995878424e-04 -3.352090004e+02 -3.352090004e+02 -6.0550e-01 -1.8709e-01 -3.3634e+00 -1.6492e+00 +3.8693e+00
4959 0 +8.910579238e-04 -3.352091089e+02 -3.352091089e+02 -6.0647e-01 -1.8660e-01 -3.3655e+00 -1.6520e+00 +3.8705e+00
5442 0 +7.940851415e-04 -3.352092059e+02 -3.352092059e+02 -6.0696e-01 -1.8782e-01 -3.3669e+00 -1.6549e+00 +3.8733e+00
5882 0 +7.072231782e-04 -3.352092928e+02 -3.352092928e+02 -6.0794e-01 -1.8873e-01 -3.3686e+00 -1.6575e+00 +3.8749e+00
6517 0 +6.308938999e-04 -3.352093691e+02 -3.352093691e+02 -6.0913e-01 -1.8837e-01 -3.3704e+00 -1.6599e+00 +3.8765e+00
7303 0 +5.622754755e-04 -3.352094377e+02 -3.352094377e+02 -6.0971e-01 -1.8852e-01 -3.3718e+00 -1.6623e+00 +3.8784e+00
8099 0 +5.005375301e-04 -3.352094995e+02 -3.352094995e+02 -6.1023e-01 -1.8947e-01 -3.3731e+00 -1.6647e+00 +3.8806e+00
8899 0 +4.458894248e-04 -3.352095541e+02 -3.352095541e+02 -6.1118e-01 -1.8999e-01 -3.3745e+00 -1.6669e+00 +3.8821e+00
10089 0 +3.979720021e-04 -3.352096020e+02 -3.352096020e+02 -6.1209e-01 -1.8939e-01 -3.3760e+00 -1.6688e+00 +3.8833e+00
11463 0 +3.548003560e-04 -3.352096452e+02 -3.352096452e+02 -6.1252e-01 -1.9003e-01 -3.3771e+00 -1.6709e+00 +3.8853e+00
12782 0 +3.161994954e-04 -3.352096838e+02 -3.352096838e+02 -6.1298e-01 -1.9077e-01 -3.3782e+00 -1.6729e+00 +3.8870e+00
14249 0 +2.818110472e-04 -3.352097182e+02 -3.352097182e+02 -6.1380e-01 -1.9093e-01 -3.3793e+00 -1.6747e+00 +3.8885e+00
16449 0 +2.511630996e-04 -3.352097488e+02 -3.352097488e+02 -6.1450e-01 -1.9061e-01 -3.3805e+00 -1.6764e+00 +3.8896e+00
18739 0 +2.237738267e-04 -3.352097762e+02 -3.352097762e+02 -6.1495e-01 -1.9118e-01 -3.3815e+00 -1.6782e+00 +3.8913e+00
20979 0 +1.995070561e-04 -3.352098005e+02 -3.352098005e+02 -6.1540e-01 -1.9168e-01 -3.3823e+00 -1.6798e+00 +3.8929e+00
23819 0 +1.778144421e-04 -3.352098222e+02 -3.352098222e+02 -6.1624e-01 -1.9139e-01 -3.3834e+00 -1.6813e+00 +3.8939e+00
27729 0 +1.584607136e-04 -3.352098415e+02 -3.352098415e+02 -6.1664e-01 -1.9160e-01 -3.3843e+00 -1.6827e+00 +3.8952e+00
31549 0 +1.412469296e-04 -3.352098588e+02 -3.352098588e+02 -6.1705e-01 -1.9204e-01 -3.3851e+00 -1.6842e+00 +3.8965e+00
35549 0 +1.258609195e-04 -3.352098741e+02 -3.352098741e+02 -6.1750e-01 -1.9237e-01 -3.3858e+00 -1.6856e+00 +3.8979e+00
40989 0 +1.121990719e-04 -3.352098878e+02 -3.352098878e+02 -6.1819e-01 -1.9194e-01 -3.3867e+00 -1.6868e+00 +3.8988e+00
47669 0 +9.999944092e-05 -3.352099000e+02 -3.352099000e+02 -6.1851e-01 -1.9228e-01 -3.3874e+00 -1.6881e+00 +3.9000e+00
50000 0 +9.594198514e-05 -3.352099041e+02 -3.352099041e+02 -6.1864e-01 -1.9242e-01 -3.3876e+00 -1.6885e+00 +3.9004e+00
% f evaluations | g evaluations | best noise-free fitness - Fopt (-1.172200000000e+02) + sum g_i+ | measured fitness | best measured fitness or single-digit g-values | x1 | x2...
1 0 +4.428548108e+00 -1.127914519e+02 -1.127914519e+02 +0.0000e+00 +0.0000e+00 +0.0000e+00 +0.0000e+00 +0.0000e+00
38 0 +6.097195391e-01 -1.166102805e+02 -1.166102805e+02 +2.2105e+00 +3.0830e-01 -8.0168e-01 +7.3443e-01 -4.1741e-02
1657 0 +2.880395943e-01 -1.169319604e+02 -1.169319604e+02 +2.5425e+00 +1.0006e+00 -1.0006e+00 +1.1156e+00 +0.0000e+00
1678 0 +2.358175008e-01 -1.169841825e+02 -1.169841825e+02 +2.5425e+00 +1.0006e+00 -5.0032e-01 +1.1156e+00 +0.0000e+00
1695 0 +1.720751228e-01 -1.170479249e+02 -1.170479249e+02 +2.2923e+00 +7.5049e-01 -5.0032e-01 +1.1156e+00 +0.0000e+00
1697 0 +1.566496799e-01 -1.170633503e+02 -1.170633503e+02 +2.2923e+00 +7.5049e-01 -7.5049e-01 +1.1156e+00 +0.0000e+00
1700 0 +3.871017002e-02 -1.171812898e+02 -1.171812898e+02 +2.2923e+00 +7.5049e-01 -7.5049e-01 +1.3657e+00 +0.0000e+00
1716 0 +2.405346973e-02 -1.171959465e+02 -1.171959465e+02 +2.2923e+00 +8.7557e-01 -7.5049e-01 +1.3657e+00 +0.0000e+00
1734 0 +2.002420584e-02 -1.171999758e+02 -1.171999758e+02 +2.3548e+00 +8.7557e-01 -7.5049e-01 +1.3657e+00 +0.0000e+00
1753 0 +1.952804049e-02 -1.172004720e+02 -1.172004720e+02 +2.3236e+00 +8.7557e-01 -7.5049e-01 +1.3657e+00 +0.0000e+00
1760 0 +1.761554290e-02 -1.172023845e+02 -1.172023845e+02 +2.3236e+00 +8.7557e-01 -7.5049e-01 +1.3970e+00 +0.0000e+00
1765 0 +1.553754331e-02 -1.172044625e+02 -1.172044625e+02 +2.2923e+00 +8.4430e-01 -7.5049e-01 +1.3970e+00 +0.0000e+00
1773 0 +1.364144512e-02 -1.172063586e+02 -1.172063586e+02 +2.2610e+00 +8.4430e-01 -7.5049e-01 +1.4283e+00 +0.0000e+00
1781 0 +1.076630929e-02 -1.172092337e+02 -1.172092337e+02 +2.2610e+00 +8.1303e-01 -7.5049e-01 +1.4283e+00 -3.1270e-02
1783 0 +9.015167005e-03 -1.172109848e+02 -1.172109848e+02 +2.2298e+00 +8.1303e-01 -7.5049e-01 +1.4283e+00 -3.1270e-02
1804 0 +8.911160986e-03 -1.172110888e+02 -1.172110888e+02 +2.2454e+00 +8.1303e-01 -7.5049e-01 +1.4283e+00 -3.1270e-02
1805 0 +7.881955495e-03 -1.172121180e+02 -1.172121180e+02 +2.2454e+00 +7.9739e-01 -7.5049e-01 +1.4283e+00 -3.1270e-02
1860 0 +6.600156771e-03 -1.172133998e+02 -1.172133998e+02 +2.2376e+00 +7.8957e-01 -7.5440e-01 +1.4322e+00 -3.9088e-02
1861 0 +6.272875008e-03 -1.172137271e+02 -1.172137271e+02 +2.2376e+00 +7.8957e-01 -7.5440e-01 +1.4322e+00 -4.2997e-02
1890 0 +5.522857826e-03 -1.172144771e+02 -1.172144771e+02 +2.2337e+00 +7.9348e-01 -7.5830e-01 +1.4361e+00 -4.4951e-02
1906 0 +4.987924674e-03 -1.172150121e+02 -1.172150121e+02 +2.2317e+00 +7.9739e-01 -7.6026e-01 +1.4380e+00 -4.8860e-02
1920 0 +4.417541356e-03 -1.172155825e+02 -1.172155825e+02 +2.2298e+00 +7.9935e-01 -7.6417e-01 +1.4420e+00 -5.0814e-02
1936 0 +3.978288530e-03 -1.172160217e+02 -1.172160217e+02 +2.2258e+00 +8.0326e-01 -7.6612e-01 +1.4439e+00 -5.4723e-02
1957 0 +3.506429761e-03 -1.172164936e+02 -1.172164936e+02 +2.2239e+00 +8.0716e-01 -7.7003e-01 +1.4439e+00 -5.8632e-02
1989 0 +3.143370169e-03 -1.172168566e+02 -1.172168566e+02 +2.2219e+00 +8.1303e-01 -7.7003e-01 +1.4439e+00 -5.8632e-02
2010 0 +2.801321612e-03 -1.172171987e+02 -1.172171987e+02 +2.2200e+00 +8.1694e-01 -7.7199e-01 +1.4459e+00 -6.0586e-02
2036 0 +2.503234433e-03 -1.172174968e+02 -1.172174968e+02 +2.2200e+00 +8.2280e-01 -7.7394e-01 +1.4478e+00 -6.0586e-02
2080 0 +2.230082184e-03 -1.172177699e+02 -1.172177699e+02 +2.2170e+00 +8.2671e-01 -7.7589e-01 +1.4498e+00 -6.1563e-02
2110 0 +1.963993715e-03 -1.172180360e+02 -1.172180360e+02 +2.2151e+00 +8.2964e-01 -7.7785e-01 +1.4507e+00 -6.4495e-02
2151 0 +1.761602772e-03 -1.172182384e+02 -1.172182384e+02 +2.2131e+00 +8.3355e-01 -7.7883e-01 +1.4507e+00 -6.6449e-02
2210 0 +1.584809896e-03 -1.172184152e+02 -1.172184152e+02 +2.2102e+00 +8.3746e-01 -7.7980e-01 +1.4507e+00 -6.7915e-02
2256 0 +1.411232655e-03 -1.172185888e+02 -1.172185888e+02 +2.2087e+00 +8.3990e-01 -7.8127e-01 +1.4517e+00 -7.0358e-02
2321 0 +1.256730615e-03 -1.172187433e+02 -1.172187433e+02 +2.2073e+00 +8.4283e-01 -7.8273e-01 +1.4527e+00 -7.1824e-02
2396 0 +1.116914664e-03 -1.172188831e+02 -1.172188831e+02 +2.2048e+00 +8.4674e-01 -7.8371e-01 +1.4532e+00 -7.2801e-02
2487 0 +9.976990691e-04 -1.172190023e+02 -1.172190023e+02 +2.2029e+00 +8.4943e-01 -7.8518e-01 +1.4544e+00 -7.4023e-02
2581 0 +8.909782777e-04 -1.172191090e+02 -1.172191090e+02 +2.2012e+00 +8.5163e-01 -7.8640e-01 +1.4559e+00 -7.5488e-02
2696 0 +7.941470184e-04 -1.172192059e+02 -1.172192059e+02 +2.1997e+00 +8.5456e-01 -7.8738e-01 +1.4564e+00 -7.6466e-02
2820 0 +7.036758201e-04 -1.172192963e+02 -1.172192963e+02 +2.1977e+00 +8.5749e-01 -7.8835e-01 +1.4569e+00 -7.7687e-02
2987 0 +6.303854898e-04 -1.172193696e+02 -1.172193696e+02 +2.1959e+00 +8.5969e-01 -7.8945e-01 +1.4578e+00 -7.8909e-02
3193 0 +5.622824992e-04 -1.172194377e+02 -1.172194377e+02 +2.1946e+00 +8.6213e-01 -7.9031e-01 +1.4586e+00 -7.9764e-02
3420 0 +4.975979039e-04 -1.172195024e+02 -1.172195024e+02 +2.1929e+00 +8.6494e-01 -7.9116e-01 +1.4591e+00 -8.0741e-02
3660 0 +4.464642805e-04 -1.172195535e+02 -1.172195535e+02 +2.1915e+00 +8.6665e-01 -7.9208e-01 +1.4598e+00 -8.1840e-02
4017 0 +3.980123911e-04 -1.172196020e+02 -1.172196020e+02 +2.1901e+00 +8.6885e-01 -7.9299e-01 +1.4607e+00 -8.2573e-02
4396 0 +3.545786022e-04 -1.172196454e+02 -1.172196454e+02 +2.1887e+00 +8.7117e-01 -7.9373e-01 +1.4615e+00 -8.3123e-02
4776 0 +3.162213928e-04 -1.172196838e+02 -1.172196838e+02 +2.1878e+00 +8.7349e-01 -7.9452e-01 +1.4623e+00 -8.3367e-02
5277 0 +2.817438661e-04 -1.172197183e+02 -1.172197183e+02 +2.1868e+00 +8.7520e-01 -7.9538e-01 +1.4631e+00 -8.3947e-02
5896 0 +2.511307799e-04 -1.172197489e+02 -1.172197489e+02 +2.1854e+00 +8.7709e-01 -7.9605e-01 +1.4638e+00 -8.4619e-02
6560 0 +2.238315783e-04 -1.172197762e+02 -1.172197762e+02 +2.1842e+00 +8.7911e-01 -7.9672e-01 +1.4645e+00 -8.5047e-02
7436 0 +1.994549625e-04 -1.172198005e+02 -1.172198005e+02 +2.1832e+00 +8.8052e-01 -7.9745e-01 +1.4652e+00 -8.5780e-02
8577 0 +1.777647963e-04 -1.172198222e+02 -1.172198222e+02 +2.1819e+00 +8.8226e-01 -7.9806e-01 +1.4658e+00 -8.6375e-02
9700 0 +1.584771848e-04 -1.172198415e+02 -1.172198415e+02 +2.1807e+00 +8.8397e-01 -7.9864e-01 +1.4664e+00 -8.6864e-02
11000 0 +1.411659249e-04 -1.172198588e+02 -1.172198588e+02 +2.1798e+00 +8.8545e-01 -7.9928e-01 +1.4670e+00 -8.7352e-02
13027 0 +1.258866861e-04 -1.172198741e+02 -1.172198741e+02 +2.1786e+00 +8.8700e-01 -7.9983e-01 +1.4676e+00 -8.7902e-02
15063 0 +1.121961463e-04 -1.172198878e+02 -1.172198878e+02 +2.1775e+00 +8.8855e-01 -8.0035e-01 +1.4681e+00 -8.8390e-02
17363 0 +9.999503371e-05 -1.172199000e+02 -1.172199000e+02 +2.1766e+00 +8.8991e-01 -8.0092e-01 +1.4687e+00 -8.8826e-02
21086 0 +8.912024441e-05 -1.172199109e+02 -1.172199109e+02 +2.1755e+00 +8.9134e-01 -8.0142e-01 +1.4692e+00 -8.9318e-02
24800 0 +7.942711643e-05 -1.172199206e+02 -1.172199206e+02 +2.1745e+00 +8.9275e-01 -8.0192e-01 +1.4697e+00 -8.9780e-02
29112 0 +7.079433269e-05 -1.172199292e+02 -1.172199292e+02 +2.1737e+00 +8.9391e-01 -8.0239e-01 +1.4704e+00 -8.9948e-02
34176 0 +6.309550294e-05 -1.172199369e+02 -1.172199369e+02 +2.1728e+00 +8.9488e-01 -8.0283e-01 +1.4712e+00 -9.0024e-02
40356 0 +5.623341117e-05 -1.172199438e+02 -1.172199438e+02 +2.1719e+00 +8.9606e-01 -8.0327e-01 +1.4717e+00 -9.0391e-02
47331 0 +5.011850017e-05 -1.172199499e+02 -1.172199499e+02 +2.1711e+00 +8.9721e-01 -8.0370e-01 +1.4723e+00 -9.0676e-02
50000 0 +4.832847375e-05 -1.172199517e+02 -1.172199517e+02 +2.1709e+00 +8.9747e-01 -8.0382e-01 +1.4725e+00 -9.0657e-02
% f evaluations | g evaluations | best noise-free fitness - Fopt (5.460000000000e+00) + sum g_i+ | measured fitness | best measured fitness or single-digit g-values | x1 | x2...
1 0 +3.579543066e+01 +4.125543066e+01 +4.125543066e+01 +0.0000e+00 +0.0000e+00 +0.0000e+00 +0.0000e+00 +0.0000e+00
2 0 +2.823803275e+01 +3.369803275e+01 +3.369803275e+01 -2.7186e+00 -7.1789e-01 +5.1803e-01 +6.4926e-01 -1.3468e+00
3 0 +1.134576571e+01 +1.680576571e+01 +1.680576571e+01 -4.4739e+00 +1.5168e-01 -3.7521e-01 -1.9934e-02 -1.0121e+00
7 0 +6.351029507e+00 +1.181102951e+01 +1.181102951e+01 -3.6861e+00 +1.1446e+00 +7.8578e-01 +8.8747e-01 +9.2636e-01
106 0 +6.115861432e+00 +1.157586143e+01 +1.157586143e+01 -7.5716e-01 +4.0735e+00 +7.8578e-01 +8.8747e-01 +9.2636e-01
112 0 +3.964040391e+00 +9.424040391e+00 +9.424040391e+00 -4.5647e-01 +2.7323e+00 +1.0681e+00 -6.1863e-01 +6.9183e-01
1323 0 +3.032820770e+00 +8.492820770e+00 +8.492820770e+00 -1.2352e+00 +2.1650e+00 +1.4354e+00 -1.1211e+00 +2.6495e+00
1659 0 +2.749465836e+00 +8.209465836e+00 +8.209465836e+00 -1.8093e+00 +2.1231e+00 +1.5390e+00 -2.1162e+00 +2.9289e+00
1661 0 +2.142331277e+00 +7.602331277e+00 +7.602331277e+00 -1.8093e+00 +2.1231e+00 +1.5390e+00 -2.1162e+00 +1.9283e+00
1663 0 +1.320014737e+00 +6.780014737e+00 +6.780014737e+00 -2.8099e+00 +2.1231e+00 +1.5390e+00 -2.1162e+00 +1.9283e+00
1667 0 +1.006492706e+00 +6.466492706e+00 +6.466492706e+00 -2.8099e+00 +2.1231e+00 +5.3833e-01 -2.1162e+00 +1.9283e+00
1671 0 +6.733645825e-01 +6.133364582e+00 +6.133364582e+00 -2.8099e+00 +2.1231e+00 +5.3833e-01 -2.1162e+00 +9.2763e-01
1673 0 +2.589351430e-01 +5.718935143e+00 +5.718935143e+00 -3.8106e+00 +2.1231e+00 +5.3833e-01 -2.1162e+00 +9.2763e-01
1678 0 +2.009887521e-01 +5.660988752e+00 +5.660988752e+00 -3.8106e+00 +2.1231e+00 +1.5390e+00 -2.1162e+00 +9.2763e-01
1697 0 +7.715394548e-02 +5.537153945e+00 +5.537153945e+00 -3.8106e+00 +2.1231e+00 +1.0387e+00 -2.1162e+00 +9.2763e-01
1720 0 +6.820915528e-02 +5.528209155e+00 +5.528209155e+00 -3.8106e+00 +2.1231e+00 +1.0387e+00 -1.8661e+00 +9.2763e-01
1722 0 +2.815860829e-02 +5.488158608e+00 +5.488158608e+00 -3.8106e+00 +2.1231e+00 +1.0387e+00 -1.8661e+00 +1.1778e+00
1735 0 +2.159232929e-02 +5.481592329e+00 +5.481592329e+00 -3.8106e+00 +1.9980e+00 +1.0387e+00 -1.8661e+00 +1.1778e+00
1756 0 +1.670274931e-02 +5.476702749e+00 +5.476702749e+00 -3.8106e+00 +2.0606e+00 +1.0387e+00 -1.8661e+00 +1.1778e+00
1761 0 +1.263207104e-02 +5.472632071e+00 +5.472632071e+00 -3.8106e+00 +2.0606e+00 +1.0387e+00 -1.8661e+00 +1.1153e+00
1776 0 +9.230815683e-03 +5.469230816e+00 +5.469230816e+00 -3.8106e+00 +2.0918e+00 +1.0387e+00 -1.8661e+00 +1.1153e+00
1779 0 +8.657124846e-03 +5.468657125e+00 +5.468657125e+00 -3.8106e+00 +2.0918e+00 +1.0387e+00 -1.8973e+00 +1.1153e+00
1789 0 +7.816286696e-03 +5.467816287e+00 +5.467816287e+00 -3.8106e+00 +2.0918e+00 +1.0699e+00 -1.9286e+00 +1.1153e+00
1810 0 +6.023984895e-03 +5.466023985e+00 +5.466023985e+00 -3.8106e+00 +2.0762e+00 +1.0699e+00 -1.9130e+00 +1.1153e+00
1830 0 +5.425213336e-03 +5.465425213e+00 +5.465425213e+00 -3.8106e+00 +2.0762e+00 +1.0699e+00 -1.8817e+00 +1.0996e+00
1895 0 +4.933232509e-03 +5.464933233e+00 +5.464933233e+00 -3.8086e+00 +2.0684e+00 +1.0758e+00 -1.8895e+00 +1.1016e+00
1925 0 +4.465918078e-03 +5.464465918e+00 +5.464465918e+00 -3.8057e+00 +2.0655e+00 +1.0719e+00 -1.8895e+00 +1.0996e+00
1965 0 +3.946709469e-03 +5.463946709e+00 +5.463946709e+00 -3.8018e+00 +2.0615e+00 +1.0680e+00 -1.8905e+00 +1.0967e+00
2017 0 +3.535960180e-03 +5.463535960e+00 +5.463535960e+00 -3.7989e+00 +2.0586e+00 +1.0641e+00 -1.8920e+00 +1.0942e+00
2087 0 +3.153722950e-03 +5.463153723e+00 +5.463153723e+00 -3.7954e+00 +2.0552e+00 +1.0606e+00 -1.8929e+00 +1.0918e+00
2157 0 +2.809805292e-03 +5.462809805e+00 +5.462809805e+00 -3.7920e+00 +2.0518e+00 +1.0572e+00 -1.8949e+00 +1.0898e+00
2227 0 +2.497428982e-03 +5.462497429e+00 +5.462497429e+00 -3.7886e+00 +2.0484e+00 +1.0538e+00 -1.8968e+00 +1.0874e+00
2355 0 +2.238081932e-03 +5.462238082e+00 +5.462238082e+00 -3.7857e+00 +2.0469e+00 +1.0484e+00 -1.8963e+00 +1.0874e+00
2474 0 +1.994342297e-03 +5.461994342e+00 +5.461994342e+00 -3.7830e+00 +2.0464e+00 +1.0435e+00 -1.8981e+00 +1.0864e+00
2604 0 +1.771271709e-03 +5.461771272e+00 +5.461771272e+00 -3.7798e+00 +2.0432e+00 +1.0404e+00 -1.8978e+00 +1.0835e+00
2734 0 +1.583292514e-03 +5.461583293e+00 +5.461583293e+00 -3.7766e+00 +2.0400e+00 +1.0372e+00 -1.8981e+00 +1.0808e+00
2887 0 +1.408363690e-03 +5.461408364e+00 +5.461408364e+00 -3.7737e+00 +2.0376e+00 +1.0333e+00 -1.8981e+00 +1.0786e+00
3077 0 +1.258697762e-03 +5.461258698e+00 +5.461258698e+00 -3.7720e+00 +2.0388e+00 +1.0286e+00 -1.8988e+00 +1.0784e+00
3284 0 +1.121656209e-03 +5.461121656e+00 +5.461121656e+00 -3.7700e+00 +2.0403e+00 +1.0240e+00 -1.9005e+00 +1.0786e+00
3486 0 +9.987197129e-04 +5.460998720e+00 +5.460998720e+00 -3.7686e+00 +2.0420e+00 +1.0201e+00 -1.9025e+00 +1.0779e+00
3785 0 +8.901945563e-04 +5.460890195e+00 +5.460890195e+00 -3.7667e+00 +2.0427e+00 +1.0173e+00 -1.9053e+00 +1.0764e+00
4055 0 +7.941657943e-04 +5.460794166e+00 +5.460794166e+00 -3.7648e+00 +2.0421e+00 +1.0140e+00 -1.9055e+00 +1.0753e+00
4395 0 +7.072966396e-04 +5.460707297e+00 +5.460707297e+00 -3.7631e+00 +2.0429e+00 +1.0103e+00 -1.9070e+00 +1.0747e+00
4794 0 +6.305839288e-04 +5.460630584e+00 +5.460630584e+00 -3.7614e+00 +2.0432e+00 +1.0075e+00 -1.9087e+00 +1.0735e+00
5134 0 +5.619355327e-04 +5.460561936e+00 +5.460561936e+00 -3.7595e+00 +2.0415e+00 +1.0054e+00 -1.9089e+00 +1.0720e+00
5657 0 +5.004065958e-04 +5.460500407e+00 +5.460500407e+00 -3.7579e+00 +2.0414e+00 +1.0022e+00 -1.9094e+00 +1.0715e+00
6257 0 +4.465574376e-04 +5.460446557e+00 +5.460446557e+00 -3.7565e+00 +2.0422e+00 +9.9920e-01 -1.9107e+00 +1.0709e+00
6865 0 +3.979667112e-04 +5.460397967e+00 +5.460397967e+00 -3.7550e+00 +2.0415e+00 +9.9722e-01 -1.9116e+00 +1.0698e+00
7534 0 +3.547781146e-04 +5.460354778e+00 +5.460354778e+00 -3.7535e+00 +2.0405e+00 +9.9517e-01 -1.9118e+00 +1.0687e+00
8427 0 +3.160879287e-04 +5.460316088e+00 +5.460316088e+00 -3.7521e+00 +2.0405e+00 +9.9255e-01 -1.9124e+00 +1.0682e+00
9615 0 +2.817710708e-04 +5.460281771e+00 +5.460281771e+00 -3.7510e+00 +2.0417e+00 +9.9004e-01 -1.9139e+00 +1.0676e+00
10575 0 +2.511811898e-04 +5.460251181e+00 +5.460251181e+00 -3.7497e+00 +2.0405e+00 +9.8861e-01 -1.9145e+00 +1.0665e+00
11897 0 +2.238362211e-04 +5.460223836e+00 +5.460223836e+00 -3.7484e+00 +2.0400e+00 +9.8658e-01 -1.9148e+00 +1.0658e+00
13665 0 +1.995138283e-04 +5.460199514e+00 +5.460199514e+00 -3.7474e+00 +2.0406e+00 +9.8423e-01 -1.9157e+00 +1.0656e+00
15675 0 +1.778058519e-04 +5.460177806e+00 +5.460177806e+00 -3.7464e+00 +2.0411e+00 +9.8233e-01 -1.9170e+00 +1.0650e+00
17467 0 +1.584801023e-04 +5.460158480e+00 +5.460158480e+00 -3.7452e+00 +2.0401e+00 +9.8095e-01 -1.9171e+00 +1.0641e+00
20205 0 +1.412216437e-04 +5.460141222e+00 +5.460141222e+00 -3.7443e+00 +2.0403e+00 +9.7887e-01 -1.9175e+00 +1.0639e+00
23395 0 +1.258687227e-04 +5.460125869e+00 +5.460125869e+00 -3.7434e+00 +2.0408e+00 +9.7694e-01 -1.9185e+00 +1.0636e+00
26444 0 +1.121870464e-04 +5.460112187e+00 +5.460112187e+00 -3.7424e+00 +2.0403e+00 +9.7575e-01 -1.9190e+00 +1.0628e+00
30287 0 +9.998133495e-05 +5.460099981e+00 +5.460099981e+00 -3.7415e+00 +2.0399e+00 +9.7428e-01 -1.9192e+00 +1.0623e+00
35247 0 +8.911834435e-05 +5.460089118e+00 +5.460089118e+00 -3.7407e+00 +2.0402e+00 +9.7246e-01 -1.9198e+00 +1.0622e+00
41294 0 +7.942862244e-05 +5.460079429e+00 +5.460079429e+00 -3.7400e+00 +2.0407e+00 +9.7090e-01 -1.9208e+00 +1.0619e+00
46344 0 +7.079168641e-05 +5.460070792e+00 +5.460070792e+00 -3.7391e+00 +2.0399e+00 +9.6994e-01 -1.9209e+00 +1.0612e+00
50000 0 +6.673079548e-05 +5.460066731e+00 +5.460066731e+00 -3.7387e+00 +2.0398e+00 +9.6924e-01 -1.9210e+00 +1.0610e+00
% f evaluations | g evaluations | best noise-free fitness - Fopt (5.212000000000e+01) + sum g_i+ | measured fitness | best measured fitness or single-digit g-values | x1 | x2...
1 0 +4.220721381e+01 +9.432721381e+01 +9.432721381e+01 +0.0000e+00 +0.0000e+00 +0.0000e+00 +0.0000e+00 +0.0000e+00
2 0 +7.801047238e+00 +5.992104724e+01 +5.992104724e+01 -2.7186e+00 -7.1789e-01 +5.1803e-01 +6.4926e-01 -1.3468e+00
6 0 +6.199873872e+00 +5.831987387e+01 +5.831987387e+01 -3.1061e+00 -6.5270e-01 +1.1719e+00 -1.4812e-01 -4.1057e-01
28 0 +5.592375371e+00 +5.771237537e+01 +5.771237537e+01 -3.2931e+00 -1.2860e+00 +5.9333e-01 -2.0759e-01 -1.3740e+00
167 0 +3.628526019e+00 +5.574852602e+01 +5.574852602e+01 +2.1034e-01 -7.1789e-01 +3.4470e+00 +6.4926e-01 -1.3468e+00
193 0 +3.458435857e+00 +5.557843586e+01 +5.557843586e+01 -3.6414e-01 -1.2860e+00 +3.5223e+00 -2.0759e-01 -1.3740e+00
1018 0 +3.126733166e+00 +5.524673317e+01 +5.524673317e+01 -1.2543e+00 -4.8983e-01 +3.8881e+00 +2.8499e+00 -5.2331e-01
1414 0 +2.635235336e+00 +5.475523534e+01 +5.475523534e+01 -1.2161e+00 -1.1637e+00 +3.8259e+00 +2.8716e+00 -3.7934e-01
1659 0 +1.798490434e+00 +5.391849043e+01 +5.391849043e+01 -2.1162e+00 -1.8093e+00 +3.6621e+00 +1.9283e+00 +0.0000e+00
1661 0 +1.085997073e+00 +5.320599707e+01 +5.320599707e+01 -2.1162e+00 -1.8093e+00 +3.6621e+00 +1.9283e+00 -1.0006e+00
1669 0 +6.272570029e-01 +5.274725700e+01 +5.274725700e+01 -2.1162e+00 -1.8093e+00 +3.6621e+00 +9.2763e-01 -1.0006e+00
1671 0 +1.825344159e-01 +5.230253442e+01 +5.230253442e+01 -2.1162e+00 -1.8093e+00 +3.6621e+00 +9.2763e-01 -2.0013e+00
1696 0 +1.705220887e-01 +5.229052209e+01 +5.229052209e+01 -2.1162e+00 -1.5591e+00 +3.6621e+00 +9.2763e-01 -2.0013e+00
1700 0 +8.197264936e-02 +5.220197265e+01 +5.220197265e+01 -2.1162e+00 -1.5591e+00 +3.6621e+00 +1.1778e+00 -2.0013e+00
1723 0 +6.506930743e-02 +5.218506931e+01 +5.218506931e+01 -2.2413e+00 -1.5591e+00 +3.4119e+00 +1.1778e+00 -2.0013e+00
1726 0 +6.196552685e-02 +5.218196553e+01 +5.218196553e+01 -2.2413e+00 -1.4341e+00 +3.4119e+00 +1.1778e+00 -2.0013e+00
1728 0 +4.833123311e-02 +5.216833123e+01 +5.216833123e+01 -2.2413e+00 -1.4341e+00 +3.5370e+00 +1.1778e+00 -2.0013e+00
1756 0 +4.248514903e-02 +5.216248515e+01 +5.216248515e+01 -2.2413e+00 -1.4966e+00 +3.5370e+00 +1.1778e+00 -2.0013e+00
1784 0 +3.192058437e-02 +5.215192058e+01 +5.215192058e+01 -2.2100e+00 -1.4966e+00 +3.5370e+00 +1.1778e+00 -1.9700e+00
1789 0 +3.127012889e-02 +5.215127013e+01 +5.215127013e+01 -2.2100e+00 -1.4966e+00 +3.5370e+00 +1.1465e+00 -1.9700e+00
1792 0 +2.654081579e-02 +5.214654082e+01 +5.214654082e+01 -2.2100e+00 -1.4966e+00 +3.5370e+00 +1.1465e+00 -1.9388e+00
1794 0 +2.194465158e-02 +5.214194465e+01 +5.214194465e+01 -2.1788e+00 -1.4966e+00 +3.5370e+00 +1.1465e+00 -1.9388e+00
1824 0 +1.841008151e-02 +5.213841008e+01 +5.213841008e+01 -2.1631e+00 -1.4966e+00 +3.5214e+00 +1.1465e+00 -1.9231e+00
1852 0 +1.707170839e-02 +5.213707171e+01 +5.213707171e+01 -2.1631e+00 -1.4888e+00 +3.5292e+00 +1.1465e+00 -1.9153e+00
1862 0 +1.556328562e-02 +5.213556329e+01 +5.213556329e+01 -2.1553e+00 -1.4810e+00 +3.5292e+00 +1.1465e+00 -1.9075e+00
1882 0 +1.368268118e-02 +5.213368268e+01 +5.213368268e+01 -2.1397e+00 -1.4731e+00 +3.5292e+00 +1.1465e+00 -1.8919e+00
1892 0 +1.177878019e-02 +5.213177878e+01 +5.213177878e+01 -2.1319e+00 -1.4731e+00 +3.5292e+00 +1.1387e+00 -1.8840e+00
1899 0 +1.114026236e-02 +5.213114026e+01 +5.213114026e+01 -2.1319e+00 -1.4653e+00 +3.5214e+00 +1.1309e+00 -1.8840e+00
1929 0 +9.793589788e-03 +5.212979359e+01 +5.212979359e+01 -2.1279e+00 -1.4614e+00 +3.5214e+00 +1.1270e+00 -1.8762e+00
1942 0 +8.646799581e-03 +5.212864680e+01 +5.212864680e+01 -2.1240e+00 -1.4614e+00 +3.5214e+00 +1.1231e+00 -1.8684e+00
1962 0 +7.428112703e-03 +5.212742811e+01 +5.212742811e+01 -2.1201e+00 -1.4614e+00 +3.5214e+00 +1.1153e+00 -1.8606e+00
1972 0 +6.917807099e-03 +5.212691781e+01 +5.212691781e+01 -2.1201e+00 -1.4575e+00 +3.5214e+00 +1.1113e+00 -1.8567e+00
1984 0 +6.308286916e-03 +5.212630829e+01 +5.212630829e+01 -2.1123e+00 -1.4614e+00 +3.5214e+00 +1.1074e+00 -1.8528e+00
2032 0 +5.496163089e-03 +5.212549616e+01 +5.212549616e+01 -2.1104e+00 -1.4634e+00 +3.5233e+00 +1.1016e+00 -1.8469e+00
2056 0 +4.990118921e-03 +5.212499012e+01 +5.212499012e+01 -2.1084e+00 -1.4614e+00 +3.5233e+00 +1.0977e+00 -1.8430e+00
2082 0 +4.463051192e-03 +5.212446305e+01 +5.212446305e+01 -2.1045e+00 -1.4614e+00 +3.5233e+00 +1.0938e+00 -1.8371e+00
2136 0 +3.969619599e-03 +5.212396962e+01 +5.212396962e+01 -2.0996e+00 -1.4595e+00 +3.5224e+00 +1.0908e+00 -1.8322e+00
2182 0 +3.524978535e-03 +5.212352498e+01 +5.212352498e+01 -2.0967e+00 -1.4585e+00 +3.5214e+00 +1.0869e+00 -1.8274e+00
2232 0 +3.102487628e-03 +5.212310249e+01 +5.212310249e+01 -2.0937e+00 -1.4565e+00 +3.5204e+00 +1.0830e+00 -1.8225e+00
2289 0 +2.817775764e-03 +5.212281778e+01 +5.212281778e+01 -2.0913e+00 -1.4570e+00 +3.5214e+00 +1.0796e+00 -1.8195e+00
2362 0 +2.508528073e-03 +5.212250853e+01 +5.212250853e+01 -2.0893e+00 -1.4565e+00 +3.5214e+00 +1.0762e+00 -1.8156e+00
2442 0 +2.215197020e-03 +5.212221520e+01 +5.212221520e+01 -2.0869e+00 -1.4570e+00 +3.5224e+00 +1.0723e+00 -1.8117e+00
2532 0 +1.976356034e-03 +5.212197636e+01 +5.212197636e+01 -2.0825e+00 -1.4565e+00 +3.5214e+00 +1.0703e+00 -1.8073e+00
2652 0 +1.773167855e-03 +5.212177317e+01 +5.212177317e+01 -2.0808e+00 -1.4558e+00 +3.5211e+00 +1.0674e+00 -1.8044e+00
2782 0 +1.577962726e-03 +5.212157796e+01 +5.212157796e+01 -2.0791e+00 -1.4556e+00 +3.5216e+00 +1.0642e+00 -1.8012e+00
2924 0 +1.410844611e-03 +5.212141084e+01 +5.212141084e+01 -2.0762e+00 -1.4546e+00 +3.5211e+00 +1.0622e+00 -1.7978e+00
3102 0 +1.258888792e-03 +5.212125889e+01 +5.212125889e+01 -2.0743e+00 -1.4543e+00 +3.5213e+00 +1.0596e+00 -1.7949e+00
3332 0 +1.121869107e-03 +5.212112187e+01 +5.212112187e+01 -2.0725e+00 -1.4548e+00 +3.5220e+00 +1.0567e+00 -1.7921e+00
3582 0 +9.993377642e-04 +5.212099934e+01 +5.212099934e+01 -2.0700e+00 -1.4538e+00 +3.5214e+00 +1.0549e+00 -1.7890e+00
3909 0 +8.910787144e-04 +5.212089108e+01 +5.212089108e+01 -2.0680e+00 -1.4543e+00 +3.5220e+00 +1.0525e+00 -1.7864e+00
4332 0 +7.934026379e-04 +5.212079340e+01 +5.212079340e+01 -2.0663e+00 -1.4542e+00 +3.5221e+00 +1.0503e+00 -1.7837e+00
4764 0 +7.076096132e-04 +5.212070761e+01 +5.212070761e+01 -2.0639e+00 -1.4544e+00 +3.5222e+00 +1.0486e+00 -1.7811e+00
5202 0 +6.308572173e-04 +5.212063086e+01 +5.212063086e+01 -2.0613e+00 -1.4539e+00 +3.5218e+00 +1.0474e+00 -1.7784e+00
5762 0 +5.621201603e-04 +5.212056212e+01 +5.212056212e+01 -2.0594e+00 -1.4535e+00 +3.5218e+00 +1.0457e+00 -1.7761e+00
6482 0 +5.010939843e-04 +5.212050109e+01 +5.212050109e+01 -2.0578e+00 -1.4536e+00 +3.5220e+00 +1.0439e+00 -1.7739e+00
7224 0 +4.463896695e-04 +5.212044639e+01 +5.212044639e+01 -2.0557e+00 -1.4535e+00 +3.5220e+00 +1.0426e+00 -1.7716e+00
7954 0 +3.980132095e-04 +5.212039801e+01 +5.212039801e+01 -2.0535e+00 -1.4534e+00 +3.5218e+00 +1.0415e+00 -1.7694e+00
9129 0 +3.547965975e-04 +5.212035480e+01 +5.212035480e+01 -2.0523e+00 -1.4535e+00 +3.5221e+00 +1.0397e+00 -1.7675e+00
10402 0 +3.160042499e-04 +5.212031600e+01 +5.212031600e+01 -2.0506e+00 -1.4534e+00 +3.5221e+00 +1.0385e+00 -1.7656e+00
11672 0 +2.817859571e-04 +5.212028179e+01 +5.212028179e+01 -2.0487e+00 -1.4533e+00 +3.5220e+00 +1.0375e+00 -1.7636e+00
13129 0 +2.511867159e-04 +5.212025119e+01 +5.212025119e+01 -2.0471e+00 -1.4531e+00 +3.5219e+00 +1.0365e+00 -1.7618e+00
15232 0 +2.238484561e-04 +5.212022385e+01 +5.212022385e+01 -2.0459e+00 -1.4534e+00 +3.5223e+00 +1.0350e+00 -1.7602e+00
17432 0 +1.994575339e-04 +5.212019946e+01 +5.212019946e+01 -2.0443e+00 -1.4533e+00 +3.5222e+00 +1.0341e+00 -1.7585e+00
19592 0 +1.777297629e-04 +5.212017773e+01 +5.212017773e+01 -2.0427e+00 -1.4532e+00 +3.5221e+00 +1.0333e+00 -1.7569e+00
22612 0 +1.584523142e-04 +5.212015845e+01 +5.212015845e+01 -2.0415e+00 -1.4533e+00 +3.5223e+00 +1.0322e+00 -1.7554e+00
26342 0 +1.412393585e-04 +5.212014124e+01 +5.212014124e+01 -2.0403e+00 -1.4534e+00 +3.5224e+00 +1.0312e+00 -1.7540e+00
30124 0 +1.258816792e-04 +5.212012588e+01 +5.212012588e+01 -2.0389e+00 -1.4533e+00 +3.5223e+00 +1.0305e+00 -1.7526e+00
33794 0 +1.121962127e-04 +5.212011220e+01 +5.212011220e+01 -2.0375e+00 -1.4533e+00 +3.5222e+00 +1.0298e+00 -1.7512e+00
39734 0 +9.999820824e-05 +5.212010000e+01 +5.212010000e+01 -2.0365e+00 -1.4536e+00 +3.5226e+00 +1.0288e+00 -1.7500e+00
46252 0 +8.911359453e-05 +5.212008911e+01 +5.212008911e+01 -2.0354e+00 -1.4536e+00 +3.5226e+00 +1.0281e+00 -1.7487e+00
50000 0 +8.337178752e-05 +5.212008337e+01 +5.212008337e+01 -2.0347e+00 -1.4535e+00 +3.5225e+00 +1.0277e+00 -1.7480e+00
% f evaluations | g evaluations | best noise-free fitness - Fopt (4.120000000000e+00) + sum g_i+ | measured fitness | best measured fitness or single-digit g-values | x1 | x2...
1 0 +1.791233429e+01 +2.203233429e+01 +2.203233429e+01 +0.0000e+00 +0.0000e+00 +0.0000e+00 +0.0000e+00 +0.0000e+00
36 0 +1.193970230e+01 +1.605970230e+01 +1.605970230e+01 +1.3839e+00 +1.5168e-01 -3.7521e-01 -1.9934e-02 -1.0121e+00
37 0 +1.121271474e+01 +1.533271474e+01 +1.533271474e+01 +3.9612e+00 +9.1297e-01 +7.7507e-02 +1.3232e+00 +5.4876e-01
38 0 +7.011756089e+00 +1.113175609e+01 +1.113175609e+01 +2.2105e+00 +3.0830e-01 -8.0168e-01 +7.3443e-01 -4.1741e-02
41 0 +5.901919198e+00 +1.002191920e+01 +1.002191920e+01 +4.5538e+00 -3.0835e-01 -3.8864e-01 -6.1741e-01 +4.6734e-01
42 0 +4.629906411e+00 +8.749906411e+00 +8.749906411e+00 +3.9930e+00 -1.0740e-01 -7.9189e-01 -7.7712e-01 +6.1322e-01
65 0 +3.991365082e+00 +8.111365082e+00 +8.111365082e+00 +2.7803e+00 -9.7011e-01 -1.5687e+00 -4.5553e-01 -5.0379e-02
140 0 +2.642932438e+00 +6.762932438e+00 +6.762932438e+00 +1.6249e+00 -3.0835e-01 -3.3176e+00 -6.1741e-01 +4.6734e-01
1666 0 +2.355399832e+00 +6.475399832e+00 +6.475399832e+00 +1.7338e+00 +1.0006e+00 -1.8093e+00 -1.1156e+00 +1.0006e+00
1667 0 +1.736414270e+00 +5.856414270e+00 +5.856414270e+00 +1.7338e+00 +1.0006e+00 -2.8099e+00 -1.1156e+00 +1.0006e+00
1670 0 +1.208483947e+00 +5.328483947e+00 +5.328483947e+00 +1.7338e+00 +1.0006e+00 -2.8099e+00 -1.1492e-01 +1.0006e+00
1672 0 +9.105289035e-01 +5.030528904e+00 +5.030528904e+00 +1.7338e+00 +1.0006e+00 -2.8099e+00 -1.1492e-01 +2.0013e+00
1676 0 +6.496905844e-01 +4.769690584e+00 +4.769690584e+00 +1.7338e+00 +2.0013e+00 -2.8099e+00 -1.1492e-01 +2.0013e+00
1677 0 +2.536396444e-01 +4.373639644e+00 +4.373639644e+00 +1.7338e+00 +2.0013e+00 -3.8106e+00 -1.1492e-01 +2.0013e+00
1694 0 +1.859177382e-01 +4.305917738e+00 +4.305917738e+00 +2.2341e+00 +2.0013e+00 -3.8106e+00 -1.1492e-01 +2.0013e+00
1698 0 +1.646297284e-01 +4.284629728e+00 +4.284629728e+00 +2.2341e+00 +2.0013e+00 -3.3103e+00 -1.1492e-01 +2.0013e+00
1713 0 +1.340096861e-01 +4.254009686e+00 +4.254009686e+00 +1.9840e+00 +2.0013e+00 -3.3103e+00 -1.1492e-01 +2.0013e+00
1717 0 +1.086651738e-01 +4.228665174e+00 +4.228665174e+00 +1.9840e+00 +2.0013e+00 -3.5604e+00 -1.1492e-01 +2.0013e+00
1740 0 +7.694212080e-02 +4.196942121e+00 +4.196942121e+00 +1.9840e+00 +2.0013e+00 -3.5604e+00 -2.4000e-01 +2.0013e+00
1741 0 +4.158392793e-02 +4.161583928e+00 +4.161583928e+00 +1.9840e+00 +2.0013e+00 -3.5604e+00 -2.4000e-01 +1.8762e+00
1760 0 +2.834782585e-02 +4.148347826e+00 +4.148347826e+00 +1.9840e+00 +2.0013e+00 -3.5604e+00 -1.7746e-01 +1.8762e+00
1761 0 +2.243298133e-02 +4.142432981e+00 +4.142432981e+00 +1.9840e+00 +2.0013e+00 -3.5604e+00 -1.7746e-01 +1.8137e+00
1770 0 +2.118026668e-02 +4.141180267e+00 +4.141180267e+00 +1.9840e+00 +2.0013e+00 -3.5604e+00 -1.1492e-01 +1.8137e+00
1771 0 +1.019886581e-02 +4.130198866e+00 +4.130198866e+00 +1.9840e+00 +2.0013e+00 -3.5604e+00 -1.1492e-01 +1.7511e+00
1787 0 +9.024109309e-03 +4.129024109e+00 +4.129024109e+00 +1.9840e+00 +2.0013e+00 -3.5917e+00 -1.1492e-01 +1.7511e+00
1794 0 +6.907562442e-03 +4.126907562e+00 +4.126907562e+00 +2.0152e+00 +2.0013e+00 -3.5917e+00 -1.1492e-01 +1.7511e+00
1851 0 +6.186776144e-03 +4.126186776e+00 +4.126186776e+00 +2.0074e+00 +2.0013e+00 -3.5917e+00 -1.1101e-01 +1.7472e+00
1880 0 +5.574202084e-03 +4.125574202e+00 +4.125574202e+00 +2.0074e+00 +2.0013e+00 -3.5897e+00 -1.0515e-01 +1.7433e+00
1910 0 +4.923669137e-03 +4.124923669e+00 +4.124923669e+00 +2.0035e+00 +2.0013e+00 -3.5858e+00 -9.9285e-02 +1.7375e+00
1941 0 +4.390884559e-03 +4.124390885e+00 +4.124390885e+00 +2.0035e+00 +2.0013e+00 -3.5839e+00 -9.3421e-02 +1.7316e+00
1970 0 +3.920457023e-03 +4.123920457e+00 +4.123920457e+00 +2.0016e+00 +2.0013e+00 -3.5800e+00 -8.7558e-02 +1.7277e+00
2020 0 +3.538658892e-03 +4.123538659e+00 +4.123538659e+00 +1.9986e+00 +2.0013e+00 -3.5780e+00 -8.2672e-02 +1.7218e+00
2073 0 +3.161631185e-03 +4.123161631e+00 +4.123161631e+00 +1.9957e+00 +2.0003e+00 -3.5761e+00 -7.7786e-02 +1.7169e+00
2140 0 +2.814279788e-03 +4.122814280e+00 +4.122814280e+00 +1.9947e+00 +2.0003e+00 -3.5741e+00 -7.0946e-02 +1.7111e+00
2221 0 +2.505686423e-03 +4.122505686e+00 +4.122505686e+00 +1.9933e+00 +1.9989e+00 -3.5736e+00 -6.6549e-02 +1.7067e+00
2310 0 +2.225425403e-03 +4.122225425e+00 +4.122225425e+00 +1.9898e+00 +1.9959e+00 -3.5751e+00 -6.2151e-02 +1.7037e+00
2400 0 +1.986185495e-03 +4.121986185e+00 +4.121986185e+00 +1.9879e+00 +1.9940e+00 -3.5746e+00 -5.7754e-02 +1.7013e+00
2488 0 +1.775714291e-03 +4.121775714e+00 +4.121775714e+00 +1.9854e+00 +1.9925e+00 -3.5731e+00 -5.3845e-02 +1.6984e+00
2570 0 +1.581970323e-03 +4.121581970e+00 +4.121581970e+00 +1.9835e+00 +1.9915e+00 -3.5712e+00 -4.9448e-02 +1.6959e+00
2715 0 +1.410250837e-03 +4.121410251e+00 +4.121410251e+00 +1.9805e+00 +1.9896e+00 -3.5702e+00 -4.6027e-02 +1.6940e+00
2845 0 +1.256631969e-03 +4.121256632e+00 +4.121256632e+00 +1.9784e+00 +1.9871e+00 -3.5697e+00 -4.2852e-02 +1.6935e+00
2965 0 +1.120736452e-03 +4.121120736e+00 +4.121120736e+00 +1.9759e+00 +1.9847e+00 -3.5692e+00 -3.9920e-02 +1.6932e+00
3123 0 +9.999324619e-04 +4.120999932e+00 +4.120999932e+00 +1.9735e+00 +1.9835e+00 -3.5675e+00 -3.6988e-02 +1.6923e+00
3300 0 +8.896440316e-04 +4.120889644e+00 +4.120889644e+00 +1.9713e+00 +1.9825e+00 -3.5651e+00 -3.4545e-02 +1.6920e+00
3461 0 +7.934667866e-04 +4.120793467e+00 +4.120793467e+00 +1.9693e+00 +1.9822e+00 -3.5619e+00 -3.2347e-02 +1.6913e+00
3725 0 +7.073166003e-04 +4.120707317e+00 +4.120707317e+00 +1.9672e+00 +1.9810e+00 -3.5604e+00 -2.9415e-02 +1.6899e+00
3930 0 +6.303134141e-04 +4.120630313e+00 +4.120630313e+00 +1.9653e+00 +1.9791e+00 -3.5599e+00 -2.6850e-02 +1.6897e+00
4193 0 +5.616070637e-04 +4.120561607e+00 +4.120561607e+00 +1.9634e+00 +1.9786e+00 -3.5575e+00 -2.5140e-02 +1.6896e+00
4520 0 +5.007130421e-04 +4.120500713e+00 +4.120500713e+00 +1.9614e+00 +1.9783e+00 -3.5552e+00 -2.2880e-02 +1.6884e+00
4910 0 +4.462013112e-04 +4.120446201e+00 +4.120446201e+00 +1.9595e+00 +1.9765e+00 -3.5548e+00 -2.0681e-02 +1.6881e+00
5350 0 +3.974624689e-04 +4.120397462e+00 +4.120397462e+00 +1.9578e+00 +1.9750e+00 -3.5539e+00 -1.8788e-02 +1.6881e+00
5798 0 +3.542264661e-04 +4.120354226e+00 +4.120354226e+00 +1.9564e+00 +1.9749e+00 -3.5515e+00 -1.7383e-02 +1.6880e+00
6378 0 +3.160900035e-04 +4.120316090e+00 +4.120316090e+00 +1.9545e+00 +1.9745e+00 -3.5497e+00 -1.5490e-02 +1.6869e+00
7080 0 +2.815927569e-04 +4.120281593e+00 +4.120281593e+00 +1.9529e+00 +1.9731e+00 -3.5493e+00 -1.3627e-02 +1.6867e+00
7868 0 +2.510377917e-04 +4.120251038e+00 +4.120251038e+00 +1.9515e+00 +1.9722e+00 -3.5481e+00 -1.2161e-02 +1.6866e+00
8723 0 +2.237866189e-04 +4.120223787e+00 +4.120223787e+00 +1.9499e+00 +1.9720e+00 -3.5463e+00 -1.0757e-02 +1.6861e+00
9840 0 +1.994352456e-04 +4.120199435e+00 +4.120199435e+00 +1.9485e+00 +1.9706e+00 -3.5461e+00 -9.1230e-03 +1.6860e+00
10925 0 +1.776870444e-04 +4.120177687e+00 +4.120177687e+00 +1.9469e+00 +1.9689e+00 -3.5461e+00 -7.4740e-03 +1.6860e+00
12118 0 +1.583284192e-04 +4.120158328e+00 +4.120158328e+00 +1.9453e+00 +1.9672e+00 -3.5459e+00 -5.7334e-03 +1.6860e+00
13150 0 +1.412466498e-04 +4.120141247e+00 +4.120141247e+00 +1.9444e+00 +1.9669e+00 -3.5447e+00 -4.7867e-03 +1.6860e+00
14240 0 +1.258723176e-04 +4.120125872e+00 +4.120125872e+00 +1.9434e+00 +1.9669e+00 -3.5432e+00 -4.0843e-03 +1.6860e+00
16058 0 +1.122008095e-04 +4.120112201e+00 +4.120112201e+00 +1.9421e+00 +1.9668e+00 -3.5417e+00 -3.3362e-03 +1.6859e+00
18820 0 +9.998761943e-05 +4.120099988e+00 +4.120099988e+00 +1.9410e+00 +1.9664e+00 -3.5406e+00 -2.1261e-03 +1.6855e+00
21915 0 +8.910432366e-05 +4.120089104e+00 +4.120089104e+00 +1.9399e+00 +1.9652e+00 -3.5406e+00 -9.4663e-04 +1.6854e+00
25105 0 +7.942213107e-05 +4.120079422e+00 +4.120079422e+00 +1.9387e+00 +1.9641e+00 -3.5405e+00 +2.7105e-04 +1.6853e+00
28585 0 +7.079429299e-05 +4.120070794e+00 +4.120070794e+00 +1.9374e+00 +1.9628e+00 -3.5405e+00 +1.5651e-03 +1.6853e+00
31768 0 +6.309125190e-05 +4.120063091e+00 +4.120063091e+00 +1.9365e+00 +1.9622e+00 -3.5399e+00 +2.4125e-03 +1.6854e+00
34728 0 +5.623292672e-05 +4.120056233e+00 +4.120056233e+00 +1.9358e+00 +1.9621e+00 -3.5389e+00 +3.0309e-03 +1.6854e+00
38473 0 +5.011067458e-05 +4.120050111e+00 +4.120050111e+00 +1.9349e+00 +1.9621e+00 -3.5378e+00 +3.4469e-03 +1.6854e+00
46340 0 +4.466581528e-05 +4.120044666e+00 +4.120044666e+00 +1.9340e+00 +1.9618e+00 -3.5368e+00 +4.3058e-03 +1.6851e+00
50000 0 +4.271098347e-05 +4.120042711e+00 +4.120042711e+00 +1.9337e+00 +1.9615e+00 -3.5368e+00 +4.6627e-03 +1.6851e+00
% f evaluations | g evaluations | best noise-free fitness - Fopt (-2.150000000000e+01) + sum g_i+ | measured fitness | best measured fitness or single-digit g-values | x1 | x2...
1 0 +3.029055002e+00 -1.847094500e+01 -1.847094500e+01 +0.0000e+00 +0.0000e+00 +0.0000e+00 +0.0000e+00 +0.0000e+00
10 0 +2.360338062e+00 -1.913966194e+01 -1.913966194e+01 -1.9226e+00 +7.3542e-01 -9.0108e-01 +3.1434e-01 +1.5799e-01
115 0 +2.011495865e+00 -1.948850414e+01 -1.948850414e+01 -1.2322e+00 +1.8342e+00 -8.8814e-01 +4.8023e-01 +1.3758e-01
120 0 +1.995001479e+00 -1.950499852e+01 -1.950499852e+01 -5.3293e-01 +2.4418e+00 -3.6726e-01 +1.4723e-01 -3.3346e-01
131 0 +7.205642256e-01 -2.077943577e+01 -2.077943577e+01 -1.4860e-01 +1.9588e+00 -1.5687e+00 -4.5553e-01 -5.0379e-02
1659 0 +3.316640414e-01 -2.116833596e+01 -2.116833596e+01 -7.3316e-01 +2.1162e+00 -1.8093e+00 -1.0006e+00 +0.0000e+00
1674 0 +2.824242046e-01 -2.121757580e+01 -2.121757580e+01 -2.3283e-01 +2.1162e+00 -1.8093e+00 -1.0006e+00 +0.0000e+00
1681 0 +1.749057237e-01 -2.132509428e+01 -2.132509428e+01 -2.3283e-01 +2.1162e+00 -1.8093e+00 -1.0006e+00 -5.0032e-01
1706 0 +1.288819940e-01 -2.137111801e+01 -2.137111801e+01 -2.3283e-01 +1.8661e+00 -1.8093e+00 -1.0006e+00 -5.0032e-01
1713 0 +1.000560666e-01 -2.139994393e+01 -2.139994393e+01 -4.8300e-01 +1.8661e+00 -1.8093e+00 -1.0006e+00 -7.5049e-01
1734 0 +9.504212061e-02 -2.140495788e+01 -2.140495788e+01 -3.5791e-01 +1.8661e+00 -1.8093e+00 -1.0006e+00 -7.5049e-01
1742 0 +8.165156812e-02 -2.141834843e+01 -2.141834843e+01 -3.5791e-01 +1.8661e+00 -1.8093e+00 -1.0006e+00 -6.2541e-01
1747 0 +5.008410737e-02 -2.144991589e+01 -2.144991589e+01 -3.5791e-01 +1.8661e+00 -1.9344e+00 -1.0006e+00 -6.2541e-01
1752 0 +3.602208075e-02 -2.146397792e+01 -2.146397792e+01 -3.5791e-01 +1.8661e+00 -1.9344e+00 -1.0006e+00 -5.0032e-01
1763 0 +3.000963246e-02 -2.146999037e+01 -2.146999037e+01 -4.2045e-01 +1.8661e+00 -1.9344e+00 -1.0006e+00 -5.0032e-01
1771 0 +2.521776933e-02 -2.147478223e+01 -2.147478223e+01 -4.2045e-01 +1.8661e+00 -1.9969e+00 -9.3811e-01 -5.6287e-01
1773 0 +2.068619249e-02 -2.147931381e+01 -2.147931381e+01 -4.8300e-01 +1.8661e+00 -1.9969e+00 -9.3811e-01 -5.6287e-01
1797 0 +1.648040686e-02 -2.148351959e+01 -2.148351959e+01 -4.8300e-01 +1.8348e+00 -2.0282e+00 -9.3811e-01 -5.6287e-01
1802 0 +1.418644503e-02 -2.148581355e+01 -2.148581355e+01 -4.8300e-01 +1.8348e+00 -2.0282e+00 -9.3811e-01 -5.3159e-01
1813 0 +1.357173577e-02 -2.148642826e+01 -2.148642826e+01 -4.9863e-01 +1.8348e+00 -2.0282e+00 -9.3811e-01 -5.3159e-01
1819 0 +1.095744131e-02 -2.148904256e+01 -2.148904256e+01 -4.9863e-01 +1.8348e+00 -2.0282e+00 -9.5374e-01 -5.3159e-01
1829 0 +8.980901853e-03 -2.149101910e+01 -2.149101910e+01 -5.1427e-01 +1.8348e+00 -2.0282e+00 -9.6938e-01 -5.1596e-01
1832 0 +7.318680069e-03 -2.149268132e+01 -2.149268132e+01 -5.1427e-01 +1.8348e+00 -2.0282e+00 -9.6938e-01 -5.0032e-01
1835 0 +6.608165339e-03 -2.149339183e+01 -2.149339183e+01 -5.1427e-01 +1.8192e+00 -2.0282e+00 -9.6938e-01 -5.0032e-01
1843 0 +5.549044972e-03 -2.149445096e+01 -2.149445096e+01 -5.2990e-01 +1.8192e+00 -2.0282e+00 -9.6938e-01 -5.1596e-01
1882 0 +5.002489124e-03 -2.149499751e+01 -2.149499751e+01 -5.2990e-01 +1.8152e+00 -2.0321e+00 -9.6938e-01 -5.1205e-01
1892 0 +4.388160612e-03 -2.149561184e+01 -2.149561184e+01 -5.2990e-01 +1.8113e+00 -2.0321e+00 -9.7329e-01 -5.0814e-01
1902 0 +3.916498942e-03 -2.149608350e+01 -2.149608350e+01 -5.3381e-01 +1.8113e+00 -2.0321e+00 -9.7720e-01 -5.0423e-01
1912 0 +3.460792975e-03 -2.149653921e+01 -2.149653921e+01 -5.3772e-01 +1.8074e+00 -2.0360e+00 -9.7720e-01 -5.0032e-01
1947 0 +3.141237932e-03 -2.149685876e+01 -2.149685876e+01 -5.4358e-01 +1.8055e+00 -2.0399e+00 -9.7720e-01 -4.9837e-01
1969 0 +2.784782528e-03 -2.149721522e+01 -2.149721522e+01 -5.4749e-01 +1.8035e+00 -2.0419e+00 -9.7915e-01 -4.9446e-01
1983 0 +2.456275161e-03 -2.149754372e+01 -2.149754372e+01 -5.5140e-01 +1.8016e+00 -2.0438e+00 -9.7915e-01 -4.9055e-01
2037 0 +2.233517625e-03 -2.149776648e+01 -2.149776648e+01 -5.5433e-01 +1.7986e+00 -2.0477e+00 -9.7915e-01 -4.8762e-01
2062 0 +1.994998233e-03 -2.149800500e+01 -2.149800500e+01 -5.5629e-01 +1.7977e+00 -2.0477e+00 -9.8111e-01 -4.8469e-01
2092 0 +1.757114167e-03 -2.149824289e+01 -2.149824289e+01 -5.5922e-01 +1.7967e+00 -2.0487e+00 -9.8306e-01 -4.8176e-01
2112 0 +1.573780631e-03 -2.149842622e+01 -2.149842622e+01 -5.6117e-01 +1.7957e+00 -2.0487e+00 -9.8501e-01 -4.7980e-01
2132 0 +1.411763943e-03 -2.149858824e+01 -2.149858824e+01 -5.6313e-01 +1.7947e+00 -2.0487e+00 -9.8697e-01 -4.7785e-01
2199 0 +1.258901074e-03 -2.149874110e+01 -2.149874110e+01 -5.6606e-01 +1.7933e+00 -2.0502e+00 -9.8795e-01 -4.7589e-01
2243 0 +1.119838373e-03 -2.149888016e+01 -2.149888016e+01 -5.6850e-01 +1.7918e+00 -2.0512e+00 -9.8892e-01 -4.7345e-01
2302 0 +9.863292883e-04 -2.149901367e+01 -2.149901367e+01 -5.7094e-01 +1.7903e+00 -2.0516e+00 -9.9039e-01 -4.7247e-01
2382 0 +8.879360428e-04 -2.149911206e+01 -2.149911206e+01 -5.7387e-01 +1.7891e+00 -2.0519e+00 -9.9137e-01 -4.7272e-01
2472 0 +7.917047455e-04 -2.149920830e+01 -2.149920830e+01 -5.7607e-01 +1.7871e+00 -2.0541e+00 -9.9088e-01 -4.7150e-01
2632 0 +7.063977350e-04 -2.149929360e+01 -2.149929360e+01 -5.7852e-01 +1.7856e+00 -2.0560e+00 -9.9063e-01 -4.7028e-01
2792 0 +6.308356099e-04 -2.149936916e+01 -2.149936916e+01 -5.8047e-01 +1.7841e+00 -2.0574e+00 -9.9124e-01 -4.6832e-01
2993 0 +5.610035277e-04 -2.149943900e+01 -2.149943900e+01 -5.8304e-01 +1.7829e+00 -2.0584e+00 -9.9161e-01 -4.6783e-01
3297 0 +5.010226637e-04 -2.149949898e+01 -2.149949898e+01 -5.8554e-01 +1.7821e+00 -2.0600e+00 -9.9149e-01 -4.6673e-01
3623 0 +4.459802589e-04 -2.149955402e+01 -2.149955402e+01 -5.8756e-01 +1.7810e+00 -2.0614e+00 -9.9185e-01 -4.6496e-01
4023 0 +3.975087226e-04 -2.149960249e+01 -2.149960249e+01 -5.9000e-01 +1.7803e+00 -2.0627e+00 -9.9179e-01 -4.6417e-01
4497 0 +3.545413751e-04 -2.149964546e+01 -2.149964546e+01 -5.9266e-01 +1.7796e+00 -2.0642e+00 -9.9124e-01 -4.6423e-01
5013 0 +3.159557995e-04 -2.149968404e+01 -2.149968404e+01 -5.9424e-01 +1.7784e+00 -2.0656e+00 -9.9134e-01 -4.6270e-01
5683 0 +2.816268386e-04 -2.149971837e+01 -2.149971837e+01 -5.9629e-01 +1.7778e+00 -2.0667e+00 -9.9152e-01 -4.6163e-01
6482 0 +2.511754657e-04 -2.149974882e+01 -2.149974882e+01 -5.9838e-01 +1.7772e+00 -2.0679e+00 -9.9134e-01 -4.6107e-01
7492 0 +2.238359575e-04 -2.149977616e+01 -2.149977616e+01 -5.9992e-01 +1.7763e+00 -2.0692e+00 -9.9138e-01 -4.5974e-01
8757 0 +1.995137619e-04 -2.149980049e+01 -2.149980049e+01 -6.0186e-01 +1.7758e+00 -2.0703e+00 -9.9130e-01 -4.5902e-01
10132 0 +1.778033843e-04 -2.149982220e+01 -2.149982220e+01 -6.0395e-01 +1.7755e+00 -2.0716e+00 -9.9086e-01 -4.5881e-01
11713 0 +1.584877025e-04 -2.149984151e+01 -2.149984151e+01 -6.0530e-01 +1.7746e+00 -2.0727e+00 -9.9079e-01 -4.5778e-01
13807 0 +1.412247436e-04 -2.149985878e+01 -2.149985878e+01 -6.0689e-01 +1.7744e+00 -2.0740e+00 -9.9045e-01 -4.5682e-01
15993 0 +1.258916852e-04 -2.149987411e+01 -2.149987411e+01 -6.0857e-01 +1.7739e+00 -2.0751e+00 -9.9020e-01 -4.5639e-01
18467 0 +1.121953373e-04 -2.149988780e+01 -2.149988780e+01 -6.1024e-01 +1.7736e+00 -2.0761e+00 -9.8983e-01 -4.5609e-01
21472 0 +9.999623321e-05 -2.149990000e+01 -2.149990000e+01 -6.1138e-01 +1.7729e+00 -2.0772e+00 -9.8969e-01 -4.5516e-01
25103 0 +8.912214898e-05 -2.149991088e+01 -2.149991088e+01 -6.1277e-01 +1.7727e+00 -2.0782e+00 -9.8949e-01 -4.5439e-01
29007 0 +7.942219211e-05 -2.149992058e+01 -2.149992058e+01 -6.1426e-01 +1.7724e+00 -2.0791e+00 -9.8916e-01 -4.5423e-01
33452 0 +7.079254767e-05 -2.149992921e+01 -2.149992921e+01 -6.1543e-01 +1.7719e+00 -2.0800e+00 -9.8898e-01 -4.5370e-01
39643 0 +6.309517693e-05 -2.149993690e+01 -2.149993690e+01 -6.1661e-01 +1.7716e+00 -2.0810e+00 -9.8872e-01 -4.5299e-01
45903 0 +5.623055723e-05 -2.149994377e+01 -2.149994377e+01 -6.1781e-01 +1.7714e+00 -2.0818e+00 -9.8854e-01 -4.5251e-01
50000 0 +5.249660698e-05 -2.149994750e+01 -2.149994750e+01 -6.1859e-01 +1.7712e+00 -2.0823e+00 -9.8833e-01 -4.5247e-01
% f evaluations | g evaluations | best noise-free fitness - Fopt (1.415000000000e+01) + sum g_i+ | measured fitness | best measured fitness or single-digit g-values | x1 | x2...
1 0 +9.789551222e+01 +1.120455122e+02 +1.120455122e+02 +0.0000e+00 +0.0000e+00 +0.0000e+00 +0.0000e+00 +0.0000e+00
35 0 +1.723162536e+01 +3.138162536e+01 +3.138162536e+01 +3.1393e+00 -7.1789e-01 +5.1803e-01 +6.4926e-01 -1.3468e+00
37 0 +1.351275197e+01 +2.766275197e+01 +2.766275197e+01 +3.9612e+00 +9.1297e-01 +7.7507e-02 +1.3232e+00 +5.4876e-01
41 0 +4.228053479e+00 +1.837805348e+01 +1.837805348e+01 +4.5538e+00 -3.0835e-01 -3.8864e-01 -6.1741e-01 +4.6734e-01
42 0 +3.226066496e+00 +1.737606650e+01 +1.737606650e+01 +3.9930e+00 -1.0740e-01 -7.9189e-01 -7.7712e-01 +6.1322e-01
57 0 +2.155433043e+00 +1.630543304e+01 +1.630543304e+01 +3.4111e+00 +2.6386e-01 -6.5944e-01 -1.6050e+00 +8.0055e-02
1669 0 +1.003057635e+00 +1.515305763e+01 +1.515305763e+01 +3.6580e+00 -1.0006e+00 -1.0006e+00 -2.0013e+00 +1.0006e+00
1671 0 +8.151078307e-01 +1.496510783e+01 +1.496510783e+01 +3.6580e+00 -1.0006e+00 -1.0006e+00 -2.0013e+00 +0.0000e+00
1679 0 +3.274798106e-01 +1.447747981e+01 +1.447747981e+01 +3.6580e+00 -1.0006e+00 -1.0006e+00 -3.0019e+00 +0.0000e+00
1682 0 +3.086114640e-01 +1.445861146e+01 +1.445861146e+01 +3.6580e+00 -1.0006e+00 -1.0006e+00 -3.0019e+00 +1.0006e+00
1701 0 +1.216253166e-01 +1.427162532e+01 +1.427162532e+01 +3.6580e+00 -1.0006e+00 -1.0006e+00 -3.0019e+00 +5.0032e-01
1714 0 +1.048083620e-01 +1.425480836e+01 +1.425480836e+01 +3.9082e+00 -1.0006e+00 -1.0006e+00 -3.0019e+00 +5.0032e-01
1716 0 +5.532566259e-02 +1.420532566e+01 +1.420532566e+01 +3.9082e+00 -7.5049e-01 -1.0006e+00 -3.0019e+00 +5.0032e-01
1723 0 +2.122443997e-02 +1.417122444e+01 +1.417122444e+01 +3.6580e+00 -7.5049e-01 -1.0006e+00 -3.0019e+00 +5.0032e-01
1743 0 +1.099516072e-02 +1.416099516e+01 +1.416099516e+01 +3.5329e+00 -7.5049e-01 -1.0006e+00 -3.0019e+00 +5.0032e-01
1780 0 +8.472196592e-03 +1.415847220e+01 +1.415847220e+01 +3.5329e+00 -7.5049e-01 -1.0006e+00 -2.9707e+00 +5.0032e-01
1784 0 +4.787022853e-03 +1.415478702e+01 +1.415478702e+01 +3.5642e+00 -7.5049e-01 -1.0006e+00 -2.9707e+00 +5.0032e-01
1794 0 +2.760886910e-03 +1.415276089e+01 +1.415276089e+01 +3.5955e+00 -7.5049e-01 -1.0006e+00 -2.9707e+00 +5.0032e-01
1821 0 +2.184069819e-03 +1.415218407e+01 +1.415218407e+01 +3.5955e+00 -7.5049e-01 -1.0006e+00 -2.9707e+00 +4.8469e-01
1824 0 +1.807520746e-03 +1.415180752e+01 +1.415180752e+01 +3.6111e+00 -7.5049e-01 -1.0006e+00 -2.9707e+00 +4.8469e-01
1843 0 +1.742265833e-03 +1.415174227e+01 +1.415174227e+01 +3.6033e+00 -7.5049e-01 -1.0006e+00 -2.9707e+00 +4.8469e-01
1920 0 +1.512885516e-03 +1.415151289e+01 +1.415151289e+01 +3.6101e+00 -7.5049e-01 -1.0006e+00 -2.9697e+00 +4.8078e-01
1954 0 +1.406259954e-03 +1.415140626e+01 +1.415140626e+01 +3.6140e+00 -7.5049e-01 -1.0006e+00 -2.9687e+00 +4.8078e-01
2074 0 +1.256803742e-03 +1.415125680e+01 +1.415125680e+01 +3.6219e+00 -7.5000e-01 -1.0011e+00 -2.9668e+00 +4.7980e-01
2247 0 +1.117772988e-03 +1.415111777e+01 +1.415111777e+01 +3.6272e+00 -7.4780e-01 -1.0033e+00 -2.9665e+00 +4.7834e-01
2351 0 +9.996478681e-04 +1.415099965e+01 +1.415099965e+01 +3.6294e+00 -7.4536e-01 -1.0058e+00 -2.9670e+00 +4.7834e-01
2556 0 +8.890514760e-04 +1.415088905e+01 +1.415088905e+01 +3.6325e+00 -7.4291e-01 -1.0081e+00 -2.9673e+00 +4.7760e-01
2737 0 +7.940169413e-04 +1.415079402e+01 +1.415079402e+01 +3.6343e+00 -7.4071e-01 -1.0104e+00 -2.9676e+00 +4.7760e-01
2917 0 +7.078375782e-04 +1.415070784e+01 +1.415070784e+01 +3.6362e+00 -7.3852e-01 -1.0126e+00 -2.9680e+00 +4.7748e-01
3096 0 +6.303019333e-04 +1.415063030e+01 +1.415063030e+01 +3.6376e+00 -7.3632e-01 -1.0147e+00 -2.9685e+00 +4.7748e-01
3396 0 +5.617742204e-04 +1.415056177e+01 +1.415056177e+01 +3.6393e+00 -7.3442e-01 -1.0167e+00 -2.9689e+00 +4.7699e-01
3706 0 +5.009088559e-04 +1.415050091e+01 +1.415050091e+01 +3.6405e+00 -7.3253e-01 -1.0185e+00 -2.9693e+00 +4.7699e-01
3997 0 +4.466703580e-04 +1.415044667e+01 +1.415044667e+01 +3.6416e+00 -7.3076e-01 -1.0204e+00 -2.9698e+00 +4.7693e-01
4296 0 +3.980284952e-04 +1.415039803e+01 +1.415039803e+01 +3.6426e+00 -7.2899e-01 -1.0221e+00 -2.9702e+00 +4.7687e-01
4807 0 +3.545170286e-04 +1.415035452e+01 +1.415035452e+01 +3.6439e+00 -7.2740e-01 -1.0237e+00 -2.9706e+00 +4.7663e-01
5317 0 +3.161365341e-04 +1.415031614e+01 +1.415031614e+01 +3.6448e+00 -7.2584e-01 -1.0253e+00 -2.9709e+00 +4.7660e-01
5807 0 +2.816026004e-04 +1.415028160e+01 +1.415028160e+01 +3.6457e+00 -7.2435e-01 -1.0268e+00 -2.9713e+00 +4.7660e-01
6341 0 +2.511552532e-04 +1.415025116e+01 +1.415025116e+01 +3.6467e+00 -7.2294e-01 -1.0282e+00 -2.9716e+00 +4.7651e-01
7254 0 +2.238686072e-04 +1.415022387e+01 +1.415022387e+01 +3.6477e+00 -7.2160e-01 -1.0295e+00 -2.9719e+00 +4.7638e-01
8097 0 +1.994144976e-04 +1.415019941e+01 +1.415019941e+01 +3.6484e+00 -7.2030e-01 -1.0308e+00 -2.9722e+00 +4.7641e-01
8903 0 +1.778265195e-04 +1.415017783e+01 +1.415017783e+01 +3.6490e+00 -7.1908e-01 -1.0321e+00 -2.9725e+00 +4.7638e-01
9856 0 +1.584839115e-04 +1.415015848e+01 +1.415015848e+01 +3.6498e+00 -7.1790e-01 -1.0332e+00 -2.9728e+00 +4.7625e-01
11367 0 +1.412205856e-04 +1.415014122e+01 +1.415014122e+01 +3.6505e+00 -7.1680e-01 -1.0343e+00 -2.9730e+00 +4.7623e-01
12767 0 +1.258697980e-04 +1.415012587e+01 +1.415012587e+01 +3.6510e+00 -7.1573e-01 -1.0354e+00 -2.9733e+00 +4.7625e-01
14107 0 +1.121773949e-04 +1.415011218e+01 +1.415011218e+01 +3.6515e+00 -7.1470e-01 -1.0364e+00 -2.9736e+00 +4.7627e-01
15887 0 +9.999130360e-05 +1.415009999e+01 +1.415009999e+01 +3.6522e+00 -7.1374e-01 -1.0374e+00 -2.9738e+00 +4.7613e-01
18346 0 +8.912073219e-05 +1.415008912e+01 +1.415008912e+01 +3.6527e+00 -7.1280e-01 -1.0383e+00 -2.9740e+00 +4.7614e-01
20716 0 +7.941869894e-05 +1.415007942e+01 +1.415007942e+01 +3.6531e+00 -7.1190e-01 -1.0392e+00 -2.9743e+00 +4.7617e-01
22997 0 +7.079233188e-05 +1.415007079e+01 +1.415007079e+01 +3.6535e+00 -7.1102e-01 -1.0401e+00 -2.9745e+00 +4.7618e-01
26107 0 +6.309422237e-05 +1.415006309e+01 +1.415006309e+01 +3.6540e+00 -7.1018e-01 -1.0410e+00 -2.9747e+00 +4.7613e-01
30486 0 +5.623175591e-05 +1.415005623e+01 +1.415005623e+01 +3.6544e+00 -7.0934e-01 -1.0418e+00 -2.9750e+00 +4.7616e-01
34846 0 +5.011814372e-05 +1.415005012e+01 +1.415005012e+01 +3.6547e+00 -7.0851e-01 -1.0426e+00 -2.9752e+00 +4.7619e-01
39286 0 +4.466827499e-05 +1.415004467e+01 +1.415004467e+01 +3.6549e+00 -7.0766e-01 -1.0435e+00 -2.9754e+00 +4.7624e-01
45206 0 +3.980684199e-05 +1.415003981e+01 +1.415003981e+01 +3.6552e+00 -7.0680e-01 -1.0443e+00 -2.9756e+00 +4.7622e-01
50000 0 +3.697802035e-05 +1.415003698e+01 +1.415003698e+01 +3.6549e+00 -7.0634e-01 -1.0445e+00 -2.9755e+00 +4.7614e-01
% f evaluations | g evaluations | best noise-free fitness - Fopt (-1.348000000000e+01) + sum g_i+ | measured fitness | best measured fitness or single-digit g-values | x1 | x2...
1 0 +2.257578167e+01 +9.095781665e+00 +9.095781665e+00 +0.0000e+00 +0.0000e+00 +0.0000e+00 +0.0000e+00 +0.0000e+00
19 0 +2.135623665e+01 +7.876236645e+00 +7.876236645e+00 -1.9219e+00 -9.7069e-01 +2.5837e-02 +9.9415e-01 +9.2340e-01
40 0 +1.553128002e+01 +2.051280016e+00 +2.051280016e+00 +2.1718e+00 +1.1446e+00 +7.8578e-01 +8.8747e-01 +9.2636e-01
73 0 +1.069350113e+01 -2.786498872e+00 -2.786498872e+00 -7.5716e-01 -1.7844e+00 +7.8578e-01 +8.8747e-01 +9.2636e-01
169 0 +7.829920270e+00 -5.650079730e+00 -5.650079730e+00 +1.0322e+00 +9.1297e-01 +3.0064e+00 +1.3232e+00 +5.4876e-01
172 0 +5.126903802e+00 -8.353096198e+00 -8.353096198e+00 -7.5716e-01 +1.1446e+00 +3.7147e+00 +8.8747e-01 +9.2636e-01
194 0 +4.188482317e+00 -9.291517683e+00 -9.291517683e+00 -3.9150e-01 +1.2086e-01 +3.2520e+00 +7.6974e-01 +1.1233e+00
1662 0 +3.173800095e+00 -1.030619991e+01 -1.030619991e+01 +0.0000e+00 +0.0000e+00 +2.9318e+00 -3.8930e-01 +2.1162e+00
1666 0 +2.599098935e+00 -1.088090107e+01 -1.088090107e+01 +0.0000e+00 +1.0006e+00 +2.9318e+00 -3.8930e-01 +2.1162e+00
1670 0 +2.198427061e+00 -1.128157294e+01 -1.128157294e+01 +0.0000e+00 +1.0006e+00 +2.9318e+00 +6.1135e-01 +2.1162e+00
1672 0 +1.515149946e+00 -1.196485005e+01 -1.196485005e+01 +0.0000e+00 +1.0006e+00 +2.9318e+00 +6.1135e-01 +3.1169e+00
1676 0 +7.723983350e-01 -1.270760166e+01 -1.270760166e+01 +0.0000e+00 +2.0013e+00 +2.9318e+00 +6.1135e-01 +3.1169e+00
1680 0 +6.024914885e-01 -1.287750851e+01 -1.287750851e+01 +0.0000e+00 +2.0013e+00 +2.9318e+00 +1.6120e+00 +3.1169e+00
1698 0 +4.495053125e-01 -1.303049469e+01 -1.303049469e+01 +0.0000e+00 +2.0013e+00 +3.4321e+00 +1.6120e+00 +3.1169e+00
1702 0 +3.129866115e-01 -1.316701339e+01 -1.316701339e+01 +0.0000e+00 +2.0013e+00 +3.4321e+00 +1.6120e+00 +3.6172e+00
1704 0 +2.706037039e-01 -1.320939630e+01 -1.320939630e+01 +5.0032e-01 +2.0013e+00 +3.4321e+00 +1.6120e+00 +3.6172e+00
1709 0 +2.133365083e-01 -1.326666349e+01 -1.326666349e+01 +5.0032e-01 +2.0013e+00 +3.4321e+00 +1.1117e+00 +3.6172e+00
1726 0 +1.258862205e-01 -1.335411378e+01 -1.335411378e+01 +5.0032e-01 +2.2515e+00 +3.4321e+00 +1.1117e+00 +4.1175e+00
1729 0 +7.781445361e-02 -1.340218555e+01 -1.340218555e+01 +5.0032e-01 +2.2515e+00 +3.4321e+00 +8.6151e-01 +4.1175e+00
1731 0 +3.991946484e-02 -1.344008054e+01 -1.344008054e+01 +5.0032e-01 +2.2515e+00 +3.4321e+00 +8.6151e-01 +3.8674e+00
1750 0 +1.745170046e-02 -1.346254830e+01 -1.346254830e+01 +5.0032e-01 +2.2515e+00 +3.4321e+00 +9.8659e-01 +3.8674e+00
1763 0 +1.302797016e-02 -1.346697203e+01 -1.346697203e+01 +4.3778e-01 +2.2515e+00 +3.4321e+00 +9.8659e-01 +3.8674e+00
1768 0 +1.169241307e-02 -1.346830759e+01 -1.346830759e+01 +4.3778e-01 +2.2515e+00 +3.4946e+00 +9.8659e-01 +3.8674e+00
1787 0 +9.697389409e-03 -1.347030261e+01 -1.347030261e+01 +4.3778e-01 +2.2515e+00 +3.4633e+00 +9.8659e-01 +3.8674e+00
1810 0 +8.881805817e-03 -1.347111819e+01 -1.347111819e+01 +4.3778e-01 +2.2515e+00 +3.4633e+00 +1.0022e+00 +3.8674e+00
1837 0 +7.820546985e-03 -1.347217945e+01 -1.347217945e+01 +4.2215e-01 +2.2515e+00 +3.4712e+00 +1.0022e+00 +3.8517e+00
1847 0 +7.029535533e-03 -1.347297046e+01 -1.347297046e+01 +4.2215e-01 +2.2515e+00 +3.4633e+00 +1.0100e+00 +3.8439e+00
1860 0 +6.262657504e-03 -1.347373734e+01 -1.347373734e+01 +4.1433e-01 +2.2515e+00 +3.4633e+00 +1.0257e+00 +3.8439e+00
1873 0 +5.372819089e-03 -1.347462718e+01 -1.347462718e+01 +3.9870e-01 +2.2515e+00 +3.4633e+00 +1.0335e+00 +3.8361e+00
1883 0 +4.868958439e-03 -1.347513104e+01 -1.347513104e+01 +3.9088e-01 +2.2515e+00 +3.4633e+00 +1.0413e+00 +3.8361e+00
1909 0 +4.271756401e-03 -1.347572824e+01 -1.347572824e+01 +3.9088e-01 +2.2554e+00 +3.4594e+00 +1.0374e+00 +3.8361e+00
1939 0 +3.912079440e-03 -1.347608792e+01 -1.347608792e+01 +3.8697e-01 +2.2573e+00 +3.4614e+00 +1.0355e+00 +3.8361e+00
1973 0 +3.529532852e-03 -1.347647047e+01 -1.347647047e+01 +3.7915e-01 +2.2573e+00 +3.4614e+00 +1.0413e+00 +3.8322e+00
2019 0 +3.149271862e-03 -1.347685073e+01 -1.347685073e+01 +3.7524e-01 +2.2593e+00 +3.4594e+00 +1.0423e+00 +3.8332e+00
2047 0 +2.810162930e-03 -1.347718984e+01 -1.347718984e+01 +3.7231e-01 +2.2622e+00 +3.4565e+00 +1.0403e+00 +3.8312e+00
2079 0 +2.499142958e-03 -1.347750086e+01 -1.347750086e+01 +3.6938e-01 +2.2642e+00 +3.4555e+00 +1.0374e+00 +3.8302e+00
2113 0 +2.227609065e-03 -1.347777239e+01 -1.347777239e+01 +3.6547e-01 +2.2661e+00 +3.4546e+00 +1.0355e+00 +3.8292e+00
2146 0 +1.982767285e-03 -1.347801723e+01 -1.347801723e+01 +3.6254e-01 +2.2691e+00 +3.4536e+00 +1.0335e+00 +3.8292e+00
2207 0 +1.766994406e-03 -1.347823301e+01 -1.347823301e+01 +3.5961e-01 +2.2700e+00 +3.4526e+00 +1.0335e+00 +3.8278e+00
2267 0 +1.578515409e-03 -1.347842148e+01 -1.347842148e+01 +3.5668e-01 +2.2715e+00 +3.4511e+00 +1.0330e+00 +3.8273e+00
2309 0 +1.407452437e-03 -1.347859255e+01 -1.347859255e+01 +3.5472e-01 +2.2734e+00 +3.4492e+00 +1.0306e+00 +3.8263e+00
2366 0 +1.256236872e-03 -1.347874376e+01 -1.347874376e+01 +3.5179e-01 +2.2754e+00 +3.4487e+00 +1.0291e+00 +3.8258e+00
2436 0 +1.121027573e-03 -1.347887897e+01 -1.347887897e+01 +3.4984e-01 +2.2769e+00 +3.4475e+00 +1.0274e+00 +3.8253e+00
2516 0 +9.988965208e-04 -1.347900110e+01 -1.347900110e+01 +3.4788e-01 +2.2788e+00 +3.4455e+00 +1.0254e+00 +3.8239e+00
2606 0 +8.900666215e-04 -1.347910993e+01 -1.347910993e+01 +3.4568e-01 +2.2805e+00 +3.4443e+00 +1.0237e+00 +3.8231e+00
2696 0 +7.939607533e-04 -1.347920604e+01 -1.347920604e+01 +3.4348e-01 +2.2822e+00 +3.4431e+00 +1.0220e+00 +3.8224e+00
2873 0 +7.067693858e-04 -1.347929323e+01 -1.347929323e+01 +3.4129e-01 +2.2837e+00 +3.4420e+00 +1.0204e+00 +3.8214e+00
3093 0 +6.301548307e-04 -1.347936985e+01 -1.347936985e+01 +3.3860e-01 +2.2848e+00 +3.4417e+00 +1.0203e+00 +3.8204e+00
3343 0 +5.620256708e-04 -1.347943797e+01 -1.347943797e+01 +3.3554e-01 +2.2851e+00 +3.4423e+00 +1.0221e+00 +3.8200e+00
3583 0 +4.996364934e-04 -1.347950036e+01 -1.347950036e+01 +3.3261e-01 +2.2853e+00 +3.4426e+00 +1.0241e+00 +3.8192e+00
3843 0 +4.452723325e-04 -1.347955473e+01 -1.347955473e+01 +3.2968e-01 +2.2853e+00 +3.4432e+00 +1.0265e+00 +3.8182e+00
4133 0 +3.978242983e-04 -1.347960218e+01 -1.347960218e+01 +3.2724e-01 +2.2857e+00 +3.4433e+00 +1.0278e+00 +3.8179e+00
4550 0 +3.548034285e-04 -1.347964520e+01 -1.347964520e+01 +3.2473e-01 +2.2858e+00 +3.4434e+00 +1.0299e+00 +3.8168e+00
4933 0 +3.157092570e-04 -1.347968429e+01 -1.347968429e+01 +3.2235e-01 +2.2861e+00 +3.4435e+00 +1.0312e+00 +3.8163e+00
5363 0 +2.818311406e-04 -1.347971817e+01 -1.347971817e+01 +3.1997e-01 +2.2861e+00 +3.4437e+00 +1.0333e+00 +3.8154e+00
5973 0 +2.508516737e-04 -1.347974915e+01 -1.347974915e+01 +3.1808e-01 +2.2866e+00 +3.4435e+00 +1.0339e+00 +3.8147e+00
6633 0 +2.236455364e-04 -1.347977635e+01 -1.347977635e+01 +3.1606e-01 +2.2869e+00 +3.4435e+00 +1.0352e+00 +3.8140e+00
7280 0 +1.995109227e-04 -1.347980049e+01 -1.347980049e+01 +3.1411e-01 +2.2870e+00 +3.4436e+00 +1.0365e+00 +3.8134e+00
8183 0 +1.778213683e-04 -1.347982218e+01 -1.347982218e+01 +3.1203e-01 +2.2871e+00 +3.4440e+00 +1.0382e+00 +3.8130e+00
9287 0 +1.583551614e-04 -1.347984164e+01 -1.347984164e+01 +3.1035e-01 +2.2873e+00 +3.4438e+00 +1.0392e+00 +3.8123e+00
10393 0 +1.411641609e-04 -1.347985884e+01 -1.347985884e+01 +3.0866e-01 +2.2875e+00 +3.4439e+00 +1.0402e+00 +3.8116e+00
11573 0 +1.258433141e-04 -1.347987416e+01 -1.347987416e+01 +3.0695e-01 +2.2876e+00 +3.4440e+00 +1.0416e+00 +3.8110e+00
12933 0 +1.121905405e-04 -1.347988781e+01 -1.347988781e+01 +3.0552e-01 +2.2879e+00 +3.4439e+00 +1.0422e+00 +3.8106e+00
14660 0 +9.999638380e-05 -1.347990000e+01 -1.347990000e+01 +3.0421e-01 +2.2882e+00 +3.4438e+00 +1.0428e+00 +3.8100e+00
16493 0 +8.910061276e-05 -1.347991090e+01 -1.347991090e+01 +3.0280e-01 +2.2884e+00 +3.4438e+00 +1.0436e+00 +3.8096e+00
18573 0 +7.940733741e-05 -1.347992059e+01 -1.347992059e+01 +3.0134e-01 +2.2884e+00 +3.4440e+00 +1.0448e+00 +3.8090e+00
20850 0 +7.079093406e-05 -1.347992921e+01 -1.347992921e+01 +3.0024e-01 +2.2887e+00 +3.4438e+00 +1.0452e+00 +3.8087e+00
24043 0 +6.308301914e-05 -1.347993692e+01 -1.347993692e+01 +2.9901e-01 +2.2888e+00 +3.4438e+00 +1.0460e+00 +3.8081e+00
27143 0 +5.622820291e-05 -1.347994377e+01 -1.347994377e+01 +2.9783e-01 +2.2889e+00 +3.4439e+00 +1.0468e+00 +3.8077e+00
30763 0 +5.010732576e-05 -1.347994989e+01 -1.347994989e+01 +2.9660e-01 +2.2889e+00 +3.4440e+00 +1.0479e+00 +3.8073e+00
35833 0 +4.466056382e-05 -1.347995534e+01 -1.347995534e+01 +2.9550e-01 +2.2890e+00 +3.4440e+00 +1.0488e+00 +3.8068e+00
40227 0 +3.980125111e-05 -1.347996020e+01 -1.347996020e+01 +2.9467e-01 +2.2893e+00 +3.4439e+00 +1.0490e+00 +3.8065e+00
45423 0 +3.548110202e-05 -1.347996452e+01 -1.347996452e+01 +2.9369e-01 +2.2894e+00 +3.4439e+00 +1.0496e+00 +3.8061e+00
50000 0 +3.255828888e-05 -1.347996744e+01 -1.347996744e+01 +2.9292e-01 +2.2894e+00 +3.4440e+00 +1.0502e+00 +3.8058e+00
% f evaluations | g evaluations | best noise-free fitness - Fopt (-4.813000000000e+01) + sum g_i+ | measured fitness | best measured fitness or single-digit g-values | x1 | x2...
1 0 +5.459006436e+01 +6.460064355e+00 +6.460064355e+00 +0.0000e+00 +0.0000e+00 +0.0000e+00 +0.0000e+00 +0.0000e+00
8 0 +4.196024353e+01 -6.169756470e+00 -6.169756470e+00 -1.3041e+00 -3.0835e-01 -3.8864e-01 -6.1741e-01 +4.6734e-01
41 0 +2.886379579e+01 -1.926620421e+01 -1.926620421e+01 +4.5538e+00 -3.0835e-01 -3.8864e-01 -6.1741e-01 +4.6734e-01
72 0 +2.000385769e+01 -2.812614231e+01 -2.812614231e+01 -1.7720e-01 -3.5816e+00 +1.1719e+00 -1.4812e-01 -4.1057e-01
74 0 +1.032383895e+01 -3.780616105e+01 -3.780616105e+01 +1.6249e+00 -3.2373e+00 -3.8864e-01 -6.1741e-01 +4.6734e-01
75 0 +9.987914462e+00 -3.814208554e+01 -3.814208554e+01 +1.0641e+00 -3.0363e+00 -7.9189e-01 -7.7712e-01 +6.1322e-01
745 0 +5.150579405e+00 -4.297942060e+01 -4.297942060e+01 +5.2913e-01 -2.0490e+00 +1.3576e-02 -2.4066e+00 +2.6083e+00
1073 0 +4.791915013e+00 -4.333808499e+01 -4.333808499e+01 +4.3508e-01 -1.3848e+00 +9.9896e-02 -2.5347e+00 +3.4672e+00
1075 0 +4.183025061e+00 -4.394697494e+01 -4.394697494e+01 +3.8356e-01 -1.4853e+00 +9.8408e-03 -2.5503e+00 +4.0138e+00
1087 0 +3.970633595e+00 -4.415936640e+01 -4.415936640e+01 -2.4147e-01 -1.4714e+00 -8.1848e-02 -2.3092e+00 +3.7534e+00
1388 0 +3.533935114e+00 -4.459606489e+01 -4.459606489e+01 +5.8073e-02 -2.1224e+00 +1.4302e-01 -2.7497e+00 +3.2903e+00
1403 0 +3.017820503e+00 -4.511217950e+01 -4.511217950e+01 +3.1538e-01 -2.1194e+00 +7.2412e-02 -2.6432e+00 +3.5208e+00
1417 0 +2.772997267e+00 -4.535700273e+01 -4.535700273e+01 -1.7503e-01 -2.1822e+00 -5.9330e-02 -2.4797e+00 +3.7283e+00
1655 0 +1.974540880e+00 -4.615545912e+01 -4.615545912e+01 +0.0000e+00 -2.9249e+00 +0.0000e+00 -2.9289e+00 +3.6621e+00
1658 0 +1.365823964e+00 -4.676417604e+01 -4.676417604e+01 +0.0000e+00 -2.9249e+00 +1.0006e+00 -2.9289e+00 +3.6621e+00
1660 0 +1.086781189e+00 -4.704321881e+01 -4.704321881e+01 +0.0000e+00 -2.9249e+00 +1.0006e+00 -1.9283e+00 +3.6621e+00
1663 0 +5.909985249e-01 -4.753900148e+01 -4.753900148e+01 -1.0006e+00 -2.9249e+00 +1.0006e+00 -1.9283e+00 +3.6621e+00
1665 0 +1.428052884e-01 -4.798719471e+01 -4.798719471e+01 -1.0006e+00 -3.9255e+00 +1.0006e+00 -1.9283e+00 +3.6621e+00
1689 0 +1.362360171e-01 -4.799376398e+01 -4.799376398e+01 -1.0006e+00 -3.9255e+00 +1.0006e+00 -2.4286e+00 +3.6621e+00
1704 0 +1.209878760e-01 -4.800901212e+01 -4.800901212e+01 -7.5049e-01 -3.9255e+00 +1.0006e+00 -2.4286e+00 +3.6621e+00
1706 0 +1.078576522e-01 -4.802214235e+01 -4.802214235e+01 -7.5049e-01 -3.6754e+00 +1.0006e+00 -2.4286e+00 +3.6621e+00
1708 0 +9.300555752e-02 -4.803699444e+01 -4.803699444e+01 -7.5049e-01 -3.6754e+00 +1.2508e+00 -2.4286e+00 +3.6621e+00
1710 0 +7.703935988e-02 -4.805296064e+01 -4.805296064e+01 -7.5049e-01 -3.6754e+00 +1.2508e+00 -2.1784e+00 +3.6621e+00
1725 0 +4.542744313e-02 -4.808457256e+01 -4.808457256e+01 -8.7557e-01 -3.8004e+00 +1.2508e+00 -2.1784e+00 +3.6621e+00
1727 0 +3.312552548e-02 -4.809687447e+01 -4.809687447e+01 -8.7557e-01 -3.8004e+00 +1.1257e+00 -2.1784e+00 +3.6621e+00
1730 0 +3.131662450e-02 -4.809868338e+01 -4.809868338e+01 -8.7557e-01 -3.8004e+00 +1.1257e+00 -2.0534e+00 +3.6621e+00
1745 0 +2.587122865e-02 -4.810412877e+01 -4.810412877e+01 -8.7557e-01 -3.8630e+00 +1.1257e+00 -2.0534e+00 +3.6621e+00
1749 0 +2.505625142e-02 -4.810494375e+01 -4.810494375e+01 -8.7557e-01 -3.8630e+00 +1.1257e+00 -2.1159e+00 +3.6621e+00
1766 0 +1.809378824e-02 -4.811190621e+01 -4.811190621e+01 -8.7557e-01 -3.8004e+00 +1.1257e+00 -2.1784e+00 +3.5995e+00
1791 0 +1.776295744e-02 -4.811223704e+01 -4.811223704e+01 -8.7557e-01 -3.8004e+00 +1.1257e+00 -2.1472e+00 +3.5683e+00
1798 0 +1.559635438e-02 -4.811440365e+01 -4.811440365e+01 -8.7557e-01 -3.7692e+00 +1.1570e+00 -2.1472e+00 +3.5683e+00
1834 0 +1.204853296e-02 -4.811795147e+01 -4.811795147e+01 -8.5993e-01 -3.7692e+00 +1.1726e+00 -2.1472e+00 +3.5526e+00
1836 0 +1.086151593e-02 -4.811913848e+01 -4.811913848e+01 -8.5993e-01 -3.7535e+00 +1.1726e+00 -2.1472e+00 +3.5526e+00
1842 0 +8.915873789e-03 -4.812108413e+01 -4.812108413e+01 -8.5993e-01 -3.7535e+00 +1.1883e+00 -2.1472e+00 +3.5683e+00
1845 0 +8.014171473e-03 -4.812198583e+01 -4.812198583e+01 -8.5993e-01 -3.7692e+00 +1.1883e+00 -2.1472e+00 +3.5683e+00
1872 0 +7.933131887e-03 -4.812206687e+01 -4.812206687e+01 -8.5993e-01 -3.7692e+00 +1.1961e+00 -2.1472e+00 +3.5761e+00
1882 0 +6.565967947e-03 -4.812343403e+01 -4.812343403e+01 -8.5212e-01 -3.7613e+00 +1.2039e+00 -2.1472e+00 +3.5839e+00
1885 0 +6.146969827e-03 -4.812385303e+01 -4.812385303e+01 -8.5212e-01 -3.7692e+00 +1.2039e+00 -2.1472e+00 +3.5839e+00
1905 0 +5.187778061e-03 -4.812481222e+01 -4.812481222e+01 -8.5212e-01 -3.7848e+00 +1.2195e+00 -2.1472e+00 +3.5917e+00
1932 0 +4.978591708e-03 -4.812502141e+01 -4.812502141e+01 -8.5212e-01 -3.7848e+00 +1.2117e+00 -2.1511e+00 +3.5956e+00
1955 0 +4.389477413e-03 -4.812561052e+01 -4.812561052e+01 -8.5212e-01 -3.7965e+00 +1.2039e+00 -2.1511e+00 +3.6035e+00
1968 0 +3.888699196e-03 -4.812611130e+01 -4.812611130e+01 -8.4821e-01 -3.7926e+00 +1.2039e+00 -2.1550e+00 +3.6074e+00
1975 0 +3.523743398e-03 -4.812647626e+01 -4.812647626e+01 -8.4821e-01 -3.7965e+00 +1.2039e+00 -2.1550e+00 +3.6113e+00
1995 0 +3.094951465e-03 -4.812690505e+01 -4.812690505e+01 -8.4821e-01 -3.8043e+00 +1.2039e+00 -2.1511e+00 +3.6191e+00
2062 0 +2.766884490e-03 -4.812723312e+01 -4.812723312e+01 -8.4625e-01 -3.8024e+00 +1.2049e+00 -2.1530e+00 +3.6220e+00
2105 0 +2.501632209e-03 -4.812749837e+01 -4.812749837e+01 -8.4527e-01 -3.8053e+00 +1.2078e+00 -2.1521e+00 +3.6259e+00
2155 0 +2.223670864e-03 -4.812777633e+01 -4.812777633e+01 -8.4430e-01 -3.8083e+00 +1.2078e+00 -2.1511e+00 +3.6308e+00
2202 0 +1.990278264e-03 -4.812800972e+01 -4.812800972e+01 -8.4332e-01 -3.8102e+00 +1.2049e+00 -2.1521e+00 +3.6357e+00
2262 0 +1.735953319e-03 -4.812826405e+01 -4.812826405e+01 -8.4234e-01 -3.8141e+00 +1.2059e+00 -2.1521e+00 +3.6406e+00
2342 0 +1.580171996e-03 -4.812841983e+01 -4.812841983e+01 -8.4185e-01 -3.8180e+00 +1.2093e+00 -2.1516e+00 +3.6435e+00
2415 0 +1.412060815e-03 -4.812858794e+01 -4.812858794e+01 -8.4088e-01 -3.8200e+00 +1.2103e+00 -2.1511e+00 +3.6469e+00
2516 0 +1.250282907e-03 -4.812874972e+01 -4.812874972e+01 -8.3990e-01 -3.8229e+00 +1.2088e+00 -2.1511e+00 +3.6513e+00
2634 0 +1.121129836e-03 -4.812887887e+01 -4.812887887e+01 -8.3966e-01 -3.8273e+00 +1.2093e+00 -2.1521e+00 +3.6545e+00
2766 0 +9.985770503e-04 -4.812900142e+01 -4.812900142e+01 -8.3868e-01 -3.8283e+00 +1.2107e+00 -2.1513e+00 +3.6577e+00
2898 0 +8.904525599e-04 -4.812910955e+01 -4.812910955e+01 -8.3795e-01 -3.8300e+00 +1.2120e+00 -2.1511e+00 +3.6609e+00
3075 0 +7.939763389e-04 -4.812920602e+01 -4.812920602e+01 -8.3770e-01 -3.8339e+00 +1.2112e+00 -2.1508e+00 +3.6640e+00
3276 0 +7.077735599e-04 -4.812929223e+01 -4.812929223e+01 -8.3697e-01 -3.8359e+00 +1.2123e+00 -2.1515e+00 +3.6669e+00
3515 0 +6.295339546e-04 -4.812937047e+01 -4.812937047e+01 -8.3636e-01 -3.8376e+00 +1.2129e+00 -2.1508e+00 +3.6698e+00
3775 0 +5.615290590e-04 -4.812943847e+01 -4.812943847e+01 -8.3587e-01 -3.8398e+00 +1.2131e+00 -2.1502e+00 +3.6726e+00
4078 0 +5.008855599e-04 -4.812949911e+01 -4.812949911e+01 -8.3550e-01 -3.8427e+00 +1.2133e+00 -2.1507e+00 +3.6752e+00
4435 0 +4.464891927e-04 -4.812955351e+01 -4.812955351e+01 -8.3483e-01 -3.8439e+00 +1.2145e+00 -2.1510e+00 +3.6775e+00
4876 0 +3.978481277e-04 -4.812960215e+01 -4.812960215e+01 -8.3434e-01 -3.8456e+00 +1.2142e+00 -2.1498e+00 +3.6801e+00
5345 0 +3.547304375e-04 -4.812964527e+01 -4.812964527e+01 -8.3404e-01 -3.8479e+00 +1.2141e+00 -2.1499e+00 +3.6824e+00
5835 0 +3.157450222e-04 -4.812968425e+01 -4.812968425e+01 -8.3367e-01 -3.8501e+00 +1.2145e+00 -2.1502e+00 +3.6847e+00
6512 0 +2.817348680e-04 -4.812971827e+01 -4.812971827e+01 -8.3309e-01 -3.8510e+00 +1.2154e+00 -2.1497e+00 +3.6867e+00
7302 0 +2.511792311e-04 -4.812974882e+01 -4.812974882e+01 -8.3275e-01 -3.8527e+00 +1.2154e+00 -2.1490e+00 +3.6888e+00
8139 0 +2.238613524e-04 -4.812977614e+01 -4.812977614e+01 -8.3245e-01 -3.8547e+00 +1.2155e+00 -2.1493e+00 +3.6907e+00
9072 0 +1.994918324e-04 -4.812980051e+01 -4.812980051e+01 -8.3205e-01 -3.8561e+00 +1.2162e+00 -2.1495e+00 +3.6925e+00
10365 0 +1.777468887e-04 -4.812982225e+01 -4.812982225e+01 -8.3169e-01 -3.8573e+00 +1.2164e+00 -2.1485e+00 +3.6944e+00
11755 0 +1.584153978e-04 -4.812984158e+01 -4.812984158e+01 -8.3141e-01 -3.8589e+00 +1.2164e+00 -2.1485e+00 +3.6961e+00
13188 0 +1.411962162e-04 -4.812985880e+01 -4.812985880e+01 -8.3115e-01 -3.8605e+00 +1.2165e+00 -2.1486e+00 +3.6978e+00
14908 0 +1.258900012e-04 -4.812987411e+01 -4.812987411e+01 -8.3077e-01 -3.8615e+00 +1.2171e+00 -2.1486e+00 +3.6993e+00
17225 0 +1.121615208e-04 -4.812988784e+01 -4.812988784e+01 -8.3051e-01 -3.8627e+00 +1.2172e+00 -2.1478e+00 +3.7009e+00
19625 0 +9.997277945e-05 -4.812990003e+01 -4.812990003e+01 -8.3028e-01 -3.8641e+00 +1.2172e+00 -2.1478e+00 +3.7024e+00
22095 0 +8.909895858e-05 -4.812991090e+01 -4.812991090e+01 -8.3005e-01 -3.8655e+00 +1.2173e+00 -2.1479e+00 +3.7038e+00
25675 0 +7.942835094e-05 -4.812992057e+01 -4.812992057e+01 -8.2974e-01 -3.8663e+00 +1.2178e+00 -2.1473e+00 +3.7051e+00
29718 0 +7.079352404e-05 -4.812992921e+01 -4.812992921e+01 -8.2953e-01 -3.8674e+00 +1.2177e+00 -2.1470e+00 +3.7064e+00
33845 0 +6.309296522e-05 -4.812993691e+01 -4.812993691e+01 -8.2933e-01 -3.8686e+00 +1.2178e+00 -2.1471e+00 +3.7077e+00
38485 0 +5.623320634e-05 -4.812994377e+01 -4.812994377e+01 -8.2907e-01 -3.8694e+00 +1.2182e+00 -2.1471e+00 +3.7088e+00
45352 0 +5.011858937e-05 -4.812994988e+01 -4.812994988e+01 -8.2887e-01 -3.8703e+00 +1.2182e+00 -2.1464e+00 +3.7100e+00
50000 0 +4.640620815e-05 -4.812995359e+01 -4.812995359e+01 -8.2874e-01 -3.8710e+00 +1.2182e+00 -2.1463e+00 +3.7108e+00
