% f evaluations | g evaluations | best noise-free fitness - Fopt (7.948000000000e+01) + sum g_i+ | measured fitness | best measured fitness or single-digit g-values | x1 | x2...
1 0 +8.977281728e+01 +1.692528173e+02 +1.692528173e+02
2 0 +8.937474983e+01 +1.688547498e+02 +1.688547498e+02
15 0 +8.682572142e+01 +1.663057214e+02 +1.663057214e+02
231 0 +7.904411460e+01 +1.585241146e+02 +1.585241146e+02
1047 0 +6.726889217e+01 +1.467488922e+02 +1.467488922e+02
2424 0 +6.216608701e+01 +1.416460870e+02 +1.416460870e+02
8903 0 +5.590780710e+01 +1.353878071e+02 +1.353878071e+02
12744 0 +4.905261427e+01 +1.285326143e+02 +1.285326143e+02
17904 0 +4.451271202e+01 +1.239927120e+02 +1.239927120e+02
25811 0 +3.615570565e+01 +1.156357056e+02 +1.156357056e+02
25819 0 +3.387967830e+01 +1.133596783e+02 +1.133596783e+02
25821 0 +3.100720188e+01 +1.104872019e+02 +1.104872019e+02
25826 0 +2.712464587e+01 +1.066046459e+02 +1.066046459e+02
25832 0 +2.273386336e+01 +1.022138634e+02 +1.022138634e+02
25834 0 +1.953212872e+01 +9.901212872e+01 +9.901212872e+01
25837 0 +1.692129621e+01 +9.640129621e+01 +9.640129621e+01
25840 0 +1.319472789e+01 +9.267472789e+01 +9.267472789e+01
25842 0 +1.147746302e+01 +9.095746302e+01 +9.095746302e+01
25850 0 +1.062605809e+01 +9.010605809e+01 +9.010605809e+01
25851 0 +8.264873754e+00 +8.774487375e+01 +8.774487375e+01
25861 0 +7.121564691e+00 +8.660156469e+01 +8.660156469e+01
25866 0 +6.090843438e+00 +8.557084344e+01 +8.557084344e+01
25872 0 +4.875570031e+00 +8.435557003e+01 +8.435557003e+01
25874 0 +3.676432746e+00 +8.315643275e+01 +8.315643275e+01
25877 0 +3.068197587e+00 +8.254819759e+01 +8.254819759e+01
25880 0 +1.344226619e+00 +8.082422662e+01 +8.082422662e+01
25891 0 +9.856396389e-01 +8.046563964e+01 +8.046563964e+01
25972 0 +8.854649902e-01 +8.036546499e+01 +8.036546499e+01
25974 0 +6.963045625e-01 +8.017630456e+01 +8.017630456e+01
25980 0 +5.826948899e-01 +8.006269489e+01 +8.006269489e+01
26000 0 +4.716834131e-01 +7.995168341e+01 +7.995168341e+01
26002 0 +3.640249839e-01 +7.984402498e+01 +7.984402498e+01
26043 0 +3.027635318e-01 +7.978276353e+01 +7.978276353e+01
26047 0 +2.378894342e-01 +7.971788943e+01 +7.971788943e+01
26051 0 +2.108238565e-01 +7.969082386e+01 +7.969082386e+01
26078 0 +1.693628134e-01 +7.964936281e+01 +7.964936281e+01
26081 0 +1.535354318e-01 +7.963353543e+01 +7.963353543e+01
26132 0 +1.404586853e-01 +7.962045869e+01 +7.962045869e+01
26138 0 +1.125108406e-01 +7.959251084e+01 +7.959251084e+01
26140 0 +9.975371424e-02 +7.957975371e+01 +7.957975371e+01
26149 0 +8.383411632e-02 +7.956383412e+01 +7.956383412e+01
26152 0 +7.273256687e-02 +7.955273257e+01 +7.955273257e+01
26154 0 +6.364803259e-02 +7.954364803e+01 +7.954364803e+01
26155 0 +4.807307163e-02 +7.952807307e+01 +7.952807307e+01
26160 0 +3.596549426e-02 +7.951596549e+01 +7.951596549e+01
26162 0 +2.469617878e-02 +7.950469618e+01 +7.950469618e+01
26210 0 +2.233056913e-02 +7.950233057e+01 +7.950233057e+01
26211 0 +1.947549768e-02 +7.949947550e+01 +7.949947550e+01
26213 0 +1.574129045e-02 +7.949574129e+01 +7.949574129e+01
26221 0 +1.222104699e-02 +7.949222105e+01 +7.949222105e+01
26223 0 +9.990907792e-03 +7.948999091e+01 +7.948999091e+01
26230 0 +8.055797595e-03 +7.948805580e+01 +7.948805580e+01
26237 0 +5.243006774e-03 +7.948524301e+01 +7.948524301e+01
26285 0 +4.277718784e-03 +7.948427772e+01 +7.948427772e+01
26288 0 +3.599047082e-03 +7.948359905e+01 +7.948359905e+01
26308 0 +3.125292298e-03 +7.948312529e+01 +7.948312529e+01
26309 0 +2.610940704e-03 +7.948261094e+01 +7.948261094e+01
26311 0 +2.452835848e-03 +7.948245284e+01 +7.948245284e+01
26313 0 +1.790477202e-03 +7.948179048e+01 +7.948179048e+01
26321 0 +1.674313856e-03 +7.948167431e+01 +7.948167431e+01
26369 0 +1.532343214e-03 +7.948153234e+01 +7.948153234e+01
26379 0 +1.381679068e-03 +7.948138168e+01 +7.948138168e+01
26384 0 +1.205840814e-03 +7.948120584e+01 +7.948120584e+01
26386 0 +9.905707462e-04 +7.948099057e+01 +7.948099057e+01
26392 0 +8.175851967e-04 +7.948081759e+01 +7.948081759e+01
26398 0 +7.874098477e-04 +7.948078741e+01 +7.948078741e+01
26399 0 +5.896532257e-04 +7.948058965e+01 +7.948058965e+01
26402 0 +4.032772139e-04 +7.948040328e+01 +7.948040328e+01
26447 0 +3.896018758e-04 +7.948038960e+01 +7.948038960e+01
26451 0 +3.382900500e-04 +7.948033829e+01 +7.948033829e+01
26455 0 +2.844236063e-04 +7.948028442e+01 +7.948028442e+01
26457 0 +2.660936640e-04 +7.948026609e+01 +7.948026609e+01
26468 0 +2.059364683e-04 +7.948020594e+01 +7.948020594e+01
26470 0 +1.511811035e-04 +7.948015118e+01 +7.948015118e+01
26474 0 +1.334275013e-04 +7.948013343e+01 +7.948013343e+01
26477 0 +8.740075464e-05 +7.948008740e+01 +7.948008740e+01
26528 0 +7.361787438e-05 +7.948007362e+01 +7.948007362e+01
26530 0 +6.327471895e-05 +7.948006327e+01 +7.948006327e+01
26538 0 +5.716108478e-05 +7.948005716e+01 +7.948005716e+01
26539 0 +4.329893994e-05 +7.948004330e+01 +7.948004330e+01
26542 0 +3.413507662e-05 +7.948003414e+01 +7.948003414e+01
26551 0 +2.777432242e-05 +7.948002777e+01 +7.948002777e+01
26553 0 +2.137251819e-05 +7.948002137e+01 +7.948002137e+01
26614 0 +1.850862364e-05 +7.948001851e+01 +7.948001851e+01
26617 0 +1.774578941e-05 +7.948001775e+01 +7.948001775e+01
26624 0 +1.486426433e-05 +7.948001486e+01 +7.948001486e+01
26632 0 +1.328686386e-05 +7.948001329e+01 +7.948001329e+01
26640 0 +1.065013313e-05 +7.948001065e+01 +7.948001065e+01
26641 0 +7.209575344e-06 +7.948000721e+01 +7.948000721e+01
26684 0 +6.829002174e-06 +7.948000683e+01 +7.948000683e+01
26687 0 +6.074497733e-06 +7.948000607e+01 +7.948000607e+01
26692 0 +5.525136501e-06 +7.948000553e+01 +7.948000553e+01
26698 0 +4.854335572e-06 +7.948000485e+01 +7.948000485e+01
26701 0 +4.280562919e-06 +7.948000428e+01 +7.948000428e+01
26705 0 +3.411249722e-06 +7.948000341e+01 +7.948000341e+01
26713 0 +2.599498899e-06 +7.948000260e+01 +7.948000260e+01
26718 0 +1.668452427e-06 +7.948000167e+01 +7.948000167e+01
26770 0 +1.520757408e-06 +7.948000152e+01 +7.948000152e+01
26774 0 +1.227159402e-06 +7.948000123e+01 +7.948000123e+01
26776 0 +1.012889015e-06 +7.948000101e+01 +7.948000101e+01
26789 0 +8.541762071e-07 +7.948000085e+01 +7.948000085e+01
26792 0 +6.985542882e-07 +7.948000070e+01 +7.948000070e+01
26799 0 +4.508633253e-07 +7.948000045e+01 +7.948000045e+01
26844 0 +4.154020843e-07 +7.948000042e+01 +7.948000042e+01
26846 0 +3.770939117e-07 +7.948000038e+01 +7.948000038e+01
26857 0 +3.234454766e-07 +7.948000032e+01 +7.948000032e+01
26860 0 +2.945987490e-07 +7.948000029e+01 +7.948000029e+01
26862 0 +2.589957546e-07 +7.948000026e+01 +7.948000026e+01
26863 0 +2.014120355e-07 +7.948000020e+01 +7.948000020e+01
26867 0 +1.426520129e-07 +7.948000014e+01 +7.948000014e+01
26874 0 +1.249904074e-07 +7.948000012e+01 +7.948000012e+01
26875 0 +8.330921730e-08 +7.948000008e+01 +7.948000008e+01
26928 0 +7.317868267e-08 +7.948000007e+01 +7.948000007e+01
26930 0 +6.328585300e-08 +7.948000006e+01 +7.948000006e+01
26931 0 +5.232575973e-08 +7.948000005e+01 +7.948000005e+01
26950 0 +4.674527077e-08 +7.948000005e+01 +7.948000005e+01
26951 0 +4.088921912e-08 +7.948000004e+01 +7.948000004e+01
26953 0 +3.479949839e-08 +7.948000003e+01 +7.948000003e+01
26962 0 +2.602666882e-08 +7.948000003e+01 +7.948000003e+01
27003 0 +2.370158825e-08 +7.948000002e+01 +7.948000002e+01
27005 0 +2.208825833e-08 +7.948000002e+01 +7.948000002e+01
27013 0 +1.973680241e-08 +7.948000002e+01 +7.948000002e+01
27018 0 +1.746447253e-08 +7.948000002e+01 +7.948000002e+01
27020 0 +1.398292682e-08 +7.948000001e+01 +7.948000001e+01
27021 0 +1.169328812e-08 +7.948000001e+01 +7.948000001e+01
27026 0 +1.007343542e-08 +7.948000001e+01 +7.948000001e+01
27029 0 +8.884981639e-09 +7.948000001e+01 +7.948000001e+01
27577 0 +8.384404282e-13 +7.948000000e+01 +7.948000000e+01
200000 0 +2.842170943e-14 +7.948000000e+01 +7.948000000e+01
% f evaluations | g evaluations | best noise-free fitness - Fopt (3.944800000000e+02) + sum g_i+ | measured fitness | best measured fitness or single-digit g-values | x1 | x2...
1 0 +1.466628819e+02 +5.411428819e+02 +5.411428819e+02
2 0 +1.233150810e+02 +5.177950810e+02 +5.177950810e+02
58 0 +1.121426513e+02 +5.066226513e+02 +5.066226513e+02
10894 0 +9.984471393e+01 +4.943247139e+02 +4.943247139e+02
25807 0 +8.654503269e+01 +4.810250327e+02 +4.810250327e+02
25816 0 +7.416866494e+01 +4.686486649e+02 +4.686486649e+02
25821 0 +6.673058720e+01 +4.612105872e+02 +4.612105872e+02
25826 0 +6.236905610e+01 +4.568490561e+02 +4.568490561e+02
25830 0 +5.529826070e+01 +4.497782607e+02 +4.497782607e+02
25834 0 +4.682002664e+01 +4.413000266e+02 +4.413000266e+02
25835 0 +4.202236349e+01 +4.365023635e+02 +4.365023635e+02
25842 0 +3.867108775e+01 +4.331510877e+02 +4.331510877e+02
25845 0 +3.534143457e+01 +4.298214346e+02 +4.298214346e+02
25853 0 +3.015870511e+01 +4.246387051e+02 +4.246387051e+02
25856 0 +2.626852891e+01 +4.207485289e+02 +4.207485289e+02
25861 0 +2.179717570e+01 +4.162771757e+02 +4.162771757e+02
25870 0 +1.791379189e+01 +4.123937919e+02 +4.123937919e+02
25871 0 +1.636069934e+01 +4.108406993e+02 +4.108406993e+02
25874 0 +1.344075253e+01 +4.079207525e+02 +4.079207525e+02
25875 0 +1.064568674e+01 +4.051256867e+02 +4.051256867e+02
25885 0 +9.867627643e+00 +4.043476276e+02 +4.043476276e+02
25893 0 +8.690092888e+00 +4.031700929e+02 +4.031700929e+02
25896 0 +6.802514042e+00 +4.012825140e+02 +4.012825140e+02
25901 0 +4.333758182e+00 +3.988137582e+02 +3.988137582e+02
25910 0 +3.411298634e+00 +3.978912986e+02 +3.978912986e+02
25914 0 +2.493949182e+00 +3.969739492e+02 +3.969739492e+02
25915 0 +1.701480740e+00 +3.961814807e+02 +3.961814807e+02
25941 0 +1.235322233e+00 +3.957153222e+02 +3.957153222e+02
26016 0 +9.775106315e-01 +3.954575106e+02 +3.954575106e+02
26018 0 +8.269261006e-01 +3.953069261e+02 +3.953069261e+02
26026 0 +7.900793789e-01 +3.952700794e+02 +3.952700794e+02
26027 0 +6.100266042e-01 +3.950900266e+02 +3.950900266e+02
26037 0 +4.423735763e-01 +3.949223736e+02 +3.949223736e+02
26084 0 +3.602701615e-01 +3.948402702e+02 +3.948402702e+02
26087 0 +3.301870873e-01 +3.948101871e+02 +3.948101871e+02
26101 0 +2.680393221e-01 +3.947480393e+02 +3.947480393e+02
26105 0 +2.152588078e-01 +3.946952588e+02 +3.946952588e+02
26112 0 +1.654637748e-01 +3.946454638e+02 +3.946454638e+02
26121 0 +1.186871553e-01 +3.945986872e+02 +3.945986872e+02
26166 0 +1.064274993e-01 +3.945864275e+02 +3.945864275e+02
26172 0 +9.427310568e-02 +3.945742731e+02 +3.945742731e+02
26174 0 +8.561578654e-02 +3.945656158e+02 +3.945656158e+02
26177 0 +7.632604379e-02 +3.945563260e+02 +3.945563260e+02
26180 0 +6.238986401e-02 +3.945423899e+02 +3.945423899e+02
26183 0 +5.509571107e-02 +3.945350957e+02 +3.945350957e+02
26196 0 +4.271454171e-02 +3.945227145e+02 +3.945227145e+02
26198 0 +3.129885604e-02 +3.945112989e+02 +3.945112989e+02
26200 0 +2.092727055e-02 +3.945009273e+02 +3.945009273e+02
26247 0 +1.731782494e-02 +3.944973178e+02 +3.944973178e+02
26255 0 +1.404049124e-02 +3.944940405e+02 +3.944940405e+02
26267 0 +1.082626269e-02 +3.944908263e+02 +3.944908263e+02
26269 0 +9.810140084e-03 +3.944898101e+02 +3.944898101e+02
26273 0 +8.474636537e-03 +3.944884746e+02 +3.944884746e+02
26323 0 +7.901797290e-03 +3.944879018e+02 +3.944879018e+02
26333 0 +6.564827947e-03 +3.944865648e+02 +3.944865648e+02
26338 0 +5.953771417e-03 +3.944859538e+02 +3.944859538e+02
26343 0 +5.008056174e-03 +3.944850081e+02 +3.944850081e+02
26350 0 +4.291035854e-03 +3.944842910e+02 +3.944842910e+02
26351 0 +3.670599802e-03 +3.944836706e+02 +3.944836706e+02
26354 0 +3.360520837e-03 +3.944833605e+02 +3.944833605e+02
26355 0 +3.041650514e-03 +3.944830417e+02 +3.944830417e+02
26359 0 +2.621483871e-03 +3.944826215e+02 +3.944826215e+02
26361 0 +1.663560124e-03 +3.944816636e+02 +3.944816636e+02
26405 0 +1.484813332e-03 +3.944814848e+02 +3.944814848e+02
26412 0 +1.263271889e-03 +3.944812633e+02 +3.944812633e+02
26421 0 +1.068818077e-03 +3.944810688e+02 +3.944810688e+02
26425 0 +9.479858347e-04 +3.944809480e+02 +3.944809480e+02
26433 0 +8.489946653e-04 +3.944808490e+02 +3.944808490e+02
26436 0 +7.639721420e-04 +3.944807640e+02 +3.944807640e+02
26438 0 +5.592998577e-04 +3.944805593e+02 +3.944805593e+02
26440 0 +4.851400942e-04 +3.944804851e+02 +3.944804851e+02
26484 0 +4.350531464e-04 +3.944804351e+02 +3.944804351e+02
26490 0 +3.822034900e-04 +3.944803822e+02 +3.944803822e+02
26497 0 +3.334901232e-04 +3.944803335e+02 +3.944803335e+02
26499 0 +2.877850413e-04 +3.944802878e+02 +3.944802878e+02
26508 0 +2.280335508e-04 +3.944802280e+02 +3.944802280e+02
26510 0 +1.717056133e-04 +3.944801717e+02 +3.944801717e+02
26512 0 +1.434713627e-04 +3.944801435e+02 +3.944801435e+02
26514 0 +1.270660426e-04 +3.944801271e+02 +3.944801271e+02
26515 0 +1.084628830e-04 +3.944801085e+02 +3.944801085e+02
26519 0 +8.442834360e-05 +3.944800844e+02 +3.944800844e+02
26574 0 +6.888556379e-05 +3.944800689e+02 +3.944800689e+02
26575 0 +6.267407633e-05 +3.944800627e+02 +3.944800627e+02
26585 0 +4.650782137e-05 +3.944800465e+02 +3.944800465e+02
26593 0 +3.827039615e-05 +3.944800383e+02 +3.944800383e+02
26596 0 +3.229337062e-05 +3.944800323e+02 +3.944800323e+02
26600 0 +2.903203500e-05 +3.944800290e+02 +3.944800290e+02
26645 0 +2.578694262e-05 +3.944800258e+02 +3.944800258e+02
26647 0 +2.376165565e-05 +3.944800238e+02 +3.944800238e+02
26658 0 +1.923357684e-05 +3.944800192e+02 +3.944800192e+02
26662 0 +1.677006065e-05 +3.944800168e+02 +3.944800168e+02
26663 0 +1.356880921e-05 +3.944800136e+02 +3.944800136e+02
26672 0 +1.032989786e-05 +3.944800103e+02 +3.944800103e+02
26675 0 +9.217080617e-06 +3.944800092e+02 +3.944800092e+02
26677 0 +8.063556891e-06 +3.944800081e+02 +3.944800081e+02
26679 0 +5.874573333e-06 +3.944800059e+02 +3.944800059e+02
26723 0 +5.451052004e-06 +3.944800055e+02 +3.944800055e+02
26731 0 +4.895516952e-06 +3.944800049e+02 +3.944800049e+02
26735 0 +4.134052745e-06 +3.944800041e+02 +3.944800041e+02
26739 0 +3.195481668e-06 +3.944800032e+02 +3.944800032e+02
26753 0 +2.381408194e-06 +3.944800024e+02 +3.944800024e+02
26756 0 +1.842064648e-06 +3.944800018e+02 +3.944800018e+02
26758 0 +1.463913634e-06 +3.944800015e+02 +3.944800015e+02
26808 0 +1.227083260e-06 +3.944800012e+02 +3.944800012e+02
26810 0 +1.027446388e-06 +3.944800010e+02 +3.944800010e+02
26814 0 +8.704187167e-07 +3.944800009e+02 +3.944800009e+02
26821 0 +7.619422604e-07 +3.944800008e+02 +3.944800008e+02
26829 0 +7.015152619e-07 +3.944800007e+02 +3.944800007e+02
26840 0 +4.829237810e-07 +3.944800005e+02 +3.944800005e+02
26842 0 +4.106052529e-07 +3.944800004e+02 +3.944800004e+02
26883 0 +3.644069579e-07 +3.944800004e+02 +3.944800004e+02
26886 0 +3.522691827e-07 +3.944800004e+02 +3.944800004e+02
26891 0 +2.926131515e-07 +3.944800003e+02 +3.944800003e+02
26896 0 +2.630567337e-07 +3.944800003e+02 +3.944800003e+02
26904 0 +2.399949608e-07 +3.944800002e+02 +3.944800002e+02
26910 0 +2.057950041e-07 +3.944800002e+02 +3.944800002e+02
26911 0 +1.928845563e-07 +3.944800002e+02 +3.944800002e+02
26915 0 +1.486743031e-07 +3.944800001e+02 +3.944800001e+02
26918 0 +1.138186008e-07 +3.944800001e+02 +3.944800001e+02
26921 0 +9.029582770e-08 +3.944800001e+02 +3.944800001e+02
26965 0 +8.144422736e-08 +3.944800001e+02 +3.944800001e+02
26973 0 +7.592660722e-08 +3.944800001e+02 +3.944800001e+02
26981 0 +6.358567362e-08 +3.944800001e+02 +3.944800001e+02
26983 0 +5.747415344e-08 +3.944800001e+02 +3.944800001e+02
26988 0 +4.491931804e-08 +3.944800000e+02 +3.944800000e+02
26992 0 +3.626780654e-08 +3.944800000e+02 +3.944800000e+02
26994 0 +3.358337608e-08 +3.944800000e+02 +3.944800000e+02
26999 0 +3.105651558e-08 +3.944800000e+02 +3.944800000e+02
27002 0 +2.789744258e-08 +3.944800000e+02 +3.944800000e+02
27056 0 +2.211083938e-08 +3.944800000e+02 +3.944800000e+02
27066 0 +1.971113761e-08 +3.944800000e+02 +3.944800000e+02
27070 0 +1.607412514e-08 +3.944800000e+02 +3.944800000e+02
27073 0 +1.368618996e-08 +3.944800000e+02 +3.944800000e+02
27077 0 +1.107190428e-08 +3.944800000e+02 +3.944800000e+02
27080 0 +8.605240964e-09 +3.944800000e+02 +3.944800000e+02
27617 0 +9.094947018e-13 +3.944800000e+02 +3.944800000e+02
200000 0 +2.273736754e-13 +3.944800000e+02 +3.944800000e+02
% f evaluations | g evaluations | best noise-free fitness - Fopt (-2.471100000000e+02) + sum g_i+ | measured fitness | best measured fitness or single-digit g-values | x1 | x2...
1 0 +1.231669958e+02 -1.239430042e+02 -1.239430042e+02
2 0 +1.064722375e+02 -1.406377625e+02 -1.406377625e+02
20 0 +9.444514415e+01 -1.526648558e+02 -1.526648558e+02
5180 0 +8.687733830e+01 -1.602326617e+02 -1.602326617e+02
15500 0 +7.777134906e+01 -1.693386509e+02 -1.693386509e+02
25809 0 +6.751756297e+01 -1.795924370e+02 -1.795924370e+02
25811 0 +6.231643809e+01 -1.847935619e+02 -1.847935619e+02
25816 0 +5.485659032e+01 -1.922534097e+02 -1.922534097e+02
25822 0 +4.923530638e+01 -1.978746936e+02 -1.978746936e+02
25826 0 +4.380268046e+01 -2.033073195e+02 -2.033073195e+02
25828 0 +3.915391390e+01 -2.079560861e+02 -2.079560861e+02
25836 0 +3.066121317e+01 -2.164487868e+02 -2.164487868e+02
25840 0 +2.720361933e+01 -2.199063807e+02 -2.199063807e+02
25849 0 +2.353503967e+01 -2.235749603e+02 -2.235749603e+02
25851 0 +2.033651215e+01 -2.267734878e+02 -2.267734878e+02
25854 0 +1.870380038e+01 -2.284061996e+02 -2.284061996e+02
25856 0 +1.688185908e+01 -2.302281409e+02 -2.302281409e+02
25862 0 +1.423729091e+01 -2.328727091e+02 -2.328727091e+02
25864 0 +1.257736149e+01 -2.345326385e+02 -2.345326385e+02
25868 0 +9.931192286e+00 -2.371788077e+02 -2.371788077e+02
25876 0 +6.342170855e+00 -2.407678291e+02 -2.407678291e+02
25880 0 +4.887174372e+00 -2.422228256e+02 -2.422228256e+02
25891 0 +3.543131602e+00 -2.435668684e+02 -2.435668684e+02
25902 0 +2.901160789e+00 -2.442088392e+02 -2.442088392e+02
25908 0 +2.257588938e+00 -2.448524111e+02 -2.448524111e+02
25916 0 +1.370659219e+00 -2.457393408e+02 -2.457393408e+02
25970 0 +1.127104676e+00 -2.459828953e+02 -2.459828953e+02
25974 0 +1.061722799e+00 -2.460482772e+02 -2.460482772e+02
25976 0 +9.017261553e-01 -2.462082738e+02 -2.462082738e+02
25984 0 +8.227354506e-01 -2.462872645e+02 -2.462872645e+02
25986 0 +6.886598845e-01 -2.464213401e+02 -2.464213401e+02
25993 0 +5.092566587e-01 -2.466007433e+02 -2.466007433e+02
26002 0 +4.753969756e-01 -2.466346030e+02 -2.466346030e+02
26044 0 +4.167962303e-01 -2.466932038e+02 -2.466932038e+02
26046 0 +3.777114463e-01 -2.467322886e+02 -2.467322886e+02
26047 0 +3.447929442e-01 -2.467652071e+02 -2.467652071e+02
26053 0 +3.149027152e-01 -2.467950973e+02 -2.467950973e+02
26063 0 +2.645661015e-01 -2.468454339e+02 -2.468454339e+02
26067 0 +2.377155625e-01 -2.468722844e+02 -2.468722844e+02
26077 0 +2.077751471e-01 -2.469022249e+02 -2.469022249e+02
26080 0 +1.569318628e-01 -2.469530681e+02 -2.469530681e+02
26081 0 +1.112805371e-01 -2.469987195e+02 -2.469987195e+02
26131 0 +9.972810907e-02 -2.470102719e+02 -2.470102719e+02
26142 0 +8.790506212e-02 -2.470220949e+02 -2.470220949e+02
26145 0 +7.038569385e-02 -2.470396143e+02 -2.470396143e+02
26149 0 +5.322884266e-02 -2.470567712e+02 -2.470567712e+02
26152 0 +4.401850687e-02 -2.470659815e+02 -2.470659815e+02
26158 0 +3.482339766e-02 -2.470751766e+02 -2.470751766e+02
26208 0 +2.935628146e-02 -2.470806437e+02 -2.470806437e+02
26210 0 +2.687935011e-02 -2.470831206e+02 -2.470831206e+02
26213 0 +2.331811581e-02 -2.470866819e+02 -2.470866819e+02
26220 0 +2.004695848e-02 -2.470899530e+02 -2.470899530e+02
26221 0 +1.714558176e-02 -2.470928544e+02 -2.470928544e+02
26223 0 +1.528545098e-02 -2.470947145e+02 -2.470947145e+02
26227 0 +1.248413917e-02 -2.470975159e+02 -2.470975159e+02
26233 0 +9.615350732e-03 -2.471003846e+02 -2.471003846e+02
26235 0 +6.378613842e-03 -2.471036214e+02 -2.471036214e+02
26237 0 +6.022310979e-03 -2.471039777e+02 -2.471039777e+02
26292 0 +4.938592535e-03 -2.471050614e+02 -2.471050614e+02
26295 0 +4.182244644e-03 -2.471058178e+02 -2.471058178e+02
26311 0 +3.503571026e-03 -2.471064964e+02 -2.471064964e+02
26318 0 +2.703891719e-03 -2.471072961e+02 -2.471072961e+02
26319 0 +2.214487083e-03 -2.471077855e+02 -2.471077855e+02
26321 0 +1.397225060e-03 -2.471086028e+02 -2.471086028e+02
26366 0 +1.150226527e-03 -2.471088498e+02 -2.471088498e+02
26369 0 +1.036086311e-03 -2.471089639e+02 -2.471089639e+02
26378 0 +8.558523783e-04 -2.471091441e+02 -2.471091441e+02
26383 0 +6.009233470e-04 -2.471093991e+02 -2.471093991e+02
26388 0 +5.337974416e-04 -2.471094662e+02 -2.471094662e+02
26444 0 +4.586664218e-04 -2.471095413e+02 -2.471095413e+02
26460 0 +4.066702607e-04 -2.471095933e+02 -2.471095933e+02
26461 0 +3.495702765e-04 -2.471096504e+02 -2.471096504e+02
26465 0 +3.054962569e-04 -2.471096945e+02 -2.471096945e+02
26467 0 +2.609043869e-04 -2.471097391e+02 -2.471097391e+02
26472 0 +2.352881909e-04 -2.471097647e+02 -2.471097647e+02
26473 0 +1.822617416e-04 -2.471098177e+02 -2.471098177e+02
26476 0 +1.590529046e-04 -2.471098409e+02 -2.471098409e+02
26480 0 +9.806080004e-05 -2.471099019e+02 -2.471099019e+02
26527 0 +8.790317992e-05 -2.471099121e+02 -2.471099121e+02
26529 0 +7.464673121e-05 -2.471099254e+02 -2.471099254e+02
26531 0 +6.301912077e-05 -2.471099370e+02 -2.471099370e+02
26536 0 +4.401043432e-05 -2.471099560e+02 -2.471099560e+02
26550 0 +3.637224054e-05 -2.471099636e+02 -2.471099636e+02
26551 0 +3.390173325e-05 -2.471099661e+02 -2.471099661e+02
26555 0 +3.022754646e-05 -2.471099698e+02 -2.471099698e+02
26557 0 +2.323722285e-05 -2.471099768e+02 -2.471099768e+02
26562 0 +1.844473866e-05 -2.471099816e+02 -2.471099816e+02
26618 0 +1.449507027e-05 -2.471099855e+02 -2.471099855e+02
26626 0 +1.405462120e-05 -2.471099859e+02 -2.471099859e+02
26632 0 +1.077001625e-05 -2.471099892e+02 -2.471099892e+02
26636 0 +8.787458313e-06 -2.471099912e+02 -2.471099912e+02
26641 0 +7.039559563e-06 -2.471099930e+02 -2.471099930e+02
26694 0 +6.018655000e-06 -2.471099940e+02 -2.471099940e+02
26699 0 +5.328246175e-06 -2.471099947e+02 -2.471099947e+02
26704 0 +4.790491886e-06 -2.471099952e+02 -2.471099952e+02
26705 0 +4.055803601e-06 -2.471099959e+02 -2.471099959e+02
26707 0 +3.256383991e-06 -2.471099967e+02 -2.471099967e+02
26710 0 +2.496081578e-06 -2.471099975e+02 -2.471099975e+02
26717 0 +1.647329839e-06 -2.471099984e+02 -2.471099984e+02
26722 0 +1.404121633e-06 -2.471099986e+02 -2.471099986e+02
26772 0 +1.096372642e-06 -2.471099989e+02 -2.471099989e+02
26775 0 +9.761190256e-07 -2.471099990e+02 -2.471099990e+02
26793 0 +6.831733401e-07 -2.471099993e+02 -2.471099993e+02
26795 0 +4.626282077e-07 -2.471099995e+02 -2.471099995e+02
26801 0 +3.455041053e-07 -2.471099997e+02 -2.471099997e+02
26848 0 +3.160552922e-07 -2.471099997e+02 -2.471099997e+02
26849 0 +2.633939289e-07 -2.471099997e+02 -2.471099997e+02
26861 0 +1.982016045e-07 -2.471099998e+02 -2.471099998e+02
26863 0 +1.535940157e-07 -2.471099998e+02 -2.471099998e+02
26872 0 +1.289545537e-07 -2.471099999e+02 -2.471099999e+02
26924 0 +1.168127994e-07 -2.471099999e+02 -2.471099999e+02
26934 0 +1.003741090e-07 -2.471099999e+02 -2.471099999e+02
26936 0 +8.567596410e-08 -2.471099999e+02 -2.471099999e+02
26937 0 +7.630484333e-08 -2.471099999e+02 -2.471099999e+02
26939 0 +6.460629720e-08 -2.471099999e+02 -2.471099999e+02
26946 0 +5.199873954e-08 -2.471099999e+02 -2.471099999e+02
26948 0 +4.748261517e-08 -2.471100000e+02 -2.471100000e+02
26949 0 +3.807681992e-08 -2.471100000e+02 -2.471100000e+02
26951 0 +3.547603455e-08 -2.471100000e+02 -2.471100000e+02
26958 0 +3.011595595e-08 -2.471100000e+02 -2.471100000e+02
26961 0 +1.575543251e-08 -2.471100000e+02 -2.471100000e+02
27005 0 +1.254088033e-08 -2.471100000e+02 -2.471100000e+02
27008 0 +1.085817303e-08 -2.471100000e+02 -2.471100000e+02
27027 0 +9.347616015e-09 -2.471100000e+02 -2.471100000e+02
27572 0 +9.094947018e-13 -2.471100000e+02 -2.471100000e+02
200000 0 +8.526512829e-14 -2.471100000e+02 -2.471100000e+02
% f evaluations | g evaluations | best noise-free fitness - Fopt (-1.520400000000e+02) + sum g_i+ | measured fitness | best measured fitness or single-digit g-values | x1 | x2...
1 0 +1.096536352e+02 -4.238636480e+01 -4.238636480e+01
4 0 +1.047835348e+02 -4.725646522e+01 -4.725646522e+01
106 0 +9.827974474e+01 -5.376025526e+01 -5.376025526e+01
520 0 +8.870418286e+01 -6.333581714e+01 -6.333581714e+01
579 0 +7.783820502e+01 -7.420179498e+01 -7.420179498e+01
10289 0 +6.971632683e+01 -8.232367317e+01 -8.232367317e+01
16481 0 +6.102076224e+01 -9.101923776e+01 -9.101923776e+01
25807 0 +5.531285847e+01 -9.672714153e+01 -9.672714153e+01
25810 0 +4.971627706e+01 -1.023237229e+02 -1.023237229e+02
25820 0 +4.271753344e+01 -1.093224666e+02 -1.093224666e+02
25822 0 +3.837105620e+01 -1.136689438e+02 -1.136689438e+02
25825 0 +3.339792836e+01 -1.186420716e+02 -1.186420716e+02
25830 0 +2.787984922e+01 -1.241601508e+02 -1.241601508e+02
25836 0 +2.330377895e+01 -1.287362211e+02 -1.287362211e+02
25842 0 +2.064651632e+01 -1.313934837e+02 -1.313934837e+02
25847 0 +1.887568251e+01 -1.331643175e+02 -1.331643175e+02
25850 0 +1.528169846e+01 -1.367583015e+02 -1.367583015e+02
25852 0 +1.344405375e+01 -1.385959463e+02 -1.385959463e+02
25862 0 +1.110017386e+01 -1.409398261e+02 -1.409398261e+02
25865 0 +8.817440418e+00 -1.432225596e+02 -1.432225596e+02
25870 0 +6.261667698e+00 -1.457783323e+02 -1.457783323e+02
25876 0 +5.162101785e+00 -1.468778982e+02 -1.468778982e+02
25882 0 +4.507436507e+00 -1.475325635e+02 -1.475325635e+02
25890 0 +2.916049802e+00 -1.491239502e+02 -1.491239502e+02
25902 0 +2.574767267e+00 -1.494652327e+02 -1.494652327e+02
25905 0 +2.294631179e+00 -1.497453688e+02 -1.497453688e+02
25910 0 +1.741455812e+00 -1.502985442e+02 -1.502985442e+02
25966 0 +1.551106023e+00 -1.504888940e+02 -1.504888940e+02
25970 0 +1.371943784e+00 -1.506680562e+02 -1.506680562e+02
25972 0 +1.204095437e+00 -1.508359046e+02 -1.508359046e+02
25980 0 +9.050259921e-01 -1.511349740e+02 -1.511349740e+02
25981 0 +8.253425900e-01 -1.512146574e+02 -1.512146574e+02
25986 0 +7.150859649e-01 -1.513249140e+02 -1.513249140e+02
25992 0 +6.812262818e-01 -1.513587737e+02 -1.513587737e+02
25999 0 +5.182451187e-01 -1.515217549e+02 -1.515217549e+02
26044 0 +4.641883403e-01 -1.515758117e+02 -1.515758117e+02
26049 0 +4.239668455e-01 -1.516160332e+02 -1.516160332e+02
26057 0 +3.735775805e-01 -1.516664224e+02 -1.516664224e+02
26062 0 +3.508381143e-01 -1.516891619e+02 -1.516891619e+02
26069 0 +2.781413603e-01 -1.517618586e+02 -1.517618586e+02
26071 0 +2.324900345e-01 -1.518075100e+02 -1.518075100e+02
26074 0 +1.769191196e-01 -1.518630809e+02 -1.518630809e+02
26077 0 +1.388727272e-01 -1.519011273e+02 -1.519011273e+02
26081 0 +1.091701843e-01 -1.519308298e+02 -1.519308298e+02
26128 0 +9.223440980e-02 -1.519477656e+02 -1.519477656e+02
26131 0 +8.726062113e-02 -1.519527394e+02 -1.519527394e+02
26133 0 +7.794915287e-02 -1.519620508e+02 -1.519620508e+02
26136 0 +6.301232396e-02 -1.519769877e+02 -1.519769877e+02
26143 0 +5.098859304e-02 -1.519890114e+02 -1.519890114e+02
26146 0 +3.906972858e-02 -1.520009303e+02 -1.520009303e+02
26159 0 +2.623711708e-02 -1.520137629e+02 -1.520137629e+02
26162 0 +2.263041641e-02 -1.520173696e+02 -1.520173696e+02
26206 0 +2.052440468e-02 -1.520194756e+02 -1.520194756e+02
26210 0 +1.884580951e-02 -1.520211542e+02 -1.520211542e+02
26212 0 +1.742138089e-02 -1.520225786e+02 -1.520225786e+02
26218 0 +1.511781649e-02 -1.520248822e+02 -1.520248822e+02
26222 0 +1.334427288e-02 -1.520266557e+02 -1.520266557e+02
26236 0 +1.075551931e-02 -1.520292445e+02 -1.520292445e+02
26238 0 +8.533148537e-03 -1.520314669e+02 -1.520314669e+02
26241 0 +6.425175917e-03 -1.520335748e+02 -1.520335748e+02
26289 0 +6.198924893e-03 -1.520338011e+02 -1.520338011e+02
26294 0 +5.327683316e-03 -1.520346723e+02 -1.520346723e+02
26303 0 +4.277412062e-03 -1.520357226e+02 -1.520357226e+02
26308 0 +3.955567459e-03 -1.520360444e+02 -1.520360444e+02
26310 0 +3.291959798e-03 -1.520367080e+02 -1.520367080e+02
26311 0 +2.474697775e-03 -1.520375253e+02 -1.520375253e+02
26365 0 +2.067228902e-03 -1.520379328e+02 -1.520379328e+02
26370 0 +1.846478005e-03 -1.520381535e+02 -1.520381535e+02
26372 0 +1.734828534e-03 -1.520382652e+02 -1.520382652e+02
26377 0 +1.577346578e-03 -1.520384227e+02 -1.520384227e+02
26382 0 +1.378418360e-03 -1.520386216e+02 -1.520386216e+02
26385 0 +1.157072624e-03 -1.520388429e+02 -1.520388429e+02
26387 0 +1.073537240e-03 -1.520389265e+02 -1.520389265e+02
26393 0 +8.798541531e-04 -1.520391201e+02 -1.520391201e+02
26395 0 +7.040759253e-04 -1.520392959e+02 -1.520392959e+02
26397 0 +5.262955647e-04 -1.520394737e+02 -1.520394737e+02
26400 0 +4.191682098e-04 -1.520395808e+02 -1.520395808e+02
26402 0 +2.127883107e-04 -1.520397872e+02 -1.520397872e+02
26448 0 +1.744537841e-04 -1.520398255e+02 -1.520398255e+02
26453 0 +1.372271224e-04 -1.520398628e+02 -1.520398628e+02
26468 0 +1.178803929e-04 -1.520398821e+02 -1.520398821e+02
26469 0 +1.004390445e-04 -1.520398996e+02 -1.520398996e+02
26479 0 +9.288830080e-05 -1.520399071e+02 -1.520399071e+02
26532 0 +7.821649945e-05 -1.520399218e+02 -1.520399218e+02
26538 0 +6.489031139e-05 -1.520399351e+02 -1.520399351e+02
26547 0 +5.928507085e-05 -1.520399407e+02 -1.520399407e+02
26550 0 +5.272713975e-05 -1.520399473e+02 -1.520399473e+02
26552 0 +4.793465556e-05 -1.520399521e+02 -1.520399521e+02
26558 0 +4.465267091e-05 -1.520399553e+02 -1.520399553e+02
26560 0 +3.314943746e-05 -1.520399669e+02 -1.520399669e+02
26603 0 +3.148672187e-05 -1.520399685e+02 -1.520399685e+02
26610 0 +2.593197388e-05 -1.520399741e+02 -1.520399741e+02
26614 0 +2.245726392e-05 -1.520399775e+02 -1.520399775e+02
26616 0 +2.206804308e-05 -1.520399779e+02 -1.520399779e+02
26621 0 +1.960952335e-05 -1.520399804e+02 -1.520399804e+02
26631 0 +1.662839730e-05 -1.520399834e+02 -1.520399834e+02
26634 0 +1.410122394e-05 -1.520399859e+02 -1.520399859e+02
26635 0 +1.122720207e-05 -1.520399888e+02 -1.520399888e+02
26637 0 +8.102913625e-06 -1.520399919e+02 -1.520399919e+02
26641 0 +7.162841740e-06 -1.520399928e+02 -1.520399928e+02
26684 0 +7.039286714e-06 -1.520399930e+02 -1.520399930e+02
26695 0 +5.746216686e-06 -1.520399943e+02 -1.520399943e+02
26698 0 +5.084797749e-06 -1.520399949e+02 -1.520399949e+02
26699 0 +4.136735072e-06 -1.520399959e+02 -1.520399959e+02
26706 0 +3.628004265e-06 -1.520399964e+02 -1.520399964e+02
26707 0 +3.181606957e-06 -1.520399968e+02 -1.520399968e+02
26710 0 +2.497037002e-06 -1.520399975e+02 -1.520399975e+02
26722 0 +1.768951904e-06 -1.520399982e+02 -1.520399982e+02
26767 0 +1.361898825e-06 -1.520399986e+02 -1.520399986e+02
26771 0 +1.253995038e-06 -1.520399987e+02 -1.520399987e+02
26781 0 +1.024840259e-06 -1.520399990e+02 -1.520399990e+02
26784 0 +9.726557266e-07 -1.520399990e+02 -1.520399990e+02
26791 0 +8.400020590e-07 -1.520399992e+02 -1.520399992e+02
26793 0 +7.556107846e-07 -1.520399992e+02 -1.520399992e+02
26799 0 +5.224175084e-07 -1.520399995e+02 -1.520399995e+02
26846 0 +4.722503206e-07 -1.520399995e+02 -1.520399995e+02
26850 0 +4.205816140e-07 -1.520399996e+02 -1.520399996e+02
26857 0 +3.931467063e-07 -1.520399996e+02 -1.520399996e+02
26865 0 +3.029067557e-07 -1.520399997e+02 -1.520399997e+02
26867 0 +2.509894728e-07 -1.520399997e+02 -1.520399997e+02
26876 0 +1.659577720e-07 -1.520399998e+02 -1.520399998e+02
26878 0 +1.387194573e-07 -1.520399999e+02 -1.520399999e+02
26881 0 +8.089253356e-08 -1.520399999e+02 -1.520399999e+02
26931 0 +7.231989230e-08 -1.520399999e+02 -1.520399999e+02
26933 0 +6.568157573e-08 -1.520399999e+02 -1.520399999e+02
26936 0 +5.627578048e-08 -1.520399999e+02 -1.520399999e+02
26938 0 +4.820097388e-08 -1.520400000e+02 -1.520400000e+02
26950 0 +3.723229725e-08 -1.520400000e+02 -1.520400000e+02
26951 0 +2.287180223e-08 -1.520400000e+02 -1.520400000e+02
26953 0 +1.669448579e-08 -1.520400000e+02 -1.520400000e+02
26957 0 +1.539311256e-08 -1.520400000e+02 -1.520400000e+02
27003 0 +1.192492505e-08 -1.520400000e+02 -1.520400000e+02
27024 0 +8.721031008e-09 -1.520400000e+02 -1.520400000e+02
27592 0 +9.094947018e-13 -1.520400000e+02 -1.520400000e+02
200000 0 +5.684341886e-14 -1.520400000e+02 -1.520400000e+02
% f evaluations | g evaluations | best noise-free fitness - Fopt (-2.525000000000e+01) + sum g_i+ | measured fitness | best measured fitness or single-digit g-values | x1 | x2...
1 0 +7.197402816e+01 +4.672402816e+01 +4.672402816e+01
131 0 +6.559849711e+01 +4.034849711e+01 +4.034849711e+01
132 0 +6.083101609e+01 +3.558101609e+01 +3.558101609e+01
136 0 +5.401555644e+01 +2.876555644e+01 +2.876555644e+01
193 0 +4.944811252e+01 +2.419811252e+01 +2.419811252e+01
5296 0 +4.370644992e+01 +1.845644992e+01 +1.845644992e+01
11911 0 +3.952179407e+01 +1.427179407e+01 +1.427179407e+01
20897 0 +3.524115334e+01 +9.991153345e+00 +9.991153345e+00
25809 0 +2.898397416e+01 +3.733974163e+00 +3.733974163e+00
25815 0 +2.503165940e+01 -2.183406017e-01 -2.183406017e-01
25820 0 +2.077419581e+01 -4.475804191e+00 -4.475804191e+00
25821 0 +1.950639007e+01 -5.743609931e+00 -5.743609931e+00
25824 0 +1.745204437e+01 -7.797955627e+00 -7.797955627e+00
25827 0 +1.368739369e+01 -1.156260631e+01 -1.156260631e+01
25832 0 +1.060444289e+01 -1.464555711e+01 -1.464555711e+01
25837 0 +8.726122668e+00 -1.652387733e+01 -1.652387733e+01
25841 0 +7.415521601e+00 -1.783447840e+01 -1.783447840e+01
25849 0 +6.111022746e+00 -1.913897725e+01 -1.913897725e+01
25855 0 +4.161305335e+00 -2.108869467e+01 -2.108869467e+01
25857 0 +3.532444772e+00 -2.171755523e+01 -2.171755523e+01
25867 0 +2.958798473e+00 -2.229120153e+01 -2.229120153e+01
25872 0 +1.878445023e+00 -2.337155498e+01 -2.337155498e+01
25924 0 +1.637806341e+00 -2.361219366e+01 -2.361219366e+01
25925 0 +1.522444659e+00 -2.372755534e+01 -2.372755534e+01
25927 0 +1.351545205e+00 -2.389845479e+01 -2.389845479e+01
25932 0 +1.233763270e+00 -2.401623673e+01 -2.401623673e+01
25935 0 +1.009878571e+00 -2.424012143e+01 -2.424012143e+01
25940 0 +9.478497422e-01 -2.430215026e+01 -2.430215026e+01
25943 0 +7.233992447e-01 -2.452660076e+01 -2.452660076e+01
25954 0 +6.591198281e-01 -2.459088017e+01 -2.459088017e+01
25956 0 +5.397555500e-01 -2.471024445e+01 -2.471024445e+01
25957 0 +4.825298368e-01 -2.476747016e+01 -2.476747016e+01
25960 0 +3.718203007e-01 -2.487817970e+01 -2.487817970e+01
26009 0 +3.537010972e-01 -2.489629890e+01 -2.489629890e+01
26019 0 +2.879157839e-01 -2.496208422e+01 -2.496208422e+01
26028 0 +2.266011725e-01 -2.502339883e+01 -2.502339883e+01
26033 0 +1.961597135e-01 -2.505384029e+01 -2.505384029e+01
26038 0 +1.592923746e-01 -2.509070763e+01 -2.509070763e+01
26039 0 +1.520659753e-01 -2.509793402e+01 -2.509793402e+01
26041 0 +1.373215448e-01 -2.511267846e+01 -2.511267846e+01
26085 0 +1.241264162e-01 -2.512587358e+01 -2.512587358e+01
26090 0 +1.108795510e-01 -2.513912045e+01 -2.513912045e+01
26092 0 +9.707935884e-02 -2.515292064e+01 -2.515292064e+01
26093 0 +8.730816282e-02 -2.516269184e+01 -2.516269184e+01
26102 0 +7.330455900e-02 -2.517669544e+01 -2.517669544e+01
26106 0 +5.909276424e-02 -2.519090724e+01 -2.519090724e+01
26116 0 +4.447242421e-02 -2.520552758e+01 -2.520552758e+01
26120 0 +3.244033201e-02 -2.521755967e+01 -2.521755967e+01
26122 0 +2.416725545e-02 -2.522583274e+01 -2.522583274e+01
26167 0 +2.236143847e-02 -2.522763856e+01 -2.522763856e+01
26178 0 +1.864067116e-02 -2.523135933e+01 -2.523135933e+01
26180 0 +1.479839049e-02 -2.523520161e+01 -2.523520161e+01
26190 0 +1.340627307e-02 -2.523659373e+01 -2.523659373e+01
26192 0 +1.237667271e-02 -2.523762333e+01 -2.523762333e+01
26193 0 +8.677630921e-03 -2.524132237e+01 -2.524132237e+01
26197 0 +5.435739728e-03 -2.524456426e+01 -2.524456426e+01
26249 0 +4.686288583e-03 -2.524531371e+01 -2.524531371e+01
26254 0 +4.195595371e-03 -2.524580440e+01 -2.524580440e+01
26256 0 +3.520927936e-03 -2.524647907e+01 -2.524647907e+01
26264 0 +2.881622946e-03 -2.524711838e+01 -2.524711838e+01
26269 0 +2.599850918e-03 -2.524740015e+01 -2.524740015e+01
26271 0 +2.136820355e-03 -2.524786318e+01 -2.524786318e+01
26281 0 +1.271597278e-03 -2.524872840e+01 -2.524872840e+01
26323 0 +1.213367866e-03 -2.524878663e+01 -2.524878663e+01
26327 0 +9.445585840e-04 -2.524905544e+01 -2.524905544e+01
26347 0 +8.486143939e-04 -2.524915139e+01 -2.524915139e+01
26350 0 +7.450427233e-04 -2.524925496e+01 -2.524925496e+01
26359 0 +5.249080523e-04 -2.524947509e+01 -2.524947509e+01
26404 0 +4.929083367e-04 -2.524950709e+01 -2.524950709e+01
26411 0 +3.937849285e-04 -2.524960622e+01 -2.524960622e+01
26413 0 +3.331149679e-04 -2.524966689e+01 -2.524966689e+01
26422 0 +2.615202548e-04 -2.524973848e+01 -2.524973848e+01
26423 0 +2.380032386e-04 -2.524976200e+01 -2.524976200e+01
26425 0 +2.095240937e-04 -2.524979048e+01 -2.524979048e+01
26428 0 +1.921856549e-04 -2.524980781e+01 -2.524980781e+01
26431 0 +1.282138495e-04 -2.524987179e+01 -2.524987179e+01
26435 0 +9.873363813e-05 -2.524990127e+01 -2.524990127e+01
26438 0 +7.616908899e-05 -2.524992383e+01 -2.524992383e+01
26489 0 +6.807142823e-05 -2.524993193e+01 -2.524993193e+01
26496 0 +6.013102522e-05 -2.524993987e+01 -2.524993987e+01
26506 0 +5.557189518e-05 -2.524994443e+01 -2.524994443e+01
26507 0 +4.896250928e-05 -2.524995104e+01 -2.524995104e+01
26510 0 +3.834819694e-05 -2.524996165e+01 -2.524996165e+01
26517 0 +3.381336661e-05 -2.524996619e+01 -2.524996619e+01
26563 0 +3.035434155e-05 -2.524996965e+01 -2.524996965e+01
26565 0 +2.662197775e-05 -2.524997338e+01 -2.524997338e+01
26577 0 +2.362377614e-05 -2.524997638e+01 -2.524997638e+01
26583 0 +2.156417343e-05 -2.524997844e+01 -2.524997844e+01
26585 0 +1.826403852e-05 -2.524998174e+01 -2.524998174e+01
26588 0 +1.774908015e-05 -2.524998225e+01 -2.524998225e+01
26594 0 +1.493494519e-05 -2.524998507e+01 -2.524998507e+01
26595 0 +1.138454367e-05 -2.524998862e+01 -2.524998862e+01
26598 0 +9.563057706e-06 -2.524999044e+01 -2.524999044e+01
26600 0 +8.724531902e-06 -2.524999128e+01 -2.524999128e+01
26602 0 +5.506204385e-06 -2.524999449e+01 -2.524999449e+01
26647 0 +4.982786116e-06 -2.524999502e+01 -2.524999502e+01
26650 0 +4.098819051e-06 -2.524999590e+01 -2.524999590e+01
26655 0 +3.219181313e-06 -2.524999678e+01 -2.524999678e+01
26659 0 +3.095308426e-06 -2.524999690e+01 -2.524999690e+01
26667 0 +2.397874777e-06 -2.524999760e+01 -2.524999760e+01
26669 0 +2.186714369e-06 -2.524999781e+01 -2.524999781e+01
26679 0 +1.606894592e-06 -2.524999839e+01 -2.524999839e+01
26732 0 +1.413740758e-06 -2.524999859e+01 -2.524999859e+01
26738 0 +1.231359253e-06 -2.524999877e+01 -2.524999877e+01
26740 0 +1.054567488e-06 -2.524999895e+01 -2.524999895e+01
26744 0 +8.297547076e-07 -2.524999917e+01 -2.524999917e+01
26750 0 +6.966067048e-07 -2.524999930e+01 -2.524999930e+01
26752 0 +5.308848081e-07 -2.524999947e+01 -2.524999947e+01
26758 0 +3.015906422e-07 -2.524999970e+01 -2.524999970e+01
26808 0 +2.533990546e-07 -2.524999975e+01 -2.524999975e+01
26822 0 +2.054814203e-07 -2.524999979e+01 -2.524999979e+01
26828 0 +1.955361739e-07 -2.524999980e+01 -2.524999980e+01
26834 0 +1.421795659e-07 -2.524999986e+01 -2.524999986e+01
26840 0 +9.704589132e-08 -2.524999990e+01 -2.524999990e+01
26841 0 +8.156246523e-08 -2.524999992e+01 -2.524999992e+01
26884 0 +7.394383772e-08 -2.524999993e+01 -2.524999993e+01
26905 0 +6.108847828e-08 -2.524999994e+01 -2.524999994e+01
26907 0 +4.851183633e-08 -2.524999995e+01 -2.524999995e+01
26909 0 +3.703729945e-08 -2.524999996e+01 -2.524999996e+01
26911 0 +3.370623247e-08 -2.524999997e+01 -2.524999997e+01
26922 0 +2.461983328e-08 -2.524999998e+01 -2.524999998e+01
26971 0 +2.194918380e-08 -2.524999998e+01 -2.524999998e+01
26977 0 +1.766140656e-08 -2.524999998e+01 -2.524999998e+01
26980 0 +1.421307871e-08 -2.524999999e+01 -2.524999999e+01
26983 0 +1.326267451e-08 -2.524999999e+01 -2.524999999e+01
26992 0 +1.119807891e-08 -2.524999999e+01 -2.524999999e+01
26995 0 +8.421750408e-09 -2.524999999e+01 -2.524999999e+01
27537 0 +9.272582702e-13 -2.525000000e+01 -2.525000000e+01
200000 0 +1.065814104e-14 -2.525000000e+01 -2.525000000e+01
% f evaluations | g evaluations | best noise-free fitness - Fopt (-2.365000000000e+01) + sum g_i+ | measured fitness | best measured fitness or single-digit g-values | x1 | x2...
1 0 +1.176633926e+02 +9.401339264e+01 +9.401339264e+01
2 0 +1.149094822e+02 +9.125948225e+01 +9.125948225e+01
131 0 +1.044427199e+02 +8.079271985e+01 +8.079271985e+01
203 0 +9.903816841e+01 +7.538816841e+01 +7.538816841e+01
930 0 +8.864288678e+01 +6.499288678e+01 +6.499288678e+01
10739 0 +7.940156197e+01 +5.575156197e+01 +5.575156197e+01
17618 0 +7.045119390e+01 +4.680119390e+01 +4.680119390e+01
25814 0 +6.191631658e+01 +3.826631658e+01 +3.826631658e+01
25819 0 +5.325898574e+01 +2.960898574e+01 +2.960898574e+01
25824 0 +4.855002926e+01 +2.490002926e+01 +2.490002926e+01
25827 0 +4.220801341e+01 +1.855801341e+01 +1.855801341e+01
25833 0 +3.674977087e+01 +1.309977087e+01 +1.309977087e+01
25836 0 +3.301969349e+01 +9.369693491e+00 +9.369693491e+00
25837 0 +3.114854081e+01 +7.498540815e+00 +7.498540815e+00
25840 0 +2.711617412e+01 +3.466174120e+00 +3.466174120e+00
25842 0 +2.225446943e+01 -1.395530572e+00 -1.395530572e+00
25854 0 +1.948848483e+01 -4.161515170e+00 -4.161515170e+00
25859 0 +1.683894605e+01 -6.811053951e+00 -6.811053951e+00
25864 0 +1.557767524e+01 -8.072324763e+00 -8.072324763e+00
25867 0 +1.324085409e+01 -1.040914591e+01 -1.040914591e+01
25873 0 +1.026006782e+01 -1.338993218e+01 -1.338993218e+01
25876 0 +8.532587794e+00 -1.511741221e+01 -1.511741221e+01
25880 0 +6.502818453e+00 -1.714718155e+01 -1.714718155e+01
25882 0 +3.643711114e+00 -2.000628889e+01 -2.000628889e+01
25907 0 +3.458036304e+00 -2.019196370e+01 -2.019196370e+01
25913 0 +2.479847384e+00 -2.117015262e+01 -2.117015262e+01
25922 0 +1.596165410e+00 -2.205383459e+01 -2.205383459e+01
25968 0 +1.454235621e+00 -2.219576438e+01 -2.219576438e+01
25985 0 +1.278185443e+00 -2.237181456e+01 -2.237181456e+01
25988 0 +1.120698179e+00 -2.252930182e+01 -2.252930182e+01
25989 0 +8.867086702e-01 -2.276329133e+01 -2.276329133e+01
25996 0 +7.610474543e-01 -2.288895255e+01 -2.288895255e+01
25997 0 +5.764451234e-01 -2.307355488e+01 -2.307355488e+01
25999 0 +3.397064485e-01 -2.331029355e+01 -2.331029355e+01
26045 0 +3.083775682e-01 -2.334162243e+01 -2.334162243e+01
26055 0 +2.698440141e-01 -2.338015599e+01 -2.338015599e+01
26057 0 +2.413169512e-01 -2.340868305e+01 -2.340868305e+01
26059 0 +2.002644792e-01 -2.344973552e+01 -2.344973552e+01
26061 0 +1.518982379e-01 -2.349810176e+01 -2.349810176e+01
26072 0 +9.335280960e-02 -2.355664719e+01 -2.355664719e+01
26075 0 +8.715464479e-02 -2.356284536e+01 -2.356284536e+01
26127 0 +7.570121655e-02 -2.357429878e+01 -2.357429878e+01
26143 0 +5.878503941e-02 -2.359121496e+01 -2.359121496e+01
26146 0 +5.586170849e-02 -2.359413829e+01 -2.359413829e+01
26147 0 +4.829764901e-02 -2.360170235e+01 -2.360170235e+01
26156 0 +3.575143959e-02 -2.361424856e+01 -2.361424856e+01
26158 0 +3.496614686e-02 -2.361503385e+01 -2.361503385e+01
26204 0 +2.990108464e-02 -2.362009892e+01 -2.362009892e+01
26206 0 +2.599933587e-02 -2.362400066e+01 -2.362400066e+01
26210 0 +2.290377788e-02 -2.362709622e+01 -2.362709622e+01
26212 0 +1.953998401e-02 -2.363046002e+01 -2.363046002e+01
26216 0 +1.743940367e-02 -2.363256060e+01 -2.363256060e+01
26217 0 +1.421896092e-02 -2.363578104e+01 -2.363578104e+01
26220 0 +1.274811008e-02 -2.363725189e+01 -2.363725189e+01
26225 0 +1.029845258e-02 -2.363970155e+01 -2.363970155e+01
26237 0 +6.650482773e-03 -2.364334952e+01 -2.364334952e+01
26242 0 +3.965807094e-03 -2.364603419e+01 -2.364603419e+01
26302 0 +2.854231603e-03 -2.364714577e+01 -2.364714577e+01
26307 0 +1.941047471e-03 -2.364805895e+01 -2.364805895e+01
26367 0 +1.608109432e-03 -2.364839189e+01 -2.364839189e+01
26375 0 +1.399881463e-03 -2.364860012e+01 -2.364860012e+01
26386 0 +1.155667757e-03 -2.364884433e+01 -2.364884433e+01
26389 0 +9.327684697e-04 -2.364906723e+01 -2.364906723e+01
26391 0 +7.742508134e-04 -2.364922575e+01 -2.364922575e+01
26394 0 +6.576185437e-04 -2.364934238e+01 -2.364934238e+01
26395 0 +5.146909282e-04 -2.364948531e+01 -2.364948531e+01
26400 0 +3.345862907e-04 -2.364966541e+01 -2.364966541e+01
26401 0 +2.723821563e-04 -2.364972762e+01 -2.364972762e+01
26449 0 +2.106271040e-04 -2.364978937e+01 -2.364978937e+01
26458 0 +1.780547853e-04 -2.364982195e+01 -2.364982195e+01
26464 0 +1.637983780e-04 -2.364983620e+01 -2.364983620e+01
26482 0 +1.303526563e-04 -2.364986965e+01 -2.364986965e+01
26523 0 +1.255234771e-04 -2.364987448e+01 -2.364987448e+01
26537 0 +1.112524259e-04 -2.364988875e+01 -2.364988875e+01
26539 0 +9.623036663e-05 -2.364990377e+01 -2.364990377e+01
26543 0 +8.100910541e-05 -2.364991899e+01 -2.364991899e+01
26546 0 +6.604804085e-05 -2.364993395e+01 -2.364993395e+01
26552 0 +5.984163904e-05 -2.364994016e+01 -2.364994016e+01
26554 0 +4.596217690e-05 -2.364995404e+01 -2.364995404e+01
26556 0 +3.585826489e-05 -2.364996414e+01 -2.364996414e+01
26558 0 +2.659647234e-05 -2.364997340e+01 -2.364997340e+01
26604 0 +2.410932574e-05 -2.364997589e+01 -2.364997589e+01
26610 0 +2.230062588e-05 -2.364997770e+01 -2.364997770e+01
26614 0 +1.868676446e-05 -2.364998131e+01 -2.364998131e+01
26618 0 +1.548595148e-05 -2.364998451e+01 -2.364998451e+01
26640 0 +1.084969486e-05 -2.364998915e+01 -2.364998915e+01
26642 0 +7.166257696e-06 -2.364999283e+01 -2.364999283e+01
26683 0 +6.913875737e-06 -2.364999309e+01 -2.364999309e+01
26687 0 +6.240860845e-06 -2.364999376e+01 -2.364999376e+01
26695 0 +5.308018764e-06 -2.364999469e+01 -2.364999469e+01
26701 0 +4.495216697e-06 -2.364999550e+01 -2.364999550e+01
26704 0 +3.668078609e-06 -2.364999633e+01 -2.364999633e+01
26707 0 +2.823546591e-06 -2.364999718e+01 -2.364999718e+01
26710 0 +2.431059603e-06 -2.364999757e+01 -2.364999757e+01
26712 0 +1.834371982e-06 -2.364999817e+01 -2.364999817e+01
26715 0 +1.495611489e-06 -2.364999850e+01 -2.364999850e+01
26717 0 +9.463211370e-07 -2.364999905e+01 -2.364999905e+01
26764 0 +8.337839077e-07 -2.364999917e+01 -2.364999917e+01
26770 0 +7.612861204e-07 -2.364999924e+01 -2.364999924e+01
26771 0 +5.420946891e-07 -2.364999946e+01 -2.364999946e+01
26777 0 +4.488475156e-07 -2.364999955e+01 -2.364999955e+01
26789 0 +4.063628012e-07 -2.364999959e+01 -2.364999959e+01
26796 0 +3.370148391e-07 -2.364999966e+01 -2.364999966e+01
26849 0 +2.993758095e-07 -2.364999970e+01 -2.364999970e+01
26856 0 +2.704249660e-07 -2.364999973e+01 -2.364999973e+01
26870 0 +2.189268073e-07 -2.364999978e+01 -2.364999978e+01
26871 0 +1.890525567e-07 -2.364999981e+01 -2.364999981e+01
26873 0 +1.612881597e-07 -2.364999984e+01 -2.364999984e+01
26875 0 +1.362800894e-07 -2.364999986e+01 -2.364999986e+01
26878 0 +9.455652261e-08 -2.364999991e+01 -2.364999991e+01
26924 0 +8.134272633e-08 -2.364999992e+01 -2.364999992e+01
26925 0 +7.756366216e-08 -2.364999992e+01 -2.364999992e+01
26927 0 +6.803936614e-08 -2.364999993e+01 -2.364999993e+01
26937 0 +5.599905961e-08 -2.364999994e+01 -2.364999994e+01
26956 0 +4.864960701e-08 -2.364999995e+01 -2.364999995e+01
26959 0 +3.826835382e-08 -2.364999996e+01 -2.364999996e+01
27009 0 +3.429959605e-08 -2.364999997e+01 -2.364999997e+01
27013 0 +3.159879114e-08 -2.364999997e+01 -2.364999997e+01
27016 0 +2.809120758e-08 -2.364999997e+01 -2.364999997e+01
27024 0 +2.229987572e-08 -2.364999998e+01 -2.364999998e+01
27028 0 +1.789975812e-08 -2.364999998e+01 -2.364999998e+01
27029 0 +1.631929791e-08 -2.364999998e+01 -2.364999998e+01
27032 0 +1.259747506e-08 -2.364999999e+01 -2.364999999e+01
27033 0 +9.386504018e-09 -2.364999999e+01 -2.364999999e+01
27596 0 +9.130474155e-13 -2.365000000e+01 -2.365000000e+01
200000 0 +7.105427358e-15 -2.365000000e+01 -2.365000000e+01
% f evaluations | g evaluations | best noise-free fitness - Fopt (1.000000000000e+03) + sum g_i+ | measured fitness | best measured fitness or single-digit g-values | x1 | x2...
1 0 +1.476585011e+02 +1.147658501e+03 +1.147658501e+03
76 0 +1.430297174e+02 +1.143029717e+03 +1.143029717e+03
131 0 +1.358778192e+02 +1.135877819e+03 +1.135877819e+03
135 0 +1.230245396e+02 +1.123024540e+03 +1.123024540e+03
205 0 +1.067982312e+02 +1.106798231e+03 +1.106798231e+03
15659 0 +9.933120107e+01 +1.099331201e+03 +1.099331201e+03
25811 0 +8.774784824e+01 +1.087747848e+03 +1.087747848e+03
25817 0 +7.923074692e+01 +1.079230747e+03 +1.079230747e+03
25822 0 +6.971066944e+01 +1.069710669e+03 +1.069710669e+03
25828 0 +6.126553841e+01 +1.061265538e+03 +1.061265538e+03
25831 0 +5.301305079e+01 +1.053013051e+03 +1.053013051e+03
25833 0 +4.894619957e+01 +1.048946200e+03 +1.048946200e+03
25837 0 +4.311971815e+01 +1.043119718e+03 +1.043119718e+03
25841 0 +3.635823018e+01 +1.036358230e+03 +1.036358230e+03
25844 0 +3.423689466e+01 +1.034236895e+03 +1.034236895e+03
25849 0 +3.053919070e+01 +1.030539191e+03 +1.030539191e+03
25853 0 +2.725901021e+01 +1.027259010e+03 +1.027259010e+03
25860 0 +2.476830126e+01 +1.024768301e+03 +1.024768301e+03
25862 0 +2.120313590e+01 +1.021203136e+03 +1.021203136e+03
25866 0 +1.939465749e+01 +1.019394657e+03 +1.019394657e+03
25869 0 +1.753131106e+01 +1.017531311e+03 +1.017531311e+03
25871 0 +1.451850402e+01 +1.014518504e+03 +1.014518504e+03
25873 0 +1.245425015e+01 +1.012454250e+03 +1.012454250e+03
25877 0 +9.840101715e+00 +1.009840102e+03 +1.009840102e+03
25881 0 +7.083808455e+00 +1.007083808e+03 +1.007083808e+03
25884 0 +6.965070287e+00 +1.006965070e+03 +1.006965070e+03
25893 0 +5.170397347e+00 +1.005170397e+03 +1.005170397e+03
25902 0 +3.607829337e+00 +1.003607829e+03 +1.003607829e+03
25911 0 +2.597619645e+00 +1.002597620e+03 +1.002597620e+03
25917 0 +1.924412050e+00 +1.001924412e+03 +1.001924412e+03
25921 0 +1.448949253e+00 +1.001448949e+03 +1.001448949e+03
25963 0 +1.257993667e+00 +1.001257994e+03 +1.001257994e+03
25971 0 +1.035860978e+00 +1.001035861e+03 +1.001035861e+03
25980 0 +8.119762797e-01 +1.000811976e+03 +1.000811976e+03
25982 0 +7.816662822e-01 +1.000781666e+03 +1.000781666e+03
25994 0 +5.621698708e-01 +1.000562170e+03 +1.000562170e+03
25999 0 +4.509617561e-01 +1.000450962e+03 +1.000450962e+03
26002 0 +4.383684858e-01 +1.000438368e+03 +1.000438368e+03
26048 0 +3.798974343e-01 +1.000379897e+03 +1.000379897e+03
26058 0 +3.058520118e-01 +1.000305852e+03 +1.000305852e+03
26061 0 +2.584258433e-01 +1.000258426e+03 +1.000258426e+03
26064 0 +2.226941068e-01 +1.000222694e+03 +1.000222694e+03
26067 0 +1.921657457e-01 +1.000192166e+03 +1.000192166e+03
26078 0 +1.573100136e-01 +1.000157310e+03 +1.000157310e+03
26081 0 +9.404837153e-02 +1.000094048e+03 +1.000094048e+03
26129 0 +8.760389738e-02 +1.000087604e+03 +1.000087604e+03
26134 0 +7.520357965e-02 +1.000075204e+03 +1.000075204e+03
26136 0 +6.708821624e-02 +1.000067088e+03 +1.000067088e+03
26146 0 +5.784192454e-02 +1.000057842e+03 +1.000057842e+03
26149 0 +4.395770590e-02 +1.000043958e+03 +1.000043958e+03
26156 0 +3.354837783e-02 +1.000033548e+03 +1.000033548e+03
26159 0 +2.139164096e-02 +1.000021392e+03 +1.000021392e+03
26204 0 +1.788182840e-02 +1.000017882e+03 +1.000017882e+03
26210 0 +1.719274252e-02 +1.000017193e+03 +1.000017193e+03
26223 0 +1.439170779e-02 +1.000014392e+03 +1.000014392e+03
26227 0 +1.067094048e-02 +1.000010671e+03 +1.000010671e+03
26237 0 +7.650904629e-03 +1.000007651e+03 +1.000007651e+03
26289 0 +6.744636160e-03 +1.000006745e+03 +1.000006745e+03
26292 0 +5.960468165e-03 +1.000005960e+03 +1.000005960e+03
26295 0 +5.055816801e-03 +1.000005056e+03 +1.000005056e+03
26297 0 +4.772953820e-03 +1.000004773e+03 +1.000004773e+03
26299 0 +4.098286384e-03 +1.000004098e+03 +1.000004098e+03
26302 0 +3.181742275e-03 +1.000003182e+03 +1.000003182e+03
26305 0 +2.559822985e-03 +1.000002560e+03 +1.000002560e+03
26313 0 +1.610887612e-03 +1.000001611e+03 +1.000001611e+03
26315 0 +1.279727415e-03 +1.000001280e+03 +1.000001280e+03
26365 0 +1.171760066e-03 +1.000001172e+03 +1.000001172e+03
26373 0 +9.981714358e-04 +1.000000998e+03 +1.000000998e+03
26384 0 +8.620308702e-04 +1.000000862e+03 +1.000000862e+03
26396 0 +7.598379095e-04 +1.000000760e+03 +1.000000760e+03
26400 0 +5.682262245e-04 +1.000000568e+03 +1.000000568e+03
26402 0 +4.191442138e-04 +1.000000419e+03 +1.000000419e+03
26448 0 +3.571113225e-04 +1.000000357e+03 +1.000000357e+03
26450 0 +3.320900087e-04 +1.000000332e+03 +1.000000332e+03
26460 0 +3.078122800e-04 +1.000000308e+03 +1.000000308e+03
26463 0 +2.632550445e-04 +1.000000263e+03 +1.000000263e+03
26466 0 +2.353916034e-04 +1.000000235e+03 +1.000000235e+03
26469 0 +1.859348694e-04 +1.000000186e+03 +1.000000186e+03
26471 0 +1.774319859e-04 +1.000000177e+03 +1.000000177e+03
26475 0 +1.557563578e-04 +1.000000156e+03 +1.000000156e+03
26478 0 +1.054598906e-04 +1.000000105e+03 +1.000000105e+03
26523 0 +9.564409629e-05 +1.000000096e+03 +1.000000096e+03
26525 0 +8.393086421e-05 +1.000000084e+03 +1.000000084e+03
26531 0 +7.223367800e-05 +1.000000072e+03 +1.000000072e+03
26534 0 +6.668888136e-05 +1.000000067e+03 +1.000000067e+03
26538 0 +5.621093817e-05 +1.000000056e+03 +1.000000056e+03
26539 0 +4.827053510e-05 +1.000000048e+03 +1.000000048e+03
26552 0 +3.589648691e-05 +1.000000036e+03 +1.000000036e+03
26556 0 +3.145569565e-05 +1.000000031e+03 +1.000000031e+03
26561 0 +2.289038241e-05 +1.000000023e+03 +1.000000023e+03
26610 0 +2.045470524e-05 +1.000000020e+03 +1.000000020e+03
26613 0 +1.940745221e-05 +1.000000019e+03 +1.000000019e+03
26626 0 +1.517677561e-05 +1.000000015e+03 +1.000000015e+03
26628 0 +1.304156308e-05 +1.000000013e+03 +1.000000013e+03
26635 0 +1.144230737e-05 +1.000000011e+03 +1.000000011e+03
26639 0 +8.656208820e-06 +1.000000009e+03 +1.000000009e+03
26692 0 +7.612989862e-06 +1.000000008e+03 +1.000000008e+03
26695 0 +6.603820452e-06 +1.000000007e+03 +1.000000007e+03
26700 0 +5.478930007e-06 +1.000000005e+03 +1.000000005e+03
26702 0 +4.529398780e-06 +1.000000005e+03 +1.000000005e+03
26703 0 +3.734308393e-06 +1.000000004e+03 +1.000000004e+03
26710 0 +3.232010386e-06 +1.000000003e+03 +1.000000003e+03
26711 0 +3.124062800e-06 +1.000000003e+03 +1.000000003e+03
26717 0 +2.571446430e-06 +1.000000003e+03 +1.000000003e+03
26722 0 +1.848036163e-06 +1.000000002e+03 +1.000000002e+03
26766 0 +1.607759486e-06 +1.000000002e+03 +1.000000002e+03
26767 0 +1.458220368e-06 +1.000000001e+03 +1.000000001e+03
26769 0 +1.350955131e-06 +1.000000001e+03 +1.000000001e+03
26778 0 +1.211768222e-06 +1.000000001e+03 +1.000000001e+03
26787 0 +1.029386681e-06 +1.000000001e+03 +1.000000001e+03
26792 0 +8.446322681e-07 +1.000000001e+03 +1.000000001e+03
26794 0 +6.318704209e-07 +1.000000001e+03 +1.000000001e+03
26795 0 +4.707846983e-07 +1.000000000e+03 +1.000000000e+03
26798 0 +4.307221388e-07 +1.000000000e+03 +1.000000000e+03
26844 0 +3.680468126e-07 +1.000000000e+03 +1.000000000e+03
26851 0 +3.410584668e-07 +1.000000000e+03 +1.000000000e+03
26854 0 +2.929189122e-07 +1.000000000e+03 +1.000000000e+03
26856 0 +2.583435617e-07 +1.000000000e+03 +1.000000000e+03
26865 0 +2.322142336e-07 +1.000000000e+03 +1.000000000e+03
26869 0 +1.787425390e-07 +1.000000000e+03 +1.000000000e+03
26877 0 +1.390917532e-07 +1.000000000e+03 +1.000000000e+03
26879 0 +8.923973382e-08 +1.000000000e+03 +1.000000000e+03
26928 0 +8.186293599e-08 +1.000000000e+03 +1.000000000e+03
26929 0 +6.996708635e-08 +1.000000000e+03 +1.000000000e+03
26938 0 +5.141112069e-08 +1.000000000e+03 +1.000000000e+03
26944 0 +4.635376172e-08 +1.000000000e+03 +1.000000000e+03
26946 0 +4.368234841e-08 +1.000000000e+03 +1.000000000e+03
26956 0 +3.919228675e-08 +1.000000000e+03 +1.000000000e+03
26961 0 +2.517492703e-08 +1.000000000e+03 +1.000000000e+03
27003 0 +2.473848326e-08 +1.000000000e+03 +1.000000000e+03
27015 0 +2.040258096e-08 +1.000000000e+03 +1.000000000e+03
27019 0 +1.942805739e-08 +1.000000000e+03 +1.000000000e+03
27025 0 +1.583214271e-08 +1.000000000e+03 +1.000000000e+03
27028 0 +1.251885351e-08 +1.000000000e+03 +1.000000000e+03
27031 0 +9.502286957e-09 +1.000000000e+03 +1.000000000e+03
27578 0 +9.094947018e-13 +1.000000000e+03 +1.000000000e+03
200000 0 +2.273736754e-13 +1.000000000e+03 +1.000000000e+03
% f evaluations | g evaluations | best noise-free fitness - Fopt (-2.390000000000e+00) + sum g_i+ | measured fitness | best measured fitness or single-digit g-values | x1 | x2...
1 0 +6.902050368e+01 +6.663050368e+01 +6.663050368e+01
11 0 +6.110955933e+01 +5.871955933e+01 +5.871955933e+01
398 0 +5.391677289e+01 +5.152677289e+01 +5.152677289e+01
1517 0 +4.878418371e+01 +4.639418371e+01 +4.639418371e+01
2575 0 +4.376198403e+01 +4.137198403e+01 +4.137198403e+01
8767 0 +3.822019196e+01 +3.583019196e+01 +3.583019196e+01
13927 0 +3.439783988e+01 +3.200783988e+01 +3.200783988e+01
19087 0 +3.102949797e+01 +2.863949797e+01 +2.863949797e+01
25814 0 +2.599727439e+01 +2.360727439e+01 +2.360727439e+01
25817 0 +2.320891469e+01 +2.081891469e+01 +2.081891469e+01
25820 0 +2.031968956e+01 +1.792968956e+01 +1.792968956e+01
25827 0 +1.684379736e+01 +1.445379736e+01 +1.445379736e+01
25830 0 +1.453968964e+01 +1.214968964e+01 +1.214968964e+01
25831 0 +1.281558790e+01 +1.042558790e+01 +1.042558790e+01
25834 0 +1.251844427e+01 +1.012844427e+01 +1.012844427e+01
25839 0 +9.063443590e+00 +6.673443590e+00 +6.673443590e+00
25841 0 +7.544519406e+00 +5.154519406e+00 +5.154519406e+00
25846 0 +6.653088512e+00 +4.263088512e+00 +4.263088512e+00
25854 0 +5.118040099e+00 +2.728040099e+00 +2.728040099e+00
25857 0 +4.332277752e+00 +1.942277752e+00 +1.942277752e+00
25860 0 +3.445649974e+00 +1.055649974e+00 +1.055649974e+00
25867 0 +2.080311653e+00 -3.096883472e-01 -3.096883472e-01
25870 0 +1.778801287e+00 -6.111987128e-01 -6.111987128e-01
25879 0 +1.357768763e+00 -1.032231237e+00 -1.032231237e+00
25936 0 +1.247882580e+00 -1.142117420e+00 -1.142117420e+00
25941 0 +1.051536175e+00 -1.338463825e+00 -1.338463825e+00
25949 0 +9.453246622e-01 -1.444675338e+00 -1.444675338e+00
25951 0 +8.342477986e-01 -1.555752201e+00 -1.555752201e+00
25953 0 +7.324949452e-01 -1.657505055e+00 -1.657505055e+00
25955 0 +6.259389759e-01 -1.764061024e+00 -1.764061024e+00
26007 0 +5.367942743e-01 -1.853205726e+00 -1.853205726e+00
26010 0 +4.748946901e-01 -1.915105310e+00 -1.915105310e+00
26013 0 +4.031178594e-01 -1.986882141e+00 -1.986882141e+00
26015 0 +3.654717267e-01 -2.024528273e+00 -2.024528273e+00
26024 0 +3.347923953e-01 -2.055207605e+00 -2.055207605e+00
26025 0 +2.755322414e-01 -2.114467759e+00 -2.114467759e+00
26027 0 +2.471034976e-01 -2.142896502e+00 -2.142896502e+00
26034 0 +2.155595975e-01 -2.174440403e+00 -2.174440403e+00
26039 0 +1.617942998e-01 -2.228205700e+00 -2.228205700e+00
26042 0 +1.034571747e-01 -2.286542825e+00 -2.286542825e+00
26091 0 +9.654726436e-02 -2.293452736e+00 -2.293452736e+00
26098 0 +8.525051490e-02 -2.304749485e+00 -2.304749485e+00
26109 0 +7.426688910e-02 -2.315733111e+00 -2.315733111e+00
26111 0 +6.214296502e-02 -2.327857035e+00 -2.327857035e+00
26113 0 +5.235004348e-02 -2.337649957e+00 -2.337649957e+00
26115 0 +4.135634298e-02 -2.348643657e+00 -2.348643657e+00
26117 0 +2.660362685e-02 -2.363396373e+00 -2.363396373e+00
26165 0 +2.364821340e-02 -2.366351787e+00 -2.366351787e+00
26168 0 +2.212629702e-02 -2.367873703e+00 -2.367873703e+00
26176 0 +1.934749356e-02 -2.370652506e+00 -2.370652506e+00
26179 0 +1.609188538e-02 -2.373908115e+00 -2.373908115e+00
26182 0 +1.325592532e-02 -2.376744075e+00 -2.376744075e+00
26184 0 +9.497415420e-03 -2.380502585e+00 -2.380502585e+00
26187 0 +6.301552418e-03 -2.383698448e+00 -2.383698448e+00
26200 0 +5.236824468e-03 -2.384763176e+00 -2.384763176e+00
26243 0 +4.463519233e-03 -2.385536481e+00 -2.385536481e+00
26251 0 +3.496999836e-03 -2.386503000e+00 -2.386503000e+00
26270 0 +2.709416004e-03 -2.387290584e+00 -2.387290584e+00
26274 0 +2.224154172e-03 -2.387775846e+00 -2.387775846e+00
26279 0 +1.593620315e-03 -2.388406380e+00 -2.388406380e+00
26328 0 +1.457598904e-03 -2.388542401e+00 -2.388542401e+00
26333 0 +1.241419572e-03 -2.388758580e+00 -2.388758580e+00
26335 0 +1.088655439e-03 -2.388911345e+00 -2.388911345e+00
26338 0 +8.988501807e-04 -2.389101150e+00 -2.389101150e+00
26341 0 +8.744671413e-04 -2.389125533e+00 -2.389125533e+00
26352 0 +6.787538595e-04 -2.389321246e+00 -2.389321246e+00
26355 0 +5.250029526e-04 -2.389474997e+00 -2.389474997e+00
26361 0 +4.824836946e-04 -2.389517516e+00 -2.389517516e+00
26406 0 +4.241094267e-04 -2.389575891e+00 -2.389575891e+00
26422 0 +3.543365996e-04 -2.389645663e+00 -2.389645663e+00
26426 0 +3.116693516e-04 -2.389688331e+00 -2.389688331e+00
26429 0 +2.554385836e-04 -2.389744561e+00 -2.389744561e+00
26434 0 +1.952375469e-04 -2.389804762e+00 -2.389804762e+00
26439 0 +1.449852772e-04 -2.389855015e+00 -2.389855015e+00
26442 0 +9.426833354e-05 -2.389905732e+00 -2.389905732e+00
26484 0 +8.398125079e-05 -2.389916019e+00 -2.389916019e+00
26487 0 +7.215078777e-05 -2.389927849e+00 -2.389927849e+00
26492 0 +5.890640712e-05 -2.389941094e+00 -2.389941094e+00
26496 0 +5.126162434e-05 -2.389948738e+00 -2.389948738e+00
26499 0 +4.640798186e-05 -2.389953592e+00 -2.389953592e+00
26510 0 +4.396615527e-05 -2.389956034e+00 -2.389956034e+00
26516 0 +3.611137388e-05 -2.389963889e+00 -2.389963889e+00
26518 0 +2.349698907e-05 -2.389976503e+00 -2.389976503e+00
26569 0 +2.199177244e-05 -2.389978008e+00 -2.389978008e+00
26577 0 +1.897987052e-05 -2.389981020e+00 -2.389981020e+00
26580 0 +1.758704044e-05 -2.389982413e+00 -2.389982413e+00
26585 0 +1.583914168e-05 -2.389984161e+00 -2.389984161e+00
26588 0 +1.257927476e-05 -2.389987421e+00 -2.389987421e+00
26589 0 +9.420752336e-06 -2.389990579e+00 -2.389990579e+00
26591 0 +7.147353295e-06 -2.389992853e+00 -2.389992853e+00
26643 0 +6.854385491e-06 -2.389993146e+00 -2.389993146e+00
26654 0 +5.839596760e-06 -2.389994160e+00 -2.389994160e+00
26655 0 +4.886053961e-06 -2.389995114e+00 -2.389995114e+00
26661 0 +4.058529039e-06 -2.389995941e+00 -2.389995941e+00
26664 0 +3.581494594e-06 -2.389996419e+00 -2.389996419e+00
26666 0 +3.022652754e-06 -2.389996977e+00 -2.389996977e+00
26675 0 +2.121609608e-06 -2.389997878e+00 -2.389997878e+00
26680 0 +1.718753508e-06 -2.389998281e+00 -2.389998281e+00
26681 0 +1.373981643e-06 -2.389998626e+00 -2.389998626e+00
26728 0 +1.089447761e-06 -2.389998911e+00 -2.389998911e+00
26729 0 +9.518718107e-07 -2.389999048e+00 -2.389999048e+00
26740 0 +8.268426255e-07 -2.389999173e+00 -2.389999173e+00
26752 0 +6.787967770e-07 -2.389999321e+00 -2.389999321e+00
26757 0 +5.844974242e-07 -2.389999416e+00 -2.389999416e+00
26759 0 +5.471972671e-07 -2.389999453e+00 -2.389999453e+00
26762 0 +4.808549914e-07 -2.389999519e+00 -2.389999519e+00
26805 0 +4.413473547e-07 -2.389999559e+00 -2.389999559e+00
26812 0 +3.894402387e-07 -2.389999611e+00 -2.389999611e+00
26818 0 +3.481536148e-07 -2.389999652e+00 -2.389999652e+00
26822 0 +3.064218466e-07 -2.389999694e+00 -2.389999694e+00
26824 0 +2.468452873e-07 -2.389999753e+00 -2.389999753e+00
26825 0 +2.075095917e-07 -2.389999792e+00 -2.389999792e+00
26827 0 +1.972185930e-07 -2.389999803e+00 -2.389999803e+00
26830 0 +1.742595330e-07 -2.389999826e+00 -2.389999826e+00
26840 0 +1.206951841e-07 -2.389999879e+00 -2.389999879e+00
26841 0 +9.418427016e-08 -2.389999906e+00 -2.389999906e+00
26884 0 +8.604370683e-08 -2.389999914e+00 -2.389999914e+00
26890 0 +7.372951094e-08 -2.389999926e+00 -2.389999926e+00
26900 0 +5.839713157e-08 -2.389999942e+00 -2.389999942e+00
26908 0 +4.862211789e-08 -2.389999951e+00 -2.389999951e+00
26911 0 +3.737831200e-08 -2.389999963e+00 -2.389999963e+00
26917 0 +2.872398674e-08 -2.389999971e+00 -2.389999971e+00
26922 0 +2.705893065e-08 -2.389999973e+00 -2.389999973e+00
26965 0 +2.430212476e-08 -2.389999976e+00 -2.389999976e+00
26967 0 +2.222742390e-08 -2.389999978e+00 -2.389999978e+00
26974 0 +1.993882792e-08 -2.389999980e+00 -2.389999980e+00
26981 0 +1.707705755e-08 -2.389999983e+00 -2.389999983e+00
26986 0 +1.572059682e-08 -2.389999984e+00 -2.389999984e+00
26990 0 +1.371095992e-08 -2.389999986e+00 -2.389999986e+00
26993 0 +1.030527264e-08 -2.389999990e+00 -2.389999990e+00
26999 0 +9.372881138e-09 -2.389999991e+00 -2.389999991e+00
27537 0 +8.268941087e-13 -2.390000000e+00 -2.390000000e+00
200000 0 +1.332267630e-15 -2.390000000e+00 -2.390000000e+00
% f evaluations | g evaluations | best noise-free fitness - Fopt (1.000000000000e+03) + sum g_i+ | measured fitness | best measured fitness or single-digit g-values | x1 | x2...
1 0 +8.609584832e+01 +1.086095848e+03 +1.086095848e+03
2 0 +8.591402008e+01 +1.085914020e+03 +1.085914020e+03
8 0 +7.912478113e+01 +1.079124781e+03 +1.079124781e+03
782 0 +6.503226922e+01 +1.065032269e+03 +1.065032269e+03
1298 0 +6.303271127e+01 +1.063032711e+03 +1.063032711e+03
5942 0 +5.490871597e+01 +1.054908716e+03 +1.054908716e+03
11102 0 +4.823554543e+01 +1.048235545e+03 +1.048235545e+03
15519 0 +4.426933749e+01 +1.044269337e+03 +1.044269337e+03
21436 0 +3.867849566e+01 +1.038678496e+03 +1.038678496e+03
25809 0 +3.432152835e+01 +1.034321528e+03 +1.034321528e+03
25812 0 +3.142910114e+01 +1.031429101e+03 +1.031429101e+03
25821 0 +2.569224049e+01 +1.025692240e+03 +1.025692240e+03
25824 0 +2.311681892e+01 +1.023116819e+03 +1.023116819e+03
25825 0 +2.237138448e+01 +1.022371384e+03 +1.022371384e+03
25830 0 +1.841171407e+01 +1.018411714e+03 +1.018411714e+03
25834 0 +1.548320130e+01 +1.015483201e+03 +1.015483201e+03
25840 0 +1.161780407e+01 +1.011617804e+03 +1.011617804e+03
25842 0 +8.633684947e+00 +1.008633685e+03 +1.008633685e+03
25849 0 +7.110232041e+00 +1.007110232e+03 +1.007110232e+03
25852 0 +6.220402186e+00 +1.006220402e+03 +1.006220402e+03
25861 0 +5.467008220e+00 +1.005467008e+03 +1.005467008e+03
25864 0 +4.894184008e+00 +1.004894184e+03 +1.004894184e+03
25870 0 +3.941913647e+00 +1.003941914e+03 +1.003941914e+03
25874 0 +3.015998226e+00 +1.003015998e+03 +1.003015998e+03
25880 0 +2.362933986e+00 +1.002362934e+03 +1.002362934e+03
25882 0 +1.381412215e+00 +1.001381412e+03 +1.001381412e+03
25924 0 +1.169338669e+00 +1.001169339e+03 +1.001169339e+03
25925 0 +1.010748945e+00 +1.001010749e+03 +1.001010749e+03
25927 0 +7.634525486e-01 +1.000763453e+03 +1.000763453e+03
25935 0 +6.753085233e-01 +1.000675309e+03 +1.000675309e+03
25938 0 +6.102285874e-01 +1.000610229e+03 +1.000610229e+03
25940 0 +4.790074901e-01 +1.000479007e+03 +1.000479007e+03
25956 0 +3.586917224e-01 +1.000358692e+03 +1.000358692e+03
26009 0 +3.113740302e-01 +1.000311374e+03 +1.000311374e+03
26016 0 +2.685990468e-01 +1.000268599e+03 +1.000268599e+03
26017 0 +2.385578474e-01 +1.000238558e+03 +1.000238558e+03
26022 0 +1.796110511e-01 +1.000179611e+03 +1.000179611e+03
26023 0 +1.350736023e-01 +1.000135074e+03 +1.000135074e+03
26039 0 +1.067879852e-01 +1.000106788e+03 +1.000106788e+03
26086 0 +9.949954066e-02 +1.000099500e+03 +1.000099500e+03
26098 0 +8.897175659e-02 +1.000088972e+03 +1.000088972e+03
26099 0 +7.484115545e-02 +1.000074841e+03 +1.000074841e+03
26105 0 +5.988830948e-02 +1.000059888e+03 +1.000059888e+03
26112 0 +4.891633451e-02 +1.000048916e+03 +1.000048916e+03
26116 0 +3.448268440e-02 +1.000034483e+03 +1.000034483e+03
26118 0 +2.407335632e-02 +1.000024073e+03 +1.000024073e+03
26120 0 +2.066678548e-02 +1.000020667e+03 +1.000020667e+03
26163 0 +1.979671814e-02 +1.000019797e+03 +1.000019797e+03
26171 0 +1.647413907e-02 +1.000016474e+03 +1.000016474e+03
26174 0 +1.431900483e-02 +1.000014319e+03 +1.000014319e+03
26176 0 +1.360303913e-02 +1.000013603e+03 +1.000013603e+03
26177 0 +1.000406225e-02 +1.000010004e+03 +1.000010004e+03
26184 0 +9.404455596e-03 +1.000009404e+03 +1.000009404e+03
26193 0 +8.604325090e-03 +1.000008604e+03 +1.000008604e+03
26199 0 +6.396287557e-03 +1.000006396e+03 +1.000006396e+03
26244 0 +5.853490487e-03 +1.000005853e+03 +1.000005853e+03
26246 0 +5.009210103e-03 +1.000005009e+03 +1.000005009e+03
26250 0 +4.079106460e-03 +1.000004079e+03 +1.000004079e+03
26255 0 +3.459258572e-03 +1.000003459e+03 +1.000003459e+03
26263 0 +2.781231159e-03 +1.000002781e+03 +1.000002781e+03
26269 0 +2.226927041e-03 +1.000002227e+03 +1.000002227e+03
26274 0 +1.458663082e-03 +1.000001459e+03 +1.000001459e+03
26277 0 +1.127502885e-03 +1.000001128e+03 +1.000001128e+03
26333 0 +9.329133918e-04 +1.000000933e+03 +1.000000933e+03
26352 0 +7.837049438e-04 +1.000000784e+03 +1.000000784e+03
26358 0 +7.048273575e-04 +1.000000705e+03 +1.000000705e+03
26360 0 +5.234636866e-04 +1.000000523e+03 +1.000000523e+03
26361 0 +4.589072136e-04 +1.000000459e+03 +1.000000459e+03
26403 0 +4.112632175e-04 +1.000000411e+03 +1.000000411e+03
26412 0 +3.653970638e-04 +1.000000365e+03 +1.000000365e+03
26416 0 +3.370157721e-04 +1.000000337e+03 +1.000000337e+03
26420 0 +3.034620257e-04 +1.000000303e+03 +1.000000303e+03
26421 0 +2.510023537e-04 +1.000000251e+03 +1.000000251e+03
26430 0 +1.923987095e-04 +1.000000192e+03 +1.000000192e+03
26433 0 +1.534968172e-04 +1.000000153e+03 +1.000000153e+03
26435 0 +1.388836314e-04 +1.000000139e+03 +1.000000139e+03
26437 0 +1.172080034e-04 +1.000000117e+03 +1.000000117e+03
26442 0 +8.837181872e-05 +1.000000088e+03 +1.000000088e+03
26488 0 +7.857685171e-05 +1.000000079e+03 +1.000000079e+03
26503 0 +6.488546774e-05 +1.000000065e+03 +1.000000065e+03
26506 0 +5.852513993e-05 +1.000000059e+03 +1.000000059e+03
26511 0 +4.999143607e-05 +1.000000050e+03 +1.000000050e+03
26516 0 +4.201942374e-05 +1.000000042e+03 +1.000000042e+03
26518 0 +3.757863249e-05 +1.000000038e+03 +1.000000038e+03
26566 0 +3.311116450e-05 +1.000000033e+03 +1.000000033e+03
26574 0 +3.069729189e-05 +1.000000031e+03 +1.000000031e+03
26576 0 +2.742162030e-05 +1.000000027e+03 +1.000000027e+03
26579 0 +2.265296382e-05 +1.000000023e+03 +1.000000023e+03
26585 0 +2.201347638e-05 +1.000000022e+03 +1.000000022e+03
26587 0 +1.898934272e-05 +1.000000019e+03 +1.000000019e+03
26594 0 +1.698871642e-05 +1.000000017e+03 +1.000000017e+03
26597 0 +1.538946071e-05 +1.000000015e+03 +1.000000015e+03
26600 0 +1.181725850e-05 +1.000000012e+03 +1.000000012e+03
26602 0 +8.427863577e-06 +1.000000008e+03 +1.000000008e+03
26644 0 +7.698973263e-06 +1.000000008e+03 +1.000000008e+03
26647 0 +6.929179335e-06 +1.000000007e+03 +1.000000007e+03
26651 0 +5.441499752e-06 +1.000000005e+03 +1.000000005e+03
26664 0 +4.434087259e-06 +1.000000004e+03 +1.000000004e+03
26666 0 +3.798918215e-06 +1.000000004e+03 +1.000000004e+03
26670 0 +2.977578106e-06 +1.000000003e+03 +1.000000003e+03
26672 0 +2.246265581e-06 +1.000000002e+03 +1.000000002e+03
26673 0 +2.158093139e-06 +1.000000002e+03 +1.000000002e+03
26675 0 +1.286357815e-06 +1.000000001e+03 +1.000000001e+03
26678 0 +1.131072850e-06 +1.000000001e+03 +1.000000001e+03
26733 0 +1.018356329e-06 +1.000000001e+03 +1.000000001e+03
26737 0 +8.325497447e-07 +1.000000001e+03 +1.000000001e+03
26741 0 +6.572869324e-07 +1.000000001e+03 +1.000000001e+03
26754 0 +4.626449481e-07 +1.000000000e+03 +1.000000000e+03
26757 0 +3.015592256e-07 +1.000000000e+03 +1.000000000e+03
26805 0 +2.727919082e-07 +1.000000000e+03 +1.000000000e+03
26810 0 +2.278854936e-07 +1.000000000e+03 +1.000000000e+03
26815 0 +2.162462351e-07 +1.000000000e+03 +1.000000000e+03
26820 0 +1.822866125e-07 +1.000000000e+03 +1.000000000e+03
26825 0 +1.620327339e-07 +1.000000000e+03 +1.000000000e+03
26828 0 +1.222750825e-07 +1.000000000e+03 +1.000000000e+03
26883 0 +1.089426860e-07 +1.000000000e+03 +1.000000000e+03
26893 0 +8.692791198e-08 +1.000000000e+03 +1.000000000e+03
26896 0 +7.616506537e-08 +1.000000000e+03 +1.000000000e+03
26903 0 +6.760546967e-08 +1.000000000e+03 +1.000000000e+03
26906 0 +6.281186415e-08 +1.000000000e+03 +1.000000000e+03
26911 0 +4.800631359e-08 +1.000000000e+03 +1.000000000e+03
26918 0 +4.351625194e-08 +1.000000000e+03 +1.000000000e+03
26921 0 +3.100058166e-08 +1.000000000e+03 +1.000000000e+03
26965 0 +2.753893114e-08 +1.000000000e+03 +1.000000000e+03
26978 0 +2.465390025e-08 +1.000000000e+03 +1.000000000e+03
26979 0 +2.195338311e-08 +1.000000000e+03 +1.000000000e+03
26981 0 +1.869614152e-08 +1.000000000e+03 +1.000000000e+03
26985 0 +1.736282229e-08 +1.000000000e+03 +1.000000000e+03
26990 0 +1.326975507e-08 +1.000000000e+03 +1.000000000e+03
26993 0 +1.148919182e-08 +1.000000000e+03 +1.000000000e+03
26996 0 +1.002069894e-08 +1.000000000e+03 +1.000000000e+03
26997 0 +8.535607776e-09 +1.000000000e+03 +1.000000000e+03
27555 0 +9.094947018e-13 +1.000000000e+03 +1.000000000e+03
200000 0 +4.547473509e-13 +1.000000000e+03 +1.000000000e+03
% f evaluations | g evaluations | best noise-free fitness - Fopt (-2.304000000000e+01) + sum g_i+ | measured fitness | best measured fitness or single-digit g-values | x1 | x2...
1 0 +1.092523923e+02 +8.621239232e+01 +8.621239232e+01
134 0 +9.994853057e+01 +7.690853057e+01 +7.690853057e+01
141 0 +8.504410797e+01 +6.200410797e+01 +6.200410797e+01
5301 0 +7.856484139e+01 +5.552484139e+01 +5.552484139e+01
16005 0 +7.042930581e+01 +4.738930581e+01 +4.738930581e+01
25807 0 +6.202674560e+01 +3.898674560e+01 +3.898674560e+01
25811 0 +5.595339725e+01 +3.291339725e+01 +3.291339725e+01
25815 0 +4.898377427e+01 +2.594377427e+01 +2.594377427e+01
25817 0 +4.446148976e+01 +2.142148976e+01 +2.142148976e+01
25825 0 +3.752293606e+01 +1.448293606e+01 +1.448293606e+01
25830 0 +3.399329548e+01 +1.095329548e+01 +1.095329548e+01
25832 0 +3.066858785e+01 +7.628587852e+00 +7.628587852e+00
25834 0 +2.794426970e+01 +4.904269696e+00 +4.904269696e+00
25838 0 +2.195608338e+01 -1.083916624e+00 -1.083916624e+00
25841 0 +1.935710768e+01 -3.682892316e+00 -3.682892316e+00
25847 0 +1.747563472e+01 -5.564365282e+00 -5.564365282e+00
25851 0 +1.540748108e+01 -7.632518921e+00 -7.632518921e+00
25855 0 +1.244305280e+01 -1.059694720e+01 -1.059694720e+01
25857 0 +9.923365646e+00 -1.311663435e+01 -1.311663435e+01
25865 0 +8.074861275e+00 -1.496513873e+01 -1.496513873e+01
25870 0 +6.547818054e+00 -1.649218195e+01 -1.649218195e+01
25872 0 +5.225707776e+00 -1.781429222e+01 -1.781429222e+01
25874 0 +4.503986974e+00 -1.853601303e+01 -1.853601303e+01
25875 0 +4.036831309e+00 -1.900316869e+01 -1.900316869e+01
25878 0 +2.520995360e+00 -2.051900464e+01 -2.051900464e+01
25881 0 +2.324227122e+00 -2.071577288e+01 -2.071577288e+01
25895 0 +1.621416843e+00 -2.141858316e+01 -2.141858316e+01
25897 0 +1.104327041e+00 -2.193567296e+01 -2.193567296e+01
25965 0 +9.861946781e-01 -2.205380532e+01 -2.205380532e+01
25973 0 +8.653803318e-01 -2.217461967e+01 -2.217461967e+01
25990 0 +7.854835093e-01 -2.225451649e+01 -2.225451649e+01
26002 0 +5.593325362e-01 -2.248066746e+01 -2.248066746e+01
26046 0 +4.932363831e-01 -2.254676362e+01 -2.254676362e+01
26058 0 +4.031435596e-01 -2.263685644e+01 -2.263685644e+01
26064 0 +3.680613720e-01 -2.267193863e+01 -2.267193863e+01
26067 0 +3.391548146e-01 -2.270084519e+01 -2.270084519e+01
26069 0 +2.828474486e-01 -2.275715255e+01 -2.275715255e+01
26072 0 +2.652257154e-01 -2.277477428e+01 -2.277477428e+01
26075 0 +2.037046653e-01 -2.283629533e+01 -2.283629533e+01
26077 0 +1.445954818e-01 -2.289540452e+01 -2.289540452e+01
26080 0 +1.072741236e-01 -2.293272588e+01 -2.293272588e+01
26130 0 +9.792756553e-02 -2.294207243e+01 -2.294207243e+01
26131 0 +8.253671733e-02 -2.295746328e+01 -2.295746328e+01
26133 0 +6.797842256e-02 -2.297202158e+01 -2.297202158e+01
26135 0 +5.835359672e-02 -2.298164640e+01 -2.298164640e+01
26141 0 +5.486191046e-02 -2.298513809e+01 -2.298513809e+01
26151 0 +4.683547213e-02 -2.299316453e+01 -2.299316453e+01
26154 0 +3.484683096e-02 -2.300515317e+01 -2.300515317e+01
26161 0 +2.589609311e-02 -2.301410391e+01 -2.301410391e+01
26203 0 +2.393863939e-02 -2.301606136e+01 -2.301606136e+01
26206 0 +2.110243923e-02 -2.301889756e+01 -2.301889756e+01
26207 0 +1.781749103e-02 -2.302218251e+01 -2.302218251e+01
26209 0 +1.750432430e-02 -2.302249568e+01 -2.302249568e+01
26222 0 +1.402792067e-02 -2.302597208e+01 -2.302597208e+01
26223 0 +1.106449870e-02 -2.302893550e+01 -2.302893550e+01
26227 0 +7.749182313e-03 -2.303225082e+01 -2.303225082e+01
26239 0 +4.851442647e-03 -2.303514856e+01 -2.303514856e+01
26290 0 +4.030195275e-03 -2.303596980e+01 -2.303596980e+01
26296 0 +3.502909518e-03 -2.303649709e+01 -2.303649709e+01
26311 0 +2.449765119e-03 -2.303755023e+01 -2.303755023e+01
26322 0 +1.685110787e-03 -2.303831489e+01 -2.303831489e+01
26364 0 +1.441101162e-03 -2.303855890e+01 -2.303855890e+01
26377 0 +1.404353595e-03 -2.303859565e+01 -2.303859565e+01
26381 0 +1.129077232e-03 -2.303887092e+01 -2.303887092e+01
26390 0 +9.814223353e-04 -2.303901858e+01 -2.303901858e+01
26393 0 +7.687986877e-04 -2.303923120e+01 -2.303923120e+01
26395 0 +5.587642927e-04 -2.303944124e+01 -2.303944124e+01
26400 0 +4.262985656e-04 -2.303957370e+01 -2.303957370e+01
26446 0 +3.773456513e-04 -2.303962265e+01 -2.303962265e+01
26454 0 +3.533403336e-04 -2.303964666e+01 -2.303964666e+01
26455 0 +3.018185092e-04 -2.303969818e+01 -2.303969818e+01
26458 0 +2.469163645e-04 -2.303975308e+01 -2.303975308e+01
26464 0 +1.700653744e-04 -2.303982993e+01 -2.303982993e+01
26468 0 +1.566789744e-04 -2.303984332e+01 -2.303984332e+01
26478 0 +1.086445301e-04 -2.303989136e+01 -2.303989136e+01
26481 0 +9.925320458e-05 -2.303990075e+01 -2.303990075e+01
26529 0 +8.827149534e-05 -2.303991173e+01 -2.303991173e+01
26533 0 +7.640433734e-05 -2.303992360e+01 -2.303992360e+01
26547 0 +6.227922105e-05 -2.303993772e+01 -2.303993772e+01
26549 0 +5.335712929e-05 -2.303994664e+01 -2.303994664e+01
26551 0 +3.840321076e-05 -2.303996160e+01 -2.303996160e+01
26559 0 +2.568382664e-05 -2.303997432e+01 -2.303997432e+01
26562 0 +1.510088410e-05 -2.303998490e+01 -2.303998490e+01
26610 0 +1.295243607e-05 -2.303998705e+01 -2.303998705e+01
26620 0 +1.174660993e-05 -2.303998825e+01 -2.303998825e+01
26622 0 +9.009437949e-06 -2.303999099e+01 -2.303999099e+01
26634 0 +8.849834629e-06 -2.303999115e+01 -2.303999115e+01
26685 0 +7.801299216e-06 -2.303999220e+01 -2.303999220e+01
26689 0 +6.965697569e-06 -2.303999303e+01 -2.303999303e+01
26691 0 +6.088799889e-06 -2.303999391e+01 -2.303999391e+01
26699 0 +5.414623203e-06 -2.303999459e+01 -2.303999459e+01
26708 0 +4.677362455e-06 -2.303999532e+01 -2.303999532e+01
26710 0 +4.043146902e-06 -2.303999596e+01 -2.303999596e+01
26713 0 +3.168035729e-06 -2.303999683e+01 -2.303999683e+01
26715 0 +2.454752842e-06 -2.303999755e+01 -2.303999755e+01
26717 0 +1.693496873e-06 -2.303999831e+01 -2.303999831e+01
26721 0 +1.474494017e-06 -2.303999853e+01 -2.303999853e+01
26770 0 +1.295098830e-06 -2.303999870e+01 -2.303999870e+01
26774 0 +1.107396127e-06 -2.303999889e+01 -2.303999889e+01
26775 0 +9.907488057e-07 -2.303999901e+01 -2.303999901e+01
26777 0 +8.412097365e-07 -2.303999916e+01 -2.303999916e+01
26781 0 +7.855973614e-07 -2.303999921e+01 -2.303999921e+01
26785 0 +5.563059418e-07 -2.303999944e+01 -2.303999944e+01
26800 0 +4.751315039e-07 -2.303999952e+01 -2.303999952e+01
26802 0 +3.459047235e-07 -2.303999965e+01 -2.303999965e+01
26846 0 +3.081774480e-07 -2.303999969e+01 -2.303999969e+01
26859 0 +2.589973818e-07 -2.303999974e+01 -2.303999974e+01
26862 0 +2.152611422e-07 -2.303999978e+01 -2.303999978e+01
26863 0 +1.580300797e-07 -2.303999984e+01 -2.303999984e+01
26869 0 +1.375378105e-07 -2.303999986e+01 -2.303999986e+01
26879 0 +1.177175442e-07 -2.303999988e+01 -2.303999988e+01
26928 0 +1.028909047e-07 -2.303999990e+01 -2.303999990e+01
26935 0 +8.864958545e-08 -2.303999991e+01 -2.303999991e+01
26947 0 +6.662762075e-08 -2.303999993e+01 -2.303999993e+01
26950 0 +6.195324076e-08 -2.303999994e+01 -2.303999994e+01
26955 0 +4.739544579e-08 -2.303999995e+01 -2.303999995e+01
26958 0 +3.810885119e-08 -2.303999996e+01 -2.303999996e+01
26960 0 +3.273575189e-08 -2.303999997e+01 -2.303999997e+01
26961 0 +2.028090762e-08 -2.303999998e+01 -2.303999998e+01
27005 0 +1.852234277e-08 -2.303999998e+01 -2.303999998e+01
27009 0 +1.483584455e-08 -2.303999999e+01 -2.303999999e+01
27012 0 +1.369002334e-08 -2.303999999e+01 -2.303999999e+01
27013 0 +1.104196556e-08 -2.303999999e+01 -2.303999999e+01
27029 0 +9.350959118e-09 -2.303999999e+01 -2.303999999e+01
27580 0 +8.881784197e-13 -2.304000000e+01 -2.304000000e+01
200000 0 +1.776356839e-14 -2.304000000e+01 -2.304000000e+01
% f evaluations | g evaluations | best noise-free fitness - Fopt (1.084500000000e+02) + sum g_i+ | measured fitness | best measured fitness or single-digit g-values | x1 | x2...
1 0 +1.090434918e+02 +2.174934918e+02 +2.174934918e+02
25 0 +1.056007052e+02 +2.140507052e+02 +2.140507052e+02
131 0 +9.568997927e+01 +2.041399793e+02 +2.041399793e+02
154 0 +8.507844088e+01 +1.935284409e+02 +1.935284409e+02
283 0 +7.465699133e+01 +1.831069913e+02 +1.831069913e+02
5443 0 +7.005461853e+01 +1.785046185e+02 +1.785046185e+02
17698 0 +6.194005920e+01 +1.703900592e+02 +1.703900592e+02
25811 0 +5.351068028e+01 +1.619606803e+02 +1.619606803e+02
25815 0 +4.812448448e+01 +1.565744845e+02 +1.565744845e+02
25820 0 +4.221981671e+01 +1.506698167e+02 +1.506698167e+02
25821 0 +3.901432426e+01 +1.474643243e+02 +1.474643243e+02
25830 0 +3.388909775e+01 +1.423390977e+02 +1.423390977e+02
25834 0 +3.088619888e+01 +1.393361989e+02 +1.393361989e+02
25836 0 +2.813146099e+01 +1.365814610e+02 +1.365814610e+02
25840 0 +2.465499726e+01 +1.331049973e+02 +1.331049973e+02
25842 0 +1.967161363e+01 +1.281216136e+02 +1.281216136e+02
25851 0 +1.704152922e+01 +1.254915292e+02 +1.254915292e+02
25855 0 +1.566052812e+01 +1.241105281e+02 +1.241105281e+02
25860 0 +1.275018755e+01 +1.212001875e+02 +1.212001875e+02
25861 0 +1.154729245e+01 +1.199972924e+02 +1.199972924e+02
25870 0 +9.261356927e+00 +1.177113569e+02 +1.177113569e+02
25874 0 +8.261055408e+00 +1.167110554e+02 +1.167110554e+02
25876 0 +7.508914872e+00 +1.159589149e+02 +1.159589149e+02
25880 0 +6.109647761e+00 +1.145596478e+02 +1.145596478e+02
25882 0 +3.128861489e+00 +1.115788615e+02 +1.115788615e+02
25900 0 +2.221118268e+00 +1.106711183e+02 +1.106711183e+02
25910 0 +1.937780103e+00 +1.103877801e+02 +1.103877801e+02
25922 0 +9.595911831e-01 +1.094095912e+02 +1.094095912e+02
25976 0 +8.771220078e-01 +1.093271220e+02 +1.093271220e+02
25988 0 +7.239849487e-01 +1.091739849e+02 +1.091739849e+02
25989 0 +6.153293622e-01 +1.090653294e+02 +1.090653294e+02
25998 0 +4.023043258e-01 +1.088523043e+02 +1.088523043e+02
26045 0 +3.483411847e-01 +1.087983412e+02 +1.087983412e+02
26050 0 +2.859441302e-01 +1.087359441e+02 +1.087359441e+02
26051 0 +2.429978603e-01 +1.086929979e+02 +1.086929979e+02
26055 0 +1.995971222e-01 +1.086495971e+02 +1.086495971e+02
26070 0 +1.913437481e-01 +1.086413437e+02 +1.086413437e+02
26071 0 +1.406514342e-01 +1.085906514e+02 +1.085906514e+02
26080 0 +1.037404929e-01 +1.085537405e+02 +1.085537405e+02
26124 0 +8.874990432e-02 +1.085387499e+02 +1.085387499e+02
26128 0 +7.907591899e-02 +1.085290759e+02 +1.085290759e+02
26141 0 +6.952165792e-02 +1.085195217e+02 +1.085195217e+02
26144 0 +5.614812504e-02 +1.085061481e+02 +1.085061481e+02
26147 0 +4.256617672e-02 +1.084925662e+02 +1.084925662e+02
26149 0 +3.104757192e-02 +1.084810476e+02 +1.084810476e+02
26155 0 +1.554809613e-02 +1.084655481e+02 +1.084655481e+02
26216 0 +1.366691040e-02 +1.084636669e+02 +1.084636669e+02
26219 0 +1.173101738e-02 +1.084617310e+02 +1.084617310e+02
26226 0 +1.028486324e-02 +1.084602849e+02 +1.084602849e+02
26237 0 +9.533732102e-03 +1.084595337e+02 +1.084595337e+02
26239 0 +7.027498562e-03 +1.084570275e+02 +1.084570275e+02
26287 0 +6.249404319e-03 +1.084562494e+02 +1.084562494e+02
26291 0 +5.232264301e-03 +1.084552323e+02 +1.084552323e+02
26293 0 +4.828057552e-03 +1.084548281e+02 +1.084548281e+02
26295 0 +4.292118976e-03 +1.084542921e+02 +1.084542921e+02
26302 0 +3.737307800e-03 +1.084537373e+02 +1.084537373e+02
26305 0 +3.482554133e-03 +1.084534826e+02 +1.084534826e+02
26308 0 +2.711964588e-03 +1.084527120e+02 +1.084527120e+02
26312 0 +2.149847646e-03 +1.084521498e+02 +1.084521498e+02
26318 0 +1.547582474e-03 +1.084515476e+02 +1.084515476e+02
26374 0 +1.387426994e-03 +1.084513874e+02 +1.084513874e+02
26379 0 +1.147911423e-03 +1.084511479e+02 +1.084511479e+02
26383 0 +1.108399240e-03 +1.084511084e+02 +1.084511084e+02
26386 0 +9.913183888e-04 +1.084509913e+02 +1.084509913e+02
26389 0 +7.737812118e-04 +1.084507738e+02 +1.084507738e+02
26400 0 +6.669665427e-04 +1.084506670e+02 +1.084506670e+02
26401 0 +5.503342729e-04 +1.084505503e+02 +1.084505503e+02
26448 0 +4.910798112e-04 +1.084504911e+02 +1.084504911e+02
26450 0 +4.422390422e-04 +1.084504422e+02 +1.084504422e+02
26451 0 +3.835709533e-04 +1.084503836e+02 +1.084503836e+02
26453 0 +3.436336873e-04 +1.084503436e+02 +1.084503436e+02
26456 0 +2.942750678e-04 +1.084502943e+02 +1.084502943e+02
26457 0 +2.806329355e-04 +1.084502806e+02 +1.084502806e+02
26461 0 +2.335214092e-04 +1.084502335e+02 +1.084502335e+02
26464 0 +1.921630796e-04 +1.084501922e+02 +1.084501922e+02
26471 0 +1.333148022e-04 +1.084501333e+02 +1.084501333e+02
26477 0 +1.005378317e-04 +1.084501005e+02 +1.084501005e+02
26479 0 +9.283074506e-05 +1.084500928e+02 +1.084500928e+02
26523 0 +8.485158668e-05 +1.084500849e+02 +1.084500849e+02
26525 0 +7.190306582e-05 +1.084500719e+02 +1.084500719e+02
26538 0 +6.344552669e-05 +1.084500634e+02 +1.084500634e+02
26546 0 +4.945391922e-05 +1.084500495e+02 +1.084500495e+02
26547 0 +3.882737522e-05 +1.084500388e+02 +1.084500388e+02
26560 0 +2.740231322e-05 +1.084500274e+02 +1.084500274e+02
26561 0 +1.352285109e-05 +1.084500135e+02 +1.084500135e+02
26604 0 +1.229363581e-05 +1.084500123e+02 +1.084500123e+02
26614 0 +1.081899832e-05 +1.084500108e+02 +1.084500108e+02
26623 0 +9.699626759e-06 +1.084500097e+02 +1.084500097e+02
26638 0 +6.434915420e-06 +1.084500064e+02 +1.084500064e+02
26683 0 +6.094610228e-06 +1.084500061e+02 +1.084500061e+02
26689 0 +5.515316545e-06 +1.084500055e+02 +1.084500055e+02
26695 0 +4.783160080e-06 +1.084500048e+02 +1.084500048e+02
26697 0 +4.032806359e-06 +1.084500040e+02 +1.084500040e+02
26702 0 +3.237357333e-06 +1.084500032e+02 +1.084500032e+02
26704 0 +2.842130286e-06 +1.084500028e+02 +1.084500028e+02
26708 0 +2.634027780e-06 +1.084500026e+02 +1.084500026e+02
26710 0 +1.906408883e-06 +1.084500019e+02 +1.084500019e+02
26716 0 +1.703260423e-06 +1.084500017e+02 +1.084500017e+02
26766 0 +1.573679469e-06 +1.084500016e+02 +1.084500016e+02
26767 0 +1.404899663e-06 +1.084500014e+02 +1.084500014e+02
26783 0 +1.233853808e-06 +1.084500012e+02 +1.084500012e+02
26787 0 +1.099176856e-06 +1.084500011e+02 +1.084500011e+02
26794 0 +8.061049215e-07 +1.084500008e+02 +1.084500008e+02
26795 0 +6.595141571e-07 +1.084500007e+02 +1.084500007e+02
26800 0 +4.250224492e-07 +1.084500004e+02 +1.084500004e+02
26845 0 +3.662123191e-07 +1.084500004e+02 +1.084500004e+02
26850 0 +3.319895967e-07 +1.084500003e+02 +1.084500003e+02
26852 0 +3.152237582e-07 +1.084500003e+02 +1.084500003e+02
26856 0 +2.648181976e-07 +1.084500003e+02 +1.084500003e+02
26860 0 +2.472797291e-07 +1.084500002e+02 +1.084500002e+02
26864 0 +2.081550150e-07 +1.084500002e+02 +1.084500002e+02
26865 0 +1.873997064e-07 +1.084500002e+02 +1.084500002e+02
26871 0 +1.596079073e-07 +1.084500002e+02 +1.084500002e+02
26877 0 +1.499224567e-07 +1.084500001e+02 +1.084500001e+02
26882 0 +1.221580703e-07 +1.084500001e+02 +1.084500001e+02
26931 0 +1.108304843e-07 +1.084500001e+02 +1.084500001e+02
26933 0 +9.855173744e-08 +1.084500001e+02 +1.084500001e+02
26938 0 +8.790236450e-08 +1.084500001e+02 +1.084500001e+02
26941 0 +7.673862967e-08 +1.084500001e+02 +1.084500001e+02
26948 0 +6.110346362e-08 +1.084500001e+02 +1.084500001e+02
26949 0 +4.761224659e-08 +1.084500000e+02 +1.084500000e+02
26956 0 +3.847378593e-08 +1.084500000e+02 +1.084500000e+02
26958 0 +2.839598778e-08 +1.084500000e+02 +1.084500000e+02
26961 0 +2.735767168e-08 +1.084500000e+02 +1.084500000e+02
27003 0 +2.473925065e-08 +1.084500000e+02 +1.084500000e+02
27006 0 +2.190283510e-08 +1.084500000e+02 +1.084500000e+02
27007 0 +1.945599593e-08 +1.084500000e+02 +1.084500000e+02
27009 0 +1.682128925e-08 +1.084500000e+02 +1.084500000e+02
27020 0 +1.570546715e-08 +1.084500000e+02 +1.084500000e+02
27023 0 +1.307236630e-08 +1.084500000e+02 +1.084500000e+02
27025 0 +1.161366470e-08 +1.084500000e+02 +1.084500000e+02
27031 0 +8.395844020e-09 +1.084500000e+02 +1.084500000e+02
27586 0 +9.094947018e-13 +1.084500000e+02 +1.084500000e+02
200000 0 +5.684341886e-14 +1.084500000e+02 +1.084500000e+02
% f evaluations | g evaluations | best noise-free fitness - Fopt (2.606200000000e+02) + sum g_i+ | measured fitness | best measured fitness or single-digit g-values | x1 | x2...
1 0 +1.148728141e+02 +3.754928141e+02 +3.754928141e+02
20 0 +1.095968357e+02 +3.702168357e+02 +3.702168357e+02
65 0 +9.980902241e+01 +3.604290224e+02 +3.604290224e+02
407 0 +8.713716108e+01 +3.477571611e+02 +3.477571611e+02
6257 0 +7.552525192e+01 +3.361452519e+02 +3.361452519e+02
11417 0 +6.958293094e+01 +3.302029309e+02 +3.302029309e+02
21737 0 +6.226791567e+01 +3.228879157e+02 +3.228879157e+02
25811 0 +5.463405412e+01 +3.152540541e+02 +3.152540541e+02
25815 0 +4.971172680e+01 +3.103317268e+02 +3.103317268e+02
25820 0 +4.238987532e+01 +3.030098753e+02 +3.030098753e+02
25822 0 +3.936776399e+01 +2.999877640e+02 +2.999877640e+02
25826 0 +3.281835144e+01 +2.934383514e+02 +2.934383514e+02
25834 0 +2.805721024e+01 +2.886772102e+02 +2.886772102e+02
25838 0 +2.245948924e+01 +2.830794892e+02 +2.830794892e+02
25841 0 +2.056130700e+01 +2.811813070e+02 +2.811813070e+02
25848 0 +1.822573929e+01 +2.788457393e+02 +2.788457393e+02
25849 0 +1.631124473e+01 +2.769312447e+02 +2.769312447e+02
25851 0 +1.416269155e+01 +2.747826915e+02 +2.747826915e+02
25854 0 +1.262080627e+01 +2.732408063e+02 +2.732408063e+02
25858 0 +1.197753636e+01 +2.725975364e+02 +2.725975364e+02
25860 0 +9.304149496e+00 +2.699241495e+02 +2.699241495e+02
25862 0 +8.284635514e+00 +2.689046355e+02 +2.689046355e+02
25864 0 +7.502075245e+00 +2.681220752e+02 +2.681220752e+02
25866 0 +5.740417672e+00 +2.663604177e+02 +2.663604177e+02
25874 0 +4.122115252e+00 +2.647421153e+02 +2.647421153e+02
25875 0 +3.416216738e+00 +2.640362167e+02 +2.640362167e+02
25878 0 +2.529588960e+00 +2.631495890e+02 +2.631495890e+02
25888 0 +2.196618598e+00 +2.628166186e+02 +2.628166186e+02
25900 0 +1.379873266e+00 +2.619998733e+02 +2.619998733e+02
25969 0 +1.089760504e+00 +2.617097605e+02 +2.617097605e+02
25972 0 +9.124137470e-01 +2.615324137e+02 +2.615324137e+02
25986 0 +7.625903347e-01 +2.613825903e+02 +2.613825903e+02
25994 0 +6.731059770e-01 +2.612931060e+02 +2.612931060e+02
26001 0 +4.547380117e-01 +2.610747380e+02 +2.610747380e+02
26048 0 +4.340765885e-01 +2.610540766e+02 +2.610540766e+02
26053 0 +3.814797379e-01 +2.610014797e+02 +2.610014797e+02
26055 0 +3.499244021e-01 +2.609699244e+02 +2.609699244e+02
26059 0 +3.029522529e-01 +2.609229523e+02 +2.609229523e+02
26069 0 +2.438327607e-01 +2.608638328e+02 +2.608638328e+02
26072 0 +2.063490152e-01 +2.608263490e+02 +2.608263490e+02
26073 0 +1.728564494e-01 +2.607928564e+02 +2.607928564e+02
26080 0 +1.091318361e-01 +2.607291318e+02 +2.607291318e+02
26125 0 +9.319645500e-02 +2.607131965e+02 +2.607131965e+02
26127 0 +8.788187479e-02 +2.607078819e+02 +2.607078819e+02
26140 0 +7.747817950e-02 +2.606974782e+02 +2.606974782e+02
26143 0 +6.578117039e-02 +2.606857812e+02 +2.606857812e+02
26145 0 +5.130898964e-02 +2.606713090e+02 +2.606713090e+02
26148 0 +4.175964896e-02 +2.606617596e+02 +2.606617596e+02
26155 0 +3.174879387e-02 +2.606517488e+02 +2.606517488e+02
26206 0 +3.151995293e-02 +2.606515200e+02 +2.606515200e+02
26212 0 +2.605908877e-02 +2.606460591e+02 +2.606460591e+02
26216 0 +2.221395387e-02 +2.606422140e+02 +2.606422140e+02
26217 0 +1.939377077e-02 +2.606393938e+02 +2.606393938e+02
26231 0 +1.592845858e-02 +2.606359285e+02 +2.606359285e+02
26234 0 +1.256763119e-02 +2.606325676e+02 +2.606325676e+02
26237 0 +9.312023005e-03 +2.606293120e+02 +2.606293120e+02
26242 0 +6.697401111e-03 +2.606266974e+02 +2.606266974e+02
26283 0 +5.906513161e-03 +2.606259065e+02 +2.606259065e+02
26285 0 +5.043102896e-03 +2.606250431e+02 +2.606250431e+02
26287 0 +4.692288582e-03 +2.606246923e+02 +2.606246923e+02
26294 0 +4.241799723e-03 +2.606242418e+02 +2.606242418e+02
26300 0 +3.814073130e-03 +2.606238141e+02 +2.606238141e+02
26307 0 +3.258676143e-03 +2.606232587e+02 +2.606232587e+02
26309 0 +2.281881105e-03 +2.606222819e+02 +2.606222819e+02
26316 0 +1.851102660e-03 +2.606218511e+02 +2.606218511e+02
26319 0 +1.563254964e-03 +2.606215633e+02 +2.606215633e+02
26370 0 +1.339886753e-03 +2.606213399e+02 +2.606213399e+02
26373 0 +1.150092901e-03 +2.606211501e+02 +2.606211501e+02
26378 0 +1.121765621e-03 +2.606211218e+02 +2.606211218e+02
26383 0 +8.111770470e-04 +2.606208112e+02 +2.606208112e+02
26392 0 +6.685621172e-04 +2.606206686e+02 +2.606206686e+02
26400 0 +5.389598182e-04 +2.606205390e+02 +2.606205390e+02
26401 0 +4.592422375e-04 +2.606204592e+02 +2.606204592e+02
26447 0 +4.326530801e-04 +2.606204327e+02 +2.606204327e+02
26457 0 +3.583703823e-04 +2.606203584e+02 +2.606203584e+02
26460 0 +3.125531551e-04 +2.606203126e+02 +2.606203126e+02
26461 0 +2.715169695e-04 +2.606202715e+02 +2.606202715e+02
26468 0 +2.125079473e-04 +2.606202125e+02 +2.606202125e+02
26476 0 +1.582302336e-04 +2.606201582e+02 +2.606201582e+02
26478 0 +1.373803080e-04 +2.606201374e+02 +2.606201374e+02
26482 0 +1.052771743e-04 +2.606201053e+02 +2.606201053e+02
26524 0 +9.718793098e-05 +2.606200972e+02 +2.606200972e+02
26529 0 +8.794750954e-05 +2.606200879e+02 +2.606200879e+02
26533 0 +7.105625707e-05 +2.606200711e+02 +2.606200711e+02
26545 0 +6.188016209e-05 +2.606200619e+02 +2.606200619e+02
26551 0 +5.169807861e-05 +2.606200517e+02 +2.606200517e+02
26554 0 +4.026823518e-05 +2.606200403e+02 +2.606200403e+02
26557 0 +3.541459267e-05 +2.606200354e+02 +2.606200354e+02
26560 0 +2.555973884e-05 +2.606200256e+02 +2.606200256e+02
26561 0 +2.090894895e-05 +2.606200209e+02 +2.606200209e+02
26606 0 +1.757732065e-05 +2.606200176e+02 +2.606200176e+02
26607 0 +1.474968263e-05 +2.606200147e+02 +2.606200147e+02
26612 0 +1.315434929e-05 +2.606200132e+02 +2.606200132e+02
26622 0 +1.194979455e-05 +2.606200119e+02 +2.606200119e+02
26638 0 +1.055696447e-05 +2.606200106e+02 +2.606200106e+02
26642 0 +9.062708102e-06 +2.606200091e+02 +2.606200091e+02
26683 0 +8.220280392e-06 +2.606200082e+02 +2.606200082e+02
26689 0 +7.361094504e-06 +2.606200074e+02 +2.606200074e+02
26695 0 +7.028845857e-06 +2.606200070e+02 +2.606200070e+02
26698 0 +6.213303720e-06 +2.606200062e+02 +2.606200062e+02
26700 0 +5.260714488e-06 +2.606200053e+02 +2.606200053e+02
26701 0 +4.905755418e-06 +2.606200049e+02 +2.606200049e+02
26706 0 +4.335040671e-06 +2.606200043e+02 +2.606200043e+02
26707 0 +3.501151070e-06 +2.606200035e+02 +2.606200035e+02
26715 0 +2.312789775e-06 +2.606200023e+02 +2.606200023e+02
26717 0 +2.054291940e-06 +2.606200021e+02 +2.606200021e+02
26719 0 +1.653266906e-06 +2.606200017e+02 +2.606200017e+02
26721 0 +1.445482269e-06 +2.606200014e+02 +2.606200014e+02
26772 0 +1.323965535e-06 +2.606200013e+02 +2.606200013e+02
26774 0 +1.160331635e-06 +2.606200012e+02 +2.606200012e+02
26776 0 +9.612412555e-07 +2.606200010e+02 +2.606200010e+02
26791 0 +8.208731401e-07 +2.606200008e+02 +2.606200008e+02
26794 0 +5.857837664e-07 +2.606200006e+02 +2.606200006e+02
26798 0 +4.763044217e-07 +2.606200005e+02 +2.606200005e+02
26800 0 +4.380887617e-07 +2.606200004e+02 +2.606200004e+02
26802 0 +3.032528753e-07 +2.606200003e+02 +2.606200003e+02
26847 0 +2.468875664e-07 +2.606200002e+02 +2.606200002e+02
26861 0 +2.142685958e-07 +2.606200002e+02 +2.606200002e+02
26865 0 +1.653961590e-07 +2.606200002e+02 +2.606200002e+02
26872 0 +1.452738161e-07 +2.606200001e+02 +2.606200001e+02
26877 0 +1.403313945e-07 +2.606200001e+02 +2.606200001e+02
26879 0 +9.975718740e-08 +2.606200001e+02 +2.606200001e+02
26926 0 +8.549710628e-08 +2.606200001e+02 +2.606200001e+02
26932 0 +7.235723842e-08 +2.606200001e+02 +2.606200001e+02
26933 0 +6.850416412e-08 +2.606200001e+02 +2.606200001e+02
26943 0 +5.694363381e-08 +2.606200001e+02 +2.606200001e+02
26951 0 +5.187689567e-08 +2.606200001e+02 +2.606200001e+02
26958 0 +3.942761850e-08 +2.606200000e+02 +2.606200000e+02
26961 0 +2.837504098e-08 +2.606200000e+02 +2.606200000e+02
27004 0 +2.507482577e-08 +2.606200000e+02 +2.606200000e+02
27014 0 +2.101842256e-08 +2.606200000e+02 +2.606200000e+02
27015 0 +1.979384479e-08 +2.606200000e+02 +2.606200000e+02
27018 0 +1.731410748e-08 +2.606200000e+02 +2.606200000e+02
27021 0 +1.377981107e-08 +2.606200000e+02 +2.606200000e+02
27026 0 +1.168132258e-08 +2.606200000e+02 +2.606200000e+02
27027 0 +8.054882983e-09 +2.606200000e+02 +2.606200000e+02
27575 0 +7.958078641e-13 +2.606200000e+02 +2.606200000e+02
200000 0 +1.705302566e-13 +2.606200000e+02 +2.606200000e+02
% f evaluations | g evaluations | best noise-free fitness - Fopt (-3.553300000000e+02) + sum g_i+ | measured fitness | best measured fitness or single-digit g-values | x1 | x2...
1 0 +9.865219968e+01 -2.566778003e+02 -2.566778003e+02
2 0 +8.989797401e+01 -2.654320260e+02 -2.654320260e+02
21 0 +8.855460132e+01 -2.667753987e+02 -2.667753987e+02
562 0 +7.718176569e+01 -2.781482343e+02 -2.781482343e+02
1852 0 +6.783096668e+01 -2.874990333e+02 -2.874990333e+02
6238 0 +6.234236284e+01 -2.929876372e+02 -2.929876372e+02
16042 0 +5.523619329e+01 -3.000938067e+02 -3.000938067e+02
25807 0 +4.825149485e+01 -3.070785052e+02 -3.070785052e+02
25809 0 +4.399178067e+01 -3.113382193e+02 -3.113382193e+02
25816 0 +3.845554869e+01 -3.168744513e+02 -3.168744513e+02
25819 0 +3.409877827e+01 -3.212312217e+02 -3.212312217e+02
25821 0 +3.099181189e+01 -3.243381881e+02 -3.243381881e+02
25825 0 +2.762781662e+01 -3.277021834e+02 -3.277021834e+02
25827 0 +2.500393118e+01 -3.303260688e+02 -3.303260688e+02
25832 0 +2.205291509e+01 -3.332770849e+02 -3.332770849e+02
25833 0 +1.963119323e+01 -3.356988068e+02 -3.356988068e+02
25835 0 +1.729592746e+01 -3.380340725e+02 -3.380340725e+02
25837 0 +1.445633452e+01 -3.408736655e+02 -3.408736655e+02
25840 0 +1.313612722e+01 -3.421938728e+02 -3.421938728e+02
25847 0 +1.059917625e+01 -3.447308237e+02 -3.447308237e+02
25849 0 +8.342059427e+00 -3.469879406e+02 -3.469879406e+02
25856 0 +7.802857026e+00 -3.475271430e+02 -3.475271430e+02
25859 0 +6.496450154e+00 -3.488335498e+02 -3.488335498e+02
25861 0 +5.392081126e+00 -3.499379189e+02 -3.499379189e+02
25865 0 +4.030683204e+00 -3.512993168e+02 -3.512993168e+02
25867 0 +3.409395120e+00 -3.519206049e+02 -3.519206049e+02
25873 0 +2.990270614e+00 -3.523397294e+02 -3.523397294e+02
25875 0 +2.657602192e+00 -3.526723978e+02 -3.526723978e+02
25877 0 +1.820606611e+00 -3.535093934e+02 -3.535093934e+02
25887 0 +1.606113105e+00 -3.537238869e+02 -3.537238869e+02
25889 0 +1.351593635e+00 -3.539784064e+02 -3.539784064e+02
25966 0 +1.253106927e+00 -3.540768931e+02 -3.540768931e+02
25968 0 +1.110029010e+00 -3.542199710e+02 -3.542199710e+02
25970 0 +9.869640765e-01 -3.543430359e+02 -3.543430359e+02
25971 0 +8.015612263e-01 -3.545284388e+02 -3.545284388e+02
25992 0 +5.858326913e-01 -3.547441673e+02 -3.547441673e+02
25994 0 +5.450702751e-01 -3.547849297e+02 -3.547849297e+02
25996 0 +4.610798166e-01 -3.548689202e+02 -3.548689202e+02
26002 0 +4.160128633e-01 -3.549139871e+02 -3.549139871e+02
26045 0 +3.400938827e-01 -3.549899061e+02 -3.549899061e+02
26055 0 +2.861022809e-01 -3.550438977e+02 -3.550438977e+02
26059 0 +2.724063993e-01 -3.550575936e+02 -3.550575936e+02
26065 0 +2.449627554e-01 -3.550850372e+02 -3.550850372e+02
26068 0 +2.125412747e-01 -3.551174587e+02 -3.551174587e+02
26073 0 +1.703413155e-01 -3.551596587e+02 -3.551596587e+02
26075 0 +1.497553774e-01 -3.551802446e+02 -3.551802446e+02
26080 0 +1.326093890e-01 -3.551973906e+02 -3.551973906e+02
26081 0 +9.256169835e-02 -3.552374383e+02 -3.552374383e+02
26124 0 +8.560833695e-02 -3.552443917e+02 -3.552443917e+02
26127 0 +7.444194061e-02 -3.552555581e+02 -3.552555581e+02
26130 0 +5.932099894e-02 -3.552706790e+02 -3.552706790e+02
26140 0 +4.993848499e-02 -3.552800615e+02 -3.552800615e+02
26156 0 +4.266269235e-02 -3.552873373e+02 -3.552873373e+02
26158 0 +3.777009730e-02 -3.552922299e+02 -3.552922299e+02
26159 0 +3.069779970e-02 -3.552993022e+02 -3.552993022e+02
26211 0 +2.664441594e-02 -3.553033556e+02 -3.553033556e+02
26213 0 +2.303199915e-02 -3.553069680e+02 -3.553069680e+02
26221 0 +2.050142511e-02 -3.553094986e+02 -3.553094986e+02
26225 0 +1.706030387e-02 -3.553129397e+02 -3.553129397e+02
26227 0 +1.343170518e-02 -3.553165683e+02 -3.553165683e+02
26234 0 +1.183453231e-02 -3.553181655e+02 -3.553181655e+02
26235 0 +1.059937075e-02 -3.553194006e+02 -3.553194006e+02
26237 0 +9.134345314e-03 -3.553208657e+02 -3.553208657e+02
26240 0 +8.759171160e-03 -3.553212408e+02 -3.553212408e+02
26242 0 +7.037124950e-03 -3.553229629e+02 -3.553229629e+02
26284 0 +6.276615339e-03 -3.553237234e+02 -3.553237234e+02
26297 0 +5.433490707e-03 -3.553245665e+02 -3.553245665e+02
26299 0 +4.699336253e-03 -3.553253007e+02 -3.553253007e+02
26304 0 +3.967272117e-03 -3.553260327e+02 -3.553260327e+02
26312 0 +3.196038285e-03 -3.553268040e+02 -3.553268040e+02
26313 0 +2.810197078e-03 -3.553271898e+02 -3.553271898e+02
26316 0 +2.449947118e-03 -3.553275501e+02 -3.553275501e+02
26318 0 +2.204629096e-03 -3.553277954e+02 -3.553277954e+02
26319 0 +1.414385434e-03 -3.553285856e+02 -3.553285856e+02
26321 0 +1.297577800e-03 -3.553287024e+02 -3.553287024e+02
26367 0 +1.115646394e-03 -3.553288844e+02 -3.553288844e+02
26375 0 +9.846649494e-04 -3.553290153e+02 -3.553290153e+02
26382 0 +8.766172317e-04 -3.553291234e+02 -3.553291234e+02
26395 0 +7.503250257e-04 -3.553292497e+02 -3.553292497e+02
26397 0 +6.285263519e-04 -3.553293715e+02 -3.553293715e+02
26402 0 +4.424724840e-04 -3.553295575e+02 -3.553295575e+02
26445 0 +3.855682064e-04 -3.553296144e+02 -3.553296144e+02
26457 0 +3.281128725e-04 -3.553296719e+02 -3.553296719e+02
26466 0 +2.579335491e-04 -3.553297421e+02 -3.553297421e+02
26469 0 +2.020303378e-04 -3.553297980e+02 -3.553297980e+02
26473 0 +1.666844573e-04 -3.553298333e+02 -3.553298333e+02
26476 0 +1.377363885e-04 -3.553298623e+02 -3.553298623e+02
26523 0 +1.256347686e-04 -3.553298744e+02 -3.553298744e+02
26536 0 +1.025681752e-04 -3.553298974e+02 -3.553298974e+02
26540 0 +8.738724500e-05 -3.553299126e+02 -3.553299126e+02
26542 0 +7.748346445e-05 -3.553299225e+02 -3.553299225e+02
26544 0 +6.236847395e-05 -3.553299376e+02 -3.553299376e+02
26551 0 +4.943080438e-05 -3.553299506e+02 -3.553299506e+02
26557 0 +3.345517035e-05 -3.553299665e+02 -3.553299665e+02
26560 0 +2.528539102e-05 -3.553299747e+02 -3.553299747e+02
26607 0 +2.269475772e-05 -3.553299773e+02 -3.553299773e+02
26610 0 +1.942877498e-05 -3.553299806e+02 -3.553299806e+02
26611 0 +1.711299143e-05 -3.553299829e+02 -3.553299829e+02
26613 0 +1.499485501e-05 -3.553299850e+02 -3.553299850e+02
26627 0 +1.237103447e-05 -3.553299876e+02 -3.553299876e+02
26634 0 +9.748550667e-06 -3.553299903e+02 -3.553299903e+02
26636 0 +6.331184750e-06 -3.553299937e+02 -3.553299937e+02
26641 0 +2.850359010e-06 -3.553299971e+02 -3.553299971e+02
26701 0 +2.461565600e-06 -3.553299975e+02 -3.553299975e+02
26712 0 +2.233329155e-06 -3.553299978e+02 -3.553299978e+02
26719 0 +1.411035498e-06 -3.553299986e+02 -3.553299986e+02
26764 0 +1.225755000e-06 -3.553299988e+02 -3.553299988e+02
26772 0 +9.955841733e-07 -3.553299990e+02 -3.553299990e+02
26774 0 +8.089336347e-07 -3.553299992e+02 -3.553299992e+02
26775 0 +7.741430181e-07 -3.553299992e+02 -3.553299992e+02
26788 0 +6.695819934e-07 -3.553299993e+02 -3.553299993e+02
26790 0 +5.826096299e-07 -3.553299994e+02 -3.553299994e+02
26791 0 +4.579996471e-07 -3.553299995e+02 -3.553299995e+02
26793 0 +3.974359970e-07 -3.553299996e+02 -3.553299996e+02
26845 0 +3.499567924e-07 -3.553299997e+02 -3.553299997e+02
26849 0 +3.150113912e-07 -3.553299997e+02 -3.553299997e+02
26856 0 +2.727246624e-07 -3.553299997e+02 -3.553299997e+02
26858 0 +2.180602223e-07 -3.553299998e+02 -3.553299998e+02
26861 0 +1.805439069e-07 -3.553299998e+02 -3.553299998e+02
26865 0 +1.773516942e-07 -3.553299998e+02 -3.553299998e+02
26867 0 +1.477844194e-07 -3.553299999e+02 -3.553299999e+02
26869 0 +1.315885356e-07 -3.553299999e+02 -3.553299999e+02
26874 0 +1.021883236e-07 -3.553299999e+02 -3.553299999e+02
26928 0 +9.997728512e-08 -3.553299999e+02 -3.553299999e+02
26931 0 +7.936813518e-08 -3.553299999e+02 -3.553299999e+02
26946 0 +6.604375358e-08 -3.553299999e+02 -3.553299999e+02
26950 0 +5.908430012e-08 -3.553299999e+02 -3.553299999e+02
26952 0 +4.547524668e-08 -3.553300000e+02 -3.553300000e+02
26955 0 +3.503254220e-08 -3.553300000e+02 -3.553300000e+02
26962 0 +2.711954039e-08 -3.553300000e+02 -3.553300000e+02
27003 0 +2.416874167e-08 -3.553300000e+02 -3.553300000e+02
27007 0 +2.154411050e-08 -3.553300000e+02 -3.553300000e+02
27013 0 +1.876452416e-08 -3.553300000e+02 -3.553300000e+02
27022 0 +1.633452484e-08 -3.553300000e+02 -3.553300000e+02
27027 0 +1.267284233e-08 -3.553300000e+02 -3.553300000e+02
27029 0 +1.235400759e-08 -3.553300000e+02 -3.553300000e+02
27034 0 +8.734104995e-09 -3.553300000e+02 -3.553300000e+02
27575 0 +9.663381206e-13 -3.553300000e+02 -3.553300000e+02
200000 0 +2.273736754e-13 -3.553300000e+02 -3.553300000e+02
% f evaluations | g evaluations | best noise-free fitness - Fopt (2.257700000000e+02) + sum g_i+ | measured fitness | best measured fitness or single-digit g-values | x1 | x2...
1 0 +1.158410797e+02 +3.416110797e+02 +3.416110797e+02
131 0 +1.129505535e+02 +3.387205535e+02 +3.387205535e+02
132 0 +9.764900033e+01 +3.234190003e+02 +3.234190003e+02
261 0 +8.840771512e+01 +3.141777151e+02 +3.141777151e+02
10580 0 +7.843137578e+01 +3.042013758e+02 +3.042013758e+02
16515 0 +7.015042732e+01 +2.959204273e+02 +2.959204273e+02
25811 0 +5.849863773e+01 +2.842686377e+02 +2.842686377e+02
25818 0 +5.305769963e+01 +2.788276996e+02 +2.788276996e+02
25822 0 +4.945666187e+01 +2.752266619e+02 +2.752266619e+02
25825 0 +4.251105446e+01 +2.682810545e+02 +2.682810545e+02
25831 0 +3.684814353e+01 +2.626181435e+02 +2.626181435e+02
25836 0 +3.255619541e+01 +2.583261954e+02 +2.583261954e+02
25837 0 +2.773611772e+01 +2.535061177e+02 +2.535061177e+02
25842 0 +2.252584807e+01 +2.482958481e+02 +2.482958481e+02
25844 0 +2.217396718e+01 +2.479439672e+02 +2.479439672e+02
25851 0 +1.743355438e+01 +2.432035544e+02 +2.432035544e+02
25858 0 +1.574129720e+01 +2.415112972e+02 +2.415112972e+02
25864 0 +1.359339861e+01 +2.393633986e+02 +2.393633986e+02
25865 0 +1.236414857e+01 +2.381341486e+02 +2.381341486e+02
25871 0 +9.437797613e+00 +2.352077976e+02 +2.352077976e+02
25876 0 +8.303747173e+00 +2.340737472e+02 +2.340737472e+02
25877 0 +5.486266838e+00 +2.312562668e+02 +2.312562668e+02
25879 0 +4.972492957e+00 +2.307424930e+02 +2.307424930e+02
25882 0 +4.281191888e+00 +2.300511919e+02 +2.300511919e+02
25891 0 +2.974790055e+00 +2.287447901e+02 +2.287447901e+02
25911 0 +2.051036448e+00 +2.278210364e+02 +2.278210364e+02
25917 0 +1.236153466e+00 +2.270061535e+02 +2.270061535e+02
25974 0 +1.039701463e+00 +2.268097015e+02 +2.268097015e+02
25975 0 +8.313285716e-01 +2.266013286e+02 +2.266013286e+02
25978 0 +7.361739913e-01 +2.265061740e+02 +2.265061740e+02
25981 0 +7.042172874e-01 +2.264742173e+02 +2.264742173e+02
25984 0 +5.996099651e-01 +2.263696100e+02 +2.263696100e+02
25990 0 +3.736256495e-01 +2.261436256e+02 +2.261436256e+02
26044 0 +3.482365956e-01 +2.261182366e+02 +2.261182366e+02
26045 0 +3.032890275e-01 +2.260732890e+02 +2.260732890e+02
26057 0 +2.699818340e-01 +2.260399818e+02 +2.260399818e+02
26062 0 +2.233790187e-01 +2.259933790e+02 +2.259933790e+02
26080 0 +1.495486347e-01 +2.259195486e+02 +2.259195486e+02
26081 0 +1.346304000e-01 +2.259046304e+02 +2.259046304e+02
26127 0 +1.175650511e-01 +2.258875651e+02 +2.258875651e+02
26132 0 +1.087670702e-01 +2.258787671e+02 +2.258787671e+02
26134 0 +9.389541785e-02 +2.258638954e+02 +2.258638954e+02
26138 0 +8.575206459e-02 +2.258557521e+02 +2.258557521e+02
26144 0 +7.084009252e-02 +2.258408401e+02 +2.258408401e+02
26145 0 +5.799146395e-02 +2.258279915e+02 +2.258279915e+02
26147 0 +4.447259525e-02 +2.258144726e+02 +2.258144726e+02
26158 0 +3.226233265e-02 +2.258022623e+02 +2.258022623e+02
26162 0 +2.407615817e-02 +2.257940762e+02 +2.257940762e+02
26204 0 +2.164021766e-02 +2.257916402e+02 +2.257916402e+02
26210 0 +1.783091877e-02 +2.257878309e+02 +2.257878309e+02
26216 0 +1.649826945e-02 +2.257864983e+02 +2.257864983e+02
26220 0 +1.478966315e-02 +2.257847897e+02 +2.257847897e+02
26232 0 +1.377115423e-02 +2.257837712e+02 +2.257837712e+02
26233 0 +1.166228828e-02 +2.257816623e+02 +2.257816623e+02
26235 0 +8.225304616e-03 +2.257782253e+02 +2.257782253e+02
26285 0 +7.413024346e-03 +2.257774130e+02 +2.257774130e+02
26291 0 +6.679027347e-03 +2.257766790e+02 +2.257766790e+02
26297 0 +5.469867366e-03 +2.257754699e+02 +2.257754699e+02
26302 0 +4.410141549e-03 +2.257744101e+02 +2.257744101e+02
26309 0 +3.559842665e-03 +2.257735598e+02 +2.257735598e+02
26311 0 +3.049633875e-03 +2.257730496e+02 +2.257730496e+02
26318 0 +2.113297109e-03 +2.257721133e+02 +2.257721133e+02
26321 0 +1.226348512e-03 +2.257712263e+02 +2.257712263e+02
26363 0 +1.101960586e-03 +2.257711020e+02 +2.257711020e+02
26380 0 +8.305620509e-04 +2.257708306e+02 +2.257708306e+02
26384 0 +7.395331290e-04 +2.257707395e+02 +2.257707395e+02
26386 0 +6.344079069e-04 +2.257706344e+02 +2.257706344e+02
26388 0 +6.130627014e-04 +2.257706131e+02 +2.257706131e+02
26394 0 +4.069061348e-04 +2.257704069e+02 +2.257704069e+02
26448 0 +3.713311391e-04 +2.257703713e+02 +2.257703713e+02
26455 0 +3.407958490e-04 +2.257703408e+02 +2.257703408e+02
26467 0 +2.662022602e-04 +2.257702662e+02 +2.257702662e+02
26470 0 +2.187193361e-04 +2.257702187e+02 +2.257702187e+02
26472 0 +1.629282703e-04 +2.257701629e+02 +2.257701629e+02
26479 0 +1.215072011e-04 +2.257701215e+02 +2.257701215e+02
26524 0 +1.067683668e-04 +2.257701068e+02 +2.257701068e+02
26525 0 +9.199985300e-05 +2.257700920e+02 +2.257700920e+02
26530 0 +8.360784341e-05 +2.257700836e+02 +2.257700836e+02
26532 0 +6.840723128e-05 +2.257700684e+02 +2.257700684e+02
26533 0 +5.950960283e-05 +2.257700595e+02 +2.257700595e+02
26536 0 +5.261204689e-05 +2.257700526e+02 +2.257700526e+02
26544 0 +4.497107832e-05 +2.257700450e+02 +2.257700450e+02
26546 0 +3.396837812e-05 +2.257700340e+02 +2.257700340e+02
26556 0 +1.960077802e-05 +2.257700196e+02 +2.257700196e+02
26607 0 +1.678052723e-05 +2.257700168e+02 +2.257700168e+02
26618 0 +1.521825291e-05 +2.257700152e+02 +2.257700152e+02
26620 0 +1.147977329e-05 +2.257700115e+02 +2.257700115e+02
26633 0 +1.043144610e-05 +2.257700104e+02 +2.257700104e+02
26640 0 +9.327759443e-06 +2.257700093e+02 +2.257700093e+02
26642 0 +7.467276902e-06 +2.257700075e+02 +2.257700075e+02
26689 0 +6.700540780e-06 +2.257700067e+02 +2.257700067e+02
26694 0 +6.060209415e-06 +2.257700061e+02 +2.257700061e+02
26696 0 +5.290733242e-06 +2.257700053e+02 +2.257700053e+02
26697 0 +4.931520920e-06 +2.257700049e+02 +2.257700049e+02
26704 0 +3.670674289e-06 +2.257700037e+02 +2.257700037e+02
26708 0 +3.177448349e-06 +2.257700032e+02 +2.257700032e+02
26709 0 +2.428424040e-06 +2.257700024e+02 +2.257700024e+02
26714 0 +1.957505418e-06 +2.257700020e+02 +2.257700020e+02
26717 0 +1.615731577e-06 +2.257700016e+02 +2.257700016e+02
26719 0 +1.212662085e-06 +2.257700012e+02 +2.257700012e+02
26778 0 +1.117746564e-06 +2.257700011e+02 +2.257700011e+02
26786 0 +8.703734409e-07 +2.257700009e+02 +2.257700009e+02
26791 0 +7.272449807e-07 +2.257700007e+02 +2.257700007e+02
26798 0 +6.561348016e-07 +2.257700007e+02 +2.257700007e+02
26800 0 +6.189413284e-07 +2.257700006e+02 +2.257700006e+02
26802 0 +3.925489125e-07 +2.257700004e+02 +2.257700004e+02
26847 0 +3.384278102e-07 +2.257700003e+02 +2.257700003e+02
26857 0 +2.893434896e-07 +2.257700003e+02 +2.257700003e+02
26861 0 +2.624997535e-07 +2.257700003e+02 +2.257700003e+02
26868 0 +2.273911548e-07 +2.257700002e+02 +2.257700002e+02
26872 0 +2.146998668e-07 +2.257700002e+02 +2.257700002e+02
26874 0 +1.566522485e-07 +2.257700002e+02 +2.257700002e+02
26877 0 +1.308908679e-07 +2.257700001e+02 +2.257700001e+02
26879 0 +8.980552479e-08 +2.257700001e+02 +2.257700001e+02
26923 0 +8.785821137e-08 +2.257700001e+02 +2.257700001e+02
26930 0 +7.823678061e-08 +2.257700001e+02 +2.257700001e+02
26935 0 +6.453885248e-08 +2.257700001e+02 +2.257700001e+02
26942 0 +6.304020417e-08 +2.257700001e+02 +2.257700001e+02
26950 0 +5.222466370e-08 +2.257700001e+02 +2.257700001e+02
26951 0 +4.364977713e-08 +2.257700000e+02 +2.257700000e+02
26955 0 +3.010137561e-08 +2.257700000e+02 +2.257700000e+02
26958 0 +2.806157795e-08 +2.257700000e+02 +2.257700000e+02
27005 0 +2.208491878e-08 +2.257700000e+02 +2.257700000e+02
27018 0 +1.741409505e-08 +2.257700000e+02 +2.257700000e+02
27021 0 +1.443328301e-08 +2.257700000e+02 +2.257700000e+02
27025 0 +1.103444447e-08 +2.257700000e+02 +2.257700000e+02
27027 0 +8.621213965e-09 +2.257700000e+02 +2.257700000e+02
27582 0 +9.947598301e-13 +2.257700000e+02 +2.257700000e+02
200000 0 +8.526512829e-14 +2.257700000e+02 +2.257700000e+02
% f evaluations | g evaluations | best noise-free fitness - Fopt (1.004400000000e+02) + sum g_i+ | measured fitness | best measured fitness or single-digit g-values | x1 | x2...
1 0 +1.422907789e+02 +2.427307789e+02 +2.427307789e+02
11 0 +1.312621449e+02 +2.317021449e+02 +2.317021449e+02
219 0 +1.253942543e+02 +2.258342543e+02 +2.258342543e+02
348 0 +1.111278103e+02 +2.115678103e+02 +2.115678103e+02
10629 0 +9.809742516e+01 +1.985374252e+02 +1.985374252e+02
22755 0 +8.855569939e+01 +1.889956994e+02 +1.889956994e+02
25814 0 +7.768810322e+01 +1.781281032e+02 +1.781281032e+02
25818 0 +6.851181632e+01 +1.689518163e+02 +1.689518163e+02
25822 0 +6.084543457e+01 +1.612854346e+02 +1.612854346e+02
25826 0 +5.558072960e+01 +1.560207296e+02 +1.560207296e+02
25831 0 +5.000726366e+01 +1.504472637e+02 +1.504472637e+02
25837 0 +4.420639885e+01 +1.446463989e+02 +1.446463989e+02
25842 0 +3.587269098e+01 +1.363126910e+02 +1.363126910e+02
25845 0 +3.206576879e+01 +1.325057688e+02 +1.325057688e+02
25850 0 +2.954162612e+01 +1.299816261e+02 +1.299816261e+02
25855 0 +2.748615506e+01 +1.279261551e+02 +1.279261551e+02
25858 0 +2.403626447e+01 +1.244762645e+02 +1.244762645e+02
25859 0 +2.099112968e+01 +1.214311297e+02 +1.214311297e+02
25864 0 +1.972521526e+01 +1.201652153e+02 +1.201652153e+02
25870 0 +1.662543702e+01 +1.170654370e+02 +1.170654370e+02
25877 0 +1.301544258e+01 +1.134554426e+02 +1.134554426e+02
25879 0 +1.063184371e+01 +1.110718437e+02 +1.110718437e+02
25882 0 +8.686929411e+00 +1.091269294e+02 +1.091269294e+02
25885 0 +6.882604572e+00 +1.073226046e+02 +1.073226046e+02
25898 0 +5.257641724e+00 +1.056976417e+02 +1.056976417e+02
25899 0 +4.215104281e+00 +1.046551043e+02 +1.046551043e+02
25910 0 +3.727571497e+00 +1.041675715e+02 +1.041675715e+02
25917 0 +2.120174406e+00 +1.025601744e+02 +1.025601744e+02
25919 0 +1.739172886e+00 +1.021791729e+02 +1.021791729e+02
25968 0 +1.509597651e+00 +1.019495977e+02 +1.019495977e+02
25969 0 +1.348107790e+00 +1.017881078e+02 +1.017881078e+02
25975 0 +1.155291056e+00 +1.015952911e+02 +1.015952911e+02
25992 0 +1.044578367e+00 +1.014845784e+02 +1.014845784e+02
25996 0 +8.883902012e-01 +1.013283902e+02 +1.013283902e+02
26000 0 +7.758417541e-01 +1.012158418e+02 +1.012158418e+02
26002 0 +5.543586137e-01 +1.009943586e+02 +1.009943586e+02
26047 0 +4.790777652e-01 +1.009190778e+02 +1.009190778e+02
26054 0 +4.453484352e-01 +1.008853484e+02 +1.008853484e+02
26058 0 +3.886631944e-01 +1.008286632e+02 +1.008286632e+02
26063 0 +3.296547948e-01 +1.007696548e+02 +1.007696548e+02
26065 0 +2.943233179e-01 +1.007343233e+02 +1.007343233e+02
26070 0 +2.350212892e-01 +1.006750213e+02 +1.006750213e+02
26073 0 +1.738250136e-01 +1.006138250e+02 +1.006138250e+02
26078 0 +1.376061153e-01 +1.005776061e+02 +1.005776061e+02
26079 0 +1.049369026e-01 +1.005449369e+02 +1.005449369e+02
26126 0 +9.579813015e-02 +1.005357981e+02 +1.005357981e+02
26130 0 +8.528330578e-02 +1.005252833e+02 +1.005252833e+02
26132 0 +7.600958009e-02 +1.005160096e+02 +1.005160096e+02
26135 0 +5.909598010e-02 +1.004990960e+02 +1.004990960e+02
26144 0 +5.608966891e-02 +1.004960897e+02 +1.004960897e+02
26148 0 +4.512236803e-02 +1.004851224e+02 +1.004851224e+02
26152 0 +3.472905702e-02 +1.004747291e+02 +1.004747291e+02
26155 0 +2.684022305e-02 +1.004668402e+02 +1.004668402e+02
26207 0 +2.490460710e-02 +1.004649046e+02 +1.004649046e+02
26222 0 +1.963840356e-02 +1.004596384e+02 +1.004596384e+02
26223 0 +1.723023620e-02 +1.004572302e+02 +1.004572302e+02
26226 0 +1.432913656e-02 +1.004543291e+02 +1.004543291e+02
26237 0 +1.164989226e-02 +1.004516499e+02 +1.004516499e+02
26240 0 +8.083226579e-03 +1.004480832e+02 +1.004480832e+02
26283 0 +7.725048021e-03 +1.004477250e+02 +1.004477250e+02
26285 0 +7.076248909e-03 +1.004470762e+02 +1.004470762e+02
26291 0 +5.788143498e-03 +1.004457881e+02 +1.004457881e+02
26293 0 +5.477925994e-03 +1.004454779e+02 +1.004454779e+02
26297 0 +4.747794722e-03 +1.004447478e+02 +1.004447478e+02
26299 0 +4.436914014e-03 +1.004444369e+02 +1.004444369e+02
26311 0 +3.910082554e-03 +1.004439101e+02 +1.004439101e+02
26314 0 +3.401806627e-03 +1.004434018e+02 +1.004434018e+02
26316 0 +2.440522903e-03 +1.004424405e+02 +1.004424405e+02
26321 0 +1.615758098e-03 +1.004416158e+02 +1.004416158e+02
26364 0 +1.550389692e-03 +1.004415504e+02 +1.004415504e+02
26367 0 +1.310943390e-03 +1.004413109e+02 +1.004413109e+02
26374 0 +1.221594457e-03 +1.004412216e+02 +1.004412216e+02
26376 0 +9.805665415e-04 +1.004409806e+02 +1.004409806e+02
26384 0 +7.602179962e-04 +1.004407602e+02 +1.004407602e+02
26388 0 +6.034956671e-04 +1.004406035e+02 +1.004406035e+02
26392 0 +5.266202137e-04 +1.004405266e+02 +1.004405266e+02
26398 0 +4.630582342e-04 +1.004404631e+02 +1.004404631e+02
26443 0 +4.346280159e-04 +1.004404346e+02 +1.004404346e+02
26449 0 +3.958967293e-04 +1.004403959e+02 +1.004403959e+02
26453 0 +3.498787100e-04 +1.004403499e+02 +1.004403499e+02
26466 0 +2.602661227e-04 +1.004402603e+02 +1.004402603e+02
26469 0 +2.189074659e-04 +1.004402189e+02 +1.004402189e+02
26471 0 +1.962307714e-04 +1.004401962e+02 +1.004401962e+02
26473 0 +1.399564896e-04 +1.004401400e+02 +1.004401400e+02
26477 0 +1.106230582e-04 +1.004401106e+02 +1.004401106e+02
26530 0 +9.836799472e-05 +1.004400984e+02 +1.004400984e+02
26537 0 +7.594641127e-05 +1.004400759e+02 +1.004400759e+02
26540 0 +6.897068387e-05 +1.004400690e+02 +1.004400690e+02
26542 0 +6.125759677e-05 +1.004400613e+02 +1.004400613e+02
26543 0 +4.825458453e-05 +1.004400483e+02 +1.004400483e+02
26547 0 +3.957481512e-05 +1.004400396e+02 +1.004400396e+02
26558 0 +3.502266749e-05 +1.004400350e+02 +1.004400350e+02
26559 0 +2.876019300e-05 +1.004400288e+02 +1.004400288e+02
26562 0 +2.490555657e-05 +1.004400249e+02 +1.004400249e+02
26603 0 +2.161765332e-05 +1.004400216e+02 +1.004400216e+02
26609 0 +1.957413433e-05 +1.004400196e+02 +1.004400196e+02
26612 0 +1.599926949e-05 +1.004400160e+02 +1.004400160e+02
26613 0 +1.570893212e-05 +1.004400157e+02 +1.004400157e+02
26631 0 +1.240833245e-05 +1.004400124e+02 +1.004400124e+02
26637 0 +8.894625921e-06 +1.004400089e+02 +1.004400089e+02
26641 0 +6.313878728e-06 +1.004400063e+02 +1.004400063e+02
26685 0 +6.092075921e-06 +1.004400061e+02 +1.004400061e+02
26690 0 +5.425812560e-06 +1.004400054e+02 +1.004400054e+02
26694 0 +4.616068409e-06 +1.004400046e+02 +1.004400046e+02
26700 0 +3.827049383e-06 +1.004400038e+02 +1.004400038e+02
26701 0 +2.890582664e-06 +1.004400029e+02 +1.004400029e+02
26708 0 +2.195786536e-06 +1.004400022e+02 +1.004400022e+02
26709 0 +1.800518575e-06 +1.004400018e+02 +1.004400018e+02
26712 0 +1.770366893e-06 +1.004400018e+02 +1.004400018e+02
26719 0 +1.159661110e-06 +1.004400012e+02 +1.004400012e+02
26766 0 +1.023088018e-06 +1.004400010e+02 +1.004400010e+02
26784 0 +9.773670939e-07 +1.004400010e+02 +1.004400010e+02
26791 0 +6.982817382e-07 +1.004400007e+02 +1.004400007e+02
26795 0 +6.146823353e-07 +1.004400006e+02 +1.004400006e+02
26801 0 +3.803272648e-07 +1.004400004e+02 +1.004400004e+02
26849 0 +3.424396908e-07 +1.004400003e+02 +1.004400003e+02
26863 0 +3.056181015e-07 +1.004400003e+02 +1.004400003e+02
26866 0 +2.531054406e-07 +1.004400003e+02 +1.004400003e+02
26867 0 +2.477583081e-07 +1.004400002e+02 +1.004400002e+02
26869 0 +2.086233764e-07 +1.004400002e+02 +1.004400002e+02
26873 0 +1.808315773e-07 +1.004400002e+02 +1.004400002e+02
26876 0 +1.310589681e-07 +1.004400001e+02 +1.004400001e+02
26880 0 +1.046892635e-07 +1.004400001e+02 +1.004400001e+02
26923 0 +9.316198657e-08 +1.004400001e+02 +1.004400001e+02
26925 0 +8.035713961e-08 +1.004400001e+02 +1.004400001e+02
26927 0 +7.474703523e-08 +1.004400001e+02 +1.004400001e+02
26930 0 +6.606667569e-08 +1.004400001e+02 +1.004400001e+02
26933 0 +6.246246187e-08 +1.004400001e+02 +1.004400001e+02
26935 0 +5.058790009e-08 +1.004400001e+02 +1.004400001e+02
26939 0 +4.477168147e-08 +1.004400000e+02 +1.004400000e+02
26948 0 +3.252473846e-08 +1.004400000e+02 +1.004400000e+02
26954 0 +3.150012162e-08 +1.004400000e+02 +1.004400000e+02
26958 0 +2.729908033e-08 +1.004400000e+02 +1.004400000e+02
27008 0 +2.463835358e-08 +1.004400000e+02 +1.004400000e+02
27012 0 +2.109754860e-08 +1.004400000e+02 +1.004400000e+02
27014 0 +1.898020230e-08 +1.004400000e+02 +1.004400000e+02
27018 0 +1.637872060e-08 +1.004400000e+02 +1.004400000e+02
27020 0 +1.555670792e-08 +1.004400000e+02 +1.004400000e+02
27024 0 +1.357172152e-08 +1.004400000e+02 +1.004400000e+02
27030 0 +1.216507428e-08 +1.004400000e+02 +1.004400000e+02
27033 0 +8.947253605e-09 +1.004400000e+02 +1.004400000e+02
27578 0 +9.805489753e-13 +1.004400000e+02 +1.004400000e+02
200000 0 +4.263256415e-14 +1.004400000e+02 +1.004400000e+02
