% f evaluations | g evaluations | best noise-free fitness - Fopt (7.948000000000e+01) + sum g_i+ | measured fitness | best measured fitness or single-digit g-values | x1 | x2...
1 0 +1.728091034e+02 +2.522891034e+02 +2.522891034e+02
11 0 +1.715098559e+02 +2.509898559e+02 +2.509898559e+02
694 0 +1.560715604e+02 +2.355515604e+02 +2.355515604e+02
5320 0 +1.405542644e+02 +2.200342644e+02 +2.200342644e+02
63916 0 +1.246733090e+02 +2.041533090e+02 +2.041533090e+02
102821 0 +1.076956421e+02 +1.871756421e+02 +1.871756421e+02
102832 0 +9.634233798e+01 +1.758223380e+02 +1.758223380e+02
102837 0 +8.891142778e+01 +1.683914278e+02 +1.683914278e+02
102846 0 +7.842146348e+01 +1.579014635e+02 +1.579014635e+02
102856 0 +6.946049608e+01 +1.489404961e+02 +1.489404961e+02
102860 0 +6.197213659e+01 +1.414521366e+02 +1.414521366e+02
102865 0 +5.544899021e+01 +1.349289902e+02 +1.349289902e+02
102874 0 +4.853605312e+01 +1.280160531e+02 +1.280160531e+02
102878 0 +4.251861539e+01 +1.219986154e+02 +1.219986154e+02
102891 0 +3.878218457e+01 +1.182621846e+02 +1.182621846e+02
102901 0 +3.540628937e+01 +1.148862894e+02 +1.148862894e+02
102912 0 +3.008032915e+01 +1.095603291e+02 +1.095603291e+02
102914 0 +2.726284881e+01 +1.067428488e+02 +1.067428488e+02
102920 0 +2.493064268e+01 +1.044106427e+02 +1.044106427e+02
102926 0 +2.188710893e+01 +1.013671089e+02 +1.013671089e+02
102938 0 +1.805046222e+01 +9.753046222e+01 +9.753046222e+01
102940 0 +1.696210357e+01 +9.644210357e+01 +9.644210357e+01
102942 0 +1.447997863e+01 +9.395997863e+01 +9.395997863e+01
102950 0 +1.373619090e+01 +9.321619090e+01 +9.321619090e+01
102954 0 +1.184731295e+01 +9.132731295e+01 +9.132731295e+01
102958 0 +9.835069928e+00 +8.931506993e+01 +8.931506993e+01
102981 0 +8.376615095e+00 +8.785661510e+01 +8.785661510e+01
102992 0 +6.083973482e+00 +8.556397348e+01 +8.556397348e+01
102994 0 +5.269090500e+00 +8.474909050e+01 +8.474909050e+01
103006 0 +4.228154095e+00 +8.370815410e+01 +8.370815410e+01
103018 0 +3.835945305e+00 +8.331594531e+01 +8.331594531e+01
103022 0 +3.356417714e+00 +8.283641771e+01 +8.283641771e+01
103072 0 +3.066373453e+00 +8.254637345e+01 +8.254637345e+01
103214 0 +2.777038377e+00 +8.225703838e+01 +8.225703838e+01
103240 0 +2.447114689e+00 +8.192711469e+01 +8.192711469e+01
103257 0 +2.213363052e+00 +8.169336305e+01 +8.169336305e+01
103264 0 +1.964961044e+00 +8.144496104e+01 +8.144496104e+01
103266 0 +1.720066206e+00 +8.120006621e+01 +8.120006621e+01
103268 0 +1.566929147e+00 +8.104692915e+01 +8.104692915e+01
103274 0 +1.266107693e+00 +8.074610769e+01 +8.074610769e+01
103275 0 +1.145293347e+00 +8.062529335e+01 +8.062529335e+01
103278 0 +1.019656166e+00 +8.049965617e+01 +8.049965617e+01
103279 0 +8.418539785e-01 +8.032185398e+01 +8.032185398e+01
103282 0 +7.809276095e-01 +8.026092761e+01 +8.026092761e+01
103365 0 +7.041212075e-01 +8.018412121e+01 +8.018412121e+01
103371 0 +6.277264821e-01 +8.010772648e+01 +8.010772648e+01
103401 0 +5.605081596e-01 +8.004050816e+01 +8.004050816e+01
103410 0 +4.609407172e-01 +7.994094072e+01 +7.994094072e+01
103414 0 +4.046116257e-01 +7.988461163e+01 +7.988461163e+01
103418 0 +3.691405954e-01 +7.984914060e+01 +7.984914060e+01
103422 0 +3.118398648e-01 +7.979183986e+01 +7.979183986e+01
103441 0 +2.641334812e-01 +7.974413348e+01 +7.974413348e+01
103532 0 +2.510567347e-01 +7.973105673e+01 +7.973105673e+01
103538 0 +2.231088900e-01 +7.970310889e+01 +7.970310889e+01
103549 0 +1.952143247e-01 +7.967521432e+01 +7.967521432e+01
103553 0 +1.768773117e-01 +7.965687731e+01 +7.965687731e+01
103560 0 +1.491947734e-01 +7.962919477e+01 +7.962919477e+01
103562 0 +1.379254579e-01 +7.961792546e+01 +7.961792546e+01
103567 0 +1.258256120e-01 +7.960582561e+01 +7.960582561e+01
103587 0 +1.062237519e-01 +7.958622375e+01 +7.958622375e+01
103590 0 +9.283420194e-02 +7.957283420e+01 +7.957283420e+01
103592 0 +8.164037163e-02 +7.956164037e+01 +7.956164037e+01
103595 0 +6.708207686e-02 +7.954708208e+01 +7.954708208e+01
103597 0 +5.155549674e-02 +7.953155550e+01 +7.953155550e+01
103600 0 +4.907016807e-02 +7.952907017e+01 +7.952907017e+01
103691 0 +4.384948696e-02 +7.952384949e+01 +7.952384949e+01
103701 0 +3.786602914e-02 +7.951786603e+01 +7.951786603e+01
103707 0 +3.462773803e-02 +7.951462774e+01 +7.951462774e+01
103717 0 +3.080500097e-02 +7.951080500e+01 +7.951080500e+01
103723 0 +2.770634866e-02 +7.950770635e+01 +7.950770635e+01
103735 0 +2.395041591e-02 +7.950395042e+01 +7.950395042e+01
103737 0 +2.108420462e-02 +7.950108420e+01 +7.950108420e+01
103740 0 +1.955427971e-02 +7.949955428e+01 +7.949955428e+01
103753 0 +1.635813963e-02 +7.949635814e+01 +7.949635814e+01
103759 0 +1.368948101e-02 +7.949368948e+01 +7.949368948e+01
103762 0 +9.985007837e-03 +7.948998501e+01 +7.948998501e+01
103848 0 +8.341048145e-03 +7.948834105e+01 +7.948834105e+01
103868 0 +7.867293361e-03 +7.948786729e+01 +7.948786729e+01
103873 0 +6.153198514e-03 +7.948615320e+01 +7.948615320e+01
103888 0 +5.461320860e-03 +7.948546132e+01 +7.948546132e+01
103893 0 +4.287951681e-03 +7.948428795e+01 +7.948428795e+01
103908 0 +3.304493855e-03 +7.948330449e+01 +7.948330449e+01
104009 0 +3.027488576e-03 +7.948302749e+01 +7.948302749e+01
104022 0 +2.705764025e-03 +7.948270576e+01 +7.948270576e+01
104026 0 +2.314655703e-03 +7.948231466e+01 +7.948231466e+01
104031 0 +2.194320969e-03 +7.948219432e+01 +7.948219432e+01
104039 0 +1.966388998e-03 +7.948196639e+01 +7.948196639e+01
104045 0 +1.665979427e-03 +7.948166598e+01 +7.948166598e+01
104047 0 +1.578954771e-03 +7.948157895e+01 +7.948157895e+01
104060 0 +1.277618237e-03 +7.948127762e+01 +7.948127762e+01
104061 0 +1.192048625e-03 +7.948119205e+01 +7.948119205e+01
104063 0 +1.046395861e-03 +7.948104640e+01 +7.948104640e+01
104072 0 +8.319454449e-04 +7.948083195e+01 +7.948083195e+01
104080 0 +7.657370447e-04 +7.948076574e+01 +7.948076574e+01
104171 0 +7.007498808e-04 +7.948070075e+01 +7.948070075e+01
104177 0 +6.285534948e-04 +7.948062855e+01 +7.948062855e+01
104190 0 +5.136409343e-04 +7.948051364e+01 +7.948051364e+01
104197 0 +4.628769871e-04 +7.948046288e+01 +7.948046288e+01
104204 0 +4.224075786e-04 +7.948042241e+01 +7.948042241e+01
104217 0 +3.480035384e-04 +7.948034800e+01 +7.948034800e+01
104225 0 +3.059472359e-04 +7.948030595e+01 +7.948030595e+01
104230 0 +2.635878398e-04 +7.948026359e+01 +7.948026359e+01
104234 0 +2.353044014e-04 +7.948023530e+01 +7.948023530e+01
104239 0 +2.004712858e-04 +7.948020047e+01 +7.948020047e+01
104324 0 +1.951293417e-04 +7.948019513e+01 +7.948019513e+01
104330 0 +1.763452501e-04 +7.948017635e+01 +7.948017635e+01
104339 0 +1.563694711e-04 +7.948015637e+01 +7.948015637e+01
104351 0 +1.385124989e-04 +7.948013851e+01 +7.948013851e+01
104365 0 +1.252827144e-04 +7.948012528e+01 +7.948012528e+01
104371 0 +1.030711296e-04 +7.948010307e+01 +7.948010307e+01
104379 0 +9.174119980e-05 +7.948009174e+01 +7.948009174e+01
104381 0 +8.562740202e-05 +7.948008563e+01 +7.948008563e+01
104384 0 +7.620477705e-05 +7.948007620e+01 +7.948007620e+01
104387 0 +6.216297153e-05 +7.948006216e+01 +7.948006216e+01
104395 0 +4.755820308e-05 +7.948004756e+01 +7.948004756e+01
104494 0 +4.342081377e-05 +7.948004342e+01 +7.948004342e+01
104504 0 +3.749216046e-05 +7.948003749e+01 +7.948003749e+01
104520 0 +3.547417896e-05 +7.948003547e+01 +7.948003547e+01
104523 0 +3.069201932e-05 +7.948003069e+01 +7.948003069e+01
104542 0 +2.775315072e-05 +7.948002775e+01 +7.948002775e+01
104549 0 +2.477202520e-05 +7.948002477e+01 +7.948002477e+01
104552 0 +2.175273605e-05 +7.948002175e+01 +7.948002175e+01
104554 0 +1.850152778e-05 +7.948001850e+01 +7.948001850e+01
104559 0 +1.531862382e-05 +7.948001532e+01 +7.948001532e+01
104561 0 +1.267421949e-05 +7.948001267e+01 +7.948001267e+01
104644 0 +1.229364631e-05 +7.948001229e+01 +7.948001229e+01
104652 0 +1.098978063e-05 +7.948001099e+01 +7.948001099e+01
104665 0 +9.449666521e-06 +7.948000945e+01 +7.948000945e+01
104678 0 +8.176846208e-06 +7.948000818e+01 +7.948000818e+01
104684 0 +7.892734288e-06 +7.948000789e+01 +7.948000789e+01
104689 0 +6.552820338e-06 +7.948000655e+01 +7.948000655e+01
104692 0 +5.991238439e-06 +7.948000599e+01 +7.948000599e+01
104695 0 +5.554471983e-06 +7.948000555e+01 +7.948000555e+01
104701 0 +4.852327677e-06 +7.948000485e+01 +7.948000485e+01
104703 0 +4.343245422e-06 +7.948000434e+01 +7.948000434e+01
104710 0 +3.614782585e-06 +7.948000361e+01 +7.948000361e+01
104810 0 +3.467087581e-06 +7.948000347e+01 +7.948000347e+01
104816 0 +2.959219174e-06 +7.948000296e+01 +7.948000296e+01
104821 0 +2.814108058e-06 +7.948000281e+01 +7.948000281e+01
104836 0 +2.494205404e-06 +7.948000249e+01 +7.948000249e+01
104843 0 +2.185843911e-06 +7.948000219e+01 +7.948000219e+01
104857 0 +1.957572152e-06 +7.948000196e+01 +7.948000196e+01
104859 0 +1.734971960e-06 +7.948000173e+01 +7.948000173e+01
104866 0 +1.546792475e-06 +7.948000155e+01 +7.948000155e+01
104867 0 +1.412115523e-06 +7.948000141e+01 +7.948000141e+01
104876 0 +1.224412813e-06 +7.948000122e+01 +7.948000122e+01
104878 0 +9.994234063e-07 +7.948000100e+01 +7.948000100e+01
104966 0 +8.705704460e-07 +7.948000087e+01 +7.948000087e+01
104980 0 +7.880752975e-07 +7.948000079e+01 +7.948000079e+01
104987 0 +6.717315415e-07 +7.948000067e+01 +7.948000067e+01
104994 0 +6.149614933e-07 +7.948000061e+01 +7.948000061e+01
105004 0 +5.619343710e-07 +7.948000056e+01 +7.948000056e+01
105008 0 +4.980125823e-07 +7.948000050e+01 +7.948000050e+01
105015 0 +3.996654527e-07 +7.948000040e+01 +7.948000040e+01
105022 0 +3.640034549e-07 +7.948000036e+01 +7.948000036e+01
105024 0 +3.122278684e-07 +7.948000031e+01 +7.948000031e+01
105029 0 +2.632718008e-07 +7.948000026e+01 +7.948000026e+01
105031 0 +2.229085823e-07 +7.948000022e+01 +7.948000022e+01
105040 0 +1.916238830e-07 +7.948000019e+01 +7.948000019e+01
105041 0 +1.594835908e-07 +7.948000016e+01 +7.948000016e+01
105128 0 +1.493530561e-07 +7.948000015e+01 +7.948000015e+01
105130 0 +1.394602265e-07 +7.948000014e+01 +7.948000014e+01
105142 0 +1.195192283e-07 +7.948000012e+01 +7.948000012e+01
105162 0 +1.036232504e-07 +7.948000010e+01 +7.948000010e+01
105163 0 +9.437569304e-08 +7.948000009e+01 +7.948000009e+01
105167 0 +8.591865708e-08 +7.948000009e+01 +7.948000009e+01
105169 0 +7.609158104e-08 +7.948000008e+01 +7.948000008e+01
105188 0 +6.499928418e-08 +7.948000006e+01 +7.948000006e+01
105194 0 +5.576544027e-08 +7.948000006e+01 +7.948000006e+01
105283 0 +4.847554180e-08 +7.948000005e+01 +7.948000005e+01
105293 0 +4.451074176e-08 +7.948000004e+01 +7.948000004e+01
105300 0 +3.875686616e-08 +7.948000004e+01 +7.948000004e+01
105312 0 +3.251032865e-08 +7.948000003e+01 +7.948000003e+01
105314 0 +2.980010549e-08 +7.948000003e+01 +7.948000003e+01
105332 0 +2.750230976e-08 +7.948000003e+01 +7.948000003e+01
105341 0 +2.293556634e-08 +7.948000002e+01 +7.948000002e+01
105345 0 +2.034711599e-08 +7.948000002e+01 +7.948000002e+01
105352 0 +1.924752269e-08 +7.948000002e+01 +7.948000002e+01
105355 0 +1.659947202e-08 +7.948000002e+01 +7.948000002e+01
105360 0 +1.535175898e-08 +7.948000002e+01 +7.948000002e+01
105362 0 +1.219643764e-08 +7.948000001e+01 +7.948000001e+01
105455 0 +1.082757706e-08 +7.948000001e+01 +7.948000001e+01
105470 0 +9.690012348e-09 +7.948000001e+01 +7.948000001e+01
106472 0 +9.237055565e-13 +7.948000000e+01 +7.948000000e+01
400000 0 +9.947598301e-14 +7.948000000e+01 +7.948000000e+01
% f evaluations | g evaluations | best noise-free fitness - Fopt (3.944800000000e+02) + sum g_i+ | measured fitness | best measured fitness or single-digit g-values | x1 | x2...
1 0 +2.837954374e+02 +6.782754374e+02 +6.782754374e+02
2 0 +2.701962314e+02 +6.646762314e+02 +6.646762314e+02
143 0 +2.497117119e+02 +6.441917119e+02 +6.441917119e+02
102810 0 +2.227358872e+02 +6.172158872e+02 +6.172158872e+02
102826 0 +1.995132155e+02 +5.939932155e+02 +5.939932155e+02
102837 0 +1.773804134e+02 +5.718604134e+02 +5.718604134e+02
102854 0 +1.556780788e+02 +5.501580788e+02 +5.501580788e+02
102862 0 +1.391595597e+02 +5.336395597e+02 +5.336395597e+02
102870 0 +1.211840954e+02 +5.156640954e+02 +5.156640954e+02
102875 0 +1.077469260e+02 +5.022269260e+02 +5.022269260e+02
102881 0 +9.925696586e+01 +4.937369659e+02 +4.937369659e+02
102896 0 +8.683999768e+01 +4.813199977e+02 +4.813199977e+02
102910 0 +7.848526066e+01 +4.729652607e+02 +4.729652607e+02
102924 0 +7.059630013e+01 +4.650763001e+02 +4.650763001e+02
102932 0 +6.294082874e+01 +4.574208287e+02 +4.574208287e+02
102942 0 +5.251945786e+01 +4.469994579e+02 +4.469994579e+02
102943 0 +4.796004753e+01 +4.424400475e+02 +4.424400475e+02
102950 0 +4.255438299e+01 +4.370343830e+02 +4.370343830e+02
102954 0 +3.897000516e+01 +4.334500052e+02 +4.334500052e+02
102955 0 +3.440419067e+01 +4.288841907e+02 +4.288841907e+02
102965 0 +3.098511310e+01 +4.254651131e+02 +4.254651131e+02
102976 0 +2.791999949e+01 +4.223999995e+02 +4.223999995e+02
102990 0 +2.452878409e+01 +4.190087841e+02 +4.190087841e+02
103005 0 +2.162944018e+01 +4.161094402e+02 +4.161094402e+02
103012 0 +1.916868951e+01 +4.136486895e+02 +4.136486895e+02
103019 0 +1.730992936e+01 +4.117899294e+02 +4.117899294e+02
103022 0 +1.485398181e+01 +4.093339818e+02 +4.093339818e+02
103023 0 +1.229716882e+01 +4.067771688e+02 +4.067771688e+02
103030 0 +9.900459701e+00 +4.043804597e+02 +4.043804597e+02
103034 0 +8.318679228e+00 +4.027986792e+02 +4.027986792e+02
103035 0 +5.755462091e+00 +4.002354621e+02 +4.002354621e+02
103061 0 +5.289303584e+00 +3.997693036e+02 +3.997693036e+02
103092 0 +4.831150270e+00 +3.993111503e+02 +3.993111503e+02
103102 0 +4.377800072e+00 +3.988578001e+02 +3.988578001e+02
103103 0 +3.823584442e+00 +3.983035844e+02 +3.983035844e+02
103110 0 +3.429472672e+00 +3.979094727e+02 +3.979094727e+02
103115 0 +2.868852888e+00 +3.973488529e+02 +3.973488529e+02
103208 0 +2.803856702e+00 +3.972838567e+02 +3.972838567e+02
103218 0 +2.460456755e+00 +3.969404568e+02 +3.969404568e+02
103231 0 +2.217984990e+00 +3.966979850e+02 +3.966979850e+02
103250 0 +1.979064229e+00 +3.964590642e+02 +3.964590642e+02
103257 0 +1.694381298e+00 +3.961743813e+02 +3.961743813e+02
103259 0 +1.515975230e+00 +3.959959752e+02 +3.959959752e+02
103266 0 +1.257037053e+00 +3.957370371e+02 +3.957370371e+02
103279 0 +9.929525853e-01 +3.954729526e+02 +3.954729526e+02
103381 0 +8.538297634e-01 +3.953338298e+02 +3.953338298e+02
103392 0 +7.512542162e-01 +3.952312542e+02 +3.952312542e+02
103401 0 +7.044775966e-01 +3.951844776e+02 +3.951844776e+02
103408 0 +6.185292910e-01 +3.950985293e+02 +3.950985293e+02
103412 0 +5.366064156e-01 +3.950166064e+02 +3.950166064e+02
103415 0 +4.761237573e-01 +3.949561238e+02 +3.949561238e+02
103422 0 +4.253673751e-01 +3.949053674e+02 +3.949053674e+02
103424 0 +3.761777807e-01 +3.948561778e+02 +3.948561778e+02
103430 0 +3.402310056e-01 +3.948202310e+02 +3.948202310e+02
103433 0 +2.900681961e-01 +3.947700682e+02 +3.947700682e+02
103436 0 +2.424796404e-01 +3.947224796e+02 +3.947224796e+02
103437 0 +2.140508965e-01 +3.946940509e+02 +3.946940509e+02
103526 0 +1.957770371e-01 +3.946757770e+02 +3.946757770e+02
103534 0 +1.749653244e-01 +3.946549653e+02 +3.946549653e+02
103540 0 +1.517394019e-01 +3.946317394e+02 +3.946317394e+02
103556 0 +1.320640796e-01 +3.946120641e+02 +3.946120641e+02
103558 0 +1.206483939e-01 +3.946006484e+02 +3.946006484e+02
103560 0 +1.102768084e-01 +3.945902768e+02 +3.945902768e+02
103574 0 +9.502717607e-02 +3.945750272e+02 +3.945750272e+02
103578 0 +8.161019215e-02 +3.945616102e+02 +3.945616102e+02
103580 0 +7.927583380e-02 +3.945592758e+02 +3.945592758e+02
103591 0 +6.740042039e-02 +3.945474004e+02 +3.945474004e+02
103600 0 +6.175848854e-02 +3.945417585e+02 +3.945417585e+02
103602 0 +4.912029840e-02 +3.945291203e+02 +3.945291203e+02
103695 0 +4.222254583e-02 +3.945222225e+02 +3.945222225e+02
103707 0 +3.900831728e-02 +3.945190083e+02 +3.945190083e+02
103724 0 +3.301532311e-02 +3.945130153e+02 +3.945130153e+02
103729 0 +2.943521752e-02 +3.945094352e+02 +3.945094352e+02
103736 0 +2.779201645e-02 +3.945077920e+02 +3.945077920e+02
103739 0 +2.504787267e-02 +3.945050479e+02 +3.945050479e+02
103749 0 +2.230059759e-02 +3.945023006e+02 +3.945023006e+02
103757 0 +1.802652889e-02 +3.944980265e+02 +3.944980265e+02
103759 0 +1.622071191e-02 +3.944962207e+02 +3.944962207e+02
103844 0 +1.524844537e-02 +3.944952484e+02 +3.944952484e+02
103853 0 +1.346110635e-02 +3.944934611e+02 +3.944934611e+02
103863 0 +1.190433458e-02 +3.944919043e+02 +3.944919043e+02
103870 0 +1.118731426e-02 +3.944911873e+02 +3.944911873e+02
103875 0 +9.937928917e-03 +3.944899379e+02 +3.944899379e+02
103881 0 +8.559838527e-03 +3.944885598e+02 +3.944885598e+02
103886 0 +7.597127688e-03 +3.944875971e+02 +3.944875971e+02
103894 0 +6.381286003e-03 +3.944863813e+02 +3.944863813e+02
103895 0 +5.945412340e-03 +3.944859454e+02 +3.944859454e+02
103901 0 +5.445144944e-03 +3.944854451e+02 +3.944854451e+02
103903 0 +4.749029065e-03 +3.944847490e+02 +3.944847490e+02
103913 0 +4.310301174e-03 +3.944843103e+02 +3.944843103e+02
103915 0 +3.414055470e-03 +3.944834141e+02 +3.944834141e+02
104005 0 +3.160386430e-03 +3.944831604e+02 +3.944831604e+02
104021 0 +2.744391175e-03 +3.944827444e+02 +3.944827444e+02
104036 0 +2.439545240e-03 +3.944824395e+02 +3.944824395e+02
104038 0 +2.234872956e-03 +3.944822349e+02 +3.944822349e+02
104052 0 +1.930625025e-03 +3.944819306e+02 +3.944819306e+02
104065 0 +1.597266989e-03 +3.944815973e+02 +3.944815973e+02
104067 0 +1.450900668e-03 +3.944814509e+02 +3.944814509e+02
104070 0 +1.404346385e-03 +3.944814043e+02 +3.944814043e+02
104072 0 +1.177569269e-03 +3.944811776e+02 +3.944811776e+02
104079 0 +9.454789694e-04 +3.944809455e+02 +3.944809455e+02
104081 0 +8.140489434e-04 +3.944808140e+02 +3.944808140e+02
104177 0 +7.653355767e-04 +3.944807653e+02 +3.944807653e+02
104188 0 +6.598790042e-04 +3.944806599e+02 +3.944806599e+02
104190 0 +6.035510667e-04 +3.944806036e+02 +3.944806036e+02
104194 0 +5.589114960e-04 +3.944805589e+02 +3.944805589e+02
104211 0 +4.898457116e-04 +3.944804898e+02 +3.944804898e+02
104215 0 +4.331952736e-04 +3.944804332e+02 +3.944804332e+02
104218 0 +3.891212540e-04 +3.944803891e+02 +3.944803891e+02
104219 0 +3.516753873e-04 +3.944803517e+02 +3.944803517e+02
104222 0 +2.933989727e-04 +3.944802934e+02 +3.944802934e+02
104229 0 +2.462473990e-04 +3.944802462e+02 +3.944802462e+02
104233 0 +1.976798473e-04 +3.944801977e+02 +3.944801977e+02
104238 0 +1.693617743e-04 +3.944801694e+02 +3.944801694e+02
104334 0 +1.538189945e-04 +3.944801538e+02 +3.944801538e+02
104345 0 +1.314412521e-04 +3.944801314e+02 +3.944801314e+02
104353 0 +1.232038268e-04 +3.944801232e+02 +3.944801232e+02
104363 0 +1.098835134e-04 +3.944801099e+02 +3.944801099e+02
104370 0 +9.880409141e-05 +3.944800988e+02 +3.944800988e+02
104374 0 +8.585914526e-05 +3.944800859e+02 +3.944800859e+02
104383 0 +7.523768687e-05 +3.944800752e+02 +3.944800752e+02
104388 0 +6.599345119e-05 +3.944800660e+02 +3.944800660e+02
104402 0 +5.189557299e-05 +3.944800519e+02 +3.944800519e+02
104485 0 +4.865048055e-05 +3.944800487e+02 +3.944800487e+02
104498 0 +4.209711483e-05 +3.944800421e+02 +3.944800421e+02
104502 0 +3.963359859e-05 +3.944800396e+02 +3.944800396e+02
104512 0 +3.319343585e-05 +3.944800332e+02 +3.944800332e+02
104517 0 +3.092709483e-05 +3.944800309e+02 +3.944800309e+02
104524 0 +2.695943613e-05 +3.944800270e+02 +3.944800270e+02
104529 0 +2.485984447e-05 +3.944800249e+02 +3.944800249e+02
104531 0 +2.207247445e-05 +3.944800221e+02 +3.944800221e+02
104540 0 +1.953453807e-05 +3.944800195e+02 +3.944800195e+02
104550 0 +1.753490409e-05 +3.944800175e+02 +3.944800175e+02
104558 0 +1.299562382e-05 +3.944800130e+02 +3.944800130e+02
104560 0 +1.213263465e-05 +3.944800121e+02 +3.944800121e+02
104655 0 +1.089381817e-05 +3.944800109e+02 +3.944800109e+02
104659 0 +9.955247094e-06 +3.944800100e+02 +3.944800100e+02
104676 0 +8.601830075e-06 +3.944800086e+02 +3.944800086e+02
104687 0 +7.698781189e-06 +3.944800077e+02 +3.944800077e+02
104696 0 +6.450790920e-06 +3.944800065e+02 +3.944800065e+02
104698 0 +5.716102635e-06 +3.944800057e+02 +3.944800057e+02
104704 0 +5.506728712e-06 +3.944800055e+02 +3.944800055e+02
104707 0 +4.718061120e-06 +3.944800047e+02 +3.944800047e+02
104714 0 +3.954492570e-06 +3.944800040e+02 +3.944800040e+02
104719 0 +3.115868140e-06 +3.944800031e+02 +3.944800031e+02
104814 0 +2.748977579e-06 +3.944800027e+02 +3.944800027e+02
104840 0 +2.361482643e-06 +3.944800024e+02 +3.944800024e+02
104844 0 +2.083223535e-06 +3.944800021e+02 +3.944800021e+02
104854 0 +1.850033016e-06 +3.944800019e+02 +3.944800019e+02
104859 0 +1.658220185e-06 +3.944800017e+02 +3.944800017e+02
104863 0 +1.524178970e-06 +3.944800015e+02 +3.944800015e+02
104865 0 +1.402944747e-06 +3.944800014e+02 +3.944800014e+02
104869 0 +1.186668612e-06 +3.944800012e+02 +3.944800012e+02
104872 0 +1.023001801e-06 +3.944800010e+02 +3.944800010e+02
104876 0 +9.418766354e-07 +3.944800009e+02 +3.944800009e+02
104966 0 +8.809300880e-07 +3.944800009e+02 +3.944800009e+02
104976 0 +7.917176390e-07 +3.944800008e+02 +3.944800008e+02
104995 0 +6.773352084e-07 +3.944800007e+02 +3.944800007e+02
105001 0 +6.189567330e-07 +3.944800006e+02 +3.944800006e+02
105005 0 +5.605145930e-07 +3.944800006e+02 +3.944800006e+02
105010 0 +4.648712206e-07 +3.944800005e+02 +3.944800005e+02
105011 0 +4.148602102e-07 +3.944800004e+02 +3.944800004e+02
105021 0 +3.824685564e-07 +3.944800004e+02 +3.944800004e+02
105028 0 +3.418422807e-07 +3.944800003e+02 +3.944800003e+02
105033 0 +3.161575819e-07 +3.944800003e+02 +3.944800003e+02
105040 0 +2.385555149e-07 +3.944800002e+02 +3.944800002e+02
105042 0 +2.032778639e-07 +3.944800002e+02 +3.944800002e+02
105123 0 +1.964631906e-07 +3.944800002e+02 +3.944800002e+02
105133 0 +1.755823291e-07 +3.944800002e+02 +3.944800002e+02
105143 0 +1.571298753e-07 +3.944800002e+02 +3.944800002e+02
105152 0 +1.359235284e-07 +3.944800001e+02 +3.944800001e+02
105173 0 +1.243932957e-07 +3.944800001e+02 +3.944800001e+02
105176 0 +1.111658321e-07 +3.944800001e+02 +3.944800001e+02
105177 0 +9.855824601e-08 +3.944800001e+02 +3.944800001e+02
105184 0 +8.688937214e-08 +3.944800001e+02 +3.944800001e+02
105186 0 +7.243636446e-08 +3.944800001e+02 +3.944800001e+02
105191 0 +6.859153245e-08 +3.944800001e+02 +3.944800001e+02
105196 0 +6.115260476e-08 +3.944800001e+02 +3.944800001e+02
105198 0 +5.137758308e-08 +3.944800001e+02 +3.944800001e+02
105294 0 +4.960918432e-08 +3.944800000e+02 +3.944800000e+02
105306 0 +4.355047167e-08 +3.944800000e+02 +3.944800000e+02
105313 0 +3.752558086e-08 +3.944800000e+02 +3.944800000e+02
105317 0 +3.491129519e-08 +3.944800000e+02 +3.944800000e+02
105321 0 +3.029401796e-08 +3.944800000e+02 +3.944800000e+02
105334 0 +2.670878985e-08 +3.944800000e+02 +3.944800000e+02
105340 0 +2.457449000e-08 +3.944800000e+02 +3.944800000e+02
105341 0 +2.105321073e-08 +3.944800000e+02 +3.944800000e+02
105352 0 +1.821166506e-08 +3.944800000e+02 +3.944800000e+02
105353 0 +1.552058393e-08 +3.944800000e+02 +3.944800000e+02
105361 0 +1.209991751e-08 +3.944800000e+02 +3.944800000e+02
105446 0 +1.074408829e-08 +3.944800000e+02 +3.944800000e+02
105447 0 +9.872508144e-09 +3.944800000e+02 +3.944800000e+02
106480 0 +9.663381206e-13 +3.944800000e+02 +3.944800000e+02
400000 0 +3.979039320e-13 +3.944800000e+02 +3.944800000e+02
% f evaluations | g evaluations | best noise-free fitness - Fopt (-2.471100000000e+02) + sum g_i+ | measured fitness | best measured fitness or single-digit g-values | x1 | x2...
1 0 +1.949323283e+02 -5.217767168e+01 -5.217767168e+01
2 0 +1.745126916e+02 -7.259730842e+01 -7.259730842e+01
20612 0 +1.576023202e+02 -8.950767984e+01 -8.950767984e+01
83872 0 +1.408989570e+02 -1.062110430e+02 -1.062110430e+02
102816 0 +1.220009863e+02 -1.251090137e+02 -1.251090137e+02
102824 0 +1.099354743e+02 -1.371745257e+02 -1.371745257e+02
102836 0 +9.663660634e+01 -1.504733937e+02 -1.504733937e+02
102844 0 +8.796507932e+01 -1.591449207e+02 -1.591449207e+02
102851 0 +7.919878908e+01 -1.679112109e+02 -1.679112109e+02
102867 0 +6.797940576e+01 -1.791305942e+02 -1.791305942e+02
102873 0 +6.256824289e+01 -1.845417571e+02 -1.845417571e+02
102879 0 +5.492504410e+01 -1.921849559e+02 -1.921849559e+02
102889 0 +4.964819593e+01 -1.974618041e+02 -1.974618041e+02
102896 0 +4.137667229e+01 -2.057333277e+02 -2.057333277e+02
102897 0 +3.962344991e+01 -2.074865501e+02 -2.074865501e+02
102904 0 +3.531895232e+01 -2.117910477e+02 -2.117910477e+02
102916 0 +2.978325605e+01 -2.173267440e+02 -2.173267440e+02
102924 0 +2.511692373e+01 -2.219930763e+02 -2.219930763e+02
102925 0 +2.169264977e+01 -2.254173502e+02 -2.254173502e+02
102941 0 +1.992099525e+01 -2.271890048e+02 -2.271890048e+02
102947 0 +1.735647901e+01 -2.297535210e+02 -2.297535210e+02
102956 0 +1.328573306e+01 -2.338242669e+02 -2.338242669e+02
102963 0 +1.229883574e+01 -2.348111643e+02 -2.348111643e+02
102971 0 +1.034054988e+01 -2.367694501e+02 -2.367694501e+02
102976 0 +8.902862886e+00 -2.382071371e+02 -2.382071371e+02
102988 0 +7.617320222e+00 -2.394926798e+02 -2.394926798e+02
102996 0 +6.730390503e+00 -2.403796095e+02 -2.403796095e+02
103004 0 +5.521652024e+00 -2.415883480e+02 -2.415883480e+02
103005 0 +4.099975411e+00 -2.430100246e+02 -2.430100246e+02
103027 0 +3.538056529e+00 -2.435719435e+02 -2.435719435e+02
103036 0 +2.905691948e+00 -2.442043081e+02 -2.442043081e+02
103128 0 +2.777367835e+00 -2.443326322e+02 -2.443326322e+02
103144 0 +2.507358072e+00 -2.446026419e+02 -2.446026419e+02
103153 0 +2.193879280e+00 -2.449161207e+02 -2.449161207e+02
103172 0 +1.979427010e+00 -2.451305730e+02 -2.451305730e+02
103176 0 +1.697017500e+00 -2.454129825e+02 -2.454129825e+02
103178 0 +1.501603888e+00 -2.456083961e+02 -2.456083961e+02
103182 0 +1.281525148e+00 -2.458284749e+02 -2.458284749e+02
103184 0 +1.250067023e+00 -2.458599330e+02 -2.458599330e+02
103201 0 +1.012138986e+00 -2.460978610e+02 -2.460978610e+02
103283 0 +9.840572104e-01 -2.461259428e+02 -2.461259428e+02
103293 0 +8.821636952e-01 -2.462278363e+02 -2.462278363e+02
103303 0 +7.853111682e-01 -2.463246888e+02 -2.463246888e+02
103320 0 +6.905468416e-01 -2.464194532e+02 -2.464194532e+02
103325 0 +6.023821991e-01 -2.465076178e+02 -2.465076178e+02
103330 0 +5.452640052e-01 -2.465647360e+02 -2.465647360e+02
103339 0 +4.910768737e-01 -2.466189231e+02 -2.466189231e+02
103343 0 +4.442247690e-01 -2.466657752e+02 -2.466657752e+02
103348 0 +3.969609877e-01 -2.467130390e+02 -2.467130390e+02
103353 0 +3.091748794e-01 -2.468008251e+02 -2.468008251e+02
103355 0 +2.795225227e-01 -2.468304775e+02 -2.468304775e+02
103358 0 +2.474045400e-01 -2.468625955e+02 -2.468625955e+02
103360 0 +2.157224243e-01 -2.468942776e+02 -2.468942776e+02
103451 0 +1.912117938e-01 -2.469187882e+02 -2.469187882e+02
103458 0 +1.749850364e-01 -2.469350150e+02 -2.469350150e+02
103465 0 +1.532795130e-01 -2.469567205e+02 -2.469567205e+02
103469 0 +1.361226618e-01 -2.469738773e+02 -2.469738773e+02
103484 0 +1.166428692e-01 -2.469933571e+02 -2.469933571e+02
103492 0 +1.027853059e-01 -2.470072147e+02 -2.470072147e+02
103496 0 +8.979343843e-02 -2.470202066e+02 -2.470202066e+02
103510 0 +8.272114083e-02 -2.470272789e+02 -2.470272789e+02
103511 0 +7.937582475e-02 -2.470306242e+02 -2.470306242e+02
103608 0 +6.729501548e-02 -2.470427050e+02 -2.470427050e+02
103620 0 +6.080059901e-02 -2.470491994e+02 -2.470491994e+02
103623 0 +5.603909151e-02 -2.470539609e+02 -2.470539609e+02
103633 0 +4.877440696e-02 -2.470612256e+02 -2.470612256e+02
103646 0 +4.375459011e-02 -2.470662454e+02 -2.470662454e+02
103650 0 +3.843071279e-02 -2.470715693e+02 -2.470715693e+02
103657 0 +3.280949496e-02 -2.470771905e+02 -2.470771905e+02
103660 0 +2.922681222e-02 -2.470807732e+02 -2.470807732e+02
103672 0 +2.659203046e-02 -2.470834080e+02 -2.470834080e+02
103675 0 +2.286633751e-02 -2.470871337e+02 -2.470871337e+02
103677 0 +1.916186434e-02 -2.470908381e+02 -2.470908381e+02
103679 0 +1.534842439e-02 -2.470946516e+02 -2.470946516e+02
103681 0 +1.277983069e-02 -2.470972202e+02 -2.470972202e+02
103772 0 +1.201724967e-02 -2.470979828e+02 -2.470979828e+02
103776 0 +1.109191421e-02 -2.470989081e+02 -2.470989081e+02
103799 0 +9.574526325e-03 -2.471004255e+02 -2.471004255e+02
103801 0 +8.757264301e-03 -2.471012427e+02 -2.471012427e+02
103811 0 +7.534702661e-03 -2.471024653e+02 -2.471024653e+02
103821 0 +6.315305291e-03 -2.471036847e+02 -2.471036847e+02
103823 0 +5.347945899e-03 -2.471046521e+02 -2.471046521e+02
103827 0 +4.088090257e-03 -2.471059119e+02 -2.471059119e+02
103830 0 +3.297846595e-03 -2.471067022e+02 -2.471067022e+02
103833 0 +2.431979229e-03 -2.471075680e+02 -2.471075680e+02
103926 0 +2.189299387e-03 -2.471078107e+02 -2.471078107e+02
103943 0 +1.934370356e-03 -2.471080656e+02 -2.471080656e+02
103952 0 +1.713056061e-03 -2.471082869e+02 -2.471082869e+02
103969 0 +1.363024573e-03 -2.471086370e+02 -2.471086370e+02
103976 0 +1.178944254e-03 -2.471088211e+02 -2.471088211e+02
103986 0 +1.095993133e-03 -2.471089040e+02 -2.471089040e+02
103991 0 +9.222863071e-04 -2.471090777e+02 -2.471090777e+02
104002 0 +8.310616788e-04 -2.471091689e+02 -2.471091689e+02
104084 0 +7.919008613e-04 -2.471092081e+02 -2.471092081e+02
104101 0 +6.590440777e-04 -2.471093410e+02 -2.471093410e+02
104105 0 +6.149700581e-04 -2.471093850e+02 -2.471093850e+02
104113 0 +5.173517388e-04 -2.471094826e+02 -2.471094826e+02
104116 0 +4.941429017e-04 -2.471095059e+02 -2.471095059e+02
104120 0 +4.331507972e-04 -2.471095668e+02 -2.471095668e+02
104125 0 +3.585465732e-04 -2.471096415e+02 -2.471096415e+02
104128 0 +3.488469166e-04 -2.471096512e+02 -2.471096512e+02
104131 0 +3.011539940e-04 -2.471096988e+02 -2.471096988e+02
104134 0 +2.731437729e-04 -2.471097269e+02 -2.471097269e+02
104138 0 +1.988127662e-04 -2.471098012e+02 -2.471098012e+02
104161 0 +1.636717986e-04 -2.471098363e+02 -2.471098363e+02
104247 0 +1.535141785e-04 -2.471098465e+02 -2.471098465e+02
104251 0 +1.405104386e-04 -2.471098595e+02 -2.471098595e+02
104271 0 +1.197589232e-04 -2.471098802e+02 -2.471098802e+02
104277 0 +1.090944128e-04 -2.471098909e+02 -2.471098909e+02
104287 0 +9.332750599e-05 -2.471099067e+02 -2.471099067e+02
104296 0 +8.457538607e-05 -2.471099154e+02 -2.471099154e+02
104299 0 +7.931397803e-05 -2.471099207e+02 -2.471099207e+02
104309 0 +6.568502371e-05 -2.471099343e+02 -2.471099343e+02
104316 0 +5.295722215e-05 -2.471099470e+02 -2.471099470e+02
104322 0 +4.542967037e-05 -2.471099546e+02 -2.471099546e+02
104403 0 +4.376092073e-05 -2.471099562e+02 -2.471099562e+02
104426 0 +3.967020163e-05 -2.471099603e+02 -2.471099603e+02
104441 0 +3.506424565e-05 -2.471099649e+02 -2.471099649e+02
104443 0 +3.151741714e-05 -2.471099685e+02 -2.471099685e+02
104454 0 +2.816013540e-05 -2.471099718e+02 -2.471099718e+02
104471 0 +2.292465933e-05 -2.471099771e+02 -2.471099771e+02
104474 0 +1.974659980e-05 -2.471099803e+02 -2.471099803e+02
104478 0 +1.710219547e-05 -2.471099829e+02 -2.471099829e+02
104575 0 +1.521931304e-05 -2.471099848e+02 -2.471099848e+02
104584 0 +1.399114993e-05 -2.471099860e+02 -2.471099860e+02
104587 0 +1.245704203e-05 -2.471099875e+02 -2.471099875e+02
104591 0 +1.082947281e-05 -2.471099892e+02 -2.471099892e+02
104597 0 +9.980721074e-06 -2.471099900e+02 -2.471099900e+02
104605 0 +8.869788928e-06 -2.471099911e+02 -2.471099911e+02
104612 0 +7.889470226e-06 -2.471099921e+02 -2.471099921e+02
104616 0 +6.974726745e-06 -2.471099930e+02 -2.471099930e+02
104621 0 +5.789889542e-06 -2.471099942e+02 -2.471099942e+02
104626 0 +5.380008616e-06 -2.471099946e+02 -2.471099946e+02
104630 0 +4.231745805e-06 -2.471099958e+02 -2.471099958e+02
104635 0 +3.946680323e-06 -2.471099961e+02 -2.471099961e+02
104640 0 +3.372171165e-06 -2.471099966e+02 -2.471099966e+02
104642 0 +2.445196060e-06 -2.471099976e+02 -2.471099976e+02
104727 0 +2.190675389e-06 -2.471099978e+02 -2.471099978e+02
104732 0 +1.973029214e-06 -2.471099980e+02 -2.471099980e+02
104737 0 +1.748039807e-06 -2.471099983e+02 -2.471099983e+02
104753 0 +1.525179329e-06 -2.471099985e+02 -2.471099985e+02
104755 0 +1.304634196e-06 -2.471099987e+02 -2.471099987e+02
104761 0 +1.187510094e-06 -2.471099988e+02 -2.471099988e+02
104767 0 +1.077554003e-06 -2.471099989e+02 -2.471099989e+02
104785 0 +9.852576284e-07 -2.471099990e+02 -2.471099990e+02
104792 0 +8.471035358e-07 -2.471099992e+02 -2.471099992e+02
104796 0 +7.509080717e-07 -2.471099992e+02 -2.471099992e+02
104797 0 +6.958245251e-07 -2.471099993e+02 -2.471099993e+02
104900 0 +6.285947904e-07 -2.471099994e+02 -2.471099994e+02
104903 0 +5.303922137e-07 -2.471099995e+02 -2.471099995e+02
104930 0 +4.928224655e-07 -2.471099995e+02 -2.471099995e+02
104939 0 +4.276849666e-07 -2.471099996e+02 -2.471099996e+02
104946 0 +3.627714307e-07 -2.471099996e+02 -2.471099996e+02
104948 0 +3.409612077e-07 -2.471099997e+02 -2.471099997e+02
104951 0 +3.124843886e-07 -2.471099997e+02 -2.471099997e+02
104955 0 +2.803831478e-07 -2.471099997e+02 -2.471099997e+02
104958 0 +2.482428556e-07 -2.471099998e+02 -2.471099998e+02
104959 0 +2.128240055e-07 -2.471099998e+02 -2.471099998e+02
105054 0 +1.944810890e-07 -2.471099998e+02 -2.471099998e+02
105059 0 +1.716895497e-07 -2.471099998e+02 -2.471099998e+02
105068 0 +1.545658677e-07 -2.471099998e+02 -2.471099998e+02
105078 0 +1.397999938e-07 -2.471099999e+02 -2.471099999e+02
105081 0 +1.254394704e-07 -2.471099999e+02 -2.471099999e+02
105087 0 +1.107400465e-07 -2.471099999e+02 -2.471099999e+02
105091 0 +9.664327649e-08 -2.471099999e+02 -2.471099999e+02
105098 0 +8.415713637e-08 -2.471099999e+02 -2.471099999e+02
105103 0 +7.890545817e-08 -2.471099999e+02 -2.471099999e+02
105114 0 +6.788903306e-08 -2.471099999e+02 -2.471099999e+02
105116 0 +5.876066211e-08 -2.471099999e+02 -2.471099999e+02
105203 0 +5.510392498e-08 -2.471099999e+02 -2.471099999e+02
105210 0 +4.735525749e-08 -2.471100000e+02 -2.471100000e+02
105232 0 +4.409696430e-08 -2.471100000e+02 -2.471100000e+02
105246 0 +3.866304610e-08 -2.471100000e+02 -2.471100000e+02
105249 0 +3.540907301e-08 -2.471100000e+02 -2.471100000e+02
105260 0 +3.057792242e-08 -2.471100000e+02 -2.471100000e+02
105261 0 +2.754470074e-08 -2.471100000e+02 -2.471100000e+02
105268 0 +2.352771844e-08 -2.471100000e+02 -2.471100000e+02
105270 0 +2.062603244e-08 -2.471100000e+02 -2.471100000e+02
105271 0 +1.723697096e-08 -2.471100000e+02 -2.471100000e+02
105273 0 +1.583785547e-08 -2.471100000e+02 -2.471100000e+02
105277 0 +1.268253413e-08 -2.471100000e+02 -2.471100000e+02
105280 0 +1.034686647e-08 -2.471100000e+02 -2.471100000e+02
105371 0 +9.870603890e-09 -2.471100000e+02 -2.471100000e+02
106376 0 +8.242295735e-13 -2.471100000e+02 -2.471100000e+02
400000 0 +1.421085472e-13 -2.471100000e+02 -2.471100000e+02
% f evaluations | g evaluations | best noise-free fitness - Fopt (-1.520400000000e+02) + sum g_i+ | measured fitness | best measured fitness or single-digit g-values | x1 | x2...
1 0 +1.938924493e+02 +4.185244928e+01 +4.185244928e+01
14 0 +1.928832972e+02 +4.084329717e+01 +4.084329717e+01
817 0 +1.727153345e+02 +2.067533451e+01 +2.067533451e+01
21634 0 +1.541029195e+02 +2.062919517e+00 +2.062919517e+00
83370 0 +1.410704026e+02 -1.096959745e+01 -1.096959745e+01
102822 0 +1.206900638e+02 -3.134993622e+01 -3.134993622e+01
102830 0 +1.101988568e+02 -4.184114321e+01 -4.184114321e+01
102844 0 +9.824600465e+01 -5.379399535e+01 -5.379399535e+01
102852 0 +8.813644303e+01 -6.390355697e+01 -6.390355697e+01
102857 0 +7.772843867e+01 -7.431156133e+01 -7.431156133e+01
102862 0 +7.028811034e+01 -8.175188966e+01 -8.175188966e+01
102869 0 +6.161723286e+01 -9.042276714e+01 -9.042276714e+01
102880 0 +5.563034564e+01 -9.640965436e+01 -9.640965436e+01
102887 0 +4.915470893e+01 -1.028852911e+02 -1.028852911e+02
102892 0 +4.372308016e+01 -1.083169198e+02 -1.083169198e+02
102902 0 +3.976085723e+01 -1.122791428e+02 -1.122791428e+02
102910 0 +3.492235106e+01 -1.171176489e+02 -1.171176489e+02
102924 0 +3.045119799e+01 -1.215888020e+02 -1.215888020e+02
102929 0 +2.680312623e+01 -1.252368738e+02 -1.252368738e+02
102933 0 +2.492065244e+01 -1.271193476e+02 -1.271193476e+02
102937 0 +2.213839495e+01 -1.299016050e+02 -1.299016050e+02
102942 0 +1.870326132e+01 -1.333367387e+02 -1.333367387e+02
102943 0 +1.649097358e+01 -1.355490264e+02 -1.355490264e+02
102949 0 +1.522329862e+01 -1.368167014e+02 -1.368167014e+02
102962 0 +1.154961024e+01 -1.404903898e+02 -1.404903898e+02
102970 0 +9.958223531e+00 -1.420817765e+02 -1.420817765e+02
102982 0 +7.998597947e+00 -1.440414021e+02 -1.440414021e+02
102985 0 +7.718461859e+00 -1.443215381e+02 -1.443215381e+02
103004 0 +6.450961963e+00 -1.455890380e+02 -1.455890380e+02
103017 0 +5.583290375e+00 -1.464567096e+02 -1.464567096e+02
103022 0 +4.304106198e+00 -1.477358938e+02 -1.477358938e+02
103042 0 +3.394807606e+00 -1.486451924e+02 -1.486451924e+02
103127 0 +3.070014923e+00 -1.489699851e+02 -1.489699851e+02
103138 0 +2.807728132e+00 -1.492322719e+02 -1.492322719e+02
103142 0 +2.329539002e+00 -1.497104610e+02 -1.497104610e+02
103146 0 +2.219282376e+00 -1.498207176e+02 -1.498207176e+02
103168 0 +1.816122589e+00 -1.502238774e+02 -1.502238774e+02
103173 0 +1.598102232e+00 -1.504418978e+02 -1.504418978e+02
103176 0 +1.480037052e+00 -1.505599629e+02 -1.505599629e+02
103179 0 +1.306388431e+00 -1.507336116e+02 -1.507336116e+02
103184 0 +1.160908957e+00 -1.508790910e+02 -1.508790910e+02
103188 0 +9.205152940e-01 -1.511194847e+02 -1.511194847e+02
103198 0 +7.785855051e-01 -1.512614145e+02 -1.512614145e+02
103289 0 +6.843072319e-01 -1.513556928e+02 -1.513556928e+02
103304 0 +6.181237278e-01 -1.514218763e+02 -1.514218763e+02
103309 0 +5.612212129e-01 -1.514787788e+02 -1.514787788e+02
103314 0 +4.599989723e-01 -1.515800010e+02 -1.515800010e+02
103317 0 +4.219525799e-01 -1.516180474e+02 -1.516180474e+02
103321 0 +3.922500370e-01 -1.516477500e+02 -1.516477500e+02
103326 0 +3.439273981e-01 -1.516960726e+02 -1.516960726e+02
103330 0 +2.952249655e-01 -1.517447750e+02 -1.517447750e+02
103349 0 +2.807732753e-01 -1.517592267e+02 -1.517592267e+02
103361 0 +2.447819408e-01 -1.517952181e+02 -1.517952181e+02
103451 0 +2.228723777e-01 -1.518171276e+02 -1.518171276e+02
103456 0 +1.986240805e-01 -1.518413759e+02 -1.518413759e+02
103479 0 +1.661244323e-01 -1.518738756e+02 -1.518738756e+02
103484 0 +1.514536246e-01 -1.518885464e+02 -1.518885464e+02
103496 0 +1.375826214e-01 -1.519024174e+02 -1.519024174e+02
103498 0 +1.255230952e-01 -1.519144769e+02 -1.519144769e+02
103501 0 +1.097991869e-01 -1.519302008e+02 -1.519302008e+02
103503 0 +9.923318008e-02 -1.519407668e+02 -1.519407668e+02
103510 0 +7.818696012e-02 -1.519618130e+02 -1.519618130e+02
103517 0 +6.266318165e-02 -1.519773368e+02 -1.519773368e+02
103519 0 +5.092842996e-02 -1.519890716e+02 -1.519890716e+02
103522 0 +4.170386377e-02 -1.519982961e+02 -1.519982961e+02
103606 0 +3.959785205e-02 -1.520004021e+02 -1.520004021e+02
103618 0 +3.419126386e-02 -1.520058087e+02 -1.520058087e+02
103636 0 +3.160251029e-02 -1.520083975e+02 -1.520083975e+02
103641 0 +2.727216689e-02 -1.520127278e+02 -1.520127278e+02
103647 0 +2.373887232e-02 -1.520162611e+02 -1.520162611e+02
103654 0 +2.014247259e-02 -1.520198575e+02 -1.520198575e+02
103659 0 +1.799300983e-02 -1.520220070e+02 -1.520220070e+02
103672 0 +1.451089775e-02 -1.520254891e+02 -1.520254891e+02
103676 0 +1.263474990e-02 -1.520273653e+02 -1.520273653e+02
103763 0 +1.254703203e-02 -1.520274530e+02 -1.520274530e+02
103781 0 +1.117222025e-02 -1.520288278e+02 -1.520288278e+02
103788 0 +9.891163327e-03 -1.520301088e+02 -1.520301088e+02
103791 0 +8.410293643e-03 -1.520315897e+02 -1.520315897e+02
103809 0 +7.296802895e-03 -1.520327032e+02 -1.520327032e+02
103812 0 +6.814256754e-03 -1.520331857e+02 -1.520331857e+02
103826 0 +5.648251818e-03 -1.520343517e+02 -1.520343517e+02
103835 0 +5.608495002e-03 -1.520343915e+02 -1.520343915e+02
103841 0 +4.911009177e-03 -1.520350890e+02 -1.520350890e+02
103927 0 +4.457980515e-03 -1.520355420e+02 -1.520355420e+02
103942 0 +3.951718822e-03 -1.520360483e+02 -1.520360483e+02
103953 0 +3.453154615e-03 -1.520365468e+02 -1.520365468e+02
103957 0 +3.099596027e-03 -1.520369004e+02 -1.520369004e+02
103962 0 +2.786088773e-03 -1.520372139e+02 -1.520372139e+02
103965 0 +2.383846115e-03 -1.520376162e+02 -1.520376162e+02
103967 0 +2.230955545e-03 -1.520377690e+02 -1.520377690e+02
103980 0 +1.828000547e-03 -1.520381720e+02 -1.520381720e+02
103982 0 +1.641820241e-03 -1.520383582e+02 -1.520383582e+02
103983 0 +1.543357807e-03 -1.520384566e+02 -1.520384566e+02
103993 0 +1.249707660e-03 -1.520387503e+02 -1.520387503e+02
103996 0 +1.025128384e-03 -1.520389749e+02 -1.520389749e+02
103997 0 +8.157382765e-04 -1.520391843e+02 -1.520391843e+02
104000 0 +5.713784451e-04 -1.520394286e+02 -1.520394286e+02
104088 0 +5.330439185e-04 -1.520394670e+02 -1.520394670e+02
104093 0 +4.958172568e-04 -1.520395042e+02 -1.520395042e+02
104108 0 +4.463256855e-04 -1.520395537e+02 -1.520395537e+02
104132 0 +3.618114791e-04 -1.520396382e+02 -1.520396382e+02
104135 0 +3.120328624e-04 -1.520396880e+02 -1.520396880e+02
104148 0 +2.719783654e-04 -1.520397280e+02 -1.520397280e+02
104150 0 +2.140383868e-04 -1.520397860e+02 -1.520397860e+02
104151 0 +1.955473726e-04 -1.520398045e+02 -1.520398045e+02
104162 0 +1.690417764e-04 -1.520398310e+02 -1.520398310e+02
104252 0 +1.543699750e-04 -1.520398456e+02 -1.520398456e+02
104258 0 +1.410437870e-04 -1.520398590e+02 -1.520398590e+02
104272 0 +1.238819468e-04 -1.520398761e+02 -1.520398761e+02
104280 0 +1.090967287e-04 -1.520398909e+02 -1.520398909e+02
104288 0 +9.582897783e-05 -1.520399042e+02 -1.520399042e+02
104290 0 +8.350512763e-05 -1.520399165e+02 -1.520399165e+02
104293 0 +7.910103133e-05 -1.520399209e+02 -1.520399209e+02
104303 0 +6.976402798e-05 -1.520399302e+02 -1.520399302e+02
104312 0 +6.253797102e-05 -1.520399375e+02 -1.520399375e+02
104407 0 +5.609533213e-05 -1.520399439e+02 -1.520399439e+02
104414 0 +4.981999027e-05 -1.520399502e+02 -1.520399502e+02
104428 0 +4.411019145e-05 -1.520399559e+02 -1.520399559e+02
104434 0 +3.961892310e-05 -1.520399604e+02 -1.520399604e+02
104437 0 +3.362061278e-05 -1.520399664e+02 -1.520399664e+02
104454 0 +3.005751049e-05 -1.520399699e+02 -1.520399699e+02
104459 0 +2.655369005e-05 -1.520399734e+02 -1.520399734e+02
104461 0 +2.308866894e-05 -1.520399769e+02 -1.520399769e+02
104465 0 +2.041980127e-05 -1.520399796e+02 -1.520399796e+02
104468 0 +1.719662933e-05 -1.520399828e+02 -1.520399828e+02
104478 0 +1.582973121e-05 -1.520399842e+02 -1.520399842e+02
104482 0 +1.302298350e-05 -1.520399870e+02 -1.520399870e+02
104565 0 +1.238391252e-05 -1.520399876e+02 -1.520399876e+02
104578 0 +1.094493950e-05 -1.520399891e+02 -1.520399891e+02
104579 0 +9.996876827e-06 -1.520399900e+02 -1.520399900e+02
104590 0 +8.376325638e-06 -1.520399916e+02 -1.520399916e+02
104602 0 +7.648240512e-06 -1.520399924e+02 -1.520399924e+02
104608 0 +6.241128460e-06 -1.520399938e+02 -1.520399938e+02
104617 0 +5.311632520e-06 -1.520399947e+02 -1.520399947e+02
104624 0 +4.781144867e-06 -1.520399952e+02 -1.520399952e+02
104632 0 +4.227783137e-06 -1.520399958e+02 -1.520399958e+02
104634 0 +3.742528520e-06 -1.520399963e+02 -1.520399963e+02
104635 0 +3.455040826e-06 -1.520399965e+02 -1.520399965e+02
104637 0 +2.782025945e-06 -1.520399972e+02 -1.520399972e+02
104727 0 +2.374972894e-06 -1.520399976e+02 -1.520399976e+02
104744 0 +2.214884546e-06 -1.520399978e+02 -1.520399978e+02
104759 0 +1.764646328e-06 -1.520399982e+02 -1.520399982e+02
104774 0 +1.458995115e-06 -1.520399985e+02 -1.520399985e+02
104778 0 +1.373231072e-06 -1.520399986e+02 -1.520399986e+02
104780 0 +1.216206130e-06 -1.520399988e+02 -1.520399988e+02
104796 0 +1.072254065e-06 -1.520399989e+02 -1.520399989e+02
104890 0 +9.559204557e-07 -1.520399990e+02 -1.520399990e+02
104905 0 +8.382456258e-07 -1.520399992e+02 -1.520399992e+02
104907 0 +7.863283429e-07 -1.520399992e+02 -1.520399992e+02
104916 0 +7.012966137e-07 -1.520399993e+02 -1.520399993e+02
104921 0 +6.162313753e-07 -1.520399994e+02 -1.520399994e+02
104923 0 +5.612305642e-07 -1.520399994e+02 -1.520399994e+02
104937 0 +4.847484831e-07 -1.520399995e+02 -1.520399995e+02
104943 0 +4.383242356e-07 -1.520399996e+02 -1.520399996e+02
104947 0 +3.882481678e-07 -1.520399996e+02 -1.520399996e+02
104949 0 +3.487288893e-07 -1.520399997e+02 -1.520399997e+02
104951 0 +3.080231750e-07 -1.520399997e+02 -1.520399997e+02
104953 0 +2.502906682e-07 -1.520399997e+02 -1.520399997e+02
104962 0 +1.748751686e-07 -1.520399998e+02 -1.520399998e+02
105056 0 +1.502584155e-07 -1.520399998e+02 -1.520399998e+02
105070 0 +1.312149323e-07 -1.520399999e+02 -1.520399999e+02
105071 0 +1.168544088e-07 -1.520399999e+02 -1.520399999e+02
105073 0 +1.106771208e-07 -1.520399999e+02 -1.520399999e+02
105090 0 +8.922017969e-08 -1.520399999e+02 -1.520399999e+02
105091 0 +7.926090007e-08 -1.520399999e+02 -1.520399999e+02
105099 0 +6.581589673e-08 -1.520399999e+02 -1.520399999e+02
105102 0 +5.857202723e-08 -1.520399999e+02 -1.520399999e+02
105108 0 +5.109043855e-08 -1.520399999e+02 -1.520399999e+02
105116 0 +4.226487249e-08 -1.520400000e+02 -1.520400000e+02
105117 0 +3.274058713e-08 -1.520400000e+02 -1.520400000e+02
105203 0 +2.927237119e-08 -1.520400000e+02 -1.520400000e+02
105224 0 +2.606847715e-08 -1.520400000e+02 -1.520400000e+02
105238 0 +2.234753538e-08 -1.520400000e+02 -1.520400000e+02
105257 0 +1.885712209e-08 -1.520400000e+02 -1.520400000e+02
105261 0 +1.777146963e-08 -1.520400000e+02 -1.520400000e+02
105266 0 +1.538063543e-08 -1.520400000e+02 -1.520400000e+02
105270 0 +1.407005357e-08 -1.520400000e+02 -1.520400000e+02
105372 0 +1.194476340e-08 -1.520400000e+02 -1.520400000e+02
105373 0 +1.121770765e-08 -1.520400000e+02 -1.520400000e+02
105377 0 +9.992646710e-09 -1.520400000e+02 -1.520400000e+02
106386 0 +9.379164112e-13 -1.520400000e+02 -1.520400000e+02
400000 0 +1.421085472e-13 -1.520400000e+02 -1.520400000e+02
% f evaluations | g evaluations | best noise-free fitness - Fopt (-2.525000000000e+01) + sum g_i+ | measured fitness | best measured fitness or single-digit g-values | x1 | x2...
1 0 +1.331742054e+02 +1.079242054e+02 +1.079242054e+02
259 0 +1.291467342e+02 +1.038967342e+02 +1.038967342e+02
260 0 +1.216103198e+02 +9.636031985e+01 +9.636031985e+01
322 0 +1.045178845e+02 +7.926788452e+01 +7.926788452e+01
23082 0 +9.865037011e+01 +7.340037011e+01 +7.340037011e+01
87075 0 +8.885741349e+01 +6.360741349e+01 +6.360741349e+01
102817 0 +7.866924440e+01 +5.341924440e+01 +5.341924440e+01
102824 0 +6.840853559e+01 +4.315853559e+01 +4.315853559e+01
102827 0 +6.302554186e+01 +3.777554186e+01 +3.777554186e+01
102843 0 +5.589456159e+01 +3.064456159e+01 +3.064456159e+01
102855 0 +4.767468697e+01 +2.242468697e+01 +2.242468697e+01
102858 0 +4.433717103e+01 +1.908717103e+01 +1.908717103e+01
102869 0 +3.954634841e+01 +1.429634841e+01 +1.429634841e+01
102876 0 +3.273267572e+01 +7.482675723e+00 +7.482675723e+00
102877 0 +2.829364522e+01 +3.043645222e+00 +3.043645222e+00
102880 0 +2.742332977e+01 +2.173329771e+00 +2.173329771e+00
102882 0 +2.435288030e+01 -8.971197025e-01 -8.971197025e-01
102895 0 +2.058464553e+01 -4.665354466e+00 -4.665354466e+00
102901 0 +1.761061102e+01 -7.639388976e+00 -7.639388976e+00
102904 0 +1.532627654e+01 -9.923723456e+00 -9.923723456e+00
102907 0 +1.318603554e+01 -1.206396446e+01 -1.206396446e+01
102912 0 +1.210568209e+01 -1.314431791e+01 -1.314431791e+01
102935 0 +1.108011156e+01 -1.416988844e+01 -1.416988844e+01
102938 0 +9.745192973e+00 -1.550480703e+01 -1.550480703e+01
102943 0 +8.808070281e+00 -1.644192972e+01 -1.644192972e+01
102956 0 +7.719711639e+00 -1.753028836e+01 -1.753028836e+01
102957 0 +5.283278492e+00 -1.996672151e+01 -1.996672151e+01
102962 0 +4.215426372e+00 -2.103457363e+01 -2.103457363e+01
102981 0 +3.872849778e+00 -2.137715022e+01 -2.137715022e+01
102987 0 +3.453468999e+00 -2.179653100e+01 -2.179653100e+01
103037 0 +3.019633205e+00 -2.223036679e+01 -2.223036679e+01
103127 0 +2.668310830e+00 -2.258168917e+01 -2.258168917e+01
103135 0 +2.444426132e+00 -2.280557387e+01 -2.280557387e+01
103143 0 +2.193904824e+00 -2.305609518e+01 -2.305609518e+01
103154 0 +1.948122565e+00 -2.330187744e+01 -2.330187744e+01
103157 0 +1.771532574e+00 -2.347846743e+01 -2.347846743e+01
103174 0 +1.415690327e+00 -2.383430967e+01 -2.383430967e+01
103186 0 +1.177698222e+00 -2.407230178e+01 -2.407230178e+01
103191 0 +1.054029407e+00 -2.419597059e+01 -2.419597059e+01
103193 0 +8.182878890e-01 -2.443171211e+01 -2.443171211e+01
103198 0 +7.848811169e-01 -2.446511888e+01 -2.446511888e+01
103291 0 +6.774724884e-01 -2.457252751e+01 -2.457252751e+01
103299 0 +6.153773746e-01 -2.463462263e+01 -2.463462263e+01
103313 0 +5.540198200e-01 -2.469598018e+01 -2.469598018e+01
103321 0 +4.951816513e-01 -2.475481835e+01 -2.475481835e+01
103328 0 +4.135721336e-01 -2.483642787e+01 -2.483642787e+01
103330 0 +3.699619838e-01 -2.488003802e+01 -2.488003802e+01
103336 0 +3.242237560e-01 -2.492577624e+01 -2.492577624e+01
103338 0 +3.033999455e-01 -2.494660005e+01 -2.494660005e+01
103340 0 +2.599123053e-01 -2.499008769e+01 -2.499008769e+01
103357 0 +2.083005358e-01 -2.504169946e+01 -2.504169946e+01
103445 0 +1.944853892e-01 -2.505551461e+01 -2.505551461e+01
103453 0 +1.714673280e-01 -2.507853267e+01 -2.507853267e+01
103463 0 +1.552536808e-01 -2.509474632e+01 -2.509474632e+01
103466 0 +1.410418860e-01 -2.510895811e+01 -2.510895811e+01
103476 0 +1.248613813e-01 -2.512513862e+01 -2.512513862e+01
103482 0 +1.045562125e-01 -2.514544379e+01 -2.514544379e+01
103497 0 +9.584771089e-02 -2.515415229e+01 -2.515415229e+01
103502 0 +8.269603336e-02 -2.516730397e+01 -2.516730397e+01
103511 0 +6.605837801e-02 -2.518394162e+01 -2.518394162e+01
103604 0 +6.172945280e-02 -2.518827055e+01 -2.518827055e+01
103618 0 +5.620286850e-02 -2.519379713e+01 -2.519379713e+01
103628 0 +4.737492491e-02 -2.520262508e+01 -2.520262508e+01
103633 0 +4.125416534e-02 -2.520874583e+01 -2.520874583e+01
103637 0 +3.801227415e-02 -2.521198773e+01 -2.521198773e+01
103643 0 +3.516521122e-02 -2.521483479e+01 -2.521483479e+01
103649 0 +3.079427102e-02 -2.521920573e+01 -2.521920573e+01
103652 0 +2.718443138e-02 -2.522281557e+01 -2.522281557e+01
103659 0 +2.472833100e-02 -2.522527167e+01 -2.522527167e+01
103668 0 +2.140020360e-02 -2.522859980e+01 -2.522859980e+01
103669 0 +1.788785172e-02 -2.523211215e+01 -2.523211215e+01
103676 0 +1.635792681e-02 -2.523364207e+01 -2.523364207e+01
103680 0 +1.254588594e-02 -2.523745411e+01 -2.523745411e+01
103774 0 +1.105747433e-02 -2.523894253e+01 -2.523894253e+01
103791 0 +9.583576167e-03 -2.524041642e+01 -2.524041642e+01
103801 0 +8.718353090e-03 -2.524128165e+01 -2.524128165e+01
103810 0 +7.787196746e-03 -2.524221280e+01 -2.524221280e+01
103816 0 +6.265533236e-03 -2.524373447e+01 -2.524373447e+01
103820 0 +5.388215991e-03 -2.524461178e+01 -2.524461178e+01
103823 0 +4.460223311e-03 -2.524553978e+01 -2.524553978e+01
103837 0 +3.401786070e-03 -2.524659821e+01 -2.524659821e+01
103841 0 +2.548088957e-03 -2.524745191e+01 -2.524745191e+01
103926 0 +2.486276236e-03 -2.524751372e+01 -2.524751372e+01
103941 0 +2.060131778e-03 -2.524793987e+01 -2.524793987e+01
103943 0 +1.817578373e-03 -2.524818242e+01 -2.524818242e+01
103950 0 +1.714006702e-03 -2.524828599e+01 -2.524828599e+01
103959 0 +1.493872031e-03 -2.524850613e+01 -2.524850613e+01
103968 0 +1.412327682e-03 -2.524858767e+01 -2.524858767e+01
103985 0 +1.124948909e-03 -2.524887505e+01 -2.524887505e+01
103994 0 +9.136831066e-04 -2.524908632e+01 -2.524908632e+01
103996 0 +7.756595623e-04 -2.524922434e+01 -2.524922434e+01
104092 0 +6.874083231e-04 -2.524931259e+01 -2.524931259e+01
104093 0 +6.267383625e-04 -2.524937326e+01 -2.524937326e+01
104107 0 +5.471869394e-04 -2.524945281e+01 -2.524945281e+01
104111 0 +4.832151339e-04 -2.524951678e+01 -2.524951678e+01
104118 0 +4.311703734e-04 -2.524956883e+01 -2.524956883e+01
104123 0 +3.808596141e-04 -2.524961914e+01 -2.524961914e+01
104127 0 +3.497137059e-04 -2.524965029e+01 -2.524965029e+01
104129 0 +3.068991989e-04 -2.524969310e+01 -2.524969310e+01
104137 0 +2.754260610e-04 -2.524972457e+01 -2.524972457e+01
104139 0 +2.287831314e-04 -2.524977122e+01 -2.524977122e+01
104142 0 +2.012907609e-04 -2.524979871e+01 -2.524979871e+01
104147 0 +1.770462228e-04 -2.524982295e+01 -2.524982295e+01
104256 0 +1.569112003e-04 -2.524984309e+01 -2.524984309e+01
104277 0 +1.407230248e-04 -2.524985928e+01 -2.524985928e+01
104293 0 +1.188998278e-04 -2.524988110e+01 -2.524988110e+01
104298 0 +1.109438614e-04 -2.524988906e+01 -2.524988906e+01
104306 0 +9.880936069e-05 -2.524990119e+01 -2.524990119e+01
104310 0 +8.599593751e-05 -2.524991400e+01 -2.524991400e+01
104315 0 +7.466600771e-05 -2.524992533e+01 -2.524992533e+01
104319 0 +6.595264316e-05 -2.524993405e+01 -2.524993405e+01
104405 0 +6.021100953e-05 -2.524993979e+01 -2.524993979e+01
104425 0 +5.328675394e-05 -2.524994671e+01 -2.524994671e+01
104434 0 +4.811263341e-05 -2.524995189e+01 -2.524995189e+01
104435 0 +4.456223189e-05 -2.524995544e+01 -2.524995544e+01
104442 0 +3.868389260e-05 -2.524996132e+01 -2.524996132e+01
104448 0 +3.501141570e-05 -2.524996499e+01 -2.524996499e+01
104456 0 +3.011615635e-05 -2.524996988e+01 -2.524996988e+01
104462 0 +2.550372734e-05 -2.524997450e+01 -2.524997450e+01
104467 0 +2.326224415e-05 -2.524997674e+01 -2.524997674e+01
104472 0 +2.124783565e-05 -2.524997875e+01 -2.524997875e+01
104477 0 +1.772590893e-05 -2.524998227e+01 -2.524998227e+01
104481 0 +1.393527896e-05 -2.524998606e+01 -2.524998606e+01
104570 0 +1.245856676e-05 -2.524998754e+01 -2.524998754e+01
104575 0 +1.093697573e-05 -2.524998906e+01 -2.524998906e+01
104589 0 +9.974993517e-06 -2.524999003e+01 -2.524999003e+01
104605 0 +8.124835517e-06 -2.524999188e+01 -2.524999188e+01
104609 0 +7.547586296e-06 -2.524999245e+01 -2.524999245e+01
104620 0 +6.228233808e-06 -2.524999377e+01 -2.524999377e+01
104625 0 +5.411488978e-06 -2.524999459e+01 -2.524999459e+01
104629 0 +4.961022213e-06 -2.524999504e+01 -2.524999504e+01
104634 0 +4.170776354e-06 -2.524999583e+01 -2.524999583e+01
104639 0 +3.228621271e-06 -2.524999677e+01 -2.524999677e+01
104724 0 +3.024556499e-06 -2.524999698e+01 -2.524999698e+01
104740 0 +2.665383228e-06 -2.524999733e+01 -2.524999733e+01
104750 0 +2.406046995e-06 -2.524999759e+01 -2.524999759e+01
104753 0 +2.227674212e-06 -2.524999777e+01 -2.524999777e+01
104763 0 +1.970075175e-06 -2.524999803e+01 -2.524999803e+01
104771 0 +1.763290651e-06 -2.524999824e+01 -2.524999824e+01
104775 0 +1.478915696e-06 -2.524999852e+01 -2.524999852e+01
104777 0 +1.327896982e-06 -2.524999867e+01 -2.524999867e+01
104786 0 +1.196277935e-06 -2.524999880e+01 -2.524999880e+01
104788 0 +1.040464110e-06 -2.524999896e+01 -2.524999896e+01
104791 0 +8.143867838e-07 -2.524999919e+01 -2.524999919e+01
104795 0 +5.917865984e-07 -2.524999941e+01 -2.524999941e+01
104888 0 +5.435950108e-07 -2.524999946e+01 -2.524999946e+01
104906 0 +4.974707508e-07 -2.524999950e+01 -2.524999950e+01
104914 0 +4.441141392e-07 -2.524999956e+01 -2.524999956e+01
104921 0 +3.834970421e-07 -2.524999962e+01 -2.524999962e+01
104924 0 +3.442928680e-07 -2.524999966e+01 -2.524999966e+01
104930 0 +3.095590202e-07 -2.524999969e+01 -2.524999969e+01
104941 0 +2.606693990e-07 -2.524999974e+01 -2.524999974e+01
104943 0 +2.322548696e-07 -2.524999977e+01 -2.524999977e+01
104949 0 +1.793202316e-07 -2.524999982e+01 -2.524999982e+01
104958 0 +1.606199653e-07 -2.524999984e+01 -2.524999984e+01
105052 0 +1.549783697e-07 -2.524999985e+01 -2.524999985e+01
105065 0 +1.383569561e-07 -2.524999986e+01 -2.524999986e+01
105068 0 +1.251424777e-07 -2.524999987e+01 -2.524999987e+01
105071 0 +1.103368739e-07 -2.524999989e+01 -2.524999989e+01
105093 0 +9.272767088e-08 -2.524999991e+01 -2.524999991e+01
105098 0 +8.572081001e-08 -2.524999991e+01 -2.524999991e+01
105105 0 +7.315078321e-08 -2.524999993e+01 -2.524999993e+01
105107 0 +6.734270031e-08 -2.524999993e+01 -2.524999993e+01
105113 0 +6.167984168e-08 -2.524999994e+01 -2.524999994e+01
105117 0 +5.610946374e-08 -2.524999994e+01 -2.524999994e+01
105217 0 +4.960557476e-08 -2.524999995e+01 -2.524999995e+01
105221 0 +4.431014133e-08 -2.524999996e+01 -2.524999996e+01
105232 0 +3.853708463e-08 -2.524999996e+01 -2.524999996e+01
105243 0 +3.423068407e-08 -2.524999997e+01 -2.524999997e+01
105249 0 +2.957735035e-08 -2.524999997e+01 -2.524999997e+01
105256 0 +2.702883251e-08 -2.524999997e+01 -2.524999997e+01
105259 0 +2.422668643e-08 -2.524999998e+01 -2.524999998e+01
105262 0 +2.205985083e-08 -2.524999998e+01 -2.524999998e+01
105263 0 +1.868634669e-08 -2.524999998e+01 -2.524999998e+01
105274 0 +1.696156104e-08 -2.524999998e+01 -2.524999998e+01
105364 0 +1.538549199e-08 -2.524999998e+01 -2.524999998e+01
105370 0 +1.386983683e-08 -2.524999999e+01 -2.524999999e+01
105374 0 +1.258833038e-08 -2.524999999e+01 -2.524999999e+01
105399 0 +1.080030998e-08 -2.524999999e+01 -2.524999999e+01
105402 0 +9.938140977e-09 -2.524999999e+01 -2.524999999e+01
106390 0 +8.313350008e-13 -2.525000000e+01 -2.525000000e+01
400000 0 +3.197442311e-14 -2.525000000e+01 -2.525000000e+01
% f evaluations | g evaluations | best noise-free fitness - Fopt (-2.365000000000e+01) + sum g_i+ | measured fitness | best measured fitness or single-digit g-values | x1 | x2...
1 0 +2.322845107e+02 +2.086345107e+02 +2.086345107e+02
38 0 +2.307643799e+02 +2.071143799e+02 +2.071143799e+02
100 0 +2.218557117e+02 +1.982057117e+02 +1.982057117e+02
1842 0 +1.984088392e+02 +1.747588392e+02 +1.747588392e+02
102811 0 +1.757056597e+02 +1.520556597e+02 +1.520556597e+02
102824 0 +1.570990843e+02 +1.334490843e+02 +1.334490843e+02
102836 0 +1.399504055e+02 +1.163004055e+02 +1.163004055e+02
102842 0 +1.249362131e+02 +1.012862131e+02 +1.012862131e+02
102850 0 +1.096370645e+02 +8.598706450e+01 +8.598706450e+01
102857 0 +9.774883776e+01 +7.409883776e+01 +7.409883776e+01
102866 0 +8.493352089e+01 +6.128352089e+01 +6.128352089e+01
102873 0 +7.567506225e+01 +5.202506225e+01 +5.202506225e+01
102878 0 +6.986459121e+01 +4.621459121e+01 +4.621459121e+01
102899 0 +6.040648232e+01 +3.675648232e+01 +3.675648232e+01
102913 0 +5.382760409e+01 +3.017760409e+01 +3.017760409e+01
102917 0 +4.636425733e+01 +2.271425733e+01 +2.271425733e+01
102920 0 +4.433448799e+01 +2.068448799e+01 +2.068448799e+01
102924 0 +3.918784410e+01 +1.553784410e+01 +1.553784410e+01
102927 0 +3.540509699e+01 +1.175509699e+01 +1.175509699e+01
102935 0 +3.038164796e+01 +6.731647964e+00 +6.731647964e+00
102942 0 +2.641410680e+01 +2.764106803e+00 +2.764106803e+00
102946 0 +2.210640714e+01 -1.543592864e+00 -1.543592864e+00
102953 0 +1.851597276e+01 -5.134027236e+00 -5.134027236e+00
102955 0 +1.681761841e+01 -6.832381587e+00 -6.832381587e+00
102979 0 +1.447062778e+01 -9.179372216e+00 -9.179372216e+00
102993 0 +1.330676405e+01 -1.034323595e+01 -1.034323595e+01
102996 0 +1.196353833e+01 -1.168646167e+01 -1.168646167e+01
102997 0 +9.848612004e+00 -1.380138800e+01 -1.380138800e+01
103004 0 +8.679990826e+00 -1.497000917e+01 -1.497000917e+01
103007 0 +7.151044626e+00 -1.649895537e+01 -1.649895537e+01
103015 0 +6.499467582e+00 -1.715053242e+01 -1.715053242e+01
103026 0 +4.242832808e+00 -1.940716719e+01 -1.940716719e+01
103106 0 +3.949330197e+00 -1.970066980e+01 -1.970066980e+01
103228 0 +3.401925965e+00 -2.024807403e+01 -2.024807403e+01
103231 0 +3.155041246e+00 -2.049495875e+01 -2.049495875e+01
103239 0 +2.724142389e+00 -2.092585761e+01 -2.092585761e+01
103246 0 +2.491564428e+00 -2.115843557e+01 -2.115843557e+01
103258 0 +2.031784089e+00 -2.161821591e+01 -2.161821591e+01
103262 0 +1.836718086e+00 -2.181328191e+01 -2.181328191e+01
103264 0 +1.647059080e+00 -2.200294092e+01 -2.200294092e+01
103265 0 +1.487321228e+00 -2.216267877e+01 -2.216267877e+01
103272 0 +1.337495982e+00 -2.231250402e+01 -2.231250402e+01
103273 0 +1.113611284e+00 -2.253638872e+01 -2.253638872e+01
103277 0 +8.185444358e-01 -2.283145556e+01 -2.283145556e+01
103280 0 +7.424082000e-01 -2.290759180e+01 -2.290759180e+01
103372 0 +6.718974762e-01 -2.297810252e+01 -2.297810252e+01
103377 0 +6.048368593e-01 -2.304516314e+01 -2.304516314e+01
103381 0 +5.298579514e-01 -2.312014205e+01 -2.312014205e+01
103392 0 +4.713125231e-01 -2.317868748e+01 -2.317868748e+01
103404 0 +4.397582955e-01 -2.321024170e+01 -2.321024170e+01
103408 0 +3.837069541e-01 -2.326629305e+01 -2.326629305e+01
103420 0 +3.230504916e-01 -2.332694951e+01 -2.332694951e+01
103428 0 +3.067805077e-01 -2.334321949e+01 -2.334321949e+01
103429 0 +2.788915769e-01 -2.337110842e+01 -2.337110842e+01
103436 0 +2.430512128e-01 -2.340694879e+01 -2.340694879e+01
103439 0 +2.185381634e-01 -2.343146184e+01 -2.343146184e+01
103442 0 +1.954637653e-01 -2.345453623e+01 -2.345453623e+01
103543 0 +1.658502596e-01 -2.348414974e+01 -2.348414974e+01
103547 0 +1.553628692e-01 -2.349463713e+01 -2.349463713e+01
103563 0 +1.373961048e-01 -2.351260390e+01 -2.351260390e+01
103566 0 +1.218606731e-01 -2.352813933e+01 -2.352813933e+01
103570 0 +1.103588640e-01 -2.353964114e+01 -2.353964114e+01
103586 0 +9.709451285e-02 -2.355290549e+01 -2.355290549e+01
103590 0 +8.788338657e-02 -2.356211661e+01 -2.356211661e+01
103595 0 +7.451298500e-02 -2.357548702e+01 -2.357548702e+01
103601 0 +6.701612507e-02 -2.358298387e+01 -2.358298387e+01
103686 0 +6.050260863e-02 -2.358949739e+01 -2.358949739e+01
103691 0 +5.546854264e-02 -2.359453146e+01 -2.359453146e+01
103700 0 +4.740567584e-02 -2.360259432e+01 -2.360259432e+01
103716 0 +4.301289961e-02 -2.360698710e+01 -2.360698710e+01
103722 0 +3.721898593e-02 -2.361278101e+01 -2.361278101e+01
103731 0 +3.482879654e-02 -2.361517120e+01 -2.361517120e+01
103739 0 +2.910298220e-02 -2.362089702e+01 -2.362089702e+01
103741 0 +2.610697194e-02 -2.362389303e+01 -2.362389303e+01
103743 0 +2.243508705e-02 -2.362756491e+01 -2.362756491e+01
103745 0 +2.202447039e-02 -2.362797553e+01 -2.362797553e+01
103749 0 +1.880738761e-02 -2.363119261e+01 -2.363119261e+01
103751 0 +1.712851537e-02 -2.363287148e+01 -2.363287148e+01
103758 0 +1.435721469e-02 -2.363564279e+01 -2.363564279e+01
103759 0 +1.214027529e-02 -2.363785972e+01 -2.363785972e+01
103762 0 +1.028299874e-02 -2.363971700e+01 -2.363971700e+01
103862 0 +9.405251828e-03 -2.364059475e+01 -2.364059475e+01
103867 0 +8.492067697e-03 -2.364150793e+01 -2.364150793e+01
103898 0 +7.416438889e-03 -2.364258356e+01 -2.364258356e+01
103906 0 +6.643916481e-03 -2.364335608e+01 -2.364335608e+01
103907 0 +5.744172261e-03 -2.364425583e+01 -2.364425583e+01
103912 0 +5.605777646e-03 -2.364439422e+01 -2.364439422e+01
103914 0 +4.931110210e-03 -2.364506889e+01 -2.364506889e+01
103916 0 +4.223993033e-03 -2.364577601e+01 -2.364577601e+01
104007 0 +3.884979326e-03 -2.364611502e+01 -2.364611502e+01
104015 0 +3.436582040e-03 -2.364656342e+01 -2.364656342e+01
104029 0 +3.044811946e-03 -2.364695519e+01 -2.364695519e+01
104034 0 +2.769662020e-03 -2.364723034e+01 -2.364723034e+01
104040 0 +2.380558688e-03 -2.364761944e+01 -2.364761944e+01
104043 0 +2.125833605e-03 -2.364787417e+01 -2.364787417e+01
104047 0 +1.948444657e-03 -2.364805156e+01 -2.364805156e+01
104050 0 +1.733006944e-03 -2.364826699e+01 -2.364826699e+01
104054 0 +1.424314408e-03 -2.364857569e+01 -2.364857569e+01
104055 0 +1.266188165e-03 -2.364873381e+01 -2.364873381e+01
104060 0 +1.228355971e-03 -2.364877164e+01 -2.364877164e+01
104071 0 +1.053095594e-03 -2.364894690e+01 -2.364894690e+01
104080 0 +8.334095038e-04 -2.364916659e+01 -2.364916659e+01
104082 0 +6.135480501e-04 -2.364938645e+01 -2.364938645e+01
104169 0 +5.517929978e-04 -2.364944821e+01 -2.364944821e+01
104180 0 +4.893890360e-04 -2.364951061e+01 -2.364951061e+01
104198 0 +4.325530627e-04 -2.364956745e+01 -2.364956745e+01
104217 0 +3.833221727e-04 -2.364961668e+01 -2.364961668e+01
104219 0 +3.411238486e-04 -2.364965888e+01 -2.364965888e+01
104222 0 +2.878241820e-04 -2.364971218e+01 -2.364971218e+01
104230 0 +2.426369507e-04 -2.364975736e+01 -2.364975736e+01
104235 0 +2.213965768e-04 -2.364977860e+01 -2.364977860e+01
104238 0 +1.805560977e-04 -2.364981944e+01 -2.364981944e+01
104323 0 +1.757269185e-04 -2.364982427e+01 -2.364982427e+01
104343 0 +1.578498542e-04 -2.364984215e+01 -2.364984215e+01
104352 0 +1.366823879e-04 -2.364986332e+01 -2.364986332e+01
104354 0 +1.228029257e-04 -2.364987720e+01 -2.364987720e+01
104371 0 +1.083528722e-04 -2.364989165e+01 -2.364989165e+01
104376 0 +9.942950904e-05 -2.364990057e+01 -2.364990057e+01
104385 0 +8.337523577e-05 -2.364991662e+01 -2.364991662e+01
104394 0 +7.341411119e-05 -2.364992659e+01 -2.364992659e+01
104396 0 +6.141749056e-05 -2.364993858e+01 -2.364993858e+01
104494 0 +5.353860305e-05 -2.364994646e+01 -2.364994646e+01
104499 0 +4.816842544e-05 -2.364995183e+01 -2.364995183e+01
104517 0 +4.466186492e-05 -2.364995534e+01 -2.364995534e+01
104522 0 +3.756360470e-05 -2.364996244e+01 -2.364996244e+01
104524 0 +3.489116403e-05 -2.364996511e+01 -2.364996511e+01
104534 0 +2.930570492e-05 -2.364997069e+01 -2.364997069e+01
104537 0 +2.765319844e-05 -2.364997235e+01 -2.364997235e+01
104544 0 +2.308103742e-05 -2.364997692e+01 -2.364997692e+01
104548 0 +2.202028134e-05 -2.364997798e+01 -2.364997798e+01
104551 0 +1.904884467e-05 -2.364998095e+01 -2.364998095e+01
104560 0 +1.450599139e-05 -2.364998549e+01 -2.364998549e+01
104647 0 +1.358059454e-05 -2.364998642e+01 -2.364998642e+01
104661 0 +1.183495039e-05 -2.364998817e+01 -2.364998817e+01
104664 0 +1.100781230e-05 -2.364998899e+01 -2.364998899e+01
104670 0 +9.770793298e-06 -2.364999023e+01 -2.364999023e+01
104676 0 +8.525554104e-06 -2.364999147e+01 -2.364999147e+01
104689 0 +7.548008096e-06 -2.364999245e+01 -2.364999245e+01
104696 0 +6.926857150e-06 -2.364999307e+01 -2.364999307e+01
104699 0 +5.964209318e-06 -2.364999404e+01 -2.364999404e+01
104707 0 +5.249238548e-06 -2.364999475e+01 -2.364999475e+01
104710 0 +4.375398788e-06 -2.364999562e+01 -2.364999562e+01
104713 0 +3.495761046e-06 -2.364999650e+01 -2.364999650e+01
104721 0 +2.582913709e-06 -2.364999742e+01 -2.364999742e+01
104804 0 +2.470376479e-06 -2.364999753e+01 -2.364999753e+01
104820 0 +2.130788054e-06 -2.364999787e+01 -2.364999787e+01
104837 0 +1.908930439e-06 -2.364999809e+01 -2.364999809e+01
104845 0 +1.670443162e-06 -2.364999833e+01 -2.364999833e+01
104852 0 +1.484269415e-06 -2.364999852e+01 -2.364999852e+01
104853 0 +1.395609114e-06 -2.364999860e+01 -2.364999860e+01
104862 0 +1.160329184e-06 -2.364999884e+01 -2.364999884e+01
104865 0 +1.055853218e-06 -2.364999894e+01 -2.364999894e+01
104875 0 +8.440105432e-07 -2.364999916e+01 -2.364999916e+01
104877 0 +7.705301996e-07 -2.364999923e+01 -2.364999923e+01
104976 0 +6.966166382e-07 -2.364999930e+01 -2.364999930e+01
104991 0 +6.152442289e-07 -2.364999938e+01 -2.364999938e+01
105004 0 +5.349267482e-07 -2.364999947e+01 -2.364999947e+01
105014 0 +4.862207099e-07 -2.364999951e+01 -2.364999951e+01
105018 0 +4.065389732e-07 -2.364999959e+01 -2.364999959e+01
105020 0 +3.525494066e-07 -2.364999965e+01 -2.364999965e+01
105027 0 +2.986536920e-07 -2.364999970e+01 -2.364999970e+01
105031 0 +2.459026334e-07 -2.364999975e+01 -2.364999975e+01
105038 0 +2.229607503e-07 -2.364999978e+01 -2.364999978e+01
105042 0 +1.834805197e-07 -2.364999982e+01 -2.364999982e+01
105124 0 +1.702667234e-07 -2.364999983e+01 -2.364999983e+01
105127 0 +1.569633632e-07 -2.364999984e+01 -2.364999984e+01
105137 0 +1.336643898e-07 -2.364999987e+01 -2.364999987e+01
105156 0 +1.209643550e-07 -2.364999988e+01 -2.364999988e+01
105159 0 +1.105831018e-07 -2.364999989e+01 -2.364999989e+01
105185 0 +8.909875859e-08 -2.364999991e+01 -2.364999991e+01
105200 0 +7.185809281e-08 -2.364999993e+01 -2.364999993e+01
105286 0 +7.001749935e-08 -2.364999993e+01 -2.364999993e+01
105296 0 +6.168094657e-08 -2.364999994e+01 -2.364999994e+01
105304 0 +5.308822892e-08 -2.364999995e+01 -2.364999995e+01
105308 0 +4.868811132e-08 -2.364999995e+01 -2.364999995e+01
105312 0 +4.338582826e-08 -2.364999996e+01 -2.364999996e+01
105315 0 +3.967792139e-08 -2.364999996e+01 -2.364999996e+01
105321 0 +3.546207239e-08 -2.364999996e+01 -2.364999996e+01
105326 0 +3.087359701e-08 -2.364999997e+01 -2.364999997e+01
105327 0 +2.802174848e-08 -2.364999997e+01 -2.364999997e+01
105331 0 +2.290785517e-08 -2.364999998e+01 -2.364999998e+01
105335 0 +2.059053372e-08 -2.364999998e+01 -2.364999998e+01
105343 0 +1.941868177e-08 -2.364999998e+01 -2.364999998e+01
105354 0 +1.710717967e-08 -2.364999998e+01 -2.364999998e+01
105355 0 +1.431783758e-08 -2.364999999e+01 -2.364999999e+01
105358 0 +1.231249414e-08 -2.364999999e+01 -2.364999999e+01
105361 0 +9.486672781e-09 -2.364999999e+01 -2.364999999e+01
106468 0 +9.876544027e-13 -2.365000000e+01 -2.365000000e+01
400000 0 +2.486899575e-14 -2.365000000e+01 -2.365000000e+01
% f evaluations | g evaluations | best noise-free fitness - Fopt (1.000000000000e+03) + sum g_i+ | measured fitness | best measured fitness or single-digit g-values | x1 | x2...
1 0 +2.427258970e+02 +1.242725897e+03 +1.242725897e+03
259 0 +2.425451090e+02 +1.242545109e+03 +1.242545109e+03
261 0 +2.233213677e+02 +1.223321368e+03 +1.223321368e+03
24070 0 +1.987881627e+02 +1.198788163e+03 +1.198788163e+03
102813 0 +1.754619580e+02 +1.175461958e+03 +1.175461958e+03
102826 0 +1.568938839e+02 +1.156893884e+03 +1.156893884e+03
102836 0 +1.407333515e+02 +1.140733352e+03 +1.140733352e+03
102846 0 +1.214360789e+02 +1.121436079e+03 +1.121436079e+03
102851 0 +1.121536047e+02 +1.112153605e+03 +1.112153605e+03
102863 0 +9.963673054e+01 +1.099636731e+03 +1.099636731e+03
102870 0 +8.703979943e+01 +1.087039799e+03 +1.087039799e+03
102878 0 +7.614442979e+01 +1.076144430e+03 +1.076144430e+03
102884 0 +6.921518038e+01 +1.069215180e+03 +1.069215180e+03
102893 0 +6.223729593e+01 +1.062237296e+03 +1.062237296e+03
102903 0 +5.581353035e+01 +1.055813530e+03 +1.055813530e+03
102911 0 +4.973694552e+01 +1.049736946e+03 +1.049736946e+03
102921 0 +4.230224996e+01 +1.042302250e+03 +1.042302250e+03
102926 0 +3.838840579e+01 +1.038388406e+03 +1.038388406e+03
102931 0 +3.367404232e+01 +1.033674042e+03 +1.033674042e+03
102943 0 +3.007880483e+01 +1.030078805e+03 +1.030078805e+03
102945 0 +2.763726159e+01 +1.027637262e+03 +1.027637262e+03
102950 0 +2.348966578e+01 +1.023489666e+03 +1.023489666e+03
102953 0 +1.967954151e+01 +1.019679542e+03 +1.019679542e+03
102958 0 +1.659949085e+01 +1.016599491e+03 +1.016599491e+03
102964 0 +1.486240963e+01 +1.014862410e+03 +1.014862410e+03
102973 0 +1.306773669e+01 +1.013067737e+03 +1.013067737e+03
102982 0 +1.150516868e+01 +1.011505169e+03 +1.011505169e+03
102991 0 +1.049495899e+01 +1.010494959e+03 +1.010494959e+03
102997 0 +9.821751392e+00 +1.009821751e+03 +1.009821751e+03
103006 0 +8.300856054e+00 +1.008300856e+03 +1.008300856e+03
103011 0 +7.085713421e+00 +1.007085713e+03 +1.007085713e+03
103023 0 +6.650276588e+00 +1.006650277e+03 +1.006650277e+03
103025 0 +6.211330699e+00 +1.006211331e+03 +1.006211331e+03
103030 0 +5.591774427e+00 +1.005591774e+03 +1.005591774e+03
103033 0 +3.784247510e+00 +1.003784248e+03 +1.003784248e+03
103038 0 +2.706794198e+00 +1.002706794e+03 +1.002706794e+03
103131 0 +2.367094907e+00 +1.002367095e+03 +1.002367095e+03
103140 0 +2.043303412e+00 +1.002043303e+03 +1.002043303e+03
103154 0 +1.793497004e+00 +1.001793497e+03 +1.001793497e+03
103159 0 +1.682288889e+00 +1.001682289e+03 +1.001682289e+03
103175 0 +1.571643421e+00 +1.001571643e+03 +1.001571643e+03
103184 0 +1.404161083e+00 +1.001404161e+03 +1.001404161e+03
103193 0 +1.208772824e+00 +1.001208773e+03 +1.001208773e+03
103195 0 +1.074848228e+00 +1.001074848e+03 +1.001074848e+03
103199 0 +8.791326757e-01 +1.000879133e+03 +1.000879133e+03
103301 0 +7.503198716e-01 +1.000750320e+03 +1.000750320e+03
103307 0 +6.840597740e-01 +1.000684060e+03 +1.000684060e+03
103321 0 +5.859423998e-01 +1.000585942e+03 +1.000585942e+03
103327 0 +5.246923646e-01 +1.000524692e+03 +1.000524692e+03
103329 0 +4.776778727e-01 +1.000477678e+03 +1.000477678e+03
103339 0 +4.153563033e-01 +1.000415356e+03 +1.000415356e+03
103343 0 +3.690782624e-01 +1.000369078e+03 +1.000369078e+03
103345 0 +3.219229574e-01 +1.000321923e+03 +1.000321923e+03
103348 0 +2.652153318e-01 +1.000265215e+03 +1.000265215e+03
103349 0 +2.323608980e-01 +1.000232361e+03 +1.000232361e+03
103362 0 +2.193581678e-01 +1.000219358e+03 +1.000219358e+03
103449 0 +1.991673351e-01 +1.000199167e+03 +1.000199167e+03
103455 0 +1.774356102e-01 +1.000177436e+03 +1.000177436e+03
103469 0 +1.543050999e-01 +1.000154305e+03 +1.000154305e+03
103479 0 +1.317390349e-01 +1.000131739e+03 +1.000131739e+03
103491 0 +1.193635740e-01 +1.000119364e+03 +1.000119364e+03
103495 0 +1.043269573e-01 +1.000104327e+03 +1.000104327e+03
103497 0 +9.111010320e-02 +1.000091110e+03 +1.000091110e+03
103502 0 +8.726731678e-02 +1.000087267e+03 +1.000087267e+03
103512 0 +7.255234323e-02 +1.000072552e+03 +1.000072552e+03
103514 0 +6.381383046e-02 +1.000063814e+03 +1.000063814e+03
103516 0 +5.035910396e-02 +1.000050359e+03 +1.000050359e+03
103521 0 +4.028485897e-02 +1.000040285e+03 +1.000040285e+03
103610 0 +3.959577309e-02 +1.000039596e+03 +1.000039596e+03
103627 0 +3.258477489e-02 +1.000032585e+03 +1.000032585e+03
103637 0 +2.956473904e-02 +1.000029565e+03 +1.000029565e+03
103643 0 +2.629854518e-02 +1.000026299e+03 +1.000026299e+03
103661 0 +2.348172206e-02 +1.000023482e+03 +1.000023482e+03
103670 0 +1.979690300e-02 +1.000019797e+03 +1.000019797e+03
103680 0 +1.603374455e-02 +1.000016034e+03 +1.000016034e+03
103766 0 +1.576076388e-02 +1.000015761e+03 +1.000015761e+03
103776 0 +1.374266765e-02 +1.000013743e+03 +1.000013743e+03
103779 0 +1.233476756e-02 +1.000012335e+03 +1.000012335e+03
103785 0 +1.079630416e-02 +1.000010796e+03 +1.000010796e+03
103793 0 +9.847368785e-03 +1.000009847e+03 +1.000009847e+03
103810 0 +8.146852388e-03 +1.000008147e+03 +1.000008147e+03
103814 0 +7.420276800e-03 +1.000007420e+03 +1.000007420e+03
103816 0 +6.703723978e-03 +1.000006704e+03 +1.000006704e+03
103820 0 +5.954721414e-03 +1.000005955e+03 +1.000005955e+03
103823 0 +5.059119998e-03 +1.000005059e+03 +1.000005059e+03
103826 0 +4.108717950e-03 +1.000004109e+03 +1.000004109e+03
103833 0 +3.359853925e-03 +1.000003360e+03 +1.000003360e+03
103837 0 +2.806194095e-03 +1.000002806e+03 +1.000002806e+03
103842 0 +2.391263125e-03 +1.000002391e+03 +1.000002391e+03
103933 0 +2.109707146e-03 +1.000002110e+03 +1.000002110e+03
103956 0 +1.974399814e-03 +1.000001974e+03 +1.000001974e+03
103962 0 +1.633706118e-03 +1.000001634e+03 +1.000001634e+03
103971 0 +1.426562777e-03 +1.000001427e+03 +1.000001427e+03
103978 0 +1.367465745e-03 +1.000001367e+03 +1.000001367e+03
103982 0 +1.131575128e-03 +1.000001132e+03 +1.000001132e+03
103987 0 +1.008936459e-03 +1.000001009e+03 +1.000001009e+03
103995 0 +9.795734791e-04 +1.000000980e+03 +1.000000980e+03
104083 0 +8.803434750e-04 +1.000000880e+03 +1.000000880e+03
104090 0 +7.932892701e-04 +1.000000793e+03 +1.000000793e+03
104103 0 +7.008373766e-04 +1.000000701e+03 +1.000000701e+03
104109 0 +6.235172016e-04 +1.000000624e+03 +1.000000624e+03
104118 0 +5.430422227e-04 +1.000000543e+03 +1.000000543e+03
104126 0 +4.842917986e-04 +1.000000484e+03 +1.000000484e+03
104133 0 +4.420445479e-04 +1.000000442e+03 +1.000000442e+03
104156 0 +3.598406535e-04 +1.000000360e+03 +1.000000360e+03
104158 0 +3.149123473e-04 +1.000000315e+03 +1.000000315e+03
104160 0 +2.561323743e-04 +1.000000256e+03 +1.000000256e+03
104162 0 +2.135140529e-04 +1.000000214e+03 +1.000000214e+03
104249 0 +1.990328725e-04 +1.000000199e+03 +1.000000199e+03
104257 0 +1.692977821e-04 +1.000000169e+03 +1.000000169e+03
104272 0 +1.489833309e-04 +1.000000149e+03 +1.000000149e+03
104281 0 +1.359772264e-04 +1.000000136e+03 +1.000000136e+03
104288 0 +1.249416454e-04 +1.000000125e+03 +1.000000125e+03
104296 0 +1.067702323e-04 +1.000000107e+03 +1.000000107e+03
104299 0 +9.344531566e-05 +1.000000093e+03 +1.000000093e+03
104308 0 +7.826916681e-05 +1.000000078e+03 +1.000000078e+03
104309 0 +6.911261312e-05 +1.000000069e+03 +1.000000069e+03
104311 0 +5.531877264e-05 +1.000000055e+03 +1.000000055e+03
104314 0 +4.197653868e-05 +1.000000042e+03 +1.000000042e+03
104410 0 +3.954086151e-05 +1.000000040e+03 +1.000000040e+03
104416 0 +3.533044321e-05 +1.000000035e+03 +1.000000035e+03
104428 0 +2.971861375e-05 +1.000000030e+03 +1.000000030e+03
104435 0 +2.811935803e-05 +1.000000028e+03 +1.000000028e+03
104444 0 +2.427123195e-05 +1.000000024e+03 +1.000000024e+03
104447 0 +2.155872050e-05 +1.000000022e+03 +1.000000022e+03
104454 0 +1.933959629e-05 +1.000000019e+03 +1.000000019e+03
104458 0 +1.577211867e-05 +1.000000016e+03 +1.000000016e+03
104481 0 +1.342118617e-05 +1.000000013e+03 +1.000000013e+03
104574 0 +1.235747084e-05 +1.000000012e+03 +1.000000012e+03
104582 0 +1.052830180e-05 +1.000000011e+03 +1.000000011e+03
104583 0 +9.733211527e-06 +1.000000010e+03 +1.000000010e+03
104597 0 +8.570349451e-06 +1.000000009e+03 +1.000000009e+03
104602 0 +7.846939184e-06 +1.000000008e+03 +1.000000008e+03
104608 0 +6.869470212e-06 +1.000000007e+03 +1.000000007e+03
104613 0 +6.069206620e-06 +1.000000006e+03 +1.000000006e+03
104630 0 +5.198534382e-06 +1.000000005e+03 +1.000000005e+03
104635 0 +4.318260949e-06 +1.000000004e+03 +1.000000004e+03
104638 0 +3.476786901e-06 +1.000000003e+03 +1.000000003e+03
104642 0 +2.924060823e-06 +1.000000003e+03 +1.000000003e+03
104726 0 +2.717117468e-06 +1.000000003e+03 +1.000000003e+03
104729 0 +2.460312999e-06 +1.000000002e+03 +1.000000002e+03
104752 0 +2.070092023e-06 +1.000000002e+03 +1.000000002e+03
104754 0 +1.857330176e-06 +1.000000002e+03 +1.000000002e+03
104755 0 +1.696244453e-06 +1.000000002e+03 +1.000000002e+03
104765 0 +1.435214813e-06 +1.000000001e+03 +1.000000001e+03
104767 0 +1.409071842e-06 +1.000000001e+03 +1.000000001e+03
104781 0 +1.258740895e-06 +1.000000001e+03 +1.000000001e+03
104785 0 +9.777037349e-07 +1.000000001e+03 +1.000000001e+03
104894 0 +8.481424629e-07 +1.000000001e+03 +1.000000001e+03
104909 0 +7.477939334e-07 +1.000000001e+03 +1.000000001e+03
104919 0 +6.582910146e-07 +1.000000001e+03 +1.000000001e+03
104923 0 +6.119983027e-07 +1.000000001e+03 +1.000000001e+03
104929 0 +5.482959295e-07 +1.000000001e+03 +1.000000001e+03
104934 0 +4.820369668e-07 +1.000000000e+03 +1.000000000e+03
104936 0 +4.343988849e-07 +1.000000000e+03 +1.000000000e+03
104939 0 +3.774582638e-07 +1.000000000e+03 +1.000000000e+03
104942 0 +3.322725206e-07 +1.000000000e+03 +1.000000000e+03
104949 0 +2.830404355e-07 +1.000000000e+03 +1.000000000e+03
104952 0 +2.499247103e-07 +1.000000000e+03 +1.000000000e+03
104954 0 +1.919016768e-07 +1.000000000e+03 +1.000000000e+03
104961 0 +1.377676426e-07 +1.000000000e+03 +1.000000000e+03
105049 0 +1.184949951e-07 +1.000000000e+03 +1.000000000e+03
105056 0 +1.103128398e-07 +1.000000000e+03 +1.000000000e+03
105076 0 +9.809400581e-08 +1.000000000e+03 +1.000000000e+03
105081 0 +8.407664609e-08 +1.000000000e+03 +1.000000000e+03
105090 0 +7.657263268e-08 +1.000000000e+03 +1.000000000e+03
105091 0 +6.855134416e-08 +1.000000000e+03 +1.000000000e+03
105104 0 +5.983338269e-08 +1.000000000e+03 +1.000000000e+03
105120 0 +5.154765859e-08 +1.000000000e+03 +1.000000000e+03
105211 0 +4.975834145e-08 +1.000000000e+03 +1.000000000e+03
105225 0 +4.332332537e-08 +1.000000000e+03 +1.000000000e+03
105231 0 +3.699346962e-08 +1.000000000e+03 +1.000000000e+03
105238 0 +3.423076578e-08 +1.000000000e+03 +1.000000000e+03
105245 0 +3.106538315e-08 +1.000000000e+03 +1.000000000e+03
105258 0 +2.721253622e-08 +1.000000000e+03 +1.000000000e+03
105266 0 +2.483227490e-08 +1.000000000e+03 +1.000000000e+03
105271 0 +1.951696049e-08 +1.000000000e+03 +1.000000000e+03
105277 0 +1.522232651e-08 +1.000000000e+03 +1.000000000e+03
105363 0 +1.410978712e-08 +1.000000000e+03 +1.000000000e+03
105368 0 +1.238709046e-08 +1.000000000e+03 +1.000000000e+03
105384 0 +1.091927970e-08 +1.000000000e+03 +1.000000000e+03
105397 0 +9.745235729e-09 +1.000000000e+03 +1.000000000e+03
113920 0 +9.094947018e-13 +1.000000000e+03 +1.000000000e+03
400000 0 +5.684341886e-13 +1.000000000e+03 +1.000000000e+03
% f evaluations | g evaluations | best noise-free fitness - Fopt (-2.390000000000e+00) + sum g_i+ | measured fitness | best measured fitness or single-digit g-values | x1 | x2...
1 0 +1.782914560e+02 +1.759014560e+02 +1.759014560e+02
4 0 +1.727576380e+02 +1.703676380e+02 +1.703676380e+02
793 0 +1.555401546e+02 +1.531501546e+02 +1.531501546e+02
25548 0 +1.387932600e+02 +1.364032600e+02 +1.364032600e+02
102814 0 +1.256113626e+02 +1.232213626e+02 +1.232213626e+02
102830 0 +1.082921110e+02 +1.059021110e+02 +1.059021110e+02
102839 0 +9.811755633e+01 +9.572755633e+01 +9.572755633e+01
102846 0 +8.849470540e+01 +8.610470540e+01 +8.610470540e+01
102853 0 +7.905212732e+01 +7.666212732e+01 +7.666212732e+01
102861 0 +7.010652076e+01 +6.771652076e+01 +6.771652076e+01
102867 0 +6.033252769e+01 +5.794252769e+01 +5.794252769e+01
102871 0 +5.587794825e+01 +5.348794825e+01 +5.348794825e+01
102875 0 +4.980010377e+01 +4.741010377e+01 +4.741010377e+01
102882 0 +4.462092333e+01 +4.223092333e+01 +4.223092333e+01
102902 0 +3.878761398e+01 +3.639761398e+01 +3.639761398e+01
102910 0 +3.488817916e+01 +3.249817916e+01 +3.249817916e+01
102919 0 +3.004733364e+01 +2.765733364e+01 +2.765733364e+01
102921 0 +2.790038150e+01 +2.551038150e+01 +2.551038150e+01
102926 0 +2.442967741e+01 +2.203967741e+01 +2.203967741e+01
102933 0 +1.987061468e+01 +1.748061468e+01 +1.748061468e+01
102938 0 +1.690583880e+01 +1.451583880e+01 +1.451583880e+01
102944 0 +1.545919511e+01 +1.306919511e+01 +1.306919511e+01
102947 0 +1.274773094e+01 +1.035773094e+01 +1.035773094e+01
102951 0 +1.220994148e+01 +9.819941475e+00 +9.819941475e+00
102953 0 +1.034828119e+01 +7.958281187e+00 +7.958281187e+00
102962 0 +8.579396032e+00 +6.189396032e+00 +6.189396032e+00
102991 0 +7.249024287e+00 +4.859024287e+00 +4.859024287e+00
103001 0 +7.067891281e+00 +4.677891281e+00 +4.677891281e+00
103006 0 +5.599784548e+00 +3.209784548e+00 +3.209784548e+00
103013 0 +3.979579149e+00 +1.589579149e+00 +1.589579149e+00
103018 0 +3.017400615e+00 +6.274006151e-01 +6.274006151e-01
103142 0 +2.741681952e+00 +3.516819523e-01 +3.516819523e-01
103160 0 +2.294795544e+00 -9.520445623e-02 -9.520445623e-02
103162 0 +2.116648268e+00 -2.733517324e-01 -2.733517324e-01
103164 0 +1.911477454e+00 -4.785225461e-01 -4.785225461e-01
103175 0 +1.762365825e+00 -6.276341749e-01 -6.276341749e-01
103188 0 +1.482463176e+00 -9.075368238e-01 -9.075368238e-01
103189 0 +1.276340873e+00 -1.113659127e+00 -1.113659127e+00
103193 0 +1.096484736e+00 -1.293515264e+00 -1.293515264e+00
103196 0 +9.516548107e-01 -1.438345189e+00 -1.438345189e+00
103287 0 +8.828327742e-01 -1.507167226e+00 -1.507167226e+00
103293 0 +7.491563593e-01 -1.640843641e+00 -1.640843641e+00
103301 0 +7.070520347e-01 -1.682947965e+00 -1.682947965e+00
103305 0 +6.171125494e-01 -1.772887451e+00 -1.772887451e+00
103309 0 +5.338150909e-01 -1.856184909e+00 -1.856184909e+00
103326 0 +4.569011697e-01 -1.933098830e+00 -1.933098830e+00
103331 0 +4.228573738e-01 -1.967142626e+00 -1.967142626e+00
103334 0 +3.898405528e-01 -2.000159447e+00 -2.000159447e+00
103336 0 +3.437134822e-01 -2.046286518e+00 -2.046286518e+00
103339 0 +3.083179371e-01 -2.081682063e+00 -2.081682063e+00
103352 0 +2.320983725e-01 -2.157901627e+00 -2.157901627e+00
103359 0 +2.142366982e-01 -2.175763302e+00 -2.175763302e+00
103361 0 +1.656424442e-01 -2.224357556e+00 -2.224357556e+00
103458 0 +1.474357843e-01 -2.242564216e+00 -2.242564216e+00
103462 0 +1.340195885e-01 -2.255980412e+00 -2.255980412e+00
103472 0 +1.226250742e-01 -2.267374926e+00 -2.267374926e+00
103475 0 +1.018384522e-01 -2.288161548e+00 -2.288161548e+00
103477 0 +8.708573601e-02 -2.302914264e+00 -2.302914264e+00
103506 0 +7.769870692e-02 -2.312301293e+00 -2.312301293e+00
103515 0 +6.499847153e-02 -2.325001528e+00 -2.325001528e+00
103520 0 +5.828401690e-02 -2.331715983e+00 -2.331715983e+00
103605 0 +5.532860345e-02 -2.334671397e+00 -2.334671397e+00
103619 0 +4.777227543e-02 -2.342227725e+00 -2.342227725e+00
103624 0 +4.401376553e-02 -2.345986234e+00 -2.345986234e+00
103642 0 +3.810610778e-02 -2.351893892e+00 -2.351893892e+00
103648 0 +3.259839478e-02 -2.357401605e+00 -2.357401605e+00
103652 0 +2.922177899e-02 -2.360778221e+00 -2.360778221e+00
103653 0 +2.574201539e-02 -2.364257985e+00 -2.364257985e+00
103660 0 +2.265473158e-02 -2.367345268e+00 -2.367345268e+00
103662 0 +2.014560598e-02 -2.369854394e+00 -2.369854394e+00
103665 0 +1.832607201e-02 -2.371673928e+00 -2.371673928e+00
103670 0 +1.671209924e-02 -2.373287901e+00 -2.373287901e+00
103673 0 +1.378669693e-02 -2.376213303e+00 -2.376213303e+00
103763 0 +1.245929605e-02 -2.377540704e+00 -2.377540704e+00
103791 0 +1.080791495e-02 -2.379192085e+00 -2.379192085e+00
103799 0 +9.966097381e-03 -2.380033903e+00 -2.380033903e+00
103809 0 +8.873978992e-03 -2.381126021e+00 -2.381126021e+00
103817 0 +7.752575133e-03 -2.382247425e+00 -2.382247425e+00
103824 0 +7.060463520e-03 -2.382939536e+00 -2.382939536e+00
103829 0 +6.249807116e-03 -2.383750193e+00 -2.383750193e+00
103837 0 +4.851615944e-03 -2.385148384e+00 -2.385148384e+00
103840 0 +4.150833025e-03 -2.385849167e+00 -2.385849167e+00
103842 0 +3.380299604e-03 -2.386619700e+00 -2.386619700e+00
103933 0 +3.028098860e-03 -2.386971901e+00 -2.386971901e+00
103938 0 +2.685529469e-03 -2.387314471e+00 -2.387314471e+00
103950 0 +2.413779552e-03 -2.387586220e+00 -2.387586220e+00
103960 0 +2.101315282e-03 -2.387898685e+00 -2.387898685e+00
103963 0 +1.857121356e-03 -2.388142879e+00 -2.388142879e+00
103966 0 +1.652518341e-03 -2.388347482e+00 -2.388347482e+00
103978 0 +1.530397523e-03 -2.388469602e+00 -2.388469602e+00
103981 0 +1.412203461e-03 -2.388587797e+00 -2.388587797e+00
103985 0 +1.201777652e-03 -2.388798222e+00 -2.388798222e+00
103990 0 +1.042742146e-03 -2.388957258e+00 -2.388957258e+00
103992 0 +8.896834951e-04 -2.389110317e+00 -2.389110317e+00
103995 0 +7.689001797e-04 -2.389231100e+00 -2.389231100e+00
104100 0 +6.896759862e-04 -2.389310324e+00 -2.389310324e+00
104106 0 +6.029839725e-04 -2.389397016e+00 -2.389397016e+00
104112 0 +5.210726731e-04 -2.389478927e+00 -2.389478927e+00
104114 0 +4.608716363e-04 -2.389539128e+00 -2.389539128e+00
104122 0 +4.274693991e-04 -2.389572531e+00 -2.389572531e+00
104140 0 +3.474287095e-04 -2.389652571e+00 -2.389652571e+00
104148 0 +2.886385652e-04 -2.389711361e+00 -2.389711361e+00
104153 0 +2.285353817e-04 -2.389771465e+00 -2.389771465e+00
104159 0 +2.186538467e-04 -2.389781346e+00 -2.389781346e+00
104247 0 +1.965363010e-04 -2.389803464e+00 -2.389803464e+00
104256 0 +1.756471375e-04 -2.389824353e+00 -2.389824353e+00
104278 0 +1.492047600e-04 -2.389850795e+00 -2.389850795e+00
104292 0 +1.402304099e-04 -2.389859770e+00 -2.389859770e+00
104298 0 +1.132849563e-04 -2.389886715e+00 -2.389886715e+00
104301 0 +1.020406482e-04 -2.389897959e+00 -2.389897959e+00
104304 0 +9.191972301e-05 -2.389908080e+00 -2.389908080e+00
104309 0 +8.584278382e-05 -2.389914157e+00 -2.389914157e+00
104311 0 +7.827163057e-05 -2.389921728e+00 -2.389921728e+00
104315 0 +6.386002587e-05 -2.389936140e+00 -2.389936140e+00
104320 0 +5.265518745e-05 -2.389947345e+00 -2.389947345e+00
104321 0 +4.202162801e-05 -2.389957978e+00 -2.389957978e+00
104417 0 +3.750450947e-05 -2.389962495e+00 -2.389962495e+00
104423 0 +3.470316007e-05 -2.389965297e+00 -2.389965297e+00
104428 0 +3.065115117e-05 -2.389969349e+00 -2.389969349e+00
104441 0 +2.680184278e-05 -2.389973198e+00 -2.389973198e+00
104444 0 +2.366047823e-05 -2.389976340e+00 -2.389976340e+00
104447 0 +2.205173095e-05 -2.389977948e+00 -2.389977948e+00
104451 0 +1.866029704e-05 -2.389981340e+00 -2.389981340e+00
104455 0 +1.616116001e-05 -2.389983839e+00 -2.389983839e+00
104466 0 +1.572682676e-05 -2.389984273e+00 -2.389984273e+00
104470 0 +1.358823852e-05 -2.389986412e+00 -2.389986412e+00
104574 0 +1.224640728e-05 -2.389987754e+00 -2.389987754e+00
104579 0 +1.103436670e-05 -2.389988966e+00 -2.389988966e+00
104584 0 +9.828800692e-06 -2.389990171e+00 -2.389990171e+00
104595 0 +8.368915707e-06 -2.389991631e+00 -2.389991631e+00
104599 0 +7.784459744e-06 -2.389992216e+00 -2.389992216e+00
104608 0 +6.679007725e-06 -2.389993321e+00 -2.389993321e+00
104609 0 +6.214204941e-06 -2.389993786e+00 -2.389993786e+00
104625 0 +5.088290079e-06 -2.389994912e+00 -2.389994912e+00
104628 0 +4.812080503e-06 -2.389995188e+00 -2.389995188e+00
104629 0 +4.247758538e-06 -2.389995752e+00 -2.389995752e+00
104631 0 +3.309883055e-06 -2.389996690e+00 -2.389996690e+00
104642 0 +3.040005535e-06 -2.389996960e+00 -2.389996960e+00
104728 0 +2.755471653e-06 -2.389997245e+00 -2.389997245e+00
104740 0 +2.492866518e-06 -2.389997507e+00 -2.389997507e+00
104757 0 +2.167009715e-06 -2.389997833e+00 -2.389997833e+00
104773 0 +1.786118685e-06 -2.389998214e+00 -2.389998214e+00
104776 0 +1.694718321e-06 -2.389998305e+00 -2.389998305e+00
104779 0 +1.555246250e-06 -2.389998445e+00 -2.389998445e+00
104781 0 +1.343348766e-06 -2.389998657e+00 -2.389998657e+00
104787 0 +1.171250743e-06 -2.389998829e+00 -2.389998829e+00
104800 0 +9.642869787e-07 -2.389999036e+00 -2.389999036e+00
104801 0 +8.287330870e-07 -2.389999171e+00 -2.389999171e+00
104885 0 +7.892254503e-07 -2.389999211e+00 -2.389999211e+00
104898 0 +6.960317100e-07 -2.389999304e+00 -2.389999304e+00
104905 0 +5.921770598e-07 -2.389999408e+00 -2.389999408e+00
104909 0 +5.339575173e-07 -2.389999466e+00 -2.389999466e+00
104920 0 +4.884929763e-07 -2.389999512e+00 -2.389999512e+00
104923 0 +4.341641486e-07 -2.389999566e+00 -2.389999566e+00
104929 0 +3.438721459e-07 -2.389999656e+00 -2.389999656e+00
104943 0 +3.029540587e-07 -2.389999697e+00 -2.389999697e+00
104950 0 +2.556180525e-07 -2.389999744e+00 -2.389999744e+00
104958 0 +2.072428820e-07 -2.389999793e+00 -2.389999793e+00
105044 0 +1.991023186e-07 -2.389999801e+00 -2.389999801e+00
105060 0 +1.714557438e-07 -2.389999829e+00 -2.389999829e+00
105061 0 +1.580785978e-07 -2.389999842e+00 -2.389999842e+00
105077 0 +1.396492588e-07 -2.389999860e+00 -2.389999860e+00
105087 0 +1.239828529e-07 -2.389999876e+00 -2.389999876e+00
105092 0 +1.105580734e-07 -2.389999889e+00 -2.389999889e+00
105100 0 +9.273497437e-08 -2.389999907e+00 -2.389999907e+00
105106 0 +7.756152121e-08 -2.389999922e+00 -2.389999922e+00
105107 0 +6.732617930e-08 -2.389999933e+00 -2.389999933e+00
105116 0 +5.427284711e-08 -2.389999946e+00 -2.389999946e+00
105122 0 +4.339978110e-08 -2.389999957e+00 -2.389999957e+00
105207 0 +3.856827435e-08 -2.389999961e+00 -2.389999961e+00
105217 0 +3.541094973e-08 -2.389999965e+00 -2.389999965e+00
105233 0 +3.064880127e-08 -2.389999969e+00 -2.389999969e+00
105239 0 +2.769145757e-08 -2.389999972e+00 -2.389999972e+00
105242 0 +2.411532796e-08 -2.389999976e+00 -2.389999976e+00
105243 0 +2.156950751e-08 -2.389999978e+00 -2.389999978e+00
105245 0 +1.882246226e-08 -2.389999981e+00 -2.389999981e+00
105263 0 +1.656640292e-08 -2.389999983e+00 -2.389999983e+00
105269 0 +1.486743439e-08 -2.389999985e+00 -2.389999985e+00
105273 0 +1.157734442e-08 -2.389999988e+00 -2.389999988e+00
105363 0 +1.057446175e-08 -2.389999989e+00 -2.389999989e+00
105378 0 +9.831250480e-09 -2.389999990e+00 -2.389999990e+00
106390 0 +9.143796831e-13 -2.390000000e+00 -2.390000000e+00
400000 0 +2.664535259e-15 -2.390000000e+00 -2.390000000e+00
% f evaluations | g evaluations | best noise-free fitness - Fopt (1.000000000000e+03) + sum g_i+ | measured fitness | best measured fitness or single-digit g-values | x1 | x2...
1 0 +2.114301126e+02 +1.211430113e+03 +1.211430113e+03
2 0 +2.067352694e+02 +1.206735269e+03 +1.206735269e+03
26 0 +1.971865512e+02 +1.197186551e+03 +1.197186551e+03
15743 0 +1.777768107e+02 +1.177776811e+03 +1.177776811e+03
101067 0 +1.582835542e+02 +1.158283554e+03 +1.158283554e+03
102824 0 +1.396040843e+02 +1.139604084e+03 +1.139604084e+03
102842 0 +1.214210971e+02 +1.121421097e+03 +1.121421097e+03
102855 0 +1.086118825e+02 +1.108611882e+03 +1.108611882e+03
102864 0 +9.516030375e+01 +1.095160304e+03 +1.095160304e+03
102870 0 +8.317687741e+01 +1.083176877e+03 +1.083176877e+03
102871 0 +7.810383562e+01 +1.078103836e+03 +1.078103836e+03
102878 0 +6.697006570e+01 +1.066970066e+03 +1.066970066e+03
102882 0 +6.070286595e+01 +1.060702866e+03 +1.060702866e+03
102893 0 +5.439084605e+01 +1.054390846e+03 +1.054390846e+03
102914 0 +4.895385596e+01 +1.048953856e+03 +1.048953856e+03
102931 0 +4.444157096e+01 +1.044441571e+03 +1.044441571e+03
102938 0 +3.660072670e+01 +1.036600727e+03 +1.036600727e+03
102944 0 +3.288986682e+01 +1.032889867e+03 +1.032889867e+03
102946 0 +3.160778251e+01 +1.031607783e+03 +1.031607783e+03
102950 0 +2.691423254e+01 +1.026914233e+03 +1.026914233e+03
102951 0 +2.384378810e+01 +1.023843788e+03 +1.023843788e+03
102956 0 +2.082282840e+01 +1.020822828e+03 +1.020822828e+03
102958 0 +1.871781024e+01 +1.018717810e+03 +1.018717810e+03
102959 0 +1.726878520e+01 +1.017268785e+03 +1.017268785e+03
102969 0 +1.539916539e+01 +1.015399165e+03 +1.015399165e+03
102994 0 +1.396546445e+01 +1.013965464e+03 +1.013965464e+03
103002 0 +1.190657448e+01 +1.011906574e+03 +1.011906574e+03
103018 0 +9.599569183e+00 +1.009599569e+03 +1.009599569e+03
103024 0 +7.891306660e+00 +1.007891307e+03 +1.007891307e+03
103030 0 +5.890054073e+00 +1.005890054e+03 +1.005890054e+03
103031 0 +4.822206991e+00 +1.004822207e+03 +1.004822207e+03
103036 0 +4.063053381e+00 +1.004063053e+03 +1.004063053e+03
103038 0 +3.960632578e+00 +1.003960633e+03 +1.003960633e+03
103205 0 +3.533676683e+00 +1.003533677e+03 +1.003533677e+03
103215 0 +3.086809956e+00 +1.003086810e+03 +1.003086810e+03
103236 0 +2.770193156e+00 +1.002770193e+03 +1.002770193e+03
103244 0 +2.426898511e+00 +1.002426899e+03 +1.002426899e+03
103246 0 +2.191458935e+00 +1.002191459e+03 +1.002191459e+03
103250 0 +1.928865770e+00 +1.001928866e+03 +1.001928866e+03
103258 0 +1.643514889e+00 +1.001643515e+03 +1.001643515e+03
103260 0 +1.541611065e+00 +1.001541611e+03 +1.001541611e+03
103261 0 +1.312273702e+00 +1.001312274e+03 +1.001312274e+03
103264 0 +1.209116448e+00 +1.001209116e+03 +1.001209116e+03
103270 0 +9.594641619e-01 +1.000959464e+03 +1.000959464e+03
103273 0 +8.387438642e-01 +1.000838744e+03 +1.000838744e+03
103277 0 +6.396295966e-01 +1.000639630e+03 +1.000639630e+03
103376 0 +6.142524275e-01 +1.000614252e+03 +1.000614252e+03
103382 0 +5.252644318e-01 +1.000525264e+03 +1.000525264e+03
103383 0 +4.807269829e-01 +1.000480727e+03 +1.000480727e+03
103413 0 +4.184912074e-01 +1.000418491e+03 +1.000418491e+03
103416 0 +3.644230120e-01 +1.000364423e+03 +1.000364423e+03
103419 0 +3.527937566e-01 +1.000352794e+03 +1.000352794e+03
103439 0 +2.672860373e-01 +1.000267286e+03 +1.000267286e+03
103534 0 +2.477863082e-01 +1.000247786e+03 +1.000247786e+03
103545 0 +2.116874545e-01 +1.000211687e+03 +1.000211687e+03
103554 0 +1.970350803e-01 +1.000197035e+03 +1.000197035e+03
103558 0 +1.721921022e-01 +1.000172192e+03 +1.000172192e+03
103564 0 +1.575583222e-01 +1.000157558e+03 +1.000157558e+03
103569 0 +1.298323329e-01 +1.000129832e+03 +1.000129832e+03
103571 0 +1.171026405e-01 +1.000117103e+03 +1.000117103e+03
103577 0 +1.039612716e-01 +1.000103961e+03 +1.000103961e+03
103580 0 +9.413060744e-02 +1.000094131e+03 +1.000094131e+03
103584 0 +8.398658574e-02 +1.000083987e+03 +1.000083987e+03
103585 0 +7.214891491e-02 +1.000072149e+03 +1.000072149e+03
103588 0 +6.416287026e-02 +1.000064163e+03 +1.000064163e+03
103593 0 +4.962808767e-02 +1.000049628e+03 +1.000049628e+03
103595 0 +3.500524616e-02 +1.000035005e+03 +1.000035005e+03
103601 0 +2.711070373e-02 +1.000027111e+03 +1.000027111e+03
103691 0 +2.291805733e-02 +1.000022918e+03 +1.000022918e+03
103696 0 +2.220209163e-02 +1.000022202e+03 +1.000022202e+03
103697 0 +1.860311475e-02 +1.000018603e+03 +1.000018603e+03
103713 0 +1.593238473e-02 +1.000015932e+03 +1.000015932e+03
103751 0 +1.568443239e-02 +1.000015684e+03 +1.000015684e+03
103758 0 +1.319445515e-02 +1.000013194e+03 +1.000013194e+03
103846 0 +1.180737770e-02 +1.000011807e+03 +1.000011807e+03
103849 0 +1.105579798e-02 +1.000011056e+03 +1.000011056e+03
103863 0 +9.757922684e-03 +1.000009758e+03 +1.000009758e+03
103877 0 +8.681959896e-03 +1.000008682e+03 +1.000008682e+03
103882 0 +7.576464479e-03 +1.000007576e+03 +1.000007576e+03
103899 0 +7.014347536e-03 +1.000007014e+03 +1.000007014e+03
103903 0 +6.282984856e-03 +1.000006283e+03 +1.000006283e+03
103907 0 +5.346003803e-03 +1.000005346e+03 +1.000005346e+03
103912 0 +4.492149235e-03 +1.000004492e+03 +1.000004492e+03
103920 0 +3.816137100e-03 +1.000003816e+03 +1.000003816e+03
103922 0 +2.856280489e-03 +1.000002856e+03 +1.000002856e+03
104013 0 +2.671487268e-03 +1.000002671e+03 +1.000002671e+03
104034 0 +2.306686607e-03 +1.000002307e+03 +1.000002307e+03
104038 0 +2.227809021e-03 +1.000002228e+03 +1.000002228e+03
104045 0 +1.924740714e-03 +1.000001925e+03 +1.000001925e+03
104050 0 +1.754716010e-03 +1.000001755e+03 +1.000001755e+03
104054 0 +1.462052638e-03 +1.000001462e+03 +1.000001462e+03
104056 0 +1.260740331e-03 +1.000001261e+03 +1.000001261e+03
104058 0 +1.192207654e-03 +1.000001192e+03 +1.000001192e+03
104061 0 +1.108143321e-03 +1.000001108e+03 +1.000001108e+03
104066 0 +8.309340941e-04 +1.000000831e+03 +1.000000831e+03
104077 0 +7.200553482e-04 +1.000000720e+03 +1.000000720e+03
104163 0 +6.724113522e-04 +1.000000672e+03 +1.000000672e+03
104172 0 +6.265451984e-04 +1.000000627e+03 +1.000000627e+03
104181 0 +5.121504884e-04 +1.000000512e+03 +1.000000512e+03
104184 0 +4.983140782e-04 +1.000000498e+03 +1.000000498e+03
104195 0 +4.389336582e-04 +1.000000439e+03 +1.000000439e+03
104200 0 +3.973270385e-04 +1.000000397e+03 +1.000000397e+03
104219 0 +3.094134613e-04 +1.000000309e+03 +1.000000309e+03
104223 0 +2.488016338e-04 +1.000000249e+03 +1.000000249e+03
104239 0 +2.177052266e-04 +1.000000218e+03 +1.000000218e+03
104330 0 +1.949074870e-04 +1.000000195e+03 +1.000000195e+03
104346 0 +1.748557752e-04 +1.000000175e+03 +1.000000175e+03
104356 0 +1.583500590e-04 +1.000000158e+03 +1.000000158e+03
104361 0 +1.393101419e-04 +1.000000139e+03 +1.000000139e+03
104364 0 +1.250840725e-04 +1.000000125e+03 +1.000000125e+03
104372 0 +1.070349761e-04 +1.000000107e+03 +1.000000107e+03
104381 0 +9.841104736e-05 +1.000000098e+03 +1.000000098e+03
104393 0 +8.706022891e-05 +1.000000087e+03 +1.000000087e+03
104395 0 +7.317598522e-05 +1.000000073e+03 +1.000000073e+03
104397 0 +6.073490408e-05 +1.000000061e+03 +1.000000061e+03
104400 0 +5.262641366e-05 +1.000000053e+03 +1.000000053e+03
104486 0 +4.951435687e-05 +1.000000050e+03 +1.000000050e+03
104496 0 +4.260027868e-05 +1.000000043e+03 +1.000000043e+03
104499 0 +3.783162208e-05 +1.000000038e+03 +1.000000038e+03
104507 0 +3.416800109e-05 +1.000000034e+03 +1.000000034e+03
104520 0 +3.113850335e-05 +1.000000031e+03 +1.000000031e+03
104534 0 +2.643120240e-05 +1.000000026e+03 +1.000000026e+03
104535 0 +2.485768141e-05 +1.000000025e+03 +1.000000025e+03
104537 0 +2.196531204e-05 +1.000000022e+03 +1.000000022e+03
104544 0 +1.830169106e-05 +1.000000018e+03 +1.000000018e+03
104552 0 +1.459124780e-05 +1.000000015e+03 +1.000000015e+03
104644 0 +1.386235749e-05 +1.000000014e+03 +1.000000014e+03
104651 0 +1.214144288e-05 +1.000000012e+03 +1.000000012e+03
104664 0 +1.113403039e-05 +1.000000011e+03 +1.000000011e+03
104670 0 +9.677521120e-06 +1.000000010e+03 +1.000000010e+03
104673 0 +8.097029422e-06 +1.000000008e+03 +1.000000008e+03
104675 0 +7.225293984e-06 +1.000000007e+03 +1.000000007e+03
104678 0 +7.070009019e-06 +1.000000007e+03 +1.000000007e+03
104682 0 +6.153410141e-06 +1.000000006e+03 +1.000000006e+03
104687 0 +4.702063165e-06 +1.000000005e+03 +1.000000005e+03
104701 0 +4.463491109e-06 +1.000000004e+03 +1.000000004e+03
104709 0 +3.775920959e-06 +1.000000004e+03 +1.000000004e+03
104719 0 +2.856667152e-06 +1.000000003e+03 +1.000000003e+03
104809 0 +2.810916271e-06 +1.000000003e+03 +1.000000003e+03
104821 0 +2.449846988e-06 +1.000000002e+03 +1.000000002e+03
104840 0 +2.236715318e-06 +1.000000002e+03 +1.000000002e+03
104853 0 +1.964462399e-06 +1.000000002e+03 +1.000000002e+03
104862 0 +1.606292017e-06 +1.000000002e+03 +1.000000002e+03
104864 0 +1.371361463e-06 +1.000000001e+03 +1.000000001e+03
104865 0 +1.205003855e-06 +1.000000001e+03 +1.000000001e+03
104870 0 +1.067534868e-06 +1.000000001e+03 +1.000000001e+03
104873 0 +8.696255236e-07 +1.000000001e+03 +1.000000001e+03
104878 0 +7.536632438e-07 +1.000000001e+03 +1.000000001e+03
104965 0 +6.827784773e-07 +1.000000001e+03 +1.000000001e+03
104980 0 +6.036966624e-07 +1.000000001e+03 +1.000000001e+03
104988 0 +5.436851325e-07 +1.000000001e+03 +1.000000001e+03
105001 0 +4.667884923e-07 +1.000000000e+03 +1.000000000e+03
105005 0 +4.141039653e-07 +1.000000000e+03 +1.000000000e+03
105018 0 +3.455817250e-07 +1.000000000e+03 +1.000000000e+03
105020 0 +3.030045264e-07 +1.000000000e+03 +1.000000000e+03
105029 0 +2.523750027e-07 +1.000000000e+03 +1.000000000e+03
105036 0 +2.249093995e-07 +1.000000000e+03 +1.000000000e+03
105037 0 +2.232085308e-07 +1.000000000e+03 +1.000000000e+03
105042 0 +1.845852466e-07 +1.000000000e+03 +1.000000000e+03
105123 0 +1.712529638e-07 +1.000000000e+03 +1.000000000e+03
105136 0 +1.517339570e-07 +1.000000000e+03 +1.000000000e+03
105146 0 +1.383807557e-07 +1.000000000e+03 +1.000000000e+03
105151 0 +1.235750915e-07 +1.000000000e+03 +1.000000000e+03
105164 0 +1.072152145e-07 +1.000000000e+03 +1.000000000e+03
105173 0 +9.549648894e-08 +1.000000000e+03 +1.000000000e+03
105186 0 +8.622578207e-08 +1.000000000e+03 +1.000000000e+03
105198 0 +6.641141681e-08 +1.000000000e+03 +1.000000000e+03
105285 0 +6.294976629e-08 +1.000000000e+03 +1.000000000e+03
105298 0 +5.614219845e-08 +1.000000000e+03 +1.000000000e+03
105305 0 +4.885112048e-08 +1.000000000e+03 +1.000000000e+03
105314 0 +4.187984359e-08 +1.000000000e+03 +1.000000000e+03
105317 0 +3.892637324e-08 +1.000000000e+03 +1.000000000e+03
105329 0 +3.223578915e-08 +1.000000000e+03 +1.000000000e+03
105332 0 +2.978208613e-08 +1.000000000e+03 +1.000000000e+03
105341 0 +2.788408437e-08 +1.000000000e+03 +1.000000000e+03
105348 0 +2.428816970e-08 +1.000000000e+03 +1.000000000e+03
105350 0 +2.057322490e-08 +1.000000000e+03 +1.000000000e+03
105354 0 +1.920091108e-08 +1.000000000e+03 +1.000000000e+03
105356 0 +1.606463229e-08 +1.000000000e+03 +1.000000000e+03
105360 0 +1.246371539e-08 +1.000000000e+03 +1.000000000e+03
105361 0 +1.092917046e-08 +1.000000000e+03 +1.000000000e+03
105464 0 +9.185328054e-09 +1.000000000e+03 +1.000000000e+03
269460 0 +9.094947018e-13 +1.000000000e+03 +1.000000000e+03
400000 0 +9.094947018e-13 +1.000000000e+03 +1.000000000e+03
% f evaluations | g evaluations | best noise-free fitness - Fopt (-2.304000000000e+01) + sum g_i+ | measured fitness | best measured fitness or single-digit g-values | x1 | x2...
1 0 +2.042797888e+02 +1.812397888e+02 +1.812397888e+02
260 0 +1.980058300e+02 +1.749658300e+02 +1.749658300e+02
353 0 +1.737969659e+02 +1.507569659e+02 +1.507569659e+02
41577 0 +1.584368700e+02 +1.353968700e+02 +1.353968700e+02
102809 0 +1.399704627e+02 +1.169304627e+02 +1.169304627e+02
102817 0 +1.257270194e+02 +1.026870194e+02 +1.026870194e+02
102830 0 +1.097631091e+02 +8.672310914e+01 +8.672310914e+01
102838 0 +9.772589703e+01 +7.468589703e+01 +7.468589703e+01
102852 0 +8.859953262e+01 +6.555953262e+01 +6.555953262e+01
102858 0 +7.706759916e+01 +5.402759916e+01 +5.402759916e+01
102863 0 +7.044605110e+01 +4.740605110e+01 +4.740605110e+01
102871 0 +6.142203999e+01 +3.838203999e+01 +3.838203999e+01
102880 0 +5.336617818e+01 +3.032617818e+01 +3.032617818e+01
102884 0 +4.987946371e+01 +2.683946371e+01 +2.683946371e+01
102889 0 +4.323459528e+01 +2.019459528e+01 +2.019459528e+01
102895 0 +3.952122855e+01 +1.648122855e+01 +1.648122855e+01
102905 0 +3.515303702e+01 +1.211303702e+01 +1.211303702e+01
102910 0 +3.013287518e+01 +7.092875176e+00 +7.092875176e+00
102914 0 +2.808904410e+01 +5.049044095e+00 +5.049044095e+00
102923 0 +2.484334014e+01 +1.803340142e+00 +1.803340142e+00
102933 0 +2.116484865e+01 -1.875151354e+00 -1.875151354e+00
102936 0 +1.990037576e+01 -3.139624243e+00 -3.139624243e+00
102943 0 +1.709159583e+01 -5.948404168e+00 -5.948404168e+00
102947 0 +1.534594865e+01 -7.694051355e+00 -7.694051355e+00
102951 0 +1.319419339e+01 -9.845806610e+00 -9.845806610e+00
102953 0 +1.184006234e+01 -1.119993766e+01 -1.119993766e+01
102960 0 +1.071604813e+01 -1.232395187e+01 -1.232395187e+01
102964 0 +9.231931015e+00 -1.380806899e+01 -1.380806899e+01
102967 0 +7.885503216e+00 -1.515449678e+01 -1.515449678e+01
102969 0 +6.950542339e+00 -1.608945766e+01 -1.608945766e+01
102975 0 +6.247732060e+00 -1.679226794e+01 -1.679226794e+01
102988 0 +4.240120985e+00 -1.879987901e+01 -1.879987901e+01
103013 0 +2.611910392e+00 -2.042808961e+01 -2.042808961e+01
103031 0 +2.462752491e+00 -2.057724751e+01 -2.057724751e+01
103158 0 +2.234517588e+00 -2.080548241e+01 -2.080548241e+01
103167 0 +1.795817323e+00 -2.124418268e+01 -2.124418268e+01
103171 0 +1.569334429e+00 -2.147066557e+01 -2.147066557e+01
103186 0 +1.372191642e+00 -2.166780836e+01 -2.166780836e+01
103187 0 +1.250342056e+00 -2.178965794e+01 -2.178965794e+01
103192 0 +1.074596338e+00 -2.196540366e+01 -2.196540366e+01
103198 0 +9.944575053e-01 -2.204554249e+01 -2.204554249e+01
103287 0 +8.856428565e-01 -2.215435714e+01 -2.215435714e+01
103304 0 +7.773658041e-01 -2.226263420e+01 -2.226263420e+01
103309 0 +6.613339563e-01 -2.237866604e+01 -2.237866604e+01
103315 0 +5.821911730e-01 -2.245780883e+01 -2.245780883e+01
103317 0 +5.230819895e-01 -2.251691801e+01 -2.251691801e+01
103320 0 +4.857606313e-01 -2.255423937e+01 -2.255423937e+01
103334 0 +4.243574091e-01 -2.261564259e+01 -2.261564259e+01
103337 0 +3.906166622e-01 -2.264938334e+01 -2.264938334e+01
103341 0 +3.440893320e-01 -2.269591067e+01 -2.269591067e+01
103343 0 +3.160608478e-01 -2.272393915e+01 -2.272393915e+01
103353 0 +2.771482918e-01 -2.276285171e+01 -2.276285171e+01
103361 0 +2.187538338e-01 -2.282124617e+01 -2.282124617e+01
103451 0 +1.974180047e-01 -2.284258200e+01 -2.284258200e+01
103455 0 +1.732348841e-01 -2.286676512e+01 -2.286676512e+01
103474 0 +1.509201315e-01 -2.288907987e+01 -2.288907987e+01
103485 0 +1.314194039e-01 -2.290858060e+01 -2.290858060e+01
103490 0 +1.258726597e-01 -2.291412734e+01 -2.291412734e+01
103495 0 +1.116960304e-01 -2.292830397e+01 -2.292830397e+01
103506 0 +9.235892245e-02 -2.294764108e+01 -2.294764108e+01
103507 0 +7.754181782e-02 -2.296245818e+01 -2.296245818e+01
103516 0 +5.849939760e-02 -2.298150060e+01 -2.298150060e+01
103518 0 +5.410998135e-02 -2.298589002e+01 -2.298589002e+01
103607 0 +4.925982585e-02 -2.299074017e+01 -2.299074017e+01
103623 0 +4.258521074e-02 -2.299741479e+01 -2.299741479e+01
103639 0 +3.968747108e-02 -2.300031253e+01 -2.300031253e+01
103654 0 +3.457794632e-02 -2.300542205e+01 -2.300542205e+01
103657 0 +3.085717900e-02 -2.300914282e+01 -2.300914282e+01
103663 0 +2.749506303e-02 -2.301250494e+01 -2.301250494e+01
103670 0 +2.389918048e-02 -2.301610082e+01 -2.301610082e+01
103672 0 +2.148758047e-02 -2.301851242e+01 -2.301851242e+01
103673 0 +1.899217186e-02 -2.302100783e+01 -2.302100783e+01
103677 0 +1.727555703e-02 -2.302272444e+01 -2.302272444e+01
103680 0 +1.351715938e-02 -2.302648284e+01 -2.302648284e+01
103682 0 +1.075386723e-02 -2.302924613e+01 -2.302924613e+01
103769 0 +9.893431249e-03 -2.303010657e+01 -2.303010657e+01
103791 0 +8.313001093e-03 -2.303168700e+01 -2.303168700e+01
103802 0 +7.548346761e-03 -2.303245165e+01 -2.303245165e+01
103804 0 +6.635024091e-03 -2.303336498e+01 -2.303336498e+01
103810 0 +5.930174023e-03 -2.303406983e+01 -2.303406983e+01
103812 0 +5.417893830e-03 -2.303458211e+01 -2.303458211e+01
103819 0 +4.522153875e-03 -2.303547785e+01 -2.303547785e+01
103821 0 +3.595391294e-03 -2.303640461e+01 -2.303640461e+01
103825 0 +3.119565108e-03 -2.303688043e+01 -2.303688043e+01
103928 0 +2.711684479e-03 -2.303728832e+01 -2.303728832e+01
103941 0 +2.423983563e-03 -2.303757602e+01 -2.303757602e+01
103953 0 +2.063705019e-03 -2.303793629e+01 -2.303793629e+01
103955 0 +1.853670624e-03 -2.303814633e+01 -2.303814633e+01
103960 0 +1.721204897e-03 -2.303827880e+01 -2.303827880e+01
103968 0 +1.429059375e-03 -2.303857094e+01 -2.303857094e+01
103969 0 +1.389029341e-03 -2.303861097e+01 -2.303861097e+01
103991 0 +1.252011697e-03 -2.303874799e+01 -2.303874799e+01
103995 0 +1.082680208e-03 -2.303891732e+01 -2.303891732e+01
103997 0 +8.979841849e-04 -2.303910202e+01 -2.303910202e+01
104001 0 +8.554341679e-04 -2.303914457e+01 -2.303914457e+01
104086 0 +7.624418686e-04 -2.303923756e+01 -2.303923756e+01
104095 0 +7.040971497e-04 -2.303929590e+01 -2.303929590e+01
104100 0 +6.297172163e-04 -2.303937028e+01 -2.303937028e+01
104107 0 +5.441870138e-04 -2.303945581e+01 -2.303945581e+01
104118 0 +4.961525695e-04 -2.303950385e+01 -2.303950385e+01
104130 0 +4.327775693e-04 -2.303956722e+01 -2.303956722e+01
104131 0 +3.775043540e-04 -2.303962250e+01 -2.303962250e+01
104136 0 +3.382317185e-04 -2.303966177e+01 -2.303966177e+01
104144 0 +2.974055314e-04 -2.303970259e+01 -2.303970259e+01
104145 0 +2.395634061e-04 -2.303976044e+01 -2.303976044e+01
104156 0 +2.020003084e-04 -2.303979800e+01 -2.303979800e+01
104162 0 +1.621608957e-04 -2.303983784e+01 -2.303983784e+01
104253 0 +1.502937377e-04 -2.303984971e+01 -2.303984971e+01
104269 0 +1.346318302e-04 -2.303986537e+01 -2.303986537e+01
104271 0 +1.196779117e-04 -2.303988032e+01 -2.303988032e+01
104279 0 +1.069585275e-04 -2.303989304e+01 -2.303989304e+01
104282 0 +9.637558498e-05 -2.303990362e+01 -2.303990362e+01
104285 0 +8.753911485e-05 -2.303991246e+01 -2.303991246e+01
104308 0 +7.693687057e-05 -2.303992306e+01 -2.303992306e+01
104312 0 +5.928289775e-05 -2.303994072e+01 -2.303994072e+01
104314 0 +4.718127781e-05 -2.303995282e+01 -2.303995282e+01
104410 0 +4.321464932e-05 -2.303995679e+01 -2.303995679e+01
104422 0 +3.927165119e-05 -2.303996073e+01 -2.303996073e+01
104436 0 +3.540918906e-05 -2.303996459e+01 -2.303996459e+01
104455 0 +3.009528136e-05 -2.303996990e+01 -2.303996990e+01
104458 0 +2.796006888e-05 -2.303997204e+01 -2.303997204e+01
104470 0 +2.379519768e-05 -2.303997620e+01 -2.303997620e+01
104475 0 +2.013852545e-05 -2.303997986e+01 -2.303997986e+01
104478 0 +1.648796904e-05 -2.303998351e+01 -2.303998351e+01
104479 0 +1.552870454e-05 -2.303998447e+01 -2.303998447e+01
104481 0 +1.402960374e-05 -2.303998597e+01 -2.303998597e+01
104571 0 +1.185707157e-05 -2.303998814e+01 -2.303998814e+01
104579 0 +1.118289489e-05 -2.303998882e+01 -2.303998882e+01
104593 0 +9.654694583e-06 -2.303999035e+01 -2.303999035e+01
104597 0 +8.180155724e-06 -2.303999182e+01 -2.303999182e+01
104604 0 +7.112291524e-06 -2.303999289e+01 -2.303999289e+01
104606 0 +6.456670565e-06 -2.303999354e+01 -2.303999354e+01
104610 0 +6.093809173e-06 -2.303999391e+01 -2.303999391e+01
104619 0 +5.540348837e-06 -2.303999446e+01 -2.303999446e+01
104622 0 +4.899381750e-06 -2.303999510e+01 -2.303999510e+01
104627 0 +4.356495101e-06 -2.303999564e+01 -2.303999564e+01
104640 0 +3.727022339e-06 -2.303999627e+01 -2.303999627e+01
104642 0 +3.521659909e-06 -2.303999648e+01 -2.303999648e+01
104734 0 +3.117264612e-06 -2.303999688e+01 -2.303999688e+01
104741 0 +2.795465843e-06 -2.303999720e+01 -2.303999720e+01
104760 0 +2.484999985e-06 -2.303999752e+01 -2.303999752e+01
104768 0 +2.208815275e-06 -2.303999779e+01 -2.303999779e+01
104774 0 +1.846214179e-06 -2.303999815e+01 -2.303999815e+01
104775 0 +1.674743615e-06 -2.303999833e+01 -2.303999833e+01
104777 0 +1.492362109e-06 -2.303999851e+01 -2.303999851e+01
104780 0 +1.403334647e-06 -2.303999860e+01 -2.303999860e+01
104788 0 +1.197321556e-06 -2.303999880e+01 -2.303999880e+01
104790 0 +1.035689436e-06 -2.303999896e+01 -2.303999896e+01
104793 0 +8.583911182e-07 -2.303999914e+01 -2.303999914e+01
104801 0 +7.212562103e-07 -2.303999928e+01 -2.303999928e+01
104886 0 +6.835289348e-07 -2.303999932e+01 -2.303999932e+01
104902 0 +5.906126290e-07 -2.303999941e+01 -2.303999941e+01
104903 0 +5.333815665e-07 -2.303999947e+01 -2.303999947e+01
104909 0 +4.975647983e-07 -2.303999950e+01 -2.303999950e+01
104930 0 +4.315703208e-07 -2.303999957e+01 -2.303999957e+01
104941 0 +3.975976171e-07 -2.303999960e+01 -2.303999960e+01
104946 0 +3.325251683e-07 -2.303999967e+01 -2.303999967e+01
104952 0 +2.822947955e-07 -2.303999972e+01 -2.303999972e+01
104960 0 +2.231567002e-07 -2.303999978e+01 -2.303999978e+01
105055 0 +1.918040162e-07 -2.303999981e+01 -2.303999981e+01
105067 0 +1.771689817e-07 -2.303999982e+01 -2.303999982e+01
105075 0 +1.579368067e-07 -2.303999984e+01 -2.303999984e+01
105081 0 +1.308222721e-07 -2.303999987e+01 -2.303999987e+01
105086 0 +1.234722156e-07 -2.303999988e+01 -2.303999988e+01
105091 0 +1.022754113e-07 -2.303999990e+01 -2.303999990e+01
105100 0 +9.302272730e-08 -2.303999991e+01 -2.303999991e+01
105102 0 +8.750440728e-08 -2.303999991e+01 -2.303999991e+01
105107 0 +7.197985497e-08 -2.303999993e+01 -2.303999993e+01
105109 0 +6.762634897e-08 -2.303999993e+01 -2.303999993e+01
105114 0 +6.246354900e-08 -2.303999994e+01 -2.303999994e+01
105122 0 +5.171375861e-08 -2.303999995e+01 -2.303999995e+01
105205 0 +4.995519376e-08 -2.303999995e+01 -2.303999995e+01
105213 0 +4.441250923e-08 -2.303999996e+01 -2.303999996e+01
105239 0 +3.897634926e-08 -2.303999996e+01 -2.303999996e+01
105249 0 +3.259109604e-08 -2.303999997e+01 -2.303999997e+01
105254 0 +2.887218642e-08 -2.303999997e+01 -2.303999997e+01
105255 0 +2.608900473e-08 -2.303999997e+01 -2.303999997e+01
105258 0 +2.277579725e-08 -2.303999998e+01 -2.303999998e+01
105261 0 +2.174287772e-08 -2.303999998e+01 -2.303999998e+01
105264 0 +1.984919251e-08 -2.303999998e+01 -2.303999998e+01
105270 0 +1.774973057e-08 -2.303999998e+01 -2.303999998e+01
105276 0 +1.523803306e-08 -2.303999998e+01 -2.303999998e+01
105277 0 +1.368394464e-08 -2.303999999e+01 -2.303999999e+01
105378 0 +1.185658860e-08 -2.303999999e+01 -2.303999999e+01
105382 0 +1.050220533e-08 -2.303999999e+01 -2.303999999e+01
105387 0 +9.620173103e-09 -2.303999999e+01 -2.303999999e+01
106381 0 +9.876544027e-13 -2.304000000e+01 -2.304000000e+01
400000 0 +3.552713679e-14 -2.304000000e+01 -2.304000000e+01
% f evaluations | g evaluations | best noise-free fitness - Fopt (1.084500000000e+02) + sum g_i+ | measured fitness | best measured fitness or single-digit g-values | x1 | x2...
1 0 +2.194446144e+02 +3.278946144e+02 +3.278946144e+02
149 0 +2.169149892e+02 +3.253649892e+02 +3.253649892e+02
406 0 +1.992261068e+02 +3.076761068e+02 +3.076761068e+02
41636 0 +1.771960319e+02 +2.856460319e+02 +2.856460319e+02
102811 0 +1.568683835e+02 +2.653183835e+02 +2.653183835e+02
102821 0 +1.401394414e+02 +2.485894414e+02 +2.485894414e+02
102840 0 +1.241617713e+02 +2.326117713e+02 +2.326117713e+02
102849 0 +1.090233474e+02 +2.174733474e+02 +2.174733474e+02
102855 0 +9.870001003e+01 +2.071500100e+02 +2.071500100e+02
102868 0 +8.540663217e+01 +1.938566322e+02 +1.938566322e+02
102874 0 +7.815864530e+01 +1.866086453e+02 +1.866086453e+02
102877 0 +6.829434452e+01 +1.767443445e+02 +1.767443445e+02
102885 0 +6.094030477e+01 +1.693903048e+02 +1.693903048e+02
102900 0 +5.376393216e+01 +1.622139322e+02 +1.622139322e+02
102910 0 +4.804251540e+01 +1.564925154e+02 +1.564925154e+02
102920 0 +4.327246319e+01 +1.517224632e+02 +1.517224632e+02
102925 0 +3.766952329e+01 +1.461195233e+02 +1.461195233e+02
102929 0 +3.486805334e+01 +1.433180533e+02 +1.433180533e+02
102935 0 +3.055250799e+01 +1.390025080e+02 +1.390025080e+02
102946 0 +2.770975865e+01 +1.361597586e+02 +1.361597586e+02
102948 0 +2.410937044e+01 +1.325593704e+02 +1.325593704e+02
102954 0 +2.123576864e+01 +1.296857686e+02 +1.296857686e+02
102956 0 +1.975675658e+01 +1.282067566e+02 +1.282067566e+02
102957 0 +1.537666257e+01 +1.238266626e+02 +1.238266626e+02
102965 0 +1.368869844e+01 +1.221386984e+02 +1.221386984e+02
102980 0 +1.189852164e+01 +1.203485216e+02 +1.203485216e+02
102981 0 +1.046563775e+01 +1.189156378e+02 +1.189156378e+02
103000 0 +9.167286781e+00 +1.176172868e+02 +1.176172868e+02
103002 0 +8.189097861e+00 +1.166390979e+02 +1.166390979e+02
103005 0 +7.569541589e+00 +1.160195416e+02 +1.160195416e+02
103009 0 +6.770668993e+00 +1.152206690e+02 +1.152206690e+02
103028 0 +4.777467266e+00 +1.132274673e+02 +1.132274673e+02
103037 0 +2.399970607e+00 +1.108499706e+02 +1.108499706e+02
103117 0 +2.025071300e+00 +1.104750713e+02 +1.104750713e+02
103209 0 +1.987855418e+00 +1.104378554e+02 +1.104378554e+02
103229 0 +1.687701914e+00 +1.101377019e+02 +1.101377019e+02
103238 0 +1.474676877e+00 +1.099246769e+02 +1.099246769e+02
103258 0 +1.185817546e+00 +1.096358175e+02 +1.096358175e+02
103262 0 +1.045987374e+00 +1.094959874e+02 +1.094959874e+02
103268 0 +9.980659519e-01 +1.094480660e+02 +1.094480660e+02
103274 0 +8.403210963e-01 +1.092903211e+02 +1.092903211e+02
103278 0 +7.774460804e-01 +1.092274461e+02 +1.092274461e+02
103370 0 +6.576396677e-01 +1.091076397e+02 +1.091076397e+02
103375 0 +6.142389295e-01 +1.090642389e+02 +1.090642389e+02
103390 0 +5.606704212e-01 +1.090106704e+02 +1.090106704e+02
103404 0 +4.668907266e-01 +1.089168907e+02 +1.089168907e+02
103406 0 +4.340362928e-01 +1.088840363e+02 +1.088840363e+02
103414 0 +3.827094201e-01 +1.088327094e+02 +1.088327094e+02
103427 0 +3.440889639e-01 +1.087940890e+02 +1.087940890e+02
103430 0 +3.143725391e-01 +1.087643725e+02 +1.087643725e+02
103436 0 +2.409518781e-01 +1.086909519e+02 +1.086909519e+02
103437 0 +2.098082188e-01 +1.086598082e+02 +1.086598082e+02
103524 0 +1.948176302e-01 +1.086448176e+02 +1.086448176e+02
103544 0 +1.717701120e-01 +1.086217701e+02 +1.086217701e+02
103547 0 +1.581881637e-01 +1.086081882e+02 +1.086081882e+02
103555 0 +1.311700831e-01 +1.085811701e+02 +1.085811701e+02
103568 0 +1.186187950e-01 +1.085686188e+02 +1.085686188e+02
103570 0 +1.089608268e-01 +1.085589608e+02 +1.085589608e+02
103572 0 +9.774919273e-02 +1.085477492e+02 +1.085477492e+02
103575 0 +8.830277119e-02 +1.085383028e+02 +1.085383028e+02
103581 0 +7.632443864e-02 +1.085263244e+02 +1.085263244e+02
103584 0 +6.859228345e-02 +1.085185923e+02 +1.085185923e+02
103592 0 +6.015995096e-02 +1.085101600e+02 +1.085101600e+02
103594 0 +5.280140010e-02 +1.085028014e+02 +1.085028014e+02
103601 0 +4.188060762e-02 +1.084918806e+02 +1.084918806e+02
103692 0 +3.836286219e-02 +1.084883629e+02 +1.084883629e+02
103702 0 +3.513799956e-02 +1.084851380e+02 +1.084851380e+02
103725 0 +2.845823016e-02 +1.084784582e+02 +1.084784582e+02
103733 0 +2.579214869e-02 +1.084757921e+02 +1.084757921e+02
103748 0 +2.366804851e-02 +1.084736680e+02 +1.084736680e+02
103750 0 +2.015026525e-02 +1.084701503e+02 +1.084701503e+02
103753 0 +1.982952132e-02 +1.084698295e+02 +1.084698295e+02
103757 0 +1.595492944e-02 +1.084659549e+02 +1.084659549e+02
103759 0 +1.448161840e-02 +1.084644816e+02 +1.084644816e+02
103847 0 +1.396662252e-02 +1.084639666e+02 +1.084639666e+02
103855 0 +1.248846722e-02 +1.084624885e+02 +1.084624885e+02
103868 0 +1.067800168e-02 +1.084606780e+02 +1.084606780e+02
103878 0 +9.513619564e-03 +1.084595136e+02 +1.084595136e+02
103889 0 +8.497850537e-03 +1.084584979e+02 +1.084584979e+02
103896 0 +7.795379997e-03 +1.084577954e+02 +1.084577954e+02
103904 0 +6.266996531e-03 +1.084562670e+02 +1.084562670e+02
103906 0 +5.374755093e-03 +1.084553748e+02 +1.084553748e+02
103912 0 +4.441272556e-03 +1.084544413e+02 +1.084544413e+02
103914 0 +3.579465580e-03 +1.084535795e+02 +1.084535795e+02
103920 0 +3.338290362e-03 +1.084533383e+02 +1.084533383e+02
103922 0 +3.116630724e-03 +1.084531166e+02 +1.084531166e+02
104019 0 +2.674142545e-03 +1.084526741e+02 +1.084526741e+02
104029 0 +2.300012334e-03 +1.084523000e+02 +1.084523000e+02
104041 0 +2.183380064e-03 +1.084521834e+02 +1.084521834e+02
104052 0 +1.861921447e-03 +1.084518619e+02 +1.084518619e+02
104057 0 +1.599383539e-03 +1.084515994e+02 +1.084515994e+02
104062 0 +1.385471316e-03 +1.084513855e+02 +1.084513855e+02
104067 0 +1.171811967e-03 +1.084511718e+02 +1.084511718e+02
104075 0 +1.057895387e-03 +1.084510579e+02 +1.084510579e+02
104079 0 +9.340253113e-04 +1.084509340e+02 +1.084509340e+02
104081 0 +8.003974459e-04 +1.084508004e+02 +1.084508004e+02
104168 0 +7.458031530e-04 +1.084507458e+02 +1.084507458e+02
104170 0 +6.969623840e-04 +1.084506970e+02 +1.084506970e+02
104176 0 +6.076664985e-04 +1.084506077e+02 +1.084506077e+02
104184 0 +5.526660366e-04 +1.084505527e+02 +1.084505527e+02
104191 0 +4.938177591e-04 +1.084504938e+02 +1.084504938e+02
104200 0 +4.150135628e-04 +1.084504150e+02 +1.084504150e+02
104203 0 +3.530642328e-04 +1.084503531e+02 +1.084503531e+02
104210 0 +2.994710064e-04 +1.084502995e+02 +1.084502995e+02
104213 0 +2.717829293e-04 +1.084502718e+02 +1.084502718e+02
104215 0 +2.314113740e-04 +1.084502314e+02 +1.084502314e+02
104220 0 +1.913619627e-04 +1.084501914e+02 +1.084501914e+02
104325 0 +1.763437177e-04 +1.084501763e+02 +1.084501763e+02
104342 0 +1.485207136e-04 +1.084501485e+02 +1.084501485e+02
104346 0 +1.345291061e-04 +1.084501345e+02 +1.084501345e+02
104347 0 +1.239025621e-04 +1.084501239e+02 +1.084501239e+02
104361 0 +1.100231000e-04 +1.084501100e+02 +1.084501100e+02
104368 0 +9.060392685e-05 +1.084500906e+02 +1.084500906e+02
104374 0 +8.812500211e-05 +1.084500881e+02 +1.084500881e+02
104389 0 +7.880737644e-05 +1.084500788e+02 +1.084500788e+02
104395 0 +6.560683680e-05 +1.084500656e+02 +1.084500656e+02
104400 0 +5.073853988e-05 +1.084500507e+02 +1.084500507e+02
104402 0 +3.830969037e-05 +1.084500383e+02 +1.084500383e+02
104494 0 +3.462680711e-05 +1.084500346e+02 +1.084500346e+02
104518 0 +3.024272421e-05 +1.084500302e+02 +1.084500302e+02
104532 0 +2.694525189e-05 +1.084500269e+02 +1.084500269e+02
104533 0 +2.384288393e-05 +1.084500238e+02 +1.084500238e+02
104538 0 +2.019991200e-05 +1.084500202e+02 +1.084500202e+02
104539 0 +1.875331085e-05 +1.084500188e+02 +1.084500188e+02
104545 0 +1.722363091e-05 +1.084500172e+02 +1.084500172e+02
104553 0 +1.376165636e-05 +1.084500138e+02 +1.084500138e+02
104649 0 +1.237665990e-05 +1.084500124e+02 +1.084500124e+02
104655 0 +1.110976250e-05 +1.084500111e+02 +1.084500111e+02
104664 0 +9.610811944e-06 +1.084500096e+02 +1.084500096e+02
104670 0 +8.675090541e-06 +1.084500087e+02 +1.084500087e+02
104679 0 +7.540955494e-06 +1.084500075e+02 +1.084500075e+02
104685 0 +6.965355425e-06 +1.084500070e+02 +1.084500070e+02
104700 0 +6.162779286e-06 +1.084500062e+02 +1.084500062e+02
104701 0 +5.208600783e-06 +1.084500052e+02 +1.084500052e+02
104707 0 +4.078685436e-06 +1.084500041e+02 +1.084500041e+02
104710 0 +3.543353358e-06 +1.084500035e+02 +1.084500035e+02
104711 0 +3.112384888e-06 +1.084500031e+02 +1.084500031e+02
104814 0 +2.739068890e-06 +1.084500027e+02 +1.084500027e+02
104827 0 +2.501233922e-06 +1.084500025e+02 +1.084500025e+02
104834 0 +2.208162002e-06 +1.084500022e+02 +1.084500022e+02
104848 0 +1.972384851e-06 +1.084500020e+02 +1.084500020e+02
104849 0 +1.741038375e-06 +1.084500017e+02 +1.084500017e+02
104857 0 +1.491292366e-06 +1.084500015e+02 +1.084500015e+02
104859 0 +1.368370292e-06 +1.084500014e+02 +1.084500014e+02
104863 0 +1.253619089e-06 +1.084500013e+02 +1.084500013e+02
104865 0 +1.109927311e-06 +1.084500011e+02 +1.084500011e+02
104881 0 +8.999286933e-07 +1.084500009e+02 +1.084500009e+02
104963 0 +8.745344502e-07 +1.084500009e+02 +1.084500009e+02
104970 0 +7.836443672e-07 +1.084500008e+02 +1.084500008e+02
104976 0 +6.878778862e-07 +1.084500007e+02 +1.084500007e+02
104984 0 +6.025543087e-07 +1.084500006e+02 +1.084500006e+02
104991 0 +5.540072010e-07 +1.084500006e+02 +1.084500006e+02
105006 0 +4.797377215e-07 +1.084500005e+02 +1.084500005e+02
105014 0 +4.290801741e-07 +1.084500004e+02 +1.084500004e+02
105029 0 +3.732725702e-07 +1.084500004e+02 +1.084500004e+02
105031 0 +3.252125111e-07 +1.084500003e+02 +1.084500003e+02
105035 0 +2.760454549e-07 +1.084500003e+02 +1.084500003e+02
105037 0 +2.404800910e-07 +1.084500002e+02 +1.084500002e+02
105133 0 +2.224749522e-07 +1.084500002e+02 +1.084500002e+02
105148 0 +1.894488264e-07 +1.084500002e+02 +1.084500002e+02
105149 0 +1.759575952e-07 +1.084500002e+02 +1.084500002e+02
105158 0 +1.567413506e-07 +1.084500002e+02 +1.084500002e+02
105168 0 +1.342431801e-07 +1.084500001e+02 +1.084500001e+02
105172 0 +1.221178252e-07 +1.084500001e+02 +1.084500001e+02
105176 0 +1.113413219e-07 +1.084500001e+02 +1.084500001e+02
105180 0 +8.928824968e-08 +1.084500001e+02 +1.084500001e+02
105183 0 +7.552095838e-08 +1.084500001e+02 +1.084500001e+02
105186 0 +6.668236097e-08 +1.084500001e+02 +1.084500001e+02
105194 0 +5.736428932e-08 +1.084500001e+02 +1.084500001e+02
105201 0 +4.291197797e-08 +1.084500000e+02 +1.084500000e+02
105287 0 +3.784671776e-08 +1.084500000e+02 +1.084500000e+02
105289 0 +3.521201108e-08 +1.084500000e+02 +1.084500000e+02
105301 0 +3.112255342e-08 +1.084500000e+02 +1.084500000e+02
105311 0 +2.503682595e-08 +1.084500000e+02 +1.084500000e+02
105322 0 +2.182585490e-08 +1.084500000e+02 +1.084500000e+02
105325 0 +1.942200356e-08 +1.084500000e+02 +1.084500000e+02
105333 0 +1.568412245e-08 +1.084500000e+02 +1.084500000e+02
105358 0 +1.338507616e-08 +1.084500000e+02 +1.084500000e+02
105359 0 +1.070414157e-08 +1.084500000e+02 +1.084500000e+02
105452 0 +9.846530702e-09 +1.084500000e+02 +1.084500000e+02
106458 0 +8.810729923e-13 +1.084500000e+02 +1.084500000e+02
400000 0 +1.136868377e-13 +1.084500000e+02 +1.084500000e+02
% f evaluations | g evaluations | best noise-free fitness - Fopt (2.606200000000e+02) + sum g_i+ | measured fitness | best measured fitness or single-digit g-values | x1 | x2...
1 0 +2.275165536e+02 +4.881365536e+02 +4.881365536e+02
19 0 +2.266214782e+02 +4.872414782e+02 +4.872414782e+02
49 0 +2.187880406e+02 +4.794080406e+02 +4.794080406e+02
820 0 +1.993234819e+02 +4.599434819e+02 +4.599434819e+02
63885 0 +1.772485079e+02 +4.378685079e+02 +4.378685079e+02
102814 0 +1.564336015e+02 +4.170536015e+02 +4.170536015e+02
102826 0 +1.359297953e+02 +3.965497953e+02 +3.965497953e+02
102841 0 +1.252854494e+02 +3.859054494e+02 +3.859054494e+02
102852 0 +1.084970042e+02 +3.691170042e+02 +3.691170042e+02
102857 0 +9.848125434e+01 +3.591012543e+02 +3.591012543e+02
102872 0 +8.707359297e+01 +3.476935930e+02 +3.476935930e+02
102876 0 +7.801922962e+01 +3.386392296e+02 +3.386392296e+02
102879 0 +7.039638289e+01 +3.310163829e+02 +3.310163829e+02
102891 0 +5.942287053e+01 +3.200428705e+02 +3.200428705e+02
102900 0 +5.371694905e+01 +3.143369490e+02 +3.143369490e+02
102906 0 +4.792063109e+01 +3.085406311e+02 +3.085406311e+02
102925 0 +4.459151362e+01 +3.052115136e+02 +3.052115136e+02
102932 0 +3.746438497e+01 +2.980843850e+02 +2.980843850e+02
102937 0 +3.312146245e+01 +2.937414625e+02 +2.937414625e+02
102940 0 +3.026044709e+01 +2.908804471e+02 +2.908804471e+02
102952 0 +2.706672269e+01 +2.876867227e+02 +2.876867227e+02
102953 0 +2.266581517e+01 +2.832858152e+02 +2.832858152e+02
102956 0 +2.201755405e+01 +2.826375540e+02 +2.826375540e+02
102959 0 +1.839990202e+01 +2.790199020e+02 +2.790199020e+02
102971 0 +1.630263278e+01 +2.769226328e+02 +2.769226328e+02
102980 0 +1.524517592e+01 +2.758651759e+02 +2.758651759e+02
102986 0 +1.325352957e+01 +2.738735296e+02 +2.738735296e+02
103009 0 +1.233137700e+01 +2.729513770e+02 +2.729513770e+02
103012 0 +1.013159563e+01 +2.707515956e+02 +2.707515956e+02
103017 0 +8.203990814e+00 +2.688239908e+02 +2.688239908e+02
103020 0 +7.345572810e+00 +2.679655728e+02 +2.679655728e+02
103032 0 +6.154445757e+00 +2.667744458e+02 +2.667744458e+02
103033 0 +3.756135595e+00 +2.643761356e+02 +2.643761356e+02
103092 0 +3.422908960e+00 +2.640429090e+02 +2.640429090e+02
103113 0 +3.027196152e+00 +2.636471962e+02 +2.636471962e+02
103209 0 +2.689897100e+00 +2.633098971e+02 +2.633098971e+02
103213 0 +2.501730678e+00 +2.631217307e+02 +2.631217307e+02
103230 0 +2.225574352e+00 +2.628455744e+02 +2.628455744e+02
103241 0 +1.949029184e+00 +2.625690292e+02 +2.625690292e+02
103251 0 +1.731265100e+00 +2.623512651e+02 +2.623512651e+02
103257 0 +1.391629877e+00 +2.620116299e+02 +2.620116299e+02
103270 0 +1.163957621e+00 +2.617839576e+02 +2.617839576e+02
103274 0 +1.111489356e+00 +2.617314894e+02 +2.617314894e+02
103280 0 +9.291859938e-01 +2.615491860e+02 +2.615491860e+02
103365 0 +8.901979714e-01 +2.615101980e+02 +2.615101980e+02
103377 0 +7.769695174e-01 +2.613969695e+02 +2.613969695e+02
103389 0 +6.978039002e-01 +2.613178039e+02 +2.613178039e+02
103393 0 +6.268275889e-01 +2.612468276e+02 +2.612468276e+02
103407 0 +5.448063945e-01 +2.611648064e+02 +2.611648064e+02
103416 0 +4.830474721e-01 +2.611030475e+02 +2.611030475e+02
103423 0 +4.324089178e-01 +2.610524089e+02 +2.610524089e+02
103425 0 +3.705848187e-01 +2.609905848e+02 +2.609905848e+02
103429 0 +3.518160662e-01 +2.609718161e+02 +2.609718161e+02
103433 0 +3.154690314e-01 +2.609354690e+02 +2.609354690e+02
103438 0 +2.329436314e-01 +2.608529436e+02 +2.608529436e+02
103441 0 +2.057911517e-01 +2.608257912e+02 +2.608257912e+02
103524 0 +1.972207347e-01 +2.608172207e+02 +2.608172207e+02
103532 0 +1.777641364e-01 +2.607977641e+02 +2.607977641e+02
103543 0 +1.582626182e-01 +2.607782626e+02 +2.607782626e+02
103564 0 +1.401051179e-01 +2.607601051e+02 +2.607601051e+02
103572 0 +1.237462089e-01 +2.607437462e+02 +2.607437462e+02
103582 0 +1.008316966e-01 +2.607208317e+02 +2.607208317e+02
103588 0 +8.891854059e-02 +2.607089185e+02 +2.607089185e+02
103590 0 +7.892548923e-02 +2.606989255e+02 +2.606989255e+02
103596 0 +6.803605252e-02 +2.606880361e+02 +2.606880361e+02
103686 0 +6.262000239e-02 +2.606826200e+02 +2.606826200e+02
103696 0 +5.271318200e-02 +2.606727132e+02 +2.606727132e+02
103697 0 +4.989299890e-02 +2.606698930e+02 +2.606698930e+02
103714 0 +4.306685931e-02 +2.606630669e+02 +2.606630669e+02
103717 0 +3.781640719e-02 +2.606578164e+02 +2.606578164e+02
103722 0 +3.520178529e-02 +2.606552018e+02 +2.606552018e+02
103727 0 +3.105723848e-02 +2.606510572e+02 +2.606510572e+02
103735 0 +2.705901345e-02 +2.606470590e+02 +2.606470590e+02
103740 0 +2.347937578e-02 +2.606434794e+02 +2.606434794e+02
103754 0 +2.083216560e-02 +2.606408322e+02 +2.606408322e+02
103755 0 +1.832393333e-02 +2.606383239e+02 +2.606383239e+02
103760 0 +1.509262782e-02 +2.606350926e+02 +2.606350926e+02
103761 0 +1.221583085e-02 +2.606322158e+02 +2.606322158e+02
103847 0 +1.107412858e-02 +2.606310741e+02 +2.606310741e+02
103867 0 +9.910725002e-03 +2.606299107e+02 +2.606299107e+02
103879 0 +8.646082268e-03 +2.606286461e+02 +2.606286461e+02
103883 0 +7.864629964e-03 +2.606278646e+02 +2.606278646e+02
103889 0 +6.758875957e-03 +2.606267589e+02 +2.606267589e+02
103891 0 +6.076061451e-03 +2.606260761e+02 +2.606260761e+02
103896 0 +5.601858086e-03 +2.606256019e+02 +2.606256019e+02
103904 0 +4.494171215e-03 +2.606244942e+02 +2.606244942e+02
103909 0 +4.058941840e-03 +2.606240589e+02 +2.606240589e+02
103911 0 +3.146263458e-03 +2.606231463e+02 +2.606231463e+02
104010 0 +2.686263009e-03 +2.606226863e+02 +2.606226863e+02
104023 0 +2.347347156e-03 +2.606223473e+02 +2.606223473e+02
104032 0 +2.204732226e-03 +2.606222047e+02 +2.606222047e+02
104036 0 +1.970070159e-03 +2.606219701e+02 +2.606219701e+02
104050 0 +1.775449224e-03 +2.606217754e+02 +2.606217754e+02
104055 0 +1.523635537e-03 +2.606215236e+02 +2.606215236e+02
104067 0 +1.269184888e-03 +2.606212692e+02 +2.606212692e+02
104070 0 +1.242341891e-03 +2.606212423e+02 +2.606212423e+02
104076 0 +1.064456393e-03 +2.606210645e+02 +2.606210645e+02
104077 0 +9.505398136e-04 +2.606209505e+02 +2.606209505e+02
104171 0 +8.769366560e-04 +2.606208769e+02 +2.606208769e+02
104180 0 +7.579365957e-04 +2.606207579e+02 +2.606207579e+02
104185 0 +6.924601653e-04 +2.606206925e+02 +2.606206925e+02
104198 0 +6.171087146e-04 +2.606206171e+02 +2.606206171e+02
104209 0 +5.091270731e-04 +2.606205091e+02 +2.606205091e+02
104212 0 +4.964874360e-04 +2.606204965e+02 +2.606204965e+02
104220 0 +4.047106790e-04 +2.606204047e+02 +2.606204047e+02
104223 0 +3.507953087e-04 +2.606203508e+02 +2.606203508e+02
104229 0 +3.031023860e-04 +2.606203031e+02 +2.606203031e+02
104234 0 +2.777732203e-04 +2.606202778e+02 +2.606202778e+02
104239 0 +2.417724015e-04 +2.606202418e+02 +2.606202418e+02
104241 0 +1.877448857e-04 +2.606201877e+02 +2.606201877e+02
104328 0 +1.776716159e-04 +2.606201777e+02 +2.606201777e+02
104351 0 +1.550120751e-04 +2.606201550e+02 +2.606201550e+02
104357 0 +1.387285891e-04 +2.606201387e+02 +2.606201387e+02
104361 0 +1.242229454e-04 +2.606201242e+02 +2.606201242e+02
104366 0 +1.106500637e-04 +2.606201107e+02 +2.606201107e+02
104368 0 +9.897352663e-05 +2.606200990e+02 +2.606200990e+02
104374 0 +8.024042205e-05 +2.606200802e+02 +2.606200802e+02
104376 0 +7.230510465e-05 +2.606200723e+02 +2.606200723e+02
104393 0 +6.969108222e-05 +2.606200697e+02 +2.606200697e+02
104396 0 +5.839094092e-05 +2.606200584e+02 +2.606200584e+02
104397 0 +4.519040129e-05 +2.606200452e+02 +2.606200452e+02
104400 0 +4.185567576e-05 +2.606200419e+02 +2.606200419e+02
104487 0 +3.902803775e-05 +2.606200390e+02 +2.606200390e+02
104494 0 +3.284931557e-05 +2.606200328e+02 +2.606200328e+02
104505 0 +2.935435106e-05 +2.606200294e+02 +2.606200294e+02
104518 0 +2.796152097e-05 +2.606200280e+02 +2.606200280e+02
104525 0 +2.479970453e-05 +2.606200248e+02 +2.606200248e+02
104537 0 +2.230311031e-05 +2.606200223e+02 +2.606200223e+02
104552 0 +1.972652672e-05 +2.606200197e+02 +2.606200197e+02
104554 0 +1.721388657e-05 +2.606200172e+02 +2.606200172e+02
104559 0 +1.506159805e-05 +2.606200151e+02 +2.606200151e+02
104649 0 +1.335998451e-05 +2.606200134e+02 +2.606200134e+02
104658 0 +1.246516678e-05 +2.606200125e+02 +2.606200125e+02
104661 0 +1.115761847e-05 +2.606200112e+02 +2.606200112e+02
104673 0 +9.997233633e-06 +2.606200100e+02 +2.606200100e+02
104683 0 +8.582362398e-06 +2.606200086e+02 +2.606200086e+02
104692 0 +7.836187763e-06 +2.606200078e+02 +2.606200078e+02
104695 0 +6.534119620e-06 +2.606200065e+02 +2.606200065e+02
104700 0 +5.693840876e-06 +2.606200057e+02 +2.606200057e+02
104708 0 +5.248854222e-06 +2.606200052e+02 +2.606200052e+02
104710 0 +4.526079749e-06 +2.606200045e+02 +2.606200045e+02
104711 0 +3.697352383e-06 +2.606200037e+02 +2.606200037e+02
104816 0 +3.411872399e-06 +2.606200034e+02 +2.606200034e+02
104831 0 +3.127922184e-06 +2.606200031e+02 +2.606200031e+02
104838 0 +2.715968662e-06 +2.606200027e+02 +2.606200027e+02
104845 0 +2.364755289e-06 +2.606200024e+02 +2.606200024e+02
104847 0 +2.153224955e-06 +2.606200022e+02 +2.606200022e+02
104850 0 +1.942905726e-06 +2.606200019e+02 +2.606200019e+02
104864 0 +1.611508480e-06 +2.606200016e+02 +2.606200016e+02
104865 0 +1.419060027e-06 +2.606200014e+02 +2.606200014e+02
104867 0 +1.402825092e-06 +2.606200014e+02 +2.606200014e+02
104876 0 +1.095923892e-06 +2.606200011e+02 +2.606200011e+02
104880 0 +8.967813869e-07 +2.606200009e+02 +2.606200009e+02
104882 0 +6.925780554e-07 +2.606200007e+02 +2.606200007e+02
104967 0 +5.807600019e-07 +2.606200006e+02 +2.606200006e+02
104974 0 +5.252140340e-07 +2.606200005e+02 +2.606200005e+02
104981 0 +4.961563036e-07 +2.606200005e+02 +2.606200005e+02
104996 0 +4.375393701e-07 +2.606200004e+02 +2.606200004e+02
104999 0 +3.920227414e-07 +2.606200004e+02 +2.606200004e+02
105004 0 +3.498675483e-07 +2.606200003e+02 +2.606200003e+02
105013 0 +2.814741151e-07 +2.606200003e+02 +2.606200003e+02
105028 0 +2.162454962e-07 +2.606200002e+02 +2.606200002e+02
105037 0 +1.514086989e-07 +2.606200002e+02 +2.606200002e+02
105137 0 +1.398178711e-07 +2.606200001e+02 +2.606200001e+02
105145 0 +1.218921852e-07 +2.606200001e+02 +2.606200001e+02
105158 0 +1.024504854e-07 +2.606200001e+02 +2.606200001e+02
105161 0 +9.139790791e-08 +2.606200001e+02 +2.606200001e+02
105172 0 +8.764914128e-08 +2.606200001e+02 +2.606200001e+02
105189 0 +6.546383702e-08 +2.606200001e+02 +2.606200001e+02
105193 0 +5.752553989e-08 +2.606200001e+02 +2.606200001e+02
105284 0 +5.399192560e-08 +2.606200001e+02 +2.606200001e+02
105298 0 +4.781566076e-08 +2.606200000e+02 +2.606200000e+02
105301 0 +4.428136435e-08 +2.606200000e+02 +2.606200000e+02
105312 0 +3.935446102e-08 +2.606200000e+02 +2.606200000e+02
105323 0 +3.488878519e-08 +2.606200000e+02 +2.606200000e+02
105325 0 +3.126922365e-08 +2.606200000e+02 +2.606200000e+02
105339 0 +2.497330343e-08 +2.606200000e+02 +2.606200000e+02
105346 0 +2.134453325e-08 +2.606200000e+02 +2.606200000e+02
105351 0 +1.804073690e-08 +2.606200000e+02 +2.606200000e+02
105360 0 +1.423995855e-08 +2.606200000e+02 +2.606200000e+02
105361 0 +1.365452817e-08 +2.606200000e+02 +2.606200000e+02
105454 0 +1.230642965e-08 +2.606200000e+02 +2.606200000e+02
105466 0 +1.077455636e-08 +2.606200000e+02 +2.606200000e+02
105482 0 +9.969767234e-09 +2.606200000e+02 +2.606200000e+02
106473 0 +9.094947018e-13 +2.606200000e+02 +2.606200000e+02
400000 0 +3.979039320e-13 +2.606200000e+02 +2.606200000e+02
% f evaluations | g evaluations | best noise-free fitness - Fopt (-3.553300000000e+02) + sum g_i+ | measured fitness | best measured fitness or single-digit g-values | x1 | x2...
1 0 +1.893329581e+02 -1.659970419e+02 -1.659970419e+02
2 0 +1.812419291e+02 -1.740880709e+02 -1.740880709e+02
4 0 +1.767217625e+02 -1.786082375e+02 -1.786082375e+02
2104 0 +1.583495603e+02 -1.969804397e+02 -1.969804397e+02
83292 0 +1.407447824e+02 -2.145852176e+02 -2.145852176e+02
102819 0 +1.211861223e+02 -2.341438777e+02 -2.341438777e+02
102827 0 +1.083970666e+02 -2.469329334e+02 -2.469329334e+02
102837 0 +9.784946990e+01 -2.574805301e+02 -2.574805301e+02
102848 0 +8.729802162e+01 -2.680319784e+02 -2.680319784e+02
102856 0 +7.804501564e+01 -2.772849844e+02 -2.772849844e+02
102866 0 +6.925544814e+01 -2.860745519e+02 -2.860745519e+02
102869 0 +6.205687664e+01 -2.932731234e+02 -2.932731234e+02
102876 0 +5.229686020e+01 -3.030331398e+02 -3.030331398e+02
102878 0 +4.667146010e+01 -3.086585399e+02 -3.086585399e+02
102887 0 +4.310088774e+01 -3.122291123e+02 -3.122291123e+02
102899 0 +3.737981859e+01 -3.179501814e+02 -3.179501814e+02
102905 0 +3.268146550e+01 -3.226485345e+02 -3.226485345e+02
102907 0 +3.059855491e+01 -3.247314451e+02 -3.247314451e+02
102925 0 +2.604338947e+01 -3.292866105e+02 -3.292866105e+02
102928 0 +2.497264226e+01 -3.303573577e+02 -3.303573577e+02
102936 0 +2.206299690e+01 -3.332670031e+02 -3.332670031e+02
102946 0 +1.952838529e+01 -3.358016147e+02 -3.358016147e+02
102949 0 +1.633500849e+01 -3.389949915e+02 -3.389949915e+02
102953 0 +1.480147601e+01 -3.405285240e+02 -3.405285240e+02
102956 0 +1.258278411e+01 -3.427472159e+02 -3.427472159e+02
102958 0 +8.959981359e+00 -3.463700186e+02 -3.463700186e+02
102967 0 +8.745487854e+00 -3.465845121e+02 -3.465845121e+02
102979 0 +7.568815815e+00 -3.477611842e+02 -3.477611842e+02
102985 0 +5.977429110e+00 -3.493525709e+02 -3.493525709e+02
103005 0 +4.933336296e+00 -3.503966637e+02 -3.503966637e+02
103036 0 +4.328235039e+00 -3.510017650e+02 -3.510017650e+02
103038 0 +2.708029639e+00 -3.526219704e+02 -3.526219704e+02
103128 0 +2.466465015e+00 -3.528635350e+02 -3.528635350e+02
103131 0 +2.157997231e+00 -3.531720028e+02 -3.531720028e+02
103148 0 +1.903109838e+00 -3.534268902e+02 -3.534268902e+02
103152 0 +1.687381303e+00 -3.536426187e+02 -3.536426187e+02
103156 0 +1.562628428e+00 -3.537673716e+02 -3.537673716e+02
103177 0 +1.406225223e+00 -3.539237748e+02 -3.539237748e+02
103186 0 +1.209538500e+00 -3.541204615e+02 -3.541204615e+02
103191 0 +1.100146462e+00 -3.542298535e+02 -3.542298535e+02
103195 0 +9.578690649e-01 -3.543721309e+02 -3.543721309e+02
103202 0 +8.744869210e-01 -3.544555131e+02 -3.544555131e+02
103295 0 +7.445763386e-01 -3.545854237e+02 -3.545854237e+02
103306 0 +7.043548438e-01 -3.546256452e+02 -3.546256452e+02
103320 0 +6.244229581e-01 -3.547055770e+02 -3.547055770e+02
103334 0 +5.103592662e-01 -3.548196407e+02 -3.548196407e+02
103335 0 +4.610187015e-01 -3.548689813e+02 -3.548689813e+02
103338 0 +4.029593266e-01 -3.549270407e+02 -3.549270407e+02
103339 0 +3.919682032e-01 -3.549380318e+02 -3.549380318e+02
103343 0 +3.218678963e-01 -3.550081321e+02 -3.550081321e+02
103349 0 +2.871973853e-01 -3.550428026e+02 -3.550428026e+02
103352 0 +2.514015805e-01 -3.550785984e+02 -3.550785984e+02
103357 0 +2.183847595e-01 -3.551116152e+02 -3.551116152e+02
103361 0 +1.679303179e-01 -3.551620697e+02 -3.551620697e+02
103447 0 +1.498105602e-01 -3.551801894e+02 -3.551801894e+02
103450 0 +1.346896185e-01 -3.551953104e+02 -3.551953104e+02
103478 0 +1.238595378e-01 -3.552061405e+02 -3.552061405e+02
103483 0 +1.089795998e-01 -3.552210204e+02 -3.552210204e+02
103491 0 +9.629538150e-02 -3.552337046e+02 -3.552337046e+02
103500 0 +8.614565135e-02 -3.552438543e+02 -3.552438543e+02
103501 0 +7.936038565e-02 -3.552506396e+02 -3.552506396e+02
103508 0 +6.720028357e-02 -3.552627997e+02 -3.552627997e+02
103516 0 +5.413830976e-02 -3.552758617e+02 -3.552758617e+02
103611 0 +5.008492600e-02 -3.552799151e+02 -3.552799151e+02
103621 0 +4.290662636e-02 -3.552870934e+02 -3.552870934e+02
103627 0 +3.962824332e-02 -3.552903718e+02 -3.552903718e+02
103637 0 +3.533088345e-02 -3.552946691e+02 -3.552946691e+02
103652 0 +3.131641269e-02 -3.552986836e+02 -3.552986836e+02
103670 0 +2.525238395e-02 -3.553047476e+02 -3.553047476e+02
103671 0 +2.246736628e-02 -3.553075326e+02 -3.553075326e+02
103674 0 +1.940376714e-02 -3.553105962e+02 -3.553105962e+02
103678 0 +1.592400354e-02 -3.553140760e+02 -3.553140760e+02
103764 0 +1.516349393e-02 -3.553148365e+02 -3.553148365e+02
103779 0 +1.386019297e-02 -3.553161398e+02 -3.553161398e+02
103788 0 +1.256589227e-02 -3.553174341e+02 -3.553174341e+02
103796 0 +1.104856727e-02 -3.553189514e+02 -3.553189514e+02
103801 0 +9.896197949e-03 -3.553201038e+02 -3.553201038e+02
103806 0 +8.727477323e-03 -3.553212725e+02 -3.553212725e+02
103809 0 +7.018479611e-03 -3.553229815e+02 -3.553229815e+02
103816 0 +5.814927800e-03 -3.553241851e+02 -3.553241851e+02
103819 0 +5.418868121e-03 -3.553245811e+02 -3.553245811e+02
103821 0 +4.700382435e-03 -3.553252996e+02 -3.553252996e+02
103824 0 +4.403099093e-03 -3.553255969e+02 -3.553255969e+02
103827 0 +3.793469678e-03 -3.553262065e+02 -3.553262065e+02
103842 0 +3.131344991e-03 -3.553268687e+02 -3.553268687e+02
103938 0 +2.811113965e-03 -3.553271889e+02 -3.553271889e+02
103947 0 +2.488217817e-03 -3.553275118e+02 -3.553275118e+02
103962 0 +2.054073070e-03 -3.553279459e+02 -3.553279459e+02
103965 0 +1.906936024e-03 -3.553280931e+02 -3.553280931e+02
103974 0 +1.681174266e-03 -3.553283188e+02 -3.553283188e+02
103983 0 +1.500776069e-03 -3.553284992e+02 -3.553284992e+02
103985 0 +1.387152394e-03 -3.553286128e+02 -3.553286128e+02
103996 0 +1.151506410e-03 -3.553288485e+02 -3.553288485e+02
103999 0 +9.231757424e-04 -3.553290768e+02 -3.553290768e+02
104085 0 +8.662714648e-04 -3.553291337e+02 -3.553291337e+02
104099 0 +7.548864685e-04 -3.553292451e+02 -3.553292451e+02
104108 0 +6.989981576e-04 -3.553293010e+02 -3.553293010e+02
104113 0 +6.077490659e-04 -3.553293923e+02 -3.553293923e+02
104135 0 +5.552058326e-04 -3.553294448e+02 -3.553294448e+02
104139 0 +4.752680820e-04 -3.553295247e+02 -3.553295247e+02
104148 0 +4.231013320e-04 -3.553295769e+02 -3.553295769e+02
104149 0 +3.785930232e-04 -3.553296214e+02 -3.553296214e+02
104151 0 +3.360379206e-04 -3.553296640e+02 -3.553296640e+02
104153 0 +2.911868641e-04 -3.553297088e+02 -3.553297088e+02
104161 0 +2.423460951e-04 -3.553297577e+02 -3.553297577e+02
104254 0 +2.204834208e-04 -3.553297795e+02 -3.553297795e+02
104262 0 +1.974891856e-04 -3.553298025e+02 -3.553298025e+02
104271 0 +1.697901482e-04 -3.553298302e+02 -3.553298302e+02
104277 0 +1.538145141e-04 -3.553298462e+02 -3.553298462e+02
104286 0 +1.365931805e-04 -3.553298634e+02 -3.553298634e+02
104288 0 +1.250461060e-04 -3.553298750e+02 -3.553298750e+02
104294 0 +9.916287718e-05 -3.553299008e+02 -3.553299008e+02
104301 0 +7.748264596e-05 -3.553299225e+02 -3.553299225e+02
104303 0 +6.880724777e-05 -3.553299312e+02 -3.553299312e+02
104305 0 +5.567993452e-05 -3.553299443e+02 -3.553299443e+02
104317 0 +4.398608013e-05 -3.553299560e+02 -3.553299560e+02
104410 0 +3.812946409e-05 -3.553299619e+02 -3.553299619e+02
104413 0 +3.369554412e-05 -3.553299663e+02 -3.553299663e+02
104425 0 +3.089491224e-05 -3.553299691e+02 -3.553299691e+02
104434 0 +2.801633235e-05 -3.553299720e+02 -3.553299720e+02
104436 0 +2.459896649e-05 -3.553299754e+02 -3.553299754e+02
104441 0 +2.111814069e-05 -3.553299789e+02 -3.553299789e+02
104460 0 +1.818467041e-05 -3.553299818e+02 -3.553299818e+02
104467 0 +1.445969383e-05 -3.553299855e+02 -3.553299855e+02
104472 0 +1.330763877e-05 -3.553299867e+02 -3.553299867e+02
104475 0 +1.113980807e-05 -3.553299889e+02 -3.553299889e+02
104588 0 +9.924149879e-06 -3.553299901e+02 -3.553299901e+02
104599 0 +8.873619777e-06 -3.553299911e+02 -3.553299911e+02
104615 0 +7.425758213e-06 -3.553299926e+02 -3.553299926e+02
104618 0 +6.945665803e-06 -3.553299931e+02 -3.553299931e+02
104624 0 +6.249776902e-06 -3.553299938e+02 -3.553299938e+02
104629 0 +5.460802413e-06 -3.553299945e+02 -3.553299945e+02
104631 0 +4.915978764e-06 -3.553299951e+02 -3.553299951e+02
104633 0 +4.084160821e-06 -3.553299959e+02 -3.553299959e+02
104642 0 +3.451841394e-06 -3.553299965e+02 -3.553299965e+02
104732 0 +3.036390126e-06 -3.553299970e+02 -3.553299970e+02
104735 0 +2.814948971e-06 -3.553299972e+02 -3.553299972e+02
104750 0 +2.457299161e-06 -3.553299975e+02 -3.553299975e+02
104767 0 +2.044412383e-06 -3.553299980e+02 -3.553299980e+02
104769 0 +1.829139137e-06 -3.553299982e+02 -3.553299982e+02
104771 0 +1.674695341e-06 -3.553299983e+02 -3.553299983e+02
104779 0 +1.454468077e-06 -3.553299985e+02 -3.553299985e+02
104796 0 +1.188510339e-06 -3.553299988e+02 -3.553299988e+02
104798 0 +9.791447155e-07 -3.553299990e+02 -3.553299990e+02
104799 0 +7.669293609e-07 -3.553299992e+02 -3.553299992e+02
104887 0 +6.940313142e-07 -3.553299993e+02 -3.553299993e+02
104898 0 +5.875535862e-07 -3.553299994e+02 -3.553299994e+02
104901 0 +5.500373277e-07 -3.553299994e+02 -3.553299994e+02
104905 0 +4.983685926e-07 -3.553299995e+02 -3.553299995e+02
104926 0 +4.241888405e-07 -3.553299996e+02 -3.553299996e+02
104933 0 +3.883330351e-07 -3.553299996e+02 -3.553299996e+02
104937 0 +3.293099553e-07 -3.553299997e+02 -3.553299997e+02
104942 0 +2.726844741e-07 -3.553299997e+02 -3.553299997e+02
104945 0 +2.230201517e-07 -3.553299998e+02 -3.553299998e+02
104952 0 +1.801798817e-07 -3.553299998e+02 -3.553299998e+02
104961 0 +1.459571877e-07 -3.553299999e+02 -3.553299999e+02
105050 0 +1.335888555e-07 -3.553299999e+02 -3.553299999e+02
105051 0 +1.231369993e-07 -3.553299999e+02 -3.553299999e+02
105072 0 +1.016198894e-07 -3.553299999e+02 -3.553299999e+02
105075 0 +9.117712807e-08 -3.553299999e+02 -3.553299999e+02
105082 0 +8.326418310e-08 -3.553299999e+02 -3.553299999e+02
105092 0 +7.648492328e-08 -3.553299999e+02 -3.553299999e+02
105104 0 +5.954547078e-08 -3.553299999e+02 -3.553299999e+02
105110 0 +5.372368150e-08 -3.553299999e+02 -3.553299999e+02
105207 0 +4.768190820e-08 -3.553300000e+02 -3.553300000e+02
105215 0 +4.428363809e-08 -3.553300000e+02 -3.553300000e+02
105228 0 +3.928494152e-08 -3.553300000e+02 -3.553300000e+02
105234 0 +3.534614734e-08 -3.553300000e+02 -3.553300000e+02
105244 0 +2.824560852e-08 -3.553300000e+02 -3.553300000e+02
105246 0 +2.482977379e-08 -3.553300000e+02 -3.553300000e+02
105254 0 +2.194855142e-08 -3.553300000e+02 -3.553300000e+02
105269 0 +1.963434215e-08 -3.553300000e+02 -3.553300000e+02
105273 0 +1.565706498e-08 -3.553300000e+02 -3.553300000e+02
105282 0 +1.302231567e-08 -3.553300000e+02 -3.553300000e+02
105366 0 +1.242949565e-08 -3.553300000e+02 -3.553300000e+02
105379 0 +1.052040943e-08 -3.553300000e+02 -3.553300000e+02
105390 0 +9.305551885e-09 -3.553300000e+02 -3.553300000e+02
106477 0 +9.663381206e-13 -3.553300000e+02 -3.553300000e+02
400000 0 +4.547473509e-13 -3.553300000e+02 -3.553300000e+02
% f evaluations | g evaluations | best noise-free fitness - Fopt (2.257700000000e+02) + sum g_i+ | measured fitness | best measured fitness or single-digit g-values | x1 | x2...
1 0 +2.493708928e+02 +4.751408928e+02 +4.751408928e+02
84 0 +2.489535659e+02 +4.747235659e+02 +4.747235659e+02
592 0 +2.214416556e+02 +4.472116556e+02 +4.472116556e+02
62274 0 +1.989046229e+02 +4.246746229e+02 +4.246746229e+02
102822 0 +1.766329635e+02 +4.024029635e+02 +4.024029635e+02
102836 0 +1.538708301e+02 +3.796408301e+02 +3.796408301e+02
102848 0 +1.394954147e+02 +3.652654147e+02 +3.652654147e+02
102855 0 +1.247588515e+02 +3.505288515e+02 +3.505288515e+02
102864 0 +1.098541793e+02 +3.356241793e+02 +3.356241793e+02
102869 0 +9.636577666e+01 +3.221357767e+02 +3.221357767e+02
102876 0 +8.845015669e+01 +3.142201567e+02 +3.142201567e+02
102879 0 +7.871073692e+01 +3.044807369e+02 +3.044807369e+02
102891 0 +6.955879652e+01 +2.953287965e+02 +2.953287965e+02
102905 0 +6.287104767e+01 +2.886410477e+02 +2.886410477e+02
102916 0 +5.421761412e+01 +2.799876141e+02 +2.799876141e+02
102926 0 +4.960126161e+01 +2.753712616e+02 +2.753712616e+02
102934 0 +4.303038857e+01 +2.688003886e+02 +2.688003886e+02
102940 0 +3.913415583e+01 +2.649041558e+02 +2.649041558e+02
102941 0 +3.506466330e+01 +2.608346633e+02 +2.608346633e+02
102948 0 +2.866635483e+01 +2.544363548e+02 +2.544363548e+02
102949 0 +2.672624365e+01 +2.524962436e+02 +2.524962436e+02
102956 0 +2.393749690e+01 +2.497074969e+02 +2.497074969e+02
102957 0 +2.022663703e+01 +2.459966370e+02 +2.459966370e+02
102959 0 +1.820327184e+01 +2.439732718e+02 +2.439732718e+02
102962 0 +1.760784499e+01 +2.433778450e+02 +2.433778450e+02
102971 0 +1.541100438e+01 +2.411810044e+02 +2.411810044e+02
102978 0 +1.410300151e+01 +2.398730015e+02 +2.398730015e+02
102996 0 +1.145736002e+01 +2.372273600e+02 +2.372273600e+02
102997 0 +1.064247704e+01 +2.364124770e+02 +2.364124770e+02
103014 0 +9.425733367e+00 +2.351957334e+02 +2.351957334e+02
103020 0 +8.532399494e+00 +2.343023995e+02 +2.343023995e+02
103021 0 +6.465504323e+00 +2.322355043e+02 +2.322355043e+02
103028 0 +4.329764493e+00 +2.300997645e+02 +2.300997645e+02
103037 0 +2.621501970e+00 +2.283915020e+02 +2.283915020e+02
103108 0 +2.403293841e+00 +2.281732938e+02 +2.281732938e+02
103214 0 +2.206841838e+00 +2.279768418e+02 +2.279768418e+02
103221 0 +1.966512243e+00 +2.277365122e+02 +2.277365122e+02
103230 0 +1.564520265e+00 +2.273345203e+02 +2.273345203e+02
103262 0 +1.346344504e+00 +2.271163445e+02 +2.271163445e+02
103267 0 +1.162591074e+00 +2.269325911e+02 +2.269325911e+02
103269 0 +9.435094911e-01 +2.267135095e+02 +2.267135095e+02
103277 0 +7.891633507e-01 +2.265591634e+02 +2.265591634e+02
103280 0 +5.492225987e-01 +2.263192226e+02 +2.263192226e+02
103378 0 +4.914353469e-01 +2.262614353e+02 +2.262614353e+02
103382 0 +4.448325316e-01 +2.262148325e+02 +2.262148325e+02
103396 0 +3.795700590e-01 +2.261495701e+02 +2.261495701e+02
103410 0 +3.270171086e-01 +2.260970171e+02 +2.260970171e+02
103425 0 +2.893823927e-01 +2.260593824e+02 +2.260593824e+02
103433 0 +2.523956686e-01 +2.260223957e+02 +2.260223957e+02
103438 0 +2.413931284e-01 +2.260113931e+02 +2.260113931e+02
103441 0 +2.025063390e-01 +2.259725063e+02 +2.259725063e+02
103527 0 +1.854409900e-01 +2.259554410e+02 +2.259554410e+02
103532 0 +1.766430091e-01 +2.259466430e+02 +2.259466430e+02
103537 0 +1.531735058e-01 +2.259231735e+02 +2.259231735e+02
103544 0 +1.382615337e-01 +2.259082615e+02 +2.259082615e+02
103545 0 +1.254129051e-01 +2.258954129e+02 +2.258954129e+02
103558 0 +1.103532206e-01 +2.258803532e+02 +2.258803532e+02
103567 0 +9.827510024e-02 +2.258682751e+02 +2.258682751e+02
103574 0 +8.698976770e-02 +2.258569898e+02 +2.258569898e+02
103596 0 +7.645634911e-02 +2.258464563e+02 +2.258464563e+02
103597 0 +6.631232742e-02 +2.258363123e+02 +2.258363123e+02
103686 0 +6.085896604e-02 +2.258308590e+02 +2.258308590e+02
103696 0 +5.621409467e-02 +2.258262141e+02 +2.258262141e+02
103713 0 +4.856918719e-02 +2.258185692e+02 +2.258185692e+02
103720 0 +4.318123019e-02 +2.258131812e+02 +2.258131812e+02
103728 0 +3.848517632e-02 +2.258084852e+02 +2.258084852e+02
103732 0 +3.362931237e-02 +2.258036293e+02 +2.258036293e+02
103739 0 +3.018236572e-02 +2.258001824e+02 +2.258001824e+02
103744 0 +2.730920580e-02 +2.257973092e+02 +2.257973092e+02
103746 0 +2.498391588e-02 +2.257949839e+02 +2.257949839e+02
103747 0 +2.157135184e-02 +2.257915714e+02 +2.257915714e+02
103751 0 +1.795893505e-02 +2.257879589e+02 +2.257879589e+02
103754 0 +1.547164721e-02 +2.257854716e+02 +2.257854716e+02
103762 0 +1.317054947e-02 +2.257831705e+02 +2.257831705e+02
103851 0 +1.243655247e-02 +2.257824366e+02 +2.257824366e+02
103859 0 +1.121748934e-02 +2.257812175e+02 +2.257812175e+02
103863 0 +9.974433588e-03 +2.257799744e+02 +2.257799744e+02
103878 0 +7.984446674e-03 +2.257779844e+02 +2.257779844e+02
103881 0 +7.097498077e-03 +2.257770975e+02 +2.257770975e+02
103893 0 +6.985338997e-03 +2.257769853e+02 +2.257769853e+02
103902 0 +5.388557533e-03 +2.257753886e+02 +2.257753886e+02
103910 0 +4.413695359e-03 +2.257744137e+02 +2.257744137e+02
103916 0 +3.580277735e-03 +2.257735803e+02 +2.257735803e+02
103918 0 +3.182790942e-03 +2.257731828e+02 +2.257731828e+02
104003 0 +3.058403016e-03 +2.257730584e+02 +2.257730584e+02
104020 0 +2.787004481e-03 +2.257727870e+02 +2.257727870e+02
104034 0 +2.353552293e-03 +2.257723536e+02 +2.257723536e+02
104039 0 +2.167754157e-03 +2.257721678e+02 +2.257721678e+02
104047 0 +1.875021516e-03 +2.257718750e+02 +2.257718750e+02
104050 0 +1.722970941e-03 +2.257717230e+02 +2.257717230e+02
104054 0 +1.433863253e-03 +2.257714339e+02 +2.257714339e+02
104060 0 +1.409609508e-03 +2.257714096e+02 +2.257714096e+02
104065 0 +1.215653204e-03 +2.257712157e+02 +2.257712157e+02
104073 0 +1.104102108e-03 +2.257711041e+02 +2.257711041e+02
104079 0 +9.783480954e-04 +2.257709783e+02 +2.257709783e+02
104081 0 +7.480429209e-04 +2.257707480e+02 +2.257707480e+02
104165 0 +6.974195806e-04 +2.257706974e+02 +2.257706974e+02
104183 0 +6.167295175e-04 +2.257706167e+02 +2.257706167e+02
104190 0 +5.151511007e-04 +2.257705152e+02 +2.257705152e+02
104192 0 +4.593600348e-04 +2.257704594e+02 +2.257704594e+02
104195 0 +4.208927592e-04 +2.257704209e+02 +2.257704209e+02
104206 0 +3.851268814e-04 +2.257703851e+02 +2.257703851e+02
104219 0 +3.101954278e-04 +2.257703102e+02 +2.257703102e+02
104224 0 +2.700338712e-04 +2.257702700e+02 +2.257702700e+02
104238 0 +2.252072780e-04 +2.257702252e+02 +2.257702252e+02
104240 0 +2.041127192e-04 +2.257702041e+02 +2.257702041e+02
104324 0 +1.893738849e-04 +2.257701894e+02 +2.257701894e+02
104332 0 +1.657812631e-04 +2.257701658e+02 +2.257701658e+02
104333 0 +1.568836347e-04 +2.257701569e+02 +2.257701569e+02
104337 0 +1.410395237e-04 +2.257701410e+02 +2.257701410e+02
104346 0 +1.223958549e-04 +2.257701224e+02 +2.257701224e+02
104369 0 +1.110891170e-04 +2.257701111e+02 +2.257701111e+02
104378 0 +9.350385875e-05 +2.257700935e+02 +2.257700935e+02
104386 0 +8.568068671e-05 +2.257700857e+02 +2.257700857e+02
104387 0 +7.101730279e-05 +2.257700710e+02 +2.257700710e+02
104392 0 +6.761427292e-05 +2.257700676e+02 +2.257700676e+02
104393 0 +5.500510431e-05 +2.257700550e+02 +2.257700550e+02
104399 0 +4.750074444e-05 +2.257700475e+02 +2.257700475e+02
104495 0 +4.430962031e-05 +2.257700443e+02 +2.257700443e+02
104513 0 +3.944978019e-05 +2.257700394e+02 +2.257700394e+02
104520 0 +3.409485279e-05 +2.257700341e+02 +2.257700341e+02
104524 0 +3.015650185e-05 +2.257700302e+02 +2.257700302e+02
104525 0 +2.763901733e-05 +2.257700276e+02 +2.257700276e+02
104533 0 +2.444872615e-05 +2.257700244e+02 +2.257700244e+02
104551 0 +2.091202495e-05 +2.257700209e+02 +2.257700209e+02
104556 0 +1.847889064e-05 +2.257700185e+02 +2.257700185e+02
104557 0 +1.658425592e-05 +2.257700166e+02 +2.257700166e+02
104560 0 +1.513026754e-05 +2.257700151e+02 +2.257700151e+02
104649 0 +1.400705915e-05 +2.257700140e+02 +2.257700140e+02
104658 0 +1.196915190e-05 +2.257700120e+02 +2.257700120e+02
104664 0 +1.070830527e-05 +2.257700107e+02 +2.257700107e+02
104667 0 +9.675845661e-06 +2.257700097e+02 +2.257700097e+02
104674 0 +8.455902730e-06 +2.257700085e+02 +2.257700085e+02
104690 0 +7.146666547e-06 +2.257700071e+02 +2.257700071e+02
104692 0 +6.757873194e-06 +2.257700068e+02 +2.257700068e+02
104697 0 +5.794630539e-06 +2.257700058e+02 +2.257700058e+02
104700 0 +5.233684362e-06 +2.257700052e+02 +2.257700052e+02
104701 0 +4.512181278e-06 +2.257700045e+02 +2.257700045e+02
104704 0 +4.266550860e-06 +2.257700043e+02 +2.257700043e+02
104705 0 +3.357605380e-06 +2.257700034e+02 +2.257700034e+02
104719 0 +3.122091243e-06 +2.257700031e+02 +2.257700031e+02
104826 0 +2.803104138e-06 +2.257700028e+02 +2.257700028e+02
104836 0 +2.484048196e-06 +2.257700025e+02 +2.257700025e+02
104842 0 +2.189814467e-06 +2.257700022e+02 +2.257700022e+02
104843 0 +1.993096959e-06 +2.257700020e+02 +2.257700020e+02
104855 0 +1.632660513e-06 +2.257700016e+02 +2.257700016e+02
104863 0 +1.516747517e-06 +2.257700015e+02 +2.257700015e+02
104872 0 +1.330097007e-06 +2.257700013e+02 +2.257700013e+02
104874 0 +1.235145618e-06 +2.257700012e+02 +2.257700012e+02
104877 0 +8.923140911e-07 +2.257700009e+02 +2.257700009e+02
104880 0 +7.675452025e-07 +2.257700008e+02 +2.257700008e+02
104882 0 +5.640074789e-07 +2.257700006e+02 +2.257700006e+02
104966 0 +5.345714555e-07 +2.257700005e+02 +2.257700005e+02
104967 0 +4.804503817e-07 +2.257700005e+02 +2.257700005e+02
104977 0 +4.394658220e-07 +2.257700004e+02 +2.257700004e+02
104994 0 +3.418831795e-07 +2.257700003e+02 +2.257700003e+02
104997 0 +3.161217705e-07 +2.257700003e+02 +2.257700003e+02
105012 0 +2.623301896e-07 +2.257700003e+02 +2.257700003e+02
105014 0 +2.433422139e-07 +2.257700002e+02 +2.257700002e+02
105019 0 +2.045326255e-07 +2.257700002e+02 +2.257700002e+02
105033 0 +1.906007014e-07 +2.257700002e+02 +2.257700002e+02
105130 0 +1.741177584e-07 +2.257700002e+02 +2.257700002e+02
105138 0 +1.565099126e-07 +2.257700002e+02 +2.257700002e+02
105151 0 +1.356208656e-07 +2.257700001e+02 +2.257700001e+02
105166 0 +1.225400297e-07 +2.257700001e+02 +2.257700001e+02
105182 0 +9.885542340e-08 +2.257700001e+02 +2.257700001e+02
105183 0 +8.479767644e-08 +2.257700001e+02 +2.257700001e+02
105194 0 +7.167517424e-08 +2.257700001e+02 +2.257700001e+02
105195 0 +5.962044725e-08 +2.257700001e+02 +2.257700001e+02
105199 0 +4.605112736e-08 +2.257700000e+02 +2.257700000e+02
105284 0 +4.329464787e-08 +2.257700000e+02 +2.257700000e+02
105286 0 +3.966579243e-08 +2.257700000e+02 +2.257700000e+02
105301 0 +3.389911285e-08 +2.257700000e+02 +2.257700000e+02
105305 0 +3.050027431e-08 +2.257700000e+02 +2.257700000e+02
105317 0 +2.779003694e-08 +2.257700000e+02 +2.257700000e+02
105324 0 +2.466779847e-08 +2.257700000e+02 +2.257700000e+02
105331 0 +2.078883199e-08 +2.257700000e+02 +2.257700000e+02
105334 0 +1.977198849e-08 +2.257700000e+02 +2.257700000e+02
105347 0 +1.670645133e-08 +2.257700000e+02 +2.257700000e+02
105349 0 +1.463860144e-08 +2.257700000e+02 +2.257700000e+02
105351 0 +1.185901510e-08 +2.257700000e+02 +2.257700000e+02
105361 0 +1.119033755e-08 +2.257700000e+02 +2.257700000e+02
105456 0 +9.383114730e-09 +2.257700000e+02 +2.257700000e+02
106468 0 +9.947598301e-13 +2.257700000e+02 +2.257700000e+02
400000 0 +1.705302566e-13 +2.257700000e+02 +2.257700000e+02
% f evaluations | g evaluations | best noise-free fitness - Fopt (1.004400000000e+02) + sum g_i+ | measured fitness | best measured fitness or single-digit g-values | x1 | x2...
1 0 +2.592395834e+02 +3.596795834e+02 +3.596795834e+02
25 0 +2.580874313e+02 +3.585274313e+02 +3.585274313e+02
64 0 +2.476519204e+02 +3.480919204e+02 +3.480919204e+02
641 0 +2.206951557e+02 +3.211351557e+02 +3.211351557e+02
102810 0 +1.977035150e+02 +2.981435150e+02 +2.981435150e+02
102824 0 +1.773506255e+02 +2.777906255e+02 +2.777906255e+02
102837 0 +1.575023824e+02 +2.579423824e+02 +2.579423824e+02
102848 0 +1.380017779e+02 +2.384417779e+02 +2.384417779e+02
102856 0 +1.228595024e+02 +2.232995024e+02 +2.232995024e+02
102866 0 +1.115022990e+02 +2.119422990e+02 +2.119422990e+02
102874 0 +9.871580079e+01 +1.991558008e+02 +1.991558008e+02
102881 0 +8.392480229e+01 +1.843648023e+02 +1.843648023e+02
102890 0 +7.759373743e+01 +1.780337374e+02 +1.780337374e+02
102899 0 +7.021224378e+01 +1.706522438e+02 +1.706522438e+02
102910 0 +6.184894583e+01 +1.622889458e+02 +1.622889458e+02
102919 0 +5.585535251e+01 +1.562953525e+02 +1.562953525e+02
102928 0 +4.875133362e+01 +1.491913336e+02 +1.491913336e+02
102932 0 +4.295466805e+01 +1.433946681e+02 +1.433946681e+02
102936 0 +3.961685017e+01 +1.400568502e+02 +1.400568502e+02
102946 0 +3.523061451e+01 +1.356706145e+02 +1.356706145e+02
102950 0 +3.028890355e+01 +1.307289036e+02 +1.307289036e+02
102959 0 +2.615926678e+01 +1.265992668e+02 +1.265992668e+02
102961 0 +2.207536491e+01 +1.225153649e+02 +1.225153649e+02
102978 0 +1.864607722e+01 +1.190860772e+02 +1.190860772e+02
102979 0 +1.760353978e+01 +1.180435398e+02 +1.180435398e+02
102987 0 +1.495866967e+01 +1.153986697e+02 +1.153986697e+02
102997 0 +1.286373980e+01 +1.133037398e+02 +1.133037398e+02
102999 0 +1.248273828e+01 +1.129227383e+02 +1.129227383e+02
103009 0 +1.005409972e+01 +1.104940997e+02 +1.104940997e+02
103012 0 +9.921259180e+00 +1.103612592e+02 +1.103612592e+02
103016 0 +8.586038652e+00 +1.090260387e+02 +1.090260387e+02
103030 0 +7.649522404e+00 +1.080895224e+02 +1.080895224e+02
103039 0 +6.488815083e+00 +1.069288151e+02 +1.069288151e+02
103041 0 +4.407510566e+00 +1.048475106e+02 +1.048475106e+02
103067 0 +3.765237812e+00 +1.042052378e+02 +1.042052378e+02
103205 0 +3.535342236e+00 +1.039753422e+02 +1.039753422e+02
103232 0 +3.101562924e+00 +1.035415629e+02 +1.035415629e+02
103242 0 +2.611343171e+00 +1.030513432e+02 +1.030513432e+02
103247 0 +2.373067526e+00 +1.028130675e+02 +1.028130675e+02
103251 0 +2.110821969e+00 +1.025508220e+02 +1.025508220e+02
103254 0 +1.926464657e+00 +1.023664647e+02 +1.023664647e+02
103260 0 +1.733301633e+00 +1.021733016e+02 +1.021733016e+02
103267 0 +1.549441581e+00 +1.019894416e+02 +1.019894416e+02
103271 0 +1.307748820e+00 +1.017477488e+02 +1.017477488e+02
103274 0 +1.148857155e+00 +1.015888572e+02 +1.015888572e+02
103282 0 +9.378860686e-01 +1.013778861e+02 +1.013778861e+02
103364 0 +8.859929757e-01 +1.013259930e+02 +1.013259930e+02
103376 0 +7.791820901e-01 +1.012191821e+02 +1.012191821e+02
103381 0 +6.965341806e-01 +1.011365342e+02 +1.011365342e+02
103390 0 +5.747253614e-01 +1.010147254e+02 +1.010147254e+02
103393 0 +5.135290859e-01 +1.009535291e+02 +1.009535291e+02
103398 0 +4.773101876e-01 +1.009173102e+02 +1.009173102e+02
103399 0 +4.446409748e-01 +1.008846410e+02 +1.008846410e+02
103406 0 +3.807938520e-01 +1.008207939e+02 +1.008207939e+02
103416 0 +3.364839670e-01 +1.007764840e+02 +1.007764840e+02
103421 0 +2.956471740e-01 +1.007356472e+02 +1.007356472e+02
103428 0 +2.624148653e-01 +1.007024149e+02 +1.007024149e+02
103429 0 +2.135500455e-01 +1.006535500e+02 +1.006535500e+02
103435 0 +1.725394483e-01 +1.006125394e+02 +1.006125394e+02
103530 0 +1.528858515e-01 +1.005928859e+02 +1.005928859e+02
103533 0 +1.384599329e-01 +1.005784599e+02 +1.005784599e+02
103555 0 +1.181201528e-01 +1.005581202e+02 +1.005581202e+02
103569 0 +1.118008775e-01 +1.005518009e+02 +1.005518009e+02
103577 0 +9.295093131e-02 +1.005329509e+02 +1.005329509e+02
103586 0 +7.758718743e-02 +1.005175872e+02 +1.005175872e+02
103593 0 +7.037422810e-02 +1.005103742e+02 +1.005103742e+02
103694 0 +6.219297925e-02 +1.005021930e+02 +1.005021930e+02
103706 0 +5.599052031e-02 +1.004959905e+02 +1.004959905e+02
103720 0 +4.686210491e-02 +1.004868621e+02 +1.004868621e+02
103723 0 +4.316020888e-02 +1.004831602e+02 +1.004831602e+02
103725 0 +3.977480174e-02 +1.004797748e+02 +1.004797748e+02
103730 0 +3.490236656e-02 +1.004749024e+02 +1.004749024e+02
103731 0 +3.147093123e-02 +1.004714709e+02 +1.004714709e+02
103734 0 +2.798288202e-02 +1.004679829e+02 +1.004679829e+02
103739 0 +2.343549841e-02 +1.004634355e+02 +1.004634355e+02
103742 0 +2.191072780e-02 +1.004619107e+02 +1.004619107e+02
103747 0 +1.834406212e-02 +1.004583441e+02 +1.004583441e+02
103756 0 +1.655789925e-02 +1.004565579e+02 +1.004565579e+02
103760 0 +1.478697062e-02 +1.004547870e+02 +1.004547870e+02
103761 0 +1.377909579e-02 +1.004537791e+02 +1.004537791e+02
103850 0 +1.209907350e-02 +1.004520991e+02 +1.004520991e+02
103853 0 +1.117379520e-02 +1.004511738e+02 +1.004511738e+02
103857 0 +9.810573756e-03 +1.004498106e+02 +1.004498106e+02
103874 0 +8.432135920e-03 +1.004484321e+02 +1.004484321e+02
103876 0 +7.470852196e-03 +1.004474709e+02 +1.004474709e+02
103881 0 +6.646087391e-03 +1.004466461e+02 +1.004466461e+02
103901 0 +6.102393158e-03 +1.004461024e+02 +1.004461024e+02
103910 0 +5.152167900e-03 +1.004451522e+02 +1.004451522e+02
103913 0 +4.326758807e-03 +1.004443268e+02 +1.004443268e+02
103917 0 +3.435218825e-03 +1.004434352e+02 +1.004434352e+02
103922 0 +2.868959078e-03 +1.004428690e+02 +1.004428690e+02
104004 0 +2.803590672e-03 +1.004428036e+02 +1.004428036e+02
104014 0 +2.474795437e-03 +1.004424748e+02 +1.004424748e+02
104027 0 +2.232533951e-03 +1.004422325e+02 +1.004422325e+02
104050 0 +1.850627741e-03 +1.004418506e+02 +1.004418506e+02
104056 0 +1.766710188e-03 +1.004417667e+02 +1.004417667e+02
104058 0 +1.536503825e-03 +1.004415365e+02 +1.004415365e+02
104062 0 +1.399768856e-03 +1.004413998e+02 +1.004413998e+02
104072 0 +1.236778010e-03 +1.004412368e+02 +1.004412368e+02
104076 0 +1.110905801e-03 +1.004411109e+02 +1.004411109e+02
104080 0 +9.126313288e-04 +1.004409126e+02 +1.004409126e+02
104163 0 +8.766900870e-04 +1.004408767e+02 +1.004408767e+02
104173 0 +7.919407811e-04 +1.004407919e+02 +1.004407919e+02
104186 0 +6.772574743e-04 +1.004406773e+02 +1.004406773e+02
104188 0 +6.225164015e-04 +1.004406225e+02 +1.004406225e+02
104191 0 +5.584810501e-04 +1.004405585e+02 +1.004405585e+02
104197 0 +4.728733369e-04 +1.004404729e+02 +1.004404729e+02
104207 0 +4.074315412e-04 +1.004404074e+02 +1.004404074e+02
104215 0 +3.882758966e-04 +1.004403883e+02 +1.004403883e+02
104231 0 +3.162405825e-04 +1.004403162e+02 +1.004403162e+02
104238 0 +2.964895766e-04 +1.004402965e+02 +1.004402965e+02
104242 0 +2.391306672e-04 +1.004402391e+02 +1.004402391e+02
104334 0 +2.193274029e-04 +1.004402193e+02 +1.004402193e+02
104340 0 +1.947350474e-04 +1.004401947e+02 +1.004401947e+02
104344 0 +1.742859733e-04 +1.004401743e+02 +1.004401743e+02
104365 0 +1.466506370e-04 +1.004401467e+02 +1.004401467e+02
104372 0 +1.319362661e-04 +1.004401319e+02 +1.004401319e+02
104373 0 +1.207602622e-04 +1.004401208e+02 +1.004401208e+02
104379 0 +1.115636817e-04 +1.004401116e+02 +1.004401116e+02
104381 0 +9.991160799e-05 +1.004400999e+02 +1.004400999e+02
104383 0 +8.850114220e-05 +1.004400885e+02 +1.004400885e+02
104389 0 +6.737751684e-05 +1.004400674e+02 +1.004400674e+02
104395 0 +4.923565270e-05 +1.004400492e+02 +1.004400492e+02
104397 0 +4.383255036e-05 +1.004400438e+02 +1.004400438e+02
104486 0 +3.907842706e-05 +1.004400391e+02 +1.004400391e+02
104492 0 +3.492626328e-05 +1.004400349e+02 +1.004400349e+02
104510 0 +3.073681997e-05 +1.004400307e+02 +1.004400307e+02
104517 0 +2.537359113e-05 +1.004400254e+02 +1.004400254e+02
104520 0 +2.468517705e-05 +1.004400247e+02 +1.004400247e+02
104524 0 +2.006790362e-05 +1.004400201e+02 +1.004400201e+02
104535 0 +1.909864378e-05 +1.004400191e+02 +1.004400191e+02
104540 0 +1.702689120e-05 +1.004400170e+02 +1.004400170e+02
104547 0 +1.575894186e-05 +1.004400158e+02 +1.004400158e+02
104553 0 +1.382634076e-05 +1.004400138e+02 +1.004400138e+02
104559 0 +1.075499041e-05 +1.004400108e+02 +1.004400108e+02
104650 0 +9.866924259e-06 +1.004400099e+02 +1.004400099e+02
104660 0 +8.268161082e-06 +1.004400083e+02 +1.004400083e+02
104661 0 +7.331694363e-06 +1.004400073e+02 +1.004400073e+02
104669 0 +6.936426416e-06 +1.004400069e+02 +1.004400069e+02
104679 0 +6.295568937e-06 +1.004400063e+02 +1.004400063e+02
104706 0 +5.068534975e-06 +1.004400051e+02 +1.004400051e+02
104708 0 +4.457829192e-06 +1.004400045e+02 +1.004400045e+02
104712 0 +3.832151677e-06 +1.004400038e+02 +1.004400038e+02
104717 0 +3.436288921e-06 +1.004400034e+02 +1.004400034e+02
104823 0 +3.125185557e-06 +1.004400031e+02 +1.004400031e+02
104831 0 +2.686494128e-06 +1.004400027e+02 +1.004400027e+02
104841 0 +2.368539668e-06 +1.004400024e+02 +1.004400024e+02
104853 0 +2.079892937e-06 +1.004400021e+02 +1.004400021e+02
104857 0 +1.869680588e-06 +1.004400019e+02 +1.004400019e+02
104859 0 +1.671434106e-06 +1.004400017e+02 +1.004400017e+02
104862 0 +1.456845865e-06 +1.004400015e+02 +1.004400015e+02
104863 0 +1.224178689e-06 +1.004400012e+02 +1.004400012e+02
104874 0 +9.911443328e-07 +1.004400010e+02 +1.004400010e+02
104880 0 +7.224754341e-07 +1.004400007e+02 +1.004400007e+02
104968 0 +6.970681738e-07 +1.004400007e+02 +1.004400007e+02
104986 0 +6.043493670e-07 +1.004400006e+02 +1.004400006e+02
104993 0 +5.374226220e-07 +1.004400005e+02 +1.004400005e+02
104996 0 +4.876500270e-07 +1.004400005e+02 +1.004400005e+02
105004 0 +4.190730323e-07 +1.004400004e+02 +1.004400004e+02
105005 0 +3.845598542e-07 +1.004400004e+02 +1.004400004e+02
105016 0 +3.266711701e-07 +1.004400003e+02 +1.004400003e+02
105025 0 +3.139113147e-07 +1.004400003e+02 +1.004400003e+02
105031 0 +2.649148314e-07 +1.004400003e+02 +1.004400003e+02
105037 0 +2.256311973e-07 +1.004400002e+02 +1.004400002e+02
105041 0 +1.679535018e-07 +1.004400002e+02 +1.004400002e+02
105123 0 +1.564262249e-07 +1.004400002e+02 +1.004400002e+02
105127 0 +1.380112735e-07 +1.004400001e+02 +1.004400001e+02
105133 0 +1.257267002e-07 +1.004400001e+02 +1.004400001e+02
105139 0 +1.087866366e-07 +1.004400001e+02 +1.004400001e+02
105148 0 +9.907235210e-08 +1.004400001e+02 +1.004400001e+02
105169 0 +7.902946209e-08 +1.004400001e+02 +1.004400001e+02
105186 0 +6.777706574e-08 +1.004400001e+02 +1.004400001e+02
105192 0 +6.243428174e-08 +1.004400001e+02 +1.004400001e+02
105196 0 +4.889099614e-08 +1.004400000e+02 +1.004400000e+02
105292 0 +4.442512136e-08 +1.004400000e+02 +1.004400000e+02
105298 0 +3.970629336e-08 +1.004400000e+02 +1.004400000e+02
105310 0 +3.487450329e-08 +1.004400000e+02 +1.004400000e+02
105317 0 +3.002708127e-08 +1.004400000e+02 +1.004400000e+02
105320 0 +2.716477354e-08 +1.004400000e+02 +1.004400000e+02
105326 0 +2.396411958e-08 +1.004400000e+02 +1.004400000e+02
105332 0 +2.158989787e-08 +1.004400000e+02 +1.004400000e+02
105340 0 +1.928614779e-08 +1.004400000e+02 +1.004400000e+02
105347 0 +1.642385428e-08 +1.004400000e+02 +1.004400000e+02
105350 0 +1.363125079e-08 +1.004400000e+02 +1.004400000e+02
105351 0 +1.170468522e-08 +1.004400000e+02 +1.004400000e+02
105358 0 +1.033521357e-08 +1.004400000e+02 +1.004400000e+02
105447 0 +9.865217976e-09 +1.004400000e+02 +1.004400000e+02
106468 0 +9.663381206e-13 +1.004400000e+02 +1.004400000e+02
400000 0 +1.278976924e-13 +1.004400000e+02 +1.004400000e+02
