% f evaluations | g evaluations | best noise-free fitness - Fopt (-2.098800000000e+02) + sum g_i+ | measured fitness | best measured fitness or single-digit g-values | x1 | x2...
1 0 +5.697184145e+06 +5.696974265e+06 +5.696974265e+06
2 0 +3.398507497e+06 +3.398297617e+06 +3.398297617e+06
13880 0 +3.215772964e+06 +3.215563084e+06 +3.215563084e+06
15165 0 +3.012204226e+06 +3.011994346e+06 +3.011994346e+06
15714 0 +2.882498044e+06 +2.882288164e+06 +2.882288164e+06
15936 0 +2.795167535e+06 +2.794957655e+06 +2.794957655e+06
39749 0 +2.664230567e+06 +2.664020687e+06 +2.664020687e+06
59615 0 +2.589923371e+06 +2.589713491e+06 +2.589713491e+06
60189 0 +2.467044361e+06 +2.466834481e+06 +2.466834481e+06
60229 0 +2.358592047e+06 +2.358382167e+06 +2.358382167e+06
60309 0 +2.276980495e+06 +2.276770615e+06 +2.276770615e+06
80700 0 +2.151443885e+06 +2.151234005e+06 +2.151234005e+06
80728 0 +1.937678365e+06 +1.937468485e+06 +1.937468485e+06
80886 0 +1.888009110e+06 +1.887799230e+06 +1.887799230e+06
97591 0 +1.776701293e+06 +1.776491413e+06 +1.776491413e+06
100517 0 +1.687160509e+06 +1.686950629e+06 +1.686950629e+06
101777 0 +1.564193733e+06 +1.563983853e+06 +1.563983853e+06
101886 0 +1.489231395e+06 +1.489021515e+06 +1.489021515e+06
102862 0 +1.289388468e+06 +1.289178588e+06 +1.289178588e+06
102864 0 +1.178431510e+06 +1.178221630e+06 +1.178221630e+06
102868 0 +1.100223176e+06 +1.100013296e+06 +1.100013296e+06
102869 0 +1.033214575e+06 +1.033004695e+06 +1.033004695e+06
102874 0 +6.741610720e+05 +6.739511920e+05 +6.739511920e+05
102935 0 +6.287029904e+05 +6.284931104e+05 +6.284931104e+05
102937 0 +5.567544607e+05 +5.565445807e+05 +5.565445807e+05
102942 0 +4.372694366e+05 +4.370595566e+05 +4.370595566e+05
103017 0 +3.907447803e+05 +3.905349003e+05 +3.905349003e+05
103022 0 +3.022332910e+05 +3.020234110e+05 +3.020234110e+05
103088 0 +2.986925540e+05 +2.984826740e+05 +2.984826740e+05
103102 0 +2.757711105e+05 +2.755612305e+05 +2.755612305e+05
103281 0 +8.968043818e+04 +8.947055818e+04 +8.947055818e+04
103415 0 +8.910661310e+04 +8.889673310e+04 +8.889673310e+04
103436 0 +6.165147958e+04 +6.144159958e+04 +6.144159958e+04
103437 0 +5.546760859e+04 +5.525772859e+04 +5.525772859e+04
103439 0 +1.340331948e+04 +1.319343948e+04 +1.319343948e+04
103584 0 +1.229737888e+04 +1.208749888e+04 +1.208749888e+04
103593 0 +9.379173044e+03 +9.169293044e+03 +9.169293044e+03
103598 0 +5.425918890e+03 +5.216038890e+03 +5.216038890e+03
103745 0 +4.892570967e+03 +4.682690967e+03 +4.682690967e+03
103761 0 +8.936206859e+02 +6.837406859e+02 +6.837406859e+02
103893 0 +8.875515053e+02 +6.776715053e+02 +6.776715053e+02
103909 0 +7.586305526e+02 +5.487505526e+02 +5.487505526e+02
103911 0 +7.029280893e+02 +4.930480893e+02 +4.930480893e+02
103913 0 +4.958172695e+02 +2.859372695e+02 +2.859372695e+02
103917 0 +1.118285330e+02 -9.805146703e+01 -9.805146703e+01
104066 0 +9.527023280e+01 -1.146097672e+02 -1.146097672e+02
104072 0 +8.280808771e+01 -1.270719123e+02 -1.270719123e+02
104231 0 +7.745460779e+01 -1.324253922e+02 -1.324253922e+02
104235 0 +6.387998042e+01 -1.460000196e+02 -1.460000196e+02
104238 0 +5.481898618e+01 -1.550610138e+02 -1.550610138e+02
104240 0 +3.812385083e+01 -1.717561492e+02 -1.717561492e+02
104242 0 +2.538479689e+01 -1.844952031e+02 -1.844952031e+02
104378 0 +2.508139012e+01 -1.847986099e+02 -1.847986099e+02
104394 0 +2.042568075e+01 -1.894543193e+02 -1.894543193e+02
104397 0 +1.681510708e+01 -1.930648929e+02 -1.930648929e+02
104399 0 +1.336827931e+01 -1.965117207e+02 -1.965117207e+02
104401 0 +3.079750556e+00 -2.068002494e+02 -2.068002494e+02
104547 0 +2.815924506e+00 -2.070640755e+02 -2.070640755e+02
104556 0 +2.353051691e+00 -2.075269483e+02 -2.075269483e+02
104560 0 +1.472477918e+00 -2.084075221e+02 -2.084075221e+02
104708 0 +1.407881740e+00 -2.084721183e+02 -2.084721183e+02
104713 0 +1.136527316e+00 -2.087434727e+02 -2.087434727e+02
104715 0 +9.540820349e-01 -2.089259180e+02 -2.089259180e+02
104718 0 +6.728625961e-01 -2.092071374e+02 -2.092071374e+02
104719 0 +4.486750595e-01 -2.094313249e+02 -2.094313249e+02
104722 0 +3.892841110e-01 -2.094907159e+02 -2.094907159e+02
104869 0 +3.543597436e-01 -2.095256403e+02 -2.095256403e+02
104880 0 +2.974653491e-01 -2.095825347e+02 -2.095825347e+02
104881 0 +6.677663539e-02 -2.098132234e+02 -2.098132234e+02
105023 0 +6.174339691e-02 -2.098182566e+02 -2.098182566e+02
105032 0 +5.110383947e-02 -2.098288962e+02 -2.098288962e+02
105036 0 +3.922969852e-02 -2.098407703e+02 -2.098407703e+02
105037 0 +2.715867763e-02 -2.098528413e+02 -2.098528413e+02
105039 0 +9.927582785e-03 -2.098700724e+02 -2.098700724e+02
105198 0 +7.314106915e-03 -2.098726859e+02 -2.098726859e+02
105200 0 +4.476963226e-03 -2.098755230e+02 -2.098755230e+02
105327 0 +4.462099059e-03 -2.098755379e+02 -2.098755379e+02
105351 0 +3.973820604e-03 -2.098760262e+02 -2.098760262e+02
105353 0 +3.276338083e-03 -2.098767237e+02 -2.098767237e+02
105355 0 +2.762334893e-03 -2.098772377e+02 -2.098772377e+02
105357 0 +1.904780028e-03 -2.098780952e+02 -2.098780952e+02
105359 0 +6.774581012e-04 -2.098793225e+02 -2.098793225e+02
105512 0 +5.464019173e-04 -2.098794536e+02 -2.098794536e+02
105516 0 +4.622350914e-04 -2.098795378e+02 -2.098795378e+02
105518 0 +3.912955908e-04 -2.098796087e+02 -2.098796087e+02
105520 0 +2.926351150e-04 -2.098797074e+02 -2.098797074e+02
105669 0 +2.600389349e-04 -2.098797400e+02 -2.098797400e+02
105675 0 +2.299386663e-04 -2.098797701e+02 -2.098797701e+02
105677 0 +1.520165331e-04 -2.098798480e+02 -2.098798480e+02
105679 0 +3.928173882e-05 -2.098799607e+02 -2.098799607e+02
105828 0 +3.519255313e-05 -2.098799648e+02 -2.098799648e+02
105834 0 +2.273496250e-05 -2.098799773e+02 -2.098799773e+02
105836 0 +2.118043929e-05 -2.098799788e+02 -2.098799788e+02
105987 0 +1.974870182e-05 -2.098799803e+02 -2.098799803e+02
105992 0 +1.771238371e-05 -2.098799823e+02 -2.098799823e+02
105995 0 +1.320900390e-05 -2.098799868e+02 -2.098799868e+02
105998 0 +1.198316224e-05 -2.098799880e+02 -2.098799880e+02
106000 0 +1.045866301e-05 -2.098799895e+02 -2.098799895e+02
106002 0 +4.718223323e-06 -2.098799953e+02 -2.098799953e+02
106143 0 +4.415095503e-06 -2.098799956e+02 -2.098799956e+02
106150 0 +3.955452172e-06 -2.098799960e+02 -2.098799960e+02
106157 0 +2.942781208e-06 -2.098799971e+02 -2.098799971e+02
106159 0 +1.350306263e-06 -2.098799986e+02 -2.098799986e+02
106301 0 +1.249675051e-06 -2.098799988e+02 -2.098799988e+02
106313 0 +1.085558608e-06 -2.098799989e+02 -2.098799989e+02
106322 0 +2.524286060e-07 -2.098799997e+02 -2.098799997e+02
106458 0 +2.498285596e-07 -2.098799998e+02 -2.098799998e+02
106469 0 +2.217458075e-07 -2.098799998e+02 -2.098799998e+02
106476 0 +1.896036395e-07 -2.098799998e+02 -2.098799998e+02
106478 0 +1.098626683e-07 -2.098799999e+02 -2.098799999e+02
106480 0 +3.570224294e-08 -2.098800000e+02 -2.098800000e+02
106609 0 +3.543698313e-08 -2.098800000e+02 -2.098800000e+02
106630 0 +3.073853350e-08 -2.098800000e+02 -2.098800000e+02
106631 0 +2.368781793e-08 -2.098800000e+02 -2.098800000e+02
106635 0 +2.225314688e-08 -2.098800000e+02 -2.098800000e+02
106789 0 +1.919622150e-08 -2.098800000e+02 -2.098800000e+02
106794 0 +1.678054673e-08 -2.098800000e+02 -2.098800000e+02
106796 0 +1.268648475e-08 -2.098800000e+02 -2.098800000e+02
106797 0 +1.207914124e-08 -2.098800000e+02 -2.098800000e+02
106799 0 +3.140002036e-09 -2.098800000e+02 -2.098800000e+02
108000 0 +6.821210263e-13 -2.098800000e+02 -2.098800000e+02
400000 0 +8.526512829e-14 -2.098800000e+02 -2.098800000e+02
% f evaluations | g evaluations | best noise-free fitness - Fopt (-9.209000000000e+01) + sum g_i+ | measured fitness | best measured fitness or single-digit g-values | x1 | x2...
1 0 +2.553713210e+07 +2.553704001e+07 +2.553704001e+07
2 0 +2.165756324e+07 +2.165747115e+07 +2.165747115e+07
37 0 +2.071190089e+07 +2.071180880e+07 +2.071180880e+07
91 0 +1.980507285e+07 +1.980498076e+07 +1.980498076e+07
9086 0 +1.979988464e+07 +1.979979255e+07 +1.979979255e+07
14226 0 +1.969670269e+07 +1.969661060e+07 +1.969661060e+07
14740 0 +1.950360600e+07 +1.950351391e+07 +1.950351391e+07
16742 0 +1.943325331e+07 +1.943316122e+07 +1.943316122e+07
16796 0 +1.893757724e+07 +1.893748515e+07 +1.893748515e+07
17053 0 +1.871220220e+07 +1.871211011e+07 +1.871211011e+07
18284 0 +1.864540732e+07 +1.864531523e+07 +1.864531523e+07
18495 0 +1.829811805e+07 +1.829802596e+07 +1.829802596e+07
18595 0 +1.760441698e+07 +1.760432489e+07 +1.760432489e+07
19069 0 +1.705013209e+07 +1.705004000e+07 +1.705004000e+07
19109 0 +1.561240767e+07 +1.561231558e+07 +1.561231558e+07
19534 0 +1.419471839e+07 +1.419462630e+07 +1.419462630e+07
19545 0 +1.391184916e+07 +1.391175707e+07 +1.391175707e+07
19569 0 +1.342017321e+07 +1.342008112e+07 +1.342008112e+07
19623 0 +1.316904272e+07 +1.316895063e+07 +1.316895063e+07
37613 0 +1.304844815e+07 +1.304835606e+07 +1.304835606e+07
38820 0 +1.269609011e+07 +1.269599802e+07 +1.269599802e+07
38844 0 +1.254842109e+07 +1.254832900e+07 +1.254832900e+07
38916 0 +1.239397902e+07 +1.239388693e+07 +1.239388693e+07
39077 0 +1.206588306e+07 +1.206579097e+07 +1.206579097e+07
39115 0 +1.194489351e+07 +1.194480142e+07 +1.194480142e+07
39155 0 +1.172536342e+07 +1.172527133e+07 +1.172527133e+07
39580 0 +1.100557090e+07 +1.100547881e+07 +1.100547881e+07
39591 0 +1.085068696e+07 +1.085059487e+07 +1.085059487e+07
39629 0 +1.037195336e+07 +1.037186127e+07 +1.037186127e+07
39669 0 +1.005439412e+07 +1.005430203e+07 +1.005430203e+07
57916 0 +9.987184783e+06 +9.987092693e+06 +9.987092693e+06
58173 0 +9.872256447e+06 +9.872164357e+06 +9.872164357e+06
59418 0 +9.629121865e+06 +9.629029775e+06 +9.629029775e+06
59458 0 +9.450987967e+06 +9.450895877e+06 +9.450895877e+06
59626 0 +9.279464471e+06 +9.279372381e+06 +9.279372381e+06
59675 0 +8.912753903e+06 +8.912661813e+06 +8.912661813e+06
59715 0 +8.589177253e+06 +8.589085163e+06 +8.589085163e+06
61425 0 +8.151547229e+06 +8.151455139e+06 +8.151455139e+06
61514 0 +7.675197262e+06 +7.675105172e+06 +7.675105172e+06
78476 0 +7.429314219e+06 +7.429222129e+06 +7.429222129e+06
78733 0 +7.380258226e+06 +7.380166136e+06 +7.380166136e+06
80018 0 +7.094287384e+06 +7.094195294e+06 +7.094195294e+06
80145 0 +6.961229102e+06 +6.961137012e+06 +6.961137012e+06
80186 0 +6.581413194e+06 +6.581321104e+06 +6.581321104e+06
80275 0 +6.312990188e+06 +6.312898098e+06 +6.312898098e+06
98947 0 +6.204938909e+06 +6.204846819e+06 +6.204846819e+06
99036 0 +6.066944632e+06 +6.066852542e+06 +6.066852542e+06
100489 0 +5.882022639e+06 +5.881930549e+06 +5.881930549e+06
100578 0 +5.771903058e+06 +5.771810968e+06 +5.771810968e+06
102868 0 +5.108459266e+06 +5.108367176e+06 +5.108367176e+06
102869 0 +4.529672788e+06 +4.529580698e+06 +4.529580698e+06
102871 0 +4.219939869e+06 +4.219847779e+06 +4.219847779e+06
102874 0 +3.476574873e+06 +3.476482783e+06 +3.476482783e+06
102875 0 +2.835471399e+06 +2.835379309e+06 +2.835379309e+06
102877 0 +2.345863321e+06 +2.345771231e+06 +2.345771231e+06
102879 0 +2.014298498e+06 +2.014206408e+06 +2.014206408e+06
102929 0 +1.993202120e+06 +1.993110030e+06 +1.993110030e+06
102940 0 +1.872104021e+06 +1.872011931e+06 +1.872011931e+06
102944 0 +1.753748561e+06 +1.753656471e+06 +1.753656471e+06
102948 0 +1.425488766e+06 +1.425396676e+06 +1.425396676e+06
102949 0 +1.083848760e+06 +1.083756670e+06 +1.083756670e+06
102954 0 +7.251688743e+05 +7.250767843e+05 +7.250767843e+05
103018 0 +7.058134376e+05 +7.057213476e+05 +7.057213476e+05
103020 0 +6.464778717e+05 +6.463857817e+05 +6.463857817e+05
103028 0 +3.804220831e+05 +3.803299931e+05 +3.803299931e+05
103029 0 +2.753508904e+05 +2.752588004e+05 +2.752588004e+05
103108 0 +2.197529334e+05 +2.196608434e+05 +2.196608434e+05
103275 0 +1.540762461e+05 +1.539841561e+05 +1.539841561e+05
103282 0 +1.045826280e+05 +1.044905380e+05 +1.044905380e+05
103424 0 +9.971283615e+04 +9.962074615e+04 +9.962074615e+04
103432 0 +8.573950545e+04 +8.564741545e+04 +8.564741545e+04
103440 0 +4.667845643e+04 +4.658636643e+04 +4.658636643e+04
103441 0 +7.653360350e+03 +7.561270350e+03 +7.561270350e+03
103593 0 +5.312958817e+03 +5.220868817e+03 +5.220868817e+03
103747 0 +4.934920712e+03 +4.842830712e+03 +4.842830712e+03
103756 0 +3.637013913e+03 +3.544923913e+03 +3.544923913e+03
103762 0 +1.308224770e+03 +1.216134770e+03 +1.216134770e+03
103905 0 +1.225563734e+03 +1.133473734e+03 +1.133473734e+03
103911 0 +1.048728449e+03 +9.566384489e+02 +9.566384489e+02
103913 0 +8.381602779e+02 +7.460702779e+02 +7.460702779e+02
103919 0 +2.509954431e+02 +1.589054431e+02 +1.589054431e+02
104081 0 +3.036935577e+01 -6.172064423e+01 -6.172064423e+01
104226 0 +2.620803874e+01 -6.588196126e+01 -6.588196126e+01
104231 0 +2.039782916e+01 -7.169217084e+01 -7.169217084e+01
104382 0 +1.951654458e+01 -7.257345542e+01 -7.257345542e+01
104394 0 +1.703706143e+01 -7.505293857e+01 -7.505293857e+01
104400 0 +6.430399879e+00 -8.565960012e+01 -8.565960012e+01
104544 0 +6.205044673e+00 -8.588495533e+01 -8.588495533e+01
104553 0 +5.410443922e+00 -8.667955608e+01 -8.667955608e+01
104556 0 +4.228006819e+00 -8.786199318e+01 -8.786199318e+01
104557 0 +2.797640948e+00 -8.929235905e+01 -8.929235905e+01
104562 0 +5.906252958e-01 -9.149937470e+01 -9.149937470e+01
104706 0 +5.346696254e-01 -9.155533037e+01 -9.155533037e+01
104710 0 +4.755842985e-01 -9.161441570e+01 -9.161441570e+01
104714 0 +4.368961752e-01 -9.165310382e+01 -9.165310382e+01
104871 0 +3.729985759e-01 -9.171700142e+01 -9.171700142e+01
104873 0 +3.288334169e-01 -9.176116658e+01 -9.176116658e+01
104879 0 +2.053263873e-01 -9.188467361e+01 -9.188467361e+01
104881 0 +3.939463067e-02 -9.205060537e+01 -9.205060537e+01
105024 0 +3.533513525e-02 -9.205466486e+01 -9.205466486e+01
105030 0 +2.976167806e-02 -9.206023832e+01 -9.206023832e+01
105038 0 +1.321413741e-02 -9.207678586e+01 -9.207678586e+01
105200 0 +1.144802347e-02 -9.207855198e+01 -9.207855198e+01
105202 0 +6.349418849e-03 -9.208365058e+01 -9.208365058e+01
105335 0 +6.276619193e-03 -9.208372338e+01 -9.208372338e+01
105353 0 +5.393188470e-03 -9.208460681e+01 -9.208460681e+01
105355 0 +4.787652011e-03 -9.208521235e+01 -9.208521235e+01
105357 0 +3.925546080e-03 -9.208607445e+01 -9.208607445e+01
105359 0 +1.963607688e-03 -9.208803639e+01 -9.208803639e+01
105361 0 +7.757518218e-04 -9.208922425e+01 -9.208922425e+01
105516 0 +6.997923270e-04 -9.208930021e+01 -9.208930021e+01
105522 0 +3.131671953e-04 -9.208968683e+01 -9.208968683e+01
105669 0 +2.797576697e-04 -9.208972024e+01 -9.208972024e+01
105675 0 +2.238529755e-04 -9.208977615e+01 -9.208977615e+01
105677 0 +1.444578730e-04 -9.208985554e+01 -9.208985554e+01
105680 0 +1.412210763e-04 -9.208985878e+01 -9.208985878e+01
105681 0 +9.817589243e-05 -9.208990182e+01 -9.208990182e+01
105839 0 +4.917063424e-05 -9.208995083e+01 -9.208995083e+01
105842 0 +8.605093711e-06 -9.208999139e+01 -9.208999139e+01
105982 0 +7.851501778e-06 -9.208999215e+01 -9.208999215e+01
105988 0 +6.984239249e-06 -9.208999302e+01 -9.208999302e+01
105996 0 +5.797395190e-06 -9.208999420e+01 -9.208999420e+01
105998 0 +4.766271303e-06 -9.208999523e+01 -9.208999523e+01
106151 0 +4.005819463e-06 -9.208999599e+01 -9.208999599e+01
106155 0 +3.185930495e-06 -9.208999681e+01 -9.208999681e+01
106157 0 +2.042444123e-06 -9.208999796e+01 -9.208999796e+01
106161 0 +8.096018576e-07 -9.208999919e+01 -9.208999919e+01
106301 0 +7.853354873e-07 -9.208999921e+01 -9.208999921e+01
106309 0 +6.886440787e-07 -9.208999931e+01 -9.208999931e+01
106322 0 +4.023323328e-07 -9.208999960e+01 -9.208999960e+01
106458 0 +3.979914140e-07 -9.208999960e+01 -9.208999960e+01
106473 0 +3.489871290e-07 -9.208999965e+01 -9.208999965e+01
106478 0 +2.770387084e-07 -9.208999972e+01 -9.208999972e+01
106480 0 +1.561761138e-07 -9.208999984e+01 -9.208999984e+01
106481 0 +7.520868905e-08 -9.208999992e+01 -9.208999992e+01
106628 0 +6.826755339e-08 -9.208999993e+01 -9.208999993e+01
106631 0 +5.649576451e-08 -9.208999994e+01 -9.208999994e+01
106634 0 +5.571311590e-08 -9.208999994e+01 -9.208999994e+01
106637 0 +4.860696379e-08 -9.208999995e+01 -9.208999995e+01
106642 0 +2.090231987e-08 -9.208999998e+01 -9.208999998e+01
106785 0 +1.993521437e-08 -9.208999998e+01 -9.208999998e+01
106793 0 +1.672327699e-08 -9.208999998e+01 -9.208999998e+01
106796 0 +1.408683659e-08 -9.208999999e+01 -9.208999999e+01
106798 0 +8.447358368e-09 -9.208999999e+01 -9.208999999e+01
108150 0 +9.947598301e-13 -9.209000000e+01 -9.209000000e+01
400000 0 +7.105427358e-14 -9.209000000e+01 -9.209000000e+01
% f evaluations | g evaluations | best noise-free fitness - Fopt (-8.789000000000e+01) + sum g_i+ | measured fitness | best measured fitness or single-digit g-values | x1 | x2...
1 0 +1.797772532e+07 +1.797763743e+07 +1.797763743e+07
3 0 +1.694534450e+07 +1.694525661e+07 +1.694525661e+07
4 0 +1.620703854e+07 +1.620695065e+07 +1.620695065e+07
8 0 +1.505262194e+07 +1.505253405e+07 +1.505253405e+07
95 0 +1.492992602e+07 +1.492983813e+07 +1.492983813e+07
96 0 +1.488538284e+07 +1.488529495e+07 +1.488529495e+07
153 0 +1.426949827e+07 +1.426941038e+07 +1.426941038e+07
209 0 +1.234141983e+07 +1.234133194e+07 +1.234133194e+07
12802 0 +1.229478929e+07 +1.229470140e+07 +1.229470140e+07
14087 0 +1.218793069e+07 +1.218784280e+07 +1.218784280e+07
17428 0 +1.057104144e+07 +1.057095355e+07 +1.057095355e+07
19021 0 +9.712238768e+06 +9.712150878e+06 +9.712150878e+06
19022 0 +9.123259881e+06 +9.123171991e+06 +9.123171991e+06
19027 0 +8.965154023e+06 +8.965066133e+06 +8.965066133e+06
19065 0 +8.626626019e+06 +8.626538129e+06 +8.626538129e+06
19171 0 +8.062844553e+06 +8.062756663e+06 +8.062756663e+06
37783 0 +7.948133735e+06 +7.948045845e+06 +7.948045845e+06
37838 0 +7.887451912e+06 +7.887364022e+06 +7.887364022e+06
37932 0 +7.410770941e+06 +7.410683051e+06 +7.410683051e+06
37988 0 +7.074208276e+06 +7.074120386e+06 +7.074120386e+06
40351 0 +6.371428211e+06 +6.371340321e+06 +6.371340321e+06
40352 0 +4.721932601e+06 +4.721844711e+06 +4.721844711e+06
40355 0 +4.399551728e+06 +4.399463838e+06 +4.399463838e+06
40358 0 +4.239497276e+06 +4.239409386e+06 +4.239409386e+06
40393 0 +4.074064478e+06 +4.073976588e+06 +4.073976588e+06
40444 0 +3.961755313e+06 +3.961667423e+06 +3.961667423e+06
40494 0 +3.896678836e+06 +3.896590946e+06 +3.896590946e+06
58342 0 +3.758507871e+06 +3.758419981e+06 +3.758419981e+06
58345 0 +3.598575450e+06 +3.598487560e+06 +3.598487560e+06
58348 0 +3.431887903e+06 +3.431800013e+06 +3.431800013e+06
58383 0 +3.273910262e+06 +3.273822372e+06 +3.273822372e+06
58434 0 +3.182595719e+06 +3.182507829e+06 +3.182507829e+06
58484 0 +3.151778821e+06 +3.151690931e+06 +3.151690931e+06
78594 0 +3.087584532e+06 +3.087496642e+06 +3.087496642e+06
78995 0 +2.970809668e+06 +2.970721778e+06 +2.970721778e+06
79108 0 +2.877221631e+06 +2.877133741e+06 +2.877133741e+06
81552 0 +2.817976244e+06 +2.817888354e+06 +2.817888354e+06
81614 0 +2.689219483e+06 +2.689131593e+06 +2.689131593e+06
99542 0 +2.584801471e+06 +2.584713581e+06 +2.584713581e+06
99895 0 +2.499941011e+06 +2.499853121e+06 +2.499853121e+06
102369 0 +2.365711540e+06 +2.365623650e+06 +2.365623650e+06
102863 0 +2.283641335e+06 +2.283553445e+06 +2.283553445e+06
102868 0 +2.062595005e+06 +2.062507115e+06 +2.062507115e+06
102870 0 +1.696289293e+06 +1.696201403e+06 +1.696201403e+06
102871 0 +1.222825823e+06 +1.222737933e+06 +1.222737933e+06
102877 0 +7.187682092e+05 +7.186803192e+05 +7.186803192e+05
102928 0 +7.066636548e+05 +7.065757648e+05 +7.065757648e+05
102929 0 +6.900840908e+05 +6.899962008e+05 +6.899962008e+05
102935 0 +6.063603810e+05 +6.062724910e+05 +6.062724910e+05
102937 0 +5.571008043e+05 +5.570129143e+05 +5.570129143e+05
102942 0 +4.716211139e+05 +4.715332239e+05 +4.715332239e+05
102948 0 +4.419778317e+05 +4.418899417e+05 +4.418899417e+05
102950 0 +2.697704936e+05 +2.696826036e+05 +2.696826036e+05
102951 0 +1.342208727e+05 +1.341329827e+05 +1.341329827e+05
103009 0 +1.253477652e+05 +1.252598752e+05 +1.252598752e+05
103014 0 +1.116926848e+05 +1.116047948e+05 +1.116047948e+05
103015 0 +9.357608547e+04 +9.348819547e+04 +9.348819547e+04
103017 0 +7.037764529e+04 +7.028975529e+04 +7.028975529e+04
103256 0 +6.154466722e+04 +6.145677722e+04 +6.145677722e+04
103264 0 +5.485338955e+04 +5.476549955e+04 +5.476549955e+04
103267 0 +4.294162934e+04 +4.285373934e+04 +4.285373934e+04
103273 0 +3.605636176e+04 +3.596847176e+04 +3.596847176e+04
103417 0 +3.517291582e+04 +3.508502582e+04 +3.508502582e+04
103430 0 +3.128842244e+04 +3.120053244e+04 +3.120053244e+04
103434 0 +1.919928513e+04 +1.911139513e+04 +1.911139513e+04
103589 0 +1.693006412e+04 +1.684217412e+04 +1.684217412e+04
103596 0 +1.155301119e+04 +1.146512119e+04 +1.146512119e+04
103599 0 +1.943579868e+03 +1.855689868e+03 +1.855689868e+03
103744 0 +1.767586112e+03 +1.679696112e+03 +1.679696112e+03
103752 0 +1.097851538e+03 +1.009961538e+03 +1.009961538e+03
103908 0 +9.818557198e+02 +8.939657198e+02 +8.939657198e+02
103913 0 +7.574367139e+02 +6.695467139e+02 +6.695467139e+02
103922 0 +1.971067193e+02 +1.092167193e+02 +1.092167193e+02
104069 0 +1.767172285e+02 +8.882722853e+01 +8.882722853e+01
104080 0 +8.659285420e+01 -1.297145804e+00 -1.297145804e+00
104234 0 +7.367420695e+01 -1.421579305e+01 -1.421579305e+01
104237 0 +6.162865555e+01 -2.626134445e+01 -2.626134445e+01
104241 0 +2.260930261e+01 -6.528069739e+01 -6.528069739e+01
104382 0 +2.229937151e+01 -6.559062849e+01 -6.559062849e+01
104393 0 +1.899767581e+01 -6.889232419e+01 -6.889232419e+01
104395 0 +1.406016971e+01 -7.382983029e+01 -7.382983029e+01
104399 0 +4.054191896e+00 -8.383580810e+01 -8.383580810e+01
104548 0 +3.939038347e+00 -8.395096165e+01 -8.395096165e+01
104554 0 +3.120975153e+00 -8.476902485e+01 -8.476902485e+01
104557 0 +1.820248671e+00 -8.606975133e+01 -8.606975133e+01
104562 0 +9.772324855e-01 -8.691276751e+01 -8.691276751e+01
104707 0 +8.423107518e-01 -8.704768925e+01 -8.704768925e+01
104711 0 +7.101824150e-01 -8.717981759e+01 -8.717981759e+01
104721 0 +2.059559019e-01 -8.768404410e+01 -8.768404410e+01
104863 0 +1.920823361e-01 -8.769791766e+01 -8.769791766e+01
104873 0 +1.357816554e-01 -8.775421834e+01 -8.775421834e+01
104880 0 +1.192322704e-01 -8.777076773e+01 -8.777076773e+01
105036 0 +1.043494309e-01 -8.778565057e+01 -8.778565057e+01
105038 0 +7.915301713e-02 -8.781084698e+01 -8.781084698e+01
105039 0 +4.712498395e-02 -8.784287502e+01 -8.784287502e+01
105042 0 +7.399569990e-03 -8.788260043e+01 -8.788260043e+01
105187 0 +6.212657665e-03 -8.788378734e+01 -8.788378734e+01
105190 0 +5.268546588e-03 -8.788473145e+01 -8.788473145e+01
105192 0 +4.125474414e-03 -8.788587453e+01 -8.788587453e+01
105338 0 +3.972828176e-03 -8.788602717e+01 -8.788602717e+01
105353 0 +2.978904795e-03 -8.788702110e+01 -8.788702110e+01
105355 0 +1.983276971e-03 -8.788801672e+01 -8.788801672e+01
105360 0 +1.561218856e-03 -8.788843878e+01 -8.788843878e+01
105509 0 +1.368711806e-03 -8.788863129e+01 -8.788863129e+01
105512 0 +1.255662103e-03 -8.788874434e+01 -8.788874434e+01
105519 0 +8.214046912e-04 -8.788917860e+01 -8.788917860e+01
105521 0 +6.575183022e-05 -8.788993425e+01 -8.788993425e+01
105657 0 +6.190807876e-05 -8.788993809e+01 -8.788993809e+01
105663 0 +5.164676294e-05 -8.788994835e+01 -8.788994835e+01
105822 0 +4.976022058e-05 -8.788995024e+01 -8.788995024e+01
105836 0 +3.168709756e-05 -8.788996831e+01 -8.788996831e+01
105840 0 +1.696645407e-05 -8.788998303e+01 -8.788998303e+01
105990 0 +1.559057958e-05 -8.788998441e+01 -8.788998441e+01
105993 0 +1.306951104e-05 -8.788998693e+01 -8.788998693e+01
105999 0 +9.901474542e-06 -8.788999010e+01 -8.788999010e+01
106002 0 +3.375337869e-06 -8.788999662e+01 -8.788999662e+01
106147 0 +2.976738429e-06 -8.788999702e+01 -8.788999702e+01
106152 0 +2.433777425e-06 -8.788999757e+01 -8.788999757e+01
106160 0 +1.681906525e-06 -8.788999832e+01 -8.788999832e+01
106314 0 +1.479466718e-06 -8.788999852e+01 -8.788999852e+01
106315 0 +1.203271538e-06 -8.788999880e+01 -8.788999880e+01
106319 0 +8.437043988e-07 -8.788999916e+01 -8.788999916e+01
106321 0 +1.292201830e-07 -8.788999987e+01 -8.788999987e+01
106464 0 +1.245098673e-07 -8.788999988e+01 -8.788999988e+01
106469 0 +1.120503299e-07 -8.788999989e+01 -8.788999989e+01
106471 0 +8.473428181e-08 -8.788999992e+01 -8.788999992e+01
106480 0 +7.877005714e-08 -8.788999992e+01 -8.788999992e+01
106630 0 +6.992353008e-08 -8.788999993e+01 -8.788999993e+01
106633 0 +5.964361094e-08 -8.788999994e+01 -8.788999994e+01
106638 0 +4.013826072e-08 -8.788999996e+01 -8.788999996e+01
106639 0 +7.943356195e-09 -8.788999999e+01 -8.788999999e+01
107918 0 +9.237055565e-13 -8.789000000e+01 -8.789000000e+01
400000 0 +7.105427358e-14 -8.789000000e+01 -8.789000000e+01
% f evaluations | g evaluations | best noise-free fitness - Fopt (3.201900000000e+02) + sum g_i+ | measured fitness | best measured fitness or single-digit g-values | x1 | x2...
1 0 +1.756585426e+07 +1.756617445e+07 +1.756617445e+07
2 0 +1.692232814e+07 +1.692264833e+07 +1.692264833e+07
12 0 +1.592111321e+07 +1.592143340e+07 +1.592143340e+07
37 0 +1.581076504e+07 +1.581108523e+07 +1.581108523e+07
50 0 +1.506457547e+07 +1.506489566e+07 +1.506489566e+07
83 0 +1.491502291e+07 +1.491534310e+07 +1.491534310e+07
101 0 +1.431713794e+07 +1.431745813e+07 +1.431745813e+07
127 0 +1.398257735e+07 +1.398289754e+07 +1.398289754e+07
14776 0 +1.377157849e+07 +1.377189868e+07 +1.377189868e+07
15053 0 +1.369457407e+07 +1.369489426e+07 +1.369489426e+07
17770 0 +1.352158199e+07 +1.352190218e+07 +1.352190218e+07
17783 0 +1.276846856e+07 +1.276878875e+07 +1.276878875e+07
17813 0 +1.247209306e+07 +1.247241325e+07 +1.247241325e+07
17816 0 +1.203962896e+07 +1.203994915e+07 +1.203994915e+07
17860 0 +1.197354917e+07 +1.197386936e+07 +1.197386936e+07
17880 0 +1.158168089e+07 +1.158200108e+07 +1.158200108e+07
18990 0 +1.140594257e+07 +1.140626276e+07 +1.140626276e+07
19028 0 +1.114114097e+07 +1.114146116e+07 +1.114146116e+07
19036 0 +1.066168000e+07 +1.066200019e+07 +1.066200019e+07
19048 0 +9.966495148e+06 +9.966815338e+06 +9.966815338e+06
19098 0 +9.526938980e+06 +9.527259170e+06 +9.527259170e+06
19119 0 +8.832426569e+06 +8.832746759e+06 +8.832746759e+06
38336 0 +8.544740947e+06 +8.545061137e+06 +8.545061137e+06
38373 0 +8.029059923e+06 +8.029380113e+06 +8.029380113e+06
38440 0 +7.877340522e+06 +7.877660712e+06 +7.877660712e+06
39370 0 +7.659307654e+06 +7.659627844e+06 +7.659627844e+06
39448 0 +7.488422488e+06 +7.488742678e+06 +7.488742678e+06
58863 0 +7.385118494e+06 +7.385438684e+06 +7.385438684e+06
58865 0 +7.142512158e+06 +7.142832348e+06 +7.142832348e+06
58883 0 +7.064407533e+06 +7.064727723e+06 +7.064727723e+06
58896 0 +6.873130227e+06 +6.873450417e+06 +6.873450417e+06
58902 0 +6.595690077e+06 +6.596010267e+06 +6.596010267e+06
58980 0 +6.442692288e+06 +6.443012478e+06 +6.443012478e+06
60886 0 +6.370227489e+06 +6.370547679e+06 +6.370547679e+06
61244 0 +6.137183421e+06 +6.137503611e+06 +6.137503611e+06
79415 0 +5.745423280e+06 +5.745743470e+06 +5.745743470e+06
79423 0 +5.685173984e+06 +5.685494174e+06 +5.685494174e+06
79425 0 +5.450795821e+06 +5.451116011e+06 +5.451116011e+06
79456 0 +5.375617853e+06 +5.375938043e+06 +5.375938043e+06
79462 0 +5.283371941e+06 +5.283692131e+06 +5.283692131e+06
79491 0 +5.128108121e+06 +5.128428311e+06 +5.128428311e+06
79661 0 +5.096150701e+06 +5.096470891e+06 +5.096470891e+06
81290 0 +4.993626090e+06 +4.993946280e+06 +4.993946280e+06
99975 0 +4.673198274e+06 +4.673518464e+06 +4.673518464e+06
99985 0 +4.450611083e+06 +4.450931273e+06 +4.450931273e+06
100022 0 +4.297083284e+06 +4.297403474e+06 +4.297403474e+06
100100 0 +4.193441949e+06 +4.193762139e+06 +4.193762139e+06
102867 0 +4.066025616e+06 +4.066345806e+06 +4.066345806e+06
102872 0 +3.300800439e+06 +3.301120629e+06 +3.301120629e+06
102873 0 +2.350348341e+06 +2.350668531e+06 +2.350668531e+06
102876 0 +2.197322767e+06 +2.197642957e+06 +2.197642957e+06
102877 0 +2.039374058e+06 +2.039694248e+06 +2.039694248e+06
102879 0 +1.856707525e+06 +1.857027715e+06 +1.857027715e+06
102933 0 +1.785833853e+06 +1.786154043e+06 +1.786154043e+06
102940 0 +1.715520251e+06 +1.715840441e+06 +1.715840441e+06
102941 0 +1.569675221e+06 +1.569995411e+06 +1.569995411e+06
102952 0 +1.044151602e+06 +1.044471792e+06 +1.044471792e+06
102953 0 +6.012132510e+05 +6.015334410e+05 +6.015334410e+05
103007 0 +5.947911143e+05 +5.951113043e+05 +5.951113043e+05
103020 0 +5.184002840e+05 +5.187204740e+05 +5.187204740e+05
103021 0 +4.669513345e+05 +4.672715245e+05 +4.672715245e+05
103032 0 +2.958304343e+05 +2.961506243e+05 +2.961506243e+05
103257 0 +2.816281368e+05 +2.819483268e+05 +2.819483268e+05
103267 0 +2.500043116e+05 +2.503245016e+05 +2.503245016e+05
103278 0 +1.670563719e+05 +1.673765619e+05 +1.673765619e+05
103280 0 +5.713516381e+04 +5.745535381e+04 +5.745535381e+04
103430 0 +5.560521570e+04 +5.592540570e+04 +5.592540570e+04
103434 0 +4.395906175e+04 +4.427925175e+04 +4.427925175e+04
103435 0 +2.531519384e+04 +2.563538384e+04 +2.563538384e+04
103437 0 +2.376692378e+04 +2.408711378e+04 +2.408711378e+04
103589 0 +2.123752678e+04 +2.155771678e+04 +2.155771678e+04
103598 0 +1.457003219e+04 +1.489022219e+04 +1.489022219e+04
103599 0 +6.411677763e+03 +6.731867763e+03 +6.731867763e+03
103602 0 +3.194942058e+03 +3.515132058e+03 +3.515132058e+03
103738 0 +3.123602145e+03 +3.443792145e+03 +3.443792145e+03
103761 0 +1.186034339e+03 +1.506224339e+03 +1.506224339e+03
103907 0 +1.066166966e+03 +1.386356966e+03 +1.386356966e+03
103913 0 +8.489470744e+02 +1.169137074e+03 +1.169137074e+03
103920 0 +5.254898917e+02 +8.456798917e+02 +8.456798917e+02
103922 0 +3.731068853e+02 +6.932968853e+02 +6.932968853e+02
104075 0 +2.946039412e+02 +6.147939412e+02 +6.147939412e+02
104077 0 +2.653855431e+02 +5.855755431e+02 +5.855755431e+02
104079 0 +2.398229748e+02 +5.600129748e+02 +5.600129748e+02
104081 0 +6.520176704e+01 +3.853917670e+02 +3.853917670e+02
104222 0 +6.227892326e+01 +3.824689233e+02 +3.824689233e+02
104229 0 +5.477197005e+01 +3.749619700e+02 +3.749619700e+02
104238 0 +3.885200376e+01 +3.590420038e+02 +3.590420038e+02
104240 0 +9.048375229e+00 +3.292383752e+02 +3.292383752e+02
104402 0 +5.545192772e+00 +3.257351928e+02 +3.257351928e+02
104556 0 +4.815420646e+00 +3.250054206e+02 +3.250054206e+02
104557 0 +3.082074258e+00 +3.232720743e+02 +3.232720743e+02
104561 0 +1.426102396e+00 +3.216161024e+02 +3.216161024e+02
104699 0 +1.398577841e+00 +3.215885778e+02 +3.215885778e+02
104709 0 +1.202742129e+00 +3.213927421e+02 +3.213927421e+02
104713 0 +1.038811767e+00 +3.212288118e+02 +3.212288118e+02
104715 0 +8.516258924e-01 +3.210416259e+02 +3.210416259e+02
104719 0 +3.247284785e-01 +3.205147285e+02 +3.205147285e+02
104872 0 +2.821843525e-01 +3.204721844e+02 +3.204721844e+02
104882 0 +3.415259536e-02 +3.202241526e+02 +3.202241526e+02
105034 0 +3.010763603e-02 +3.202201076e+02 +3.202201076e+02
105036 0 +1.926019477e-02 +3.202092602e+02 +3.202092602e+02
105193 0 +1.638874848e-02 +3.202063887e+02 +3.202063887e+02
105198 0 +1.044878746e-02 +3.202004488e+02 +3.202004488e+02
105200 0 +3.998282654e-03 +3.201939983e+02 +3.201939983e+02
105335 0 +3.964145681e-03 +3.201939641e+02 +3.201939641e+02
105350 0 +3.369577039e-03 +3.201933696e+02 +3.201933696e+02
105351 0 +2.825613555e-03 +3.201928256e+02 +3.201928256e+02
105355 0 +1.959506647e-03 +3.201919595e+02 +3.201919595e+02
105361 0 +1.339380456e-03 +3.201913394e+02 +3.201913394e+02
105513 0 +1.082690130e-03 +3.201910827e+02 +3.201910827e+02
105519 0 +7.646019150e-04 +3.201907646e+02 +3.201907646e+02
105522 0 +2.208675313e-04 +3.201902209e+02 +3.201902209e+02
105669 0 +1.868820146e-04 +3.201901869e+02 +3.201901869e+02
105676 0 +1.415601354e-04 +3.201901416e+02 +3.201901416e+02
105677 0 +7.741279467e-05 +3.201900774e+02 +3.201900774e+02
105840 0 +3.219146203e-05 +3.201900322e+02 +3.201900322e+02
105841 0 +2.058067901e-05 +3.201900206e+02 +3.201900206e+02
105990 0 +1.929172805e-05 +3.201900193e+02 +3.201900193e+02
105996 0 +1.399659783e-05 +3.201900140e+02 +3.201900140e+02
105998 0 +1.065511287e-05 +3.201900107e+02 +3.201900107e+02
106002 0 +1.741917970e-06 +3.201900017e+02 +3.201900017e+02
106140 0 +1.572632698e-06 +3.201900016e+02 +3.201900016e+02
106152 0 +1.184349401e-06 +3.201900012e+02 +3.201900012e+02
106307 0 +1.076094520e-06 +3.201900011e+02 +3.201900011e+02
106309 0 +9.724195138e-07 +3.201900010e+02 +3.201900010e+02
106313 0 +7.042668813e-07 +3.201900007e+02 +3.201900007e+02
106317 0 +3.783941338e-07 +3.201900004e+02 +3.201900004e+02
106321 0 +1.970478252e-07 +3.201900002e+02 +3.201900002e+02
106472 0 +1.767986646e-07 +3.201900002e+02 +3.201900002e+02
106482 0 +4.192179404e-08 +3.201900000e+02 +3.201900000e+02
106706 0 +3.977521601e-08 +3.201900000e+02 +3.201900000e+02
106716 0 +3.499098966e-08 +3.201900000e+02 +3.201900000e+02
106719 0 +2.872650384e-08 +3.201900000e+02 +3.201900000e+02
106945 0 +2.779677288e-08 +3.201900000e+02 +3.201900000e+02
106955 0 +2.255990239e-08 +3.201900000e+02 +3.201900000e+02
106958 0 +1.585311793e-08 +3.201900000e+02 +3.201900000e+02
106960 0 +9.087330000e-09 +3.201900000e+02 +3.201900000e+02
107918 0 +8.526512829e-13 +3.201900000e+02 +3.201900000e+02
400000 0 +2.842170943e-13 +3.201900000e+02 +3.201900000e+02
% f evaluations | g evaluations | best noise-free fitness - Fopt (-1.042400000000e+02) + sum g_i+ | measured fitness | best measured fitness or single-digit g-values | x1 | x2...
1 0 +1.409421287e+07 +1.409410863e+07 +1.409410863e+07
3 0 +1.355087113e+07 +1.355076689e+07 +1.355076689e+07
4 0 +1.198251077e+07 +1.198240653e+07 +1.198240653e+07
22 0 +1.088987552e+07 +1.088977128e+07 +1.088977128e+07
65 0 +1.042044150e+07 +1.042033726e+07 +1.042033726e+07
11887 0 +1.039797264e+07 +1.039786840e+07 +1.039786840e+07
13943 0 +1.018283334e+07 +1.018272910e+07 +1.018272910e+07
16256 0 +9.942563815e+06 +9.942459575e+06 +9.942459575e+06
17027 0 +9.897577871e+06 +9.897473631e+06 +9.897473631e+06
17172 0 +9.784295146e+06 +9.784190906e+06 +9.784190906e+06
17207 0 +9.690135814e+06 +9.690031574e+06 +9.690031574e+06
19278 0 +9.438821258e+06 +9.438717018e+06 +9.438717018e+06
19279 0 +7.678562691e+06 +7.678458451e+06 +7.678458451e+06
19335 0 +7.099594401e+06 +7.099490161e+06 +7.099490161e+06
19340 0 +6.847564691e+06 +6.847460451e+06 +6.847460451e+06
19814 0 +6.411260303e+06 +6.411156063e+06 +6.411156063e+06
19817 0 +5.416920457e+06 +5.416816217e+06 +5.416816217e+06
37550 0 +5.220541632e+06 +5.220437392e+06 +5.220437392e+06
39837 0 +4.822156272e+06 +4.822052032e+06 +4.822052032e+06
39847 0 +4.701415996e+06 +4.701311756e+06 +4.701311756e+06
39848 0 +4.154780330e+06 +4.154676090e+06 +4.154676090e+06
39860 0 +3.952113891e+06 +3.952009651e+06 +3.952009651e+06
39863 0 +3.368490275e+06 +3.368386035e+06 +3.368386035e+06
39910 0 +3.176502504e+06 +3.176398264e+06 +3.176398264e+06
58110 0 +2.909101354e+06 +2.908997114e+06 +2.908997114e+06
58157 0 +2.799919195e+06 +2.799814955e+06 +2.799814955e+06
61462 0 +2.625190218e+06 +2.625085978e+06 +2.625085978e+06
77910 0 +2.532117340e+06 +2.532013100e+06 +2.532013100e+06
78658 0 +2.295866285e+06 +2.295762045e+06 +2.295762045e+06
78681 0 +2.185709200e+06 +2.185604960e+06 +2.185604960e+06
98470 0 +2.095574506e+06 +2.095470266e+06 +2.095470266e+06
102863 0 +1.937176048e+06 +1.937071808e+06 +1.937071808e+06
102866 0 +1.693932153e+06 +1.693827913e+06 +1.693827913e+06
102869 0 +1.473852108e+06 +1.473747868e+06 +1.473747868e+06
102871 0 +1.068485773e+06 +1.068381533e+06 +1.068381533e+06
102875 0 +9.462344017e+05 +9.461301617e+05 +9.461301617e+05
102935 0 +8.738231636e+05 +8.737189236e+05 +8.737189236e+05
102937 0 +7.994120921e+05 +7.993078521e+05 +7.993078521e+05
102940 0 +7.404473624e+05 +7.403431224e+05 +7.403431224e+05
102946 0 +5.490716341e+05 +5.489673941e+05 +5.489673941e+05
102951 0 +4.173153411e+05 +4.172111011e+05 +4.172111011e+05
103015 0 +3.940332994e+05 +3.939290594e+05 +3.939290594e+05
103026 0 +3.159913108e+05 +3.158870708e+05 +3.158870708e+05
103264 0 +2.958209098e+05 +2.957166698e+05 +2.957166698e+05
103267 0 +2.801730516e+05 +2.800688116e+05 +2.800688116e+05
103274 0 +2.262175681e+05 +2.261133281e+05 +2.261133281e+05
103276 0 +1.612355863e+05 +1.611313463e+05 +1.611313463e+05
103281 0 +3.730384728e+04 +3.719960728e+04 +3.719960728e+04
103420 0 +3.535837038e+04 +3.525413038e+04 +3.525413038e+04
103432 0 +2.875152879e+04 +2.864728879e+04 +2.864728879e+04
103583 0 +2.765376576e+04 +2.754952576e+04 +2.754952576e+04
103593 0 +2.401233744e+04 +2.390809744e+04 +2.390809744e+04
103598 0 +1.847262420e+04 +1.836838420e+04 +1.836838420e+04
103599 0 +1.771761642e+04 +1.761337642e+04 +1.761337642e+04
103602 0 +4.604929771e+03 +4.500689771e+03 +4.500689771e+03
103748 0 +4.383524495e+03 +4.279284495e+03 +4.279284495e+03
103752 0 +3.951564875e+03 +3.847324875e+03 +3.847324875e+03
103756 0 +2.857548051e+03 +2.753308051e+03 +2.753308051e+03
103760 0 +7.914280095e+02 +6.871880095e+02 +6.871880095e+02
103909 0 +6.447447172e+02 +5.405047172e+02 +5.405047172e+02
103913 0 +4.533526924e+02 +3.491126924e+02 +3.491126924e+02
103917 0 +3.238545277e+02 +2.196145277e+02 +2.196145277e+02
104059 0 +3.154377130e+02 +2.111977130e+02 +2.111977130e+02
104071 0 +2.617059720e+02 +1.574659720e+02 +1.574659720e+02
104075 0 +2.389709278e+02 +1.347309278e+02 +1.347309278e+02
104078 0 +1.912345585e+02 +8.699455845e+01 +8.699455845e+01
104081 0 +9.792897114e+01 -6.311028862e+00 -6.311028862e+00
104236 0 +8.220584753e+01 -2.203415247e+01 -2.203415247e+01
104237 0 +7.743401431e+01 -2.680598569e+01 -2.680598569e+01
104239 0 +4.201639609e+01 -6.222360391e+01 -6.222360391e+01
104242 0 +2.399767275e+01 -8.024232725e+01 -8.024232725e+01
104390 0 +2.236433098e+01 -8.187566902e+01 -8.187566902e+01
104392 0 +1.963249949e+01 -8.460750051e+01 -8.460750051e+01
104393 0 +1.748480967e+01 -8.675519033e+01 -8.675519033e+01
104398 0 +1.035474149e+01 -9.388525851e+01 -9.388525851e+01
104401 0 +2.836386527e+00 -1.014036135e+02 -1.014036135e+02
104532 0 +2.815585025e+00 -1.014244150e+02 -1.014244150e+02
104547 0 +2.397779691e+00 -1.018422203e+02 -1.018422203e+02
104549 0 +2.228835742e+00 -1.020111643e+02 -1.020111643e+02
104556 0 +1.178854475e+00 -1.030611455e+02 -1.030611455e+02
104714 0 +1.080026152e+00 -1.031599738e+02 -1.031599738e+02
104720 0 +8.852590319e-01 -1.033547410e+02 -1.033547410e+02
104722 0 +3.589824384e-01 -1.038810176e+02 -1.038810176e+02
104858 0 +3.540044525e-01 -1.038859955e+02 -1.038859955e+02
104869 0 +3.079422016e-01 -1.039320578e+02 -1.039320578e+02
104873 0 +2.803841028e-01 -1.039596159e+02 -1.039596159e+02
104877 0 +1.649026223e-01 -1.040750974e+02 -1.040750974e+02
104879 0 +8.460515263e-02 -1.041553948e+02 -1.041553948e+02
105031 0 +7.438782064e-02 -1.041656122e+02 -1.041656122e+02
105035 0 +6.471598696e-02 -1.041752840e+02 -1.041752840e+02
105040 0 +5.930587863e-02 -1.041806941e+02 -1.041806941e+02
105041 0 +1.932175122e-02 -1.042206782e+02 -1.042206782e+02
105193 0 +1.510166649e-02 -1.042248983e+02 -1.042248983e+02
105196 0 +1.345756737e-02 -1.042265424e+02 -1.042265424e+02
105199 0 +5.372471470e-03 -1.042346275e+02 -1.042346275e+02
105348 0 +4.952124274e-03 -1.042350479e+02 -1.042350479e+02
105352 0 +4.197905835e-03 -1.042358021e+02 -1.042358021e+02
105355 0 +3.726118357e-03 -1.042362739e+02 -1.042362739e+02
105362 0 +5.520831840e-04 -1.042394479e+02 -1.042394479e+02
105516 0 +4.075122599e-04 -1.042395925e+02 -1.042395925e+02
105667 0 +3.966204429e-04 -1.042396034e+02 -1.042396034e+02
105673 0 +2.978259923e-04 -1.042397022e+02 -1.042397022e+02
105675 0 +2.755746769e-04 -1.042397244e+02 -1.042397244e+02
105680 0 +1.000248718e-04 -1.042399000e+02 -1.042399000e+02
105681 0 +7.683839830e-05 -1.042399232e+02 -1.042399232e+02
105828 0 +6.883079757e-05 -1.042399312e+02 -1.042399312e+02
105836 0 +5.849076624e-05 -1.042399415e+02 -1.042399415e+02
105842 0 +5.103635928e-06 -1.042399949e+02 -1.042399949e+02
105973 0 +4.968137645e-06 -1.042399950e+02 -1.042399950e+02
105989 0 +4.253112323e-06 -1.042399957e+02 -1.042399957e+02
105995 0 +2.787180591e-06 -1.042399972e+02 -1.042399972e+02
106148 0 +2.351256384e-06 -1.042399976e+02 -1.042399976e+02
106150 0 +2.086848340e-06 -1.042399979e+02 -1.042399979e+02
106152 0 +1.733947741e-06 -1.042399983e+02 -1.042399983e+02
106156 0 +1.299524342e-06 -1.042399987e+02 -1.042399987e+02
106157 0 +7.441731498e-07 -1.042399993e+02 -1.042399993e+02
106311 0 +7.050012698e-07 -1.042399993e+02 -1.042399993e+02
106315 0 +4.932502264e-07 -1.042399995e+02 -1.042399995e+02
106318 0 +3.205519050e-07 -1.042399997e+02 -1.042399997e+02
106463 0 +3.150373971e-07 -1.042399997e+02 -1.042399997e+02
106469 0 +2.804069652e-07 -1.042399997e+02 -1.042399997e+02
106472 0 +2.479670513e-07 -1.042399998e+02 -1.042399998e+02
106473 0 +2.203063758e-07 -1.042399998e+02 -1.042399998e+02
106477 0 +1.893775163e-07 -1.042399998e+02 -1.042399998e+02
106481 0 +7.082972786e-08 -1.042399999e+02 -1.042399999e+02
106602 0 +7.077608188e-08 -1.042399999e+02 -1.042399999e+02
106634 0 +6.230447980e-08 -1.042399999e+02 -1.042399999e+02
106635 0 +4.974458534e-08 -1.042400000e+02 -1.042400000e+02
106638 0 +3.031414053e-08 -1.042400000e+02 -1.042400000e+02
106642 0 +1.838522223e-08 -1.042400000e+02 -1.042400000e+02
106788 0 +1.746427358e-08 -1.042400000e+02 -1.042400000e+02
106793 0 +1.525246773e-08 -1.042400000e+02 -1.042400000e+02
106801 0 +4.771635531e-09 -1.042400000e+02 -1.042400000e+02
108212 0 +9.947598301e-13 -1.042400000e+02 -1.042400000e+02
400000 0 +5.684341886e-14 -1.042400000e+02 -1.042400000e+02
% f evaluations | g evaluations | best noise-free fitness - Fopt (1.212800000000e+02) + sum g_i+ | measured fitness | best measured fitness or single-digit g-values | x1 | x2...
1 0 +2.393691631e+07 +2.393703759e+07 +2.393703759e+07
3 0 +2.277673510e+07 +2.277685638e+07 +2.277685638e+07
4 0 +2.176786431e+07 +2.176798559e+07 +2.176798559e+07
13 0 +2.137436819e+07 +2.137448947e+07 +2.137448947e+07
14 0 +2.069952414e+07 +2.069964542e+07 +2.069964542e+07
28 0 +2.059209015e+07 +2.059221143e+07 +2.059221143e+07
65 0 +1.858399932e+07 +1.858412060e+07 +1.858412060e+07
14971 0 +1.832087056e+07 +1.832099184e+07 +1.832099184e+07
17027 0 +1.760536175e+07 +1.760548303e+07 +1.760548303e+07
17078 0 +1.757367720e+07 +1.757379848e+07 +1.757379848e+07
17541 0 +1.686956828e+07 +1.686968956e+07 +1.686968956e+07
18312 0 +1.618101861e+07 +1.618113989e+07 +1.618113989e+07
19791 0 +1.549081841e+07 +1.549093969e+07 +1.549093969e+07
19802 0 +1.417128631e+07 +1.417140759e+07 +1.417140759e+07
19814 0 +1.380042661e+07 +1.380054789e+07 +1.380054789e+07
19817 0 +1.250390065e+07 +1.250402193e+07 +1.250402193e+07
20522 0 +1.179301555e+07 +1.179313683e+07 +1.179313683e+07
38835 0 +1.162875990e+07 +1.162888118e+07 +1.162888118e+07
39006 0 +1.150671452e+07 +1.150683580e+07 +1.150683580e+07
40865 0 +9.059687407e+06 +9.059808687e+06 +9.059808687e+06
40866 0 +8.782302565e+06 +8.782423845e+06 +8.782423845e+06
40884 0 +8.657065613e+06 +8.657186893e+06 +8.657186893e+06
40888 0 +7.444606755e+06 +7.444728035e+06 +7.444728035e+06
58107 0 +7.006215373e+06 +7.006336653e+06 +7.006336653e+06
58621 0 +6.744645590e+06 +6.744766870e+06 +6.744766870e+06
59392 0 +6.533091971e+06 +6.533213251e+06 +6.533213251e+06
59395 0 +6.468077380e+06 +6.468198660e+06 +6.468198660e+06
60420 0 +6.332481733e+06 +6.332603013e+06 +6.332603013e+06
60488 0 +6.210208822e+06 +6.210330102e+06 +6.210330102e+06
78667 0 +5.962408079e+06 +5.962529359e+06 +5.962529359e+06
78735 0 +5.873582818e+06 +5.873704098e+06 +5.873704098e+06
79181 0 +5.661854095e+06 +5.661975375e+06 +5.661975375e+06
79249 0 +5.552797375e+06 +5.552918655e+06 +5.552918655e+06
79952 0 +5.445740109e+06 +5.445861389e+06 +5.445861389e+06
79992 0 +5.220968338e+06 +5.221089618e+06 +5.221089618e+06
99227 0 +5.156551844e+06 +5.156673124e+06 +5.156673124e+06
99267 0 +5.008471151e+06 +5.008592431e+06 +5.008592431e+06
99781 0 +4.863538878e+06 +4.863660158e+06 +4.863660158e+06
102869 0 +4.402569380e+06 +4.402690660e+06 +4.402690660e+06
102871 0 +3.651659095e+06 +3.651780375e+06 +3.651780375e+06
102874 0 +3.283067788e+06 +3.283189068e+06 +3.283189068e+06
102875 0 +2.679937827e+06 +2.680059107e+06 +2.680059107e+06
102882 0 +2.175926976e+06 +2.176048256e+06 +2.176048256e+06
102941 0 +2.076554907e+06 +2.076676187e+06 +2.076676187e+06
102949 0 +1.427599804e+06 +1.427721084e+06 +1.427721084e+06
102951 0 +8.395504827e+05 +8.396717627e+05 +8.396717627e+05
103029 0 +5.978386992e+05 +5.979599792e+05 +5.979599792e+05
103031 0 +3.209011391e+05 +3.210224191e+05 +3.210224191e+05
103267 0 +3.109986753e+05 +3.111199553e+05 +3.111199553e+05
103269 0 +2.827506078e+05 +2.828718878e+05 +2.828718878e+05
103278 0 +1.643603641e+05 +1.644816441e+05 +1.644816441e+05
103280 0 +9.620391306e+04 +9.632519306e+04 +9.632519306e+04
103431 0 +8.621831341e+04 +8.633959341e+04 +8.633959341e+04
103435 0 +6.342461576e+04 +6.354589576e+04 +6.354589576e+04
103439 0 +5.093748347e+04 +5.105876347e+04 +5.105876347e+04
103441 0 +1.171109775e+04 +1.183237775e+04 +1.183237775e+04
103585 0 +1.065758718e+04 +1.077886718e+04 +1.077886718e+04
103592 0 +9.965445021e+03 +1.008672502e+04 +1.008672502e+04
103600 0 +5.134375881e+03 +5.255655881e+03 +5.255655881e+03
103742 0 +4.979275937e+03 +5.100555937e+03 +5.100555937e+03
103751 0 +4.351710775e+03 +4.472990775e+03 +4.472990775e+03
103754 0 +3.824337025e+03 +3.945617025e+03 +3.945617025e+03
103762 0 +1.272682582e+03 +1.393962582e+03 +1.393962582e+03
103897 0 +1.250193698e+03 +1.371473698e+03 +1.371473698e+03
103915 0 +8.877717366e+02 +1.009051737e+03 +1.009051737e+03
103920 0 +3.759638841e+02 +4.972438841e+02 +4.972438841e+02
104065 0 +3.541089385e+02 +4.753889385e+02 +4.753889385e+02
104071 0 +3.131343316e+02 +4.344143316e+02 +4.344143316e+02
104073 0 +2.554094345e+02 +3.766894345e+02 +3.766894345e+02
104081 0 +4.345618932e+01 +1.647361893e+02 +1.647361893e+02
104228 0 +3.937769185e+01 +1.606576918e+02 +1.606576918e+02
104237 0 +1.860930829e+01 +1.398893083e+02 +1.398893083e+02
104239 0 +1.616291967e+01 +1.374429197e+02 +1.374429197e+02
104384 0 +1.571123907e+01 +1.369912391e+02 +1.369912391e+02
104400 0 +3.015625381e+00 +1.242956254e+02 +1.242956254e+02
104547 0 +2.622250333e+00 +1.239022503e+02 +1.239022503e+02
104549 0 +2.441493895e+00 +1.237214939e+02 +1.237214939e+02
104558 0 +1.645519274e+00 +1.229255193e+02 +1.229255193e+02
104562 0 +1.196533477e+00 +1.224765335e+02 +1.224765335e+02
104704 0 +1.120414875e+00 +1.224004149e+02 +1.224004149e+02
104717 0 +8.752179151e-01 +1.221552179e+02 +1.221552179e+02
104721 0 +1.881276958e-01 +1.214681277e+02 +1.214681277e+02
104869 0 +1.552348136e-01 +1.214352348e+02 +1.214352348e+02
104876 0 +1.201681091e-01 +1.214001681e+02 +1.214001681e+02
104878 0 +7.704109677e-02 +1.213570411e+02 +1.213570411e+02
105031 0 +6.907588643e-02 +1.213490759e+02 +1.213490759e+02
105037 0 +5.665510245e-02 +1.213366551e+02 +1.213366551e+02
105039 0 +2.713587236e-02 +1.213071359e+02 +1.213071359e+02
105042 0 +2.347517253e-02 +1.213034752e+02 +1.213034752e+02
105196 0 +1.971981080e-02 +1.212997198e+02 +1.212997198e+02
105198 0 +1.659312263e-02 +1.212965931e+02 +1.212965931e+02
105201 0 +4.234686736e-03 +1.212842347e+02 +1.212842347e+02
105347 0 +3.838631940e-03 +1.212838386e+02 +1.212838386e+02
105352 0 +3.449338481e-03 +1.212834493e+02 +1.212834493e+02
105353 0 +2.804758857e-03 +1.212828048e+02 +1.212828048e+02
105360 0 +7.982132040e-04 +1.212807982e+02 +1.212807982e+02
105496 0 +7.925528924e-04 +1.212807926e+02 +1.212807926e+02
105515 0 +5.363991758e-04 +1.212805364e+02 +1.212805364e+02
105518 0 +2.555647713e-04 +1.212802556e+02 +1.212802556e+02
105668 0 +2.351541065e-04 +1.212802352e+02 +1.212802352e+02
105670 0 +2.204098231e-04 +1.212802204e+02 +1.212802204e+02
105671 0 +1.819316855e-04 +1.212801819e+02 +1.212801819e+02
105674 0 +1.634134931e-04 +1.212801634e+02 +1.212801634e+02
105679 0 +4.073306164e-05 +1.212800407e+02 +1.212800407e+02
105818 0 +3.961368557e-05 +1.212800396e+02 +1.212800396e+02
105829 0 +3.506935819e-05 +1.212800351e+02 +1.212800351e+02
105833 0 +3.025506841e-05 +1.212800303e+02 +1.212800303e+02
105836 0 +2.203466211e-05 +1.212800220e+02 +1.212800220e+02
105837 0 +1.984689817e-05 +1.212800198e+02 +1.212800198e+02
105990 0 +1.770226220e-05 +1.212800177e+02 +1.212800177e+02
105998 0 +9.513915330e-06 +1.212800095e+02 +1.212800095e+02
106002 0 +6.662351765e-06 +1.212800067e+02 +1.212800067e+02
106147 0 +6.278728904e-06 +1.212800063e+02 +1.212800063e+02
106156 0 +4.954452834e-06 +1.212800050e+02 +1.212800050e+02
106159 0 +2.383964514e-06 +1.212800024e+02 +1.212800024e+02
106161 0 +5.031716483e-07 +1.212800005e+02 +1.212800005e+02
106289 0 +4.991008495e-07 +1.212800005e+02 +1.212800005e+02
106312 0 +3.477201318e-07 +1.212800003e+02 +1.212800003e+02
106465 0 +3.161759707e-07 +1.212800003e+02 +1.212800003e+02
106476 0 +2.275346276e-07 +1.212800002e+02 +1.212800002e+02
106481 0 +1.918414227e-08 +1.212800000e+02 +1.212800000e+02
106624 0 +1.741480560e-08 +1.212800000e+02 +1.212800000e+02
106633 0 +9.719272498e-09 +1.212800000e+02 +1.212800000e+02
108237 0 +7.531752999e-13 +1.212800000e+02 +1.212800000e+02
400000 0 +5.684341886e-14 +1.212800000e+02 +1.212800000e+02
% f evaluations | g evaluations | best noise-free fitness - Fopt (1.161000000000e+01) + sum g_i+ | measured fitness | best measured fitness or single-digit g-values | x1 | x2...
1 0 +1.515194106e+07 +1.515195267e+07 +1.515195267e+07
3 0 +1.468437454e+07 +1.468438615e+07 +1.468438615e+07
5 0 +1.403315748e+07 +1.403316909e+07 +1.403316909e+07
6 0 +1.390209528e+07 +1.390210689e+07 +1.390210689e+07
9 0 +1.224872933e+07 +1.224874094e+07 +1.224874094e+07
24 0 +1.158354341e+07 +1.158355502e+07 +1.158355502e+07
153 0 +1.118745523e+07 +1.118746684e+07 +1.118746684e+07
241 0 +1.093229040e+07 +1.093230201e+07 +1.093230201e+07
14119 0 +1.085725502e+07 +1.085726663e+07 +1.085726663e+07
14633 0 +1.071863782e+07 +1.071864943e+07 +1.071864943e+07
17243 0 +9.868732332e+06 +9.868743942e+06 +9.868743942e+06
17372 0 +9.673352810e+06 +9.673364420e+06 +9.673364420e+06
17460 0 +9.344948566e+06 +9.344960176e+06 +9.344960176e+06
18766 0 +9.096114228e+06 +9.096125838e+06 +9.096125838e+06
18770 0 +7.281155865e+06 +7.281167475e+06 +7.281167475e+06
18856 0 +7.009625883e+06 +7.009637493e+06 +7.009637493e+06
37499 0 +6.934335601e+06 +6.934347211e+06 +6.934347211e+06
37788 0 +6.632294915e+06 +6.632306525e+06 +6.632306525e+06
37803 0 +6.407285110e+06 +6.407296720e+06 +6.407296720e+06
37874 0 +6.205508314e+06 +6.205519924e+06 +6.205519924e+06
37893 0 +6.120160387e+06 +6.120171997e+06 +6.120171997e+06
38013 0 +5.973929774e+06 +5.973941384e+06 +5.973941384e+06
39602 0 +5.632799640e+06 +5.632811250e+06 +5.632811250e+06
39736 0 +5.432167385e+06 +5.432178995e+06 +5.432178995e+06
40608 0 +5.175602966e+06 +5.175614576e+06 +5.175614576e+06
40614 0 +4.546771885e+06 +4.546783495e+06 +4.546783495e+06
57833 0 +4.453180569e+06 +4.453192179e+06 +4.453192179e+06
58341 0 +4.031569440e+06 +4.031581050e+06 +4.031581050e+06
58347 0 +3.851069768e+06 +3.851081378e+06 +3.851081378e+06
58464 0 +3.617005685e+06 +3.617017295e+06 +3.617017295e+06
60146 0 +3.453096633e+06 +3.453108243e+06 +3.453108243e+06
60164 0 +3.299028621e+06 +3.299040231e+06 +3.299040231e+06
78901 0 +2.938821425e+06 +2.938833035e+06 +2.938833035e+06
78907 0 +2.753837776e+06 +2.753849386e+06 +2.753849386e+06
78923 0 +2.697066932e+06 +2.697078542e+06 +2.697078542e+06
97328 0 +2.599895222e+06 +2.599906832e+06 +2.599906832e+06
98971 0 +2.502707652e+06 +2.502719262e+06 +2.502719262e+06
99467 0 +2.499963662e+06 +2.499975272e+06 +2.499975272e+06
99483 0 +2.397977331e+06 +2.397988941e+06 +2.397988941e+06
100513 0 +2.230185478e+06 +2.230197088e+06 +2.230197088e+06
102861 0 +2.125142930e+06 +2.125154540e+06 +2.125154540e+06
102866 0 +1.990279643e+06 +1.990291253e+06 +1.990291253e+06
102868 0 +1.736812814e+06 +1.736824424e+06 +1.736824424e+06
102870 0 +1.338062898e+06 +1.338074508e+06 +1.338074508e+06
102872 0 +1.174846365e+06 +1.174857975e+06 +1.174857975e+06
102876 0 +7.899623436e+05 +7.899739536e+05 +7.899739536e+05
102939 0 +6.635850087e+05 +6.635966187e+05 +6.635966187e+05
102941 0 +6.099472063e+05 +6.099588163e+05 +6.099588163e+05
102948 0 +5.593562352e+05 +5.593678452e+05 +5.593678452e+05
102950 0 +2.446076394e+05 +2.446192494e+05 +2.446192494e+05
103019 0 +2.022010460e+05 +2.022126560e+05 +2.022126560e+05
103030 0 +1.832591101e+05 +1.832707201e+05 +1.832707201e+05
103261 0 +1.773775366e+05 +1.773891466e+05 +1.773891466e+05
103269 0 +1.423592538e+05 +1.423708638e+05 +1.423708638e+05
103273 0 +1.115803786e+05 +1.115919886e+05 +1.115919886e+05
103277 0 +4.327459151e+04 +4.328620151e+04 +4.328620151e+04
103427 0 +3.942385401e+04 +3.943546401e+04 +3.943546401e+04
103440 0 +1.283439011e+04 +1.284600011e+04 +1.284600011e+04
103579 0 +1.254199981e+04 +1.255360981e+04 +1.255360981e+04
103590 0 +1.051930444e+04 +1.053091444e+04 +1.053091444e+04
103594 0 +7.655981902e+03 +7.667591902e+03 +7.667591902e+03
103598 0 +4.117744521e+03 +4.129354521e+03 +4.129354521e+03
103743 0 +3.874932727e+03 +3.886542727e+03 +3.886542727e+03
103759 0 +1.641746312e+03 +1.653356312e+03 +1.653356312e+03
103906 0 +1.538045562e+03 +1.549655562e+03 +1.549655562e+03
103910 0 +1.371361229e+03 +1.382971229e+03 +1.382971229e+03
103917 0 +9.333782217e+02 +9.449882217e+02 +9.449882217e+02
103922 0 +2.085386439e+02 +2.201486439e+02 +2.201486439e+02
104071 0 +1.686354161e+02 +1.802454161e+02 +1.802454161e+02
104073 0 +1.153610669e+02 +1.269710669e+02 +1.269710669e+02
104080 0 +5.777595508e+01 +6.938595508e+01 +6.938595508e+01
104224 0 +5.491122511e+01 +6.652122511e+01 +6.652122511e+01
104235 0 +4.294867866e+01 +5.455867866e+01 +5.455867866e+01
104239 0 +3.126121759e+01 +4.287121759e+01 +4.287121759e+01
104241 0 +2.642786187e+01 +3.803786187e+01 +3.803786187e+01
104389 0 +2.419415414e+01 +3.580415414e+01 +3.580415414e+01
104400 0 +1.861763954e+01 +3.022763954e+01 +3.022763954e+01
104402 0 +3.191490756e+00 +1.480149076e+01 +1.480149076e+01
104535 0 +3.157637824e+00 +1.476763782e+01 +1.476763782e+01
104545 0 +2.767872004e+00 +1.437787200e+01 +1.437787200e+01
104556 0 +2.146294343e+00 +1.375629434e+01 +1.375629434e+01
104558 0 +1.146912924e+00 +1.275691292e+01 +1.275691292e+01
104712 0 +1.092307665e+00 +1.270230767e+01 +1.270230767e+01
104714 0 +9.658660627e-01 +1.257586606e+01 +1.257586606e+01
104720 0 +3.075245978e-01 +1.191752460e+01 +1.191752460e+01
104871 0 +2.659362666e-01 +1.187593627e+01 +1.187593627e+01
104876 0 +1.780434678e-01 +1.178804347e+01 +1.178804347e+01
104877 0 +7.691637490e-02 +1.168691637e+01 +1.168691637e+01
104881 0 +6.665231568e-02 +1.167665232e+01 +1.167665232e+01
105033 0 +5.343796283e-02 +1.166343796e+01 +1.166343796e+01
105042 0 +7.159286668e-03 +1.161715929e+01 +1.161715929e+01
105173 0 +7.020729173e-03 +1.161702073e+01 +1.161702073e+01
105185 0 +5.973582431e-03 +1.161597358e+01 +1.161597358e+01
105188 0 +5.240069621e-03 +1.161524007e+01 +1.161524007e+01
105190 0 +3.923895473e-03 +1.161392390e+01 +1.161392390e+01
105192 0 +2.436597395e-03 +1.161243660e+01 +1.161243660e+01
105354 0 +1.658618842e-03 +1.161165862e+01 +1.161165862e+01
105506 0 +1.563245950e-03 +1.161156325e+01 +1.161156325e+01
105515 0 +1.114915769e-03 +1.161111492e+01 +1.161111492e+01
105517 0 +6.931024150e-04 +1.161069310e+01 +1.161069310e+01
105520 0 +1.854264603e-04 +1.161018543e+01 +1.161018543e+01
105663 0 +1.753681763e-04 +1.161017537e+01 +1.161017537e+01
105670 0 +1.475526023e-04 +1.161014755e+01 +1.161014755e+01
105673 0 +1.261371126e-04 +1.161012614e+01 +1.161012614e+01
105681 0 +3.642705862e-05 +1.161003643e+01 +1.161003643e+01
105818 0 +3.529667345e-05 +1.161003530e+01 +1.161003530e+01
105828 0 +3.134169035e-05 +1.161003134e+01 +1.161003134e+01
105832 0 +2.582920249e-05 +1.161002583e+01 +1.161002583e+01
105834 0 +2.495750685e-05 +1.161002496e+01 +1.161002496e+01
105842 0 +2.237137752e-05 +1.161002237e+01 +1.161002237e+01
105993 0 +1.787504923e-05 +1.161001788e+01 +1.161001788e+01
106001 0 +3.766959946e-06 +1.161000377e+01 +1.161000377e+01
106147 0 +3.276346632e-06 +1.161000328e+01 +1.161000328e+01
106151 0 +2.680520312e-06 +1.161000268e+01 +1.161000268e+01
106158 0 +2.137333823e-06 +1.161000214e+01 +1.161000214e+01
106159 0 +9.181139884e-07 +1.161000092e+01 +1.161000092e+01
106309 0 +8.475083479e-07 +1.161000085e+01 +1.161000085e+01
106315 0 +5.843161173e-07 +1.161000058e+01 +1.161000058e+01
106317 0 +3.107012656e-07 +1.161000031e+01 +1.161000031e+01
106320 0 +2.560843946e-07 +1.161000026e+01 +1.161000026e+01
106459 0 +2.488024169e-07 +1.161000025e+01 +1.161000025e+01
106479 0 +1.045848386e-07 +1.161000010e+01 +1.161000010e+01
106482 0 +8.300106202e-08 +1.161000008e+01 +1.161000008e+01
106628 0 +7.893629750e-08 +1.161000008e+01 +1.161000008e+01
106633 0 +6.709201372e-08 +1.161000007e+01 +1.161000007e+01
106638 0 +4.602393666e-08 +1.161000005e+01 +1.161000005e+01
106641 0 +6.297865340e-09 +1.161000001e+01 +1.161000001e+01
108001 0 +7.016609516e-13 +1.161000000e+01 +1.161000000e+01
400000 0 +7.105427358e-15 +1.161000000e+01 +1.161000000e+01
% f evaluations | g evaluations | best noise-free fitness - Fopt (3.356700000000e+02) + sum g_i+ | measured fitness | best measured fitness or single-digit g-values | x1 | x2...
1 0 +1.725191389e+07 +1.725224956e+07 +1.725224956e+07
2 0 +1.427977101e+07 +1.428010668e+07 +1.428010668e+07
37 0 +1.359503969e+07 +1.359537536e+07 +1.359537536e+07
91 0 +1.264217303e+07 +1.264250870e+07 +1.264250870e+07
14483 0 +1.256117117e+07 +1.256150684e+07 +1.256150684e+07
16999 0 +1.232278049e+07 +1.232311616e+07 +1.232311616e+07
17013 0 +1.217962076e+07 +1.217995643e+07 +1.217995643e+07
17053 0 +1.089090718e+07 +1.089124285e+07 +1.089124285e+07
19534 0 +1.025620893e+07 +1.025654460e+07 +1.025654460e+07
19545 0 +9.608951445e+06 +9.609287115e+06 +9.609287115e+06
19641 0 +9.357640324e+06 +9.357975994e+06 +9.357975994e+06
19731 0 +9.017020812e+06 +9.017356482e+06 +9.017356482e+06
20333 0 +8.726745608e+06 +8.727081278e+06 +8.727081278e+06
20389 0 +8.478598491e+06 +8.478934161e+06 +8.478934161e+06
20491 0 +8.139053770e+06 +8.139389440e+06 +8.139389440e+06
40865 0 +5.591109523e+06 +5.591445193e+06 +5.591445193e+06
40880 0 +5.209525028e+06 +5.209860698e+06 +5.209860698e+06
58084 0 +4.792718988e+06 +4.793054658e+06 +4.793054658e+06
58099 0 +4.531227230e+06 +4.531562900e+06 +4.531562900e+06
58119 0 +4.485892573e+06 +4.486228243e+06 +4.486228243e+06
58291 0 +4.375419895e+06 +4.375755565e+06 +4.375755565e+06
58633 0 +4.235694769e+06 +4.236030439e+06 +4.236030439e+06
78422 0 +4.158502877e+06 +4.158838547e+06 +4.158838547e+06
78644 0 +3.931599997e+06 +3.931935667e+06 +3.931935667e+06
78659 0 +3.858822993e+06 +3.859158663e+06 +3.859158663e+06
78679 0 +3.655622925e+06 +3.655958595e+06 +3.655958595e+06
78851 0 +3.583131054e+06 +3.583466724e+06 +3.583466724e+06
79964 0 +3.535760608e+06 +3.536096278e+06 +3.536096278e+06
99204 0 +3.350839889e+06 +3.351175559e+06 +3.351175559e+06
99219 0 +3.281476590e+06 +3.281812260e+06 +3.281812260e+06
99239 0 +3.092382555e+06 +3.092718225e+06 +3.092718225e+06
102869 0 +2.280612563e+06 +2.280948233e+06 +2.280948233e+06
102871 0 +1.978836062e+06 +1.979171732e+06 +1.979171732e+06
102874 0 +1.760868220e+06 +1.761203890e+06 +1.761203890e+06
102875 0 +1.450420085e+06 +1.450755755e+06 +1.450755755e+06
102938 0 +1.406263931e+06 +1.406599601e+06 +1.406599601e+06
102939 0 +1.368641204e+06 +1.368976874e+06 +1.368976874e+06
102949 0 +7.635637290e+05 +7.638993990e+05 +7.638993990e+05
103029 0 +4.268361702e+05 +4.271718402e+05 +4.271718402e+05
103109 0 +3.552924834e+05 +3.556281534e+05 +3.556281534e+05
103255 0 +3.545971829e+05 +3.549328529e+05 +3.549328529e+05
103272 0 +2.929866298e+05 +2.933222998e+05 +2.933222998e+05
103277 0 +2.256539516e+05 +2.259896216e+05 +2.259896216e+05
103280 0 +2.009268453e+05 +2.012625153e+05 +2.012625153e+05
103282 0 +5.894616617e+04 +5.928183617e+04 +5.928183617e+04
103430 0 +5.616528684e+04 +5.650095684e+04 +5.650095684e+04
103439 0 +2.432111889e+04 +2.465678889e+04 +2.465678889e+04
103589 0 +2.106040118e+04 +2.139607118e+04 +2.139607118e+04
103598 0 +1.712343379e+04 +1.745910379e+04 +1.745910379e+04
103601 0 +2.790667751e+03 +3.126337751e+03 +3.126337751e+03
103752 0 +2.122235634e+03 +2.457905634e+03 +2.457905634e+03
103760 0 +1.643034168e+03 +1.978704168e+03 +1.978704168e+03
103904 0 +1.574283852e+03 +1.909953852e+03 +1.909953852e+03
103914 0 +1.390007310e+03 +1.725677310e+03 +1.725677310e+03
103916 0 +1.098421284e+03 +1.434091284e+03 +1.434091284e+03
103917 0 +6.961565968e+02 +1.031826597e+03 +1.031826597e+03
103919 0 +1.092747604e+02 +4.449447604e+02 +4.449447604e+02
104068 0 +9.935787210e+01 +4.350278721e+02 +4.350278721e+02
104070 0 +8.829015783e+01 +4.239601578e+02 +4.239601578e+02
104229 0 +7.912613229e+01 +4.147961323e+02 +4.147961323e+02
104242 0 +2.586756052e+01 +3.615375605e+02 +3.615375605e+02
104388 0 +2.419932866e+01 +3.598693287e+02 +3.598693287e+02
104391 0 +2.157387776e+01 +3.572438778e+02 +3.572438778e+02
104395 0 +1.975217928e+01 +3.554221793e+02 +3.554221793e+02
104397 0 +1.175156185e+01 +3.474215619e+02 +3.474215619e+02
104400 0 +2.135154409e+00 +3.378051544e+02 +3.378051544e+02
104553 0 +1.212497965e+00 +3.368824980e+02 +3.368824980e+02
104556 0 +7.955916756e-01 +3.364655917e+02 +3.364655917e+02
104684 0 +7.939967695e-01 +3.364639968e+02 +3.364639968e+02
104712 0 +6.485954721e-01 +3.363185955e+02 +3.363185955e+02
104715 0 +5.297954219e-01 +3.361997954e+02 +3.361997954e+02
104721 0 +4.068559725e-01 +3.360768560e+02 +3.360768560e+02
104867 0 +3.893884742e-01 +3.360593885e+02 +3.360593885e+02
104876 0 +3.540687946e-01 +3.360240688e+02 +3.360240688e+02
104879 0 +2.358908327e-01 +3.359058908e+02 +3.359058908e+02
104882 0 +4.345299620e-02 +3.357134530e+02 +3.357134530e+02
105023 0 +3.967931728e-02 +3.357096793e+02 +3.357096793e+02
105031 0 +3.218685015e-02 +3.357021869e+02 +3.357021869e+02
105035 0 +2.070839713e-02 +3.356907084e+02 +3.356907084e+02
105189 0 +1.856870322e-02 +3.356885687e+02 +3.356885687e+02
105194 0 +1.477706692e-02 +3.356847771e+02 +3.356847771e+02
105200 0 +1.123795921e-02 +3.356812380e+02 +3.356812380e+02
105201 0 +7.029134870e-03 +3.356770291e+02 +3.356770291e+02
105351 0 +6.231618549e-03 +3.356762316e+02 +3.356762316e+02
105355 0 +5.203204499e-03 +3.356752032e+02 +3.356752032e+02
105358 0 +3.731109721e-03 +3.356737311e+02 +3.356737311e+02
105359 0 +2.583250412e-03 +3.356725833e+02 +3.356725833e+02
105362 0 +7.366793029e-04 +3.356707367e+02 +3.356707367e+02
105502 0 +7.044118260e-04 +3.356707044e+02 +3.356707044e+02
105520 0 +5.210600845e-04 +3.356705211e+02 +3.356705211e+02
105521 0 +3.954101459e-04 +3.356703954e+02 +3.356703954e+02
105677 0 +3.344991903e-04 +3.356703345e+02 +3.356703345e+02
105679 0 +2.463294746e-04 +3.356702463e+02 +3.356702463e+02
105682 0 +5.609974124e-05 +3.356700561e+02 +3.356700561e+02
105833 0 +3.913266374e-05 +3.356700391e+02 +3.356700391e+02
105836 0 +3.166216459e-05 +3.356700317e+02 +3.356700317e+02
105838 0 +1.630751996e-05 +3.356700163e+02 +3.356700163e+02
105982 0 +1.581582194e-05 +3.356700158e+02 +3.356700158e+02
105995 0 +1.381490415e-05 +3.356700138e+02 +3.356700138e+02
106000 0 +8.422623466e-06 +3.356700084e+02 +3.356700084e+02
106001 0 +7.233528663e-06 +3.356700072e+02 +3.356700072e+02
106144 0 +7.029609776e-06 +3.356700070e+02 +3.356700070e+02
106156 0 +6.102889131e-06 +3.356700061e+02 +3.356700061e+02
106158 0 +4.280931591e-06 +3.356700043e+02 +3.356700043e+02
106162 0 +9.724608958e-07 +3.356700010e+02 +3.356700010e+02
106307 0 +8.661062338e-07 +3.356700009e+02 +3.356700009e+02
106314 0 +6.724050650e-07 +3.356700007e+02 +3.356700007e+02
106315 0 +5.199717634e-07 +3.356700005e+02 +3.356700005e+02
106319 0 +1.473811722e-07 +3.356700001e+02 +3.356700001e+02
106462 0 +1.409318315e-07 +3.356700001e+02 +3.356700001e+02
106472 0 +9.825049574e-08 +3.356700001e+02 +3.356700001e+02
106476 0 +8.650710015e-08 +3.356700001e+02 +3.356700001e+02
106629 0 +7.808637292e-08 +3.356700001e+02 +3.356700001e+02
106635 0 +6.577397471e-08 +3.356700001e+02 +3.356700001e+02
106640 0 +3.082681133e-08 +3.356700000e+02 +3.356700000e+02
106641 0 +9.073687579e-09 +3.356700000e+02 +3.356700000e+02
108314 0 +9.663381206e-13 +3.356700000e+02 +3.356700000e+02
400000 0 +2.842170943e-13 +3.356700000e+02 +3.356700000e+02
% f evaluations | g evaluations | best noise-free fitness - Fopt (-1.032000000000e+01) + sum g_i+ | measured fitness | best measured fitness or single-digit g-values | x1 | x2...
1 0 +2.616586845e+07 +2.616585813e+07 +2.616585813e+07
3 0 +2.458437064e+07 +2.458436032e+07 +2.458436032e+07
4 0 +2.233666605e+07 +2.233665573e+07 +2.233665573e+07
16 0 +2.202074854e+07 +2.202073822e+07 +2.202073822e+07
24 0 +2.021257880e+07 +2.021256848e+07 +2.021256848e+07
48 0 +1.994627027e+07 +1.994625995e+07 +1.994625995e+07
13669 0 +1.980098555e+07 +1.980097523e+07 +1.980097523e+07
14697 0 +1.963898652e+07 +1.963897620e+07 +1.963897620e+07
15468 0 +1.932851865e+07 +1.932850833e+07 +1.932850833e+07
16239 0 +1.914376621e+07 +1.914375589e+07 +1.914375589e+07
16753 0 +1.884816639e+07 +1.884815607e+07 +1.884815607e+07
17781 0 +1.857919984e+07 +1.857918952e+07 +1.857918952e+07
19793 0 +1.822454553e+07 +1.822453521e+07 +1.822453521e+07
19794 0 +1.739913467e+07 +1.739912435e+07 +1.739912435e+07
19798 0 +1.697292170e+07 +1.697291138e+07 +1.697291138e+07
19805 0 +1.557772049e+07 +1.557771017e+07 +1.557771017e+07
19813 0 +1.524421366e+07 +1.524420334e+07 +1.524420334e+07
19983 0 +1.509097017e+07 +1.509095985e+07 +1.509095985e+07
20049 0 +1.423067677e+07 +1.423066645e+07 +1.423066645e+07
20050 0 +1.173077810e+07 +1.173076778e+07 +1.173076778e+07
20094 0 +1.151042010e+07 +1.151040978e+07 +1.151040978e+07
37313 0 +1.139600495e+07 +1.139599463e+07 +1.139599463e+07
37570 0 +1.124585350e+07 +1.124584318e+07 +1.124584318e+07
38341 0 +1.107103282e+07 +1.107102250e+07 +1.107102250e+07
39839 0 +1.094394310e+07 +1.094393278e+07 +1.094393278e+07
39988 0 +1.073062050e+07 +1.073061018e+07 +1.073061018e+07
40351 0 +1.017187501e+07 +1.017186469e+07 +1.017186469e+07
40352 0 +8.934422538e+06 +8.934412218e+06 +8.934412218e+06
40353 0 +7.891101004e+06 +7.891090684e+06 +7.891090684e+06
40373 0 +7.451647734e+06 +7.451637414e+06 +7.451637414e+06
40397 0 +7.283986208e+06 +7.283975888e+06 +7.283975888e+06
57359 0 +7.140274083e+06 +7.140263763e+06 +7.140263763e+06
57873 0 +6.952509861e+06 +6.952499541e+06 +6.952499541e+06
58106 0 +6.811736892e+06 +6.811726572e+06 +6.811726572e+06
58130 0 +6.743386617e+06 +6.743376297e+06 +6.743376297e+06
60399 0 +6.494307308e+06 +6.494296988e+06 +6.494296988e+06
60419 0 +6.249029800e+06 +6.249019480e+06 +6.249019480e+06
77895 0 +6.094922344e+06 +6.094912024e+06 +6.094912024e+06
78409 0 +5.961607506e+06 +5.961597186e+06 +5.961597186e+06
78666 0 +5.866265355e+06 +5.866255035e+06 +5.866255035e+06
81518 0 +5.747800141e+06 +5.747789821e+06 +5.747789821e+06
98480 0 +5.641891544e+06 +5.641881224e+06 +5.641881224e+06
98994 0 +5.528448281e+06 +5.528437961e+06 +5.528437961e+06
102863 0 +5.490337501e+06 +5.490327181e+06 +5.490327181e+06
102866 0 +5.106264949e+06 +5.106254629e+06 +5.106254629e+06
102868 0 +4.586924097e+06 +4.586913777e+06 +4.586913777e+06
102869 0 +3.967589315e+06 +3.967578995e+06 +3.967578995e+06
102872 0 +3.409816742e+06 +3.409806422e+06 +3.409806422e+06
102873 0 +2.960944399e+06 +2.960934079e+06 +2.960934079e+06
102876 0 +2.649221117e+06 +2.649210797e+06 +2.649210797e+06
102881 0 +2.526977044e+06 +2.526966724e+06 +2.526966724e+06
102929 0 +2.505159372e+06 +2.505149052e+06 +2.505149052e+06
102936 0 +2.460289266e+06 +2.460278946e+06 +2.460278946e+06
102940 0 +2.374209165e+06 +2.374198845e+06 +2.374198845e+06
102943 0 +2.159846395e+06 +2.159836075e+06 +2.159836075e+06
102946 0 +1.964220049e+06 +1.964209729e+06 +1.964209729e+06
102948 0 +1.698406410e+06 +1.698396090e+06 +1.698396090e+06
102949 0 +1.433609160e+06 +1.433598840e+06 +1.433598840e+06
102952 0 +9.986953939e+05 +9.986850739e+05 +9.986850739e+05
103020 0 +8.991010212e+05 +8.990907012e+05 +8.990907012e+05
103023 0 +8.091414614e+05 +8.091311414e+05 +8.091311414e+05
103026 0 +6.550254564e+05 +6.550151364e+05 +6.550151364e+05
103028 0 +4.561656774e+05 +4.561553574e+05 +4.561553574e+05
103029 0 +3.995913553e+05 +3.995810353e+05 +3.995810353e+05
103032 0 +3.819717622e+05 +3.819614422e+05 +3.819614422e+05
103103 0 +3.398243695e+05 +3.398140495e+05 +3.398140495e+05
103268 0 +3.019869266e+05 +3.019766066e+05 +3.019766066e+05
103271 0 +2.720267775e+05 +2.720164575e+05 +2.720164575e+05
103282 0 +4.107894857e+04 +4.106862857e+04 +4.106862857e+04
103424 0 +3.825947192e+04 +3.824915192e+04 +3.824915192e+04
103430 0 +3.247795988e+04 +3.246763988e+04 +3.246763988e+04
103434 0 +2.651294743e+04 +2.650262743e+04 +2.650262743e+04
103438 0 +1.041557469e+04 +1.040525469e+04 +1.040525469e+04
103581 0 +9.787057595e+03 +9.776737595e+03 +9.776737595e+03
103593 0 +8.464271233e+03 +8.453951233e+03 +8.453951233e+03
103599 0 +7.929136087e+03 +7.918816087e+03 +7.918816087e+03
103754 0 +6.900092248e+03 +6.889772248e+03 +6.889772248e+03
103758 0 +5.186603640e+03 +5.176283640e+03 +5.176283640e+03
103760 0 +2.831798154e+03 +2.821478154e+03 +2.821478154e+03
103761 0 +8.877486752e+02 +8.774286752e+02 +8.774286752e+02
103909 0 +7.072696867e+02 +6.969496867e+02 +6.969496867e+02
103916 0 +3.992286910e+02 +3.889086910e+02 +3.889086910e+02
103922 0 +2.847872131e+02 +2.744672131e+02 +2.744672131e+02
104056 0 +2.808023025e+02 +2.704823025e+02 +2.704823025e+02
104074 0 +2.331522542e+02 +2.228322542e+02 +2.228322542e+02
104081 0 +3.904590812e+01 +2.872590812e+01 +2.872590812e+01
104227 0 +3.494725162e+01 +2.462725162e+01 +2.462725162e+01
104232 0 +2.675255855e+01 +1.643255855e+01 +1.643255855e+01
104233 0 +2.351809243e+01 +1.319809243e+01 +1.319809243e+01
104235 0 +1.909160446e+01 +8.771604463e+00 +8.771604463e+00
104385 0 +1.771869275e+01 +7.398692745e+00 +7.398692745e+00
104394 0 +1.507541344e+01 +4.755413445e+00 +4.755413445e+00
104396 0 +1.132004373e+01 +1.000043728e+00 +1.000043728e+00
104397 0 +6.321861698e+00 -3.998138302e+00 -3.998138302e+00
104531 0 +6.304550348e+00 -4.015449652e+00 -4.015449652e+00
104549 0 +5.486952469e+00 -4.833047531e+00 -4.833047531e+00
104559 0 +3.531685265e+00 -6.788314735e+00 -6.788314735e+00
104562 0 +5.920501097e-01 -9.727949890e+00 -9.727949890e+00
104704 0 +5.536312976e-01 -9.766368702e+00 -9.766368702e+00
104713 0 +4.291779358e-01 -9.890822064e+00 -9.890822064e+00
104715 0 +3.082194102e-01 -1.001178059e+01 -1.001178059e+01
104718 0 +2.677834710e-01 -1.005221653e+01 -1.005221653e+01
104871 0 +2.416099221e-01 -1.007839008e+01 -1.007839008e+01
104876 0 +2.194743694e-01 -1.010052563e+01 -1.010052563e+01
104877 0 +1.112380837e-01 -1.020876192e+01 -1.020876192e+01
105033 0 +9.073278656e-02 -1.022926721e+01 -1.022926721e+01
105035 0 +7.858061409e-02 -1.024141939e+01 -1.024141939e+01
105040 0 +4.979395081e-02 -1.027020605e+01 -1.027020605e+01
105041 0 +9.386898542e-03 -1.031061310e+01 -1.031061310e+01
105181 0 +8.893246669e-03 -1.031110675e+01 -1.031110675e+01
105189 0 +7.642493217e-03 -1.031235751e+01 -1.031235751e+01
105191 0 +5.748835835e-03 -1.031425116e+01 -1.031425116e+01
105196 0 +5.369417756e-03 -1.031463058e+01 -1.031463058e+01
105355 0 +4.085172726e-03 -1.031591483e+01 -1.031591483e+01
105362 0 +1.031705454e-03 -1.031896829e+01 -1.031896829e+01
105502 0 +9.939364089e-04 -1.031900606e+01 -1.031900606e+01
105510 0 +8.651440317e-04 -1.031913486e+01 -1.031913486e+01
105514 0 +6.459481774e-04 -1.031935405e+01 -1.031935405e+01
105519 0 +2.711986154e-04 -1.031972880e+01 -1.031972880e+01
105671 0 +2.467280798e-04 -1.031975327e+01 -1.031975327e+01
105678 0 +1.303631135e-04 -1.031986964e+01 -1.031986964e+01
105681 0 +8.593313919e-05 -1.031991407e+01 -1.031991407e+01
105829 0 +7.927742334e-05 -1.031992072e+01 -1.031992072e+01
105840 0 +4.739930184e-05 -1.031995260e+01 -1.031995260e+01
105842 0 +8.061844500e-06 -1.031999194e+01 -1.031999194e+01
105973 0 +7.921088976e-06 -1.031999208e+01 -1.031999208e+01
105988 0 +6.997426775e-06 -1.031999300e+01 -1.031999300e+01
105991 0 +6.130116761e-06 -1.031999387e+01 -1.031999387e+01
106152 0 +5.410171751e-06 -1.031999459e+01 -1.031999459e+01
106153 0 +4.673904817e-06 -1.031999533e+01 -1.031999533e+01
106156 0 +3.517330077e-06 -1.031999648e+01 -1.031999648e+01
106159 0 +2.403067301e-06 -1.031999760e+01 -1.031999760e+01
106161 0 +8.580440465e-07 -1.031999914e+01 -1.031999914e+01
106310 0 +7.677715335e-07 -1.031999923e+01 -1.031999923e+01
106317 0 +6.652610942e-07 -1.031999933e+01 -1.031999933e+01
106320 0 +5.696868630e-07 -1.031999943e+01 -1.031999943e+01
106322 0 +4.192180274e-07 -1.031999958e+01 -1.031999958e+01
106467 0 +3.954093906e-07 -1.031999960e+01 -1.031999960e+01
106478 0 +3.004845208e-07 -1.031999970e+01 -1.031999970e+01
106479 0 +1.917065511e-07 -1.031999981e+01 -1.031999981e+01
106481 0 +3.983995001e-08 -1.031999996e+01 -1.031999996e+01
106602 0 +3.978870566e-08 -1.031999996e+01 -1.031999996e+01
106630 0 +3.432907469e-08 -1.031999997e+01 -1.031999997e+01
106634 0 +2.648524067e-08 -1.031999997e+01 -1.031999997e+01
106635 0 +2.214660988e-08 -1.031999998e+01 -1.031999998e+01
106787 0 +1.970194319e-08 -1.031999998e+01 -1.031999998e+01
106792 0 +1.699429397e-08 -1.031999998e+01 -1.031999998e+01
106796 0 +1.401805605e-08 -1.031999999e+01 -1.031999999e+01
106797 0 +9.497130193e-09 -1.031999999e+01 -1.031999999e+01
108310 0 +9.254819133e-13 -1.032000000e+01 -1.032000000e+01
400000 0 +7.105427358e-15 -1.032000000e+01 -1.032000000e+01
% f evaluations | g evaluations | best noise-free fitness - Fopt (-2.954000000000e+01) + sum g_i+ | measured fitness | best measured fitness or single-digit g-values | x1 | x2...
1 0 +1.933720307e+07 +1.933717353e+07 +1.933717353e+07
7 0 +1.811013287e+07 +1.811010333e+07 +1.811010333e+07
23 0 +1.809861726e+07 +1.809858772e+07 +1.809858772e+07
25 0 +1.736809153e+07 +1.736806199e+07 +1.736806199e+07
28 0 +1.523336486e+07 +1.523333532e+07 +1.523333532e+07
13135 0 +1.515337579e+07 +1.515334625e+07 +1.515334625e+07
13649 0 +1.508814086e+07 +1.508811132e+07 +1.508811132e+07
15962 0 +1.498798325e+07 +1.498795371e+07 +1.498795371e+07
17211 0 +1.476496511e+07 +1.476493557e+07 +1.476493557e+07
17504 0 +1.349708018e+07 +1.349705064e+07 +1.349705064e+07
17725 0 +1.302260025e+07 +1.302257071e+07 +1.302257071e+07
18532 0 +1.211205455e+07 +1.211202501e+07 +1.211202501e+07
19384 0 +1.209233602e+07 +1.209230648e+07 +1.209230648e+07
19524 0 +1.152113939e+07 +1.152110985e+07 +1.152110985e+07
20310 0 +1.101013489e+07 +1.101010535e+07 +1.101010535e+07
20322 0 +1.064850778e+07 +1.064847824e+07 +1.064847824e+07
20361 0 +1.034154134e+07 +1.034151180e+07 +1.034151180e+07
38043 0 +1.002902644e+07 +1.002899690e+07 +1.002899690e+07
38055 0 +9.618567675e+06 +9.618538135e+06 +9.618538135e+06
38094 0 +9.091824249e+06 +9.091794709e+06 +9.091794709e+06
39092 0 +8.899766017e+06 +8.899736477e+06 +8.899736477e+06
39122 0 +8.682974158e+06 +8.682944618e+06 +8.682944618e+06
39842 0 +7.784530607e+06 +7.784501067e+06 +7.784501067e+06
39938 0 +7.371716725e+06 +7.371687185e+06 +7.371687185e+06
58603 0 +6.909027713e+06 +6.908998173e+06 +6.908998173e+06
58654 0 +6.875397268e+06 +6.875367728e+06 +6.875367728e+06
58699 0 +6.661907689e+06 +6.661878149e+06 +6.661878149e+06
59631 0 +6.416968005e+06 +6.416938465e+06 +6.416938465e+06
59663 0 +6.363053816e+06 +6.363024276e+06 +6.363024276e+06
59682 0 +6.169240141e+06 +6.169210601e+06 +6.169210601e+06
59793 0 +6.078671564e+06 +6.078642024e+06 +6.078642024e+06
78700 0 +5.987408708e+06 +5.987379168e+06 +5.987379168e+06
79163 0 +5.689745612e+06 +5.689716072e+06 +5.689716072e+06
79205 0 +5.557744597e+06 +5.557715057e+06 +5.557715057e+06
79214 0 +5.450025772e+06 +5.449996232e+06 +5.449996232e+06
81219 0 +5.184203363e+06 +5.184173823e+06 +5.184173823e+06
81235 0 +5.072356876e+06 +5.072327336e+06 +5.072327336e+06
81270 0 +4.915358329e+06 +4.915328789e+06 +4.915328789e+06
98232 0 +4.860923548e+06 +4.860894008e+06 +4.860894008e+06
99723 0 +4.614225877e+06 +4.614196337e+06 +4.614196337e+06
99732 0 +4.591353652e+06 +4.591324112e+06 +4.591324112e+06
99765 0 +4.362967284e+06 +4.362937744e+06 +4.362937744e+06
102869 0 +4.091224824e+06 +4.091195284e+06 +4.091195284e+06
102871 0 +3.210824854e+06 +3.210795314e+06 +3.210795314e+06
102873 0 +2.423425665e+06 +2.423396125e+06 +2.423396125e+06
102875 0 +1.923090065e+06 +1.923060525e+06 +1.923060525e+06
102878 0 +1.667653786e+06 +1.667624246e+06 +1.667624246e+06
102879 0 +1.398337508e+06 +1.398307968e+06 +1.398307968e+06
102945 0 +1.222605363e+06 +1.222575823e+06 +1.222575823e+06
102949 0 +1.118575980e+06 +1.118546440e+06 +1.118546440e+06
102951 0 +7.333554853e+05 +7.333259453e+05 +7.333259453e+05
102953 0 +3.918322933e+05 +3.918027533e+05 +3.918027533e+05
103016 0 +3.482811638e+05 +3.482516238e+05 +3.482516238e+05
103031 0 +2.653503448e+05 +2.653208048e+05 +2.653208048e+05
103262 0 +2.501436015e+05 +2.501140615e+05 +2.501140615e+05
103280 0 +1.875011225e+05 +1.874715825e+05 +1.874715825e+05
103281 0 +9.346249858e+04 +9.343295858e+04 +9.343295858e+04
103427 0 +8.558597083e+04 +8.555643083e+04 +8.555643083e+04
103432 0 +7.830384064e+04 +7.827430064e+04 +7.827430064e+04
103437 0 +6.058464566e+04 +6.055510566e+04 +6.055510566e+04
103439 0 +3.976563276e+04 +3.973609276e+04 +3.973609276e+04
103442 0 +2.368708102e+04 +2.365754102e+04 +2.365754102e+04
103593 0 +2.057974131e+04 +2.055020131e+04 +2.055020131e+04
103595 0 +1.576348620e+04 +1.573394620e+04 +1.573394620e+04
103601 0 +5.740276324e+03 +5.710736324e+03 +5.710736324e+03
103741 0 +5.552706075e+03 +5.523166075e+03 +5.523166075e+03
103758 0 +3.798565629e+03 +3.769025629e+03 +3.769025629e+03
103759 0 +1.326480973e+03 +1.296940973e+03 +1.296940973e+03
103906 0 +1.220336748e+03 +1.190796748e+03 +1.190796748e+03
103912 0 +1.078625380e+03 +1.049085380e+03 +1.049085380e+03
103922 0 +1.532218067e+02 +1.236818067e+02 +1.236818067e+02
104071 0 +1.318726332e+02 +1.023326332e+02 +1.023326332e+02
104073 0 +1.124544167e+02 +8.291441674e+01 +8.291441674e+01
104076 0 +8.864988089e+01 +5.910988089e+01 +5.910988089e+01
104232 0 +7.881939501e+01 +4.927939501e+01 +4.927939501e+01
104235 0 +6.575030557e+01 +3.621030557e+01 +3.621030557e+01
104237 0 +3.943109664e+01 +9.891096635e+00 +9.891096635e+00
104240 0 +1.731746363e+01 -1.222253637e+01 -1.222253637e+01
104387 0 +1.530692109e+01 -1.423307891e+01 -1.423307891e+01
104391 0 +1.370280976e+01 -1.583719024e+01 -1.583719024e+01
104393 0 +1.245600941e+01 -1.708399059e+01 -1.708399059e+01
104396 0 +1.105586048e+01 -1.848413952e+01 -1.848413952e+01
104401 0 +6.163300299e+00 -2.337669970e+01 -2.337669970e+01
104554 0 +5.570415162e+00 -2.396958484e+01 -2.396958484e+01
104560 0 +2.468425806e+00 -2.707157419e+01 -2.707157419e+01
104562 0 +1.017791634e+00 -2.852220837e+01 -2.852220837e+01
104708 0 +9.652621413e-01 -2.857473786e+01 -2.857473786e+01
104711 0 +7.819067144e-01 -2.875809329e+01 -2.875809329e+01
104713 0 +6.762426934e-01 -2.886375731e+01 -2.886375731e+01
104716 0 +6.249838196e-01 -2.891501618e+01 -2.891501618e+01
104721 0 +3.907047489e-01 -2.914929525e+01 -2.914929525e+01
104875 0 +2.968326280e-01 -2.924316737e+01 -2.924316737e+01
104877 0 +1.798286402e-01 -2.936017136e+01 -2.936017136e+01
104882 0 +3.671546679e-02 -2.950328453e+01 -2.950328453e+01
105024 0 +3.391933017e-02 -2.950608067e+01 -2.950608067e+01
105027 0 +3.142895399e-02 -2.950857105e+01 -2.950857105e+01
105033 0 +1.821746283e-02 -2.952178254e+01 -2.952178254e+01
105182 0 +1.768333829e-02 -2.952231666e+01 -2.952231666e+01
105201 0 +4.363042680e-03 -2.953563696e+01 -2.953563696e+01
105352 0 +3.584443963e-03 -2.953641556e+01 -2.953641556e+01
105356 0 +2.470504842e-03 -2.953752950e+01 -2.953752950e+01
105360 0 +3.333309876e-04 -2.953966667e+01 -2.953966667e+01
105499 0 +3.099572288e-04 -2.953969004e+01 -2.953969004e+01
105509 0 +2.247763250e-04 -2.953977522e+01 -2.953977522e+01
105652 0 +2.231259022e-04 -2.953977687e+01 -2.953977687e+01
105674 0 +1.487088625e-04 -2.953985129e+01 -2.953985129e+01
105679 0 +1.132680408e-04 -2.953988673e+01 -2.953988673e+01
105825 0 +1.115042892e-04 -2.953988850e+01 -2.953988850e+01
105836 0 +8.110016944e-05 -2.953991890e+01 -2.953991890e+01
105837 0 +7.504783730e-05 -2.953992495e+01 -2.953992495e+01
105840 0 +4.809714880e-05 -2.953995190e+01 -2.953995190e+01
105842 0 +1.140248666e-05 -2.953998860e+01 -2.953998860e+01
105980 0 +1.108323166e-05 -2.953998892e+01 -2.953998892e+01
105991 0 +9.703284700e-06 -2.953999030e+01 -2.953999030e+01
105998 0 +5.631046779e-06 -2.953999437e+01 -2.953999437e+01
106131 0 +5.612066921e-06 -2.953999439e+01 -2.953999439e+01
106152 0 +4.581424999e-06 -2.953999542e+01 -2.953999542e+01
106153 0 +4.255762409e-06 -2.953999574e+01 -2.953999574e+01
106159 0 +3.004855742e-06 -2.953999700e+01 -2.953999700e+01
106161 0 +7.580467312e-07 -2.953999924e+01 -2.953999924e+01
106308 0 +6.637677075e-07 -2.953999934e+01 -2.953999934e+01
106314 0 +6.090260882e-07 -2.953999939e+01 -2.953999939e+01
106317 0 +4.235483857e-07 -2.953999958e+01 -2.953999958e+01
106320 0 +3.839310772e-07 -2.953999962e+01 -2.953999962e+01
106471 0 +3.375705653e-07 -2.953999966e+01 -2.953999966e+01
106473 0 +3.085876052e-07 -2.953999969e+01 -2.953999969e+01
106478 0 +2.798691980e-07 -2.953999972e+01 -2.953999972e+01
106479 0 +1.516780337e-07 -2.953999985e+01 -2.953999985e+01
106482 0 +4.034780687e-08 -2.953999996e+01 -2.953999996e+01
106625 0 +3.803154058e-08 -2.953999996e+01 -2.953999996e+01
106634 0 +3.509475377e-08 -2.953999996e+01 -2.953999996e+01
106637 0 +2.292211221e-08 -2.953999998e+01 -2.953999998e+01
106783 0 +2.218080652e-08 -2.953999998e+01 -2.953999998e+01
106790 0 +1.979860187e-08 -2.953999998e+01 -2.953999998e+01
106793 0 +1.568933072e-08 -2.953999998e+01 -2.953999998e+01
106798 0 +1.387179793e-08 -2.953999999e+01 -2.953999999e+01
106801 0 +2.253262466e-09 -2.954000000e+01 -2.954000000e+01
108077 0 +7.744915820e-13 -2.954000000e+01 -2.954000000e+01
400000 0 +1.421085472e-14 -2.954000000e+01 -2.954000000e+01
% f evaluations | g evaluations | best noise-free fitness - Fopt (5.625000000000e+01) + sum g_i+ | measured fitness | best measured fitness or single-digit g-values | x1 | x2...
1 0 +7.069335882e+06 +7.069392132e+06 +7.069392132e+06
2 0 +6.778494610e+06 +6.778550860e+06 +6.778550860e+06
6 0 +6.476983310e+06 +6.477039560e+06 +6.477039560e+06
17 0 +6.319188035e+06 +6.319244285e+06 +6.319244285e+06
27 0 +6.095639130e+06 +6.095695380e+06 +6.095695380e+06
36 0 +5.928426870e+06 +5.928483120e+06 +5.928483120e+06
38 0 +5.607210084e+06 +5.607266334e+06 +5.607266334e+06
119 0 +5.321069878e+06 +5.321126128e+06 +5.321126128e+06
13226 0 +5.262264850e+06 +5.262321100e+06 +5.262321100e+06
13740 0 +5.185204532e+06 +5.185260782e+06 +5.185260782e+06
17478 0 +4.041085224e+06 +4.041141474e+06 +4.041141474e+06
17490 0 +3.850891954e+06 +3.850948204e+06 +3.850948204e+06
17513 0 +3.786717379e+06 +3.786773629e+06 +3.786773629e+06
17514 0 +3.159151759e+06 +3.159208009e+06 +3.159208009e+06
17595 0 +3.072353672e+06 +3.072409922e+06 +3.072409922e+06
38845 0 +2.580690823e+06 +2.580747073e+06 +2.580747073e+06
39616 0 +2.500438036e+06 +2.500494286e+06 +2.500494286e+06
39652 0 +2.225867794e+06 +2.225924044e+06 +2.225924044e+06
59380 0 +2.145587114e+06 +2.145643364e+06 +2.145643364e+06
59381 0 +2.097611645e+06 +2.097667895e+06 +2.097667895e+06
59385 0 +1.917609878e+06 +1.917666128e+06 +1.917666128e+06
59395 0 +1.823488540e+06 +1.823544790e+06 +1.823544790e+06
59902 0 +1.795385364e+06 +1.795441614e+06 +1.795441614e+06
59906 0 +1.591338344e+06 +1.591394594e+06 +1.591394594e+06
59974 0 +1.575469123e+06 +1.575525373e+06 +1.575525373e+06
79230 0 +1.428162486e+06 +1.428218736e+06 +1.428218736e+06
79929 0 +1.281464981e+06 +1.281521231e+06 +1.281521231e+06
79931 0 +1.224917758e+06 +1.224974008e+06 +1.224974008e+06
79941 0 +1.148040639e+06 +1.148096889e+06 +1.148096889e+06
79948 0 +1.061135557e+06 +1.061191807e+06 +1.061191807e+06
79952 0 +9.962725649e+05 +9.963288149e+05 +9.963288149e+05
96831 0 +8.966643297e+05 +8.967205797e+05 +8.967205797e+05
99741 0 +8.741191099e+05 +8.741753599e+05 +8.741753599e+05
102859 0 +7.765611443e+05 +7.766173943e+05 +7.766173943e+05
102861 0 +7.059136457e+05 +7.059698957e+05 +7.059698957e+05
102868 0 +6.454041101e+05 +6.454603601e+05 +6.454603601e+05
102869 0 +5.267424764e+05 +5.267987264e+05 +5.267987264e+05
102874 0 +4.670592488e+05 +4.671154988e+05 +4.671154988e+05
102934 0 +4.333532169e+05 +4.334094669e+05 +4.334094669e+05
102936 0 +3.906480103e+05 +3.907042603e+05 +3.907042603e+05
102939 0 +3.544795921e+05 +3.545358421e+05 +3.545358421e+05
103016 0 +2.903625883e+05 +2.904188383e+05 +2.904188383e+05
103096 0 +2.788654679e+05 +2.789217179e+05 +2.789217179e+05
103273 0 +2.292734874e+05 +2.293297374e+05 +2.293297374e+05
103278 0 +2.192661794e+05 +2.193224294e+05 +2.193224294e+05
103282 0 +9.759024435e+04 +9.764649435e+04 +9.764649435e+04
103432 0 +8.591826630e+04 +8.597451630e+04 +8.597451630e+04
103436 0 +7.388615755e+04 +7.394240755e+04 +7.394240755e+04
103437 0 +4.811170893e+04 +4.816795893e+04 +4.816795893e+04
103440 0 +2.813861194e+04 +2.819486194e+04 +2.819486194e+04
103441 0 +2.289449424e+04 +2.295074424e+04 +2.295074424e+04
103587 0 +2.158413675e+04 +2.164038675e+04 +2.164038675e+04
103593 0 +1.950367866e+04 +1.955992866e+04 +1.955992866e+04
103595 0 +1.743995190e+04 +1.749620190e+04 +1.749620190e+04
103599 0 +1.582267616e+04 +1.587892616e+04 +1.587892616e+04
103602 0 +3.618122986e+03 +3.674372986e+03 +3.674372986e+03
103739 0 +3.512146629e+03 +3.568396629e+03 +3.568396629e+03
103745 0 +3.156281534e+03 +3.212531534e+03 +3.212531534e+03
103756 0 +2.756878233e+03 +2.813128233e+03 +2.813128233e+03
103760 0 +1.063659972e+03 +1.119909972e+03 +1.119909972e+03
103913 0 +7.848659530e+02 +8.411159530e+02 +8.411159530e+02
103915 0 +5.686691492e+02 +6.249191492e+02 +6.249191492e+02
103918 0 +4.306752942e+02 +4.869252942e+02 +4.869252942e+02
104077 0 +3.594499347e+02 +4.156999347e+02 +4.156999347e+02
104079 0 +2.370392074e+02 +2.932892074e+02 +2.932892074e+02
104081 0 +4.956578260e+01 +1.058157826e+02 +1.058157826e+02
104228 0 +4.361689998e+01 +9.986689998e+01 +9.986689998e+01
104232 0 +3.703726354e+01 +9.328726354e+01 +9.328726354e+01
104236 0 +2.190117685e+01 +7.815117685e+01 +7.815117685e+01
104238 0 +1.458209121e+01 +7.083209121e+01 +7.083209121e+01
104382 0 +1.410412861e+01 +7.035412861e+01 +7.035412861e+01
104397 0 +8.781906472e+00 +6.503190647e+01 +6.503190647e+01
104400 0 +6.339241678e+00 +6.258924168e+01 +6.258924168e+01
104534 0 +6.302094505e+00 +6.255209450e+01 +6.255209450e+01
104559 0 +4.559967017e+00 +6.080996702e+01 +6.080996702e+01
104562 0 +8.801023121e-01 +5.713010231e+01 +5.713010231e+01
104708 0 +7.495906454e-01 +5.699959065e+01 +5.699959065e+01
104712 0 +6.765853655e-01 +5.692658537e+01 +5.692658537e+01
104715 0 +4.659771550e-01 +5.671597715e+01 +5.671597715e+01
104718 0 +3.501582919e-01 +5.660015829e+01 +5.660015829e+01
104873 0 +2.903510408e-01 +5.654035104e+01 +5.654035104e+01
104877 0 +2.205879935e-01 +5.647058799e+01 +5.647058799e+01
104880 0 +4.210200100e-02 +5.629210200e+01 +5.629210200e+01
105026 0 +3.841575769e-02 +5.628841576e+01 +5.628841576e+01
105029 0 +3.351320868e-02 +5.628351321e+01 +5.628351321e+01
105032 0 +2.623942278e-02 +5.627623942e+01 +5.627623942e+01
105036 0 +1.147098460e-02 +5.626147098e+01 +5.626147098e+01
105181 0 +1.120575427e-02 +5.626120575e+01 +5.626120575e+01
105198 0 +3.919430708e-03 +5.625391943e+01 +5.625391943e+01
105346 0 +3.478795684e-03 +5.625347880e+01 +5.625347880e+01
105350 0 +3.118587811e-03 +5.625311859e+01 +5.625311859e+01
105353 0 +2.401920333e-03 +5.625240192e+01 +5.625240192e+01
105362 0 +1.518607381e-03 +5.625151861e+01 +5.625151861e+01
105511 0 +1.395737467e-03 +5.625139574e+01 +5.625139574e+01
105519 0 +6.973746659e-04 +5.625069737e+01 +5.625069737e+01
105521 0 +1.979062430e-04 +5.625019791e+01 +5.625019791e+01
105672 0 +1.609556274e-04 +5.625016096e+01 +5.625016096e+01
105676 0 +1.264625204e-04 +5.625012646e+01 +5.625012646e+01
105677 0 +8.590085218e-05 +5.625008590e+01 +5.625008590e+01
105830 0 +7.811040533e-05 +5.625007811e+01 +5.625007811e+01
105834 0 +6.939294712e-05 +5.625006939e+01 +5.625006939e+01
105838 0 +6.068777522e-05 +5.625006069e+01 +5.625006069e+01
105842 0 +1.424535636e-05 +5.625001425e+01 +5.625001425e+01
105976 0 +1.411146573e-05 +5.625001411e+01 +5.625001411e+01
105989 0 +1.257669244e-05 +5.625001258e+01 +5.625001258e+01
105993 0 +1.082602608e-05 +5.625001083e+01 +5.625001083e+01
105996 0 +8.379670064e-06 +5.625000838e+01 +5.625000838e+01
105997 0 +2.971894872e-06 +5.625000297e+01 +5.625000297e+01
106143 0 +2.796705814e-06 +5.625000280e+01 +5.625000280e+01
106154 0 +1.993958136e-06 +5.625000199e+01 +5.625000199e+01
106310 0 +1.745156453e-06 +5.625000175e+01 +5.625000175e+01
106315 0 +1.437770216e-06 +5.625000144e+01 +5.625000144e+01
106318 0 +1.394313266e-06 +5.625000139e+01 +5.625000139e+01
106319 0 +8.346711695e-07 +5.625000083e+01 +5.625000083e+01
106321 0 +1.677417814e-07 +5.625000017e+01 +5.625000017e+01
106467 0 +1.481021314e-07 +5.625000015e+01 +5.625000015e+01
106473 0 +1.286846469e-07 +5.625000013e+01 +5.625000013e+01
106477 0 +4.513368168e-08 +5.625000005e+01 +5.625000005e+01
106618 0 +4.445860213e-08 +5.625000004e+01 +5.625000004e+01
106632 0 +3.513233082e-08 +5.625000004e+01 +5.625000004e+01
106634 0 +2.834380552e-08 +5.625000003e+01 +5.625000003e+01
106636 0 +2.040999192e-08 +5.625000002e+01 +5.625000002e+01
106781 0 +1.978546038e-08 +5.625000002e+01 +5.625000002e+01
106790 0 +1.761939927e-08 +5.625000002e+01 +5.625000002e+01
106795 0 +1.502306191e-08 +5.625000002e+01 +5.625000002e+01
106802 0 +2.679065858e-09 +5.625000000e+01 +5.625000000e+01
108078 0 +7.602807273e-13 +5.625000000e+01 +5.625000000e+01
400000 0 +2.131628207e-14 +5.625000000e+01 +5.625000000e+01
% f evaluations | g evaluations | best noise-free fitness - Fopt (4.153000000000e+01) + sum g_i+ | measured fitness | best measured fitness or single-digit g-values | x1 | x2...
1 0 +1.330311579e+07 +1.330315732e+07 +1.330315732e+07
3 0 +1.264708735e+07 +1.264712888e+07 +1.264712888e+07
7 0 +1.042535875e+07 +1.042540028e+07 +1.042540028e+07
19 0 +1.018751512e+07 +1.018755665e+07 +1.018755665e+07
103 0 +9.489400413e+06 +9.489441943e+06 +9.489441943e+06
13210 0 +9.396463455e+06 +9.396504985e+06 +9.396504985e+06
14752 0 +9.191565973e+06 +9.191607503e+06 +9.191607503e+06
16551 0 +8.766113656e+06 +8.766155186e+06 +8.766155186e+06
17997 0 +7.708474285e+06 +7.708515815e+06 +7.708515815e+06
18093 0 +6.931093279e+06 +6.931134809e+06 +6.931134809e+06
18560 0 +6.851939030e+06 +6.851980560e+06 +6.851980560e+06
18651 0 +6.696854785e+06 +6.696896315e+06 +6.696896315e+06
37057 0 +6.530034442e+06 +6.530075972e+06 +6.530075972e+06
37066 0 +6.242675350e+06 +6.242716880e+06 +6.242716880e+06
38553 0 +5.778257234e+06 +5.778298764e+06 +5.778298764e+06
38555 0 +5.528512286e+06 +5.528553816e+06 +5.528553816e+06
38557 0 +5.328319055e+06 +5.328360585e+06 +5.328360585e+06
38569 0 +5.155392747e+06 +5.155434277e+06 +5.155434277e+06
38594 0 +4.916428350e+06 +4.916469880e+06 +4.916469880e+06
38697 0 +4.890211175e+06 +4.890252705e+06 +4.890252705e+06
40679 0 +4.621548598e+06 +4.621590128e+06 +4.621590128e+06
57612 0 +4.526665927e+06 +4.526707457e+06 +4.526707457e+06
57713 0 +4.489334377e+06 +4.489375907e+06 +4.489375907e+06
57802 0 +4.458605941e+06 +4.458647471e+06 +4.458647471e+06
61168 0 +3.440659197e+06 +3.440700727e+06 +3.440700727e+06
61169 0 +3.078303701e+06 +3.078345231e+06 +3.078345231e+06
61173 0 +2.803386953e+06 +2.803428483e+06 +2.803428483e+06
61223 0 +2.780914027e+06 +2.780955557e+06 +2.780955557e+06
61269 0 +2.660900959e+06 +2.660942489e+06 +2.660942489e+06
76432 0 +2.592558723e+06 +2.592600253e+06 +2.592600253e+06
78135 0 +2.429678207e+06 +2.429719737e+06 +2.429719737e+06
78185 0 +2.391835871e+06 +2.391877401e+06 +2.391877401e+06
79773 0 +2.291560716e+06 +2.291602246e+06 +2.291602246e+06
98695 0 +2.213427256e+06 +2.213468786e+06 +2.213468786e+06
98732 0 +2.179111285e+06 +2.179152815e+06 +2.179152815e+06
98791 0 +2.087935979e+06 +2.087977509e+06 +2.087977509e+06
102861 0 +1.906162202e+06 +1.906203732e+06 +1.906203732e+06
102863 0 +1.815778078e+06 +1.815819608e+06 +1.815819608e+06
102865 0 +1.637215263e+06 +1.637256793e+06 +1.637256793e+06
102867 0 +1.326274672e+06 +1.326316202e+06 +1.326316202e+06
102871 0 +1.175306204e+06 +1.175347734e+06 +1.175347734e+06
102875 0 +1.022721562e+06 +1.022763092e+06 +1.022763092e+06
102877 0 +9.694961082e+05 +9.695376382e+05 +9.695376382e+05
102934 0 +8.995475653e+05 +8.995890953e+05 +8.995890953e+05
102938 0 +8.559917577e+05 +8.560332877e+05 +8.560332877e+05
102940 0 +7.705037470e+05 +7.705452770e+05 +7.705452770e+05
102943 0 +6.892113269e+05 +6.892528569e+05 +6.892528569e+05
102945 0 +6.238712108e+05 +6.239127408e+05 +6.239127408e+05
102947 0 +4.752877450e+05 +4.753292750e+05 +4.753292750e+05
103014 0 +4.401727668e+05 +4.402142968e+05 +4.402142968e+05
103020 0 +3.514323700e+05 +3.514739000e+05 +3.514739000e+05
103100 0 +3.159238054e+05 +3.159653354e+05 +3.159653354e+05
103273 0 +2.666280037e+05 +2.666695337e+05 +2.666695337e+05
103278 0 +1.585732716e+05 +1.586148016e+05 +1.586148016e+05
103281 0 +6.941738808e+04 +6.945891808e+04 +6.945891808e+04
103427 0 +6.013813912e+04 +6.017966912e+04 +6.017966912e+04
103435 0 +3.953876159e+04 +3.958029159e+04 +3.958029159e+04
103442 0 +1.946788251e+04 +1.950941251e+04 +1.950941251e+04
103599 0 +1.083948202e+04 +1.088101202e+04 +1.088101202e+04
103601 0 +3.533772084e+03 +3.575302084e+03 +3.575302084e+03
103750 0 +3.158867540e+03 +3.200397540e+03 +3.200397540e+03
103757 0 +2.441004836e+03 +2.482534836e+03 +2.482534836e+03
103762 0 +1.899912642e+03 +1.941442642e+03 +1.941442642e+03
103911 0 +1.646759200e+03 +1.688289200e+03 +1.688289200e+03
103913 0 +1.492476410e+03 +1.534006410e+03 +1.534006410e+03
103918 0 +1.276360590e+03 +1.317890590e+03 +1.317890590e+03
103920 0 +1.009573294e+03 +1.051103294e+03 +1.051103294e+03
103921 0 +1.837230082e+02 +2.252530082e+02 +2.252530082e+02
104067 0 +1.596539636e+02 +2.011839636e+02 +2.011839636e+02
104069 0 +1.469396759e+02 +1.884696759e+02 +1.884696759e+02
104077 0 +1.327714624e+02 +1.743014624e+02 +1.743014624e+02
104079 0 +9.556602449e+01 +1.370960245e+02 +1.370960245e+02
104234 0 +8.036092221e+01 +1.218909222e+02 +1.218909222e+02
104236 0 +6.994638563e+01 +1.114763856e+02 +1.114763856e+02
104238 0 +4.752677350e+01 +8.905677350e+01 +8.905677350e+01
104240 0 +2.247699019e+01 +6.400699019e+01 +6.400699019e+01
104372 0 +2.238541779e+01 +6.391541779e+01 +6.391541779e+01
104402 0 +3.445483529e+00 +4.497548353e+01 +4.497548353e+01
104556 0 +2.048737404e+00 +4.357873740e+01 +4.357873740e+01
104559 0 +6.927048667e-01 +4.222270487e+01 +4.222270487e+01
104705 0 +6.192118946e-01 +4.214921189e+01 +4.214921189e+01
104713 0 +3.943462086e-01 +4.192434621e+01 +4.192434621e+01
104717 0 +3.095771688e-01 +4.183957717e+01 +4.183957717e+01
104867 0 +2.801746776e-01 +4.181017468e+01 +4.181017468e+01
104871 0 +2.340017740e-01 +4.176400177e+01 +4.176400177e+01
104878 0 +1.535181149e-01 +4.168351811e+01 +4.168351811e+01
104880 0 +4.463732919e-02 +4.157463733e+01 +4.157463733e+01
105041 0 +2.842938848e-02 +4.155842939e+01 +4.155842939e+01
105182 0 +2.799008334e-02 +4.155799008e+01 +4.155799008e+01
105194 0 +2.369493061e-02 +4.155369493e+01 +4.155369493e+01
105197 0 +1.835838563e-02 +4.154835839e+01 +4.154835839e+01
105199 0 +1.032213728e-02 +4.154032214e+01 +4.154032214e+01
105202 0 +2.849013013e-03 +4.153284901e+01 +4.153284901e+01
105331 0 +2.817306963e-03 +4.153281731e+01 +4.153281731e+01
105353 0 +2.469807100e-03 +4.153246981e+01 +4.153246981e+01
105355 0 +1.836897837e-03 +4.153183690e+01 +4.153183690e+01
105505 0 +1.753669651e-03 +4.153175367e+01 +4.153175367e+01
105514 0 +1.439453598e-03 +4.153143945e+01 +4.153143945e+01
105516 0 +1.404687349e-03 +4.153140469e+01 +4.153140469e+01
105518 0 +1.215413818e-03 +4.153121541e+01 +4.153121541e+01
105521 0 +2.960712469e-04 +4.153029607e+01 +4.153029607e+01
105668 0 +2.694197128e-04 +4.153026942e+01 +4.153026942e+01
105675 0 +1.935974860e-04 +4.153019360e+01 +4.153019360e+01
105679 0 +4.190757601e-05 +4.153004191e+01 +4.153004191e+01
105826 0 +3.794684914e-05 +4.153003795e+01 +4.153003795e+01
105838 0 +7.033046394e-06 +4.153000703e+01 +4.153000703e+01
105989 0 +5.079001866e-06 +4.153000508e+01 +4.153000508e+01
105993 0 +3.711999156e-06 +4.153000371e+01 +4.153000371e+01
106145 0 +3.504477974e-06 +4.153000350e+01 +4.153000350e+01
106151 0 +3.112658085e-06 +4.153000311e+01 +4.153000311e+01
106156 0 +1.947621080e-06 +4.153000195e+01 +4.153000195e+01
106160 0 +1.463788081e-06 +4.153000146e+01 +4.153000146e+01
106308 0 +1.401484589e-06 +4.153000140e+01 +4.153000140e+01
106313 0 +1.209872380e-06 +4.153000121e+01 +4.153000121e+01
106319 0 +7.769278412e-07 +4.153000078e+01 +4.153000078e+01
106322 0 +1.487046433e-07 +4.153000015e+01 +4.153000015e+01
106464 0 +1.392357163e-07 +4.153000014e+01 +4.153000014e+01
106470 0 +1.244025185e-07 +4.153000012e+01 +4.153000012e+01
106471 0 +9.797157219e-08 +4.153000010e+01 +4.153000010e+01
106478 0 +8.653466210e-08 +4.153000009e+01 +4.153000009e+01
106629 0 +7.715971151e-08 +4.153000008e+01 +4.153000008e+01
106636 0 +5.965689809e-08 +4.153000006e+01 +4.153000006e+01
106637 0 +4.025318390e-08 +4.153000004e+01 +4.153000004e+01
106640 0 +2.741254690e-08 +4.153000003e+01 +4.153000003e+01
106641 0 +2.212232886e-08 +4.153000002e+01 +4.153000002e+01
106794 0 +1.872670197e-08 +4.153000002e+01 +4.153000002e+01
106799 0 +1.338322164e-08 +4.153000001e+01 +4.153000001e+01
106802 0 +2.131081089e-09 +4.153000000e+01 +4.153000000e+01
108081 0 +9.521272659e-13 +4.153000000e+01 +4.153000000e+01
400000 0 +2.842170943e-14 +4.153000000e+01 +4.153000000e+01
% f evaluations | g evaluations | best noise-free fitness - Fopt (-1.907000000000e+01) + sum g_i+ | measured fitness | best measured fitness or single-digit g-values | x1 | x2...
1 0 +1.349866601e+07 +1.349864694e+07 +1.349864694e+07
2 0 +1.179083498e+07 +1.179081591e+07 +1.179081591e+07
13 0 +1.158928200e+07 +1.158926293e+07 +1.158926293e+07
28 0 +9.426035590e+06 +9.426016520e+06 +9.426016520e+06
74 0 +8.712712371e+06 +8.712693301e+06 +8.712693301e+06
11896 0 +8.685732399e+06 +8.685713329e+06 +8.685713329e+06
14466 0 +8.575377964e+06 +8.575358894e+06 +8.575358894e+06
16265 0 +8.447084597e+06 +8.447065527e+06 +8.447065527e+06
16522 0 +8.364777589e+06 +8.364758519e+06 +8.364758519e+06
17293 0 +7.891910509e+06 +7.891891439e+06 +7.891891439e+06
18789 0 +6.946661933e+06 +6.946642863e+06 +6.946642863e+06
18795 0 +6.860881984e+06 +6.860862914e+06 +6.860862914e+06
18835 0 +6.438669104e+06 +6.438650034e+06 +6.438650034e+06
18991 0 +6.383519754e+06 +6.383500684e+06 +6.383500684e+06
38858 0 +6.270028948e+06 +6.270009878e+06 +6.270009878e+06
38943 0 +6.085464728e+06 +6.085445658e+06 +6.085445658e+06
39037 0 +5.975383083e+06 +5.975364013e+06 +5.975364013e+06
39886 0 +5.853151654e+06 +5.853132584e+06 +5.853132584e+06
39926 0 +5.710404582e+06 +5.710385512e+06 +5.710385512e+06
40120 0 +5.300879342e+06 +5.300860272e+06 +5.300860272e+06
40143 0 +5.279440312e+06 +5.279421242e+06 +5.279421242e+06
40322 0 +5.084455755e+06 +5.084436685e+06 +5.084436685e+06
59380 0 +4.898462594e+06 +4.898443524e+06 +4.898443524e+06
59395 0 +4.613600526e+06 +4.613581456e+06 +4.613581456e+06
59418 0 +4.427584350e+06 +4.427565280e+06 +4.427565280e+06
59570 0 +4.379897865e+06 +4.379878795e+06 +4.379878795e+06
60408 0 +4.259018533e+06 +4.258999463e+06 +4.258999463e+06
60446 0 +3.887278981e+06 +3.887259911e+06 +3.887259911e+06
79972 0 +3.739380922e+06 +3.739361852e+06 +3.739361852e+06
80957 0 +3.681649128e+06 +3.681630058e+06 +3.681630058e+06
80958 0 +3.376071498e+06 +3.376052428e+06 +3.376052428e+06
81037 0 +3.276580574e+06 +3.276561504e+06 +3.276561504e+06
98434 0 +3.198444688e+06 +3.198425618e+06 +3.198425618e+06
98546 0 +3.160771857e+06 +3.160752787e+06 +3.160752787e+06
99464 0 +3.099102734e+06 +3.099083664e+06 +3.099083664e+06
100490 0 +2.837554333e+06 +2.837535263e+06 +2.837535263e+06
100492 0 +2.804532772e+06 +2.804513702e+06 +2.804513702e+06
100507 0 +2.790544802e+06 +2.790525732e+06 +2.790525732e+06
102863 0 +2.623542088e+06 +2.623523018e+06 +2.623523018e+06
102866 0 +2.377538956e+06 +2.377519886e+06 +2.377519886e+06
102867 0 +2.103307506e+06 +2.103288436e+06 +2.103288436e+06
102870 0 +1.735048781e+06 +1.735029711e+06 +1.735029711e+06
102872 0 +1.648783760e+06 +1.648764690e+06 +1.648764690e+06
102874 0 +9.787749072e+05 +9.787558372e+05 +9.787558372e+05
102878 0 +8.629581895e+05 +8.629391195e+05 +8.629391195e+05
102939 0 +7.917590019e+05 +7.917399319e+05 +7.917399319e+05
102946 0 +5.360739809e+05 +5.360549109e+05 +5.360549109e+05
102947 0 +4.152943864e+05 +4.152753164e+05 +4.152753164e+05
102950 0 +3.052229343e+05 +3.052038643e+05 +3.052038643e+05
102954 0 +2.471881765e+05 +2.471691065e+05 +2.471691065e+05
103026 0 +1.851292694e+05 +1.851101994e+05 +1.851101994e+05
103273 0 +1.550176346e+05 +1.549985646e+05 +1.549985646e+05
103277 0 +1.027177841e+05 +1.026987141e+05 +1.026987141e+05
103431 0 +9.345736158e+04 +9.343829158e+04 +9.343829158e+04
103435 0 +7.036284111e+04 +7.034377111e+04 +7.034377111e+04
103441 0 +1.638854574e+04 +1.636947574e+04 +1.636947574e+04
103581 0 +1.561304944e+04 +1.559397944e+04 +1.559397944e+04
103587 0 +1.401966696e+04 +1.400059696e+04 +1.400059696e+04
103593 0 +1.150829255e+04 +1.148922255e+04 +1.148922255e+04
103597 0 +5.949037492e+03 +5.929967492e+03 +5.929967492e+03
103600 0 +3.842423132e+03 +3.823353132e+03 +3.823353132e+03
103752 0 +3.334600760e+03 +3.315530760e+03 +3.315530760e+03
103759 0 +1.965825480e+03 +1.946755480e+03 +1.946755480e+03
103909 0 +1.700762184e+03 +1.681692184e+03 +1.681692184e+03
103914 0 +1.528784777e+03 +1.509714777e+03 +1.509714777e+03
103918 0 +1.281195690e+03 +1.262125690e+03 +1.262125690e+03
103920 0 +1.202175674e+03 +1.183105674e+03 +1.183105674e+03
103921 0 +2.731715222e+02 +2.541015222e+02 +2.541015222e+02
104071 0 +2.295155321e+02 +2.104455321e+02 +2.104455321e+02
104076 0 +1.836911001e+02 +1.646211001e+02 +1.646211001e+02
104079 0 +4.685379665e+01 +2.778379665e+01 +2.778379665e+01
104221 0 +4.394306047e+01 +2.487306047e+01 +2.487306047e+01
104237 0 +1.422093370e+01 -4.849066301e+00 -4.849066301e+00
104372 0 +1.411532426e+01 -4.954675741e+00 -4.954675741e+00
104387 0 +1.245952736e+01 -6.610472640e+00 -6.610472640e+00
104392 0 +1.092217383e+01 -8.147826166e+00 -8.147826166e+00
104394 0 +7.741311141e+00 -1.132868886e+01 -1.132868886e+01
104395 0 +3.700009444e+00 -1.536999056e+01 -1.536999056e+01
104549 0 +3.475521330e+00 -1.559447867e+01 -1.559447867e+01
104560 0 +1.275794677e+00 -1.779420532e+01 -1.779420532e+01
104700 0 +1.253339930e+00 -1.781666007e+01 -1.781666007e+01
104710 0 +1.102854028e+00 -1.796714597e+01 -1.796714597e+01
104721 0 +2.604641182e-01 -1.880953588e+01 -1.880953588e+01
104871 0 +2.410964654e-01 -1.882890353e+01 -1.882890353e+01
104873 0 +1.900756368e-01 -1.887992436e+01 -1.887992436e+01
104876 0 +1.379456767e-01 -1.893205432e+01 -1.893205432e+01
104878 0 +6.740824467e-02 -1.900259176e+01 -1.900259176e+01
105027 0 +6.044122843e-02 -1.900955877e+01 -1.900955877e+01
105032 0 +5.470405131e-02 -1.901529595e+01 -1.901529595e+01
105039 0 +2.076828694e-02 -1.904923171e+01 -1.904923171e+01
105185 0 +1.983477939e-02 -1.905016522e+01 -1.905016522e+01
105195 0 +1.433695146e-02 -1.905566305e+01 -1.905566305e+01
105197 0 +8.402403591e-03 -1.906159760e+01 -1.906159760e+01
105202 0 +2.619344247e-03 -1.906738066e+01 -1.906738066e+01
105342 0 +2.441184963e-03 -1.906755882e+01 -1.906755882e+01
105349 0 +2.236413782e-03 -1.906776359e+01 -1.906776359e+01
105352 0 +1.950088530e-03 -1.906804991e+01 -1.906804991e+01
105361 0 +1.109579563e-03 -1.906889042e+01 -1.906889042e+01
105514 0 +8.985358585e-04 -1.906910146e+01 -1.906910146e+01
105520 0 +7.067372057e-04 -1.906929326e+01 -1.906929326e+01
105522 0 +2.525970413e-04 -1.906974740e+01 -1.906974740e+01
105654 0 +2.507125977e-04 -1.906974929e+01 -1.906974929e+01
105672 0 +2.018957239e-04 -1.906979810e+01 -1.906979810e+01
105676 0 +1.415178738e-04 -1.906985848e+01 -1.906985848e+01
105679 0 +9.459230546e-05 -1.906990541e+01 -1.906990541e+01
105829 0 +8.341666447e-05 -1.906991658e+01 -1.906991658e+01
105838 0 +6.076316179e-05 -1.906993924e+01 -1.906993924e+01
105840 0 +4.685306453e-05 -1.906995315e+01 -1.906995315e+01
105841 0 +1.427994443e-05 -1.906998572e+01 -1.906998572e+01
105982 0 +1.399913065e-05 -1.906998600e+01 -1.906998600e+01
105991 0 +1.225064790e-05 -1.906998775e+01 -1.906998775e+01
105994 0 +1.098747188e-05 -1.906998901e+01 -1.906998901e+01
105995 0 +9.602173854e-06 -1.906999040e+01 -1.906999040e+01
105999 0 +6.053620165e-06 -1.906999395e+01 -1.906999395e+01
106145 0 +5.612904218e-06 -1.906999439e+01 -1.906999439e+01
106156 0 +4.957540447e-06 -1.906999504e+01 -1.906999504e+01
106157 0 +4.077360675e-06 -1.906999592e+01 -1.906999592e+01
106160 0 +3.546238791e-06 -1.906999645e+01 -1.906999645e+01
106162 0 +1.301484328e-06 -1.906999870e+01 -1.906999870e+01
106307 0 +1.211413039e-06 -1.906999879e+01 -1.906999879e+01
106312 0 +1.115973365e-06 -1.906999888e+01 -1.906999888e+01
106314 0 +9.524861753e-07 -1.906999905e+01 -1.906999905e+01
106315 0 +8.243547853e-07 -1.906999918e+01 -1.906999918e+01
106319 0 +3.786022198e-07 -1.906999962e+01 -1.906999962e+01
106471 0 +3.502066761e-07 -1.906999965e+01 -1.906999965e+01
106477 0 +2.386652511e-07 -1.906999976e+01 -1.906999976e+01
106481 0 +4.865843906e-08 -1.906999995e+01 -1.906999995e+01
106628 0 +4.404311937e-08 -1.906999996e+01 -1.906999996e+01
106629 0 +3.975717888e-08 -1.906999996e+01 -1.906999996e+01
106635 0 +3.118515579e-08 -1.906999997e+01 -1.906999997e+01
106640 0 +1.201399868e-08 -1.906999999e+01 -1.906999999e+01
106787 0 +1.118103299e-08 -1.906999999e+01 -1.906999999e+01
106791 0 +9.003930046e-09 -1.906999999e+01 -1.906999999e+01
108078 0 +8.739675650e-13 -1.907000000e+01 -1.907000000e+01
400000 0 +1.421085472e-14 -1.907000000e+01 -1.907000000e+01
% f evaluations | g evaluations | best noise-free fitness - Fopt (-9.299000000000e+01) + sum g_i+ | measured fitness | best measured fitness or single-digit g-values | x1 | x2...
1 0 +1.053972701e+07 +1.053963402e+07 +1.053963402e+07
7 0 +1.044546236e+07 +1.044536937e+07 +1.044536937e+07
8 0 +1.035957616e+07 +1.035948317e+07 +1.035948317e+07
14 0 +1.007934859e+07 +1.007925560e+07 +1.007925560e+07
20 0 +9.042883436e+06 +9.042790446e+06 +9.042790446e+06
32 0 +8.436173335e+06 +8.436080345e+06 +8.436080345e+06
76 0 +8.241904291e+06 +8.241811301e+06 +8.241811301e+06
203 0 +7.316320873e+06 +7.316227883e+06 +7.316227883e+06
12282 0 +7.274012089e+06 +7.273919099e+06 +7.273919099e+06
15623 0 +6.954267116e+06 +6.954174126e+06 +6.954174126e+06
16394 0 +6.752731192e+06 +6.752638202e+06 +6.752638202e+06
17422 0 +6.013147689e+06 +6.013054699e+06 +6.013054699e+06
19283 0 +5.995361686e+06 +5.995268696e+06 +5.995268696e+06
19307 0 +5.535560272e+06 +5.535467282e+06 +5.535467282e+06
19335 0 +5.443640187e+06 +5.443547197e+06 +5.443547197e+06
19408 0 +5.255502848e+06 +5.255409858e+06 +5.255409858e+06
19477 0 +5.043123924e+06 +5.043030934e+06 +5.043030934e+06
36953 0 +4.838733235e+06 +4.838640245e+06 +4.838640245e+06
37811 0 +4.715587178e+06 +4.715494188e+06 +4.715494188e+06
37839 0 +4.555390492e+06 +4.555297502e+06 +4.555297502e+06
37912 0 +4.455167558e+06 +4.455074568e+06 +4.455074568e+06
37981 0 +4.253513805e+06 +4.253420815e+06 +4.253420815e+06
57513 0 +4.186252770e+06 +4.186159780e+06 +4.186159780e+06
59161 0 +3.866869728e+06 +3.866776738e+06 +3.866776738e+06
59313 0 +3.684593188e+06 +3.684500198e+06 +3.684500198e+06
77929 0 +3.573907770e+06 +3.573814780e+06 +3.573814780e+06
79462 0 +3.526742835e+06 +3.526649845e+06 +3.526649845e+06
79471 0 +3.457086521e+06 +3.456993531e+06 +3.456993531e+06
79678 0 +3.308914794e+06 +3.308821804e+06 +3.308821804e+06
79867 0 +3.285518327e+06 +3.285425337e+06 +3.285425337e+06
97736 0 +3.191824802e+06 +3.191731812e+06 +3.191731812e+06
97885 0 +3.144863659e+06 +3.144770669e+06 +3.144770669e+06
98439 0 +3.097997786e+06 +3.097904796e+06 +3.097904796e+06
99981 0 +2.971528780e+06 +2.971435790e+06 +2.971435790e+06
100198 0 +2.899773691e+06 +2.899680701e+06 +2.899680701e+06
100752 0 +2.796689278e+06 +2.796596288e+06 +2.796596288e+06
102863 0 +2.575317099e+06 +2.575224109e+06 +2.575224109e+06
102866 0 +2.234430244e+06 +2.234337254e+06 +2.234337254e+06
102867 0 +2.085679740e+06 +2.085586750e+06 +2.085586750e+06
102870 0 +1.857825671e+06 +1.857732681e+06 +1.857732681e+06
102872 0 +1.365122668e+06 +1.365029678e+06 +1.365029678e+06
102873 0 +1.140760441e+06 +1.140667451e+06 +1.140667451e+06
102875 0 +9.151744984e+05 +9.150815084e+05 +9.150815084e+05
102928 0 +8.999088962e+05 +8.998159062e+05 +8.998159062e+05
102930 0 +8.874473282e+05 +8.873543382e+05 +8.873543382e+05
102943 0 +7.372526811e+05 +7.371596911e+05 +7.371596911e+05
102946 0 +5.562695654e+05 +5.561765754e+05 +5.561765754e+05
102952 0 +4.796410572e+05 +4.795480672e+05 +4.795480672e+05
103014 0 +4.422915094e+05 +4.421985194e+05 +4.421985194e+05
103026 0 +3.048722020e+05 +3.047792120e+05 +3.047792120e+05
103253 0 +2.999245480e+05 +2.998315580e+05 +2.998315580e+05
103268 0 +2.673939271e+05 +2.673009371e+05 +2.673009371e+05
103280 0 +1.802139144e+05 +1.801209244e+05 +1.801209244e+05
103281 0 +8.705470051e+04 +8.696171051e+04 +8.696171051e+04
103432 0 +7.092461606e+04 +7.083162606e+04 +7.083162606e+04
103437 0 +4.878176294e+04 +4.868877294e+04 +4.868877294e+04
103439 0 +4.099914887e+04 +4.090615887e+04 +4.090615887e+04
103442 0 +2.420934845e+04 +2.411635845e+04 +2.411635845e+04
103596 0 +1.864595119e+04 +1.855296119e+04 +1.855296119e+04
103600 0 +1.246803199e+04 +1.237504199e+04 +1.237504199e+04
103601 0 +3.142076758e+03 +3.049086758e+03 +3.049086758e+03
103747 0 +2.682826479e+03 +2.589836479e+03 +2.589836479e+03
103750 0 +2.395190730e+03 +2.302200730e+03 +2.302200730e+03
103758 0 +2.090958616e+03 +1.997968616e+03 +1.997968616e+03
103914 0 +1.959674292e+03 +1.866684292e+03 +1.866684292e+03
103917 0 +1.566653526e+03 +1.473663526e+03 +1.473663526e+03
103919 0 +1.136663224e+03 +1.043673224e+03 +1.043673224e+03
103922 0 +1.976328633e+02 +1.046428633e+02 +1.046428633e+02
104065 0 +1.723190066e+02 +7.932900660e+01 +7.932900660e+01
104069 0 +1.513542665e+02 +5.836426650e+01 +5.836426650e+01
104072 0 +1.342479628e+02 +4.125796278e+01 +4.125796278e+01
104073 0 +1.163741510e+02 +2.338415099e+01 +2.338415099e+01
104075 0 +6.369940170e+01 -2.929059830e+01 -2.929059830e+01
104218 0 +6.254518491e+01 -3.044481509e+01 -3.044481509e+01
104234 0 +5.459945585e+01 -3.839054415e+01 -3.839054415e+01
104238 0 +4.874219608e+01 -4.424780392e+01 -4.424780392e+01
104240 0 +1.681562561e+01 -7.617437439e+01 -7.617437439e+01
104388 0 +1.565328942e+01 -7.733671058e+01 -7.733671058e+01
104392 0 +1.290599196e+01 -8.008400804e+01 -8.008400804e+01
104393 0 +1.186618374e+01 -8.112381626e+01 -8.112381626e+01
104396 0 +8.788531840e+00 -8.420146816e+01 -8.420146816e+01
104397 0 +3.483322248e+00 -8.950667775e+01 -8.950667775e+01
104549 0 +3.049771617e+00 -8.994022838e+01 -8.994022838e+01
104554 0 +2.578381030e+00 -9.041161897e+01 -9.041161897e+01
104561 0 +1.172379821e+00 -9.181762018e+01 -9.181762018e+01
104708 0 +1.090412667e+00 -9.189958733e+01 -9.189958733e+01
104715 0 +8.476503547e-01 -9.214234965e+01 -9.214234965e+01
104719 0 +7.216427108e-01 -9.226835729e+01 -9.226835729e+01
104722 0 +5.706863036e-01 -9.241931370e+01 -9.241931370e+01
104865 0 +5.512604738e-01 -9.243873953e+01 -9.243873953e+01
104871 0 +4.998704295e-01 -9.249012957e+01 -9.249012957e+01
104873 0 +4.451775239e-01 -9.254482248e+01 -9.254482248e+01
104878 0 +3.246345903e-01 -9.266536541e+01 -9.266536541e+01
104880 0 +2.126619855e-01 -9.277733801e+01 -9.277733801e+01
104881 0 +2.633073337e-02 -9.296366927e+01 -9.296366927e+01
105024 0 +2.376828453e-02 -9.296623172e+01 -9.296623172e+01
105027 0 +1.980523573e-02 -9.297019476e+01 -9.297019476e+01
105192 0 +1.757066368e-02 -9.297242934e+01 -9.297242934e+01
105195 0 +1.303142529e-02 -9.297696857e+01 -9.297696857e+01
105199 0 +5.182237498e-03 -9.298481776e+01 -9.298481776e+01
105350 0 +4.668934031e-03 -9.298533107e+01 -9.298533107e+01
105357 0 +4.203446229e-03 -9.298579655e+01 -9.298579655e+01
105362 0 +7.615428370e-04 -9.298923846e+01 -9.298923846e+01
105503 0 +7.077715394e-04 -9.298929223e+01 -9.298929223e+01
105511 0 +5.522521300e-04 -9.298944775e+01 -9.298944775e+01
105518 0 +3.533370608e-04 -9.298964666e+01 -9.298964666e+01
105520 0 +1.656603035e-04 -9.298983434e+01 -9.298983434e+01
105661 0 +1.574729625e-04 -9.298984253e+01 -9.298984253e+01
105679 0 +1.039449007e-04 -9.298989606e+01 -9.298989606e+01
105832 0 +9.797772179e-05 -9.298990202e+01 -9.298990202e+01
105833 0 +8.524200962e-05 -9.298991476e+01 -9.298991476e+01
105837 0 +5.580358254e-05 -9.298994420e+01 -9.298994420e+01
105840 0 +4.380164390e-05 -9.298995620e+01 -9.298995620e+01
105841 0 +1.693836136e-05 -9.298998306e+01 -9.298998306e+01
105987 0 +1.514894468e-05 -9.298998485e+01 -9.298998485e+01
105991 0 +1.357259023e-05 -9.298998643e+01 -9.298998643e+01
105996 0 +9.313877115e-06 -9.298999069e+01 -9.298999069e+01
105999 0 +4.847018346e-06 -9.298999515e+01 -9.298999515e+01
106152 0 +4.433349801e-06 -9.298999557e+01 -9.298999557e+01
106162 0 +1.192809322e-06 -9.298999881e+01 -9.298999881e+01
106309 0 +1.058385919e-06 -9.298999894e+01 -9.298999894e+01
106311 0 +9.575492470e-07 -9.298999904e+01 -9.298999904e+01
106314 0 +8.620131240e-07 -9.298999914e+01 -9.298999914e+01
106318 0 +7.628453318e-07 -9.298999924e+01 -9.298999924e+01
106319 0 +1.708908428e-07 -9.298999983e+01 -9.298999983e+01
106466 0 +1.547461892e-07 -9.298999985e+01 -9.298999985e+01
106477 0 +8.399645424e-08 -9.298999992e+01 -9.298999992e+01
106627 0 +7.724253237e-08 -9.298999992e+01 -9.298999992e+01
106634 0 +6.110605000e-08 -9.298999994e+01 -9.298999994e+01
106635 0 +4.947612808e-08 -9.298999995e+01 -9.298999995e+01
106641 0 +1.077658851e-08 -9.298999999e+01 -9.298999999e+01
106791 0 +9.728012174e-09 -9.298999999e+01 -9.298999999e+01
108002 0 +6.679101716e-13 -9.299000000e+01 -9.299000000e+01
400000 0 +7.105427358e-14 -9.299000000e+01 -9.299000000e+01
% f evaluations | g evaluations | best noise-free fitness - Fopt (-1.656000000000e+02) + sum g_i+ | measured fitness | best measured fitness or single-digit g-values | x1 | x2...
1 0 +1.323510949e+07 +1.323494389e+07 +1.323494389e+07
3 0 +1.234999094e+07 +1.234982534e+07 +1.234982534e+07
4 0 +1.132448098e+07 +1.132431538e+07 +1.132431538e+07
31 0 +1.117309178e+07 +1.117292618e+07 +1.117292618e+07
234 0 +1.035808138e+07 +1.035791578e+07 +1.035791578e+07
13341 0 +1.025933998e+07 +1.025917438e+07 +1.025917438e+07
16425 0 +9.729433344e+06 +9.729267744e+06 +9.729267744e+06
16993 0 +9.606644081e+06 +9.606478481e+06 +9.606478481e+06
17196 0 +9.053614986e+06 +9.053449386e+06 +9.053449386e+06
18508 0 +8.239497486e+06 +8.239331886e+06 +8.239331886e+06
18528 0 +8.063089631e+06 +8.062924031e+06 +8.062924031e+06
18738 0 +7.638376617e+06 +7.638211017e+06 +7.638211017e+06
37756 0 +7.292866711e+06 +7.292701111e+06 +7.292701111e+06
40373 0 +7.160951128e+06 +7.160785528e+06 +7.160785528e+06
40384 0 +6.911821968e+06 +6.911656368e+06 +6.911656368e+06
40446 0 +6.784055728e+06 +6.783890128e+06 +6.783890128e+06
40578 0 +6.500824330e+06 +6.500658730e+06 +6.500658730e+06
40583 0 +6.214167551e+06 +6.214001951e+06 +6.214001951e+06
58117 0 +6.143514009e+06 +6.143348409e+06 +6.143348409e+06
58179 0 +6.078883515e+06 +6.078717915e+06 +6.078717915e+06
58311 0 +5.935897344e+06 +5.935731744e+06 +5.935731744e+06
61168 0 +5.196245067e+06 +5.196079467e+06 +5.196079467e+06
61178 0 +4.929010654e+06 +4.928845054e+06 +4.928845054e+06
61203 0 +4.872000050e+06 +4.871834450e+06 +4.871834450e+06
77883 0 +4.770816381e+06 +4.770650781e+06 +4.770650781e+06
78140 0 +4.697277528e+06 +4.697111928e+06 +4.697111928e+06
78654 0 +4.445950791e+06 +4.445785191e+06 +4.445785191e+06
78739 0 +4.368042584e+06 +4.367876984e+06 +4.367876984e+06
79510 0 +4.280037605e+06 +4.279872005e+06 +4.279872005e+06
80710 0 +4.106728281e+06 +4.106562681e+06 +4.106562681e+06
80795 0 +4.016649751e+06 +4.016484151e+06 +4.016484151e+06
98443 0 +3.975197249e+06 +3.975031649e+06 +3.975031649e+06
98700 0 +3.879983543e+06 +3.879817943e+06 +3.879817943e+06
99214 0 +3.788445707e+06 +3.788280107e+06 +3.788280107e+06
99299 0 +3.687032938e+06 +3.686867338e+06 +3.686867338e+06
99985 0 +3.593331252e+06 +3.593165652e+06 +3.593165652e+06
102866 0 +3.280146760e+06 +3.279981160e+06 +3.279981160e+06
102867 0 +2.939040525e+06 +2.938874925e+06 +2.938874925e+06
102869 0 +2.365836186e+06 +2.365670586e+06 +2.365670586e+06
102872 0 +1.844769423e+06 +1.844603823e+06 +1.844603823e+06
102934 0 +1.786069407e+06 +1.785903807e+06 +1.785903807e+06
102937 0 +1.759374411e+06 +1.759208811e+06 +1.759208811e+06
102946 0 +1.556177115e+06 +1.556011515e+06 +1.556011515e+06
102947 0 +1.401708861e+06 +1.401543261e+06 +1.401543261e+06
102949 0 +8.123586029e+05 +8.121930029e+05 +8.121930029e+05
102952 0 +5.512982879e+05 +5.511326879e+05 +5.511326879e+05
103026 0 +4.467216678e+05 +4.465560678e+05 +4.465560678e+05
103029 0 +2.315318257e+05 +2.313662257e+05 +2.313662257e+05
103109 0 +2.200048744e+05 +2.198392744e+05 +2.198392744e+05
103270 0 +1.819358451e+05 +1.817702451e+05 +1.817702451e+05
103274 0 +1.581182448e+05 +1.579526448e+05 +1.579526448e+05
103277 0 +7.304938804e+04 +7.288378804e+04 +7.288378804e+04
103424 0 +7.000057201e+04 +6.983497201e+04 +6.983497201e+04
103432 0 +6.213678535e+04 +6.197118535e+04 +6.197118535e+04
103440 0 +1.434492283e+04 +1.417932283e+04 +1.417932283e+04
103580 0 +1.388110863e+04 +1.371550863e+04 +1.371550863e+04
103594 0 +1.157781933e+04 +1.141221933e+04 +1.141221933e+04
103601 0 +4.692303568e+03 +4.526703568e+03 +4.526703568e+03
103746 0 +4.400251725e+03 +4.234651725e+03 +4.234651725e+03
103752 0 +3.662125429e+03 +3.496525429e+03 +3.496525429e+03
103758 0 +2.086096266e+03 +1.920496266e+03 +1.920496266e+03
103762 0 +1.409826132e+03 +1.244226132e+03 +1.244226132e+03
103914 0 +1.194436225e+03 +1.028836225e+03 +1.028836225e+03
103915 0 +8.890527788e+02 +7.234527788e+02 +7.234527788e+02
103921 0 +1.131449072e+02 -5.245509282e+01 -5.245509282e+01
104054 0 +1.113218366e+02 -5.427816340e+01 -5.427816340e+01
104065 0 +8.964801897e+01 -7.595198103e+01 -7.595198103e+01
104070 0 +6.773396762e+01 -9.786603238e+01 -9.786603238e+01
104071 0 +5.061854315e+01 -1.149814568e+02 -1.149814568e+02
104216 0 +5.011235284e+01 -1.154876472e+02 -1.154876472e+02
104237 0 +3.775147076e+01 -1.278485292e+02 -1.278485292e+02
104242 0 +1.830135602e+01 -1.472986440e+02 -1.472986440e+02
104384 0 +1.714310926e+01 -1.484568907e+02 -1.484568907e+02
104391 0 +1.509065251e+01 -1.505093475e+02 -1.505093475e+02
104393 0 +1.317380830e+01 -1.524261917e+02 -1.524261917e+02
104398 0 +1.020315123e+01 -1.553968488e+02 -1.553968488e+02
104401 0 +3.369116801e+00 -1.622308832e+02 -1.622308832e+02
104545 0 +3.119715885e+00 -1.624802841e+02 -1.624802841e+02
104550 0 +2.746936376e+00 -1.628530636e+02 -1.628530636e+02
104556 0 +1.683664219e+00 -1.639163358e+02 -1.639163358e+02
104557 0 +1.271430786e+00 -1.643285692e+02 -1.643285692e+02
104701 0 +1.248267023e+00 -1.643517330e+02 -1.643517330e+02
104714 0 +1.106715861e+00 -1.644932841e+02 -1.644932841e+02
104718 0 +8.211772173e-01 -1.647788228e+02 -1.647788228e+02
104722 0 +1.210779812e-01 -1.654789220e+02 -1.654789220e+02
104866 0 +1.098456135e-01 -1.654901544e+02 -1.654901544e+02
104868 0 +9.484396762e-02 -1.655051560e+02 -1.655051560e+02
104871 0 +6.515467865e-02 -1.655348453e+02 -1.655348453e+02
105023 0 +6.176014915e-02 -1.655382399e+02 -1.655382399e+02
105033 0 +4.854735496e-02 -1.655514526e+02 -1.655514526e+02
105035 0 +4.368021983e-02 -1.655563198e+02 -1.655563198e+02
105037 0 +3.331078298e-02 -1.655666892e+02 -1.655666892e+02
105039 0 +2.744528356e-02 -1.655725547e+02 -1.655725547e+02
105190 0 +2.457085581e-02 -1.655754291e+02 -1.655754291e+02
105196 0 +2.158090388e-02 -1.655784191e+02 -1.655784191e+02
105198 0 +1.900915630e-02 -1.655809908e+02 -1.655809908e+02
105200 0 +1.228824318e-02 -1.655877118e+02 -1.655877118e+02
105201 0 +3.090990701e-03 -1.655969090e+02 -1.655969090e+02
105351 0 +2.399818433e-03 -1.655976002e+02 -1.655976002e+02
105357 0 +1.845472932e-03 -1.655981545e+02 -1.655981545e+02
105507 0 +1.734437898e-03 -1.655982656e+02 -1.655982656e+02
105516 0 +1.423207000e-03 -1.655985768e+02 -1.655985768e+02
105518 0 +1.258515657e-03 -1.655987415e+02 -1.655987415e+02
105519 0 +1.005164908e-03 -1.655989948e+02 -1.655989948e+02
105522 0 +1.663737198e-04 -1.655998336e+02 -1.655998336e+02
105662 0 +1.569829005e-04 -1.655998430e+02 -1.655998430e+02
105670 0 +1.222914437e-04 -1.655998777e+02 -1.655998777e+02
105672 0 +1.079453997e-04 -1.655998921e+02 -1.655998921e+02
105677 0 +9.108105974e-05 -1.655999089e+02 -1.655999089e+02
105680 0 +6.036871164e-05 -1.655999396e+02 -1.655999396e+02
105831 0 +5.502436431e-05 -1.655999450e+02 -1.655999450e+02
105838 0 +3.175131022e-05 -1.655999682e+02 -1.655999682e+02
105839 0 +7.035011123e-06 -1.655999930e+02 -1.655999930e+02
105986 0 +5.884618759e-06 -1.655999941e+02 -1.655999941e+02
105987 0 +4.746863738e-06 -1.655999953e+02 -1.655999953e+02
105992 0 +4.175266128e-06 -1.655999958e+02 -1.655999958e+02
105994 0 +2.916538620e-06 -1.655999971e+02 -1.655999971e+02
106144 0 +2.798408559e-06 -1.655999972e+02 -1.655999972e+02
106151 0 +2.473579087e-06 -1.655999975e+02 -1.655999975e+02
106160 0 +1.175856198e-06 -1.655999988e+02 -1.655999988e+02
106310 0 +1.075953747e-06 -1.655999989e+02 -1.655999989e+02
106314 0 +8.861304650e-07 -1.655999991e+02 -1.655999991e+02
106316 0 +7.064690806e-07 -1.655999993e+02 -1.655999993e+02
106317 0 +4.162732807e-07 -1.655999996e+02 -1.655999996e+02
106319 0 +2.489248061e-07 -1.655999998e+02 -1.655999998e+02
106465 0 +2.231722362e-07 -1.655999998e+02 -1.655999998e+02
106471 0 +1.938787193e-07 -1.655999998e+02 -1.655999998e+02
106480 0 +1.132835905e-07 -1.655999999e+02 -1.655999999e+02
106482 0 +8.871845125e-08 -1.655999999e+02 -1.655999999e+02
106635 0 +7.194222462e-08 -1.655999999e+02 -1.655999999e+02
106638 0 +5.684620419e-08 -1.655999999e+02 -1.655999999e+02
106641 0 +1.811633865e-08 -1.656000000e+02 -1.656000000e+02
106780 0 +1.773224767e-08 -1.656000000e+02 -1.656000000e+02
106792 0 +1.518125714e-08 -1.656000000e+02 -1.656000000e+02
106793 0 +1.239371272e-08 -1.656000000e+02 -1.656000000e+02
106799 0 +3.906393431e-09 -1.656000000e+02 -1.656000000e+02
108077 0 +9.947598301e-13 -1.656000000e+02 -1.656000000e+02
400000 0 +1.136868377e-13 -1.656000000e+02 -1.656000000e+02
