% f evaluations | g evaluations | best noise-free fitness - Fopt (-6.211100000000e+02) + sum g_i+ | measured fitness | best measured fitness or single-digit g-values | x1 | x2...
1 0 +4.288577618e+08 +4.288571407e+08 +4.288571407e+08
3 0 +3.693782443e+08 +3.693776232e+08 +3.693776232e+08
6 0 +3.462428551e+08 +3.462422340e+08 +3.462422340e+08
11 0 +1.699133247e+08 +1.699127035e+08 +1.699127035e+08
12 0 +1.200818901e+08 +1.200812690e+08 +1.200812690e+08
678 0 +1.182517736e+08 +1.182511525e+08 +1.182511525e+08
681 0 +1.148968190e+08 +1.148961979e+08 +1.148961979e+08
683 0 +1.097378297e+08 +1.097372086e+08 +1.097372086e+08
686 0 +1.012352327e+08 +1.012346116e+08 +1.012346116e+08
687 0 +1.003310776e+08 +1.003304565e+08 +1.003304565e+08
689 0 +9.664263023e+07 +9.664200912e+07 +9.664200912e+07
692 0 +9.539348731e+07 +9.539286620e+07 +9.539286620e+07
697 0 +9.437456594e+07 +9.437394483e+07 +9.437394483e+07
701 0 +9.294973358e+07 +9.294911247e+07 +9.294911247e+07
704 0 +8.989437058e+07 +8.989374947e+07 +8.989374947e+07
706 0 +8.563176486e+07 +8.563114375e+07 +8.563114375e+07
708 0 +7.168808575e+07 +7.168746464e+07 +7.168746464e+07
710 0 +7.124008775e+07 +7.123946664e+07 +7.123946664e+07
712 0 +7.013121579e+07 +7.013059468e+07 +7.013059468e+07
713 0 +6.493260371e+07 +6.493198260e+07 +6.493198260e+07
718 0 +5.308409662e+07 +5.308347551e+07 +5.308347551e+07
723 0 +5.173110955e+07 +5.173048844e+07 +5.173048844e+07
726 0 +5.020703089e+07 +5.020640978e+07 +5.020640978e+07
729 0 +4.938325937e+07 +4.938263826e+07 +4.938263826e+07
732 0 +4.870104538e+07 +4.870042427e+07 +4.870042427e+07
733 0 +4.413042066e+07 +4.412979955e+07 +4.412979955e+07
737 0 +4.253598380e+07 +4.253536269e+07 +4.253536269e+07
741 0 +4.217851789e+07 +4.217789678e+07 +4.217789678e+07
744 0 +4.004861199e+07 +4.004799088e+07 +4.004799088e+07
746 0 +3.797693699e+07 +3.797631588e+07 +3.797631588e+07
748 0 +3.060535079e+07 +3.060472968e+07 +3.060472968e+07
753 0 +2.955519897e+07 +2.955457786e+07 +2.955457786e+07
758 0 +2.106133739e+07 +2.106071628e+07 +2.106071628e+07
759 0 +2.033305055e+07 +2.033242944e+07 +2.033242944e+07
773 0 +1.828551209e+07 +1.828489098e+07 +1.828489098e+07
784 0 +1.800980370e+07 +1.800918259e+07 +1.800918259e+07
786 0 +1.798495571e+07 +1.798433460e+07 +1.798433460e+07
788 0 +1.351681403e+07 +1.351619292e+07 +1.351619292e+07
798 0 +7.825354323e+06 +7.824733213e+06 +7.824733213e+06
813 0 +7.141504473e+06 +7.140883363e+06 +7.140883363e+06
817 0 +6.624926044e+06 +6.624304934e+06 +6.624304934e+06
828 0 +5.230535758e+06 +5.229914648e+06 +5.229914648e+06
829 0 +4.903843085e+06 +4.903221975e+06 +4.903221975e+06
836 0 +4.749716247e+06 +4.749095137e+06 +4.749095137e+06
838 0 +1.756192743e+06 +1.755571633e+06 +1.755571633e+06
875 0 +1.696370113e+06 +1.695749003e+06 +1.695749003e+06
878 0 +6.262441543e+05 +6.256230443e+05 +6.256230443e+05
931 0 +5.585165097e+05 +5.578953997e+05 +5.578953997e+05
945 0 +4.686775606e+05 +4.680564506e+05 +4.680564506e+05
950 0 +4.261011607e+05 +4.254800507e+05 +4.254800507e+05
951 0 +3.742201083e+05 +3.735989983e+05 +3.735989983e+05
956 0 +3.154874486e+05 +3.148663386e+05 +3.148663386e+05
1012 0 +2.962686450e+05 +2.956475350e+05 +2.956475350e+05
1020 0 +2.657163154e+05 +2.650952054e+05 +2.650952054e+05
1022 0 +2.263843969e+05 +2.257632869e+05 +2.257632869e+05
1026 0 +1.973624367e+05 +1.967413267e+05 +1.967413267e+05
1032 0 +1.299512551e+05 +1.293301451e+05 +1.293301451e+05
1035 0 +1.207576956e+05 +1.201365856e+05 +1.201365856e+05
1041 0 +1.044248992e+05 +1.038037892e+05 +1.038037892e+05
1043 0 +9.827391458e+04 +9.765280458e+04 +9.765280458e+04
1049 0 +8.788710355e+04 +8.726599355e+04 +8.726599355e+04
1116 0 +7.804992852e+04 +7.742881852e+04 +7.742881852e+04
1165 0 +6.818010194e+04 +6.755899194e+04 +6.755899194e+04
1179 0 +6.128761267e+04 +6.066650267e+04 +6.066650267e+04
1185 0 +5.316047174e+04 +5.253936174e+04 +5.253936174e+04
1195 0 +4.345710455e+04 +4.283599455e+04 +4.283599455e+04
1202 0 +2.479369645e+04 +2.417258645e+04 +2.417258645e+04
1260 0 +2.223707302e+04 +2.161596302e+04 +2.161596302e+04
1377 0 +1.804542779e+04 +1.742431779e+04 +1.742431779e+04
1379 0 +1.517027205e+04 +1.454916205e+04 +1.454916205e+04
1386 0 +1.339976742e+04 +1.277865742e+04 +1.277865742e+04
1391 0 +1.107233246e+04 +1.045122246e+04 +1.045122246e+04
1397 0 +7.538220201e+03 +6.917110201e+03 +6.917110201e+03
1407 0 +6.544836747e+03 +5.923726747e+03 +5.923726747e+03
1413 0 +4.572436060e+03 +3.951326060e+03 +3.951326060e+03
1488 0 +4.311369108e+03 +3.690259108e+03 +3.690259108e+03
1503 0 +3.701778349e+03 +3.080668349e+03 +3.080668349e+03
1505 0 +3.548100712e+03 +2.926990712e+03 +2.926990712e+03
1507 0 +2.603308472e+03 +1.982198472e+03 +1.982198472e+03
1514 0 +2.377718570e+03 +1.756608570e+03 +1.756608570e+03
1516 0 +1.922215900e+03 +1.301105900e+03 +1.301105900e+03
1522 0 +1.561935214e+03 +9.408252141e+02 +9.408252141e+02
1574 0 +1.358982670e+03 +7.378726701e+02 +7.378726701e+02
1579 0 +1.248553465e+03 +6.274434649e+02 +6.274434649e+02
1582 0 +1.104928375e+03 +4.838183752e+02 +4.838183752e+02
1584 0 +9.839580486e+02 +3.628480486e+02 +3.628480486e+02
1586 0 +8.239306186e+02 +2.028206186e+02 +2.028206186e+02
1592 0 +6.527611264e+02 +3.165112641e+01 +3.165112641e+01
1593 0 +5.299771060e+02 -9.113289400e+01 -9.113289400e+01
1597 0 +4.152651281e+02 -2.058448719e+02 -2.058448719e+02
1607 0 +3.274428905e+02 -2.936671095e+02 -2.936671095e+02
1611 0 +3.107313932e+02 -3.103786068e+02 -3.103786068e+02
1688 0 +2.544557121e+02 -3.666542879e+02 -3.666542879e+02
1692 0 +2.381216866e+02 -3.829883134e+02 -3.829883134e+02
1693 0 +2.094305953e+02 -4.116794047e+02 -4.116794047e+02
1695 0 +1.598269563e+02 -4.612830437e+02 -4.612830437e+02
1710 0 +1.505461373e+02 -4.705638627e+02 -4.705638627e+02
1718 0 +1.282842233e+02 -4.928257767e+02 -4.928257767e+02
1721 0 +9.932726231e+01 -5.217827377e+02 -5.217827377e+02
1803 0 +8.371349860e+01 -5.373965014e+02 -5.373965014e+02
1806 0 +7.557191602e+01 -5.455380840e+02 -5.455380840e+02
1810 0 +6.773378278e+01 -5.533762172e+02 -5.533762172e+02
1814 0 +5.865081933e+01 -5.624591807e+02 -5.624591807e+02
1816 0 +5.448591071e+01 -5.666240893e+02 -5.666240893e+02
1821 0 +4.808768985e+01 -5.730223102e+02 -5.730223102e+02
1823 0 +4.455023486e+01 -5.765597651e+02 -5.765597651e+02
1832 0 +3.724112110e+01 -5.838688789e+02 -5.838688789e+02
1835 0 +3.001231805e+01 -5.910976820e+02 -5.910976820e+02
1844 0 +2.777544529e+01 -5.933345547e+02 -5.933345547e+02
1871 0 +2.329277237e+01 -5.978172276e+02 -5.978172276e+02
1923 0 +2.237894531e+01 -5.987310547e+02 -5.987310547e+02
1939 0 +1.796994542e+01 -6.031400546e+02 -6.031400546e+02
1942 0 +1.692071890e+01 -6.041892811e+02 -6.041892811e+02
1945 0 +1.455049176e+01 -6.065595082e+02 -6.065595082e+02
1948 0 +1.114844340e+01 -6.099615566e+02 -6.099615566e+02
1952 0 +7.130241518e+00 -6.139797585e+02 -6.139797585e+02
1967 0 +5.423124412e+00 -6.156868756e+02 -6.156868756e+02
1972 0 +4.494949190e+00 -6.166150508e+02 -6.166150508e+02
1984 0 +4.010926614e+00 -6.170990734e+02 -6.170990734e+02
2051 0 +3.721031305e+00 -6.173889687e+02 -6.173889687e+02
2056 0 +3.467779130e+00 -6.176422209e+02 -6.176422209e+02
2063 0 +2.790823924e+00 -6.183191761e+02 -6.183191761e+02
2076 0 +2.402269830e+00 -6.187077302e+02 -6.187077302e+02
2165 0 +2.082289688e+00 -6.190277103e+02 -6.190277103e+02
2169 0 +1.899191242e+00 -6.192108088e+02 -6.192108088e+02
2172 0 +1.763269548e+00 -6.193467305e+02 -6.193467305e+02
2176 0 +1.527726474e+00 -6.195822735e+02 -6.195822735e+02
2180 0 +1.401830947e+00 -6.197081691e+02 -6.197081691e+02
2192 0 +1.250240160e+00 -6.198597598e+02 -6.198597598e+02
2268 0 +1.121467292e+00 -6.199885327e+02 -6.199885327e+02
2366 0 +9.910396911e-01 -6.201189603e+02 -6.201189603e+02
200000 0 +9.208001286e-01 -6.201891999e+02 -6.201891999e+02
% f evaluations | g evaluations | best noise-free fitness - Fopt (-2.548200000000e+02) + sum g_i+ | measured fitness | best measured fitness or single-digit g-values | x1 | x2...
1 0 +6.098664382e+08 +6.098661834e+08 +6.098661834e+08
5 0 +3.659474436e+08 +3.659471888e+08 +3.659471888e+08
27 0 +2.743291285e+08 +2.743288737e+08 +2.743288737e+08
655 0 +2.556719223e+08 +2.556716674e+08 +2.556716674e+08
658 0 +2.132349637e+08 +2.132347089e+08 +2.132347089e+08
662 0 +2.030067356e+08 +2.030064807e+08 +2.030064807e+08
664 0 +1.697316556e+08 +1.697314008e+08 +1.697314008e+08
666 0 +1.519166491e+08 +1.519163943e+08 +1.519163943e+08
668 0 +1.513315941e+08 +1.513313393e+08 +1.513313393e+08
670 0 +1.452071119e+08 +1.452068571e+08 +1.452068571e+08
671 0 +1.428910440e+08 +1.428907892e+08 +1.428907892e+08
673 0 +1.222644755e+08 +1.222642207e+08 +1.222642207e+08
676 0 +1.061477990e+08 +1.061475442e+08 +1.061475442e+08
677 0 +1.040228580e+08 +1.040226032e+08 +1.040226032e+08
679 0 +8.683007993e+07 +8.682982511e+07 +8.682982511e+07
682 0 +8.557127505e+07 +8.557102023e+07 +8.557102023e+07
684 0 +7.378652068e+07 +7.378626586e+07 +7.378626586e+07
686 0 +6.925466606e+07 +6.925441124e+07 +6.925441124e+07
688 0 +6.416856986e+07 +6.416831504e+07 +6.416831504e+07
689 0 +5.678314831e+07 +5.678289349e+07 +5.678289349e+07
691 0 +4.549730852e+07 +4.549705370e+07 +4.549705370e+07
693 0 +4.110358842e+07 +4.110333360e+07 +4.110333360e+07
695 0 +3.775476659e+07 +3.775451177e+07 +3.775451177e+07
698 0 +3.675973233e+07 +3.675947751e+07 +3.675947751e+07
702 0 +3.212213708e+07 +3.212188226e+07 +3.212188226e+07
704 0 +3.009024027e+07 +3.008998545e+07 +3.008998545e+07
707 0 +2.470660349e+07 +2.470634867e+07 +2.470634867e+07
709 0 +2.368965939e+07 +2.368940457e+07 +2.368940457e+07
713 0 +2.060881185e+07 +2.060855703e+07 +2.060855703e+07
716 0 +1.632767678e+07 +1.632742196e+07 +1.632742196e+07
719 0 +1.519394091e+07 +1.519368609e+07 +1.519368609e+07
722 0 +1.469985901e+07 +1.469960419e+07 +1.469960419e+07
724 0 +1.176078415e+07 +1.176052933e+07 +1.176052933e+07
726 0 +1.064840318e+07 +1.064814836e+07 +1.064814836e+07
727 0 +9.564118316e+06 +9.563863496e+06 +9.563863496e+06
731 0 +7.731251936e+06 +7.730997116e+06 +7.730997116e+06
737 0 +7.014640991e+06 +7.014386171e+06 +7.014386171e+06
742 0 +5.401413484e+06 +5.401158664e+06 +5.401158664e+06
747 0 +2.871416143e+06 +2.871161323e+06 +2.871161323e+06
753 0 +2.709014365e+06 +2.708759545e+06 +2.708759545e+06
756 0 +1.929745465e+06 +1.929490645e+06 +1.929490645e+06
787 0 +1.547924824e+06 +1.547670004e+06 +1.547670004e+06
794 0 +1.192047500e+06 +1.191792680e+06 +1.191792680e+06
843 0 +9.922674899e+05 +9.920126699e+05 +9.920126699e+05
851 0 +8.970021899e+05 +8.967473699e+05 +8.967473699e+05
853 0 +8.759939351e+05 +8.757391151e+05 +8.757391151e+05
855 0 +7.798391402e+05 +7.795843202e+05 +7.795843202e+05
864 0 +5.681992473e+05 +5.679444273e+05 +5.679444273e+05
868 0 +5.166848908e+05 +5.164300708e+05 +5.164300708e+05
871 0 +4.098806855e+05 +4.096258655e+05 +4.096258655e+05
878 0 +3.500479735e+05 +3.497931535e+05 +3.497931535e+05
926 0 +3.159700677e+05 +3.157152477e+05 +3.157152477e+05
932 0 +2.993585019e+05 +2.991036819e+05 +2.991036819e+05
934 0 +2.695715228e+05 +2.693167028e+05 +2.693167028e+05
947 0 +2.300436093e+05 +2.297887893e+05 +2.297887893e+05
949 0 +2.142554010e+05 +2.140005810e+05 +2.140005810e+05
952 0 +1.733735070e+05 +1.731186870e+05 +1.731186870e+05
957 0 +1.583001017e+05 +1.580452817e+05 +1.580452817e+05
959 0 +1.237477991e+05 +1.234929791e+05 +1.234929791e+05
961 0 +1.094297044e+05 +1.091748844e+05 +1.091748844e+05
976 0 +8.154827039e+04 +8.129345039e+04 +8.129345039e+04
1003 0 +7.264488178e+04 +7.239006178e+04 +7.239006178e+04
1084 0 +6.345208601e+04 +6.319726601e+04 +6.319726601e+04
1088 0 +6.194406097e+04 +6.168924097e+04 +6.168924097e+04
1090 0 +5.408681372e+04 +5.383199372e+04 +5.383199372e+04
1091 0 +4.754607957e+04 +4.729125957e+04 +4.729125957e+04
1094 0 +4.247539591e+04 +4.222057591e+04 +4.222057591e+04
1122 0 +3.508000310e+04 +3.482518310e+04 +3.482518310e+04
1167 0 +3.036787958e+04 +3.011305958e+04 +3.011305958e+04
1173 0 +2.736026060e+04 +2.710544060e+04 +2.710544060e+04
1175 0 +2.384984598e+04 +2.359502598e+04 +2.359502598e+04
1179 0 +2.231679214e+04 +2.206197214e+04 +2.206197214e+04
1183 0 +1.719169033e+04 +1.693687033e+04 +1.693687033e+04
1185 0 +1.430711151e+04 +1.405229151e+04 +1.405229151e+04
1190 0 +1.192742428e+04 +1.167260428e+04 +1.167260428e+04
1193 0 +9.905897879e+03 +9.651077879e+03 +9.651077879e+03
1198 0 +4.686105799e+03 +4.431285799e+03 +4.431285799e+03
1241 0 +4.420306855e+03 +4.165486855e+03 +4.165486855e+03
1291 0 +3.954854909e+03 +3.700034909e+03 +3.700034909e+03
1293 0 +3.532399010e+03 +3.277579010e+03 +3.277579010e+03
1312 0 +3.138154161e+03 +2.883334161e+03 +2.883334161e+03
1319 0 +2.264223778e+03 +2.009403778e+03 +2.009403778e+03
1322 0 +1.377631817e+03 +1.122811817e+03 +1.122811817e+03
1409 0 +1.113548010e+03 +8.587280100e+02 +8.587280100e+02
1415 0 +9.577523623e+02 +7.029323623e+02 +7.029323623e+02
1422 0 +7.499440619e+02 +4.951240619e+02 +4.951240619e+02
1423 0 +7.025018975e+02 +4.476818975e+02 +4.476818975e+02
1429 0 +5.497021836e+02 +2.948821836e+02 +2.948821836e+02
1435 0 +4.852547644e+02 +2.304347644e+02 +2.304347644e+02
1438 0 +2.840175825e+02 +2.919758251e+01 +2.919758251e+01
1457 0 +1.569243804e+02 -9.789561965e+01 -9.789561965e+01
1536 0 +1.233621246e+02 -1.314578754e+02 -1.314578754e+02
1547 0 +6.163788304e+01 -1.931821170e+02 -1.931821170e+02
1603 0 +5.220194069e+01 -2.026180593e+02 -2.026180593e+02
1623 0 +4.095190819e+01 -2.138680918e+02 -2.138680918e+02
1633 0 +2.821111352e+01 -2.266088865e+02 -2.266088865e+02
1640 0 +1.894961569e+01 -2.358703843e+02 -2.358703843e+02
1738 0 +1.732913230e+01 -2.374908677e+02 -2.374908677e+02
1739 0 +1.520465694e+01 -2.396153431e+02 -2.396153431e+02
1750 0 +1.159976843e+01 -2.432202316e+02 -2.432202316e+02
1762 0 +9.233040839e+00 -2.455869592e+02 -2.455869592e+02
1884 0 +8.899093859e+00 -2.459209061e+02 -2.459209061e+02
1888 0 +7.933859126e+00 -2.468861409e+02 -2.468861409e+02
1895 0 +6.544300831e+00 -2.482756992e+02 -2.482756992e+02
1897 0 +6.188096933e+00 -2.486319031e+02 -2.486319031e+02
1904 0 +5.617914051e+00 -2.492020859e+02 -2.492020859e+02
1911 0 +4.954058908e+00 -2.498659411e+02 -2.498659411e+02
1919 0 +4.424753994e+00 -2.503952460e+02 -2.503952460e+02
1980 0 +3.866620028e+00 -2.509533800e+02 -2.509533800e+02
1985 0 +3.341491350e+00 -2.514785087e+02 -2.514785087e+02
2012 0 +3.154861297e+00 -2.516651387e+02 -2.516651387e+02
4716 0 +2.818379703e+00 -2.520016203e+02 -2.520016203e+02
200000 0 +2.779084649e+00 -2.520409154e+02 -2.520409154e+02
% f evaluations | g evaluations | best noise-free fitness - Fopt (5.661000000000e+01) + sum g_i+ | measured fitness | best measured fitness or single-digit g-values | x1 | x2...
1 0 +2.859133070e+08 +2.859133636e+08 +2.859133636e+08
2 0 +1.957024989e+08 +1.957025555e+08 +1.957025555e+08
16 0 +1.931184792e+08 +1.931185358e+08 +1.931185358e+08
61 0 +1.807638255e+08 +1.807638821e+08 +1.807638821e+08
693 0 +1.739761773e+08 +1.739762339e+08 +1.739762339e+08
696 0 +1.727149383e+08 +1.727149949e+08 +1.727149949e+08
697 0 +1.614146803e+08 +1.614147369e+08 +1.614147369e+08
702 0 +1.486259030e+08 +1.486259596e+08 +1.486259596e+08
704 0 +1.421350216e+08 +1.421350782e+08 +1.421350782e+08
706 0 +1.373880711e+08 +1.373881277e+08 +1.373881277e+08
708 0 +1.356354567e+08 +1.356355133e+08 +1.356355133e+08
711 0 +1.334304367e+08 +1.334304933e+08 +1.334304933e+08
714 0 +1.314940417e+08 +1.314940983e+08 +1.314940983e+08
716 0 +1.306582614e+08 +1.306583180e+08 +1.306583180e+08
718 0 +1.259552535e+08 +1.259553101e+08 +1.259553101e+08
721 0 +1.228721010e+08 +1.228721576e+08 +1.228721576e+08
723 0 +1.062277510e+08 +1.062278076e+08 +1.062278076e+08
725 0 +1.012671495e+08 +1.012672061e+08 +1.012672061e+08
727 0 +9.326866351e+07 +9.326872012e+07 +9.326872012e+07
729 0 +9.191563337e+07 +9.191568998e+07 +9.191568998e+07
731 0 +8.385702383e+07 +8.385708044e+07 +8.385708044e+07
733 0 +7.710081236e+07 +7.710086897e+07 +7.710086897e+07
736 0 +7.308411978e+07 +7.308417639e+07 +7.308417639e+07
737 0 +7.002560777e+07 +7.002566438e+07 +7.002566438e+07
740 0 +6.987329043e+07 +6.987334704e+07 +6.987334704e+07
742 0 +6.493100272e+07 +6.493105933e+07 +6.493105933e+07
744 0 +6.248947820e+07 +6.248953481e+07 +6.248953481e+07
746 0 +6.036989294e+07 +6.036994955e+07 +6.036994955e+07
748 0 +6.024135323e+07 +6.024140984e+07 +6.024140984e+07
754 0 +5.959670609e+07 +5.959676270e+07 +5.959676270e+07
756 0 +5.942081019e+07 +5.942086680e+07 +5.942086680e+07
758 0 +5.786118036e+07 +5.786123697e+07 +5.786123697e+07
761 0 +5.725811721e+07 +5.725817382e+07 +5.725817382e+07
763 0 +4.572520113e+07 +4.572525774e+07 +4.572525774e+07
765 0 +4.325714307e+07 +4.325719968e+07 +4.325719968e+07
767 0 +3.908357039e+07 +3.908362700e+07 +3.908362700e+07
771 0 +3.430586663e+07 +3.430592324e+07 +3.430592324e+07
773 0 +3.065897693e+07 +3.065903354e+07 +3.065903354e+07
776 0 +2.764395652e+07 +2.764401313e+07 +2.764401313e+07
779 0 +2.742877242e+07 +2.742882903e+07 +2.742882903e+07
782 0 +2.668839230e+07 +2.668844891e+07 +2.668844891e+07
789 0 +2.625419994e+07 +2.625425655e+07 +2.625425655e+07
803 0 +1.824792199e+07 +1.824797860e+07 +1.824797860e+07
805 0 +1.750538267e+07 +1.750543928e+07 +1.750543928e+07
807 0 +1.617059190e+07 +1.617064851e+07 +1.617064851e+07
811 0 +1.504544511e+07 +1.504550172e+07 +1.504550172e+07
813 0 +1.391984890e+07 +1.391990551e+07 +1.391990551e+07
816 0 +1.174759745e+07 +1.174765406e+07 +1.174765406e+07
839 0 +1.164179352e+07 +1.164185013e+07 +1.164185013e+07
843 0 +6.209526869e+06 +6.209583479e+06 +6.209583479e+06
856 0 +5.789470788e+06 +5.789527398e+06 +5.789527398e+06
860 0 +5.638369897e+06 +5.638426507e+06 +5.638426507e+06
883 0 +2.180617765e+06 +2.180674375e+06 +2.180674375e+06
923 0 +9.633758630e+05 +9.634324730e+05 +9.634324730e+05
1006 0 +8.765369356e+05 +8.765935456e+05 +8.765935456e+05
1015 0 +7.922546605e+05 +7.923112705e+05 +7.923112705e+05
1026 0 +6.826181654e+05 +6.826747754e+05 +6.826747754e+05
1030 0 +6.112307733e+05 +6.112873833e+05 +6.112873833e+05
1032 0 +5.890599299e+05 +5.891165399e+05 +5.891165399e+05
1040 0 +4.432434701e+05 +4.433000801e+05 +4.433000801e+05
1065 0 +3.287327052e+05 +3.287893152e+05 +3.287893152e+05
1093 0 +2.552969901e+05 +2.553536001e+05 +2.553536001e+05
1108 0 +2.272678649e+05 +2.273244749e+05 +2.273244749e+05
1129 0 +1.978938123e+05 +1.979504223e+05 +1.979504223e+05
1210 0 +1.596817895e+05 +1.597383995e+05 +1.597383995e+05
1218 0 +1.473274257e+05 +1.473840357e+05 +1.473840357e+05
1223 0 +1.319158846e+05 +1.319724946e+05 +1.319724946e+05
1227 0 +1.246978527e+05 +1.247544627e+05 +1.247544627e+05
1268 0 +1.029978950e+05 +1.030545050e+05 +1.030545050e+05
1286 0 +9.170932013e+04 +9.176593013e+04 +9.176593013e+04
1363 0 +7.937937678e+04 +7.943598678e+04 +7.943598678e+04
1367 0 +6.077892651e+04 +6.083553651e+04 +6.083553651e+04
1372 0 +5.485611521e+04 +5.491272521e+04 +5.491272521e+04
1380 0 +4.994027915e+04 +4.999688915e+04 +4.999688915e+04
1384 0 +4.289511999e+04 +4.295172999e+04 +4.295172999e+04
1391 0 +3.949596752e+04 +3.955257752e+04 +3.955257752e+04
1393 0 +2.659142270e+04 +2.664803270e+04 +2.664803270e+04
1399 0 +2.282052956e+04 +2.287713956e+04 +2.287713956e+04
1417 0 +1.890704593e+04 +1.896365593e+04 +1.896365593e+04
1435 0 +1.733526476e+04 +1.739187476e+04 +1.739187476e+04
1491 0 +1.508785819e+04 +1.514446819e+04 +1.514446819e+04
1503 0 +1.310502870e+04 +1.316163870e+04 +1.316163870e+04
1506 0 +1.247702468e+04 +1.253363468e+04 +1.253363468e+04
1509 0 +1.118898955e+04 +1.124559955e+04 +1.124559955e+04
1518 0 +6.723114192e+03 +6.779724192e+03 +6.779724192e+03
1520 0 +4.951129659e+03 +5.007739659e+03 +5.007739659e+03
1574 0 +3.844589449e+03 +3.901199449e+03 +3.901199449e+03
1582 0 +3.326415881e+03 +3.383025881e+03 +3.383025881e+03
1585 0 +2.525380337e+03 +2.581990337e+03 +2.581990337e+03
1590 0 +1.886744843e+03 +1.943354843e+03 +1.943354843e+03
1592 0 +1.698411804e+03 +1.755021804e+03 +1.755021804e+03
1684 0 +1.421031167e+03 +1.477641167e+03 +1.477641167e+03
1686 0 +1.344875749e+03 +1.401485749e+03 +1.401485749e+03
1690 0 +1.162717991e+03 +1.219327991e+03 +1.219327991e+03
1692 0 +1.063822300e+03 +1.120432300e+03 +1.120432300e+03
1701 0 +9.453583926e+02 +1.001968393e+03 +1.001968393e+03
1703 0 +7.175991251e+02 +7.742091251e+02 +7.742091251e+02
1707 0 +6.002454840e+02 +6.568554840e+02 +6.568554840e+02
1719 0 +4.909259464e+02 +5.475359464e+02 +5.475359464e+02
1735 0 +4.267537134e+02 +4.833637134e+02 +4.833637134e+02
1755 0 +3.856441481e+02 +4.422541481e+02 +4.422541481e+02
1765 0 +3.203064295e+02 +3.769164295e+02 +3.769164295e+02
1786 0 +2.902270521e+02 +3.468370521e+02 +3.468370521e+02
1789 0 +2.647201861e+02 +3.213301861e+02 +3.213301861e+02
1848 0 +2.224922299e+02 +2.791022299e+02 +2.791022299e+02
1857 0 +1.895638139e+02 +2.461738139e+02 +2.461738139e+02
1867 0 +1.445598393e+02 +2.011698393e+02 +2.011698393e+02
1870 0 +1.248701548e+02 +1.814801548e+02 +1.814801548e+02
1882 0 +8.935189687e+01 +1.459618969e+02 +1.459618969e+02
1891 0 +8.824258051e+01 +1.448525805e+02 +1.448525805e+02
1972 0 +7.250354963e+01 +1.291135496e+02 +1.291135496e+02
1973 0 +6.749564900e+01 +1.241056490e+02 +1.241056490e+02
1978 0 +6.034169542e+01 +1.169516954e+02 +1.169516954e+02
1986 0 +5.182862129e+01 +1.084386213e+02 +1.084386213e+02
1988 0 +4.945356293e+01 +1.060635629e+02 +1.060635629e+02
1994 0 +4.069812847e+01 +9.730812847e+01 +9.730812847e+01
2000 0 +3.818989298e+01 +9.479989298e+01 +9.479989298e+01
2016 0 +3.025605889e+01 +8.686605889e+01 +8.686605889e+01
2022 0 +2.772399523e+01 +8.433399523e+01 +8.433399523e+01
2036 0 +2.502721403e+01 +8.163721403e+01 +8.163721403e+01
2065 0 +2.185568576e+01 +7.846568576e+01 +7.846568576e+01
2123 0 +1.899895279e+01 +7.560895279e+01 +7.560895279e+01
2129 0 +1.683713792e+01 +7.344713792e+01 +7.344713792e+01
2141 0 +1.381779413e+01 +7.042779413e+01 +7.042779413e+01
2153 0 +1.230882462e+01 +6.891882462e+01 +6.891882462e+01
2158 0 +1.059822081e+01 +6.720822081e+01 +6.720822081e+01
2159 0 +9.036821812e+00 +6.564682181e+01 +6.564682181e+01
2174 0 +7.618620349e+00 +6.422862035e+01 +6.422862035e+01
2177 0 +5.610601697e+00 +6.222060170e+01 +6.222060170e+01
2189 0 +4.161711509e+00 +6.077171151e+01 +6.077171151e+01
2194 0 +3.822919559e+00 +6.043291956e+01 +6.043291956e+01
2208 0 +3.346140172e+00 +5.995614017e+01 +5.995614017e+01
2287 0 +2.697367621e+00 +5.930736762e+01 +5.930736762e+01
2290 0 +2.376892908e+00 +5.898689291e+01 +5.898689291e+01
2295 0 +2.112454998e+00 +5.872245500e+01 +5.872245500e+01
2313 0 +1.365362591e+00 +5.797536259e+01 +5.797536259e+01
2325 0 +1.133458678e+00 +5.774345868e+01 +5.774345868e+01
2406 0 +1.073159891e+00 +5.768315989e+01 +5.768315989e+01
2422 0 +9.816631234e-01 +5.759166312e+01 +5.759166312e+01
2424 0 +7.853188733e-01 +5.739531887e+01 +5.739531887e+01
2429 0 +6.019687606e-01 +5.721196876e+01 +5.721196876e+01
2453 0 +5.366529670e-01 +5.714665297e+01 +5.714665297e+01
2476 0 +4.786123168e-01 +5.708861232e+01 +5.708861232e+01
2530 0 +4.197565430e-01 +5.702975654e+01 +5.702975654e+01
2541 0 +3.954016938e-01 +5.700540169e+01 +5.700540169e+01
2552 0 +3.395160106e-01 +5.694951601e+01 +5.694951601e+01
2558 0 +3.097422530e-01 +5.691974225e+01 +5.691974225e+01
2560 0 +2.461288545e-01 +5.685612885e+01 +5.685612885e+01
2643 0 +2.209750887e-01 +5.683097509e+01 +5.683097509e+01
2670 0 +1.938740993e-01 +5.680387410e+01 +5.680387410e+01
2813 0 +1.776535288e-01 +5.678765353e+01 +5.678765353e+01
200000 0 +1.613828196e-01 +5.677138282e+01 +5.677138282e+01
% f evaluations | g evaluations | best noise-free fitness - Fopt (-1.810000000000e+01) + sum g_i+ | measured fitness | best measured fitness or single-digit g-values | x1 | x2...
1 0 +1.629154048e+08 +1.629153867e+08 +1.629153867e+08
35 0 +1.535946548e+08 +1.535946367e+08 +1.535946367e+08
44 0 +1.392061153e+08 +1.392060972e+08 +1.392060972e+08
62 0 +1.369093731e+08 +1.369093550e+08 +1.369093550e+08
68 0 +1.138677477e+08 +1.138677296e+08 +1.138677296e+08
677 0 +1.120738115e+08 +1.120737934e+08 +1.120737934e+08
680 0 +9.863729421e+07 +9.863727611e+07 +9.863727611e+07
681 0 +9.727305421e+07 +9.727303611e+07 +9.727303611e+07
684 0 +9.644233171e+07 +9.644231361e+07 +9.644231361e+07
685 0 +9.618284855e+07 +9.618283045e+07 +9.618283045e+07
688 0 +8.986378852e+07 +8.986377042e+07 +8.986377042e+07
690 0 +8.384119281e+07 +8.384117471e+07 +8.384117471e+07
692 0 +7.841028265e+07 +7.841026455e+07 +7.841026455e+07
693 0 +7.588361282e+07 +7.588359472e+07 +7.588359472e+07
696 0 +7.304470708e+07 +7.304468898e+07 +7.304468898e+07
697 0 +7.201980768e+07 +7.201978958e+07 +7.201978958e+07
699 0 +7.156559989e+07 +7.156558179e+07 +7.156558179e+07
702 0 +6.487492434e+07 +6.487490624e+07 +6.487490624e+07
703 0 +6.458741153e+07 +6.458739343e+07 +6.458739343e+07
705 0 +6.360803699e+07 +6.360801889e+07 +6.360801889e+07
709 0 +6.132675549e+07 +6.132673739e+07 +6.132673739e+07
712 0 +5.930585013e+07 +5.930583203e+07 +5.930583203e+07
715 0 +5.594087563e+07 +5.594085753e+07 +5.594085753e+07
717 0 +5.016769419e+07 +5.016767609e+07 +5.016767609e+07
720 0 +4.114019909e+07 +4.114018099e+07 +4.114018099e+07
728 0 +3.605519622e+07 +3.605517812e+07 +3.605517812e+07
730 0 +3.182776206e+07 +3.182774396e+07 +3.182774396e+07
732 0 +2.721854309e+07 +2.721852499e+07 +2.721852499e+07
736 0 +2.545457724e+07 +2.545455914e+07 +2.545455914e+07
742 0 +2.338004400e+07 +2.338002590e+07 +2.338002590e+07
749 0 +2.256347844e+07 +2.256346034e+07 +2.256346034e+07
752 0 +2.169683709e+07 +2.169681899e+07 +2.169681899e+07
757 0 +1.943727234e+07 +1.943725424e+07 +1.943725424e+07
760 0 +1.364998390e+07 +1.364996580e+07 +1.364996580e+07
763 0 +1.337857949e+07 +1.337856139e+07 +1.337856139e+07
768 0 +1.062724394e+07 +1.062722584e+07 +1.062722584e+07
770 0 +8.626325203e+06 +8.626307103e+06 +8.626307103e+06
772 0 +6.523802095e+06 +6.523783995e+06 +6.523783995e+06
782 0 +6.399482289e+06 +6.399464189e+06 +6.399464189e+06
800 0 +3.568998804e+06 +3.568980704e+06 +3.568980704e+06
808 0 +2.618138793e+06 +2.618120693e+06 +2.618120693e+06
812 0 +2.348619984e+06 +2.348601884e+06 +2.348601884e+06
840 0 +1.653689444e+06 +1.653671344e+06 +1.653671344e+06
844 0 +1.324762091e+06 +1.324743991e+06 +1.324743991e+06
868 0 +1.283759603e+06 +1.283741503e+06 +1.283741503e+06
875 0 +1.237322687e+06 +1.237304587e+06 +1.237304587e+06
923 0 +1.134488373e+06 +1.134470273e+06 +1.134470273e+06
930 0 +1.018781985e+06 +1.018763885e+06 +1.018763885e+06
933 0 +8.967923389e+05 +8.967742389e+05 +8.967742389e+05
941 0 +7.287573114e+05 +7.287392114e+05 +7.287392114e+05
947 0 +5.147788848e+05 +5.147607848e+05 +5.147607848e+05
956 0 +3.727920317e+05 +3.727739317e+05 +3.727739317e+05
957 0 +2.951295577e+05 +2.951114577e+05 +2.951114577e+05
985 0 +2.788341517e+05 +2.788160517e+05 +2.788160517e+05
1052 0 +2.199854073e+05 +2.199673073e+05 +2.199673073e+05
1054 0 +1.911860566e+05 +1.911679566e+05 +1.911679566e+05
1056 0 +1.615397943e+05 +1.615216943e+05 +1.615216943e+05
1060 0 +1.359453135e+05 +1.359272135e+05 +1.359272135e+05
1066 0 +1.092468827e+05 +1.092287827e+05 +1.092287827e+05
1079 0 +8.361249914e+04 +8.359439914e+04 +8.359439914e+04
1163 0 +6.967264741e+04 +6.965454741e+04 +6.965454741e+04
1169 0 +5.671400396e+04 +5.669590396e+04 +5.669590396e+04
1173 0 +5.616057704e+04 +5.614247704e+04 +5.614247704e+04
1197 0 +3.886738101e+04 +3.884928101e+04 +3.884928101e+04
1200 0 +3.412442801e+04 +3.410632801e+04 +3.410632801e+04
1202 0 +3.016769986e+04 +3.014959986e+04 +3.014959986e+04
1222 0 +2.797562992e+04 +2.795752992e+04 +2.795752992e+04
1251 0 +2.429986763e+04 +2.428176763e+04 +2.428176763e+04
1298 0 +2.134845973e+04 +2.133035973e+04 +2.133035973e+04
1325 0 +1.759591454e+04 +1.757781454e+04 +1.757781454e+04
1406 0 +1.392302402e+04 +1.390492402e+04 +1.390492402e+04
1415 0 +1.177054566e+04 +1.175244566e+04 +1.175244566e+04
1419 0 +1.055285798e+04 +1.053475798e+04 +1.053475798e+04
1421 0 +9.635088253e+03 +9.616988253e+03 +9.616988253e+03
1424 0 +7.974760467e+03 +7.956660467e+03 +7.956660467e+03
1428 0 +6.266211093e+03 +6.248111093e+03 +6.248111093e+03
1436 0 +3.795327638e+03 +3.777227638e+03 +3.777227638e+03
1529 0 +2.910877734e+03 +2.892777734e+03 +2.892777734e+03
1537 0 +2.460200700e+03 +2.442100700e+03 +2.442100700e+03
1540 0 +1.817690554e+03 +1.799590554e+03 +1.799590554e+03
1552 0 +1.615809591e+03 +1.597709591e+03 +1.597709591e+03
1553 0 +1.092940815e+03 +1.074840815e+03 +1.074840815e+03
1616 0 +8.394562132e+02 +8.213562132e+02 +8.213562132e+02
1623 0 +5.867791601e+02 +5.686791601e+02 +5.686791601e+02
1627 0 +4.540067512e+02 +4.359067512e+02 +4.359067512e+02
1631 0 +3.919553854e+02 +3.738553854e+02 +3.738553854e+02
1642 0 +3.485662968e+02 +3.304662968e+02 +3.304662968e+02
1685 0 +2.642812824e+02 +2.461812824e+02 +2.461812824e+02
1691 0 +2.373553793e+02 +2.192553793e+02 +2.192553793e+02
1698 0 +2.190128469e+02 +2.009128469e+02 +2.009128469e+02
1701 0 +1.942449214e+02 +1.761449214e+02 +1.761449214e+02
1706 0 +1.725840086e+02 +1.544840086e+02 +1.544840086e+02
1713 0 +1.054688129e+02 +8.736881294e+01 +8.736881294e+01
1717 0 +7.395801036e+01 +5.585801036e+01 +5.585801036e+01
1727 0 +7.040674059e+01 +5.230674059e+01 +5.230674059e+01
1808 0 +6.037776544e+01 +4.227776544e+01 +4.227776544e+01
1818 0 +5.390340718e+01 +3.580340718e+01 +3.580340718e+01
1827 0 +4.265063029e+01 +2.455063029e+01 +2.455063029e+01
1831 0 +3.183467943e+01 +1.373467943e+01 +1.373467943e+01
1835 0 +1.656928606e+01 -1.530713939e+00 -1.530713939e+00
1862 0 +1.583969644e+01 -2.260303557e+00 -2.260303557e+00
1921 0 +1.221505935e+01 -5.884940650e+00 -5.884940650e+00
1979 0 +1.000914169e+01 -8.090858308e+00 -8.090858308e+00
1981 0 +9.390318549e+00 -8.709681451e+00 -8.709681451e+00
1990 0 +5.580674693e+00 -1.251932531e+01 -1.251932531e+01
1998 0 +4.641897530e+00 -1.345810247e+01 -1.345810247e+01
1999 0 +4.368278559e+00 -1.373172144e+01 -1.373172144e+01
2052 0 +3.851056300e+00 -1.424894370e+01 -1.424894370e+01
2057 0 +3.078569396e+00 -1.502143060e+01 -1.502143060e+01
2062 0 +2.735008057e+00 -1.536499194e+01 -1.536499194e+01
2066 0 +2.298139816e+00 -1.580186018e+01 -1.580186018e+01
2080 0 +1.828402011e+00 -1.627159799e+01 -1.627159799e+01
2133 0 +1.692931919e+00 -1.640706808e+01 -1.640706808e+01
2136 0 +1.569300428e+00 -1.653069957e+01 -1.653069957e+01
2140 0 +1.399105293e+00 -1.670089471e+01 -1.670089471e+01
2147 0 +1.187419558e+00 -1.691258044e+01 -1.691258044e+01
2150 0 +1.037145249e+00 -1.706285475e+01 -1.706285475e+01
2158 0 +9.593741146e-01 -1.714062589e+01 -1.714062589e+01
2162 0 +7.383153459e-01 -1.736168465e+01 -1.736168465e+01
2166 0 +6.967437986e-01 -1.740325620e+01 -1.740325620e+01
2263 0 +6.133452140e-01 -1.748665479e+01 -1.748665479e+01
2280 0 +5.124478118e-01 -1.758755219e+01 -1.758755219e+01
2289 0 +4.964142860e-01 -1.760358571e+01 -1.760358571e+01
2421 0 +4.427328616e-01 -1.765726714e+01 -1.765726714e+01
200000 0 +3.990194040e-01 -1.770098060e+01 -1.770098060e+01
% f evaluations | g evaluations | best noise-free fitness - Fopt (3.777000000000e+01) + sum g_i+ | measured fitness | best measured fitness or single-digit g-values | x1 | x2...
1 0 +9.102553206e+07 +9.102556983e+07 +9.102556983e+07
7 0 +7.830788753e+07 +7.830792530e+07 +7.830792530e+07
13 0 +5.743872368e+07 +5.743876145e+07 +5.743876145e+07
755 0 +5.366796757e+07 +5.366800534e+07 +5.366800534e+07
760 0 +5.290756468e+07 +5.290760245e+07 +5.290760245e+07
766 0 +5.175909630e+07 +5.175913407e+07 +5.175913407e+07
772 0 +5.089732598e+07 +5.089736375e+07 +5.089736375e+07
784 0 +5.023042951e+07 +5.023046728e+07 +5.023046728e+07
785 0 +4.891999186e+07 +4.892002963e+07 +4.892002963e+07
789 0 +4.856957232e+07 +4.856961009e+07 +4.856961009e+07
795 0 +3.137588869e+07 +3.137592646e+07 +3.137592646e+07
809 0 +2.996042344e+07 +2.996046121e+07 +2.996046121e+07
812 0 +2.970548728e+07 +2.970552505e+07 +2.970552505e+07
818 0 +2.963646293e+07 +2.963650070e+07 +2.963650070e+07
827 0 +2.935729759e+07 +2.935733536e+07 +2.935733536e+07
832 0 +2.793048013e+07 +2.793051790e+07 +2.793051790e+07
835 0 +1.624950803e+07 +1.624954580e+07 +1.624954580e+07
840 0 +1.577290482e+07 +1.577294259e+07 +1.577294259e+07
868 0 +1.565511210e+07 +1.565514987e+07 +1.565514987e+07
875 0 +8.462493155e+06 +8.462530925e+06 +8.462530925e+06
902 0 +7.964942147e+06 +7.964979917e+06 +7.964979917e+06
912 0 +7.321844639e+06 +7.321882409e+06 +7.321882409e+06
915 0 +3.228984771e+06 +3.229022541e+06 +3.229022541e+06
927 0 +3.149082706e+06 +3.149120476e+06 +3.149120476e+06
955 0 +1.074358244e+06 +1.074396014e+06 +1.074396014e+06
993 0 +7.780425942e+05 +7.780803642e+05 +7.780803642e+05
1067 0 +7.015480460e+05 +7.015858160e+05 +7.015858160e+05
1074 0 +6.052719773e+05 +6.053097473e+05 +6.053097473e+05
1075 0 +5.828285685e+05 +5.828663385e+05 +5.828663385e+05
1087 0 +5.610102992e+05 +5.610480692e+05 +5.610480692e+05
1097 0 +4.684260781e+05 +4.684638481e+05 +4.684638481e+05
1128 0 +4.405684537e+05 +4.406062237e+05 +4.406062237e+05
1207 0 +3.924113694e+05 +3.924491394e+05 +3.924491394e+05
1209 0 +3.455410840e+05 +3.455788540e+05 +3.455788540e+05
1228 0 +2.885485293e+05 +2.885862993e+05 +2.885862993e+05
1230 0 +2.386177174e+05 +2.386554874e+05 +2.386554874e+05
1236 0 +2.097956027e+05 +2.098333727e+05 +2.098333727e+05
1239 0 +1.620036140e+05 +1.620413840e+05 +1.620413840e+05
1242 0 +1.385451558e+05 +1.385829258e+05 +1.385829258e+05
1277 0 +1.159173839e+05 +1.159551539e+05 +1.159551539e+05
1306 0 +1.048756675e+05 +1.049134375e+05 +1.049134375e+05
1340 0 +9.499995422e+04 +9.503772422e+04 +9.503772422e+04
1411 0 +8.864647169e+04 +8.868424169e+04 +8.868424169e+04
1486 0 +7.421869148e+04 +7.425646148e+04 +7.425646148e+04
1488 0 +6.824692031e+04 +6.828469031e+04 +6.828469031e+04
1493 0 +6.287067714e+04 +6.290844714e+04 +6.290844714e+04
1495 0 +5.058735132e+04 +5.062512132e+04 +5.062512132e+04
1499 0 +4.680573695e+04 +4.684350695e+04 +4.684350695e+04
1507 0 +4.161827571e+04 +4.165604571e+04 +4.165604571e+04
1510 0 +3.664285164e+04 +3.668062164e+04 +3.668062164e+04
1515 0 +3.223337564e+04 +3.227114564e+04 +3.227114564e+04
1518 0 +2.741945287e+04 +2.745722287e+04 +2.745722287e+04
1563 0 +2.378066327e+04 +2.381843327e+04 +2.381843327e+04
1628 0 +2.190105109e+04 +2.193882109e+04 +2.193882109e+04
1688 0 +1.896340873e+04 +1.900117873e+04 +1.900117873e+04
1692 0 +1.740713113e+04 +1.744490113e+04 +1.744490113e+04
1698 0 +1.487794650e+04 +1.491571650e+04 +1.491571650e+04
1702 0 +1.323732597e+04 +1.327509597e+04 +1.327509597e+04
1706 0 +1.243120620e+04 +1.246897620e+04 +1.246897620e+04
1707 0 +9.157360990e+03 +9.195130990e+03 +9.195130990e+03
1711 0 +8.550586386e+03 +8.588356386e+03 +8.588356386e+03
1716 0 +5.871317188e+03 +5.909087188e+03 +5.909087188e+03
1717 0 +5.087217061e+03 +5.124987061e+03 +5.124987061e+03
1721 0 +4.925110973e+03 +4.962880973e+03 +4.962880973e+03
1771 0 +4.317958244e+03 +4.355728244e+03 +4.355728244e+03
1774 0 +3.689938747e+03 +3.727708747e+03 +3.727708747e+03
1777 0 +3.146937379e+03 +3.184707379e+03 +3.184707379e+03
1792 0 +2.738569572e+03 +2.776339572e+03 +2.776339572e+03
1798 0 +2.052312644e+03 +2.090082644e+03 +2.090082644e+03
1802 0 +1.390456523e+03 +1.428226523e+03 +1.428226523e+03
1844 0 +1.212428866e+03 +1.250198866e+03 +1.250198866e+03
1859 0 +1.041812372e+03 +1.079582372e+03 +1.079582372e+03
1861 0 +8.858296287e+02 +9.235996287e+02 +9.235996287e+02
1871 0 +7.742370082e+02 +8.120070082e+02 +8.120070082e+02
1874 0 +6.325698778e+02 +6.703398778e+02 +6.703398778e+02
1875 0 +4.731184714e+02 +5.108884714e+02 +5.108884714e+02
1880 0 +2.602450609e+02 +2.980150609e+02 +2.980150609e+02
1925 0 +2.313195554e+02 +2.690895554e+02 +2.690895554e+02
1943 0 +1.998994366e+02 +2.376694366e+02 +2.376694366e+02
1952 0 +1.834420777e+02 +2.212120777e+02 +2.212120777e+02
1957 0 +1.525671336e+02 +1.903371336e+02 +1.903371336e+02
1961 0 +1.226678983e+02 +1.604378983e+02 +1.604378983e+02
2010 0 +1.023673288e+02 +1.401373288e+02 +1.401373288e+02
2011 0 +9.266803523e+01 +1.304380352e+02 +1.304380352e+02
2013 0 +8.640292731e+01 +1.241729273e+02 +1.241729273e+02
2015 0 +7.586003606e+01 +1.136300361e+02 +1.136300361e+02
2020 0 +6.065093758e+01 +9.842093758e+01 +9.842093758e+01
2022 0 +5.398477348e+01 +9.175477348e+01 +9.175477348e+01
2029 0 +3.914234116e+01 +7.691234116e+01 +7.691234116e+01
2031 0 +3.277668433e+01 +7.054668433e+01 +7.054668433e+01
2036 0 +2.657243491e+01 +6.434243491e+01 +6.434243491e+01
2042 0 +2.179170898e+01 +5.956170898e+01 +5.956170898e+01
2136 0 +1.963741772e+01 +5.740741772e+01 +5.740741772e+01
2148 0 +1.625101038e+01 +5.402101038e+01 +5.402101038e+01
2154 0 +1.363281836e+01 +5.140281836e+01 +5.140281836e+01
2158 0 +1.202246228e+01 +4.979246228e+01 +4.979246228e+01
2159 0 +9.455216982e+00 +4.722521698e+01 +4.722521698e+01
2174 0 +8.486735229e+00 +4.625673523e+01 +4.625673523e+01
2244 0 +7.614279090e+00 +4.538427909e+01 +4.538427909e+01
2253 0 +6.984243206e+00 +4.475424321e+01 +4.475424321e+01
2256 0 +6.256109890e+00 +4.402610989e+01 +4.402610989e+01
2262 0 +5.021751274e+00 +4.279175127e+01 +4.279175127e+01
2272 0 +4.426185215e+00 +4.219618522e+01 +4.219618522e+01
2276 0 +3.870969888e+00 +4.164096989e+01 +4.164096989e+01
2282 0 +3.296709102e+00 +4.106670910e+01 +4.106670910e+01
2326 0 +3.113225951e+00 +4.088322595e+01 +4.088322595e+01
2349 0 +2.798363417e+00 +4.056836342e+01 +4.056836342e+01
2424 0 +2.502526807e+00 +4.027252681e+01 +4.027252681e+01
2495 0 +2.237698690e+00 +4.000769869e+01 +4.000769869e+01
200000 0 +2.157446403e+00 +3.992744640e+01 +3.992744640e+01
% f evaluations | g evaluations | best noise-free fitness - Fopt (4.190400000000e+02) + sum g_i+ | measured fitness | best measured fitness or single-digit g-values | x1 | x2...
1 0 +3.528570943e+08 +3.528575134e+08 +3.528575134e+08
2 0 +2.366531227e+08 +2.366535417e+08 +2.366535417e+08
4 0 +1.362701944e+08 +1.362706135e+08 +1.362706135e+08
19 0 +7.842397252e+07 +7.842439156e+07 +7.842439156e+07
680 0 +7.449889071e+07 +7.449930975e+07 +7.449930975e+07
688 0 +6.199660674e+07 +6.199702578e+07 +6.199702578e+07
690 0 +6.163573989e+07 +6.163615893e+07 +6.163615893e+07
692 0 +5.533406201e+07 +5.533448105e+07 +5.533448105e+07
693 0 +5.464418445e+07 +5.464460349e+07 +5.464460349e+07
695 0 +5.053365100e+07 +5.053407004e+07 +5.053407004e+07
698 0 +4.986263443e+07 +4.986305347e+07 +4.986305347e+07
700 0 +4.449334187e+07 +4.449376091e+07 +4.449376091e+07
706 0 +4.051231809e+07 +4.051273713e+07 +4.051273713e+07
707 0 +2.975222954e+07 +2.975264858e+07 +2.975264858e+07
709 0 +2.920232474e+07 +2.920274378e+07 +2.920274378e+07
713 0 +2.659145726e+07 +2.659187630e+07 +2.659187630e+07
715 0 +2.386259845e+07 +2.386301749e+07 +2.386301749e+07
717 0 +2.297093538e+07 +2.297135442e+07 +2.297135442e+07
725 0 +2.071129763e+07 +2.071171667e+07 +2.071171667e+07
728 0 +1.941621595e+07 +1.941663499e+07 +1.941663499e+07
729 0 +1.637108801e+07 +1.637150705e+07 +1.637150705e+07
732 0 +1.366218086e+07 +1.366259990e+07 +1.366259990e+07
734 0 +1.336770306e+07 +1.336812210e+07 +1.336812210e+07
740 0 +1.156968845e+07 +1.157010749e+07 +1.157010749e+07
746 0 +9.868753831e+06 +9.869172871e+06 +9.869172871e+06
747 0 +6.836649968e+06 +6.837069008e+06 +6.837069008e+06
752 0 +6.765707471e+06 +6.766126511e+06 +6.766126511e+06
755 0 +5.598503038e+06 +5.598922078e+06 +5.598922078e+06
757 0 +5.190247730e+06 +5.190666770e+06 +5.190666770e+06
765 0 +4.815198891e+06 +4.815617931e+06 +4.815617931e+06
769 0 +3.975372959e+06 +3.975791999e+06 +3.975791999e+06
772 0 +2.365915534e+06 +2.366334574e+06 +2.366334574e+06
776 0 +2.295357008e+06 +2.295776048e+06 +2.295776048e+06
778 0 +2.177465584e+06 +2.177884624e+06 +2.177884624e+06
787 0 +1.775321412e+06 +1.775740452e+06 +1.775740452e+06
813 0 +1.471590763e+06 +1.472009803e+06 +1.472009803e+06
883 0 +1.327393464e+06 +1.327812504e+06 +1.327812504e+06
886 0 +1.244960812e+06 +1.245379852e+06 +1.245379852e+06
897 0 +1.141196362e+06 +1.141615402e+06 +1.141615402e+06
905 0 +7.740999815e+05 +7.745190215e+05 +7.745190215e+05
913 0 +6.178808925e+05 +6.182999325e+05 +6.182999325e+05
918 0 +4.599860455e+05 +4.604050855e+05 +4.604050855e+05
933 0 +4.454822285e+05 +4.459012685e+05 +4.459012685e+05
947 0 +3.722095622e+05 +3.726286022e+05 +3.726286022e+05
1011 0 +3.418068646e+05 +3.422259046e+05 +3.422259046e+05
1020 0 +2.909165444e+05 +2.913355844e+05 +2.913355844e+05
1022 0 +2.758950976e+05 +2.763141376e+05 +2.763141376e+05
1032 0 +2.334591515e+05 +2.338781915e+05 +2.338781915e+05
1036 0 +1.851348810e+05 +1.855539210e+05 +1.855539210e+05
1039 0 +1.548195635e+05 +1.552386035e+05 +1.552386035e+05
1046 0 +1.300259252e+05 +1.304449652e+05 +1.304449652e+05
1064 0 +1.256075885e+05 +1.260266285e+05 +1.260266285e+05
1093 0 +1.046970902e+05 +1.051161302e+05 +1.051161302e+05
1098 0 +9.789891167e+04 +9.831795167e+04 +9.831795167e+04
1209 0 +8.394429834e+04 +8.436333834e+04 +8.436333834e+04
1212 0 +7.325135008e+04 +7.367039008e+04 +7.367039008e+04
1214 0 +6.570559405e+04 +6.612463405e+04 +6.612463405e+04
1217 0 +5.586974568e+04 +5.628878568e+04 +5.628878568e+04
1231 0 +4.746655325e+04 +4.788559325e+04 +4.788559325e+04
1234 0 +2.964693801e+04 +3.006597801e+04 +3.006597801e+04
1326 0 +2.567040518e+04 +2.608944518e+04 +2.608944518e+04
1333 0 +2.481689548e+04 +2.523593548e+04 +2.523593548e+04
1336 0 +2.180415997e+04 +2.222319997e+04 +2.222319997e+04
1346 0 +1.783255973e+04 +1.825159973e+04 +1.825159973e+04
1347 0 +1.603828748e+04 +1.645732748e+04 +1.645732748e+04
1350 0 +1.457303994e+04 +1.499207994e+04 +1.499207994e+04
1358 0 +1.130195114e+04 +1.172099114e+04 +1.172099114e+04
1360 0 +9.212598357e+03 +9.631638357e+03 +9.631638357e+03
1362 0 +5.565722900e+03 +5.984762900e+03 +5.984762900e+03
1378 0 +4.868298364e+03 +5.287338364e+03 +5.287338364e+03
1450 0 +4.370150450e+03 +4.789190450e+03 +4.789190450e+03
1457 0 +3.613053810e+03 +4.032093810e+03 +4.032093810e+03
1459 0 +3.368039337e+03 +3.787079337e+03 +3.787079337e+03
1461 0 +3.094359869e+03 +3.513399869e+03 +3.513399869e+03
1469 0 +1.862840251e+03 +2.281880251e+03 +2.281880251e+03
1471 0 +1.313305787e+03 +1.732345787e+03 +1.732345787e+03
1485 0 +1.196386040e+03 +1.615426040e+03 +1.615426040e+03
1566 0 +1.019108134e+03 +1.438148134e+03 +1.438148134e+03
1569 0 +8.966555328e+02 +1.315695533e+03 +1.315695533e+03
1580 0 +8.848431335e+02 +1.303883133e+03 +1.303883133e+03
1582 0 +7.483494808e+02 +1.167389481e+03 +1.167389481e+03
1594 0 +6.615113384e+02 +1.080551338e+03 +1.080551338e+03
1595 0 +4.363734917e+02 +8.554134917e+02 +8.554134917e+02
1611 0 +3.496533928e+02 +7.686933928e+02 +7.686933928e+02
1616 0 +3.080442953e+02 +7.270842953e+02 +7.270842953e+02
1653 0 +2.735108203e+02 +6.925508203e+02 +6.925508203e+02
1724 0 +2.436025531e+02 +6.626425531e+02 +6.626425531e+02
1734 0 +1.862200667e+02 +6.052600667e+02 +6.052600667e+02
1735 0 +1.773947036e+02 +5.964347036e+02 +5.964347036e+02
1739 0 +1.499360568e+02 +5.689760568e+02 +5.689760568e+02
1759 0 +1.189296571e+02 +5.379696571e+02 +5.379696571e+02
1761 0 +1.078630520e+02 +5.269030520e+02 +5.269030520e+02
1785 0 +6.978253062e+01 +4.888225306e+02 +4.888225306e+02
1867 0 +6.167156572e+01 +4.807115657e+02 +4.807115657e+02
1873 0 +5.482337634e+01 +4.738633763e+02 +4.738633763e+02
1965 0 +4.808644386e+01 +4.671264439e+02 +4.671264439e+02
1977 0 +4.465710009e+01 +4.636971001e+02 +4.636971001e+02
1984 0 +3.772704427e+01 +4.567670443e+02 +4.567670443e+02
1988 0 +3.497878361e+01 +4.540187836e+02 +4.540187836e+02
1989 0 +2.768422647e+01 +4.467242265e+02 +4.467242265e+02
1992 0 +2.453269413e+01 +4.435726941e+02 +4.435726941e+02
2000 0 +1.854658190e+01 +4.375865819e+02 +4.375865819e+02
2036 0 +1.754085486e+01 +4.365808549e+02 +4.365808549e+02
2141 0 +1.535521611e+01 +4.343952161e+02 +4.343952161e+02
2155 0 +1.392326851e+01 +4.329632685e+02 +4.329632685e+02
2262 0 +1.258741898e+01 +4.316274190e+02 +4.316274190e+02
200000 0 +1.148397174e+01 +4.305239717e+02 +4.305239717e+02
% f evaluations | g evaluations | best noise-free fitness - Fopt (-2.568000000000e+01) + sum g_i+ | measured fitness | best measured fitness or single-digit g-values | x1 | x2...
1 0 +9.081008532e+07 +9.081005964e+07 +9.081005964e+07
2 0 +8.799579772e+07 +8.799577204e+07 +8.799577204e+07
4 0 +7.893310784e+07 +7.893308216e+07 +7.893308216e+07
16 0 +7.586031425e+07 +7.586028857e+07 +7.586028857e+07
31 0 +5.968208794e+07 +5.968206226e+07 +5.968206226e+07
615 0 +5.807600330e+07 +5.807597762e+07 +5.807597762e+07
622 0 +5.271427952e+07 +5.271425384e+07 +5.271425384e+07
623 0 +5.102603745e+07 +5.102601177e+07 +5.102601177e+07
626 0 +4.835453839e+07 +4.835451271e+07 +4.835451271e+07
629 0 +4.452043019e+07 +4.452040451e+07 +4.452040451e+07
632 0 +4.328545178e+07 +4.328542610e+07 +4.328542610e+07
633 0 +3.841317741e+07 +3.841315173e+07 +3.841315173e+07
635 0 +3.695286206e+07 +3.695283638e+07 +3.695283638e+07
637 0 +3.606153187e+07 +3.606150619e+07 +3.606150619e+07
639 0 +3.117061537e+07 +3.117058969e+07 +3.117058969e+07
643 0 +3.030771503e+07 +3.030768935e+07 +3.030768935e+07
645 0 +2.852360860e+07 +2.852358292e+07 +2.852358292e+07
647 0 +2.746890644e+07 +2.746888076e+07 +2.746888076e+07
649 0 +2.440917233e+07 +2.440914665e+07 +2.440914665e+07
652 0 +2.137163674e+07 +2.137161106e+07 +2.137161106e+07
655 0 +1.678438552e+07 +1.678435984e+07 +1.678435984e+07
662 0 +1.356023084e+07 +1.356020516e+07 +1.356020516e+07
666 0 +1.341283397e+07 +1.341280829e+07 +1.341280829e+07
667 0 +1.328499480e+07 +1.328496912e+07 +1.328496912e+07
669 0 +1.165526499e+07 +1.165523931e+07 +1.165523931e+07
672 0 +1.153928033e+07 +1.153925465e+07 +1.153925465e+07
673 0 +9.630123449e+06 +9.630097769e+06 +9.630097769e+06
679 0 +7.827988012e+06 +7.827962332e+06 +7.827962332e+06
689 0 +6.953452855e+06 +6.953427175e+06 +6.953427175e+06
692 0 +5.933094005e+06 +5.933068325e+06 +5.933068325e+06
695 0 +3.507991776e+06 +3.507966096e+06 +3.507966096e+06
702 0 +2.256661844e+06 +2.256636164e+06 +2.256636164e+06
703 0 +2.044092802e+06 +2.044067122e+06 +2.044067122e+06
735 0 +1.793544042e+06 +1.793518362e+06 +1.793518362e+06
737 0 +1.694899123e+06 +1.694873443e+06 +1.694873443e+06
805 0 +1.510708581e+06 +1.510682901e+06 +1.510682901e+06
816 0 +1.351767368e+06 +1.351741688e+06 +1.351741688e+06
818 0 +1.288853496e+06 +1.288827816e+06 +1.288827816e+06
819 0 +1.192868132e+06 +1.192842452e+06 +1.192842452e+06
826 0 +8.692612924e+05 +8.692356124e+05 +8.692356124e+05
828 0 +7.429059787e+05 +7.428802987e+05 +7.428802987e+05
831 0 +6.225970399e+05 +6.225713599e+05 +6.225713599e+05
833 0 +4.742787524e+05 +4.742530724e+05 +4.742530724e+05
839 0 +3.509615997e+05 +3.509359197e+05 +3.509359197e+05
869 0 +3.039230897e+05 +3.038974097e+05 +3.038974097e+05
893 0 +2.830126133e+05 +2.829869333e+05 +2.829869333e+05
915 0 +2.743323820e+05 +2.743067020e+05 +2.743067020e+05
974 0 +2.380448119e+05 +2.380191319e+05 +2.380191319e+05
975 0 +2.074749342e+05 +2.074492542e+05 +2.074492542e+05
982 0 +1.969944312e+05 +1.969687512e+05 +1.969687512e+05
994 0 +1.692369970e+05 +1.692113170e+05 +1.692113170e+05
996 0 +1.166875404e+05 +1.166618604e+05 +1.166618604e+05
1004 0 +9.803074951e+04 +9.800506951e+04 +9.800506951e+04
1041 0 +7.860167200e+04 +7.857599200e+04 +7.857599200e+04
1093 0 +6.833883933e+04 +6.831315933e+04 +6.831315933e+04
1163 0 +5.708923054e+04 +5.706355054e+04 +5.706355054e+04
1170 0 +5.251740361e+04 +5.249172361e+04 +5.249172361e+04
1175 0 +4.211941574e+04 +4.209373574e+04 +4.209373574e+04
1178 0 +3.421527617e+04 +3.418959617e+04 +3.418959617e+04
1182 0 +2.664039166e+04 +2.661471166e+04 +2.661471166e+04
1187 0 +2.302034204e+04 +2.299466204e+04 +2.299466204e+04
1224 0 +2.141330872e+04 +2.138762872e+04 +2.138762872e+04
1253 0 +1.854248002e+04 +1.851680002e+04 +1.851680002e+04
1327 0 +1.555951459e+04 +1.553383459e+04 +1.553383459e+04
1330 0 +1.340412409e+04 +1.337844409e+04 +1.337844409e+04
1331 0 +1.221287705e+04 +1.218719705e+04 +1.218719705e+04
1340 0 +9.835921212e+03 +9.810241212e+03 +9.810241212e+03
1348 0 +7.276447202e+03 +7.250767202e+03 +7.250767202e+03
1353 0 +6.108477281e+03 +6.082797281e+03 +6.082797281e+03
1362 0 +5.456711211e+03 +5.431031211e+03 +5.431031211e+03
1459 0 +4.651022212e+03 +4.625342212e+03 +4.625342212e+03
1462 0 +3.920121028e+03 +3.894441028e+03 +3.894441028e+03
1466 0 +3.327022697e+03 +3.301342697e+03 +3.301342697e+03
1470 0 +2.342503531e+03 +2.316823531e+03 +2.316823531e+03
1475 0 +2.188782995e+03 +2.163102995e+03 +2.163102995e+03
1480 0 +1.425042781e+03 +1.399362781e+03 +1.399362781e+03
1481 0 +1.034848598e+03 +1.009168598e+03 +1.009168598e+03
1489 0 +8.787077800e+02 +8.530277800e+02 +8.530277800e+02
1570 0 +7.451370065e+02 +7.194570065e+02 +7.194570065e+02
1572 0 +6.031788218e+02 +5.774988218e+02 +5.774988218e+02
1591 0 +5.325657697e+02 +5.068857697e+02 +5.068857697e+02
1594 0 +4.063276865e+02 +3.806476865e+02 +3.806476865e+02
1596 0 +3.039060931e+02 +2.782260931e+02 +2.782260931e+02
1643 0 +2.681068773e+02 +2.424268773e+02 +2.424268773e+02
1653 0 +2.435566203e+02 +2.178766203e+02 +2.178766203e+02
1664 0 +1.910104828e+02 +1.653304828e+02 +1.653304828e+02
1668 0 +1.738009145e+02 +1.481209145e+02 +1.481209145e+02
1677 0 +1.195520466e+02 +9.387204663e+01 +9.387204663e+01
1680 0 +1.017655684e+02 +7.608556839e+01 +7.608556839e+01
1682 0 +6.442170278e+01 +3.874170278e+01 +3.874170278e+01
1705 0 +6.024909358e+01 +3.456909358e+01 +3.456909358e+01
1734 0 +5.589974371e+01 +3.021974371e+01 +3.021974371e+01
1808 0 +4.809564890e+01 +2.241564890e+01 +2.241564890e+01
1813 0 +4.358424763e+01 +1.790424763e+01 +1.790424763e+01
1827 0 +3.957137481e+01 +1.389137481e+01 +1.389137481e+01
1836 0 +2.845161288e+01 +2.771612877e+00 +2.771612877e+00
1850 0 +2.635007796e+01 +6.700779551e-01 +6.700779551e-01
1866 0 +2.276950699e+01 -2.910493010e+00 -2.910493010e+00
1892 0 +2.069817909e+01 -4.981820908e+00 -4.981820908e+00
1963 0 +1.891903202e+01 -6.760967982e+00 -6.760967982e+00
1967 0 +1.689696127e+01 -8.783038725e+00 -8.783038725e+00
1976 0 +1.559796066e+01 -1.008203934e+01 -1.008203934e+01
1988 0 +1.167204853e+01 -1.400795147e+01 -1.400795147e+01
1989 0 +1.079849719e+01 -1.488150281e+01 -1.488150281e+01
1991 0 +8.547974518e+00 -1.713202548e+01 -1.713202548e+01
1993 0 +7.613791869e+00 -1.806620813e+01 -1.806620813e+01
1999 0 +5.161896566e+00 -2.051810343e+01 -2.051810343e+01
2015 0 +4.409115406e+00 -2.127088459e+01 -2.127088459e+01
2018 0 +3.200908753e+00 -2.247909125e+01 -2.247909125e+01
2085 0 +2.585201591e+00 -2.309479841e+01 -2.309479841e+01
2092 0 +2.221542190e+00 -2.345845781e+01 -2.345845781e+01
2097 0 +1.965650300e+00 -2.371434970e+01 -2.371434970e+01
2103 0 +1.738504301e+00 -2.394149570e+01 -2.394149570e+01
2106 0 +1.536486285e+00 -2.414351372e+01 -2.414351372e+01
2110 0 +1.306172668e+00 -2.437382733e+01 -2.437382733e+01
2121 0 +1.208986023e+00 -2.447101398e+01 -2.447101398e+01
2208 0 +1.060565129e+00 -2.461943487e+01 -2.461943487e+01
2209 0 +9.912768340e-01 -2.468872317e+01 -2.468872317e+01
2221 0 +8.653844678e-01 -2.481461553e+01 -2.481461553e+01
2229 0 +7.520729253e-01 -2.492792707e+01 -2.492792707e+01
2234 0 +5.211113686e-01 -2.515888863e+01 -2.515888863e+01
2237 0 +4.253998694e-01 -2.525460013e+01 -2.525460013e+01
2242 0 +3.206000058e-01 -2.535939999e+01 -2.535939999e+01
2292 0 +3.064708386e-01 -2.537352916e+01 -2.537352916e+01
2304 0 +2.649586867e-01 -2.541504131e+01 -2.541504131e+01
2307 0 +2.443489702e-01 -2.543565103e+01 -2.543565103e+01
2312 0 +2.002955034e-01 -2.547970450e+01 -2.547970450e+01
2316 0 +1.865728469e-01 -2.549342715e+01 -2.549342715e+01
2320 0 +1.660741081e-01 -2.551392589e+01 -2.551392589e+01
2346 0 +1.485767836e-01 -2.553142322e+01 -2.553142322e+01
2443 0 +1.330916166e-01 -2.554690838e+01 -2.554690838e+01
2445 0 +1.243026569e-01 -2.555569734e+01 -2.555569734e+01
2449 0 +1.096288313e-01 -2.557037117e+01 -2.557037117e+01
2463 0 +9.908484009e-02 -2.558091516e+01 -2.558091516e+01
2468 0 +8.581556505e-02 -2.559418443e+01 -2.559418443e+01
2572 0 +7.939257112e-02 -2.560060743e+01 -2.560060743e+01
2607 0 +7.071235673e-02 -2.560928764e+01 -2.560928764e+01
200000 0 +6.596154722e-02 -2.561403845e+01 -2.561403845e+01
% f evaluations | g evaluations | best noise-free fitness - Fopt (-5.893000000000e+02) + sum g_i+ | measured fitness | best measured fitness or single-digit g-values | x1 | x2...
1 0 +6.773669766e+07 +6.773610836e+07 +6.773610836e+07
7 0 +5.799176415e+07 +5.799117485e+07 +5.799117485e+07
13 0 +4.529912429e+07 +4.529853499e+07 +4.529853499e+07
112 0 +3.562767151e+07 +3.562708221e+07 +3.562708221e+07
232 0 +3.418619707e+07 +3.418560777e+07 +3.418560777e+07
709 0 +3.402738622e+07 +3.402679692e+07 +3.402679692e+07
718 0 +3.398770964e+07 +3.398712034e+07 +3.398712034e+07
719 0 +2.938600668e+07 +2.938541738e+07 +2.938541738e+07
724 0 +2.902388783e+07 +2.902329853e+07 +2.902329853e+07
726 0 +2.787099528e+07 +2.787040598e+07 +2.787040598e+07
727 0 +2.770058239e+07 +2.769999309e+07 +2.769999309e+07
731 0 +2.758223272e+07 +2.758164342e+07 +2.758164342e+07
735 0 +1.864134282e+07 +1.864075352e+07 +1.864075352e+07
739 0 +1.839951164e+07 +1.839892234e+07 +1.839892234e+07
746 0 +1.819430267e+07 +1.819371337e+07 +1.819371337e+07
749 0 +1.703742556e+07 +1.703683626e+07 +1.703683626e+07
751 0 +1.650461745e+07 +1.650402815e+07 +1.650402815e+07
759 0 +1.531788274e+07 +1.531729344e+07 +1.531729344e+07
768 0 +1.128036544e+07 +1.127977614e+07 +1.127977614e+07
770 0 +1.118362673e+07 +1.118303743e+07 +1.118303743e+07
771 0 +1.027341581e+07 +1.027282651e+07 +1.027282651e+07
775 0 +6.722950257e+06 +6.722360957e+06 +6.722360957e+06
782 0 +6.487807805e+06 +6.487218505e+06 +6.487218505e+06
789 0 +5.952320213e+06 +5.951730913e+06 +5.951730913e+06
808 0 +4.533931924e+06 +4.533342624e+06 +4.533342624e+06
815 0 +2.860264441e+06 +2.859675141e+06 +2.859675141e+06
832 0 +2.318087973e+06 +2.317498673e+06 +2.317498673e+06
841 0 +2.267438222e+06 +2.266848922e+06 +2.266848922e+06
884 0 +1.897719113e+06 +1.897129813e+06 +1.897129813e+06
892 0 +1.659200275e+06 +1.658610975e+06 +1.658610975e+06
895 0 +1.400850009e+06 +1.400260709e+06 +1.400260709e+06
901 0 +1.331462866e+06 +1.330873566e+06 +1.330873566e+06
905 0 +1.096166077e+06 +1.095576777e+06 +1.095576777e+06
919 0 +9.977532722e+05 +9.971639722e+05 +9.971639722e+05
926 0 +8.147513292e+05 +8.141620292e+05 +8.141620292e+05
928 0 +7.627280394e+05 +7.621387394e+05 +7.621387394e+05
960 0 +7.072816529e+05 +7.066923529e+05 +7.066923529e+05
961 0 +6.945660492e+05 +6.939767492e+05 +6.939767492e+05
1058 0 +5.958874863e+05 +5.952981863e+05 +5.952981863e+05
1067 0 +5.578392897e+05 +5.572499897e+05 +5.572499897e+05
1070 0 +4.626436581e+05 +4.620543581e+05 +4.620543581e+05
1071 0 +4.341365058e+05 +4.335472058e+05 +4.335472058e+05
1075 0 +2.905306513e+05 +2.899413513e+05 +2.899413513e+05
1079 0 +2.534772687e+05 +2.528879687e+05 +2.528879687e+05
1081 0 +1.862076088e+05 +1.856183088e+05 +1.856183088e+05
1102 0 +1.614712782e+05 +1.608819782e+05 +1.608819782e+05
1105 0 +1.307500637e+05 +1.301607637e+05 +1.301607637e+05
1167 0 +1.081689311e+05 +1.075796311e+05 +1.075796311e+05
1180 0 +6.849246575e+04 +6.790316575e+04 +6.790316575e+04
1188 0 +5.289957298e+04 +5.231027298e+04 +5.231027298e+04
1190 0 +4.041478234e+04 +3.982548234e+04 +3.982548234e+04
1194 0 +3.875546733e+04 +3.816616733e+04 +3.816616733e+04
1285 0 +3.387667717e+04 +3.328737717e+04 +3.328737717e+04
1302 0 +3.088183662e+04 +3.029253662e+04 +3.029253662e+04
1306 0 +2.336464247e+04 +2.277534247e+04 +2.277534247e+04
1311 0 +2.043490047e+04 +1.984560047e+04 +1.984560047e+04
1313 0 +1.666912625e+04 +1.607982625e+04 +1.607982625e+04
1315 0 +1.564830036e+04 +1.505900036e+04 +1.505900036e+04
1317 0 +1.273468679e+04 +1.214538679e+04 +1.214538679e+04
1320 0 +1.245092509e+04 +1.186162509e+04 +1.186162509e+04
1343 0 +1.090932008e+04 +1.032002008e+04 +1.032002008e+04
1365 0 +8.877253814e+03 +8.287953814e+03 +8.287953814e+03
1399 0 +7.742797299e+03 +7.153497299e+03 +7.153497299e+03
1449 0 +6.734324343e+03 +6.145024343e+03 +6.145024343e+03
1457 0 +5.561051026e+03 +4.971751026e+03 +4.971751026e+03
1466 0 +4.865774161e+03 +4.276474161e+03 +4.276474161e+03
1471 0 +4.176602561e+03 +3.587302561e+03 +3.587302561e+03
1480 0 +3.860219917e+03 +3.270919917e+03 +3.270919917e+03
1481 0 +3.403550684e+03 +2.814250684e+03 +2.814250684e+03
1509 0 +2.851364467e+03 +2.262064467e+03 +2.262064467e+03
1516 0 +2.001534326e+03 +1.412234326e+03 +1.412234326e+03
1532 0 +1.766599813e+03 +1.177299813e+03 +1.177299813e+03
1607 0 +1.524145255e+03 +9.348452550e+02 +9.348452550e+02
1614 0 +1.353763328e+03 +7.644633278e+02 +7.644633278e+02
1618 0 +1.191605477e+03 +6.023054771e+02 +6.023054771e+02
1623 0 +1.050532492e+03 +4.612324922e+02 +4.612324922e+02
1628 0 +8.525748274e+02 +2.632748274e+02 +2.632748274e+02
1632 0 +7.493969258e+02 +1.600969258e+02 +1.600969258e+02
1653 0 +6.039679701e+02 +1.466797006e+01 +1.466797006e+01
1697 0 +5.094256314e+02 -7.987436860e+01 -7.987436860e+01
1766 0 +4.819662646e+02 -1.073337354e+02 -1.073337354e+02
1774 0 +4.182766537e+02 -1.710233463e+02 -1.710233463e+02
1786 0 +3.950706264e+02 -1.942293736e+02 -1.942293736e+02
1790 0 +2.827532336e+02 -3.065467664e+02 -3.065467664e+02
1794 0 +2.724445407e+02 -3.168554593e+02 -3.168554593e+02
1797 0 +2.271864717e+02 -3.621135283e+02 -3.621135283e+02
1802 0 +2.238427167e+02 -3.654572833e+02 -3.654572833e+02
1810 0 +1.992575600e+02 -3.900424400e+02 -3.900424400e+02
1818 0 +1.544990955e+02 -4.348009045e+02 -4.348009045e+02
1850 0 +1.339309168e+02 -4.553690832e+02 -4.553690832e+02
1878 0 +1.193890022e+02 -4.699109978e+02 -4.699109978e+02
1929 0 +1.071562930e+02 -4.821437070e+02 -4.821437070e+02
1946 0 +9.594919108e+01 -4.933508089e+02 -4.933508089e+02
1957 0 +6.158108645e+01 -5.277189136e+02 -5.277189136e+02
2044 0 +5.605437042e+01 -5.332456296e+02 -5.332456296e+02
2054 0 +4.587127761e+01 -5.434287224e+02 -5.434287224e+02
2060 0 +4.382811279e+01 -5.454718872e+02 -5.454718872e+02
2081 0 +3.857595545e+01 -5.507240446e+02 -5.507240446e+02
2172 0 +3.528914424e+01 -5.540108558e+02 -5.540108558e+02
2336 0 +3.155795311e+01 -5.577420469e+02 -5.577420469e+02
200000 0 +2.954034923e+01 -5.597596508e+02 -5.597596508e+02
% f evaluations | g evaluations | best noise-free fitness - Fopt (-1.762500000000e+02) + sum g_i+ | measured fitness | best measured fitness or single-digit g-values | x1 | x2...
1 0 +1.393556446e+08 +1.393554684e+08 +1.393554684e+08
2 0 +1.238346071e+08 +1.238344309e+08 +1.238344309e+08
3 0 +6.607757983e+07 +6.607740358e+07 +6.607740358e+07
36 0 +5.330637845e+07 +5.330620220e+07 +5.330620220e+07
616 0 +5.248155543e+07 +5.248137918e+07 +5.248137918e+07
618 0 +4.307508451e+07 +4.307490826e+07 +4.307490826e+07
619 0 +4.057980598e+07 +4.057962973e+07 +4.057962973e+07
622 0 +3.725403375e+07 +3.725385750e+07 +3.725385750e+07
624 0 +3.470549455e+07 +3.470531830e+07 +3.470531830e+07
625 0 +3.361276499e+07 +3.361258874e+07 +3.361258874e+07
633 0 +3.354681679e+07 +3.354664054e+07 +3.354664054e+07
640 0 +2.727363921e+07 +2.727346296e+07 +2.727346296e+07
641 0 +2.407314203e+07 +2.407296578e+07 +2.407296578e+07
643 0 +2.167304020e+07 +2.167286395e+07 +2.167286395e+07
646 0 +2.117111709e+07 +2.117094084e+07 +2.117094084e+07
648 0 +1.980787101e+07 +1.980769476e+07 +1.980769476e+07
650 0 +1.647251074e+07 +1.647233449e+07 +1.647233449e+07
654 0 +1.278082527e+07 +1.278064902e+07 +1.278064902e+07
656 0 +1.259905245e+07 +1.259887620e+07 +1.259887620e+07
658 0 +1.052506805e+07 +1.052489180e+07 +1.052489180e+07
661 0 +1.006452899e+07 +1.006435274e+07 +1.006435274e+07
671 0 +9.833846962e+06 +9.833670712e+06 +9.833670712e+06
674 0 +9.167881661e+06 +9.167705411e+06 +9.167705411e+06
676 0 +8.391279849e+06 +8.391103599e+06 +8.391103599e+06
680 0 +5.450617583e+06 +5.450441333e+06 +5.450441333e+06
681 0 +5.040633174e+06 +5.040456924e+06 +5.040456924e+06
683 0 +4.259033627e+06 +4.258857377e+06 +4.258857377e+06
690 0 +2.994784410e+06 +2.994608160e+06 +2.994608160e+06
694 0 +1.443610894e+06 +1.443434644e+06 +1.443434644e+06
720 0 +6.941942511e+05 +6.940180011e+05 +6.940180011e+05
778 0 +5.355064210e+05 +5.353301710e+05 +5.353301710e+05
792 0 +3.790981022e+05 +3.789218522e+05 +3.789218522e+05
798 0 +3.151222841e+05 +3.149460341e+05 +3.149460341e+05
802 0 +2.876733425e+05 +2.874970925e+05 +2.874970925e+05
829 0 +2.630155802e+05 +2.628393302e+05 +2.628393302e+05
886 0 +2.371504940e+05 +2.369742440e+05 +2.369742440e+05
899 0 +1.972284138e+05 +1.970521638e+05 +1.970521638e+05
906 0 +1.487894193e+05 +1.486131693e+05 +1.486131693e+05
908 0 +1.139694981e+05 +1.137932481e+05 +1.137932481e+05
910 0 +9.336668044e+04 +9.319043044e+04 +9.319043044e+04
923 0 +8.127137981e+04 +8.109512981e+04 +8.109512981e+04
1004 0 +7.448417103e+04 +7.430792103e+04 +7.430792103e+04
1008 0 +7.065243604e+04 +7.047618604e+04 +7.047618604e+04
1024 0 +5.987831599e+04 +5.970206599e+04 +5.970206599e+04
1029 0 +5.586732407e+04 +5.569107407e+04 +5.569107407e+04
1032 0 +4.955608064e+04 +4.937983064e+04 +4.937983064e+04
1037 0 +3.555560623e+04 +3.537935623e+04 +3.537935623e+04
1039 0 +2.482369483e+04 +2.464744483e+04 +2.464744483e+04
1086 0 +2.198151413e+04 +2.180526413e+04 +2.180526413e+04
1099 0 +1.817838410e+04 +1.800213410e+04 +1.800213410e+04
1163 0 +1.646561233e+04 +1.628936233e+04 +1.628936233e+04
1169 0 +1.300033844e+04 +1.282408844e+04 +1.282408844e+04
1173 0 +1.179144557e+04 +1.161519557e+04 +1.161519557e+04
1176 0 +9.990936468e+03 +9.814686468e+03 +9.814686468e+03
1180 0 +8.334841411e+03 +8.158591411e+03 +8.158591411e+03
1194 0 +5.432607831e+03 +5.256357831e+03 +5.256357831e+03
1198 0 +3.401779457e+03 +3.225529457e+03 +3.225529457e+03
1257 0 +2.541332067e+03 +2.365082067e+03 +2.365082067e+03
1259 0 +2.273560175e+03 +2.097310175e+03 +2.097310175e+03
1264 0 +1.460475700e+03 +1.284225700e+03 +1.284225700e+03
1286 0 +1.369157409e+03 +1.192907409e+03 +1.192907409e+03
1365 0 +1.176950261e+03 +1.000700261e+03 +1.000700261e+03
1367 0 +1.110980560e+03 +9.347305599e+02 +9.347305599e+02
1386 0 +9.198287114e+02 +7.435787114e+02 +7.435787114e+02
1390 0 +7.177660765e+02 +5.415160765e+02 +5.415160765e+02
1395 0 +5.904575938e+02 +4.142075938e+02 +4.142075938e+02
1397 0 +3.393248820e+02 +1.630748820e+02 +1.630748820e+02
1399 0 +2.947904085e+02 +1.185404085e+02 +1.185404085e+02
1443 0 +2.508203009e+02 +7.457030089e+01 +7.457030089e+01
1454 0 +2.020834470e+02 +2.583344696e+01 +2.583344696e+01
1460 0 +1.561569941e+02 -2.009300589e+01 -2.009300589e+01
1465 0 +1.338152585e+02 -4.243474149e+01 -4.243474149e+01
1471 0 +1.224800897e+02 -5.376991030e+01 -5.376991030e+01
1480 0 +1.018685433e+02 -7.438145666e+01 -7.438145666e+01
1498 0 +9.982422159e+01 -7.642577841e+01 -7.642577841e+01
1568 0 +8.028056313e+01 -9.596943687e+01 -9.596943687e+01
1573 0 +7.612104658e+01 -1.001289534e+02 -1.001289534e+02
1577 0 +6.992493062e+01 -1.063250694e+02 -1.063250694e+02
1586 0 +5.896249313e+01 -1.172875069e+02 -1.172875069e+02
1587 0 +4.554576985e+01 -1.307042301e+02 -1.307042301e+02
1592 0 +4.165546121e+01 -1.345945388e+02 -1.345945388e+02
1596 0 +3.688914911e+01 -1.393608509e+02 -1.393608509e+02
1599 0 +3.212454477e+01 -1.441254552e+02 -1.441254552e+02
1601 0 +2.877423165e+01 -1.474757684e+02 -1.474757684e+02
1603 0 +2.753721983e+01 -1.487127802e+02 -1.487127802e+02
1652 0 +2.465852725e+01 -1.515914727e+02 -1.515914727e+02
1682 0 +1.979212002e+01 -1.564578800e+02 -1.564578800e+02
1730 0 +1.726362540e+01 -1.589863746e+02 -1.589863746e+02
1731 0 +1.550477983e+01 -1.607452202e+02 -1.607452202e+02
1735 0 +1.387889389e+01 -1.623711061e+02 -1.623711061e+02
1739 0 +1.224239800e+01 -1.640076020e+02 -1.640076020e+02
1742 0 +1.106268528e+01 -1.651873147e+02 -1.651873147e+02
1760 0 +9.723909269e+00 -1.665260907e+02 -1.665260907e+02
1761 0 +7.620045612e+00 -1.686299544e+02 -1.686299544e+02
1787 0 +7.019112359e+00 -1.692308876e+02 -1.692308876e+02
1925 0 +6.248913103e+00 -1.700010869e+02 -1.700010869e+02
1927 0 +5.472724134e+00 -1.707772759e+02 -1.707772759e+02
1940 0 +4.695621295e+00 -1.715543787e+02 -1.715543787e+02
1944 0 +4.423536484e+00 -1.718264635e+02 -1.718264635e+02
1953 0 +3.376026586e+00 -1.728739734e+02 -1.728739734e+02
1955 0 +2.919887644e+00 -1.733301124e+02 -1.733301124e+02
1958 0 +2.406914255e+00 -1.738430857e+02 -1.738430857e+02
1959 0 +2.164747110e+00 -1.740852529e+02 -1.740852529e+02
1975 0 +1.605138153e+00 -1.746448618e+02 -1.746448618e+02
2058 0 +1.561510329e+00 -1.746884897e+02 -1.746884897e+02
2068 0 +1.334209826e+00 -1.749157902e+02 -1.749157902e+02
2096 0 +1.214624223e+00 -1.750353758e+02 -1.750353758e+02
2132 0 +1.114345416e+00 -1.751356546e+02 -1.751356546e+02
2260 0 +9.745300428e-01 -1.752754700e+02 -1.752754700e+02
2352 0 +8.857877572e-01 -1.753642122e+02 -1.753642122e+02
200000 0 +8.394502152e-01 -1.754105498e+02 -1.754105498e+02
% f evaluations | g evaluations | best noise-free fitness - Fopt (-9.380000000000e+00) + sum g_i+ | measured fitness | best measured fitness or single-digit g-values | x1 | x2...
1 0 +6.154247469e+08 +6.154247375e+08 +6.154247375e+08
3 0 +4.737749562e+08 +4.737749468e+08 +4.737749468e+08
5 0 +3.450321737e+08 +3.450321643e+08 +3.450321643e+08
6 0 +1.811260341e+08 +1.811260247e+08 +1.811260247e+08
30 0 +1.157132339e+08 +1.157132245e+08 +1.157132245e+08
54 0 +9.440179113e+07 +9.440178175e+07 +9.440178175e+07
759 0 +9.390200014e+07 +9.390199076e+07 +9.390199076e+07
761 0 +9.373144932e+07 +9.373143994e+07 +9.373143994e+07
768 0 +9.045416731e+07 +9.045415793e+07 +9.045415793e+07
769 0 +8.893159716e+07 +8.893158778e+07 +8.893158778e+07
772 0 +7.842903556e+07 +7.842902618e+07 +7.842902618e+07
778 0 +7.724931401e+07 +7.724930463e+07 +7.724930463e+07
780 0 +6.045311845e+07 +6.045310907e+07 +6.045310907e+07
782 0 +5.306465442e+07 +5.306464504e+07 +5.306464504e+07
788 0 +5.187789253e+07 +5.187788315e+07 +5.187788315e+07
791 0 +4.799175599e+07 +4.799174661e+07 +4.799174661e+07
798 0 +4.760771109e+07 +4.760770171e+07 +4.760770171e+07
808 0 +4.550898576e+07 +4.550897638e+07 +4.550897638e+07
812 0 +3.998589653e+07 +3.998588715e+07 +3.998588715e+07
818 0 +3.831462392e+07 +3.831461454e+07 +3.831461454e+07
820 0 +2.787335500e+07 +2.787334562e+07 +2.787334562e+07
822 0 +2.337364243e+07 +2.337363305e+07 +2.337363305e+07
831 0 +2.099116086e+07 +2.099115148e+07 +2.099115148e+07
836 0 +2.084899318e+07 +2.084898380e+07 +2.084898380e+07
839 0 +1.914539264e+07 +1.914538326e+07 +1.914538326e+07
848 0 +1.827667680e+07 +1.827666742e+07 +1.827666742e+07
852 0 +1.698603437e+07 +1.698602499e+07 +1.698602499e+07
858 0 +1.637602556e+07 +1.637601618e+07 +1.637601618e+07
860 0 +9.388363758e+06 +9.388354378e+06 +9.388354378e+06
862 0 +7.043214687e+06 +7.043205307e+06 +7.043205307e+06
871 0 +6.654605318e+06 +6.654595938e+06 +6.654595938e+06
883 0 +6.363605105e+06 +6.363595725e+06 +6.363595725e+06
885 0 +6.006505750e+06 +6.006496370e+06 +6.006496370e+06
900 0 +2.539006221e+06 +2.538996841e+06 +2.538996841e+06
906 0 +2.437781954e+06 +2.437772574e+06 +2.437772574e+06
940 0 +1.554776857e+06 +1.554767477e+06 +1.554767477e+06
1008 0 +1.402599810e+06 +1.402590430e+06 +1.402590430e+06
1009 0 +1.267235735e+06 +1.267226355e+06 +1.267226355e+06
1014 0 +1.179092798e+06 +1.179083418e+06 +1.179083418e+06
1016 0 +1.068632412e+06 +1.068623032e+06 +1.068623032e+06
1018 0 +9.991820092e+05 +9.991726292e+05 +9.991726292e+05
1022 0 +8.714385600e+05 +8.714291800e+05 +8.714291800e+05
1025 0 +7.964809665e+05 +7.964715865e+05 +7.964715865e+05
1033 0 +5.313004149e+05 +5.312910349e+05 +5.312910349e+05
1039 0 +4.643952459e+05 +4.643858659e+05 +4.643858659e+05
1041 0 +3.620429220e+05 +3.620335420e+05 +3.620335420e+05
1084 0 +3.531193864e+05 +3.531100064e+05 +3.531100064e+05
1091 0 +2.720974437e+05 +2.720880637e+05 +2.720880637e+05
1099 0 +2.126057651e+05 +2.125963851e+05 +2.125963851e+05
1106 0 +1.965206434e+05 +1.965112634e+05 +1.965112634e+05
1112 0 +1.417114479e+05 +1.417020679e+05 +1.417020679e+05
1115 0 +1.359997493e+05 +1.359903693e+05 +1.359903693e+05
1143 0 +1.256186395e+05 +1.256092595e+05 +1.256092595e+05
1243 0 +1.052539504e+05 +1.052445704e+05 +1.052445704e+05
1260 0 +9.663567119e+04 +9.662629119e+04 +9.662629119e+04
1261 0 +7.587657392e+04 +7.586719392e+04 +7.586719392e+04
1264 0 +6.766803013e+04 +6.765865013e+04 +6.765865013e+04
1267 0 +5.665097673e+04 +5.664159673e+04 +5.664159673e+04
1270 0 +4.309650150e+04 +4.308712150e+04 +4.308712150e+04
1281 0 +3.491525803e+04 +3.490587803e+04 +3.490587803e+04
1285 0 +3.123258153e+04 +3.122320153e+04 +3.122320153e+04
1366 0 +2.596889313e+04 +2.595951313e+04 +2.595951313e+04
1368 0 +2.467648658e+04 +2.466710658e+04 +2.466710658e+04
1370 0 +2.154537407e+04 +2.153599407e+04 +2.153599407e+04
1375 0 +1.992478083e+04 +1.991540083e+04 +1.991540083e+04
1379 0 +1.608414686e+04 +1.607476686e+04 +1.607476686e+04
1381 0 +1.578398468e+04 +1.577460468e+04 +1.577460468e+04
1386 0 +1.291865975e+04 +1.290927975e+04 +1.290927975e+04
1391 0 +1.219340615e+04 +1.218402615e+04 +1.218402615e+04
1396 0 +9.001141852e+03 +8.991761852e+03 +8.991761852e+03
1397 0 +8.623758421e+03 +8.614378421e+03 +8.614378421e+03
1400 0 +7.296558360e+03 +7.287178360e+03 +7.287178360e+03
1422 0 +6.788863490e+03 +6.779483490e+03 +6.779483490e+03
1486 0 +5.871315014e+03 +5.861935014e+03 +5.861935014e+03
1491 0 +5.389649244e+03 +5.380269244e+03 +5.380269244e+03
1501 0 +4.353943646e+03 +4.344563646e+03 +4.344563646e+03
1512 0 +3.746207304e+03 +3.736827304e+03 +3.736827304e+03
1517 0 +2.817987046e+03 +2.808607046e+03 +2.808607046e+03
1519 0 +2.191278066e+03 +2.181898066e+03 +2.181898066e+03
1522 0 +1.509139459e+03 +1.499759459e+03 +1.499759459e+03
1605 0 +1.294584346e+03 +1.285204346e+03 +1.285204346e+03
1612 0 +1.226734123e+03 +1.217354123e+03 +1.217354123e+03
1613 0 +1.100937251e+03 +1.091557251e+03 +1.091557251e+03
1620 0 +9.260694272e+02 +9.166894272e+02 +9.166894272e+02
1625 0 +8.089013961e+02 +7.995213961e+02 +7.995213961e+02
1630 0 +6.629835811e+02 +6.536035811e+02 +6.536035811e+02
1631 0 +5.385333333e+02 +5.291533333e+02 +5.291533333e+02
1634 0 +4.717197941e+02 +4.623397941e+02 +4.623397941e+02
1680 0 +4.049616361e+02 +3.955816361e+02 +3.955816361e+02
1703 0 +3.973332820e+02 +3.879532820e+02 +3.879532820e+02
1764 0 +3.541004073e+02 +3.447204073e+02 +3.447204073e+02
1771 0 +3.136399768e+02 +3.042599768e+02 +3.042599768e+02
1779 0 +2.503856403e+02 +2.410056403e+02 +2.410056403e+02
1784 0 +2.059838568e+02 +1.966038568e+02 +1.966038568e+02
1787 0 +1.585886840e+02 +1.492086840e+02 +1.492086840e+02
1793 0 +1.366591623e+02 +1.272791623e+02 +1.272791623e+02
1799 0 +1.071958675e+02 +9.781586748e+01 +9.781586748e+01
1855 0 +9.849475732e+01 +8.911475732e+01 +8.911475732e+01
1857 0 +8.882340949e+01 +7.944340949e+01 +7.944340949e+01
1866 0 +7.411841679e+01 +6.473841679e+01 +6.473841679e+01
1869 0 +6.432009364e+01 +5.494009364e+01 +5.494009364e+01
1872 0 +5.130011860e+01 +4.192011860e+01 +4.192011860e+01
1874 0 +4.488553247e+01 +3.550553247e+01 +3.550553247e+01
1881 0 +4.414846181e+01 +3.476846181e+01 +3.476846181e+01
1966 0 +3.924851179e+01 +2.986851179e+01 +2.986851179e+01
1981 0 +3.423654892e+01 +2.485654892e+01 +2.485654892e+01
1998 0 +3.058950356e+01 +2.120950356e+01 +2.120950356e+01
2089 0 +2.757145203e+01 +1.819145203e+01 +1.819145203e+01
2117 0 +2.508779107e+01 +1.570779107e+01 +1.570779107e+01
200000 0 +2.296780625e+01 +1.358780625e+01 +1.358780625e+01
% f evaluations | g evaluations | best noise-free fitness - Fopt (-5.940000000000e+00) + sum g_i+ | measured fitness | best measured fitness or single-digit g-values | x1 | x2...
1 0 +3.622164923e+08 +3.622164864e+08 +3.622164864e+08
7 0 +2.768498423e+08 +2.768498363e+08 +2.768498363e+08
11 0 +2.678181144e+08 +2.678181085e+08 +2.678181085e+08
13 0 +2.254643228e+08 +2.254643169e+08 +2.254643169e+08
677 0 +1.547177385e+08 +1.547177325e+08 +1.547177325e+08
680 0 +1.508774435e+08 +1.508774376e+08 +1.508774376e+08
681 0 +1.330857420e+08 +1.330857361e+08 +1.330857361e+08
684 0 +1.294350656e+08 +1.294350597e+08 +1.294350597e+08
686 0 +1.252935285e+08 +1.252935226e+08 +1.252935226e+08
688 0 +1.152699214e+08 +1.152699155e+08 +1.152699155e+08
689 0 +1.143844377e+08 +1.143844317e+08 +1.143844317e+08
691 0 +1.029126313e+08 +1.029126253e+08 +1.029126253e+08
693 0 +9.935810908e+07 +9.935810314e+07 +9.935810314e+07
695 0 +9.709399215e+07 +9.709398621e+07 +9.709398621e+07
699 0 +9.669666523e+07 +9.669665929e+07 +9.669665929e+07
702 0 +9.339286776e+07 +9.339286182e+07 +9.339286182e+07
703 0 +8.860147268e+07 +8.860146674e+07 +8.860146674e+07
705 0 +8.639308616e+07 +8.639308022e+07 +8.639308022e+07
707 0 +7.289913534e+07 +7.289912940e+07 +7.289912940e+07
711 0 +7.242890428e+07 +7.242889834e+07 +7.242889834e+07
713 0 +6.885199998e+07 +6.885199404e+07 +6.885199404e+07
716 0 +6.872392212e+07 +6.872391618e+07 +6.872391618e+07
717 0 +5.562166115e+07 +5.562165521e+07 +5.562165521e+07
721 0 +5.254116777e+07 +5.254116183e+07 +5.254116183e+07
724 0 +5.084528646e+07 +5.084528052e+07 +5.084528052e+07
728 0 +4.988261302e+07 +4.988260708e+07 +4.988260708e+07
730 0 +4.248126820e+07 +4.248126226e+07 +4.248126226e+07
735 0 +3.833938888e+07 +3.833938294e+07 +3.833938294e+07
740 0 +3.583453887e+07 +3.583453293e+07 +3.583453293e+07
743 0 +3.549707506e+07 +3.549706912e+07 +3.549706912e+07
747 0 +2.931623954e+07 +2.931623360e+07 +2.931623360e+07
754 0 +2.784805123e+07 +2.784804529e+07 +2.784804529e+07
755 0 +2.637682066e+07 +2.637681472e+07 +2.637681472e+07
757 0 +2.095100858e+07 +2.095100264e+07 +2.095100264e+07
759 0 +2.080137232e+07 +2.080136638e+07 +2.080136638e+07
770 0 +1.612476985e+07 +1.612476391e+07 +1.612476391e+07
773 0 +1.593066283e+07 +1.593065689e+07 +1.593065689e+07
775 0 +1.396025621e+07 +1.396025027e+07 +1.396025027e+07
782 0 +1.385051436e+07 +1.385050842e+07 +1.385050842e+07
787 0 +1.093920188e+07 +1.093919594e+07 +1.093919594e+07
797 0 +7.821143591e+06 +7.821137651e+06 +7.821137651e+06
800 0 +7.794957296e+06 +7.794951356e+06 +7.794951356e+06
810 0 +5.049174649e+06 +5.049168709e+06 +5.049168709e+06
814 0 +4.376469710e+06 +4.376463770e+06 +4.376463770e+06
815 0 +3.569195721e+06 +3.569189781e+06 +3.569189781e+06
827 0 +2.491318664e+06 +2.491312724e+06 +2.491312724e+06
837 0 +2.152415387e+06 +2.152409447e+06 +2.152409447e+06
850 0 +1.254369173e+06 +1.254363233e+06 +1.254363233e+06
880 0 +1.156618941e+06 +1.156613001e+06 +1.156613001e+06
925 0 +9.078599711e+05 +9.078540311e+05 +9.078540311e+05
934 0 +8.923351903e+05 +8.923292503e+05 +8.923292503e+05
938 0 +7.319430058e+05 +7.319370658e+05 +7.319370658e+05
945 0 +6.361393954e+05 +6.361334554e+05 +6.361334554e+05
958 0 +6.019479686e+05 +6.019420286e+05 +6.019420286e+05
959 0 +5.449564286e+05 +5.449504886e+05 +5.449504886e+05
962 0 +5.002064303e+05 +5.002004903e+05 +5.002004903e+05
973 0 +4.112393282e+05 +4.112333882e+05 +4.112333882e+05
1001 0 +3.887956858e+05 +3.887897458e+05 +3.887897458e+05
1047 0 +3.491147903e+05 +3.491088503e+05 +3.491088503e+05
1066 0 +2.698925276e+05 +2.698865876e+05 +2.698865876e+05
1069 0 +2.506995761e+05 +2.506936361e+05 +2.506936361e+05
1074 0 +2.013767679e+05 +2.013708279e+05 +2.013708279e+05
1082 0 +1.121424825e+05 +1.121365425e+05 +1.121365425e+05
1129 0 +9.453154576e+04 +9.452560576e+04 +9.452560576e+04
1138 0 +6.178775356e+04 +6.178181356e+04 +6.178181356e+04
1140 0 +4.510974960e+04 +4.510380960e+04 +4.510380960e+04
1141 0 +4.347116904e+04 +4.346522904e+04 +4.346522904e+04
1157 0 +3.193117516e+04 +3.192523516e+04 +3.192523516e+04
1166 0 +2.301165452e+04 +2.300571452e+04 +2.300571452e+04
1171 0 +1.457339821e+04 +1.456745821e+04 +1.456745821e+04
1248 0 +1.282456884e+04 +1.281862884e+04 +1.281862884e+04
1262 0 +1.226329915e+04 +1.225735915e+04 +1.225735915e+04
1270 0 +1.099765937e+04 +1.099171937e+04 +1.099171937e+04
1299 0 +9.333726049e+03 +9.327786049e+03 +9.327786049e+03
1309 0 +8.361169589e+03 +8.355229589e+03 +8.355229589e+03
1367 0 +7.687339874e+03 +7.681399874e+03 +7.681399874e+03
1373 0 +6.664510920e+03 +6.658570920e+03 +6.658570920e+03
1380 0 +5.884215112e+03 +5.878275112e+03 +5.878275112e+03
1383 0 +4.942871662e+03 +4.936931662e+03 +4.936931662e+03
1385 0 +4.061853172e+03 +4.055913172e+03 +4.055913172e+03
1390 0 +3.892768814e+03 +3.886828814e+03 +3.886828814e+03
1393 0 +3.372636166e+03 +3.366696166e+03 +3.366696166e+03
1396 0 +2.422284148e+03 +2.416344148e+03 +2.416344148e+03
1397 0 +2.151928761e+03 +2.145988761e+03 +2.145988761e+03
1402 0 +1.942040228e+03 +1.936100228e+03 +1.936100228e+03
1484 0 +1.657953705e+03 +1.652013705e+03 +1.652013705e+03
1486 0 +1.469766318e+03 +1.463826318e+03 +1.463826318e+03
1488 0 +1.380833728e+03 +1.374893728e+03 +1.374893728e+03
1494 0 +1.157198022e+03 +1.151258022e+03 +1.151258022e+03
1495 0 +1.031674444e+03 +1.025734444e+03 +1.025734444e+03
1498 0 +9.374399219e+02 +9.314999219e+02 +9.314999219e+02
1502 0 +6.741049309e+02 +6.681649309e+02 +6.681649309e+02
1508 0 +5.732007175e+02 +5.672607175e+02 +5.672607175e+02
1509 0 +4.538393588e+02 +4.478993588e+02 +4.478993588e+02
1512 0 +4.411290038e+02 +4.351890038e+02 +4.351890038e+02
1521 0 +3.389380111e+02 +3.329980111e+02 +3.329980111e+02
1573 0 +2.679059433e+02 +2.619659433e+02 +2.619659433e+02
1586 0 +2.274754243e+02 +2.215354243e+02 +2.215354243e+02
1591 0 +1.789904481e+02 +1.730504481e+02 +1.730504481e+02
1594 0 +1.609322657e+02 +1.549922657e+02 +1.549922657e+02
1602 0 +1.259691783e+02 +1.200291783e+02 +1.200291783e+02
1609 0 +1.249217313e+02 +1.189817313e+02 +1.189817313e+02
1687 0 +1.066326399e+02 +1.006926399e+02 +1.006926399e+02
1690 0 +9.270963429e+01 +8.676963429e+01 +8.676963429e+01
1695 0 +8.354091327e+01 +7.760091327e+01 +7.760091327e+01
1697 0 +6.639038140e+01 +6.045038140e+01 +6.045038140e+01
1707 0 +6.116854156e+01 +5.522854156e+01 +5.522854156e+01
1710 0 +4.348217892e+01 +3.754217892e+01 +3.754217892e+01
1713 0 +3.258388578e+01 +2.664388578e+01 +2.664388578e+01
1761 0 +2.888675244e+01 +2.294675244e+01 +2.294675244e+01
1774 0 +2.484991732e+01 +1.890991732e+01 +1.890991732e+01
1885 0 +2.206571656e+01 +1.612571656e+01 +1.612571656e+01
1910 0 +1.868504643e+01 +1.274504643e+01 +1.274504643e+01
1921 0 +1.501155199e+01 +9.071551994e+00 +9.071551994e+00
1953 0 +1.325903949e+01 +7.319039491e+00 +7.319039491e+00
2003 0 +1.227984238e+01 +6.339842377e+00 +6.339842377e+00
2021 0 +1.119017468e+01 +5.250174683e+00 +5.250174683e+00
2027 0 +9.846660867e+00 +3.906660867e+00 +3.906660867e+00
2040 0 +8.780040918e+00 +2.840040918e+00 +2.840040918e+00
2153 0 +7.878397157e+00 +1.938397157e+00 +1.938397157e+00
200000 0 +7.167752307e+00 +1.227752307e+00 +1.227752307e+00
% f evaluations | g evaluations | best noise-free fitness - Fopt (-1.000000000000e+03) + sum g_i+ | measured fitness | best measured fitness or single-digit g-values | x1 | x2...
1 0 +2.207093556e+08 +2.207083556e+08 +2.207083556e+08
3 0 +1.354875411e+08 +1.354865411e+08 +1.354865411e+08
9 0 +1.289136723e+08 +1.289126723e+08 +1.289126723e+08
18 0 +1.104282794e+08 +1.104272794e+08 +1.104272794e+08
48 0 +1.016110935e+08 +1.016100935e+08 +1.016100935e+08
634 0 +9.917497768e+07 +9.917397768e+07 +9.917397768e+07
636 0 +9.547886395e+07 +9.547786395e+07 +9.547786395e+07
640 0 +8.141692315e+07 +8.141592315e+07 +8.141592315e+07
642 0 +7.302079273e+07 +7.301979273e+07 +7.301979273e+07
648 0 +6.566951704e+07 +6.566851704e+07 +6.566851704e+07
649 0 +6.504308958e+07 +6.504208958e+07 +6.504208958e+07
654 0 +5.736856451e+07 +5.736756451e+07 +5.736756451e+07
656 0 +5.707052737e+07 +5.706952737e+07 +5.706952737e+07
658 0 +4.910557912e+07 +4.910457912e+07 +4.910457912e+07
661 0 +4.666867873e+07 +4.666767873e+07 +4.666767873e+07
664 0 +4.186265002e+07 +4.186165002e+07 +4.186165002e+07
668 0 +4.168609902e+07 +4.168509902e+07 +4.168509902e+07
670 0 +4.031261420e+07 +4.031161420e+07 +4.031161420e+07
674 0 +3.685598356e+07 +3.685498356e+07 +3.685498356e+07
676 0 +3.568705166e+07 +3.568605166e+07 +3.568605166e+07
678 0 +3.293815171e+07 +3.293715171e+07 +3.293715171e+07
680 0 +2.645690211e+07 +2.645590211e+07 +2.645590211e+07
682 0 +2.239545730e+07 +2.239445730e+07 +2.239445730e+07
686 0 +2.191332828e+07 +2.191232828e+07 +2.191232828e+07
688 0 +1.994613566e+07 +1.994513566e+07 +1.994513566e+07
689 0 +1.971610110e+07 +1.971510110e+07 +1.971510110e+07
694 0 +1.727508774e+07 +1.727408774e+07 +1.727408774e+07
695 0 +1.663336091e+07 +1.663236091e+07 +1.663236091e+07
698 0 +1.340778743e+07 +1.340678743e+07 +1.340678743e+07
701 0 +1.206159735e+07 +1.206059735e+07 +1.206059735e+07
704 0 +1.010792586e+07 +1.010692586e+07 +1.010692586e+07
705 0 +9.541521615e+06 +9.540521615e+06 +9.540521615e+06
710 0 +8.927879162e+06 +8.926879162e+06 +8.926879162e+06
711 0 +8.300262934e+06 +8.299262934e+06 +8.299262934e+06
714 0 +7.415189175e+06 +7.414189175e+06 +7.414189175e+06
720 0 +4.720415475e+06 +4.719415475e+06 +4.719415475e+06
722 0 +3.435505246e+06 +3.434505246e+06 +3.434505246e+06
738 0 +2.701372847e+06 +2.700372847e+06 +2.700372847e+06
740 0 +2.486040219e+06 +2.485040219e+06 +2.485040219e+06
760 0 +1.530897861e+06 +1.529897861e+06 +1.529897861e+06
804 0 +1.326270658e+06 +1.325270658e+06 +1.325270658e+06
805 0 +1.279450226e+06 +1.278450226e+06 +1.278450226e+06
812 0 +1.133524254e+06 +1.132524254e+06 +1.132524254e+06
819 0 +1.107091600e+06 +1.106091600e+06 +1.106091600e+06
821 0 +1.016181109e+06 +1.015181109e+06 +1.015181109e+06
823 0 +8.913147457e+05 +8.903147457e+05 +8.903147457e+05
827 0 +7.838521657e+05 +7.828521657e+05 +7.828521657e+05
832 0 +6.892678943e+05 +6.882678943e+05 +6.882678943e+05
835 0 +4.748074208e+05 +4.738074208e+05 +4.738074208e+05
838 0 +2.944474459e+05 +2.934474459e+05 +2.934474459e+05
886 0 +2.654356657e+05 +2.644356657e+05 +2.644356657e+05
900 0 +2.400919652e+05 +2.390919652e+05 +2.390919652e+05
902 0 +1.901024006e+05 +1.891024006e+05 +1.891024006e+05
909 0 +1.602410501e+05 +1.592410501e+05 +1.592410501e+05
911 0 +1.508565946e+05 +1.498565946e+05 +1.498565946e+05
913 0 +1.289203190e+05 +1.279203190e+05 +1.279203190e+05
922 0 +9.717103136e+04 +9.617103136e+04 +9.617103136e+04
928 0 +8.794101830e+04 +8.694101830e+04 +8.694101830e+04
978 0 +7.942244199e+04 +7.842244199e+04 +7.842244199e+04
1049 0 +6.692929086e+04 +6.592929086e+04 +6.592929086e+04
1056 0 +6.060264299e+04 +5.960264299e+04 +5.960264299e+04
1057 0 +5.125965310e+04 +5.025965310e+04 +5.025965310e+04
1060 0 +4.938928456e+04 +4.838928456e+04 +4.838928456e+04
1066 0 +3.987108964e+04 +3.887108964e+04 +3.887108964e+04
1073 0 +3.865568126e+04 +3.765568126e+04 +3.765568126e+04
1079 0 +3.246144238e+04 +3.146144238e+04 +3.146144238e+04
1086 0 +3.127974037e+04 +3.027974037e+04 +3.027974037e+04
1099 0 +2.751332231e+04 +2.651332231e+04 +2.651332231e+04
1114 0 +2.360065637e+04 +2.260065637e+04 +2.260065637e+04
1147 0 +2.150581334e+04 +2.050581334e+04 +2.050581334e+04
1170 0 +1.891376761e+04 +1.791376761e+04 +1.791376761e+04
1283 0 +1.750251438e+04 +1.650251438e+04 +1.650251438e+04
1286 0 +1.445127504e+04 +1.345127504e+04 +1.345127504e+04
1287 0 +1.350786856e+04 +1.250786856e+04 +1.250786856e+04
1289 0 +1.216320768e+04 +1.116320768e+04 +1.116320768e+04
1298 0 +8.700395003e+03 +7.700395003e+03 +7.700395003e+03
1316 0 +5.696477368e+03 +4.696477368e+03 +4.696477368e+03
1318 0 +3.312914835e+03 +2.312914835e+03 +2.312914835e+03
1364 0 +3.060965088e+03 +2.060965088e+03 +2.060965088e+03
1370 0 +2.779696186e+03 +1.779696186e+03 +1.779696186e+03
1390 0 +2.462720937e+03 +1.462720937e+03 +1.462720937e+03
1401 0 +1.748023309e+03 +7.480233091e+02 +7.480233091e+02
1483 0 +1.535019023e+03 +5.350190233e+02 +5.350190233e+02
1564 0 +1.401339133e+03 +4.013391332e+02 +4.013391332e+02
1571 0 +1.200241622e+03 +2.002416223e+02 +2.002416223e+02
1574 0 +1.113735721e+03 +1.137357208e+02 +1.137357208e+02
1578 0 +9.876038356e+02 -1.239616439e+01 -1.239616439e+01
1582 0 +8.834502185e+02 -1.165497815e+02 -1.165497815e+02
1591 0 +6.322676364e+02 -3.677323636e+02 -3.677323636e+02
1595 0 +6.000017754e+02 -3.999982246e+02 -3.999982246e+02
1597 0 +5.324601540e+02 -4.675398460e+02 -4.675398460e+02
1600 0 +4.710319924e+02 -5.289680076e+02 -5.289680076e+02
1603 0 +4.372507197e+02 -5.627492803e+02 -5.627492803e+02
1616 0 +3.300255293e+02 -6.699744707e+02 -6.699744707e+02
1684 0 +3.065038029e+02 -6.934961971e+02 -6.934961971e+02
1705 0 +2.483456951e+02 -7.516543049e+02 -7.516543049e+02
1708 0 +2.052937277e+02 -7.947062723e+02 -7.947062723e+02
1709 0 +1.663276114e+02 -8.336723886e+02 -8.336723886e+02
1713 0 +1.552396370e+02 -8.447603630e+02 -8.447603630e+02
1716 0 +1.405704616e+02 -8.594295384e+02 -8.594295384e+02
1718 0 +1.149074726e+02 -8.850925274e+02 -8.850925274e+02
1719 0 +9.491089542e+01 -9.050891046e+02 -9.050891046e+02
1727 0 +8.452955716e+01 -9.154704428e+02 -9.154704428e+02
1735 0 +7.614657009e+01 -9.238534299e+02 -9.238534299e+02
1808 0 +6.833860846e+01 -9.316613915e+02 -9.316613915e+02
1811 0 +5.773588479e+01 -9.422641152e+02 -9.422641152e+02
1816 0 +5.135090924e+01 -9.486490908e+02 -9.486490908e+02
1817 0 +4.650660860e+01 -9.534933914e+02 -9.534933914e+02
1821 0 +4.421435369e+01 -9.557856463e+02 -9.557856463e+02
1823 0 +3.346729780e+01 -9.665327022e+02 -9.665327022e+02
1840 0 +2.427578673e+01 -9.757242133e+02 -9.757242133e+02
1842 0 +2.029846334e+01 -9.797015367e+02 -9.797015367e+02
1895 0 +1.816615979e+01 -9.818338402e+02 -9.818338402e+02
1965 0 +1.761280655e+01 -9.823871934e+02 -9.823871934e+02
1969 0 +1.537521679e+01 -9.846247832e+02 -9.846247832e+02
1979 0 +1.230738380e+01 -9.876926162e+02 -9.876926162e+02
1984 0 +1.104935419e+01 -9.889506458e+02 -9.889506458e+02
1995 0 +8.790762922e+00 -9.912092371e+02 -9.912092371e+02
1998 0 +7.878282070e+00 -9.921217179e+02 -9.921217179e+02
2001 0 +6.456409666e+00 -9.935435903e+02 -9.935435903e+02
2004 0 +5.366338832e+00 -9.946336612e+02 -9.946336612e+02
2006 0 +4.510380405e+00 -9.954896196e+02 -9.954896196e+02
2083 0 +4.280051411e+00 -9.957199486e+02 -9.957199486e+02
2085 0 +3.878855463e+00 -9.961211445e+02 -9.961211445e+02
2102 0 +3.457586747e+00 -9.965424133e+02 -9.965424133e+02
2106 0 +3.053257791e+00 -9.969467422e+02 -9.969467422e+02
2107 0 +2.535940013e+00 -9.974640600e+02 -9.974640600e+02
2117 0 +2.037180974e+00 -9.979628190e+02 -9.979628190e+02
2122 0 +1.850737272e+00 -9.981492627e+02 -9.981492627e+02
2143 0 +1.480248322e+00 -9.985197517e+02 -9.985197517e+02
2215 0 +1.265306473e+00 -9.987346935e+02 -9.987346935e+02
2218 0 +1.221267247e+00 -9.987787328e+02 -9.987787328e+02
2236 0 +1.048584982e+00 -9.989514150e+02 -9.989514150e+02
2238 0 +9.811344866e-01 -9.990188655e+02 -9.990188655e+02
2241 0 +8.771022130e-01 -9.991228978e+02 -9.991228978e+02
2247 0 +7.860592948e-01 -9.992139407e+02 -9.992139407e+02
2341 0 +6.968715947e-01 -9.993031284e+02 -9.993031284e+02
2355 0 +6.159032596e-01 -9.993840967e+02 -9.993840967e+02
2384 0 +5.471193155e-01 -9.994528807e+02 -9.994528807e+02
2539 0 +4.995556761e-01 -9.995004443e+02 -9.995004443e+02
200000 0 +4.485125695e-01 -9.995514874e+02 -9.995514874e+02
% f evaluations | g evaluations | best noise-free fitness - Fopt (1.282100000000e+02) + sum g_i+ | measured fitness | best measured fitness or single-digit g-values | x1 | x2...
1 0 +2.008021360e+08 +2.008022642e+08 +2.008022642e+08
14 0 +1.856343519e+08 +1.856344801e+08 +1.856344801e+08
38 0 +1.651030469e+08 +1.651031751e+08 +1.651031751e+08
65 0 +1.573943630e+08 +1.573944912e+08 +1.573944912e+08
67 0 +1.551771678e+08 +1.551772960e+08 +1.551772960e+08
107 0 +1.531821760e+08 +1.531823043e+08 +1.531823043e+08
615 0 +1.512905764e+08 +1.512907046e+08 +1.512907046e+08
618 0 +1.419419988e+08 +1.419421270e+08 +1.419421270e+08
620 0 +1.335420826e+08 +1.335422108e+08 +1.335422108e+08
622 0 +1.284536607e+08 +1.284537890e+08 +1.284537890e+08
624 0 +1.193031653e+08 +1.193032936e+08 +1.193032936e+08
627 0 +1.033345855e+08 +1.033347138e+08 +1.033347138e+08
631 0 +1.002843264e+08 +1.002844546e+08 +1.002844546e+08
633 0 +9.969564670e+07 +9.969577491e+07 +9.969577491e+07
635 0 +8.619916173e+07 +8.619928994e+07 +8.619928994e+07
638 0 +7.519341893e+07 +7.519354714e+07 +7.519354714e+07
640 0 +7.272330276e+07 +7.272343097e+07 +7.272343097e+07
641 0 +6.774604520e+07 +6.774617341e+07 +6.774617341e+07
647 0 +6.461315753e+07 +6.461328574e+07 +6.461328574e+07
649 0 +6.195241609e+07 +6.195254430e+07 +6.195254430e+07
652 0 +5.732477426e+07 +5.732490247e+07 +5.732490247e+07
653 0 +5.477617065e+07 +5.477629886e+07 +5.477629886e+07
655 0 +5.200125314e+07 +5.200138135e+07 +5.200138135e+07
658 0 +4.991523129e+07 +4.991535950e+07 +4.991535950e+07
660 0 +4.745681390e+07 +4.745694211e+07 +4.745694211e+07
662 0 +4.502491451e+07 +4.502504272e+07 +4.502504272e+07
664 0 +4.150666982e+07 +4.150679803e+07 +4.150679803e+07
667 0 +3.532382748e+07 +3.532395569e+07 +3.532395569e+07
671 0 +3.353393385e+07 +3.353406206e+07 +3.353406206e+07
673 0 +3.140782998e+07 +3.140795819e+07 +3.140795819e+07
675 0 +2.751373985e+07 +2.751386806e+07 +2.751386806e+07
678 0 +2.144573722e+07 +2.144586543e+07 +2.144586543e+07
681 0 +1.887000463e+07 +1.887013284e+07 +1.887013284e+07
683 0 +1.831065490e+07 +1.831078311e+07 +1.831078311e+07
689 0 +1.709724346e+07 +1.709737167e+07 +1.709737167e+07
692 0 +1.361016681e+07 +1.361029502e+07 +1.361029502e+07
693 0 +1.290055442e+07 +1.290068263e+07 +1.290068263e+07
700 0 +1.261452270e+07 +1.261465091e+07 +1.261465091e+07
702 0 +1.249282637e+07 +1.249295458e+07 +1.249295458e+07
704 0 +1.131173593e+07 +1.131186414e+07 +1.131186414e+07
707 0 +8.798379629e+06 +8.798507839e+06 +8.798507839e+06
713 0 +8.282224562e+06 +8.282352772e+06 +8.282352772e+06
715 0 +6.964570352e+06 +6.964698562e+06 +6.964698562e+06
718 0 +3.247196566e+06 +3.247324776e+06 +3.247324776e+06
721 0 +2.743181993e+06 +2.743310203e+06 +2.743310203e+06
732 0 +2.090226600e+06 +2.090354810e+06 +2.090354810e+06
746 0 +1.988440583e+06 +1.988568793e+06 +1.988568793e+06
758 0 +1.340858854e+06 +1.340987064e+06 +1.340987064e+06
855 0 +1.098724340e+06 +1.098852550e+06 +1.098852550e+06
858 0 +9.653567409e+05 +9.654849509e+05 +9.654849509e+05
866 0 +7.633381666e+05 +7.634663766e+05 +7.634663766e+05
869 0 +5.198969051e+05 +5.200251151e+05 +5.200251151e+05
871 0 +3.194687684e+05 +3.195969784e+05 +3.195969784e+05
875 0 +3.014266711e+05 +3.015548811e+05 +3.015548811e+05
882 0 +2.957414552e+05 +2.958696652e+05 +2.958696652e+05
890 0 +2.312500015e+05 +2.313782115e+05 +2.313782115e+05
968 0 +2.129654452e+05 +2.130936552e+05 +2.130936552e+05
969 0 +1.936460127e+05 +1.937742227e+05 +1.937742227e+05
971 0 +1.665227239e+05 +1.666509339e+05 +1.666509339e+05
977 0 +1.489289628e+05 +1.490571728e+05 +1.490571728e+05
996 0 +1.348654021e+05 +1.349936121e+05 +1.349936121e+05
997 0 +1.174285286e+05 +1.175567386e+05 +1.175567386e+05
1001 0 +8.548769066e+04 +8.561590066e+04 +8.561590066e+04
1044 0 +7.524265976e+04 +7.537086976e+04 +7.537086976e+04
1052 0 +6.742236448e+04 +6.755057448e+04 +6.755057448e+04
1058 0 +6.065221291e+04 +6.078042291e+04 +6.078042291e+04
1064 0 +4.667871436e+04 +4.680692436e+04 +4.680692436e+04
1068 0 +4.016106369e+04 +4.028927369e+04 +4.028927369e+04
1072 0 +3.942230854e+04 +3.955051854e+04 +3.955051854e+04
1078 0 +3.048083412e+04 +3.060904412e+04 +3.060904412e+04
1085 0 +1.641261332e+04 +1.654082332e+04 +1.654082332e+04
1094 0 +1.527844888e+04 +1.540665888e+04 +1.540665888e+04
1111 0 +1.163347232e+04 +1.176168232e+04 +1.176168232e+04
1165 0 +9.980566750e+03 +1.010877675e+04 +1.010877675e+04
1173 0 +7.894424960e+03 +8.022634960e+03 +8.022634960e+03
1185 0 +6.600258905e+03 +6.728468905e+03 +6.728468905e+03
1192 0 +5.882928159e+03 +6.011138159e+03 +6.011138159e+03
1217 0 +5.484965690e+03 +5.613175690e+03 +5.613175690e+03
1291 0 +4.554561555e+03 +4.682771555e+03 +4.682771555e+03
1296 0 +4.457296841e+03 +4.585506841e+03 +4.585506841e+03
1298 0 +3.784974138e+03 +3.913184138e+03 +3.913184138e+03
1306 0 +3.492602674e+03 +3.620812674e+03 +3.620812674e+03
1307 0 +2.619613456e+03 +2.747823456e+03 +2.747823456e+03
1310 0 +1.976974494e+03 +2.105184494e+03 +2.105184494e+03
1322 0 +1.213464686e+03 +1.341674686e+03 +1.341674686e+03
1341 0 +9.767038912e+02 +1.104913891e+03 +1.104913891e+03
1420 0 +8.178151970e+02 +9.460251970e+02 +9.460251970e+02
1422 0 +6.949557791e+02 +8.231657791e+02 +8.231657791e+02
1431 0 +5.043428448e+02 +6.325528448e+02 +6.325528448e+02
1436 0 +4.201311036e+02 +5.483411036e+02 +5.483411036e+02
1446 0 +3.924884842e+02 +5.206984842e+02 +5.206984842e+02
1455 0 +3.478370729e+02 +4.760470729e+02 +4.760470729e+02
1463 0 +3.161325592e+02 +4.443425592e+02 +4.443425592e+02
1523 0 +2.595766809e+02 +3.877866809e+02 +3.877866809e+02
1531 0 +2.371406121e+02 +3.653506121e+02 +3.653506121e+02
1536 0 +1.947606244e+02 +3.229706244e+02 +3.229706244e+02
1546 0 +1.574006437e+02 +2.856106437e+02 +2.856106437e+02
1549 0 +1.392292273e+02 +2.674392273e+02 +2.674392273e+02
1556 0 +1.173009361e+02 +2.455109361e+02 +2.455109361e+02
1557 0 +7.253042444e+01 +2.007404244e+02 +2.007404244e+02
1562 0 +6.008269863e+01 +1.882926986e+02 +1.882926986e+02
1654 0 +4.440592274e+01 +1.726159227e+02 +1.726159227e+02
1658 0 +3.939442581e+01 +1.676044258e+02 +1.676044258e+02
1667 0 +3.515178676e+01 +1.633617868e+02 +1.633617868e+02
1681 0 +2.844250626e+01 +1.566525063e+02 +1.566525063e+02
1708 0 +2.717650458e+01 +1.553865046e+02 +1.553865046e+02
1803 0 +2.284268659e+01 +1.510526866e+02 +1.510526866e+02
1807 0 +2.207367385e+01 +1.502836738e+02 +1.502836738e+02
1810 0 +1.879108228e+01 +1.470010823e+02 +1.470010823e+02
1815 0 +1.675585515e+01 +1.449658551e+02 +1.449658551e+02
1824 0 +1.521018383e+01 +1.434201838e+02 +1.434201838e+02
1826 0 +1.315689031e+01 +1.413668903e+02 +1.413668903e+02
1827 0 +1.159968075e+01 +1.398096807e+02 +1.398096807e+02
1830 0 +9.699775665e+00 +1.379097757e+02 +1.379097757e+02
1832 0 +7.365234139e+00 +1.355752341e+02 +1.355752341e+02
1833 0 +6.605052148e+00 +1.348150521e+02 +1.348150521e+02
1836 0 +4.782977037e+00 +1.329929770e+02 +1.329929770e+02
1896 0 +3.993555989e+00 +1.322035560e+02 +1.322035560e+02
1898 0 +3.582476170e+00 +1.317924762e+02 +1.317924762e+02
1909 0 +3.540812883e+00 +1.317508129e+02 +1.317508129e+02
1914 0 +2.965677559e+00 +1.311756776e+02 +1.311756776e+02
1921 0 +2.050634934e+00 +1.302606349e+02 +1.302606349e+02
1925 0 +1.923860964e+00 +1.301338610e+02 +1.301338610e+02
1960 0 +1.497300522e+00 +1.297073005e+02 +1.297073005e+02
1991 0 +1.365836219e+00 +1.295758362e+02 +1.295758362e+02
2055 0 +1.236328725e+00 +1.294463287e+02 +1.294463287e+02
2068 0 +1.072785760e+00 +1.292827858e+02 +1.292827858e+02
2072 0 +9.504782605e-01 +1.291604783e+02 +1.291604783e+02
2088 0 +8.299229810e-01 +1.290399230e+02 +1.290399230e+02
2205 0 +7.869465600e-01 +1.289969466e+02 +1.289969466e+02
2242 0 +7.005435273e-01 +1.289105435e+02 +1.289105435e+02
2398 0 +6.159690622e-01 +1.288259691e+02 +1.288259691e+02
200000 0 +5.848429762e-01 +1.287948430e+02 +1.287948430e+02
% f evaluations | g evaluations | best noise-free fitness - Fopt (-2.689000000000e+01) + sum g_i+ | measured fitness | best measured fitness or single-digit g-values | x1 | x2...
1 0 +2.678052053e+08 +2.678051784e+08 +2.678051784e+08
2 0 +1.772841145e+08 +1.772840876e+08 +1.772840876e+08
17 0 +1.758142788e+08 +1.758142519e+08 +1.758142519e+08
19 0 +1.490765814e+08 +1.490765545e+08 +1.490765545e+08
652 0 +1.284716545e+08 +1.284716277e+08 +1.284716277e+08
653 0 +1.177554354e+08 +1.177554085e+08 +1.177554085e+08
656 0 +1.099357603e+08 +1.099357334e+08 +1.099357334e+08
658 0 +1.060698781e+08 +1.060698512e+08 +1.060698512e+08
660 0 +1.001070957e+08 +1.001070688e+08 +1.001070688e+08
663 0 +8.631945668e+07 +8.631942979e+07 +8.631942979e+07
665 0 +8.567563443e+07 +8.567560754e+07 +8.567560754e+07
667 0 +8.406113276e+07 +8.406110587e+07 +8.406110587e+07
670 0 +8.190257568e+07 +8.190254879e+07 +8.190254879e+07
673 0 +7.664221232e+07 +7.664218543e+07 +7.664218543e+07
675 0 +6.723815206e+07 +6.723812517e+07 +6.723812517e+07
677 0 +6.090225914e+07 +6.090223225e+07 +6.090223225e+07
679 0 +5.944345952e+07 +5.944343263e+07 +5.944343263e+07
681 0 +5.559338487e+07 +5.559335798e+07 +5.559335798e+07
683 0 +5.391507187e+07 +5.391504498e+07 +5.391504498e+07
688 0 +5.180887552e+07 +5.180884863e+07 +5.180884863e+07
690 0 +4.973109083e+07 +4.973106394e+07 +4.973106394e+07
692 0 +4.189204831e+07 +4.189202142e+07 +4.189202142e+07
693 0 +4.011273797e+07 +4.011271108e+07 +4.011271108e+07
696 0 +3.420714306e+07 +3.420711617e+07 +3.420711617e+07
698 0 +3.253755912e+07 +3.253753223e+07 +3.253753223e+07
699 0 +2.809460845e+07 +2.809458156e+07 +2.809458156e+07
703 0 +2.586893946e+07 +2.586891257e+07 +2.586891257e+07
710 0 +2.454259171e+07 +2.454256482e+07 +2.454256482e+07
712 0 +2.428719231e+07 +2.428716542e+07 +2.428716542e+07
714 0 +2.402664970e+07 +2.402662281e+07 +2.402662281e+07
715 0 +2.078750175e+07 +2.078747486e+07 +2.078747486e+07
717 0 +1.817515627e+07 +1.817512938e+07 +1.817512938e+07
721 0 +1.779296987e+07 +1.779294298e+07 +1.779294298e+07
728 0 +1.773193766e+07 +1.773191077e+07 +1.773191077e+07
732 0 +1.348474520e+07 +1.348471831e+07 +1.348471831e+07
733 0 +1.320676307e+07 +1.320673618e+07 +1.320673618e+07
736 0 +9.936846700e+06 +9.936819810e+06 +9.936819810e+06
739 0 +6.551592691e+06 +6.551565801e+06 +6.551565801e+06
755 0 +6.080864050e+06 +6.080837160e+06 +6.080837160e+06
757 0 +5.823923337e+06 +5.823896447e+06 +5.823896447e+06
772 0 +3.750860579e+06 +3.750833689e+06 +3.750833689e+06
776 0 +2.593583384e+06 +2.593556494e+06 +2.593556494e+06
779 0 +1.361326666e+06 +1.361299776e+06 +1.361299776e+06
812 0 +1.224088917e+06 +1.224062027e+06 +1.224062027e+06
887 0 +1.056570892e+06 +1.056544002e+06 +1.056544002e+06
889 0 +9.946706017e+05 +9.946437117e+05 +9.946437117e+05
891 0 +8.357994917e+05 +8.357726017e+05 +8.357726017e+05
894 0 +7.603257596e+05 +7.602988696e+05 +7.602988696e+05
911 0 +6.938427341e+05 +6.938158441e+05 +6.938158441e+05
918 0 +6.028713426e+05 +6.028444526e+05 +6.028444526e+05
919 0 +5.222640537e+05 +5.222371637e+05 +5.222371637e+05
922 0 +4.146693001e+05 +4.146424101e+05 +4.146424101e+05
945 0 +3.404047746e+05 +3.403778846e+05 +3.403778846e+05
953 0 +3.027899205e+05 +3.027630305e+05 +3.027630305e+05
1009 0 +2.980582612e+05 +2.980313712e+05 +2.980313712e+05
1023 0 +2.612656914e+05 +2.612388014e+05 +2.612388014e+05
1026 0 +2.352306543e+05 +2.352037643e+05 +2.352037643e+05
1032 0 +2.194893665e+05 +2.194624765e+05 +2.194624765e+05
1034 0 +1.838001121e+05 +1.837732221e+05 +1.837732221e+05
1037 0 +1.390185565e+05 +1.389916665e+05 +1.389916665e+05
1040 0 +1.235189411e+05 +1.234920511e+05 +1.234920511e+05
1051 0 +1.004521654e+05 +1.004252754e+05 +1.004252754e+05
1060 0 +9.765103683e+04 +9.762414683e+04 +9.762414683e+04
1125 0 +8.908239569e+04 +8.905550569e+04 +8.905550569e+04
1128 0 +7.935321051e+04 +7.932632051e+04 +7.932632051e+04
1132 0 +6.878774756e+04 +6.876085756e+04 +6.876085756e+04
1139 0 +5.454926990e+04 +5.452237990e+04 +5.452237990e+04
1142 0 +4.438600153e+04 +4.435911153e+04 +4.435911153e+04
1151 0 +3.960606123e+04 +3.957917123e+04 +3.957917123e+04
1159 0 +2.741180768e+04 +2.738491768e+04 +2.738491768e+04
1162 0 +2.009233932e+04 +2.006544932e+04 +2.006544932e+04
1173 0 +1.663073872e+04 +1.660384872e+04 +1.660384872e+04
1203 0 +1.445996280e+04 +1.443307280e+04 +1.443307280e+04
1284 0 +1.236604180e+04 +1.233915180e+04 +1.233915180e+04
1298 0 +1.086443216e+04 +1.083754216e+04 +1.083754216e+04
1312 0 +9.863089875e+03 +9.836199875e+03 +9.836199875e+03
1315 0 +8.052492643e+03 +8.025602643e+03 +8.025602643e+03
1318 0 +5.634044709e+03 +5.607154709e+03 +5.607154709e+03
1334 0 +5.207607922e+03 +5.180717922e+03 +5.180717922e+03
1407 0 +4.816314872e+03 +4.789424872e+03 +4.789424872e+03
1410 0 +4.421258360e+03 +4.394368360e+03 +4.394368360e+03
1415 0 +3.683821221e+03 +3.656931221e+03 +3.656931221e+03
1417 0 +3.439660684e+03 +3.412770684e+03 +3.412770684e+03
1427 0 +2.818037426e+03 +2.791147426e+03 +2.791147426e+03
1440 0 +1.920328613e+03 +1.893438613e+03 +1.893438613e+03
1481 0 +1.698736198e+03 +1.671846198e+03 +1.671846198e+03
1563 0 +1.394763250e+03 +1.367873250e+03 +1.367873250e+03
1565 0 +1.252919434e+03 +1.226029434e+03 +1.226029434e+03
1573 0 +1.072285555e+03 +1.045395555e+03 +1.045395555e+03
1580 0 +9.199054643e+02 +8.930154643e+02 +8.930154643e+02
1581 0 +8.548773498e+02 +8.279873498e+02 +8.279873498e+02
1588 0 +7.144681377e+02 +6.875781377e+02 +6.875781377e+02
1592 0 +4.821651064e+02 +4.552751064e+02 +4.552751064e+02
1593 0 +4.248051480e+02 +3.979151480e+02 +3.979151480e+02
1602 0 +2.443396089e+02 +2.174496089e+02 +2.174496089e+02
1648 0 +2.071296315e+02 +1.802396315e+02 +1.802396315e+02
1651 0 +1.806641294e+02 +1.537741294e+02 +1.537741294e+02
1662 0 +1.723414001e+02 +1.454514001e+02 +1.454514001e+02
1666 0 +1.457955209e+02 +1.189055209e+02 +1.189055209e+02
1674 0 +1.126693482e+02 +8.577934825e+01 +8.577934825e+01
1676 0 +1.039043537e+02 +7.701435373e+01 +7.701435373e+01
1677 0 +8.219153961e+01 +5.530153961e+01 +5.530153961e+01
1726 0 +7.769823036e+01 +5.080823036e+01 +5.080823036e+01
1732 0 +7.000563974e+01 +4.311563974e+01 +4.311563974e+01
1737 0 +6.114770336e+01 +3.425770336e+01 +3.425770336e+01
1739 0 +5.468108230e+01 +2.779108230e+01 +2.779108230e+01
1741 0 +4.701372140e+01 +2.012372140e+01 +2.012372140e+01
1747 0 +4.374502500e+01 +1.685502500e+01 +1.685502500e+01
1755 0 +3.162232439e+01 +4.732324390e+00 +4.732324390e+00
1761 0 +2.500736090e+01 -1.882639101e+00 -1.882639101e+00
1883 0 +2.193720060e+01 -4.952799399e+00 -4.952799399e+00
1887 0 +1.846488964e+01 -8.425110360e+00 -8.425110360e+00
1891 0 +1.536254450e+01 -1.152745550e+01 -1.152745550e+01
1896 0 +1.344270325e+01 -1.344729675e+01 -1.344729675e+01
1908 0 +1.071772133e+01 -1.617227867e+01 -1.617227867e+01
1909 0 +8.401434568e+00 -1.848856543e+01 -1.848856543e+01
1917 0 +7.147299311e+00 -1.974270069e+01 -1.974270069e+01
1922 0 +6.065943378e+00 -2.082405662e+01 -2.082405662e+01
1943 0 +5.034161932e+00 -2.185583807e+01 -2.185583807e+01
1953 0 +4.907246792e+00 -2.198275321e+01 -2.198275321e+01
2005 0 +4.453037835e+00 -2.243696216e+01 -2.243696216e+01
2022 0 +3.904755895e+00 -2.298524410e+01 -2.298524410e+01
2031 0 +3.365316408e+00 -2.352468359e+01 -2.352468359e+01
2034 0 +2.722588925e+00 -2.416741108e+01 -2.416741108e+01
2039 0 +2.185696584e+00 -2.470430342e+01 -2.470430342e+01
2041 0 +1.713014348e+00 -2.517698565e+01 -2.517698565e+01
2058 0 +1.254763966e+00 -2.563523603e+01 -2.563523603e+01
2126 0 +1.054185236e+00 -2.583581476e+01 -2.583581476e+01
2137 0 +9.739234484e-01 -2.591607655e+01 -2.591607655e+01
2139 0 +7.768295339e-01 -2.611317047e+01 -2.611317047e+01
2143 0 +6.362362028e-01 -2.625376380e+01 -2.625376380e+01
2152 0 +5.767440161e-01 -2.631325598e+01 -2.631325598e+01
2175 0 +5.574966859e-01 -2.633250331e+01 -2.633250331e+01
2266 0 +4.878902168e-01 -2.640210978e+01 -2.640210978e+01
2276 0 +4.319904648e-01 -2.645800954e+01 -2.645800954e+01
2282 0 +3.860425647e-01 -2.650395744e+01 -2.650395744e+01
2371 0 +3.514782212e-01 -2.653852178e+01 -2.653852178e+01
2392 0 +3.149812415e-01 -2.657501876e+01 -2.657501876e+01
200000 0 +2.846121034e-01 -2.660538790e+01 -2.660538790e+01
% f evaluations | g evaluations | best noise-free fitness - Fopt (3.260000000000e+00) + sum g_i+ | measured fitness | best measured fitness or single-digit g-values | x1 | x2...
1 0 +1.528112015e+08 +1.528112048e+08 +1.528112048e+08
11 0 +1.151010314e+08 +1.151010346e+08 +1.151010346e+08
62 0 +9.046570181e+07 +9.046570507e+07 +9.046570507e+07
783 0 +8.487962092e+07 +8.487962418e+07 +8.487962418e+07
798 0 +8.461818041e+07 +8.461818367e+07 +8.461818367e+07
804 0 +8.316900533e+07 +8.316900859e+07 +8.316900859e+07
806 0 +8.286346824e+07 +8.286347150e+07 +8.286347150e+07
807 0 +8.164861314e+07 +8.164861640e+07 +8.164861640e+07
811 0 +8.145333369e+07 +8.145333695e+07 +8.145333695e+07
814 0 +8.115843879e+07 +8.115844205e+07 +8.115844205e+07
817 0 +8.102917224e+07 +8.102917550e+07 +8.102917550e+07
823 0 +6.005208130e+07 +6.005208456e+07 +6.005208456e+07
834 0 +5.943282659e+07 +5.943282985e+07 +5.943282985e+07
860 0 +5.893837450e+07 +5.893837776e+07 +5.893837776e+07
863 0 +4.243523327e+07 +4.243523653e+07 +4.243523653e+07
880 0 +4.124537421e+07 +4.124537747e+07 +4.124537747e+07
882 0 +4.060194275e+07 +4.060194601e+07 +4.060194601e+07
887 0 +4.032944130e+07 +4.032944456e+07 +4.032944456e+07
890 0 +4.000755267e+07 +4.000755593e+07 +4.000755593e+07
903 0 +2.591627873e+07 +2.591628199e+07 +2.591628199e+07
924 0 +2.551071005e+07 +2.551071331e+07 +2.551071331e+07
932 0 +2.535756414e+07 +2.535756740e+07 +2.535756740e+07
935 0 +2.522957078e+07 +2.522957404e+07 +2.522957404e+07
941 0 +2.508969241e+07 +2.508969567e+07 +2.508969567e+07
943 0 +1.447359459e+07 +1.447359785e+07 +1.447359785e+07
951 0 +1.433333331e+07 +1.433333657e+07 +1.433333657e+07
960 0 +1.425061857e+07 +1.425062183e+07 +1.425062183e+07
983 0 +7.874257081e+06 +7.874260341e+06 +7.874260341e+06
995 0 +7.621972875e+06 +7.621976135e+06 +7.621976135e+06
998 0 +7.434097432e+06 +7.434100692e+06 +7.434100692e+06
1007 0 +7.356555299e+06 +7.356558559e+06 +7.356558559e+06
1023 0 +3.506706671e+06 +3.506709931e+06 +3.506709931e+06
1042 0 +3.299682081e+06 +3.299685341e+06 +3.299685341e+06
1063 0 +1.696655480e+06 +1.696658740e+06 +1.696658740e+06
1124 0 +1.493779511e+06 +1.493782771e+06 +1.493782771e+06
1128 0 +1.380460175e+06 +1.380463435e+06 +1.380463435e+06
1131 0 +1.289551196e+06 +1.289554456e+06 +1.289554456e+06
1142 0 +1.105264704e+06 +1.105267964e+06 +1.105267964e+06
1143 0 +1.073061621e+06 +1.073064881e+06 +1.073064881e+06
1149 0 +8.622433554e+05 +8.622466154e+05 +8.622466154e+05
1152 0 +7.378539501e+05 +7.378572101e+05 +7.378572101e+05
1156 0 +6.588962505e+05 +6.588995105e+05 +6.588995105e+05
1157 0 +5.273624628e+05 +5.273657228e+05 +5.273657228e+05
1161 0 +3.643349968e+05 +3.643382568e+05 +3.643382568e+05
1193 0 +3.362695864e+05 +3.362728464e+05 +3.362728464e+05
1284 0 +3.031173028e+05 +3.031205628e+05 +3.031205628e+05
1286 0 +2.792121653e+05 +2.792154253e+05 +2.792154253e+05
1292 0 +2.257423668e+05 +2.257456268e+05 +2.257456268e+05
1297 0 +2.042094541e+05 +2.042127141e+05 +2.042127141e+05
1306 0 +1.616521813e+05 +1.616554413e+05 +1.616554413e+05
1311 0 +1.474703206e+05 +1.474735806e+05 +1.474735806e+05
1314 0 +1.118642681e+05 +1.118675281e+05 +1.118675281e+05
1315 0 +8.772883393e+04 +8.773209393e+04 +8.773209393e+04
1404 0 +7.927467429e+04 +7.927793429e+04 +7.927793429e+04
1416 0 +6.787184906e+04 +6.787510906e+04 +6.787510906e+04
1419 0 +5.660044549e+04 +5.660370549e+04 +5.660370549e+04
1423 0 +4.848170230e+04 +4.848496230e+04 +4.848496230e+04
1431 0 +3.001966102e+04 +3.002292102e+04 +3.002292102e+04
1439 0 +2.408806899e+04 +2.409132899e+04 +2.409132899e+04
1451 0 +2.174074777e+04 +2.174400777e+04 +2.174400777e+04
1525 0 +1.924460278e+04 +1.924786278e+04 +1.924786278e+04
1535 0 +1.771084594e+04 +1.771410594e+04 +1.771410594e+04
1540 0 +1.515408097e+04 +1.515734097e+04 +1.515734097e+04
1542 0 +1.307912247e+04 +1.308238247e+04 +1.308238247e+04
1553 0 +1.094983738e+04 +1.095309738e+04 +1.095309738e+04
1556 0 +8.645020734e+03 +8.648280734e+03 +8.648280734e+03
1558 0 +7.386742920e+03 +7.390002920e+03 +7.390002920e+03
1562 0 +6.611247745e+03 +6.614507745e+03 +6.614507745e+03
1609 0 +6.076009099e+03 +6.079269099e+03 +6.079269099e+03
1616 0 +5.471668036e+03 +5.474928036e+03 +5.474928036e+03
1618 0 +4.731963822e+03 +4.735223822e+03 +4.735223822e+03
1624 0 +4.053309751e+03 +4.056569751e+03 +4.056569751e+03
1625 0 +3.131112977e+03 +3.134372977e+03 +3.134372977e+03
1627 0 +2.701619807e+03 +2.704879807e+03 +2.704879807e+03
1629 0 +2.157416895e+03 +2.160676895e+03 +2.160676895e+03
1641 0 +1.557540910e+03 +1.560800910e+03 +1.560800910e+03
1648 0 +1.273941553e+03 +1.277201553e+03 +1.277201553e+03
1653 0 +9.286118913e+02 +9.318718913e+02 +9.318718913e+02
1727 0 +8.632989476e+02 +8.665589476e+02 +8.665589476e+02
1748 0 +7.843881115e+02 +7.876481115e+02 +7.876481115e+02
1752 0 +7.032410142e+02 +7.065010142e+02 +7.065010142e+02
1753 0 +4.767924226e+02 +4.800524226e+02 +4.800524226e+02
1755 0 +3.174592603e+02 +3.207192603e+02 +3.207192603e+02
1758 0 +2.366879529e+02 +2.399479529e+02 +2.399479529e+02
1781 0 +2.137413061e+02 +2.170013061e+02 +2.170013061e+02
1811 0 +1.957908961e+02 +1.990508961e+02 +1.990508961e+02
1892 0 +1.561547730e+02 +1.594147730e+02 +1.594147730e+02
1902 0 +1.279215074e+02 +1.311815074e+02 +1.311815074e+02
1904 0 +1.182433355e+02 +1.215033355e+02 +1.215033355e+02
1911 0 +9.869062381e+01 +1.019506238e+02 +1.019506238e+02
1917 0 +7.724048173e+01 +8.050048173e+01 +8.050048173e+01
1920 0 +6.479452431e+01 +6.805452431e+01 +6.805452431e+01
1930 0 +4.638749067e+01 +4.964749067e+01 +4.964749067e+01
2011 0 +4.221125265e+01 +4.547125265e+01 +4.547125265e+01
2013 0 +3.339487827e+01 +3.665487827e+01 +3.665487827e+01
2016 0 +2.593381190e+01 +2.919381190e+01 +2.919381190e+01
2025 0 +2.421722603e+01 +2.747722603e+01 +2.747722603e+01
2035 0 +1.923762523e+01 +2.249762523e+01 +2.249762523e+01
2087 0 +1.560748600e+01 +1.886748600e+01 +1.886748600e+01
2097 0 +1.137005386e+01 +1.463005386e+01 +1.463005386e+01
2101 0 +1.081473591e+01 +1.407473591e+01 +1.407473591e+01
2103 0 +9.825964157e+00 +1.308596416e+01 +1.308596416e+01
2112 0 +7.298125268e+00 +1.055812527e+01 +1.055812527e+01
2116 0 +7.048416576e+00 +1.030841658e+01 +1.030841658e+01
2134 0 +5.948419195e+00 +9.208419195e+00 +9.208419195e+00
2162 0 +5.301880467e+00 +8.561880467e+00 +8.561880467e+00
2205 0 +4.714610288e+00 +7.974610288e+00 +7.974610288e+00
2212 0 +4.285281444e+00 +7.545281444e+00 +7.545281444e+00
2222 0 +3.785389019e+00 +7.045389019e+00 +7.045389019e+00
2227 0 +2.990651983e+00 +6.250651983e+00 +6.250651983e+00
2230 0 +2.558435970e+00 +5.818435970e+00 +5.818435970e+00
2233 0 +2.176808019e+00 +5.436808019e+00 +5.436808019e+00
2239 0 +1.465691312e+00 +4.725691312e+00 +4.725691312e+00
2248 0 +1.187479478e+00 +4.447479478e+00 +4.447479478e+00
2326 0 +1.079814169e+00 +4.339814169e+00 +4.339814169e+00
2345 0 +8.627939389e-01 +4.122793939e+00 +4.122793939e+00
2354 0 +7.894692539e-01 +4.049469254e+00 +4.049469254e+00
2355 0 +6.301111490e-01 +3.890111149e+00 +3.890111149e+00
2361 0 +4.392111673e-01 +3.699211167e+00 +3.699211167e+00
2371 0 +3.976334490e-01 +3.657633449e+00 +3.657633449e+00
2450 0 +3.522625320e-01 +3.612262532e+00 +3.612262532e+00
2452 0 +3.094920089e-01 +3.569492009e+00 +3.569492009e+00
2469 0 +2.455690415e-01 +3.505569042e+00 +3.505569042e+00
2471 0 +1.867545729e-01 +3.446754573e+00 +3.446754573e+00
2473 0 +1.366025653e-01 +3.396602565e+00 +3.396602565e+00
2477 0 +1.169594767e-01 +3.376959477e+00 +3.376959477e+00
2564 0 +1.121409155e-01 +3.372140915e+00 +3.372140915e+00
2577 0 +9.672057384e-02 +3.356720574e+00 +3.356720574e+00
2671 0 +8.895909813e-02 +3.348959098e+00 +3.348959098e+00
128528 0 +7.943278005e-02 +3.339432780e+00 +3.339432780e+00
200000 0 +7.895587529e-02 +3.338955875e+00 +3.338955875e+00
