% f evaluations | g evaluations | best noise-free fitness - Fopt (2.997000000000e+01) + sum g_i+ | measured fitness | best measured fitness or single-digit g-values | x1 | x2...
1 0 +2.808161076e+03 +2.838131076e+03 +2.838131076e+03
22 0 +2.803547348e+03 +2.833517348e+03 +2.833517348e+03
3051 0 +2.510173169e+03 +2.540143169e+03 +2.540143169e+03
85096 0 +2.237906404e+03 +2.267876404e+03 +2.267876404e+03
102828 0 +1.958264151e+03 +1.988234151e+03 +1.988234151e+03
102845 0 +1.750707770e+03 +1.780677770e+03 +1.780677770e+03
102857 0 +1.543001124e+03 +1.572971124e+03 +1.572971124e+03
102878 0 +1.361939956e+03 +1.391909956e+03 +1.391909956e+03
102887 0 +1.248968575e+03 +1.278938575e+03 +1.278938575e+03
102908 0 +1.110234691e+03 +1.140204691e+03 +1.140204691e+03
102925 0 +9.763765970e+02 +1.006346597e+03 +1.006346597e+03
102937 0 +8.513107041e+02 +8.812807041e+02 +8.812807041e+02
102958 0 +7.497387404e+02 +7.797087404e+02 +7.797087404e+02
102961 0 +6.886655880e+02 +7.186355880e+02 +7.186355880e+02
103004 0 +5.880290342e+02 +6.179990342e+02 +6.179990342e+02
103038 0 +5.258155806e+02 +5.557855806e+02 +5.557855806e+02
103081 0 +4.764366223e+02 +5.064066223e+02 +5.064066223e+02
103107 0 +4.306742010e+02 +4.606442010e+02 +4.606442010e+02
103155 0 +3.866709361e+02 +4.166409361e+02 +4.166409361e+02
103183 0 +3.517851413e+02 +3.817551413e+02 +3.817551413e+02
103385 0 +3.028704844e+02 +3.328404844e+02 +3.328404844e+02
103410 0 +2.619751836e+02 +2.919451836e+02 +2.919451836e+02
103424 0 +2.484079937e+02 +2.783779937e+02 +2.783779937e+02
103485 0 +2.207274600e+02 +2.506974600e+02 +2.506974600e+02
103776 0 +1.991718255e+02 +2.291418255e+02 +2.291418255e+02
103817 0 +1.674820093e+02 +1.974520093e+02 +1.974520093e+02
103840 0 +1.560410702e+02 +1.860110702e+02 +1.860110702e+02
103946 0 +1.405859891e+02 +1.705559891e+02 +1.705559891e+02
103995 0 +1.236183349e+02 +1.535883349e+02 +1.535883349e+02
104163 0 +1.108773334e+02 +1.408473334e+02 +1.408473334e+02
104194 0 +9.825380932e+01 +1.282238093e+02 +1.282238093e+02
104214 0 +8.899142417e+01 +1.189614242e+02 +1.189614242e+02
104229 0 +7.775111444e+01 +1.077211144e+02 +1.077211144e+02
104311 0 +7.051020468e+01 +1.004802047e+02 +1.004802047e+02
104352 0 +6.306331440e+01 +9.303331440e+01 +9.303331440e+01
104592 0 +5.474955611e+01 +8.471955611e+01 +8.471955611e+01
104652 0 +4.934958588e+01 +7.931958588e+01 +7.931958588e+01
104813 0 +4.421398579e+01 +7.418398579e+01 +7.418398579e+01
105288 0 +3.900889453e+01 +6.897889453e+01 +6.897889453e+01
105336 0 +3.528834017e+01 +6.525834017e+01 +6.525834017e+01
105621 0 +3.117655912e+01 +6.114655912e+01 +6.114655912e+01
105859 0 +2.803518198e+01 +5.800518198e+01 +5.800518198e+01
106229 0 +2.509583941e+01 +5.506583941e+01 +5.506583941e+01
106728 0 +2.233950586e+01 +5.230950586e+01 +5.230950586e+01
168283 0 +1.994587447e+01 +4.991587447e+01 +4.991587447e+01
168324 0 +1.669983272e+01 +4.666983272e+01 +4.666983272e+01
168358 0 +1.570049602e+01 +4.567049602e+01 +4.567049602e+01
168385 0 +1.389859795e+01 +4.386859795e+01 +4.386859795e+01
168583 0 +1.258352468e+01 +4.255352468e+01 +4.255352468e+01
168608 0 +1.112647792e+01 +4.109647792e+01 +4.109647792e+01
168621 0 +9.943463105e+00 +3.991346310e+01 +3.991346310e+01
168644 0 +8.755281159e+00 +3.872528116e+01 +3.872528116e+01
168690 0 +7.922284696e+00 +3.789228470e+01 +3.789228470e+01
168821 0 +6.961370557e+00 +3.693137056e+01 +3.693137056e+01
168853 0 +6.051358676e+00 +3.602135868e+01 +3.602135868e+01
168865 0 +5.588804029e+00 +3.555880403e+01 +3.555880403e+01
168909 0 +4.940468430e+00 +3.491046843e+01 +3.491046843e+01
169048 0 +4.455441888e+00 +3.442544189e+01 +3.442544189e+01
169099 0 +3.950827127e+00 +3.392082713e+01 +3.392082713e+01
169112 0 +3.429640764e+00 +3.339964076e+01 +3.339964076e+01
169116 0 +3.145056100e+00 +3.311505610e+01 +3.311505610e+01
169498 0 +2.760580074e+00 +3.273058007e+01 +3.273058007e+01
169563 0 +2.511421596e+00 +3.248142160e+01 +3.248142160e+01
169821 0 +2.238465269e+00 +3.220846527e+01 +3.220846527e+01
170053 0 +1.985434506e+00 +3.195543451e+01 +3.195543451e+01
170728 0 +1.778166998e+00 +3.174816700e+01 +3.174816700e+01
400000 0 +1.676956104e+00 +3.164695610e+01 +3.164695610e+01
% f evaluations | g evaluations | best noise-free fitness - Fopt (-5.171000000000e+01) + sum g_i+ | measured fitness | best measured fitness or single-digit g-values | x1 | x2...
1 0 +3.481773480e+03 +3.430063480e+03 +3.430063480e+03
11 0 +3.457413916e+03 +3.405703916e+03 +3.405703916e+03
22113 0 +3.144791599e+03 +3.093081599e+03 +3.093081599e+03
102819 0 +2.810589109e+03 +2.758879109e+03 +2.758879109e+03
102844 0 +2.480681630e+03 +2.428971630e+03 +2.428971630e+03
102858 0 +2.233628580e+03 +2.181918580e+03 +2.181918580e+03
102882 0 +1.981921098e+03 +1.930211098e+03 +1.930211098e+03
102906 0 +1.777442061e+03 +1.725732061e+03 +1.725732061e+03
102924 0 +1.533132963e+03 +1.481422963e+03 +1.481422963e+03
102930 0 +1.407395559e+03 +1.355685559e+03 +1.355685559e+03
102938 0 +1.249956676e+03 +1.198246676e+03 +1.198246676e+03
102960 0 +1.118972881e+03 +1.067262881e+03 +1.067262881e+03
102979 0 +9.882217440e+02 +9.365117440e+02 +9.365117440e+02
103002 0 +8.644100342e+02 +8.127000342e+02 +8.127000342e+02
103007 0 +7.727877370e+02 +7.210777370e+02 +7.210777370e+02
103010 0 +7.031714922e+02 +6.514614922e+02 +6.514614922e+02
103016 0 +6.001709079e+02 +5.484609079e+02 +5.484609079e+02
103032 0 +5.604122549e+02 +5.087022549e+02 +5.087022549e+02
103084 0 +4.743531496e+02 +4.226431496e+02 +4.226431496e+02
103090 0 +4.463408100e+02 +3.946308100e+02 +3.946308100e+02
103148 0 +3.723757422e+02 +3.206657422e+02 +3.206657422e+02
103269 0 +3.359098323e+02 +2.841998323e+02 +2.841998323e+02
103319 0 +3.056273150e+02 +2.539173150e+02 +2.539173150e+02
103613 0 +2.692208882e+02 +2.175108882e+02 +2.175108882e+02
103640 0 +2.376836954e+02 +1.859736954e+02 +1.859736954e+02
103667 0 +2.136873602e+02 +1.619773602e+02 +1.619773602e+02
103675 0 +1.897034191e+02 +1.379934191e+02 +1.379934191e+02
103746 0 +1.772225959e+02 +1.255125959e+02 +1.255125959e+02
103901 0 +1.563572335e+02 +1.046472335e+02 +1.046472335e+02
103919 0 +1.343505659e+02 +8.264056587e+01 +8.264056587e+01
103926 0 +1.220679037e+02 +7.035790368e+01 +7.035790368e+01
103944 0 +1.117541901e+02 +6.004419006e+01 +6.004419006e+01
104094 0 +9.854346489e+01 +4.683346489e+01 +4.683346489e+01
104113 0 +8.748778806e+01 +3.577778806e+01 +3.577778806e+01
104127 0 +7.787105674e+01 +2.616105674e+01 +2.616105674e+01
104139 0 +6.869822307e+01 +1.698822307e+01 +1.698822307e+01
104155 0 +6.156464956e+01 +9.854649559e+00 +9.854649559e+00
104187 0 +5.591584907e+01 +4.205849073e+00 +4.205849073e+00
104224 0 +4.670489941e+01 -5.005100587e+00 -5.005100587e+00
104227 0 +4.390181202e+01 -7.808187984e+00 -7.808187984e+00
104570 0 +3.880115863e+01 -1.290884137e+01 -1.290884137e+01
104598 0 +3.518883769e+01 -1.652116231e+01 -1.652116231e+01
104616 0 +3.031434755e+01 -2.139565245e+01 -2.139565245e+01
104621 0 +2.700183537e+01 -2.470816463e+01 -2.470816463e+01
104665 0 +2.410067815e+01 -2.760932185e+01 -2.760932185e+01
104728 0 +2.209189929e+01 -2.961810071e+01 -2.961810071e+01
104784 0 +1.958314830e+01 -3.212685170e+01 -3.212685170e+01
104976 0 +1.761064754e+01 -3.409935246e+01 -3.409935246e+01
104986 0 +1.543483591e+01 -3.627516409e+01 -3.627516409e+01
105001 0 +1.281695227e+01 -3.889304773e+01 -3.889304773e+01
105019 0 +1.202584049e+01 -3.968415951e+01 -3.968415951e+01
105062 0 +1.103981307e+01 -4.067018693e+01 -4.067018693e+01
105235 0 +9.947361221e+00 -4.176263878e+01 -4.176263878e+01
105257 0 +8.468529959e+00 -4.324147004e+01 -4.324147004e+01
105270 0 +7.904983798e+00 -4.380501620e+01 -4.380501620e+01
105278 0 +6.691857843e+00 -4.501814216e+01 -4.501814216e+01
105280 0 +6.285204730e+00 -4.542479527e+01 -4.542479527e+01
105472 0 +5.621770564e+00 -4.608822944e+01 -4.608822944e+01
105631 0 +4.899230358e+00 -4.681076964e+01 -4.681076964e+01
105654 0 +4.266259592e+00 -4.744374041e+01 -4.744374041e+01
105671 0 +3.822698626e+00 -4.788730137e+01 -4.788730137e+01
105673 0 +3.536470311e+00 -4.817352969e+01 -4.817352969e+01
105763 0 +3.083816596e+00 -4.862618340e+01 -4.862618340e+01
105888 0 +2.694541326e+00 -4.901545867e+01 -4.901545867e+01
106031 0 +2.427331172e+00 -4.928266883e+01 -4.928266883e+01
106047 0 +2.231487031e+00 -4.947851297e+01 -4.947851297e+01
106062 0 +1.879299835e+00 -4.983070017e+01 -4.983070017e+01
106087 0 +1.704099741e+00 -5.000590026e+01 -5.000590026e+01
106108 0 +1.572568452e+00 -5.013743155e+01 -5.013743155e+01
106149 0 +1.394651006e+00 -5.031534899e+01 -5.031534899e+01
106426 0 +1.240595343e+00 -5.046940466e+01 -5.046940466e+01
106447 0 +1.116292021e+00 -5.059370798e+01 -5.059370798e+01
106486 0 +9.949292204e-01 -5.071507078e+01 -5.071507078e+01
106544 0 +8.751305199e-01 -5.083486948e+01 -5.083486948e+01
106595 0 +7.916885831e-01 -5.091831142e+01 -5.091831142e+01
106819 0 +6.995095246e-01 -5.101049048e+01 -5.101049048e+01
106872 0 +6.180688773e-01 -5.109193112e+01 -5.109193112e+01
106882 0 +5.616888584e-01 -5.114831114e+01 -5.114831114e+01
106971 0 +4.966687534e-01 -5.121333125e+01 -5.121333125e+01
106983 0 +4.228801457e-01 -5.128711985e+01 -5.128711985e+01
107038 0 +3.944554030e-01 -5.131554460e+01 -5.131554460e+01
107246 0 +3.513560178e-01 -5.135864398e+01 -5.135864398e+01
107349 0 +3.092621873e-01 -5.140073781e+01 -5.140073781e+01
107480 0 +2.786621359e-01 -5.143133786e+01 -5.143133786e+01
107639 0 +2.501867860e-01 -5.145981321e+01 -5.145981321e+01
107679 0 +2.221162503e-01 -5.148788375e+01 -5.148788375e+01
107862 0 +1.988738750e-01 -5.151112613e+01 -5.151112613e+01
107911 0 +1.769028057e-01 -5.153309719e+01 -5.153309719e+01
108180 0 +1.578093953e-01 -5.155219060e+01 -5.155219060e+01
108330 0 +1.405570265e-01 -5.156944297e+01 -5.156944297e+01
108999 0 +1.255412626e-01 -5.158445874e+01 -5.158445874e+01
170556 0 +1.077536842e-01 -5.160224632e+01 -5.160224632e+01
170599 0 +9.591126793e-02 -5.161408873e+01 -5.161408873e+01
170676 0 +8.503906351e-02 -5.162496094e+01 -5.162496094e+01
170910 0 +7.816184240e-02 -5.163183816e+01 -5.163183816e+01
170924 0 +6.809920979e-02 -5.164190079e+01 -5.164190079e+01
170931 0 +6.058972543e-02 -5.164941027e+01 -5.164941027e+01
170960 0 +5.456473182e-02 -5.165543527e+01 -5.165543527e+01
171063 0 +4.915530710e-02 -5.166084469e+01 -5.166084469e+01
171237 0 +4.326311758e-02 -5.166673688e+01 -5.166673688e+01
171258 0 +3.824766393e-02 -5.167175234e+01 -5.167175234e+01
171270 0 +3.521509908e-02 -5.167478490e+01 -5.167478490e+01
171286 0 +3.097379238e-02 -5.167902621e+01 -5.167902621e+01
171382 0 +2.804690331e-02 -5.168195310e+01 -5.168195310e+01
171630 0 +2.506300088e-02 -5.168493700e+01 -5.168493700e+01
171650 0 +2.232641109e-02 -5.168767359e+01 -5.168767359e+01
171718 0 +1.796782564e-02 -5.169203217e+01 -5.169203217e+01
171738 0 +1.704525899e-02 -5.169295474e+01 -5.169295474e+01
171939 0 +1.580351950e-02 -5.169419648e+01 -5.169419648e+01
171960 0 +1.397744727e-02 -5.169602255e+01 -5.169602255e+01
171974 0 +1.252770562e-02 -5.169747229e+01 -5.169747229e+01
172072 0 +1.110132924e-02 -5.169889867e+01 -5.169889867e+01
172292 0 +9.903416950e-03 -5.170009658e+01 -5.170009658e+01
172365 0 +8.903754215e-03 -5.170109625e+01 -5.170109625e+01
172801 0 +7.938441815e-03 -5.170206156e+01 -5.170206156e+01
173051 0 +7.068724704e-03 -5.170293128e+01 -5.170293128e+01
173779 0 +6.307556637e-03 -5.170369244e+01 -5.170369244e+01
400000 0 +5.992133392e-03 -5.170400787e+01 -5.170400787e+01
% f evaluations | g evaluations | best noise-free fitness - Fopt (-2.799500000000e+02) + sum g_i+ | measured fitness | best measured fitness or single-digit g-values | x1 | x2...
1 0 +3.765886905e+03 +3.485936905e+03 +3.485936905e+03
2 0 +3.591654415e+03 +3.311704415e+03 +3.311704415e+03
3 0 +3.519661084e+03 +3.239711084e+03 +3.239711084e+03
82840 0 +3.157526608e+03 +2.877576608e+03 +2.877576608e+03
102829 0 +2.816654397e+03 +2.536704397e+03 +2.536704397e+03
102857 0 +2.463227881e+03 +2.183277881e+03 +2.183277881e+03
102870 0 +2.219188473e+03 +1.939238473e+03 +1.939238473e+03
102881 0 +1.976315594e+03 +1.696365594e+03 +1.696365594e+03
102906 0 +1.778259236e+03 +1.498309236e+03 +1.498309236e+03
102923 0 +1.584633422e+03 +1.304683422e+03 +1.304683422e+03
102941 0 +1.348463861e+03 +1.068513861e+03 +1.068513861e+03
102950 0 +1.215553706e+03 +9.356037063e+02 +9.356037063e+02
102959 0 +1.060476184e+03 +7.805261835e+02 +7.805261835e+02
102968 0 +9.869297030e+02 +7.069797030e+02 +7.069797030e+02
103005 0 +8.400398230e+02 +5.600898230e+02 +5.600898230e+02
103017 0 +7.480366756e+02 +4.680866756e+02 +4.680866756e+02
103021 0 +7.071004504e+02 +4.271504504e+02 +4.271504504e+02
103044 0 +5.771519170e+02 +2.972019170e+02 +2.972019170e+02
103059 0 +5.518376356e+02 +2.718876356e+02 +2.718876356e+02
103085 0 +4.985840413e+02 +2.186340413e+02 +2.186340413e+02
103104 0 +4.411875510e+02 +1.612375510e+02 +1.612375510e+02
103163 0 +3.811190799e+02 +1.011690799e+02 +1.011690799e+02
103225 0 +3.546205071e+02 +7.467050705e+01 +7.467050705e+01
103375 0 +3.131545033e+02 +3.320450333e+01 +3.320450333e+01
103388 0 +2.812504066e+02 +1.300406622e+00 +1.300406622e+00
103410 0 +2.344094336e+02 -4.554056639e+01 -4.554056639e+01
103412 0 +2.178917336e+02 -6.205826645e+01 -6.205826645e+01
103441 0 +1.867048654e+02 -9.324513465e+01 -9.324513465e+01
103467 0 +1.763401807e+02 -1.036098193e+02 -1.036098193e+02
103636 0 +1.514364523e+02 -1.285135477e+02 -1.285135477e+02
103648 0 +1.399544267e+02 -1.399955733e+02 -1.399955733e+02
103669 0 +1.199591318e+02 -1.599908682e+02 -1.599908682e+02
103672 0 +1.105903319e+02 -1.693596681e+02 -1.693596681e+02
103679 0 +9.957912949e+01 -1.803708705e+02 -1.803708705e+02
103690 0 +8.791604401e+01 -1.920339560e+02 -1.920339560e+02
103843 0 +7.796334453e+01 -2.019866555e+02 -2.019866555e+02
104096 0 +7.004849136e+01 -2.099015086e+02 -2.099015086e+02
104119 0 +6.235733738e+01 -2.175926626e+02 -2.175926626e+02
104143 0 +5.590820092e+01 -2.240417991e+02 -2.240417991e+02
104186 0 +4.940296063e+01 -2.305470394e+02 -2.305470394e+02
104247 0 +4.350640993e+01 -2.364435901e+02 -2.364435901e+02
104423 0 +3.861371104e+01 -2.413362890e+02 -2.413362890e+02
104445 0 +3.546982497e+01 -2.444801750e+02 -2.444801750e+02
104457 0 +3.077644695e+01 -2.491735530e+02 -2.491735530e+02
104471 0 +2.732199256e+01 -2.526280074e+02 -2.526280074e+02
104479 0 +2.456389704e+01 -2.553861030e+02 -2.553861030e+02
104528 0 +2.206353720e+01 -2.578864628e+02 -2.578864628e+02
104723 0 +1.955032423e+01 -2.603996758e+02 -2.603996758e+02
104737 0 +1.760287174e+01 -2.623471283e+02 -2.623471283e+02
104772 0 +1.582184006e+01 -2.641281599e+02 -2.641281599e+02
104915 0 +1.405920794e+01 -2.658907921e+02 -2.658907921e+02
105063 0 +1.252407586e+01 -2.674259241e+02 -2.674259241e+02
105247 0 +1.067364189e+01 -2.692763581e+02 -2.692763581e+02
105261 0 +9.418570022e+00 -2.705314300e+02 -2.705314300e+02
105281 0 +8.427848240e+00 -2.715221518e+02 -2.715221518e+02
105316 0 +7.403678854e+00 -2.725463211e+02 -2.725463211e+02
105379 0 +7.039983588e+00 -2.729100164e+02 -2.729100164e+02
105698 0 +6.246477831e+00 -2.737035222e+02 -2.737035222e+02
105708 0 +5.510259018e+00 -2.744397410e+02 -2.744397410e+02
105743 0 +5.011002248e+00 -2.749389978e+02 -2.749389978e+02
105781 0 +4.455826938e+00 -2.754941731e+02 -2.754941731e+02
105936 0 +3.970293226e+00 -2.759797068e+02 -2.759797068e+02
105958 0 +3.382872382e+00 -2.765671276e+02 -2.765671276e+02
105980 0 +3.152626506e+00 -2.767973735e+02 -2.767973735e+02
106009 0 +2.786258152e+00 -2.771637418e+02 -2.771637418e+02
106189 0 +2.474028199e+00 -2.774759718e+02 -2.774759718e+02
106217 0 +2.186795001e+00 -2.777632050e+02 -2.777632050e+02
106488 0 +1.990858931e+00 -2.779591411e+02 -2.779591411e+02
106557 0 +1.762742271e+00 -2.781872577e+02 -2.781872577e+02
106833 0 +1.578520286e+00 -2.783714797e+02 -2.783714797e+02
107371 0 +1.412268635e+00 -2.785377314e+02 -2.785377314e+02
127587 0 +1.232424458e+00 -2.787175755e+02 -2.787175755e+02
127599 0 +1.023213927e+00 -2.789267861e+02 -2.789267861e+02
127603 0 +9.688554128e-01 -2.789811446e+02 -2.789811446e+02
127627 0 +8.785475139e-01 -2.790714525e+02 -2.790714525e+02
127693 0 +7.895542553e-01 -2.791604457e+02 -2.791604457e+02
127872 0 +6.880042288e-01 -2.792619958e+02 -2.792619958e+02
127888 0 +6.114282491e-01 -2.793385718e+02 -2.793385718e+02
127907 0 +5.506347903e-01 -2.793993652e+02 -2.793993652e+02
127965 0 +4.913118047e-01 -2.794586882e+02 -2.794586882e+02
127976 0 +4.354601623e-01 -2.795145398e+02 -2.795145398e+02
128084 0 +3.908372917e-01 -2.795591627e+02 -2.795591627e+02
128246 0 +3.507930321e-01 -2.795992070e+02 -2.795992070e+02
128301 0 +2.979290909e-01 -2.796520709e+02 -2.796520709e+02
128335 0 +2.814520956e-01 -2.796685479e+02 -2.796685479e+02
128372 0 +2.488938125e-01 -2.797011062e+02 -2.797011062e+02
128662 0 +2.208860880e-01 -2.797291139e+02 -2.797291139e+02
128701 0 +1.963864015e-01 -2.797536136e+02 -2.797536136e+02
128723 0 +1.773565903e-01 -2.797726434e+02 -2.797726434e+02
128806 0 +1.576332824e-01 -2.797923667e+02 -2.797923667e+02
129004 0 +1.388983144e-01 -2.798111017e+02 -2.798111017e+02
129038 0 +1.256791436e-01 -2.798243209e+02 -2.798243209e+02
129386 0 +1.116812532e-01 -2.798383187e+02 -2.798383187e+02
129575 0 +9.922889111e-02 -2.798507711e+02 -2.798507711e+02
129894 0 +8.889989299e-02 -2.798611001e+02 -2.798611001e+02
130960 0 +7.940452221e-02 -2.798705955e+02 -2.798705955e+02
168615 0 +7.019828657e-02 -2.798798017e+02 -2.798798017e+02
168659 0 +6.288540811e-02 -2.798871146e+02 -2.798871146e+02
168692 0 +5.605354092e-02 -2.798939465e+02 -2.798939465e+02
168717 0 +4.896489061e-02 -2.799010351e+02 -2.799010351e+02
168817 0 +4.365403874e-02 -2.799063460e+02 -2.799063460e+02
168872 0 +3.930042241e-02 -2.799106996e+02 -2.799106996e+02
168922 0 +3.537503824e-02 -2.799146250e+02 -2.799146250e+02
168955 0 +2.976996399e-02 -2.799202300e+02 -2.799202300e+02
168990 0 +2.729303040e-02 -2.799227070e+02 -2.799227070e+02
169075 0 +2.476809979e-02 -2.799252319e+02 -2.799252319e+02
169380 0 +2.179657397e-02 -2.799282034e+02 -2.799282034e+02
169423 0 +1.973236454e-02 -2.799302676e+02 -2.799302676e+02
169457 0 +1.749666993e-02 -2.799325033e+02 -2.799325033e+02
169532 0 +1.550924617e-02 -2.799344908e+02 -2.799344908e+02
169707 0 +1.411276818e-02 -2.799358872e+02 -2.799358872e+02
169737 0 +1.243967197e-02 -2.799375603e+02 -2.799375603e+02
169809 0 +1.084789177e-02 -2.799391521e+02 -2.799391521e+02
169852 0 +9.834397233e-03 -2.799401656e+02 -2.799401656e+02
170039 0 +8.673241307e-03 -2.799413268e+02 -2.799413268e+02
170077 0 +7.931036613e-03 -2.799420690e+02 -2.799420690e+02
170425 0 +6.994597630e-03 -2.799430054e+02 -2.799430054e+02
170481 0 +6.247827699e-03 -2.799437522e+02 -2.799437522e+02
170766 0 +5.621799885e-03 -2.799443782e+02 -2.799443782e+02
171327 0 +5.011493927e-03 -2.799449885e+02 -2.799449885e+02
210772 0 +4.411159827e-03 -2.799455888e+02 -2.799455888e+02
210778 0 +3.963486112e-03 -2.799460365e+02 -2.799460365e+02
210828 0 +3.479747374e-03 -2.799465203e+02 -2.799465203e+02
210847 0 +3.053099592e-03 -2.799469469e+02 -2.799469469e+02
210878 0 +2.760554658e-03 -2.799472394e+02 -2.799472394e+02
211092 0 +2.492946838e-03 -2.799475071e+02 -2.799475071e+02
211102 0 +2.226298185e-03 -2.799477737e+02 -2.799477737e+02
211121 0 +1.974935153e-03 -2.799480251e+02 -2.799480251e+02
211125 0 +1.730600335e-03 -2.799482694e+02 -2.799482694e+02
211152 0 +1.407897813e-03 -2.799485921e+02 -2.799485921e+02
211180 0 +1.254384295e-03 -2.799487456e+02 -2.799487456e+02
211392 0 +1.116035055e-03 -2.799488840e+02 -2.799488840e+02
211415 0 +9.884054386e-04 -2.799490116e+02 -2.799490116e+02
211457 0 +8.871238953e-04 -2.799491129e+02 -2.799491129e+02
211640 0 +7.844496607e-04 -2.799492156e+02 -2.799492156e+02
211673 0 +6.831384633e-04 -2.799493169e+02 -2.799493169e+02
211685 0 +6.036949318e-04 -2.799493963e+02 -2.799493963e+02
211721 0 +5.608205725e-04 -2.799494392e+02 -2.799494392e+02
211893 0 +4.993954927e-04 -2.799495006e+02 -2.799495006e+02
212177 0 +4.408554152e-04 -2.799495591e+02 -2.799495591e+02
212219 0 +3.953093012e-04 -2.799496047e+02 -2.799496047e+02
212238 0 +3.330951540e-04 -2.799496669e+02 -2.799496669e+02
212242 0 +3.122686422e-04 -2.799496877e+02 -2.799496877e+02
212284 0 +2.810267554e-04 -2.799497190e+02 -2.799497190e+02
212368 0 +2.493869932e-04 -2.799497506e+02 -2.799497506e+02
212518 0 +2.228238499e-04 -2.799497772e+02 -2.799497772e+02
212576 0 +1.994985890e-04 -2.799498005e+02 -2.799498005e+02
212654 0 +1.773518164e-04 -2.799498226e+02 -2.799498226e+02
212939 0 +1.572678688e-04 -2.799498427e+02 -2.799498427e+02
213346 0 +1.409834032e-04 -2.799498590e+02 -2.799498590e+02
213645 0 +1.252715636e-04 -2.799498747e+02 -2.799498747e+02
214278 0 +1.121643223e-04 -2.799498878e+02 -2.799498878e+02
400000 0 +1.079965626e-04 -2.799498920e+02 -2.799498920e+02
% f evaluations | g evaluations | best noise-free fitness - Fopt (9.319900000000e+02) + sum g_i+ | measured fitness | best measured fitness or single-digit g-values | x1 | x2...
1 0 +2.911618496e+03 +3.843608496e+03 +3.843608496e+03
18 0 +2.898602754e+03 +3.830592754e+03 +3.830592754e+03
104 0 +2.792548709e+03 +3.724538709e+03 +3.724538709e+03
23311 0 +2.511429685e+03 +3.443419685e+03 +3.443419685e+03
102817 0 +2.223820213e+03 +3.155810213e+03 +3.155810213e+03
102834 0 +1.956690635e+03 +2.888680635e+03 +2.888680635e+03
102846 0 +1.769190688e+03 +2.701180688e+03 +2.701180688e+03
102855 0 +1.572810081e+03 +2.504800081e+03 +2.504800081e+03
102876 0 +1.399966861e+03 +2.331956861e+03 +2.331956861e+03
102896 0 +1.249742548e+03 +2.181732548e+03 +2.181732548e+03
102907 0 +1.105049491e+03 +2.037039491e+03 +2.037039491e+03
102917 0 +9.996055149e+02 +1.931595515e+03 +1.931595515e+03
102930 0 +8.521511481e+02 +1.784141148e+03 +1.784141148e+03
102939 0 +7.902036406e+02 +1.722193641e+03 +1.722193641e+03
102961 0 +6.533693390e+02 +1.585359339e+03 +1.585359339e+03
102972 0 +6.187239878e+02 +1.550713988e+03 +1.550713988e+03
102989 0 +5.603076381e+02 +1.492297638e+03 +1.492297638e+03
103012 0 +4.679528593e+02 +1.399942859e+03 +1.399942859e+03
103041 0 +4.205412367e+02 +1.352531237e+03 +1.352531237e+03
103048 0 +3.933378373e+02 +1.325327837e+03 +1.325327837e+03
103136 0 +3.535800896e+02 +1.285570090e+03 +1.285570090e+03
103368 0 +3.152254920e+02 +1.247215492e+03 +1.247215492e+03
103544 0 +2.660220541e+02 +1.198012054e+03 +1.198012054e+03
103578 0 +2.438497908e+02 +1.175839791e+03 +1.175839791e+03
103645 0 +2.109962698e+02 +1.142986270e+03 +1.142986270e+03
103740 0 +1.974664584e+02 +1.129456458e+03 +1.129456458e+03
103898 0 +1.761121542e+02 +1.108102154e+03 +1.108102154e+03
104086 0 +1.578295721e+02 +1.089819572e+03 +1.089819572e+03
104120 0 +1.367022944e+02 +1.068692294e+03 +1.068692294e+03
104163 0 +1.245639001e+02 +1.056553900e+03 +1.056553900e+03
104177 0 +1.119814934e+02 +1.043971493e+03 +1.043971493e+03
104374 0 +9.887651820e+01 +1.030866518e+03 +1.030866518e+03
104737 0 +8.911407641e+01 +1.021104076e+03 +1.021104076e+03
104776 0 +7.495739571e+01 +1.006947396e+03 +1.006947396e+03
104791 0 +6.509964838e+01 +9.970896484e+02 +9.970896484e+02
104793 0 +5.918992837e+01 +9.911799284e+02 +9.911799284e+02
104797 0 +5.496877739e+01 +9.869587774e+02 +9.869587774e+02
104841 0 +4.938283257e+01 +9.813728326e+02 +9.813728326e+02
104997 0 +4.312244509e+01 +9.751124451e+02 +9.751124451e+02
105016 0 +3.948982735e+01 +9.714798274e+02 +9.714798274e+02
105030 0 +3.334865510e+01 +9.653386551e+02 +9.653386551e+02
105033 0 +2.968364811e+01 +9.616736481e+02 +9.616736481e+02
105190 0 +2.783346733e+01 +9.598234673e+02 +9.598234673e+02
105474 0 +2.211160661e+01 +9.541016066e+02 +9.541016066e+02
105684 0 +1.924071162e+01 +9.512307116e+02 +9.512307116e+02
105724 0 +1.718387455e+01 +9.491738745e+02 +9.491738745e+02
105743 0 +1.577595729e+01 +9.477659573e+02 +9.477659573e+02
105872 0 +1.384185335e+01 +9.458318533e+02 +9.458318533e+02
105900 0 +1.247633341e+01 +9.444663334e+02 +9.444663334e+02
105932 0 +1.098437248e+01 +9.429743725e+02 +9.429743725e+02
106023 0 +9.839629541e+00 +9.418296295e+02 +9.418296295e+02
106089 0 +8.823495855e+00 +9.408134959e+02 +9.408134959e+02
106272 0 +7.830222447e+00 +9.398202224e+02 +9.398202224e+02
106299 0 +7.023144405e+00 +9.390131444e+02 +9.390131444e+02
106663 0 +6.307905512e+00 +9.382979055e+02 +9.382979055e+02
106717 0 +5.519861284e+00 +9.375098613e+02 +9.375098613e+02
107006 0 +5.001824489e+00 +9.369918245e+02 +9.369918245e+02
107374 0 +4.464434677e+00 +9.364544347e+02 +9.364544347e+02
108145 0 +3.978300394e+00 +9.359683004e+02 +9.359683004e+02
300457 0 +3.448482130e+00 +9.354384821e+02 +9.354384821e+02
300470 0 +3.063136002e+00 +9.350531360e+02 +9.350531360e+02
300482 0 +2.754840071e+00 +9.347448401e+02 +9.347448401e+02
300511 0 +2.499440767e+00 +9.344894408e+02 +9.344894408e+02
300610 0 +2.180024956e+00 +9.341700250e+02 +9.341700250e+02
300677 0 +1.964544569e+00 +9.339545446e+02 +9.339545446e+02
300993 0 +1.723586332e+00 +9.337135863e+02 +9.337135863e+02
301037 0 +1.561464358e+00 +9.335514644e+02 +9.335514644e+02
301076 0 +1.405772136e+00 +9.333957721e+02 +9.333957721e+02
301294 0 +1.242159327e+00 +9.332321593e+02 +9.332321593e+02
301350 0 +1.117387194e+00 +9.331073872e+02 +9.331073872e+02
301383 0 +9.994439602e-01 +9.329894440e+02 +9.329894440e+02
301676 0 +8.789766708e-01 +9.328689767e+02 +9.328689767e+02
301719 0 +7.844660151e-01 +9.327744660e+02 +9.327744660e+02
302146 0 +7.064347275e-01 +9.326964347e+02 +9.326964347e+02
303041 0 +6.302052415e-01 +9.326202052e+02 +9.326202052e+02
321399 0 +5.495558478e-01 +9.325395558e+02 +9.325395558e+02
321429 0 +4.708050573e-01 +9.324608051e+02 +9.324608051e+02
321439 0 +4.259442345e-01 +9.324159442e+02 +9.324159442e+02
321470 0 +3.892499279e-01 +9.323792499e+02 +9.323792499e+02
321506 0 +3.496792419e-01 +9.323396792e+02 +9.323396792e+02
321690 0 +3.110424659e-01 +9.323010425e+02 +9.323010425e+02
321875 0 +2.816986355e-01 +9.322716986e+02 +9.322716986e+02
321905 0 +2.344700538e-01 +9.322244701e+02 +9.322244701e+02
321915 0 +2.157194819e-01 +9.322057195e+02 +9.322057195e+02
321997 0 +1.734168830e-01 +9.321634169e+02 +9.321634169e+02
322124 0 +1.525332551e-01 +9.321425333e+02 +9.321425333e+02
322130 0 +1.399708551e-01 +9.321299709e+02 +9.321299709e+02
322141 0 +1.208606571e-01 +9.321108607e+02 +9.321108607e+02
322162 0 +1.028204060e-01 +9.320928204e+02 +9.320928204e+02
322197 0 +9.954211919e-02 +9.320895421e+02 +9.320895421e+02
322315 0 +8.900099529e-02 +9.320790010e+02 +9.320790010e+02
322656 0 +7.694551003e-02 +9.320669455e+02 +9.320669455e+02
322677 0 +6.811907734e-02 +9.320581191e+02 +9.320581191e+02
322692 0 +6.099908471e-02 +9.320509991e+02 +9.320509991e+02
322702 0 +5.575780804e-02 +9.320457578e+02 +9.320457578e+02
322739 0 +5.003628001e-02 +9.320400363e+02 +9.320400363e+02
322818 0 +4.445777614e-02 +9.320344578e+02 +9.320344578e+02
322998 0 +3.891191880e-02 +9.320289119e+02 +9.320289119e+02
323017 0 +3.543886192e-02 +9.320254389e+02 +9.320254389e+02
323036 0 +3.090229011e-02 +9.320209023e+02 +9.320209023e+02
323044 0 +2.743078595e-02 +9.320174308e+02 +9.320174308e+02
323075 0 +2.425469822e-02 +9.320142547e+02 +9.320142547e+02
323157 0 +2.133763785e-02 +9.320113376e+02 +9.320113376e+02
323374 0 +1.969308150e-02 +9.320096931e+02 +9.320096931e+02
323408 0 +1.737093935e-02 +9.320073709e+02 +9.320073709e+02
323420 0 +1.551420075e-02 +9.320055142e+02 +9.320055142e+02
323432 0 +1.349357192e-02 +9.320034936e+02 +9.320034936e+02
323622 0 +1.251337565e-02 +9.320025134e+02 +9.320025134e+02
323659 0 +1.115015868e-02 +9.320011502e+02 +9.320011502e+02
323679 0 +9.323329235e-03 +9.319993233e+02 +9.319993233e+02
323692 0 +8.566249881e-03 +9.319985662e+02 +9.319985662e+02
323743 0 +7.695416381e-03 +9.319976954e+02 +9.319976954e+02
323846 0 +6.964514656e-03 +9.319969645e+02 +9.319969645e+02
323850 0 +6.200263336e-03 +9.319962003e+02 +9.319962003e+02
323961 0 +5.584417731e-03 +9.319955844e+02 +9.319955844e+02
324190 0 +4.890455872e-03 +9.319948905e+02 +9.319948905e+02
324229 0 +4.377364081e-03 +9.319943774e+02 +9.319943774e+02
324236 0 +3.917249882e-03 +9.319939172e+02 +9.319939172e+02
324273 0 +3.345177066e-03 +9.319933452e+02 +9.319933452e+02
324333 0 +3.144967862e-03 +9.319931450e+02 +9.319931450e+02
324409 0 +2.796601808e-03 +9.319927966e+02 +9.319927966e+02
324751 0 +2.489480043e-03 +9.319924895e+02 +9.319924895e+02
324778 0 +2.237747565e-03 +9.319922377e+02 +9.319922377e+02
324956 0 +1.993107859e-03 +9.319919931e+02 +9.319919931e+02
325137 0 +1.753959341e-03 +9.319917540e+02 +9.319917540e+02
325321 0 +1.583701492e-03 +9.319915837e+02 +9.319915837e+02
325339 0 +1.392753096e-03 +9.319913928e+02 +9.319913928e+02
325355 0 +1.255199826e-03 +9.319912552e+02 +9.319912552e+02
325391 0 +1.115672757e-03 +9.319911157e+02 +9.319911157e+02
325428 0 +9.885684806e-04 +9.319909886e+02 +9.319909886e+02
325474 0 +8.740105675e-04 +9.319908740e+02 +9.319908740e+02
325660 0 +7.818863367e-04 +9.319907819e+02 +9.319907819e+02
325684 0 +7.010663485e-04 +9.319907011e+02 +9.319907011e+02
325736 0 +6.131803148e-04 +9.319906132e+02 +9.319906132e+02
325864 0 +5.562003892e-04 +9.319905562e+02 +9.319905562e+02
326050 0 +4.912789633e-04 +9.319904913e+02 +9.319904913e+02
326093 0 +4.359504064e-04 +9.319904360e+02 +9.319904360e+02
326294 0 +3.977488710e-04 +9.319903977e+02 +9.319903977e+02
326353 0 +3.520394873e-04 +9.319903520e+02 +9.319903520e+02
326596 0 +3.160444741e-04 +9.319903160e+02 +9.319903160e+02
326894 0 +2.815249428e-04 +9.319902815e+02 +9.319902815e+02
327755 0 +2.511573726e-04 +9.319902512e+02 +9.319902512e+02
400000 0 +2.445670137e-04 +9.319902446e+02 +9.319902446e+02
% f evaluations | g evaluations | best noise-free fitness - Fopt (1.133100000000e+02) + sum g_i+ | measured fitness | best measured fitness or single-digit g-values | x1 | x2...
1 0 +3.227544227e+03 +3.340854227e+03 +3.340854227e+03
3 0 +3.205721882e+03 +3.319031882e+03 +3.319031882e+03
30 0 +3.146042823e+03 +3.259352823e+03 +3.259352823e+03
21555 0 +2.795082871e+03 +2.908392871e+03 +2.908392871e+03
102817 0 +2.491989723e+03 +2.605299723e+03 +2.605299723e+03
102836 0 +2.191531174e+03 +2.304841174e+03 +2.304841174e+03
102847 0 +1.983967830e+03 +2.097277830e+03 +2.097277830e+03
102868 0 +1.736981823e+03 +1.850291823e+03 +1.850291823e+03
102877 0 +1.579255953e+03 +1.692565953e+03 +1.692565953e+03
102907 0 +1.380525427e+03 +1.493835427e+03 +1.493835427e+03
102927 0 +1.217032926e+03 +1.330342926e+03 +1.330342926e+03
102937 0 +1.111801870e+03 +1.225111870e+03 +1.225111870e+03
102948 0 +9.773925330e+02 +1.090702533e+03 +1.090702533e+03
102957 0 +8.875055064e+02 +1.000815506e+03 +1.000815506e+03
102987 0 +7.648331121e+02 +8.781431121e+02 +8.781431121e+02
103007 0 +6.737603874e+02 +7.870703874e+02 +7.870703874e+02
103013 0 +6.160310918e+02 +7.293410918e+02 +7.293410918e+02
103024 0 +5.617782092e+02 +6.750882092e+02 +6.750882092e+02
103028 0 +4.837253891e+02 +5.970353891e+02 +5.970353891e+02
103063 0 +4.445578850e+02 +5.578678850e+02 +5.578678850e+02
103159 0 +3.926462153e+02 +5.059562153e+02 +5.059562153e+02
103204 0 +3.448934718e+02 +4.582034718e+02 +4.582034718e+02
103332 0 +3.125439508e+02 +4.258539508e+02 +4.258539508e+02
103469 0 +2.783920869e+02 +3.917020869e+02 +3.917020869e+02
103500 0 +2.506757139e+02 +3.639857139e+02 +3.639857139e+02
103554 0 +2.221068077e+02 +3.354168077e+02 +3.354168077e+02
103656 0 +1.984822299e+02 +3.117922299e+02 +3.117922299e+02
103766 0 +1.775331272e+02 +2.908431272e+02 +2.908431272e+02
103961 0 +1.582824954e+02 +2.715924954e+02 +2.715924954e+02
103986 0 +1.405406746e+02 +2.538506746e+02 +2.538506746e+02
104005 0 +1.251681505e+02 +2.384781505e+02 +2.384781505e+02
104057 0 +1.053439476e+02 +2.186539476e+02 +2.186539476e+02
104088 0 +9.986670085e+01 +2.131767008e+02 +2.131767008e+02
104327 0 +8.716307239e+01 +2.004730724e+02 +2.004730724e+02
104354 0 +7.837568082e+01 +1.916856808e+02 +1.916856808e+02
104367 0 +6.700054241e+01 +1.803105424e+02 +1.803105424e+02
104370 0 +6.222999112e+01 +1.755399911e+02 +1.755399911e+02
104395 0 +5.236826010e+01 +1.656782601e+02 +1.656782601e+02
104404 0 +5.008162064e+01 +1.633916206e+02 +1.633916206e+02
104540 0 +4.441006295e+01 +1.577200629e+02 +1.577200629e+02
104607 0 +3.964483393e+01 +1.529548339e+02 +1.529548339e+02
104752 0 +3.506276341e+01 +1.483727634e+02 +1.483727634e+02
104771 0 +3.160231058e+01 +1.449123106e+02 +1.449123106e+02
104854 0 +2.662374155e+01 +1.399337416e+02 +1.399337416e+02
104963 0 +2.467863579e+01 +1.379886358e+02 +1.379886358e+02
104985 0 +2.175809995e+01 +1.350681000e+02 +1.350681000e+02
105017 0 +1.960571622e+01 +1.329157162e+02 +1.329157162e+02
105031 0 +1.698843510e+01 +1.302984351e+02 +1.302984351e+02
105033 0 +1.525177111e+01 +1.285617711e+02 +1.285617711e+02
105037 0 +1.358329464e+01 +1.268932946e+02 +1.268932946e+02
105218 0 +1.236925834e+01 +1.256792583e+02 +1.256792583e+02
105265 0 +1.102610723e+01 +1.243361072e+02 +1.243361072e+02
105277 0 +9.909169286e+00 +1.232191693e+02 +1.232191693e+02
105293 0 +8.832251184e+00 +1.221422512e+02 +1.221422512e+02
105339 0 +7.749162691e+00 +1.210591627e+02 +1.210591627e+02
105478 0 +6.989046751e+00 +1.202990468e+02 +1.202990468e+02
105637 0 +6.267370665e+00 +1.195773707e+02 +1.195773707e+02
105675 0 +5.482868900e+00 +1.187928689e+02 +1.187928689e+02
105716 0 +4.893764633e+00 +1.182037646e+02 +1.182037646e+02
106084 0 +4.456078771e+00 +1.177660788e+02 +1.177660788e+02
106123 0 +3.971978227e+00 +1.172819782e+02 +1.172819782e+02
106147 0 +3.531469423e+00 +1.168414694e+02 +1.168414694e+02
106237 0 +3.117501053e+00 +1.164275011e+02 +1.164275011e+02
106441 0 +2.814498185e+00 +1.161244982e+02 +1.161244982e+02
106494 0 +2.498275704e+00 +1.158082757e+02 +1.158082757e+02
106744 0 +2.232552777e+00 +1.155425528e+02 +1.155425528e+02
106805 0 +1.961846960e+00 +1.152718470e+02 +1.152718470e+02
107122 0 +1.776074318e+00 +1.150860743e+02 +1.150860743e+02
126194 0 +1.545442096e+00 +1.148554421e+02 +1.148554421e+02
126216 0 +1.382982416e+00 +1.146929824e+02 +1.146929824e+02
126226 0 +1.235333308e+00 +1.145453333e+02 +1.145453333e+02
126254 0 +1.110017247e+00 +1.144200172e+02 +1.144200172e+02
126274 0 +9.363309607e-01 +1.142463310e+02 +1.142463310e+02
126305 0 +8.692060698e-01 +1.141792061e+02 +1.141792061e+02
126453 0 +7.865470095e-01 +1.140965470e+02 +1.140965470e+02
126563 0 +6.966183142e-01 +1.140066183e+02 +1.140066183e+02
126696 0 +6.139480946e-01 +1.139239481e+02 +1.139239481e+02
126712 0 +5.539471825e-01 +1.138639472e+02 +1.138639472e+02
126821 0 +4.996448533e-01 +1.138096449e+02 +1.138096449e+02
127194 0 +4.446562540e-01 +1.137546563e+02 +1.137546563e+02
127394 0 +3.977148931e-01 +1.137077149e+02 +1.137077149e+02
127946 0 +3.537943469e-01 +1.136637943e+02 +1.136637943e+02
230380 0 +2.993433700e-01 +1.136093434e+02 +1.136093434e+02
230395 0 +2.815906622e-01 +1.135915907e+02 +1.135915907e+02
230403 0 +2.285962451e-01 +1.135385962e+02 +1.135385962e+02
230408 0 +2.238387384e-01 +1.135338387e+02 +1.135338387e+02
230742 0 +1.984937413e-01 +1.135084937e+02 +1.135084937e+02
230766 0 +1.751988401e-01 +1.134851988e+02 +1.134851988e+02
230796 0 +1.542431018e-01 +1.134642431e+02 +1.134642431e+02
230809 0 +1.362780514e-01 +1.134462781e+02 +1.134462781e+02
230832 0 +1.226071263e-01 +1.134326071e+02 +1.134326071e+02
231070 0 +1.119358273e-01 +1.134219358e+02 +1.134219358e+02
231265 0 +9.865819364e-02 +1.134086582e+02 +1.134086582e+02
231306 0 +8.470550049e-02 +1.133947055e+02 +1.133947055e+02
231361 0 +7.738423576e-02 +1.133873842e+02 +1.133873842e+02
231631 0 +7.009049306e-02 +1.133800905e+02 +1.133800905e+02
231747 0 +6.137670672e-02 +1.133713767e+02 +1.133713767e+02
231827 0 +5.539446155e-02 +1.133653945e+02 +1.133653945e+02
231996 0 +4.987292557e-02 +1.133598729e+02 +1.133598729e+02
232414 0 +4.454893976e-02 +1.133545489e+02 +1.133545489e+02
232739 0 +3.969703078e-02 +1.133496970e+02 +1.133496970e+02
272638 0 +3.522424966e-02 +1.133452242e+02 +1.133452242e+02
273021 0 +3.157533263e-02 +1.133415753e+02 +1.133415753e+02
273930 0 +2.816843888e-02 +1.133381684e+02 +1.133381684e+02
293511 0 +2.403469838e-02 +1.133340347e+02 +1.133340347e+02
293537 0 +2.237531719e-02 +1.133323753e+02 +1.133323753e+02
293713 0 +1.994217456e-02 +1.133299422e+02 +1.133299422e+02
293743 0 +1.770503783e-02 +1.133277050e+02 +1.133277050e+02
293760 0 +1.558401170e-02 +1.133255840e+02 +1.133255840e+02
294039 0 +1.407102192e-02 +1.133240710e+02 +1.133240710e+02
294070 0 +1.187921259e-02 +1.133218792e+02 +1.133218792e+02
294075 0 +1.118107237e-02 +1.133211811e+02 +1.133211811e+02
294117 0 +9.918601154e-03 +1.133199186e+02 +1.133199186e+02
294277 0 +8.906609536e-03 +1.133189066e+02 +1.133189066e+02
294327 0 +7.858074423e-03 +1.133178581e+02 +1.133178581e+02
294365 0 +6.859551064e-03 +1.133168596e+02 +1.133168596e+02
294460 0 +6.305933180e-03 +1.133163059e+02 +1.133163059e+02
294838 0 +5.609740056e-03 +1.133156097e+02 +1.133156097e+02
295069 0 +4.984834200e-03 +1.133149848e+02 +1.133149848e+02
295188 0 +4.457181617e-03 +1.133144572e+02 +1.133144572e+02
295766 0 +3.978521888e-03 +1.133139785e+02 +1.133139785e+02
358517 0 +3.482632902e-03 +1.133134826e+02 +1.133134826e+02
358943 0 +3.161117374e-03 +1.133131611e+02 +1.133131611e+02
359676 0 +2.814344548e-03 +1.133128143e+02 +1.133128143e+02
397876 0 +2.466113841e-03 +1.133124661e+02 +1.133124661e+02
397904 0 +2.225929061e-03 +1.133122259e+02 +1.133122259e+02
397922 0 +1.955111329e-03 +1.133119551e+02 +1.133119551e+02
397925 0 +1.768944881e-03 +1.133117689e+02 +1.133117689e+02
397992 0 +1.557093948e-03 +1.133115571e+02 +1.133115571e+02
398180 0 +1.381147452e-03 +1.133113811e+02 +1.133113811e+02
398195 0 +1.256019376e-03 +1.133112560e+02 +1.133112560e+02
398231 0 +1.119173775e-03 +1.133111192e+02 +1.133111192e+02
398254 0 +9.733539314e-04 +1.133109734e+02 +1.133109734e+02
398285 0 +8.732893191e-04 +1.133108733e+02 +1.133108733e+02
398360 0 +7.847697413e-04 +1.133107848e+02 +1.133107848e+02
398529 0 +6.992671920e-04 +1.133106993e+02 +1.133106993e+02
398535 0 +6.157794418e-04 +1.133106158e+02 +1.133106158e+02
398618 0 +5.466857859e-04 +1.133105467e+02 +1.133105467e+02
398677 0 +4.850925238e-04 +1.133104851e+02 +1.133104851e+02
398897 0 +4.418062765e-04 +1.133104418e+02 +1.133104418e+02
398939 0 +3.944683811e-04 +1.133103945e+02 +1.133103945e+02
399188 0 +3.524091573e-04 +1.133103524e+02 +1.133103524e+02
399243 0 +3.112532995e-04 +1.133103113e+02 +1.133103113e+02
399493 0 +2.813158780e-04 +1.133102813e+02 +1.133102813e+02
399609 0 +2.492395782e-04 +1.133102492e+02 +1.133102492e+02
400000 0 +2.349835805e-04 +1.133102350e+02 +1.133102350e+02
% f evaluations | g evaluations | best noise-free fitness - Fopt (2.264000000000e+01) + sum g_i+ | measured fitness | best measured fitness or single-digit g-values | x1 | x2...
1 0 +2.824912157e+03 +2.847552157e+03 +2.847552157e+03
259 0 +2.616937523e+03 +2.639577523e+03 +2.639577523e+03
5161 0 +2.505275104e+03 +2.527915104e+03 +2.527915104e+03
102806 0 +2.226763376e+03 +2.249403376e+03 +2.249403376e+03
102826 0 +1.989957508e+03 +2.012597508e+03 +2.012597508e+03
102848 0 +1.774739297e+03 +1.797379297e+03 +1.797379297e+03
102865 0 +1.558246932e+03 +1.580886932e+03 +1.580886932e+03
102874 0 +1.398831368e+03 +1.421471368e+03 +1.421471368e+03
102887 0 +1.246991962e+03 +1.269631962e+03 +1.269631962e+03
102903 0 +1.105042647e+03 +1.127682647e+03 +1.127682647e+03
102918 0 +9.997211771e+02 +1.022361177e+03 +1.022361177e+03
102945 0 +8.602290998e+02 +8.828690998e+02 +8.828690998e+02
102954 0 +7.672418286e+02 +7.898818286e+02 +7.898818286e+02
102966 0 +6.897672088e+02 +7.124072088e+02 +7.124072088e+02
102993 0 +6.184816146e+02 +6.411216146e+02 +6.411216146e+02
103000 0 +5.461662034e+02 +5.688062034e+02 +5.688062034e+02
103034 0 +4.445548180e+02 +4.671948180e+02 +4.671948180e+02
103196 0 +3.970666310e+02 +4.197066310e+02 +4.197066310e+02
103317 0 +3.539654560e+02 +3.766054560e+02 +3.766054560e+02
103544 0 +3.154120054e+02 +3.380520054e+02 +3.380520054e+02
103577 0 +2.757248884e+02 +2.983648884e+02 +2.983648884e+02
103599 0 +2.270528350e+02 +2.496928350e+02 +2.496928350e+02
103610 0 +2.229698375e+02 +2.456098375e+02 +2.456098375e+02
103660 0 +1.987879144e+02 +2.214279144e+02 +2.214279144e+02
103779 0 +1.733340481e+02 +1.959740481e+02 +1.959740481e+02
104007 0 +1.526053674e+02 +1.752453674e+02 +1.752453674e+02
104053 0 +1.385743768e+02 +1.612143768e+02 +1.612143768e+02
104075 0 +1.257131992e+02 +1.483531992e+02 +1.483531992e+02
104159 0 +1.115670006e+02 +1.342070006e+02 +1.342070006e+02
104411 0 +9.757557006e+01 +1.202155701e+02 +1.202155701e+02
104435 0 +8.905407828e+01 +1.116940783e+02 +1.116940783e+02
104451 0 +7.698157663e+01 +9.962157663e+01 +9.962157663e+01
104501 0 +7.023672231e+01 +9.287672231e+01 +9.287672231e+01
104628 0 +6.224735920e+01 +8.488735920e+01 +8.488735920e+01
104838 0 +5.490805960e+01 +7.754805960e+01 +7.754805960e+01
104873 0 +4.751462498e+01 +7.015462498e+01 +7.015462498e+01
104890 0 +4.451829577e+01 +6.715829577e+01 +6.715829577e+01
105074 0 +3.962472546e+01 +6.226472546e+01 +6.226472546e+01
105121 0 +3.434288587e+01 +5.698288587e+01 +5.698288587e+01
105150 0 +3.000178450e+01 +5.264178450e+01 +5.264178450e+01
105310 0 +2.814322347e+01 +5.078322347e+01 +5.078322347e+01
105392 0 +2.491769768e+01 +4.755769768e+01 +4.755769768e+01
105746 0 +2.231489098e+01 +4.495489098e+01 +4.495489098e+01
106363 0 +1.993133187e+01 +4.257133187e+01 +4.257133187e+01
126059 0 +1.769223039e+01 +4.033223039e+01 +4.033223039e+01
126272 0 +1.584542500e+01 +3.848542500e+01 +3.848542500e+01
126721 0 +1.411578496e+01 +3.675578496e+01 +3.675578496e+01
189798 0 +1.258077363e+01 +3.522077363e+01 +3.522077363e+01
209254 0 +1.104780797e+01 +3.368780797e+01 +3.368780797e+01
209495 0 +9.942769116e+00 +3.258276912e+01 +3.258276912e+01
209525 0 +8.773038958e+00 +3.141303896e+01 +3.141303896e+01
209699 0 +7.876383671e+00 +3.051638367e+01 +3.051638367e+01
209825 0 +6.871049712e+00 +2.951104971e+01 +2.951104971e+01
210114 0 +6.304366339e+00 +2.894436634e+01 +2.894436634e+01
211263 0 +5.613358549e+00 +2.825335855e+01 +2.825335855e+01
273973 0 +4.798118375e+00 +2.743811838e+01 +2.743811838e+01
273981 0 +4.251189755e+00 +2.689118976e+01 +2.689118976e+01
273996 0 +3.970318156e+00 +2.661031816e+01 +2.661031816e+01
274007 0 +3.351111922e+00 +2.599111192e+01 +2.599111192e+01
274010 0 +3.001130859e+00 +2.564113086e+01 +2.564113086e+01
274048 0 +2.653638110e+00 +2.529363811e+01 +2.529363811e+01
274078 0 +2.457387500e+00 +2.509738750e+01 +2.509738750e+01
274252 0 +2.175296136e+00 +2.481529614e+01 +2.481529614e+01
274268 0 +1.976765002e+00 +2.461676500e+01 +2.461676500e+01
274296 0 +1.770770701e+00 +2.441077070e+01 +2.441077070e+01
274420 0 +1.543471235e+00 +2.418347123e+01 +2.418347123e+01
274579 0 +1.408193375e+00 +2.404819338e+01 +2.404819338e+01
274619 0 +1.230563888e+00 +2.387056389e+01 +2.387056389e+01
274633 0 +1.119953614e+00 +2.375995361e+01 +2.375995361e+01
274640 0 +9.619431050e-01 +2.360194311e+01 +2.360194311e+01
274661 0 +8.868926775e-01 +2.352689268e+01 +2.352689268e+01
274745 0 +7.918642123e-01 +2.343186421e+01 +2.343186421e+01
275069 0 +7.034219827e-01 +2.334342198e+01 +2.334342198e+01
275100 0 +6.297202911e-01 +2.326972029e+01 +2.326972029e+01
275111 0 +5.193264849e-01 +2.315932648e+01 +2.315932648e+01
275117 0 +4.925916436e-01 +2.313259164e+01 +2.313259164e+01
275239 0 +4.168228553e-01 +2.305682286e+01 +2.305682286e+01
275374 0 +3.959624400e-01 +2.303596244e+01 +2.303596244e+01
275406 0 +3.439751610e-01 +2.298397516e+01 +2.298397516e+01
275445 0 +3.130392641e-01 +2.295303926e+01 +2.295303926e+01
275497 0 +2.735608443e-01 +2.291356084e+01 +2.291356084e+01
275554 0 +2.463258874e-01 +2.288632589e+01 +2.288632589e+01
275743 0 +2.192939483e-01 +2.285929395e+01 +2.285929395e+01
275763 0 +1.982715185e-01 +2.283827152e+01 +2.283827152e+01
276106 0 +1.763177791e-01 +2.281631778e+01 +2.281631778e+01
276157 0 +1.541967546e-01 +2.279419675e+01 +2.279419675e+01
276192 0 +1.395441840e-01 +2.277954418e+01 +2.277954418e+01
276605 0 +1.256174435e-01 +2.276561744e+01 +2.276561744e+01
277157 0 +1.121285585e-01 +2.275212856e+01 +2.275212856e+01
277707 0 +9.978176779e-02 +2.273978177e+01 +2.273978177e+01
400000 0 +9.287049968e-02 +2.273287050e+01 +2.273287050e+01
% f evaluations | g evaluations | best noise-free fitness - Fopt (7.553000000000e+01) + sum g_i+ | measured fitness | best measured fitness or single-digit g-values | x1 | x2...
1 0 +2.978586433e+03 +3.054116433e+03 +3.054116433e+03
9 0 +2.968571223e+03 +3.044101223e+03 +3.044101223e+03
1303 0 +2.802659846e+03 +2.878189846e+03 +2.878189846e+03
83653 0 +2.509800733e+03 +2.585330733e+03 +2.585330733e+03
102831 0 +2.228060854e+03 +2.303590854e+03 +2.303590854e+03
102849 0 +1.981354101e+03 +2.056884101e+03 +2.056884101e+03
102866 0 +1.760824077e+03 +1.836354077e+03 +1.836354077e+03
102880 0 +1.567899062e+03 +1.643429062e+03 +1.643429062e+03
102905 0 +1.405993472e+03 +1.481523472e+03 +1.481523472e+03
102928 0 +1.225983275e+03 +1.301513275e+03 +1.301513275e+03
102932 0 +1.116156041e+03 +1.191686041e+03 +1.191686041e+03
102946 0 +9.944026153e+02 +1.069932615e+03 +1.069932615e+03
102968 0 +8.786885637e+02 +9.542185637e+02 +9.542185637e+02
102995 0 +7.856099660e+02 +8.611399660e+02 +8.611399660e+02
103005 0 +7.073815460e+02 +7.829115460e+02 +7.829115460e+02
103012 0 +6.035161890e+02 +6.790461890e+02 +6.790461890e+02
103016 0 +5.593811717e+02 +6.349111717e+02 +6.349111717e+02
103040 0 +4.870698605e+02 +5.625998605e+02 +5.625998605e+02
103055 0 +4.464053894e+02 +5.219353894e+02 +5.219353894e+02
103080 0 +3.944310142e+02 +4.699610142e+02 +4.699610142e+02
103085 0 +3.456705798e+02 +4.212005798e+02 +4.212005798e+02
103094 0 +2.914182140e+02 +3.669482140e+02 +3.669482140e+02
103283 0 +2.748437452e+02 +3.503737452e+02 +3.503737452e+02
103317 0 +2.386485153e+02 +3.141785153e+02 +3.141785153e+02
103349 0 +2.234767301e+02 +2.990067301e+02 +2.990067301e+02
103391 0 +1.980620962e+02 +2.735920962e+02 +2.735920962e+02
103620 0 +1.700857867e+02 +2.456157867e+02 +2.456157867e+02
103627 0 +1.540890508e+02 +2.296190508e+02 +2.296190508e+02
103639 0 +1.404945855e+02 +2.160245855e+02 +2.160245855e+02
103671 0 +1.177462929e+02 +1.932762929e+02 +1.932762929e+02
103695 0 +1.101404889e+02 +1.856704889e+02 +1.856704889e+02
103713 0 +9.996565636e+01 +1.754956564e+02 +1.754956564e+02
103761 0 +8.555563096e+01 +1.610856310e+02 +1.610856310e+02
104016 0 +7.596497938e+01 +1.514949794e+02 +1.514949794e+02
104055 0 +6.965621011e+01 +1.451862101e+02 +1.451862101e+02
104072 0 +6.141338425e+01 +1.369433843e+02 +1.369433843e+02
104086 0 +5.392936796e+01 +1.294593680e+02 +1.294593680e+02
104138 0 +4.817807081e+01 +1.237080708e+02 +1.237080708e+02
104326 0 +4.451914592e+01 +1.200491459e+02 +1.200491459e+02
104367 0 +3.935657287e+01 +1.148865729e+02 +1.148865729e+02
104540 0 +3.401788772e+01 +1.095478877e+02 +1.095478877e+02
104732 0 +3.133681940e+01 +1.068668194e+02 +1.068668194e+02
104782 0 +2.767405584e+01 +1.032040558e+02 +1.032040558e+02
104801 0 +2.506007373e+01 +1.005900737e+02 +1.005900737e+02
105045 0 +2.236479063e+01 +9.789479063e+01 +9.789479063e+01
105098 0 +1.967969278e+01 +9.520969278e+01 +9.520969278e+01
105244 0 +1.761207911e+01 +9.314207911e+01 +9.314207911e+01
105516 0 +1.542234709e+01 +9.095234709e+01 +9.095234709e+01
105718 0 +1.406355594e+01 +8.959355594e+01 +8.959355594e+01
106301 0 +1.257683283e+01 +8.810683283e+01 +8.810683283e+01
124918 0 +1.089528930e+01 +8.642528930e+01 +8.642528930e+01
125060 0 +9.726714219e+00 +8.525671422e+01 +8.525671422e+01
125080 0 +8.726420171e+00 +8.425642017e+01 +8.425642017e+01
125106 0 +7.723219652e+00 +8.325321965e+01 +8.325321965e+01
125117 0 +7.007578471e+00 +8.253757847e+01 +8.253757847e+01
125168 0 +6.299701636e+00 +8.182970164e+01 +8.182970164e+01
125259 0 +5.563591343e+00 +8.109359134e+01 +8.109359134e+01
125345 0 +4.800261614e+00 +8.033026161e+01 +8.033026161e+01
125528 0 +4.314047268e+00 +7.984404727e+01 +7.984404727e+01
125555 0 +3.826656451e+00 +7.935665645e+01 +7.935665645e+01
125563 0 +3.532823861e+00 +7.906282386e+01 +7.906282386e+01
125586 0 +2.831722318e+00 +7.836172232e+01 +7.836172232e+01
125616 0 +2.659822406e+00 +7.818982241e+01 +7.818982241e+01
125702 0 +2.490870026e+00 +7.802087003e+01 +7.802087003e+01
125871 0 +2.189301916e+00 +7.771930192e+01 +7.771930192e+01
125883 0 +1.914311552e+00 +7.744431155e+01 +7.744431155e+01
125898 0 +1.744770414e+00 +7.727477041e+01 +7.727477041e+01
125914 0 +1.581549056e+00 +7.711154906e+01 +7.711154906e+01
126163 0 +1.376794699e+00 +7.690679470e+01 +7.690679470e+01
126241 0 +1.223416814e+00 +7.675341681e+01 +7.675341681e+01
126510 0 +1.102719760e+00 +7.663271976e+01 +7.663271976e+01
126560 0 +9.986961624e-01 +7.652869616e+01 +7.652869616e+01
126601 0 +8.809326863e-01 +7.641093269e+01 +7.641093269e+01
126729 0 +7.842729197e-01 +7.631427292e+01 +7.631427292e+01
126769 0 +6.882967375e-01 +7.621829674e+01 +7.621829674e+01
126785 0 +6.240544702e-01 +7.615405447e+01 +7.615405447e+01
126804 0 +5.616031686e-01 +7.609160317e+01 +7.609160317e+01
126886 0 +4.938139693e-01 +7.602381397e+01 +7.602381397e+01
127085 0 +4.443448414e-01 +7.597434484e+01 +7.597434484e+01
127108 0 +3.928805088e-01 +7.592288051e+01 +7.592288051e+01
127135 0 +3.497677350e-01 +7.587976773e+01 +7.587976773e+01
127187 0 +3.162104121e-01 +7.584621041e+01 +7.584621041e+01
127227 0 +2.752331564e-01 +7.580523316e+01 +7.580523316e+01
127492 0 +2.410477172e-01 +7.577104772e+01 +7.577104772e+01
127515 0 +2.233505309e-01 +7.575335053e+01 +7.575335053e+01
127574 0 +1.992902052e-01 +7.572929021e+01 +7.572929021e+01
127633 0 +1.758220207e-01 +7.570582202e+01 +7.570582202e+01
127827 0 +1.568897613e-01 +7.568688976e+01 +7.568688976e+01
128145 0 +1.403284676e-01 +7.567032847e+01 +7.567032847e+01
128483 0 +1.243017573e-01 +7.565430176e+01 +7.565430176e+01
128758 0 +1.120231065e-01 +7.564202311e+01 +7.564202311e+01
400000 0 +1.005958261e-01 +7.563059583e+01 +7.563059583e+01
% f evaluations | g evaluations | best noise-free fitness - Fopt (1.923000000000e+01) + sum g_i+ | measured fitness | best measured fitness or single-digit g-values | x1 | x2...
1 0 +2.953552968e+03 +2.972782968e+03 +2.972782968e+03
259 0 +2.899659749e+03 +2.918889749e+03 +2.918889749e+03
269 0 +2.778754375e+03 +2.797984375e+03 +2.797984375e+03
21386 0 +2.503318828e+03 +2.522548828e+03 +2.522548828e+03
102816 0 +2.228254269e+03 +2.247484269e+03 +2.247484269e+03
102838 0 +1.968077000e+03 +1.987307000e+03 +1.987307000e+03
102849 0 +1.766239109e+03 +1.785469109e+03 +1.785469109e+03
102861 0 +1.539176705e+03 +1.558406705e+03 +1.558406705e+03
102873 0 +1.389634403e+03 +1.408864403e+03 +1.408864403e+03
102892 0 +1.248485472e+03 +1.267715472e+03 +1.267715472e+03
102906 0 +1.109073503e+03 +1.128303503e+03 +1.128303503e+03
102925 0 +9.928409943e+02 +1.012070994e+03 +1.012070994e+03
102937 0 +8.550957655e+02 +8.743257655e+02 +8.743257655e+02
102951 0 +7.938705688e+02 +8.131005688e+02 +8.131005688e+02
102982 0 +6.990068090e+02 +7.182368090e+02 +7.182368090e+02
103000 0 +6.269040238e+02 +6.461340238e+02 +6.461340238e+02
103021 0 +5.580225172e+02 +5.772525172e+02 +5.772525172e+02
103137 0 +4.864382213e+02 +5.056682213e+02 +5.056682213e+02
103228 0 +4.448289706e+02 +4.640589706e+02 +4.640589706e+02
103339 0 +3.926874413e+02 +4.119174413e+02 +4.119174413e+02
103763 0 +3.408478898e+02 +3.600778898e+02 +3.600778898e+02
103774 0 +3.160148821e+02 +3.352448821e+02 +3.352448821e+02
103816 0 +2.806883497e+02 +2.999183497e+02 +2.999183497e+02
103834 0 +2.494015528e+02 +2.686315528e+02 +2.686315528e+02
103880 0 +2.161860080e+02 +2.354160080e+02 +2.354160080e+02
104025 0 +1.956962706e+02 +2.149262706e+02 +2.149262706e+02
104177 0 +1.750620079e+02 +1.942920079e+02 +1.942920079e+02
104355 0 +1.543194629e+02 +1.735494629e+02 +1.735494629e+02
104365 0 +1.396999012e+02 +1.589299012e+02 +1.589299012e+02
104381 0 +1.258328027e+02 +1.450628027e+02 +1.450628027e+02
104427 0 +1.077879277e+02 +1.270179277e+02 +1.270179277e+02
104663 0 +9.939313087e+01 +1.186231309e+02 +1.186231309e+02
104702 0 +8.737521921e+01 +1.066052192e+02 +1.066052192e+02
104781 0 +7.124620650e+01 +9.047620650e+01 +9.047620650e+01
104892 0 +6.874833374e+01 +8.797833374e+01 +8.797833374e+01
104945 0 +5.976604048e+01 +7.899604048e+01 +7.899604048e+01
105044 0 +5.618393507e+01 +7.541393507e+01 +7.541393507e+01
105225 0 +4.983399020e+01 +6.906399020e+01 +6.906399020e+01
105252 0 +4.398109165e+01 +6.321109165e+01 +6.321109165e+01
105301 0 +3.963536955e+01 +5.886536955e+01 +5.886536955e+01
105404 0 +3.544447449e+01 +5.467447449e+01 +5.467447449e+01
105772 0 +3.149725761e+01 +5.072725761e+01 +5.072725761e+01
106026 0 +2.782063388e+01 +4.705063388e+01 +4.705063388e+01
106041 0 +2.492060734e+01 +4.415060734e+01 +4.415060734e+01
106069 0 +2.185061309e+01 +4.108061309e+01 +4.108061309e+01
106118 0 +1.981845801e+01 +3.904845801e+01 +3.904845801e+01
106241 0 +1.747367086e+01 +3.670367086e+01 +3.670367086e+01
106402 0 +1.549758937e+01 +3.472758937e+01 +3.472758937e+01
106548 0 +1.398321331e+01 +3.321321331e+01 +3.321321331e+01
106803 0 +1.257620121e+01 +3.180620121e+01 +3.180620121e+01
106975 0 +1.105426639e+01 +3.028426639e+01 +3.028426639e+01
107448 0 +9.948470189e+00 +2.917847019e+01 +2.917847019e+01
109372 0 +8.912221781e+00 +2.814222178e+01 +2.814222178e+01
149180 0 +7.680494641e+00 +2.691049464e+01 +2.691049464e+01
149204 0 +6.967031030e+00 +2.619703103e+01 +2.619703103e+01
149266 0 +6.177739129e+00 +2.540773913e+01 +2.540773913e+01
149319 0 +5.606172144e+00 +2.483617214e+01 +2.483617214e+01
149350 0 +4.727295866e+00 +2.395729587e+01 +2.395729587e+01
149567 0 +4.426167566e+00 +2.365616757e+01 +2.365616757e+01
149576 0 +3.689823526e+00 +2.291982353e+01 +2.291982353e+01
149599 0 +3.374738934e+00 +2.260473893e+01 +2.260473893e+01
149657 0 +3.103942546e+00 +2.233394255e+01 +2.233394255e+01
149812 0 +2.770338205e+00 +2.200033821e+01 +2.200033821e+01
149928 0 +2.446988611e+00 +2.167698861e+01 +2.167698861e+01
150096 0 +2.228840194e+00 +2.145884019e+01 +2.145884019e+01
150152 0 +1.958237219e+00 +2.118823722e+01 +2.118823722e+01
150228 0 +1.689284523e+00 +2.091928452e+01 +2.091928452e+01
150399 0 +1.582355266e+00 +2.081235527e+01 +2.081235527e+01
150573 0 +1.399436253e+00 +2.062943625e+01 +2.062943625e+01
150629 0 +1.256871286e+00 +2.048687129e+01 +2.048687129e+01
150659 0 +1.096052143e+00 +2.032605214e+01 +2.032605214e+01
150686 0 +9.828280409e-01 +2.021282804e+01 +2.021282804e+01
150703 0 +8.687941721e-01 +2.009879417e+01 +2.009879417e+01
150891 0 +7.882242548e-01 +2.001822425e+01 +2.001822425e+01
150930 0 +7.065960032e-01 +1.993659600e+01 +1.993659600e+01
150963 0 +6.161354661e-01 +1.984613547e+01 +1.984613547e+01
151012 0 +5.585119185e-01 +1.978851192e+01 +1.978851192e+01
151063 0 +4.968963085e-01 +1.972689631e+01 +1.972689631e+01
151122 0 +4.457815281e-01 +1.967578153e+01 +1.967578153e+01
151331 0 +3.964699119e-01 +1.962646991e+01 +1.962646991e+01
151361 0 +3.478755177e-01 +1.957787552e+01 +1.957787552e+01
151436 0 +3.139735988e-01 +1.954397360e+01 +1.954397360e+01
151700 0 +2.763586901e-01 +1.950635869e+01 +1.950635869e+01
151713 0 +2.451839429e-01 +1.947518394e+01 +1.947518394e+01
152011 0 +2.208013614e-01 +1.945080136e+01 +1.945080136e+01
152079 0 +1.994857861e-01 +1.942948579e+01 +1.942948579e+01
152545 0 +1.746771046e-01 +1.940467710e+01 +1.940467710e+01
153000 0 +1.578775177e-01 +1.938787752e+01 +1.938787752e+01
379226 0 +1.374859493e-01 +1.936748595e+01 +1.936748595e+01
379411 0 +1.252855337e-01 +1.935528553e+01 +1.935528553e+01
379460 0 +1.098063554e-01 +1.933980636e+01 +1.933980636e+01
379471 0 +9.814380388e-02 +1.932814380e+01 +1.932814380e+01
379557 0 +8.838152233e-02 +1.931838152e+01 +1.931838152e+01
379751 0 +7.922369441e-02 +1.930922369e+01 +1.930922369e+01
379776 0 +6.993318493e-02 +1.929993318e+01 +1.929993318e+01
379937 0 +6.289989781e-02 +1.929289990e+01 +1.929289990e+01
380031 0 +5.548689913e-02 +1.928548690e+01 +1.928548690e+01
380442 0 +5.010790094e-02 +1.928010790e+01 +1.928010790e+01
380930 0 +4.431522209e-02 +1.927431522e+01 +1.927431522e+01
400000 0 +4.183978922e-02 +1.927183979e+01 +1.927183979e+01
% f evaluations | g evaluations | best noise-free fitness - Fopt (7.046300000000e+02) + sum g_i+ | measured fitness | best measured fitness or single-digit g-values | x1 | x2...
1 0 +2.978326180e+03 +3.682956180e+03 +3.682956180e+03
260 0 +2.898147636e+03 +3.602777636e+03 +3.602777636e+03
282 0 +2.788103862e+03 +3.492733862e+03 +3.492733862e+03
43998 0 +2.507174496e+03 +3.211804496e+03 +3.211804496e+03
102820 0 +2.233545724e+03 +2.938175724e+03 +2.938175724e+03
102842 0 +1.969651574e+03 +2.674281574e+03 +2.674281574e+03
102854 0 +1.757420408e+03 +2.462050408e+03 +2.462050408e+03
102868 0 +1.580108883e+03 +2.284738883e+03 +2.284738883e+03
102885 0 +1.392997084e+03 +2.097627084e+03 +2.097627084e+03
102906 0 +1.252410816e+03 +1.957040816e+03 +1.957040816e+03
102925 0 +1.092759816e+03 +1.797389816e+03 +1.797389816e+03
102937 0 +9.984692286e+02 +1.703099229e+03 +1.703099229e+03
102948 0 +8.843113629e+02 +1.588941363e+03 +1.588941363e+03
102958 0 +7.628612378e+02 +1.467491238e+03 +1.467491238e+03
102969 0 +6.993000434e+02 +1.403930043e+03 +1.403930043e+03
102991 0 +6.253339030e+02 +1.329963903e+03 +1.329963903e+03
103015 0 +5.370246272e+02 +1.241654627e+03 +1.241654627e+03
103023 0 +4.967113284e+02 +1.201341328e+03 +1.201341328e+03
103032 0 +4.454150022e+02 +1.150045002e+03 +1.150045002e+03
103063 0 +3.775602574e+02 +1.082190257e+03 +1.082190257e+03
103070 0 +3.295497573e+02 +1.034179757e+03 +1.034179757e+03
103132 0 +2.997393701e+02 +1.004369370e+03 +1.004369370e+03
103136 0 +2.796712721e+02 +9.843012721e+02 +9.843012721e+02
103316 0 +2.445388591e+02 +9.491688591e+02 +9.491688591e+02
103360 0 +2.211123763e+02 +9.257423763e+02 +9.257423763e+02
103383 0 +1.935762956e+02 +8.982062956e+02 +8.982062956e+02
103466 0 +1.620387349e+02 +8.666687349e+02 +8.666687349e+02
103606 0 +1.579134237e+02 +8.625434237e+02 +8.625434237e+02
103615 0 +1.411191082e+02 +8.457491082e+02 +8.457491082e+02
103643 0 +1.258887235e+02 +8.305187235e+02 +8.305187235e+02
103674 0 +1.106699562e+02 +8.152999562e+02 +8.152999562e+02
103730 0 +9.713089799e+01 +8.017608980e+02 +8.017608980e+02
103759 0 +8.396540097e+01 +7.885954010e+02 +7.885954010e+02
104004 0 +7.889561836e+01 +7.835256184e+02 +7.835256184e+02
104026 0 +7.029714555e+01 +7.749271455e+02 +7.749271455e+02
104034 0 +6.273781711e+01 +7.673678171e+02 +7.673678171e+02
104051 0 +5.316770658e+01 +7.577977066e+02 +7.577977066e+02
104077 0 +4.750424345e+01 +7.521342435e+02 +7.521342435e+02
104107 0 +4.446600571e+01 +7.490960057e+02 +7.490960057e+02
104251 0 +3.855786491e+01 +7.431878649e+02 +7.431878649e+02
104415 0 +3.525282427e+01 +7.398828243e+02 +7.398828243e+02
104425 0 +3.102241168e+01 +7.356524117e+02 +7.356524117e+02
104448 0 +2.811364861e+01 +7.327436486e+02 +7.327436486e+02
104492 0 +2.412902336e+01 +7.287590234e+02 +7.287590234e+02
104607 0 +2.208797386e+01 +7.267179739e+02 +7.267179739e+02
104740 0 +1.965791075e+01 +7.242879107e+02 +7.242879107e+02
104766 0 +1.775971735e+01 +7.223897174e+02 +7.223897174e+02
104787 0 +1.564162628e+01 +7.202716263e+02 +7.202716263e+02
104792 0 +1.397600060e+01 +7.186060006e+02 +7.186060006e+02
104861 0 +1.226750794e+01 +7.168975079e+02 +7.168975079e+02
104949 0 +1.113083691e+01 +7.157608369e+02 +7.157608369e+02
105128 0 +9.779022445e+00 +7.144090224e+02 +7.144090224e+02
105158 0 +8.871510207e+00 +7.135015102e+02 +7.135015102e+02
105174 0 +7.632467187e+00 +7.122624672e+02 +7.122624672e+02
105196 0 +6.348290917e+00 +7.109782909e+02 +7.109782909e+02
105216 0 +6.242898686e+00 +7.108728987e+02 +7.108728987e+02
105231 0 +5.253745818e+00 +7.098837458e+02 +7.098837458e+02
105368 0 +4.965524455e+00 +7.095955245e+02 +7.095955245e+02
105402 0 +4.373023435e+00 +7.090030234e+02 +7.090030234e+02
105428 0 +3.839518678e+00 +7.084695187e+02 +7.084695187e+02
105438 0 +3.385616509e+00 +7.080156165e+02 +7.080156165e+02
105440 0 +3.101420501e+00 +7.077314205e+02 +7.077314205e+02
105460 0 +2.768231762e+00 +7.073982318e+02 +7.073982318e+02
105497 0 +2.495578141e+00 +7.071255781e+02 +7.071255781e+02
105699 0 +2.221337081e+00 +7.068513371e+02 +7.068513371e+02
105716 0 +1.970865189e+00 +7.066008652e+02 +7.066008652e+02
105725 0 +1.771141631e+00 +7.064011416e+02 +7.064011416e+02
105790 0 +1.561083628e+00 +7.061910836e+02 +7.061910836e+02
105838 0 +1.408703515e+00 +7.060387035e+02 +7.060387035e+02
106064 0 +1.251102751e+00 +7.058811028e+02 +7.058811028e+02
106204 0 +1.121605568e+00 +7.057516056e+02 +7.057516056e+02
106223 0 +9.937245205e-01 +7.056237245e+02 +7.056237245e+02
106279 0 +8.572609197e-01 +7.054872609e+02 +7.054872609e+02
106376 0 +7.444755960e-01 +7.053744756e+02 +7.053744756e+02
106438 0 +7.054970983e-01 +7.053354971e+02 +7.053354971e+02
106567 0 +6.242105636e-01 +7.052542106e+02 +7.052542106e+02
106811 0 +5.552098162e-01 +7.051852098e+02 +7.051852098e+02
106847 0 +4.983711829e-01 +7.051283712e+02 +7.051283712e+02
106872 0 +4.234478011e-01 +7.050534478e+02 +7.050534478e+02
106943 0 +3.868966052e-01 +7.050168966e+02 +7.050168966e+02
107166 0 +3.532950177e-01 +7.049832950e+02 +7.049832950e+02
107292 0 +3.090724952e-01 +7.049390725e+02 +7.049390725e+02
107325 0 +2.748829809e-01 +7.049048830e+02 +7.049048830e+02
107336 0 +2.460010519e-01 +7.048760011e+02 +7.048760011e+02
107357 0 +2.230749050e-01 +7.048530749e+02 +7.048530749e+02
107411 0 +1.956262583e-01 +7.048256263e+02 +7.048256263e+02
107558 0 +1.772798925e-01 +7.048072799e+02 +7.048072799e+02
107724 0 +1.541882806e-01 +7.047841883e+02 +7.047841883e+02
107752 0 +1.386607803e-01 +7.047686608e+02 +7.047686608e+02
107761 0 +1.189085358e-01 +7.047489085e+02 +7.047489085e+02
107805 0 +1.114776861e-01 +7.047414777e+02 +7.047414777e+02
107824 0 +9.962711923e-02 +7.047296271e+02 +7.047296271e+02
107916 0 +8.556476972e-02 +7.047155648e+02 +7.047155648e+02
108019 0 +7.940469238e-02 +7.047094047e+02 +7.047094047e+02
108067 0 +6.942619268e-02 +7.046994262e+02 +7.046994262e+02
108073 0 +6.291185706e-02 +7.046929119e+02 +7.046929119e+02
108136 0 +5.536187706e-02 +7.046853619e+02 +7.046853619e+02
108357 0 +4.972558163e-02 +7.046797256e+02 +7.046797256e+02
108392 0 +4.412934202e-02 +7.046741293e+02 +7.046741293e+02
108433 0 +3.923282575e-02 +7.046692328e+02 +7.046692328e+02
108465 0 +3.474426536e-02 +7.046647443e+02 +7.046647443e+02
108527 0 +3.111588213e-02 +7.046611159e+02 +7.046611159e+02
108636 0 +2.700751451e-02 +7.046570075e+02 +7.046570075e+02
108748 0 +2.496315754e-02 +7.046549632e+02 +7.046549632e+02
108776 0 +2.208313378e-02 +7.046520831e+02 +7.046520831e+02
108877 0 +1.965707165e-02 +7.046496571e+02 +7.046496571e+02
109022 0 +1.762090299e-02 +7.046476209e+02 +7.046476209e+02
109162 0 +1.581952369e-02 +7.046458195e+02 +7.046458195e+02
109195 0 +1.403599655e-02 +7.046440360e+02 +7.046440360e+02
109426 0 +1.257007075e-02 +7.046425701e+02 +7.046425701e+02
109726 0 +1.120639031e-02 +7.046412064e+02 +7.046412064e+02
110247 0 +9.958828847e-03 +7.046399588e+02 +7.046399588e+02
129739 0 +8.633264597e-03 +7.046386333e+02 +7.046386333e+02
129912 0 +7.866368217e-03 +7.046378664e+02 +7.046378664e+02
130057 0 +7.036310287e-03 +7.046370363e+02 +7.046370363e+02
130073 0 +6.118720660e-03 +7.046361187e+02 +7.046361187e+02
130288 0 +5.577156596e-03 +7.046355772e+02 +7.046355772e+02
130320 0 +4.999718794e-03 +7.046349997e+02 +7.046349997e+02
130589 0 +4.463093604e-03 +7.046344631e+02 +7.046344631e+02
130644 0 +3.926202314e-03 +7.046339262e+02 +7.046339262e+02
131028 0 +3.510853732e-03 +7.046335109e+02 +7.046335109e+02
131923 0 +3.161190536e-03 +7.046331612e+02 +7.046331612e+02
385289 0 +2.764571405e-03 +7.046327646e+02 +7.046327646e+02
385486 0 +2.506324735e-03 +7.046325063e+02 +7.046325063e+02
385504 0 +2.195689868e-03 +7.046321957e+02 +7.046321957e+02
385517 0 +1.831811043e-03 +7.046318318e+02 +7.046318318e+02
385528 0 +1.749265369e-03 +7.046317493e+02 +7.046317493e+02
385595 0 +1.582421921e-03 +7.046315824e+02 +7.046315824e+02
385657 0 +1.377252293e-03 +7.046313773e+02 +7.046313773e+02
385895 0 +1.250084069e-03 +7.046312501e+02 +7.046312501e+02
385917 0 +1.064091948e-03 +7.046310641e+02 +7.046310641e+02
385923 0 +9.870635914e-04 +7.046309871e+02 +7.046309871e+02
385952 0 +8.744168149e-04 +7.046308744e+02 +7.046308744e+02
386338 0 +7.886602247e-04 +7.046307887e+02 +7.046307887e+02
386368 0 +7.046860331e-04 +7.046307047e+02 +7.046307047e+02
386403 0 +6.193387028e-04 +7.046306193e+02 +7.046306193e+02
386409 0 +5.336578910e-04 +7.046305337e+02 +7.046305337e+02
386415 0 +4.932421170e-04 +7.046304932e+02 +7.046304932e+02
386550 0 +4.458864004e-04 +7.046304459e+02 +7.046304459e+02
386748 0 +3.777228404e-04 +7.046303777e+02 +7.046303777e+02
386904 0 +3.496130386e-04 +7.046303496e+02 +7.046303496e+02
386987 0 +3.067133243e-04 +7.046303067e+02 +7.046303067e+02
387016 0 +2.816217374e-04 +7.046302816e+02 +7.046302816e+02
387065 0 +2.347652926e-04 +7.046302348e+02 +7.046302348e+02
387300 0 +2.235373921e-04 +7.046302235e+02 +7.046302235e+02
387375 0 +1.991436715e-04 +7.046301991e+02 +7.046301991e+02
387700 0 +1.770107147e-04 +7.046301770e+02 +7.046301770e+02
387770 0 +1.539706559e-04 +7.046301540e+02 +7.046301540e+02
388059 0 +1.405013281e-04 +7.046301405e+02 +7.046301405e+02
388348 0 +1.258098830e-04 +7.046301258e+02 +7.046301258e+02
388796 0 +1.120883851e-04 +7.046301121e+02 +7.046301121e+02
400000 0 +1.040004989e-04 +7.046301040e+02 +7.046301040e+02
% f evaluations | g evaluations | best noise-free fitness - Fopt (1.011200000000e+02) + sum g_i+ | measured fitness | best measured fitness or single-digit g-values | x1 | x2...
1 0 +2.964789940e+03 +3.065909940e+03 +3.065909940e+03
180 0 +2.917430431e+03 +3.018550431e+03 +3.018550431e+03
271 0 +2.804585873e+03 +2.905705873e+03 +2.905705873e+03
44384 0 +2.500769931e+03 +2.601889931e+03 +2.601889931e+03
102825 0 +2.224188195e+03 +2.325308195e+03 +2.325308195e+03
102842 0 +1.963674904e+03 +2.064794904e+03 +2.064794904e+03
102853 0 +1.767788771e+03 +1.868908771e+03 +1.868908771e+03
102865 0 +1.579526467e+03 +1.680646467e+03 +1.680646467e+03
102876 0 +1.386490507e+03 +1.487610507e+03 +1.487610507e+03
102903 0 +1.251037150e+03 +1.352157150e+03 +1.352157150e+03
102915 0 +1.121613753e+03 +1.222733753e+03 +1.222733753e+03
102930 0 +9.859370866e+02 +1.087057087e+03 +1.087057087e+03
102945 0 +8.770768435e+02 +9.781968435e+02 +9.781968435e+02
102954 0 +7.775370975e+02 +8.786570975e+02 +8.786570975e+02
102976 0 +6.747063711e+02 +7.758263711e+02 +7.758263711e+02
102979 0 +6.295792121e+02 +7.306992121e+02 +7.306992121e+02
102987 0 +5.546451443e+02 +6.557651443e+02 +6.557651443e+02
103010 0 +4.855435353e+02 +5.866635353e+02 +5.866635353e+02
103042 0 +4.313226427e+02 +5.324426427e+02 +5.324426427e+02
103065 0 +3.878868799e+02 +4.890068799e+02 +4.890068799e+02
103070 0 +3.298721723e+02 +4.309921723e+02 +4.309921723e+02
103109 0 +3.140842936e+02 +4.152042936e+02 +4.152042936e+02
103300 0 +2.742401304e+02 +3.753601304e+02 +3.753601304e+02
103324 0 +2.499010329e+02 +3.510210329e+02 +3.510210329e+02
103387 0 +2.226328229e+02 +3.237528229e+02 +3.237528229e+02
103539 0 +1.989539467e+02 +3.000739467e+02 +3.000739467e+02
103570 0 +1.776798937e+02 +2.787998937e+02 +2.787998937e+02
103591 0 +1.549188445e+02 +2.560388445e+02 +2.560388445e+02
103599 0 +1.343028917e+02 +2.354228917e+02 +2.354228917e+02
103608 0 +1.146209016e+02 +2.157409016e+02 +2.157409016e+02
103625 0 +1.075352907e+02 +2.086552907e+02 +2.086552907e+02
103636 0 +9.738907483e+01 +1.985090748e+02 +1.985090748e+02
103757 0 +8.749651431e+01 +1.886165143e+02 +1.886165143e+02
104007 0 +7.760292588e+01 +1.787229259e+02 +1.787229259e+02
104037 0 +6.839897662e+01 +1.695189766e+02 +1.695189766e+02
104063 0 +6.270066174e+01 +1.638206617e+02 +1.638206617e+02
104107 0 +5.604291080e+01 +1.571629108e+02 +1.571629108e+02
104231 0 +4.885302692e+01 +1.499730269e+02 +1.499730269e+02
104363 0 +4.305485858e+01 +1.441748586e+02 +1.441748586e+02
104395 0 +3.879623030e+01 +1.399162303e+02 +1.399162303e+02
104440 0 +3.540465062e+01 +1.365246506e+02 +1.365246506e+02
104505 0 +3.077216793e+01 +1.318921679e+02 +1.318921679e+02
104534 0 +2.816536196e+01 +1.292853620e+02 +1.292853620e+02
104747 0 +2.511051152e+01 +1.262305115e+02 +1.262305115e+02
104756 0 +2.198272266e+01 +1.231027227e+02 +1.231027227e+02
104784 0 +1.963589027e+01 +1.207558903e+02 +1.207558903e+02
104797 0 +1.694550925e+01 +1.180655093e+02 +1.180655093e+02
105047 0 +1.558933105e+01 +1.167093310e+02 +1.167093310e+02
105092 0 +1.390743965e+01 +1.150274397e+02 +1.150274397e+02
105146 0 +1.255672091e+01 +1.136767209e+02 +1.136767209e+02
105538 0 +1.120019183e+01 +1.123201918e+02 +1.123201918e+02
105632 0 +9.958718512e+00 +1.110787185e+02 +1.110787185e+02
105929 0 +8.885585615e+00 +1.100055856e+02 +1.100055856e+02
106014 0 +7.911682372e+00 +1.090316824e+02 +1.090316824e+02
106517 0 +7.071632783e+00 +1.081916328e+02 +1.081916328e+02
125559 0 +6.263870105e+00 +1.073838701e+02 +1.073838701e+02
125588 0 +5.383529566e+00 +1.065035296e+02 +1.065035296e+02
125618 0 +4.983931972e+00 +1.061039320e+02 +1.061039320e+02
125768 0 +4.448842407e+00 +1.055688424e+02 +1.055688424e+02
126119 0 +3.975062622e+00 +1.050950626e+02 +1.050950626e+02
126165 0 +3.501244004e+00 +1.046212440e+02 +1.046212440e+02
126196 0 +3.118704830e+00 +1.042387048e+02 +1.042387048e+02
126272 0 +2.802860143e+00 +1.039228601e+02 +1.039228601e+02
126531 0 +2.480229766e+00 +1.036002298e+02 +1.036002298e+02
126567 0 +2.208762455e+00 +1.033287625e+02 +1.033287625e+02
126882 0 +1.977869447e+00 +1.030978694e+02 +1.030978694e+02
127173 0 +1.775698154e+00 +1.028956982e+02 +1.028956982e+02
127882 0 +1.582890415e+00 +1.027028904e+02 +1.027028904e+02
251373 0 +1.399681120e+00 +1.025196811e+02 +1.025196811e+02
251571 0 +1.242911661e+00 +1.023629117e+02 +1.023629117e+02
251599 0 +1.098406830e+00 +1.022184068e+02 +1.022184068e+02
251615 0 +9.760505704e-01 +1.020960506e+02 +1.020960506e+02
251627 0 +8.826747829e-01 +1.020026748e+02 +1.020026748e+02
251637 0 +7.847434981e-01 +1.019047435e+02 +1.019047435e+02
251694 0 +7.075958577e-01 +1.018275959e+02 +1.018275959e+02
251876 0 +6.221955903e-01 +1.017421956e+02 +1.017421956e+02
251913 0 +5.612314594e-01 +1.016812315e+02 +1.016812315e+02
251921 0 +4.924044410e-01 +1.016124044e+02 +1.016124044e+02
251924 0 +4.433395381e-01 +1.015633395e+02 +1.015633395e+02
251961 0 +3.672987738e-01 +1.014872988e+02 +1.014872988e+02
252007 0 +3.464607176e-01 +1.014664607e+02 +1.014664607e+02
252166 0 +3.102961971e-01 +1.014302962e+02 +1.014302962e+02
252454 0 +2.787062770e-01 +1.013987063e+02 +1.013987063e+02
252749 0 +2.469798843e-01 +1.013669799e+02 +1.013669799e+02
252929 0 +2.202357426e-01 +1.013402357e+02 +1.013402357e+02
252970 0 +1.971752003e-01 +1.013171752e+02 +1.013171752e+02
253073 0 +1.774692081e-01 +1.012974692e+02 +1.012974692e+02
253262 0 +1.558719720e-01 +1.012758720e+02 +1.012758720e+02
253369 0 +1.407577071e-01 +1.012607577e+02 +1.012607577e+02
253947 0 +1.253260103e-01 +1.012453260e+02 +1.012453260e+02
254039 0 +1.121933481e-01 +1.012321933e+02 +1.012321933e+02
254532 0 +9.973826126e-02 +1.012197383e+02 +1.012197383e+02
400000 0 +9.050657067e-02 +1.012105066e+02 +1.012105066e+02
% f evaluations | g evaluations | best noise-free fitness - Fopt (-1.000000000000e+03) + sum g_i+ | measured fitness | best measured fitness or single-digit g-values | x1 | x2...
1 0 +3.668787318e+03 +2.668787318e+03 +2.668787318e+03
2 0 +3.611996242e+03 +2.611996242e+03 +2.611996242e+03
6 0 +3.455014353e+03 +2.455014353e+03 +2.455014353e+03
102808 0 +3.151713967e+03 +2.151713967e+03 +2.151713967e+03
102834 0 +2.808796581e+03 +1.808796581e+03 +1.808796581e+03
102852 0 +2.498322704e+03 +1.498322704e+03 +1.498322704e+03
102870 0 +2.229994814e+03 +1.229994814e+03 +1.229994814e+03
102892 0 +1.964045713e+03 +9.640457129e+02 +9.640457129e+02
102907 0 +1.777343896e+03 +7.773438959e+02 +7.773438959e+02
102925 0 +1.557045645e+03 +5.570456449e+02 +5.570456449e+02
102944 0 +1.400410850e+03 +4.004108499e+02 +4.004108499e+02
102955 0 +1.256810931e+03 +2.568109307e+02 +2.568109307e+02
102964 0 +1.107652484e+03 +1.076524839e+02 +1.076524839e+02
102984 0 +9.677718123e+02 -3.222818772e+01 -3.222818772e+01
102989 0 +8.669531749e+02 -1.330468251e+02 -1.330468251e+02
103014 0 +7.890329513e+02 -2.109670487e+02 -2.109670487e+02
103033 0 +7.017930153e+02 -2.982069847e+02 -2.982069847e+02
103038 0 +6.170187937e+02 -3.829812063e+02 -3.829812063e+02
103049 0 +5.552471812e+02 -4.447528188e+02 -4.447528188e+02
103080 0 +4.772923011e+02 -5.227076989e+02 -5.227076989e+02
103101 0 +4.411846844e+02 -5.588153156e+02 -5.588153156e+02
103160 0 +3.921506876e+02 -6.078493124e+02 -6.078493124e+02
103250 0 +3.428656771e+02 -6.571343229e+02 -6.571343229e+02
103317 0 +3.144553729e+02 -6.855446271e+02 -6.855446271e+02
103542 0 +2.797554622e+02 -7.202445378e+02 -7.202445378e+02
103563 0 +2.409958479e+02 -7.590041521e+02 -7.590041521e+02
103589 0 +2.181246328e+02 -7.818753672e+02 -7.818753672e+02
103601 0 +1.968551734e+02 -8.031448266e+02 -8.031448266e+02
103638 0 +1.727434696e+02 -8.272565304e+02 -8.272565304e+02
103658 0 +1.560543544e+02 -8.439456456e+02 -8.439456456e+02
103923 0 +1.403326266e+02 -8.596673734e+02 -8.596673734e+02
103937 0 +1.228776615e+02 -8.771223385e+02 -8.771223385e+02
103948 0 +1.114088283e+02 -8.885911717e+02 -8.885911717e+02
104006 0 +9.535454565e+01 -9.046454543e+02 -9.046454543e+02
104027 0 +8.666777068e+01 -9.133322293e+02 -9.133322293e+02
104047 0 +7.825754607e+01 -9.217424539e+02 -9.217424539e+02
104208 0 +7.024513018e+01 -9.297548698e+02 -9.297548698e+02
104237 0 +6.154686263e+01 -9.384531374e+02 -9.384531374e+02
104254 0 +5.551303590e+01 -9.444869641e+02 -9.444869641e+02
104289 0 +4.973812165e+01 -9.502618784e+02 -9.502618784e+02
104453 0 +4.426558953e+01 -9.557344105e+02 -9.557344105e+02
104474 0 +3.802776907e+01 -9.619722309e+02 -9.619722309e+02
104477 0 +3.243230209e+01 -9.675676979e+02 -9.675676979e+02
104492 0 +3.132971426e+01 -9.686702857e+02 -9.686702857e+02
104543 0 +2.795813816e+01 -9.720418618e+02 -9.720418618e+02
104669 0 +2.481874716e+01 -9.751812528e+02 -9.751812528e+02
104731 0 +2.209580596e+01 -9.779041940e+02 -9.779041940e+02
104735 0 +1.889706709e+01 -9.811029329e+02 -9.811029329e+02
104898 0 +1.728503806e+01 -9.827149619e+02 -9.827149619e+02
104923 0 +1.460335686e+01 -9.853966431e+02 -9.853966431e+02
104935 0 +1.392357695e+01 -9.860764230e+02 -9.860764230e+02
104956 0 +1.081681558e+01 -9.891831844e+02 -9.891831844e+02
105019 0 +9.754279496e+00 -9.902457205e+02 -9.902457205e+02
105131 0 +8.829833604e+00 -9.911701664e+02 -9.911701664e+02
105150 0 +7.883410162e+00 -9.921165898e+02 -9.921165898e+02
105190 0 +6.866149259e+00 -9.931338507e+02 -9.931338507e+02
105233 0 +5.997592795e+00 -9.940024072e+02 -9.940024072e+02
105308 0 +5.508101695e+00 -9.944918983e+02 -9.944918983e+02
105471 0 +4.996943389e+00 -9.950030566e+02 -9.950030566e+02
105481 0 +4.331600796e+00 -9.956683992e+02 -9.956683992e+02
105501 0 +3.871326970e+00 -9.961286730e+02 -9.961286730e+02
105576 0 +3.371999340e+00 -9.966280007e+02 -9.966280007e+02
105701 0 +3.160267237e+00 -9.968397328e+02 -9.968397328e+02
105731 0 +2.817950585e+00 -9.971820494e+02 -9.971820494e+02
105769 0 +2.506049118e+00 -9.974939509e+02 -9.974939509e+02
105790 0 +2.129688159e+00 -9.978703118e+02 -9.978703118e+02
105931 0 +1.976694250e+00 -9.980233057e+02 -9.980233057e+02
105966 0 +1.741077490e+00 -9.982589225e+02 -9.982589225e+02
105993 0 +1.568924698e+00 -9.984310753e+02 -9.984310753e+02
106078 0 +1.409524745e+00 -9.985904753e+02 -9.985904753e+02
106279 0 +1.251344788e+00 -9.987486552e+02 -9.987486552e+02
106337 0 +1.102487206e+00 -9.988975128e+02 -9.988975128e+02
106616 0 +9.947522292e-01 -9.990052478e+02 -9.990052478e+02
106769 0 +8.876803247e-01 -9.991123197e+02 -9.991123197e+02
107331 0 +7.917214556e-01 -9.992082785e+02 -9.992082785e+02
125969 0 +6.888559286e-01 -9.993111441e+02 -9.993111441e+02
126114 0 +6.208040245e-01 -9.993791960e+02 -9.993791960e+02
126139 0 +5.385065626e-01 -9.994614934e+02 -9.994614934e+02
126144 0 +4.853993361e-01 -9.995146007e+02 -9.995146007e+02
126152 0 +4.093360703e-01 -9.995906639e+02 -9.995906639e+02
126154 0 +3.736928602e-01 -9.996263071e+02 -9.996263071e+02
126210 0 +3.488718284e-01 -9.996511282e+02 -9.996511282e+02
126488 0 +3.136147507e-01 -9.996863852e+02 -9.996863852e+02
126514 0 +2.779891987e-01 -9.997220108e+02 -9.997220108e+02
126532 0 +2.425285663e-01 -9.997574714e+02 -9.997574714e+02
126540 0 +2.204876729e-01 -9.997795123e+02 -9.997795123e+02
126544 0 +1.991010961e-01 -9.998008989e+02 -9.998008989e+02
126605 0 +1.774856214e-01 -9.998225144e+02 -9.998225144e+02
126713 0 +1.442028378e-01 -9.998557972e+02 -9.998557972e+02
126756 0 +1.396828842e-01 -9.998603171e+02 -9.998603171e+02
126978 0 +1.219011507e-01 -9.998780988e+02 -9.998780988e+02
126996 0 +1.035324453e-01 -9.998964676e+02 -9.998964676e+02
127004 0 +9.953447371e-02 -9.999004655e+02 -9.999004655e+02
127074 0 +8.903957559e-02 -9.999109604e+02 -9.999109604e+02
127172 0 +7.838910989e-02 -9.999216109e+02 -9.999216109e+02
127312 0 +6.928882122e-02 -9.999307112e+02 -9.999307112e+02
127340 0 +5.940962958e-02 -9.999405904e+02 -9.999405904e+02
127353 0 +5.474711389e-02 -9.999452529e+02 -9.999452529e+02
127424 0 +4.685109149e-02 -9.999531489e+02 -9.999531489e+02
127466 0 +4.265651116e-02 -9.999573435e+02 -9.999573435e+02
127611 0 +3.919106144e-02 -9.999608089e+02 -9.999608089e+02
127631 0 +3.487186582e-02 -9.999651281e+02 -9.999651281e+02
127669 0 +2.981505658e-02 -9.999701849e+02 -9.999701849e+02
127683 0 +2.705931089e-02 -9.999729407e+02 -9.999729407e+02
127703 0 +2.381312445e-02 -9.999761869e+02 -9.999761869e+02
127723 0 +2.025290947e-02 -9.999797471e+02 -9.999797471e+02
127734 0 +1.914648389e-02 -9.999808535e+02 -9.999808535e+02
127866 0 +1.738571698e-02 -9.999826143e+02 -9.999826143e+02
127893 0 +1.559002975e-02 -9.999844100e+02 -9.999844100e+02
127923 0 +1.408946189e-02 -9.999859105e+02 -9.999859105e+02
127987 0 +1.247111301e-02 -9.999875289e+02 -9.999875289e+02
128024 0 +1.026425086e-02 -9.999897357e+02 -9.999897357e+02
128178 0 +9.966929344e-03 -9.999900331e+02 -9.999900331e+02
128215 0 +8.703450592e-03 -9.999912965e+02 -9.999912965e+02
128263 0 +7.771587884e-03 -9.999922284e+02 -9.999922284e+02
128303 0 +7.025849998e-03 -9.999929742e+02 -9.999929742e+02
128602 0 +6.283868251e-03 -9.999937161e+02 -9.999937161e+02
128625 0 +5.623324633e-03 -9.999943767e+02 -9.999943767e+02
128633 0 +4.893849352e-03 -9.999951062e+02 -9.999951062e+02
128656 0 +4.256200277e-03 -9.999957438e+02 -9.999957438e+02
128679 0 +3.734612475e-03 -9.999962654e+02 -9.999962654e+02
128701 0 +3.546992395e-03 -9.999964530e+02 -9.999964530e+02
128981 0 +3.153641202e-03 -9.999968464e+02 -9.999968464e+02
129022 0 +2.751361346e-03 -9.999972486e+02 -9.999972486e+02
129068 0 +2.480013575e-03 -9.999975200e+02 -9.999975200e+02
129194 0 +2.197287135e-03 -9.999978027e+02 -9.999978027e+02
129336 0 +1.962248960e-03 -9.999980378e+02 -9.999980378e+02
129359 0 +1.771356524e-03 -9.999982286e+02 -9.999982286e+02
129430 0 +1.559758103e-03 -9.999984402e+02 -9.999984402e+02
129790 0 +1.384926898e-03 -9.999986151e+02 -9.999986151e+02
129892 0 +1.255283862e-03 -9.999987447e+02 -9.999987447e+02
130176 0 +1.111880173e-03 -9.999988881e+02 -9.999988881e+02
130478 0 +9.994411531e-04 -9.999990006e+02 -9.999990006e+02
400000 0 +9.123268349e-04 -9.999990877e+02 -9.999990877e+02
% f evaluations | g evaluations | best noise-free fitness - Fopt (2.577000000000e+01) + sum g_i+ | measured fitness | best measured fitness or single-digit g-values | x1 | x2...
1 0 +2.807598657e+03 +2.833368657e+03 +2.833368657e+03
59 0 +2.780353899e+03 +2.806123899e+03 +2.806123899e+03
2629 0 +2.454765256e+03 +2.480535256e+03 +2.480535256e+03
102808 0 +2.214084213e+03 +2.239854213e+03 +2.239854213e+03
102823 0 +1.978027957e+03 +2.003797957e+03 +2.003797957e+03
102839 0 +1.769515686e+03 +1.795285686e+03 +1.795285686e+03
102865 0 +1.569001883e+03 +1.594771883e+03 +1.594771883e+03
102875 0 +1.390375609e+03 +1.416145609e+03 +1.416145609e+03
102882 0 +1.243915658e+03 +1.269685658e+03 +1.269685658e+03
102891 0 +1.111479176e+03 +1.137249176e+03 +1.137249176e+03
102906 0 +9.966638967e+02 +1.022433897e+03 +1.022433897e+03
102938 0 +8.880370220e+02 +9.138070220e+02 +9.138070220e+02
102952 0 +7.590942831e+02 +7.848642831e+02 +7.848642831e+02
102958 0 +7.036543843e+02 +7.294243843e+02 +7.294243843e+02
102971 0 +6.206462344e+02 +6.464162344e+02 +6.464162344e+02
103020 0 +5.613052763e+02 +5.870752763e+02 +5.870752763e+02
103041 0 +4.993787477e+02 +5.251487477e+02 +5.251487477e+02
103086 0 +4.438068584e+02 +4.695768584e+02 +4.695768584e+02
103136 0 +3.592714781e+02 +3.850414781e+02 +3.850414781e+02
103142 0 +3.544066356e+02 +3.801766356e+02 +3.801766356e+02
103393 0 +2.939117804e+02 +3.196817804e+02 +3.196817804e+02
103418 0 +2.403619573e+02 +2.661319573e+02 +2.661319573e+02
103429 0 +2.123583575e+02 +2.381283575e+02 +2.381283575e+02
103479 0 +1.898214851e+02 +2.155914851e+02 +2.155914851e+02
103553 0 +1.753541042e+02 +2.011241042e+02 +2.011241042e+02
103578 0 +1.582044461e+02 +1.839744461e+02 +1.839744461e+02
103729 0 +1.403398137e+02 +1.661098137e+02 +1.661098137e+02
103870 0 +1.239082184e+02 +1.496782184e+02 +1.496782184e+02
103894 0 +1.097444675e+02 +1.355144675e+02 +1.355144675e+02
103909 0 +9.800285706e+01 +1.237728571e+02 +1.237728571e+02
103914 0 +8.867048221e+01 +1.144404822e+02 +1.144404822e+02
104095 0 +7.759703868e+01 +1.033670387e+02 +1.033670387e+02
104127 0 +6.957809959e+01 +9.534809959e+01 +9.534809959e+01
104142 0 +6.157054706e+01 +8.734054706e+01 +8.734054706e+01
104147 0 +5.457204749e+01 +8.034204749e+01 +8.034204749e+01
104180 0 +4.975140206e+01 +7.552140206e+01 +7.552140206e+01
104220 0 +4.278265436e+01 +6.855265436e+01 +6.855265436e+01
104492 0 +3.976042348e+01 +6.553042348e+01 +6.553042348e+01
104523 0 +3.369913833e+01 +5.946913833e+01 +5.946913833e+01
104536 0 +3.074197885e+01 +5.651197885e+01 +5.651197885e+01
104571 0 +2.775593953e+01 +5.352593953e+01 +5.352593953e+01
104626 0 +2.499790292e+01 +5.076790292e+01 +5.076790292e+01
104922 0 +2.206192268e+01 +4.783192268e+01 +4.783192268e+01
104937 0 +1.924261182e+01 +4.501261182e+01 +4.501261182e+01
104965 0 +1.707622860e+01 +4.284622860e+01 +4.284622860e+01
105015 0 +1.569305988e+01 +4.146305988e+01 +4.146305988e+01
105157 0 +1.404087944e+01 +3.981087944e+01 +3.981087944e+01
105201 0 +1.215113344e+01 +3.792113344e+01 +3.792113344e+01
105267 0 +1.101719928e+01 +3.678719928e+01 +3.678719928e+01
105423 0 +9.888394387e+00 +3.565839439e+01 +3.565839439e+01
105736 0 +8.691541896e+00 +3.446154190e+01 +3.446154190e+01
105869 0 +7.933960070e+00 +3.370396007e+01 +3.370396007e+01
106137 0 +6.961146123e+00 +3.273114612e+01 +3.273114612e+01
106538 0 +6.283076849e+00 +3.205307685e+01 +3.205307685e+01
106991 0 +5.614276512e+00 +3.138427651e+01 +3.138427651e+01
128401 0 +5.006432163e+00 +3.077643216e+01 +3.077643216e+01
128839 0 +4.432578446e+00 +3.020257845e+01 +3.020257845e+01
129576 0 +3.940540816e+00 +2.971054082e+01 +2.971054082e+01
131093 0 +3.547217335e+00 +2.931721733e+01 +2.931721733e+01
150426 0 +3.139301392e+00 +2.890930139e+01 +2.890930139e+01
150544 0 +2.817350772e+00 +2.858735077e+01 +2.858735077e+01
150853 0 +2.501550742e+00 +2.827155074e+01 +2.827155074e+01
150892 0 +2.173406412e+00 +2.794340641e+01 +2.794340641e+01
150955 0 +1.984773876e+00 +2.775477388e+01 +2.775477388e+01
151271 0 +1.769764240e+00 +2.753976424e+01 +2.753976424e+01
151648 0 +1.582906389e+00 +2.735290639e+01 +2.735290639e+01
152450 0 +1.411020122e+00 +2.718102012e+01 +2.718102012e+01
336761 0 +1.216287794e+00 +2.698628779e+01 +2.698628779e+01
336982 0 +1.106720691e+00 +2.687672069e+01 +2.687672069e+01
337036 0 +9.992732926e-01 +2.676927329e+01 +2.676927329e+01
337058 0 +8.849087186e-01 +2.665490872e+01 +2.665490872e+01
337260 0 +7.900006852e-01 +2.656000069e+01 +2.656000069e+01
337426 0 +7.026357487e-01 +2.647263575e+01 +2.647263575e+01
337545 0 +6.008088495e-01 +2.637080885e+01 +2.637080885e+01
337823 0 +5.596482700e-01 +2.632964827e+01 +2.632964827e+01
338011 0 +4.973603794e-01 +2.626736038e+01 +2.626736038e+01
400000 0 +4.525654388e-01 +2.622256544e+01 +2.622256544e+01
% f evaluations | g evaluations | best noise-free fitness - Fopt (-1.150100000000e+02) + sum g_i+ | measured fitness | best measured fitness or single-digit g-values | x1 | x2...
1 0 +2.626199452e+03 +2.511189452e+03 +2.511189452e+03
3 0 +2.588144347e+03 +2.473134347e+03 +2.473134347e+03
5 0 +2.509522591e+03 +2.394512591e+03 +2.394512591e+03
46448 0 +2.235919373e+03 +2.120909373e+03 +2.120909373e+03
102833 0 +1.977634359e+03 +1.862624359e+03 +1.862624359e+03
102853 0 +1.776983084e+03 +1.661973084e+03 +1.661973084e+03
102867 0 +1.561133813e+03 +1.446123813e+03 +1.446123813e+03
102879 0 +1.356244519e+03 +1.241234519e+03 +1.241234519e+03
102913 0 +1.239950195e+03 +1.124940195e+03 +1.124940195e+03
102936 0 +1.116726379e+03 +1.001716379e+03 +1.001716379e+03
102941 0 +9.938288328e+02 +8.788188328e+02 +8.788188328e+02
102954 0 +8.887589443e+02 +7.737489443e+02 +7.737489443e+02
102959 0 +7.763170653e+02 +6.613070653e+02 +6.613070653e+02
103002 0 +7.064583183e+02 +5.914483183e+02 +5.914483183e+02
103021 0 +6.279688483e+02 +5.129588483e+02 +5.129588483e+02
103039 0 +5.226356877e+02 +4.076256877e+02 +4.076256877e+02
103053 0 +4.836807996e+02 +3.686707996e+02 +3.686707996e+02
103090 0 +4.436181311e+02 +3.286081311e+02 +3.286081311e+02
103104 0 +3.933773881e+02 +2.783673881e+02 +2.783673881e+02
103177 0 +3.479693121e+02 +2.329593121e+02 +2.329593121e+02
103206 0 +3.098132093e+02 +1.948032093e+02 +1.948032093e+02
103280 0 +2.742939828e+02 +1.592839828e+02 +1.592839828e+02
103398 0 +2.448971164e+02 +1.298871164e+02 +1.298871164e+02
103439 0 +2.151247589e+02 +1.001147589e+02 +1.001147589e+02
103493 0 +1.966275626e+02 +8.161756259e+01 +8.161756259e+01
103626 0 +1.692886015e+02 +5.427860154e+01 +5.427860154e+01
103665 0 +1.557198478e+02 +4.070984782e+01 +4.070984782e+01
103775 0 +1.359692961e+02 +2.095929606e+01 +2.095929606e+01
103803 0 +1.231638825e+02 +8.153882497e+00 +8.153882497e+00
103832 0 +1.006453493e+02 -1.436465074e+01 -1.436465074e+01
103833 0 +9.842751003e+01 -1.658248997e+01 -1.658248997e+01
104103 0 +8.692836401e+01 -2.808163599e+01 -2.808163599e+01
104118 0 +7.925066207e+01 -3.575933793e+01 -3.575933793e+01
104138 0 +6.905196821e+01 -4.595803179e+01 -4.595803179e+01
104147 0 +5.667897092e+01 -5.833102908e+01 -5.833102908e+01
104149 0 +5.445286613e+01 -6.055713387e+01 -6.055713387e+01
104168 0 +5.006315250e+01 -6.494684750e+01 -6.494684750e+01
104193 0 +4.395273633e+01 -7.105726367e+01 -7.105726367e+01
104409 0 +3.912303620e+01 -7.588696380e+01 -7.588696380e+01
104421 0 +3.413474949e+01 -8.087525051e+01 -8.087525051e+01
104442 0 +3.161723064e+01 -8.339276936e+01 -8.339276936e+01
104456 0 +2.779177911e+01 -8.721822089e+01 -8.721822089e+01
104475 0 +2.460067501e+01 -9.040932499e+01 -9.040932499e+01
104477 0 +2.120419488e+01 -9.380580512e+01 -9.380580512e+01
104523 0 +1.968075907e+01 -9.532924093e+01 -9.532924093e+01
104684 0 +1.754260128e+01 -9.746739872e+01 -9.746739872e+01
104705 0 +1.516555748e+01 -9.984444252e+01 -9.984444252e+01
104708 0 +1.399945629e+01 -1.010105437e+02 -1.010105437e+02
104752 0 +1.257412543e+01 -1.024358746e+02 -1.024358746e+02
104920 0 +1.079372064e+01 -1.042162794e+02 -1.042162794e+02
104930 0 +9.558069063e+00 -1.054519309e+02 -1.054519309e+02
104935 0 +8.074366027e+00 -1.069356340e+02 -1.069356340e+02
104953 0 +7.931661400e+00 -1.070783386e+02 -1.070783386e+02
105015 0 +7.058952122e+00 -1.079510479e+02 -1.079510479e+02
105213 0 +6.213301651e+00 -1.087966983e+02 -1.087966983e+02
105274 0 +5.358553836e+00 -1.096514462e+02 -1.096514462e+02
105323 0 +4.695213238e+00 -1.103147868e+02 -1.103147868e+02
105330 0 +4.420207176e+00 -1.105897928e+02 -1.105897928e+02
105534 0 +3.969185701e+00 -1.110408143e+02 -1.110408143e+02
105589 0 +3.483203123e+00 -1.115267969e+02 -1.115267969e+02
105627 0 +3.056410485e+00 -1.119535895e+02 -1.119535895e+02
105854 0 +2.796120004e+00 -1.122138800e+02 -1.122138800e+02
105916 0 +2.473648987e+00 -1.125363510e+02 -1.125363510e+02
106124 0 +2.225290008e+00 -1.127847100e+02 -1.127847100e+02
106299 0 +1.976898926e+00 -1.130331011e+02 -1.130331011e+02
107062 0 +1.775239808e+00 -1.132347602e+02 -1.132347602e+02
147060 0 +1.561335224e+00 -1.134486648e+02 -1.134486648e+02
147130 0 +1.399596010e+00 -1.136104040e+02 -1.136104040e+02
147352 0 +1.253892348e+00 -1.137561077e+02 -1.137561077e+02
147806 0 +1.121199701e+00 -1.138888003e+02 -1.138888003e+02
148816 0 +9.995091258e-01 -1.140104909e+02 -1.140104909e+02
188476 0 +8.596959518e-01 -1.141503040e+02 -1.141503040e+02
188582 0 +7.859149724e-01 -1.142240850e+02 -1.142240850e+02
188770 0 +6.741875732e-01 -1.143358124e+02 -1.143358124e+02
188867 0 +6.305624801e-01 -1.143794375e+02 -1.143794375e+02
189124 0 +5.598075611e-01 -1.144501924e+02 -1.144501924e+02
189514 0 +5.010776413e-01 -1.145089224e+02 -1.145089224e+02
270672 0 +4.355781011e-01 -1.145744219e+02 -1.145744219e+02
270737 0 +3.904402468e-01 -1.146195598e+02 -1.146195598e+02
270905 0 +3.538945397e-01 -1.146561055e+02 -1.146561055e+02
270914 0 +3.149037642e-01 -1.146950962e+02 -1.146950962e+02
270946 0 +2.807449052e-01 -1.147292551e+02 -1.147292551e+02
271002 0 +2.358016573e-01 -1.147741983e+02 -1.147741983e+02
271330 0 +2.197235015e-01 -1.147902765e+02 -1.147902765e+02
271356 0 +1.955830213e-01 -1.148144170e+02 -1.148144170e+02
271370 0 +1.753285028e-01 -1.148346715e+02 -1.148346715e+02
271395 0 +1.575679221e-01 -1.148524321e+02 -1.148524321e+02
271437 0 +1.374166777e-01 -1.148725833e+02 -1.148725833e+02
271524 0 +1.255902998e-01 -1.148844097e+02 -1.148844097e+02
271737 0 +1.112220617e-01 -1.148987779e+02 -1.148987779e+02
271760 0 +9.878039341e-02 -1.149112196e+02 -1.149112196e+02
271825 0 +8.895840029e-02 -1.149210416e+02 -1.149210416e+02
271967 0 +7.810947270e-02 -1.149318905e+02 -1.149318905e+02
272004 0 +6.989750631e-02 -1.149401025e+02 -1.149401025e+02
272237 0 +6.187003572e-02 -1.149481300e+02 -1.149481300e+02
272533 0 +5.613228324e-02 -1.149538677e+02 -1.149538677e+02
272873 0 +5.005034250e-02 -1.149599497e+02 -1.149599497e+02
400000 0 +4.672795688e-02 -1.149632720e+02 -1.149632720e+02
% f evaluations | g evaluations | best noise-free fitness - Fopt (2.556500000000e+02) + sum g_i+ | measured fitness | best measured fitness or single-digit g-values | x1 | x2...
1 0 +3.046648560e+03 +3.302298560e+03 +3.302298560e+03
12 0 +2.939522171e+03 +3.195172171e+03 +3.195172171e+03
526 0 +2.766950473e+03 +3.022600473e+03 +3.022600473e+03
82766 0 +2.490725999e+03 +2.746375999e+03 +2.746375999e+03
102831 0 +2.227924406e+03 +2.483574406e+03 +2.483574406e+03
102849 0 +1.982192532e+03 +2.237842532e+03 +2.237842532e+03
102863 0 +1.751486563e+03 +2.007136563e+03 +2.007136563e+03
102878 0 +1.523014054e+03 +1.778664054e+03 +1.778664054e+03
102892 0 +1.397263245e+03 +1.652913245e+03 +1.652913245e+03
102915 0 +1.230970865e+03 +1.486620865e+03 +1.486620865e+03
102929 0 +1.104643279e+03 +1.360293279e+03 +1.360293279e+03
102941 0 +9.783217189e+02 +1.233971719e+03 +1.233971719e+03
102953 0 +8.812792464e+02 +1.136929246e+03 +1.136929246e+03
102961 0 +7.810590822e+02 +1.036709082e+03 +1.036709082e+03
103000 0 +6.989918731e+02 +9.546418731e+02 +9.546418731e+02
103015 0 +6.288877948e+02 +8.845377948e+02 +8.845377948e+02
103023 0 +5.586843399e+02 +8.143343399e+02 +8.143343399e+02
103077 0 +4.986183829e+02 +7.542683829e+02 +7.542683829e+02
103094 0 +4.096770772e+02 +6.653270772e+02 +6.653270772e+02
103114 0 +3.877897933e+02 +6.434397933e+02 +6.434397933e+02
103134 0 +3.522351933e+02 +6.078851933e+02 +6.078851933e+02
103160 0 +3.124032620e+02 +5.680532620e+02 +5.680532620e+02
103337 0 +2.756404239e+02 +5.312904239e+02 +5.312904239e+02
103362 0 +2.470566618e+02 +5.027066618e+02 +5.027066618e+02
103396 0 +2.181263133e+02 +4.737763133e+02 +4.737763133e+02
103487 0 +1.900697311e+02 +4.457197311e+02 +4.457197311e+02
103684 0 +1.734939649e+02 +4.291439649e+02 +4.291439649e+02
103710 0 +1.581632444e+02 +4.138132444e+02 +4.138132444e+02
103767 0 +1.394520404e+02 +3.951020404e+02 +3.951020404e+02
103828 0 +1.202984189e+02 +3.759484189e+02 +3.759484189e+02
103909 0 +1.115317982e+02 +3.671817982e+02 +3.671817982e+02
104049 0 +9.982096369e+01 +3.554709637e+02 +3.554709637e+02
104416 0 +8.775431954e+01 +3.434043195e+02 +3.434043195e+02
104449 0 +7.898760685e+01 +3.346376069e+02 +3.346376069e+02
104461 0 +7.046906775e+01 +3.261190678e+02 +3.261190678e+02
104504 0 +6.221439967e+01 +3.178643997e+02 +3.178643997e+02
104582 0 +5.542004566e+01 +3.110700457e+02 +3.110700457e+02
104840 0 +4.944973648e+01 +3.050997365e+02 +3.050997365e+02
104857 0 +4.351186360e+01 +2.991618636e+02 +2.991618636e+02
104882 0 +3.970751892e+01 +2.953575189e+02 +2.953575189e+02
104908 0 +3.474778762e+01 +2.903977876e+02 +2.903977876e+02
104976 0 +3.148974508e+01 +2.871397451e+02 +2.871397451e+02
105234 0 +2.751518521e+01 +2.831651852e+02 +2.831651852e+02
105255 0 +2.423170574e+01 +2.798817057e+02 +2.798817057e+02
105337 0 +2.230769870e+01 +2.779576987e+02 +2.779576987e+02
105463 0 +1.982045687e+01 +2.754704569e+02 +2.754704569e+02
105749 0 +1.750791065e+01 +2.731579106e+02 +2.731579106e+02
105772 0 +1.555558272e+01 +2.712055827e+02 +2.712055827e+02
105863 0 +1.378106168e+01 +2.694310617e+02 +2.694310617e+02
106130 0 +1.257480041e+01 +2.682248004e+02 +2.682248004e+02
106205 0 +1.118671519e+01 +2.668367152e+02 +2.668367152e+02
106656 0 +9.940694512e+00 +2.655906945e+02 +2.655906945e+02
107250 0 +8.905316975e+00 +2.645553170e+02 +2.645553170e+02
127705 0 +7.902611664e+00 +2.635526117e+02 +2.635526117e+02
128161 0 +7.029002942e+00 +2.626790029e+02 +2.626790029e+02
128873 0 +6.303599805e+00 +2.619535998e+02 +2.619535998e+02
147810 0 +5.096777903e+00 +2.607467779e+02 +2.607467779e+02
147818 0 +4.810477387e+00 +2.604604774e+02 +2.604604774e+02
147855 0 +4.460777848e+00 +2.601107778e+02 +2.601107778e+02
148034 0 +3.637082915e+00 +2.592870829e+02 +2.592870829e+02
148051 0 +3.487006731e+00 +2.591370067e+02 +2.591370067e+02
148075 0 +3.121010774e+00 +2.587710108e+02 +2.587710108e+02
148259 0 +2.747712698e+00 +2.583977127e+02 +2.583977127e+02
148307 0 +2.507885332e+00 +2.581578853e+02 +2.581578853e+02
148322 0 +1.840499221e+00 +2.574904992e+02 +2.574904992e+02
148357 0 +1.775345645e+00 +2.574253456e+02 +2.574253456e+02
148655 0 +1.553124028e+00 +2.572031240e+02 +2.572031240e+02
148669 0 +1.405450971e+00 +2.570554510e+02 +2.570554510e+02
148720 0 +1.256168251e+00 +2.569061683e+02 +2.569061683e+02
148728 0 +1.102631538e+00 +2.567526315e+02 +2.567526315e+02
148770 0 +9.538803016e-01 +2.566038803e+02 +2.566038803e+02
148775 0 +8.769716530e-01 +2.565269717e+02 +2.565269717e+02
148869 0 +7.803206312e-01 +2.564303206e+02 +2.564303206e+02
149049 0 +7.014570090e-01 +2.563514570e+02 +2.563514570e+02
149078 0 +6.266499012e-01 +2.562766499e+02 +2.562766499e+02
149093 0 +5.565420401e-01 +2.562065420e+02 +2.562065420e+02
149141 0 +4.706347040e-01 +2.561206347e+02 +2.561206347e+02
149285 0 +4.457398480e-01 +2.560957398e+02 +2.560957398e+02
149324 0 +3.962676786e-01 +2.560462677e+02 +2.560462677e+02
149342 0 +3.487028838e-01 +2.559987029e+02 +2.559987029e+02
149408 0 +2.992017583e-01 +2.559492018e+02 +2.559492018e+02
149618 0 +2.803738517e-01 +2.559303739e+02 +2.559303739e+02
149664 0 +2.417044118e-01 +2.558917044e+02 +2.558917044e+02
149732 0 +2.222742452e-01 +2.558722742e+02 +2.558722742e+02
150113 0 +1.976389496e-01 +2.558476389e+02 +2.558476389e+02
150381 0 +1.774632636e-01 +2.558274633e+02 +2.558274633e+02
150899 0 +1.575146350e-01 +2.558075146e+02 +2.558075146e+02
151813 0 +1.411077046e-01 +2.557911077e+02 +2.557911077e+02
269706 0 +1.256808772e-01 +2.557756809e+02 +2.557756809e+02
269751 0 +1.064080743e-01 +2.557564081e+02 +2.557564081e+02
269790 0 +9.796149181e-02 +2.557479615e+02 +2.557479615e+02
269866 0 +8.911406014e-02 +2.557391141e+02 +2.557391141e+02
270218 0 +7.912462788e-02 +2.557291246e+02 +2.557291246e+02
270292 0 +7.035141445e-02 +2.557203514e+02 +2.557203514e+02
270346 0 +6.252409661e-02 +2.557125241e+02 +2.557125241e+02
270561 0 +5.620518148e-02 +2.557062052e+02 +2.557062052e+02
270932 0 +4.993098304e-02 +2.556999310e+02 +2.556999310e+02
271813 0 +4.464900786e-02 +2.556946490e+02 +2.556946490e+02
400000 0 +4.253552771e-02 +2.556925355e+02 +2.556925355e+02
% f evaluations | g evaluations | best noise-free fitness - Fopt (5.382000000000e+01) + sum g_i+ | measured fitness | best measured fitness or single-digit g-values | x1 | x2...
1 0 +2.977226890e+03 +3.031046890e+03 +3.031046890e+03
50 0 +2.960791068e+03 +3.014611068e+03 +3.014611068e+03
153 0 +2.814234196e+03 +2.868054196e+03 +2.868054196e+03
82907 0 +2.508455791e+03 +2.562275791e+03 +2.562275791e+03
102825 0 +2.220124296e+03 +2.273944296e+03 +2.273944296e+03
102845 0 +1.983531677e+03 +2.037351677e+03 +2.037351677e+03
102865 0 +1.743177237e+03 +1.796997237e+03 +1.796997237e+03
102880 0 +1.548981899e+03 +1.602801899e+03 +1.602801899e+03
102892 0 +1.388453545e+03 +1.442273545e+03 +1.442273545e+03
102913 0 +1.247698845e+03 +1.301518845e+03 +1.301518845e+03
102928 0 +1.118595121e+03 +1.172415121e+03 +1.172415121e+03
102939 0 +9.925695365e+02 +1.046389537e+03 +1.046389537e+03
102960 0 +8.458002334e+02 +8.996202334e+02 +8.996202334e+02
102965 0 +7.891846761e+02 +8.430046761e+02 +8.430046761e+02
102993 0 +6.923786831e+02 +7.461986831e+02 +7.461986831e+02
103016 0 +6.096337493e+02 +6.634537493e+02 +6.634537493e+02
103040 0 +5.456628116e+02 +5.994828116e+02 +5.994828116e+02
103088 0 +4.740251849e+02 +5.278451849e+02 +5.278451849e+02
103099 0 +4.394934012e+02 +4.933134012e+02 +4.933134012e+02
103184 0 +3.867862940e+02 +4.406062940e+02 +4.406062940e+02
103379 0 +3.446419905e+02 +3.984619905e+02 +3.984619905e+02
103538 0 +3.118210441e+02 +3.656410441e+02 +3.656410441e+02
103554 0 +2.729936426e+02 +3.268136426e+02 +3.268136426e+02
103577 0 +2.499758626e+02 +3.037958626e+02 +3.037958626e+02
103606 0 +2.172561238e+02 +2.710761238e+02 +2.710761238e+02
103708 0 +1.942098867e+02 +2.480298867e+02 +2.480298867e+02
103823 0 +1.697114476e+02 +2.235314476e+02 +2.235314476e+02
103855 0 +1.583261216e+02 +2.121461216e+02 +2.121461216e+02
104023 0 +1.380295953e+02 +1.918495953e+02 +1.918495953e+02
104081 0 +1.209364760e+02 +1.747564760e+02 +1.747564760e+02
104105 0 +1.096760308e+02 +1.634960308e+02 +1.634960308e+02
104142 0 +9.781246671e+01 +1.516324667e+02 +1.516324667e+02
104328 0 +8.843470521e+01 +1.422547052e+02 +1.422547052e+02
104349 0 +7.744927665e+01 +1.312692766e+02 +1.312692766e+02
104367 0 +6.934562729e+01 +1.231656273e+02 +1.231656273e+02
104375 0 +6.231733540e+01 +1.161373354e+02 +1.161373354e+02
104401 0 +5.486978977e+01 +1.086897898e+02 +1.086897898e+02
104466 0 +4.628544937e+01 +1.001054494e+02 +1.001054494e+02
104486 0 +4.404799635e+01 +9.786799635e+01 +9.786799635e+01
104731 0 +3.959339780e+01 +9.341339780e+01 +9.341339780e+01
104770 0 +3.474222309e+01 +8.856222309e+01 +8.856222309e+01
104825 0 +3.113793636e+01 +8.495793636e+01 +8.495793636e+01
104837 0 +2.802802057e+01 +8.184802057e+01 +8.184802057e+01
104843 0 +2.423111340e+01 +7.805111340e+01 +7.805111340e+01
105048 0 +2.237693728e+01 +7.619693728e+01 +7.619693728e+01
105095 0 +1.933930053e+01 +7.315930053e+01 +7.315930053e+01
105116 0 +1.656018362e+01 +7.038018362e+01 +7.038018362e+01
105118 0 +1.487122189e+01 +6.869122189e+01 +6.869122189e+01
105164 0 +1.401861125e+01 +6.783861125e+01 +6.783861125e+01
105208 0 +1.235772818e+01 +6.617772818e+01 +6.617772818e+01
105383 0 +1.110369180e+01 +6.492369180e+01 +6.492369180e+01
105414 0 +9.847521460e+00 +6.366752146e+01 +6.366752146e+01
105428 0 +8.846971751e+00 +6.266697175e+01 +6.266697175e+01
105432 0 +7.778957853e+00 +6.159895785e+01 +6.159895785e+01
105439 0 +7.077841374e+00 +6.089784137e+01 +6.089784137e+01
105568 0 +6.299826663e+00 +6.011982666e+01 +6.011982666e+01
105727 0 +5.565070119e+00 +5.938507012e+01 +5.938507012e+01
105754 0 +4.972094866e+00 +5.879209487e+01 +5.879209487e+01
105761 0 +4.310144386e+00 +5.813014439e+01 +5.813014439e+01
105785 0 +3.954831222e+00 +5.777483122e+01 +5.777483122e+01
105930 0 +3.517850146e+00 +5.733785015e+01 +5.733785015e+01
105957 0 +3.107822491e+00 +5.692782249e+01 +5.692782249e+01
105995 0 +2.813989680e+00 +5.663398968e+01 +5.663398968e+01
106199 0 +2.506650441e+00 +5.632665044e+01 +5.632665044e+01
106226 0 +2.176375814e+00 +5.599637581e+01 +5.599637581e+01
106248 0 +1.983838447e+00 +5.580383845e+01 +5.580383845e+01
106543 0 +1.771503966e+00 +5.559150397e+01 +5.559150397e+01
106826 0 +1.579434003e+00 +5.539943400e+01 +5.539943400e+01
107187 0 +1.411114037e+00 +5.523111404e+01 +5.523111404e+01
232479 0 +1.200323469e+00 +5.502032347e+01 +5.502032347e+01
232492 0 +1.033818134e+00 +5.485381813e+01 +5.485381813e+01
232527 0 +9.581332663e-01 +5.477813327e+01 +5.477813327e+01
232739 0 +8.902268532e-01 +5.471022685e+01 +5.471022685e+01
232782 0 +7.903589555e-01 +5.461035896e+01 +5.461035896e+01
232802 0 +6.962824195e-01 +5.451628242e+01 +5.451628242e+01
232818 0 +6.307598552e-01 +5.445075986e+01 +5.445075986e+01
233149 0 +5.611461640e-01 +5.438114616e+01 +5.438114616e+01
233281 0 +4.925084667e-01 +5.431250847e+01 +5.431250847e+01
233557 0 +4.442784697e-01 +5.426427847e+01 +5.426427847e+01
233664 0 +3.921580942e-01 +5.421215809e+01 +5.421215809e+01
233993 0 +3.540392794e-01 +5.417403928e+01 +5.417403928e+01
234552 0 +3.148483260e-01 +5.413484833e+01 +5.413484833e+01
400000 0 +2.946022869e-01 +5.411460229e+01 +5.411460229e+01
