% f evaluations | g evaluations | best noise-free fitness - Fopt (1.238300000000e+02) + sum g_i+ | measured fitness | best measured fitness or single-digit g-values | x1 | x2...
1 0 +2.535000000e+02 +3.773300000e+02 +3.773300000e+02
102896 0 +2.527827965e+02 +3.766127965e+02 +3.766127965e+02
103110 0 +2.500863160e+02 +3.739163160e+02 +3.739163160e+02
103329 0 +2.203106395e+02 +3.441406395e+02 +3.441406395e+02
103451 0 +1.993860316e+02 +3.232160316e+02 +3.232160316e+02
103540 0 +1.770627383e+02 +3.008927383e+02 +3.008927383e+02
103569 0 +1.573915546e+02 +2.812215546e+02 +2.812215546e+02
103649 0 +1.365552011e+02 +2.603852011e+02 +2.603852011e+02
103729 0 +1.211756762e+02 +2.450056762e+02 +2.450056762e+02
103897 0 +1.116196539e+02 +2.354496539e+02 +2.354496539e+02
103966 0 +9.708677864e+01 +2.209167786e+02 +2.209167786e+02
104002 0 +8.901284531e+01 +2.128428453e+02 +2.128428453e+02
104059 0 +7.870859628e+01 +2.025385963e+02 +2.025385963e+02
104067 0 +6.945998744e+01 +1.932899874e+02 +1.932899874e+02
104096 0 +6.142356589e+01 +1.852535659e+02 +1.852535659e+02
104206 0 +5.445774672e+01 +1.782877467e+02 +1.782877467e+02
104209 0 +5.002481745e+01 +1.738548174e+02 +1.738548174e+02
104257 0 +4.416366700e+01 +1.679936670e+02 +1.679936670e+02
104364 0 +3.847311611e+01 +1.623031161e+02 +1.623031161e+02
104400 0 +3.434577168e+01 +1.581757717e+02 +1.581757717e+02
104627 0 +2.948454723e+01 +1.533145472e+02 +1.533145472e+02
104746 0 +2.724816191e+01 +1.510781619e+02 +1.510781619e+02
104852 0 +2.439366701e+01 +1.482236670e+02 +1.482236670e+02
104889 0 +2.201209157e+01 +1.458420916e+02 +1.458420916e+02
105145 0 +1.983395182e+01 +1.436639518e+02 +1.436639518e+02
105150 0 +1.764848376e+01 +1.414784838e+02 +1.414784838e+02
105154 0 +1.403319323e+01 +1.378631932e+02 +1.378631932e+02
105168 0 +1.249782249e+01 +1.363278225e+02 +1.363278225e+02
105193 0 +1.119533158e+01 +1.350253316e+02 +1.350253316e+02
105216 0 +9.936216876e+00 +1.337662169e+02 +1.337662169e+02
105314 0 +8.657038918e+00 +1.324870389e+02 +1.324870389e+02
105544 0 +7.786719707e+00 +1.316167197e+02 +1.316167197e+02
105566 0 +6.641156437e+00 +1.304711564e+02 +1.304711564e+02
105646 0 +6.145368117e+00 +1.299753681e+02 +1.299753681e+02
105861 0 +5.594223448e+00 +1.294242234e+02 +1.294242234e+02
106125 0 +4.958344265e+00 +1.287883443e+02 +1.287883443e+02
106236 0 +4.451696509e+00 +1.282816965e+02 +1.282816965e+02
107041 0 +3.978933128e+00 +1.278089331e+02 +1.278089331e+02
109626 0 +3.547227984e+00 +1.273772280e+02 +1.273772280e+02
111754 0 +3.160751123e+00 +1.269907511e+02 +1.269907511e+02
113669 0 +2.816915306e+00 +1.266469153e+02 +1.266469153e+02
115521 0 +2.511351734e+00 +1.263413517e+02 +1.263413517e+02
117127 0 +2.237215979e+00 +1.260672160e+02 +1.260672160e+02
118532 0 +1.994909169e+00 +1.258249092e+02 +1.258249092e+02
119925 0 +1.777768031e+00 +1.256077680e+02 +1.256077680e+02
121281 0 +1.584330680e+00 +1.254143307e+02 +1.254143307e+02
122561 0 +1.411061462e+00 +1.252410615e+02 +1.252410615e+02
123761 0 +1.258218228e+00 +1.250882182e+02 +1.250882182e+02
124974 0 +1.121718701e+00 +1.249517187e+02 +1.249517187e+02
126325 0 +9.995683707e-01 +1.248295684e+02 +1.248295684e+02
127812 0 +8.905945663e-01 +1.247205946e+02 +1.247205946e+02
129172 0 +7.940564661e-01 +1.246240565e+02 +1.246240565e+02
130571 0 +7.076432682e-01 +1.245376433e+02 +1.245376433e+02
132251 0 +6.309558667e-01 +1.244609559e+02 +1.244609559e+02
133937 0 +5.622788958e-01 +1.243922789e+02 +1.243922789e+02
135455 0 +5.010345329e-01 +1.243310345e+02 +1.243310345e+02
137075 0 +4.466437603e-01 +1.242766438e+02 +1.242766438e+02
138885 0 +3.980501750e-01 +1.242280502e+02 +1.242280502e+02
140748 0 +3.547453861e-01 +1.241847454e+02 +1.241847454e+02
142612 0 +3.159722181e-01 +1.241459722e+02 +1.241459722e+02
144824 0 +2.818163763e-01 +1.241118164e+02 +1.241118164e+02
146894 0 +2.511400246e-01 +1.240811400e+02 +1.240811400e+02
148925 0 +2.238543340e-01 +1.240538543e+02 +1.240538543e+02
150852 0 +1.995140096e-01 +1.240295140e+02 +1.240295140e+02
152985 0 +1.777691037e-01 +1.240077691e+02 +1.240077691e+02
155129 0 +1.584654366e-01 +1.239884654e+02 +1.239884654e+02
157353 0 +1.411615750e-01 +1.239711616e+02 +1.239711616e+02
159857 0 +1.258665406e-01 +1.239558665e+02 +1.239558665e+02
162542 0 +1.121777288e-01 +1.239421777e+02 +1.239421777e+02
165804 0 +9.993352388e-02 +1.239299335e+02 +1.239299335e+02
169224 0 +8.912291667e-02 +1.239191229e+02 +1.239191229e+02
172542 0 +7.943145165e-02 +1.239094315e+02 +1.239094315e+02
176015 0 +7.079039244e-02 +1.239007904e+02 +1.239007904e+02
178809 0 +6.308782388e-02 +1.238930878e+02 +1.238930878e+02
181596 0 +5.623318573e-02 +1.238862332e+02 +1.238862332e+02
184567 0 +5.010718698e-02 +1.238801072e+02 +1.238801072e+02
187753 0 +4.466406003e-02 +1.238746641e+02 +1.238746641e+02
191454 0 +3.979916255e-02 +1.238697992e+02 +1.238697992e+02
194949 0 +3.547512111e-02 +1.238654751e+02 +1.238654751e+02
198612 0 +3.160279607e-02 +1.238616028e+02 +1.238616028e+02
202254 0 +2.818079799e-02 +1.238581808e+02 +1.238581808e+02
205769 0 +2.511702247e-02 +1.238551170e+02 +1.238551170e+02
209039 0 +2.238610940e-02 +1.238523861e+02 +1.238523861e+02
212241 0 +1.995035554e-02 +1.238499504e+02 +1.238499504e+02
215931 0 +1.777470074e-02 +1.238477747e+02 +1.238477747e+02
219217 0 +1.584722144e-02 +1.238458472e+02 +1.238458472e+02
222585 0 +1.412409295e-02 +1.238441241e+02 +1.238441241e+02
226370 0 +1.258593164e-02 +1.238425859e+02 +1.238425859e+02
230069 0 +1.122006774e-02 +1.238412201e+02 +1.238412201e+02
233916 0 +9.999456197e-03 +1.238399995e+02 +1.238399995e+02
238313 0 +8.910475130e-03 +1.238389105e+02 +1.238389105e+02
242905 0 +7.942929789e-03 +1.238379429e+02 +1.238379429e+02
248078 0 +7.077883737e-03 +1.238370779e+02 +1.238370779e+02
251999 0 +6.308305379e-03 +1.238363083e+02 +1.238363083e+02
255732 0 +5.622573969e-03 +1.238356226e+02 +1.238356226e+02
259449 0 +5.009467515e-03 +1.238350095e+02 +1.238350095e+02
263295 0 +4.466386936e-03 +1.238344664e+02 +1.238344664e+02
267065 0 +3.980910498e-03 +1.238339809e+02 +1.238339809e+02
272364 0 +3.547850075e-03 +1.238335479e+02 +1.238335479e+02
277832 0 +3.161983503e-03 +1.238331620e+02 +1.238331620e+02
283135 0 +2.818262654e-03 +1.238328183e+02 +1.238328183e+02
288142 0 +2.511665379e-03 +1.238325117e+02 +1.238325117e+02
292862 0 +2.238008760e-03 +1.238322380e+02 +1.238322380e+02
297314 0 +1.995062019e-03 +1.238319951e+02 +1.238319951e+02
301625 0 +1.778217352e-03 +1.238317782e+02 +1.238317782e+02
305609 0 +1.584487896e-03 +1.238315845e+02 +1.238315845e+02
309454 0 +1.412533309e-03 +1.238314125e+02 +1.238314125e+02
313353 0 +1.258705522e-03 +1.238312587e+02 +1.238312587e+02
317632 0 +1.121998008e-03 +1.238311220e+02 +1.238311220e+02
321935 0 +9.998872113e-04 +1.238309999e+02 +1.238309999e+02
326175 0 +8.911382057e-04 +1.238308911e+02 +1.238308911e+02
330828 0 +7.942811072e-04 +1.238307943e+02 +1.238307943e+02
336188 0 +7.078845111e-04 +1.238307079e+02 +1.238307079e+02
341308 0 +6.309310520e-04 +1.238306309e+02 +1.238306309e+02
346223 0 +5.623149042e-04 +1.238305623e+02 +1.238305623e+02
350865 0 +5.011408866e-04 +1.238305011e+02 +1.238305011e+02
355196 0 +4.466795419e-04 +1.238304467e+02 +1.238304467e+02
359375 0 +3.980221195e-04 +1.238303980e+02 +1.238303980e+02
363454 0 +3.547154814e-04 +1.238303547e+02 +1.238303547e+02
367652 0 +3.162189719e-04 +1.238303162e+02 +1.238303162e+02
371815 0 +2.818075332e-04 +1.238302818e+02 +1.238302818e+02
376118 0 +2.511612608e-04 +1.238302512e+02 +1.238302512e+02
380690 0 +2.238664467e-04 +1.238302239e+02 +1.238302239e+02
385436 0 +1.994470953e-04 +1.238301994e+02 +1.238301994e+02
390476 0 +1.777990791e-04 +1.238301778e+02 +1.238301778e+02
395615 0 +1.584866673e-04 +1.238301585e+02 +1.238301585e+02
400000 0 +1.435003026e-04 +1.238301435e+02 +1.238301435e+02
% f evaluations | g evaluations | best noise-free fitness - Fopt (4.751000000000e+01) + sum g_i+ | measured fitness | best measured fitness or single-digit g-values | x1 | x2...
1 0 +2.535000000e+02 +3.010100000e+02 +3.010100000e+02
102893 0 +2.532113636e+02 +3.007213636e+02 +3.007213636e+02
103208 0 +2.499974610e+02 +2.975074610e+02 +2.975074610e+02
103341 0 +2.232235807e+02 +2.707335807e+02 +2.707335807e+02
103415 0 +1.995022834e+02 +2.470122834e+02 +2.470122834e+02
103541 0 +1.747393520e+02 +2.222493520e+02 +2.222493520e+02
103573 0 +1.578540648e+02 +2.053640648e+02 +2.053640648e+02
103640 0 +1.411172571e+02 +1.886272571e+02 +1.886272571e+02
103701 0 +1.248809154e+02 +1.723909154e+02 +1.723909154e+02
103786 0 +1.121787862e+02 +1.596887862e+02 +1.596887862e+02
103855 0 +9.737604494e+01 +1.448860449e+02 +1.448860449e+02
104063 0 +8.838803227e+01 +1.358980323e+02 +1.358980323e+02
104491 0 +7.928505121e+01 +1.267950512e+02 +1.267950512e+02
104700 0 +7.066825090e+01 +1.181782509e+02 +1.181782509e+02
104848 0 +6.301235079e+01 +1.105223508e+02 +1.105223508e+02
104913 0 +5.485611205e+01 +1.023661121e+02 +1.023661121e+02
104984 0 +4.959065748e+01 +9.710065748e+01 +9.710065748e+01
105020 0 +4.366485281e+01 +9.117485281e+01 +9.117485281e+01
105061 0 +3.967465772e+01 +8.718465772e+01 +8.718465772e+01
105082 0 +3.546466610e+01 +8.297466610e+01 +8.297466610e+01
105226 0 +3.146549332e+01 +7.897549332e+01 +7.897549332e+01
105641 0 +2.815006544e+01 +7.566006544e+01 +7.566006544e+01
110684 0 +2.511772323e+01 +7.262772323e+01 +7.262772323e+01
119399 0 +2.238673478e+01 +6.989673478e+01 +6.989673478e+01
127590 0 +1.995188923e+01 +6.746188923e+01 +6.746188923e+01
136294 0 +1.778185252e+01 +6.529185252e+01 +6.529185252e+01
149576 0 +1.584710619e+01 +6.335710619e+01 +6.335710619e+01
161278 0 +1.412504500e+01 +6.163504500e+01 +6.163504500e+01
170743 0 +1.258870845e+01 +6.009870845e+01 +6.009870845e+01
178841 0 +1.121740697e+01 +5.872740697e+01 +5.872740697e+01
186194 0 +9.996675024e+00 +5.750667502e+01 +5.750667502e+01
193143 0 +8.911451973e+00 +5.642145197e+01 +5.642145197e+01
198914 0 +7.942038548e+00 +5.545203855e+01 +5.545203855e+01
203765 0 +7.078566112e+00 +5.458856611e+01 +5.458856611e+01
209190 0 +6.309131809e+00 +5.381913181e+01 +5.381913181e+01
214553 0 +5.623380968e+00 +5.313338097e+01 +5.313338097e+01
219144 0 +5.011516795e+00 +5.252151679e+01 +5.252151679e+01
222699 0 +4.465932928e+00 +5.197593293e+01 +5.197593293e+01
225392 0 +3.980735904e+00 +5.149073590e+01 +5.149073590e+01
227949 0 +3.548086071e+00 +5.105808607e+01 +5.105808607e+01
230324 0 +3.162052160e+00 +5.067205216e+01 +5.067205216e+01
232311 0 +2.818207325e+00 +5.032820733e+01 +5.032820733e+01
234250 0 +2.511852660e+00 +5.002185266e+01 +5.002185266e+01
235949 0 +2.238391806e+00 +4.974839181e+01 +4.974839181e+01
237384 0 +1.993880033e+00 +4.950388003e+01 +4.950388003e+01
238667 0 +1.778230629e+00 +4.928823063e+01 +4.928823063e+01
239909 0 +1.584280860e+00 +4.909428086e+01 +4.909428086e+01
241156 0 +1.412454219e+00 +4.892245422e+01 +4.892245422e+01
242384 0 +1.258315303e+00 +4.876831530e+01 +4.876831530e+01
243536 0 +1.119645866e+00 +4.862964587e+01 +4.862964587e+01
244832 0 +9.998149252e-01 +4.850981493e+01 +4.850981493e+01
246264 0 +8.901060702e-01 +4.840010607e+01 +4.840010607e+01
247657 0 +7.937731972e-01 +4.830377320e+01 +4.830377320e+01
249518 0 +7.075687010e-01 +4.821756870e+01 +4.821756870e+01
251234 0 +6.306395546e-01 +4.814063955e+01 +4.814063955e+01
252884 0 +5.620723997e-01 +4.807207240e+01 +4.807207240e+01
254642 0 +5.011215766e-01 +4.801112158e+01 +4.801112158e+01
256307 0 +4.465750262e-01 +4.795657503e+01 +4.795657503e+01
258177 0 +3.980867872e-01 +4.790808679e+01 +4.790808679e+01
260063 0 +3.545722085e-01 +4.786457221e+01 +4.786457221e+01
262452 0 +3.160926557e-01 +4.782609266e+01 +4.782609266e+01
264672 0 +2.816811202e-01 +4.779168112e+01 +4.779168112e+01
267457 0 +2.511480695e-01 +4.776114807e+01 +4.776114807e+01
270005 0 +2.238305842e-01 +4.773383058e+01 +4.773383058e+01
272442 0 +1.994728878e-01 +4.770947289e+01 +4.770947289e+01
274791 0 +1.777884070e-01 +4.768778841e+01 +4.768778841e+01
277248 0 +1.584604289e-01 +4.766846043e+01 +4.766846043e+01
279716 0 +1.412400320e-01 +4.765124003e+01 +4.765124003e+01
282819 0 +1.258749031e-01 +4.763587490e+01 +4.763587490e+01
286019 0 +1.121797540e-01 +4.762217975e+01 +4.762217975e+01
289532 0 +9.993051245e-02 +4.760993051e+01 +4.760993051e+01
293150 0 +8.911388991e-02 +4.759911389e+01 +4.759911389e+01
296421 0 +7.942781819e-02 +4.758942782e+01 +4.758942782e+01
299527 0 +7.079251108e-02 +4.758079251e+01 +4.758079251e+01
302674 0 +6.309232826e-02 +4.757309233e+01 +4.757309233e+01
305554 0 +5.621506406e-02 +4.756621506e+01 +4.756621506e+01
308674 0 +5.011026522e-02 +4.756011027e+01 +4.756011027e+01
312254 0 +4.466457374e-02 +4.755466457e+01 +4.755466457e+01
315808 0 +3.980330673e-02 +4.754980331e+01 +4.754980331e+01
320354 0 +3.546754792e-02 +4.754546755e+01 +4.754546755e+01
324834 0 +3.162112891e-02 +4.754162113e+01 +4.754162113e+01
329077 0 +2.818309679e-02 +4.753818310e+01 +4.753818310e+01
333084 0 +2.511604889e-02 +4.753511605e+01 +4.753511605e+01
336930 0 +2.238612128e-02 +4.753238612e+01 +4.753238612e+01
340549 0 +1.995031633e-02 +4.752995032e+01 +4.752995032e+01
344167 0 +1.778085556e-02 +4.752778086e+01 +4.752778086e+01
347680 0 +1.584792581e-02 +4.752584793e+01 +4.752584793e+01
351479 0 +1.412257829e-02 +4.752412258e+01 +4.752412258e+01
355632 0 +1.258842657e-02 +4.752258843e+01 +4.752258843e+01
359964 0 +1.121740358e-02 +4.752121740e+01 +4.752121740e+01
364387 0 +9.995943042e-03 +4.751999594e+01 +4.751999594e+01
369694 0 +8.911867782e-03 +4.751891187e+01 +4.751891187e+01
374315 0 +7.942857778e-03 +4.751794286e+01 +4.751794286e+01
378759 0 +7.078751288e-03 +4.751707875e+01 +4.751707875e+01
382994 0 +6.307878346e-03 +4.751630788e+01 +4.751630788e+01
387079 0 +5.623383288e-03 +4.751562338e+01 +4.751562338e+01
391219 0 +5.011634890e-03 +4.751501163e+01 +4.751501163e+01
395314 0 +4.466541266e-03 +4.751446654e+01 +4.751446654e+01
399719 0 +3.979869327e-03 +4.751397987e+01 +4.751397987e+01
400000 0 +3.950061949e-03 +4.751395006e+01 +4.751395006e+01
% f evaluations | g evaluations | best noise-free fitness - Fopt (5.534000000000e+01) + sum g_i+ | measured fitness | best measured fitness or single-digit g-values | x1 | x2...
1 0 +2.535000000e+02 +3.088400000e+02 +3.088400000e+02
103077 0 +2.531651528e+02 +3.085051528e+02 +3.085051528e+02
103123 0 +2.507931477e+02 +3.061331477e+02 +3.061331477e+02
103381 0 +2.218856900e+02 +2.772256900e+02 +2.772256900e+02
103461 0 +1.942918715e+02 +2.496318715e+02 +2.496318715e+02
103517 0 +1.743098331e+02 +2.296498331e+02 +2.296498331e+02
103605 0 +1.553523522e+02 +2.106923522e+02 +2.106923522e+02
103721 0 +1.404062661e+02 +1.957462661e+02 +1.957462661e+02
103742 0 +1.254333655e+02 +1.807733655e+02 +1.807733655e+02
103772 0 +1.121697092e+02 +1.675097092e+02 +1.675097092e+02
103804 0 +9.253300509e+01 +1.478730051e+02 +1.478730051e+02
103819 0 +8.617777062e+01 +1.415177706e+02 +1.415177706e+02
103897 0 +7.608027967e+01 +1.314202797e+02 +1.314202797e+02
103927 0 +7.057314806e+01 +1.259131481e+02 +1.259131481e+02
104008 0 +6.295801572e+01 +1.182980157e+02 +1.182980157e+02
104347 0 +5.541267139e+01 +1.107526714e+02 +1.107526714e+02
104524 0 +4.992791054e+01 +1.052679105e+02 +1.052679105e+02
104581 0 +4.449892044e+01 +9.983892044e+01 +9.983892044e+01
104709 0 +3.848285161e+01 +9.382285161e+01 +9.382285161e+01
104871 0 +3.545124043e+01 +9.079124043e+01 +9.079124043e+01
105346 0 +3.161323541e+01 +8.695323541e+01 +8.695323541e+01
112485 0 +2.817833167e+01 +8.351833167e+01 +8.351833167e+01
122244 0 +2.511301782e+01 +8.045301782e+01 +8.045301782e+01
131243 0 +2.238624283e+01 +7.772624283e+01 +7.772624283e+01
139922 0 +1.995093101e+01 +7.529093101e+01 +7.529093101e+01
148685 0 +1.778160312e+01 +7.312160312e+01 +7.312160312e+01
158033 0 +1.584841446e+01 +7.118841446e+01 +7.118841446e+01
166592 0 +1.412404759e+01 +6.946404759e+01 +6.946404759e+01
175480 0 +1.258400236e+01 +6.792400236e+01 +6.792400236e+01
183516 0 +1.121594485e+01 +6.655594485e+01 +6.655594485e+01
191296 0 +9.999833220e+00 +6.533983322e+01 +6.533983322e+01
199768 0 +8.910819390e+00 +6.425081939e+01 +6.425081939e+01
206523 0 +7.941348890e+00 +6.328134889e+01 +6.328134889e+01
211981 0 +7.079125655e+00 +6.241912566e+01 +6.241912566e+01
216403 0 +6.309481984e+00 +6.164948198e+01 +6.164948198e+01
220527 0 +5.622080519e+00 +6.096208052e+01 +6.096208052e+01
224497 0 +5.009732701e+00 +6.034973270e+01 +6.034973270e+01
228163 0 +4.466782761e+00 +5.980678276e+01 +5.980678276e+01
231446 0 +3.980859316e+00 +5.932085932e+01 +5.932085932e+01
234207 0 +3.547432483e+00 +5.888743248e+01 +5.888743248e+01
236577 0 +3.160213699e+00 +5.850021370e+01 +5.850021370e+01
238649 0 +2.817974920e+00 +5.815797492e+01 +5.815797492e+01
240571 0 +2.510928200e+00 +5.785092820e+01 +5.785092820e+01
242409 0 +2.237830258e+00 +5.757783026e+01 +5.757783026e+01
244070 0 +1.993620240e+00 +5.733362024e+01 +5.733362024e+01
245718 0 +1.777573060e+00 +5.711757306e+01 +5.711757306e+01
247174 0 +1.584793441e+00 +5.692479344e+01 +5.692479344e+01
248518 0 +1.412342421e+00 +5.675234242e+01 +5.675234242e+01
249767 0 +1.258179952e+00 +5.659817995e+01 +5.659817995e+01
250920 0 +1.121931879e+00 +5.646193188e+01 +5.646193188e+01
252068 0 +9.997975435e-01 +5.633979754e+01 +5.633979754e+01
253766 0 +8.912366821e-01 +5.623123668e+01 +5.623123668e+01
255181 0 +7.941655418e-01 +5.613416554e+01 +5.613416554e+01
256871 0 +7.077357718e-01 +5.604773577e+01 +5.604773577e+01
258487 0 +6.309397170e-01 +5.597093972e+01 +5.597093972e+01
260028 0 +5.622834790e-01 +5.590228348e+01 +5.590228348e+01
261465 0 +5.007330330e-01 +5.584073303e+01 +5.584073303e+01
262940 0 +4.464981257e-01 +5.578649813e+01 +5.578649813e+01
264658 0 +3.977623215e-01 +5.573776232e+01 +5.573776232e+01
266434 0 +3.546113090e-01 +5.569461131e+01 +5.569461131e+01
268265 0 +3.160955267e-01 +5.565609553e+01 +5.565609553e+01
270551 0 +2.817238543e-01 +5.562172385e+01 +5.562172385e+01
272814 0 +2.511620610e-01 +5.559116206e+01 +5.559116206e+01
275068 0 +2.238683277e-01 +5.556386833e+01 +5.556386833e+01
277263 0 +1.994977801e-01 +5.553949778e+01 +5.553949778e+01
279468 0 +1.777720575e-01 +5.551777206e+01 +5.551777206e+01
281868 0 +1.584638141e-01 +5.549846381e+01 +5.549846381e+01
284060 0 +1.412517557e-01 +5.548125176e+01 +5.548125176e+01
286654 0 +1.258447983e-01 +5.546584480e+01 +5.546584480e+01
289351 0 +1.121919522e-01 +5.545219195e+01 +5.545219195e+01
292170 0 +9.992847090e-02 +5.543992847e+01 +5.543992847e+01
295343 0 +8.911270692e-02 +5.542911271e+01 +5.542911271e+01
298543 0 +7.941610055e-02 +5.541941610e+01 +5.541941610e+01
301628 0 +7.078873388e-02 +5.541078873e+01 +5.541078873e+01
304608 0 +6.309434789e-02 +5.540309435e+01 +5.540309435e+01
307513 0 +5.622277573e-02 +5.539622278e+01 +5.539622278e+01
310548 0 +5.011377363e-02 +5.539011377e+01 +5.539011377e+01
313534 0 +4.464450908e-02 +5.538464451e+01 +5.538464451e+01
316966 0 +3.979508350e-02 +5.537979508e+01 +5.537979508e+01
320505 0 +3.547875746e-02 +5.537547876e+01 +5.537547876e+01
324559 0 +3.160386995e-02 +5.537160387e+01 +5.537160387e+01
328231 0 +2.817516464e-02 +5.536817516e+01 +5.536817516e+01
332250 0 +2.511593935e-02 +5.536511594e+01 +5.536511594e+01
336126 0 +2.238596826e-02 +5.536238597e+01 +5.536238597e+01
339831 0 +1.994471531e-02 +5.535994472e+01 +5.535994472e+01
343304 0 +1.778228616e-02 +5.535778229e+01 +5.535778229e+01
346745 0 +1.584760002e-02 +5.535584760e+01 +5.535584760e+01
350311 0 +1.412337940e-02 +5.535412338e+01 +5.535412338e+01
353936 0 +1.258593282e-02 +5.535258593e+01 +5.535258593e+01
358220 0 +1.121908980e-02 +5.535121909e+01 +5.535121909e+01
363599 0 +9.999483448e-03 +5.534999948e+01 +5.534999948e+01
368791 0 +8.910865950e-03 +5.534891087e+01 +5.534891087e+01
373770 0 +7.939884148e-03 +5.534793988e+01 +5.534793988e+01
378434 0 +7.079202061e-03 +5.534707920e+01 +5.534707920e+01
382951 0 +6.307658525e-03 +5.534630766e+01 +5.534630766e+01
387219 0 +5.622578592e-03 +5.534562258e+01 +5.534562258e+01
391290 0 +5.011468404e-03 +5.534501147e+01 +5.534501147e+01
395305 0 +4.466714830e-03 +5.534446671e+01 +5.534446671e+01
399219 0 +3.980996677e-03 +5.534398100e+01 +5.534398100e+01
400000 0 +3.892596314e-03 +5.534389260e+01 +5.534389260e+01
% f evaluations | g evaluations | best noise-free fitness - Fopt (-9.033000000000e+01) + sum g_i+ | measured fitness | best measured fitness or single-digit g-values | x1 | x2...
1 0 +2.535000000e+02 +1.631700000e+02 +1.631700000e+02
103098 0 +2.517230903e+02 +1.613930903e+02 +1.613930903e+02
103116 0 +2.477764090e+02 +1.574464090e+02 +1.574464090e+02
103516 0 +2.211846021e+02 +1.308546021e+02 +1.308546021e+02
103730 0 +1.950452105e+02 +1.047152105e+02 +1.047152105e+02
103831 0 +1.766104465e+02 +8.628044653e+01 +8.628044653e+01
103935 0 +1.559658877e+02 +6.563588768e+01 +6.563588768e+01
104140 0 +1.412394539e+02 +5.090945388e+01 +5.090945388e+01
104258 0 +1.238281885e+02 +3.349818853e+01 +3.349818853e+01
104419 0 +1.120172835e+02 +2.168728345e+01 +2.168728345e+01
104567 0 +9.957557283e+01 +9.245572827e+00 +9.245572827e+00
108831 0 +8.912438321e+01 -1.205616792e+00 -1.205616792e+00
114037 0 +7.923211619e+01 -1.109788381e+01 -1.109788381e+01
114961 0 +7.053680765e+01 -1.979319235e+01 -1.979319235e+01
115557 0 +6.271808225e+01 -2.761191775e+01 -2.761191775e+01
116037 0 +5.602809341e+01 -3.430190659e+01 -3.430190659e+01
116481 0 +5.002347079e+01 -4.030652921e+01 -4.030652921e+01
116917 0 +4.411532818e+01 -4.621467182e+01 -4.621467182e+01
117281 0 +3.972969606e+01 -5.060030394e+01 -5.060030394e+01
117637 0 +3.546916386e+01 -5.486083614e+01 -5.486083614e+01
118037 0 +3.140360287e+01 -5.892639713e+01 -5.892639713e+01
118437 0 +2.788976994e+01 -6.244023006e+01 -6.244023006e+01
118837 0 +2.507403991e+01 -6.525596009e+01 -6.525596009e+01
119397 0 +2.234434569e+01 -6.798565431e+01 -6.798565431e+01
120197 0 +1.977250073e+01 -7.055749927e+01 -7.055749927e+01
124117 0 +1.778267856e+01 -7.254732144e+01 -7.254732144e+01
132866 0 +1.584845837e+01 -7.448154163e+01 -7.448154163e+01
141506 0 +1.412423075e+01 -7.620576925e+01 -7.620576925e+01
152783 0 +1.258861546e+01 -7.774138454e+01 -7.774138454e+01
161249 0 +1.121912114e+01 -7.911087886e+01 -7.911087886e+01
168201 0 +9.999490491e+00 -8.033050951e+01 -8.033050951e+01
175118 0 +8.912230169e+00 -8.141776983e+01 -8.141776983e+01
181371 0 +7.941545587e+00 -8.238845441e+01 -8.238845441e+01
188060 0 +7.078561040e+00 -8.325143896e+01 -8.325143896e+01
193987 0 +6.309472370e+00 -8.402052763e+01 -8.402052763e+01
198745 0 +5.620269522e+00 -8.470973048e+01 -8.470973048e+01
202953 0 +5.011087910e+00 -8.531891209e+01 -8.531891209e+01
206325 0 +4.465849042e+00 -8.586415096e+01 -8.586415096e+01
209308 0 +3.979570457e+00 -8.635042954e+01 -8.635042954e+01
212069 0 +3.547852998e+00 -8.678214700e+01 -8.678214700e+01
214876 0 +3.161583556e+00 -8.716841644e+01 -8.716841644e+01
217409 0 +2.818273229e+00 -8.751172677e+01 -8.751172677e+01
219763 0 +2.511431237e+00 -8.781856876e+01 -8.781856876e+01
221843 0 +2.238694138e+00 -8.809130586e+01 -8.809130586e+01
223727 0 +1.994106570e+00 -8.833589343e+01 -8.833589343e+01
225149 0 +1.778059698e+00 -8.855194030e+01 -8.855194030e+01
226546 0 +1.584819326e+00 -8.874518067e+01 -8.874518067e+01
227763 0 +1.411911396e+00 -8.891808860e+01 -8.891808860e+01
228866 0 +1.258219569e+00 -8.907178043e+01 -8.907178043e+01
230209 0 +1.121874524e+00 -8.920812548e+01 -8.920812548e+01
231817 0 +9.999989827e-01 -8.933000102e+01 -8.933000102e+01
233406 0 +8.902931664e-01 -8.943970683e+01 -8.943970683e+01
235045 0 +7.939303974e-01 -8.953606960e+01 -8.953606960e+01
236810 0 +7.079021880e-01 -8.962209781e+01 -8.962209781e+01
238490 0 +6.308920271e-01 -8.969910797e+01 -8.969910797e+01
240163 0 +5.623307465e-01 -8.976766925e+01 -8.976766925e+01
241827 0 +5.011505328e-01 -8.982884947e+01 -8.982884947e+01
243678 0 +4.466501921e-01 -8.988334981e+01 -8.988334981e+01
245329 0 +3.980904574e-01 -8.993190954e+01 -8.993190954e+01
247017 0 +3.543471637e-01 -8.997565284e+01 -8.997565284e+01
249119 0 +3.161746433e-01 -9.001382536e+01 -9.001382536e+01
252057 0 +2.816741172e-01 -9.004832588e+01 -9.004832588e+01
254777 0 +2.508450259e-01 -9.007915497e+01 -9.007915497e+01
257512 0 +2.238333462e-01 -9.010616665e+01 -9.010616665e+01
260137 0 +1.993004278e-01 -9.013069957e+01 -9.013069957e+01
262634 0 +1.777975294e-01 -9.015220247e+01 -9.015220247e+01
265114 0 +1.583883519e-01 -9.017161165e+01 -9.017161165e+01
267342 0 +1.412515693e-01 -9.018874843e+01 -9.018874843e+01
269915 0 +1.258747204e-01 -9.020412528e+01 -9.020412528e+01
272627 0 +1.122016016e-01 -9.021779840e+01 -9.021779840e+01
275912 0 +9.994526447e-02 -9.023005474e+01 -9.023005474e+01
278786 0 +8.912407363e-02 -9.024087593e+01 -9.024087593e+01
282185 0 +7.943069577e-02 -9.025056930e+01 -9.025056930e+01
285737 0 +7.078078946e-02 -9.025921921e+01 -9.025921921e+01
289199 0 +6.307212480e-02 -9.026692788e+01 -9.026692788e+01
292479 0 +5.623105265e-02 -9.027376895e+01 -9.027376895e+01
295819 0 +5.009733758e-02 -9.027990266e+01 -9.027990266e+01
298952 0 +4.466739632e-02 -9.028533260e+01 -9.028533260e+01
302241 0 +3.980497197e-02 -9.029019503e+01 -9.029019503e+01
305558 0 +3.547882203e-02 -9.029452118e+01 -9.029452118e+01
309497 0 +3.161470653e-02 -9.029838529e+01 -9.029838529e+01
314297 0 +2.818135307e-02 -9.030181865e+01 -9.030181865e+01
318937 0 +2.510579002e-02 -9.030489421e+01 -9.030489421e+01
323305 0 +2.238315964e-02 -9.030761684e+01 -9.030761684e+01
327577 0 +1.994558759e-02 -9.031005441e+01 -9.031005441e+01
331514 0 +1.777557083e-02 -9.031222443e+01 -9.031222443e+01
335359 0 +1.584279543e-02 -9.031415720e+01 -9.031415720e+01
339167 0 +1.412474559e-02 -9.031587525e+01 -9.031587525e+01
343177 0 +1.258443003e-02 -9.031741557e+01 -9.031741557e+01
347176 0 +1.121672826e-02 -9.031878327e+01 -9.031878327e+01
351305 0 +9.994159842e-03 -9.032000584e+01 -9.032000584e+01
355675 0 +8.912036931e-03 -9.032108796e+01 -9.032108796e+01
361078 0 +7.943105996e-03 -9.032205689e+01 -9.032205689e+01
366265 0 +7.077036353e-03 -9.032292296e+01 -9.032292296e+01
371145 0 +6.307586196e-03 -9.032369241e+01 -9.032369241e+01
375865 0 +5.622684869e-03 -9.032437732e+01 -9.032437732e+01
380217 0 +5.011370958e-03 -9.032498863e+01 -9.032498863e+01
384561 0 +4.465769621e-03 -9.032553423e+01 -9.032553423e+01
388702 0 +3.980324376e-03 -9.032601968e+01 -9.032601968e+01
392777 0 +3.547381599e-03 -9.032645262e+01 -9.032645262e+01
397281 0 +3.162129678e-03 -9.032683787e+01 -9.032683787e+01
400000 0 +3.018930683e-03 -9.032698107e+01 -9.032698107e+01
% f evaluations | g evaluations | best noise-free fitness - Fopt (6.561000000000e+01) + sum g_i+ | measured fitness | best measured fitness or single-digit g-values | x1 | x2...
1 0 +2.535000000e+02 +3.191100000e+02 +3.191100000e+02
103129 0 +2.531197244e+02 +3.187297244e+02 +3.187297244e+02
103165 0 +2.490582501e+02 +3.146682501e+02 +3.146682501e+02
103339 0 +2.229255678e+02 +2.885355678e+02 +2.885355678e+02
103468 0 +1.992395803e+02 +2.648495803e+02 +2.648495803e+02
103548 0 +1.764838861e+02 +2.420938861e+02 +2.420938861e+02
103607 0 +1.544948054e+02 +2.201048054e+02 +2.201048054e+02
103659 0 +1.393560893e+02 +2.049660893e+02 +2.049660893e+02
103706 0 +1.254100634e+02 +1.910200634e+02 +1.910200634e+02
103777 0 +1.116765363e+02 +1.772865363e+02 +1.772865363e+02
103847 0 +9.917193050e+01 +1.647819305e+02 +1.647819305e+02
104091 0 +8.872276566e+01 +1.543327657e+02 +1.543327657e+02
104151 0 +7.814841679e+01 +1.437584168e+02 +1.437584168e+02
104553 0 +7.064094061e+01 +1.362509406e+02 +1.362509406e+02
109389 0 +6.309014559e+01 +1.287001456e+02 +1.287001456e+02
110717 0 +5.621644104e+01 +1.218264410e+02 +1.218264410e+02
111517 0 +5.010719993e+01 +1.157171999e+02 +1.157171999e+02
112129 0 +4.461192986e+01 +1.102219299e+02 +1.102219299e+02
112658 0 +3.981053030e+01 +1.054205303e+02 +1.054205303e+02
113089 0 +3.530842642e+01 +1.009184264e+02 +1.009184264e+02
113489 0 +3.136778759e+01 +9.697778759e+01 +9.697778759e+01
113837 0 +2.801504713e+01 +9.362504713e+01 +9.362504713e+01
114148 0 +2.510200436e+01 +9.071200436e+01 +9.071200436e+01
114449 0 +2.217177800e+01 +8.778177800e+01 +8.778177800e+01
114717 0 +1.978804977e+01 +8.539804977e+01 +8.539804977e+01
114957 0 +1.771064563e+01 +8.332064563e+01 +8.332064563e+01
115197 0 +1.571435702e+01 +8.132435702e+01 +8.132435702e+01
115409 0 +1.403666824e+01 +7.964666824e+01 +7.964666824e+01
115629 0 +1.253550385e+01 +7.814550385e+01 +7.814550385e+01
115809 0 +1.112861977e+01 +7.673861977e+01 +7.673861977e+01
115997 0 +9.897527485e+00 +7.550752749e+01 +7.550752749e+01
116157 0 +8.878010933e+00 +7.448801093e+01 +7.448801093e+01
116317 0 +7.937565367e+00 +7.354756537e+01 +7.354756537e+01
116477 0 +7.023754244e+00 +7.263375424e+01 +7.263375424e+01
116628 0 +6.297797173e+00 +7.190779717e+01 +7.190779717e+01
116769 0 +5.564803352e+00 +7.117480335e+01 +7.117480335e+01
116929 0 +4.872457250e+00 +7.048245725e+01 +7.048245725e+01
117028 0 +4.463787740e+00 +7.007378774e+01 +7.007378774e+01
117169 0 +3.893924320e+00 +6.950392432e+01 +6.950392432e+01
117277 0 +3.515443357e+00 +6.912544336e+01 +6.912544336e+01
117409 0 +3.065303108e+00 +6.867530311e+01 +6.867530311e+01
117497 0 +2.814826260e+00 +6.842482626e+01 +6.842482626e+01
117597 0 +2.502734639e+00 +6.811273464e+01 +6.811273464e+01
117729 0 +2.147321690e+00 +6.775732169e+01 +6.775732169e+01
117809 0 +1.955934393e+00 +6.756593439e+01 +6.756593439e+01
117889 0 +1.756006698e+00 +6.736600670e+01 +6.736600670e+01
117993 0 +1.583630985e+00 +6.719363099e+01 +6.719363099e+01
118128 0 +1.406678952e+00 +6.701667895e+01 +6.701667895e+01
118209 0 +1.156099072e+00 +6.676609907e+01 +6.676609907e+01
118289 0 +1.031388811e+00 +6.664138881e+01 +6.664138881e+01
118369 0 +9.057938057e-01 +6.651579381e+01 +6.651579381e+01
118388 0 +8.900512348e-01 +6.650005123e+01 +6.650005123e+01
118462 0 +7.918084686e-01 +6.640180847e+01 +6.640180847e+01
118529 0 +6.987018872e-01 +6.630870189e+01 +6.630870189e+01
118609 0 +6.056799202e-01 +6.621567992e+01 +6.621567992e+01
118689 0 +5.232917162e-01 +6.613329172e+01 +6.613329172e+01
118769 0 +4.462360793e-01 +6.605623608e+01 +6.605623608e+01
118849 0 +3.732176546e-01 +6.598321765e+01 +6.598321765e+01
118929 0 +3.153803162e-01 +6.592538032e+01 +6.592538032e+01
119009 0 +2.646698066e-01 +6.587466981e+01 +6.587466981e+01
119089 0 +2.171907514e-01 +6.582719075e+01 +6.582719075e+01
119169 0 +1.824484644e-01 +6.579244846e+01 +6.579244846e+01
119212 0 +1.764979833e-01 +6.578649798e+01 +6.578649798e+01
119249 0 +1.567380690e-01 +6.576673807e+01 +6.576673807e+01
119329 0 +1.301685902e-01 +6.574016859e+01 +6.574016859e+01
119374 0 +1.227589693e-01 +6.573275897e+01 +6.573275897e+01
119428 0 +1.082168348e-01 +6.571821683e+01 +6.571821683e+01
119502 0 +9.919150648e-02 +6.570919151e+01 +6.570919151e+01
119787 0 +8.836983880e-02 +6.569836984e+01 +6.569836984e+01
119865 0 +7.899611491e-02 +6.568899611e+01 +6.568899611e+01
120368 0 +7.073751218e-02 +6.568073751e+01 +6.568073751e+01
123631 0 +6.308053697e-02 +6.567308054e+01 +6.567308054e+01
127168 0 +5.623004167e-02 +6.566623004e+01 +6.566623004e+01
130548 0 +5.010972477e-02 +6.566010972e+01 +6.566010972e+01
133923 0 +4.466704630e-02 +6.565466705e+01 +6.565466705e+01
137268 0 +3.977899058e-02 +6.564977899e+01 +6.564977899e+01
140890 0 +3.546271122e-02 +6.564546271e+01 +6.564546271e+01
144616 0 +3.162229985e-02 +6.564162230e+01 +6.564162230e+01
149515 0 +2.817993822e-02 +6.563817994e+01 +6.563817994e+01
154533 0 +2.511695730e-02 +6.563511696e+01 +6.563511696e+01
159337 0 +2.238582717e-02 +6.563238583e+01 +6.563238583e+01
163828 0 +1.993724573e-02 +6.562993725e+01 +6.562993725e+01
168228 0 +1.778247339e-02 +6.562778247e+01 +6.562778247e+01
172340 0 +1.584882801e-02 +6.562584883e+01 +6.562584883e+01
176435 0 +1.412399898e-02 +6.562412400e+01 +6.562412400e+01
180158 0 +1.258813416e-02 +6.562258813e+01 +6.562258813e+01
185988 0 +1.121956054e-02 +6.562121956e+01 +6.562121956e+01
192708 0 +9.997775006e-03 +6.561999778e+01 +6.561999778e+01
198955 0 +8.911375836e-03 +6.561891138e+01 +6.561891138e+01
204948 0 +7.941239643e-03 +6.561794124e+01 +6.561794124e+01
210628 0 +7.076782754e-03 +6.561707678e+01 +6.561707678e+01
215988 0 +6.307503331e-03 +6.561630750e+01 +6.561630750e+01
221108 0 +5.621963732e-03 +6.561562196e+01 +6.561562196e+01
225908 0 +5.009243753e-03 +6.561500924e+01 +6.561500924e+01
230548 0 +4.465559710e-03 +6.561446556e+01 +6.561446556e+01
234893 0 +3.980559820e-03 +6.561398056e+01 +6.561398056e+01
239336 0 +3.547880367e-03 +6.561354788e+01 +6.561354788e+01
243593 0 +3.161861840e-03 +6.561316186e+01 +6.561316186e+01
247991 0 +2.818257118e-03 +6.561281826e+01 +6.561281826e+01
252616 0 +2.511519110e-03 +6.561251152e+01 +6.561251152e+01
257568 0 +2.238689172e-03 +6.561223869e+01 +6.561223869e+01
263773 0 +1.994947230e-03 +6.561199495e+01 +6.561199495e+01
269668 0 +1.777858981e-03 +6.561177786e+01 +6.561177786e+01
275222 0 +1.584840221e-03 +6.561158484e+01 +6.561158484e+01
280490 0 +1.412418507e-03 +6.561141242e+01 +6.561141242e+01
285475 0 +1.258921415e-03 +6.561125892e+01 +6.561125892e+01
290250 0 +1.121947179e-03 +6.561112195e+01 +6.561112195e+01
294928 0 +9.997546305e-04 +6.561099975e+01 +6.561099975e+01
299362 0 +8.910595074e-04 +6.561089106e+01 +6.561089106e+01
304148 0 +7.942200162e-04 +6.561079422e+01 +6.561079422e+01
308776 0 +7.078898814e-04 +6.561070789e+01 +6.561070789e+01
312805 0 +6.308529179e-04 +6.561063085e+01 +6.561063085e+01
319130 0 +5.622861545e-04 +6.561056229e+01 +6.561056229e+01
325508 0 +5.011081615e-04 +6.561050111e+01 +6.561050111e+01
331460 0 +4.466698256e-04 +6.561044667e+01 +6.561044667e+01
337154 0 +3.980863456e-04 +6.561039809e+01 +6.561039809e+01
342468 0 +3.546985326e-04 +6.561035470e+01 +6.561035470e+01
347591 0 +3.162021305e-04 +6.561031620e+01 +6.561031620e+01
352377 0 +2.818135845e-04 +6.561028181e+01 +6.561028181e+01
356948 0 +2.510931794e-04 +6.561025109e+01 +6.561025109e+01
363933 0 +2.238648287e-04 +6.561022386e+01 +6.561022386e+01
371988 0 +1.995239316e-04 +6.561019952e+01 +6.561019952e+01
379610 0 +1.778231517e-04 +6.561017782e+01 +6.561017782e+01
386788 0 +1.584836890e-04 +6.561015848e+01 +6.561015848e+01
393607 0 +1.412458915e-04 +6.561014125e+01 +6.561014125e+01
400000 0 +1.258961380e-04 +6.561012590e+01 +6.561012590e+01
% f evaluations | g evaluations | best noise-free fitness - Fopt (-1.304400000000e+02) + sum g_i+ | measured fitness | best measured fitness or single-digit g-values | x1 | x2...
1 0 +2.535000000e+02 +1.230600000e+02 +1.230600000e+02
103095 0 +2.527094905e+02 +1.222694905e+02 +1.222694905e+02
103194 0 +2.502406227e+02 +1.198006227e+02 +1.198006227e+02
103482 0 +2.132759412e+02 +8.283594123e+01 +8.283594123e+01
103566 0 +1.941172752e+02 +6.367727519e+01 +6.367727519e+01
103587 0 +1.684585088e+02 +3.801850884e+01 +3.801850884e+01
103844 0 +1.578573811e+02 +2.741738111e+01 +2.741738111e+01
103918 0 +1.410173066e+02 +1.057730656e+01 +1.057730656e+01
104014 0 +1.257902876e+02 -4.649712365e+00 -4.649712365e+00
104105 0 +1.117845634e+02 -1.865543657e+01 -1.865543657e+01
104385 0 +9.825877203e+01 -3.218122797e+01 -3.218122797e+01
104696 0 +8.884048790e+01 -4.159951210e+01 -4.159951210e+01
105229 0 +7.938168181e+01 -5.105831819e+01 -5.105831819e+01
124027 0 +7.079118634e+01 -5.964881366e+01 -5.964881366e+01
141777 0 +6.307589926e+01 -6.736410074e+01 -6.736410074e+01
143142 0 +5.622256131e+01 -7.421743869e+01 -7.421743869e+01
143960 0 +5.007949769e+01 -8.036050231e+01 -8.036050231e+01
144577 0 +4.466336227e+01 -8.577663773e+01 -8.577663773e+01
145081 0 +3.967526120e+01 -9.076473880e+01 -9.076473880e+01
145542 0 +3.534455131e+01 -9.509544869e+01 -9.509544869e+01
145942 0 +3.153319357e+01 -9.890680643e+01 -9.890680643e+01
146290 0 +2.807987836e+01 -1.023601216e+02 -1.023601216e+02
146662 0 +2.503237130e+01 -1.054076287e+02 -1.054076287e+02
146982 0 +2.237988855e+01 -1.080601114e+02 -1.080601114e+02
147268 0 +1.994704907e+01 -1.104929509e+02 -1.104929509e+02
147561 0 +1.773675776e+01 -1.127032422e+02 -1.127032422e+02
147810 0 +1.573032112e+01 -1.147096789e+02 -1.147096789e+02
148050 0 +1.405825524e+01 -1.163817448e+02 -1.163817448e+02
148290 0 +1.247925938e+01 -1.179607406e+02 -1.179607406e+02
148521 0 +1.118933149e+01 -1.192506685e+02 -1.192506685e+02
148690 0 +9.996793607e+00 -1.204432064e+02 -1.204432064e+02
148921 0 +8.846073099e+00 -1.215939269e+02 -1.215939269e+02
149090 0 +7.782794282e+00 -1.226572057e+02 -1.226572057e+02
149250 0 +6.960742655e+00 -1.234792573e+02 -1.234792573e+02
149410 0 +6.181706283e+00 -1.242582937e+02 -1.242582937e+02
149561 0 +5.616989472e+00 -1.248230105e+02 -1.248230105e+02
149721 0 +4.945579287e+00 -1.254944207e+02 -1.254944207e+02
149810 0 +4.460645763e+00 -1.259793542e+02 -1.259793542e+02
149970 0 +3.844514767e+00 -1.265954852e+02 -1.265954852e+02
150078 0 +3.547142589e+00 -1.268928574e+02 -1.268928574e+02
150201 0 +3.142107792e+00 -1.272978922e+02 -1.272978922e+02
150290 0 +2.766923792e+00 -1.276730762e+02 -1.276730762e+02
150422 0 +2.511416260e+00 -1.279285837e+02 -1.279285837e+02
150521 0 +2.172242609e+00 -1.282677574e+02 -1.282677574e+02
150601 0 +1.958019822e+00 -1.284819802e+02 -1.284819802e+02
150681 0 +1.757198220e+00 -1.286828018e+02 -1.286828018e+02
150761 0 +1.573380326e+00 -1.288666197e+02 -1.288666197e+02
150841 0 +1.393062081e+00 -1.290469379e+02 -1.290469379e+02
150921 0 +1.229788874e+00 -1.292102111e+02 -1.292102111e+02
151001 0 +1.073911014e+00 -1.293660890e+02 -1.293660890e+02
151081 0 +9.291225496e-01 -1.295108775e+02 -1.295108775e+02
151090 0 +8.769674143e-01 -1.295630326e+02 -1.295630326e+02
151170 0 +7.724917114e-01 -1.296675083e+02 -1.296675083e+02
151241 0 +6.905309486e-01 -1.297494691e+02 -1.297494691e+02
151321 0 +5.875394201e-01 -1.298524606e+02 -1.298524606e+02
151330 0 +5.615854776e-01 -1.298784145e+02 -1.298784145e+02
151410 0 +4.875056655e-01 -1.299524943e+02 -1.299524943e+02
151481 0 +4.264190453e-01 -1.300135810e+02 -1.300135810e+02
151553 0 +3.956566039e-01 -1.300443434e+02 -1.300443434e+02
151561 0 +3.531810738e-01 -1.300868189e+02 -1.300868189e+02
151641 0 +2.946407984e-01 -1.301453592e+02 -1.301453592e+02
151721 0 +2.624647860e-01 -1.301775352e+02 -1.301775352e+02
151793 0 +2.489553059e-01 -1.301910447e+02 -1.301910447e+02
151881 0 +2.191408346e-01 -1.302208592e+02 -1.302208592e+02
152050 0 +1.974279183e-01 -1.302425721e+02 -1.302425721e+02
152428 0 +1.776417454e-01 -1.302623583e+02 -1.302623583e+02
154293 0 +1.584726789e-01 -1.302815273e+02 -1.302815273e+02
157104 0 +1.412531075e-01 -1.302987469e+02 -1.302987469e+02
159835 0 +1.258774791e-01 -1.303141225e+02 -1.303141225e+02
163256 0 +1.121504887e-01 -1.303278495e+02 -1.303278495e+02
166700 0 +9.997805304e-02 -1.303400219e+02 -1.303400219e+02
169957 0 +8.910937418e-02 -1.303508906e+02 -1.303508906e+02
173076 0 +7.943104527e-02 -1.303605690e+02 -1.303605690e+02
176155 0 +7.078620398e-02 -1.303692138e+02 -1.303692138e+02
179008 0 +6.309243665e-02 -1.303769076e+02 -1.303769076e+02
181986 0 +5.621719779e-02 -1.303837828e+02 -1.303837828e+02
184696 0 +5.010755486e-02 -1.303898924e+02 -1.303898924e+02
187981 0 +4.465237792e-02 -1.303953476e+02 -1.303953476e+02
191707 0 +3.979300261e-02 -1.304002070e+02 -1.304002070e+02
195266 0 +3.545563709e-02 -1.304045444e+02 -1.304045444e+02
199028 0 +3.160371445e-02 -1.304083963e+02 -1.304083963e+02
203348 0 +2.818347076e-02 -1.304118165e+02 -1.304118165e+02
207387 0 +2.511834027e-02 -1.304148817e+02 -1.304148817e+02
211193 0 +2.238605299e-02 -1.304176139e+02 -1.304176139e+02
214936 0 +1.994984718e-02 -1.304200502e+02 -1.304200502e+02
218406 0 +1.778263381e-02 -1.304222174e+02 -1.304222174e+02
221766 0 +1.584691513e-02 -1.304241531e+02 -1.304241531e+02
225498 0 +1.412051377e-02 -1.304258795e+02 -1.304258795e+02
229515 0 +1.258391204e-02 -1.304274161e+02 -1.304274161e+02
233588 0 +1.121968786e-02 -1.304287803e+02 -1.304287803e+02
237746 0 +9.999263788e-03 -1.304300007e+02 -1.304300007e+02
242546 0 +8.911175630e-03 -1.304310888e+02 -1.304310888e+02
247416 0 +7.939062315e-03 -1.304320609e+02 -1.304320609e+02
252051 0 +7.078959413e-03 -1.304329210e+02 -1.304329210e+02
256386 0 +6.309209354e-03 -1.304336908e+02 -1.304336908e+02
260524 0 +5.623265881e-03 -1.304343767e+02 -1.304343767e+02
264589 0 +5.011801397e-03 -1.304349882e+02 -1.304349882e+02
268516 0 +4.466010604e-03 -1.304355340e+02 -1.304355340e+02
272752 0 +3.980062994e-03 -1.304360199e+02 -1.304360199e+02
276873 0 +3.548053141e-03 -1.304364519e+02 -1.304364519e+02
281264 0 +3.162115995e-03 -1.304368379e+02 -1.304368379e+02
285755 0 +2.818050310e-03 -1.304371819e+02 -1.304371819e+02
290907 0 +2.511818879e-03 -1.304374882e+02 -1.304374882e+02
296293 0 +2.238477710e-03 -1.304377615e+02 -1.304377615e+02
301396 0 +1.995180335e-03 -1.304380048e+02 -1.304380048e+02
306136 0 +1.777681410e-03 -1.304382223e+02 -1.304382223e+02
310701 0 +1.584708499e-03 -1.304384153e+02 -1.304384153e+02
315035 0 +1.412443098e-03 -1.304385876e+02 -1.304385876e+02
319146 0 +1.258768157e-03 -1.304387412e+02 -1.304387412e+02
323456 0 +1.121992728e-03 -1.304388780e+02 -1.304388780e+02
327804 0 +9.998572154e-04 -1.304390001e+02 -1.304390001e+02
332124 0 +8.909831833e-04 -1.304391090e+02 -1.304391090e+02
336669 0 +7.942805735e-04 -1.304392057e+02 -1.304392057e+02
341143 0 +7.078134065e-04 -1.304392922e+02 -1.304392922e+02
346616 0 +6.306793346e-04 -1.304393693e+02 -1.304393693e+02
352061 0 +5.622928662e-04 -1.304394377e+02 -1.304394377e+02
357264 0 +5.011594855e-04 -1.304394988e+02 -1.304394988e+02
362144 0 +4.466774752e-04 -1.304395533e+02 -1.304395533e+02
366780 0 +3.981033794e-04 -1.304396019e+02 -1.304396019e+02
371186 0 +3.547142000e-04 -1.304396453e+02 -1.304396453e+02
375387 0 +3.161066360e-04 -1.304396839e+02 -1.304396839e+02
379755 0 +2.818260040e-04 -1.304397182e+02 -1.304397182e+02
384233 0 +2.511611378e-04 -1.304397488e+02 -1.304397488e+02
388509 0 +2.237874895e-04 -1.304397762e+02 -1.304397762e+02
393757 0 +1.994533388e-04 -1.304398005e+02 -1.304398005e+02
399028 0 +1.778276637e-04 -1.304398222e+02 -1.304398222e+02
400000 0 +1.740010543e-04 -1.304398260e+02 -1.304398260e+02
% f evaluations | g evaluations | best noise-free fitness - Fopt (4.949800000000e+02) + sum g_i+ | measured fitness | best measured fitness or single-digit g-values | x1 | x2...
1 0 +2.535000000e+02 +7.484800000e+02 +7.484800000e+02
103079 0 +2.530902179e+02 +7.480702179e+02 +7.480702179e+02
103134 0 +2.491471578e+02 +7.441271578e+02 +7.441271578e+02
103410 0 +2.236139271e+02 +7.185939271e+02 +7.185939271e+02
103479 0 +1.965069621e+02 +6.914869621e+02 +6.914869621e+02
103546 0 +1.752072385e+02 +6.701872385e+02 +6.701872385e+02
103611 0 +1.584366087e+02 +6.534166087e+02 +6.534166087e+02
103633 0 +1.402718836e+02 +6.352518836e+02 +6.352518836e+02
103676 0 +1.249503863e+02 +6.199303863e+02 +6.199303863e+02
103719 0 +1.102373725e+02 +6.052173725e+02 +6.052173725e+02
104041 0 +9.817839019e+01 +5.931583902e+02 +5.931583902e+02
104098 0 +8.911174724e+01 +5.840917472e+02 +5.840917472e+02
104359 0 +7.920202040e+01 +5.741820204e+02 +5.741820204e+02
113512 0 +7.079370415e+01 +5.657737042e+02 +5.657737042e+02
129880 0 +6.303842609e+01 +5.580184261e+02 +5.580184261e+02
131274 0 +5.623019516e+01 +5.512101952e+02 +5.512101952e+02
132120 0 +5.004241882e+01 +5.450224188e+02 +5.450224188e+02
132760 0 +4.462610825e+01 +5.396061083e+02 +5.396061083e+02
133302 0 +3.980033503e+01 +5.347803350e+02 +5.347803350e+02
133766 0 +3.547779115e+01 +5.304577911e+02 +5.304577911e+02
134198 0 +3.162234635e+01 +5.266023464e+02 +5.266023464e+02
134531 0 +2.816909531e+01 +5.231490953e+02 +5.231490953e+02
134920 0 +2.485362178e+01 +5.198336218e+02 +5.198336218e+02
135240 0 +2.216515968e+01 +5.171451597e+02 +5.171451597e+02
135560 0 +1.961637627e+01 +5.145963763e+02 +5.145963763e+02
135809 0 +1.767683888e+01 +5.126568389e+02 +5.126568389e+02
136120 0 +1.559075118e+01 +5.105707512e+02 +5.105707512e+02
136360 0 +1.404016215e+01 +5.090201622e+02 +5.090201622e+02
136609 0 +1.254780504e+01 +5.075278050e+02 +5.075278050e+02
136851 0 +1.120470036e+01 +5.061847004e+02 +5.061847004e+02
137089 0 +9.977373728e+00 +5.049573737e+02 +5.049573737e+02
137320 0 +8.909403819e+00 +5.038894038e+02 +5.038894038e+02
137560 0 +7.868736721e+00 +5.028487367e+02 +5.028487367e+02
137800 0 +6.878290719e+00 +5.018582907e+02 +5.018582907e+02
137960 0 +6.274850179e+00 +5.012548502e+02 +5.012548502e+02
138200 0 +5.391521905e+00 +5.003715219e+02 +5.003715219e+02
138360 0 +4.849273171e+00 +4.998292732e+02 +4.998292732e+02
138520 0 +4.373033084e+00 +4.993530331e+02 +4.993530331e+02
138680 0 +3.890620109e+00 +4.988706201e+02 +4.988706201e+02
138840 0 +3.476504612e+00 +4.984565046e+02 +4.984565046e+02
139000 0 +3.054142457e+00 +4.980341425e+02 +4.980341425e+02
139160 0 +2.685561504e+00 +4.976655615e+02 +4.976655615e+02
139243 0 +2.510852179e+00 +4.974908522e+02 +4.974908522e+02
139400 0 +2.163763837e+00 +4.971437638e+02 +4.971437638e+02
139530 0 +1.994117085e+00 +4.969741171e+02 +4.969741171e+02
139640 0 +1.694248073e+00 +4.966742481e+02 +4.966742481e+02
139720 0 +1.559547942e+00 +4.965395479e+02 +4.965395479e+02
139871 0 +1.411736325e+00 +4.963917363e+02 +4.963917363e+02
139960 0 +1.169575614e+00 +4.961495756e+02 +4.961495756e+02
140040 0 +1.048362760e+00 +4.960283628e+02 +4.960283628e+02
140120 0 +9.496994993e-01 +4.959296995e+02 +4.959296995e+02
140200 0 +8.446668107e-01 +4.958246668e+02 +4.958246668e+02
140280 0 +7.447123434e-01 +4.957247123e+02 +4.957247123e+02
140360 0 +6.588570085e-01 +4.956388570e+02 +4.956388570e+02
140440 0 +5.765857058e-01 +4.955565857e+02 +4.955565857e+02
140520 0 +4.908016911e-01 +4.954708017e+02 +4.954708017e+02
140600 0 +4.210174713e-01 +4.954010175e+02 +4.954010175e+02
140680 0 +3.519852789e-01 +4.953319853e+02 +4.953319853e+02
140760 0 +2.881506938e-01 +4.952681507e+02 +4.952681507e+02
140840 0 +2.417631460e-01 +4.952217631e+02 +4.952217631e+02
140920 0 +1.930581470e-01 +4.951730581e+02 +4.951730581e+02
141000 0 +1.559228850e-01 +4.951359229e+02 +4.951359229e+02
141080 0 +1.222691046e-01 +4.951022691e+02 +4.951022691e+02
141108 0 +1.118308908e-01 +4.950918309e+02 +4.950918309e+02
141160 0 +8.583432840e-02 +4.950658343e+02 +4.950658343e+02
141206 0 +7.881831945e-02 +4.950588183e+02 +4.950588183e+02
141240 0 +6.315907062e-02 +4.950431591e+02 +4.950431591e+02
141272 0 +6.207443507e-02 +4.950420744e+02 +4.950420744e+02
141320 0 +5.158674056e-02 +4.950315867e+02 +4.950315867e+02
141342 0 +4.774823079e-02 +4.950277482e+02 +4.950277482e+02
141379 0 +4.246880802e-02 +4.950224688e+02 +4.950224688e+02
141394 0 +3.900363233e-02 +4.950190036e+02 +4.950190036e+02
141400 0 +3.407425753e-02 +4.950140743e+02 +4.950140743e+02
141471 0 +2.978698027e-02 +4.950097870e+02 +4.950097870e+02
141478 0 +2.728954406e-02 +4.950072895e+02 +4.950072895e+02
141526 0 +2.475312956e-02 +4.950047531e+02 +4.950047531e+02
141543 0 +2.062399812e-02 +4.950006240e+02 +4.950006240e+02
141769 0 +1.783705985e-02 +4.949978371e+02 +4.949978371e+02
141779 0 +1.722223757e-02 +4.949972222e+02 +4.949972222e+02
141800 0 +1.494129830e-02 +4.949949413e+02 +4.949949413e+02
141811 0 +1.407421046e-02 +4.949940742e+02 +4.949940742e+02
141830 0 +1.211927340e-02 +4.949921193e+02 +4.949921193e+02
141873 0 +1.093069253e-02 +4.949909307e+02 +4.949909307e+02
141903 0 +9.567843543e-03 +4.949895678e+02 +4.949895678e+02
141940 0 +8.839147180e-03 +4.949888391e+02 +4.949888391e+02
141958 0 +7.812204382e-03 +4.949878122e+02 +4.949878122e+02
142086 0 +6.784627701e-03 +4.949867846e+02 +4.949867846e+02
142098 0 +6.273535911e-03 +4.949862735e+02 +4.949862735e+02
142254 0 +5.590796395e-03 +4.949855908e+02 +4.949855908e+02
142281 0 +4.540606944e-03 +4.949845406e+02 +4.949845406e+02
142294 0 +4.322932190e-03 +4.949843229e+02 +4.949843229e+02
142314 0 +3.793289140e-03 +4.949837933e+02 +4.949837933e+02
142322 0 +3.490157647e-03 +4.949834902e+02 +4.949834902e+02
142395 0 +3.060020542e-03 +4.949830600e+02 +4.949830600e+02
142449 0 +2.809952398e-03 +4.949828100e+02 +4.949828100e+02
142666 0 +2.485402399e-03 +4.949824854e+02 +4.949824854e+02
142699 0 +2.227360962e-03 +4.949822274e+02 +4.949822274e+02
142787 0 +1.981009895e-03 +4.949819810e+02 +4.949819810e+02
142862 0 +1.756440175e-03 +4.949817564e+02 +4.949817564e+02
143104 0 +1.582000053e-03 +4.949815820e+02 +4.949815820e+02
144314 0 +1.412339226e-03 +4.949814123e+02 +4.949814123e+02
148818 0 +1.258811062e-03 +4.949812588e+02 +4.949812588e+02
153361 0 +1.121955470e-03 +4.949811220e+02 +4.949811220e+02
157723 0 +9.998319737e-04 +4.949809998e+02 +4.949809998e+02
162714 0 +8.911998371e-04 +4.949808912e+02 +4.949808912e+02
167984 0 +7.941164467e-04 +4.949807941e+02 +4.949807941e+02
173058 0 +7.078916142e-04 +4.949807079e+02 +4.949807079e+02
178663 0 +6.308764251e-04 +4.949806309e+02 +4.949806309e+02
184023 0 +5.620288608e-04 +4.949805620e+02 +4.949805620e+02
189094 0 +5.011709563e-04 +4.949805012e+02 +4.949805012e+02
193835 0 +4.466645569e-04 +4.949804467e+02 +4.949804467e+02
198425 0 +3.980948406e-04 +4.949803981e+02 +4.949803981e+02
202813 0 +3.547092136e-04 +4.949803547e+02 +4.949803547e+02
207288 0 +3.161726219e-04 +4.949803162e+02 +4.949803162e+02
211975 0 +2.817924794e-04 +4.949802818e+02 +4.949802818e+02
216545 0 +2.511794505e-04 +4.949802512e+02 +4.949802512e+02
221275 0 +2.238206450e-04 +4.949802238e+02 +4.949802238e+02
226101 0 +1.995042047e-04 +4.949801995e+02 +4.949801995e+02
231623 0 +1.777891529e-04 +4.949801778e+02 +4.949801778e+02
237303 0 +1.584717783e-04 +4.949801585e+02 +4.949801585e+02
242763 0 +1.412485227e-04 +4.949801412e+02 +4.949801412e+02
247883 0 +1.258824735e-04 +4.949801259e+02 +4.949801259e+02
252823 0 +1.121938980e-04 +4.949801122e+02 +4.949801122e+02
257370 0 +9.999349697e-05 +4.949801000e+02 +4.949801000e+02
261778 0 +8.910373793e-05 +4.949800891e+02 +4.949800891e+02
266119 0 +7.942871338e-05 +4.949800794e+02 +4.949800794e+02
270704 0 +7.079347773e-05 +4.949800708e+02 +4.949800708e+02
275058 0 +6.309057716e-05 +4.949800631e+02 +4.949800631e+02
280057 0 +5.623019302e-05 +4.949800562e+02 +4.949800562e+02
285337 0 +5.009598453e-05 +4.949800501e+02 +4.949800501e+02
291014 0 +4.466577400e-05 +4.949800447e+02 +4.949800447e+02
296663 0 +3.980624928e-05 +4.949800398e+02 +4.949800398e+02
302101 0 +3.547667734e-05 +4.949800355e+02 +4.949800355e+02
307212 0 +3.162027741e-05 +4.949800316e+02 +4.949800316e+02
312103 0 +2.817382853e-05 +4.949800282e+02 +4.949800282e+02
316893 0 +2.511511997e-05 +4.949800251e+02 +4.949800251e+02
321290 0 +2.238497933e-05 +4.949800224e+02 +4.949800224e+02
325675 0 +1.994882808e-05 +4.949800199e+02 +4.949800199e+02
330248 0 +1.778119810e-05 +4.949800178e+02 +4.949800178e+02
335083 0 +1.584796217e-05 +4.949800158e+02 +4.949800158e+02
339883 0 +1.412323070e-05 +4.949800141e+02 +4.949800141e+02
346263 0 +1.258447560e-05 +4.949800126e+02 +4.949800126e+02
352423 0 +1.121942648e-05 +4.949800112e+02 +4.949800112e+02
358263 0 +9.997184918e-06 +4.949800100e+02 +4.949800100e+02
363751 0 +8.912454234e-06 +4.949800089e+02 +4.949800089e+02
368949 0 +7.942802370e-06 +4.949800079e+02 +4.949800079e+02
373795 0 +7.079245052e-06 +4.949800071e+02 +4.949800071e+02
378554 0 +6.309078231e-06 +4.949800063e+02 +4.949800063e+02
383111 0 +5.622714866e-06 +4.949800056e+02 +4.949800056e+02
387584 0 +5.011369581e-06 +4.949800050e+02 +4.949800050e+02
392283 0 +4.466500627e-06 +4.949800045e+02 +4.949800045e+02
396791 0 +3.980803740e-06 +4.949800040e+02 +4.949800040e+02
400000 0 +3.703047298e-06 +4.949800037e+02 +4.949800037e+02
% f evaluations | g evaluations | best noise-free fitness - Fopt (4.685000000000e+01) + sum g_i+ | measured fitness | best measured fitness or single-digit g-values | x1 | x2...
1 0 +2.535000000e+02 +3.003500000e+02 +3.003500000e+02
103155 0 +2.531857162e+02 +3.000357162e+02 +3.000357162e+02
103231 0 +2.506459067e+02 +2.974959067e+02 +2.974959067e+02
103391 0 +2.232250778e+02 +2.700750778e+02 +2.700750778e+02
103724 0 +1.976784416e+02 +2.445284416e+02 +2.445284416e+02
103982 0 +1.776986683e+02 +2.245486683e+02 +2.245486683e+02
104062 0 +1.555923238e+02 +2.024423238e+02 +2.024423238e+02
104119 0 +1.408433863e+02 +1.876933863e+02 +1.876933863e+02
104184 0 +1.229422515e+02 +1.697922515e+02 +1.697922515e+02
104209 0 +1.111198061e+02 +1.579698061e+02 +1.579698061e+02
104249 0 +9.788344018e+01 +1.447334402e+02 +1.447334402e+02
104265 0 +8.440651949e+01 +1.312565195e+02 +1.312565195e+02
104328 0 +7.806069259e+01 +1.249106926e+02 +1.249106926e+02
104529 0 +7.042861234e+01 +1.172786123e+02 +1.172786123e+02
104564 0 +6.307462912e+01 +1.099246291e+02 +1.099246291e+02
104605 0 +5.611086432e+01 +1.029608643e+02 +1.029608643e+02
104636 0 +5.010858235e+01 +9.695858235e+01 +9.695858235e+01
104674 0 +4.389174702e+01 +9.074174702e+01 +9.074174702e+01
104695 0 +3.929951234e+01 +8.614951234e+01 +8.614951234e+01
104754 0 +3.471226066e+01 +8.156226066e+01 +8.156226066e+01
104765 0 +2.927195175e+01 +7.612195175e+01 +7.612195175e+01
104775 0 +2.690974661e+01 +7.375974661e+01 +7.375974661e+01
104809 0 +2.412493350e+01 +7.097493350e+01 +7.097493350e+01
104818 0 +2.079534394e+01 +6.764534394e+01 +6.764534394e+01
104845 0 +1.825517806e+01 +6.510517806e+01 +6.510517806e+01
104849 0 +1.763057058e+01 +6.448057058e+01 +6.448057058e+01
104925 0 +1.539386341e+01 +6.224386341e+01 +6.224386341e+01
104945 0 +1.395656393e+01 +6.080656393e+01 +6.080656393e+01
105075 0 +1.227689473e+01 +5.912689473e+01 +5.912689473e+01
105290 0 +1.108418231e+01 +5.793418231e+01 +5.793418231e+01
105353 0 +9.883264292e+00 +5.673326429e+01 +5.673326429e+01
105421 0 +8.861734663e+00 +5.571173466e+01 +5.571173466e+01
106100 0 +7.933622670e+00 +5.478362267e+01 +5.478362267e+01
107562 0 +7.078865743e+00 +5.392886574e+01 +5.392886574e+01
112886 0 +6.308088337e+00 +5.315808834e+01 +5.315808834e+01
117318 0 +5.622245880e+00 +5.247224588e+01 +5.247224588e+01
121288 0 +5.010725712e+00 +5.186072571e+01 +5.186072571e+01
124762 0 +4.465077010e+00 +5.131507701e+01 +5.131507701e+01
127733 0 +3.980321766e+00 +5.083032177e+01 +5.083032177e+01
130566 0 +3.546488520e+00 +5.039648852e+01 +5.039648852e+01
132892 0 +3.161597979e+00 +5.001159798e+01 +5.001159798e+01
135110 0 +2.818224071e+00 +4.966822407e+01 +4.966822407e+01
137190 0 +2.511596815e+00 +4.936159681e+01 +4.936159681e+01
139149 0 +2.237478187e+00 +4.908747819e+01 +4.908747819e+01
140940 0 +1.995225019e+00 +4.884522502e+01 +4.884522502e+01
142598 0 +1.777676543e+00 +4.862767654e+01 +4.862767654e+01
143958 0 +1.584330449e+00 +4.843433045e+01 +4.843433045e+01
145252 0 +1.411782283e+00 +4.826178228e+01 +4.826178228e+01
146513 0 +1.258247471e+00 +4.810824747e+01 +4.810824747e+01
147696 0 +1.121467120e+00 +4.797146712e+01 +4.797146712e+01
149278 0 +9.998628897e-01 +4.784986289e+01 +4.784986289e+01
150858 0 +8.910686085e-01 +4.774106861e+01 +4.774106861e+01
152375 0 +7.932805693e-01 +4.764328057e+01 +4.764328057e+01
154038 0 +7.067814140e-01 +4.755678141e+01 +4.755678141e+01
155878 0 +6.298836713e-01 +4.747988367e+01 +4.747988367e+01
157604 0 +5.623398522e-01 +4.741233985e+01 +4.741233985e+01
159239 0 +5.011148393e-01 +4.735111484e+01 +4.735111484e+01
160853 0 +4.465934999e-01 +4.729659350e+01 +4.729659350e+01
162678 0 +3.978967627e-01 +4.724789676e+01 +4.724789676e+01
164455 0 +3.547689116e-01 +4.720476891e+01 +4.720476891e+01
166506 0 +3.162247477e-01 +4.716622475e+01 +4.716622475e+01
169078 0 +2.816544435e-01 +4.713165444e+01 +4.713165444e+01
171604 0 +2.511501110e-01 +4.710115011e+01 +4.710115011e+01
174038 0 +2.237288692e-01 +4.707372887e+01 +4.707372887e+01
176368 0 +1.994556739e-01 +4.704945567e+01 +4.704945567e+01
178656 0 +1.777741946e-01 +4.702777419e+01 +4.702777419e+01
181175 0 +1.584072464e-01 +4.700840725e+01 +4.700840725e+01
183536 0 +1.412183600e-01 +4.699121836e+01 +4.699121836e+01
186373 0 +1.258121723e-01 +4.697581217e+01 +4.697581217e+01
189076 0 +1.121346902e-01 +4.696213469e+01 +4.696213469e+01
191758 0 +9.999340586e-02 +4.694999341e+01 +4.694999341e+01
194770 0 +8.911242337e-02 +4.693911242e+01 +4.693911242e+01
198038 0 +7.938234596e-02 +4.692938235e+01 +4.692938235e+01
200998 0 +7.077065327e-02 +4.692077065e+01 +4.692077065e+01
203916 0 +6.308055319e-02 +4.691308055e+01 +4.691308055e+01
206961 0 +5.622661923e-02 +4.690622662e+01 +4.690622662e+01
210278 0 +5.010097059e-02 +4.690010097e+01 +4.690010097e+01
213344 0 +4.465450460e-02 +4.689465450e+01 +4.689465450e+01
216766 0 +3.979558369e-02 +4.688979558e+01 +4.688979558e+01
220324 0 +3.545332532e-02 +4.688545333e+01 +4.688545333e+01
224064 0 +3.162270923e-02 +4.688162271e+01 +4.688162271e+01
228302 0 +2.818234056e-02 +4.687818234e+01 +4.687818234e+01
232084 0 +2.511500371e-02 +4.687511500e+01 +4.687511500e+01
235575 0 +2.238645351e-02 +4.687238645e+01 +4.687238645e+01
239118 0 +1.994969630e-02 +4.686994970e+01 +4.686994970e+01
242624 0 +1.778070402e-02 +4.686778070e+01 +4.686778070e+01
246118 0 +1.583921244e-02 +4.686583921e+01 +4.686583921e+01
249527 0 +1.412390775e-02 +4.686412391e+01 +4.686412391e+01
253536 0 +1.258615582e-02 +4.686258616e+01 +4.686258616e+01
257326 0 +1.121693581e-02 +4.686121694e+01 +4.686121694e+01
261428 0 +9.998366008e-03 +4.685999837e+01 +4.685999837e+01
265961 0 +8.911468738e-03 +4.685891147e+01 +4.685891147e+01
271140 0 +7.940236462e-03 +4.685794024e+01 +4.685794024e+01
275238 0 +7.079029152e-03 +4.685707903e+01 +4.685707903e+01
279300 0 +6.308957483e-03 +4.685630896e+01 +4.685630896e+01
283216 0 +5.622851223e-03 +4.685562285e+01 +4.685562285e+01
287199 0 +5.009636324e-03 +4.685500964e+01 +4.685500964e+01
291151 0 +4.465554498e-03 +4.685446555e+01 +4.685446555e+01
295255 0 +3.980768230e-03 +4.685398077e+01 +4.685398077e+01
299300 0 +3.546265916e-03 +4.685354627e+01 +4.685354627e+01
303655 0 +3.161992275e-03 +4.685316199e+01 +4.685316199e+01
308256 0 +2.817843648e-03 +4.685281784e+01 +4.685281784e+01
313300 0 +2.511239742e-03 +4.685251124e+01 +4.685251124e+01
318180 0 +2.238491398e-03 +4.685223849e+01 +4.685223849e+01
322846 0 +1.995087126e-03 +4.685199509e+01 +4.685199509e+01
327238 0 +1.778113328e-03 +4.685177811e+01 +4.685177811e+01
331524 0 +1.584527370e-03 +4.685158453e+01 +4.685158453e+01
335586 0 +1.412422351e-03 +4.685141242e+01 +4.685141242e+01
339700 0 +1.258706212e-03 +4.685125871e+01 +4.685125871e+01
343646 0 +1.121943159e-03 +4.685112194e+01 +4.685112194e+01
347693 0 +9.999278153e-04 +4.685099993e+01 +4.685099993e+01
351940 0 +8.909855576e-04 +4.685089099e+01 +4.685089099e+01
356613 0 +7.942632646e-04 +4.685079426e+01 +4.685079426e+01
361175 0 +7.076845379e-04 +4.685070768e+01 +4.685070768e+01
366133 0 +6.307237162e-04 +4.685063072e+01 +4.685063072e+01
370836 0 +5.622612151e-04 +4.685056226e+01 +4.685056226e+01
375540 0 +5.010162998e-04 +4.685050102e+01 +4.685050102e+01
380013 0 +4.466709560e-04 +4.685044667e+01 +4.685044667e+01
384278 0 +3.980754325e-04 +4.685039808e+01 +4.685039808e+01
388468 0 +3.548026085e-04 +4.685035480e+01 +4.685035480e+01
392759 0 +3.162206894e-04 +4.685031622e+01 +4.685031622e+01
397188 0 +2.818380006e-04 +4.685028184e+01 +4.685028184e+01
400000 0 +2.591948642e-04 +4.685025919e+01 +4.685025919e+01
% f evaluations | g evaluations | best noise-free fitness - Fopt (1.046400000000e+02) + sum g_i+ | measured fitness | best measured fitness or single-digit g-values | x1 | x2...
1 0 +2.535000000e+02 +3.581400000e+02 +3.581400000e+02
103101 0 +2.513882497e+02 +3.560282497e+02 +3.560282497e+02
103121 0 +2.502626024e+02 +3.549026024e+02 +3.549026024e+02
103299 0 +2.192946559e+02 +3.239346559e+02 +3.239346559e+02
103367 0 +1.987859753e+02 +3.034259753e+02 +3.034259753e+02
103431 0 +1.774838828e+02 +2.821238828e+02 +2.821238828e+02
103582 0 +1.571425868e+02 +2.617825868e+02 +2.617825868e+02
103878 0 +1.395267143e+02 +2.441667143e+02 +2.441667143e+02
103924 0 +1.235191076e+02 +2.281591076e+02 +2.281591076e+02
104004 0 +1.102869953e+02 +2.149269953e+02 +2.149269953e+02
104148 0 +9.998931902e+01 +2.046293190e+02 +2.046293190e+02
104696 0 +8.904866421e+01 +1.936886642e+02 +1.936886642e+02
113683 0 +7.941400637e+01 +1.840540064e+02 +1.840540064e+02
131356 0 +7.079033488e+01 +1.754303349e+02 +1.754303349e+02
138808 0 +6.309500100e+01 +1.677350010e+02 +1.677350010e+02
140064 0 +5.612169536e+01 +1.607616954e+02 +1.607616954e+02
140864 0 +4.995694508e+01 +1.545969451e+02 +1.545969451e+02
141477 0 +4.459641596e+01 +1.492364160e+02 +1.492364160e+02
142010 0 +3.966654556e+01 +1.443065456e+02 +1.443065456e+02
142464 0 +3.531973935e+01 +1.399597394e+02 +1.399597394e+02
142864 0 +3.149875500e+01 +1.361387550e+02 +1.361387550e+02
143236 0 +2.813174874e+01 +1.327717487e+02 +1.327717487e+02
143557 0 +2.505743453e+01 +1.296974345e+02 +1.296974345e+02
143850 0 +2.238182930e+01 +1.270218293e+02 +1.270218293e+02
144144 0 +1.979185600e+01 +1.244318560e+02 +1.244318560e+02
144402 0 +1.778206203e+01 +1.224220620e+02 +1.224220620e+02
144650 0 +1.573695421e+01 +1.203769542e+02 +1.203769542e+02
144864 0 +1.409605451e+01 +1.187360545e+02 +1.187360545e+02
145104 0 +1.238021082e+01 +1.170202108e+02 +1.170202108e+02
145290 0 +1.118171791e+01 +1.158217179e+02 +1.158217179e+02
145504 0 +9.836245015e+00 +1.144762450e+02 +1.144762450e+02
145690 0 +8.820572816e+00 +1.134605728e+02 +1.134605728e+02
145877 0 +7.942496631e+00 +1.125824966e+02 +1.125824966e+02
146064 0 +6.903613492e+00 +1.115436135e+02 +1.115436135e+02
146224 0 +6.220834068e+00 +1.108608341e+02 +1.108608341e+02
146384 0 +5.598941271e+00 +1.102389413e+02 +1.102389413e+02
146570 0 +5.005816482e+00 +1.096458165e+02 +1.096458165e+02
146784 0 +4.247327050e+00 +1.088873270e+02 +1.088873270e+02
146944 0 +3.784423943e+00 +1.084244239e+02 +1.084244239e+02
147104 0 +3.370572404e+00 +1.080105724e+02 +1.080105724e+02
147256 0 +3.162040036e+00 +1.078020400e+02 +1.078020400e+02
147344 0 +2.797765752e+00 +1.074377658e+02 +1.074377658e+02
147504 0 +2.433534435e+00 +1.070735344e+02 +1.070735344e+02
147664 0 +2.106450111e+00 +1.067464501e+02 +1.067464501e+02
147744 0 +1.962401078e+00 +1.066024011e+02 +1.066024011e+02
147904 0 +1.682041981e+00 +1.063220420e+02 +1.063220420e+02
147984 0 +1.556602175e+00 +1.061966022e+02 +1.061966022e+02
148144 0 +1.311203780e+00 +1.059512038e+02 +1.059512038e+02
148224 0 +1.204014143e+00 +1.058440141e+02 +1.058440141e+02
148304 0 +1.110630712e+00 +1.057506307e+02 +1.057506307e+02
148464 0 +9.241701668e-01 +1.055641702e+02 +1.055641702e+02
148544 0 +8.473093069e-01 +1.054873093e+02 +1.054873093e+02
148624 0 +7.780312588e-01 +1.054180313e+02 +1.054180313e+02
148784 0 +6.620411243e-01 +1.053020411e+02 +1.053020411e+02
148864 0 +6.131457264e-01 +1.052531457e+02 +1.052531457e+02
148988 0 +5.617434854e-01 +1.052017435e+02 +1.052017435e+02
149104 0 +4.927085747e-01 +1.051327086e+02 +1.051327086e+02
149374 0 +4.445562485e-01 +1.050845562e+02 +1.050845562e+02
150560 0 +3.979983457e-01 +1.050379983e+02 +1.050379983e+02
152450 0 +3.548028994e-01 +1.049948029e+02 +1.049948029e+02
154526 0 +3.158763881e-01 +1.049558764e+02 +1.049558764e+02
156488 0 +2.818149952e-01 +1.049218150e+02 +1.049218150e+02
158742 0 +2.511714874e-01 +1.048911715e+02 +1.048911715e+02
161922 0 +2.237482478e-01 +1.048637482e+02 +1.048637482e+02
164962 0 +1.993769596e-01 +1.048393770e+02 +1.048393770e+02
167922 0 +1.777154236e-01 +1.048177154e+02 +1.048177154e+02
170690 0 +1.584766128e-01 +1.047984766e+02 +1.047984766e+02
173282 0 +1.411668543e-01 +1.047811669e+02 +1.047811669e+02
176286 0 +1.258869974e-01 +1.047658870e+02 +1.047658870e+02
179356 0 +1.121976417e-01 +1.047521976e+02 +1.047521976e+02
182215 0 +9.997223365e-02 +1.047399722e+02 +1.047399722e+02
185133 0 +8.907818602e-02 +1.047290782e+02 +1.047290782e+02
188722 0 +7.935970717e-02 +1.047193597e+02 +1.047193597e+02
191524 0 +7.074350300e-02 +1.047107435e+02 +1.047107435e+02
195170 0 +6.308457618e-02 +1.047030846e+02 +1.047030846e+02
198728 0 +5.623327876e-02 +1.046962333e+02 +1.046962333e+02
202053 0 +5.008952106e-02 +1.046900895e+02 +1.046900895e+02
205330 0 +4.466146544e-02 +1.046846615e+02 +1.046846615e+02
208450 0 +3.980208612e-02 +1.046798021e+02 +1.046798021e+02
212244 0 +3.547618728e-02 +1.046754762e+02 +1.046754762e+02
217682 0 +3.162237871e-02 +1.046716224e+02 +1.046716224e+02
222802 0 +2.818345191e-02 +1.046681835e+02 +1.046681835e+02
227631 0 +2.511139138e-02 +1.046651114e+02 +1.046651114e+02
232293 0 +2.238485121e-02 +1.046623849e+02 +1.046623849e+02
236625 0 +1.995181845e-02 +1.046599518e+02 +1.046599518e+02
240812 0 +1.778138746e-02 +1.046577814e+02 +1.046577814e+02
244695 0 +1.584808550e-02 +1.046558481e+02 +1.046558481e+02
248408 0 +1.412462786e-02 +1.046541246e+02 +1.046541246e+02
252062 0 +1.258759984e-02 +1.046525876e+02 +1.046525876e+02
256385 0 +1.121762591e-02 +1.046512176e+02 +1.046512176e+02
260322 0 +9.997745322e-03 +1.046499977e+02 +1.046499977e+02
264465 0 +8.910038439e-03 +1.046489100e+02 +1.046489100e+02
269311 0 +7.943082888e-03 +1.046479431e+02 +1.046479431e+02
274642 0 +7.078144346e-03 +1.046470781e+02 +1.046470781e+02
279622 0 +6.309553280e-03 +1.046463096e+02 +1.046463096e+02
284402 0 +5.620751127e-03 +1.046456208e+02 +1.046456208e+02
288882 0 +5.010257415e-03 +1.046450103e+02 +1.046450103e+02
293262 0 +4.466658682e-03 +1.046444667e+02 +1.046444667e+02
297415 0 +3.980778267e-03 +1.046439808e+02 +1.046439808e+02
301368 0 +3.547741809e-03 +1.046435477e+02 +1.046435477e+02
305608 0 +3.162033362e-03 +1.046431620e+02 +1.046431620e+02
310036 0 +2.817967885e-03 +1.046428180e+02 +1.046428180e+02
314773 0 +2.510381736e-03 +1.046425104e+02 +1.046425104e+02
318930 0 +2.237968837e-03 +1.046422380e+02 +1.046422380e+02
323842 0 +1.995009536e-03 +1.046419950e+02 +1.046419950e+02
329102 0 +1.778085249e-03 +1.046417781e+02 +1.046417781e+02
334206 0 +1.584553739e-03 +1.046415846e+02 +1.046415846e+02
339062 0 +1.412412920e-03 +1.046414124e+02 +1.046414124e+02
343602 0 +1.258544264e-03 +1.046412585e+02 +1.046412585e+02
347922 0 +1.121587341e-03 +1.046411216e+02 +1.046411216e+02
352191 0 +9.996355352e-04 +1.046409996e+02 +1.046409996e+02
356482 0 +8.911119614e-04 +1.046408911e+02 +1.046408911e+02
360591 0 +7.940457418e-04 +1.046407940e+02 +1.046407940e+02
366562 0 +7.076648469e-04 +1.046407077e+02 +1.046407077e+02
373058 0 +6.309243462e-04 +1.046406309e+02 +1.046406309e+02
379202 0 +5.621598931e-04 +1.046405622e+02 +1.046405622e+02
384962 0 +5.010695195e-04 +1.046405011e+02 +1.046405011e+02
390404 0 +4.465999934e-04 +1.046404466e+02 +1.046404466e+02
395551 0 +3.980761071e-04 +1.046403981e+02 +1.046403981e+02
400000 0 +3.588246677e-04 +1.046403588e+02 +1.046403588e+02
% f evaluations | g evaluations | best noise-free fitness - Fopt (1.965900000000e+02) + sum g_i+ | measured fitness | best measured fitness or single-digit g-values | x1 | x2...
1 0 +2.535000000e+02 +4.500900000e+02 +4.500900000e+02
103138 0 +2.532218957e+02 +4.498118957e+02 +4.498118957e+02
103160 0 +2.488521685e+02 +4.454421685e+02 +4.454421685e+02
103320 0 +2.224273228e+02 +4.190173228e+02 +4.190173228e+02
103545 0 +1.985581174e+02 +3.951481174e+02 +3.951481174e+02
103632 0 +1.752073645e+02 +3.717973645e+02 +3.717973645e+02
103736 0 +1.579708919e+02 +3.545608919e+02 +3.545608919e+02
103826 0 +1.401904554e+02 +3.367804554e+02 +3.367804554e+02
104118 0 +1.256122244e+02 +3.222022244e+02 +3.222022244e+02
104216 0 +1.115914726e+02 +3.081814726e+02 +3.081814726e+02
104352 0 +9.993927979e+01 +2.965292798e+02 +2.965292798e+02
104471 0 +8.911504909e+01 +2.857050491e+02 +2.857050491e+02
106336 0 +7.943155504e+01 +2.760215550e+02 +2.760215550e+02
131904 0 +7.079451529e+01 +2.673845153e+02 +2.673845153e+02
155231 0 +6.306123528e+01 +2.596512353e+02 +2.596512353e+02
159432 0 +5.621924281e+01 +2.528092428e+02 +2.528092428e+02
161871 0 +5.007990945e+01 +2.466699095e+02 +2.466699095e+02
163672 0 +4.463049427e+01 +2.412204943e+02 +2.412204943e+02
165151 0 +3.969547721e+01 +2.362854772e+02 +2.362854772e+02
166366 0 +3.541494901e+01 +2.320049490e+02 +2.320049490e+02
167432 0 +3.161953232e+01 +2.282095323e+02 +2.282095323e+02
168392 0 +2.814221885e+01 +2.247322189e+02 +2.247322189e+02
169231 0 +2.510399733e+01 +2.216939973e+02 +2.216939973e+02
170031 0 +2.226905025e+01 +2.188590503e+02 +2.188590503e+02
170712 0 +1.994180484e+01 +2.165318048e+02 +2.165318048e+02
171391 0 +1.763472714e+01 +2.142247271e+02 +2.142247271e+02
171951 0 +1.582174267e+01 +2.124117427e+02 +2.124117427e+02
172511 0 +1.407320819e+01 +2.106632082e+02 +2.106632082e+02
173006 0 +1.258635624e+01 +2.091763562e+02 +2.091763562e+02
173486 0 +1.121398898e+01 +2.078039890e+02 +2.078039890e+02
173951 0 +9.971151970e+00 +2.065611520e+02 +2.065611520e+02
174366 0 +8.899122748e+00 +2.054891227e+02 +2.054891227e+02
174766 0 +7.933809620e+00 +2.045238096e+02 +2.045238096e+02
175151 0 +7.068443230e+00 +2.036584432e+02 +2.036584432e+02
175551 0 +6.208567530e+00 +2.027985675e+02 +2.027985675e+02
175871 0 +5.559203038e+00 +2.021492030e+02 +2.021492030e+02
176191 0 +4.938063731e+00 +2.015280637e+02 +2.015280637e+02
176446 0 +4.463395508e+00 +2.010533955e+02 +2.010533955e+02
176751 0 +3.933298094e+00 +2.005232981e+02 +2.005232981e+02
176991 0 +3.533619094e+00 +2.001236191e+02 +2.001236191e+02
177231 0 +3.157917650e+00 +1.997479177e+02 +1.997479177e+02
177471 0 +2.796710634e+00 +1.993867106e+02 +1.993867106e+02
177711 0 +2.456152173e+00 +1.990461522e+02 +1.990461522e+02
177886 0 +2.221420978e+00 +1.988114210e+02 +1.988114210e+02
178111 0 +1.940177417e+00 +1.985301774e+02 +1.985301774e+02
178271 0 +1.752909625e+00 +1.983429096e+02 +1.983429096e+02
178431 0 +1.566021430e+00 +1.981560214e+02 +1.981560214e+02
178591 0 +1.395256753e+00 +1.979852568e+02 +1.979852568e+02
178751 0 +1.231841656e+00 +1.978218417e+02 +1.978218417e+02
178911 0 +1.081957641e+00 +1.976719576e+02 +1.976719576e+02
179006 0 +9.976579074e-01 +1.975876579e+02 +1.975876579e+02
179151 0 +8.732408761e-01 +1.974632409e+02 +1.974632409e+02
179311 0 +7.470285667e-01 +1.973370286e+02 +1.973370286e+02
179391 0 +6.886606864e-01 +1.972786607e+02 +1.972786607e+02
179486 0 +6.254821597e-01 +1.972154822e+02 +1.972154822e+02
179631 0 +5.268661769e-01 +1.971168662e+02 +1.971168662e+02
179711 0 +4.780303111e-01 +1.970680303e+02 +1.970680303e+02
179791 0 +4.335830454e-01 +1.970235830e+02 +1.970235830e+02
179871 0 +3.906850456e-01 +1.969806850e+02 +1.969806850e+02
179951 0 +3.442205883e-01 +1.969342206e+02 +1.969342206e+02
180031 0 +3.072596478e-01 +1.968972596e+02 +1.968972596e+02
180111 0 +2.735636654e-01 +1.968635637e+02 +1.968635637e+02
180191 0 +2.405214833e-01 +1.968305215e+02 +1.968305215e+02
180271 0 +2.118779969e-01 +1.968018780e+02 +1.968018780e+02
180351 0 +1.864708017e-01 +1.967764708e+02 +1.967764708e+02
180431 0 +1.615080105e-01 +1.967515080e+02 +1.967515080e+02
180510 0 +1.584770758e-01 +1.967484771e+02 +1.967484771e+02
180511 0 +1.405451209e-01 +1.967305451e+02 +1.967305451e+02
180591 0 +1.206754330e-01 +1.967106754e+02 +1.967106754e+02
180671 0 +1.052060902e-01 +1.966952061e+02 +1.966952061e+02
180751 0 +9.035777765e-02 +1.966803578e+02 +1.966803578e+02
180831 0 +8.080768211e-02 +1.966708077e+02 +1.966708077e+02
180898 0 +7.940784892e-02 +1.966694078e+02 +1.966694078e+02
180926 0 +7.025724377e-02 +1.966602572e+02 +1.966602572e+02
181008 0 +6.257769227e-02 +1.966525777e+02 +1.966525777e+02
181114 0 +5.595148452e-02 +1.966459515e+02 +1.966459515e+02
181583 0 +5.010514767e-02 +1.966401051e+02 +1.966401051e+02
183510 0 +4.466251186e-02 +1.966346625e+02 +1.966346625e+02
186630 0 +3.981001697e-02 +1.966298100e+02 +1.966298100e+02
190199 0 +3.546427181e-02 +1.966254643e+02 +1.966254643e+02
193738 0 +3.161741096e-02 +1.966216174e+02 +1.966216174e+02
198310 0 +2.817273746e-02 +1.966181727e+02 +1.966181727e+02
203340 0 +2.511870468e-02 +1.966151187e+02 +1.966151187e+02
208095 0 +2.238354365e-02 +1.966123835e+02 +1.966123835e+02
212669 0 +1.995106722e-02 +1.966099511e+02 +1.966099511e+02
216950 0 +1.777119435e-02 +1.966077712e+02 +1.966077712e+02
221062 0 +1.584869501e-02 +1.966058487e+02 +1.966058487e+02
225030 0 +1.411788192e-02 +1.966041179e+02 +1.966041179e+02
228938 0 +1.258883907e-02 +1.966025888e+02 +1.966025888e+02
234359 0 +1.121828463e-02 +1.966012183e+02 +1.966012183e+02
240959 0 +9.999975938e-03 +1.966000000e+02 +1.966000000e+02
247350 0 +8.909368425e-03 +1.965989094e+02 +1.965989094e+02
253350 0 +7.938472268e-03 +1.965979385e+02 +1.965979385e+02
259030 0 +7.077725129e-03 +1.965970777e+02 +1.965970777e+02
264470 0 +6.308961592e-03 +1.965963090e+02 +1.965963090e+02
269584 0 +5.622897249e-03 +1.965956229e+02 +1.965956229e+02
274409 0 +5.010169822e-03 +1.965950102e+02 +1.965950102e+02
279035 0 +4.466668402e-03 +1.965944667e+02 +1.965944667e+02
283418 0 +3.980918182e-03 +1.965939809e+02 +1.965939809e+02
287799 0 +3.547802547e-03 +1.965935478e+02 +1.965935478e+02
293738 0 +3.162165903e-03 +1.965931622e+02 +1.965931622e+02
301112 0 +2.818307575e-03 +1.965928183e+02 +1.965928183e+02
308086 0 +2.511876887e-03 +1.965925119e+02 +1.965925119e+02
314710 0 +2.238224131e-03 +1.965922382e+02 +1.965922382e+02
320950 0 +1.994413037e-03 +1.965919944e+02 +1.965919944e+02
326870 0 +1.777704648e-03 +1.965917777e+02 +1.965917777e+02
332470 0 +1.583887244e-03 +1.965915839e+02 +1.965915839e+02
337734 0 +1.412409656e-03 +1.965914124e+02 +1.965914124e+02
342790 0 +1.258780274e-03 +1.965912588e+02 +1.965912588e+02
347491 0 +1.121970545e-03 +1.965911220e+02 +1.965911220e+02
351984 0 +9.999809774e-04 +1.965910000e+02 +1.965910000e+02
356589 0 +8.910771212e-04 +1.965908911e+02 +1.965908911e+02
361085 0 +7.939539986e-04 +1.965907940e+02 +1.965907940e+02
365537 0 +7.079274140e-04 +1.965907079e+02 +1.965907079e+02
372588 0 +6.309511162e-04 +1.965906310e+02 +1.965906310e+02
379350 0 +5.622922548e-04 +1.965905623e+02 +1.965905623e+02
385769 0 +5.011442155e-04 +1.965905011e+02 +1.965905011e+02
391750 0 +4.465266722e-04 +1.965904465e+02 +1.965904465e+02
397462 0 +3.981054292e-04 +1.965903981e+02 +1.965903981e+02
400000 0 +3.773997929e-04 +1.965903774e+02 +1.965903774e+02
% f evaluations | g evaluations | best noise-free fitness - Fopt (1.461600000000e+02) + sum g_i+ | measured fitness | best measured fitness or single-digit g-values | x1 | x2...
1 0 +2.535000000e+02 +3.996600000e+02 +3.996600000e+02
103169 0 +2.529597869e+02 +3.991197869e+02 +3.991197869e+02
103191 0 +2.502455334e+02 +3.964055334e+02 +3.964055334e+02
103329 0 +2.228968682e+02 +3.690568682e+02 +3.690568682e+02
103445 0 +1.983254678e+02 +3.444854678e+02 +3.444854678e+02
103513 0 +1.737220624e+02 +3.198820624e+02 +3.198820624e+02
103546 0 +1.584050710e+02 +3.045650710e+02 +3.045650710e+02
103593 0 +1.387465747e+02 +2.849065747e+02 +2.849065747e+02
103621 0 +1.243142283e+02 +2.704742283e+02 +2.704742283e+02
103688 0 +1.103699433e+02 +2.565299433e+02 +2.565299433e+02
103753 0 +9.935301827e+01 +2.455130183e+02 +2.455130183e+02
104219 0 +8.892599140e+01 +2.350859914e+02 +2.350859914e+02
109030 0 +7.943228249e+01 +2.255922825e+02 +2.255922825e+02
118130 0 +7.069064871e+01 +2.168506487e+02 +2.168506487e+02
119424 0 +6.306680593e+01 +2.092268059e+02 +2.092268059e+02
120285 0 +5.621742748e+01 +2.023774275e+02 +2.023774275e+02
120930 0 +4.995774198e+01 +1.961177420e+02 +1.961177420e+02
121490 0 +4.448996762e+01 +1.906499676e+02 +1.906499676e+02
121978 0 +3.973471230e+01 +1.858947123e+02 +1.858947123e+02
122450 0 +3.535132370e+01 +1.815113237e+02 +1.815113237e+02
122924 0 +3.158460329e+01 +1.777446033e+02 +1.777446033e+02
123330 0 +2.800548438e+01 +1.741654844e+02 +1.741654844e+02
123738 0 +2.510106837e+01 +1.712610684e+02 +1.712610684e+02
124210 0 +2.226749336e+01 +1.684274934e+02 +1.684274934e+02
124690 0 +1.985901915e+01 +1.660190191e+02 +1.660190191e+02
125250 0 +1.755591874e+01 +1.637159187e+02 +1.637159187e+02
125810 0 +1.574627881e+01 +1.619062788e+02 +1.619062788e+02
126450 0 +1.405400568e+01 +1.602140057e+02 +1.602140057e+02
127170 0 +1.253363918e+01 +1.586936392e+02 +1.586936392e+02
128050 0 +1.120786625e+01 +1.573678662e+02 +1.573678662e+02
131168 0 +9.999133364e+00 +1.561591334e+02 +1.561591334e+02
138646 0 +8.912455828e+00 +1.550724558e+02 +1.550724558e+02
144551 0 +7.943087579e+00 +1.541030876e+02 +1.541030876e+02
149705 0 +7.079209549e+00 +1.532392095e+02 +1.532392095e+02
154158 0 +6.308907116e+00 +1.524689071e+02 +1.524689071e+02
157974 0 +5.621740959e+00 +1.517817410e+02 +1.517817410e+02
161524 0 +5.011683202e+00 +1.511716832e+02 +1.511716832e+02
164794 0 +4.465568123e+00 +1.506255681e+02 +1.506255681e+02
167834 0 +3.979786880e+00 +1.501397869e+02 +1.501397869e+02
171000 0 +3.547910845e+00 +1.497079108e+02 +1.497079108e+02
174040 0 +3.161360898e+00 +1.493213609e+02 +1.493213609e+02
176865 0 +2.817094988e+00 +1.489770950e+02 +1.489770950e+02
179434 0 +2.509868642e+00 +1.486698686e+02 +1.486698686e+02
181594 0 +2.236942893e+00 +1.483969429e+02 +1.483969429e+02
183480 0 +1.994386925e+00 +1.481543869e+02 +1.481543869e+02
185178 0 +1.778267448e+00 +1.479382674e+02 +1.479382674e+02
186726 0 +1.583990638e+00 +1.477439906e+02 +1.477439906e+02
188007 0 +1.412483028e+00 +1.475724830e+02 +1.475724830e+02
189289 0 +1.258388827e+00 +1.474183888e+02 +1.474183888e+02
190559 0 +1.120701827e+00 +1.472807018e+02 +1.472807018e+02
191915 0 +9.994505969e-01 +1.471594506e+02 +1.471594506e+02
193075 0 +8.905661608e-01 +1.470505662e+02 +1.470505662e+02
194515 0 +7.937298402e-01 +1.469537298e+02 +1.469537298e+02
195895 0 +7.078661970e-01 +1.468678662e+02 +1.468678662e+02
197536 0 +6.306951228e-01 +1.467906951e+02 +1.467906951e+02
199066 0 +5.622522992e-01 +1.467222523e+02 +1.467222523e+02
200539 0 +5.008909571e-01 +1.466608910e+02 +1.466608910e+02
202087 0 +4.465593045e-01 +1.466065593e+02 +1.466065593e+02
203536 0 +3.980537211e-01 +1.465580537e+02 +1.465580537e+02
205095 0 +3.547210510e-01 +1.465147211e+02 +1.465147211e+02
206875 0 +3.161822103e-01 +1.464761822e+02 +1.464761822e+02
208719 0 +2.816161306e-01 +1.464416161e+02 +1.464416161e+02
210799 0 +2.511248435e-01 +1.464111248e+02 +1.464111248e+02
213456 0 +2.237057928e-01 +1.463837058e+02 +1.463837058e+02
216163 0 +1.994235605e-01 +1.463594236e+02 +1.463594236e+02
218479 0 +1.778001986e-01 +1.463378002e+02 +1.463378002e+02
220799 0 +1.584471035e-01 +1.463184471e+02 +1.463184471e+02
223252 0 +1.411675552e-01 +1.463011676e+02 +1.463011676e+02
225572 0 +1.258008323e-01 +1.462858008e+02 +1.462858008e+02
228037 0 +1.121702580e-01 +1.462721703e+02 +1.462721703e+02
231049 0 +9.997872809e-02 +1.462599787e+02 +1.462599787e+02
234239 0 +8.910207377e-02 +1.462491021e+02 +1.462491021e+02
237653 0 +7.942392770e-02 +1.462394239e+02 +1.462394239e+02
240889 0 +7.078905351e-02 +1.462307891e+02 +1.462307891e+02
243999 0 +6.308994195e-02 +1.462230899e+02 +1.462230899e+02
247119 0 +5.621268964e-02 +1.462162127e+02 +1.462162127e+02
250003 0 +5.011026078e-02 +1.462101103e+02 +1.462101103e+02
253410 0 +4.465401168e-02 +1.462046540e+02 +1.462046540e+02
256487 0 +3.981026841e-02 +1.461998103e+02 +1.461998103e+02
259890 0 +3.546491723e-02 +1.461954649e+02 +1.461954649e+02
263769 0 +3.158576219e-02 +1.461915858e+02 +1.461915858e+02
267556 0 +2.818126146e-02 +1.461881813e+02 +1.461881813e+02
271683 0 +2.511745125e-02 +1.461851175e+02 +1.461851175e+02
275730 0 +2.238069784e-02 +1.461823807e+02 +1.461823807e+02
279460 0 +1.995183669e-02 +1.461799518e+02 +1.461799518e+02
283090 0 +1.778147388e-02 +1.461777815e+02 +1.461777815e+02
286740 0 +1.584825512e-02 +1.461758483e+02 +1.461758483e+02
290403 0 +1.411954580e-02 +1.461741195e+02 +1.461741195e+02
294180 0 +1.258900087e-02 +1.461725890e+02 +1.461725890e+02
297936 0 +1.121974302e-02 +1.461712197e+02 +1.461712197e+02
302545 0 +9.994638487e-03 +1.461699946e+02 +1.461699946e+02
306872 0 +8.912207297e-03 +1.461689122e+02 +1.461689122e+02
311551 0 +7.942750033e-03 +1.461679428e+02 +1.461679428e+02
316219 0 +7.078969000e-03 +1.461670790e+02 +1.461670790e+02
320580 0 +6.308798960e-03 +1.461663088e+02 +1.461663088e+02
324809 0 +5.622419335e-03 +1.461656224e+02 +1.461656224e+02
328690 0 +5.008664258e-03 +1.461650087e+02 +1.461650087e+02
332479 0 +4.465923898e-03 +1.461644659e+02 +1.461644659e+02
336315 0 +3.980863756e-03 +1.461639809e+02 +1.461639809e+02
340329 0 +3.547986058e-03 +1.461635480e+02 +1.461635480e+02
344327 0 +3.161049365e-03 +1.461631610e+02 +1.461631610e+02
348693 0 +2.818252235e-03 +1.461628183e+02 +1.461628183e+02
353410 0 +2.511482962e-03 +1.461625115e+02 +1.461625115e+02
358453 0 +2.238622666e-03 +1.461622386e+02 +1.461622386e+02
363439 0 +1.994773247e-03 +1.461619948e+02 +1.461619948e+02
368239 0 +1.778173666e-03 +1.461617782e+02 +1.461617782e+02
372770 0 +1.584620309e-03 +1.461615846e+02 +1.461615846e+02
377090 0 +1.411899704e-03 +1.461614119e+02 +1.461614119e+02
381412 0 +1.258893040e-03 +1.461612589e+02 +1.461612589e+02
385595 0 +1.121784477e-03 +1.461611218e+02 +1.461611218e+02
389572 0 +9.999704405e-04 +1.461610000e+02 +1.461610000e+02
393732 0 +8.909894474e-04 +1.461608910e+02 +1.461608910e+02
398309 0 +7.942824643e-04 +1.461607943e+02 +1.461607943e+02
400000 0 +7.635689724e-04 +1.461607636e+02 +1.461607636e+02
% f evaluations | g evaluations | best noise-free fitness - Fopt (-7.469000000000e+01) + sum g_i+ | measured fitness | best measured fitness or single-digit g-values | x1 | x2...
1 0 +2.535000000e+02 +1.788100000e+02 +1.788100000e+02
103049 0 +2.517914838e+02 +1.771014838e+02 +1.771014838e+02
103210 0 +2.507756207e+02 +1.760856207e+02 +1.760856207e+02
103411 0 +2.229983342e+02 +1.483083342e+02 +1.483083342e+02
103539 0 +1.981575068e+02 +1.234675068e+02 +1.234675068e+02
103614 0 +1.762816472e+02 +1.015916472e+02 +1.015916472e+02
103667 0 +1.581958807e+02 +8.350588075e+01 +8.350588075e+01
103682 0 +1.402086709e+02 +6.551867088e+01 +6.551867088e+01
103749 0 +1.241494207e+02 +4.945942075e+01 +4.945942075e+01
103852 0 +1.104320060e+02 +3.574200600e+01 +3.574200600e+01
103939 0 +9.819441613e+01 +2.350441613e+01 +2.350441613e+01
104172 0 +8.878501913e+01 +1.409501913e+01 +1.409501913e+01
104397 0 +7.923195049e+01 +4.541950492e+00 +4.541950492e+00
105181 0 +7.078893348e+01 -3.901066516e+00 -3.901066516e+00
111002 0 +6.304725121e+01 -1.164274879e+01 -1.164274879e+01
112207 0 +5.620422916e+01 -1.848577084e+01 -1.848577084e+01
113007 0 +5.010629547e+01 -2.458370453e+01 -2.458370453e+01
113647 0 +4.455754263e+01 -3.013245737e+01 -3.013245737e+01
114202 0 +3.966470160e+01 -3.502529840e+01 -3.502529840e+01
114682 0 +3.535755254e+01 -3.933244746e+01 -3.933244746e+01
115160 0 +3.162045013e+01 -4.306954987e+01 -4.306954987e+01
115562 0 +2.793938331e+01 -4.675061669e+01 -4.675061669e+01
115962 0 +2.483897183e+01 -4.985102817e+01 -4.985102817e+01
116287 0 +2.237282475e+01 -5.231717525e+01 -5.231717525e+01
116682 0 +1.972314937e+01 -5.496685063e+01 -5.496685063e+01
117002 0 +1.764554936e+01 -5.704445064e+01 -5.704445064e+01
117322 0 +1.570676345e+01 -5.898323655e+01 -5.898323655e+01
117642 0 +1.388234057e+01 -6.080765943e+01 -6.080765943e+01
117887 0 +1.253543317e+01 -6.215456683e+01 -6.215456683e+01
118202 0 +1.105015053e+01 -6.363984947e+01 -6.363984947e+01
118442 0 +9.964495450e+00 -6.472550455e+01 -6.472550455e+01
118742 0 +8.907025500e+00 -6.578297450e+01 -6.578297450e+01
119002 0 +7.806324651e+00 -6.688367535e+01 -6.688367535e+01
119242 0 +7.025493756e+00 -6.766450624e+01 -6.766450624e+01
119562 0 +6.149801940e+00 -6.854019806e+01 -6.854019806e+01
119802 0 +5.615609209e+00 -6.907439079e+01 -6.907439079e+01
120134 0 +5.010955311e+00 -6.967904469e+01 -6.967904469e+01
120602 0 +4.403286910e+00 -7.028671309e+01 -7.028671309e+01
121242 0 +3.956510816e+00 -7.073348918e+01 -7.073348918e+01
124288 0 +3.547380817e+00 -7.114261918e+01 -7.114261918e+01
126528 0 +3.159893987e+00 -7.153010601e+01 -7.153010601e+01
128688 0 +2.817164294e+00 -7.187283571e+01 -7.187283571e+01
130928 0 +2.510720591e+00 -7.217927941e+01 -7.217927941e+01
132928 0 +2.235649920e+00 -7.245435008e+01 -7.245435008e+01
134860 0 +1.995027937e+00 -7.269497206e+01 -7.269497206e+01
136653 0 +1.777761887e+00 -7.291223811e+01 -7.291223811e+01
138288 0 +1.584432148e+00 -7.310556785e+01 -7.310556785e+01
139691 0 +1.412218837e+00 -7.327778116e+01 -7.327778116e+01
141043 0 +1.258860951e+00 -7.343113905e+01 -7.343113905e+01
142298 0 +1.120018806e+00 -7.356998119e+01 -7.356998119e+01
143699 0 +9.998739329e-01 -7.369012607e+01 -7.369012607e+01
144861 0 +8.903586532e-01 -7.379964135e+01 -7.379964135e+01
146355 0 +7.942349830e-01 -7.389576502e+01 -7.389576502e+01
148023 0 +7.079208462e-01 -7.398207915e+01 -7.398207915e+01
149533 0 +6.305851696e-01 -7.405941483e+01 -7.405941483e+01
151009 0 +5.621842629e-01 -7.412781574e+01 -7.412781574e+01
152418 0 +5.008351120e-01 -7.418916489e+01 -7.418916489e+01
154052 0 +4.461936598e-01 -7.424380634e+01 -7.424380634e+01
155714 0 +3.980825773e-01 -7.429191742e+01 -7.429191742e+01
157575 0 +3.547458560e-01 -7.433525414e+01 -7.433525414e+01
159686 0 +3.160376833e-01 -7.437396232e+01 -7.437396232e+01
161735 0 +2.818270657e-01 -7.440817293e+01 -7.440817293e+01
164052 0 +2.510929936e-01 -7.443890701e+01 -7.443890701e+01
166423 0 +2.238631641e-01 -7.446613684e+01 -7.446613684e+01
168858 0 +1.994573071e-01 -7.449054269e+01 -7.449054269e+01
171172 0 +1.778223676e-01 -7.451217763e+01 -7.451217763e+01
173652 0 +1.584380694e-01 -7.453156193e+01 -7.453156193e+01
176090 0 +1.412122598e-01 -7.454878774e+01 -7.454878774e+01
178843 0 +1.258660638e-01 -7.456413394e+01 -7.456413394e+01
181923 0 +1.121635173e-01 -7.457783648e+01 -7.457783648e+01
184723 0 +9.990165669e-02 -7.459009834e+01 -7.459009834e+01
187818 0 +8.912356428e-02 -7.460087644e+01 -7.460087644e+01
191450 0 +7.939416026e-02 -7.461060584e+01 -7.461060584e+01
195009 0 +7.079337500e-02 -7.461920663e+01 -7.461920663e+01
198490 0 +6.304748684e-02 -7.462695251e+01 -7.462695251e+01
201773 0 +5.623300527e-02 -7.463376699e+01 -7.463376699e+01
204935 0 +5.011836094e-02 -7.463988164e+01 -7.463988164e+01
208209 0 +4.466327708e-02 -7.464533672e+01 -7.464533672e+01
211812 0 +3.980753828e-02 -7.465019246e+01 -7.465019246e+01
215367 0 +3.547973816e-02 -7.465452026e+01 -7.465452026e+01
219194 0 +3.162230814e-02 -7.465837769e+01 -7.465837769e+01
224212 0 +2.817982571e-02 -7.466182017e+01 -7.466182017e+01
229050 0 +2.511326456e-02 -7.466488674e+01 -7.466488674e+01
233658 0 +2.238356819e-02 -7.466761643e+01 -7.466761643e+01
238010 0 +1.995141562e-02 -7.467004858e+01 -7.467004858e+01
242170 0 +1.777951455e-02 -7.467222049e+01 -7.467222049e+01
246250 0 +1.584805054e-02 -7.467415195e+01 -7.467415195e+01
250314 0 +1.412047439e-02 -7.467587953e+01 -7.467587953e+01
254472 0 +1.258429449e-02 -7.467741571e+01 -7.467741571e+01
258529 0 +1.121465147e-02 -7.467878535e+01 -7.467878535e+01
262570 0 +9.997796614e-03 -7.468000220e+01 -7.468000220e+01
266967 0 +8.912070417e-03 -7.468108793e+01 -7.468108793e+01
272650 0 +7.940410996e-03 -7.468205959e+01 -7.468205959e+01
278209 0 +7.078312405e-03 -7.468292169e+01 -7.468292169e+01
283450 0 +6.308482549e-03 -7.468369152e+01 -7.468369152e+01
288474 0 +5.621711111e-03 -7.468437829e+01 -7.468437829e+01
293248 0 +5.011608940e-03 -7.468498839e+01 -7.468498839e+01
297766 0 +4.466752847e-03 -7.468553325e+01 -7.468553325e+01
302258 0 +3.979297113e-03 -7.468602070e+01 -7.468602070e+01
306849 0 +3.548025581e-03 -7.468645197e+01 -7.468645197e+01
311130 0 +3.162184597e-03 -7.468683782e+01 -7.468683782e+01
315443 0 +2.818164574e-03 -7.468718184e+01 -7.468718184e+01
320486 0 +2.511863254e-03 -7.468748814e+01 -7.468748814e+01
326250 0 +2.238705896e-03 -7.468776129e+01 -7.468776129e+01
332341 0 +1.995250922e-03 -7.468800475e+01 -7.468800475e+01
338188 0 +1.778273079e-03 -7.468822173e+01 -7.468822173e+01
343635 0 +1.584754452e-03 -7.468841525e+01 -7.468841525e+01
348821 0 +1.412278506e-03 -7.468858772e+01 -7.468858772e+01
353683 0 +1.258788537e-03 -7.468874121e+01 -7.468874121e+01
358410 0 +1.121886914e-03 -7.468887811e+01 -7.468887811e+01
363012 0 +9.997287796e-04 -7.468900027e+01 -7.468900027e+01
367422 0 +8.910248858e-04 -7.468910898e+01 -7.468910898e+01
372234 0 +7.941522096e-04 -7.468920585e+01 -7.468920585e+01
377108 0 +7.078552451e-04 -7.468929214e+01 -7.468929214e+01
382772 0 +6.309484136e-04 -7.468936905e+01 -7.468936905e+01
389378 0 +5.623354892e-04 -7.468943766e+01 -7.468943766e+01
395690 0 +5.009788193e-04 -7.468949902e+01 -7.468949902e+01
400000 0 +4.607268534e-04 -7.468953927e+01 -7.468953927e+01
% f evaluations | g evaluations | best noise-free fitness - Fopt (1.853000000000e+01) + sum g_i+ | measured fitness | best measured fitness or single-digit g-values | x1 | x2...
1 0 +2.535000000e+02 +2.720300000e+02 +2.720300000e+02
103139 0 +2.528464042e+02 +2.713764042e+02 +2.713764042e+02
103176 0 +2.491298426e+02 +2.676598426e+02 +2.676598426e+02
103292 0 +2.238561619e+02 +2.423861619e+02 +2.423861619e+02
103428 0 +1.976031645e+02 +2.161331645e+02 +2.161331645e+02
103518 0 +1.743985326e+02 +1.929285326e+02 +1.929285326e+02
103615 0 +1.581894460e+02 +1.767194460e+02 +1.767194460e+02
103671 0 +1.376049824e+02 +1.561349824e+02 +1.561349824e+02
103702 0 +1.246446074e+02 +1.431746074e+02 +1.431746074e+02
103766 0 +1.109554951e+02 +1.294854951e+02 +1.294854951e+02
103826 0 +9.862931944e+01 +1.171593194e+02 +1.171593194e+02
103860 0 +8.910891478e+01 +1.076389148e+02 +1.076389148e+02
103883 0 +7.916838530e+01 +9.769838530e+01 +9.769838530e+01
104000 0 +7.063947839e+01 +8.916947839e+01 +8.916947839e+01
104051 0 +6.301322583e+01 +8.154322583e+01 +8.154322583e+01
104141 0 +5.560297817e+01 +7.413297817e+01 +7.413297817e+01
104180 0 +4.923617785e+01 +6.776617785e+01 +6.776617785e+01
104223 0 +4.444651577e+01 +6.297651577e+01 +6.297651577e+01
104387 0 +3.927303676e+01 +5.780303676e+01 +5.780303676e+01
104632 0 +3.539036878e+01 +5.392036878e+01 +5.392036878e+01
105093 0 +3.139951249e+01 +4.992951249e+01 +4.992951249e+01
111778 0 +2.818285839e+01 +4.671285839e+01 +4.671285839e+01
121483 0 +2.511715822e+01 +4.364715822e+01 +4.364715822e+01
130457 0 +2.238502615e+01 +4.091502615e+01 +4.091502615e+01
139925 0 +1.995224311e+01 +3.848224311e+01 +3.848224311e+01
148717 0 +1.778178002e+01 +3.631178002e+01 +3.631178002e+01
156669 0 +1.584606191e+01 +3.437606191e+01 +3.437606191e+01
164590 0 +1.412464230e+01 +3.265464230e+01 +3.265464230e+01
173420 0 +1.258849820e+01 +3.111849820e+01 +3.111849820e+01
181999 0 +1.121821385e+01 +2.974821385e+01 +2.974821385e+01
189655 0 +9.999574038e+00 +2.852957404e+01 +2.852957404e+01
196059 0 +8.912114407e+00 +2.744211441e+01 +2.744211441e+01
202637 0 +7.942761485e+00 +2.647276148e+01 +2.647276148e+01
208559 0 +7.079100850e+00 +2.560910085e+01 +2.560910085e+01
213662 0 +6.309453387e+00 +2.483945339e+01 +2.483945339e+01
218025 0 +5.623405281e+00 +2.415340528e+01 +2.415340528e+01
221759 0 +5.010632237e+00 +2.354063224e+01 +2.354063224e+01
225262 0 +4.465888037e+00 +2.299588804e+01 +2.299588804e+01
228501 0 +3.979939461e+00 +2.250993946e+01 +2.250993946e+01
231078 0 +3.547884479e+00 +2.207788448e+01 +2.207788448e+01
233252 0 +3.162183464e+00 +2.169218346e+01 +2.169218346e+01
235295 0 +2.817426905e+00 +2.134742690e+01 +2.134742690e+01
237198 0 +2.511499956e+00 +2.104149996e+01 +2.104149996e+01
238998 0 +2.238388428e+00 +2.076838843e+01 +2.076838843e+01
240584 0 +1.994824304e+00 +2.052482430e+01 +2.052482430e+01
242129 0 +1.778182880e+00 +2.030818288e+01 +2.030818288e+01
243519 0 +1.583821834e+00 +2.011382183e+01 +2.011382183e+01
244769 0 +1.412255625e+00 +1.994225562e+01 +1.994225562e+01
246042 0 +1.258709590e+00 +1.978870959e+01 +1.978870959e+01
247199 0 +1.121053108e+00 +1.965105311e+01 +1.965105311e+01
248425 0 +9.996077099e-01 +1.952960771e+01 +1.952960771e+01
249846 0 +8.911424896e-01 +1.942114249e+01 +1.942114249e+01
251538 0 +7.936779108e-01 +1.932367791e+01 +1.932367791e+01
253005 0 +7.068164759e-01 +1.923681648e+01 +1.923681648e+01
254867 0 +6.306565968e-01 +1.916065660e+01 +1.916065660e+01
256365 0 +5.620522651e-01 +1.909205227e+01 +1.909205227e+01
257878 0 +5.010873884e-01 +1.903108739e+01 +1.903108739e+01
259523 0 +4.466310407e-01 +1.897663104e+01 +1.897663104e+01
261107 0 +3.979264213e-01 +1.892792642e+01 +1.892792642e+01
262700 0 +3.547233017e-01 +1.888472330e+01 +1.888472330e+01
264786 0 +3.162078843e-01 +1.884620788e+01 +1.884620788e+01
267038 0 +2.817396976e-01 +1.881173970e+01 +1.881173970e+01
269359 0 +2.509987341e-01 +1.878099873e+01 +1.878099873e+01
271679 0 +2.235324716e-01 +1.875353247e+01 +1.875353247e+01
273999 0 +1.994479567e-01 +1.872944796e+01 +1.872944796e+01
276258 0 +1.778257199e-01 +1.870782572e+01 +1.870782572e+01
278627 0 +1.584617087e-01 +1.868846171e+01 +1.868846171e+01
280932 0 +1.412194307e-01 +1.867121943e+01 +1.867121943e+01
283346 0 +1.258766964e-01 +1.865587670e+01 +1.865587670e+01
286532 0 +1.121913332e-01 +1.864219133e+01 +1.864219133e+01
290159 0 +9.991865509e-02 +1.862991866e+01 +1.862991866e+01
293545 0 +8.912091765e-02 +1.861912092e+01 +1.861912092e+01
296844 0 +7.942700507e-02 +1.860942701e+01 +1.860942701e+01
299987 0 +7.077600525e-02 +1.860077601e+01 +1.860077601e+01
302959 0 +6.306767331e-02 +1.859306767e+01 +1.859306767e+01
305995 0 +5.623181818e-02 +1.858623182e+01 +1.858623182e+01
308950 0 +5.010459668e-02 +1.858010460e+01 +1.858010460e+01
311950 0 +4.464054942e-02 +1.857464055e+01 +1.857464055e+01
315220 0 +3.980583177e-02 +1.856980583e+01 +1.856980583e+01
318361 0 +3.547849371e-02 +1.856547849e+01 +1.856547849e+01
321948 0 +3.162037853e-02 +1.856162038e+01 +1.856162038e+01
325987 0 +2.818369020e-02 +1.855818369e+01 +1.855818369e+01
330006 0 +2.511866006e-02 +1.855511866e+01 +1.855511866e+01
333821 0 +2.238581808e-02 +1.855238582e+01 +1.855238582e+01
337461 0 +1.994487045e-02 +1.854994487e+01 +1.854994487e+01
340925 0 +1.778190423e-02 +1.854778190e+01 +1.854778190e+01
344372 0 +1.584827619e-02 +1.854584828e+01 +1.854584828e+01
347708 0 +1.412027295e-02 +1.854412027e+01 +1.854412027e+01
351260 0 +1.257901729e-02 +1.854257902e+01 +1.854257902e+01
355049 0 +1.121906365e-02 +1.854121906e+01 +1.854121906e+01
358912 0 +9.999812665e-03 +1.853999981e+01 +1.853999981e+01
362993 0 +8.911770754e-03 +1.853891177e+01 +1.853891177e+01
367347 0 +7.942306395e-03 +1.853794231e+01 +1.853794231e+01
371759 0 +7.078824820e-03 +1.853707882e+01 +1.853707882e+01
375965 0 +6.309395210e-03 +1.853630940e+01 +1.853630940e+01
380009 0 +5.622605229e-03 +1.853562261e+01 +1.853562261e+01
383830 0 +5.009830657e-03 +1.853500983e+01 +1.853500983e+01
387679 0 +4.465891723e-03 +1.853446589e+01 +1.853446589e+01
391620 0 +3.979828642e-03 +1.853397983e+01 +1.853397983e+01
395393 0 +3.547698182e-03 +1.853354770e+01 +1.853354770e+01
399140 0 +3.161667775e-03 +1.853316167e+01 +1.853316167e+01
400000 0 +3.080828320e-03 +1.853308083e+01 +1.853308083e+01
% f evaluations | g evaluations | best noise-free fitness - Fopt (-3.444000000000e+01) + sum g_i+ | measured fitness | best measured fitness or single-digit g-values | x1 | x2...
1 0 +2.535000000e+02 +2.190600000e+02 +2.190600000e+02
103127 0 +2.534614201e+02 +2.190214201e+02 +2.190214201e+02
103139 0 +2.498815793e+02 +2.154415793e+02 +2.154415793e+02
103279 0 +2.204199117e+02 +1.859799117e+02 +1.859799117e+02
103371 0 +1.970335123e+02 +1.625935123e+02 +1.625935123e+02
103456 0 +1.747987280e+02 +1.403587280e+02 +1.403587280e+02
103500 0 +1.563070580e+02 +1.218670580e+02 +1.218670580e+02
103616 0 +1.399681361e+02 +1.055281361e+02 +1.055281361e+02
103847 0 +1.252640858e+02 +9.082408578e+01 +9.082408578e+01
103944 0 +1.113868220e+02 +7.694682203e+01 +7.694682203e+01
103992 0 +9.840429647e+01 +6.396429647e+01 +6.396429647e+01
104042 0 +8.898763432e+01 +5.454763432e+01 +5.454763432e+01
104072 0 +7.899865156e+01 +4.455865156e+01 +4.455865156e+01
104087 0 +6.750511915e+01 +3.306511915e+01 +3.306511915e+01
104112 0 +6.307426386e+01 +2.863426386e+01 +2.863426386e+01
104130 0 +5.545244264e+01 +2.101244264e+01 +2.101244264e+01
104154 0 +4.966384725e+01 +1.522384725e+01 +1.522384725e+01
104215 0 +4.441944967e+01 +9.979449671e+00 +9.979449671e+00
104377 0 +3.851590170e+01 +4.075901696e+00 +4.075901696e+00
104564 0 +3.530659529e+01 +8.665952893e-01 +8.665952893e-01
104924 0 +3.156782395e+01 -2.872176053e+00 -2.872176053e+00
110586 0 +2.818251684e+01 -6.257483164e+00 -6.257483164e+00
120640 0 +2.511836766e+01 -9.321632341e+00 -9.321632341e+00
129613 0 +2.238698599e+01 -1.205301401e+01 -1.205301401e+01
139022 0 +1.995228280e+01 -1.448771720e+01 -1.448771720e+01
147807 0 +1.778179908e+01 -1.665820092e+01 -1.665820092e+01
156259 0 +1.584697074e+01 -1.859302926e+01 -1.859302926e+01
164699 0 +1.412533822e+01 -2.031466178e+01 -2.031466178e+01
171703 0 +1.258848290e+01 -2.185151710e+01 -2.185151710e+01
179561 0 +1.122005839e+01 -2.321994161e+01 -2.321994161e+01
187487 0 +9.999463793e+00 -2.444053621e+01 -2.444053621e+01
195271 0 +8.912151811e+00 -2.552784819e+01 -2.552784819e+01
202149 0 +7.942703121e+00 -2.649729688e+01 -2.649729688e+01
207787 0 +7.079354213e+00 -2.736064579e+01 -2.736064579e+01
212330 0 +6.309479372e+00 -2.813052063e+01 -2.813052063e+01
216116 0 +5.623039126e+00 -2.881696087e+01 -2.881696087e+01
219580 0 +5.011361626e+00 -2.942863837e+01 -2.942863837e+01
222805 0 +4.466664620e+00 -2.997333538e+01 -2.997333538e+01
225573 0 +3.980404245e+00 -3.045959575e+01 -3.045959575e+01
228063 0 +3.547471092e+00 -3.089252891e+01 -3.089252891e+01
230201 0 +3.161172497e+00 -3.127882750e+01 -3.127882750e+01
232196 0 +2.817051949e+00 -3.162294805e+01 -3.162294805e+01
233961 0 +2.511735071e+00 -3.192826493e+01 -3.192826493e+01
235684 0 +2.237515761e+00 -3.220248424e+01 -3.220248424e+01
237190 0 +1.995074386e+00 -3.244492561e+01 -3.244492561e+01
238681 0 +1.775889790e+00 -3.266411021e+01 -3.266411021e+01
240212 0 +1.583445797e+00 -3.285655420e+01 -3.285655420e+01
241471 0 +1.411813448e+00 -3.302818655e+01 -3.302818655e+01
242764 0 +1.256594141e+00 -3.318340586e+01 -3.318340586e+01
243895 0 +1.121856837e+00 -3.331814316e+01 -3.331814316e+01
245548 0 +9.998814147e-01 -3.344011859e+01 -3.344011859e+01
247086 0 +8.901019368e-01 -3.354989806e+01 -3.354989806e+01
248606 0 +7.942929828e-01 -3.364570702e+01 -3.364570702e+01
250401 0 +7.078214418e-01 -3.373217856e+01 -3.373217856e+01
252033 0 +6.309308143e-01 -3.380906919e+01 -3.380906919e+01
253688 0 +5.620680407e-01 -3.387793196e+01 -3.387793196e+01
255329 0 +5.011681196e-01 -3.393883188e+01 -3.393883188e+01
256801 0 +4.466209497e-01 -3.399337905e+01 -3.399337905e+01
258447 0 +3.980694346e-01 -3.404193057e+01 -3.404193057e+01
260306 0 +3.547997278e-01 -3.408520027e+01 -3.408520027e+01
262466 0 +3.157311172e-01 -3.412426888e+01 -3.412426888e+01
264599 0 +2.817111154e-01 -3.415828888e+01 -3.415828888e+01
266766 0 +2.511605039e-01 -3.418883950e+01 -3.418883950e+01
268960 0 +2.238586639e-01 -3.421614134e+01 -3.421614134e+01
271164 0 +1.994718333e-01 -3.424052817e+01 -3.424052817e+01
273193 0 +1.778081806e-01 -3.426219182e+01 -3.426219182e+01
275426 0 +1.584861592e-01 -3.428151384e+01 -3.428151384e+01
277841 0 +1.412028485e-01 -3.429879715e+01 -3.429879715e+01
280433 0 +1.258773316e-01 -3.431412267e+01 -3.431412267e+01
283134 0 +1.120923638e-01 -3.432790764e+01 -3.432790764e+01
286135 0 +9.997496584e-02 -3.434002503e+01 -3.434002503e+01
289004 0 +8.911580540e-02 -3.435088419e+01 -3.435088419e+01
292101 0 +7.939596195e-02 -3.436060404e+01 -3.436060404e+01
295136 0 +7.079206824e-02 -3.436920793e+01 -3.436920793e+01
297990 0 +6.309130498e-02 -3.437690870e+01 -3.437690870e+01
301166 0 +5.622800558e-02 -3.438377199e+01 -3.438377199e+01
304321 0 +5.010830027e-02 -3.438989170e+01 -3.438989170e+01
307412 0 +4.465500778e-02 -3.439534499e+01 -3.439534499e+01
311158 0 +3.979848985e-02 -3.440020151e+01 -3.440020151e+01
314792 0 +3.546054453e-02 -3.440453946e+01 -3.440453946e+01
318961 0 +3.160556571e-02 -3.440839443e+01 -3.440839443e+01
322961 0 +2.816827143e-02 -3.441183173e+01 -3.441183173e+01
326868 0 +2.511565345e-02 -3.441488435e+01 -3.441488435e+01
330516 0 +2.238606731e-02 -3.441761393e+01 -3.441761393e+01
334046 0 +1.994646799e-02 -3.442005353e+01 -3.442005353e+01
337655 0 +1.778132703e-02 -3.442221867e+01 -3.442221867e+01
341151 0 +1.584570118e-02 -3.442415430e+01 -3.442415430e+01
344894 0 +1.412501337e-02 -3.442587499e+01 -3.442587499e+01
348584 0 +1.258858141e-02 -3.442741142e+01 -3.442741142e+01
352516 0 +1.121737520e-02 -3.442878262e+01 -3.442878262e+01
356814 0 +9.993280476e-03 -3.443000672e+01 -3.443000672e+01
361326 0 +8.911486194e-03 -3.443108851e+01 -3.443108851e+01
365930 0 +7.942946074e-03 -3.443205705e+01 -3.443205705e+01
370321 0 +7.079144658e-03 -3.443292086e+01 -3.443292086e+01
374481 0 +6.308429289e-03 -3.443369157e+01 -3.443369157e+01
378494 0 +5.623361167e-03 -3.443437664e+01 -3.443437664e+01
382292 0 +5.011641367e-03 -3.443498836e+01 -3.443498836e+01
386480 0 +4.465305148e-03 -3.443553469e+01 -3.443553469e+01
390480 0 +3.979488278e-03 -3.443602051e+01 -3.443602051e+01
394473 0 +3.547143244e-03 -3.443645286e+01 -3.443645286e+01
398695 0 +3.161439548e-03 -3.443683856e+01 -3.443683856e+01
400000 0 +3.045040240e-03 -3.443695496e+01 -3.443695496e+01
% f evaluations | g evaluations | best noise-free fitness - Fopt (7.741000000000e+01) + sum g_i+ | measured fitness | best measured fitness or single-digit g-values | x1 | x2...
1 0 +2.535000000e+02 +3.309100000e+02 +3.309100000e+02
103121 0 +2.501374290e+02 +3.275474290e+02 +3.275474290e+02
103299 0 +2.229718434e+02 +3.003818434e+02 +3.003818434e+02
103420 0 +1.991988514e+02 +2.766088514e+02 +2.766088514e+02
103473 0 +1.770268144e+02 +2.544368144e+02 +2.544368144e+02
103533 0 +1.553283421e+02 +2.327383421e+02 +2.327383421e+02
103597 0 +1.412124479e+02 +2.186224479e+02 +2.186224479e+02
103617 0 +1.258716112e+02 +2.032816112e+02 +2.032816112e+02
103668 0 +1.120084425e+02 +1.894184425e+02 +1.894184425e+02
103696 0 +9.602659152e+01 +1.734365915e+02 +1.734365915e+02
103776 0 +8.661139819e+01 +1.640213982e+02 +1.640213982e+02
103898 0 +7.918693064e+01 +1.565969306e+02 +1.565969306e+02
103928 0 +7.057597903e+01 +1.479859790e+02 +1.479859790e+02
103951 0 +6.270285565e+01 +1.401128557e+02 +1.401128557e+02
104045 0 +5.494904139e+01 +1.323590414e+02 +1.323590414e+02
104058 0 +4.673341799e+01 +1.241434180e+02 +1.241434180e+02
104100 0 +4.428967751e+01 +1.216996775e+02 +1.216996775e+02
104154 0 +3.914810038e+01 +1.165581004e+02 +1.165581004e+02
104410 0 +3.530065008e+01 +1.127106501e+02 +1.127106501e+02
104424 0 +3.144770310e+01 +1.088577031e+02 +1.088577031e+02
104458 0 +2.647383935e+01 +1.038838394e+02 +1.038838394e+02
104467 0 +2.506828634e+01 +1.024782863e+02 +1.024782863e+02
104486 0 +2.209821024e+01 +9.950821024e+01 +9.950821024e+01
104501 0 +1.974129469e+01 +9.715129469e+01 +9.715129469e+01
104538 0 +1.762303937e+01 +9.503303937e+01 +9.503303937e+01
104576 0 +1.584305066e+01 +9.325305066e+01 +9.325305066e+01
104640 0 +1.390884955e+01 +9.131884955e+01 +9.131884955e+01
104648 0 +1.164977232e+01 +8.905977232e+01 +8.905977232e+01
104702 0 +1.105117238e+01 +8.846117238e+01 +8.846117238e+01
104816 0 +9.938976803e+00 +8.734897680e+01 +8.734897680e+01
104841 0 +8.896984523e+00 +8.630698452e+01 +8.630698452e+01
104858 0 +7.882870263e+00 +8.529287026e+01 +8.529287026e+01
104870 0 +7.062052309e+00 +8.447205231e+01 +8.447205231e+01
104879 0 +6.222477771e+00 +8.363247777e+01 +8.363247777e+01
104901 0 +5.567741670e+00 +8.297774167e+01 +8.297774167e+01
104977 0 +4.964062906e+00 +8.237406291e+01 +8.237406291e+01
105094 0 +4.453810275e+00 +8.186381027e+01 +8.186381027e+01
105392 0 +3.963508412e+00 +8.137350841e+01 +8.137350841e+01
105489 0 +3.503526272e+00 +8.091352627e+01 +8.091352627e+01
105799 0 +3.147624915e+00 +8.055762492e+01 +8.055762492e+01
107132 0 +2.817462057e+00 +8.022746206e+01 +8.022746206e+01
109177 0 +2.511672998e+00 +7.992167300e+01 +7.992167300e+01
111147 0 +2.237935161e+00 +7.964793516e+01 +7.964793516e+01
112745 0 +1.995169977e+00 +7.940516998e+01 +7.940516998e+01
114248 0 +1.776944349e+00 +7.918694435e+01 +7.918694435e+01
115571 0 +1.584262137e+00 +7.899426214e+01 +7.899426214e+01
116781 0 +1.412054986e+00 +7.882205499e+01 +7.882205499e+01
117995 0 +1.258817074e+00 +7.866881707e+01 +7.866881707e+01
119142 0 +1.121768517e+00 +7.853176852e+01 +7.853176852e+01
120510 0 +9.994747095e-01 +7.840947471e+01 +7.840947471e+01
121863 0 +8.899849780e-01 +7.829998498e+01 +7.829998498e+01
123477 0 +7.941472251e-01 +7.820414723e+01 +7.820414723e+01
125235 0 +7.075138587e-01 +7.811751386e+01 +7.811751386e+01
126763 0 +6.305535410e-01 +7.804055354e+01 +7.804055354e+01
128434 0 +5.623384698e-01 +7.797233847e+01 +7.797233847e+01
129778 0 +5.011803471e-01 +7.791118035e+01 +7.791118035e+01
131442 0 +4.466769707e-01 +7.785667697e+01 +7.785667697e+01
132931 0 +3.979858977e-01 +7.780798590e+01 +7.780798590e+01
134868 0 +3.547472078e-01 +7.776474721e+01 +7.776474721e+01
137432 0 +3.161658395e-01 +7.772616584e+01 +7.772616584e+01
140131 0 +2.818146126e-01 +7.769181461e+01 +7.769181461e+01
142837 0 +2.511239407e-01 +7.766112394e+01 +7.766112394e+01
145506 0 +2.238256666e-01 +7.763382567e+01 +7.763382567e+01
148073 0 +1.994693279e-01 +7.760946933e+01 +7.760946933e+01
150568 0 +1.777795445e-01 +7.758777954e+01 +7.758777954e+01
153154 0 +1.583560874e-01 +7.756835609e+01 +7.756835609e+01
155705 0 +1.412090319e-01 +7.755120903e+01 +7.755120903e+01
158274 0 +1.258422293e-01 +7.753584223e+01 +7.753584223e+01
161794 0 +1.121972570e-01 +7.752219726e+01 +7.752219726e+01
166110 0 +9.999110156e-02 +7.750999110e+01 +7.750999110e+01
170194 0 +8.908283605e-02 +7.749908284e+01 +7.749908284e+01
174194 0 +7.940589074e-02 +7.748940589e+01 +7.748940589e+01
177957 0 +7.079267335e-02 +7.748079267e+01 +7.748079267e+01
181710 0 +6.309513462e-02 +7.747309513e+01 +7.747309513e+01
185154 0 +5.619956561e-02 +7.746619957e+01 +7.746619957e+01
188675 0 +5.011049309e-02 +7.746011049e+01 +7.746011049e+01
191954 0 +4.464679573e-02 +7.745464680e+01 +7.745464680e+01
195282 0 +3.980974251e-02 +7.744980974e+01 +7.744980974e+01
199050 0 +3.547953229e-02 +7.744547953e+01 +7.744547953e+01
202591 0 +3.161659169e-02 +7.744161659e+01 +7.744161659e+01
207768 0 +2.818357422e-02 +7.743818357e+01 +7.743818357e+01
212873 0 +2.511639792e-02 +7.743511640e+01 +7.743511640e+01
217714 0 +2.237887860e-02 +7.743237888e+01 +7.743237888e+01
222354 0 +1.994723652e-02 +7.742994724e+01 +7.742994724e+01
226763 0 +1.778159020e-02 +7.742778159e+01 +7.742778159e+01
230921 0 +1.584842723e-02 +7.742584843e+01 +7.742584843e+01
234911 0 +1.412515320e-02 +7.742412515e+01 +7.742412515e+01
238841 0 +1.258861996e-02 +7.742258862e+01 +7.742258862e+01
242858 0 +1.121907667e-02 +7.742121908e+01 +7.742121908e+01
246915 0 +9.994820779e-03 +7.741999482e+01 +7.741999482e+01
251750 0 +8.912500890e-03 +7.741891250e+01 +7.741891250e+01
256674 0 +7.941549250e-03 +7.741794155e+01 +7.741794155e+01
262578 0 +7.079376495e-03 +7.741707938e+01 +7.741707938e+01
268078 0 +6.309553833e-03 +7.741630955e+01 +7.741630955e+01
273310 0 +5.622919170e-03 +7.741562292e+01 +7.741562292e+01
278274 0 +5.011006208e-03 +7.741501101e+01 +7.741501101e+01
283075 0 +4.466614918e-03 +7.741446661e+01 +7.741446661e+01
287554 0 +3.980581637e-03 +7.741398058e+01 +7.741398058e+01
291910 0 +3.547825136e-03 +7.741354783e+01 +7.741354783e+01
296155 0 +3.161663184e-03 +7.741316166e+01 +7.741316166e+01
300501 0 +2.817918859e-03 +7.741281792e+01 +7.741281792e+01
306034 0 +2.510396470e-03 +7.741251040e+01 +7.741251040e+01
312834 0 +2.238676474e-03 +7.741223868e+01 +7.741223868e+01
319234 0 +1.995142222e-03 +7.741199514e+01 +7.741199514e+01
325353 0 +1.778277257e-03 +7.741177828e+01 +7.741177828e+01
331074 0 +1.584322560e-03 +7.741158432e+01 +7.741158432e+01
336563 0 +1.412357772e-03 +7.741141236e+01 +7.741141236e+01
341695 0 +1.258901145e-03 +7.741125890e+01 +7.741125890e+01
346517 0 +1.121958143e-03 +7.741112196e+01 +7.741112196e+01
351450 0 +9.998980168e-04 +7.741099990e+01 +7.741099990e+01
355930 0 +8.909635916e-04 +7.741089096e+01 +7.741089096e+01
360650 0 +7.942427772e-04 +7.741079424e+01 +7.741079424e+01
365634 0 +7.078295255e-04 +7.741070783e+01 +7.741070783e+01
372914 0 +6.308195417e-04 +7.741063082e+01 +7.741063082e+01
379899 0 +5.623332604e-04 +7.741056233e+01 +7.741056233e+01
386482 0 +5.011131662e-04 +7.741050111e+01 +7.741050111e+01
392712 0 +4.466622846e-04 +7.741044666e+01 +7.741044666e+01
398575 0 +3.981008122e-04 +7.741039810e+01 +7.741039810e+01
400000 0 +3.865580308e-04 +7.741038656e+01 +7.741038656e+01
