% f evaluations | g evaluations | best noise-free fitness - Fopt (1.238300000000e+02) + sum g_i+ | measured fitness | best measured fitness or single-digit g-values | x1 | x2...
1 0 +1.235000000e+02 +2.473300000e+02 +2.473300000e+02
26015 0 +1.215490298e+02 +2.453790298e+02 +2.453790298e+02
26040 0 +1.121662631e+02 +2.359962631e+02 +2.359962631e+02
26082 0 +9.813868352e+01 +2.219686835e+02 +2.219686835e+02
26108 0 +8.792120400e+01 +2.117512040e+02 +2.117512040e+02
26142 0 +7.641995267e+01 +2.002499527e+02 +2.002499527e+02
26175 0 +6.796711345e+01 +1.917971135e+02 +1.917971135e+02
26205 0 +6.083494676e+01 +1.846649468e+02 +1.846649468e+02
26231 0 +5.555364187e+01 +1.793836419e+02 +1.793836419e+02
26268 0 +4.862166354e+01 +1.724516635e+02 +1.724516635e+02
26284 0 +4.442973140e+01 +1.682597314e+02 +1.682597314e+02
26295 0 +3.966996731e+01 +1.634999673e+02 +1.634999673e+02
26316 0 +3.527449022e+01 +1.591044902e+02 +1.591044902e+02
26330 0 +3.092006049e+01 +1.547500605e+02 +1.547500605e+02
26353 0 +2.635123922e+01 +1.501812392e+02 +1.501812392e+02
26356 0 +2.437081875e+01 +1.482008188e+02 +1.482008188e+02
26448 0 +2.234590647e+01 +1.461759065e+02 +1.461759065e+02
26463 0 +1.985486209e+01 +1.436848621e+02 +1.436848621e+02
26469 0 +1.513601969e+01 +1.389660197e+02 +1.389660197e+02
26471 0 +1.366034329e+01 +1.374903433e+02 +1.374903433e+02
26476 0 +1.253693650e+01 +1.363669365e+02 +1.363669365e+02
26492 0 +1.093940207e+01 +1.347694021e+02 +1.347694021e+02
26511 0 +9.649129984e+00 +1.334791300e+02 +1.334791300e+02
26513 0 +8.668085363e+00 +1.324980854e+02 +1.324980854e+02
26525 0 +6.651019643e+00 +1.304810196e+02 +1.304810196e+02
26527 0 +5.422379262e+00 +1.292523793e+02 +1.292523793e+02
26549 0 +4.608130860e+00 +1.284381309e+02 +1.284381309e+02
26580 0 +4.320155017e+00 +1.281501550e+02 +1.281501550e+02
26628 0 +3.941210314e+00 +1.277712103e+02 +1.277712103e+02
26687 0 +3.264791912e+00 +1.270947919e+02 +1.270947919e+02
26692 0 +3.067320024e+00 +1.268973200e+02 +1.268973200e+02
26693 0 +2.650750039e+00 +1.264807500e+02 +1.264807500e+02
26702 0 +2.302120861e+00 +1.261321209e+02 +1.261321209e+02
26706 0 +2.122378767e+00 +1.259523788e+02 +1.259523788e+02
26716 0 +1.563359902e+00 +1.253933599e+02 +1.253933599e+02
26738 0 +1.295079882e+00 +1.251250799e+02 +1.251250799e+02
26756 0 +1.210282046e+00 +1.250402820e+02 +1.250402820e+02
26757 0 +1.089474361e+00 +1.249194744e+02 +1.249194744e+02
26793 0 +9.724265027e-01 +1.248024265e+02 +1.248024265e+02
26863 0 +8.712115317e-01 +1.247012115e+02 +1.247012115e+02
26878 0 +7.735726035e-01 +1.246035726e+02 +1.246035726e+02
26879 0 +6.602297687e-01 +1.244902298e+02 +1.244902298e+02
26887 0 +6.071992904e-01 +1.244371993e+02 +1.244371993e+02
26972 0 +5.594400629e-01 +1.243894401e+02 +1.243894401e+02
26991 0 +4.747715411e-01 +1.243047715e+02 +1.243047715e+02
27001 0 +4.400140409e-01 +1.242700140e+02 +1.242700140e+02
27255 0 +3.974374452e-01 +1.242274374e+02 +1.242274374e+02
28147 0 +3.544984479e-01 +1.241844984e+02 +1.241844984e+02
29027 0 +3.161707161e-01 +1.241461707e+02 +1.241461707e+02
29857 0 +2.816395146e-01 +1.241116395e+02 +1.241116395e+02
30665 0 +2.509731182e-01 +1.240809731e+02 +1.240809731e+02
31662 0 +2.236613147e-01 +1.240536613e+02 +1.240536613e+02
32857 0 +1.994985155e-01 +1.240294985e+02 +1.240294985e+02
34185 0 +1.776642311e-01 +1.240076642e+02 +1.240076642e+02
35532 0 +1.584295455e-01 +1.239884295e+02 +1.239884295e+02
36787 0 +1.411804055e-01 +1.239711804e+02 +1.239711804e+02
38001 0 +1.258087548e-01 +1.239558088e+02 +1.239558088e+02
39252 0 +1.121887624e-01 +1.239421888e+02 +1.239421888e+02
40467 0 +9.996471718e-02 +1.239299647e+02 +1.239299647e+02
41810 0 +8.909603905e-02 +1.239190960e+02 +1.239190960e+02
43153 0 +7.938793036e-02 +1.239093879e+02 +1.239093879e+02
44678 0 +7.073250649e-02 +1.239007325e+02 +1.239007325e+02
46265 0 +6.306678142e-02 +1.238930668e+02 +1.238930668e+02
48017 0 +5.622201699e-02 +1.238862220e+02 +1.238862220e+02
49699 0 +5.011055809e-02 +1.238801106e+02 +1.238801106e+02
51305 0 +4.464014627e-02 +1.238746401e+02 +1.238746401e+02
52899 0 +3.980505992e-02 +1.238698051e+02 +1.238698051e+02
54387 0 +3.548101020e-02 +1.238654810e+02 +1.238654810e+02
55942 0 +3.161960965e-02 +1.238616196e+02 +1.238616196e+02
57585 0 +2.817856625e-02 +1.238581786e+02 +1.238581786e+02
59305 0 +2.510224520e-02 +1.238551022e+02 +1.238551022e+02
61076 0 +2.238698307e-02 +1.238523870e+02 +1.238523870e+02
63321 0 +1.995021248e-02 +1.238499502e+02 +1.238499502e+02
65470 0 +1.778127085e-02 +1.238477813e+02 +1.238477813e+02
67462 0 +1.584483249e-02 +1.238458448e+02 +1.238458448e+02
69385 0 +1.412360465e-02 +1.238441236e+02 +1.238441236e+02
71262 0 +1.258696773e-02 +1.238425870e+02 +1.238425870e+02
72985 0 +1.121370407e-02 +1.238412137e+02 +1.238412137e+02
74713 0 +9.997696814e-03 +1.238399977e+02 +1.238399977e+02
76577 0 +8.912281036e-03 +1.238389123e+02 +1.238389123e+02
79201 0 +7.943264853e-03 +1.238379433e+02 +1.238379433e+02
81970 0 +7.078855942e-03 +1.238370789e+02 +1.238370789e+02
84585 0 +6.307636096e-03 +1.238363076e+02 +1.238363076e+02
87092 0 +5.622929044e-03 +1.238356229e+02 +1.238356229e+02
89425 0 +5.006903284e-03 +1.238350069e+02 +1.238350069e+02
91665 0 +4.466465832e-03 +1.238344665e+02 +1.238344665e+02
93756 0 +3.980538075e-03 +1.238339805e+02 +1.238339805e+02
95822 0 +3.547407344e-03 +1.238335474e+02 +1.238335474e+02
97705 0 +3.161710779e-03 +1.238331617e+02 +1.238331617e+02
99692 0 +2.818203630e-03 +1.238328182e+02 +1.238328182e+02
101582 0 +2.511398952e-03 +1.238325114e+02 +1.238325114e+02
103465 0 +2.238253207e-03 +1.238322383e+02 +1.238322383e+02
105561 0 +1.995045345e-03 +1.238319950e+02 +1.238319950e+02
108113 0 +1.777919406e-03 +1.238317779e+02 +1.238317779e+02
110827 0 +1.584847974e-03 +1.238315848e+02 +1.238315848e+02
113387 0 +1.412390697e-03 +1.238314124e+02 +1.238314124e+02
115785 0 +1.258564197e-03 +1.238312586e+02 +1.238312586e+02
118063 0 +1.121958605e-03 +1.238311220e+02 +1.238311220e+02
120265 0 +9.993371543e-04 +1.238309993e+02 +1.238309993e+02
122412 0 +8.910205944e-04 +1.238308910e+02 +1.238308910e+02
124347 0 +7.940014821e-04 +1.238307940e+02 +1.238307940e+02
127350 0 +7.079345597e-04 +1.238307079e+02 +1.238307079e+02
130801 0 +6.309518461e-04 +1.238306310e+02 +1.238306310e+02
134033 0 +5.623353422e-04 +1.238305623e+02 +1.238305623e+02
137113 0 +5.010730032e-04 +1.238305011e+02 +1.238305011e+02
140025 0 +4.466463439e-04 +1.238304466e+02 +1.238304466e+02
142761 0 +3.980976648e-04 +1.238303981e+02 +1.238303981e+02
145345 0 +3.547808848e-04 +1.238303548e+02 +1.238303548e+02
147825 0 +3.161446845e-04 +1.238303161e+02 +1.238303161e+02
150105 0 +2.817778264e-04 +1.238302818e+02 +1.238302818e+02
152302 0 +2.511592077e-04 +1.238302512e+02 +1.238302512e+02
154401 0 +2.238039927e-04 +1.238302238e+02 +1.238302238e+02
156499 0 +1.994463105e-04 +1.238301994e+02 +1.238301994e+02
158486 0 +1.778275646e-04 +1.238301778e+02 +1.238301778e+02
160267 0 +1.584528031e-04 +1.238301585e+02 +1.238301585e+02
162452 0 +1.412507974e-04 +1.238301413e+02 +1.238301413e+02
165438 0 +1.258741075e-04 +1.238301259e+02 +1.238301259e+02
168353 0 +1.121968000e-04 +1.238301122e+02 +1.238301122e+02
171137 0 +9.999562809e-05 +1.238301000e+02 +1.238301000e+02
173753 0 +8.910700609e-05 +1.238300891e+02 +1.238300891e+02
176219 0 +7.942517757e-05 +1.238300794e+02 +1.238300794e+02
178561 0 +7.079073049e-05 +1.238300708e+02 +1.238300708e+02
180739 0 +6.307263519e-05 +1.238300631e+02 +1.238300631e+02
182865 0 +5.621420034e-05 +1.238300562e+02 +1.238300562e+02
184945 0 +5.011277558e-05 +1.238300501e+02 +1.238300501e+02
186947 0 +4.466072107e-05 +1.238300447e+02 +1.238300447e+02
189121 0 +3.980115052e-05 +1.238300398e+02 +1.238300398e+02
191302 0 +3.547641570e-05 +1.238300355e+02 +1.238300355e+02
193665 0 +3.161228305e-05 +1.238300316e+02 +1.238300316e+02
196593 0 +2.818121705e-05 +1.238300282e+02 +1.238300282e+02
199385 0 +2.511208665e-05 +1.238300251e+02 +1.238300251e+02
200000 0 +2.446882132e-05 +1.238300245e+02 +1.238300245e+02
% f evaluations | g evaluations | best noise-free fitness - Fopt (4.751000000000e+01) + sum g_i+ | measured fitness | best measured fitness or single-digit g-values | x1 | x2...
1 0 +1.235000000e+02 +1.710100000e+02 +1.710100000e+02
25948 0 +1.210473175e+02 +1.685573175e+02 +1.685573175e+02
25950 0 +9.959346265e+01 +1.471034627e+02 +1.471034627e+02
25952 0 +8.772419544e+01 +1.352341954e+02 +1.352341954e+02
26009 0 +6.002608526e+01 +1.075360853e+02 +1.075360853e+02
26029 0 +5.379429644e+01 +1.013042964e+02 +1.013042964e+02
26095 0 +4.841633353e+01 +9.592633353e+01 +9.592633353e+01
26108 0 +3.876008842e+01 +8.627008842e+01 +8.627008842e+01
26118 0 +2.835535470e+01 +7.586535470e+01 +7.586535470e+01
26121 0 +2.807748022e+01 +7.558748022e+01 +7.558748022e+01
26181 0 +2.506288594e+01 +7.257288594e+01 +7.257288594e+01
26189 0 +2.175062538e+01 +6.926062538e+01 +6.926062538e+01
26244 0 +1.973964672e+01 +6.724964672e+01 +6.724964672e+01
26762 0 +1.778017351e+01 +6.529017351e+01 +6.529017351e+01
28612 0 +1.584693270e+01 +6.335693270e+01 +6.335693270e+01
30370 0 +1.412281760e+01 +6.163281760e+01 +6.163281760e+01
32800 0 +1.258921060e+01 +6.009921060e+01 +6.009921060e+01
35783 0 +1.121262849e+01 +5.872262849e+01 +5.872262849e+01
38175 0 +9.998813640e+00 +5.750881364e+01 +5.750881364e+01
40034 0 +8.911052401e+00 +5.642105240e+01 +5.642105240e+01
42249 0 +7.942948934e+00 +5.545294893e+01 +5.545294893e+01
44378 0 +7.073890949e+00 +5.458389095e+01 +5.458389095e+01
46092 0 +6.308102484e+00 +5.381810248e+01 +5.381810248e+01
47390 0 +5.621730825e+00 +5.313173082e+01 +5.313173082e+01
48793 0 +5.011270277e+00 +5.252127028e+01 +5.252127028e+01
50225 0 +4.466771939e+00 +5.197677194e+01 +5.197677194e+01
51473 0 +3.978558050e+00 +5.148855805e+01 +5.148855805e+01
52570 0 +3.543017474e+00 +5.105301747e+01 +5.105301747e+01
53441 0 +3.161961308e+00 +5.067196131e+01 +5.067196131e+01
54233 0 +2.815877940e+00 +5.032587794e+01 +5.032587794e+01
54953 0 +2.511082322e+00 +5.002108232e+01 +5.002108232e+01
55673 0 +2.234343683e+00 +4.974434368e+01 +4.974434368e+01
56231 0 +1.995039652e+00 +4.950503965e+01 +4.950503965e+01
56735 0 +1.774118742e+00 +4.928411874e+01 +4.928411874e+01
57199 0 +1.583588001e+00 +4.909358800e+01 +4.909358800e+01
57815 0 +1.411662690e+00 +4.892166269e+01 +4.892166269e+01
58535 0 +1.258693321e+00 +4.876869332e+01 +4.876869332e+01
59242 0 +1.121914346e+00 +4.863191435e+01 +4.863191435e+01
59913 0 +9.976299027e-01 +4.850762990e+01 +4.850762990e+01
60519 0 +8.908256878e-01 +4.840082569e+01 +4.840082569e+01
61113 0 +7.940954445e-01 +4.830409544e+01 +4.830409544e+01
61678 0 +7.077512933e-01 +4.821775129e+01 +4.821775129e+01
62185 0 +6.307289828e-01 +4.814072898e+01 +4.814072898e+01
63055 0 +5.618174933e-01 +4.807181749e+01 +4.807181749e+01
63953 0 +5.004617342e-01 +4.801046173e+01 +4.801046173e+01
64833 0 +4.465068333e-01 +4.795650683e+01 +4.795650683e+01
65673 0 +3.976637489e-01 +4.790766375e+01 +4.790766375e+01
66485 0 +3.544791693e-01 +4.786447917e+01 +4.786447917e+01
67239 0 +3.159125843e-01 +4.782591258e+01 +4.782591258e+01
68055 0 +2.816161074e-01 +4.779161611e+01 +4.779161611e+01
68839 0 +2.508377550e-01 +4.776083776e+01 +4.776083776e+01
69531 0 +2.236975460e-01 +4.773369755e+01 +4.773369755e+01
70273 0 +1.994134830e-01 +4.770941348e+01 +4.770941348e+01
71251 0 +1.775756353e-01 +4.768757564e+01 +4.768757564e+01
72202 0 +1.581830876e-01 +4.766818309e+01 +4.766818309e+01
73425 0 +1.411909304e-01 +4.765119093e+01 +4.765119093e+01
74632 0 +1.258874970e-01 +4.763588750e+01 +4.763588750e+01
75811 0 +1.121908502e-01 +4.762219085e+01 +4.762219085e+01
76953 0 +9.998452859e-02 +4.760998453e+01 +4.760998453e+01
78133 0 +8.893861817e-02 +4.759893862e+01 +4.759893862e+01
79242 0 +7.939711902e-02 +4.758939712e+01 +4.758939712e+01
80451 0 +7.077783754e-02 +4.758077784e+01 +4.758077784e+01
81611 0 +6.301917484e-02 +4.757301917e+01 +4.757301917e+01
82965 0 +5.622472735e-02 +4.756622473e+01 +4.756622473e+01
84587 0 +5.009930856e-02 +4.756009931e+01 +4.756009931e+01
86279 0 +4.464142827e-02 +4.755464143e+01 +4.755464143e+01
87811 0 +3.979858459e-02 +4.754979858e+01 +4.754979858e+01
89333 0 +3.546580461e-02 +4.754546580e+01 +4.754546580e+01
90790 0 +3.161970995e-02 +4.754161971e+01 +4.754161971e+01
92232 0 +2.817874007e-02 +4.753817874e+01 +4.753817874e+01
94211 0 +2.511407035e-02 +4.753511407e+01 +4.753511407e+01
96673 0 +2.238389788e-02 +4.753238390e+01 +4.753238390e+01
99051 0 +1.993785113e-02 +4.752993785e+01 +4.752993785e+01
101282 0 +1.777807974e-02 +4.752777808e+01 +4.752777808e+01
103442 0 +1.584524280e-02 +4.752584524e+01 +4.752584524e+01
105478 0 +1.412006389e-02 +4.752412006e+01 +4.752412006e+01
107402 0 +1.258644813e-02 +4.752258645e+01 +4.752258645e+01
109215 0 +1.121783511e-02 +4.752121784e+01 +4.752121784e+01
110931 0 +9.997209947e-03 +4.751999721e+01 +4.751999721e+01
112587 0 +8.911488382e-03 +4.751891149e+01 +4.751891149e+01
114190 0 +7.940303366e-03 +4.751794030e+01 +4.751794030e+01
115830 0 +7.079149422e-03 +4.751707915e+01 +4.751707915e+01
117413 0 +6.305678481e-03 +4.751630568e+01 +4.751630568e+01
119531 0 +5.620953168e-03 +4.751562095e+01 +4.751562095e+01
122051 0 +5.008209551e-03 +4.751500821e+01 +4.751500821e+01
124427 0 +4.465213873e-03 +4.751446521e+01 +4.751446521e+01
126653 0 +3.980244413e-03 +4.751398024e+01 +4.751398024e+01
128813 0 +3.546184994e-03 +4.751354618e+01 +4.751354618e+01
130855 0 +3.161288204e-03 +4.751316129e+01 +4.751316129e+01
132747 0 +2.816699792e-03 +4.751281670e+01 +4.751281670e+01
134571 0 +2.511540213e-03 +4.751251154e+01 +4.751251154e+01
136341 0 +2.237823247e-03 +4.751223782e+01 +4.751223782e+01
137987 0 +1.993871923e-03 +4.751199387e+01 +4.751199387e+01
140253 0 +1.778010641e-03 +4.751177801e+01 +4.751177801e+01
143131 0 +1.584585403e-03 +4.751158459e+01 +4.751158459e+01
145891 0 +1.412221188e-03 +4.751141222e+01 +4.751141222e+01
148491 0 +1.258576984e-03 +4.751125858e+01 +4.751125858e+01
150935 0 +1.121984363e-03 +4.751112198e+01 +4.751112198e+01
153276 0 +9.998650948e-04 +4.751099987e+01 +4.751099987e+01
155451 0 +8.905445832e-04 +4.751089054e+01 +4.751089054e+01
157531 0 +7.936764320e-04 +4.751079368e+01 +4.751079368e+01
159531 0 +7.077665737e-04 +4.751070777e+01 +4.751070777e+01
161442 0 +6.307908835e-04 +4.751063079e+01 +4.751063079e+01
163190 0 +5.622347163e-04 +4.751056223e+01 +4.751056223e+01
165091 0 +5.011398533e-04 +4.751050114e+01 +4.751050114e+01
168131 0 +4.466528781e-04 +4.751044665e+01 +4.751044665e+01
171093 0 +3.980732535e-04 +4.751039807e+01 +4.751039807e+01
173891 0 +3.547541268e-04 +4.751035475e+01 +4.751035475e+01
176547 0 +3.162087364e-04 +4.751031621e+01 +4.751031621e+01
179030 0 +2.818067856e-04 +4.751028181e+01 +4.751028181e+01
181411 0 +2.511142777e-04 +4.751025111e+01 +4.751025111e+01
183611 0 +2.238167226e-04 +4.751022382e+01 +4.751022382e+01
185735 0 +1.994517651e-04 +4.751019945e+01 +4.751019945e+01
187728 0 +1.778001062e-04 +4.751017780e+01 +4.751017780e+01
189639 0 +1.584352715e-04 +4.751015844e+01 +4.751015844e+01
191587 0 +1.412506128e-04 +4.751014125e+01 +4.751014125e+01
194571 0 +1.258329882e-04 +4.751012583e+01 +4.751012583e+01
197731 0 +1.121589009e-04 +4.751011216e+01 +4.751011216e+01
200000 0 +1.028999508e-04 +4.751010290e+01 +4.751010290e+01
% f evaluations | g evaluations | best noise-free fitness - Fopt (5.534000000000e+01) + sum g_i+ | measured fitness | best measured fitness or single-digit g-values | x1 | x2...
1 0 +1.235000000e+02 +1.788400000e+02 +1.788400000e+02
25893 0 +1.234403829e+02 +1.787803829e+02 +1.787803829e+02
26011 0 +1.113572461e+02 +1.666972461e+02 +1.666972461e+02
26048 0 +9.705843980e+01 +1.523984398e+02 +1.523984398e+02
26050 0 +8.885329043e+01 +1.441932904e+02 +1.441932904e+02
26058 0 +7.437394467e+01 +1.297139447e+02 +1.297139447e+02
26091 0 +6.913854118e+01 +1.244785412e+02 +1.244785412e+02
26166 0 +6.031129892e+01 +1.156512989e+02 +1.156512989e+02
26198 0 +5.508119698e+01 +1.104211970e+02 +1.104211970e+02
26202 0 +4.252907154e+01 +9.786907154e+01 +9.786907154e+01
26284 0 +3.877930938e+01 +9.411930938e+01 +9.411930938e+01
26294 0 +3.407485296e+01 +8.941485296e+01 +8.941485296e+01
26303 0 +2.947849476e+01 +8.481849476e+01 +8.481849476e+01
26310 0 +2.746281671e+01 +8.280281671e+01 +8.280281671e+01
26322 0 +2.493241969e+01 +8.027241969e+01 +8.027241969e+01
26335 0 +1.987893688e+01 +7.521893688e+01 +7.521893688e+01
26352 0 +1.738460986e+01 +7.272460986e+01 +7.272460986e+01
26460 0 +1.529794467e+01 +7.063794467e+01 +7.063794467e+01
26474 0 +1.371995792e+01 +6.905995792e+01 +6.905995792e+01
26646 0 +1.254277933e+01 +6.788277933e+01 +6.788277933e+01
28208 0 +1.121922465e+01 +6.655922465e+01 +6.655922465e+01
30339 0 +9.999974320e+00 +6.533997432e+01 +6.533997432e+01
32595 0 +8.910151414e+00 +6.425015141e+01 +6.425015141e+01
34685 0 +7.940113110e+00 +6.328011311e+01 +6.328011311e+01
37070 0 +7.078948265e+00 +6.241894826e+01 +6.241894826e+01
39236 0 +6.306310829e+00 +6.164631083e+01 +6.164631083e+01
40912 0 +5.621891132e+00 +6.096189113e+01 +6.096189113e+01
42301 0 +5.009513050e+00 +6.034951305e+01 +6.034951305e+01
43559 0 +4.461530169e+00 +5.980153017e+01 +5.980153017e+01
44809 0 +3.980981885e+00 +5.932098188e+01 +5.932098188e+01
45972 0 +3.541969279e+00 +5.888196928e+01 +5.888196928e+01
46867 0 +3.161310823e+00 +5.850131082e+01 +5.850131082e+01
48052 0 +2.818006701e+00 +5.815800670e+01 +5.815800670e+01
49474 0 +2.511504497e+00 +5.785150450e+01 +5.785150450e+01
50732 0 +2.234664674e+00 +5.757466467e+01 +5.757466467e+01
51852 0 +1.989621554e+00 +5.732962155e+01 +5.732962155e+01
52849 0 +1.776646068e+00 +5.711664607e+01 +5.711664607e+01
53732 0 +1.584667118e+00 +5.692466712e+01 +5.692466712e+01
54602 0 +1.412300405e+00 +5.675230041e+01 +5.675230041e+01
55369 0 +1.256936753e+00 +5.659693675e+01 +5.659693675e+01
56097 0 +1.121300252e+00 +5.646130025e+01 +5.646130025e+01
56755 0 +9.998171137e-01 +5.633981711e+01 +5.633981711e+01
57337 0 +8.909540027e-01 +5.623095400e+01 +5.623095400e+01
57929 0 +7.913504474e-01 +5.613135045e+01 +5.613135045e+01
58524 0 +7.069471305e-01 +5.604694713e+01 +5.604694713e+01
59053 0 +6.304918482e-01 +5.597049185e+01 +5.597049185e+01
59652 0 +5.621854342e-01 +5.590218543e+01 +5.590218543e+01
60337 0 +5.011724962e-01 +5.584117250e+01 +5.584117250e+01
61217 0 +4.465923702e-01 +5.578659237e+01 +5.578659237e+01
62158 0 +3.970544500e-01 +5.573705445e+01 +5.573705445e+01
63078 0 +3.544796943e-01 +5.569447969e+01 +5.569447969e+01
63998 0 +3.159803941e-01 +5.565598039e+01 +5.565598039e+01
64918 0 +2.815445060e-01 +5.562154451e+01 +5.562154451e+01
65777 0 +2.511667895e-01 +5.559116679e+01 +5.559116679e+01
66686 0 +2.237356045e-01 +5.556373560e+01 +5.556373560e+01
67918 0 +1.993901056e-01 +5.553939011e+01 +5.553939011e+01
69558 0 +1.775646928e-01 +5.551756469e+01 +5.551756469e+01
71118 0 +1.583475562e-01 +5.549834756e+01 +5.549834756e+01
72638 0 +1.411602280e-01 +5.548116023e+01 +5.548116023e+01
74118 0 +1.256732454e-01 +5.546567325e+01 +5.546567325e+01
75537 0 +1.121269227e-01 +5.545212692e+01 +5.545212692e+01
76895 0 +9.999718538e-02 +5.543999719e+01 +5.543999719e+01
78233 0 +8.908095410e-02 +5.542908095e+01 +5.542908095e+01
79478 0 +7.940670132e-02 +5.541940670e+01 +5.541940670e+01
80697 0 +7.066636231e-02 +5.541066636e+01 +5.541066636e+01
81918 0 +6.305437240e-02 +5.540305437e+01 +5.540305437e+01
84049 0 +5.621943041e-02 +5.539621943e+01 +5.539621943e+01
86158 0 +5.007231048e-02 +5.539007231e+01 +5.539007231e+01
88198 0 +4.465838853e-02 +5.538465839e+01 +5.538465839e+01
90155 0 +3.980777942e-02 +5.537980778e+01 +5.537980778e+01
92017 0 +3.547443217e-02 +5.537547443e+01 +5.537547443e+01
93777 0 +3.159862274e-02 +5.537159862e+01 +5.537159862e+01
95457 0 +2.818017417e-02 +5.536818017e+01 +5.536818017e+01
97053 0 +2.511847523e-02 +5.536511848e+01 +5.536511848e+01
98693 0 +2.238260052e-02 +5.536238260e+01 +5.536238260e+01
100217 0 +1.994926777e-02 +5.535994927e+01 +5.535994927e+01
102133 0 +1.777578793e-02 +5.535777579e+01 +5.535777579e+01
104758 0 +1.583856917e-02 +5.535583857e+01 +5.535583857e+01
107257 0 +1.412462191e-02 +5.535412462e+01 +5.535412462e+01
109635 0 +1.258557970e-02 +5.535258558e+01 +5.535258558e+01
111878 0 +1.121741400e-02 +5.535121741e+01 +5.535121741e+01
114038 0 +9.994491517e-03 +5.534999449e+01 +5.534999449e+01
116049 0 +8.911372792e-03 +5.534891137e+01 +5.534891137e+01
117973 0 +7.943154958e-03 +5.534794315e+01 +5.534794315e+01
119852 0 +7.076412625e-03 +5.534707641e+01 +5.534707641e+01
121657 0 +6.309422702e-03 +5.534630942e+01 +5.534630942e+01
123493 0 +5.622329269e-03 +5.534562233e+01 +5.534562233e+01
125318 0 +5.011325320e-03 +5.534501133e+01 +5.534501133e+01
128278 0 +4.465100031e-03 +5.534446510e+01 +5.534446510e+01
131057 0 +3.979551941e-03 +5.534397955e+01 +5.534397955e+01
133686 0 +3.547766195e-03 +5.534354777e+01 +5.534354777e+01
136177 0 +3.162242122e-03 +5.534316224e+01 +5.534316224e+01
138558 0 +2.817558545e-03 +5.534281756e+01 +5.534281756e+01
140833 0 +2.511186408e-03 +5.534251119e+01 +5.534251119e+01
142926 0 +2.238302661e-03 +5.534223830e+01 +5.534223830e+01
144958 0 +1.994018852e-03 +5.534199402e+01 +5.534199402e+01
146897 0 +1.777463527e-03 +5.534177746e+01 +5.534177746e+01
149238 0 +1.583420588e-03 +5.534158342e+01 +5.534158342e+01
152617 0 +1.412521978e-03 +5.534141252e+01 +5.534141252e+01
155838 0 +1.258876824e-03 +5.534125888e+01 +5.534125888e+01
158895 0 +1.121900679e-03 +5.534112190e+01 +5.534112190e+01
161789 0 +9.998502023e-04 +5.534099985e+01 +5.534099985e+01
164489 0 +8.912490934e-04 +5.534089125e+01 +5.534089125e+01
167075 0 +7.940765098e-04 +5.534079408e+01 +5.534079408e+01
169478 0 +7.079393357e-04 +5.534070794e+01 +5.534070794e+01
171798 0 +6.307064735e-04 +5.534063071e+01 +5.534063071e+01
173958 0 +5.618355222e-04 +5.534056184e+01 +5.534056184e+01
176052 0 +5.011386219e-04 +5.534050114e+01 +5.534050114e+01
177973 0 +4.465879213e-04 +5.534044659e+01 +5.534044659e+01
179813 0 +3.978631365e-04 +5.534039786e+01 +5.534039786e+01
183278 0 +3.545003794e-04 +5.534035450e+01 +5.534035450e+01
186518 0 +3.160525615e-04 +5.534031605e+01 +5.534031605e+01
189615 0 +2.818209075e-04 +5.534028182e+01 +5.534028182e+01
192558 0 +2.511089205e-04 +5.534025111e+01 +5.534025111e+01
195318 0 +2.237360956e-04 +5.534022374e+01 +5.534022374e+01
197918 0 +1.993949921e-04 +5.534019939e+01 +5.534019939e+01
200000 0 +1.810936428e-04 +5.534018109e+01 +5.534018109e+01
% f evaluations | g evaluations | best noise-free fitness - Fopt (-9.033000000000e+01) + sum g_i+ | measured fitness | best measured fitness or single-digit g-values | x1 | x2...
1 0 +1.235000000e+02 +3.317000000e+01 +3.317000000e+01
25936 0 +1.234080275e+02 +3.307802754e+01 +3.307802754e+01
25980 0 +1.115553328e+02 +2.122533280e+01 +2.122533280e+01
26052 0 +9.881481012e+01 +8.484810119e+00 +8.484810119e+00
26108 0 +8.848254337e+01 -1.847456629e+00 -1.847456629e+00
26168 0 +7.821616797e+01 -1.211383203e+01 -1.211383203e+01
26183 0 +7.025877287e+01 -2.007122713e+01 -2.007122713e+01
26223 0 +5.921160719e+01 -3.111839281e+01 -3.111839281e+01
26236 0 +5.604225986e+01 -3.428774014e+01 -3.428774014e+01
26262 0 +4.854177885e+01 -4.178822115e+01 -4.178822115e+01
26276 0 +4.445449807e+01 -4.587550193e+01 -4.587550193e+01
26305 0 +3.894397955e+01 -5.138602045e+01 -5.138602045e+01
26321 0 +3.438716110e+01 -5.594283890e+01 -5.594283890e+01
26331 0 +3.160634624e+01 -5.872365376e+01 -5.872365376e+01
26336 0 +2.787352177e+01 -6.245647823e+01 -6.245647823e+01
26356 0 +2.482523619e+01 -6.550476381e+01 -6.550476381e+01
26370 0 +2.136358104e+01 -6.896641896e+01 -6.896641896e+01
26382 0 +1.967942398e+01 -7.065057602e+01 -7.065057602e+01
26401 0 +1.730045407e+01 -7.302954593e+01 -7.302954593e+01
26405 0 +1.570201834e+01 -7.462798166e+01 -7.462798166e+01
26509 0 +1.401464740e+01 -7.631535260e+01 -7.631535260e+01
26525 0 +1.238377508e+01 -7.794622492e+01 -7.794622492e+01
26555 0 +1.118500814e+01 -7.914499186e+01 -7.914499186e+01
26990 0 +9.993312197e+00 -8.033668780e+01 -8.033668780e+01
28822 0 +8.907951240e+00 -8.142204876e+01 -8.142204876e+01
30513 0 +7.941783441e+00 -8.238821656e+01 -8.238821656e+01
32184 0 +7.074836259e+00 -8.325516374e+01 -8.325516374e+01
33675 0 +6.306226239e+00 -8.402377376e+01 -8.402377376e+01
34995 0 +5.621713617e+00 -8.470828638e+01 -8.470828638e+01
36299 0 +5.009257066e+00 -8.532074293e+01 -8.532074293e+01
37553 0 +4.466562230e+00 -8.586343777e+01 -8.586343777e+01
38649 0 +3.979737762e+00 -8.635026224e+01 -8.635026224e+01
39726 0 +3.547165642e+00 -8.678283436e+01 -8.678283436e+01
40597 0 +3.156673857e+00 -8.717332614e+01 -8.717332614e+01
41461 0 +2.818203003e+00 -8.751179700e+01 -8.751179700e+01
42195 0 +2.511499242e+00 -8.781850076e+01 -8.781850076e+01
43215 0 +2.236885627e+00 -8.809311437e+01 -8.809311437e+01
43864 0 +1.995208691e+00 -8.833479131e+01 -8.833479131e+01
44606 0 +1.775005827e+00 -8.855499417e+01 -8.855499417e+01
45286 0 +1.584328425e+00 -8.874567157e+01 -8.874567157e+01
45908 0 +1.411643275e+00 -8.891835673e+01 -8.891835673e+01
46504 0 +1.258634571e+00 -8.907136543e+01 -8.907136543e+01
47055 0 +1.121982267e+00 -8.920801773e+01 -8.920801773e+01
47572 0 +9.999210272e-01 -8.933007897e+01 -8.933007897e+01
48468 0 +8.912224578e-01 -8.943877754e+01 -8.943877754e+01
49504 0 +7.942506970e-01 -8.953574930e+01 -8.953574930e+01
50522 0 +7.079131884e-01 -8.962208681e+01 -8.962208681e+01
51523 0 +6.308741639e-01 -8.969912584e+01 -8.969912584e+01
52468 0 +5.622356133e-01 -8.976776439e+01 -8.976776439e+01
53428 0 +5.008156859e-01 -8.982918431e+01 -8.982918431e+01
54326 0 +4.465357830e-01 -8.988346422e+01 -8.988346422e+01
55188 0 +3.975746364e-01 -8.993242536e+01 -8.993242536e+01
56021 0 +3.546977822e-01 -8.997530222e+01 -8.997530222e+01
56910 0 +3.160703646e-01 -9.001392964e+01 -9.001392964e+01
57781 0 +2.816772002e-01 -9.004832280e+01 -9.004832280e+01
58628 0 +2.511195904e-01 -9.007888041e+01 -9.007888041e+01
59607 0 +2.237689829e-01 -9.010623102e+01 -9.010623102e+01
60548 0 +1.995055721e-01 -9.013049443e+01 -9.013049443e+01
61840 0 +1.777707870e-01 -9.015222921e+01 -9.015222921e+01
63068 0 +1.582572203e-01 -9.017174278e+01 -9.017174278e+01
64294 0 +1.412055705e-01 -9.018879443e+01 -9.018879443e+01
65450 0 +1.258859305e-01 -9.020411407e+01 -9.020411407e+01
66694 0 +1.121519397e-01 -9.021784806e+01 -9.021784806e+01
68046 0 +9.998163437e-02 -9.023001837e+01 -9.023001837e+01
69282 0 +8.910192168e-02 -9.024089808e+01 -9.024089808e+01
71122 0 +7.941491288e-02 -9.025058509e+01 -9.025058509e+01
72934 0 +7.077236018e-02 -9.025922764e+01 -9.025922764e+01
74655 0 +6.308910489e-02 -9.026691090e+01 -9.026691090e+01
76274 0 +5.622994423e-02 -9.027377006e+01 -9.027377006e+01
77846 0 +5.011188453e-02 -9.027988812e+01 -9.027988812e+01
79360 0 +4.465894316e-02 -9.028534106e+01 -9.028534106e+01
80815 0 +3.980210698e-02 -9.029019789e+01 -9.029019789e+01
82459 0 +3.545911031e-02 -9.029454089e+01 -9.029454089e+01
84031 0 +3.161958648e-02 -9.029838041e+01 -9.029838041e+01
85828 0 +2.817815159e-02 -9.030182185e+01 -9.030182185e+01
88094 0 +2.511072930e-02 -9.030488927e+01 -9.030488927e+01
90228 0 +2.238470198e-02 -9.030761530e+01 -9.030761530e+01
92280 0 +1.994339302e-02 -9.031005661e+01 -9.031005661e+01
94231 0 +1.777722964e-02 -9.031222277e+01 -9.031222277e+01
96082 0 +1.584764044e-02 -9.031415236e+01 -9.031415236e+01
97821 0 +1.412268873e-02 -9.031587731e+01 -9.031587731e+01
99482 0 +1.258247372e-02 -9.031741753e+01 -9.031741753e+01
101200 0 +1.121833185e-02 -9.031878167e+01 -9.031878167e+01
103002 0 +9.992049587e-03 -9.032000795e+01 -9.032000795e+01
104701 0 +8.907607099e-03 -9.032109239e+01 -9.032109239e+01
106775 0 +7.943058374e-03 -9.032205694e+01 -9.032205694e+01
108894 0 +7.079246857e-03 -9.032292075e+01 -9.032292075e+01
111268 0 +6.309432291e-03 -9.032369057e+01 -9.032369057e+01
113526 0 +5.623135699e-03 -9.032437686e+01 -9.032437686e+01
115654 0 +5.010628235e-03 -9.032498937e+01 -9.032498937e+01
117682 0 +4.465182206e-03 -9.032553482e+01 -9.032553482e+01
119606 0 +3.980954130e-03 -9.032601905e+01 -9.032601905e+01
121480 0 +3.547607920e-03 -9.032645239e+01 -9.032645239e+01
123308 0 +3.161036354e-03 -9.032683896e+01 -9.032683896e+01
125240 0 +2.817367881e-03 -9.032718263e+01 -9.032718263e+01
127101 0 +2.511251750e-03 -9.032748875e+01 -9.032748875e+01
129087 0 +2.238663348e-03 -9.032776134e+01 -9.032776134e+01
131301 0 +1.994774390e-03 -9.032800523e+01 -9.032800523e+01
133828 0 +1.777425102e-03 -9.032822257e+01 -9.032822257e+01
136274 0 +1.584798375e-03 -9.032841520e+01 -9.032841520e+01
138575 0 +1.412531281e-03 -9.032858747e+01 -9.032858747e+01
140748 0 +1.258616824e-03 -9.032874138e+01 -9.032874138e+01
142821 0 +1.121985541e-03 -9.032887801e+01 -9.032887801e+01
144800 0 +9.996762114e-04 -9.032900032e+01 -9.032900032e+01
146795 0 +8.910449154e-04 -9.032910896e+01 -9.032910896e+01
148760 0 +7.943164063e-04 -9.032920568e+01 -9.032920568e+01
150767 0 +7.079194042e-04 -9.032929208e+01 -9.032929208e+01
152920 0 +6.307760085e-04 -9.032936922e+01 -9.032936922e+01
155115 0 +5.621547532e-04 -9.032943785e+01 -9.032943785e+01
157400 0 +5.010756246e-04 -9.032949892e+01 -9.032949892e+01
159988 0 +4.466079639e-04 -9.032955339e+01 -9.032955339e+01
162451 0 +3.980709568e-04 -9.032960193e+01 -9.032960193e+01
164794 0 +3.547575866e-04 -9.032964524e+01 -9.032964524e+01
166981 0 +3.160867152e-04 -9.032968391e+01 -9.032968391e+01
169094 0 +2.818144860e-04 -9.032971819e+01 -9.032971819e+01
171083 0 +2.511213823e-04 -9.032974888e+01 -9.032974888e+01
173080 0 +2.238041470e-04 -9.032977620e+01 -9.032977620e+01
175086 0 +1.995061752e-04 -9.032980049e+01 -9.032980049e+01
177668 0 +1.778274053e-04 -9.032982217e+01 -9.032982217e+01
180779 0 +1.584886883e-04 -9.032984151e+01 -9.032984151e+01
183726 0 +1.412514347e-04 -9.032985875e+01 -9.032985875e+01
186508 0 +1.258433287e-04 -9.032987416e+01 -9.032987416e+01
189122 0 +1.121938819e-04 -9.032988781e+01 -9.032988781e+01
191618 0 +9.999729492e-05 -9.032990000e+01 -9.032990000e+01
193948 0 +8.911832838e-05 -9.032991088e+01 -9.032991088e+01
196240 0 +7.942726654e-05 -9.032992057e+01 -9.032992057e+01
198388 0 +7.078286770e-05 -9.032992922e+01 -9.032992922e+01
200000 0 +6.466349694e-05 -9.032993534e+01 -9.032993534e+01
% f evaluations | g evaluations | best noise-free fitness - Fopt (6.561000000000e+01) + sum g_i+ | measured fitness | best measured fitness or single-digit g-values | x1 | x2...
1 0 +1.235000000e+02 +1.891100000e+02 +1.891100000e+02
25111 0 +1.139187486e+02 +1.795287486e+02 +1.795287486e+02
25956 0 +1.012482665e+02 +1.668582665e+02 +1.668582665e+02
26015 0 +9.784747942e+01 +1.634574794e+02 +1.634574794e+02
26089 0 +8.842598917e+01 +1.540359892e+02 +1.540359892e+02
26127 0 +7.867553372e+01 +1.442855337e+02 +1.442855337e+02
26430 0 +7.071794969e+01 +1.363279497e+02 +1.363279497e+02
32653 0 +6.304982866e+01 +1.286598287e+02 +1.286598287e+02
33598 0 +5.618261350e+01 +1.217926135e+02 +1.217926135e+02
34158 0 +5.002001368e+01 +1.156300137e+02 +1.156300137e+02
34573 0 +4.452598998e+01 +1.101359900e+02 +1.101359900e+02
34931 0 +3.971108362e+01 +1.053210836e+02 +1.053210836e+02
35213 0 +3.535663701e+01 +1.009666370e+02 +1.009666370e+02
35478 0 +3.149241688e+01 +9.710241688e+01 +9.710241688e+01
35693 0 +2.806902937e+01 +9.367902937e+01 +9.367902937e+01
35893 0 +2.504165396e+01 +9.065165396e+01 +9.065165396e+01
36091 0 +2.232319198e+01 +8.793319198e+01 +8.793319198e+01
36253 0 +1.973654119e+01 +8.534654119e+01 +8.534654119e+01
36411 0 +1.773947896e+01 +8.334947896e+01 +8.334947896e+01
36533 0 +1.584306999e+01 +8.145306999e+01 +8.145306999e+01
36678 0 +1.404230341e+01 +7.965230341e+01 +7.965230341e+01
36798 0 +1.254285744e+01 +7.815285744e+01 +7.815285744e+01
36918 0 +1.110508304e+01 +7.671508304e+01 +7.671508304e+01
37013 0 +9.956172214e+00 +7.556617221e+01 +7.556617221e+01
37118 0 +8.891066765e+00 +7.450106677e+01 +7.450106677e+01
37213 0 +7.867500446e+00 +7.347750045e+01 +7.347750045e+01
37318 0 +6.918525454e+00 +7.252852545e+01 +7.252852545e+01
37398 0 +6.179362918e+00 +7.178936292e+01 +7.178936292e+01
37474 0 +5.621691140e+00 +7.123169114e+01 +7.123169114e+01
37533 0 +4.950285585e+00 +7.056028558e+01 +7.056028558e+01
37613 0 +4.324787351e+00 +6.993478735e+01 +6.993478735e+01
37678 0 +3.887435859e+00 +6.949743586e+01 +6.949743586e+01
37733 0 +3.448606919e+00 +6.905860692e+01 +6.905860692e+01
37777 0 +3.156564380e+00 +6.876656438e+01 +6.876656438e+01
37838 0 +2.798628703e+00 +6.840862870e+01 +6.840862870e+01
37893 0 +2.404733246e+00 +6.801473325e+01 +6.801473325e+01
37933 0 +2.176164868e+00 +6.778616487e+01 +6.778616487e+01
37973 0 +1.959182565e+00 +6.756918257e+01 +6.756918257e+01
38013 0 +1.742782941e+00 +6.735278294e+01 +6.735278294e+01
38053 0 +1.552238351e+00 +6.716223835e+01 +6.716223835e+01
38093 0 +1.357590179e+00 +6.696759018e+01 +6.696759018e+01
38133 0 +1.192474802e+00 +6.680247480e+01 +6.680247480e+01
38158 0 +1.116129972e+00 +6.672612997e+01 +6.672612997e+01
38198 0 +9.540339710e-01 +6.656403397e+01 +6.656403397e+01
38213 0 +8.802256742e-01 +6.649022567e+01 +6.649022567e+01
38253 0 +7.315732310e-01 +6.634157323e+01 +6.634157323e+01
38278 0 +6.697847238e-01 +6.627978472e+01 +6.627978472e+01
38293 0 +6.016341929e-01 +6.621163419e+01 +6.621163419e+01
38318 0 +5.538564202e-01 +6.616385642e+01 +6.616385642e+01
38333 0 +4.921570405e-01 +6.610215704e+01 +6.610215704e+01
38358 0 +4.453960133e-01 +6.605539601e+01 +6.605539601e+01
38373 0 +3.857251607e-01 +6.599572516e+01 +6.599572516e+01
38398 0 +3.489911297e-01 +6.595899113e+01 +6.595899113e+01
38413 0 +3.001842846e-01 +6.591018428e+01 +6.591018428e+01
38438 0 +2.480914296e-01 +6.585809143e+01 +6.585809143e+01
38453 0 +2.131019238e-01 +6.582310192e+01 +6.582310192e+01
38478 0 +1.840294362e-01 +6.579402944e+01 +6.579402944e+01
38491 0 +1.774422915e-01 +6.578744229e+01 +6.578744229e+01
38493 0 +1.520295627e-01 +6.576202956e+01 +6.576202956e+01
38518 0 +1.266329093e-01 +6.573663291e+01 +6.573663291e+01
38526 0 +1.209779813e-01 +6.573097798e+01 +6.573097798e+01
38533 0 +9.720729111e-02 +6.570720729e+01 +6.570720729e+01
38558 0 +7.017036527e-02 +6.568017037e+01 +6.568017037e+01
38573 0 +5.496303201e-02 +6.566496303e+01 +6.566496303e+01
38584 0 +4.996939206e-02 +6.565996939e+01 +6.565996939e+01
38598 0 +3.765628956e-02 +6.564765629e+01 +6.564765629e+01
38613 0 +3.269709698e-02 +6.564269710e+01 +6.564269710e+01
38638 0 +3.042866147e-02 +6.564042866e+01 +6.564042866e+01
38646 0 +2.769033448e-02 +6.563769033e+01 +6.563769033e+01
38653 0 +2.436335747e-02 +6.563436336e+01 +6.563436336e+01
38657 0 +1.905215948e-02 +6.562905216e+01 +6.562905216e+01
38659 0 +1.656273965e-02 +6.562656274e+01 +6.562656274e+01
38674 0 +1.440016903e-02 +6.562440017e+01 +6.562440017e+01
38695 0 +1.230295831e-02 +6.562230296e+01 +6.562230296e+01
38776 0 +1.107511960e-02 +6.562107512e+01 +6.562107512e+01
38777 0 +9.680064637e-03 +6.561968006e+01 +6.561968006e+01
38787 0 +8.188461935e-03 +6.561818846e+01 +6.561818846e+01
38795 0 +7.719077159e-03 +6.561771908e+01 +6.561771908e+01
38799 0 +5.746351334e-03 +6.561574635e+01 +6.561574635e+01
38802 0 +5.151011753e-03 +6.561515101e+01 +6.561515101e+01
38806 0 +4.600537112e-03 +6.561460054e+01 +6.561460054e+01
38807 0 +4.317782288e-03 +6.561431778e+01 +6.561431778e+01
38832 0 +3.656934442e-03 +6.561365693e+01 +6.561365693e+01
38844 0 +3.540635890e-03 +6.561354064e+01 +6.561354064e+01
38879 0 +3.150365871e-03 +6.561315037e+01 +6.561315037e+01
38940 0 +2.728137721e-03 +6.561272814e+01 +6.561272814e+01
38948 0 +2.120220913e-03 +6.561212022e+01 +6.561212022e+01
38953 0 +1.829525012e-03 +6.561182953e+01 +6.561182953e+01
38960 0 +1.603019662e-03 +6.561160302e+01 +6.561160302e+01
38965 0 +1.480657238e-03 +6.561148066e+01 +6.561148066e+01
38970 0 +1.296245030e-03 +6.561129625e+01 +6.561129625e+01
38981 0 +1.167103420e-03 +6.561116710e+01 +6.561116710e+01
38988 0 +1.094253700e-03 +6.561109425e+01 +6.561109425e+01
38990 0 +8.404659033e-04 +6.561084047e+01 +6.561084047e+01
39002 0 +7.857862099e-04 +6.561078579e+01 +6.561078579e+01
39020 0 +4.962278609e-04 +6.561049623e+01 +6.561049623e+01
39088 0 +4.134053846e-04 +6.561041341e+01 +6.561041341e+01
39098 0 +3.371105780e-04 +6.561033711e+01 +6.561033711e+01
39101 0 +2.631166050e-04 +6.561026312e+01 +6.561026312e+01
39105 0 +2.189714591e-04 +6.561021897e+01 +6.561021897e+01
39111 0 +1.959092498e-04 +6.561019591e+01 +6.561019591e+01
39122 0 +1.678450455e-04 +6.561016785e+01 +6.561016785e+01
39152 0 +1.584027690e-04 +6.561015840e+01 +6.561015840e+01
39264 0 +1.403401414e-04 +6.561014034e+01 +6.561014034e+01
39266 0 +1.167939977e-04 +6.561011679e+01 +6.561011679e+01
39271 0 +9.165787857e-05 +6.561009166e+01 +6.561009166e+01
39279 0 +5.894063482e-05 +6.561005894e+01 +6.561005894e+01
39295 0 +5.153750138e-05 +6.561005154e+01 +6.561005154e+01
39356 0 +3.922591614e-05 +6.561003923e+01 +6.561003923e+01
39403 0 +3.305850413e-05 +6.561003306e+01 +6.561003306e+01
39412 0 +2.949670133e-05 +6.561002950e+01 +6.561002950e+01
39493 0 +2.801502283e-05 +6.561002802e+01 +6.561002802e+01
39506 0 +2.457156253e-05 +6.561002457e+01 +6.561002457e+01
39515 0 +2.069998382e-05 +6.561002070e+01 +6.561002070e+01
39528 0 +1.901661993e-05 +6.561001902e+01 +6.561001902e+01
39621 0 +1.768636371e-05 +6.561001769e+01 +6.561001769e+01
39808 0 +1.583304338e-05 +6.561001583e+01 +6.561001583e+01
41415 0 +1.412409807e-05 +6.561001412e+01 +6.561001412e+01
43714 0 +1.258499026e-05 +6.561001258e+01 +6.561001258e+01
45901 0 +1.121995049e-05 +6.561001122e+01 +6.561001122e+01
48430 0 +9.999879182e-06 +6.561001000e+01 +6.561001000e+01
52094 0 +8.911469351e-06 +6.561000891e+01 +6.561000891e+01
55498 0 +7.942970683e-06 +6.561000794e+01 +6.561000794e+01
58743 0 +7.079376161e-06 +6.561000708e+01 +6.561000708e+01
61818 0 +6.307693681e-06 +6.561000631e+01 +6.561000631e+01
64710 0 +5.623345956e-06 +6.561000562e+01 +6.561000562e+01
67458 0 +5.009690355e-06 +6.561000501e+01 +6.561000501e+01
70002 0 +4.466810395e-06 +6.561000447e+01 +6.561000447e+01
72698 0 +3.979459350e-06 +6.561000398e+01 +6.561000398e+01
77258 0 +3.547013350e-06 +6.561000355e+01 +6.561000355e+01
81595 0 +3.162064004e-06 +6.561000316e+01 +6.561000316e+01
85678 0 +2.818364422e-06 +6.561000282e+01 +6.561000282e+01
89538 0 +2.510633436e-06 +6.561000251e+01 +6.561000251e+01
93178 0 +2.238193645e-06 +6.561000224e+01 +6.561000224e+01
96618 0 +1.994398218e-06 +6.561000199e+01 +6.561000199e+01
99858 0 +1.778131704e-06 +6.561000178e+01 +6.561000178e+01
102941 0 +1.584886931e-06 +6.561000158e+01 +6.561000158e+01
105835 0 +1.412260403e-06 +6.561000141e+01 +6.561000141e+01
108569 0 +1.258842914e-06 +6.561000126e+01 +6.561000126e+01
111138 0 +1.121658173e-06 +6.561000112e+01 +6.561000112e+01
113586 0 +9.999434667e-07 +6.561000100e+01 +6.561000100e+01
115925 0 +8.910801483e-07 +6.561000089e+01 +6.561000089e+01
118138 0 +7.941434603e-07 +6.561000079e+01 +6.561000079e+01
120258 0 +7.076802149e-07 +6.561000071e+01 +6.561000071e+01
122338 0 +6.307417948e-07 +6.561000063e+01 +6.561000063e+01
124540 0 +5.622770516e-07 +6.561000056e+01 +6.561000056e+01
127978 0 +5.008262605e-07 +6.561000050e+01 +6.561000050e+01
131245 0 +4.466815824e-07 +6.561000045e+01 +6.561000045e+01
134298 0 +3.980759118e-07 +6.561000040e+01 +6.561000040e+01
137218 0 +3.545902842e-07 +6.561000035e+01 +6.561000035e+01
139938 0 +3.159611168e-07 +6.561000032e+01 +6.561000032e+01
142529 0 +2.817880329e-07 +6.561000028e+01 +6.561000028e+01
144978 0 +2.510760311e-07 +6.561000025e+01 +6.561000025e+01
147285 0 +2.237229495e-07 +6.561000022e+01 +6.561000022e+01
149461 0 +1.994803824e-07 +6.561000020e+01 +6.561000020e+01
151529 0 +1.777232939e-07 +6.561000018e+01 +6.561000018e+01
153700 0 +1.584030827e-07 +6.561000016e+01 +6.561000016e+01
156538 0 +1.411899007e-07 +6.561000014e+01 +6.561000014e+01
160005 0 +1.258888318e-07 +6.561000013e+01 +6.561000013e+01
163258 0 +1.121620841e-07 +6.561000011e+01 +6.561000011e+01
166338 0 +9.998649375e-08 +6.561000010e+01 +6.561000010e+01
169260 0 +8.912329008e-08 +6.561000009e+01 +6.561000009e+01
171980 0 +7.940751345e-08 +6.561000008e+01 +6.561000008e+01
174578 0 +7.075864517e-08 +6.561000007e+01 +6.561000007e+01
177018 0 +6.309149114e-08 +6.561000006e+01 +6.561000006e+01
179365 0 +5.621770072e-08 +6.561000006e+01 +6.561000006e+01
181540 0 +5.010109305e-08 +6.561000005e+01 +6.561000005e+01
183626 0 +4.466032522e-08 +6.561000004e+01 +6.561000004e+01
185586 0 +3.980937890e-08 +6.561000004e+01 +6.561000004e+01
187780 0 +3.547818039e-08 +6.561000004e+01 +6.561000004e+01
189946 0 +3.162031703e-08 +6.561000003e+01 +6.561000003e+01
193060 0 +2.817708378e-08 +6.561000003e+01 +6.561000003e+01
196168 0 +2.511806940e-08 +6.561000003e+01 +6.561000003e+01
199089 0 +2.238448360e-08 +6.561000002e+01 +6.561000002e+01
200000 0 +2.154830270e-08 +6.561000002e+01 +6.561000002e+01
% f evaluations | g evaluations | best noise-free fitness - Fopt (-1.304400000000e+02) + sum g_i+ | measured fitness | best measured fitness or single-digit g-values | x1 | x2...
1 0 +1.235000000e+02 -6.940000000e+00 -6.940000000e+00
25939 0 +1.234746725e+02 -6.965327535e+00 -6.965327535e+00
26050 0 +1.115073327e+02 -1.893266726e+01 -1.893266726e+01
26090 0 +9.803665859e+01 -3.240334141e+01 -3.240334141e+01
26106 0 +7.993108047e+01 -5.050891953e+01 -5.050891953e+01
26130 0 +7.702025591e+01 -5.341974409e+01 -5.341974409e+01
26146 0 +5.967779395e+01 -7.076220605e+01 -7.076220605e+01
26186 0 +5.071326115e+01 -7.972673885e+01 -7.972673885e+01
26207 0 +4.691689360e+01 -8.352310640e+01 -8.352310640e+01
26213 0 +4.339783219e+01 -8.704216781e+01 -8.704216781e+01
26271 0 +3.788123259e+01 -9.255876741e+01 -9.255876741e+01
26274 0 +3.310104047e+01 -9.733895953e+01 -9.733895953e+01
26295 0 +2.726044364e+01 -1.031795564e+02 -1.031795564e+02
26307 0 +2.335047770e+01 -1.070895223e+02 -1.070895223e+02
26364 0 +2.196764759e+01 -1.084723524e+02 -1.084723524e+02
26389 0 +1.871609091e+01 -1.117239091e+02 -1.117239091e+02
26452 0 +1.765151205e+01 -1.127884880e+02 -1.127884880e+02
26574 0 +1.579947683e+01 -1.146405232e+02 -1.146405232e+02
26936 0 +1.412145895e+01 -1.163185410e+02 -1.163185410e+02
28665 0 +1.258269616e+01 -1.178573038e+02 -1.178573038e+02
30477 0 +1.120984587e+01 -1.192301541e+02 -1.192301541e+02
32366 0 +9.996900707e+00 -1.204430993e+02 -1.204430993e+02
34305 0 +8.910968201e+00 -1.215290318e+02 -1.215290318e+02
36457 0 +7.940895078e+00 -1.224991049e+02 -1.224991049e+02
38569 0 +7.077823478e+00 -1.233621765e+02 -1.233621765e+02
40248 0 +6.303886516e+00 -1.241361135e+02 -1.241361135e+02
41682 0 +5.622144303e+00 -1.248178557e+02 -1.248178557e+02
43214 0 +5.011578100e+00 -1.254284219e+02 -1.254284219e+02
45248 0 +4.462986776e+00 -1.259770132e+02 -1.259770132e+02
47032 0 +3.976191139e+00 -1.264638089e+02 -1.264638089e+02
48752 0 +3.547420274e+00 -1.268925797e+02 -1.268925797e+02
50232 0 +3.161939879e+00 -1.272780601e+02 -1.272780601e+02
51553 0 +2.818044009e+00 -1.276219560e+02 -1.276219560e+02
52913 0 +2.506775631e+00 -1.279332244e+02 -1.279332244e+02
54153 0 +2.238389020e+00 -1.282016110e+02 -1.282016110e+02
55313 0 +1.991874396e+00 -1.284481256e+02 -1.284481256e+02
56390 0 +1.777541721e+00 -1.286624583e+02 -1.286624583e+02
57358 0 +1.584324558e+00 -1.288556754e+02 -1.288556754e+02
58273 0 +1.410394645e+00 -1.290296054e+02 -1.290296054e+02
59084 0 +1.258575380e+00 -1.291814246e+02 -1.291814246e+02
59873 0 +1.120962849e+00 -1.293190372e+02 -1.293190372e+02
60599 0 +9.994273577e-01 -1.294405726e+02 -1.294405726e+02
61307 0 +8.909251624e-01 -1.295490748e+02 -1.295490748e+02
61945 0 +7.942903048e-01 -1.296457097e+02 -1.296457097e+02
62533 0 +7.072281581e-01 -1.297327718e+02 -1.297327718e+02
63119 0 +6.301996778e-01 -1.298098003e+02 -1.298098003e+02
63873 0 +5.612700265e-01 -1.298787300e+02 -1.298787300e+02
64873 0 +5.003275766e-01 -1.299396724e+02 -1.299396724e+02
65851 0 +4.465658222e-01 -1.299934342e+02 -1.299934342e+02
66787 0 +3.980730912e-01 -1.300419269e+02 -1.300419269e+02
67673 0 +3.543097150e-01 -1.300856903e+02 -1.300856903e+02
68547 0 +3.161277952e-01 -1.301238722e+02 -1.301238722e+02
69358 0 +2.816564242e-01 -1.301583436e+02 -1.301583436e+02
70227 0 +2.509686883e-01 -1.301890313e+02 -1.301890313e+02
71333 0 +2.237931476e-01 -1.302162069e+02 -1.302162069e+02
72307 0 +1.994266533e-01 -1.302405733e+02 -1.302405733e+02
73667 0 +1.777287322e-01 -1.302622713e+02 -1.302622713e+02
75073 0 +1.584692262e-01 -1.302815308e+02 -1.302815308e+02
76467 0 +1.412045541e-01 -1.302987954e+02 -1.302987954e+02
77787 0 +1.258351177e-01 -1.303141649e+02 -1.303141649e+02
79065 0 +1.121471335e-01 -1.303278529e+02 -1.303278529e+02
80316 0 +9.999127994e-02 -1.303400087e+02 -1.303400087e+02
81593 0 +8.909827983e-02 -1.303509017e+02 -1.303509017e+02
82796 0 +7.942218111e-02 -1.303605778e+02 -1.303605778e+02
84137 0 +7.079273456e-02 -1.303692073e+02 -1.303692073e+02
86087 0 +6.308761803e-02 -1.303769124e+02 -1.303769124e+02
88119 0 +5.620755834e-02 -1.303837924e+02 -1.303837924e+02
90057 0 +5.010555320e-02 -1.303898944e+02 -1.303898944e+02
91947 0 +4.465125943e-02 -1.303953487e+02 -1.303953487e+02
93684 0 +3.980334840e-02 -1.304001967e+02 -1.304001967e+02
95399 0 +3.545591100e-02 -1.304045441e+02 -1.304045441e+02
97064 0 +3.161505006e-02 -1.304083849e+02 -1.304083849e+02
98596 0 +2.817718656e-02 -1.304118228e+02 -1.304118228e+02
100267 0 +2.509359124e-02 -1.304149064e+02 -1.304149064e+02
101979 0 +2.238366411e-02 -1.304176163e+02 -1.304176163e+02
103577 0 +1.995127829e-02 -1.304200487e+02 -1.304200487e+02
106016 0 +1.778119670e-02 -1.304222188e+02 -1.304222188e+02
108436 0 +1.584848112e-02 -1.304241515e+02 -1.304241515e+02
110737 0 +1.412469931e-02 -1.304258753e+02 -1.304258753e+02
112936 0 +1.258664461e-02 -1.304274134e+02 -1.304274134e+02
115025 0 +1.121900601e-02 -1.304287810e+02 -1.304287810e+02
117025 0 +9.999510130e-03 -1.304300005e+02 -1.304300005e+02
118947 0 +8.906665522e-03 -1.304310933e+02 -1.304310933e+02
120907 0 +7.936934121e-03 -1.304320631e+02 -1.304320631e+02
123667 0 +7.077869003e-03 -1.304329221e+02 -1.304329221e+02
126907 0 +6.307482648e-03 -1.304336925e+02 -1.304336925e+02
129936 0 +5.622148516e-03 -1.304343779e+02 -1.304343779e+02
132787 0 +5.009690836e-03 -1.304349903e+02 -1.304349903e+02
135540 0 +4.466048157e-03 -1.304355340e+02 -1.304355340e+02
138107 0 +3.978118250e-03 -1.304360219e+02 -1.304360219e+02
140569 0 +3.547861931e-03 -1.304364521e+02 -1.304364521e+02
142867 0 +3.161056391e-03 -1.304368389e+02 -1.304368389e+02
145067 0 +2.817452953e-03 -1.304371825e+02 -1.304371825e+02
147165 0 +2.511296392e-03 -1.304374887e+02 -1.304374887e+02
149227 0 +2.238058803e-03 -1.304377619e+02 -1.304377619e+02
151279 0 +1.995226530e-03 -1.304380048e+02 -1.304380048e+02
154767 0 +1.778216883e-03 -1.304382218e+02 -1.304382218e+02
158079 0 +1.584655147e-03 -1.304384153e+02 -1.304384153e+02
161227 0 +1.411696627e-03 -1.304385883e+02 -1.304385883e+02
164199 0 +1.258633330e-03 -1.304387414e+02 -1.304387414e+02
167045 0 +1.121966849e-03 -1.304388780e+02 -1.304388780e+02
169689 0 +9.999856587e-04 -1.304390000e+02 -1.304390000e+02
172205 0 +8.912487877e-04 -1.304391088e+02 -1.304391088e+02
174587 0 +7.942770820e-04 -1.304392057e+02 -1.304392057e+02
176873 0 +7.075781493e-04 -1.304392924e+02 -1.304392924e+02
179039 0 +6.306427777e-04 -1.304393694e+02 -1.304393694e+02
181107 0 +5.619556352e-04 -1.304394380e+02 -1.304394380e+02
183187 0 +5.008144133e-04 -1.304394992e+02 -1.304394992e+02
185587 0 +4.465139816e-04 -1.304395535e+02 -1.304395535e+02
188987 0 +3.979764322e-04 -1.304396020e+02 -1.304396020e+02
192220 0 +3.547877400e-04 -1.304396452e+02 -1.304396452e+02
195227 0 +3.161706173e-04 -1.304396838e+02 -1.304396838e+02
198107 0 +2.817134182e-04 -1.304397183e+02 -1.304397183e+02
200000 0 +2.603251025e-04 -1.304397397e+02 -1.304397397e+02
% f evaluations | g evaluations | best noise-free fitness - Fopt (4.949800000000e+02) + sum g_i+ | measured fitness | best measured fitness or single-digit g-values | x1 | x2...
1 0 +1.235000000e+02 +6.184800000e+02 +6.184800000e+02
25852 0 +1.224766739e+02 +6.174566739e+02 +6.174566739e+02
25993 0 +1.094886198e+02 +6.044686198e+02 +6.044686198e+02
26062 0 +8.729981127e+01 +5.822798113e+02 +5.822798113e+02
26067 0 +7.714699224e+01 +5.721269922e+02 +5.721269922e+02
26073 0 +6.889304073e+01 +5.638730407e+02 +5.638730407e+02
26088 0 +5.476479973e+01 +5.497447997e+02 +5.497447997e+02
26102 0 +4.573888826e+01 +5.407188883e+02 +5.407188883e+02
26106 0 +4.147665128e+01 +5.364566513e+02 +5.364566513e+02
26169 0 +3.801810345e+01 +5.329981034e+02 +5.329981034e+02
26187 0 +3.159578414e+01 +5.265757841e+02 +5.265757841e+02
26200 0 +2.785689771e+01 +5.228368977e+02 +5.228368977e+02
26204 0 +2.417834423e+01 +5.191583442e+02 +5.191583442e+02
26233 0 +2.215510751e+01 +5.171351075e+02 +5.171351075e+02
26257 0 +1.841948824e+01 +5.133994882e+02 +5.133994882e+02
26278 0 +1.677977547e+01 +5.117597755e+02 +5.117597755e+02
26328 0 +1.531529350e+01 +5.102952935e+02 +5.102952935e+02
26346 0 +1.317489305e+01 +5.081548930e+02 +5.081548930e+02
26352 0 +1.205051309e+01 +5.070305131e+02 +5.070305131e+02
26357 0 +1.096310286e+01 +5.059431029e+02 +5.059431029e+02
26361 0 +9.261463453e+00 +5.042414635e+02 +5.042414635e+02
26368 0 +7.959918033e+00 +5.029399180e+02 +5.029399180e+02
26373 0 +7.607875795e+00 +5.025878758e+02 +5.025878758e+02
26398 0 +6.695080426e+00 +5.016750804e+02 +5.016750804e+02
26432 0 +6.068244754e+00 +5.010482448e+02 +5.010482448e+02
26500 0 +5.604846114e+00 +5.005848461e+02 +5.005848461e+02
26503 0 +4.849614394e+00 +4.998296144e+02 +4.998296144e+02
26510 0 +4.447018396e+00 +4.994270184e+02 +4.994270184e+02
26521 0 +3.964918548e+00 +4.989449185e+02 +4.989449185e+02
26645 0 +3.532241957e+00 +4.985122420e+02 +4.985122420e+02
26681 0 +3.093072050e+00 +4.980730720e+02 +4.980730720e+02
26878 0 +2.816907465e+00 +4.977969075e+02 +4.977969075e+02
27709 0 +2.511670240e+00 +4.974916702e+02 +4.974916702e+02
28367 0 +2.237760745e+00 +4.972177607e+02 +4.972177607e+02
29127 0 +1.993843826e+00 +4.969738438e+02 +4.969738438e+02
30087 0 +1.775089972e+00 +4.967550900e+02 +4.967550900e+02
30956 0 +1.582997738e+00 +4.965629977e+02 +4.965629977e+02
31767 0 +1.409852919e+00 +4.963898529e+02 +4.963898529e+02
32516 0 +1.256474132e+00 +4.962364741e+02 +4.962364741e+02
33269 0 +1.121782787e+00 +4.961017828e+02 +4.961017828e+02
33956 0 +9.995605479e-01 +4.959795605e+02 +4.959795605e+02
34623 0 +8.907546225e-01 +4.958707546e+02 +4.958707546e+02
35247 0 +7.939197463e-01 +4.957739197e+02 +4.957739197e+02
35818 0 +7.077720246e-01 +4.956877720e+02 +4.956877720e+02
36487 0 +6.301768964e-01 +4.956101769e+02 +4.956101769e+02
37556 0 +5.621812100e-01 +4.955421812e+02 +4.955421812e+02
38615 0 +5.008731305e-01 +4.954808731e+02 +4.954808731e+02
39596 0 +4.458805317e-01 +4.954258805e+02 +4.954258805e+02
40549 0 +3.979685150e-01 +4.953779685e+02 +4.953779685e+02
41441 0 +3.545925213e-01 +4.953345925e+02 +4.953345925e+02
42357 0 +3.161946942e-01 +4.952961947e+02 +4.952961947e+02
43274 0 +2.818294525e-01 +4.952618295e+02 +4.952618295e+02
44179 0 +2.510169886e-01 +4.952310170e+02 +4.952310170e+02
45192 0 +2.238426890e-01 +4.952038427e+02 +4.952038427e+02
46247 0 +1.994819518e-01 +4.951794820e+02 +4.951794820e+02
47689 0 +1.778151887e-01 +4.951578152e+02 +4.951578152e+02
49098 0 +1.583592716e-01 +4.951383593e+02 +4.951383593e+02
50436 0 +1.412224361e-01 +4.951212224e+02 +4.951212224e+02
51738 0 +1.257158203e-01 +4.951057158e+02 +4.951057158e+02
53001 0 +1.121985995e-01 +4.950921986e+02 +4.950921986e+02
54284 0 +9.997559526e-02 +4.950799756e+02 +4.950799756e+02
55669 0 +8.910690704e-02 +4.950691069e+02 +4.950691069e+02
57738 0 +7.936217306e-02 +4.950593622e+02 +4.950593622e+02
59778 0 +7.077112436e-02 +4.950507711e+02 +4.950507711e+02
61735 0 +6.307465885e-02 +4.950430747e+02 +4.950430747e+02
63578 0 +5.617931113e-02 +4.950361793e+02 +4.950361793e+02
65356 0 +5.009735051e-02 +4.950300974e+02 +4.950300974e+02
67018 0 +4.466303295e-02 +4.950246630e+02 +4.950246630e+02
68629 0 +3.980894843e-02 +4.950198089e+02 +4.950198089e+02
70208 0 +3.547927977e-02 +4.950154793e+02 +4.950154793e+02
71815 0 +3.161712151e-02 +4.950116171e+02 +4.950116171e+02
74218 0 +2.818181513e-02 +4.950081818e+02 +4.950081818e+02
76823 0 +2.511719288e-02 +4.950051172e+02 +4.950051172e+02
79298 0 +2.238249592e-02 +4.950023825e+02 +4.950023825e+02
81618 0 +1.995246358e-02 +4.949999525e+02 +4.949999525e+02
83868 0 +1.777974351e-02 +4.949977797e+02 +4.949977797e+02
85969 0 +1.584887603e-02 +4.949958489e+02 +4.949958489e+02
87959 0 +1.411944479e-02 +4.949941194e+02 +4.949941194e+02
90364 0 +1.258871819e-02 +4.949925887e+02 +4.949925887e+02
93938 0 +1.121351394e-02 +4.949912135e+02 +4.949912135e+02
97343 0 +9.998678064e-03 +4.949899987e+02 +4.949899987e+02
100538 0 +8.911329983e-03 +4.949889113e+02 +4.949889113e+02
103578 0 +7.942448659e-03 +4.949879424e+02 +4.949879424e+02
106479 0 +7.077740036e-03 +4.949870777e+02 +4.949870777e+02
109194 0 +6.308511857e-03 +4.949863085e+02 +4.949863085e+02
111779 0 +5.622627746e-03 +4.949856226e+02 +4.949856226e+02
114229 0 +5.011870108e-03 +4.949850119e+02 +4.949850119e+02
116556 0 +4.465498994e-03 +4.949844655e+02 +4.949844655e+02
118738 0 +3.978742878e-03 +4.949839787e+02 +4.949839787e+02
120834 0 +3.547833423e-03 +4.949835478e+02 +4.949835478e+02
122834 0 +3.161145005e-03 +4.949831611e+02 +4.949831611e+02
124818 0 +2.816362953e-03 +4.949828164e+02 +4.949828164e+02
126714 0 +2.511658570e-03 +4.949825117e+02 +4.949825117e+02
128655 0 +2.238158865e-03 +4.949822382e+02 +4.949822382e+02
130599 0 +1.994783226e-03 +4.949819948e+02 +4.949819948e+02
132428 0 +1.777701758e-03 +4.949817777e+02 +4.949817777e+02
134989 0 +1.584854519e-03 +4.949815849e+02 +4.949815849e+02
137636 0 +1.412428226e-03 +4.949814124e+02 +4.949814124e+02
140114 0 +1.258891032e-03 +4.949812589e+02 +4.949812589e+02
142498 0 +1.121451396e-03 +4.949811215e+02 +4.949811215e+02
144716 0 +9.997045529e-04 +4.949809997e+02 +4.949809997e+02
146858 0 +8.906281094e-04 +4.949808906e+02 +4.949808906e+02
148978 0 +7.937320286e-04 +4.949807937e+02 +4.949807937e+02
151858 0 +7.076315831e-04 +4.949807076e+02 +4.949807076e+02
155422 0 +6.309498373e-04 +4.949806309e+02 +4.949806309e+02
158778 0 +5.621970128e-04 +4.949805622e+02 +4.949805622e+02
161938 0 +5.008813771e-04 +4.949805009e+02 +4.949805009e+02
164959 0 +4.466412820e-04 +4.949804466e+02 +4.949804466e+02
167779 0 +3.980666583e-04 +4.949803981e+02 +4.949803981e+02
170469 0 +3.547842034e-04 +4.949803548e+02 +4.949803548e+02
172996 0 +3.161543516e-04 +4.949803162e+02 +4.949803162e+02
175383 0 +2.818209808e-04 +4.949802818e+02 +4.949802818e+02
177636 0 +2.510641121e-04 +4.949802511e+02 +4.949802511e+02
179839 0 +2.238300115e-04 +4.949802238e+02 +4.949802238e+02
181948 0 +1.994876199e-04 +4.949801995e+02 +4.949801995e+02
184089 0 +1.777846066e-04 +4.949801778e+02 +4.949801778e+02
186418 0 +1.584698095e-04 +4.949801585e+02 +4.949801585e+02
189826 0 +1.412499921e-04 +4.949801412e+02 +4.949801412e+02
193018 0 +1.258082145e-04 +4.949801258e+02 +4.949801258e+02
196058 0 +1.121564333e-04 +4.949801122e+02 +4.949801122e+02
198898 0 +9.995236650e-05 +4.949801000e+02 +4.949801000e+02
200000 0 +9.542402580e-05 +4.949800954e+02 +4.949800954e+02
% f evaluations | g evaluations | best noise-free fitness - Fopt (4.685000000000e+01) + sum g_i+ | measured fitness | best measured fitness or single-digit g-values | x1 | x2...
1 0 +1.235000000e+02 +1.703500000e+02 +1.703500000e+02
25871 0 +1.156016113e+02 +1.624516113e+02 +1.624516113e+02
25925 0 +9.854738466e+01 +1.453973847e+02 +1.453973847e+02
25957 0 +8.398210413e+01 +1.308321041e+02 +1.308321041e+02
25960 0 +7.517408527e+01 +1.220240853e+02 +1.220240853e+02
25986 0 +6.044542601e+01 +1.072954260e+02 +1.072954260e+02
26055 0 +4.722212436e+01 +9.407212436e+01 +9.407212436e+01
26059 0 +4.240824763e+01 +8.925824763e+01 +8.925824763e+01
26079 0 +3.968738910e+01 +8.653738910e+01 +8.653738910e+01
26088 0 +3.128642059e+01 +7.813642059e+01 +7.813642059e+01
26114 0 +2.811930054e+01 +7.496930054e+01 +7.496930054e+01
26148 0 +2.507040340e+01 +7.192040340e+01 +7.192040340e+01
26247 0 +2.209420844e+01 +6.894420844e+01 +6.894420844e+01
26296 0 +1.991081898e+01 +6.676081898e+01 +6.676081898e+01
26435 0 +1.777438049e+01 +6.462438049e+01 +6.462438049e+01
26918 0 +1.584628261e+01 +6.269628261e+01 +6.269628261e+01
28553 0 +1.411459411e+01 +6.096459411e+01 +6.096459411e+01
30265 0 +1.258906510e+01 +5.943906510e+01 +5.943906510e+01
32436 0 +1.121670791e+01 +5.806670791e+01 +5.806670791e+01
35324 0 +9.997777756e+00 +5.684777776e+01 +5.684777776e+01
37302 0 +8.909724527e+00 +5.575972453e+01 +5.575972453e+01
39241 0 +7.940628118e+00 +5.479062812e+01 +5.479062812e+01
41029 0 +7.077709573e+00 +5.392770957e+01 +5.392770957e+01
42678 0 +6.306767668e+00 +5.315676767e+01 +5.315676767e+01
44192 0 +5.622260429e+00 +5.247226043e+01 +5.247226043e+01
45429 0 +5.009381910e+00 +5.185938191e+01 +5.185938191e+01
46792 0 +4.464362169e+00 +5.131436217e+01 +5.131436217e+01
48798 0 +3.980716787e+00 +5.083071679e+01 +5.083071679e+01
50865 0 +3.546585494e+00 +5.039658549e+01 +5.039658549e+01
52789 0 +3.161824490e+00 +5.001182449e+01 +5.001182449e+01
54592 0 +2.816526468e+00 +4.966652647e+01 +4.966652647e+01
56272 0 +2.508511616e+00 +4.935851162e+01 +4.935851162e+01
57752 0 +2.235810551e+00 +4.908581055e+01 +4.908581055e+01
59083 0 +1.994647823e+00 +4.884464782e+01 +4.884464782e+01
60232 0 +1.775908766e+00 +4.862590877e+01 +4.862590877e+01
61272 0 +1.580946439e+00 +4.843094644e+01 +4.843094644e+01
62187 0 +1.412143593e+00 +4.826214359e+01 +4.826214359e+01
62992 0 +1.257232546e+00 +4.810723255e+01 +4.810723255e+01
63680 0 +1.121754966e+00 +4.797175497e+01 +4.797175497e+01
64352 0 +9.987532003e-01 +4.784875320e+01 +4.784875320e+01
64912 0 +8.894656343e-01 +4.773946563e+01 +4.773946563e+01
65442 0 +7.933981766e-01 +4.764339818e+01 +4.764339818e+01
66017 0 +7.070699371e-01 +4.755706994e+01 +4.755706994e+01
66542 0 +6.294596102e-01 +4.747945961e+01 +4.747945961e+01
67065 0 +5.620360041e-01 +4.741203600e+01 +4.741203600e+01
67753 0 +5.010414269e-01 +4.735104143e+01 +4.735104143e+01
68580 0 +4.461696676e-01 +4.729616967e+01 +4.729616967e+01
69436 0 +3.980075694e-01 +4.724800757e+01 +4.724800757e+01
70254 0 +3.547765044e-01 +4.720477650e+01 +4.720477650e+01
71083 0 +3.162249725e-01 +4.716622497e+01 +4.716622497e+01
71860 0 +2.817290678e-01 +4.713172907e+01 +4.713172907e+01
72633 0 +2.511874524e-01 +4.710118745e+01 +4.710118745e+01
73482 0 +2.237851600e-01 +4.707378516e+01 +4.707378516e+01
74313 0 +1.994928627e-01 +4.704949286e+01 +4.704949286e+01
75472 0 +1.778000084e-01 +4.702780001e+01 +4.702780001e+01
76822 0 +1.583618602e-01 +4.700836186e+01 +4.700836186e+01
78177 0 +1.412387361e-01 +4.699123874e+01 +4.699123874e+01
79476 0 +1.257389257e-01 +4.697573893e+01 +4.697573893e+01
80716 0 +1.121893364e-01 +4.696218934e+01 +4.696218934e+01
81922 0 +9.996841828e-02 +4.694996842e+01 +4.694996842e+01
83100 0 +8.907664627e-02 +4.693907665e+01 +4.693907665e+01
84323 0 +7.937102645e-02 +4.692937103e+01 +4.692937103e+01
85500 0 +7.075057472e-02 +4.692075057e+01 +4.692075057e+01
87316 0 +6.304553009e-02 +4.691304553e+01 +4.691304553e+01
89257 0 +5.621900193e-02 +4.690621900e+01 +4.690621900e+01
91097 0 +5.010168565e-02 +4.690010169e+01 +4.690010169e+01
92860 0 +4.466372733e-02 +4.689466373e+01 +4.689466373e+01
94577 0 +3.980760467e-02 +4.688980760e+01 +4.688980760e+01
96153 0 +3.547774018e-02 +4.688547774e+01 +4.688547774e+01
97700 0 +3.162094408e-02 +4.688162094e+01 +4.688162094e+01
99153 0 +2.817744642e-02 +4.687817745e+01 +4.687817745e+01
100676 0 +2.509582090e-02 +4.687509582e+01 +4.687509582e+01
102083 0 +2.237786280e-02 +4.687237786e+01 +4.687237786e+01
103642 0 +1.994461882e-02 +4.686994462e+01 +4.686994462e+01
105057 0 +1.777973360e-02 +4.686777973e+01 +4.686777973e+01
107300 0 +1.584747883e-02 +4.686584748e+01 +4.686584748e+01
109478 0 +1.412413983e-02 +4.686412414e+01 +4.686412414e+01
111516 0 +1.257972930e-02 +4.686257973e+01 +4.686257973e+01
113460 0 +1.121908098e-02 +4.686121908e+01 +4.686121908e+01
115345 0 +9.996204537e-03 +4.685999620e+01 +4.685999620e+01
117116 0 +8.912396750e-03 +4.685891240e+01 +4.685891240e+01
118780 0 +7.941915286e-03 +4.685794192e+01 +4.685794192e+01
120402 0 +7.079300740e-03 +4.685707930e+01 +4.685707930e+01
122065 0 +6.309011074e-03 +4.685630901e+01 +4.685630901e+01
123642 0 +5.623276981e-03 +4.685562328e+01 +4.685562328e+01
125380 0 +5.008863236e-03 +4.685500886e+01 +4.685500886e+01
127710 0 +4.466527858e-03 +4.685446653e+01 +4.685446653e+01
130116 0 +3.979802033e-03 +4.685397980e+01 +4.685397980e+01
132362 0 +3.548019211e-03 +4.685354802e+01 +4.685354802e+01
134523 0 +3.162198227e-03 +4.685316220e+01 +4.685316220e+01
136558 0 +2.817709044e-03 +4.685281771e+01 +4.685281771e+01
138483 0 +2.511584899e-03 +4.685251158e+01 +4.685251158e+01
140320 0 +2.238617164e-03 +4.685223862e+01 +4.685223862e+01
142134 0 +1.994369747e-03 +4.685199437e+01 +4.685199437e+01
143830 0 +1.778112876e-03 +4.685177811e+01 +4.685177811e+01
145438 0 +1.584022169e-03 +4.685158402e+01 +4.685158402e+01
147476 0 +1.412490072e-03 +4.685141249e+01 +4.685141249e+01
150243 0 +1.258614063e-03 +4.685125861e+01 +4.685125861e+01
152836 0 +1.122012899e-03 +4.685112201e+01 +4.685112201e+01
155340 0 +9.996319935e-04 +4.685099963e+01 +4.685099963e+01
157676 0 +8.909776380e-04 +4.685089098e+01 +4.685089098e+01
159876 0 +7.939069734e-04 +4.685079391e+01 +4.685079391e+01
161980 0 +7.075246205e-04 +4.685070752e+01 +4.685070752e+01
163962 0 +6.308493401e-04 +4.685063085e+01 +4.685063085e+01
165820 0 +5.623302872e-04 +4.685056233e+01 +4.685056233e+01
167682 0 +5.010477001e-04 +4.685050105e+01 +4.685050105e+01
169575 0 +4.464884737e-04 +4.685044649e+01 +4.685044649e+01
171396 0 +3.979503642e-04 +4.685039795e+01 +4.685039795e+01
173206 0 +3.547886412e-04 +4.685035479e+01 +4.685035479e+01
175814 0 +3.161768821e-04 +4.685031618e+01 +4.685031618e+01
178436 0 +2.818003944e-04 +4.685028180e+01 +4.685028180e+01
180956 0 +2.510324286e-04 +4.685025103e+01 +4.685025103e+01
183316 0 +2.236838654e-04 +4.685022368e+01 +4.685022368e+01
185560 0 +1.995026538e-04 +4.685019950e+01 +4.685019950e+01
187643 0 +1.778088089e-04 +4.685017781e+01 +4.685017781e+01
189700 0 +1.583435616e-04 +4.685015834e+01 +4.685015834e+01
191602 0 +1.412263888e-04 +4.685014123e+01 +4.685014123e+01
193473 0 +1.258291861e-04 +4.685012583e+01 +4.685012583e+01
195560 0 +1.121969487e-04 +4.685011220e+01 +4.685011220e+01
198756 0 +9.999038067e-05 +4.685009999e+01 +4.685009999e+01
200000 0 +9.532467931e-05 +4.685009532e+01 +4.685009532e+01
% f evaluations | g evaluations | best noise-free fitness - Fopt (1.046400000000e+02) + sum g_i+ | measured fitness | best measured fitness or single-digit g-values | x1 | x2...
1 0 +1.235000000e+02 +2.281400000e+02 +2.281400000e+02
25438 0 +1.226229815e+02 +2.272629815e+02 +2.272629815e+02
25887 0 +9.019602945e+01 +1.948360294e+02 +1.948360294e+02
25906 0 +8.570498380e+01 +1.903449838e+02 +1.903449838e+02
26010 0 +7.932542751e+01 +1.839654275e+02 +1.839654275e+02
26030 0 +6.745312881e+01 +1.720931288e+02 +1.720931288e+02
26051 0 +6.208637764e+01 +1.667263776e+02 +1.667263776e+02
26058 0 +5.368636997e+01 +1.583263700e+02 +1.583263700e+02
26077 0 +4.966800960e+01 +1.543080096e+02 +1.543080096e+02
26082 0 +4.318225678e+01 +1.478222568e+02 +1.478222568e+02
26173 0 +3.730979761e+01 +1.419497976e+02 +1.419497976e+02
26180 0 +3.247901644e+01 +1.371190164e+02 +1.371190164e+02
26187 0 +3.057770731e+01 +1.352177073e+02 +1.352177073e+02
26192 0 +2.653877033e+01 +1.311787703e+02 +1.311787703e+02
26201 0 +2.449256538e+01 +1.291325654e+02 +1.291325654e+02
26237 0 +2.183655042e+01 +1.264765504e+02 +1.264765504e+02
26287 0 +1.814228629e+01 +1.227822863e+02 +1.227822863e+02
26300 0 +1.765545378e+01 +1.222954538e+02 +1.222954538e+02
26385 0 +1.551202104e+01 +1.201520210e+02 +1.201520210e+02
26452 0 +1.390549560e+01 +1.185454956e+02 +1.185454956e+02
26779 0 +1.257684795e+01 +1.172168480e+02 +1.172168480e+02
28592 0 +1.121518303e+01 +1.158551830e+02 +1.158551830e+02
30179 0 +9.997312159e+00 +1.146373122e+02 +1.146373122e+02
31987 0 +8.909583436e+00 +1.135495834e+02 +1.135495834e+02
34223 0 +7.941459768e+00 +1.125814598e+02 +1.125814598e+02
36079 0 +7.074857885e+00 +1.117148579e+02 +1.117148579e+02
37623 0 +6.306702782e+00 +1.109467028e+02 +1.109467028e+02
39083 0 +5.619544469e+00 +1.102595445e+02 +1.102595445e+02
40468 0 +5.010143925e+00 +1.096501439e+02 +1.096501439e+02
41758 0 +4.461771512e+00 +1.091017715e+02 +1.091017715e+02
42994 0 +3.980167997e+00 +1.086201680e+02 +1.086201680e+02
43954 0 +3.547718604e+00 +1.081877186e+02 +1.081877186e+02
45104 0 +3.161543401e+00 +1.078015434e+02 +1.078015434e+02
46417 0 +2.818362800e+00 +1.074583628e+02 +1.074583628e+02
47499 0 +2.510757985e+00 +1.071507580e+02 +1.071507580e+02
48459 0 +2.238228254e+00 +1.068782283e+02 +1.068782283e+02
49406 0 +1.994589031e+00 +1.066345890e+02 +1.066345890e+02
50332 0 +1.777829351e+00 +1.064178294e+02 +1.064178294e+02
51139 0 +1.584332226e+00 +1.062243322e+02 +1.062243322e+02
51869 0 +1.411280605e+00 +1.060512806e+02 +1.060512806e+02
52539 0 +1.257352447e+00 +1.058973524e+02 +1.058973524e+02
53199 0 +1.121994241e+00 +1.057619942e+02 +1.057619942e+02
53734 0 +9.996621971e-01 +1.056396622e+02 +1.056396622e+02
54278 0 +8.904781943e-01 +1.055304782e+02 +1.055304782e+02
54951 0 +7.929818105e-01 +1.054329818e+02 +1.054329818e+02
55530 0 +7.075222933e-01 +1.053475223e+02 +1.053475223e+02
56166 0 +6.308828752e-01 +1.052708829e+02 +1.052708829e+02
56989 0 +5.613945679e-01 +1.052013946e+02 +1.052013946e+02
57989 0 +5.002209865e-01 +1.051402210e+02 +1.051402210e+02
58974 0 +4.463721483e-01 +1.050863721e+02 +1.050863721e+02
59911 0 +3.976400270e-01 +1.050376400e+02 +1.050376400e+02
60844 0 +3.546595927e-01 +1.049946596e+02 +1.049946596e+02
61789 0 +3.156021224e-01 +1.049556021e+02 +1.049556021e+02
62727 0 +2.817099336e-01 +1.049217099e+02 +1.049217099e+02
63598 0 +2.510403969e-01 +1.048910404e+02 +1.048910404e+02
65097 0 +2.238274959e-01 +1.048638275e+02 +1.048638275e+02
66709 0 +1.992860825e-01 +1.048392861e+02 +1.048392861e+02
68250 0 +1.777625190e-01 +1.048177625e+02 +1.048177625e+02
69749 0 +1.582866049e-01 +1.047982866e+02 +1.047982866e+02
71195 0 +1.412505473e-01 +1.047812505e+02 +1.047812505e+02
72589 0 +1.258726514e-01 +1.047658727e+02 +1.047658727e+02
73909 0 +1.121819598e-01 +1.047521820e+02 +1.047521820e+02
75438 0 +9.999607850e-02 +1.047399961e+02 +1.047399961e+02
77909 0 +8.909744427e-02 +1.047290974e+02 +1.047290974e+02
80269 0 +7.936435581e-02 +1.047193644e+02 +1.047193644e+02
82526 0 +7.078296119e-02 +1.047107830e+02 +1.047107830e+02
84669 0 +6.304783774e-02 +1.047030478e+02 +1.047030478e+02
86737 0 +5.622947183e-02 +1.046962295e+02 +1.046962295e+02
88704 0 +5.011499025e-02 +1.046901150e+02 +1.046901150e+02
90566 0 +4.466223352e-02 +1.046846622e+02 +1.046846622e+02
92366 0 +3.979807901e-02 +1.046797981e+02 +1.046797981e+02
94124 0 +3.547391192e-02 +1.046754739e+02 +1.046754739e+02
95798 0 +3.162050802e-02 +1.046716205e+02 +1.046716205e+02
98189 0 +2.817480012e-02 +1.046681748e+02 +1.046681748e+02
101109 0 +2.511074676e-02 +1.046651107e+02 +1.046651107e+02
103909 0 +2.238154179e-02 +1.046623815e+02 +1.046623815e+02
106549 0 +1.994947221e-02 +1.046599495e+02 +1.046599495e+02
109069 0 +1.777853218e-02 +1.046577785e+02 +1.046577785e+02
111479 0 +1.584632319e-02 +1.046558463e+02 +1.046558463e+02
113759 0 +1.412386633e-02 +1.046541239e+02 +1.046541239e+02
115909 0 +1.258357920e-02 +1.046525836e+02 +1.046525836e+02
118031 0 +1.121969224e-02 +1.046512197e+02 +1.046512197e+02
120014 0 +9.999180496e-03 +1.046499992e+02 +1.046499992e+02
122035 0 +8.909361617e-03 +1.046489094e+02 +1.046489094e+02
124686 0 +7.943048317e-03 +1.046479430e+02 +1.046479430e+02
127989 0 +7.078816366e-03 +1.046470788e+02 +1.046470788e+02
131109 0 +6.306123544e-03 +1.046463061e+02 +1.046463061e+02
134069 0 +5.621902494e-03 +1.046456219e+02 +1.046456219e+02
136897 0 +5.011327746e-03 +1.046450113e+02 +1.046450113e+02
139549 0 +4.466239446e-03 +1.046444662e+02 +1.046444662e+02
142069 0 +3.980759581e-03 +1.046439808e+02 +1.046439808e+02
144471 0 +3.547356130e-03 +1.046435474e+02 +1.046435474e+02
146755 0 +3.161718184e-03 +1.046431617e+02 +1.046431617e+02
148942 0 +2.818042995e-03 +1.046428180e+02 +1.046428180e+02
151004 0 +2.509944197e-03 +1.046425099e+02 +1.046425099e+02
153050 0 +2.238021060e-03 +1.046422380e+02 +1.046422380e+02
155057 0 +1.994883471e-03 +1.046419949e+02 +1.046419949e+02
158198 0 +1.778058185e-03 +1.046417781e+02 +1.046417781e+02
161429 0 +1.584317422e-03 +1.046415843e+02 +1.046415843e+02
164502 0 +1.412524413e-03 +1.046414125e+02 +1.046414125e+02
167391 0 +1.258917659e-03 +1.046412589e+02 +1.046412589e+02
170118 0 +1.121800834e-03 +1.046411218e+02 +1.046411218e+02
172724 0 +9.999170566e-04 +1.046409999e+02 +1.046409999e+02
175149 0 +8.912459304e-04 +1.046408912e+02 +1.046408912e+02
177486 0 +7.941240424e-04 +1.046407941e+02 +1.046407941e+02
179669 0 +7.078707013e-04 +1.046407079e+02 +1.046407079e+02
181838 0 +6.308628904e-04 +1.046406309e+02 +1.046406309e+02
183927 0 +5.623199987e-04 +1.046405623e+02 +1.046405623e+02
187177 0 +5.011638899e-04 +1.046405012e+02 +1.046405012e+02
190669 0 +4.464800061e-04 +1.046404465e+02 +1.046404465e+02
193949 0 +3.978721041e-04 +1.046403979e+02 +1.046403979e+02
197069 0 +3.546655373e-04 +1.046403547e+02 +1.046403547e+02
199995 0 +3.161612913e-04 +1.046403162e+02 +1.046403162e+02
200000 0 +3.161612913e-04 +1.046403162e+02 +1.046403162e+02
% f evaluations | g evaluations | best noise-free fitness - Fopt (1.965900000000e+02) + sum g_i+ | measured fitness | best measured fitness or single-digit g-values | x1 | x2...
1 0 +1.235000000e+02 +3.200900000e+02 +3.200900000e+02
25932 0 +1.213959883e+02 +3.179859883e+02 +3.179859883e+02
25958 0 +1.100127568e+02 +3.066027568e+02 +3.066027568e+02
26006 0 +9.984520375e+01 +2.964352037e+02 +2.964352037e+02
26024 0 +8.669635886e+01 +2.832863589e+02 +2.832863589e+02
26034 0 +7.606866791e+01 +2.726586679e+02 +2.726586679e+02
26045 0 +6.965069808e+01 +2.662406981e+02 +2.662406981e+02
26064 0 +6.143196743e+01 +2.580219674e+02 +2.580219674e+02
26093 0 +5.486320687e+01 +2.514532069e+02 +2.514532069e+02
26120 0 +4.157920859e+01 +2.381692086e+02 +2.381692086e+02
26172 0 +3.771908902e+01 +2.343090890e+02 +2.343090890e+02
26194 0 +3.334944509e+01 +2.299394451e+02 +2.299394451e+02
26201 0 +2.926137764e+01 +2.258513776e+02 +2.258513776e+02
26204 0 +2.780736017e+01 +2.243973602e+02 +2.243973602e+02
26233 0 +2.222524632e+01 +2.188152463e+02 +2.188152463e+02
26314 0 +1.941240439e+01 +2.160024044e+02 +2.160024044e+02
26453 0 +1.769679291e+01 +2.142867929e+02 +2.142867929e+02
26480 0 +1.560200335e+01 +2.121920033e+02 +2.121920033e+02
26512 0 +1.396387470e+01 +2.105538747e+02 +2.105538747e+02
26593 0 +1.237343133e+01 +2.089634313e+02 +2.089634313e+02
26708 0 +1.113310220e+01 +2.077231022e+02 +2.077231022e+02
28297 0 +9.999207848e+00 +2.065892078e+02 +2.065892078e+02
30797 0 +8.912045028e+00 +2.055020450e+02 +2.055020450e+02
32781 0 +7.941360021e+00 +2.045313600e+02 +2.045313600e+02
34473 0 +7.078261746e+00 +2.036682617e+02 +2.036682617e+02
36006 0 +6.309149798e+00 +2.028991498e+02 +2.028991498e+02
37419 0 +5.621578834e+00 +2.022115788e+02 +2.022115788e+02
38710 0 +5.010614254e+00 +2.016006143e+02 +2.016006143e+02
40326 0 +4.464572141e+00 +2.010545721e+02 +2.010545721e+02
41935 0 +3.979628757e+00 +2.005696288e+02 +2.005696288e+02
43473 0 +3.545579802e+00 +2.001355798e+02 +2.001355798e+02
45025 0 +3.162261322e+00 +1.997522613e+02 +1.997522613e+02
46393 0 +2.814050341e+00 +1.994040503e+02 +1.994040503e+02
47519 0 +2.511863793e+00 +1.991018638e+02 +1.991018638e+02
48543 0 +2.235660410e+00 +1.988256604e+02 +1.988256604e+02
49503 0 +1.990766746e+00 +1.985807667e+02 +1.985807667e+02
50383 0 +1.776102408e+00 +1.983661024e+02 +1.983661024e+02
51183 0 +1.583333029e+00 +1.981733330e+02 +1.981733330e+02
51903 0 +1.411654322e+00 +1.980016543e+02 +1.980016543e+02
52547 0 +1.258921720e+00 +1.978489217e+02 +1.978489217e+02
53182 0 +1.121981406e+00 +1.977119814e+02 +1.977119814e+02
53747 0 +9.997134689e-01 +1.975897135e+02 +1.975897135e+02
54279 0 +8.908065033e-01 +1.974808065e+02 +1.974808065e+02
54810 0 +7.932660564e-01 +1.973832661e+02 +1.973832661e+02
55405 0 +7.079102513e-01 +1.972979103e+02 +1.972979103e+02
55983 0 +6.307553379e-01 +1.972207553e+02 +1.972207553e+02
56590 0 +5.613441566e-01 +1.971513442e+02 +1.971513442e+02
57407 0 +5.003411847e-01 +1.970903412e+02 +1.970903412e+02
58254 0 +4.466218793e-01 +1.970366219e+02 +1.970366219e+02
59192 0 +3.980688189e-01 +1.969880688e+02 +1.969880688e+02
60127 0 +3.547554960e-01 +1.969447555e+02 +1.969447555e+02
61032 0 +3.160107890e-01 +1.969060108e+02 +1.969060108e+02
61927 0 +2.816109894e-01 +1.968716110e+02 +1.968716110e+02
62794 0 +2.509877168e-01 +1.968409877e+02 +1.968409877e+02
63867 0 +2.238320328e-01 +1.968138320e+02 +1.968138320e+02
64759 0 +1.994075188e-01 +1.967894075e+02 +1.967894075e+02
65770 0 +1.777909185e-01 +1.967677909e+02 +1.967677909e+02
67272 0 +1.584498547e-01 +1.967484499e+02 +1.967484499e+02
68752 0 +1.410894064e-01 +1.967310894e+02 +1.967310894e+02
70190 0 +1.258914726e-01 +1.967158915e+02 +1.967158915e+02
71554 0 +1.121555504e-01 +1.967021556e+02 +1.967021556e+02
72854 0 +9.989053192e-02 +1.966898905e+02 +1.966898905e+02
74154 0 +8.908905830e-02 +1.966790891e+02 +1.966790891e+02
75727 0 +7.942124685e-02 +1.966694212e+02 +1.966694212e+02
78032 0 +7.074139212e-02 +1.966607414e+02 +1.966607414e+02
80266 0 +6.308243881e-02 +1.966530824e+02 +1.966530824e+02
82352 0 +5.619295735e-02 +1.966461930e+02 +1.966461930e+02
84370 0 +5.010052110e-02 +1.966401005e+02 +1.966401005e+02
86272 0 +4.466153036e-02 +1.966346615e+02 +1.966346615e+02
88167 0 +3.979389826e-02 +1.966297939e+02 +1.966297939e+02
89912 0 +3.546997113e-02 +1.966254700e+02 +1.966254700e+02
91632 0 +3.160620894e-02 +1.966216062e+02 +1.966216062e+02
93254 0 +2.818235590e-02 +1.966181824e+02 +1.966181824e+02
94952 0 +2.510898686e-02 +1.966151090e+02 +1.966151090e+02
96632 0 +2.238205317e-02 +1.966123821e+02 +1.966123821e+02
99272 0 +1.994528439e-02 +1.966099453e+02 +1.966099453e+02
101872 0 +1.776797106e-02 +1.966077680e+02 +1.966077680e+02
104312 0 +1.584235400e-02 +1.966058424e+02 +1.966058424e+02
106651 0 +1.412536315e-02 +1.966041254e+02 +1.966041254e+02
108882 0 +1.258404115e-02 +1.966025840e+02 +1.966025840e+02
110997 0 +1.121794847e-02 +1.966012179e+02 +1.966012179e+02
112990 0 +9.996421392e-03 +1.965999964e+02 +1.965999964e+02
114874 0 +8.911587035e-03 +1.965989116e+02 +1.965989116e+02
116672 0 +7.941770816e-03 +1.965979418e+02 +1.965979418e+02
118562 0 +7.078747583e-03 +1.965970787e+02 +1.965970787e+02
120466 0 +6.305828428e-03 +1.965963058e+02 +1.965963058e+02
123192 0 +5.618675078e-03 +1.965956187e+02 +1.965956187e+02
126072 0 +5.009620938e-03 +1.965950096e+02 +1.965950096e+02
128792 0 +4.463617374e-03 +1.965944636e+02 +1.965944636e+02
131395 0 +3.981062992e-03 +1.965939811e+02 +1.965939811e+02
133851 0 +3.547725860e-03 +1.965935477e+02 +1.965935477e+02
136152 0 +3.162185486e-03 +1.965931622e+02 +1.965931622e+02
138352 0 +2.816719724e-03 +1.965928167e+02 +1.965928167e+02
140485 0 +2.511508888e-03 +1.965925115e+02 +1.965925115e+02
142491 0 +2.238412665e-03 +1.965922384e+02 +1.965922384e+02
145602 0 +1.995202958e-03 +1.965919952e+02 +1.965919952e+02
149127 0 +1.778111787e-03 +1.965917781e+02 +1.965917781e+02
152437 0 +1.584784419e-03 +1.965915848e+02 +1.965915848e+02
155592 0 +1.412250502e-03 +1.965914123e+02 +1.965914123e+02
158552 0 +1.258889658e-03 +1.965912589e+02 +1.965912589e+02
161382 0 +1.121941818e-03 +1.965911219e+02 +1.965911219e+02
164034 0 +9.998017745e-04 +1.965909998e+02 +1.965909998e+02
166552 0 +8.909950060e-04 +1.965908910e+02 +1.965908910e+02
168912 0 +7.937170689e-04 +1.965907937e+02 +1.965907937e+02
171194 0 +7.077711511e-04 +1.965907078e+02 +1.965907078e+02
173314 0 +6.309520672e-04 +1.965906310e+02 +1.965906310e+02
175432 0 +5.622632893e-04 +1.965905623e+02 +1.965905623e+02
177390 0 +5.010088686e-04 +1.965905010e+02 +1.965905010e+02
180054 0 +4.466499751e-04 +1.965904466e+02 +1.965904466e+02
183439 0 +3.980479849e-04 +1.965903980e+02 +1.965903980e+02
186611 0 +3.548120996e-04 +1.965903548e+02 +1.965903548e+02
189642 0 +3.161665041e-04 +1.965903162e+02 +1.965903162e+02
192487 0 +2.818292504e-04 +1.965902818e+02 +1.965902818e+02
195202 0 +2.511491100e-04 +1.965902511e+02 +1.965902511e+02
197752 0 +2.238153188e-04 +1.965902238e+02 +1.965902238e+02
200000 0 +2.010999413e-04 +1.965902011e+02 +1.965902011e+02
% f evaluations | g evaluations | best noise-free fitness - Fopt (1.461600000000e+02) + sum g_i+ | measured fitness | best measured fitness or single-digit g-values | x1 | x2...
1 0 +1.235000000e+02 +2.696600000e+02 +2.696600000e+02
25854 0 +1.212541350e+02 +2.674141350e+02 +2.674141350e+02
26060 0 +1.102259320e+02 +2.563859320e+02 +2.563859320e+02
26086 0 +9.774332370e+01 +2.439033237e+02 +2.439033237e+02
26126 0 +8.419710446e+01 +2.303571045e+02 +2.303571045e+02
26158 0 +7.862160727e+01 +2.247816073e+02 +2.247816073e+02
26218 0 +7.073492796e+01 +2.168949280e+02 +2.168949280e+02
26309 0 +6.249750541e+01 +2.086575054e+02 +2.086575054e+02
26343 0 +5.473859224e+01 +2.008985922e+02 +2.008985922e+02
26368 0 +5.004925922e+01 +1.962092592e+02 +1.962092592e+02
26383 0 +4.042935607e+01 +1.865893561e+02 +1.865893561e+02
26397 0 +3.871255793e+01 +1.848725579e+02 +1.848725579e+02
26402 0 +3.501615798e+01 +1.811761580e+02 +1.811761580e+02
26423 0 +2.786211762e+01 +1.740221176e+02 +1.740221176e+02
26439 0 +2.334189569e+01 +1.695018957e+02 +1.695018957e+02
26463 0 +1.974898517e+01 +1.659089852e+02 +1.659089852e+02
26571 0 +1.762130899e+01 +1.637813090e+02 +1.637813090e+02
26749 0 +1.579366121e+01 +1.619536612e+02 +1.619536612e+02
28679 0 +1.412036814e+01 +1.602803681e+02 +1.602803681e+02
30276 0 +1.258167904e+01 +1.587416790e+02 +1.587416790e+02
32225 0 +1.121698536e+01 +1.573769854e+02 +1.573769854e+02
34476 0 +9.999450710e+00 +1.561594507e+02 +1.561594507e+02
36490 0 +8.911410396e+00 +1.550714104e+02 +1.550714104e+02
38290 0 +7.933184108e+00 +1.540931841e+02 +1.540931841e+02
39864 0 +7.076356696e+00 +1.532363567e+02 +1.532363567e+02
41320 0 +6.308048035e+00 +1.524680480e+02 +1.524680480e+02
42890 0 +5.623386965e+00 +1.517833870e+02 +1.517833870e+02
44487 0 +5.011838664e+00 +1.511718387e+02 +1.511718387e+02
45978 0 +4.465805528e+00 +1.506258055e+02 +1.506258055e+02
47170 0 +3.979260417e+00 +1.501392604e+02 +1.501392604e+02
48278 0 +3.542470413e+00 +1.497024704e+02 +1.497024704e+02
49306 0 +3.154814479e+00 +1.493148145e+02 +1.493148145e+02
50186 0 +2.814458689e+00 +1.489744587e+02 +1.489744587e+02
51032 0 +2.511350725e+00 +1.486713507e+02 +1.486713507e+02
51710 0 +2.235956595e+00 +1.483959566e+02 +1.483959566e+02
52416 0 +1.993402304e+00 +1.481534023e+02 +1.481534023e+02
53043 0 +1.776773352e+00 +1.479367734e+02 +1.479367734e+02
53756 0 +1.584283947e+00 +1.477442839e+02 +1.477442839e+02
54436 0 +1.412440882e+00 +1.475724409e+02 +1.475724409e+02
55005 0 +1.258318832e+00 +1.474183188e+02 +1.474183188e+02
55576 0 +1.120094005e+00 +1.472800940e+02 +1.472800940e+02
56216 0 +9.998210985e-01 +1.471598211e+02 +1.471598211e+02
56799 0 +8.911240531e-01 +1.470511241e+02 +1.470511241e+02
57378 0 +7.938438532e-01 +1.469538439e+02 +1.469538439e+02
57959 0 +7.074449021e-01 +1.468674449e+02 +1.468674449e+02
58605 0 +6.304968878e-01 +1.467904969e+02 +1.467904969e+02
59250 0 +5.609392367e-01 +1.467209392e+02 +1.467209392e+02
59957 0 +5.009923080e-01 +1.466609923e+02 +1.466609923e+02
61010 0 +4.463336122e-01 +1.466063336e+02 +1.466063336e+02
62117 0 +3.980203428e-01 +1.465580203e+02 +1.465580203e+02
63197 0 +3.544484659e-01 +1.465144485e+02 +1.465144485e+02
64237 0 +3.157619209e-01 +1.464757619e+02 +1.464757619e+02
65245 0 +2.817058650e-01 +1.464417059e+02 +1.464417059e+02
66268 0 +2.510178866e-01 +1.464110179e+02 +1.464110179e+02
67157 0 +2.238494899e-01 +1.463838495e+02 +1.463838495e+02
68165 0 +1.992467790e-01 +1.463592468e+02 +1.463592468e+02
69117 0 +1.776712662e-01 +1.463376713e+02 +1.463376713e+02
70765 0 +1.584193136e-01 +1.463184193e+02 +1.463184193e+02
72357 0 +1.412261028e-01 +1.463012261e+02 +1.463012261e+02
73917 0 +1.257385793e-01 +1.462857386e+02 +1.462857386e+02
75386 0 +1.121360673e-01 +1.462721361e+02 +1.462721361e+02
76794 0 +9.995164997e-02 +1.462599516e+02 +1.462599516e+02
78117 0 +8.911044532e-02 +1.462491104e+02 +1.462491104e+02
80045 0 +7.942604580e-02 +1.462394260e+02 +1.462394260e+02
82485 0 +7.077608993e-02 +1.462307761e+02 +1.462307761e+02
84803 0 +6.309168003e-02 +1.462230917e+02 +1.462230917e+02
87018 0 +5.623017405e-02 +1.462162302e+02 +1.462162302e+02
89119 0 +5.011748308e-02 +1.462101175e+02 +1.462101175e+02
91157 0 +4.463666400e-02 +1.462046367e+02 +1.462046367e+02
93043 0 +3.980859685e-02 +1.461998086e+02 +1.461998086e+02
94837 0 +3.545409299e-02 +1.461954541e+02 +1.461954541e+02
96559 0 +3.161700662e-02 +1.461916170e+02 +1.461916170e+02
98291 0 +2.817362762e-02 +1.461881736e+02 +1.461881736e+02
99967 0 +2.511321293e-02 +1.461851132e+02 +1.461851132e+02
101677 0 +2.237994338e-02 +1.461823799e+02 +1.461823799e+02
104283 0 +1.995039550e-02 +1.461799504e+02 +1.461799504e+02
106957 0 +1.776727201e-02 +1.461777673e+02 +1.461777673e+02
109443 0 +1.584575779e-02 +1.461758458e+02 +1.461758458e+02
111837 0 +1.412113801e-02 +1.461741211e+02 +1.461741211e+02
114103 0 +1.258634262e-02 +1.461725863e+02 +1.461725863e+02
116237 0 +1.121822936e-02 +1.461712182e+02 +1.461712182e+02
118277 0 +9.995660811e-03 +1.461699957e+02 +1.461699957e+02
120179 0 +8.912261555e-03 +1.461689123e+02 +1.461689123e+02
122005 0 +7.943072689e-03 +1.461679431e+02 +1.461679431e+02
123734 0 +7.077914823e-03 +1.461670779e+02 +1.461670779e+02
126237 0 +6.306762116e-03 +1.461663068e+02 +1.461663068e+02
129317 0 +5.621572751e-03 +1.461656216e+02 +1.461656216e+02
132243 0 +5.011030986e-03 +1.461650110e+02 +1.461650110e+02
135016 0 +4.465244939e-03 +1.461644652e+02 +1.461644652e+02
137618 0 +3.980689275e-03 +1.461639807e+02 +1.461639807e+02
140077 0 +3.546334004e-03 +1.461635463e+02 +1.461635463e+02
142456 0 +3.162019160e-03 +1.461631620e+02 +1.461631620e+02
144634 0 +2.818333406e-03 +1.461628183e+02 +1.461628183e+02
146803 0 +2.511878521e-03 +1.461625119e+02 +1.461625119e+02
148868 0 +2.237982481e-03 +1.461622380e+02 +1.461622380e+02
150778 0 +1.995219948e-03 +1.461619952e+02 +1.461619952e+02
153397 0 +1.776840797e-03 +1.461617768e+02 +1.461617768e+02
156748 0 +1.584569184e-03 +1.461615846e+02 +1.461615846e+02
159877 0 +1.412421030e-03 +1.461614124e+02 +1.461614124e+02
162868 0 +1.258914357e-03 +1.461612589e+02 +1.461612589e+02
165679 0 +1.122002538e-03 +1.461611220e+02 +1.461611220e+02
168338 0 +9.998779115e-04 +1.461609999e+02 +1.461609999e+02
170858 0 +8.911679845e-04 +1.461608912e+02 +1.461608912e+02
173237 0 +7.942223355e-04 +1.461607942e+02 +1.461607942e+02
175515 0 +7.078481486e-04 +1.461607078e+02 +1.461607078e+02
177677 0 +6.307203357e-04 +1.461606307e+02 +1.461606307e+02
179723 0 +5.621306478e-04 +1.461605621e+02 +1.461605621e+02
181725 0 +5.009295975e-04 +1.461605009e+02 +1.461605009e+02
183757 0 +4.463761213e-04 +1.461604464e+02 +1.461604464e+02
185786 0 +3.979227336e-04 +1.461603979e+02 +1.461603979e+02
188079 0 +3.548101713e-04 +1.461603548e+02 +1.461603548e+02
191123 0 +3.161845274e-04 +1.461603162e+02 +1.461603162e+02
193983 0 +2.818245638e-04 +1.461602818e+02 +1.461602818e+02
196677 0 +2.510836782e-04 +1.461602511e+02 +1.461602511e+02
199210 0 +2.238438115e-04 +1.461602238e+02 +1.461602238e+02
200000 0 +2.157177089e-04 +1.461602157e+02 +1.461602157e+02
% f evaluations | g evaluations | best noise-free fitness - Fopt (-7.469000000000e+01) + sum g_i+ | measured fitness | best measured fitness or single-digit g-values | x1 | x2...
1 0 +1.235000000e+02 +4.881000000e+01 +4.881000000e+01
25927 0 +1.221291414e+02 +4.743914138e+01 +4.743914138e+01
25951 0 +1.117354834e+02 +3.704548335e+01 +3.704548335e+01
25961 0 +9.469592049e+01 +2.000592049e+01 +2.000592049e+01
25982 0 +8.423342177e+01 +9.543421766e+00 +9.543421766e+00
25988 0 +7.558856266e+01 +8.985626551e-01 +8.985626551e-01
26016 0 +6.537993077e+01 -9.310069228e+00 -9.310069228e+00
26028 0 +6.070693485e+01 -1.398306515e+01 -1.398306515e+01
26062 0 +5.479394118e+01 -1.989605882e+01 -1.989605882e+01
26072 0 +4.853520745e+01 -2.615479255e+01 -2.615479255e+01
26074 0 +4.246629153e+01 -3.222370847e+01 -3.222370847e+01
26102 0 +3.289697331e+01 -4.179302669e+01 -4.179302669e+01
26129 0 +2.727831056e+01 -4.741168944e+01 -4.741168944e+01
26207 0 +2.438565308e+01 -5.030434692e+01 -5.030434692e+01
26235 0 +2.144609392e+01 -5.324390608e+01 -5.324390608e+01
26244 0 +1.992230295e+01 -5.476769705e+01 -5.476769705e+01
26363 0 +1.777841836e+01 -5.691158164e+01 -5.691158164e+01
26498 0 +1.581757138e+01 -5.887242862e+01 -5.887242862e+01
27993 0 +1.411522479e+01 -6.057477521e+01 -6.057477521e+01
30882 0 +1.258327285e+01 -6.210672715e+01 -6.210672715e+01
33658 0 +1.121903661e+01 -6.347096339e+01 -6.347096339e+01
35959 0 +9.996717514e+00 -6.469328249e+01 -6.469328249e+01
37738 0 +8.911175607e+00 -6.577882439e+01 -6.577882439e+01
39378 0 +7.942544635e+00 -6.674745537e+01 -6.674745537e+01
40929 0 +7.073140621e+00 -6.761685938e+01 -6.761685938e+01
42383 0 +6.307076737e+00 -6.838292326e+01 -6.838292326e+01
44036 0 +5.620734504e+00 -6.906926550e+01 -6.906926550e+01
45659 0 +5.008064307e+00 -6.968193569e+01 -6.968193569e+01
47133 0 +4.466392278e+00 -7.022360772e+01 -7.022360772e+01
48356 0 +3.980718899e+00 -7.070928110e+01 -7.070928110e+01
49413 0 +3.543877618e+00 -7.114612238e+01 -7.114612238e+01
50440 0 +3.161278384e+00 -7.152872162e+01 -7.152872162e+01
51303 0 +2.814287639e+00 -7.187571236e+01 -7.187571236e+01
52046 0 +2.509870735e+00 -7.218012927e+01 -7.218012927e+01
52953 0 +2.238709451e+00 -7.245129055e+01 -7.245129055e+01
53990 0 +1.991131031e+00 -7.269886897e+01 -7.269886897e+01
54907 0 +1.778089318e+00 -7.291191068e+01 -7.291191068e+01
55683 0 +1.584274449e+00 -7.310572555e+01 -7.310572555e+01
56366 0 +1.412434294e+00 -7.327756571e+01 -7.327756571e+01
56987 0 +1.258768536e+00 -7.343123146e+01 -7.343123146e+01
57587 0 +1.121530561e+00 -7.356846944e+01 -7.356846944e+01
58221 0 +9.997665327e-01 -7.369023347e+01 -7.369023347e+01
58867 0 +8.894879668e-01 -7.380051203e+01 -7.380051203e+01
59501 0 +7.925583794e-01 -7.389744162e+01 -7.389744162e+01
60187 0 +7.058822155e-01 -7.398411778e+01 -7.398411778e+01
60861 0 +6.308066953e-01 -7.405919330e+01 -7.405919330e+01
61457 0 +5.623312337e-01 -7.412766877e+01 -7.412766877e+01
62661 0 +5.004544400e-01 -7.418954556e+01 -7.418954556e+01
63787 0 +4.464326876e-01 -7.424356731e+01 -7.424356731e+01
64901 0 +3.973811246e-01 -7.429261888e+01 -7.429261888e+01
65981 0 +3.541574638e-01 -7.433584254e+01 -7.433584254e+01
67010 0 +3.161603579e-01 -7.437383964e+01 -7.437383964e+01
68021 0 +2.813507883e-01 -7.440864921e+01 -7.440864921e+01
69021 0 +2.511781512e-01 -7.443882185e+01 -7.443882185e+01
70421 0 +2.238051333e-01 -7.446619487e+01 -7.446619487e+01
72250 0 +1.995128786e-01 -7.449048712e+01 -7.449048712e+01
73945 0 +1.778063472e-01 -7.451219365e+01 -7.451219365e+01
75608 0 +1.584726127e-01 -7.453152739e+01 -7.453152739e+01
77181 0 +1.411093738e-01 -7.454889063e+01 -7.454889063e+01
78690 0 +1.258613371e-01 -7.456413866e+01 -7.456413866e+01
80181 0 +1.120604907e-01 -7.457793951e+01 -7.457793951e+01
81578 0 +9.999373130e-02 -7.459000627e+01 -7.459000627e+01
82972 0 +8.907825066e-02 -7.460092175e+01 -7.460092175e+01
84381 0 +7.937741425e-02 -7.461062259e+01 -7.461062259e+01
85981 0 +7.075810303e-02 -7.461924190e+01 -7.461924190e+01
88261 0 +6.305605815e-02 -7.462694394e+01 -7.462694394e+01
90421 0 +5.618065535e-02 -7.463381934e+01 -7.463381934e+01
92541 0 +5.008995165e-02 -7.463991005e+01 -7.463991005e+01
94501 0 +4.463724884e-02 -7.464536275e+01 -7.464536275e+01
96408 0 +3.978512665e-02 -7.465021487e+01 -7.465021487e+01
98187 0 +3.547639537e-02 -7.465452360e+01 -7.465452360e+01
99888 0 +3.160405229e-02 -7.465839595e+01 -7.465839595e+01
101625 0 +2.817278904e-02 -7.466182721e+01 -7.466182721e+01
103181 0 +2.510006759e-02 -7.466489993e+01 -7.466489993e+01
105730 0 +2.238279373e-02 -7.466761721e+01 -7.466761721e+01
108481 0 +1.995000133e-02 -7.467005000e+01 -7.467005000e+01
111075 0 +1.778102170e-02 -7.467221898e+01 -7.467221898e+01
113570 0 +1.584674460e-02 -7.467415326e+01 -7.467415326e+01
115911 0 +1.412274785e-02 -7.467587725e+01 -7.467587725e+01
118105 0 +1.258530578e-02 -7.467741469e+01 -7.467741469e+01
120248 0 +1.121795764e-02 -7.467878204e+01 -7.467878204e+01
122288 0 +9.995598631e-03 -7.468000440e+01 -7.468000440e+01
124301 0 +8.910230414e-03 -7.468108977e+01 -7.468108977e+01
127385 0 +7.941548518e-03 -7.468205845e+01 -7.468205845e+01
130781 0 +7.076676212e-03 -7.468292332e+01 -7.468292332e+01
133981 0 +6.309133561e-03 -7.468369087e+01 -7.468369087e+01
137021 0 +5.619170007e-03 -7.468438083e+01 -7.468438083e+01
139886 0 +5.011117290e-03 -7.468498888e+01 -7.468498888e+01
142581 0 +4.465829120e-03 -7.468553417e+01 -7.468553417e+01
145191 0 +3.980536373e-03 -7.468601946e+01 -7.468601946e+01
147621 0 +3.547360063e-03 -7.468645264e+01 -7.468645264e+01
149941 0 +3.161318766e-03 -7.468683868e+01 -7.468683868e+01
153861 0 +2.817735809e-03 -7.468718226e+01 -7.468718226e+01
157951 0 +2.511871090e-03 -7.468748813e+01 -7.468748813e+01
161861 0 +2.237418255e-03 -7.468776258e+01 -7.468776258e+01
165541 0 +1.993786385e-03 -7.468800621e+01 -7.468800621e+01
169001 0 +1.778012055e-03 -7.468822199e+01 -7.468822199e+01
172301 0 +1.584402824e-03 -7.468841560e+01 -7.468841560e+01
175406 0 +1.412446057e-03 -7.468858755e+01 -7.468858755e+01
178360 0 +1.258734097e-03 -7.468874127e+01 -7.468874127e+01
181126 0 +1.121891466e-03 -7.468887811e+01 -7.468887811e+01
183766 0 +9.997223825e-04 -7.468900028e+01 -7.468900028e+01
186221 0 +8.907532507e-04 -7.468910925e+01 -7.468910925e+01
188555 0 +7.942957772e-04 -7.468920570e+01 -7.468920570e+01
190928 0 +7.076398847e-04 -7.468929236e+01 -7.468929236e+01
194366 0 +6.308960392e-04 -7.468936910e+01 -7.468936910e+01
198301 0 +5.622681958e-04 -7.468943773e+01 -7.468943773e+01
200000 0 +5.344094792e-04 -7.468946559e+01 -7.468946559e+01
% f evaluations | g evaluations | best noise-free fitness - Fopt (1.853000000000e+01) + sum g_i+ | measured fitness | best measured fitness or single-digit g-values | x1 | x2...
1 0 +1.235000000e+02 +1.420300000e+02 +1.420300000e+02
25992 0 +1.213484535e+02 +1.398784535e+02 +1.398784535e+02
26037 0 +1.116616004e+02 +1.301916004e+02 +1.301916004e+02
26066 0 +9.710720264e+01 +1.156372026e+02 +1.156372026e+02
26083 0 +8.469943882e+01 +1.032294388e+02 +1.032294388e+02
26167 0 +7.815288205e+01 +9.668288205e+01 +9.668288205e+01
26186 0 +6.724300951e+01 +8.577300951e+01 +8.577300951e+01
26195 0 +6.186977181e+01 +8.039977181e+01 +8.039977181e+01
26215 0 +5.475815807e+01 +7.328815807e+01 +7.328815807e+01
26235 0 +4.754851538e+01 +6.607851538e+01 +6.607851538e+01
26257 0 +4.325404678e+01 +6.178404678e+01 +6.178404678e+01
26272 0 +3.853254380e+01 +5.706254380e+01 +5.706254380e+01
26293 0 +3.425414726e+01 +5.278414726e+01 +5.278414726e+01
26303 0 +3.130114265e+01 +4.983114265e+01 +4.983114265e+01
26313 0 +2.188933617e+01 +4.041933617e+01 +4.041933617e+01
26337 0 +1.951931925e+01 +3.804931925e+01 +3.804931925e+01
26341 0 +1.693417669e+01 +3.546417669e+01 +3.546417669e+01
26369 0 +1.413880492e+01 +3.266880492e+01 +3.266880492e+01
26386 0 +1.226682157e+01 +3.079682157e+01 +3.079682157e+01
26391 0 +1.084842426e+01 +2.937842426e+01 +2.937842426e+01
26467 0 +9.916624369e+00 +2.844662437e+01 +2.844662437e+01
26476 0 +8.687843656e+00 +2.721784366e+01 +2.721784366e+01
26489 0 +7.758624516e+00 +2.628862452e+01 +2.628862452e+01
26501 0 +7.078370843e+00 +2.560837084e+01 +2.560837084e+01
26523 0 +6.297220982e+00 +2.482722098e+01 +2.482722098e+01
26614 0 +5.594547233e+00 +2.412454723e+01 +2.412454723e+01
26626 0 +4.745408254e+00 +2.327540825e+01 +2.327540825e+01
26628 0 +4.416412072e+00 +2.294641207e+01 +2.294641207e+01
26657 0 +3.727257499e+00 +2.225725750e+01 +2.225725750e+01
26661 0 +3.450420091e+00 +2.198042009e+01 +2.198042009e+01
26729 0 +3.141241026e+00 +2.167124103e+01 +2.167124103e+01
26759 0 +2.788378855e+00 +2.131837885e+01 +2.131837885e+01
27128 0 +2.509899175e+00 +2.103989918e+01 +2.103989918e+01
27754 0 +2.236953030e+00 +2.076695303e+01 +2.076695303e+01
28422 0 +1.992965916e+00 +2.052296592e+01 +2.052296592e+01
29070 0 +1.774611249e+00 +2.030461125e+01 +2.030461125e+01
29745 0 +1.584343218e+00 +2.011434322e+01 +2.011434322e+01
30413 0 +1.407821192e+00 +1.993782119e+01 +1.993782119e+01
30933 0 +1.251696334e+00 +1.978169633e+01 +1.978169633e+01
31582 0 +1.121879532e+00 +1.965187953e+01 +1.965187953e+01
32145 0 +9.994129821e-01 +1.952941298e+01 +1.952941298e+01
32702 0 +8.892775442e-01 +1.941927754e+01 +1.941927754e+01
33330 0 +7.938344498e-01 +1.932383445e+01 +1.932383445e+01
34008 0 +7.079047339e-01 +1.923790473e+01 +1.923790473e+01
34825 0 +6.303909247e-01 +1.916039092e+01 +1.916039092e+01
35731 0 +5.620486886e-01 +1.909204869e+01 +1.909204869e+01
36625 0 +5.005772921e-01 +1.903057729e+01 +1.903057729e+01
37465 0 +4.466598643e-01 +1.897665986e+01 +1.897665986e+01
38265 0 +3.974830180e-01 +1.892748302e+01 +1.892748302e+01
39044 0 +3.548100243e-01 +1.888481002e+01 +1.888481002e+01
39896 0 +3.160036249e-01 +1.884600362e+01 +1.884600362e+01
40690 0 +2.818331393e-01 +1.881183314e+01 +1.881183314e+01
41576 0 +2.508671448e-01 +1.878086714e+01 +1.878086714e+01
42444 0 +2.237344948e-01 +1.875373449e+01 +1.875373449e+01
43373 0 +1.995098276e-01 +1.872950983e+01 +1.872950983e+01
44573 0 +1.778240846e-01 +1.870782408e+01 +1.870782408e+01
45970 0 +1.584872593e-01 +1.868848726e+01 +1.868848726e+01
47264 0 +1.412527163e-01 +1.867125272e+01 +1.867125272e+01
48576 0 +1.258317492e-01 +1.865583175e+01 +1.865583175e+01
49856 0 +1.121236486e-01 +1.864212365e+01 +1.864212365e+01
51115 0 +9.999600928e-02 +1.862999601e+01 +1.862999601e+01
52305 0 +8.912093141e-02 +1.861912093e+01 +1.861912093e+01
53453 0 +7.940947824e-02 +1.860940948e+01 +1.860940948e+01
54782 0 +7.079110171e-02 +1.860079110e+01 +1.860079110e+01
56816 0 +6.304623355e-02 +1.859304623e+01 +1.859304623e+01
58776 0 +5.621637397e-02 +1.858621637e+01 +1.858621637e+01
60665 0 +5.011843415e-02 +1.858011843e+01 +1.858011843e+01
62465 0 +4.465743956e-02 +1.857465744e+01 +1.857465744e+01
64195 0 +3.980870260e-02 +1.856980870e+01 +1.856980870e+01
65839 0 +3.547690590e-02 +1.856547691e+01 +1.856547691e+01
67425 0 +3.161902122e-02 +1.856161902e+01 +1.856161902e+01
69133 0 +2.816447136e-02 +1.855816447e+01 +1.855816447e+01
70820 0 +2.511739000e-02 +1.855511739e+01 +1.855511739e+01
72410 0 +2.238266171e-02 +1.855238266e+01 +1.855238266e+01
74936 0 +1.994484276e-02 +1.854994484e+01 +1.854994484e+01
77376 0 +1.777610767e-02 +1.854777611e+01 +1.854777611e+01
79736 0 +1.584781793e-02 +1.854584782e+01 +1.854584782e+01
81936 0 +1.412158692e-02 +1.854412159e+01 +1.854412159e+01
84048 0 +1.258267597e-02 +1.854258268e+01 +1.854258268e+01
86044 0 +1.121946562e-02 +1.854121947e+01 +1.854121947e+01
87933 0 +9.999321993e-03 +1.853999932e+01 +1.853999932e+01
89839 0 +8.912432161e-03 +1.853891243e+01 +1.853891243e+01
91671 0 +7.938178787e-03 +1.853793818e+01 +1.853793818e+01
94610 0 +7.078693511e-03 +1.853707869e+01 +1.853707869e+01
97656 0 +6.306573614e-03 +1.853630657e+01 +1.853630657e+01
100576 0 +5.621154515e-03 +1.853562115e+01 +1.853562115e+01
103305 0 +5.011850223e-03 +1.853501185e+01 +1.853501185e+01
105936 0 +4.464880288e-03 +1.853446488e+01 +1.853446488e+01
108410 0 +3.979990312e-03 +1.853397999e+01 +1.853397999e+01
110762 0 +3.547196117e-03 +1.853354720e+01 +1.853354720e+01
112955 0 +3.161242442e-03 +1.853316124e+01 +1.853316124e+01
115067 0 +2.818213464e-03 +1.853281821e+01 +1.853281821e+01
117102 0 +2.510432638e-03 +1.853251043e+01 +1.853251043e+01
119170 0 +2.238699393e-03 +1.853223870e+01 +1.853223870e+01
121104 0 +1.995171250e-03 +1.853199517e+01 +1.853199517e+01
123035 0 +1.777606299e-03 +1.853177761e+01 +1.853177761e+01
125136 0 +1.584143136e-03 +1.853158414e+01 +1.853158414e+01
128168 0 +1.412400713e-03 +1.853141240e+01 +1.853141240e+01
131002 0 +1.258922110e-03 +1.853125892e+01 +1.853125892e+01
133665 0 +1.121976390e-03 +1.853112198e+01 +1.853112198e+01
136235 0 +9.995251580e-04 +1.853099953e+01 +1.853099953e+01
138637 0 +8.911526803e-04 +1.853089115e+01 +1.853089115e+01
142010 0 +7.942617732e-04 +1.853079426e+01 +1.853079426e+01
146284 0 +7.078715159e-04 +1.853070787e+01 +1.853070787e+01
150376 0 +6.308229644e-04 +1.853063082e+01 +1.853063082e+01
154216 0 +5.621141021e-04 +1.853056211e+01 +1.853056211e+01
157822 0 +5.011459324e-04 +1.853050115e+01 +1.853050115e+01
161256 0 +4.466817616e-04 +1.853044668e+01 +1.853044668e+01
164496 0 +3.978499075e-04 +1.853039785e+01 +1.853039785e+01
167576 0 +3.546633084e-04 +1.853035466e+01 +1.853035466e+01
170456 0 +3.160236442e-04 +1.853031602e+01 +1.853031602e+01
173191 0 +2.818191333e-04 +1.853028182e+01 +1.853028182e+01
175816 0 +2.511781181e-04 +1.853025118e+01 +1.853025118e+01
178250 0 +2.237738211e-04 +1.853022377e+01 +1.853022377e+01
180562 0 +1.995007005e-04 +1.853019950e+01 +1.853019950e+01
182776 0 +1.778030573e-04 +1.853017780e+01 +1.853017780e+01
184936 0 +1.583797218e-04 +1.853015838e+01 +1.853015838e+01
187084 0 +1.412341514e-04 +1.853014123e+01 +1.853014123e+01
189239 0 +1.258641330e-04 +1.853012586e+01 +1.853012586e+01
192075 0 +1.121976113e-04 +1.853011220e+01 +1.853011220e+01
195336 0 +9.994054741e-05 +1.853009994e+01 +1.853009994e+01
198456 0 +8.908035498e-05 +1.853008908e+01 +1.853008908e+01
200000 0 +8.382423399e-05 +1.853008382e+01 +1.853008382e+01
% f evaluations | g evaluations | best noise-free fitness - Fopt (-3.444000000000e+01) + sum g_i+ | measured fitness | best measured fitness or single-digit g-values | x1 | x2...
1 0 +1.235000000e+02 +8.906000000e+01 +8.906000000e+01
24107 0 +1.205860817e+02 +8.614608166e+01 +8.614608166e+01
25980 0 +1.089725190e+02 +7.453251896e+01 +7.453251896e+01
25998 0 +9.695034644e+01 +6.251034644e+01 +6.251034644e+01
26018 0 +8.146962023e+01 +4.702962023e+01 +4.702962023e+01
26029 0 +7.342552772e+01 +3.898552772e+01 +3.898552772e+01
26046 0 +6.847008808e+01 +3.403008808e+01 +3.403008808e+01
26067 0 +6.256117124e+01 +2.812117124e+01 +2.812117124e+01
26078 0 +5.478542859e+01 +2.034542859e+01 +2.034542859e+01
26086 0 +4.734562786e+01 +1.290562786e+01 +1.290562786e+01
26095 0 +4.250442141e+01 +8.064421408e+00 +8.064421408e+00
26113 0 +3.876437725e+01 +4.324377247e+00 +4.324377247e+00
26129 0 +3.295429514e+01 -1.485704858e+00 -1.485704858e+00
26162 0 +3.055626745e+01 -3.883732550e+00 -3.883732550e+00
26171 0 +2.704603395e+01 -7.393966046e+00 -7.393966046e+00
26244 0 +2.484991753e+01 -9.590082467e+00 -9.590082467e+00
26272 0 +2.230535513e+01 -1.213464487e+01 -1.213464487e+01
26314 0 +1.973677326e+01 -1.470322674e+01 -1.470322674e+01
26462 0 +1.766543252e+01 -1.677456748e+01 -1.677456748e+01
26571 0 +1.583952612e+01 -1.860047388e+01 -1.860047388e+01
28186 0 +1.411197217e+01 -2.032802783e+01 -2.032802783e+01
30026 0 +1.257705173e+01 -2.186294827e+01 -2.186294827e+01
32830 0 +1.121603653e+01 -2.322396347e+01 -2.322396347e+01
35085 0 +9.999936999e+00 -2.444006300e+01 -2.444006300e+01
37356 0 +8.909857297e+00 -2.553014270e+01 -2.553014270e+01
39599 0 +7.939962438e+00 -2.650003756e+01 -2.650003756e+01
41404 0 +7.077034124e+00 -2.736296588e+01 -2.736296588e+01
43004 0 +6.308196564e+00 -2.813180344e+01 -2.813180344e+01
44451 0 +5.620593438e+00 -2.881940656e+01 -2.881940656e+01
45871 0 +5.011601145e+00 -2.942839885e+01 -2.942839885e+01
47245 0 +4.463105306e+00 -2.997689469e+01 -2.997689469e+01
48511 0 +3.980326655e+00 -3.045967335e+01 -3.045967335e+01
49491 0 +3.547616271e+00 -3.089238373e+01 -3.089238373e+01
50835 0 +3.161504665e+00 -3.127849533e+01 -3.127849533e+01
52395 0 +2.815985510e+00 -3.162401449e+01 -3.162401449e+01
53835 0 +2.511313709e+00 -3.192868629e+01 -3.192868629e+01
55129 0 +2.238241911e+00 -3.220175809e+01 -3.220175809e+01
56275 0 +1.991104816e+00 -3.244889518e+01 -3.244889518e+01
57249 0 +1.777858626e+00 -3.266214137e+01 -3.266214137e+01
58117 0 +1.584009203e+00 -3.285599080e+01 -3.285599080e+01
58889 0 +1.411531524e+00 -3.302846848e+01 -3.302846848e+01
59555 0 +1.258497841e+00 -3.318150216e+01 -3.318150216e+01
60172 0 +1.120485507e+00 -3.331951449e+01 -3.331951449e+01
60757 0 +9.999811320e-01 -3.344001887e+01 -3.344001887e+01
61355 0 +8.903288432e-01 -3.354967116e+01 -3.354967116e+01
61953 0 +7.942299919e-01 -3.364577001e+01 -3.364577001e+01
62579 0 +7.074148753e-01 -3.373258512e+01 -3.373258512e+01
63322 0 +6.308450557e-01 -3.380915494e+01 -3.380915494e+01
64317 0 +5.617284254e-01 -3.387827157e+01 -3.387827157e+01
65357 0 +5.004745734e-01 -3.393952543e+01 -3.393952543e+01
66395 0 +4.465197466e-01 -3.399348025e+01 -3.399348025e+01
67327 0 +3.978610933e-01 -3.404213891e+01 -3.404213891e+01
68292 0 +3.540156974e-01 -3.408598430e+01 -3.408598430e+01
69252 0 +3.161553248e-01 -3.412384468e+01 -3.412384468e+01
70096 0 +2.817520445e-01 -3.415824796e+01 -3.415824796e+01
70903 0 +2.510669948e-01 -3.418893301e+01 -3.418893301e+01
71892 0 +2.237743448e-01 -3.421622566e+01 -3.421622566e+01
72783 0 +1.994295219e-01 -3.424057048e+01 -3.424057048e+01
74157 0 +1.777739325e-01 -3.426222607e+01 -3.426222607e+01
75520 0 +1.584595311e-01 -3.428154047e+01 -3.428154047e+01
76852 0 +1.412368137e-01 -3.429876319e+01 -3.429876319e+01
78092 0 +1.258488935e-01 -3.431415111e+01 -3.431415111e+01
79292 0 +1.121591372e-01 -3.432784086e+01 -3.432784086e+01
80557 0 +9.987851284e-02 -3.434012149e+01 -3.434012149e+01
82370 0 +8.911380579e-02 -3.435088619e+01 -3.435088619e+01
84422 0 +7.942804676e-02 -3.436057195e+01 -3.436057195e+01
86397 0 +7.075854094e-02 -3.436924146e+01 -3.436924146e+01
88284 0 +6.307322194e-02 -3.437692678e+01 -3.437692678e+01
90062 0 +5.622427620e-02 -3.438377572e+01 -3.438377572e+01
91772 0 +5.011468183e-02 -3.438988532e+01 -3.438988532e+01
93484 0 +4.465897834e-02 -3.439534102e+01 -3.439534102e+01
95153 0 +3.979819555e-02 -3.440020180e+01 -3.440020180e+01
96732 0 +3.545888337e-02 -3.440454112e+01 -3.440454112e+01
98422 0 +3.162272825e-02 -3.440837727e+01 -3.440837727e+01
100099 0 +2.817849800e-02 -3.441182150e+01 -3.441182150e+01
102597 0 +2.511556216e-02 -3.441488444e+01 -3.441488444e+01
105052 0 +2.236676913e-02 -3.441763323e+01 -3.441763323e+01
107393 0 +1.995126478e-02 -3.442004874e+01 -3.442004874e+01
109604 0 +1.777818754e-02 -3.442222181e+01 -3.442222181e+01
111692 0 +1.584512500e-02 -3.442415488e+01 -3.442415488e+01
113697 0 +1.412445344e-02 -3.442587555e+01 -3.442587555e+01
115717 0 +1.258706652e-02 -3.442741293e+01 -3.442741293e+01
117635 0 +1.121689266e-02 -3.442878311e+01 -3.442878311e+01
119397 0 +9.996715840e-03 -3.443000328e+01 -3.443000328e+01
121139 0 +8.909702281e-03 -3.443109030e+01 -3.443109030e+01
123652 0 +7.936987148e-03 -3.443206301e+01 -3.443206301e+01
126564 0 +7.079138946e-03 -3.443292086e+01 -3.443292086e+01
129332 0 +6.307091133e-03 -3.443369291e+01 -3.443369291e+01
131927 0 +5.622269607e-03 -3.443437773e+01 -3.443437773e+01
134372 0 +5.011619046e-03 -3.443498838e+01 -3.443498838e+01
136733 0 +4.465318068e-03 -3.443553468e+01 -3.443553468e+01
138939 0 +3.979119397e-03 -3.443602088e+01 -3.443602088e+01
141087 0 +3.546954905e-03 -3.443645305e+01 -3.443645305e+01
143132 0 +3.161674050e-03 -3.443683833e+01 -3.443683833e+01
145162 0 +2.817768941e-03 -3.443718223e+01 -3.443718223e+01
148437 0 +2.511780484e-03 -3.443748822e+01 -3.443748822e+01
151797 0 +2.238146674e-03 -3.443776185e+01 -3.443776185e+01
154973 0 +1.994804917e-03 -3.443800520e+01 -3.443800520e+01
157979 0 +1.778212257e-03 -3.443822179e+01 -3.443822179e+01
160842 0 +1.584770541e-03 -3.443841523e+01 -3.443841523e+01
163532 0 +1.412093957e-03 -3.443858791e+01 -3.443858791e+01
166093 0 +1.258546877e-03 -3.443874145e+01 -3.443874145e+01
168487 0 +1.121950994e-03 -3.443887805e+01 -3.443887805e+01
170772 0 +9.998950574e-04 -3.443900010e+01 -3.443900010e+01
174372 0 +8.909999470e-04 -3.443910900e+01 -3.443910900e+01
178446 0 +7.943075900e-04 -3.443920569e+01 -3.443920569e+01
182292 0 +7.075553614e-04 -3.443929244e+01 -3.443929244e+01
185917 0 +6.308526333e-04 -3.443936915e+01 -3.443936915e+01
189332 0 +5.622521421e-04 -3.443943775e+01 -3.443943775e+01
192597 0 +5.011652909e-04 -3.443949883e+01 -3.443949883e+01
195665 0 +4.466493318e-04 -3.443955335e+01 -3.443955335e+01
198557 0 +3.981071323e-04 -3.443960189e+01 -3.443960189e+01
200000 0 +3.750686511e-04 -3.443962493e+01 -3.443962493e+01
% f evaluations | g evaluations | best noise-free fitness - Fopt (7.741000000000e+01) + sum g_i+ | measured fitness | best measured fitness or single-digit g-values | x1 | x2...
1 0 +1.235000000e+02 +2.009100000e+02 +2.009100000e+02
25950 0 +1.233478015e+02 +2.007578015e+02 +2.007578015e+02
25983 0 +1.074218752e+02 +1.848318752e+02 +1.848318752e+02
26013 0 +9.522568665e+01 +1.726356866e+02 +1.726356866e+02
26129 0 +8.885108365e+01 +1.662610837e+02 +1.662610837e+02
26173 0 +7.819682242e+01 +1.556068224e+02 +1.556068224e+02
26440 0 +7.068356572e+01 +1.480935657e+02 +1.480935657e+02
26738 0 +6.281014873e+01 +1.402201487e+02 +1.402201487e+02
26839 0 +5.612173556e+01 +1.335317356e+02 +1.335317356e+02
26916 0 +4.965353881e+01 +1.270635388e+02 +1.270635388e+02
26972 0 +4.367608763e+01 +1.210860876e+02 +1.210860876e+02
27012 0 +3.949528978e+01 +1.169052898e+02 +1.169052898e+02
27052 0 +3.546856646e+01 +1.128785665e+02 +1.128785665e+02
27092 0 +3.106488790e+01 +1.084748879e+02 +1.084748879e+02
27132 0 +2.724575805e+01 +1.046557581e+02 +1.046557581e+02
27162 0 +2.496253973e+01 +1.023725397e+02 +1.023725397e+02
27183 0 +2.232771029e+01 +9.973771029e+01 +9.973771029e+01
27212 0 +1.932387862e+01 +9.673387862e+01 +9.673387862e+01
27242 0 +1.769536773e+01 +9.510536773e+01 +9.510536773e+01
27258 0 +1.572797474e+01 +9.313797474e+01 +9.313797474e+01
27292 0 +1.292120797e+01 +9.033120797e+01 +9.033120797e+01
27298 0 +1.258138081e+01 +8.999138081e+01 +8.999138081e+01
27320 0 +1.111625993e+01 +8.852625993e+01 +8.852625993e+01
27332 0 +9.889019147e+00 +8.729901915e+01 +8.729901915e+01
27372 0 +8.207523961e+00 +8.561752396e+01 +8.561752396e+01
27379 0 +7.839451459e+00 +8.524945146e+01 +8.524945146e+01
27396 0 +7.077176029e+00 +8.448717603e+01 +8.448717603e+01
27423 0 +6.238960619e+00 +8.364896062e+01 +8.364896062e+01
27452 0 +5.503471201e+00 +8.291347120e+01 +8.291347120e+01
27489 0 +4.980970041e+00 +8.239097004e+01 +8.239097004e+01
27521 0 +4.408269510e+00 +8.181826951e+01 +8.181826951e+01
27818 0 +3.965501096e+00 +8.137550110e+01 +8.137550110e+01
29040 0 +3.547632120e+00 +8.095763212e+01 +8.095763212e+01
30890 0 +3.162174506e+00 +8.057217451e+01 +8.057217451e+01
32654 0 +2.814512961e+00 +8.022451296e+01 +8.022451296e+01
34254 0 +2.508252129e+00 +7.991825213e+01 +7.991825213e+01
35654 0 +2.235740587e+00 +7.964574059e+01 +7.964574059e+01
36894 0 +1.990450225e+00 +7.940045022e+01 +7.940045022e+01
37944 0 +1.777492734e+00 +7.918749273e+01 +7.918749273e+01
38854 0 +1.584888082e+00 +7.899488808e+01 +7.899488808e+01
39683 0 +1.412086882e+00 +7.882208688e+01 +7.882208688e+01
40407 0 +1.258338044e+00 +7.866833804e+01 +7.866833804e+01
41058 0 +1.121629096e+00 +7.853162910e+01 +7.853162910e+01
41658 0 +9.978196496e-01 +7.840781965e+01 +7.840781965e+01
42178 0 +8.907518976e-01 +7.830075190e+01 +7.830075190e+01
42704 0 +7.925878040e-01 +7.820258780e+01 +7.820258780e+01
43171 0 +7.067417998e-01 +7.811674180e+01 +7.811674180e+01
43669 0 +6.306159570e-01 +7.804061596e+01 +7.804061596e+01
44280 0 +5.621062550e-01 +7.797210625e+01 +7.797210625e+01
45138 0 +5.007102239e-01 +7.791071022e+01 +7.791071022e+01
45978 0 +4.455327668e-01 +7.785553277e+01 +7.785553277e+01
46806 0 +3.980351178e-01 +7.780803512e+01 +7.780803512e+01
47609 0 +3.547885752e-01 +7.776478858e+01 +7.776478858e+01
48360 0 +3.158586751e-01 +7.772585868e+01 +7.772585868e+01
49144 0 +2.816674654e-01 +7.769166747e+01 +7.769166747e+01
49898 0 +2.508561482e-01 +7.766085615e+01 +7.766085615e+01
50774 0 +2.234974706e-01 +7.763349747e+01 +7.763349747e+01
51702 0 +1.995159069e-01 +7.760951591e+01 +7.760951591e+01
52658 0 +1.775521340e-01 +7.758755213e+01 +7.758755213e+01
54031 0 +1.584387662e-01 +7.756843877e+01 +7.756843877e+01
55138 0 +1.411924774e-01 +7.755119248e+01 +7.755119248e+01
56242 0 +1.258686033e-01 +7.753586860e+01 +7.753586860e+01
57458 0 +1.121475148e-01 +7.752214751e+01 +7.752214751e+01
58586 0 +9.997880087e-02 +7.750997880e+01 +7.750997880e+01
59696 0 +8.909438884e-02 +7.749909439e+01 +7.749909439e+01
61334 0 +7.942995767e-02 +7.748942996e+01 +7.748942996e+01
63033 0 +7.078653298e-02 +7.748078653e+01 +7.748078653e+01
64658 0 +6.305486483e-02 +7.747305486e+01 +7.747305486e+01
66204 0 +5.623367551e-02 +7.746623368e+01 +7.746623368e+01
67658 0 +5.011194035e-02 +7.746011194e+01 +7.746011194e+01
69054 0 +4.466624552e-02 +7.745466625e+01 +7.745466625e+01
70466 0 +3.978465390e-02 +7.744978465e+01 +7.744978465e+01
71891 0 +3.547156783e-02 +7.744547157e+01 +7.744547157e+01
73364 0 +3.160906757e-02 +7.744160907e+01 +7.744160907e+01
74789 0 +2.818217957e-02 +7.743818218e+01 +7.743818218e+01
76491 0 +2.511228461e-02 +7.743511228e+01 +7.743511228e+01
78320 0 +2.237794351e-02 +7.743237794e+01 +7.743237794e+01
80222 0 +1.995151446e-02 +7.742995151e+01 +7.742995151e+01
82064 0 +1.778188733e-02 +7.742778189e+01 +7.742778189e+01
83814 0 +1.584696907e-02 +7.742584697e+01 +7.742584697e+01
85484 0 +1.412408613e-02 +7.742412409e+01 +7.742412409e+01
87098 0 +1.258174474e-02 +7.742258174e+01 +7.742258174e+01
88673 0 +1.121306332e-02 +7.742121306e+01 +7.742121306e+01
90322 0 +9.997685830e-03 +7.741999769e+01 +7.741999769e+01
92062 0 +8.901875906e-03 +7.741890188e+01 +7.741890188e+01
93626 0 +7.937997521e-03 +7.741793800e+01 +7.741793800e+01
95298 0 +7.078584646e-03 +7.741707858e+01 +7.741707858e+01
97027 0 +6.308411130e-03 +7.741630841e+01 +7.741630841e+01
99222 0 +5.621314247e-03 +7.741562131e+01 +7.741562131e+01
101302 0 +5.009066116e-03 +7.741500907e+01 +7.741500907e+01
103280 0 +4.466226359e-03 +7.741446623e+01 +7.741446623e+01
105211 0 +3.980997251e-03 +7.741398100e+01 +7.741398100e+01
107086 0 +3.547970755e-03 +7.741354797e+01 +7.741354797e+01
108906 0 +3.160553637e-03 +7.741316055e+01 +7.741316055e+01
110694 0 +2.818036599e-03 +7.741281804e+01 +7.741281804e+01
112829 0 +2.511741566e-03 +7.741251174e+01 +7.741251174e+01
115622 0 +2.238305202e-03 +7.741223831e+01 +7.741223831e+01
118294 0 +1.995150888e-03 +7.741199515e+01 +7.741199515e+01
120862 0 +1.777334371e-03 +7.741177733e+01 +7.741177733e+01
123262 0 +1.584486963e-03 +7.741158449e+01 +7.741158449e+01
125586 0 +1.412000315e-03 +7.741141200e+01 +7.741141200e+01
127702 0 +1.258705402e-03 +7.741125871e+01 +7.741125871e+01
129774 0 +1.121886181e-03 +7.741112189e+01 +7.741112189e+01
131738 0 +9.995787363e-04 +7.741099958e+01 +7.741099958e+01
133564 0 +8.912054275e-04 +7.741089121e+01 +7.741089121e+01
135462 0 +7.939966716e-04 +7.741079400e+01 +7.741079400e+01
137342 0 +7.078880571e-04 +7.741070789e+01 +7.741070789e+01
139267 0 +6.308187705e-04 +7.741063082e+01 +7.741063082e+01
141806 0 +5.622753037e-04 +7.741056228e+01 +7.741056228e+01
144534 0 +5.011412389e-04 +7.741050114e+01 +7.741050114e+01
147107 0 +4.466562195e-04 +7.741044666e+01 +7.741044666e+01
149604 0 +3.980621046e-04 +7.741039806e+01 +7.741039806e+01
151931 0 +3.547415120e-04 +7.741035474e+01 +7.741035474e+01
154124 0 +3.161865813e-04 +7.741031619e+01 +7.741031619e+01
156222 0 +2.818254432e-04 +7.741028183e+01 +7.741028183e+01
158284 0 +2.511491022e-04 +7.741025115e+01 +7.741025115e+01
160298 0 +2.238247511e-04 +7.741022382e+01 +7.741022382e+01
162226 0 +1.994917832e-04 +7.741019949e+01 +7.741019949e+01
164080 0 +1.776991364e-04 +7.741017770e+01 +7.741017770e+01
165854 0 +1.584506131e-04 +7.741015845e+01 +7.741015845e+01
168306 0 +1.411660457e-04 +7.741014117e+01 +7.741014117e+01
171091 0 +1.258797205e-04 +7.741012588e+01 +7.741012588e+01
173702 0 +1.122006209e-04 +7.741011220e+01 +7.741011220e+01
176193 0 +9.999049321e-05 +7.741009999e+01 +7.741009999e+01
178582 0 +8.910238859e-05 +7.741008910e+01 +7.741008910e+01
180786 0 +7.942467626e-05 +7.741007942e+01 +7.741007942e+01
182911 0 +7.078206127e-05 +7.741007078e+01 +7.741007078e+01
184926 0 +6.308130531e-05 +7.741006308e+01 +7.741006308e+01
186864 0 +5.623342446e-05 +7.741005623e+01 +7.741005623e+01
188946 0 +5.010059891e-05 +7.741005010e+01 +7.741005010e+01
190938 0 +4.466554829e-05 +7.741004467e+01 +7.741004467e+01
193066 0 +3.980394303e-05 +7.741003980e+01 +7.741003980e+01
196022 0 +3.547432738e-05 +7.741003547e+01 +7.741003547e+01
198822 0 +3.161731011e-05 +7.741003162e+01 +7.741003162e+01
200000 0 +3.007385072e-05 +7.741003007e+01 +7.741003007e+01
