% f evaluations | g evaluations | best noise-free fitness - Fopt (1.238300000000e+02) + sum g_i+ | measured fitness | best measured fitness or single-digit g-values | x1 | x2...
1 0 +1.300000000e+01 +1.368300000e+02 +1.368300000e+02 +0.0000e+00 +0.0000e+00 +0.0000e+00
360 0 +6.544586631e+00 +1.303745866e+02 +1.303745866e+02 +2.3754e+00 +1.9822e+00 -3.4925e-01
458 0 +3.041596977e+00 +1.268715970e+02 +1.268715970e+02 +5.3078e-01 +7.4762e-01 +8.3591e-02
525 0 +1.720161006e+00 +1.255501610e+02 +1.255501610e+02 -4.9344e-01 -4.1935e-01 +0.0000e+00
550 0 +1.385382023e+00 +1.252153820e+02 +1.252153820e+02 -3.6836e-01 -1.6919e-01 +0.0000e+00
561 0 +1.051408791e+00 +1.248814088e+02 +1.248814088e+02 -4.3090e-01 -1.6919e-01 +0.0000e+00
563 0 +9.367749324e-01 +1.247667749e+02 +1.247667749e+02 -4.3090e-01 -2.3173e-01 +0.0000e+00
578 0 +8.596960302e-01 +1.246896960e+02 +1.246896960e+02 -4.6217e-01 -2.3173e-01 +3.1270e-02
588 0 +7.473735696e-01 +1.245773736e+02 +1.245773736e+02 -4.3090e-01 -1.6919e-01 +3.1270e-02
606 0 +6.946332880e-01 +1.245246333e+02 +1.245246333e+02 -4.3090e-01 -1.5355e-01 +4.6905e-02
642 0 +6.297327587e-01 +1.244597328e+02 +1.244597328e+02 -4.1526e-01 -1.1446e-01 +6.2541e-02
678 0 +5.584793596e-01 +1.243884794e+02 +1.243884794e+02 -3.9181e-01 -6.7557e-02 +7.8176e-02
708 0 +4.960256053e-01 +1.243260256e+02 +1.243260256e+02 -3.6836e-01 -2.8469e-02 +9.3811e-02
738 0 +4.422976500e-01 +1.242722977e+02 +1.242722977e+02 -3.4490e-01 +1.0619e-02 +1.0945e-01
768 0 +3.959607661e-01 +1.242259608e+02 +1.242259608e+02 -3.2145e-01 +4.9707e-02 +1.1726e-01
796 0 +3.535888449e-01 +1.241835888e+02 +1.241835888e+02 -2.9018e-01 +8.0977e-02 +1.2508e-01
822 0 +3.132188232e-01 +1.241432188e+02 +1.241432188e+02 -2.6673e-01 +1.2007e-01 +1.3290e-01
846 0 +2.802382954e-01 +1.241102383e+02 +1.241102383e+02 -2.4327e-01 +1.5134e-01 +1.4072e-01
874 0 +2.452964847e-01 +1.240752965e+02 +1.240752965e+02 -2.1200e-01 +1.8261e-01 +1.4853e-01
904 0 +2.229600350e-01 +1.240529600e+02 +1.240529600e+02 -1.9246e-01 +2.0997e-01 +1.5635e-01
942 0 +1.992153713e-01 +1.240292154e+02 +1.240292154e+02 -1.6901e-01 +2.3733e-01 +1.5635e-01
1018 0 +1.777336641e-01 +1.240077337e+02 +1.240077337e+02 -1.4360e-01 +2.6078e-01 +1.6026e-01
1098 0 +1.571993556e-01 +1.239871994e+02 +1.239871994e+02 -1.2015e-01 +2.8814e-01 +1.6417e-01
1170 0 +1.411858787e-01 +1.239711859e+02 +1.239711859e+02 -9.8649e-02 +3.1160e-01 +1.6612e-01
1242 0 +1.253408155e-01 +1.239553408e+02 +1.239553408e+02 -7.5197e-02 +3.3505e-01 +1.6808e-01
1314 0 +1.118064878e-01 +1.239418065e+02 +1.239418065e+02 -5.3698e-02 +3.5655e-01 +1.7003e-01
1408 0 +9.980704396e-02 +1.239298070e+02 +1.239298070e+02 -3.2200e-02 +3.7707e-01 +1.7199e-01
1534 0 +8.888906010e-02 +1.239188891e+02 +1.239188891e+02 -1.1679e-02 +3.9661e-01 +1.7199e-01
1654 0 +7.902598606e-02 +1.239090260e+02 +1.239090260e+02 +7.8652e-03 +4.1616e-01 +1.7296e-01
1768 0 +7.072318596e-02 +1.239007232e+02 +1.239007232e+02 +2.6432e-02 +4.3375e-01 +1.7394e-01
1882 0 +6.307771022e-02 +1.238930777e+02 +1.238930777e+02 +4.4999e-02 +4.5036e-01 +1.7394e-01
1990 0 +5.604158447e-02 +1.238860416e+02 +1.238860416e+02 +6.2588e-02 +4.6697e-01 +1.7394e-01
2094 0 +4.995278721e-02 +1.238799528e+02 +1.238799528e+02 +7.9200e-02 +4.8260e-01 +1.7394e-01
2190 0 +4.465092883e-02 +1.238746509e+02 +1.238746509e+02 +9.4836e-02 +4.9629e-01 +1.7296e-01
2286 0 +3.966931344e-02 +1.238696693e+02 +1.238696693e+02 +1.1047e-01 +5.1094e-01 +1.7296e-01
2440 0 +3.544676614e-02 +1.238654468e+02 +1.238654468e+02 +1.2513e-01 +5.2316e-01 +1.7248e-01
2610 0 +3.162148720e-02 +1.238616215e+02 +1.238616215e+02 +1.3881e-01 +5.3586e-01 +1.7199e-01
2776 0 +2.813607097e-02 +1.238581361e+02 +1.238581361e+02 +1.5249e-01 +5.4759e-01 +1.7150e-01
2934 0 +2.510252339e-02 +1.238551025e+02 +1.238551025e+02 +1.6519e-01 +5.5883e-01 +1.7101e-01
3082 0 +2.237389049e-02 +1.238523739e+02 +1.238523739e+02 +1.7741e-01 +5.6909e-01 +1.7003e-01
3228 0 +1.990726269e-02 +1.238499073e+02 +1.238499073e+02 +1.8914e-01 +5.7935e-01 +1.6954e-01
3366 0 +1.772861229e-02 +1.238477286e+02 +1.238477286e+02 +2.0037e-01 +5.8912e-01 +1.6905e-01
3492 0 +1.583943471e-02 +1.238458394e+02 +1.238458394e+02 +2.1063e-01 +5.9791e-01 +1.6808e-01
3616 0 +1.409195392e-02 +1.238440920e+02 +1.238440920e+02 +2.2089e-01 +6.0622e-01 +1.6759e-01
3846 0 +1.257382719e-02 +1.238425738e+02 +1.238425738e+02 +2.3018e-01 +6.1428e-01 +1.6686e-01
4068 0 +1.120617339e-02 +1.238412062e+02 +1.238412062e+02 +2.3922e-01 +6.2186e-01 +1.6612e-01
4278 0 +9.995332954e-03 +1.238399953e+02 +1.238399953e+02 +2.4777e-01 +6.2894e-01 +1.6539e-01
4480 0 +8.909635792e-03 +1.238389096e+02 +1.238389096e+02 +2.5607e-01 +6.3578e-01 +1.6490e-01
4672 0 +7.916499201e-03 +1.238379165e+02 +1.238379165e+02 +2.6389e-01 +6.4238e-01 +1.6417e-01
4852 0 +7.069891495e-03 +1.238370699e+02 +1.238370699e+02 +2.7122e-01 +6.4824e-01 +1.6344e-01
5020 0 +6.305420474e-03 +1.238363054e+02 +1.238363054e+02 +2.7806e-01 +6.5410e-01 +1.6295e-01
5182 0 +5.620060430e-03 +1.238356201e+02 +1.238356201e+02 +2.8466e-01 +6.5948e-01 +1.6221e-01
5340 0 +4.998029928e-03 +1.238349980e+02 +1.238349980e+02 +2.9101e-01 +6.6485e-01 +1.6173e-01
5484 0 +4.466315430e-03 +1.238344663e+02 +1.238344663e+02 +2.9687e-01 +6.6974e-01 +1.6124e-01
5724 0 +3.976817151e-03 +1.238339768e+02 +1.238339768e+02 +3.0249e-01 +6.7426e-01 +1.6063e-01
5986 0 +3.542909245e-03 +1.238335429e+02 +1.238335429e+02 +3.0786e-01 +6.7853e-01 +1.6002e-01
6234 0 +3.158496095e-03 +1.238331585e+02 +1.238331585e+02 +3.1287e-01 +6.8269e-01 +1.5953e-01
6466 0 +2.816112412e-03 +1.238328161e+02 +1.238328161e+02 +3.1764e-01 +6.8659e-01 +1.5904e-01
6694 0 +2.506053389e-03 +1.238325061e+02 +1.238325061e+02 +3.2228e-01 +6.9038e-01 +1.5867e-01
6900 0 +2.238390216e-03 +1.238322384e+02 +1.238322384e+02 +3.2643e-01 +6.9380e-01 +1.5818e-01
7102 0 +1.994050544e-03 +1.238319941e+02 +1.238319941e+02 +3.3058e-01 +6.9698e-01 +1.5770e-01
7288 0 +1.776100054e-03 +1.238317761e+02 +1.238317761e+02 +3.3437e-01 +7.0015e-01 +1.5733e-01
7468 0 +1.583556042e-03 +1.238315836e+02 +1.238315836e+02 +3.3804e-01 +7.0308e-01 +1.5696e-01
7636 0 +1.411103255e-03 +1.238314111e+02 +1.238314111e+02 +3.4146e-01 +7.0589e-01 +1.5660e-01
7800 0 +1.254967564e-03 +1.238312550e+02 +1.238312550e+02 +3.4475e-01 +7.0858e-01 +1.5623e-01
8044 0 +1.121334608e-03 +1.238311213e+02 +1.238311213e+02 +3.4775e-01 +7.1096e-01 +1.5586e-01
8334 0 +9.986902301e-04 +1.238309987e+02 +1.238309987e+02 +3.5068e-01 +7.1335e-01 +1.5556e-01
8602 0 +8.904132234e-04 +1.238308904e+02 +1.238308904e+02 +3.5343e-01 +7.1554e-01 +1.5525e-01
8860 0 +7.931223926e-04 +1.238307931e+02 +1.238307931e+02 +3.5605e-01 +7.1762e-01 +1.5495e-01
9100 0 +7.071442042e-04 +1.238307071e+02 +1.238307071e+02 +3.5850e-01 +7.1958e-01 +1.5464e-01
9328 0 +6.300305059e-04 +1.238306300e+02 +1.238306300e+02 +3.6082e-01 +7.2147e-01 +1.5440e-01
9544 0 +5.615771997e-04 +1.238305616e+02 +1.238305616e+02 +3.6301e-01 +7.2324e-01 +1.5415e-01
9748 0 +5.006476812e-04 +1.238305006e+02 +1.238305006e+02 +3.6509e-01 +7.2489e-01 +1.5391e-01
9942 0 +4.460141574e-04 +1.238304460e+02 +1.238304460e+02 +3.6705e-01 +7.2648e-01 +1.5366e-01
10126 0 +3.972943531e-04 +1.238303973e+02 +1.238303973e+02 +3.6894e-01 +7.2794e-01 +1.5342e-01
10296 0 +3.544863765e-04 +1.238303545e+02 +1.238303545e+02 +3.7065e-01 +7.2935e-01 +1.5324e-01
10458 0 +3.160902586e-04 +1.238303161e+02 +1.238303161e+02 +3.7230e-01 +7.3069e-01 +1.5305e-01
10756 0 +2.816734734e-04 +1.238302817e+02 +1.238302817e+02 +3.7389e-01 +7.3191e-01 +1.5287e-01
11044 0 +2.509892775e-04 +1.238302510e+02 +1.238302510e+02 +3.7535e-01 +7.3310e-01 +1.5269e-01
11320 0 +2.236436014e-04 +1.238302236e+02 +1.238302236e+02 +3.7676e-01 +7.3423e-01 +1.5253e-01
11580 0 +1.995109386e-04 +1.238301995e+02 +1.238301995e+02 +3.7807e-01 +7.3530e-01 +1.5238e-01
11824 0 +1.777430901e-04 +1.238301777e+02 +1.238301777e+02 +3.7932e-01 +7.3628e-01 +1.5223e-01
12060 0 +1.581429526e-04 +1.238301581e+02 +1.238301581e+02 +3.8051e-01 +7.3723e-01 +1.5208e-01
12276 0 +1.412285330e-04 +1.238301412e+02 +1.238301412e+02 +3.8161e-01 +7.3811e-01 +1.5195e-01
12484 0 +1.257002540e-04 +1.238301257e+02 +1.238301257e+02 +3.8268e-01 +7.3894e-01 +1.5180e-01
12682 0 +1.119352586e-04 +1.238301119e+02 +1.238301119e+02 +3.8369e-01 +7.3976e-01 +1.5171e-01
12864 0 +9.986457441e-05 +1.238300999e+02 +1.238300999e+02 +3.8460e-01 +7.4049e-01 +1.5159e-01
13036 0 +8.900615666e-05 +1.238300890e+02 +1.238300890e+02 +3.8549e-01 +7.4120e-01 +1.5147e-01
13354 0 +7.933221991e-05 +1.238300793e+02 +1.238300793e+02 +3.8633e-01 +7.4185e-01 +1.5137e-01
13666 0 +7.069249268e-05 +1.238300707e+02 +1.238300707e+02 +3.8712e-01 +7.4248e-01 +1.5127e-01
13960 0 +6.306737879e-05 +1.238300631e+02 +1.238300631e+02 +3.8787e-01 +7.4307e-01 +1.5119e-01
14236 0 +5.614763194e-05 +1.238300561e+02 +1.238300561e+02 +3.8857e-01 +7.4364e-01 +1.5110e-01
14500 0 +5.004201958e-05 +1.238300500e+02 +1.238300500e+02 +3.8925e-01 +7.4417e-01 +1.5102e-01
14746 0 +4.460838223e-05 +1.238300446e+02 +1.238300446e+02 +3.8987e-01 +7.4468e-01 +1.5095e-01
14980 0 +3.980557675e-05 +1.238300398e+02 +1.238300398e+02 +3.9047e-01 +7.4513e-01 +1.5087e-01
15202 0 +3.536421134e-05 +1.238300354e+02 +1.238300354e+02 +3.9103e-01 +7.4559e-01 +1.5079e-01
15406 0 +3.159761920e-05 +1.238300316e+02 +1.238300316e+02 +3.9155e-01 +7.4601e-01 +1.5073e-01
15604 0 +2.815877227e-05 +1.238300282e+02 +1.238300282e+02 +3.9206e-01 +7.4640e-01 +1.5067e-01
15792 0 +2.506668461e-05 +1.238300251e+02 +1.238300251e+02 +3.9253e-01 +7.4678e-01 +1.5061e-01
16030 0 +2.236347396e-05 +1.238300224e+02 +1.238300224e+02 +3.9297e-01 +7.4714e-01 +1.5056e-01
16362 0 +1.993701349e-05 +1.238300199e+02 +1.238300199e+02 +3.9339e-01 +7.4747e-01 +1.5050e-01
16674 0 +1.778201212e-05 +1.238300178e+02 +1.238300178e+02 +3.9379e-01 +7.4779e-01 +1.5046e-01
16972 0 +1.584560337e-05 +1.238300158e+02 +1.238300158e+02 +3.9417e-01 +7.4808e-01 +1.5041e-01
17248 0 +1.411820706e-05 +1.238300141e+02 +1.238300141e+02 +3.9452e-01 +7.4836e-01 +1.5037e-01
17514 0 +1.258889367e-05 +1.238300126e+02 +1.238300126e+02 +3.9486e-01 +7.4864e-01 +1.5033e-01
17764 0 +1.119526658e-05 +1.238300112e+02 +1.238300112e+02 +3.9518e-01 +7.4888e-01 +1.5028e-01
17998 0 +9.981343439e-06 +1.238300100e+02 +1.238300100e+02 +3.9548e-01 +7.4912e-01 +1.5024e-01
18220 0 +8.909149429e-06 +1.238300089e+02 +1.238300089e+02 +3.9576e-01 +7.4934e-01 +1.5021e-01
18430 0 +7.926599253e-06 +1.238300079e+02 +1.238300079e+02 +3.9603e-01 +7.4956e-01 +1.5018e-01
18628 0 +7.065439348e-06 +1.238300071e+02 +1.238300071e+02 +3.9628e-01 +7.4975e-01 +1.5014e-01
18814 0 +6.308983941e-06 +1.238300063e+02 +1.238300063e+02 +3.9651e-01 +7.4994e-01 +1.5012e-01
18988 0 +5.619361303e-06 +1.238300056e+02 +1.238300056e+02 +3.9674e-01 +7.5012e-01 +1.5009e-01
19240 0 +5.010143752e-06 +1.238300050e+02 +1.238300050e+02 +3.9695e-01 +7.5029e-01 +1.5006e-01
19558 0 +4.458150912e-06 +1.238300045e+02 +1.238300045e+02 +3.9715e-01 +7.5045e-01 +1.5004e-01
19854 0 +3.977116833e-06 +1.238300040e+02 +1.238300040e+02 +3.9734e-01 +7.5060e-01 +1.5001e-01
20134 0 +3.542455758e-06 +1.238300035e+02 +1.238300035e+02 +3.9751e-01 +7.5074e-01 +1.4999e-01
20398 0 +3.158814650e-06 +1.238300032e+02 +1.238300032e+02 +3.9768e-01 +7.5087e-01 +1.4997e-01
20650 0 +2.815849953e-06 +1.238300028e+02 +1.238300028e+02 +3.9784e-01 +7.5100e-01 +1.4995e-01
20884 0 +2.510229379e-06 +1.238300025e+02 +1.238300025e+02 +3.9799e-01 +7.5112e-01 +1.4993e-01
21106 0 +2.237557240e-06 +1.238300022e+02 +1.238300022e+02 +3.9813e-01 +7.5123e-01 +1.4992e-01
21318 0 +1.993644233e-06 +1.238300020e+02 +1.238300020e+02 +3.9827e-01 +7.5134e-01 +1.4990e-01
21516 0 +1.778065084e-06 +1.238300018e+02 +1.238300018e+02 +3.9839e-01 +7.5144e-01 +1.4989e-01
21714 0 +1.583168114e-06 +1.238300016e+02 +1.238300016e+02 +3.9851e-01 +7.5153e-01 +1.4987e-01
22062 0 +1.411851898e-06 +1.238300014e+02 +1.238300014e+02 +3.9862e-01 +7.5162e-01 +1.4985e-01
22396 0 +1.257766641e-06 +1.238300013e+02 +1.238300013e+02 +3.9873e-01 +7.5170e-01 +1.4984e-01
22714 0 +1.119714298e-06 +1.238300011e+02 +1.238300011e+02 +3.9883e-01 +7.5178e-01 +1.4983e-01
23010 0 +9.992168231e-07 +1.238300010e+02 +1.238300010e+02 +3.9893e-01 +7.5186e-01 +1.4982e-01
23290 0 +8.904075628e-07 +1.238300009e+02 +1.238300009e+02 +3.9901e-01 +7.5193e-01 +1.4980e-01
23554 0 +7.942464464e-07 +1.238300008e+02 +1.238300008e+02 +3.9910e-01 +7.5199e-01 +1.4980e-01
23808 0 +7.075904449e-07 +1.238300007e+02 +1.238300007e+02 +3.9918e-01 +7.5206e-01 +1.4979e-01
24046 0 +6.299237043e-07 +1.238300006e+02 +1.238300006e+02 +3.9926e-01 +7.5212e-01 +1.4978e-01
24268 0 +5.614684113e-07 +1.238300006e+02 +1.238300006e+02 +3.9933e-01 +7.5217e-01 +1.4977e-01
24478 0 +5.010603559e-07 +1.238300005e+02 +1.238300005e+02 +3.9939e-01 +7.5223e-01 +1.4976e-01
24676 0 +4.462602021e-07 +1.238300004e+02 +1.238300004e+02 +3.9946e-01 +7.5228e-01 +1.4975e-01
24876 0 +3.979468204e-07 +1.238300004e+02 +1.238300004e+02 +3.9951e-01 +7.5232e-01 +1.4974e-01
25234 0 +3.544375886e-07 +1.238300004e+02 +1.238300004e+02 +3.9957e-01 +7.5237e-01 +1.4974e-01
25567 0 +3.161866573e-07 +1.238300003e+02 +1.238300003e+02 +3.9962e-01 +7.5241e-01 +1.4973e-01
25884 0 +2.815582008e-07 +1.238300003e+02 +1.238300003e+02 +3.9968e-01 +7.5245e-01 +1.4972e-01
26182 0 +2.510431187e-07 +1.238300003e+02 +1.238300003e+02 +3.9972e-01 +7.5249e-01 +1.4972e-01
26464 0 +2.237788692e-07 +1.238300002e+02 +1.238300002e+02 +3.9977e-01 +7.5252e-01 +1.4971e-01
26728 0 +1.994720833e-07 +1.238300002e+02 +1.238300002e+02 +3.9981e-01 +7.5256e-01 +1.4971e-01
26982 0 +1.776181477e-07 +1.238300002e+02 +1.238300002e+02 +3.9985e-01 +7.5259e-01 +1.4970e-01
27220 0 +1.581922930e-07 +1.238300002e+02 +1.238300002e+02 +3.9989e-01 +7.5262e-01 +1.4970e-01
27442 0 +1.412065131e-07 +1.238300001e+02 +1.238300001e+02 +3.9992e-01 +7.5265e-01 +1.4969e-01
27654 0 +1.257939743e-07 +1.238300001e+02 +1.238300001e+02 +3.9996e-01 +7.5267e-01 +1.4969e-01
27856 0 +1.119950639e-07 +1.238300001e+02 +1.238300001e+02 +3.9999e-01 +7.5270e-01 +1.4968e-01
28044 0 +9.982342419e-08 +1.238300001e+02 +1.238300001e+02 +4.0002e-01 +7.5272e-01 +1.4968e-01
28348 0 +8.902227933e-08 +1.238300001e+02 +1.238300001e+02 +4.0005e-01 +7.5275e-01 +1.4968e-01
28684 0 +7.938101021e-08 +1.238300001e+02 +1.238300001e+02 +4.0007e-01 +7.5277e-01 +1.4967e-01
29002 0 +7.069230890e-08 +1.238300001e+02 +1.238300001e+02 +4.0010e-01 +7.5279e-01 +1.4967e-01
29302 0 +6.297324262e-08 +1.238300001e+02 +1.238300001e+02 +4.0012e-01 +7.5281e-01 +1.4967e-01
29584 0 +5.617103227e-08 +1.238300001e+02 +1.238300001e+02 +4.0015e-01 +7.5282e-01 +1.4966e-01
29850 0 +5.006451431e-08 +1.238300001e+02 +1.238300001e+02 +4.0017e-01 +7.5284e-01 +1.4966e-01
30000 0 +4.679527876e-08 +1.238300000e+02 +1.238300000e+02 +4.0018e-01 +7.5285e-01 +1.4966e-01
% f evaluations | g evaluations | best noise-free fitness - Fopt (4.751000000000e+01) + sum g_i+ | measured fitness | best measured fitness or single-digit g-values | x1 | x2...
1 0 +1.300000000e+01 +6.051000000e+01 +6.051000000e+01 +0.0000e+00 +0.0000e+00 +0.0000e+00
12 0 +8.727161035e+00 +5.623716103e+01 +5.623716103e+01 -9.5129e-01 -3.7529e-01 -4.7302e-01
534 0 +5.307030615e+00 +5.281703061e+01 +5.281703061e+01 +2.7438e-01 -5.0032e-01 -3.1381e-01
543 0 +2.198325393e+00 +4.970832539e+01 +4.970832539e+01 +2.4217e-02 -5.0032e-01 -3.1381e-01
560 0 +1.549073103e+00 +4.905907310e+01 +4.905907310e+01 +2.4217e-02 -5.0032e-01 -4.3889e-01
572 0 +1.239007727e+00 +4.874900773e+01 +4.874900773e+01 +8.6758e-02 -5.0032e-01 -3.7635e-01
586 0 +1.086099371e+00 +4.859609937e+01 +4.859609937e+01 +1.1803e-01 -5.0032e-01 -3.1381e-01
598 0 +9.770219355e-01 +4.848702194e+01 +4.848702194e+01 +1.4930e-01 -4.6905e-01 -2.5127e-01
608 0 +8.864660491e-01 +4.839646605e+01 +4.839646605e+01 +1.4930e-01 -4.6905e-01 -1.8873e-01
622 0 +7.741438733e-01 +4.828414387e+01 +4.828414387e+01 +1.6493e-01 -4.3778e-01 -1.5746e-01
644 0 +7.051476238e-01 +4.821514762e+01 +4.821514762e+01 +1.6493e-01 -4.1433e-01 -1.1837e-01
682 0 +6.262658506e-01 +4.813626585e+01 +4.813626585e+01 +1.8057e-01 -3.9088e-01 -7.1466e-02
710 0 +5.577182768e-01 +4.806771828e+01 +4.806771828e+01 +1.8057e-01 -3.5961e-01 -3.2378e-02
740 0 +5.010235126e-01 +4.801102351e+01 +4.801102351e+01 +1.8839e-01 -3.3616e-01 +6.7101e-03
770 0 +4.444419123e-01 +4.795444191e+01 +4.795444191e+01 +1.8839e-01 -3.0489e-01 +4.5798e-02
800 0 +3.954250881e-01 +4.790542509e+01 +4.790542509e+01 +1.9620e-01 -2.7361e-01 +8.4886e-02
828 0 +3.508850579e-01 +4.786088506e+01 +4.786088506e+01 +1.9620e-01 -2.4234e-01 +1.1616e-01
860 0 +3.156687529e-01 +4.782566875e+01 +4.782566875e+01 +1.9229e-01 -2.1498e-01 +1.4352e-01
908 0 +2.797141324e-01 +4.778971413e+01 +4.778971413e+01 +1.9620e-01 -1.8371e-01 +1.7479e-01
954 0 +2.491980233e-01 +4.775919802e+01 +4.775919802e+01 +1.9620e-01 -1.5244e-01 +2.0215e-01
996 0 +2.225670072e-01 +4.773256701e+01 +4.773256701e+01 +1.9229e-01 -1.2508e-01 +2.2560e-01
1038 0 +1.990754912e-01 +4.770907549e+01 +4.770907549e+01 +1.9229e-01 -9.7720e-02 +2.4905e-01
1104 0 +1.771478051e-01 +4.768714781e+01 +4.768714781e+01 +1.9229e-01 -6.8404e-02 +2.7251e-01
1188 0 +1.575734458e-01 +4.766757345e+01 +4.766757345e+01 +1.9034e-01 -4.1042e-02 +2.9401e-01
1268 0 +1.412007121e-01 +4.765120071e+01 +4.765120071e+01 +1.8839e-01 -1.5635e-02 +3.1355e-01
1350 0 +1.258565632e-01 +4.763585656e+01 +4.763585656e+01 +1.8839e-01 +1.1726e-02 +3.3309e-01
1428 0 +1.120196322e-01 +4.762201963e+01 +4.762201963e+01 +1.8643e-01 +3.7133e-02 +3.5068e-01
1502 0 +9.972480167e-02 +4.760972480e+01 +4.760972480e+01 +1.8448e-01 +6.0586e-02 +3.6827e-01
1574 0 +8.890996917e-02 +4.759890997e+01 +4.759890997e+01 +1.8252e-01 +8.4039e-02 +3.8391e-01
1689 0 +7.939856448e-02 +4.758939856e+01 +4.758939856e+01 +1.8057e-01 +1.0651e-01 +3.9857e-01
1824 0 +7.073575056e-02 +4.758073575e+01 +4.758073575e+01 +1.7959e-01 +1.2899e-01 +4.1225e-01
1952 0 +6.303209162e-02 +4.757303209e+01 +4.757303209e+01 +1.7764e-01 +1.4951e-01 +4.2593e-01
2076 0 +5.619697047e-02 +4.756619697e+01 +4.756619697e+01 +1.7568e-01 +1.7003e-01 +4.3765e-01
2198 0 +4.999560516e-02 +4.755999561e+01 +4.755999561e+01 +1.7471e-01 +1.8958e-01 +4.5036e-01
2310 0 +4.450803272e-02 +4.755450803e+01 +4.755450803e+01 +1.7275e-01 +2.0814e-01 +4.6111e-01
2424 0 +3.969141818e-02 +4.754969142e+01 +4.754969142e+01 +1.7177e-01 +2.2671e-01 +4.7186e-01
2526 0 +3.525255461e-02 +4.754525255e+01 +4.754525255e+01 +1.6982e-01 +2.4332e-01 +4.8163e-01
2628 0 +3.146272474e-02 +4.754146272e+01 +4.754146272e+01 +1.6884e-01 +2.5993e-01 +4.9140e-01
2718 0 +2.809740277e-02 +4.753809740e+01 +4.753809740e+01 +1.6689e-01 +2.7459e-01 +4.9922e-01
2892 0 +2.509715409e-02 +4.753509715e+01 +4.753509715e+01 +1.6591e-01 +2.8925e-01 +5.0752e-01
3066 0 +2.231926581e-02 +4.753231927e+01 +4.753231927e+01 +1.6444e-01 +3.0342e-01 +5.1534e-01
3231 0 +1.993541346e-02 +4.752993541e+01 +4.752993541e+01 +1.6298e-01 +3.1661e-01 +5.2267e-01
3386 0 +1.776954845e-02 +4.752776955e+01 +4.752776955e+01 +1.6200e-01 +3.2932e-01 +5.2951e-01
3540 0 +1.578570093e-02 +4.752578570e+01 +4.752578570e+01 +1.6102e-01 +3.4202e-01 +5.3635e-01
3681 0 +1.409908304e-02 +4.752409908e+01 +4.752409908e+01 +1.5956e-01 +3.5326e-01 +5.4221e-01
3816 0 +1.252615135e-02 +4.752252615e+01 +4.752252615e+01 +1.5858e-01 +3.6449e-01 +5.4808e-01
3942 0 +1.118647172e-02 +4.752118647e+01 +4.752118647e+01 +1.5760e-01 +3.7475e-01 +5.5345e-01
4152 0 +9.995997451e-03 +4.751999600e+01 +4.751999600e+01 +1.5687e-01 +3.8453e-01 +5.5858e-01
4386 0 +8.893290352e-03 +4.751889329e+01 +4.751889329e+01 +1.5589e-01 +3.9405e-01 +5.6347e-01
4602 0 +7.942668609e-03 +4.751794267e+01 +4.751794267e+01 +1.5492e-01 +4.0285e-01 +5.6787e-01
4812 0 +7.074252447e-03 +4.751707425e+01 +4.751707425e+01 +1.5418e-01 +4.1140e-01 +5.7226e-01
5010 0 +6.308070032e-03 +4.751630807e+01 +4.751630807e+01 +1.5345e-01 +4.1946e-01 +5.7642e-01
5202 0 +5.612681521e-03 +4.751561268e+01 +4.751561268e+01 +1.5272e-01 +4.2728e-01 +5.8032e-01
5382 0 +4.994598094e-03 +4.751499460e+01 +4.751499460e+01 +1.5199e-01 +4.3461e-01 +5.8399e-01
5550 0 +4.465967718e-03 +4.751446597e+01 +4.751446597e+01 +1.5125e-01 +4.4145e-01 +5.8716e-01
5708 0 +3.974452013e-03 +4.751397445e+01 +4.751397445e+01 +1.5052e-01 +4.4780e-01 +5.9059e-01
5862 0 +3.545205477e-03 +4.751354521e+01 +4.751354521e+01 +1.5003e-01 +4.5415e-01 +5.9352e-01
6002 0 +3.161034270e-03 +4.751316103e+01 +4.751316103e+01 +1.4930e-01 +4.5977e-01 +5.9645e-01
6248 0 +2.817000785e-03 +4.751281700e+01 +4.751281700e+01 +1.4881e-01 +4.6527e-01 +5.9914e-01
6506 0 +2.510370386e-03 +4.751251037e+01 +4.751251037e+01 +1.4832e-01 +4.7052e-01 +6.0170e-01
6752 0 +2.235432331e-03 +4.751223543e+01 +4.751223543e+01 +1.4783e-01 +4.7553e-01 +6.0414e-01
6978 0 +1.994949779e-03 +4.751199495e+01 +4.751199495e+01 +1.4734e-01 +4.8017e-01 +6.0634e-01
7200 0 +1.774224490e-03 +4.751177422e+01 +4.751177422e+01 +1.4686e-01 +4.8469e-01 +6.0854e-01
7406 0 +1.584377072e-03 +4.751158438e+01 +4.751158438e+01 +1.4649e-01 +4.8884e-01 +6.1062e-01
7604 0 +1.412203330e-03 +4.751141220e+01 +4.751141220e+01 +1.4612e-01 +4.9287e-01 +6.1257e-01
7788 0 +1.255603709e-03 +4.751125560e+01 +4.751125560e+01 +1.4563e-01 +4.9666e-01 +6.1428e-01
7965 0 +1.119889213e-03 +4.751111989e+01 +4.751111989e+01 +1.4527e-01 +5.0020e-01 +6.1599e-01
8130 0 +9.999953499e-04 +4.751100000e+01 +4.751100000e+01 +1.4502e-01 +5.0362e-01 +6.1758e-01
8288 0 +8.874020351e-04 +4.751088740e+01 +4.751088740e+01 +1.4466e-01 +5.0680e-01 +6.1917e-01
8436 0 +7.928149113e-04 +4.751079281e+01 +4.751079281e+01 +1.4441e-01 +5.0985e-01 +6.2063e-01
8574 0 +7.072268605e-04 +4.751070723e+01 +4.751070723e+01 +1.4405e-01 +5.1266e-01 +6.2186e-01
8706 0 +6.287047153e-04 +4.751062870e+01 +4.751062870e+01 +1.4380e-01 +5.1535e-01 +6.2320e-01
8946 0 +5.613308446e-04 +4.751056133e+01 +4.751056133e+01 +1.4356e-01 +5.1785e-01 +6.2442e-01
9180 0 +5.011448095e-04 +4.751050114e+01 +4.751050114e+01 +1.4331e-01 +5.2023e-01 +6.2552e-01
9404 0 +4.463497884e-04 +4.751044635e+01 +4.751044635e+01 +1.4307e-01 +5.2249e-01 +6.2662e-01
9612 0 +3.978610193e-04 +4.751039786e+01 +4.751039786e+01 +1.4282e-01 +5.2463e-01 +6.2760e-01
9816 0 +3.541534376e-04 +4.751035415e+01 +4.751035415e+01 +1.4264e-01 +5.2671e-01 +6.2857e-01
10005 0 +3.161796001e-04 +4.751031618e+01 +4.751031618e+01 +1.4240e-01 +5.2860e-01 +6.2949e-01
10185 0 +2.813280893e-04 +4.751028133e+01 +4.751028133e+01 +1.4221e-01 +5.3043e-01 +6.3034e-01
10350 0 +2.510574338e-04 +4.751025106e+01 +4.751025106e+01 +1.4209e-01 +5.3214e-01 +6.3114e-01
10512 0 +2.236217166e-04 +4.751022362e+01 +4.751022362e+01 +1.4191e-01 +5.3379e-01 +6.3187e-01
10752 0 +1.992439035e-04 +4.751019924e+01 +4.751019924e+01 +1.4176e-01 +5.3529e-01 +6.3260e-01
11034 0 +1.776346807e-04 +4.751017763e+01 +4.751017763e+01 +1.4160e-01 +5.3673e-01 +6.3328e-01
11304 0 +1.581219363e-04 +4.751015812e+01 +4.751015812e+01 +1.4145e-01 +5.3810e-01 +6.3392e-01
11556 0 +1.410384094e-04 +4.751014104e+01 +4.751014104e+01 +1.4133e-01 +5.3938e-01 +6.3453e-01
11796 0 +1.258668182e-04 +4.751012587e+01 +4.751012587e+01 +1.4121e-01 +5.4060e-01 +6.3508e-01
12024 0 +1.119553437e-04 +4.751011196e+01 +4.751011196e+01 +1.4108e-01 +5.4176e-01 +6.3563e-01
12234 0 +9.999604528e-05 +4.751010000e+01 +4.751010000e+01 +1.4096e-01 +5.4283e-01 +6.3612e-01
12438 0 +8.909452455e-05 +4.751008909e+01 +4.751008909e+01 +1.4087e-01 +5.4387e-01 +6.3660e-01
12630 0 +7.925894659e-05 +4.751007926e+01 +4.751007926e+01 +1.4075e-01 +5.4485e-01 +6.3706e-01
12810 0 +7.061978246e-05 +4.751007062e+01 +4.751007062e+01 +1.4066e-01 +5.4576e-01 +6.3749e-01
12984 0 +6.297199585e-05 +4.751006297e+01 +4.751006297e+01 +1.4060e-01 +5.4665e-01 +6.3792e-01
13148 0 +5.622032248e-05 +4.751005622e+01 +4.751005622e+01 +1.4049e-01 +5.4743e-01 +6.3827e-01
13452 0 +5.010459392e-05 +4.751005010e+01 +4.751005010e+01 +1.4041e-01 +5.4821e-01 +6.3862e-01
13740 0 +4.458333927e-05 +4.751004458e+01 +4.751004458e+01 +1.4034e-01 +5.4894e-01 +6.3897e-01
14010 0 +3.977336120e-05 +4.751003977e+01 +4.751003977e+01 +1.4027e-01 +5.4963e-01 +6.3929e-01
14268 0 +3.545275564e-05 +4.751003545e+01 +4.751003545e+01 +1.4020e-01 +5.5028e-01 +6.3958e-01
14508 0 +3.157602367e-05 +4.751003158e+01 +4.751003158e+01 +1.4014e-01 +5.5089e-01 +6.3987e-01
14736 0 +2.812135272e-05 +4.751002812e+01 +4.751002812e+01 +1.4008e-01 +5.5147e-01 +6.4015e-01
14952 0 +2.509756551e-05 +4.751002510e+01 +4.751002510e+01 +1.4003e-01 +5.5202e-01 +6.4041e-01
15156 0 +2.234900051e-05 +4.751002235e+01 +4.751002235e+01 +1.3997e-01 +5.5254e-01 +6.4064e-01
15348 0 +1.993343564e-05 +4.751001993e+01 +4.751001993e+01 +1.3992e-01 +5.5303e-01 +6.4086e-01
15534 0 +1.771098437e-05 +4.751001771e+01 +4.751001771e+01 +1.3988e-01 +5.5351e-01 +6.4109e-01
15704 0 +1.580426594e-05 +4.751001580e+01 +4.751001580e+01 +1.3983e-01 +5.5393e-01 +6.4129e-01
15860 0 +1.412029038e-05 +4.751001412e+01 +4.751001412e+01 +1.3979e-01 +5.5433e-01 +6.4148e-01
16113 0 +1.258240517e-05 +4.751001258e+01 +4.751001258e+01 +1.3974e-01 +5.5472e-01 +6.4165e-01
16404 0 +1.119505620e-05 +4.751001120e+01 +4.751001120e+01 +1.3971e-01 +5.5509e-01 +6.4183e-01
16674 0 +9.986520432e-06 +4.751000999e+01 +4.751000999e+01 +1.3967e-01 +5.5544e-01 +6.4198e-01
16932 0 +8.890584851e-06 +4.751000889e+01 +4.751000889e+01 +1.3963e-01 +5.5577e-01 +6.4213e-01
17174 0 +7.929940047e-06 +4.751000793e+01 +4.751000793e+01 +1.3960e-01 +5.5607e-01 +6.4228e-01
17400 0 +7.075614498e-06 +4.751000708e+01 +4.751000708e+01 +1.3957e-01 +5.5636e-01 +6.4241e-01
17622 0 +6.304520163e-06 +4.751000630e+01 +4.751000630e+01 +1.3955e-01 +5.5664e-01 +6.4254e-01
17822 0 +5.618588752e-06 +4.751000562e+01 +4.751000562e+01 +1.3952e-01 +5.5690e-01 +6.4266e-01
18018 0 +4.996296205e-06 +4.751000500e+01 +4.751000500e+01 +1.3950e-01 +5.5715e-01 +6.4277e-01
18198 0 +4.460288288e-06 +4.751000446e+01 +4.751000446e+01 +1.3947e-01 +5.5738e-01 +6.4288e-01
18372 0 +3.974531900e-06 +4.751000397e+01 +4.751000397e+01 +1.3945e-01 +5.5760e-01 +6.4298e-01
18536 0 +3.534203891e-06 +4.751000353e+01 +4.751000353e+01 +1.3943e-01 +5.5780e-01 +6.4308e-01
18684 0 +3.158499162e-06 +4.751000316e+01 +4.751000316e+01 +1.3940e-01 +5.5799e-01 +6.4316e-01
18888 0 +2.816372415e-06 +4.751000282e+01 +4.751000282e+01 +1.3939e-01 +5.5818e-01 +6.4325e-01
19164 0 +2.505866533e-06 +4.751000251e+01 +4.751000251e+01 +1.3937e-01 +5.5835e-01 +6.4333e-01
19422 0 +2.236236050e-06 +4.751000224e+01 +4.751000224e+01 +1.3935e-01 +5.5852e-01 +6.4340e-01
19662 0 +1.993626142e-06 +4.751000199e+01 +4.751000199e+01 +1.3934e-01 +5.5867e-01 +6.4348e-01
19896 0 +1.773174326e-06 +4.751000177e+01 +4.751000177e+01 +1.3932e-01 +5.5882e-01 +6.4354e-01
20112 0 +1.583357502e-06 +4.751000158e+01 +4.751000158e+01 +1.3931e-01 +5.5896e-01 +6.4361e-01
20316 0 +1.411850924e-06 +4.751000141e+01 +4.751000141e+01 +1.3929e-01 +5.5909e-01 +6.4367e-01
20514 0 +1.254416006e-06 +4.751000125e+01 +4.751000125e+01 +1.3928e-01 +5.5921e-01 +6.4373e-01
20694 0 +1.120949250e-06 +4.751000112e+01 +4.751000112e+01 +1.3927e-01 +5.5933e-01 +6.4378e-01
20868 0 +9.984669802e-07 +4.751000100e+01 +4.751000100e+01 +1.3926e-01 +5.5944e-01 +6.4383e-01
21150 0 +8.899827648e-07 +4.751000089e+01 +4.751000089e+01 +1.3925e-01 +5.5954e-01 +6.4388e-01
21456 0 +7.931169890e-07 +4.751000079e+01 +4.751000079e+01 +1.3924e-01 +5.5964e-01 +6.4392e-01
21744 0 +7.076207567e-07 +4.751000071e+01 +4.751000071e+01 +1.3923e-01 +5.5973e-01 +6.4396e-01
22022 0 +6.307073903e-07 +4.751000063e+01 +4.751000063e+01 +1.3922e-01 +5.5982e-01 +6.4401e-01
22278 0 +5.619044217e-07 +4.751000056e+01 +4.751000056e+01 +1.3921e-01 +5.5990e-01 +6.4404e-01
22524 0 +5.005265109e-07 +4.751000050e+01 +4.751000050e+01 +1.3920e-01 +5.5998e-01 +6.4408e-01
22754 0 +4.464713399e-07 +4.751000045e+01 +4.751000045e+01 +1.3919e-01 +5.6005e-01 +6.4411e-01
22974 0 +3.978712471e-07 +4.751000040e+01 +4.751000040e+01 +1.3919e-01 +5.6012e-01 +6.4414e-01
23180 0 +3.546028609e-07 +4.751000035e+01 +4.751000035e+01 +1.3918e-01 +5.6018e-01 +6.4418e-01
23370 0 +3.161067355e-07 +4.751000032e+01 +4.751000032e+01 +1.3917e-01 +5.6024e-01 +6.4420e-01
23556 0 +2.815311078e-07 +4.751000028e+01 +4.751000028e+01 +1.3917e-01 +5.6030e-01 +6.4423e-01
23732 0 +2.503437813e-07 +4.751000025e+01 +4.751000025e+01 +1.3916e-01 +5.6036e-01 +6.4426e-01
23892 0 +2.235303356e-07 +4.751000022e+01 +4.751000022e+01 +1.3916e-01 +5.6041e-01 +6.4428e-01
24114 0 +1.992261573e-07 +4.751000020e+01 +4.751000020e+01 +1.3915e-01 +5.6046e-01 +6.4430e-01
24402 0 +1.778164744e-07 +4.751000018e+01 +4.751000018e+01 +1.3915e-01 +5.6051e-01 +6.4432e-01
24680 0 +1.584695184e-07 +4.751000016e+01 +4.751000016e+01 +1.3914e-01 +5.6055e-01 +6.4434e-01
24942 0 +1.411182069e-07 +4.751000014e+01 +4.751000014e+01 +1.3914e-01 +5.6059e-01 +6.4436e-01
25182 0 +1.258884907e-07 +4.751000013e+01 +4.751000013e+01 +1.3913e-01 +5.6063e-01 +6.4438e-01
25416 0 +1.120545008e-07 +4.751000011e+01 +4.751000011e+01 +1.3913e-01 +5.6067e-01 +6.4440e-01
25634 0 +9.992841399e-08 +4.751000010e+01 +4.751000010e+01 +1.3913e-01 +5.6070e-01 +6.4441e-01
25842 0 +8.901893267e-08 +4.751000009e+01 +4.751000009e+01 +1.3912e-01 +5.6073e-01 +6.4443e-01
26036 0 +7.934663415e-08 +4.751000008e+01 +4.751000008e+01 +1.3912e-01 +5.6076e-01 +6.4444e-01
26220 0 +7.058972074e-08 +4.751000007e+01 +4.751000007e+01 +1.3912e-01 +5.6079e-01 +6.4446e-01
26394 0 +6.295049104e-08 +4.751000006e+01 +4.751000006e+01 +1.3911e-01 +5.6082e-01 +6.4447e-01
26558 0 +5.612977105e-08 +4.751000006e+01 +4.751000006e+01 +1.3911e-01 +5.6085e-01 +6.4448e-01
26784 0 +5.006944548e-08 +4.751000005e+01 +4.751000005e+01 +1.3911e-01 +5.6087e-01 +6.4449e-01
27078 0 +4.464050107e-08 +4.751000004e+01 +4.751000004e+01 +1.3911e-01 +5.6090e-01 +6.4450e-01
27354 0 +3.978848895e-08 +4.751000004e+01 +4.751000004e+01 +1.3910e-01 +5.6092e-01 +6.4451e-01
27612 0 +3.543518545e-08 +4.751000004e+01 +4.751000004e+01 +1.3910e-01 +5.6094e-01 +6.4452e-01
27860 0 +3.158797313e-08 +4.751000003e+01 +4.751000003e+01 +1.3910e-01 +5.6096e-01 +6.4453e-01
28094 0 +2.812524968e-08 +4.751000003e+01 +4.751000003e+01 +1.3910e-01 +5.6098e-01 +6.4454e-01
28308 0 +2.510510200e-08 +4.751000003e+01 +4.751000003e+01 +1.3910e-01 +5.6099e-01 +6.4455e-01
28518 0 +2.234227026e-08 +4.751000002e+01 +4.751000002e+01 +1.3909e-01 +5.6101e-01 +6.4456e-01
28710 0 +1.993241483e-08 +4.751000002e+01 +4.751000002e+01 +1.3909e-01 +5.6103e-01 +6.4456e-01
28896 0 +1.777470260e-08 +4.751000002e+01 +4.751000002e+01 +1.3909e-01 +5.6104e-01 +6.4457e-01
29070 0 +1.581131670e-08 +4.751000002e+01 +4.751000002e+01 +1.3909e-01 +5.6105e-01 +6.4458e-01
29232 0 +1.411870443e-08 +4.751000001e+01 +4.751000001e+01 +1.3909e-01 +5.6107e-01 +6.4458e-01
29472 0 +1.258084126e-08 +4.751000001e+01 +4.751000001e+01 +1.3909e-01 +5.6108e-01 +6.4459e-01
29766 0 +1.119936854e-08 +4.751000001e+01 +4.751000001e+01 +1.3909e-01 +5.6109e-01 +6.4459e-01
30000 0 +1.016348961e-08 +4.751000001e+01 +4.751000001e+01 +1.3909e-01 +5.6110e-01 +6.4460e-01
% f evaluations | g evaluations | best noise-free fitness - Fopt (5.534000000000e+01) + sum g_i+ | measured fitness | best measured fitness or single-digit g-values | x1 | x2...
1 0 +1.300000000e+01 +6.834000000e+01 +6.834000000e+01 +0.0000e+00 +0.0000e+00 +0.0000e+00
315 0 +1.006158244e+01 +6.540158244e+01 +6.540158244e+01 +7.4405e-01 -9.1689e-01 -5.9795e-02
513 0 +8.028675502e+00 +6.336867550e+01 +6.336867550e+01 +6.8880e-03 -5.8130e-01 +0.0000e+00
532 0 +1.054973504e+00 +5.639497350e+01 +5.639497350e+01 +2.5705e-01 -5.8130e-01 +0.0000e+00
545 0 +4.153954360e-01 +5.575539544e+01 +5.575539544e+01 +2.5705e-01 -7.0638e-01 +0.0000e+00
556 0 +1.392313449e-01 +5.547923134e+01 +5.547923134e+01 +3.1959e-01 -7.0638e-01 +0.0000e+00
567 0 +8.347599978e-02 +5.542347600e+01 +5.542347600e+01 +2.8832e-01 -7.0638e-01 +0.0000e+00
570 0 +3.996855949e-02 +5.537996856e+01 +5.537996856e+01 +2.8832e-01 -6.7511e-01 +0.0000e+00
579 0 +7.914120419e-03 +5.534791412e+01 +5.534791412e+01 +2.7269e-01 -6.7511e-01 +0.0000e+00
598 0 +6.966568045e-03 +5.534696657e+01 +5.534696657e+01 +2.7659e-01 -6.7511e-01 +0.0000e+00
610 0 +6.054392994e-03 +5.534605439e+01 +5.534605439e+01 +2.7855e-01 -6.7902e-01 +0.0000e+00
649 0 +5.603937605e-03 +5.534560394e+01 +5.534560394e+01 +2.8099e-01 -6.8098e-01 -1.4658e-03
922 0 +5.006283603e-03 +5.534500628e+01 +5.534500628e+01 +2.8698e-01 -6.8574e-01 -3.5423e-03
1204 0 +4.463938652e-03 +5.534446394e+01 +5.534446394e+01 +2.9272e-01 -6.9038e-01 -5.6189e-03
1474 0 +3.973099428e-03 +5.534397310e+01 +5.534397310e+01 +2.9821e-01 -6.9490e-01 -7.5733e-03
1726 0 +3.544349045e-03 +5.534354435e+01 +5.534354435e+01 +3.0334e-01 -6.9905e-01 -9.4055e-03
1967 0 +3.159544912e-03 +5.534315954e+01 +5.534315954e+01 +3.0823e-01 -7.0308e-01 -1.1116e-02
2197 0 +2.816439429e-03 +5.534281644e+01 +5.534281644e+01 +3.1287e-01 -7.0687e-01 -1.2826e-02
2413 0 +2.511876141e-03 +5.534251188e+01 +5.534251188e+01 +3.1727e-01 -7.1029e-01 -1.4414e-02
2620 0 +2.230724213e-03 +5.534223072e+01 +5.534223072e+01 +3.2155e-01 -7.1371e-01 -1.5879e-02
2812 0 +1.993046920e-03 +5.534199305e+01 +5.534199305e+01 +3.2545e-01 -7.1677e-01 -1.7223e-02
2993 0 +1.777613630e-03 +5.534177761e+01 +5.534177761e+01 +3.2912e-01 -7.1982e-01 -1.8567e-02
3304 0 +1.584479063e-03 +5.534158448e+01 +5.534158448e+01 +3.3266e-01 -7.2257e-01 -1.9788e-02
3635 0 +1.412464346e-03 +5.534141246e+01 +5.534141246e+01 +3.3602e-01 -7.2526e-01 -2.0949e-02
3946 0 +1.257661125e-03 +5.534125766e+01 +5.534125766e+01 +3.3920e-01 -7.2776e-01 -2.2109e-02
4241 0 +1.121441804e-03 +5.534112144e+01 +5.534112144e+01 +3.4219e-01 -7.3014e-01 -2.3147e-02
4522 0 +9.985100442e-04 +5.534099851e+01 +5.534099851e+01 +3.4506e-01 -7.3234e-01 -2.4186e-02
4786 0 +8.898865341e-04 +5.534088989e+01 +5.534088989e+01 +3.4775e-01 -7.3448e-01 -2.5102e-02
5032 0 +7.940981470e-04 +5.534079410e+01 +5.534079410e+01 +3.5025e-01 -7.3643e-01 -2.6018e-02
5272 0 +7.067791989e-04 +5.534070678e+01 +5.534070678e+01 +3.5269e-01 -7.3833e-01 -2.6873e-02
5494 0 +6.302439638e-04 +5.534063024e+01 +5.534063024e+01 +3.5495e-01 -7.4010e-01 -2.7667e-02
5704 0 +5.617023582e-04 +5.534056170e+01 +5.534056170e+01 +3.5709e-01 -7.4181e-01 -2.8400e-02
5968 0 +5.009436236e-04 +5.534050094e+01 +5.534050094e+01 +3.5911e-01 -7.4336e-01 -2.9133e-02
6346 0 +4.461458158e-04 +5.534044615e+01 +5.534044615e+01 +3.6103e-01 -7.4489e-01 -2.9804e-02
6701 0 +3.979519225e-04 +5.534039795e+01 +5.534039795e+01 +3.6283e-01 -7.4630e-01 -3.0446e-02
7042 0 +3.541069998e-04 +5.534035411e+01 +5.534035411e+01 +3.6457e-01 -7.4764e-01 -3.1057e-02
7360 0 +3.158548109e-04 +5.534031585e+01 +5.534031585e+01 +3.6619e-01 -7.4889e-01 -3.1606e-02
7660 0 +2.814300532e-04 +5.534028143e+01 +5.534028143e+01 +3.6772e-01 -7.5008e-01 -3.2156e-02
7945 0 +2.510995479e-04 +5.534025110e+01 +5.534025110e+01 +3.6915e-01 -7.5121e-01 -3.2675e-02
8212 0 +2.238643708e-04 +5.534022386e+01 +5.534022386e+01 +3.7053e-01 -7.5225e-01 -3.3133e-02
8470 0 +1.993493723e-04 +5.534019935e+01 +5.534019935e+01 +3.7184e-01 -7.5326e-01 -3.3591e-02
8710 0 +1.777063907e-04 +5.534017771e+01 +5.534017771e+01 +3.7306e-01 -7.5420e-01 -3.4019e-02
8938 0 +1.579322337e-04 +5.534015793e+01 +5.534015793e+01 +3.7422e-01 -7.5512e-01 -3.4446e-02
9148 0 +1.411048303e-04 +5.534014110e+01 +5.534014110e+01 +3.7529e-01 -7.5595e-01 -3.4813e-02
9502 0 +1.258250419e-04 +5.534012583e+01 +5.534012583e+01 +3.7631e-01 -7.5674e-01 -3.5179e-02
9886 0 +1.121521674e-04 +5.534011215e+01 +5.534011215e+01 +3.7729e-01 -7.5749e-01 -3.5515e-02
10246 0 +9.995941152e-05 +5.534009996e+01 +5.534009996e+01 +3.7821e-01 -7.5820e-01 -3.5836e-02
10588 0 +8.907197906e-05 +5.534008907e+01 +5.534008907e+01 +3.7908e-01 -7.5888e-01 -3.6141e-02
10912 0 +7.937777387e-05 +5.534007938e+01 +5.534007938e+01 +3.7990e-01 -7.5950e-01 -3.6431e-02
11218 0 +7.073182518e-05 +5.534007073e+01 +5.534007073e+01 +3.8068e-01 -7.6010e-01 -3.6706e-02
11506 0 +6.302355401e-05 +5.534006302e+01 +5.534006302e+01 +3.8141e-01 -7.6066e-01 -3.6966e-02
11779 0 +5.615407229e-05 +5.534005615e+01 +5.534005615e+01 +3.8210e-01 -7.6121e-01 -3.7210e-02
12034 0 +5.004796945e-05 +5.534005005e+01 +5.534005005e+01 +3.8276e-01 -7.6170e-01 -3.7439e-02
12274 0 +4.464133497e-05 +5.534004464e+01 +5.534004464e+01 +3.8337e-01 -7.6217e-01 -3.7653e-02
12503 0 +3.979873627e-05 +5.534003980e+01 +5.534003980e+01 +3.8395e-01 -7.6263e-01 -3.7851e-02
12751 0 +3.547010370e-05 +5.534003547e+01 +5.534003547e+01 +3.8450e-01 -7.6305e-01 -3.8050e-02
13162 0 +3.157295687e-05 +5.534003157e+01 +5.534003157e+01 +3.8502e-01 -7.6345e-01 -3.8233e-02
13546 0 +2.816240728e-05 +5.534002816e+01 +5.534002816e+01 +3.8551e-01 -7.6382e-01 -3.8401e-02
13912 0 +2.509666272e-05 +5.534002510e+01 +5.534002510e+01 +3.8598e-01 -7.6418e-01 -3.8561e-02
14254 0 +2.237768787e-05 +5.534002238e+01 +5.534002238e+01 +3.8641e-01 -7.6452e-01 -3.8714e-02
14579 0 +1.994211142e-05 +5.534001994e+01 +5.534001994e+01 +3.8683e-01 -7.6484e-01 -3.8859e-02
14884 0 +1.777570962e-05 +5.534001778e+01 +5.534001778e+01 +3.8722e-01 -7.6514e-01 -3.8996e-02
15173 0 +1.584892053e-05 +5.534001585e+01 +5.534001585e+01 +3.8758e-01 -7.6542e-01 -3.9126e-02
15448 0 +1.411548340e-05 +5.534001412e+01 +5.534001412e+01 +3.8793e-01 -7.6569e-01 -3.9248e-02
15706 0 +1.258423938e-05 +5.534001258e+01 +5.534001258e+01 +3.8826e-01 -7.6594e-01 -3.9363e-02
15953 0 +1.121951108e-05 +5.534001122e+01 +5.534001122e+01 +3.8857e-01 -7.6618e-01 -3.9470e-02
16181 0 +9.991252831e-06 +5.534000999e+01 +5.534000999e+01 +3.8886e-01 -7.6640e-01 -3.9576e-02
16402 0 +8.900356384e-06 +5.534000890e+01 +5.534000890e+01 +3.8915e-01 -7.6661e-01 -3.9676e-02
16786 0 +7.940003691e-06 +5.534000794e+01 +5.534000794e+01 +3.8940e-01 -7.6681e-01 -3.9763e-02
17176 0 +7.069387337e-06 +5.534000707e+01 +5.534000707e+01 +3.8965e-01 -7.6700e-01 -3.9851e-02
17542 0 +6.303473413e-06 +5.534000630e+01 +5.534000630e+01 +3.8988e-01 -7.6718e-01 -3.9931e-02
17887 0 +5.621763293e-06 +5.534000562e+01 +5.534000562e+01 +3.9010e-01 -7.6735e-01 -4.0012e-02
18214 0 +5.006359117e-06 +5.534000501e+01 +5.534000501e+01 +3.9031e-01 -7.6751e-01 -4.0084e-02
18523 0 +4.463150731e-06 +5.534000446e+01 +5.534000446e+01 +3.9051e-01 -7.6766e-01 -4.0153e-02
18814 0 +3.973609232e-06 +5.534000397e+01 +5.534000397e+01 +3.9069e-01 -7.6780e-01 -4.0218e-02
19090 0 +3.540349567e-06 +5.534000354e+01 +5.534000354e+01 +3.9087e-01 -7.6793e-01 -4.0279e-02
19348 0 +3.156958904e-06 +5.534000316e+01 +5.534000316e+01 +3.9103e-01 -7.6806e-01 -4.0336e-02
19594 0 +2.816008895e-06 +5.534000282e+01 +5.534000282e+01 +3.9119e-01 -7.6818e-01 -4.0390e-02
19825 0 +2.509511333e-06 +5.534000251e+01 +5.534000251e+01 +3.9133e-01 -7.6829e-01 -4.0443e-02
20044 0 +2.236581032e-06 +5.534000224e+01 +5.534000224e+01 +3.9148e-01 -7.6840e-01 -4.0489e-02
20248 0 +1.995029251e-06 +5.534000200e+01 +5.534000200e+01 +3.9161e-01 -7.6850e-01 -4.0535e-02
20453 0 +1.778149567e-06 +5.534000178e+01 +5.534000178e+01 +3.9173e-01 -7.6860e-01 -4.0578e-02
20824 0 +1.582136825e-06 +5.534000158e+01 +5.534000158e+01 +3.9185e-01 -7.6868e-01 -4.0620e-02
21167 0 +1.412304066e-06 +5.534000141e+01 +5.534000141e+01 +3.9195e-01 -7.6877e-01 -4.0659e-02
21496 0 +1.258910174e-06 +5.534000126e+01 +5.534000126e+01 +3.9206e-01 -7.6885e-01 -4.0695e-02
21808 0 +1.121210815e-06 +5.534000112e+01 +5.534000112e+01 +3.9216e-01 -7.6892e-01 -4.0729e-02
22102 0 +9.986505916e-07 +5.534000100e+01 +5.534000100e+01 +3.9225e-01 -7.6900e-01 -4.0762e-02
22375 0 +8.911195550e-07 +5.534000089e+01 +5.534000089e+01 +3.9234e-01 -7.6906e-01 -4.0794e-02
22636 0 +7.925617638e-07 +5.534000079e+01 +5.534000079e+01 +3.9242e-01 -7.6913e-01 -4.0823e-02
22882 0 +7.067892085e-07 +5.534000071e+01 +5.534000071e+01 +3.9250e-01 -7.6918e-01 -4.0849e-02
23113 0 +6.309534797e-07 +5.534000063e+01 +5.534000063e+01 +3.9257e-01 -7.6924e-01 -4.0876e-02
23333 0 +5.619354368e-07 +5.534000056e+01 +5.534000056e+01 +3.9264e-01 -7.6930e-01 -4.0899e-02
23680 0 +5.010870723e-07 +5.534000050e+01 +5.534000050e+01 +3.9271e-01 -7.6934e-01 -4.0923e-02
24073 0 +4.465668368e-07 +5.534000045e+01 +5.534000045e+01 +3.9277e-01 -7.6939e-01 -4.0945e-02
24442 0 +3.978846266e-07 +5.534000040e+01 +5.534000040e+01 +3.9283e-01 -7.6944e-01 -4.0965e-02
24790 0 +3.546490461e-07 +5.534000035e+01 +5.534000035e+01 +3.9289e-01 -7.6948e-01 -4.0984e-02
25120 0 +3.156499417e-07 +5.534000032e+01 +5.534000032e+01 +3.9294e-01 -7.6952e-01 -4.1003e-02
25429 0 +2.818007943e-07 +5.534000028e+01 +5.534000028e+01 +3.9299e-01 -7.6956e-01 -4.1020e-02
25720 0 +2.511409676e-07 +5.534000025e+01 +5.534000025e+01 +3.9303e-01 -7.6959e-01 -4.1037e-02
25997 0 +2.237470724e-07 +5.534000022e+01 +5.534000022e+01 +3.9308e-01 -7.6963e-01 -4.1052e-02
26260 0 +1.993793433e-07 +5.534000020e+01 +5.534000020e+01 +3.9312e-01 -7.6966e-01 -4.1066e-02
26509 0 +1.775347371e-07 +5.534000018e+01 +5.534000018e+01 +3.9316e-01 -7.6969e-01 -4.1080e-02
26740 0 +1.583769844e-07 +5.534000016e+01 +5.534000016e+01 +3.9320e-01 -7.6972e-01 -4.1093e-02
26956 0 +1.412048150e-07 +5.534000014e+01 +5.534000014e+01 +3.9323e-01 -7.6974e-01 -4.1105e-02
27352 0 +1.258771789e-07 +5.534000013e+01 +5.534000013e+01 +3.9326e-01 -7.6977e-01 -4.1117e-02
27748 0 +1.120854805e-07 +5.534000011e+01 +5.534000011e+01 +3.9329e-01 -7.6979e-01 -4.1128e-02
28117 0 +9.997165762e-08 +5.534000010e+01 +5.534000010e+01 +3.9332e-01 -7.6982e-01 -4.1138e-02
28463 0 +8.911671756e-08 +5.534000009e+01 +5.534000009e+01 +3.9335e-01 -7.6984e-01 -4.1148e-02
28793 0 +7.942561808e-08 +5.534000008e+01 +5.534000008e+01 +3.9338e-01 -7.6986e-01 -4.1157e-02
29105 0 +7.079234621e-08 +5.534000007e+01 +5.534000007e+01 +3.9340e-01 -7.6988e-01 -4.1165e-02
29401 0 +6.307167411e-08 +5.534000006e+01 +5.534000006e+01 +3.9343e-01 -7.6989e-01 -4.1174e-02
29680 0 +5.613460985e-08 +5.534000006e+01 +5.534000006e+01 +3.9345e-01 -7.6991e-01 -4.1182e-02
29938 0 +5.010429049e-08 +5.534000005e+01 +5.534000005e+01 +3.9347e-01 -7.6993e-01 -4.1189e-02
30000 0 +4.877538373e-08 +5.534000005e+01 +5.534000005e+01 +3.9347e-01 -7.6993e-01 -4.1190e-02
% f evaluations | g evaluations | best noise-free fitness - Fopt (-9.033000000000e+01) + sum g_i+ | measured fitness | best measured fitness or single-digit g-values | x1 | x2...
1 0 +1.300000000e+01 -7.733000000e+01 -7.733000000e+01 +0.0000e+00 +0.0000e+00 +0.0000e+00
350 0 +9.156542634e+00 -8.117345737e+01 -8.117345737e+01 -1.6693e+00 -3.4683e+00 +3.4713e-01
545 0 +7.751246901e+00 -8.257875310e+01 -8.257875310e+01 -1.3899e+00 -2.8053e+00 +0.0000e+00
555 0 +6.293267432e+00 -8.403673257e+01 -8.403673257e+01 -1.4525e+00 -2.8053e+00 +0.0000e+00
1236 0 +5.623070420e+00 -8.470692958e+01 -8.470692958e+01 -1.3978e+00 -2.7242e+00 -6.2541e-02
4638 0 +5.011441489e+00 -8.531855851e+01 -8.531855851e+01 -1.1476e+00 -2.1701e+00 -3.9088e-01
7680 0 +4.466009084e+00 -8.586399092e+01 -8.586399092e+01 -8.9646e-01 -1.6747e+00 -6.6547e-01
10384 0 +3.980938686e+00 -8.634906131e+01 -8.634906131e+01 -6.4044e-01 -1.2349e+00 -8.8436e-01
12756 0 +3.548032473e+00 -8.678196753e+01 -8.678196753e+01 -3.7464e-01 -8.4795e-01 -1.0378e+00
14760 0 +3.161636434e+00 -8.716836357e+01 -8.716836357e+01 -9.5163e-02 -5.2156e-01 -1.1081e+00
16384 0 +2.817458624e+00 -8.751254138e+01 -8.751254138e+01 +1.6868e-01 -2.7336e-01 -1.0691e+00
17502 0 +2.511860508e+00 -8.781813949e+01 -8.781813949e+01 +3.5044e-01 -1.1407e-01 -9.4397e-01
18230 0 +2.238570768e+00 -8.809142923e+01 -8.809142923e+01 +4.4425e-01 -1.0490e-02 -8.2475e-01
18866 0 +1.993936487e+00 -8.833606351e+01 -8.833606351e+01 +4.7161e-01 +6.6709e-02 -7.2117e-01
19376 0 +1.777761083e+00 -8.855223892e+01 -8.855223892e+01 +4.7063e-01 +1.2827e-01 -6.3811e-01
19808 0 +1.583332748e+00 -8.874666725e+01 -8.874666725e+01 +4.5304e-01 +1.8104e-01 -5.6775e-01
20186 0 +1.409988037e+00 -8.892001196e+01 -8.892001196e+01 +4.2764e-01 +2.2306e-01 -5.0619e-01
20522 0 +1.257578497e+00 -8.907242150e+01 -8.907242150e+01 +3.9734e-01 +2.5726e-01 -4.5146e-01
20834 0 +1.120893881e+00 -8.920910612e+01 -8.920910612e+01 +3.6412e-01 +2.8462e-01 -4.0065e-01
21128 0 +9.986441157e-01 -8.933135588e+01 -8.933135588e+01 +3.2992e-01 +3.0612e-01 -3.5277e-01
21404 0 +8.909352514e-01 -8.943906475e+01 -8.943906475e+01 +2.9572e-01 +3.2273e-01 -3.0782e-01
21674 0 +7.927947545e-01 -8.953720525e+01 -8.953720525e+01 +2.6054e-01 +3.3446e-01 -2.6384e-01
21926 0 +7.077769527e-01 -8.962222305e+01 -8.962222305e+01 +2.2633e-01 +3.4130e-01 -2.2280e-01
22178 0 +6.296156595e-01 -8.970038434e+01 -8.970038434e+01 +1.9311e-01 +3.4521e-01 -1.8176e-01
22413 0 +5.622657769e-01 -8.976773422e+01 -8.976773422e+01 +1.5989e-01 +3.4619e-01 -1.4365e-01
22646 0 +5.004746366e-01 -8.982952536e+01 -8.982952536e+01 +1.2861e-01 +3.4521e-01 -1.0554e-01
22868 0 +4.466269552e-01 -8.988337304e+01 -8.988337304e+01 +9.9299e-02 +3.4130e-01 -6.9381e-02
23084 0 +3.980719412e-01 -8.993192806e+01 -8.993192806e+01 +6.9983e-02 +3.3544e-01 -3.4202e-02
23294 0 +3.545631310e-01 -8.997543687e+01 -8.997543687e+01 +4.1644e-02 +3.2860e-01 +1.1059e-16
23498 0 +3.159558435e-01 -9.001404416e+01 -9.001404416e+01 +1.5260e-02 +3.2078e-01 +3.3225e-02
23691 0 +2.817467800e-01 -9.004825322e+01 -9.004825322e+01 -1.1124e-02 +3.1101e-01 +6.4495e-02
23882 0 +2.505621816e-01 -9.007943782e+01 -9.007943782e+01 -3.5554e-02 +3.0124e-01 +9.5765e-02
24062 0 +2.237671688e-01 -9.010623283e+01 -9.010623283e+01 -5.8030e-02 +2.9049e-01 +1.2508e-01
24236 0 +1.993299830e-01 -9.013067002e+01 -9.013067002e+01 -8.0505e-02 +2.7974e-01 +1.5342e-01
24404 0 +1.775672087e-01 -9.015243279e+01 -9.015243279e+01 -1.0200e-01 +2.6899e-01 +1.8078e-01
24566 0 +1.580138192e-01 -9.017198618e+01 -9.017198618e+01 -1.2252e-01 +2.5726e-01 +2.0717e-01
24716 0 +1.412071957e-01 -9.018879280e+01 -9.018879280e+01 -1.4109e-01 +2.4554e-01 +2.3160e-01
24866 0 +1.256053046e-01 -9.020439470e+01 -9.020439470e+01 -1.5966e-01 +2.3381e-01 +2.5603e-01
25010 0 +1.121538028e-01 -9.021784620e+01 -9.021784620e+01 -1.7627e-01 +2.2208e-01 +2.7948e-01
25142 0 +9.998072006e-02 -9.023001928e+01 -9.023001928e+01 -1.9288e-01 +2.1133e-01 +3.0098e-01
25274 0 +8.895016141e-02 -9.024104984e+01 -9.024104984e+01 -2.0852e-01 +1.9961e-01 +3.2247e-01
25394 0 +7.941547511e-02 -9.025058452e+01 -9.025058452e+01 -2.2318e-01 +1.8886e-01 +3.4202e-01
25637 0 +7.075763833e-02 -9.025924236e+01 -9.025924236e+01 -2.3735e-01 +1.7762e-01 +3.6107e-01
25862 0 +6.301837731e-02 -9.026698162e+01 -9.026698162e+01 -2.5054e-01 +1.6736e-01 +3.7964e-01
26078 0 +5.611516661e-02 -9.027388483e+01 -9.027388483e+01 -2.6324e-01 +1.5710e-01 +3.9723e-01
26282 0 +5.001772478e-02 -9.027998228e+01 -9.027998228e+01 -2.7497e-01 +1.4684e-01 +4.1384e-01
26474 0 +4.463512178e-02 -9.028536488e+01 -9.028536488e+01 -2.8621e-01 +1.3756e-01 +4.2948e-01
26661 0 +3.976383118e-02 -9.029023617e+01 -9.029023617e+01 -2.9695e-01 +1.2827e-01 +4.4462e-01
26840 0 +3.547336677e-02 -9.029452663e+01 -9.029452663e+01 -3.0673e-01 +1.1899e-01 +4.5928e-01
27003 0 +3.161861329e-02 -9.029838139e+01 -9.029838139e+01 -3.1650e-01 +1.1068e-01 +4.7247e-01
27179 0 +2.818326002e-02 -9.030181674e+01 -9.030181674e+01 -3.2554e-01 +1.0213e-01 +4.8542e-01
27482 0 +2.509277640e-02 -9.030490722e+01 -9.030490722e+01 -3.3409e-01 +9.4314e-02 +4.9788e-01
27770 0 +2.236632065e-02 -9.030763368e+01 -9.030763368e+01 -3.4215e-01 +8.6741e-02 +5.0961e-01
28046 0 +1.993111284e-02 -9.031006889e+01 -9.031006889e+01 -3.4972e-01 +7.9412e-02 +5.2085e-01
28304 0 +1.775075024e-02 -9.031224925e+01 -9.031224925e+01 -3.5705e-01 +7.2327e-02 +5.3135e-01
28550 0 +1.582608354e-02 -9.031417392e+01 -9.031417392e+01 -3.6389e-01 +6.5731e-02 +5.4137e-01
28784 0 +1.410535301e-02 -9.031589465e+01 -9.031589465e+01 -3.7024e-01 +5.9135e-02 +5.5089e-01
29006 0 +1.257058150e-02 -9.031742942e+01 -9.031742942e+01 -3.7635e-01 +5.3028e-02 +5.5993e-01
29216 0 +1.119012090e-02 -9.031880988e+01 -9.031880988e+01 -3.8221e-01 +4.7165e-02 +5.6848e-01
29414 0 +9.990016578e-03 -9.032000998e+01 -9.032000998e+01 -3.8759e-01 +4.1790e-02 +5.7655e-01
29768 0 +8.911200260e-03 -9.032108880e+01 -9.032108880e+01 -3.9272e-01 +3.6538e-02 +5.8412e-01
30000 0 +8.274417611e-03 -9.032172558e+01 -9.032172558e+01 -3.9602e-01 +3.3117e-02 +5.8876e-01
% f evaluations | g evaluations | best noise-free fitness - Fopt (6.561000000000e+01) + sum g_i+ | measured fitness | best measured fitness or single-digit g-values | x1 | x2...
1 0 +1.300000000e+01 +7.861000000e+01 +7.861000000e+01 +0.0000e+00 +0.0000e+00 +0.0000e+00
12 0 +1.108417721e+01 +7.669417721e+01 +7.669417721e+01 -9.5129e-01 -3.7529e-01 -4.7302e-01
112 0 +3.004816197e+00 +6.861481620e+01 +6.861481620e+01 +2.7423e-01 -4.3703e-01 +6.6064e-01
542 0 +1.413908970e+00 +6.702390897e+01 +6.702390897e+01 -3.3943e-02 +3.7852e-01 +0.0000e+00
559 0 +1.196082839e+00 +6.680608284e+01 +6.680608284e+01 -3.3943e-02 +3.7852e-01 -1.2508e-01
564 0 +1.008087615e+00 +6.661808761e+01 +6.661808761e+01 -3.3943e-02 +5.0360e-01 -1.2508e-01
575 0 +7.495662008e-01 +6.635956620e+01 +6.635956620e+01 -3.3943e-02 +4.4106e-01 -1.2508e-01
596 0 +6.847106695e-01 +6.629471067e+01 +6.629471067e+01 -1.8307e-02 +4.4106e-01 -1.0945e-01
626 0 +6.194355719e-01 +6.622943557e+01 +6.622943557e+01 -2.6723e-03 +4.2542e-01 -7.0358e-02
656 0 +5.561698957e-01 +6.616616990e+01 +6.616616990e+01 +1.2963e-02 +4.0197e-01 -3.1270e-02
689 0 +4.979098982e-01 +6.610790990e+01 +6.610790990e+01 +2.8598e-02 +3.7852e-01 +7.8176e-03
737 0 +4.465122054e-01 +6.605651221e+01 +6.605651221e+01 +4.0324e-02 +3.5506e-01 +4.2997e-02
794 0 +3.956217568e-01 +6.600562176e+01 +6.600562176e+01 +5.2051e-02 +3.2770e-01 +8.2084e-02
844 0 +3.544034138e-01 +6.596440341e+01 +6.596440341e+01 +6.7686e-02 +3.0425e-01 +1.1335e-01
893 0 +3.154460531e-01 +6.592544605e+01 +6.592544605e+01 +7.9412e-02 +2.7689e-01 +1.4463e-01
938 0 +2.798657603e-01 +6.588986576e+01 +6.588986576e+01 +9.1139e-02 +2.4953e-01 +1.7590e-01
980 0 +2.494050304e-01 +6.585940503e+01 +6.585940503e+01 +1.0286e-01 +2.2217e-01 +2.0326e-01
1058 0 +2.237614664e-01 +6.583376147e+01 +6.583376147e+01 +1.1264e-01 +1.9676e-01 +2.2866e-01
1136 0 +1.993805807e-01 +6.580938058e+01 +6.580938058e+01 +1.2436e-01 +1.7135e-01 +2.5407e-01
1217 0 +1.777681280e-01 +6.578776813e+01 +6.578776813e+01 +1.3414e-01 +1.4399e-01 +2.7557e-01
1298 0 +1.581999433e-01 +6.576819994e+01 +6.576819994e+01 +1.4391e-01 +1.1858e-01 +2.9902e-01
1373 0 +1.409053119e-01 +6.575090531e+01 +6.575090531e+01 +1.5368e-01 +9.3175e-02 +3.1857e-01
1448 0 +1.254604255e-01 +6.573546043e+01 +6.573546043e+01 +1.6345e-01 +6.9723e-02 +3.3811e-01
1528 0 +1.120348072e-01 +6.572203481e+01 +6.572203481e+01 +1.7225e-01 +4.6270e-02 +3.5570e-01
1661 0 +9.982435084e-02 +6.570982435e+01 +6.570982435e+01 +1.8104e-01 +2.3795e-02 +3.7329e-01
1796 0 +8.910962644e-02 +6.569910963e+01 +6.569910963e+01 +1.8886e-01 +2.2962e-03 +3.8990e-01
1930 0 +7.937884011e-02 +6.568937884e+01 +6.568937884e+01 +1.9668e-01 -1.9202e-02 +4.0456e-01
2057 0 +7.043351154e-02 +6.568043351e+01 +6.568043351e+01 +2.0449e-01 -4.0700e-02 +4.1922e-01
2177 0 +6.303412199e-02 +6.567303412e+01 +6.567303412e+01 +2.1133e-01 -6.0244e-02 +4.3192e-01
2297 0 +5.615321755e-02 +6.566615322e+01 +6.566615322e+01 +2.1817e-01 -7.9788e-02 +4.4462e-01
2408 0 +4.999857806e-02 +6.565999858e+01 +6.565999858e+01 +2.2404e-01 -9.7378e-02 +4.5733e-01
2513 0 +4.457360327e-02 +6.565457360e+01 +6.565457360e+01 +2.3088e-01 -1.1497e-01 +4.6808e-01
2615 0 +3.969255721e-02 +6.564969256e+01 +6.564969256e+01 +2.3674e-01 -1.3158e-01 +4.7883e-01
2722 0 +3.545737631e-02 +6.564545738e+01 +6.564545738e+01 +2.4212e-01 -1.4721e-01 +4.8860e-01
2908 0 +3.156074124e-02 +6.564156074e+01 +6.564156074e+01 +2.4749e-01 -1.6236e-01 +4.9837e-01
3083 0 +2.814377785e-02 +6.563814378e+01 +6.563814378e+01 +2.5238e-01 -1.7702e-01 +5.0716e-01
3257 0 +2.507444539e-02 +6.563507445e+01 +6.563507445e+01 +2.5726e-01 -1.9119e-01 +5.1547e-01
3424 0 +2.229913348e-02 +6.563229913e+01 +6.563229913e+01 +2.6215e-01 -2.0438e-01 +5.2378e-01
3575 0 +1.987794990e-02 +6.562987795e+01 +6.562987795e+01 +2.6655e-01 -2.1708e-01 +5.3111e-01
3719 0 +1.777462024e-02 +6.562777462e+01 +6.562777462e+01 +2.7045e-01 -2.2881e-01 +5.3795e-01
3989 0 +1.582407694e-02 +6.562582408e+01 +6.562582408e+01 +2.7461e-01 -2.4054e-01 +5.4454e-01
4253 0 +1.410735111e-02 +6.562410735e+01 +6.562410735e+01 +2.7827e-01 -2.5129e-01 +5.5089e-01
4511 0 +1.256699201e-02 +6.562256699e+01 +6.562256699e+01 +2.8194e-01 -2.6179e-01 +5.5676e-01
4751 0 +1.120784709e-02 +6.562120785e+01 +6.562120785e+01 +2.8536e-01 -2.7156e-01 +5.6238e-01
4985 0 +9.987778221e-03 +6.561998778e+01 +6.561998778e+01 +2.8853e-01 -2.8109e-01 +5.6751e-01
5201 0 +8.905414006e-03 +6.561890541e+01 +6.561890541e+01 +2.9146e-01 -2.8989e-01 +5.7264e-01
5411 0 +7.928389525e-03 +6.561792839e+01 +6.561792839e+01 +2.9440e-01 -2.9844e-01 +5.7728e-01
5609 0 +7.074400585e-03 +6.561707440e+01 +6.561707440e+01 +2.9708e-01 -3.0650e-01 +5.8168e-01
5795 0 +6.298205202e-03 +6.561629821e+01 +6.561629821e+01 +2.9977e-01 -3.1407e-01 +5.8583e-01
6149 0 +5.613507214e-03 +6.561561351e+01 +6.561561351e+01 +3.0234e-01 -3.2128e-01 +5.8974e-01
6485 0 +5.005531514e-03 +6.561500553e+01 +6.561500553e+01 +3.0466e-01 -3.2812e-01 +5.9340e-01
6806 0 +4.461045804e-03 +6.561446105e+01 +6.561446105e+01 +3.0685e-01 -3.3459e-01 +5.9694e-01
7106 0 +3.980152104e-03 +6.561398015e+01 +6.561398015e+01 +3.0893e-01 -3.4070e-01 +6.0024e-01
7391 0 +3.547466279e-03 +6.561354747e+01 +6.561354747e+01 +3.1089e-01 -3.4656e-01 +6.0330e-01
7667 0 +3.157117289e-03 +6.561315712e+01 +6.561315712e+01 +3.1284e-01 -3.5218e-01 +6.0623e-01
7925 0 +2.814261448e-03 +6.561281426e+01 +6.561281426e+01 +3.1455e-01 -3.5743e-01 +6.0904e-01
8168 0 +2.510523543e-03 +6.561251052e+01 +6.561251052e+01 +3.1626e-01 -3.6232e-01 +6.1160e-01
8399 0 +2.236565882e-03 +6.561223657e+01 +6.561223657e+01 +3.1785e-01 -3.6708e-01 +6.1405e-01
8621 0 +1.992326771e-03 +6.561199233e+01 +6.561199233e+01 +3.1944e-01 -3.7160e-01 +6.1637e-01
8825 0 +1.776913539e-03 +6.561177691e+01 +6.561177691e+01 +3.2078e-01 -3.7576e-01 +6.1857e-01
9094 0 +1.583422735e-03 +6.561158342e+01 +6.561158342e+01 +3.2218e-01 -3.7967e-01 +6.2070e-01
9464 0 +1.412361711e-03 +6.561141236e+01 +6.561141236e+01 +3.2341e-01 -3.8345e-01 +6.2266e-01
9812 0 +1.258897636e-03 +6.561125890e+01 +6.561125890e+01 +3.2463e-01 -3.8699e-01 +6.2449e-01
10145 0 +1.120632630e-03 +6.561112063e+01 +6.561112063e+01 +3.2579e-01 -3.9041e-01 +6.2620e-01
10457 0 +9.988316123e-04 +6.561099883e+01 +6.561099883e+01 +3.2689e-01 -3.9359e-01 +6.2785e-01
10757 0 +8.904465690e-04 +6.561089045e+01 +6.561089045e+01 +3.2793e-01 -3.9664e-01 +6.2938e-01
11038 0 +7.935282424e-04 +6.561079353e+01 +6.561079353e+01 +3.2890e-01 -3.9945e-01 +6.3090e-01
11303 0 +7.071754995e-04 +6.561070718e+01 +6.561070718e+01 +3.2976e-01 -4.0220e-01 +6.3225e-01
11555 0 +6.302120737e-04 +6.561063021e+01 +6.561063021e+01 +3.3067e-01 -4.0477e-01 +6.3353e-01
11789 0 +5.609399309e-04 +6.561056094e+01 +6.561056094e+01 +3.3147e-01 -4.0715e-01 +6.3481e-01
12016 0 +5.003873691e-04 +6.561050039e+01 +6.561050039e+01 +3.3226e-01 -4.0941e-01 +6.3597e-01
12230 0 +4.466473903e-04 +6.561044665e+01 +6.561044665e+01 +3.3293e-01 -4.1161e-01 +6.3707e-01
12557 0 +3.977313691e-04 +6.561039773e+01 +6.561039773e+01 +3.3367e-01 -4.1359e-01 +6.3808e-01
12938 0 +3.544806049e-04 +6.561035448e+01 +6.561035448e+01 +3.3431e-01 -4.1552e-01 +6.3906e-01
13295 0 +3.158311638e-04 +6.561031583e+01 +6.561031583e+01 +3.3492e-01 -4.1735e-01 +6.3997e-01
13631 0 +2.815636770e-04 +6.561028156e+01 +6.561028156e+01 +3.3550e-01 -4.1906e-01 +6.4086e-01
13952 0 +2.510648650e-04 +6.561025106e+01 +6.561025106e+01 +3.3605e-01 -4.2068e-01 +6.4168e-01
14255 0 +2.234976962e-04 +6.561022350e+01 +6.561022350e+01 +3.3657e-01 -4.2223e-01 +6.4245e-01
14537 0 +1.993724346e-04 +6.561019937e+01 +6.561019937e+01 +3.3706e-01 -4.2367e-01 +6.4318e-01
14810 0 +1.777790322e-04 +6.561017778e+01 +6.561017778e+01 +3.3751e-01 -4.2504e-01 +6.4388e-01
15065 0 +1.580930212e-04 +6.561015809e+01 +6.561015809e+01 +3.3797e-01 -4.2636e-01 +6.4452e-01
15305 0 +1.410394709e-04 +6.561014104e+01 +6.561014104e+01 +3.3837e-01 -4.2758e-01 +6.4513e-01
15530 0 +1.258662137e-04 +6.561012587e+01 +6.561012587e+01 +3.3877e-01 -4.2871e-01 +6.4571e-01
15746 0 +1.121175387e-04 +6.561011212e+01 +6.561011212e+01 +3.3913e-01 -4.2981e-01 +6.4626e-01
16040 0 +9.999531740e-05 +6.561010000e+01 +6.561010000e+01 +3.3948e-01 -4.3083e-01 +6.4678e-01
16426 0 +8.912280309e-05 +6.561008912e+01 +6.561008912e+01 +3.3982e-01 -4.3181e-01 +6.4727e-01
16787 0 +7.934077918e-05 +6.561007934e+01 +6.561007934e+01 +3.4013e-01 -4.3274e-01 +6.4773e-01
17129 0 +7.069127453e-05 +6.561007069e+01 +6.561007069e+01 +3.4042e-01 -4.3361e-01 +6.4817e-01
17453 0 +6.300322708e-05 +6.561006300e+01 +6.561006300e+01 +3.4069e-01 -4.3443e-01 +6.4858e-01
17759 0 +5.617453502e-05 +6.561005617e+01 +6.561005617e+01 +3.4095e-01 -4.3521e-01 +6.4897e-01
18046 0 +5.011064965e-05 +6.561005011e+01 +6.561005011e+01 +3.4121e-01 -4.3593e-01 +6.4933e-01
18317 0 +4.457113111e-05 +6.561004457e+01 +6.561004457e+01 +3.4144e-01 -4.3663e-01 +6.4968e-01
18575 0 +3.976872424e-05 +6.561003977e+01 +6.561003977e+01 +3.4165e-01 -4.3729e-01 +6.5000e-01
18815 0 +3.544715265e-05 +6.561003545e+01 +6.561003545e+01 +3.4187e-01 -4.3790e-01 +6.5031e-01
19043 0 +3.160892398e-05 +6.561003161e+01 +6.561003161e+01 +3.4206e-01 -4.3848e-01 +6.5060e-01
19259 0 +2.817173518e-05 +6.561002817e+01 +6.561002817e+01 +3.4225e-01 -4.3903e-01 +6.5087e-01
19469 0 +2.509003068e-05 +6.561002509e+01 +6.561002509e+01 +3.4243e-01 -4.3956e-01 +6.5113e-01
19664 0 +2.237409223e-05 +6.561002237e+01 +6.561002237e+01 +3.4258e-01 -4.4005e-01 +6.5139e-01
19850 0 +1.982610799e-05 +6.561001983e+01 +6.561001983e+01 +3.4275e-01 -4.4053e-01 +6.5162e-01
20122 0 +1.776871079e-05 +6.561001777e+01 +6.561001777e+01 +3.4290e-01 -4.4094e-01 +6.5184e-01
20444 0 +1.583926337e-05 +6.561001584e+01 +6.561001584e+01 +3.4303e-01 -4.4135e-01 +6.5204e-01
20750 0 +1.412198780e-05 +6.561001412e+01 +6.561001412e+01 +3.4316e-01 -4.4174e-01 +6.5223e-01
21041 0 +1.257773592e-05 +6.561001258e+01 +6.561001258e+01 +3.4329e-01 -4.4211e-01 +6.5242e-01
21316 0 +1.121297909e-05 +6.561001121e+01 +6.561001121e+01 +3.4341e-01 -4.4246e-01 +6.5259e-01
21569 0 +9.998603673e-06 +6.561001000e+01 +6.561001000e+01 +3.4351e-01 -4.4279e-01 +6.5275e-01
21815 0 +8.908523867e-06 +6.561000891e+01 +6.561000891e+01 +3.4362e-01 -4.4310e-01 +6.5290e-01
22046 0 +7.939318664e-06 +6.561000794e+01 +6.561000794e+01 +3.4372e-01 -4.4339e-01 +6.5306e-01
22265 0 +7.063695392e-06 +6.561000706e+01 +6.561000706e+01 +3.4381e-01 -4.4367e-01 +6.5319e-01
22474 0 +6.293517714e-06 +6.561000629e+01 +6.561000629e+01 +3.4390e-01 -4.4393e-01 +6.5332e-01
22666 0 +5.616917377e-06 +6.561000562e+01 +6.561000562e+01 +3.4399e-01 -4.4418e-01 +6.5345e-01
22964 0 +5.010960038e-06 +6.561000501e+01 +6.561000501e+01 +3.4406e-01 -4.4441e-01 +6.5356e-01
23303 0 +4.465465636e-06 +6.561000447e+01 +6.561000447e+01 +3.4414e-01 -4.4463e-01 +6.5367e-01
23633 0 +3.978232513e-06 +6.561000398e+01 +6.561000398e+01 +3.4421e-01 -4.4484e-01 +6.5377e-01
23944 0 +3.544029866e-06 +6.561000354e+01 +6.561000354e+01 +3.4427e-01 -4.4503e-01 +6.5387e-01
24230 0 +3.161886809e-06 +6.561000316e+01 +6.561000316e+01 +3.4434e-01 -4.4521e-01 +6.5396e-01
24508 0 +2.817434208e-06 +6.561000282e+01 +6.561000282e+01 +3.4440e-01 -4.4539e-01 +6.5405e-01
24764 0 +2.511672037e-06 +6.561000251e+01 +6.561000251e+01 +3.4445e-01 -4.4555e-01 +6.5413e-01
25010 0 +2.237522963e-06 +6.561000224e+01 +6.561000224e+01 +3.4450e-01 -4.4571e-01 +6.5421e-01
25241 0 +1.994820309e-06 +6.561000199e+01 +6.561000199e+01 +3.4455e-01 -4.4586e-01 +6.5428e-01
25460 0 +1.776740120e-06 +6.561000178e+01 +6.561000178e+01 +3.4460e-01 -4.4600e-01 +6.5435e-01
25672 0 +1.579515526e-06 +6.561000158e+01 +6.561000158e+01 +3.4464e-01 -4.4613e-01 +6.5442e-01
25985 0 +1.412491059e-06 +6.561000141e+01 +6.561000141e+01 +3.4468e-01 -4.4625e-01 +6.5448e-01
26357 0 +1.256744284e-06 +6.561000126e+01 +6.561000126e+01 +3.4472e-01 -4.4637e-01 +6.5453e-01
26702 0 +1.121938737e-06 +6.561000112e+01 +6.561000112e+01 +3.4476e-01 -4.4648e-01 +6.5459e-01
27034 0 +9.986916041e-07 +6.561000100e+01 +6.561000100e+01 +3.4480e-01 -4.4658e-01 +6.5464e-01
27340 0 +8.911852376e-07 +6.561000089e+01 +6.561000089e+01 +3.4483e-01 -4.4668e-01 +6.5469e-01
27629 0 +7.941784332e-07 +6.561000079e+01 +6.561000079e+01 +3.4486e-01 -4.4677e-01 +6.5473e-01
27905 0 +7.072360972e-07 +6.561000071e+01 +6.561000071e+01 +3.4489e-01 -4.4686e-01 +6.5478e-01
28169 0 +6.291243011e-07 +6.561000063e+01 +6.561000063e+01 +3.4492e-01 -4.4695e-01 +6.5482e-01
28409 0 +5.621735681e-07 +6.561000056e+01 +6.561000056e+01 +3.4494e-01 -4.4702e-01 +6.5486e-01
28643 0 +5.008097048e-07 +6.561000050e+01 +6.561000050e+01 +3.4497e-01 -4.4710e-01 +6.5490e-01
28865 0 +4.460137575e-07 +6.561000045e+01 +6.561000045e+01 +3.4499e-01 -4.4717e-01 +6.5493e-01
29228 0 +3.979987468e-07 +6.561000040e+01 +6.561000040e+01 +3.4501e-01 -4.4723e-01 +6.5496e-01
29615 0 +3.546815606e-07 +6.561000035e+01 +6.561000035e+01 +3.4504e-01 -4.4729e-01 +6.5499e-01
29987 0 +3.157051509e-07 +6.561000032e+01 +6.561000032e+01 +3.4506e-01 -4.4735e-01 +6.5502e-01
30000 0 +3.147388981e-07 +6.561000031e+01 +6.561000031e+01 +3.4506e-01 -4.4735e-01 +6.5502e-01
% f evaluations | g evaluations | best noise-free fitness - Fopt (-1.304400000000e+02) + sum g_i+ | measured fitness | best measured fitness or single-digit g-values | x1 | x2...
1 0 +1.300000000e+01 -1.174400000e+02 -1.174400000e+02 +0.0000e+00 +0.0000e+00 +0.0000e+00
8 0 +8.814154838e+00 -1.216258452e+02 -1.216258452e+02 -1.2266e+00 -9.6753e-02 -3.5825e-01
533 0 +7.558566264e+00 -1.228814337e+02 -1.228814337e+02 -2.2595e-01 -5.0032e-01 -8.1413e-01
546 0 +2.210937465e+00 -1.282290625e+02 -1.282290625e+02 -2.2595e-01 -2.5016e-01 -8.1413e-01
556 0 +1.985333201e+00 -1.284546668e+02 -1.284546668e+02 -1.0086e-01 -2.5016e-01 -8.1413e-01
612 0 +1.764483229e+00 -1.286755168e+02 -1.286755168e+02 -5.3959e-02 -2.0326e-01 -7.6723e-01
634 0 +1.579405592e+00 -1.288605944e+02 -1.288605944e+02 +8.5821e-03 -1.7199e-01 -7.2032e-01
656 0 +1.408840843e+00 -1.290311592e+02 -1.290311592e+02 +5.5487e-02 -1.2508e-01 -6.7342e-01
674 0 +1.228883343e+00 -1.292111167e+02 -1.292111167e+02 +1.0239e-01 -7.8176e-02 -6.2651e-01
690 0 +1.116999119e+00 -1.293230009e+02 -1.293230009e+02 +1.3366e-01 -4.6905e-02 -5.9524e-01
708 0 +9.913616598e-01 -1.294486383e+02 -1.294486383e+02 +1.6493e-01 +4.8572e-17 -5.4834e-01
726 0 +8.823946851e-01 -1.295576053e+02 -1.295576053e+02 +1.8057e-01 +3.1270e-02 -5.0143e-01
744 0 +7.874349874e-01 -1.296525650e+02 -1.296525650e+02 +1.9620e-01 +6.2541e-02 -4.5453e-01
764 0 +7.007236949e-01 -1.297392763e+02 -1.297392763e+02 +1.9620e-01 +7.8176e-02 -3.9199e-01
780 0 +6.253734834e-01 -1.298146265e+02 -1.298146265e+02 +2.1184e-01 +1.0945e-01 -3.6072e-01
804 0 +5.620558426e-01 -1.298779442e+02 -1.298779442e+02 +2.1966e-01 +1.2508e-01 -3.2163e-01
838 0 +5.006483676e-01 -1.299393516e+02 -1.299393516e+02 +2.2747e-01 +1.4072e-01 -2.7472e-01
872 0 +4.439615243e-01 -1.299960385e+02 -1.299960385e+02 +2.2747e-01 +1.5635e-01 -2.2782e-01
908 0 +3.945140578e-01 -1.300454859e+02 -1.300454859e+02 +2.2747e-01 +1.7199e-01 -1.8091e-01
944 0 +3.498879911e-01 -1.300901120e+02 -1.300901120e+02 +2.2747e-01 +1.8762e-01 -1.3401e-01
974 0 +3.091312079e-01 -1.301308688e+02 -1.301308688e+02 +2.3529e-01 +2.0326e-01 -9.4918e-02
1004 0 +2.768784515e-01 -1.301631215e+02 -1.301631215e+02 +2.3529e-01 +2.1107e-01 -5.5830e-02
1034 0 +2.491048790e-01 -1.301908951e+02 -1.301908951e+02 +2.3529e-01 +2.1889e-01 -1.6743e-02
1064 0 +2.211894530e-01 -1.302188105e+02 -1.302188105e+02 +2.2747e-01 +2.2671e-01 +2.2345e-02
1094 0 +1.941856109e-01 -1.302458144e+02 -1.302458144e+02 +2.2747e-01 +2.3453e-01 +6.1433e-02
1124 0 +1.771848805e-01 -1.302628151e+02 -1.302628151e+02 +2.2747e-01 +2.3453e-01 +1.0052e-01
1148 0 +1.578889264e-01 -1.302821111e+02 -1.302821111e+02 +2.2747e-01 +2.4234e-01 +1.3179e-01
1178 0 +1.410087119e-01 -1.302989913e+02 -1.302989913e+02 +2.1966e-01 +2.4234e-01 +1.7088e-01
1196 0 +1.224273664e-01 -1.303175726e+02 -1.303175726e+02 +2.1966e-01 +2.5016e-01 +1.9433e-01
1226 0 +1.113970642e-01 -1.303286029e+02 -1.303286029e+02 +2.1575e-01 +2.5407e-01 +2.2169e-01
1274 0 +9.892562783e-02 -1.303410744e+02 -1.303410744e+02 +2.1575e-01 +2.5798e-01 +2.5296e-01
1310 0 +8.865970185e-02 -1.303513403e+02 -1.303513403e+02 +2.1184e-01 +2.5798e-01 +2.7642e-01
1358 0 +7.832407679e-02 -1.303616759e+02 -1.303616759e+02 +2.0793e-01 +2.5798e-01 +3.0769e-01
1394 0 +7.078873067e-02 -1.303692113e+02 -1.303692113e+02 +2.0793e-01 +2.6189e-01 +3.3114e-01
1430 0 +6.264424173e-02 -1.303773558e+02 -1.303773558e+02 +2.0402e-01 +2.6189e-01 +3.5459e-01
1472 0 +5.514485074e-02 -1.303848551e+02 -1.303848551e+02 +2.0011e-01 +2.6189e-01 +3.8195e-01
1517 0 +4.877819273e-02 -1.303912218e+02 -1.303912218e+02 +1.9620e-01 +2.6189e-01 +4.0932e-01
1538 0 +4.432909841e-02 -1.303956709e+02 -1.303956709e+02 +1.9620e-01 +2.6580e-01 +4.2495e-01
1574 0 +3.889945840e-02 -1.304011005e+02 -1.304011005e+02 +1.9229e-01 +2.6580e-01 +4.4840e-01
1604 0 +3.544613054e-02 -1.304045539e+02 -1.304045539e+02 +1.9229e-01 +2.6580e-01 +4.6795e-01
1652 0 +3.153845629e-02 -1.304084615e+02 -1.304084615e+02 +1.8839e-01 +2.6384e-01 +4.8163e-01
1706 0 +2.804108099e-02 -1.304119589e+02 -1.304119589e+02 +1.8643e-01 +2.6580e-01 +4.9922e-01
1760 0 +2.490400130e-02 -1.304150960e+02 -1.304150960e+02 +1.8448e-01 +2.6580e-01 +5.1681e-01
1808 0 +2.236685147e-02 -1.304176331e+02 -1.304176331e+02 +1.8252e-01 +2.6580e-01 +5.3244e-01
1863 0 +1.960943698e-02 -1.304203906e+02 -1.304203906e+02 +1.7861e-01 +2.6384e-01 +5.5003e-01
1904 0 +1.770219712e-02 -1.304222978e+02 -1.304222978e+02 +1.7861e-01 +2.6384e-01 +5.6371e-01
1940 0 +1.571228983e-02 -1.304242877e+02 -1.304242877e+02 +1.7666e-01 +2.6384e-01 +5.7544e-01
1976 0 +1.403455527e-02 -1.304259654e+02 -1.304259654e+02 +1.7471e-01 +2.6384e-01 +5.8716e-01
2042 0 +1.254904860e-02 -1.304274510e+02 -1.304274510e+02 +1.7275e-01 +2.6287e-01 +5.9987e-01
2114 0 +1.114056293e-02 -1.304288594e+02 -1.304288594e+02 +1.7080e-01 +2.6287e-01 +6.1159e-01
2180 0 +9.940074592e-03 -1.304300599e+02 -1.304300599e+02 +1.6982e-01 +2.6287e-01 +6.2234e-01
2249 0 +8.873086186e-03 -1.304311269e+02 -1.304311269e+02 +1.6787e-01 +2.6189e-01 +6.3309e-01
2306 0 +7.892183591e-03 -1.304321078e+02 -1.304321078e+02 +1.6689e-01 +2.6189e-01 +6.4287e-01
2373 0 +7.030882529e-03 -1.304329691e+02 -1.304329691e+02 +1.6493e-01 +2.6189e-01 +6.5361e-01
2420 0 +6.256394315e-03 -1.304337436e+02 -1.304337436e+02 +1.6396e-01 +2.6091e-01 +6.6143e-01
2468 0 +5.615461971e-03 -1.304343845e+02 -1.304343845e+02 +1.6298e-01 +2.6091e-01 +6.6925e-01
2541 0 +4.940803476e-03 -1.304350592e+02 -1.304350592e+02 +1.6151e-01 +2.6091e-01 +6.8000e-01
2603 0 +4.461527077e-03 -1.304355385e+02 -1.304355385e+02 +1.6054e-01 +2.5993e-01 +6.8488e-01
2696 0 +3.959315817e-03 -1.304360407e+02 -1.304360407e+02 +1.5956e-01 +2.5993e-01 +6.9270e-01
2774 0 +3.536791200e-03 -1.304364632e+02 -1.304364632e+02 +1.5858e-01 +2.5945e-01 +6.9905e-01
2852 0 +3.155533267e-03 -1.304368445e+02 -1.304368445e+02 +1.5760e-01 +2.5896e-01 +7.0541e-01
2930 0 +2.812580256e-03 -1.304371874e+02 -1.304371874e+02 +1.5663e-01 +2.5847e-01 +7.1176e-01
3002 0 +2.504381638e-03 -1.304374956e+02 -1.304374956e+02 +1.5565e-01 +2.5847e-01 +7.1762e-01
3074 0 +2.212018931e-03 -1.304377880e+02 -1.304377880e+02 +1.5467e-01 +2.5798e-01 +7.2348e-01
3140 0 +1.982237456e-03 -1.304380178e+02 -1.304380178e+02 +1.5418e-01 +2.5749e-01 +7.2886e-01
3195 0 +1.776446966e-03 -1.304382236e+02 -1.304382236e+02 +1.5321e-01 +2.5749e-01 +7.3326e-01
3266 0 +1.575990117e-03 -1.304384240e+02 -1.304384240e+02 +1.5272e-01 +2.5725e-01 +7.3765e-01
3375 0 +1.411139675e-03 -1.304385889e+02 -1.304385889e+02 +1.5199e-01 +2.5700e-01 +7.4205e-01
3476 0 +1.254286204e-03 -1.304387457e+02 -1.304387457e+02 +1.5150e-01 +2.5676e-01 +7.4620e-01
3575 0 +1.113679498e-03 -1.304388863e+02 -1.304388863e+02 +1.5076e-01 +2.5627e-01 +7.5011e-01
3662 0 +9.959754337e-04 -1.304390040e+02 -1.304390040e+02 +1.5028e-01 +2.5603e-01 +7.5378e-01
3746 0 +8.890888199e-04 -1.304391109e+02 -1.304391109e+02 +1.4979e-01 +2.5603e-01 +7.5720e-01
3824 0 +7.938401563e-04 -1.304392062e+02 -1.304392062e+02 +1.4930e-01 +2.5578e-01 +7.6037e-01
3902 0 +7.050101518e-04 -1.304392950e+02 -1.304392950e+02 +1.4881e-01 +2.5554e-01 +7.6355e-01
3974 0 +6.275703037e-04 -1.304393724e+02 -1.304393724e+02 +1.4832e-01 +2.5529e-01 +7.6648e-01
4052 0 +5.616750466e-04 -1.304394383e+02 -1.304394383e+02 +1.4795e-01 +2.5517e-01 +7.6929e-01
4178 0 +4.994084335e-04 -1.304395006e+02 -1.304395006e+02 +1.4747e-01 +2.5493e-01 +7.7185e-01
4304 0 +4.442868900e-04 -1.304395557e+02 -1.304395557e+02 +1.4710e-01 +2.5480e-01 +7.7442e-01
4418 0 +3.963071765e-04 -1.304396037e+02 -1.304396037e+02 +1.4673e-01 +2.5456e-01 +7.7674e-01
4526 0 +3.531943269e-04 -1.304396468e+02 -1.304396468e+02 +1.4637e-01 +2.5444e-01 +7.7894e-01
4634 0 +3.152427082e-04 -1.304396848e+02 -1.304396848e+02 +1.4612e-01 +2.5432e-01 +7.8114e-01
4730 0 +2.798724077e-04 -1.304397201e+02 -1.304397201e+02 +1.4576e-01 +2.5419e-01 +7.8309e-01
4820 0 +2.508563405e-04 -1.304397491e+02 -1.304397491e+02 +1.4551e-01 +2.5407e-01 +7.8492e-01
4913 0 +2.227351190e-04 -1.304397773e+02 -1.304397773e+02 +1.4515e-01 +2.5383e-01 +7.8676e-01
4994 0 +1.980910337e-04 -1.304398019e+02 -1.304398019e+02 +1.4490e-01 +2.5370e-01 +7.8847e-01
5072 0 +1.763487230e-04 -1.304398237e+02 -1.304398237e+02 +1.4466e-01 +2.5370e-01 +7.9006e-01
5180 0 +1.579378635e-04 -1.304398421e+02 -1.304398421e+02 +1.4447e-01 +2.5358e-01 +7.9140e-01
5318 0 +1.405693112e-04 -1.304398594e+02 -1.304398594e+02 +1.4423e-01 +2.5346e-01 +7.9280e-01
5450 0 +1.255021871e-04 -1.304398745e+02 -1.304398745e+02 +1.4405e-01 +2.5334e-01 +7.9415e-01
5570 0 +1.121021332e-04 -1.304398879e+02 -1.304398879e+02 +1.4386e-01 +2.5328e-01 +7.9537e-01
5696 0 +9.980945424e-05 -1.304399002e+02 -1.304399002e+02 +1.4368e-01 +2.5322e-01 +7.9665e-01
5798 0 +8.893786247e-05 -1.304399111e+02 -1.304399111e+02 +1.4350e-01 +2.5309e-01 +7.9769e-01
5900 0 +7.930499410e-05 -1.304399207e+02 -1.304399207e+02 +1.4331e-01 +2.5303e-01 +7.9873e-01
6009 0 +7.054555269e-05 -1.304399295e+02 -1.304399295e+02 +1.4313e-01 +2.5297e-01 +7.9983e-01
6098 0 +6.265664732e-05 -1.304399373e+02 -1.304399373e+02 +1.4301e-01 +2.5285e-01 +8.0074e-01
6188 0 +5.608311994e-05 -1.304399439e+02 -1.304399439e+02 +1.4289e-01 +2.5279e-01 +8.0166e-01
6267 0 +4.999059749e-05 -1.304399500e+02 -1.304399500e+02 +1.4270e-01 +2.5273e-01 +8.0245e-01
6351 0 +4.396035209e-05 -1.304399560e+02 -1.304399560e+02 +1.4258e-01 +2.5267e-01 +8.0331e-01
6435 0 +3.968486806e-05 -1.304399603e+02 -1.304399603e+02 +1.4249e-01 +2.5267e-01 +8.0410e-01
6548 0 +3.537677085e-05 -1.304399646e+02 -1.304399646e+02 +1.4240e-01 +2.5257e-01 +8.0468e-01
6680 0 +3.144467320e-05 -1.304399686e+02 -1.304399686e+02 +1.4227e-01 +2.5251e-01 +8.0535e-01
6800 0 +2.810831469e-05 -1.304399719e+02 -1.304399719e+02 +1.4218e-01 +2.5248e-01 +8.0597e-01
6920 0 +2.505877828e-05 -1.304399749e+02 -1.304399749e+02 +1.4209e-01 +2.5242e-01 +8.0658e-01
7028 0 +2.231993631e-05 -1.304399777e+02 -1.304399777e+02 +1.4200e-01 +2.5239e-01 +8.0713e-01
7136 0 +1.992394053e-05 -1.304399801e+02 -1.304399801e+02 +1.4191e-01 +2.5236e-01 +8.0768e-01
7244 0 +1.775376759e-05 -1.304399822e+02 -1.304399822e+02 +1.4185e-01 +2.5233e-01 +8.0822e-01
7331 0 +1.574225573e-05 -1.304399843e+02 -1.304399843e+02 +1.4176e-01 +2.5227e-01 +8.0865e-01
7412 0 +1.410162270e-05 -1.304399859e+02 -1.304399859e+02 +1.4169e-01 +2.5224e-01 +8.0908e-01
7496 0 +1.258277598e-05 -1.304399874e+02 -1.304399874e+02 +1.4163e-01 +2.5221e-01 +8.0951e-01
7580 0 +1.118584848e-05 -1.304399888e+02 -1.304399888e+02 +1.4157e-01 +2.5218e-01 +8.0994e-01
7677 0 +9.981307642e-06 -1.304399900e+02 -1.304399900e+02 +1.4150e-01 +2.5215e-01 +8.1029e-01
7820 0 +8.875721846e-06 -1.304399911e+02 -1.304399911e+02 +1.4145e-01 +2.5212e-01 +8.1065e-01
7952 0 +7.940476422e-06 -1.304399921e+02 -1.304399921e+02 +1.4140e-01 +2.5210e-01 +8.1099e-01
8073 0 +7.056126293e-06 -1.304399929e+02 -1.304399929e+02 +1.4134e-01 +2.5207e-01 +8.1129e-01
8192 0 +6.292156087e-06 -1.304399937e+02 -1.304399937e+02 +1.4130e-01 +2.5206e-01 +8.1160e-01
8303 0 +5.613170600e-06 -1.304399944e+02 -1.304399944e+02 +1.4125e-01 +2.5203e-01 +8.1187e-01
8409 0 +5.003666502e-06 -1.304399950e+02 -1.304399950e+02 +1.4121e-01 +2.5201e-01 +8.1215e-01
8510 0 +4.450864083e-06 -1.304399955e+02 -1.304399955e+02 +1.4118e-01 +2.5199e-01 +8.1241e-01
8609 0 +3.937072449e-06 -1.304399961e+02 -1.304399961e+02 +1.4113e-01 +2.5196e-01 +8.1265e-01
8690 0 +3.527800629e-06 -1.304399965e+02 -1.304399965e+02 +1.4110e-01 +2.5195e-01 +8.1287e-01
8774 0 +3.149144447e-06 -1.304399969e+02 -1.304399969e+02 +1.4107e-01 +2.5193e-01 +8.1308e-01
8852 0 +2.814142903e-06 -1.304399972e+02 -1.304399972e+02 +1.4104e-01 +2.5192e-01 +8.1328e-01
8930 0 +2.498945861e-06 -1.304399975e+02 -1.304399975e+02 +1.4101e-01 +2.5190e-01 +8.1348e-01
9014 0 +2.237098414e-06 -1.304399978e+02 -1.304399978e+02 +1.4098e-01 +2.5190e-01 +8.1364e-01
9152 0 +1.992007441e-06 -1.304399980e+02 -1.304399980e+02 +1.4095e-01 +2.5188e-01 +8.1381e-01
9275 0 +1.776339616e-06 -1.304399982e+02 -1.304399982e+02 +1.4092e-01 +2.5186e-01 +8.1397e-01
9392 0 +1.580095727e-06 -1.304399984e+02 -1.304399984e+02 +1.4090e-01 +2.5186e-01 +8.1412e-01
9506 0 +1.404891805e-06 -1.304399986e+02 -1.304399986e+02 +1.4088e-01 +2.5184e-01 +8.1426e-01
9614 0 +1.248821519e-06 -1.304399988e+02 -1.304399988e+02 +1.4085e-01 +2.5183e-01 +8.1440e-01
9710 0 +1.117731927e-06 -1.304399989e+02 -1.304399989e+02 +1.4084e-01 +2.5183e-01 +8.1452e-01
9809 0 +9.952236724e-07 -1.304399990e+02 -1.304399990e+02 +1.4082e-01 +2.5181e-01 +8.1465e-01
9896 0 +8.847210893e-07 -1.304399991e+02 -1.304399991e+02 +1.4080e-01 +2.5180e-01 +8.1476e-01
9980 0 +7.907258635e-07 -1.304399992e+02 -1.304399992e+02 +1.4079e-01 +2.5180e-01 +8.1487e-01
10058 0 +7.071899120e-07 -1.304399993e+02 -1.304399993e+02 +1.4077e-01 +2.5179e-01 +8.1497e-01
10136 0 +6.285976895e-07 -1.304399994e+02 -1.304399994e+02 +1.4076e-01 +2.5178e-01 +8.1507e-01
10202 0 +5.614929535e-07 -1.304399994e+02 -1.304399994e+02 +1.4074e-01 +2.5177e-01 +8.1515e-01
10274 0 +4.958291413e-07 -1.304399995e+02 -1.304399995e+02 +1.4072e-01 +2.5177e-01 +8.1524e-01
10341 0 +4.420844277e-07 -1.304399996e+02 -1.304399996e+02 +1.4071e-01 +2.5177e-01 +8.1532e-01
10442 0 +3.976488188e-07 -1.304399996e+02 -1.304399996e+02 +1.4070e-01 +2.5176e-01 +8.1538e-01
10562 0 +3.526933199e-07 -1.304399996e+02 -1.304399996e+02 +1.4069e-01 +2.5175e-01 +8.1546e-01
10664 0 +3.147164307e-07 -1.304399997e+02 -1.304399997e+02 +1.4068e-01 +2.5175e-01 +8.1552e-01
10760 0 +2.817152165e-07 -1.304399997e+02 -1.304399997e+02 +1.4067e-01 +2.5174e-01 +8.1558e-01
10862 0 +2.498826461e-07 -1.304399998e+02 -1.304399998e+02 +1.4066e-01 +2.5174e-01 +8.1565e-01
10952 0 +2.229969880e-07 -1.304399998e+02 -1.304399998e+02 +1.4065e-01 +2.5173e-01 +8.1571e-01
11042 0 +1.993747958e-07 -1.304399998e+02 -1.304399998e+02 +1.4064e-01 +2.5173e-01 +8.1576e-01
11127 0 +1.774837415e-07 -1.304399998e+02 -1.304399998e+02 +1.4064e-01 +2.5173e-01 +8.1581e-01
11253 0 +1.580575884e-07 -1.304399998e+02 -1.304399998e+02 +1.4063e-01 +2.5172e-01 +8.1585e-01
11390 0 +1.411343931e-07 -1.304399999e+02 -1.304399999e+02 +1.4062e-01 +2.5172e-01 +8.1590e-01
11528 0 +1.251719084e-07 -1.304399999e+02 -1.304399999e+02 +1.4061e-01 +2.5171e-01 +8.1594e-01
11654 0 +1.116874842e-07 -1.304399999e+02 -1.304399999e+02 +1.4061e-01 +2.5171e-01 +8.1598e-01
11768 0 +9.996406902e-08 -1.304399999e+02 -1.304399999e+02 +1.4060e-01 +2.5171e-01 +8.1602e-01
11882 0 +8.894949133e-08 -1.304399999e+02 -1.304399999e+02 +1.4060e-01 +2.5171e-01 +8.1605e-01
11990 0 +7.907087252e-08 -1.304399999e+02 -1.304399999e+02 +1.4059e-01 +2.5170e-01 +8.1609e-01
12092 0 +7.032878102e-08 -1.304399999e+02 -1.304399999e+02 +1.4059e-01 +2.5170e-01 +8.1612e-01
12182 0 +6.292077614e-08 -1.304399999e+02 -1.304399999e+02 +1.4058e-01 +2.5170e-01 +8.1615e-01
12278 0 +5.615433452e-08 -1.304399999e+02 -1.304399999e+02 +1.4058e-01 +2.5170e-01 +8.1618e-01
12365 0 +4.974441481e-08 -1.304400000e+02 -1.304400000e+02 +1.4057e-01 +2.5169e-01 +8.1621e-01
12440 0 +4.442352974e-08 -1.304400000e+02 -1.304400000e+02 +1.4057e-01 +2.5169e-01 +8.1623e-01
12518 0 +3.941138971e-08 -1.304400000e+02 -1.304400000e+02 +1.4056e-01 +2.5169e-01 +8.1626e-01
12591 0 +3.536752047e-08 -1.304400000e+02 -1.304400000e+02 +1.4056e-01 +2.5169e-01 +8.1628e-01
12722 0 +3.156725370e-08 -1.304400000e+02 -1.304400000e+02 +1.4056e-01 +2.5169e-01 +8.1630e-01
12842 0 +2.809602506e-08 -1.304400000e+02 -1.304400000e+02 +1.4056e-01 +2.5169e-01 +8.1632e-01
12962 0 +2.506394026e-08 -1.304400000e+02 -1.304400000e+02 +1.4055e-01 +2.5168e-01 +8.1634e-01
13076 0 +2.225178264e-08 -1.304400000e+02 -1.304400000e+02 +1.4055e-01 +2.5168e-01 +8.1635e-01
13184 0 +1.987018550e-08 -1.304400000e+02 -1.304400000e+02 +1.4055e-01 +2.5168e-01 +8.1637e-01
13286 0 +1.776339786e-08 -1.304400000e+02 -1.304400000e+02 +1.4054e-01 +2.5168e-01 +8.1639e-01
13376 0 +1.576634645e-08 -1.304400000e+02 -1.304400000e+02 +1.4054e-01 +2.5168e-01 +8.1640e-01
13466 0 +1.405550165e-08 -1.304400000e+02 -1.304400000e+02 +1.4054e-01 +2.5168e-01 +8.1642e-01
13550 0 +1.258825932e-08 -1.304400000e+02 -1.304400000e+02 +1.4054e-01 +2.5168e-01 +8.1643e-01
13635 0 +1.121964033e-08 -1.304400000e+02 -1.304400000e+02 +1.4054e-01 +2.5168e-01 +8.1644e-01
13713 0 +9.948678326e-09 -1.304400000e+02 -1.304400000e+02 +1.4053e-01 +2.5167e-01 +8.1646e-01
30000 0 +1.301714292e-11 -1.304400000e+02 -1.304400000e+02 +1.4050e-01 +2.5166e-01 +8.1665e-01
% f evaluations | g evaluations | best noise-free fitness - Fopt (4.949800000000e+02) + sum g_i+ | measured fitness | best measured fitness or single-digit g-values | x1 | x2...
1 0 +1.300000000e+01 +5.079800000e+02 +5.079800000e+02 +0.0000e+00 +0.0000e+00 +0.0000e+00
118 0 +3.603855607e+00 +4.985838556e+02 +4.985838556e+02 -4.4590e-01 +4.3666e-01 +2.1947e-01
247 0 +3.242495160e+00 +4.982224952e+02 +4.982224952e+02 +2.5654e+00 -3.0095e+00 -8.2490e-02
339 0 +3.065720316e+00 +4.980457203e+02 +4.980457203e+02 +1.8478e+00 -1.8937e+00 +1.1532e-01
362 0 +1.773251245e+00 +4.967532512e+02 +4.967532512e+02 +1.1656e+00 -7.7624e-01 +2.0457e-01
584 0 +1.067011743e+00 +4.960470117e+02 +4.960470117e+02 +2.3637e+00 -2.7274e+00 -3.1270e-02
609 0 +9.987304821e-01 +4.959787305e+02 +4.959787305e+02 +2.3598e+00 -2.7118e+00 -3.1270e-02
2580 0 +8.911565999e-01 +4.958711566e+02 +4.958711566e+02 +2.2650e+00 -2.5452e+00 -1.1238e-02
4587 0 +7.942801302e-01 +4.957742801e+02 +4.957742801e+02 +2.1692e+00 -2.3820e+00 +1.0261e-02
6426 0 +7.078839692e-01 +4.956878840e+02 +4.956878840e+02 +2.0808e+00 -2.2320e+00 +3.0293e-02
8112 0 +6.309130159e-01 +4.956109130e+02 +4.956109130e+02 +1.9977e+00 -2.0947e+00 +4.7883e-02
9660 0 +5.622946605e-01 +4.955422947e+02 +4.955422947e+02 +1.9205e+00 -1.9686e+00 +6.4495e-02
11085 0 +5.011333129e-01 +4.954811333e+02 +4.954811333e+02 +1.8482e+00 -1.8528e+00 +7.9153e-02
12393 0 +4.466289846e-01 +4.954266290e+02 +4.954266290e+02 +1.7808e+00 -1.7463e+00 +9.2834e-02
13599 0 +3.979159722e-01 +4.953779160e+02 +4.953779160e+02 +1.7178e+00 -1.6481e+00 +1.0505e-01
14703 0 +3.548021998e-01 +4.953348022e+02 +4.953348022e+02 +1.6591e+00 -1.5582e+00 +1.1629e-01
15726 0 +3.160727160e-01 +4.952960727e+02 +4.952960727e+02 +1.6039e+00 -1.4746e+00 +1.2655e-01
16668 0 +2.816378259e-01 +4.952616378e+02 +4.952616378e+02 +1.5521e+00 -1.3979e+00 +1.3534e-01
17538 0 +2.510648512e-01 +4.952310649e+02 +4.952310649e+02 +1.5043e+00 -1.3271e+00 +1.4414e-01
18339 0 +2.238394512e-01 +4.952038395e+02 +4.952038395e+02 +1.4588e+00 -1.2621e+00 +1.5147e-01
19080 0 +1.995052449e-01 +4.951795052e+02 +4.951795052e+02 +1.4168e+00 -1.2015e+00 +1.5879e-01
19770 0 +1.778224204e-01 +4.951578224e+02 +4.951578224e+02 +1.3772e+00 -1.1453e+00 +1.6515e-01
20409 0 +1.584002723e-01 +4.951384003e+02 +4.951384003e+02 +1.3396e+00 -1.0935e+00 +1.7101e-01
20997 0 +1.412510802e-01 +4.951212511e+02 +4.951212511e+02 +1.3049e+00 -1.0456e+00 +1.7638e-01
21546 0 +1.258212377e-01 +4.951058212e+02 +4.951058212e+02 +1.2722e+00 -1.0007e+00 +1.8127e-01
22053 0 +1.121898436e-01 +4.950921898e+02 +4.950921898e+02 +1.2414e+00 -9.5965e-01 +1.8567e-01
22524 0 +9.997830651e-02 +4.950799783e+02 +4.950799783e+02 +1.2126e+00 -9.2106e-01 +1.8958e-01
22965 0 +8.909920970e-02 +4.950690992e+02 +4.950690992e+02 +1.1852e+00 -8.8539e-01 +1.9348e-01
23646 0 +7.942357608e-02 +4.950594236e+02 +4.950594236e+02 +1.1600e+00 -8.5216e-01 +1.9691e-01
24408 0 +7.077211397e-02 +4.950507721e+02 +4.950507721e+02 +1.1361e+00 -8.2114e-01 +2.0008e-01
25116 0 +6.307638077e-02 +4.950430764e+02 +4.950430764e+02 +1.1136e+00 -7.9231e-01 +2.0301e-01
25779 0 +5.620572828e-02 +4.950362057e+02 +4.950362057e+02 +1.0924e+00 -7.6544e-01 +2.0570e-01
26394 0 +5.008394612e-02 +4.950300839e+02 +4.950300839e+02 +1.0726e+00 -7.4027e-01 +2.0814e-01
26967 0 +4.465480667e-02 +4.950246548e+02 +4.950246548e+02 +1.0538e+00 -7.1707e-01 +2.1034e-01
27504 0 +3.980184554e-02 +4.950198018e+02 +4.950198018e+02 +1.0364e+00 -6.9508e-01 +2.1254e-01
28002 0 +3.547547834e-02 +4.950154755e+02 +4.950154755e+02 +1.0198e+00 -6.7480e-01 +2.1449e-01
28473 0 +3.160678250e-02 +4.950116068e+02 +4.950116068e+02 +1.0042e+00 -6.5575e-01 +2.1620e-01
28908 0 +2.817165058e-02 +4.950081717e+02 +4.950081717e+02 +9.8953e-01 -6.3791e-01 +2.1767e-01
29316 0 +2.511694849e-02 +4.950051169e+02 +4.950051169e+02 +9.7584e-01 -6.2130e-01 +2.1938e-01
29703 0 +2.238551333e-02 +4.950023855e+02 +4.950023855e+02 +9.6265e-01 -6.0567e-01 +2.2085e-01
30000 0 +2.033443861e-02 +4.950003344e+02 +4.950003344e+02 +9.5264e-01 -5.9345e-01 +2.2182e-01
% f evaluations | g evaluations | best noise-free fitness - Fopt (4.685000000000e+01) + sum g_i+ | measured fitness | best measured fitness or single-digit g-values | x1 | x2...
1 0 +1.300000000e+01 +5.985000000e+01 +5.985000000e+01 +0.0000e+00 +0.0000e+00 +0.0000e+00
111 0 +5.505536489e+00 +5.235553649e+01 +5.235553649e+01 +3.0437e-01 +9.0031e-01 -1.1380e-01
475 0 +3.865355972e+00 +5.071535597e+01 +5.071535597e+01 -2.0238e-01 -1.1481e+00 +8.3591e-02
554 0 +6.819213330e-01 +4.753192133e+01 +4.753192133e+01 -3.3943e-02 -4.9705e-01 -1.2508e-01
557 0 +1.222765520e-01 +4.697227655e+01 +4.697227655e+01 -3.3943e-02 -6.2213e-01 -1.2508e-01
576 0 +5.858840227e-02 +4.690858840e+01 +4.690858840e+01 -3.3943e-02 -5.9086e-01 -1.2508e-01
589 0 +3.369757293e-02 +4.688369757e+01 +4.688369757e+01 -3.3943e-02 -5.9086e-01 -1.4072e-01
605 0 +2.817254285e-02 +4.687817254e+01 +4.687817254e+01 -3.3943e-02 -5.9086e-01 -1.3290e-01
617 0 +2.442995993e-02 +4.687442996e+01 +4.687442996e+01 -3.7851e-02 -5.9477e-01 -1.3290e-01
747 0 +2.237529393e-02 +4.687237529e+01 +4.687237529e+01 -4.1760e-02 -6.0503e-01 -1.2997e-01
909 0 +1.990804651e-02 +4.686990805e+01 +4.686990805e+01 -4.7623e-02 -6.1822e-01 -1.2459e-01
1061 0 +1.775695602e-02 +4.686775696e+01 +4.686775696e+01 -5.2998e-02 -6.3093e-01 -1.2020e-01
1209 0 +1.584001875e-02 +4.686584002e+01 +4.686584002e+01 -5.8372e-02 -6.4265e-01 -1.1531e-01
1358 0 +1.411403774e-02 +4.686411404e+01 +4.686411404e+01 -6.3014e-02 -6.5414e-01 -1.1116e-01
1619 0 +1.257635016e-02 +4.686257635e+01 +4.686257635e+01 -6.7900e-02 -6.6488e-01 -1.0700e-01
1868 0 +1.121640214e-02 +4.686121640e+01 +4.686121640e+01 -7.2298e-02 -6.7490e-01 -1.0285e-01
2105 0 +9.977259973e-03 +4.685997726e+01 +4.685997726e+01 -7.6695e-02 -6.8467e-01 -9.8941e-02
2327 0 +8.912377747e-03 +4.685891238e+01 +4.685891238e+01 -8.0604e-02 -6.9371e-01 -9.5277e-02
2543 0 +7.933342193e-03 +4.685793334e+01 +4.685793334e+01 -8.4512e-02 -7.0251e-01 -9.1856e-02
2744 0 +7.072054986e-03 +4.685707205e+01 +4.685707205e+01 -8.8177e-02 -7.1057e-01 -8.8436e-02
2933 0 +6.304096231e-03 +4.685630410e+01 +4.685630410e+01 -9.1597e-02 -7.1839e-01 -8.5260e-02
3143 0 +5.622432010e-03 +4.685562243e+01 +4.685562243e+01 -9.4895e-02 -7.2559e-01 -8.2207e-02
3485 0 +5.007301284e-03 +4.685500730e+01 +4.685500730e+01 -9.8071e-02 -7.3256e-01 -7.9275e-02
3809 0 +4.464432569e-03 +4.685446443e+01 +4.685446443e+01 -1.0100e-01 -7.3915e-01 -7.6588e-02
4115 0 +3.975160145e-03 +4.685397516e+01 +4.685397516e+01 -1.0381e-01 -7.4538e-01 -7.3900e-02
4403 0 +3.546709954e-03 +4.685354671e+01 +4.685354671e+01 -1.0638e-01 -7.5124e-01 -7.1457e-02
4677 0 +3.161999635e-03 +4.685316200e+01 +4.685316200e+01 -1.0894e-01 -7.5674e-01 -6.9014e-02
4937 0 +2.814370195e-03 +4.685281437e+01 +4.685281437e+01 -1.1126e-01 -7.6212e-01 -6.6816e-02
5181 0 +2.511865969e-03 +4.685251187e+01 +4.685251187e+01 -1.1358e-01 -7.6700e-01 -6.4617e-02
5415 0 +2.237516232e-03 +4.685223752e+01 +4.685223752e+01 -1.1566e-01 -7.7177e-01 -6.2663e-02
5627 0 +1.994199475e-03 +4.685199420e+01 +4.685199420e+01 -1.1762e-01 -7.7616e-01 -6.0708e-02
5841 0 +1.775268468e-03 +4.685177527e+01 +4.685177527e+01 -1.1957e-01 -7.8044e-01 -5.8876e-02
6029 0 +1.584868009e-03 +4.685158487e+01 +4.685158487e+01 -1.2128e-01 -7.8435e-01 -5.7166e-02
6374 0 +1.412217227e-03 +4.685141222e+01 +4.685141222e+01 -1.2299e-01 -7.8807e-01 -5.5456e-02
6725 0 +1.257808143e-03 +4.685125781e+01 +4.685125781e+01 -1.2458e-01 -7.9168e-01 -5.3929e-02
7055 0 +1.120786662e-03 +4.685112079e+01 +4.685112079e+01 -1.2610e-01 -7.9504e-01 -5.2463e-02
7367 0 +9.983591383e-04 +4.685099836e+01 +4.685099836e+01 -1.2757e-01 -7.9821e-01 -5.1059e-02
7659 0 +8.911455680e-04 +4.685089115e+01 +4.685089115e+01 -1.2891e-01 -8.0114e-01 -4.9715e-02
7941 0 +7.940270731e-04 +4.685079403e+01 +4.685079403e+01 -1.3020e-01 -8.0401e-01 -4.8493e-02
8201 0 +7.065980501e-04 +4.685070660e+01 +4.685070660e+01 -1.3142e-01 -8.0670e-01 -4.7272e-02
8447 0 +6.308329652e-04 +4.685063083e+01 +4.685063083e+01 -1.3252e-01 -8.0920e-01 -4.6173e-02
8690 0 +5.607412736e-04 +4.685056074e+01 +4.685056074e+01 -1.3362e-01 -8.1165e-01 -4.5073e-02
8907 0 +5.011588287e-04 +4.685050116e+01 +4.685050116e+01 -1.3465e-01 -8.1385e-01 -4.4096e-02
9117 0 +4.462597080e-04 +4.685044626e+01 +4.685044626e+01 -1.3563e-01 -8.1598e-01 -4.3119e-02
9315 0 +3.975865112e-04 +4.685039759e+01 +4.685039759e+01 -1.3655e-01 -8.1800e-01 -4.2203e-02
9545 0 +3.545691320e-04 +4.685035457e+01 +4.685035457e+01 -1.3737e-01 -8.1989e-01 -4.1378e-02
9899 0 +3.157380273e-04 +4.685031574e+01 +4.685031574e+01 -1.3820e-01 -8.2169e-01 -4.0554e-02
10233 0 +2.816985889e-04 +4.685028170e+01 +4.685028170e+01 -1.3896e-01 -8.2337e-01 -3.9790e-02
10551 0 +2.510700770e-04 +4.685025107e+01 +4.685025107e+01 -1.3969e-01 -8.2499e-01 -3.9088e-02
10844 0 +2.238510878e-04 +4.685022385e+01 +4.685022385e+01 -1.4037e-01 -8.2649e-01 -3.8385e-02
11129 0 +1.990465774e-04 +4.685019905e+01 +4.685019905e+01 -1.4104e-01 -8.2795e-01 -3.7744e-02
11393 0 +1.774596518e-04 +4.685017746e+01 +4.685017746e+01 -1.4165e-01 -8.2930e-01 -3.7133e-02
11645 0 +1.580408864e-04 +4.685015804e+01 +4.685015804e+01 -1.4223e-01 -8.3058e-01 -3.6553e-02
11879 0 +1.411659591e-04 +4.685014117e+01 +4.685014117e+01 -1.4275e-01 -8.3177e-01 -3.6004e-02
12104 0 +1.258427573e-04 +4.685012584e+01 +4.685012584e+01 -1.4327e-01 -8.3290e-01 -3.5484e-02
12317 0 +1.120208044e-04 +4.685011202e+01 +4.685011202e+01 -1.4376e-01 -8.3400e-01 -3.4996e-02
12515 0 +9.991568108e-05 +4.685009992e+01 +4.685009992e+01 -1.4421e-01 -8.3501e-01 -3.4538e-02
12705 0 +8.896736392e-05 +4.685008897e+01 +4.685008897e+01 -1.4467e-01 -8.3596e-01 -3.4110e-02
12881 0 +7.935618795e-05 +4.685007936e+01 +4.685007936e+01 -1.4507e-01 -8.3687e-01 -3.3713e-02
13049 0 +7.061325631e-05 +4.685007061e+01 +4.685007061e+01 -1.4547e-01 -8.3773e-01 -3.3316e-02
13205 0 +6.301780775e-05 +4.685006302e+01 +4.685006302e+01 -1.4583e-01 -8.3852e-01 -3.2950e-02
13358 0 +5.616223019e-05 +4.685005616e+01 +4.685005616e+01 -1.4617e-01 -8.3928e-01 -3.2583e-02
13499 0 +5.002200653e-05 +4.685005002e+01 +4.685005002e+01 -1.4650e-01 -8.4002e-01 -3.2278e-02
13737 0 +4.460864106e-05 +4.685004461e+01 +4.685004461e+01 -1.4681e-01 -8.4067e-01 -3.1957e-02
13989 0 +3.976256268e-05 +4.685003976e+01 +4.685003976e+01 -1.4710e-01 -8.4131e-01 -3.1667e-02
14225 0 +3.541616938e-05 +4.685003542e+01 +4.685003542e+01 -1.4737e-01 -8.4193e-01 -3.1392e-02
14447 0 +3.160397119e-05 +4.685003160e+01 +4.685003160e+01 -1.4763e-01 -8.4249e-01 -3.1133e-02
14663 0 +2.814128847e-05 +4.685002814e+01 +4.685002814e+01 -1.4788e-01 -8.4304e-01 -3.0889e-02
14864 0 +2.509756143e-05 +4.685002510e+01 +4.685002510e+01 -1.4811e-01 -8.4354e-01 -3.0644e-02
15057 0 +2.233256878e-05 +4.685002233e+01 +4.685002233e+01 -1.4834e-01 -8.4403e-01 -3.0431e-02
15230 0 +1.994825497e-05 +4.685001995e+01 +4.685001995e+01 -1.4853e-01 -8.4448e-01 -3.0217e-02
15449 0 +1.774768787e-05 +4.685001775e+01 +4.685001775e+01 -1.4873e-01 -8.4491e-01 -3.0026e-02
15767 0 +1.582453896e-05 +4.685001582e+01 +4.685001582e+01 -1.4892e-01 -8.4531e-01 -2.9843e-02
16067 0 +1.411675991e-05 +4.685001412e+01 +4.685001412e+01 -1.4908e-01 -8.4570e-01 -2.9667e-02
16352 0 +1.257616377e-05 +4.685001258e+01 +4.685001258e+01 -1.4925e-01 -8.4606e-01 -2.9499e-02
16622 0 +1.120998788e-05 +4.685001121e+01 +4.685001121e+01 -1.4940e-01 -8.4640e-01 -2.9346e-02
16877 0 +9.999436941e-06 +4.685001000e+01 +4.685001000e+01 -1.4955e-01 -8.4673e-01 -2.9201e-02
17297 0 +8.910845160e-06 +4.685000891e+01 +4.685000891e+01 -1.4969e-01 -8.4702e-01 -2.9060e-02
17750 0 +7.943189814e-06 +4.685000794e+01 +4.685000794e+01 -1.4982e-01 -8.4731e-01 -2.8927e-02
18179 0 +7.076322085e-06 +4.685000708e+01 +4.685000708e+01 -1.4994e-01 -8.4758e-01 -2.8804e-02
18581 0 +6.302098058e-06 +4.685000630e+01 +4.685000630e+01 -1.5006e-01 -8.4784e-01 -2.8686e-02
18959 0 +5.618543199e-06 +4.685000562e+01 +4.685000562e+01 -1.5017e-01 -8.4808e-01 -2.8575e-02
19319 0 +5.008759167e-06 +4.685000501e+01 +4.685000501e+01 -1.5027e-01 -8.4831e-01 -2.8472e-02
19661 0 +4.460131706e-06 +4.685000446e+01 +4.685000446e+01 -1.5037e-01 -8.4853e-01 -2.8373e-02
19979 0 +3.980818647e-06 +4.685000398e+01 +4.685000398e+01 -1.5047e-01 -8.4873e-01 -2.8281e-02
20279 0 +3.542569630e-06 +4.685000354e+01 +4.685000354e+01 -1.5055e-01 -8.4892e-01 -2.8190e-02
20565 0 +3.161814952e-06 +4.685000316e+01 +4.685000316e+01 -1.5064e-01 -8.4910e-01 -2.8106e-02
20831 0 +2.817225187e-06 +4.685000282e+01 +4.685000282e+01 -1.5071e-01 -8.4927e-01 -2.8030e-02
21089 0 +2.511234250e-06 +4.685000251e+01 +4.685000251e+01 -1.5079e-01 -8.4943e-01 -2.7957e-02
21329 0 +2.235201087e-06 +4.685000224e+01 +4.685000224e+01 -1.5085e-01 -8.4959e-01 -2.7884e-02
21557 0 +1.994320542e-06 +4.685000199e+01 +4.685000199e+01 -1.5092e-01 -8.4973e-01 -2.7820e-02
21953 0 +1.777768510e-06 +4.685000178e+01 +4.685000178e+01 -1.5098e-01 -8.4986e-01 -2.7757e-02
22361 0 +1.582743174e-06 +4.685000158e+01 +4.685000158e+01 -1.5104e-01 -8.4999e-01 -2.7697e-02
22739 0 +1.412483485e-06 +4.685000141e+01 +4.685000141e+01 -1.5110e-01 -8.5011e-01 -2.7642e-02
23103 0 +1.257612873e-06 +4.685000126e+01 +4.685000126e+01 -1.5115e-01 -8.5023e-01 -2.7589e-02
23441 0 +1.120013543e-06 +4.685000112e+01 +4.685000112e+01 -1.5120e-01 -8.5034e-01 -2.7539e-02
23759 0 +9.995183561e-07 +4.685000100e+01 +4.685000100e+01 -1.5124e-01 -8.5044e-01 -2.7493e-02
24065 0 +8.904565263e-07 +4.685000089e+01 +4.685000089e+01 -1.5129e-01 -8.5053e-01 -2.7449e-02
24353 0 +7.940885141e-07 +4.685000079e+01 +4.685000079e+01 -1.5133e-01 -8.5063e-01 -2.7407e-02
24621 0 +7.073436876e-07 +4.685000071e+01 +4.685000071e+01 -1.5137e-01 -8.5071e-01 -2.7367e-02
24875 0 +6.307120231e-07 +4.685000063e+01 +4.685000063e+01 -1.5140e-01 -8.5079e-01 -2.7331e-02
25115 0 +5.622846047e-07 +4.685000056e+01 +4.685000056e+01 -1.5144e-01 -8.5087e-01 -2.7295e-02
25343 0 +5.004453172e-07 +4.685000050e+01 +4.685000050e+01 -1.5147e-01 -8.5094e-01 -2.7262e-02
25562 0 +4.453242468e-07 +4.685000045e+01 +4.685000045e+01 -1.5150e-01 -8.5101e-01 -2.7230e-02
25853 0 +3.979306413e-07 +4.685000040e+01 +4.685000040e+01 -1.5153e-01 -8.5107e-01 -2.7201e-02
26235 0 +3.546147056e-07 +4.685000035e+01 +4.685000035e+01 -1.5156e-01 -8.5113e-01 -2.7173e-02
26591 0 +3.161831543e-07 +4.685000032e+01 +4.685000032e+01 -1.5159e-01 -8.5119e-01 -2.7147e-02
26937 0 +2.817496068e-07 +4.685000028e+01 +4.685000028e+01 -1.5161e-01 -8.5124e-01 -2.7122e-02
27260 0 +2.508355266e-07 +4.685000025e+01 +4.685000025e+01 -1.5163e-01 -8.5130e-01 -2.7098e-02
27561 0 +2.237974428e-07 +4.685000022e+01 +4.685000022e+01 -1.5166e-01 -8.5134e-01 -2.7076e-02
27845 0 +1.993549930e-07 +4.685000020e+01 +4.685000020e+01 -1.5168e-01 -8.5139e-01 -2.7055e-02
28115 0 +1.777758314e-07 +4.685000018e+01 +4.685000018e+01 -1.5170e-01 -8.5143e-01 -2.7035e-02
28377 0 +1.583513551e-07 +4.685000016e+01 +4.685000016e+01 -1.5172e-01 -8.5147e-01 -2.7017e-02
28616 0 +1.410338584e-07 +4.685000014e+01 +4.685000014e+01 -1.5173e-01 -8.5151e-01 -2.6999e-02
28943 0 +1.258897555e-07 +4.685000013e+01 +4.685000013e+01 -1.5175e-01 -8.5155e-01 -2.6983e-02
29375 0 +1.121328097e-07 +4.685000011e+01 +4.685000011e+01 -1.5176e-01 -8.5158e-01 -2.6967e-02
29783 0 +9.990505845e-08 +4.685000010e+01 +4.685000010e+01 -1.5178e-01 -8.5161e-01 -2.6952e-02
30000 0 +9.378725707e-08 +4.685000009e+01 +4.685000009e+01 -1.5179e-01 -8.5163e-01 -2.6944e-02
% f evaluations | g evaluations | best noise-free fitness - Fopt (1.046400000000e+02) + sum g_i+ | measured fitness | best measured fitness or single-digit g-values | x1 | x2...
1 0 +1.300000000e+01 +1.176400000e+02 +1.176400000e+02 +0.0000e+00 +0.0000e+00 +0.0000e+00
540 0 +8.916530284e+00 +1.135565303e+02 +1.135565303e+02 -1.1156e+00 -1.9539e+00 +0.0000e+00
550 0 +8.153242130e+00 +1.127932421e+02 +1.127932421e+02 -9.9049e-01 -1.9539e+00 +0.0000e+00
561 0 +5.126960757e+00 +1.097669608e+02 +1.097669608e+02 -1.0530e+00 -1.9539e+00 +0.0000e+00
576 0 +4.822663067e+00 +1.094626631e+02 +1.094626631e+02 -1.0530e+00 -1.9852e+00 +0.0000e+00
1914 0 +4.466039031e+00 +1.091060390e+02 +1.091060390e+02 -9.7681e-01 -1.7477e+00 -2.0912e-01
4578 0 +3.981007933e+00 +1.086210079e+02 +1.086210079e+02 -8.4489e-01 -1.3139e+00 -5.2671e-01
7152 0 +3.548124151e+00 +1.081881242e+02 +1.081881242e+02 -7.4130e-01 -8.9464e-01 -7.6710e-01
9636 0 +3.161923933e+00 +1.078019239e+02 +1.078019239e+02 -6.6704e-01 -4.9008e-01 -9.0879e-01
11850 0 +2.817556919e+00 +1.074575569e+02 +1.074575569e+02 -6.1524e-01 -1.2950e-01 -9.2247e-01
13392 0 +2.511159447e+00 +1.071511594e+02 +1.071511594e+02 -5.6248e-01 +1.2164e-01 -8.3648e-01
14250 0 +2.236715279e+00 +1.068767153e+02 +1.068767153e+02 -4.9309e-01 +2.6138e-01 -7.3485e-01
14716 0 +1.995101360e+00 +1.066351014e+02 +1.066351014e+02 -4.2176e-01 +3.3663e-01 -6.5961e-01
15106 0 +1.775644742e+00 +1.064156447e+02 +1.064156447e+02 -3.5824e-01 +3.9135e-01 -5.9609e-01
15532 0 +1.583908194e+00 +1.062239082e+02 +1.062239082e+02 -2.8886e-01 +4.1187e-01 -5.4723e-01
15934 0 +1.411211102e+00 +1.060512111e+02 +1.060512111e+02 -2.2339e-01 +4.2067e-01 -5.0423e-01
16306 0 +1.256890233e+00 +1.058968902e+02 +1.058968902e+02 -1.6280e-01 +4.2067e-01 -4.6515e-01
16642 0 +1.121137075e+00 +1.057611371e+02 +1.057611371e+02 -1.0808e-01 +4.1383e-01 -4.2801e-01
16954 0 +9.979150477e-01 +1.056379150e+02 +1.056379150e+02 -5.7265e-02 +4.0210e-01 -3.9186e-01
17230 0 +8.911492635e-01 +1.055311493e+02 +1.055311493e+02 -1.2314e-02 +3.8842e-01 -3.5765e-01
17488 0 +7.928062257e-01 +1.054328062e+02 +1.054328062e+02 +2.9705e-02 +3.6985e-01 -3.2247e-01
17716 0 +7.076131178e-01 +1.053476131e+02 +1.053476131e+02 +6.6839e-02 +3.5129e-01 -2.8925e-01
17926 0 +6.302952186e-01 +1.052702952e+02 +1.052702952e+02 +1.0104e-01 +3.3076e-01 -2.5505e-01
18118 0 +5.621361967e-01 +1.052021362e+02 +1.052021362e+02 +1.3231e-01 +3.1024e-01 -2.2378e-01
18308 0 +5.009038834e-01 +1.051409039e+02 +1.051409039e+02 +1.6260e-01 +2.8874e-01 -1.9251e-01
18512 0 +4.463100386e-01 +1.050863100e+02 +1.050863100e+02 +1.8899e-01 +2.6627e-01 -1.5928e-01
18716 0 +3.973770142e-01 +1.050373770e+02 +1.050373770e+02 +2.1146e-01 +2.4282e-01 -1.2606e-01
18914 0 +3.542532052e-01 +1.049942532e+02 +1.049942532e+02 +2.3101e-01 +2.1936e-01 -9.3811e-02
19106 0 +3.159249124e-01 +1.049559249e+02 +1.049559249e+02 +2.4957e-01 +1.9591e-01 -6.2541e-02
19298 0 +2.813695669e-01 +1.049213696e+02 +1.049213696e+02 +2.6619e-01 +1.7344e-01 -3.1270e-02
19484 0 +2.506980388e-01 +1.048906980e+02 +1.048906980e+02 +2.8084e-01 +1.5096e-01 -9.7720e-04
19664 0 +2.232827978e-01 +1.048632828e+02 +1.048632828e+02 +2.9453e-01 +1.2848e-01 +2.8339e-02
19838 0 +1.994361297e-01 +1.048394361e+02 +1.048394361e+02 +3.0625e-01 +1.0796e-01 +5.6677e-02
20009 0 +1.776594260e-01 +1.048176594e+02 +1.048176594e+02 +3.1798e-01 +8.6465e-02 +8.4039e-02
20174 0 +1.579042900e-01 +1.047979043e+02 +1.047979043e+02 +3.2775e-01 +6.5944e-02 +1.1140e-01
20330 0 +1.412187542e-01 +1.047812188e+02 +1.047812188e+02 +3.3654e-01 +4.7377e-02 +1.3681e-01
20486 0 +1.255534318e-01 +1.047655534e+02 +1.047655534e+02 +3.4436e-01 +2.7833e-02 +1.6221e-01
20630 0 +1.121817781e-01 +1.047521818e+02 +1.047521818e+02 +3.5218e-01 +1.0244e-02 +1.8567e-01
20774 0 +9.992596307e-02 +1.047399260e+02 +1.047399260e+02 +3.5902e-01 -7.3457e-03 +2.0912e-01
20909 0 +8.908350395e-02 +1.047290835e+02 +1.047290835e+02 +3.6488e-01 -2.4935e-02 +2.3062e-01
21038 0 +7.933306800e-02 +1.047193331e+02 +1.047193331e+02 +3.7075e-01 -4.0570e-02 +2.5212e-01
21191 0 +7.078976095e-02 +1.047107898e+02 +1.047107898e+02 +3.7563e-01 -5.6206e-02 +2.7215e-01
21434 0 +6.300057362e-02 +1.047030006e+02 +1.047030006e+02 +3.8052e-01 -7.0863e-02 +2.9218e-01
21662 0 +5.618493818e-02 +1.046961849e+02 +1.046961849e+02 +3.8443e-01 -8.5033e-02 +3.1075e-01
21878 0 +5.008048200e-02 +1.046900805e+02 +1.046900805e+02 +3.8834e-01 -9.8714e-02 +3.2834e-01
22091 0 +4.461412301e-02 +1.046846141e+02 +1.046846141e+02 +3.9176e-01 -1.1191e-01 +3.4544e-01
22289 0 +3.980459953e-02 +1.046798046e+02 +1.046798046e+02 +3.9518e-01 -1.2412e-01 +3.6156e-01
22481 0 +3.544820587e-02 +1.046754482e+02 +1.046754482e+02 +3.9811e-01 -1.3585e-01 +3.7720e-01
22664 0 +3.154624214e-02 +1.046715462e+02 +1.046715462e+02 +4.0055e-01 -1.4708e-01 +3.9234e-01
22835 0 +2.816937687e-02 +1.046681694e+02 +1.046681694e+02 +4.0299e-01 -1.5783e-01 +4.0603e-01
23003 0 +2.505120641e-02 +1.046650512e+02 +1.046650512e+02 +4.0544e-01 -1.6809e-01 +4.1971e-01
23300 0 +2.234132061e-02 +1.046623413e+02 +1.046623413e+02 +4.0739e-01 -1.7762e-01 +4.3241e-01
23594 0 +1.995006231e-02 +1.046599501e+02 +1.046599501e+02 +4.0910e-01 -1.8666e-01 +4.4438e-01
23882 0 +1.775888879e-02 +1.046577589e+02 +1.046577589e+02 +4.1106e-01 -1.9546e-01 +4.5611e-01
24149 0 +1.584848547e-02 +1.046558485e+02 +1.046558485e+02 +4.1252e-01 -2.0376e-01 +4.6686e-01
24404 0 +1.412198849e-02 +1.046541220e+02 +1.046541220e+02 +4.1399e-01 -2.1158e-01 +4.7736e-01
24650 0 +1.257101529e-02 +1.046525710e+02 +1.046525710e+02 +4.1521e-01 -2.1915e-01 +4.8738e-01
24878 0 +1.121292317e-02 +1.046512129e+02 +1.046512129e+02 +4.1643e-01 -2.2624e-01 +4.9666e-01
25103 0 +9.976243520e-03 +1.046499762e+02 +1.046499762e+02 +4.1765e-01 -2.3308e-01 +5.0570e-01
25349 0 +8.908126880e-03 +1.046489081e+02 +1.046489081e+02 +4.1863e-01 -2.3943e-01 +5.1401e-01
25742 0 +7.937757950e-03 +1.046479378e+02 +1.046479378e+02 +4.1961e-01 -2.4542e-01 +5.2207e-01
26114 0 +7.077363471e-03 +1.046470774e+02 +1.046470774e+02 +4.2046e-01 -2.5116e-01 +5.2964e-01
26471 0 +6.307233858e-03 +1.046463072e+02 +1.046463072e+02 +4.2132e-01 -2.5665e-01 +5.3685e-01
26807 0 +5.620957367e-03 +1.046456210e+02 +1.046456210e+02 +4.2205e-01 -2.6178e-01 +5.4369e-01
27125 0 +5.010015582e-03 +1.046450100e+02 +1.046450100e+02 +4.2278e-01 -2.6667e-01 +5.5016e-01
27428 0 +4.458790747e-03 +1.046444588e+02 +1.046444588e+02 +4.2339e-01 -2.7131e-01 +5.5639e-01
27713 0 +3.977425952e-03 +1.046439774e+02 +1.046439774e+02 +4.2400e-01 -2.7571e-01 +5.6213e-01
27983 0 +3.546237347e-03 +1.046435462e+02 +1.046435462e+02 +4.2461e-01 -2.7986e-01 +5.6763e-01
28241 0 +3.156699151e-03 +1.046431567e+02 +1.046431567e+02 +4.2510e-01 -2.8377e-01 +5.7288e-01
28478 0 +2.816653814e-03 +1.046428167e+02 +1.046428167e+02 +4.2559e-01 -2.8743e-01 +5.7777e-01
28712 0 +2.506616074e-03 +1.046425066e+02 +1.046425066e+02 +4.2608e-01 -2.9098e-01 +5.8253e-01
29090 0 +2.236485309e-03 +1.046422365e+02 +1.046422365e+02 +4.2645e-01 -2.9428e-01 +5.8687e-01
29498 0 +1.995054463e-03 +1.046419951e+02 +1.046419951e+02 +4.2681e-01 -2.9739e-01 +5.9102e-01
29888 0 +1.777009339e-03 +1.046417770e+02 +1.046417770e+02 +4.2718e-01 -3.0038e-01 +5.9499e-01
30000 0 +1.718457600e-03 +1.046417185e+02 +1.046417185e+02 +4.2730e-01 -3.0124e-01 +5.9609e-01
% f evaluations | g evaluations | best noise-free fitness - Fopt (1.965900000000e+02) + sum g_i+ | measured fitness | best measured fitness or single-digit g-values | x1 | x2...
1 0 +1.300000000e+01 +2.095900000e+02 +2.095900000e+02 +0.0000e+00 +0.0000e+00 +0.0000e+00
109 0 +3.014579357e+00 +1.996045794e+02 +1.996045794e+02 -1.3057e-01 +4.0184e-01 -1.0449e+00
541 0 +1.487955633e+00 +1.980779556e+02 +1.980779556e+02 +1.3899e+00 +6.1524e-01 +1.6897e+00
549 0 +1.083016440e+00 +1.976730164e+02 +1.976730164e+02 +1.3274e+00 +6.1524e-01 +1.6897e+00
562 0 +4.196989314e-01 +1.970096989e+02 +1.970096989e+02 +1.3587e+00 +6.1524e-01 +1.6897e+00
579 0 +3.847314007e-01 +1.969747314e+02 +1.969747314e+02 +1.3430e+00 +5.9961e-01 +1.6897e+00
593 0 +3.478291043e-01 +1.969378291e+02 +1.969378291e+02 +1.3430e+00 +5.9179e-01 +1.6741e+00
1075 0 +3.162088596e-01 +1.969062089e+02 +1.969062089e+02 +1.3167e+00 +5.6687e-01 +1.6457e+00
2471 0 +2.818232839e-01 +1.968718233e+02 +1.968718233e+02 +1.2673e+00 +5.1875e-01 +1.5839e+00
3893 0 +2.511855382e-01 +1.968411855e+02 +1.968411855e+02 +1.2214e+00 +4.7428e-01 +1.5260e+00
5215 0 +2.237907002e-01 +1.968137907e+02 +1.968137907e+02 +1.1786e+00 +4.3373e-01 +1.4720e+00
6445 0 +1.994355322e-01 +1.967894355e+02 +1.967894355e+02 +1.1386e+00 +3.9635e-01 +1.4220e+00
7589 0 +1.778072289e-01 +1.967678072e+02 +1.967678072e+02 +1.1012e+00 +3.6215e-01 +1.3755e+00
8653 0 +1.584634650e-01 +1.967484635e+02 +1.967484635e+02 +1.0663e+00 +3.3064e-01 +1.3320e+00
9647 0 +1.412355725e-01 +1.967312356e+02 +1.967312356e+02 +1.0333e+00 +3.0132e-01 +1.2917e+00
10573 0 +1.258464889e-01 +1.967158465e+02 +1.967158465e+02 +1.0027e+00 +2.7445e-01 +1.2539e+00
11437 0 +1.121384369e-01 +1.967021384e+02 +1.967021384e+02 +9.7391e-01 +2.4953e-01 +1.2187e+00
12241 0 +9.997226300e-02 +1.966899723e+02 +1.966899723e+02 +9.4703e-01 +2.2681e-01 +1.1860e+00
12993 0 +8.912105517e-02 +1.966791211e+02 +1.966791211e+02 +9.2163e-01 +2.0555e-01 +1.1554e+00
13699 0 +7.942182547e-02 +1.966694218e+02 +1.966694218e+02 +8.9817e-01 +1.8601e-01 +1.1266e+00
14359 0 +7.078339424e-02 +1.966607834e+02 +1.966607834e+02 +8.7594e-01 +1.6793e-01 +1.0997e+00
14973 0 +6.306755440e-02 +1.966530676e+02 +1.966530676e+02 +8.5493e-01 +1.5108e-01 +1.0748e+00
15547 0 +5.620408711e-02 +1.966462041e+02 +1.966462041e+02 +8.3539e-01 +1.3544e-01 +1.0513e+00
16087 0 +5.008645153e-02 +1.966400865e+02 +1.966400865e+02 +8.1707e-01 +1.2078e-01 +1.0294e+00
16593 0 +4.465144455e-02 +1.966346514e+02 +1.966346514e+02 +7.9972e-01 +1.0759e-01 +1.0088e+00
17065 0 +3.977940714e-02 +1.966297794e+02 +1.966297794e+02 +7.8360e-01 +9.4887e-02 +9.8954e-01
17695 0 +3.547545687e-02 +1.966254755e+02 +1.966254755e+02 +7.6845e-01 +8.3405e-02 +9.7159e-01
18529 0 +3.161323641e-02 +1.966216132e+02 +1.966216132e+02 +7.5416e-01 +7.2534e-02 +9.5461e-01
19309 0 +2.817721913e-02 +1.966181772e+02 +1.966181772e+02 +7.4072e-01 +6.2518e-02 +9.3873e-01
20041 0 +2.510739159e-02 +1.966151074e+02 +1.966151074e+02 +7.2802e-01 +5.3112e-02 +9.2383e-01
20731 0 +2.237686688e-02 +1.966123769e+02 +1.966123769e+02 +7.1617e-01 +4.4440e-02 +9.0978e-01
21375 0 +1.994474131e-02 +1.966099447e+02 +1.966099447e+02 +7.0493e-01 +3.6255e-02 +8.9671e-01
21979 0 +1.777738617e-02 +1.966077774e+02 +1.966077774e+02 +6.9443e-01 +2.8682e-02 +8.8437e-01
22549 0 +1.584362631e-02 +1.966058436e+02 +1.966058436e+02 +6.8453e-01 +2.1598e-02 +8.7277e-01
23083 0 +1.412348800e-02 +1.966041235e+02 +1.966041235e+02 +6.7525e-01 +1.4879e-02 +8.6190e-01
23587 0 +1.258562765e-02 +1.966025856e+02 +1.966025856e+02 +6.6646e-01 +8.7718e-03 +8.5163e-01
24063 0 +1.121136507e-02 +1.966012114e+02 +1.966012114e+02 +6.5815e-01 +2.9087e-03 +8.4198e-01
24505 0 +9.997211730e-03 +1.965999972e+02 +1.965999972e+02 +6.5046e-01 -2.4659e-03 +8.3295e-01
24925 0 +8.907008226e-03 +1.965989070e+02 +1.965989070e+02 +6.4313e-01 -7.5962e-03 +8.2440e-01
25319 0 +7.941768939e-03 +1.965979418e+02 +1.965979418e+02 +6.3616e-01 -1.2360e-02 +8.1646e-01
25689 0 +7.075048134e-03 +1.965970750e+02 +1.965970750e+02 +6.2969e-01 -1.6757e-02 +8.0888e-01
26037 0 +6.306820000e-03 +1.965963068e+02 +1.965963068e+02 +6.2358e-01 -2.0911e-02 +8.0180e-01
26407 0 +5.622162948e-03 +1.965956222e+02 +1.965956222e+02 +6.1784e-01 -2.4880e-02 +7.9514e-01
27027 0 +5.010813465e-03 +1.965950108e+02 +1.965950108e+02 +6.1241e-01 -2.8484e-02 +7.8885e-01
27609 0 +4.464692340e-03 +1.965944647e+02 +1.965944647e+02 +6.0728e-01 -3.1965e-02 +7.8293e-01
28157 0 +3.980301577e-03 +1.965939803e+02 +1.965939803e+02 +6.0245e-01 -3.5202e-02 +7.7737e-01
28671 0 +3.547646528e-03 +1.965935476e+02 +1.965935476e+02 +5.9793e-01 -3.8195e-02 +7.7212e-01
29155 0 +3.161974640e-03 +1.965931620e+02 +1.965931620e+02 +5.9366e-01 -4.1065e-02 +7.6717e-01
29617 0 +2.817562124e-03 +1.965928176e+02 +1.965928176e+02 +5.8962e-01 -4.3691e-02 +7.6247e-01
30000 0 +2.544892089e-03 +1.965925449e+02 +1.965925449e+02 +5.8620e-01 -4.5951e-02 +7.5862e-01
% f evaluations | g evaluations | best noise-free fitness - Fopt (1.461600000000e+02) + sum g_i+ | measured fitness | best measured fitness or single-digit g-values | x1 | x2...
1 0 +1.300000000e+01 +1.591600000e+02 +1.591600000e+02 +0.0000e+00 +0.0000e+00 +0.0000e+00
508 0 +9.919785777e+00 +1.560797858e+02 +1.560797858e+02 -1.8208e+00 +3.4535e-01 +7.8664e-01
514 0 +5.588683424e+00 +1.517486834e+02 +1.517486834e+02 -3.1381e-01 +0.0000e+00 -2.7438e-01
520 0 +1.743284771e+00 +1.479032848e+02 +1.479032848e+02 +6.8684e-01 +0.0000e+00 -2.7438e-01
543 0 +1.582710728e+00 +1.477427107e+02 +1.477427107e+02 +5.6176e-01 +0.0000e+00 -2.7438e-01
561 0 +1.355847209e+00 +1.475158472e+02 +1.475158472e+02 +5.6176e-01 -6.2541e-02 -2.7438e-01
567 0 +1.089594177e+00 +1.472495942e+02 +1.472495942e+02 +4.9922e-01 -6.2541e-02 -3.3692e-01
573 0 +9.650733289e-01 +1.471250733e+02 +1.471250733e+02 +4.3668e-01 -6.2541e-02 -3.3692e-01
585 0 +8.562760280e-01 +1.470162760e+02 +1.470162760e+02 +3.1160e-01 -6.2541e-02 -3.3692e-01
605 0 +6.794865648e-01 +1.468394866e+02 +1.468394866e+02 +2.4905e-01 -9.3811e-02 -3.3692e-01
609 0 +6.258921582e-01 +1.467858922e+02 +1.467858922e+02 +2.1778e-01 -9.3811e-02 -3.3692e-01
621 0 +5.350064394e-01 +1.466950064e+02 +1.466950064e+02 +1.5524e-01 -9.3811e-02 -3.3692e-01
633 0 +4.831905062e-01 +1.466431905e+02 +1.466431905e+02 +9.2703e-02 -9.3811e-02 -3.3692e-01
653 0 +4.377372266e-01 +1.465977372e+02 +1.465977372e+02 +7.7068e-02 -1.0945e-01 -3.3692e-01
669 0 +3.855147964e-01 +1.465455148e+02 +1.465455148e+02 +3.0163e-02 -1.0945e-01 -3.2128e-01
692 0 +3.461267951e-01 +1.465061268e+02 +1.465061268e+02 -1.6743e-02 -1.0945e-01 -3.0565e-01
705 0 +3.147073721e-01 +1.464747074e+02 +1.464747074e+02 -6.3648e-02 -1.0945e-01 -3.0565e-01
729 0 +2.810174790e-01 +1.464410175e+02 +1.464410175e+02 -7.9283e-02 -1.0163e-01 -2.9001e-01
765 0 +2.447256895e-01 +1.464047257e+02 +1.464047257e+02 -1.2619e-01 -1.0163e-01 -2.7438e-01
807 0 +2.225736497e-01 +1.463825736e+02 +1.463825736e+02 -1.5746e-01 -9.7720e-02 -2.6656e-01
861 0 +1.970078017e-01 +1.463570078e+02 +1.463570078e+02 -1.9264e-01 -9.3811e-02 -2.5093e-01
915 0 +1.767149857e-01 +1.463367150e+02 +1.463367150e+02 -2.2782e-01 -8.9902e-02 -2.3920e-01
968 0 +1.584058632e-01 +1.463184059e+02 +1.463184059e+02 -2.5909e-01 -8.9902e-02 -2.2357e-01
1011 0 +1.406208196e-01 +1.463006208e+02 +1.463006208e+02 -2.9036e-01 -8.5993e-02 -2.1184e-01
1058 0 +1.253556222e-01 +1.462853556e+02 +1.462853556e+02 -3.1772e-01 -7.8176e-02 -1.9620e-01
1118 0 +1.120763975e-01 +1.462720764e+02 +1.462720764e+02 -3.4313e-01 -7.6221e-02 -1.8643e-01
1197 0 +9.964558374e-02 +1.462596456e+02 +1.462596456e+02 -3.7049e-01 -7.2313e-02 -1.7471e-01
1275 0 +8.909834432e-02 +1.462490983e+02 +1.462490983e+02 -3.9589e-01 -6.8404e-02 -1.6298e-01
1364 0 +7.930370864e-02 +1.462393037e+02 +1.462393037e+02 -4.1935e-01 -6.3518e-02 -1.5125e-01
1508 0 +7.076300629e-02 +1.462307630e+02 +1.462307630e+02 -4.4280e-01 -5.9609e-02 -1.3953e-01
1635 0 +6.297206000e-02 +1.462229721e+02 +1.462229721e+02 -4.6430e-01 -5.4723e-02 -1.2878e-01
1761 0 +5.623200433e-02 +1.462162320e+02 +1.462162320e+02 -4.8482e-01 -5.0814e-02 -1.1803e-01
1887 0 +5.006642891e-02 +1.462100664e+02 +1.462100664e+02 -5.0534e-01 -4.6905e-02 -1.0728e-01
2004 0 +4.456695406e-02 +1.462045670e+02 +1.462045670e+02 -5.2391e-01 -4.2019e-02 -9.7507e-02
2118 0 +3.956635276e-02 +1.461995664e+02 +1.461995664e+02 -5.4247e-01 -3.8111e-02 -8.7735e-02
2217 0 +3.524337339e-02 +1.461952434e+02 +1.461952434e+02 -5.5909e-01 -3.4202e-02 -7.7963e-02
2367 0 +3.161825180e-02 +1.461916183e+02 +1.461916183e+02 -5.7423e-01 -3.0782e-02 -6.9657e-02
2559 0 +2.813462132e-02 +1.461881346e+02 +1.461881346e+02 -5.8987e-01 -2.7361e-02 -6.1351e-02
2739 0 +2.505566938e-02 +1.461850557e+02 +1.461850557e+02 -6.0453e-01 -2.3941e-02 -5.3044e-02
2907 0 +2.232715573e-02 +1.461823272e+02 +1.461823272e+02 -6.1821e-01 -2.0521e-02 -4.5227e-02
3063 0 +1.993229599e-02 +1.461799323e+02 +1.461799323e+02 -6.3091e-01 -1.7101e-02 -3.7898e-02
3219 0 +1.777435064e-02 +1.461777744e+02 +1.461777744e+02 -6.4361e-01 -1.4169e-02 -3.1058e-02
3363 0 +1.584551396e-02 +1.461758455e+02 +1.461758455e+02 -6.5534e-01 -1.1238e-02 -2.4217e-02
3501 0 +1.408303639e-02 +1.461740830e+02 +1.461740830e+02 -6.6658e-01 -8.3062e-03 -1.7377e-02
3687 0 +1.257722724e-02 +1.461725772e+02 +1.461725772e+02 -6.7659e-01 -5.3746e-03 -1.1514e-02
3936 0 +1.120479468e-02 +1.461712048e+02 +1.461712048e+02 -6.8661e-01 -2.6873e-03 -5.6505e-03
4161 0 +9.994510306e-03 +1.461699945e+02 +1.461699945e+02 -6.9589e-01 -2.4430e-04 -3.1590e-05
4383 0 +8.894325203e-03 +1.461688943e+02 +1.461688943e+02 -7.0493e-01 +2.1987e-03 +5.3430e-03
4592 0 +7.935742056e-03 +1.461679357e+02 +1.461679357e+02 -7.1324e-01 +4.6417e-03 +1.0473e-02
4788 0 +7.072370081e-03 +1.461670724e+02 +1.461670724e+02 -7.2130e-01 +6.8404e-03 +1.5115e-02
4971 0 +6.301773478e-03 +1.461663018e+02 +1.461663018e+02 -7.2887e-01 +8.7948e-03 +1.9757e-02
5156 0 +5.595503028e-03 +1.461655955e+02 +1.461655955e+02 -7.3620e-01 +1.0993e-02 +2.4154e-02
5313 0 +5.011404743e-03 +1.461650114e+02 +1.461650114e+02 -7.4280e-01 +1.2704e-02 +2.8063e-02
5630 0 +4.466169271e-03 +1.461644662e+02 +1.461644662e+02 -7.4903e-01 +1.4658e-02 +3.2094e-02
5925 0 +3.976523767e-03 +1.461639765e+02 +1.461639765e+02 -7.5514e-01 +1.6368e-02 +3.5758e-02
6207 0 +3.547781134e-03 +1.461635478e+02 +1.461635478e+02 -7.6088e-01 +1.7956e-02 +3.9178e-02
6471 0 +3.160522197e-03 +1.461631605e+02 +1.461631605e+02 -7.6625e-01 +1.9544e-02 +4.2599e-02
6728 0 +2.818322046e-03 +1.461628183e+02 +1.461628183e+02 -7.7138e-01 +2.1010e-02 +4.5774e-02
6963 0 +2.507514788e-03 +1.461625075e+02 +1.461625075e+02 -7.7627e-01 +2.2476e-02 +4.8706e-02
7185 0 +2.237109889e-03 +1.461622371e+02 +1.461622371e+02 -7.8079e-01 +2.3819e-02 +5.1516e-02
7401 0 +1.988063570e-03 +1.461619881e+02 +1.461619881e+02 -7.8519e-01 +2.5163e-02 +5.4325e-02
7599 0 +1.777772476e-03 +1.461617778e+02 +1.461617778e+02 -7.8922e-01 +2.6262e-02 +5.6768e-02
7790 0 +1.584843504e-03 +1.461615848e+02 +1.461615848e+02 -7.9300e-01 +2.7484e-02 +5.9211e-02
7970 0 +1.412472347e-03 +1.461614125e+02 +1.461614125e+02 -7.9667e-01 +2.8583e-02 +6.1532e-02
8175 0 +1.258027745e-03 +1.461612580e+02 +1.461612580e+02 -8.0015e-01 +2.9560e-02 +6.3608e-02
8493 0 +1.122006060e-03 +1.461611220e+02 +1.461611220e+02 -8.0339e-01 +3.0537e-02 +6.5624e-02
8799 0 +9.998206723e-04 +1.461609998e+02 +1.461609998e+02 -8.0650e-01 +3.1454e-02 +6.7578e-02
9086 0 +8.905699073e-04 +1.461608906e+02 +1.461608906e+02 -8.0937e-01 +3.2370e-02 +6.9410e-02
9357 0 +7.943271527e-04 +1.461607943e+02 +1.461607943e+02 -8.1218e-01 +3.3164e-02 +7.1121e-02
9614 0 +7.065207544e-04 +1.461607065e+02 +1.461607065e+02 -8.1475e-01 +3.4019e-02 +7.2770e-02
9849 0 +6.301094497e-04 +1.461606301e+02 +1.461606301e+02 -8.1719e-01 +3.4752e-02 +7.4296e-02
10077 0 +5.621611200e-04 +1.461605622e+02 +1.461605622e+02 -8.1951e-01 +3.5423e-02 +7.5762e-02
10298 0 +5.008493555e-04 +1.461605008e+02 +1.461605008e+02 -8.2171e-01 +3.6095e-02 +7.7167e-02
10500 0 +4.457144863e-04 +1.461604457e+02 +1.461604457e+02 -8.2378e-01 +3.6767e-02 +7.8449e-02
10689 0 +3.966149587e-04 +1.461603966e+02 +1.461603966e+02 -8.2574e-01 +3.7378e-02 +7.9732e-02
10923 0 +3.544425821e-04 +1.461603544e+02 +1.461603544e+02 -8.2754e-01 +3.7927e-02 +8.0862e-02
11265 0 +3.161023280e-04 +1.461603161e+02 +1.461603161e+02 -8.2928e-01 +3.8447e-02 +8.1961e-02
11589 0 +2.815917316e-04 +1.461602816e+02 +1.461602816e+02 -8.3093e-01 +3.8966e-02 +8.3000e-02
11898 0 +2.510857268e-04 +1.461602511e+02 +1.461602511e+02 -8.3249e-01 +3.9454e-02 +8.3977e-02
12189 0 +2.236583072e-04 +1.461602237e+02 +1.461602237e+02 -8.3398e-01 +3.9882e-02 +8.4923e-02
12459 0 +1.994717248e-04 +1.461601995e+02 +1.461601995e+02 -8.3536e-01 +4.0309e-02 +8.5809e-02
12711 0 +1.777437637e-04 +1.461601777e+02 +1.461601777e+02 -8.3664e-01 +4.0737e-02 +8.6634e-02
12962 0 +1.584584038e-04 +1.461601585e+02 +1.461601585e+02 -8.3789e-01 +4.1103e-02 +8.7427e-02
13185 0 +1.412287463e-04 +1.461601412e+02 +1.461601412e+02 -8.3905e-01 +4.1470e-02 +8.8160e-02
13404 0 +1.258815394e-04 +1.461601259e+02 +1.461601259e+02 -8.4015e-01 +4.1836e-02 +8.8863e-02
13610 0 +1.121902970e-04 +1.461601122e+02 +1.461601122e+02 -8.4119e-01 +4.2142e-02 +8.9535e-02
13899 0 +9.992741050e-05 +1.461600999e+02 +1.461600999e+02 -8.4218e-01 +4.2447e-02 +9.0161e-02
14265 0 +8.908265019e-05 +1.461600891e+02 +1.461600891e+02 -8.4311e-01 +4.2737e-02 +9.0741e-02
14607 0 +7.939449711e-05 +1.461600794e+02 +1.461600794e+02 -8.4399e-01 +4.3012e-02 +9.1306e-02
14936 0 +7.077728026e-05 +1.461600708e+02 +1.461600708e+02 -8.4481e-01 +4.3271e-02 +9.1840e-02
15243 0 +6.304896939e-05 +1.461600630e+02 +1.461600630e+02 -8.4560e-01 +4.3516e-02 +9.2329e-02
15531 0 +5.621480486e-05 +1.461600562e+02 +1.461600562e+02 -8.4634e-01 +4.3745e-02 +9.2802e-02
15807 0 +4.999038754e-05 +1.461600500e+02 +1.461600500e+02 -8.4704e-01 +4.3974e-02 +9.3260e-02
16065 0 +4.460700211e-05 +1.461600446e+02 +1.461600446e+02 -8.4770e-01 +4.4172e-02 +9.3672e-02
16305 0 +3.979735220e-05 +1.461600398e+02 +1.461600398e+02 -8.4831e-01 +4.4371e-02 +9.4069e-02
16544 0 +3.541664580e-05 +1.461600354e+02 +1.461600354e+02 -8.4890e-01 +4.4554e-02 +9.4451e-02
16761 0 +3.157342488e-05 +1.461600316e+02 +1.461600316e+02 -8.4947e-01 +4.4722e-02 +9.4802e-02
16965 0 +2.811409831e-05 +1.461600281e+02 +1.461600281e+02 -8.4999e-01 +4.4890e-02 +9.5138e-02
17295 0 +2.509187729e-05 +1.461600251e+02 +1.461600251e+02 -8.5047e-01 +4.5043e-02 +9.5451e-02
17660 0 +2.237744195e-05 +1.461600224e+02 +1.461600224e+02 -8.5093e-01 +4.5195e-02 +9.5749e-02
18003 0 +1.993259957e-05 +1.461600199e+02 +1.461600199e+02 -8.5138e-01 +4.5333e-02 +9.6031e-02
18332 0 +1.778173441e-05 +1.461600178e+02 +1.461600178e+02 -8.5179e-01 +4.5463e-02 +9.6299e-02
18639 0 +1.584723722e-05 +1.461600158e+02 +1.461600158e+02 -8.5218e-01 +4.5585e-02 +9.6543e-02
18933 0 +1.410966121e-05 +1.461600141e+02 +1.461600141e+02 -8.5256e-01 +4.5699e-02 +9.6787e-02
19208 0 +1.258757490e-05 +1.461600126e+02 +1.461600126e+02 -8.5290e-01 +4.5814e-02 +9.7009e-02
19467 0 +1.121207583e-05 +1.461600112e+02 +1.461600112e+02 -8.5324e-01 +4.5913e-02 +9.7222e-02
19713 0 +9.986833362e-06 +1.461600100e+02 +1.461600100e+02 -8.5355e-01 +4.6012e-02 +9.7421e-02
19947 0 +8.900173015e-06 +1.461600089e+02 +1.461600089e+02 -8.5385e-01 +4.6104e-02 +9.7612e-02
20163 0 +7.928099393e-06 +1.461600079e+02 +1.461600079e+02 -8.5412e-01 +4.6195e-02 +9.7787e-02
20376 0 +7.061731623e-06 +1.461600071e+02 +1.461600071e+02 -8.5439e-01 +4.6279e-02 +9.7955e-02
20565 0 +6.293194275e-06 +1.461600063e+02 +1.461600063e+02 -8.5464e-01 +4.6356e-02 +9.8116e-02
20762 0 +5.613511490e-06 +1.461600056e+02 +1.461600056e+02 -8.5487e-01 +4.6428e-02 +9.8264e-02
21099 0 +5.009806557e-06 +1.461600050e+02 +1.461600050e+02 -8.5509e-01 +4.6497e-02 +9.8406e-02
21429 0 +4.465986478e-06 +1.461600045e+02 +1.461600045e+02 -8.5530e-01 +4.6562e-02 +9.8539e-02
21740 0 +3.979872474e-06 +1.461600040e+02 +1.461600040e+02 -8.5549e-01 +4.6627e-02 +9.8665e-02
22029 0 +3.547342715e-06 +1.461600035e+02 +1.461600035e+02 -8.5568e-01 +4.6684e-02 +9.8784e-02
22310 0 +3.158985010e-06 +1.461600032e+02 +1.461600032e+02 -8.5585e-01 +4.6741e-02 +9.8898e-02
22569 0 +2.815576153e-06 +1.461600028e+02 +1.461600028e+02 -8.5602e-01 +4.6791e-02 +9.9005e-02
22815 0 +2.509336611e-06 +1.461600025e+02 +1.461600025e+02 -8.5618e-01 +4.6841e-02 +9.9104e-02
23049 0 +2.237887884e-06 +1.461600022e+02 +1.461600022e+02 -8.5633e-01 +4.6886e-02 +9.9200e-02
23265 0 +1.993699243e-06 +1.461600020e+02 +1.461600020e+02 -8.5646e-01 +4.6932e-02 +9.9287e-02
23474 0 +1.777471255e-06 +1.461600018e+02 +1.461600018e+02 -8.5659e-01 +4.6974e-02 +9.9375e-02
23841 0 +1.583163936e-06 +1.461600016e+02 +1.461600016e+02 -8.5672e-01 +4.7012e-02 +9.9453e-02
24207 0 +1.411169620e-06 +1.461600014e+02 +1.461600014e+02 -8.5684e-01 +4.7050e-02 +9.9528e-02
24555 0 +1.258302916e-06 +1.461600013e+02 +1.461600013e+02 -8.5695e-01 +4.7085e-02 +9.9599e-02
24885 0 +1.122004250e-06 +1.461600011e+02 +1.461600011e+02 -8.5705e-01 +4.7117e-02 +9.9665e-02
25196 0 +9.999313590e-07 +1.461600010e+02 +1.461600010e+02 -8.5715e-01 +4.7150e-02 +9.9730e-02
25491 0 +8.900520641e-07 +1.461600009e+02 +1.461600009e+02 -8.5724e-01 +4.7178e-02 +9.9789e-02
25767 0 +7.925458760e-07 +1.461600008e+02 +1.461600008e+02 -8.5733e-01 +4.7207e-02 +9.9847e-02
26031 0 +7.073770405e-07 +1.461600007e+02 +1.461600007e+02 -8.5742e-01 +4.7232e-02 +9.9900e-02
26277 0 +6.306102023e-07 +1.461600006e+02 +1.461600006e+02 -8.5749e-01 +4.7257e-02 +9.9950e-02
26510 0 +5.616852548e-07 +1.461600006e+02 +1.461600006e+02 -8.5757e-01 +4.7281e-02 +9.9997e-02
26882 0 +5.007731545e-07 +1.461600005e+02 +1.461600005e+02 -8.5764e-01 +4.7303e-02 +1.0004e-01
27294 0 +4.466083681e-07 +1.461600004e+02 +1.461600004e+02 -8.5770e-01 +4.7324e-02 +1.0008e-01
27687 0 +3.976728919e-07 +1.461600004e+02 +1.461600004e+02 -8.5777e-01 +4.7343e-02 +1.0012e-01
28058 0 +3.546208802e-07 +1.461600004e+02 +1.461600004e+02 -8.5782e-01 +4.7363e-02 +1.0016e-01
28401 0 +3.162200528e-07 +1.461600003e+02 +1.461600003e+02 -8.5788e-01 +4.7380e-02 +1.0020e-01
28737 0 +2.816304914e-07 +1.461600003e+02 +1.461600003e+02 -8.5793e-01 +4.7396e-02 +1.0023e-01
29048 0 +2.511035291e-07 +1.461600003e+02 +1.461600003e+02 -8.5798e-01 +4.7412e-02 +1.0026e-01
29343 0 +2.235519787e-07 +1.461600002e+02 +1.461600002e+02 -8.5803e-01 +4.7426e-02 +1.0029e-01
29619 0 +1.991357976e-07 +1.461600002e+02 +1.461600002e+02 -8.5807e-01 +4.7441e-02 +1.0032e-01
29883 0 +1.777972329e-07 +1.461600002e+02 +1.461600002e+02 -8.5811e-01 +4.7453e-02 +1.0035e-01
30000 0 +1.684003337e-07 +1.461600002e+02 +1.461600002e+02 -8.5813e-01 +4.7460e-02 +1.0036e-01
% f evaluations | g evaluations | best noise-free fitness - Fopt (-7.469000000000e+01) + sum g_i+ | measured fitness | best measured fitness or single-digit g-values | x1 | x2...
1 0 +1.300000000e+01 -6.169000000e+01 -6.169000000e+01 +0.0000e+00 +0.0000e+00 +0.0000e+00
162 0 +9.826365608e+00 -6.486363439e+01 -6.486363439e+01 -5.0145e-01 +9.4483e-02 -1.1380e-01
268 0 +1.567751296e+00 -7.312224870e+01 -7.312224870e+01 +1.7833e+00 -1.1328e+00 +4.7139e-01
544 0 +1.060066041e+00 -7.362993396e+01 -7.362993396e+01 -4.3668e-01 +2.2595e-01 +0.0000e+00
569 0 +7.196479816e-01 -7.397035202e+01 -7.397035202e+01 -4.3668e-01 +1.6340e-01 +6.2541e-02
586 0 +7.076864325e-01 -7.398231357e+01 -7.398231357e+01 -4.0541e-01 +1.3213e-01 +6.2541e-02
611 0 +6.258274514e-01 -7.406417255e+01 -7.406417255e+01 -4.0541e-01 +1.0086e-01 +7.8176e-02
641 0 +5.538981637e-01 -7.413610184e+01 -7.413610184e+01 -3.8977e-01 +6.1776e-02 +1.0163e-01
671 0 +4.993699426e-01 -7.419063006e+01 -7.419063006e+01 -3.5850e-01 +2.2688e-02 +1.0945e-01
700 0 +4.446357691e-01 -7.424536423e+01 -7.424536423e+01 -3.3505e-01 -8.5821e-03 +1.2508e-01
746 0 +3.968483067e-01 -7.429315169e+01 -7.429315169e+01 -3.1160e-01 -4.3761e-02 +1.4072e-01
797 0 +3.545641044e-01 -7.433543590e+01 -7.433543590e+01 -2.8423e-01 -7.8940e-02 +1.4853e-01
845 0 +3.148326394e-01 -7.437516736e+01 -7.437516736e+01 -2.5687e-01 -1.1021e-01 +1.6026e-01
893 0 +2.793510104e-01 -7.441064899e+01 -7.441064899e+01 -2.2951e-01 -1.4148e-01 +1.7199e-01
935 0 +2.500226604e-01 -7.443997734e+01 -7.443997734e+01 -2.0215e-01 -1.6884e-01 +1.7980e-01
989 0 +2.229665012e-01 -7.446703350e+01 -7.446703350e+01 -1.7283e-01 -1.9425e-01 +1.8762e-01
1066 0 +1.992030672e-01 -7.449079693e+01 -7.449079693e+01 -1.4743e-01 -2.1770e-01 +1.9739e-01
1145 0 +1.770071615e-01 -7.451299284e+01 -7.451299284e+01 -1.2202e-01 -2.4311e-01 +2.0521e-01
1223 0 +1.584485535e-01 -7.453155145e+01 -7.453155145e+01 -9.6612e-02 -2.6461e-01 +2.1107e-01
1301 0 +1.409251039e-01 -7.454907490e+01 -7.454907490e+01 -7.1205e-02 -2.8611e-01 +2.1889e-01
1378 0 +1.253409891e-01 -7.456465901e+01 -7.456465901e+01 -4.5798e-02 -3.0565e-01 +2.2476e-01
1451 0 +1.118514809e-01 -7.457814852e+01 -7.457814852e+01 -2.2345e-02 -3.2519e-01 +2.3062e-01
1523 0 +9.956318675e-02 -7.459043681e+01 -7.459043681e+01 +1.1074e-03 -3.4278e-01 +2.3648e-01
1594 0 +8.904289976e-02 -7.460095710e+01 -7.460095710e+01 +2.4560e-02 -3.5842e-01 +2.4039e-01
1726 0 +7.931242029e-02 -7.461068758e+01 -7.461068758e+01 +4.5081e-02 -3.7405e-01 +2.4625e-01
1853 0 +7.074605743e-02 -7.461925394e+01 -7.461925394e+01 +6.5602e-02 -3.8969e-01 +2.5114e-01
1978 0 +6.294778371e-02 -7.462705222e+01 -7.462705222e+01 +8.6124e-02 -4.0337e-01 +2.5505e-01
2098 0 +5.618576537e-02 -7.463381423e+01 -7.463381423e+01 +1.0567e-01 -4.1607e-01 +2.5896e-01
2212 0 +5.004303109e-02 -7.463995697e+01 -7.463995697e+01 +1.2423e-01 -4.2878e-01 +2.6287e-01
2320 0 +4.460888170e-02 -7.464539112e+01 -7.464539112e+01 +1.4182e-01 -4.4050e-01 +2.6677e-01
2428 0 +3.959369325e-02 -7.465040631e+01 -7.465040631e+01 +1.5941e-01 -4.5223e-01 +2.7068e-01
2524 0 +3.548103303e-02 -7.465451897e+01 -7.465451897e+01 +1.7505e-01 -4.6200e-01 +2.7361e-01
2627 0 +3.143809010e-02 -7.465856191e+01 -7.465856191e+01 +1.9166e-01 -4.7275e-01 +2.7655e-01
2800 0 +2.813896771e-02 -7.466186103e+01 -7.466186103e+01 +2.0583e-01 -4.8155e-01 +2.7948e-01
2974 0 +2.507228200e-02 -7.466492772e+01 -7.466492772e+01 +2.2000e-01 -4.9034e-01 +2.8241e-01
3142 0 +2.235334514e-02 -7.466764665e+01 -7.466764665e+01 +2.3368e-01 -4.9865e-01 +2.8485e-01
3304 0 +1.990537196e-02 -7.467009463e+01 -7.467009463e+01 +2.4687e-01 -5.0646e-01 +2.8730e-01
3454 0 +1.774342045e-02 -7.467225658e+01 -7.467225658e+01 +2.5909e-01 -5.1379e-01 +2.8974e-01
3598 0 +1.578694737e-02 -7.467421305e+01 -7.467421305e+01 +2.7081e-01 -5.2112e-01 +2.9218e-01
3736 0 +1.407615730e-02 -7.467592384e+01 -7.467592384e+01 +2.8205e-01 -5.2747e-01 +2.9414e-01
3863 0 +1.258350827e-02 -7.467741649e+01 -7.467741649e+01 +2.9231e-01 -5.3383e-01 +2.9609e-01
3988 0 +1.119453976e-02 -7.467880546e+01 -7.467880546e+01 +3.0257e-01 -5.3969e-01 +2.9804e-01
4210 0 +9.991340339e-03 -7.468000866e+01 -7.468000866e+01 +3.1210e-01 -5.4506e-01 +2.9975e-01
4438 0 +8.909969730e-03 -7.468109003e+01 -7.468109003e+01 +3.2138e-01 -5.5019e-01 +3.0122e-01
4648 0 +7.928189077e-03 -7.468207181e+01 -7.468207181e+01 +3.2993e-01 -5.5532e-01 +3.0293e-01
4852 0 +7.060358514e-03 -7.468293964e+01 -7.468293964e+01 +3.3824e-01 -5.5997e-01 +3.0440e-01
5044 0 +6.292435501e-03 -7.468370756e+01 -7.468370756e+01 +3.4606e-01 -5.6436e-01 +3.0586e-01
5224 0 +5.612906295e-03 -7.468438709e+01 -7.468438709e+01 +3.5339e-01 -5.6852e-01 +3.0708e-01
5398 0 +5.000700069e-03 -7.468499930e+01 -7.468499930e+01 +3.6047e-01 -5.7242e-01 +3.0831e-01
5560 0 +4.459063762e-03 -7.468554094e+01 -7.468554094e+01 +3.6707e-01 -5.7609e-01 +3.0953e-01
5717 0 +3.968684125e-03 -7.468603132e+01 -7.468603132e+01 +3.7342e-01 -5.7975e-01 +3.1075e-01
5944 0 +3.544099670e-03 -7.468645590e+01 -7.468645590e+01 +3.7928e-01 -5.8293e-01 +3.1173e-01
6220 0 +3.162199340e-03 -7.468683780e+01 -7.468683780e+01 +3.8490e-01 -5.8598e-01 +3.1270e-01
6490 0 +2.809952893e-03 -7.468719005e+01 -7.468719005e+01 +3.9040e-01 -5.8904e-01 +3.1368e-01
6736 0 +2.508814629e-03 -7.468749119e+01 -7.468749119e+01 +3.9541e-01 -5.9172e-01 +3.1454e-01
6976 0 +2.231588424e-03 -7.468776841e+01 -7.468776841e+01 +4.0029e-01 -5.9441e-01 +3.1539e-01
7199 0 +1.992285741e-03 -7.468800771e+01 -7.468800771e+01 +4.0481e-01 -5.9685e-01 +3.1612e-01
7409 0 +1.778161528e-03 -7.468822184e+01 -7.468822184e+01 +4.0909e-01 -5.9918e-01 +3.1686e-01
7612 0 +1.580451128e-03 -7.468841955e+01 -7.468841955e+01 +4.1324e-01 -6.0137e-01 +3.1759e-01
7802 0 +1.410993987e-03 -7.468858901e+01 -7.468858901e+01 +4.1703e-01 -6.0345e-01 +3.1832e-01
7978 0 +1.256793902e-03 -7.468874321e+01 -7.468874321e+01 +4.2069e-01 -6.0540e-01 +3.1893e-01
8189 0 +1.121714328e-03 -7.468887829e+01 -7.468887829e+01 +4.2411e-01 -6.0724e-01 +3.1948e-01
8512 0 +9.996951672e-04 -7.468900030e+01 -7.468900030e+01 +4.2741e-01 -6.0895e-01 +3.2003e-01
8818 0 +8.893530905e-04 -7.468911065e+01 -7.468911065e+01 +4.3052e-01 -6.1066e-01 +3.2058e-01
9106 0 +7.929192984e-04 -7.468920708e+01 -7.468920708e+01 +4.3346e-01 -6.1218e-01 +3.2107e-01
9376 0 +7.067729264e-04 -7.468929323e+01 -7.468929323e+01 +4.3620e-01 -6.1365e-01 +3.2156e-01
9634 0 +6.298099485e-04 -7.468937019e+01 -7.468937019e+01 +4.3883e-01 -6.1505e-01 +3.2205e-01
9874 0 +5.619894580e-04 -7.468943801e+01 -7.468943801e+01 +4.4127e-01 -6.1634e-01 +3.2241e-01
10103 0 +5.008054371e-04 -7.468949919e+01 -7.468949919e+01 +4.4359e-01 -6.1762e-01 +3.2284e-01
10319 0 +4.466369676e-04 -7.468955336e+01 -7.468955336e+01 +4.4579e-01 -6.1878e-01 +3.2321e-01
10528 0 +3.969131022e-04 -7.468960309e+01 -7.468960309e+01 +4.4793e-01 -6.1988e-01 +3.2357e-01
10721 0 +3.544354845e-04 -7.468964556e+01 -7.468964556e+01 +4.4988e-01 -6.2092e-01 +3.2388e-01
10906 0 +3.155129698e-04 -7.468968449e+01 -7.468968449e+01 +4.5178e-01 -6.2189e-01 +3.2425e-01
11144 0 +2.816763492e-04 -7.468971832e+01 -7.468971832e+01 +4.5349e-01 -6.2281e-01 +3.2452e-01
11470 0 +2.507832120e-04 -7.468974922e+01 -7.468974922e+01 +4.5517e-01 -6.2370e-01 +3.2480e-01
11776 0 +2.237699412e-04 -7.468977623e+01 -7.468977623e+01 +4.5673e-01 -6.2452e-01 +3.2507e-01
12070 0 +1.993674912e-04 -7.468980063e+01 -7.468980063e+01 +4.5822e-01 -6.2528e-01 +3.2531e-01
12346 0 +1.777851269e-04 -7.468982221e+01 -7.468982221e+01 +4.5963e-01 -6.2602e-01 +3.2556e-01
12610 0 +1.581842819e-04 -7.468984182e+01 -7.468984182e+01 +4.6097e-01 -6.2672e-01 +3.2577e-01
12856 0 +1.408994096e-04 -7.468985910e+01 -7.468985910e+01 +4.6222e-01 -6.2739e-01 +3.2599e-01
13090 0 +1.256101083e-04 -7.468987439e+01 -7.468987439e+01 +4.6341e-01 -6.2800e-01 +3.2620e-01
13310 0 +1.120949584e-04 -7.468988791e+01 -7.468988791e+01 +4.6451e-01 -6.2858e-01 +3.2638e-01
13516 0 +9.991079024e-05 -7.468990009e+01 -7.468990009e+01 +4.6558e-01 -6.2913e-01 +3.2657e-01
13708 0 +8.911060921e-05 -7.468991089e+01 -7.468991089e+01 +4.6656e-01 -6.2965e-01 +3.2672e-01
13900 0 +7.932646994e-05 -7.468992067e+01 -7.468992067e+01 +4.6754e-01 -6.3014e-01 +3.2687e-01
14134 0 +7.069405216e-05 -7.468992931e+01 -7.468992931e+01 +4.6841e-01 -6.3061e-01 +3.2702e-01
14465 0 +6.306307996e-05 -7.468993694e+01 -7.468993694e+01 +4.6925e-01 -6.3106e-01 +3.2716e-01
14776 0 +5.616061503e-05 -7.468994384e+01 -7.468994384e+01 +4.7004e-01 -6.3147e-01 +3.2731e-01
15070 0 +5.010330268e-05 -7.468994990e+01 -7.468994990e+01 +4.7079e-01 -6.3185e-01 +3.2744e-01
15352 0 +4.464931507e-05 -7.468995535e+01 -7.468995535e+01 +4.7151e-01 -6.3222e-01 +3.2754e-01
15610 0 +3.980319900e-05 -7.468996020e+01 -7.468996020e+01 +4.7216e-01 -6.3257e-01 +3.2767e-01
15862 0 +3.540078038e-05 -7.468996460e+01 -7.468996460e+01 +4.7280e-01 -6.3290e-01 +3.2777e-01
16096 0 +3.159405779e-05 -7.468996841e+01 -7.468996841e+01 +4.7340e-01 -6.3321e-01 +3.2786e-01
16318 0 +2.810882326e-05 -7.468997189e+01 -7.468997189e+01 +4.7396e-01 -6.3351e-01 +3.2797e-01
16529 0 +2.509041758e-05 -7.468997491e+01 -7.468997491e+01 +4.7450e-01 -6.3379e-01 +3.2805e-01
16726 0 +2.230927295e-05 -7.468997769e+01 -7.468997769e+01 +4.7500e-01 -6.3405e-01 +3.2814e-01
16912 0 +1.990072657e-05 -7.468998010e+01 -7.468998010e+01 +4.7548e-01 -6.3429e-01 +3.2822e-01
17086 0 +1.775464669e-05 -7.468998225e+01 -7.468998225e+01 +4.7592e-01 -6.3452e-01 +3.2829e-01
17405 0 +1.584457074e-05 -7.468998416e+01 -7.468998416e+01 +4.7634e-01 -6.3474e-01 +3.2836e-01
17717 0 +1.412448574e-05 -7.468998588e+01 -7.468998588e+01 +4.7673e-01 -6.3495e-01 +3.2843e-01
18017 0 +1.258916359e-05 -7.468998741e+01 -7.468998741e+01 +4.7712e-01 -6.3515e-01 +3.2849e-01
18298 0 +1.120031156e-05 -7.468998880e+01 -7.468998880e+01 +4.7748e-01 -6.3533e-01 +3.2856e-01
18562 0 +9.976156633e-06 -7.468999002e+01 -7.468999002e+01 +4.7781e-01 -6.3551e-01 +3.2861e-01
18808 0 +8.910965263e-06 -7.468999109e+01 -7.468999109e+01 +4.7812e-01 -6.3567e-01 +3.2867e-01
19049 0 +7.932924589e-06 -7.468999207e+01 -7.468999207e+01 +4.7843e-01 -6.3583e-01 +3.2871e-01
19274 0 +7.065664335e-06 -7.468999293e+01 -7.468999293e+01 +4.7871e-01 -6.3597e-01 +3.2877e-01
19480 0 +6.304281882e-06 -7.468999370e+01 -7.468999370e+01 +4.7898e-01 -6.3611e-01 +3.2881e-01
19678 0 +5.616002653e-06 -7.468999438e+01 -7.468999438e+01 +4.7923e-01 -6.3624e-01 +3.2885e-01
19870 0 +5.008837149e-06 -7.468999499e+01 -7.468999499e+01 +4.7948e-01 -6.3636e-01 +3.2889e-01
20045 0 +4.456668847e-06 -7.468999554e+01 -7.468999554e+01 +4.7970e-01 -6.3648e-01 +3.2893e-01
20332 0 +3.980990655e-06 -7.468999602e+01 -7.468999602e+01 +4.7990e-01 -6.3659e-01 +3.2896e-01
20650 0 +3.548039274e-06 -7.468999645e+01 -7.468999645e+01 +4.8011e-01 -6.3669e-01 +3.2900e-01
20950 0 +3.157832495e-06 -7.468999684e+01 -7.468999684e+01 +4.8030e-01 -6.3679e-01 +3.2903e-01
21232 0 +2.816007580e-06 -7.468999718e+01 -7.468999718e+01 +4.8048e-01 -6.3688e-01 +3.2906e-01
21496 0 +2.510046244e-06 -7.468999749e+01 -7.468999749e+01 +4.8064e-01 -6.3697e-01 +3.2909e-01
21748 0 +2.235242036e-06 -7.468999776e+01 -7.468999776e+01 +4.8080e-01 -6.3706e-01 +3.2911e-01
21982 0 +1.995091665e-06 -7.468999800e+01 -7.468999800e+01 +4.8095e-01 -6.3713e-01 +3.2914e-01
22210 0 +1.773184422e-06 -7.468999823e+01 -7.468999823e+01 +4.8110e-01 -6.3721e-01 +3.2916e-01
22420 0 +1.580814228e-06 -7.468999842e+01 -7.468999842e+01 +4.8123e-01 -6.3728e-01 +3.2919e-01
22618 0 +1.411417628e-06 -7.468999859e+01 -7.468999859e+01 +4.8136e-01 -6.3734e-01 +3.2921e-01
22817 0 +1.258870938e-06 -7.468999874e+01 -7.468999874e+01 +4.8148e-01 -6.3740e-01 +3.2923e-01
23170 0 +1.121870781e-06 -7.468999888e+01 -7.468999888e+01 +4.8159e-01 -6.3746e-01 +3.2925e-01
23506 0 +9.992671153e-07 -7.468999900e+01 -7.468999900e+01 +4.8170e-01 -6.3752e-01 +3.2926e-01
23824 0 +8.907408500e-07 -7.468999911e+01 -7.468999911e+01 +4.8180e-01 -6.3757e-01 +3.2928e-01
24124 0 +7.931660662e-07 -7.468999921e+01 -7.468999921e+01 +4.8189e-01 -6.3762e-01 +3.2930e-01
24406 0 +7.073926724e-07 -7.468999929e+01 -7.468999929e+01 +4.8198e-01 -6.3767e-01 +3.2931e-01
24670 0 +6.309358582e-07 -7.468999937e+01 -7.468999937e+01 +4.8207e-01 -6.3771e-01 +3.2932e-01
24922 0 +5.622006682e-07 -7.468999944e+01 -7.468999944e+01 +4.8215e-01 -6.3775e-01 +3.2934e-01
25162 0 +5.009649442e-07 -7.468999950e+01 -7.468999950e+01 +4.8222e-01 -6.3779e-01 +3.2935e-01
25385 0 +4.464351804e-07 -7.468999955e+01 -7.468999955e+01 +4.8229e-01 -6.3783e-01 +3.2936e-01
25594 0 +3.981001981e-07 -7.468999960e+01 -7.468999960e+01 +4.8236e-01 -6.3786e-01 +3.2937e-01
25798 0 +3.546081047e-07 -7.468999965e+01 -7.468999965e+01 +4.8242e-01 -6.3789e-01 +3.2939e-01
25985 0 +3.160581770e-07 -7.468999968e+01 -7.468999968e+01 +4.8248e-01 -6.3793e-01 +3.2940e-01
26285 0 +2.817544953e-07 -7.468999972e+01 -7.468999972e+01 +4.8254e-01 -6.3796e-01 +3.2940e-01
26626 0 +2.507295562e-07 -7.468999975e+01 -7.468999975e+01 +4.8259e-01 -6.3798e-01 +3.2941e-01
26938 0 +2.238220134e-07 -7.468999978e+01 -7.468999978e+01 +4.8264e-01 -6.3801e-01 +3.2942e-01
27244 0 +1.991548544e-07 -7.468999980e+01 -7.468999980e+01 +4.8269e-01 -6.3803e-01 +3.2943e-01
27526 0 +1.776172809e-07 -7.468999982e+01 -7.468999982e+01 +4.8274e-01 -6.3806e-01 +3.2944e-01
27790 0 +1.584172935e-07 -7.468999984e+01 -7.468999984e+01 +4.8278e-01 -6.3808e-01 +3.2944e-01
28042 0 +1.411289361e-07 -7.468999986e+01 -7.468999986e+01 +4.8282e-01 -6.3810e-01 +3.2945e-01
28283 0 +1.258909208e-07 -7.468999987e+01 -7.468999987e+01 +4.8286e-01 -6.3812e-01 +3.2946e-01
28504 0 +1.121522359e-07 -7.468999989e+01 -7.468999989e+01 +4.8289e-01 -6.3814e-01 +3.2946e-01
28720 0 +9.990198180e-08 -7.468999990e+01 -7.468999990e+01 +4.8293e-01 -6.3816e-01 +3.2947e-01
28924 0 +8.906215498e-08 -7.468999991e+01 -7.468999991e+01 +4.8296e-01 -6.3817e-01 +3.2947e-01
29111 0 +7.941409308e-08 -7.468999992e+01 -7.468999992e+01 +4.8299e-01 -6.3819e-01 +3.2948e-01
29290 0 +7.075404085e-08 -7.468999993e+01 -7.468999993e+01 +4.8302e-01 -6.3820e-01 +3.2949e-01
29554 0 +6.303653777e-08 -7.468999994e+01 -7.468999994e+01 +4.8304e-01 -6.3822e-01 +3.2949e-01
29872 0 +5.622251820e-08 -7.468999994e+01 -7.468999994e+01 +4.8307e-01 -6.3823e-01 +3.2949e-01
30000 0 +5.352691801e-08 -7.468999995e+01 -7.468999995e+01 +4.8308e-01 -6.3823e-01 +3.2950e-01
% f evaluations | g evaluations | best noise-free fitness - Fopt (1.853000000000e+01) + sum g_i+ | measured fitness | best measured fitness or single-digit g-values | x1 | x2...
1 0 +1.300000000e+01 +3.153000000e+01 +3.153000000e+01 +0.0000e+00 +0.0000e+00 +0.0000e+00
502 0 +1.213157884e+01 +3.066157884e+01 +3.066157884e+01 -1.3066e+00 -3.1701e+00 +7.6530e-01
526 0 +9.209026941e+00 +2.773902694e+01 +2.773902694e+01 -6.1524e-01 -1.7038e+00 +0.0000e+00
540 0 +8.449404890e-01 +1.937494049e+01 +1.937494049e+01 -6.1524e-01 -1.4536e+00 +0.0000e+00
557 0 +1.644186058e-01 +1.869441861e+01 +1.869441861e+01 -6.1524e-01 -1.5161e+00 +0.0000e+00
579 0 +1.519467964e-01 +1.868194680e+01 +1.868194680e+01 -6.2306e-01 -1.5161e+00 +0.0000e+00
581 0 +1.361690125e-01 +1.866616901e+01 +1.866616901e+01 -6.2306e-01 -1.5240e+00 +0.0000e+00
750 0 +1.258862868e-01 +1.865588629e+01 +1.865588629e+01 -6.1671e-01 -1.5073e+00 -9.2834e-03
1536 0 +1.121938801e-01 +1.864219388e+01 +1.864219388e+01 -5.9717e-01 -1.4626e+00 -2.5896e-02
2574 0 +9.994969052e-02 +1.862994969e+01 +1.862994969e+01 -5.7909e-01 -1.4204e+00 -4.1287e-02
3540 0 +8.907811322e-02 +1.861907811e+01 +1.861907811e+01 -5.6223e-01 -1.3810e+00 -5.5212e-02
4440 0 +7.943097888e-02 +1.860943098e+01 +1.860943098e+01 -5.4660e-01 -1.3444e+00 -6.7915e-02
5292 0 +7.074017014e-02 +1.860074017e+01 +1.860074017e+01 -5.3194e-01 -1.3097e+00 -7.9886e-02
6084 0 +6.307525350e-02 +1.859307525e+01 +1.859307525e+01 -5.1850e-01 -1.2775e+00 -9.0635e-02
6828 0 +5.620415836e-02 +1.858620416e+01 +1.858620416e+01 -5.0580e-01 -1.2472e+00 -1.0065e-01
7524 0 +5.011240969e-02 +1.858011241e+01 +1.858011241e+01 -4.9407e-01 -1.2188e+00 -1.0993e-01
8176 0 +4.466660786e-02 +1.857466661e+01 +1.857466661e+01 -4.8283e-01 -1.1924e+00 -1.1873e-01
8788 0 +3.980226402e-02 +1.856980226e+01 +1.856980226e+01 -4.7257e-01 -1.1675e+00 -1.2655e-01
9360 0 +3.546194971e-02 +1.856546195e+01 +1.856546195e+01 -4.6305e-01 -1.1441e+00 -1.3388e-01
9900 0 +3.159322877e-02 +1.856159323e+01 +1.856159323e+01 -4.5401e-01 -1.1221e+00 -1.4072e-01
10404 0 +2.817455757e-02 +1.855817456e+01 +1.855817456e+01 -4.4570e-01 -1.1016e+00 -1.4707e-01
10882 0 +2.511747170e-02 +1.855511747e+01 +1.855511747e+01 -4.3764e-01 -1.0823e+00 -1.5293e-01
11328 0 +2.235434980e-02 +1.855235435e+01 +1.855235435e+01 -4.3031e-01 -1.0639e+00 -1.5831e-01
11748 0 +1.991839585e-02 +1.854991840e+01 +1.854991840e+01 -4.2347e-01 -1.0468e+00 -1.6344e-01
12138 0 +1.777604976e-02 +1.854777605e+01 +1.854777605e+01 -4.1712e-01 -1.0310e+00 -1.6808e-01
12510 0 +1.583107403e-02 +1.854583107e+01 +1.854583107e+01 -4.1101e-01 -1.0158e+00 -1.7248e-01
12858 0 +1.412052112e-02 +1.854412052e+01 +1.854412052e+01 -4.0539e-01 -1.0016e+00 -1.7638e-01
13183 0 +1.258582033e-02 +1.854258582e+01 +1.854258582e+01 -4.0002e-01 -9.8845e-01 -1.8029e-01
13560 0 +1.121227111e-02 +1.854121227e+01 +1.854121227e+01 -3.9501e-01 -9.7587e-01 -1.8371e-01
14136 0 +9.999824381e-03 +1.853999982e+01 +1.853999982e+01 -3.9037e-01 -9.6414e-01 -1.8701e-01
14682 0 +8.912043523e-03 +1.853891204e+01 +1.853891204e+01 -3.8597e-01 -9.5303e-01 -1.9006e-01
15198 0 +7.937485048e-03 +1.853793749e+01 +1.853793749e+01 -3.8182e-01 -9.4252e-01 -1.9300e-01
15678 0 +7.077293623e-03 +1.853707729e+01 +1.853707729e+01 -3.7791e-01 -9.3275e-01 -1.9556e-01
16134 0 +6.303233695e-03 +1.853630323e+01 +1.853630323e+01 -3.7424e-01 -9.2347e-01 -1.9813e-01
16560 0 +5.620256789e-03 +1.853562026e+01 +1.853562026e+01 -3.7082e-01 -9.1479e-01 -2.0045e-01
16968 0 +5.001363577e-03 +1.853500136e+01 +1.853500136e+01 -3.6753e-01 -9.0649e-01 -2.0265e-01
17346 0 +4.462649622e-03 +1.853446265e+01 +1.853446265e+01 -3.6459e-01 -8.9879e-01 -2.0472e-01
17704 0 +3.979243228e-03 +1.853397924e+01 +1.853397924e+01 -3.6166e-01 -8.9159e-01 -2.0655e-01
18040 0 +3.547356455e-03 +1.853354736e+01 +1.853354736e+01 -3.5897e-01 -8.8475e-01 -2.0839e-01
18355 0 +3.161149776e-03 +1.853316115e+01 +1.853316115e+01 -3.5653e-01 -8.7827e-01 -2.1010e-01
18658 0 +2.815474871e-03 +1.853281547e+01 +1.853281547e+01 -3.5409e-01 -8.7216e-01 -2.1169e-01
18936 0 +2.510686700e-03 +1.853251069e+01 +1.853251069e+01 -3.5189e-01 -8.6642e-01 -2.1303e-01
19200 0 +2.237586611e-03 +1.853223759e+01 +1.853223759e+01 -3.4981e-01 -8.6105e-01 -2.1449e-01
19456 0 +1.993612009e-03 +1.853199361e+01 +1.853199361e+01 -3.4774e-01 -8.5592e-01 -2.1584e-01
19836 0 +1.777367148e-03 +1.853177737e+01 +1.853177737e+01 -3.4597e-01 -8.5115e-01 -2.1700e-01
20280 0 +1.584322744e-03 +1.853158432e+01 +1.853158432e+01 -3.4419e-01 -8.4664e-01 -2.1810e-01
20700 0 +1.411556058e-03 +1.853141156e+01 +1.853141156e+01 -3.4255e-01 -8.4236e-01 -2.1920e-01
21096 0 +1.257961238e-03 +1.853125796e+01 +1.853125796e+01 -3.4096e-01 -8.3833e-01 -2.2017e-01
21468 0 +1.120853160e-03 +1.853112085e+01 +1.853112085e+01 -3.3949e-01 -8.3454e-01 -2.2115e-01
21822 0 +9.994364469e-04 +1.853099944e+01 +1.853099944e+01 -3.3815e-01 -8.3094e-01 -2.2207e-01
22152 0 +8.901008305e-04 +1.853089010e+01 +1.853089010e+01 -3.3680e-01 -8.2758e-01 -2.2286e-01
22464 0 +7.933289096e-04 +1.853079333e+01 +1.853079333e+01 -3.3558e-01 -8.2440e-01 -2.2366e-01
22758 0 +7.072738507e-04 +1.853070727e+01 +1.853070727e+01 -3.3442e-01 -8.2141e-01 -2.2439e-01
23040 0 +6.292083466e-04 +1.853062921e+01 +1.853062921e+01 -3.3332e-01 -8.1854e-01 -2.2512e-01
23302 0 +5.621315683e-04 +1.853056213e+01 +1.853056213e+01 -3.3228e-01 -8.1591e-01 -2.2573e-01
23554 0 +5.011508371e-04 +1.853050115e+01 +1.853050115e+01 -3.3134e-01 -8.1341e-01 -2.2634e-01
24018 0 +4.463586580e-04 +1.853044636e+01 +1.853044636e+01 -3.3042e-01 -8.1103e-01 -2.2695e-01
24462 0 +3.975529838e-04 +1.853039755e+01 +1.853039755e+01 -3.2957e-01 -8.0877e-01 -2.2750e-01
24876 0 +3.543780313e-04 +1.853035438e+01 +1.853035438e+01 -3.2874e-01 -8.0666e-01 -2.2799e-01
25266 0 +3.159560957e-04 +1.853031596e+01 +1.853031596e+01 -3.2798e-01 -8.0468e-01 -2.2848e-01
25638 0 +2.817724777e-04 +1.853028177e+01 +1.853028177e+01 -3.2728e-01 -8.0278e-01 -2.2894e-01
25986 0 +2.508463442e-04 +1.853025085e+01 +1.853025085e+01 -3.2657e-01 -8.0101e-01 -2.2937e-01
26316 0 +2.235493901e-04 +1.853022355e+01 +1.853022355e+01 -3.2593e-01 -7.9933e-01 -2.2976e-01
26628 0 +1.990698371e-04 +1.853019907e+01 +1.853019907e+01 -3.2532e-01 -7.9774e-01 -2.3016e-01
26922 0 +1.774398774e-04 +1.853017744e+01 +1.853017744e+01 -3.2474e-01 -7.9625e-01 -2.3050e-01
27198 0 +1.583920038e-04 +1.853015839e+01 +1.853015839e+01 -3.2422e-01 -7.9484e-01 -2.3083e-01
27456 0 +1.410407549e-04 +1.853014104e+01 +1.853014104e+01 -3.2370e-01 -7.9353e-01 -2.3117e-01
27706 0 +1.257396952e-04 +1.853012574e+01 +1.853012574e+01 -3.2322e-01 -7.9228e-01 -2.3147e-01
28128 0 +1.121132537e-04 +1.853011211e+01 +1.853011211e+01 -3.2277e-01 -7.9110e-01 -2.3175e-01
28566 0 +9.994057677e-05 +1.853009994e+01 +1.853009994e+01 -3.2235e-01 -7.8999e-01 -2.3201e-01
28981 0 +8.911265250e-05 +1.853008911e+01 +1.853008911e+01 -3.2195e-01 -7.8893e-01 -2.3227e-01
29370 0 +7.942295432e-05 +1.853007942e+01 +1.853007942e+01 -3.2157e-01 -7.8794e-01 -2.3250e-01
29742 0 +7.069059049e-05 +1.853007069e+01 +1.853007069e+01 -3.2120e-01 -7.8700e-01 -2.3273e-01
30000 0 +6.499924521e-05 +1.853006500e+01 +1.853006500e+01 -3.2096e-01 -7.8634e-01 -2.3288e-01
% f evaluations | g evaluations | best noise-free fitness - Fopt (-3.444000000000e+01) + sum g_i+ | measured fitness | best measured fitness or single-digit g-values | x1 | x2...
1 0 +1.300000000e+01 -2.144000000e+01 -2.144000000e+01 +0.0000e+00 +0.0000e+00 +0.0000e+00
535 0 +9.949746083e+00 -2.449025392e+01 -2.449025392e+01 +4.1935e-01 -9.9376e-01 -5.0032e-01
546 0 +5.501414791e+00 -2.893858521e+01 -2.893858521e+01 +4.1935e-01 -7.4360e-01 -5.0032e-01
548 0 +3.237989329e+00 -3.120201067e+01 -3.120201067e+01 +4.1935e-01 -7.4360e-01 -2.5016e-01
575 0 +2.665716400e+00 -3.177428360e+01 -3.177428360e+01 +6.0697e-01 -8.0614e-01 -2.5016e-01
633 0 +2.503797891e+00 -3.193620211e+01 -3.193620211e+01 +5.2879e-01 -8.0614e-01 -2.9707e-01
699 0 +2.233093962e+00 -3.220690604e+01 -3.220690604e+01 +3.5681e-01 -7.9050e-01 -3.4397e-01
747 0 +1.963320933e+00 -3.247667907e+01 -3.247667907e+01 +2.3173e-01 -7.2796e-01 -3.7524e-01
777 0 +1.746278007e+00 -3.269372199e+01 -3.269372199e+01 +1.5355e-01 -6.6542e-01 -4.0651e-01
799 0 +1.576324869e+00 -3.286367513e+01 -3.286367513e+01 +1.0664e-01 -6.0288e-01 -4.2215e-01
822 0 +1.403651187e+00 -3.303634881e+01 -3.303634881e+01 +5.9739e-02 -5.4034e-01 -4.2215e-01
846 0 +1.248148050e+00 -3.319185195e+01 -3.319185195e+01 +2.8469e-02 -4.7780e-01 -4.3778e-01
870 0 +1.104713573e+00 -3.333528643e+01 -3.333528643e+01 -2.8015e-03 -4.1526e-01 -4.3778e-01
894 0 +9.866600798e-01 -3.345333992e+01 -3.345333992e+01 -1.8437e-02 -3.5272e-01 -4.3778e-01
918 0 +8.885614745e-01 -3.355143853e+01 -3.355143853e+01 -3.4072e-02 -2.9018e-01 -4.3778e-01
936 0 +7.894344576e-01 -3.365056554e+01 -3.365056554e+01 -4.9707e-02 -2.4327e-01 -4.2215e-01
956 0 +7.036379807e-01 -3.373636202e+01 -3.373636202e+01 -6.5342e-02 -1.9637e-01 -4.0651e-01
974 0 +6.299570141e-01 -3.381004299e+01 -3.381004299e+01 -8.0977e-02 -1.4946e-01 -3.9088e-01
1002 0 +5.583591982e-01 -3.388164080e+01 -3.388164080e+01 -8.8795e-02 -1.0256e-01 -3.8306e-01
1038 0 +5.008099740e-01 -3.393919003e+01 -3.393919003e+01 -9.6612e-02 -5.5653e-02 -3.6743e-01
1068 0 +4.459445380e-01 -3.399405546e+01 -3.399405546e+01 -1.0443e-01 -1.6565e-02 -3.4397e-01
1104 0 +3.925377789e-01 -3.404746222e+01 -3.404746222e+01 -1.1225e-01 +3.0341e-02 -3.2052e-01
1158 0 +3.533748155e-01 -3.408662518e+01 -3.408662518e+01 -1.2007e-01 +6.1611e-02 -3.0098e-01
1214 0 +3.156876670e-01 -3.412431233e+01 -3.412431233e+01 -1.2788e-01 +9.6790e-02 -2.7752e-01
1272 0 +2.794369052e-01 -3.416056309e+01 -3.416056309e+01 -1.3179e-01 +1.3588e-01 -2.5407e-01
1320 0 +2.495630833e-01 -3.419043692e+01 -3.419043692e+01 -1.3961e-01 +1.6715e-01 -2.3453e-01
1368 0 +2.228959856e-01 -3.421710401e+01 -3.421710401e+01 -1.4352e-01 +1.9842e-01 -2.1107e-01
1416 0 +1.978007567e-01 -3.424219924e+01 -3.424219924e+01 -1.5134e-01 +2.2969e-01 -1.8762e-01
1470 0 +1.777761903e-01 -3.426222381e+01 -3.426222381e+01 -1.5329e-01 +2.5314e-01 -1.6612e-01
1554 0 +1.582538353e-01 -3.428174616e+01 -3.428174616e+01 -1.5720e-01 +2.8050e-01 -1.4267e-01
1632 0 +1.405038510e-01 -3.429949615e+01 -3.429949615e+01 -1.6306e-01 +3.0591e-01 -1.2117e-01
1704 0 +1.253301858e-01 -3.431466981e+01 -3.431466981e+01 -1.6697e-01 +3.2936e-01 -9.9674e-02
1776 0 +1.112755682e-01 -3.432872443e+01 -3.432872443e+01 -1.7088e-01 +3.5282e-01 -7.8176e-02
1844 0 +9.933611732e-02 -3.434066388e+01 -3.434066388e+01 -1.7283e-01 +3.7431e-01 -5.6677e-02
1902 0 +8.888400195e-02 -3.435111600e+01 -3.435111600e+01 -1.7674e-01 +3.9386e-01 -3.9088e-02
1962 0 +7.892438583e-02 -3.436107561e+01 -3.436107561e+01 -1.8065e-01 +4.1340e-01 -1.9544e-02
2018 0 +7.046448925e-02 -3.436953551e+01 -3.436953551e+01 -1.8261e-01 +4.3099e-01 -2.7842e-16
2130 0 +6.306217360e-02 -3.437693783e+01 -3.437693783e+01 -1.8554e-01 +4.4760e-01 +1.6612e-02
2234 0 +5.621961160e-02 -3.438378039e+01 -3.438378039e+01 -1.8847e-01 +4.6324e-01 +3.4202e-02
2330 0 +5.007956301e-02 -3.438992044e+01 -3.438992044e+01 -1.9140e-01 +4.7887e-01 +4.9837e-02
2432 0 +4.466655089e-02 -3.439533345e+01 -3.439533345e+01 -1.9335e-01 +4.9353e-01 +6.6449e-02
2526 0 +3.975385317e-02 -3.440024615e+01 -3.440024615e+01 -1.9629e-01 +5.0721e-01 +8.1107e-02
2616 0 +3.545877373e-02 -3.440454123e+01 -3.440454123e+01 -1.9824e-01 +5.2089e-01 +9.5765e-02
2702 0 +3.157257547e-02 -3.440842742e+01 -3.440842742e+01 -2.0020e-01 +5.3262e-01 +1.1042e-01
2786 0 +2.814759625e-02 -3.441185240e+01 -3.441185240e+01 -2.0215e-01 +5.4435e-01 +1.2410e-01
2912 0 +2.511096953e-02 -3.441488903e+01 -3.441488903e+01 -2.0459e-01 +5.5510e-01 +1.3583e-01
3068 0 +2.230968763e-02 -3.441769031e+01 -3.441769031e+01 -2.0606e-01 +5.6584e-01 +1.4853e-01
3210 0 +1.990661207e-02 -3.442009339e+01 -3.442009339e+01 -2.0801e-01 +5.7562e-01 +1.5977e-01
3344 0 +1.773771263e-02 -3.442226229e+01 -3.442226229e+01 -2.0948e-01 +5.8490e-01 +1.7101e-01
3476 0 +1.580628508e-02 -3.442419371e+01 -3.442419371e+01 -2.1094e-01 +5.9369e-01 +1.8176e-01
3600 0 +1.412227559e-02 -3.442587772e+01 -3.442587772e+01 -2.1241e-01 +6.0200e-01 +1.9153e-01
3716 0 +1.255304072e-02 -3.442744696e+01 -3.442744696e+01 -2.1388e-01 +6.0982e-01 +2.0130e-01
3890 0 +1.119688112e-02 -3.442880312e+01 -3.442880312e+01 -2.1534e-01 +6.1715e-01 +2.1034e-01
4104 0 +9.985736213e-03 -3.443001426e+01 -3.443001426e+01 -2.1656e-01 +6.2423e-01 +2.1889e-01
4308 0 +8.911692482e-03 -3.443108831e+01 -3.443108831e+01 -2.1754e-01 +6.3083e-01 +2.2720e-01
4496 0 +7.940036846e-03 -3.443205996e+01 -3.443205996e+01 -2.1876e-01 +6.3694e-01 +2.3502e-01
4686 0 +7.067337854e-03 -3.443293266e+01 -3.443293266e+01 -2.1974e-01 +6.4304e-01 +2.4259e-01
4860 0 +6.301649218e-03 -3.443369835e+01 -3.443369835e+01 -2.2072e-01 +6.4866e-01 +2.4967e-01
5018 0 +5.622297323e-03 -3.443437770e+01 -3.443437770e+01 -2.2169e-01 +6.5379e-01 +2.5627e-01
5178 0 +5.002399756e-03 -3.443499760e+01 -3.443499760e+01 -2.2267e-01 +6.5892e-01 +2.6262e-01
5330 0 +4.462199933e-03 -3.443553780e+01 -3.443553780e+01 -2.2340e-01 +6.6356e-01 +2.6897e-01
5462 0 +3.978699314e-03 -3.443602130e+01 -3.443602130e+01 -2.2438e-01 +6.6796e-01 +2.7435e-01
5664 0 +3.546604245e-03 -3.443645340e+01 -3.443645340e+01 -2.2511e-01 +6.7224e-01 +2.7972e-01
5918 0 +3.153367883e-03 -3.443684663e+01 -3.443684663e+01 -2.2585e-01 +6.7627e-01 +2.8497e-01
6158 0 +2.813344221e-03 -3.443718666e+01 -3.443718666e+01 -2.2646e-01 +6.7993e-01 +2.8986e-01
6386 0 +2.508966888e-03 -3.443749103e+01 -3.443749103e+01 -2.2707e-01 +6.8347e-01 +2.9450e-01
6602 0 +2.233592613e-03 -3.443776641e+01 -3.443776641e+01 -2.2768e-01 +6.8689e-01 +2.9890e-01
6800 0 +1.994334076e-03 -3.443800567e+01 -3.443800567e+01 -2.2829e-01 +6.8995e-01 +3.0293e-01
6996 0 +1.776089315e-03 -3.443822391e+01 -3.443822391e+01 -2.2890e-01 +6.9300e-01 +3.0684e-01
7176 0 +1.584593073e-03 -3.443841541e+01 -3.443841541e+01 -2.2939e-01 +6.9581e-01 +3.1050e-01
7350 0 +1.410892988e-03 -3.443858911e+01 -3.443858911e+01 -2.2988e-01 +6.9850e-01 +3.1405e-01
7518 0 +1.253726756e-03 -3.443874627e+01 -3.443874627e+01 -2.3037e-01 +7.0106e-01 +3.1747e-01
7668 0 +1.121146997e-03 -3.443887885e+01 -3.443887885e+01 -2.3073e-01 +7.0338e-01 +3.2052e-01
7818 0 +9.960429738e-04 -3.443900396e+01 -3.443900396e+01 -2.3122e-01 +7.0571e-01 +3.2357e-01
8060 0 +8.905508970e-04 -3.443910945e+01 -3.443910945e+01 -2.3153e-01 +7.0772e-01 +3.2632e-01
8324 0 +7.930421572e-04 -3.443920696e+01 -3.443920696e+01 -2.3189e-01 +7.0974e-01 +3.2901e-01
8570 0 +7.064947694e-04 -3.443929351e+01 -3.443929351e+01 -2.3226e-01 +7.1163e-01 +3.3151e-01
8804 0 +6.303623608e-04 -3.443936964e+01 -3.443936964e+01 -2.3256e-01 +7.1340e-01 +3.3390e-01
9030 0 +5.616672897e-04 -3.443943833e+01 -3.443943833e+01 -2.3287e-01 +7.1511e-01 +3.3616e-01
9236 0 +4.999641098e-04 -3.443950004e+01 -3.443950004e+01 -2.3318e-01 +7.1670e-01 +3.3829e-01
9428 0 +4.466654942e-04 -3.443955333e+01 -3.443955333e+01 -2.3348e-01 +7.1816e-01 +3.4025e-01
9620 0 +3.967830396e-04 -3.443960322e+01 -3.443960322e+01 -2.3373e-01 +7.1963e-01 +3.4220e-01
9798 0 +3.541284008e-04 -3.443964587e+01 -3.443964587e+01 -2.3397e-01 +7.2097e-01 +3.4397e-01
9962 0 +3.158124382e-04 -3.443968419e+01 -3.443968419e+01 -2.3421e-01 +7.2220e-01 +3.4568e-01
10256 0 +2.813125713e-04 -3.443971869e+01 -3.443971869e+01 -2.3443e-01 +7.2342e-01 +3.4727e-01
10550 0 +2.511799711e-04 -3.443974882e+01 -3.443974882e+01 -2.3464e-01 +7.2452e-01 +3.4877e-01
10838 0 +2.236654387e-04 -3.443977633e+01 -3.443977633e+01 -2.3482e-01 +7.2559e-01 +3.5023e-01
11102 0 +1.994275783e-04 -3.443980057e+01 -3.443980057e+01 -2.3501e-01 +7.2659e-01 +3.5158e-01
11354 0 +1.776874031e-04 -3.443982231e+01 -3.443982231e+01 -2.3519e-01 +7.2754e-01 +3.5286e-01
11592 0 +1.583792397e-04 -3.443984162e+01 -3.443984162e+01 -2.3537e-01 +7.2846e-01 +3.5405e-01
11816 0 +1.408867483e-04 -3.443985911e+01 -3.443985911e+01 -2.3553e-01 +7.2931e-01 +3.5521e-01
12032 0 +1.257028077e-04 -3.443987430e+01 -3.443987430e+01 -2.3565e-01 +7.3010e-01 +3.5631e-01
12230 0 +1.121181072e-04 -3.443988788e+01 -3.443988788e+01 -2.3580e-01 +7.3084e-01 +3.5732e-01
12422 0 +9.979251638e-05 -3.443990021e+01 -3.443990021e+01 -2.3592e-01 +7.3157e-01 +3.5830e-01
12602 0 +8.898676931e-05 -3.443991101e+01 -3.443991101e+01 -2.3605e-01 +7.3224e-01 +3.5921e-01
12770 0 +7.919929348e-05 -3.443992080e+01 -3.443992080e+01 -2.3617e-01 +7.3288e-01 +3.6007e-01
12926 0 +7.069322647e-05 -3.443992931e+01 -3.443992931e+01 -2.3629e-01 +7.3346e-01 +3.6086e-01
13130 0 +6.307747429e-05 -3.443993692e+01 -3.443993692e+01 -2.3640e-01 +7.3403e-01 +3.6161e-01
13418 0 +5.620944770e-05 -3.443994379e+01 -3.443994379e+01 -2.3649e-01 +7.3456e-01 +3.6234e-01
13688 0 +5.011576981e-05 -3.443994988e+01 -3.443994988e+01 -2.3658e-01 +7.3507e-01 +3.6303e-01
13944 0 +4.461072937e-05 -3.443995539e+01 -3.443995539e+01 -2.3667e-01 +7.3556e-01 +3.6367e-01
14180 0 +3.977009703e-05 -3.443996023e+01 -3.443996023e+01 -2.3676e-01 +7.3600e-01 +3.6428e-01
14408 0 +3.541170935e-05 -3.443996459e+01 -3.443996459e+01 -2.3684e-01 +7.3643e-01 +3.6486e-01
14618 0 +3.161857470e-05 -3.443996838e+01 -3.443996838e+01 -2.3692e-01 +7.3682e-01 +3.6540e-01
14822 0 +2.817127725e-05 -3.443997183e+01 -3.443997183e+01 -2.3698e-01 +7.3720e-01 +3.6591e-01
15018 0 +2.504997923e-05 -3.443997495e+01 -3.443997495e+01 -2.3705e-01 +7.3757e-01 +3.6640e-01
15194 0 +2.232664712e-05 -3.443997767e+01 -3.443997767e+01 -2.3711e-01 +7.3791e-01 +3.6686e-01
15506 0 +1.993886530e-05 -3.443998006e+01 -3.443998006e+01 -2.3717e-01 +7.3822e-01 +3.6729e-01
15828 0 +1.778175924e-05 -3.443998222e+01 -3.443998222e+01 -2.3723e-01 +7.3853e-01 +3.6769e-01
16134 0 +1.583295429e-05 -3.443998417e+01 -3.443998417e+01 -2.3728e-01 +7.3881e-01 +3.6808e-01
16418 0 +1.412301592e-05 -3.443998588e+01 -3.443998588e+01 -2.3733e-01 +7.3907e-01 +3.6845e-01
16692 0 +1.257884254e-05 -3.443998742e+01 -3.443998742e+01 -2.3737e-01 +7.3933e-01 +3.6879e-01
16946 0 +1.120245127e-05 -3.443998880e+01 -3.443998880e+01 -2.3742e-01 +7.3956e-01 +3.6912e-01
17186 0 +9.984032154e-06 -3.443999002e+01 -3.443999002e+01 -2.3747e-01 +7.3979e-01 +3.6943e-01
17414 0 +8.894190657e-06 -3.443999111e+01 -3.443999111e+01 -2.3750e-01 +7.4001e-01 +3.6972e-01
17630 0 +7.929762525e-06 -3.443999207e+01 -3.443999207e+01 -2.3754e-01 +7.4021e-01 +3.6999e-01
17834 0 +7.064586896e-06 -3.443999294e+01 -3.443999294e+01 -2.3757e-01 +7.4040e-01 +3.7025e-01
18027 0 +6.306959207e-06 -3.443999369e+01 -3.443999369e+01 -2.3761e-01 +7.4057e-01 +3.7049e-01
18210 0 +5.607436641e-06 -3.443999439e+01 -3.443999439e+01 -2.3764e-01 +7.4075e-01 +3.7072e-01
18384 0 +4.989261434e-06 -3.443999501e+01 -3.443999501e+01 -2.3767e-01 +7.4091e-01 +3.7095e-01
18620 0 +4.466199087e-06 -3.443999553e+01 -3.443999553e+01 -2.3770e-01 +7.4105e-01 +3.7114e-01
18926 0 +3.980092124e-06 -3.443999602e+01 -3.443999602e+01 -2.3772e-01 +7.4119e-01 +3.7134e-01
19214 0 +3.542298494e-06 -3.443999646e+01 -3.443999646e+01 -2.3775e-01 +7.4133e-01 +3.7152e-01
19488 0 +3.160042525e-06 -3.443999684e+01 -3.443999684e+01 -2.3777e-01 +7.4146e-01 +3.7169e-01
19742 0 +2.815825113e-06 -3.443999718e+01 -3.443999718e+01 -2.3779e-01 +7.4158e-01 +3.7186e-01
19988 0 +2.508735207e-06 -3.443999749e+01 -3.443999749e+01 -2.3781e-01 +7.4169e-01 +3.7201e-01
20214 0 +2.238535195e-06 -3.443999776e+01 -3.443999776e+01 -2.3784e-01 +7.4180e-01 +3.7216e-01
20433 0 +1.994004094e-06 -3.443999801e+01 -3.443999801e+01 -2.3786e-01 +7.4190e-01 +3.7230e-01
20636 0 +1.775914434e-06 -3.443999822e+01 -3.443999822e+01 -2.3787e-01 +7.4199e-01 +3.7243e-01
20828 0 +1.580974406e-06 -3.443999842e+01 -3.443999842e+01 -2.3789e-01 +7.4208e-01 +3.7255e-01
21008 0 +1.410239172e-06 -3.443999859e+01 -3.443999859e+01 -2.3791e-01 +7.4217e-01 +3.7266e-01
21183 0 +1.256339424e-06 -3.443999874e+01 -3.443999874e+01 -2.3792e-01 +7.4225e-01 +3.7277e-01
21344 0 +1.119711939e-06 -3.443999888e+01 -3.443999888e+01 -2.3793e-01 +7.4232e-01 +3.7288e-01
21498 0 +9.979129914e-07 -3.443999900e+01 -3.443999900e+01 -2.3795e-01 +7.4240e-01 +3.7297e-01
21764 0 +8.902625339e-07 -3.443999911e+01 -3.443999911e+01 -2.3796e-01 +7.4246e-01 +3.7306e-01
22040 0 +7.937685780e-07 -3.443999921e+01 -3.443999921e+01 -2.3797e-01 +7.4252e-01 +3.7315e-01
22296 0 +7.075737471e-07 -3.443999929e+01 -3.443999929e+01 -2.3798e-01 +7.4259e-01 +3.7323e-01
22542 0 +6.296027948e-07 -3.443999937e+01 -3.443999937e+01 -2.3799e-01 +7.4264e-01 +3.7331e-01
22770 0 +5.614515430e-07 -3.443999944e+01 -3.443999944e+01 -2.3800e-01 +7.4270e-01 +3.7338e-01
22982 0 +5.007952666e-07 -3.443999950e+01 -3.443999950e+01 -2.3801e-01 +7.4275e-01 +3.7345e-01
23192 0 +4.463560614e-07 -3.443999955e+01 -3.443999955e+01 -2.3802e-01 +7.4279e-01 +3.7352e-01
23382 0 +3.979884227e-07 -3.443999960e+01 -3.443999960e+01 -2.3803e-01 +7.4284e-01 +3.7358e-01
23564 0 +3.541656710e-07 -3.443999965e+01 -3.443999965e+01 -2.3804e-01 +7.4288e-01 +3.7364e-01
23738 0 +3.155115635e-07 -3.443999968e+01 -3.443999968e+01 -2.3804e-01 +7.4292e-01 +3.7369e-01
23996 0 +2.815158595e-07 -3.443999972e+01 -3.443999972e+01 -2.3805e-01 +7.4296e-01 +3.7374e-01
24302 0 +2.510261936e-07 -3.443999975e+01 -3.443999975e+01 -2.3806e-01 +7.4299e-01 +3.7379e-01
24594 0 +2.237229353e-07 -3.443999978e+01 -3.443999978e+01 -2.3806e-01 +7.4303e-01 +3.7384e-01
24866 0 +1.992761227e-07 -3.443999980e+01 -3.443999980e+01 -2.3807e-01 +7.4306e-01 +3.7388e-01
25124 0 +1.778221090e-07 -3.443999982e+01 -3.443999982e+01 -2.3808e-01 +7.4309e-01 +3.7392e-01
25370 0 +1.584033598e-07 -3.443999984e+01 -3.443999984e+01 -2.3808e-01 +7.4312e-01 +3.7396e-01
25602 0 +1.410216584e-07 -3.443999986e+01 -3.443999986e+01 -2.3809e-01 +7.4315e-01 +3.7400e-01
25820 0 +1.257762889e-07 -3.443999987e+01 -3.443999987e+01 -2.3809e-01 +7.4317e-01 +3.7403e-01
26024 0 +1.119872053e-07 -3.443999989e+01 -3.443999989e+01 -2.3809e-01 +7.4319e-01 +3.7406e-01
26216 0 +9.977193116e-08 -3.443999990e+01 -3.443999990e+01 -2.3810e-01 +7.4322e-01 +3.7410e-01
26396 0 +8.905362847e-08 -3.443999991e+01 -3.443999991e+01 -2.3810e-01 +7.4324e-01 +3.7412e-01
26582 0 +7.934438884e-08 -3.443999992e+01 -3.443999992e+01 -2.3811e-01 +7.4326e-01 +3.7415e-01
26906 0 +7.070518393e-08 -3.443999993e+01 -3.443999993e+01 -2.3811e-01 +7.4328e-01 +3.7418e-01
27212 0 +6.302444433e-08 -3.443999994e+01 -3.443999994e+01 -2.3811e-01 +7.4330e-01 +3.7420e-01
27506 0 +5.615977017e-08 -3.443999994e+01 -3.443999994e+01 -2.3812e-01 +7.4331e-01 +3.7423e-01
27780 0 +5.008366344e-08 -3.443999995e+01 -3.443999995e+01 -2.3812e-01 +7.4333e-01 +3.7425e-01
28040 0 +4.462183512e-08 -3.443999996e+01 -3.443999996e+01 -2.3812e-01 +7.4334e-01 +3.7427e-01
28280 0 +3.977433494e-08 -3.443999996e+01 -3.443999996e+01 -2.3813e-01 +7.4336e-01 +3.7429e-01
28514 0 +3.543701155e-08 -3.443999996e+01 -3.443999996e+01 -2.3813e-01 +7.4337e-01 +3.7431e-01
28734 0 +3.157789763e-08 -3.443999997e+01 -3.443999997e+01 -2.3813e-01 +7.4338e-01 +3.7432e-01
28934 0 +2.815747280e-08 -3.443999997e+01 -3.443999997e+01 -2.3813e-01 +7.4340e-01 +3.7434e-01
29136 0 +2.506131835e-08 -3.443999997e+01 -3.443999997e+01 -2.3813e-01 +7.4341e-01 +3.7435e-01
29318 0 +2.235384500e-08 -3.443999998e+01 -3.443999998e+01 -2.3814e-01 +7.4342e-01 +3.7437e-01
29486 0 +1.994578014e-08 -3.443999998e+01 -3.443999998e+01 -2.3814e-01 +7.4343e-01 +3.7438e-01
29648 0 +1.776912484e-08 -3.443999998e+01 -3.443999998e+01 -2.3814e-01 +7.4344e-01 +3.7440e-01
29810 0 +1.584400877e-08 -3.443999998e+01 -3.443999998e+01 -2.3814e-01 +7.4345e-01 +3.7441e-01
30000 0 +1.449499365e-08 -3.443999999e+01 -3.443999999e+01 -2.3814e-01 +7.4345e-01 +3.7442e-01
% f evaluations | g evaluations | best noise-free fitness - Fopt (7.741000000000e+01) + sum g_i+ | measured fitness | best measured fitness or single-digit g-values | x1 | x2...
1 0 +1.300000000e+01 +9.041000000e+01 +9.041000000e+01 +0.0000e+00 +0.0000e+00 +0.0000e+00
398 0 +1.205562179e+01 +8.946562179e+01 +8.946562179e+01 +2.4369e+00 +1.7501e+00 -1.5566e+00
544 0 +6.778304752e+00 +8.418830475e+01 +8.418830475e+01 +3.3042e+00 +2.6546e+00 -1.8148e+00
555 0 +3.647475314e+00 +8.105747531e+01 +8.105747531e+01 +3.2416e+00 +2.6546e+00 -1.6897e+00
559 0 +2.128559518e+00 +7.953855952e+01 +7.953855952e+01 +3.2416e+00 +2.6546e+00 -1.7522e+00
568 0 +1.741737207e+00 +7.915173721e+01 +7.915173721e+01 +3.2729e+00 +2.6546e+00 -1.7522e+00
584 0 +1.575776213e+00 +7.898577621e+01 +7.898577621e+01 +3.2573e+00 +2.6546e+00 -1.7366e+00
4047 0 +1.412500939e+00 +7.882250094e+01 +7.882250094e+01 +3.1119e+00 +2.4965e+00 -1.6899e+00
8681 0 +1.258886811e+00 +7.866888681e+01 +7.866888681e+01 +2.9319e+00 +2.3076e+00 -1.6262e+00
12903 0 +1.121966030e+00 +7.853196603e+01 +7.853196603e+01 +2.7657e+00 +2.1359e+00 -1.5666e+00
16743 0 +9.999735714e-01 +7.840997357e+01 +7.840997357e+01 +2.6126e+00 +1.9796e+00 -1.5109e+00
20243 0 +8.912142180e-01 +7.830121422e+01 +7.830121422e+01 +2.4714e+00 +1.8369e+00 -1.4588e+00
23451 0 +7.942505014e-01 +7.820425050e+01 +7.820425050e+01 +2.3407e+00 +1.7069e+00 -1.4100e+00
26415 0 +7.078641939e-01 +7.811786419e+01 +7.811786419e+01 +2.2200e+00 +1.5882e+00 -1.3643e+00
29157 0 +6.308894704e-01 +7.804088947e+01 +7.804088947e+01 +2.1083e+00 +1.4797e+00 -1.3215e+00
30000 0 +6.078713825e-01 +7.801787138e+01 +7.801787138e+01 +2.0741e+00 +1.4465e+00 -1.3084e+00
