% f evaluations | g evaluations | best noise-free fitness - Fopt (1.238300000000e+02) + sum g_i+ | measured fitness | best measured fitness or single-digit g-values | x1 | x2...
1 0 +6.500000000e+00 +1.303300000e+02 +1.303300000e+02 +0.0000e+00 +0.0000e+00
53 0 +4.960220504e+00 +1.287902205e+02 +1.287902205e+02 +3.8233e-01 +1.6241e+00
61 0 +3.733224372e+00 +1.275632244e+02 +1.275632244e+02 +3.7655e-01 +1.9498e+00
66 0 +2.745172609e+00 +1.265751726e+02 +1.265751726e+02 +1.4969e+00 +3.9566e+00
98 0 +3.916920396e-01 +1.242216920e+02 +1.242216920e+02 -1.4121e-01 -8.4008e-02
486 0 +3.512708567e-01 +1.241812709e+02 +1.241812709e+02 -1.6352e-01 -3.0832e-01
498 0 +3.095672316e-01 +1.241395672e+02 +1.241395672e+02 -1.6352e-01 -2.6142e-01
510 0 +2.782417419e-01 +1.241082417e+02 +1.241082417e+02 -1.6352e-01 -2.1451e-01
522 0 +2.507818833e-01 +1.240807819e+02 +1.240807819e+02 -1.6352e-01 -1.6761e-01
534 0 +2.189175096e-01 +1.240489175e+02 +1.240489175e+02 -1.7915e-01 -1.2070e-01
546 0 +1.951431001e-01 +1.240251431e+02 +1.240251431e+02 -1.7915e-01 -7.3795e-02
554 0 +1.731268744e-01 +1.240031269e+02 +1.240031269e+02 -1.6352e-01 -4.2525e-02
562 0 +1.529875520e-01 +1.239829876e+02 +1.239829876e+02 -1.6352e-01 -1.1254e-02
570 0 +1.344631032e-01 +1.239644631e+02 +1.239644631e+02 -1.6352e-01 +2.0016e-02
578 0 +1.193467149e-01 +1.239493467e+02 +1.239493467e+02 -1.6352e-01 +5.1286e-02
586 0 +1.099119377e-01 +1.239399119e+02 +1.239399119e+02 -1.6352e-01 +8.2557e-02
598 0 +9.862322543e-02 +1.239286232e+02 +1.239286232e+02 -1.5570e-01 +1.0601e-01
614 0 +8.785289303e-02 +1.239178529e+02 +1.239178529e+02 -1.5570e-01 +1.3728e-01
630 0 +7.698892251e-02 +1.239069889e+02 +1.239069889e+02 -1.4788e-01 +1.6855e-01
642 0 +7.019100493e-02 +1.239001910e+02 +1.239001910e+02 -1.4788e-01 +1.9200e-01
670 0 +6.277851668e-02 +1.238927785e+02 +1.238927785e+02 -1.4398e-01 +2.1936e-01
696 0 +5.595017074e-02 +1.238859502e+02 +1.238859502e+02 -1.3616e-01 +2.4282e-01
720 0 +4.995760119e-02 +1.238799576e+02 +1.238799576e+02 -1.3225e-01 +2.6627e-01
744 0 +4.443444091e-02 +1.238744344e+02 +1.238744344e+02 -1.3029e-01 +2.8581e-01
786 0 +3.966435571e-02 +1.238696644e+02 +1.238696644e+02 -1.2639e-01 +3.0731e-01
830 0 +3.521495725e-02 +1.238652150e+02 +1.238652150e+02 -1.2248e-01 +3.2881e-01
870 0 +3.142267839e-02 +1.238614227e+02 +1.238614227e+02 -1.1857e-01 +3.4835e-01
910 0 +2.788457257e-02 +1.238578846e+02 +1.238578846e+02 -1.1466e-01 +3.6790e-01
946 0 +2.488770281e-02 +1.238548877e+02 +1.238548877e+02 -1.1075e-01 +3.8549e-01
990 0 +2.235404054e-02 +1.238523540e+02 +1.238523540e+02 -1.0782e-01 +4.0210e-01
1054 0 +1.989748402e-02 +1.238498975e+02 +1.238498975e+02 -1.0391e-01 +4.1773e-01
1120 0 +1.775043096e-02 +1.238477504e+02 +1.238477504e+02 -1.0000e-01 +4.3337e-01
1178 0 +1.576428259e-02 +1.238457643e+02 +1.238457643e+02 -9.7070e-02 +4.4803e-01
1234 0 +1.409056375e-02 +1.238440906e+02 +1.238440906e+02 -9.4138e-02 +4.6171e-01
1290 0 +1.257672969e-02 +1.238425767e+02 +1.238425767e+02 -9.1207e-02 +4.7539e-01
1344 0 +1.115830689e-02 +1.238411583e+02 +1.238411583e+02 -8.7298e-02 +4.8809e-01
1390 0 +9.978732711e-03 +1.238399787e+02 +1.238399787e+02 -8.5344e-02 +4.9982e-01
1478 0 +8.903481944e-03 +1.238389035e+02 +1.238389035e+02 -8.2412e-02 +5.1008e-01
1570 0 +7.928129060e-03 +1.238379281e+02 +1.238379281e+02 -7.9969e-02 +5.2132e-01
1652 0 +7.060790568e-03 +1.238370608e+02 +1.238370608e+02 -7.7037e-02 +5.3109e-01
1730 0 +6.305168762e-03 +1.238363052e+02 +1.238363052e+02 -7.5083e-02 +5.4086e-01
1802 0 +5.602641704e-03 +1.238356026e+02 +1.238356026e+02 -7.2640e-02 +5.4966e-01
1874 0 +4.978487793e-03 +1.238349785e+02 +1.238349785e+02 -7.0197e-02 +5.5845e-01
1938 0 +4.451539250e-03 +1.238344515e+02 +1.238344515e+02 -6.8243e-02 +5.6627e-01
2026 0 +3.973446750e-03 +1.238339734e+02 +1.238339734e+02 -6.6288e-02 +5.7384e-01
2146 0 +3.544385243e-03 +1.238335444e+02 +1.238335444e+02 -6.4578e-02 +5.8117e-01
2258 0 +3.153825914e-03 +1.238331538e+02 +1.238331538e+02 -6.2624e-02 +5.8801e-01
2366 0 +2.805836417e-03 +1.238328058e+02 +1.238328058e+02 -6.0914e-02 +5.9461e-01
2468 0 +2.506800939e-03 +1.238325068e+02 +1.238325068e+02 -5.9204e-02 +6.0071e-01
2562 0 +2.228490213e-03 +1.238322285e+02 +1.238322285e+02 -5.7738e-02 +6.0658e-01
2650 0 +1.992102082e-03 +1.238319921e+02 +1.238319921e+02 -5.6272e-02 +6.1195e-01
2740 0 +1.769888863e-03 +1.238317699e+02 +1.238317699e+02 -5.4806e-02 +6.1733e-01
2818 0 +1.577752087e-03 +1.238315778e+02 +1.238315778e+02 -5.3585e-02 +6.2221e-01
2894 0 +1.408110950e-03 +1.238314081e+02 +1.238314081e+02 -5.2363e-02 +6.2685e-01
2966 0 +1.253912878e-03 +1.238312539e+02 +1.238312539e+02 -5.1142e-02 +6.3125e-01
3054 0 +1.121636277e-03 +1.238311216e+02 +1.238311216e+02 -5.0042e-02 +6.3528e-01
3182 0 +9.999951986e-04 +1.238310000e+02 +1.238310000e+02 -4.8943e-02 +6.3919e-01
3308 0 +8.908430817e-04 +1.238308908e+02 +1.238308908e+02 -4.7844e-02 +6.4298e-01
3422 0 +7.938018972e-04 +1.238307938e+02 +1.238307938e+02 -4.6989e-02 +6.4652e-01
3530 0 +7.065625971e-04 +1.238307066e+02 +1.238307066e+02 -4.6011e-02 +6.4982e-01
3634 0 +6.290008771e-04 +1.238306290e+02 +1.238306290e+02 -4.5156e-02 +6.5299e-01
3732 0 +5.616372494e-04 +1.238305616e+02 +1.238305616e+02 -4.4301e-02 +6.5593e-01
3822 0 +5.003153332e-04 +1.238305003e+02 +1.238305003e+02 -4.3568e-02 +6.5874e-01
3910 0 +4.455151420e-04 +1.238304455e+02 +1.238304455e+02 -4.2836e-02 +6.6142e-01
3990 0 +3.979406850e-04 +1.238303979e+02 +1.238303979e+02 -4.2103e-02 +6.6387e-01
4098 0 +3.547644959e-04 +1.238303548e+02 +1.238303548e+02 -4.1492e-02 +6.6625e-01
4246 0 +3.153489631e-04 +1.238303153e+02 +1.238303153e+02 -4.0820e-02 +6.6851e-01
4386 0 +2.814277079e-04 +1.238302814e+02 +1.238302814e+02 -4.0270e-02 +6.7065e-01
4516 0 +2.508690630e-04 +1.238302509e+02 +1.238302509e+02 -3.9660e-02 +6.7260e-01
4638 0 +2.235240995e-04 +1.238302235e+02 +1.238302235e+02 -3.9171e-02 +6.7449e-01
4756 0 +1.995198908e-04 +1.238301995e+02 +1.238301995e+02 -3.8621e-02 +6.7626e-01
4866 0 +1.773942440e-04 +1.238301774e+02 +1.238301774e+02 -3.8194e-02 +6.7797e-01
4972 0 +1.579720681e-04 +1.238301580e+02 +1.238301580e+02 -3.7705e-02 +6.7956e-01
5070 0 +1.404510843e-04 +1.238301405e+02 +1.238301405e+02 -3.7278e-02 +6.8109e-01
5158 0 +1.258465802e-04 +1.238301258e+02 +1.238301258e+02 -3.6911e-02 +6.8243e-01
5246 0 +1.122008497e-04 +1.238301122e+02 +1.238301122e+02 -3.6545e-02 +6.8378e-01
5386 0 +9.980640189e-05 +1.238300998e+02 +1.238300998e+02 -3.6178e-02 +6.8506e-01
5542 0 +8.899507834e-05 +1.238300890e+02 +1.238300890e+02 -3.5842e-02 +6.8625e-01
5690 0 +7.925470948e-05 +1.238300793e+02 +1.238300793e+02 -3.5507e-02 +6.8738e-01
5830 0 +7.061490930e-05 +1.238300706e+02 +1.238300706e+02 -3.5201e-02 +6.8845e-01
5962 0 +6.290968606e-05 +1.238300629e+02 +1.238300629e+02 -3.4926e-02 +6.8946e-01
6086 0 +5.607707516e-05 +1.238300561e+02 +1.238300561e+02 -3.4652e-02 +6.9040e-01
6202 0 +5.006840837e-05 +1.238300501e+02 +1.238300501e+02 -3.4407e-02 +6.9129e-01
6314 0 +4.457058701e-05 +1.238300446e+02 +1.238300446e+02 -3.4163e-02 +6.9214e-01
6422 0 +3.957374690e-05 +1.238300396e+02 +1.238300396e+02 -3.3919e-02 +6.9297e-01
6520 0 +3.541737765e-05 +1.238300354e+02 +1.238300354e+02 -3.3705e-02 +6.9370e-01
6610 0 +3.161103911e-05 +1.238300316e+02 +1.238300316e+02 -3.3522e-02 +6.9440e-01
6702 0 +2.802390063e-05 +1.238300280e+02 +1.238300280e+02 -3.3308e-02 +6.9511e-01
6786 0 +2.494803736e-05 +1.238300249e+02 +1.238300249e+02 -3.3125e-02 +6.9575e-01
6862 0 +2.232064861e-05 +1.238300223e+02 +1.238300223e+02 -3.2972e-02 +6.9633e-01
6954 0 +1.988116443e-05 +1.238300199e+02 +1.238300199e+02 -3.2804e-02 +6.9689e-01
7094 0 +1.772086064e-05 +1.238300177e+02 +1.238300177e+02 -3.2651e-02 +6.9743e-01
7226 0 +1.581701359e-05 +1.238300158e+02 +1.238300158e+02 -3.2514e-02 +6.9793e-01
7350 0 +1.410103194e-05 +1.238300141e+02 +1.238300141e+02 -3.2377e-02 +6.9840e-01
7470 0 +1.253739219e-05 +1.238300125e+02 +1.238300125e+02 -3.2239e-02 +6.9886e-01
7582 0 +1.116598490e-05 +1.238300112e+02 +1.238300112e+02 -3.2117e-02 +6.9929e-01
7686 0 +9.971691512e-06 +1.238300100e+02 +1.238300100e+02 -3.2010e-02 +6.9969e-01
7786 0 +8.893033950e-06 +1.238300089e+02 +1.238300089e+02 -3.1903e-02 +7.0007e-01
7878 0 +7.923219712e-06 +1.238300079e+02 +1.238300079e+02 -3.1796e-02 +7.0042e-01
7982 0 +7.078701515e-06 +1.238300071e+02 +1.238300071e+02 -3.1705e-02 +7.0076e-01
8150 0 +6.307938563e-06 +1.238300063e+02 +1.238300063e+02 -3.1613e-02 +7.0108e-01
8306 0 +5.618802803e-06 +1.238300056e+02 +1.238300056e+02 -3.1521e-02 +7.0137e-01
8458 0 +5.011295599e-06 +1.238300050e+02 +1.238300050e+02 -3.1445e-02 +7.0166e-01
8600 0 +4.456681566e-06 +1.238300045e+02 +1.238300045e+02 -3.1361e-02 +7.0193e-01
8730 0 +3.975438091e-06 +1.238300040e+02 +1.238300040e+02 -3.1292e-02 +7.0218e-01
8854 0 +3.547169285e-06 +1.238300035e+02 +1.238300035e+02 -3.1224e-02 +7.0242e-01
8976 0 +3.158615584e-06 +1.238300032e+02 +1.238300032e+02 -3.1155e-02 +7.0265e-01
9088 0 +2.814535762e-06 +1.238300028e+02 +1.238300028e+02 -3.1094e-02 +7.0286e-01
9194 0 +2.506733111e-06 +1.238300025e+02 +1.238300025e+02 -3.1040e-02 +7.0307e-01
9296 0 +2.230251354e-06 +1.238300022e+02 +1.238300022e+02 -3.0979e-02 +7.0326e-01
9386 0 +1.991738117e-06 +1.238300020e+02 +1.238300020e+02 -3.0934e-02 +7.0344e-01
9478 0 +1.766607269e-06 +1.238300018e+02 +1.238300018e+02 -3.0880e-02 +7.0361e-01
9578 0 +1.582491308e-06 +1.238300016e+02 +1.238300016e+02 -3.0838e-02 +7.0376e-01
9738 0 +1.411541220e-06 +1.238300014e+02 +1.238300014e+02 -3.0796e-02 +7.0392e-01
9886 0 +1.257413359e-06 +1.238300013e+02 +1.238300013e+02 -3.0754e-02 +7.0406e-01
10030 0 +1.120141917e-06 +1.238300011e+02 +1.238300011e+02 -3.0716e-02 +7.0419e-01
10162 0 +9.971520143e-07 +1.238300010e+02 +1.238300010e+02 -3.0678e-02 +7.0432e-01
10286 0 +8.901800044e-07 +1.238300009e+02 +1.238300009e+02 -3.0644e-02 +7.0444e-01
10408 0 +7.935715871e-07 +1.238300008e+02 +1.238300008e+02 -3.0609e-02 +7.0455e-01
10520 0 +7.073150670e-07 +1.238300007e+02 +1.238300007e+02 -3.0579e-02 +7.0466e-01
10626 0 +6.291361530e-07 +1.238300006e+02 +1.238300006e+02 -3.0552e-02 +7.0476e-01
10726 0 +5.618822883e-07 +1.238300006e+02 +1.238300006e+02 -3.0525e-02 +7.0486e-01
10818 0 +5.004780945e-07 +1.238300005e+02 +1.238300005e+02 -3.0498e-02 +7.0495e-01
10912 0 +4.465486683e-07 +1.238300004e+02 +1.238300004e+02 -3.0474e-02 +7.0503e-01
11078 0 +3.981054846e-07 +1.238300004e+02 +1.238300004e+02 -3.0451e-02 +7.0511e-01
11242 0 +3.535551656e-07 +1.238300004e+02 +1.238300004e+02 -3.0428e-02 +7.0519e-01
11390 0 +3.158390314e-07 +1.238300003e+02 +1.238300003e+02 -3.0409e-02 +7.0526e-01
11534 0 +2.816538966e-07 +1.238300003e+02 +1.238300003e+02 -3.0390e-02 +7.0533e-01
11666 0 +2.505651651e-07 +1.238300003e+02 +1.238300003e+02 -3.0371e-02 +7.0539e-01
11790 0 +2.237111971e-07 +1.238300002e+02 +1.238300002e+02 -3.0353e-02 +7.0545e-01
11912 0 +1.992688254e-07 +1.238300002e+02 +1.238300002e+02 -3.0336e-02 +7.0551e-01
12022 0 +1.776716942e-07 +1.238300002e+02 +1.238300002e+02 -3.0321e-02 +7.0556e-01
12132 0 +1.582892679e-07 +1.238300002e+02 +1.238300002e+02 -3.0306e-02 +7.0561e-01
12232 0 +1.409384112e-07 +1.238300001e+02 +1.238300001e+02 -3.0292e-02 +7.0566e-01
12328 0 +1.255049398e-07 +1.238300001e+02 +1.238300001e+02 -3.0279e-02 +7.0571e-01
12414 0 +1.118639688e-07 +1.238300001e+02 +1.238300001e+02 -3.0268e-02 +7.0575e-01
12498 0 +9.974225179e-08 +1.238300001e+02 +1.238300001e+02 -3.0256e-02 +7.0579e-01
12642 0 +8.895642623e-08 +1.238300001e+02 +1.238300001e+02 -3.0246e-02 +7.0583e-01
12790 0 +7.933425650e-08 +1.238300001e+02 +1.238300001e+02 -3.0235e-02 +7.0586e-01
12934 0 +7.068264551e-08 +1.238300001e+02 +1.238300001e+02 -3.0226e-02 +7.0590e-01
13066 0 +6.301419830e-08 +1.238300001e+02 +1.238300001e+02 -3.0216e-02 +7.0593e-01
13194 0 +5.609798848e-08 +1.238300001e+02 +1.238300001e+02 -3.0207e-02 +7.0596e-01
13314 0 +4.997592384e-08 +1.238300000e+02 +1.238300000e+02 -3.0199e-02 +7.0599e-01
13426 0 +4.456849467e-08 +1.238300000e+02 +1.238300000e+02 -3.0191e-02 +7.0601e-01
13534 0 +3.979145902e-08 +1.238300000e+02 +1.238300000e+02 -3.0184e-02 +7.0604e-01
13636 0 +3.536817417e-08 +1.238300000e+02 +1.238300000e+02 -3.0177e-02 +7.0606e-01
13732 0 +3.150046268e-08 +1.238300000e+02 +1.238300000e+02 -3.0170e-02 +7.0609e-01
13818 0 +2.808864963e-08 +1.238300000e+02 +1.238300000e+02 -3.0164e-02 +7.0611e-01
13914 0 +2.505234420e-08 +1.238300000e+02 +1.238300000e+02 -3.0159e-02 +7.0613e-01
14074 0 +2.235459817e-08 +1.238300000e+02 +1.238300000e+02 -3.0153e-02 +7.0615e-01
14222 0 +1.993963394e-08 +1.238300000e+02 +1.238300000e+02 -3.0148e-02 +7.0616e-01
14366 0 +1.777488023e-08 +1.238300000e+02 +1.238300000e+02 -3.0143e-02 +7.0618e-01
14498 0 +1.584686515e-08 +1.238300000e+02 +1.238300000e+02 -3.0139e-02 +7.0620e-01
14626 0 +1.411495987e-08 +1.238300000e+02 +1.238300000e+02 -3.0134e-02 +7.0621e-01
14746 0 +1.257514270e-08 +1.238300000e+02 +1.238300000e+02 -3.0130e-02 +7.0623e-01
14858 0 +1.121928506e-08 +1.238300000e+02 +1.238300000e+02 -3.0126e-02 +7.0624e-01
14968 0 +9.997606298e-09 +1.238300000e+02 +1.238300000e+02 -3.0122e-02 +7.0625e-01
20000 0 +1.014228701e-10 +1.238300000e+02 +1.238300000e+02 -3.0067e-02 +7.0645e-01
% f evaluations | g evaluations | best noise-free fitness - Fopt (4.751000000000e+01) + sum g_i+ | measured fitness | best measured fitness or single-digit g-values | x1 | x2...
1 0 +6.500000000e+00 +5.401000000e+01 +5.401000000e+01 +0.0000e+00 +0.0000e+00
108 0 +7.061955382e-01 +4.821619554e+01 +4.821619554e+01 -1.1541e-02 +2.1983e-01
111 0 +2.896369893e-02 +4.753896370e+01 +4.753896370e+01 +4.1178e-01 +4.8970e-02
7003 0 +2.817281645e-02 +4.753817282e+01 +4.753817282e+01 +1.0663e+00 -2.3622e-01
7351 0 +2.510851632e-02 +4.753510852e+01 +4.753510852e+01 +1.0450e+00 -2.2547e-01
7679 0 +2.238017818e-02 +4.753238018e+01 +4.753238018e+01 +1.0250e+00 -2.1546e-01
7983 0 +1.993907777e-02 +4.752993908e+01 +4.752993908e+01 +1.0064e+00 -2.0593e-01
8274 0 +1.776965469e-02 +4.752776965e+01 +4.752776965e+01 +9.8883e-01 -1.9713e-01
8543 0 +1.583529854e-02 +4.752583530e+01 +4.752583530e+01 +9.7221e-01 -1.8907e-01
8799 0 +1.409371172e-02 +4.752409371e+01 +4.752409371e+01 +9.5658e-01 -1.8125e-01
9038 0 +1.257974041e-02 +4.752257974e+01 +4.752257974e+01 +9.4216e-01 -1.7417e-01
9259 0 +1.121711646e-02 +4.752121712e+01 +4.752121712e+01 +9.2848e-01 -1.6757e-01
9474 0 +9.996206673e-03 +4.751999621e+01 +4.751999621e+01 +9.1554e-01 -1.6122e-01
9674 0 +8.903596300e-03 +4.751890360e+01 +4.751890360e+01 +9.0332e-01 -1.5536e-01
9859 0 +7.934800184e-03 +4.751793480e+01 +4.751793480e+01 +8.9184e-01 -1.4998e-01
10063 0 +7.073107193e-03 +4.751707311e+01 +4.751707311e+01 +8.8109e-01 -1.4485e-01
10395 0 +6.300592646e-03 +4.751630059e+01 +4.751630059e+01 +8.7095e-01 -1.3997e-01
10707 0 +5.616181983e-03 +4.751561618e+01 +4.751561618e+01 +8.6142e-01 -1.3545e-01
10999 0 +5.010864365e-03 +4.751501086e+01 +4.751501086e+01 +8.5251e-01 -1.3130e-01
11279 0 +4.460024578e-03 +4.751446002e+01 +4.751446002e+01 +8.4396e-01 -1.2726e-01
11539 0 +3.978986840e-03 +4.751397899e+01 +4.751397899e+01 +8.3602e-01 -1.2360e-01
11783 0 +3.547047635e-03 +4.751354705e+01 +4.751354705e+01 +8.2857e-01 -1.2006e-01
12015 0 +3.160820136e-03 +4.751316082e+01 +4.751316082e+01 +8.2148e-01 -1.1676e-01
12235 0 +2.815919485e-03 +4.751281592e+01 +4.751281592e+01 +8.1476e-01 -1.1371e-01
12439 0 +2.510750126e-03 +4.751251075e+01 +4.751251075e+01 +8.0853e-01 -1.1077e-01
12635 0 +2.236936379e-03 +4.751223694e+01 +4.751223694e+01 +8.0255e-01 -1.0809e-01
12819 0 +1.993100038e-03 +4.751199310e+01 +4.751199310e+01 +7.9693e-01 -1.0552e-01
12991 0 +1.774556646e-03 +4.751177456e+01 +4.751177456e+01 +7.9168e-01 -1.0308e-01
13154 0 +1.583963642e-03 +4.751158396e+01 +4.751158396e+01 +7.8679e-01 -1.0076e-01
13303 0 +1.412147217e-03 +4.751141215e+01 +4.751141215e+01 +7.8215e-01 -9.8682e-02
13454 0 +1.254988125e-03 +4.751125499e+01 +4.751125499e+01 +7.7763e-01 -9.6605e-02
13647 0 +1.120143829e-03 +4.751112014e+01 +4.751112014e+01 +7.7354e-01 -9.4773e-02
13903 0 +9.985336666e-04 +4.751099853e+01 +4.751099853e+01 +7.6963e-01 -9.3002e-02
14143 0 +8.908072096e-04 +4.751089081e+01 +4.751089081e+01 +7.6596e-01 -9.1353e-02
14374 0 +7.939671873e-04 +4.751079397e+01 +4.751079397e+01 +7.6248e-01 -8.9765e-02
14587 0 +7.074272595e-04 +4.751070743e+01 +4.751070743e+01 +7.5918e-01 -8.8299e-02
14791 0 +6.300821174e-04 +4.751063008e+01 +4.751063008e+01 +7.5607e-01 -8.6894e-02
14983 0 +5.622767268e-04 +4.751056228e+01 +4.751056228e+01 +7.5314e-01 -8.5612e-02
15163 0 +5.003880443e-04 +4.751050039e+01 +4.751050039e+01 +7.5039e-01 -8.4329e-02
15335 0 +4.455369952e-04 +4.751044554e+01 +4.751044554e+01 +7.4776e-01 -8.3169e-02
15495 0 +3.971862769e-04 +4.751039719e+01 +4.751039719e+01 +7.4532e-01 -8.2069e-02
15647 0 +3.538435650e-04 +4.751035384e+01 +4.751035384e+01 +7.4300e-01 -8.1031e-02
15790 0 +3.161639543e-04 +4.751031616e+01 +4.751031616e+01 +7.4086e-01 -8.0054e-02
15967 0 +2.817653016e-04 +4.751028177e+01 +4.751028177e+01 +7.3879e-01 -7.9168e-02
16219 0 +2.511404754e-04 +4.751025114e+01 +4.751025114e+01 +7.3686e-01 -7.8283e-02
16463 0 +2.234268782e-04 +4.751022343e+01 +4.751022343e+01 +7.3500e-01 -7.7458e-02
16687 0 +1.993888491e-04 +4.751019939e+01 +4.751019939e+01 +7.3329e-01 -7.6695e-02
16903 0 +1.774986202e-04 +4.751017750e+01 +4.751017750e+01 +7.3164e-01 -7.5962e-02
17103 0 +1.583770244e-04 +4.751015838e+01 +4.751015838e+01 +7.3011e-01 -7.5290e-02
17295 0 +1.411108822e-04 +4.751014111e+01 +4.751014111e+01 +7.2865e-01 -7.4649e-02
17475 0 +1.257279377e-04 +4.751012573e+01 +4.751012573e+01 +7.2727e-01 -7.4038e-02
17643 0 +1.120918187e-04 +4.751011209e+01 +4.751011209e+01 +7.2599e-01 -7.3458e-02
17806 0 +9.991519492e-05 +4.751009992e+01 +4.751009992e+01 +7.2477e-01 -7.2908e-02
17958 0 +8.902380393e-05 +4.751008902e+01 +4.751008902e+01 +7.2361e-01 -7.2389e-02
18099 0 +7.931415804e-05 +4.751007931e+01 +4.751007931e+01 +7.2251e-01 -7.1931e-02
18231 0 +7.073734281e-05 +4.751007074e+01 +4.751007074e+01 +7.2150e-01 -7.1473e-02
18359 0 +6.300733281e-05 +4.751006301e+01 +4.751006301e+01 +7.2052e-01 -7.1045e-02
18583 0 +5.611513857e-05 +4.751005612e+01 +4.751005612e+01 +7.1961e-01 -7.0633e-02
18810 0 +5.007099448e-05 +4.751005007e+01 +4.751005007e+01 +7.1875e-01 -7.0252e-02
19019 0 +4.466004405e-05 +4.751004466e+01 +4.751004466e+01 +7.1794e-01 -6.9900e-02
19223 0 +3.978597012e-05 +4.751003979e+01 +4.751003979e+01 +7.1716e-01 -6.9564e-02
19415 0 +3.544535342e-05 +4.751003545e+01 +4.751003545e+01 +7.1643e-01 -6.9244e-02
19591 0 +3.160558728e-05 +4.751003161e+01 +4.751003161e+01 +7.1576e-01 -6.8938e-02
19763 0 +2.811657011e-05 +4.751002812e+01 +4.751002812e+01 +7.1510e-01 -6.8648e-02
19923 0 +2.511115949e-05 +4.751002511e+01 +4.751002511e+01 +7.1449e-01 -6.8389e-02
20000 0 +2.366218524e-05 +4.751002366e+01 +4.751002366e+01 +7.1420e-01 -6.8251e-02
% f evaluations | g evaluations | best noise-free fitness - Fopt (5.534000000000e+01) + sum g_i+ | measured fitness | best measured fitness or single-digit g-values | x1 | x2...
1 0 +6.500000000e+00 +6.184000000e+01 +6.184000000e+01 +0.0000e+00 +0.0000e+00
11 0 +1.898079779e+00 +5.723807978e+01 +5.723807978e+01 -1.3913e+00 -8.7389e-02
275 0 +4.963081172e-01 +5.583630812e+01 +5.583630812e+01 -2.6477e+00 +8.1628e-02
368 0 +3.333655745e-01 +5.567336557e+01 +5.567336557e+01 -6.3648e-02 -1.4930e-01
372 0 +1.744800192e-01 +5.551448002e+01 +5.551448002e+01 +6.1433e-02 -1.4930e-01
407 0 +1.564996842e-01 +5.549649968e+01 +5.549649968e+01 +6.9251e-02 -1.5712e-01
427 0 +1.374048393e-01 +5.547740484e+01 +5.547740484e+01 +3.0163e-02 -1.6493e-01
447 0 +1.209887253e-01 +5.546098873e+01 +5.546098873e+01 -8.9250e-03 -1.7275e-01
459 0 +1.108107037e-01 +5.545081070e+01 +5.545081070e+01 -3.2378e-02 -1.7275e-01
475 0 +9.949384314e-02 +5.543949384e+01 +5.543949384e+01 -6.3648e-02 -1.8057e-01
491 0 +8.781104357e-02 +5.542781104e+01 +5.542781104e+01 -9.4918e-02 -1.8057e-01
507 0 +7.897867648e-02 +5.541897868e+01 +5.541897868e+01 -1.2619e-01 -1.8839e-01
519 0 +6.954941739e-02 +5.540954942e+01 +5.540954942e+01 -1.4964e-01 -1.8839e-01
535 0 +6.251863254e-02 +5.540251863e+01 +5.540251863e+01 -1.8091e-01 -1.8839e-01
551 0 +5.526824273e-02 +5.539526824e+01 +5.539526824e+01 -2.1218e-01 -1.9620e-01
559 0 +4.969470975e-02 +5.538969471e+01 +5.538969471e+01 -2.2782e-01 -1.9620e-01
571 0 +4.323739893e-02 +5.538323740e+01 +5.538323740e+01 -2.5127e-01 -1.9620e-01
583 0 +3.867329173e-02 +5.537867329e+01 +5.537867329e+01 -2.7472e-01 -1.9620e-01
599 0 +3.483957743e-02 +5.537483958e+01 +5.537483958e+01 -3.0599e-01 -1.9620e-01
619 0 +2.986830509e-02 +5.536986831e+01 +5.536986831e+01 -3.4508e-01 -2.0402e-01
623 0 +2.794764115e-02 +5.536794764e+01 +5.536794764e+01 -3.5290e-01 -2.0402e-01
631 0 +2.445993199e-02 +5.536445993e+01 +5.536445993e+01 -3.6853e-01 -2.0402e-01
639 0 +2.138963577e-02 +5.536138964e+01 +5.536138964e+01 -3.8417e-01 -2.0402e-01
647 0 +1.867844367e-02 +5.535867844e+01 +5.535867844e+01 -3.9980e-01 -2.0402e-01
651 0 +1.744134815e-02 +5.535744135e+01 +5.535744135e+01 -4.0762e-01 -2.0402e-01
659 0 +1.517594717e-02 +5.535517595e+01 +5.535517595e+01 -4.2326e-01 -2.0402e-01
667 0 +1.315680624e-02 +5.535315681e+01 +5.535315681e+01 -4.3889e-01 -2.0402e-01
671 0 +1.222929980e-02 +5.535222930e+01 +5.535222930e+01 -4.4671e-01 -2.0402e-01
679 0 +1.052196394e-02 +5.535052196e+01 +5.535052196e+01 -4.6234e-01 -2.0402e-01
683 0 +9.736965318e-03 +5.534973697e+01 +5.534973697e+01 -4.7016e-01 -2.0402e-01
691 0 +8.294911701e-03 +5.534829491e+01 +5.534829491e+01 -4.8580e-01 -2.0402e-01
695 0 +7.635509901e-03 +5.534763551e+01 +5.534763551e+01 -4.9361e-01 -2.0402e-01
699 0 +7.016410906e-03 +5.534701641e+01 +5.534701641e+01 -5.0143e-01 -2.0402e-01
707 0 +5.899602134e-03 +5.534589960e+01 +5.534589960e+01 -5.1707e-01 -2.0402e-01
711 0 +5.403308758e-03 +5.534540331e+01 +5.534540331e+01 -5.2488e-01 -2.0402e-01
715 0 +4.950150988e-03 +5.534495015e+01 +5.534495015e+01 -5.3270e-01 -2.0402e-01
723 0 +4.181249475e-03 +5.534418125e+01 +5.534418125e+01 -5.4834e-01 -2.0402e-01
727 0 +3.870685334e-03 +5.534387069e+01 +5.534387069e+01 -5.5615e-01 -2.0402e-01
735 0 +3.413807290e-03 +5.534341381e+01 +5.534341381e+01 -5.7179e-01 -2.0402e-01
766 0 +1.564791584e-03 +5.534156479e+01 +5.534156479e+01 -5.9133e-01 -2.0207e-01
775 0 +1.355071828e-03 +5.534135507e+01 +5.534135507e+01 -5.9720e-01 -2.0207e-01
783 0 +1.231646100e-03 +5.534123165e+01 +5.534123165e+01 -6.0111e-01 -2.0207e-01
795 0 +1.072933070e-03 +5.534107293e+01 +5.534107293e+01 -6.0697e-01 -2.0207e-01
803 0 +9.858709158e-04 +5.534098587e+01 +5.534098587e+01 -6.1088e-01 -2.0207e-01
815 0 +8.854256288e-04 +5.534088543e+01 +5.534088543e+01 -6.1674e-01 -2.0207e-01
850 0 +5.235674240e-04 +5.534052357e+01 +5.534052357e+01 -6.2847e-01 -2.0109e-01
851 0 +4.991883042e-04 +5.534049919e+01 +5.534049919e+01 -6.2944e-01 -2.0109e-01
863 0 +4.324460325e-04 +5.534043245e+01 +5.534043245e+01 -6.3238e-01 -2.0109e-01
871 0 +3.934312036e-04 +5.534039343e+01 +5.534039343e+01 -6.3433e-01 -2.0109e-01
883 0 +3.434357155e-04 +5.534034344e+01 +5.534034344e+01 -6.3726e-01 -2.0109e-01
891 0 +3.159721670e-04 +5.534031597e+01 +5.534031597e+01 -6.3922e-01 -2.0109e-01
907 0 +2.756991478e-04 +5.534027570e+01 +5.534027570e+01 -6.4313e-01 -2.0109e-01
942 0 +1.845404142e-04 +5.534018454e+01 +5.534018454e+01 -6.4850e-01 -2.0060e-01
943 0 +1.773124627e-04 +5.534017731e+01 +5.534017731e+01 -6.4899e-01 -2.0060e-01
955 0 +1.575441817e-04 +5.534015754e+01 +5.534015754e+01 -6.5045e-01 -2.0060e-01
967 0 +1.406943670e-04 +5.534014069e+01 +5.534014069e+01 -6.5192e-01 -2.0060e-01
983 0 +1.228689414e-04 +5.534012287e+01 +5.534012287e+01 -6.5387e-01 -2.0060e-01
999 0 +1.104761518e-04 +5.534011048e+01 +5.534011048e+01 -6.5583e-01 -2.0060e-01
1038 0 +7.322065241e-05 +5.534007322e+01 +5.534007322e+01 -6.5925e-01 -2.0036e-01
1043 0 +6.960694112e-05 +5.534006961e+01 +5.534006961e+01 -6.5974e-01 -2.0036e-01
1063 0 +6.212312805e-05 +5.534006212e+01 +5.534006212e+01 -6.6096e-01 -2.0036e-01
1087 0 +5.610735351e-05 +5.534005611e+01 +5.534005611e+01 -6.6243e-01 -2.0036e-01
1107 0 +4.821758534e-05 +5.534004822e+01 +5.534004822e+01 -6.6365e-01 -2.0011e-01
1115 0 +4.388603573e-05 +5.534004389e+01 +5.534004389e+01 -6.6414e-01 -2.0011e-01
1127 0 +3.806591528e-05 +5.534003807e+01 +5.534003807e+01 -6.6487e-01 -2.0011e-01
1135 0 +3.464072888e-05 +5.534003464e+01 +5.534003464e+01 -6.6536e-01 -2.0011e-01
1143 0 +3.158220669e-05 +5.534003158e+01 +5.534003158e+01 -6.6585e-01 -2.0011e-01
1155 0 +2.768709297e-05 +5.534002769e+01 +5.534002769e+01 -6.6658e-01 -2.0011e-01
1167 0 +2.463030566e-05 +5.534002463e+01 +5.534002463e+01 -6.6731e-01 -2.0011e-01
1183 0 +2.187256545e-05 +5.534002187e+01 +5.534002187e+01 -6.6829e-01 -2.0011e-01
1214 0 +1.581066398e-05 +5.534001581e+01 +5.534001581e+01 -6.6951e-01 -1.9999e-01
1227 0 +1.390327427e-05 +5.534001390e+01 +5.534001390e+01 -6.7000e-01 -1.9999e-01
1243 0 +1.237860474e-05 +5.534001238e+01 +5.534001238e+01 -6.7049e-01 -1.9999e-01
1263 0 +1.101466969e-05 +5.534001101e+01 +5.534001101e+01 -6.7110e-01 -1.9999e-01
1294 0 +9.850005434e-06 +5.534000985e+01 +5.534000985e+01 -6.7195e-01 -1.9987e-01
1299 0 +8.772130130e-06 +5.534000877e+01 +5.534000877e+01 -6.7220e-01 -1.9987e-01
1307 0 +7.791004556e-06 +5.534000779e+01 +5.534000779e+01 -6.7244e-01 -1.9987e-01
1315 0 +6.906935795e-06 +5.534000691e+01 +5.534000691e+01 -6.7269e-01 -1.9987e-01
1323 0 +6.120231355e-06 +5.534000612e+01 +5.534000612e+01 -6.7293e-01 -1.9987e-01
1331 0 +5.431199206e-06 +5.534000543e+01 +5.534000543e+01 -6.7317e-01 -1.9987e-01
1339 0 +4.840147760e-06 +5.534000484e+01 +5.534000484e+01 -6.7342e-01 -1.9987e-01
1347 0 +4.347385875e-06 +5.534000435e+01 +5.534000435e+01 -6.7366e-01 -1.9987e-01
1355 0 +3.953222873e-06 +5.534000395e+01 +5.534000395e+01 -6.7391e-01 -1.9987e-01
1367 0 +3.547528983e-06 +5.534000355e+01 +5.534000355e+01 -6.7427e-01 -1.9987e-01
1394 0 +2.747132044e-06 +5.534000275e+01 +5.534000275e+01 -6.7476e-01 -1.9981e-01
1399 0 +2.496117240e-06 +5.534000250e+01 +5.534000250e+01 -6.7488e-01 -1.9981e-01
1411 0 +2.166159405e-06 +5.534000217e+01 +5.534000217e+01 -6.7507e-01 -1.9981e-01
1419 0 +1.977287262e-06 +5.534000198e+01 +5.534000198e+01 -6.7519e-01 -1.9981e-01
1431 0 +1.740726155e-06 +5.534000174e+01 +5.534000174e+01 -6.7537e-01 -1.9981e-01
1443 0 +1.560378720e-06 +5.534000156e+01 +5.534000156e+01 -6.7556e-01 -1.9981e-01
1459 0 +1.407586936e-06 +5.534000141e+01 +5.534000141e+01 -6.7580e-01 -1.9981e-01
1486 0 +1.051169214e-06 +5.534000105e+01 +5.534000105e+01 -6.7604e-01 -1.9978e-01
1491 0 +9.870610427e-07 +5.534000099e+01 +5.534000099e+01 -6.7611e-01 -1.9978e-01
1507 0 +8.776847125e-07 +5.534000088e+01 +5.534000088e+01 -6.7623e-01 -1.9978e-01
1523 0 +7.934611048e-07 +5.534000079e+01 +5.534000079e+01 -6.7635e-01 -1.9978e-01
1551 0 +7.067115959e-07 +5.534000071e+01 +5.534000071e+01 -6.7656e-01 -1.9978e-01
1567 0 +6.171386531e-07 +5.534000062e+01 +5.534000062e+01 -6.7669e-01 -1.9975e-01
1575 0 +5.521978750e-07 +5.534000055e+01 +5.534000055e+01 -6.7675e-01 -1.9975e-01
1583 0 +4.935607123e-07 +5.534000049e+01 +5.534000049e+01 -6.7681e-01 -1.9975e-01
1591 0 +4.412320820e-07 +5.534000044e+01 +5.534000044e+01 -6.7687e-01 -1.9975e-01
1599 0 +3.952169152e-07 +5.534000040e+01 +5.534000040e+01 -6.7693e-01 -1.9975e-01
1611 0 +3.380426605e-07 +5.534000034e+01 +5.534000034e+01 -6.7702e-01 -1.9975e-01
1619 0 +3.078326785e-07 +5.534000031e+01 +5.534000031e+01 -6.7708e-01 -1.9975e-01
1631 0 +2.743892935e-07 +5.534000027e+01 +5.534000027e+01 -6.7717e-01 -1.9975e-01
1651 0 +2.503489966e-07 +5.534000025e+01 +5.534000025e+01 -6.7733e-01 -1.9975e-01
1666 0 +2.015208551e-07 +5.534000020e+01 +5.534000020e+01 -6.7734e-01 -1.9973e-01
1667 0 +1.932904468e-07 +5.534000019e+01 +5.534000019e+01 -6.7736e-01 -1.9973e-01
1679 0 +1.709769464e-07 +5.534000017e+01 +5.534000017e+01 -6.7740e-01 -1.9973e-01
1687 0 +1.580834663e-07 +5.534000016e+01 +5.534000016e+01 -6.7743e-01 -1.9973e-01
1703 0 +1.370565386e-07 +5.534000014e+01 +5.534000014e+01 -6.7750e-01 -1.9973e-01
1715 0 +1.254538091e-07 +5.534000013e+01 +5.534000013e+01 -6.7754e-01 -1.9973e-01
1747 0 +1.119938418e-07 +5.534000011e+01 +5.534000011e+01 -6.7766e-01 -1.9973e-01
1758 0 +8.676298080e-08 +5.534000009e+01 +5.534000009e+01 -6.7766e-01 -1.9972e-01
1771 0 +7.895354059e-08 +5.534000008e+01 +5.534000008e+01 -6.7769e-01 -1.9972e-01
1795 0 +7.022097037e-08 +5.534000007e+01 +5.534000007e+01 -6.7774e-01 -1.9972e-01
1823 0 +6.180636802e-08 +5.534000006e+01 +5.534000006e+01 -6.7779e-01 -1.9972e-01
1835 0 +5.455201091e-08 +5.534000005e+01 +5.534000005e+01 -6.7782e-01 -1.9972e-01
1847 0 +4.819253974e-08 +5.534000005e+01 +5.534000005e+01 -6.7784e-01 -1.9972e-01
1855 0 +4.445017510e-08 +5.534000004e+01 +5.534000004e+01 -6.7785e-01 -1.9972e-01
1867 0 +3.958275840e-08 +5.534000004e+01 +5.534000004e+01 -6.7788e-01 -1.9972e-01
1883 0 +3.448602826e-08 +5.534000003e+01 +5.534000003e+01 -6.7791e-01 -1.9972e-01
1899 0 +3.098206491e-08 +5.534000003e+01 +5.534000003e+01 -6.7794e-01 -1.9972e-01
1938 0 +2.176649616e-08 +5.534000002e+01 +5.534000002e+01 -6.7799e-01 -1.9971e-01
1951 0 +1.989791798e-08 +5.534000002e+01 +5.534000002e+01 -6.7801e-01 -1.9971e-01
1979 0 +1.758682089e-08 +5.534000002e+01 +5.534000002e+01 -6.7803e-01 -1.9971e-01
2003 0 +1.526760940e-08 +5.534000002e+01 +5.534000002e+01 -6.7806e-01 -1.9971e-01
2011 0 +1.407575922e-08 +5.534000001e+01 +5.534000001e+01 -6.7806e-01 -1.9971e-01
2023 0 +1.247481407e-08 +5.534000001e+01 +5.534000001e+01 -6.7808e-01 -1.9971e-01
2035 0 +1.109810199e-08 +5.534000001e+01 +5.534000001e+01 -6.7809e-01 -1.9971e-01
2047 0 +9.945651414e-09 +5.534000001e+01 +5.534000001e+01 -6.7810e-01 -1.9971e-01
3014 0 +9.023892744e-13 +5.534000000e+01 +5.534000000e+01 -6.7832e-01 -1.9970e-01
20000 0 +3.694822226e-13 +5.534000000e+01 +5.534000000e+01 -6.7832e-01 -1.9970e-01
% f evaluations | g evaluations | best noise-free fitness - Fopt (-9.033000000000e+01) + sum g_i+ | measured fitness | best measured fitness or single-digit g-values | x1 | x2...
1 0 +6.500000000e+00 -8.383000000e+01 -8.383000000e+01 +0.0000e+00 +0.0000e+00
3 0 +1.215866829e+00 -8.911413317e+01 -8.911413317e+01 -1.9001e+00 +1.2895e+00
16 0 +1.051587509e+00 -8.927841249e+01 -8.927841249e+01 -1.7157e+00 +1.2664e+00
104 0 +6.638187264e-01 -8.966618127e+01 -8.966618127e+01 +2.7714e-01 -1.4003e-01
108 0 +1.311151415e-01 -9.019888486e+01 -9.019888486e+01 -1.1541e-02 +2.1983e-01
7196 0 +1.257843585e-01 -9.020421564e+01 -9.020421564e+01 -1.2286e+00 +1.0025e+00
7612 0 +1.120847490e-01 -9.021791525e+01 -9.021791525e+01 -1.1778e+00 +9.7659e-01
7997 0 +9.996828839e-02 -9.023003171e+01 -9.023003171e+01 -1.1308e+00 +9.5216e-01
8357 0 +8.909775454e-02 -9.024090225e+01 -9.024090225e+01 -1.0869e+00 +9.2920e-01
8693 0 +7.935838542e-02 -9.025064161e+01 -9.025064161e+01 -1.0458e+00 +9.0770e-01
9004 0 +7.073640568e-02 -9.025926359e+01 -9.025926359e+01 -1.0077e+00 +8.8767e-01
9572 0 +6.305933961e-02 -9.026694066e+01 -9.026694066e+01 -9.7230e-01 +8.6861e-01
10113 0 +5.622156065e-02 -9.027377844e+01 -9.027377844e+01 -9.3932e-01 +8.5054e-01
10620 0 +5.008986188e-02 -9.027991014e+01 -9.027991014e+01 -9.0829e-01 +8.3368e-01
11092 0 +4.465376163e-02 -9.028534624e+01 -9.028534624e+01 -8.7946e-01 +8.1780e-01
11533 0 +3.981001050e-02 -9.029018999e+01 -9.029018999e+01 -8.5259e-01 +8.0265e-01
11948 0 +3.544595123e-02 -9.029455405e+01 -9.029455405e+01 -8.2718e-01 +7.8848e-01
12332 0 +3.161242531e-02 -9.029838757e+01 -9.029838757e+01 -8.0373e-01 +7.7529e-01
12696 0 +2.814426004e-02 -9.030185574e+01 -9.030185574e+01 -7.8150e-01 +7.6259e-01
13032 0 +2.510141054e-02 -9.030489859e+01 -9.030489859e+01 -7.6098e-01 +7.5086e-01
13349 0 +2.237008634e-02 -9.030762991e+01 -9.030762991e+01 -7.4168e-01 +7.3962e-01
13645 0 +1.993931253e-02 -9.031006069e+01 -9.031006069e+01 -7.2360e-01 +7.2912e-01
13924 0 +1.777431300e-02 -9.031222569e+01 -9.031222569e+01 -7.0650e-01 +7.1935e-01
14184 0 +1.582278182e-02 -9.031417722e+01 -9.031417722e+01 -6.9062e-01 +7.0982e-01
14428 0 +1.410148189e-02 -9.031589852e+01 -9.031589852e+01 -6.7572e-01 +7.0102e-01
14657 0 +1.257228012e-02 -9.031742772e+01 -9.031742772e+01 -6.6179e-01 +6.9272e-01
14872 0 +1.119834711e-02 -9.031880165e+01 -9.031880165e+01 -6.4860e-01 +6.8490e-01
15072 0 +9.988847519e-03 -9.032001115e+01 -9.032001115e+01 -6.3638e-01 +6.7757e-01
15385 0 +8.908065899e-03 -9.032109193e+01 -9.032109193e+01 -6.2490e-01 +6.7061e-01
15740 0 +7.943225060e-03 -9.032205677e+01 -9.032205677e+01 -6.1403e-01 +6.6414e-01
16076 0 +7.074881138e-03 -9.032292512e+01 -9.032292512e+01 -6.0377e-01 +6.5791e-01
16388 0 +6.306015878e-03 -9.032369398e+01 -9.032369398e+01 -5.9424e-01 +6.5204e-01
16684 0 +5.619943851e-03 -9.032438006e+01 -9.032438006e+01 -5.8520e-01 +6.4655e-01
16960 0 +5.008122626e-03 -9.032499188e+01 -9.032499188e+01 -5.7678e-01 +6.4129e-01
17220 0 +4.464883912e-03 -9.032553512e+01 -9.032553512e+01 -5.6884e-01 +6.3641e-01
17468 0 +3.975051048e-03 -9.032602495e+01 -9.032602495e+01 -5.6126e-01 +6.3177e-01
17697 0 +3.546359317e-03 -9.032645364e+01 -9.032645364e+01 -5.5430e-01 +6.2737e-01
17916 0 +3.160665504e-03 -9.032683933e+01 -9.032683933e+01 -5.4758e-01 +6.2334e-01
18120 0 +2.815242263e-03 -9.032718476e+01 -9.032718476e+01 -5.4135e-01 +6.1943e-01
18312 0 +2.509219666e-03 -9.032749078e+01 -9.032749078e+01 -5.3549e-01 +6.1576e-01
18493 0 +2.234865961e-03 -9.032776513e+01 -9.032776513e+01 -5.2999e-01 +6.1222e-01
18688 0 +1.995120459e-03 -9.032800488e+01 -9.032800488e+01 -5.2486e-01 +6.0905e-01
19012 0 +1.775974097e-03 -9.032822403e+01 -9.032822403e+01 -5.1991e-01 +6.0593e-01
19312 0 +1.584407527e-03 -9.032841559e+01 -9.032841559e+01 -5.1533e-01 +6.0306e-01
19596 0 +1.412146194e-03 -9.032858785e+01 -9.032858785e+01 -5.1100e-01 +6.0031e-01
19865 0 +1.258358694e-03 -9.032874164e+01 -9.032874164e+01 -5.0691e-01 +5.9769e-01
20000 0 +1.183816239e-03 -9.032881618e+01 -9.032881618e+01 -5.0483e-01 +5.9640e-01
% f evaluations | g evaluations | best noise-free fitness - Fopt (6.561000000000e+01) + sum g_i+ | measured fitness | best measured fitness or single-digit g-values | x1 | x2...
1 0 +6.500000000e+00 +7.211000000e+01 +7.211000000e+01 +0.0000e+00 +0.0000e+00
87 0 +7.875339433e-01 +6.639753394e+01 +6.639753394e+01 -5.2869e-01 -9.4586e-01
160 0 +3.690261215e-01 +6.597902612e+01 +6.597902612e+01 -6.0858e-01 -1.4320e+00
168 0 +2.984802380e-01 +6.590848024e+01 +6.590848024e+01 -6.0342e-01 -1.5831e+00
362 0 +5.032098053e-02 +6.566032098e+01 +6.566032098e+01 -2.7438e-01 -1.8873e-01
373 0 +4.748666227e-02 +6.565748666e+01 +6.565748666e+01 -2.7438e-01 -2.2000e-01
382 0 +3.726289817e-02 +6.564726290e+01 +6.564726290e+01 -2.7438e-01 -2.0436e-01
433 0 +3.529266303e-02 +6.564529266e+01 +6.564529266e+01 -2.7829e-01 -2.1316e-01
509 0 +3.152813925e-02 +6.564152814e+01 +6.564152814e+01 -2.8513e-01 -2.3173e-01
581 0 +2.815637811e-02 +6.563815638e+01 +6.563815638e+01 -2.9197e-01 -2.4932e-01
655 0 +2.506332812e-02 +6.563506333e+01 +6.563506333e+01 -2.9881e-01 -2.6690e-01
725 0 +2.235053899e-02 +6.563235054e+01 +6.563235054e+01 -3.0418e-01 -2.8303e-01
855 0 +1.990987776e-02 +6.562990988e+01 +6.562990988e+01 -3.1005e-01 -2.9866e-01
977 0 +1.775584231e-02 +6.562775584e+01 +6.562775584e+01 -3.1493e-01 -3.1381e-01
1091 0 +1.584647787e-02 +6.562584648e+01 +6.562584648e+01 -3.2031e-01 -3.2749e-01
1201 0 +1.409152910e-02 +6.562409153e+01 +6.562409153e+01 -3.2471e-01 -3.4117e-01
1305 0 +1.256416145e-02 +6.562256416e+01 +6.562256416e+01 -3.2910e-01 -3.5388e-01
1407 0 +1.119429880e-02 +6.562119430e+01 +6.562119430e+01 -3.3350e-01 -3.6609e-01
1503 0 +9.954878747e-03 +6.561995488e+01 +6.561995488e+01 -3.3741e-01 -3.7782e-01
1589 0 +8.886795690e-03 +6.561888680e+01 +6.561888680e+01 -3.4083e-01 -3.8857e-01
1673 0 +7.931708325e-03 +6.561793171e+01 +6.561793171e+01 -3.4425e-01 -3.9883e-01
1757 0 +7.036747407e-03 +6.561703675e+01 +6.561703675e+01 -3.4767e-01 -4.0909e-01
1865 0 +6.295342724e-03 +6.561629534e+01 +6.561629534e+01 -3.5060e-01 -4.1813e-01
2009 0 +5.621573833e-03 +6.561562157e+01 +6.561562157e+01 -3.5329e-01 -4.2692e-01
2149 0 +5.008039440e-03 +6.561500804e+01 +6.561500804e+01 -3.5598e-01 -4.3547e-01
2277 0 +4.463058359e-03 +6.561446306e+01 +6.561446306e+01 -3.5866e-01 -4.4329e-01
2403 0 +3.978488492e-03 +6.561397849e+01 +6.561397849e+01 -3.6111e-01 -4.5086e-01
2521 0 +3.535491262e-03 +6.561353549e+01 +6.561353549e+01 -3.6330e-01 -4.5819e-01
2633 0 +3.146656926e-03 +6.561314666e+01 +6.561314666e+01 -3.6550e-01 -4.6503e-01
2737 0 +2.807798016e-03 +6.561280780e+01 +6.561280780e+01 -3.6746e-01 -4.7138e-01
2837 0 +2.501301137e-03 +6.561250130e+01 +6.561250130e+01 -3.6941e-01 -4.7749e-01
2929 0 +2.234816559e-03 +6.561223482e+01 +6.561223482e+01 -3.7112e-01 -4.8311e-01
3021 0 +1.984461083e-03 +6.561198446e+01 +6.561198446e+01 -3.7283e-01 -4.8873e-01
3105 0 +1.775353180e-03 +6.561177535e+01 +6.561177535e+01 -3.7430e-01 -4.9386e-01
3265 0 +1.581124409e-03 +6.561158112e+01 +6.561158112e+01 -3.7589e-01 -4.9862e-01
3417 0 +1.409555320e-03 +6.561140956e+01 +6.561140956e+01 -3.7723e-01 -5.0326e-01
3557 0 +1.258114195e-03 +6.561125811e+01 +6.561125811e+01 -3.7857e-01 -5.0754e-01
3693 0 +1.121558108e-03 +6.561112156e+01 +6.561112156e+01 -3.7979e-01 -5.1169e-01
3821 0 +9.987238491e-04 +6.561099872e+01 +6.561099872e+01 -3.8102e-01 -5.1560e-01
3941 0 +8.910222818e-04 +6.561089102e+01 +6.561089102e+01 -3.8212e-01 -5.1927e-01
4059 0 +7.931859680e-04 +6.561079319e+01 +6.561079319e+01 -3.8321e-01 -5.2281e-01
4165 0 +7.068887485e-04 +6.561070689e+01 +6.561070689e+01 -3.8419e-01 -5.2611e-01
4271 0 +6.295525519e-04 +6.561062955e+01 +6.561062955e+01 -3.8517e-01 -5.2928e-01
4367 0 +5.609909259e-04 +6.561056099e+01 +6.561056099e+01 -3.8602e-01 -5.3221e-01
4459 0 +5.002044913e-04 +6.561050020e+01 +6.561050020e+01 -3.8688e-01 -5.3502e-01
4541 0 +4.465042047e-04 +6.561044650e+01 +6.561044650e+01 -3.8761e-01 -5.3759e-01
4633 0 +3.976731846e-04 +6.561039767e+01 +6.561039767e+01 -3.8835e-01 -5.4009e-01
4789 0 +3.542333679e-04 +6.561035423e+01 +6.561035423e+01 -3.8902e-01 -5.4247e-01
4933 0 +3.159182664e-04 +6.561031592e+01 +6.561031592e+01 -3.8969e-01 -5.4467e-01
5073 0 +2.812631658e-04 +6.561028126e+01 +6.561028126e+01 -3.9030e-01 -5.4681e-01
5203 0 +2.510351412e-04 +6.561025104e+01 +6.561025104e+01 -3.9091e-01 -5.4876e-01
5325 0 +2.234846354e-04 +6.561022348e+01 +6.561022348e+01 -3.9146e-01 -5.5066e-01
5441 0 +1.995200324e-04 +6.561019952e+01 +6.561019952e+01 -3.9195e-01 -5.5243e-01
5553 0 +1.778238364e-04 +6.561017782e+01 +6.561017782e+01 -3.9244e-01 -5.5414e-01
5657 0 +1.579173401e-04 +6.561015792e+01 +6.561015792e+01 -3.9293e-01 -5.5573e-01
5753 0 +1.410996025e-04 +6.561014110e+01 +6.561014110e+01 -3.9335e-01 -5.5719e-01
5845 0 +1.257256076e-04 +6.561012573e+01 +6.561012573e+01 -3.9378e-01 -5.5860e-01
5939 0 +1.114924109e-04 +6.561011149e+01 +6.561011149e+01 -3.9421e-01 -5.6000e-01
6073 0 +9.989272017e-05 +6.561009989e+01 +6.561009989e+01 -3.9454e-01 -5.6119e-01
6229 0 +8.904533574e-05 +6.561008905e+01 +6.561008905e+01 -3.9488e-01 -5.6238e-01
6377 0 +7.930992808e-05 +6.561007931e+01 +6.561007931e+01 -3.9522e-01 -5.6351e-01
6517 0 +7.065314715e-05 +6.561007065e+01 +6.561007065e+01 -3.9552e-01 -5.6458e-01
6651 0 +6.294690823e-05 +6.561006295e+01 +6.561006295e+01 -3.9583e-01 -5.6559e-01
6773 0 +5.610849414e-05 +6.561005611e+01 +6.561005611e+01 -3.9610e-01 -5.6654e-01
6889 0 +5.007451260e-05 +6.561005007e+01 +6.561005007e+01 -3.9635e-01 -5.6742e-01
7001 0 +4.460560187e-05 +6.561004461e+01 +6.561004461e+01 -3.9659e-01 -5.6828e-01
7105 0 +3.973783276e-05 +6.561003974e+01 +6.561003974e+01 -3.9683e-01 -5.6907e-01
7205 0 +3.537000188e-05 +6.561003537e+01 +6.561003537e+01 -3.9705e-01 -5.6984e-01
7297 0 +3.157846528e-05 +6.561003158e+01 +6.561003158e+01 -3.9726e-01 -5.7054e-01
7385 0 +2.815062093e-05 +6.561002815e+01 +6.561002815e+01 -3.9745e-01 -5.7121e-01
7553 0 +2.507858407e-05 +6.561002508e+01 +6.561002508e+01 -3.9763e-01 -5.7185e-01
7709 0 +2.234336600e-05 +6.561002234e+01 +6.561002234e+01 -3.9781e-01 -5.7245e-01
7857 0 +1.994810195e-05 +6.561001995e+01 +6.561001995e+01 -3.9796e-01 -5.7301e-01
7999 0 +1.776400940e-05 +6.561001776e+01 +6.561001776e+01 -3.9813e-01 -5.7355e-01
8129 0 +1.583066428e-05 +6.561001583e+01 +6.561001583e+01 -3.9827e-01 -5.7405e-01
8253 0 +1.412064918e-05 +6.561001412e+01 +6.561001412e+01 -3.9841e-01 -5.7452e-01
8373 0 +1.256009052e-05 +6.561001256e+01 +6.561001256e+01 -3.9854e-01 -5.7498e-01
8485 0 +1.118442800e-05 +6.561001118e+01 +6.561001118e+01 -3.9867e-01 -5.7541e-01
8593 0 +9.991693204e-06 +6.561000999e+01 +6.561000999e+01 -3.9877e-01 -5.7582e-01
8691 0 +8.899761724e-06 +6.561000890e+01 +6.561000890e+01 -3.9890e-01 -5.7619e-01
8785 0 +7.934341085e-06 +6.561000793e+01 +6.561000793e+01 -3.9899e-01 -5.7655e-01
8893 0 +7.070055190e-06 +6.561000707e+01 +6.561000707e+01 -3.9909e-01 -5.7688e-01
9061 0 +6.302217670e-06 +6.561000630e+01 +6.561000630e+01 -3.9918e-01 -5.7720e-01
9217 0 +5.612706175e-06 +6.561000561e+01 +6.561000561e+01 -3.9927e-01 -5.7750e-01
9367 0 +5.010322255e-06 +6.561000501e+01 +6.561000501e+01 -3.9935e-01 -5.7778e-01
9509 0 +4.449759942e-06 +6.561000445e+01 +6.561000445e+01 -3.9943e-01 -5.7806e-01
9641 0 +3.975361750e-06 +6.561000398e+01 +6.561000398e+01 -3.9950e-01 -5.7831e-01
9765 0 +3.546672616e-06 +6.561000355e+01 +6.561000355e+01 -3.9957e-01 -5.7855e-01
9885 0 +3.151512246e-06 +6.561000315e+01 +6.561000315e+01 -3.9964e-01 -5.7878e-01
9997 0 +2.808448116e-06 +6.561000281e+01 +6.561000281e+01 -3.9970e-01 -5.7899e-01
10103 0 +2.509899190e-06 +6.561000251e+01 +6.561000251e+01 -3.9976e-01 -5.7919e-01
10201 0 +2.233690864e-06 +6.561000223e+01 +6.561000223e+01 -3.9981e-01 -5.7938e-01
10299 0 +1.986930727e-06 +6.561000199e+01 +6.561000199e+01 -3.9987e-01 -5.7956e-01
10385 0 +1.771443479e-06 +6.561000177e+01 +6.561000177e+01 -3.9991e-01 -5.7973e-01
10469 0 +1.578678663e-06 +6.561000158e+01 +6.561000158e+01 -3.9996e-01 -5.7989e-01
10625 0 +1.410631157e-06 +6.561000141e+01 +6.561000141e+01 -4.0000e-01 -5.8004e-01
10773 0 +1.257281539e-06 +6.561000126e+01 +6.561000126e+01 -4.0004e-01 -5.8018e-01
10913 0 +1.121929401e-06 +6.561000112e+01 +6.561000112e+01 -4.0008e-01 -5.8031e-01
11049 0 +9.972425374e-07 +6.561000100e+01 +6.561000100e+01 -4.0012e-01 -5.8044e-01
11173 0 +8.902960360e-07 +6.561000089e+01 +6.561000089e+01 -4.0015e-01 -5.8056e-01
11295 0 +7.936874056e-07 +6.561000079e+01 +6.561000079e+01 -4.0019e-01 -5.8068e-01
11407 0 +7.073137169e-07 +6.561000071e+01 +6.561000071e+01 -4.0022e-01 -5.8078e-01
11513 0 +6.293446830e-07 +6.561000063e+01 +6.561000063e+01 -4.0024e-01 -5.8089e-01
11613 0 +5.622739820e-07 +6.561000056e+01 +6.561000056e+01 -4.0027e-01 -5.8098e-01
11705 0 +5.006564550e-07 +6.561000050e+01 +6.561000050e+01 -4.0030e-01 -5.8107e-01
11797 0 +4.443486858e-07 +6.561000044e+01 +6.561000044e+01 -4.0032e-01 -5.8116e-01
11901 0 +3.973876659e-07 +6.561000040e+01 +6.561000040e+01 -4.0034e-01 -5.8124e-01
12059 0 +3.546966383e-07 +6.561000035e+01 +6.561000035e+01 -4.0037e-01 -5.8131e-01
12209 0 +3.161928674e-07 +6.561000032e+01 +6.561000032e+01 -4.0039e-01 -5.8138e-01
12351 0 +2.817137243e-07 +6.561000028e+01 +6.561000028e+01 -4.0041e-01 -5.8145e-01
12485 0 +2.508360382e-07 +6.561000025e+01 +6.561000025e+01 -4.0042e-01 -5.8151e-01
12613 0 +2.236097032e-07 +6.561000022e+01 +6.561000022e+01 -4.0044e-01 -5.8158e-01
12729 0 +1.991737406e-07 +6.561000020e+01 +6.561000020e+01 -4.0046e-01 -5.8163e-01
12841 0 +1.776142682e-07 +6.561000018e+01 +6.561000018e+01 -4.0047e-01 -5.8168e-01
12949 0 +1.580162916e-07 +6.561000016e+01 +6.561000016e+01 -4.0049e-01 -5.8174e-01
13049 0 +1.408284334e-07 +6.561000014e+01 +6.561000014e+01 -4.0050e-01 -5.8178e-01
13145 0 +1.252974329e-07 +6.561000013e+01 +6.561000013e+01 -4.0052e-01 -5.8183e-01
13233 0 +1.119616968e-07 +6.561000011e+01 +6.561000011e+01 -4.0053e-01 -5.8187e-01
13317 0 +9.987708438e-08 +6.561000010e+01 +6.561000010e+01 -4.0054e-01 -5.8191e-01
13461 0 +8.910771498e-08 +6.561000009e+01 +6.561000009e+01 -4.0055e-01 -5.8195e-01
13615 0 +7.933809343e-08 +6.561000008e+01 +6.561000008e+01 -4.0056e-01 -5.8198e-01
13757 0 +7.056922868e-08 +6.561000007e+01 +6.561000007e+01 -4.0057e-01 -5.8202e-01
13891 0 +6.307421074e-08 +6.561000006e+01 +6.561000006e+01 -4.0058e-01 -5.8205e-01
14019 0 +5.609254572e-08 +6.561000006e+01 +6.561000006e+01 -4.0059e-01 -5.8208e-01
14137 0 +5.001241732e-08 +6.561000005e+01 +6.561000005e+01 -4.0060e-01 -5.8211e-01
14249 0 +4.463083769e-08 +6.561000004e+01 +6.561000004e+01 -4.0060e-01 -5.8214e-01
14353 0 +3.980906627e-08 +6.561000004e+01 +6.561000004e+01 -4.0061e-01 -5.8216e-01
14457 0 +3.540424132e-08 +6.561000004e+01 +6.561000004e+01 -4.0062e-01 -5.8219e-01
14549 0 +3.160282347e-08 +6.561000003e+01 +6.561000003e+01 -4.0062e-01 -5.8221e-01
14657 0 +2.815249900e-08 +6.561000003e+01 +6.561000003e+01 -4.0063e-01 -5.8223e-01
14825 0 +2.511214348e-08 +6.561000003e+01 +6.561000003e+01 -4.0064e-01 -5.8225e-01
14989 0 +2.231469409e-08 +6.561000002e+01 +6.561000002e+01 -4.0064e-01 -5.8227e-01
15137 0 +1.994894205e-08 +6.561000002e+01 +6.561000002e+01 -4.0065e-01 -5.8229e-01
15281 0 +1.773885572e-08 +6.561000002e+01 +6.561000002e+01 -4.0065e-01 -5.8230e-01
15413 0 +1.584787412e-08 +6.561000002e+01 +6.561000002e+01 -4.0066e-01 -5.8232e-01
15545 0 +1.411387984e-08 +6.561000001e+01 +6.561000001e+01 -4.0066e-01 -5.8234e-01
15661 0 +1.256681514e-08 +6.561000001e+01 +6.561000001e+01 -4.0067e-01 -5.8235e-01
15773 0 +1.121411231e-08 +6.561000001e+01 +6.561000001e+01 -4.0067e-01 -5.8236e-01
15881 0 +9.978947446e-09 +6.561000001e+01 +6.561000001e+01 -4.0067e-01 -5.8238e-01
20000 0 +2.251709930e-10 +6.561000000e+01 +6.561000000e+01 -4.0073e-01 -5.8256e-01
% f evaluations | g evaluations | best noise-free fitness - Fopt (-1.304400000000e+02) + sum g_i+ | measured fitness | best measured fitness or single-digit g-values | x1 | x2...
1 0 +6.500000000e+00 -1.239400000e+02 -1.239400000e+02 +0.0000e+00 +0.0000e+00
63 0 +3.438776818e+00 -1.270012232e+02 -1.270012232e+02 -5.4133e-01 +9.3498e-01
75 0 +3.574098408e-01 -1.300825902e+02 -1.300825902e+02 -1.0452e+00 -1.9755e+00
189 0 +2.256188869e-01 -1.302143811e+02 -1.302143811e+02 +2.0089e-01 +4.7531e-02
256 0 +2.157339867e-01 -1.302242660e+02 -1.302242660e+02 +0.0000e+00 -3.8241e-01
365 0 +3.649374485e-02 -1.304035063e+02 -1.304035063e+02 +0.0000e+00 -4.4933e-01
382 0 +1.938543513e-02 -1.304206146e+02 -1.304206146e+02 +0.0000e+00 -4.3370e-01
479 0 +1.775128578e-02 -1.304222487e+02 -1.304222487e+02 -5.3746e-03 -4.4445e-01
589 0 +1.583712237e-02 -1.304241629e+02 -1.304241629e+02 -1.1726e-02 -4.5813e-01
695 0 +1.406533640e-02 -1.304259347e+02 -1.304259347e+02 -1.8567e-02 -4.7083e-01
789 0 +1.257414006e-02 -1.304274259e+02 -1.304274259e+02 -2.4430e-02 -4.8256e-01
885 0 +1.118044429e-02 -1.304288196e+02 -1.304288196e+02 -3.0293e-02 -4.9428e-01
1031 0 +9.990696966e-03 -1.304300093e+02 -1.304300093e+02 -3.5912e-02 -5.0479e-01
1197 0 +8.908978166e-03 -1.304310910e+02 -1.304310910e+02 -4.1042e-02 -5.1505e-01
1357 0 +7.932335288e-03 -1.304320677e+02 -1.304320677e+02 -4.6173e-02 -5.2482e-01
1509 0 +7.060998942e-03 -1.304329390e+02 -1.304329390e+02 -5.1059e-02 -5.3410e-01
1651 0 +6.306233109e-03 -1.304336938e+02 -1.304336938e+02 -5.5700e-02 -5.4265e-01
1787 0 +5.615842280e-03 -1.304343842e+02 -1.304343842e+02 -6.0098e-02 -5.5096e-01
1915 0 +5.003931630e-03 -1.304349961e+02 -1.304349961e+02 -6.4251e-02 -5.5878e-01
2035 0 +4.463513411e-03 -1.304355365e+02 -1.304355365e+02 -6.8159e-02 -5.6611e-01
2149 0 +3.973105713e-03 -1.304360269e+02 -1.304360269e+02 -7.1824e-02 -5.7319e-01
2349 0 +3.547633913e-03 -1.304364524e+02 -1.304364524e+02 -7.5366e-02 -5.7967e-01
2557 0 +3.156510395e-03 -1.304368435e+02 -1.304368435e+02 -7.8786e-02 -5.8602e-01
2749 0 +2.816249476e-03 -1.304371838e+02 -1.304371838e+02 -8.1962e-02 -5.9188e-01
2933 0 +2.508913672e-03 -1.304374911e+02 -1.304374911e+02 -8.5016e-02 -5.9750e-01
3107 0 +2.237458759e-03 -1.304377625e+02 -1.304377625e+02 -8.7948e-02 -6.0275e-01
3269 0 +1.994208238e-03 -1.304380058e+02 -1.304380058e+02 -9.0635e-02 -6.0776e-01
3425 0 +1.777900429e-03 -1.304382221e+02 -1.304382221e+02 -9.3200e-02 -6.1252e-01
3575 0 +1.580445061e-03 -1.304384196e+02 -1.304384196e+02 -9.5765e-02 -6.1704e-01
3711 0 +1.411718710e-03 -1.304385883e+02 -1.304385883e+02 -9.8086e-02 -6.2120e-01
3843 0 +1.256624169e-03 -1.304387434e+02 -1.304387434e+02 -1.0028e-01 -6.2523e-01
4015 0 +1.121836936e-03 -1.304388782e+02 -1.304388782e+02 -1.0236e-01 -6.2895e-01
4249 0 +9.989459276e-04 -1.304390011e+02 -1.304390011e+02 -1.0432e-01 -6.3256e-01
4471 0 +8.905230210e-04 -1.304391095e+02 -1.304391095e+02 -1.0621e-01 -6.3592e-01
4679 0 +7.940616812e-04 -1.304392059e+02 -1.304392059e+02 -1.0798e-01 -6.3909e-01
4877 0 +7.074783269e-04 -1.304392925e+02 -1.304392925e+02 -1.0963e-01 -6.4215e-01
5065 0 +6.305839065e-04 -1.304393694e+02 -1.304393694e+02 -1.1122e-01 -6.4502e-01
5237 0 +5.622027911e-04 -1.304394378e+02 -1.304394378e+02 -1.1274e-01 -6.4764e-01
5405 0 +5.010005419e-04 -1.304394990e+02 -1.304394990e+02 -1.1415e-01 -6.5021e-01
5565 0 +4.465568725e-04 -1.304395534e+02 -1.304395534e+02 -1.1549e-01 -6.5265e-01
5713 0 +3.976857254e-04 -1.304396023e+02 -1.304396023e+02 -1.1677e-01 -6.5491e-01
5853 0 +3.540247892e-04 -1.304396460e+02 -1.304396460e+02 -1.1800e-01 -6.5705e-01
6081 0 +3.160455968e-04 -1.304396840e+02 -1.304396840e+02 -1.1913e-01 -6.5903e-01
6333 0 +2.816869139e-04 -1.304397183e+02 -1.304397183e+02 -1.2020e-01 -6.6096e-01
6569 0 +2.508888615e-04 -1.304397491e+02 -1.304397491e+02 -1.2123e-01 -6.6276e-01
6793 0 +2.237012421e-04 -1.304397763e+02 -1.304397763e+02 -1.2218e-01 -6.6447e-01
7005 0 +1.992422115e-04 -1.304398008e+02 -1.304398008e+02 -1.2310e-01 -6.6609e-01
7205 0 +1.776300232e-04 -1.304398224e+02 -1.304398224e+02 -1.2395e-01 -6.6761e-01
7393 0 +1.581655364e-04 -1.304398418e+02 -1.304398418e+02 -1.2478e-01 -6.6905e-01
7569 0 +1.411039398e-04 -1.304398589e+02 -1.304398589e+02 -1.2554e-01 -6.7039e-01
7739 0 +1.257269830e-04 -1.304398743e+02 -1.304398743e+02 -1.2627e-01 -6.7168e-01
7897 0 +1.121132565e-04 -1.304398879e+02 -1.304398879e+02 -1.2694e-01 -6.7290e-01
8047 0 +9.993043869e-05 -1.304399001e+02 -1.304399001e+02 -1.2762e-01 -6.7403e-01
8189 0 +8.884507307e-05 -1.304399112e+02 -1.304399112e+02 -1.2823e-01 -6.7513e-01
8431 0 +7.942315355e-05 -1.304399206e+02 -1.304399206e+02 -1.2879e-01 -6.7612e-01
8685 0 +7.067877138e-05 -1.304399293e+02 -1.304399293e+02 -1.2934e-01 -6.7710e-01
8923 0 +6.305090128e-05 -1.304399369e+02 -1.304399369e+02 -1.2986e-01 -6.7800e-01
9147 0 +5.623199732e-05 -1.304399438e+02 -1.304399438e+02 -1.3035e-01 -6.7885e-01
9361 0 +5.002370054e-05 -1.304399500e+02 -1.304399500e+02 -1.3081e-01 -6.7968e-01
9561 0 +4.464059549e-05 -1.304399554e+02 -1.304399554e+02 -1.3123e-01 -6.8044e-01
9749 0 +3.979466186e-05 -1.304399602e+02 -1.304399602e+02 -1.3165e-01 -6.8116e-01
9929 0 +3.542133331e-05 -1.304399646e+02 -1.304399646e+02 -1.3204e-01 -6.8184e-01
10099 0 +3.158703345e-05 -1.304399684e+02 -1.304399684e+02 -1.3241e-01 -6.8249e-01
10259 0 +2.814528901e-05 -1.304399719e+02 -1.304399719e+02 -1.3276e-01 -6.8310e-01
10409 0 +2.506705064e-05 -1.304399749e+02 -1.304399749e+02 -1.3308e-01 -6.8368e-01
10573 0 +2.237681571e-05 -1.304399776e+02 -1.304399776e+02 -1.3339e-01 -6.8421e-01
10843 0 +1.993898468e-05 -1.304399801e+02 -1.304399801e+02 -1.3369e-01 -6.8472e-01
11097 0 +1.775242737e-05 -1.304399822e+02 -1.304399822e+02 -1.3396e-01 -6.8521e-01
11335 0 +1.584552260e-05 -1.304399842e+02 -1.304399842e+02 -1.3422e-01 -6.8566e-01
11561 0 +1.411266939e-05 -1.304399859e+02 -1.304399859e+02 -1.3446e-01 -6.8610e-01
11775 0 +1.258612531e-05 -1.304399874e+02 -1.304399874e+02 -1.3470e-01 -6.8650e-01
11977 0 +1.121133366e-05 -1.304399888e+02 -1.304399888e+02 -1.3491e-01 -6.8689e-01
12167 0 +9.998850203e-06 -1.304399900e+02 -1.304399900e+02 -1.3513e-01 -6.8725e-01
12345 0 +8.906778334e-06 -1.304399911e+02 -1.304399911e+02 -1.3532e-01 -6.8759e-01
12517 0 +7.936618715e-06 -1.304399921e+02 -1.304399921e+02 -1.3550e-01 -6.8792e-01
12677 0 +7.069741457e-06 -1.304399929e+02 -1.304399929e+02 -1.3568e-01 -6.8823e-01
12829 0 +6.291183922e-06 -1.304399937e+02 -1.304399937e+02 -1.3585e-01 -6.8852e-01
12969 0 +5.618932335e-06 -1.304399944e+02 -1.304399944e+02 -1.3600e-01 -6.8878e-01
13105 0 +5.010785713e-06 -1.304399950e+02 -1.304399950e+02 -1.3614e-01 -6.8904e-01
13235 0 +4.453803570e-06 -1.304399955e+02 -1.304399955e+02 -1.3629e-01 -6.8929e-01
13413 0 +3.978926173e-06 -1.304399960e+02 -1.304399960e+02 -1.3641e-01 -6.8951e-01
13641 0 +3.542556527e-06 -1.304399965e+02 -1.304399965e+02 -1.3654e-01 -6.8973e-01
13853 0 +3.161657958e-06 -1.304399968e+02 -1.304399968e+02 -1.3665e-01 -6.8993e-01
14057 0 +2.815619496e-06 -1.304399972e+02 -1.304399972e+02 -1.3677e-01 -6.9013e-01
14249 0 +2.511057232e-06 -1.304399975e+02 -1.304399975e+02 -1.3687e-01 -6.9031e-01
14429 0 +2.236117211e-06 -1.304399978e+02 -1.304399978e+02 -1.3697e-01 -6.9048e-01
14599 0 +1.994506931e-06 -1.304399980e+02 -1.304399980e+02 -1.3706e-01 -6.9064e-01
14763 0 +1.772565668e-06 -1.304399982e+02 -1.304399982e+02 -1.3715e-01 -6.9080e-01
14909 0 +1.584301287e-06 -1.304399984e+02 -1.304399984e+02 -1.3723e-01 -6.9094e-01
15129 0 +1.411287087e-06 -1.304399986e+02 -1.304399986e+02 -1.3731e-01 -6.9108e-01
15399 0 +1.258745385e-06 -1.304399987e+02 -1.304399987e+02 -1.3738e-01 -6.9121e-01
15653 0 +1.121706447e-06 -1.304399989e+02 -1.304399989e+02 -1.3745e-01 -6.9133e-01
15897 0 +9.981460494e-07 -1.304399990e+02 -1.304399990e+02 -1.3752e-01 -6.9144e-01
16121 0 +8.911762563e-07 -1.304399991e+02 -1.304399991e+02 -1.3758e-01 -6.9155e-01
16337 0 +7.936837108e-07 -1.304399992e+02 -1.304399992e+02 -1.3764e-01 -6.9165e-01
16541 0 +7.069610604e-07 -1.304399993e+02 -1.304399993e+02 -1.3769e-01 -6.9175e-01
16733 0 +6.304824467e-07 -1.304399994e+02 -1.304399994e+02 -1.3775e-01 -6.9184e-01
16913 0 +5.617688430e-07 -1.304399994e+02 -1.304399994e+02 -1.3780e-01 -6.9193e-01
17087 0 +4.999019723e-07 -1.304399995e+02 -1.304399995e+02 -1.3784e-01 -6.9201e-01
17247 0 +4.458478315e-07 -1.304399996e+02 -1.304399996e+02 -1.3789e-01 -6.9209e-01
17397 0 +3.979432961e-07 -1.304399996e+02 -1.304399996e+02 -1.3793e-01 -6.9216e-01
17541 0 +3.540706075e-07 -1.304399996e+02 -1.304399996e+02 -1.3797e-01 -6.9223e-01
17677 0 +3.159761377e-07 -1.304399997e+02 -1.304399997e+02 -1.3800e-01 -6.9229e-01
17865 0 +2.815754385e-07 -1.304399997e+02 -1.304399997e+02 -1.3804e-01 -6.9235e-01
18107 0 +2.511343382e-07 -1.304399997e+02 -1.304399997e+02 -1.3807e-01 -6.9241e-01
18333 0 +2.238412833e-07 -1.304399998e+02 -1.304399998e+02 -1.3810e-01 -6.9247e-01
18549 0 +1.994169452e-07 -1.304399998e+02 -1.304399998e+02 -1.3813e-01 -6.9252e-01
18753 0 +1.776896568e-07 -1.304399998e+02 -1.304399998e+02 -1.3816e-01 -6.9257e-01
18947 0 +1.583386791e-07 -1.304399998e+02 -1.304399998e+02 -1.3819e-01 -6.9261e-01
19129 0 +1.408473622e-07 -1.304399999e+02 -1.304399999e+02 -1.3821e-01 -6.9266e-01
19297 0 +1.257829751e-07 -1.304399999e+02 -1.304399999e+02 -1.3824e-01 -6.9270e-01
19461 0 +1.120016293e-07 -1.304399999e+02 -1.304399999e+02 -1.3826e-01 -6.9273e-01
19613 0 +9.977918580e-08 -1.304399999e+02 -1.304399999e+02 -1.3828e-01 -6.9277e-01
19759 0 +8.889259107e-08 -1.304399999e+02 -1.304399999e+02 -1.3830e-01 -6.9281e-01
19997 0 +7.934372093e-08 -1.304399999e+02 -1.304399999e+02 -1.3832e-01 -6.9284e-01
20000 0 +7.934372093e-08 -1.304399999e+02 -1.304399999e+02 -1.3832e-01 -6.9284e-01
% f evaluations | g evaluations | best noise-free fitness - Fopt (4.949800000000e+02) + sum g_i+ | measured fitness | best measured fitness or single-digit g-values | x1 | x2...
1 0 +6.500000000e+00 +5.014800000e+02 +5.014800000e+02 +0.0000e+00 +0.0000e+00
96 0 +1.449166957e+00 +4.964291670e+02 +4.964291670e+02 +3.2377e+00 -2.9923e+00
353 0 +4.813130916e-01 +4.954613131e+02 +4.954613131e+02 -3.1381e-01 +2.2595e-01
380 0 +4.270775672e-01 +4.954070776e+02 +4.954070776e+02 -2.8254e-01 +2.5722e-01
381 0 +3.726908371e-01 +4.953526908e+02 +4.953526908e+02 -2.8254e-01 +2.2595e-01
385 0 +3.459859967e-01 +4.953259860e+02 +4.953259860e+02 -2.8254e-01 +1.9467e-01
409 0 +3.118129219e-01 +4.952918129e+02 +4.952918129e+02 -2.6690e-01 +1.6340e-01
429 0 +2.781449717e-01 +4.952581450e+02 +4.952581450e+02 -2.5127e-01 +1.2432e-01
449 0 +2.480888355e-01 +4.952280888e+02 +4.952280888e+02 -2.3563e-01 +8.5229e-02
469 0 +2.235225404e-01 +4.952035225e+02 +4.952035225e+02 -2.2000e-01 +4.6141e-02
492 0 +1.987984546e-01 +4.951787985e+02 +4.951787985e+02 -2.0046e-01 +1.8779e-02
525 0 +1.774745019e-01 +4.951574745e+02 +4.951574745e+02 -1.8482e-01 -1.6400e-02
557 0 +1.573370549e-01 +4.951373371e+02 +4.951373371e+02 -1.6528e-01 -4.7670e-02
608 0 +1.408361184e-01 +4.951208361e+02 +4.951208361e+02 -1.4769e-01 -7.6986e-02
668 0 +1.254501685e-01 +4.951054502e+02 +4.951054502e+02 -1.3010e-01 -1.0630e-01
724 0 +1.121860503e-01 +4.950921861e+02 +4.950921861e+02 -1.1251e-01 -1.3366e-01
777 0 +9.961986098e-02 +4.950796199e+02 +4.950796199e+02 -9.6873e-02 -1.6102e-01
832 0 +8.857853551e-02 +4.950685785e+02 +4.950685785e+02 -7.9283e-02 -1.8643e-01
885 0 +7.941880994e-02 +4.950594188e+02 +4.950594188e+02 -6.4625e-02 -2.0988e-01
980 0 +7.071285055e-02 +4.950507129e+02 +4.950507129e+02 -4.8013e-02 -2.3236e-01
1069 0 +6.303659762e-02 +4.950430366e+02 +4.950430366e+02 -3.3355e-02 -2.5484e-01
1156 0 +5.601938651e-02 +4.950360194e+02 +4.950360194e+02 -1.7720e-02 -2.7536e-01
1233 0 +5.006150180e-02 +4.950300615e+02 +4.950300615e+02 -4.0390e-03 -2.9490e-01
1312 0 +4.457891563e-02 +4.950245789e+02 +4.950245789e+02 +1.0619e-02 -3.1347e-01
1453 0 +3.977388739e-02 +4.950197739e+02 +4.950197739e+02 +2.3322e-02 -3.3106e-01
1593 0 +3.544366755e-02 +4.950154437e+02 +4.950154437e+02 +3.6026e-02 -3.4816e-01
1724 0 +3.161673833e-02 +4.950116167e+02 +4.950116167e+02 +4.8730e-02 -3.6379e-01
1849 0 +2.809920604e-02 +4.950080992e+02 +4.950080992e+02 +6.0456e-02 -3.7943e-01
1965 0 +2.507755386e-02 +4.950050776e+02 +4.950050776e+02 +7.1694e-02 -3.9360e-01
2077 0 +2.236065820e-02 +4.950023607e+02 +4.950023607e+02 +8.2443e-02 -4.0728e-01
2185 0 +1.986250325e-02 +4.949998625e+02 +4.949998625e+02 +9.3192e-02 -4.2047e-01
2285 0 +1.771875250e-02 +4.949977188e+02 +4.949977188e+02 +1.0296e-01 -4.3269e-01
2377 0 +1.583788895e-02 +4.949958379e+02 +4.949958379e+02 +1.1225e-01 -4.4392e-01
2541 0 +1.411603583e-02 +4.949941160e+02 +4.949941160e+02 +1.2129e-01 -4.5492e-01
2713 0 +1.258228777e-02 +4.949925823e+02 +4.949925823e+02 +1.2984e-01 -4.6542e-01
2873 0 +1.121156267e-02 +4.949912116e+02 +4.949912116e+02 +1.3814e-01 -4.7519e-01
3028 0 +9.997781756e-03 +4.949899978e+02 +4.949899978e+02 +1.4596e-01 -4.8448e-01
3173 0 +8.911179120e-03 +4.949889112e+02 +4.949889112e+02 +1.5329e-01 -4.9352e-01
3309 0 +7.941778969e-03 +4.949879418e+02 +4.949879418e+02 +1.6037e-01 -5.0182e-01
3440 0 +7.074540393e-03 +4.949870745e+02 +4.949870745e+02 +1.6721e-01 -5.0964e-01
3561 0 +6.302884070e-03 +4.949863029e+02 +4.949863029e+02 +1.7357e-01 -5.1721e-01
3677 0 +5.615143588e-03 +4.949856151e+02 +4.949856151e+02 +1.7967e-01 -5.2430e-01
3809 0 +5.010763745e-03 +4.949850108e+02 +4.949850108e+02 +1.8541e-01 -5.3089e-01
4017 0 +4.464594094e-03 +4.949844646e+02 +4.949844646e+02 +1.9091e-01 -5.3725e-01
4216 0 +3.979421402e-03 +4.949839794e+02 +4.949839794e+02 +1.9616e-01 -5.4323e-01
4401 0 +3.543047355e-03 +4.949835430e+02 +4.949835430e+02 +2.0105e-01 -5.4897e-01
4577 0 +3.159108083e-03 +4.949831591e+02 +4.949831591e+02 +2.0569e-01 -5.5435e-01
4744 0 +2.815370716e-03 +4.949828154e+02 +4.949828154e+02 +2.1021e-01 -5.5935e-01
4900 0 +2.510764345e-03 +4.949825108e+02 +4.949825108e+02 +2.1436e-01 -5.6412e-01
5049 0 +2.232014581e-03 +4.949822320e+02 +4.949822320e+02 +2.1840e-01 -5.6876e-01
5192 0 +1.988790488e-03 +4.949819888e+02 +4.949819888e+02 +2.2218e-01 -5.7304e-01
5321 0 +1.773437459e-03 +4.949817734e+02 +4.949817734e+02 +2.2572e-01 -5.7707e-01
5468 0 +1.584330763e-03 +4.949815843e+02 +4.949815843e+02 +2.2908e-01 -5.8079e-01
5704 0 +1.412529833e-03 +4.949814125e+02 +4.949814125e+02 +2.3226e-01 -5.8440e-01
5928 0 +1.258635370e-03 +4.949812586e+02 +4.949812586e+02 +2.3531e-01 -5.8782e-01
6140 0 +1.121336805e-03 +4.949811213e+02 +4.949811213e+02 +2.3818e-01 -5.9105e-01
6337 0 +9.996157210e-04 +4.949809996e+02 +4.949809996e+02 +2.4087e-01 -5.9411e-01
6525 0 +8.912193432e-04 +4.949808912e+02 +4.949808912e+02 +2.4344e-01 -5.9698e-01
6705 0 +7.937263900e-04 +4.949807937e+02 +4.949807937e+02 +2.4588e-01 -5.9972e-01
6873 0 +7.070824797e-04 +4.949807071e+02 +4.949807071e+02 +2.4820e-01 -6.0229e-01
7036 0 +6.296070566e-04 +4.949806296e+02 +4.949806296e+02 +2.5040e-01 -6.0473e-01
7181 0 +5.622428537e-04 +4.949805622e+02 +4.949805622e+02 +2.5241e-01 -6.0699e-01
7325 0 +5.007139151e-04 +4.949805007e+02 +4.949805007e+02 +2.5437e-01 -6.0919e-01
7457 0 +4.466583991e-04 +4.949804467e+02 +4.949804467e+02 +2.5620e-01 -6.1121e-01
7672 0 +3.980786269e-04 +4.949803981e+02 +4.949803981e+02 +2.5797e-01 -6.1313e-01
7912 0 +3.546501542e-04 +4.949803547e+02 +4.949803547e+02 +2.5962e-01 -6.1496e-01
8137 0 +3.161168564e-04 +4.949803161e+02 +4.949803161e+02 +2.6115e-01 -6.1670e-01
8352 0 +2.815966818e-04 +4.949802816e+02 +4.949802816e+02 +2.6264e-01 -6.1832e-01
8553 0 +2.509349185e-04 +4.949802509e+02 +4.949802509e+02 +2.6402e-01 -6.1988e-01
8741 0 +2.237535847e-04 +4.949802238e+02 +4.949802238e+02 +2.6533e-01 -6.2131e-01
8924 0 +1.993214196e-04 +4.949801993e+02 +4.949801993e+02 +2.6658e-01 -6.2269e-01
9093 0 +1.777447497e-04 +4.949801777e+02 +4.949801777e+02 +2.6774e-01 -6.2400e-01
9253 0 +1.581301800e-04 +4.949801581e+02 +4.949801581e+02 +2.6887e-01 -6.2522e-01
9404 0 +1.412314902e-04 +4.949801412e+02 +4.949801412e+02 +2.6991e-01 -6.2635e-01
9545 0 +1.258909319e-04 +4.949801259e+02 +4.949801259e+02 +2.7089e-01 -6.2745e-01
9768 0 +1.121886113e-04 +4.949801122e+02 +4.949801122e+02 +2.7184e-01 -6.2848e-01
10024 0 +9.994651310e-05 +4.949800999e+02 +4.949800999e+02 +2.7272e-01 -6.2945e-01
10264 0 +8.910877574e-05 +4.949800891e+02 +4.949800891e+02 +2.7356e-01 -6.3037e-01
10489 0 +7.941273606e-05 +4.949800794e+02 +4.949800794e+02 +2.7434e-01 -6.3124e-01
10705 0 +7.073496573e-05 +4.949800707e+02 +4.949800707e+02 +2.7509e-01 -6.3206e-01
10909 0 +6.303748387e-05 +4.949800630e+02 +4.949800630e+02 +2.7579e-01 -6.3284e-01
11101 0 +5.612747503e-05 +4.949800561e+02 +4.949800561e+02 +2.7646e-01 -6.3358e-01
11281 0 +5.004183311e-05 +4.949800500e+02 +4.949800500e+02 +2.7709e-01 -6.3426e-01
11452 0 +4.465316141e-05 +4.949800447e+02 +4.949800447e+02 +2.7768e-01 -6.3490e-01
11616 0 +3.971754256e-05 +4.949800397e+02 +4.949800397e+02 +2.7825e-01 -6.3553e-01
11765 0 +3.544204242e-05 +4.949800354e+02 +4.949800354e+02 +2.7877e-01 -6.3611e-01
11909 0 +3.156155299e-05 +4.949800316e+02 +4.949800316e+02 +2.7927e-01 -6.3666e-01
12173 0 +2.817177136e-05 +4.949800282e+02 +4.949800282e+02 +2.7974e-01 -6.3717e-01
12429 0 +2.508978775e-05 +4.949800251e+02 +4.949800251e+02 +2.8019e-01 -6.3766e-01
12669 0 +2.237590979e-05 +4.949800224e+02 +4.949800224e+02 +2.8061e-01 -6.3812e-01
12897 0 +1.994623750e-05 +4.949800199e+02 +4.949800199e+02 +2.8100e-01 -6.3855e-01
13113 0 +1.777823343e-05 +4.949800178e+02 +4.949800178e+02 +2.8138e-01 -6.3897e-01
13320 0 +1.583480758e-05 +4.949800158e+02 +4.949800158e+02 +2.8174e-01 -6.3935e-01
13512 0 +1.411348342e-05 +4.949800141e+02 +4.949800141e+02 +2.8207e-01 -6.3972e-01
13693 0 +1.257375470e-05 +4.949800126e+02 +4.949800126e+02 +2.8239e-01 -6.4007e-01
13864 0 +1.121840131e-05 +4.949800112e+02 +4.949800112e+02 +2.8268e-01 -6.4039e-01
14025 0 +9.990139972e-06 +4.949800100e+02 +4.949800100e+02 +2.8297e-01 -6.4071e-01
14177 0 +8.902970762e-06 +4.949800089e+02 +4.949800089e+02 +2.8323e-01 -6.4100e-01
14377 0 +7.934328778e-06 +4.949800079e+02 +4.949800079e+02 +2.8349e-01 -6.4127e-01
14649 0 +7.072851986e-06 +4.949800071e+02 +4.949800071e+02 +2.8372e-01 -6.4153e-01
14908 0 +6.304327258e-06 +4.949800063e+02 +4.949800063e+02 +2.8395e-01 -6.4177e-01
15149 0 +5.618932732e-06 +4.949800056e+02 +4.949800056e+02 +2.8416e-01 -6.4201e-01
15377 0 +5.011652775e-06 +4.949800050e+02 +4.949800050e+02 +2.8436e-01 -6.4223e-01
15593 0 +4.463737696e-06 +4.949800045e+02 +4.949800045e+02 +2.8455e-01 -6.4243e-01
15800 0 +3.978023926e-06 +4.949800040e+02 +4.949800040e+02 +2.8473e-01 -6.4263e-01
15992 0 +3.547139613e-06 +4.949800035e+02 +4.949800035e+02 +2.8489e-01 -6.4281e-01
16173 0 +3.161279267e-06 +4.949800032e+02 +4.949800032e+02 +2.8505e-01 -6.4298e-01
16348 0 +2.813946310e-06 +4.949800028e+02 +4.949800028e+02 +2.8520e-01 -6.4315e-01
16508 0 +2.511648745e-06 +4.949800025e+02 +4.949800025e+02 +2.8534e-01 -6.4330e-01
16661 0 +2.234720569e-06 +4.949800022e+02 +4.949800022e+02 +2.8548e-01 -6.4345e-01
16904 0 +1.994803768e-06 +4.949800020e+02 +4.949800020e+02 +2.8560e-01 -6.4359e-01
17177 0 +1.776759973e-06 +4.949800018e+02 +4.949800018e+02 +2.8572e-01 -6.4372e-01
17433 0 +1.584111374e-06 +4.949800016e+02 +4.949800016e+02 +2.8584e-01 -6.4384e-01
17680 0 +1.411241726e-06 +4.949800014e+02 +4.949800014e+02 +2.8594e-01 -6.4396e-01
17909 0 +1.256347275e-06 +4.949800013e+02 +4.949800013e+02 +2.8604e-01 -6.4407e-01
18125 0 +1.120674142e-06 +4.949800011e+02 +4.949800011e+02 +2.8614e-01 -6.4417e-01
18329 0 +9.988248166e-07 +4.949800010e+02 +4.949800010e+02 +2.8623e-01 -6.4427e-01
18524 0 +8.908443760e-07 +4.949800009e+02 +4.949800009e+02 +2.8631e-01 -6.4436e-01
18705 0 +7.932873132e-07 +4.949800008e+02 +4.949800008e+02 +2.8639e-01 -6.4445e-01
18877 0 +7.075609574e-07 +4.949800007e+02 +4.949800007e+02 +2.8647e-01 -6.4453e-01
19044 0 +6.295361459e-07 +4.949800006e+02 +4.949800006e+02 +2.8654e-01 -6.4461e-01
19196 0 +5.616398084e-07 +4.949800006e+02 +4.949800006e+02 +2.8660e-01 -6.4468e-01
19365 0 +5.011801250e-07 +4.949800005e+02 +4.949800005e+02 +2.8667e-01 -6.4475e-01
19641 0 +4.463444156e-07 +4.949800004e+02 +4.949800004e+02 +2.8673e-01 -6.4481e-01
19897 0 +3.980798624e-07 +4.949800004e+02 +4.949800004e+02 +2.8678e-01 -6.4488e-01
20000 0 +3.800012109e-07 +4.949800004e+02 +4.949800004e+02 +2.8681e-01 -6.4490e-01
% f evaluations | g evaluations | best noise-free fitness - Fopt (4.685000000000e+01) + sum g_i+ | measured fitness | best measured fitness or single-digit g-values | x1 | x2...
1 0 +6.500000000e+00 +5.335000000e+01 +5.335000000e+01 +0.0000e+00 +0.0000e+00
7 0 +7.696563269e-01 +4.761965633e+01 +4.761965633e+01 -1.4419e+00 +1.3153e+00
98 0 +1.951880157e-01 +4.704518802e+01 +4.704518802e+01 -1.4121e-01 -8.4008e-02
542 0 +1.767331183e-01 +4.702673312e+01 +4.702673312e+01 -2.4217e-02 -1.8091e-01
574 0 +1.574623277e-01 +4.700746233e+01 +4.700746233e+01 -5.5487e-02 -1.6137e-01
631 0 +1.403984655e-01 +4.699039847e+01 +4.699039847e+01 -8.4803e-02 -1.4378e-01
687 0 +1.257424255e-01 +4.697574243e+01 +4.697574243e+01 -1.1216e-01 -1.2619e-01
746 0 +1.117382639e-01 +4.696173826e+01 +4.696173826e+01 -1.3953e-01 -1.0664e-01
795 0 +9.976653106e-02 +4.694976653e+01 +4.694976653e+01 -1.6493e-01 -8.9055e-02
847 0 +8.886949710e-02 +4.693886950e+01 +4.693886950e+01 -1.9034e-01 -7.1466e-02
939 0 +7.920022966e-02 +4.692920023e+01 +4.692920023e+01 -2.1282e-01 -5.3876e-02
1027 0 +7.077463551e-02 +4.692077464e+01 +4.692077464e+01 -2.3431e-01 -3.7264e-02
1115 0 +6.293334372e-02 +4.691293334e+01 +4.691293334e+01 -2.5581e-01 -2.0651e-02
1198 0 +5.620765049e-02 +4.690620765e+01 +4.690620765e+01 -2.7536e-01 -5.0162e-03
1275 0 +4.993403117e-02 +4.689993403e+01 +4.689993403e+01 -2.9490e-01 +1.0619e-02
1350 0 +4.459906478e-02 +4.689459906e+01 +4.689459906e+01 -3.1249e-01 +2.5277e-02
1434 0 +3.974854558e-02 +4.688974855e+01 +4.688974855e+01 -3.2959e-01 +3.9446e-02
1566 0 +3.545247388e-02 +4.688545247e+01 +4.688545247e+01 -3.4571e-01 +5.3127e-02
1691 0 +3.158739128e-02 +4.688158739e+01 +4.688158739e+01 -3.6135e-01 +6.5831e-02
1811 0 +2.811973309e-02 +4.687811973e+01 +4.687811973e+01 -3.7601e-01 +7.8534e-02
1926 0 +2.506494262e-02 +4.687506494e+01 +4.687506494e+01 -3.8969e-01 +9.0749e-02
2031 0 +2.234777968e-02 +4.687234778e+01 +4.687234778e+01 -4.0288e-01 +1.0199e-01
2134 0 +1.993299061e-02 +4.686993299e+01 +4.686993299e+01 -4.1510e-01 +1.1322e-01
2230 0 +1.777292812e-02 +4.686777293e+01 +4.686777293e+01 -4.2682e-01 +1.2349e-01
2387 0 +1.582964788e-02 +4.686582965e+01 +4.686582965e+01 -4.3806e-01 +1.3350e-01
2559 0 +1.411433243e-02 +4.686411433e+01 +4.686411433e+01 -4.4856e-01 +1.4303e-01
2723 0 +1.258306087e-02 +4.686258306e+01 +4.686258306e+01 -4.5858e-01 +1.5207e-01
2879 0 +1.120027802e-02 +4.686120028e+01 +4.686120028e+01 -4.6811e-01 +1.6086e-01
3026 0 +9.997386951e-03 +4.685999739e+01 +4.685999739e+01 -4.7690e-01 +1.6917e-01
3166 0 +8.901305434e-03 +4.685890131e+01 +4.685890131e+01 -4.8545e-01 +1.7699e-01
3295 0 +7.940568028e-03 +4.685794057e+01 +4.685794057e+01 -4.9352e-01 +1.8432e-01
3422 0 +7.065412993e-03 +4.685706541e+01 +4.685706541e+01 -5.0109e-01 +1.9164e-01
3538 0 +6.306860104e-03 +4.685630686e+01 +4.685630686e+01 -5.0817e-01 +1.9824e-01
3647 0 +5.621451640e-03 +4.685562145e+01 +4.685562145e+01 -5.1501e-01 +2.0459e-01
3843 0 +5.011472529e-03 +4.685501147e+01 +4.685501147e+01 -5.2137e-01 +2.1070e-01
4046 0 +4.461960855e-03 +4.685446196e+01 +4.685446196e+01 -5.2747e-01 +2.1656e-01
4231 0 +3.980134260e-03 +4.685398013e+01 +4.685398013e+01 -5.3321e-01 +2.2194e-01
4410 0 +3.547722174e-03 +4.685354772e+01 +4.685354772e+01 -5.3859e-01 +2.2719e-01
4579 0 +3.153640566e-03 +4.685315364e+01 +4.685315364e+01 -5.4384e-01 +2.3220e-01
4738 0 +2.815431703e-03 +4.685281543e+01 +4.685281543e+01 -5.4861e-01 +2.3684e-01
4887 0 +2.507147881e-03 +4.685250715e+01 +4.685250715e+01 -5.5325e-01 +2.4124e-01
5027 0 +2.237309339e-03 +4.685223731e+01 +4.685223731e+01 -5.5752e-01 +2.4539e-01
5163 0 +1.990593255e-03 +4.685199059e+01 +4.685199059e+01 -5.6168e-01 +2.4942e-01
5290 0 +1.777593720e-03 +4.685177759e+01 +4.685177759e+01 -5.6546e-01 +2.5321e-01
5495 0 +1.584290332e-03 +4.685158429e+01 +4.685158429e+01 -5.6913e-01 +2.5669e-01
5723 0 +1.410315182e-03 +4.685141032e+01 +4.685141032e+01 -5.7261e-01 +2.6011e-01
5938 0 +1.257995900e-03 +4.685125800e+01 +4.685125800e+01 -5.7584e-01 +2.6329e-01
6139 0 +1.121355273e-03 +4.685112136e+01 +4.685112136e+01 -5.7896e-01 +2.6628e-01
6330 0 +9.998377838e-04 +4.685099984e+01 +4.685099984e+01 -5.8183e-01 +2.6915e-01
6510 0 +8.912095174e-04 +4.685089121e+01 +4.685089121e+01 -5.8458e-01 +2.7190e-01
6679 0 +7.942311813e-04 +4.685079423e+01 +4.685079423e+01 -5.8720e-01 +2.7440e-01
6842 0 +7.076485165e-04 +4.685070765e+01 +4.685070765e+01 -5.8965e-01 +2.7684e-01
6994 0 +6.305412935e-04 +4.685063054e+01 +4.685063054e+01 -5.9197e-01 +2.7916e-01
7135 0 +5.619955455e-04 +4.685056200e+01 +4.685056200e+01 -5.9417e-01 +2.8130e-01
7274 0 +5.005127980e-04 +4.685050051e+01 +4.685050051e+01 -5.9624e-01 +2.8338e-01
7402 0 +4.461191808e-04 +4.685044612e+01 +4.685044612e+01 -5.9820e-01 +2.8533e-01
7523 0 +3.966598808e-04 +4.685039666e+01 +4.685039666e+01 -6.0009e-01 +2.8717e-01
7727 0 +3.546614835e-04 +4.685035466e+01 +4.685035466e+01 -6.0180e-01 +2.8885e-01
7942 0 +3.161969452e-04 +4.685031620e+01 +4.685031620e+01 -6.0342e-01 +2.9049e-01
8146 0 +2.817811458e-04 +4.685028178e+01 +4.685028178e+01 -6.0498e-01 +2.9205e-01
8339 0 +2.507218237e-04 +4.685025072e+01 +4.685025072e+01 -6.0647e-01 +2.9352e-01
8522 0 +2.236563342e-04 +4.685022366e+01 +4.685022366e+01 -6.0785e-01 +2.9489e-01
8694 0 +1.992629462e-04 +4.685019926e+01 +4.685019926e+01 -6.0916e-01 +2.9620e-01
8855 0 +1.776514236e-04 +4.685017765e+01 +4.685017765e+01 -6.1041e-01 +2.9743e-01
9007 0 +1.584346477e-04 +4.685015843e+01 +4.685015843e+01 -6.1157e-01 +2.9859e-01
9154 0 +1.410200878e-04 +4.685014102e+01 +4.685014102e+01 -6.1267e-01 +2.9972e-01
9290 0 +1.257384327e-04 +4.685012574e+01 +4.685012574e+01 -6.1371e-01 +3.0075e-01
9418 0 +1.121599901e-04 +4.685011216e+01 +4.685011216e+01 -6.1469e-01 +3.0173e-01
9539 0 +9.994317350e-05 +4.685009994e+01 +4.685009994e+01 -6.1563e-01 +3.0265e-01
9655 0 +8.899322624e-05 +4.685008899e+01 +4.685008899e+01 -6.1652e-01 +3.0353e-01
9763 0 +7.937772760e-05 +4.685007938e+01 +4.685007938e+01 -6.1734e-01 +3.0436e-01
9866 0 +7.076197799e-05 +4.685007076e+01 +4.685007076e+01 -6.1811e-01 +3.0515e-01
9963 0 +6.304585717e-05 +4.685006305e+01 +4.685006305e+01 -6.1887e-01 +3.0588e-01
10054 0 +5.622533857e-05 +4.685005623e+01 +4.685005623e+01 -6.1954e-01 +3.0659e-01
10142 0 +4.999723684e-05 +4.685005000e+01 +4.685005000e+01 -6.2022e-01 +3.0726e-01
10278 0 +4.465450218e-05 +4.685004465e+01 +4.685004465e+01 -6.2083e-01 +3.0787e-01
10434 0 +3.973826264e-05 +4.685003974e+01 +4.685003974e+01 -6.2142e-01 +3.0847e-01
10578 0 +3.545715052e-05 +4.685003546e+01 +4.685003546e+01 -6.2197e-01 +3.0902e-01
10802 0 +3.158614364e-05 +4.685003159e+01 +4.685003159e+01 -6.2250e-01 +3.0954e-01
11062 0 +2.817545888e-05 +4.685002818e+01 +4.685002818e+01 -6.2299e-01 +3.1004e-01
11307 0 +2.510345914e-05 +4.685002510e+01 +4.685002510e+01 -6.2346e-01 +3.1050e-01
11538 0 +2.238386341e-05 +4.685002238e+01 +4.685002238e+01 -6.2390e-01 +3.1095e-01
11758 0 +1.993548442e-05 +4.685001994e+01 +4.685001994e+01 -6.2432e-01 +3.1137e-01
11966 0 +1.777411590e-05 +4.685001777e+01 +4.685001777e+01 -6.2470e-01 +3.1176e-01
12162 0 +1.582790013e-05 +4.685001583e+01 +4.685001583e+01 -6.2508e-01 +3.1214e-01
12346 0 +1.410534415e-05 +4.685001411e+01 +4.685001411e+01 -6.2543e-01 +3.1249e-01
12519 0 +1.258676468e-05 +4.685001259e+01 +4.685001259e+01 -6.2576e-01 +3.1282e-01
12686 0 +1.120516960e-05 +4.685001121e+01 +4.685001121e+01 -6.2607e-01 +3.1314e-01
12839 0 +9.997505110e-06 +4.685001000e+01 +4.685001000e+01 -6.2637e-01 +3.1343e-01
12986 0 +8.904981193e-06 +4.685000890e+01 +4.685000890e+01 -6.2664e-01 +3.1371e-01
13246 0 +7.937540850e-06 +4.685000794e+01 +4.685000794e+01 -6.2691e-01 +3.1397e-01
13507 0 +7.078514507e-06 +4.685000708e+01 +4.685000708e+01 -6.2716e-01 +3.1422e-01
13754 0 +6.307645570e-06 +4.685000631e+01 +4.685000631e+01 -6.2739e-01 +3.1446e-01
13990 0 +5.618008167e-06 +4.685000562e+01 +4.685000562e+01 -6.2761e-01 +3.1468e-01
14210 0 +5.004934572e-06 +4.685000500e+01 +4.685000500e+01 -6.2782e-01 +3.1489e-01
14418 0 +4.465416723e-06 +4.685000447e+01 +4.685000447e+01 -6.2801e-01 +3.1509e-01
14614 0 +3.977820555e-06 +4.685000398e+01 +4.685000398e+01 -6.2820e-01 +3.1528e-01
14798 0 +3.546400052e-06 +4.685000355e+01 +4.685000355e+01 -6.2838e-01 +3.1545e-01
14975 0 +3.157611566e-06 +4.685000316e+01 +4.685000316e+01 -6.2854e-01 +3.1562e-01
15139 0 +2.816360279e-06 +4.685000282e+01 +4.685000282e+01 -6.2870e-01 +3.1578e-01
15294 0 +2.511856053e-06 +4.685000251e+01 +4.685000251e+01 -6.2885e-01 +3.1593e-01
15443 0 +2.236555638e-06 +4.685000224e+01 +4.685000224e+01 -6.2899e-01 +3.1607e-01
15583 0 +1.991360030e-06 +4.685000199e+01 +4.685000199e+01 -6.2912e-01 +3.1620e-01
15714 0 +1.776008105e-06 +4.685000178e+01 +4.685000178e+01 -6.2924e-01 +3.1633e-01
15838 0 +1.581682689e-06 +4.685000158e+01 +4.685000158e+01 -6.2936e-01 +3.1645e-01
16050 0 +1.410415109e-06 +4.685000141e+01 +4.685000141e+01 -6.2947e-01 +3.1656e-01
16270 0 +1.258595823e-06 +4.685000126e+01 +4.685000126e+01 -6.2958e-01 +3.1666e-01
16478 0 +1.121542077e-06 +4.685000112e+01 +4.685000112e+01 -6.2967e-01 +3.1676e-01
16675 0 +9.998849819e-07 +4.685000100e+01 +4.685000100e+01 -6.2977e-01 +3.1686e-01
16862 0 +8.907275273e-07 +4.685000089e+01 +4.685000089e+01 -6.2986e-01 +3.1695e-01
17038 0 +7.932480131e-07 +4.685000079e+01 +4.685000079e+01 -6.2994e-01 +3.1703e-01
17203 0 +7.076938999e-07 +4.685000071e+01 +4.685000071e+01 -6.3002e-01 +3.1711e-01
17362 0 +6.296828943e-07 +4.685000063e+01 +4.685000063e+01 -6.3009e-01 +3.1718e-01
17519 0 +5.623373411e-07 +4.685000056e+01 +4.685000056e+01 -6.3016e-01 +3.1725e-01
17799 0 +5.010500104e-07 +4.685000050e+01 +4.685000050e+01 -6.3023e-01 +3.1732e-01
18062 0 +4.465893468e-07 +4.685000045e+01 +4.685000045e+01 -6.3029e-01 +3.1738e-01
18311 0 +3.980718759e-07 +4.685000040e+01 +4.685000040e+01 -6.3035e-01 +3.1744e-01
18546 0 +3.546989689e-07 +4.685000035e+01 +4.685000035e+01 -6.3040e-01 +3.1750e-01
18770 0 +3.159805857e-07 +4.685000032e+01 +4.685000032e+01 -6.3046e-01 +3.1755e-01
18978 0 +2.816484326e-07 +4.685000028e+01 +4.685000028e+01 -6.3051e-01 +3.1760e-01
19175 0 +2.511747468e-07 +4.685000025e+01 +4.685000025e+01 -6.3055e-01 +3.1765e-01
19362 0 +2.238274917e-07 +4.685000022e+01 +4.685000022e+01 -6.3060e-01 +3.1769e-01
19539 0 +1.994045462e-07 +4.685000020e+01 +4.685000020e+01 -6.3064e-01 +3.1773e-01
19706 0 +1.777366307e-07 +4.685000018e+01 +4.685000018e+01 -6.3068e-01 +3.1777e-01
19862 0 +1.583997289e-07 +4.685000016e+01 +4.685000016e+01 -6.3072e-01 +3.1781e-01
20000 0 +1.424842964e-07 +4.685000014e+01 +4.685000014e+01 -6.3075e-01 +3.1784e-01
% f evaluations | g evaluations | best noise-free fitness - Fopt (1.046400000000e+02) + sum g_i+ | measured fitness | best measured fitness or single-digit g-values | x1 | x2...
1 0 +6.500000000e+00 +1.111400000e+02 +1.111400000e+02 +0.0000e+00 +0.0000e+00
2 0 +1.646060471e+00 +1.062860605e+02 +1.062860605e+02 -2.5466e+00 -1.3049e+00
171 0 +1.518517553e+00 +1.061585176e+02 +1.061585176e+02 +7.3316e-01 +0.0000e+00
222 0 +5.792847089e-01 +1.052192847e+02 +1.052192847e+02 -3.8241e-01 +0.0000e+00
351 0 +3.853059407e-01 +1.050253059e+02 +1.050253059e+02 +2.3283e-01 +1.9340e-01
359 0 +3.028880220e-01 +1.049428880e+02 +1.049428880e+02 -1.7329e-02 +1.9340e-01
368 0 +2.232927790e-01 +1.048632928e+02 +1.048632928e+02 +1.0775e-01 +1.9340e-01
401 0 +1.927683014e-01 +1.048327683e+02 +1.048327683e+02 +6.0846e-02 +1.8558e-01
415 0 +1.752610817e-01 +1.048152611e+02 +1.048152611e+02 +2.9576e-02 +1.7777e-01
439 0 +1.583834521e-01 +1.047983835e+02 +1.047983835e+02 -1.6941e-03 +1.7386e-01
475 0 +1.400584334e-01 +1.047800584e+02 +1.047800584e+02 -3.6873e-02 +1.6213e-01
507 0 +1.253620642e-01 +1.047653621e+02 +1.047653621e+02 -6.8143e-02 +1.5431e-01
543 0 +1.121651450e-01 +1.047521651e+02 +1.047521651e+02 -1.0332e-01 +1.4650e-01
571 0 +9.917224147e-02 +1.047391722e+02 +1.047391722e+02 -1.3068e-01 +1.3477e-01
599 0 +8.895785758e-02 +1.047289579e+02 +1.047289579e+02 -1.5805e-01 +1.2695e-01
631 0 +7.796759740e-02 +1.047179676e+02 +1.047179676e+02 -1.8932e-01 +1.1523e-01
667 0 +7.025815367e-02 +1.047102582e+02 +1.047102582e+02 -2.1277e-01 +1.0741e-01
719 0 +6.290927051e-02 +1.047029093e+02 +1.047029093e+02 -2.3818e-01 +9.9591e-02
767 0 +5.580526206e-02 +1.046958053e+02 +1.046958053e+02 -2.6163e-01 +8.9819e-02
823 0 +5.010381923e-02 +1.046901038e+02 +1.046901038e+02 -2.8313e-01 +8.2002e-02
911 0 +4.465833301e-02 +1.046846583e+02 +1.046846583e+02 -3.0462e-01 +7.3207e-02
999 0 +3.973072405e-02 +1.046797307e+02 +1.046797307e+02 -3.2612e-01 +6.5390e-02
1079 0 +3.546190578e-02 +1.046754619e+02 +1.046754619e+02 -3.4567e-01 +5.7572e-02
1155 0 +3.156503830e-02 +1.046715650e+02 +1.046715650e+02 -3.6423e-01 +4.9754e-02
1227 0 +2.810345423e-02 +1.046681035e+02 +1.046681035e+02 -3.8182e-01 +4.1937e-02
1295 0 +2.509562433e-02 +1.046650956e+02 +1.046650956e+02 -3.9844e-01 +3.5096e-02
1363 0 +2.231352418e-02 +1.046623135e+02 +1.046623135e+02 -4.1505e-01 +2.8256e-02
1489 0 +1.993267522e-02 +1.046599327e+02 +1.046599327e+02 -4.2971e-01 +2.1416e-02
1609 0 +1.773070896e-02 +1.046577307e+02 +1.046577307e+02 -4.4436e-01 +1.5064e-02
1719 0 +1.580770125e-02 +1.046558077e+02 +1.046558077e+02 -4.5804e-01 +9.2007e-03
1825 0 +1.412264999e-02 +1.046541226e+02 +1.046541226e+02 -4.7075e-01 +3.3375e-03
1927 0 +1.256479570e-02 +1.046525648e+02 +1.046525648e+02 -4.8345e-01 -2.0370e-03
2023 0 +1.118597089e-02 +1.046511860e+02 +1.046511860e+02 -4.9518e-01 -7.4116e-03
2115 0 +9.935502396e-03 +1.046499355e+02 +1.046499355e+02 -5.0642e-01 -1.2786e-02
2237 0 +8.900566343e-03 +1.046489006e+02 +1.046489006e+02 -5.1643e-01 -1.7428e-02
2399 0 +7.939193364e-03 +1.046479392e+02 +1.046479392e+02 -5.2645e-01 -2.1825e-02
2553 0 +7.077834278e-03 +1.046470778e+02 +1.046470778e+02 -5.3573e-01 -2.6467e-02
2701 0 +6.294132271e-03 +1.046462941e+02 +1.046462941e+02 -5.4477e-01 -3.0620e-02
2837 0 +5.619549408e-03 +1.046456195e+02 +1.046456195e+02 -5.5308e-01 -3.4529e-02
2967 0 +5.011137811e-03 +1.046450111e+02 +1.046450111e+02 -5.6114e-01 -3.8193e-02
3091 0 +4.461004832e-03 +1.046444610e+02 +1.046444610e+02 -5.6871e-01 -4.1858e-02
3207 0 +3.978873578e-03 +1.046439789e+02 +1.046439789e+02 -5.7580e-01 -4.5278e-02
3321 0 +3.542396515e-03 +1.046435424e+02 +1.046435424e+02 -5.8264e-01 -4.8698e-02
3483 0 +3.159721544e-03 +1.046431597e+02 +1.046431597e+02 -5.8899e-01 -5.1630e-02
3683 0 +2.814851457e-03 +1.046428149e+02 +1.046428149e+02 -5.9510e-01 -5.4561e-02
3871 0 +2.507119843e-03 +1.046425071e+02 +1.046425071e+02 -6.0084e-01 -5.7371e-02
4049 0 +2.235073797e-03 +1.046422351e+02 +1.046422351e+02 -6.0621e-01 -6.0058e-02
4215 0 +1.993011408e-03 +1.046419930e+02 +1.046419930e+02 -6.1134e-01 -6.2501e-02
4375 0 +1.773275060e-03 +1.046417733e+02 +1.046417733e+02 -6.1623e-01 -6.4944e-02
4523 0 +1.583155871e-03 +1.046415832e+02 +1.046415832e+02 -6.2075e-01 -6.7143e-02
4667 0 +1.408024776e-03 +1.046414080e+02 +1.046414080e+02 -6.2515e-01 -6.9341e-02
4799 0 +1.257526553e-03 +1.046412575e+02 +1.046412575e+02 -6.2918e-01 -7.1296e-02
4927 0 +1.119054536e-03 +1.046411191e+02 +1.046411191e+02 -6.3309e-01 -7.3250e-02
5047 0 +9.969548573e-04 +1.046409970e+02 +1.046409970e+02 -6.3675e-01 -7.5082e-02
5271 0 +8.904903433e-04 +1.046408905e+02 +1.046408905e+02 -6.4017e-01 -7.6731e-02
5483 0 +7.936751130e-04 +1.046407937e+02 +1.046407937e+02 -6.4341e-01 -7.8381e-02
5687 0 +7.070983653e-04 +1.046407071e+02 +1.046407071e+02 -6.4652e-01 -7.9907e-02
5875 0 +6.308984666e-04 +1.046406309e+02 +1.046406309e+02 -6.4939e-01 -8.1373e-02
6059 0 +5.610367216e-04 +1.046405610e+02 +1.046405610e+02 -6.5220e-01 -8.2778e-02
6227 0 +5.008844448e-04 +1.046405009e+02 +1.046405009e+02 -6.5477e-01 -8.4060e-02
6391 0 +4.460902051e-04 +1.046404461e+02 +1.046404461e+02 -6.5727e-01 -8.5282e-02
6543 0 +3.978323736e-04 +1.046403978e+02 +1.046403978e+02 -6.5959e-01 -8.6442e-02
6687 0 +3.547766796e-04 +1.046403548e+02 +1.046403548e+02 -6.6179e-01 -8.7542e-02
6825 0 +3.152646024e-04 +1.046403153e+02 +1.046403153e+02 -6.6387e-01 -8.8641e-02
7011 0 +2.816729174e-04 +1.046402817e+02 +1.046402817e+02 -6.6579e-01 -8.9588e-02
7255 0 +2.507853984e-04 +1.046402508e+02 +1.046402508e+02 -6.6765e-01 -9.0534e-02
7483 0 +2.235897841e-04 +1.046402236e+02 +1.046402236e+02 -6.6939e-01 -9.1420e-02
7699 0 +1.993559507e-04 +1.046401994e+02 +1.046401994e+02 -6.7104e-01 -9.2244e-02
7903 0 +1.776730844e-04 +1.046401777e+02 +1.046401777e+02 -6.7260e-01 -9.3038e-02
8099 0 +1.583744953e-04 +1.046401584e+02 +1.046401584e+02 -6.7410e-01 -9.3771e-02
8279 0 +1.412481976e-04 +1.046401412e+02 +1.046401412e+02 -6.7547e-01 -9.4474e-02
8451 0 +1.258218476e-04 +1.046401258e+02 +1.046401258e+02 -6.7678e-01 -9.5146e-02
8615 0 +1.119690359e-04 +1.046401120e+02 +1.046401120e+02 -6.7804e-01 -9.5787e-02
8767 0 +9.999214103e-05 +1.046401000e+02 +1.046401000e+02 -6.7920e-01 -9.6367e-02
8913 0 +8.909800015e-05 +1.046400891e+02 +1.046400891e+02 -6.8030e-01 -9.6947e-02
9051 0 +7.932577009e-05 +1.046400793e+02 +1.046400793e+02 -6.8136e-01 -9.7466e-02
9181 0 +7.066405921e-05 +1.046400707e+02 +1.046400707e+02 -6.8234e-01 -9.7986e-02
9391 0 +6.302589954e-05 +1.046400630e+02 +1.046400630e+02 -6.8327e-01 -9.8444e-02
9621 0 +5.620911912e-05 +1.046400562e+02 +1.046400562e+02 -6.8414e-01 -9.8902e-02
9839 0 +5.007564880e-05 +1.046400501e+02 +1.046400501e+02 -6.8498e-01 -9.9314e-02
10045 0 +4.464204135e-05 +1.046400446e+02 +1.046400446e+02 -6.8576e-01 -9.9726e-02
10239 0 +3.976752085e-05 +1.046400398e+02 +1.046400398e+02 -6.8651e-01 -1.0009e-01
10423 0 +3.539715794e-05 +1.046400354e+02 +1.046400354e+02 -6.8721e-01 -1.0046e-01
10597 0 +3.157043034e-05 +1.046400316e+02 +1.046400316e+02 -6.8787e-01 -1.0079e-01
10761 0 +2.812807445e-05 +1.046400281e+02 +1.046400281e+02 -6.8850e-01 -1.0112e-01
10911 0 +2.511537708e-05 +1.046400251e+02 +1.046400251e+02 -6.8908e-01 -1.0141e-01
11059 0 +2.234150909e-05 +1.046400223e+02 +1.046400223e+02 -6.8964e-01 -1.0170e-01
11199 0 +1.994969936e-05 +1.046400199e+02 +1.046400199e+02 -6.9017e-01 -1.0196e-01
11435 0 +1.776968556e-05 +1.046400178e+02 +1.046400178e+02 -6.9066e-01 -1.0221e-01
11679 0 +1.584880836e-05 +1.046400158e+02 +1.046400158e+02 -6.9112e-01 -1.0245e-01
11913 0 +1.412508425e-05 +1.046400141e+02 +1.046400141e+02 -6.9156e-01 -1.0268e-01
12133 0 +1.258075403e-05 +1.046400126e+02 +1.046400126e+02 -6.9198e-01 -1.0289e-01
12339 0 +1.120650741e-05 +1.046400112e+02 +1.046400112e+02 -6.9238e-01 -1.0309e-01
12535 0 +9.982585027e-06 +1.046400100e+02 +1.046400100e+02 -6.9276e-01 -1.0328e-01
12721 0 +8.893849255e-06 +1.046400089e+02 +1.046400089e+02 -6.9311e-01 -1.0347e-01
12893 0 +7.936369812e-06 +1.046400079e+02 +1.046400079e+02 -6.9343e-01 -1.0363e-01
13057 0 +7.074462516e-06 +1.046400071e+02 +1.046400071e+02 -6.9375e-01 -1.0380e-01
13213 0 +6.300973965e-06 +1.046400063e+02 +1.046400063e+02 -6.9405e-01 -1.0395e-01
13359 0 +5.617888107e-06 +1.046400056e+02 +1.046400056e+02 -6.9433e-01 -1.0409e-01
13527 0 +5.005993444e-06 +1.046400050e+02 +1.046400050e+02 -6.9459e-01 -1.0422e-01
13787 0 +4.464050093e-06 +1.046400045e+02 +1.046400045e+02 -6.9484e-01 -1.0435e-01
14035 0 +3.974680965e-06 +1.046400040e+02 +1.046400040e+02 -6.9507e-01 -1.0447e-01
14267 0 +3.546497652e-06 +1.046400035e+02 +1.046400035e+02 -6.9529e-01 -1.0458e-01
14487 0 +3.161579102e-06 +1.046400032e+02 +1.046400032e+02 -6.9550e-01 -1.0469e-01
14695 0 +2.813828459e-06 +1.046400028e+02 +1.046400028e+02 -6.9570e-01 -1.0479e-01
14891 0 +2.507756633e-06 +1.046400025e+02 +1.046400025e+02 -6.9589e-01 -1.0489e-01
15075 0 +2.234417167e-06 +1.046400022e+02 +1.046400022e+02 -6.9606e-01 -1.0498e-01
15247 0 +1.994613427e-06 +1.046400020e+02 +1.046400020e+02 -6.9623e-01 -1.0506e-01
15415 0 +1.775458443e-06 +1.046400018e+02 +1.046400018e+02 -6.9639e-01 -1.0514e-01
15567 0 +1.584658946e-06 +1.046400016e+02 +1.046400016e+02 -6.9653e-01 -1.0522e-01
15717 0 +1.411014921e-06 +1.046400014e+02 +1.046400014e+02 -6.9668e-01 -1.0529e-01
15857 0 +1.256107851e-06 +1.046400013e+02 +1.046400013e+02 -6.9681e-01 -1.0536e-01
16091 0 +1.120198647e-06 +1.046400011e+02 +1.046400011e+02 -6.9693e-01 -1.0542e-01
16335 0 +9.998965140e-07 +1.046400010e+02 +1.046400010e+02 -6.9705e-01 -1.0548e-01
16571 0 +8.901734958e-07 +1.046400009e+02 +1.046400009e+02 -6.9716e-01 -1.0554e-01
16791 0 +7.937060218e-07 +1.046400008e+02 +1.046400008e+02 -6.9727e-01 -1.0559e-01
16999 0 +7.069036627e-07 +1.046400007e+02 +1.046400007e+02 -6.9737e-01 -1.0564e-01
17195 0 +6.301879978e-07 +1.046400006e+02 +1.046400006e+02 -6.9746e-01 -1.0569e-01
17381 0 +5.619662744e-07 +1.046400006e+02 +1.046400006e+02 -6.9755e-01 -1.0574e-01
17555 0 +5.007415496e-07 +1.046400005e+02 +1.046400005e+02 -6.9763e-01 -1.0578e-01
17719 0 +4.466627388e-07 +1.046400004e+02 +1.046400004e+02 -6.9771e-01 -1.0582e-01
17875 0 +3.980634773e-07 +1.046400004e+02 +1.046400004e+02 -6.9778e-01 -1.0586e-01
18023 0 +3.545188179e-07 +1.046400004e+02 +1.046400004e+02 -6.9785e-01 -1.0589e-01
18163 0 +3.156308281e-07 +1.046400003e+02 +1.046400003e+02 -6.9792e-01 -1.0593e-01
18363 0 +2.817395881e-07 +1.046400003e+02 +1.046400003e+02 -6.9798e-01 -1.0596e-01
18611 0 +2.509641774e-07 +1.046400003e+02 +1.046400003e+02 -6.9804e-01 -1.0599e-01
18843 0 +2.237989634e-07 +1.046400002e+02 +1.046400002e+02 -6.9810e-01 -1.0602e-01
19067 0 +1.994312555e-07 +1.046400002e+02 +1.046400002e+02 -6.9815e-01 -1.0605e-01
19275 0 +1.776044627e-07 +1.046400002e+02 +1.046400002e+02 -6.9820e-01 -1.0607e-01
19471 0 +1.584141245e-07 +1.046400002e+02 +1.046400002e+02 -6.9825e-01 -1.0610e-01
19655 0 +1.412087158e-07 +1.046400001e+02 +1.046400001e+02 -6.9829e-01 -1.0612e-01
19833 0 +1.257961486e-07 +1.046400001e+02 +1.046400001e+02 -6.9833e-01 -1.0614e-01
19999 0 +1.119433506e-07 +1.046400001e+02 +1.046400001e+02 -6.9837e-01 -1.0616e-01
20000 0 +1.119433506e-07 +1.046400001e+02 +1.046400001e+02 -6.9837e-01 -1.0616e-01
% f evaluations | g evaluations | best noise-free fitness - Fopt (1.965900000000e+02) + sum g_i+ | measured fitness | best measured fitness or single-digit g-values | x1 | x2...
1 0 +6.500000000e+00 +2.030900000e+02 +2.030900000e+02 +0.0000e+00 +0.0000e+00
107 0 +1.855169681e+00 +1.984451697e+02 +1.984451697e+02 +1.8938e-01 +3.3736e-01
108 0 +4.873512783e-01 +1.970773513e+02 +1.970773513e+02 -1.1541e-02 +2.1983e-01
343 0 +4.091095630e-01 +1.969991096e+02 +1.969991096e+02 +3.1381e-01 +2.7438e-01
359 0 +7.777765473e-02 +1.966677777e+02 +1.966677777e+02 +1.8873e-01 +2.7438e-01
375 0 +3.510641254e-02 +1.966251064e+02 +1.966251064e+02 +2.2000e-01 +2.7438e-01
468 0 +3.152813373e-02 +1.966215281e+02 +1.966215281e+02 +2.3661e-01 +2.8122e-01
546 0 +2.803931162e-02 +1.966180393e+02 +1.966180393e+02 +2.5518e-01 +2.8806e-01
614 0 +2.511472146e-02 +1.966151147e+02 +1.966151147e+02 +2.7179e-01 +2.9392e-01
684 0 +2.218178717e-02 +1.966121818e+02 +1.966121818e+02 +2.8938e-01 +2.9979e-01
744 0 +1.991294007e-02 +1.966099129e+02 +1.966099129e+02 +3.0404e-01 +3.0467e-01
808 0 +1.768507771e-02 +1.966076851e+02 +1.966076851e+02 +3.1967e-01 +3.0956e-01
864 0 +1.579803253e-02 +1.966057980e+02 +1.966057980e+02 +3.3335e-01 +3.1444e-01
924 0 +1.394769900e-02 +1.966039477e+02 +1.966039477e+02 +3.4801e-01 +3.1933e-01
1020 0 +1.256311919e-02 +1.966025631e+02 +1.966025631e+02 +3.5974e-01 +3.2275e-01
1120 0 +1.119767260e-02 +1.966011977e+02 +1.966011977e+02 +3.7195e-01 +3.2666e-01
1216 0 +9.951578778e-03 +1.965999516e+02 +1.965999516e+02 +3.8368e-01 +3.3057e-01
1304 0 +8.893959375e-03 +1.965988940e+02 +1.965988940e+02 +3.9443e-01 +3.3399e-01
1394 0 +7.905241019e-03 +1.965979052e+02 +1.965979052e+02 +4.0518e-01 +3.3741e-01
1472 0 +7.052671550e-03 +1.965970527e+02 +1.965970527e+02 +4.1495e-01 +3.4034e-01
1550 0 +6.301124109e-03 +1.965963011e+02 +1.965963011e+02 +4.2423e-01 +3.4327e-01
1624 0 +5.608810428e-03 +1.965956088e+02 +1.965956088e+02 +4.3352e-01 +3.4571e-01
1694 0 +4.998543279e-03 +1.965949985e+02 +1.965949985e+02 +4.4182e-01 +3.4865e-01
1800 0 +4.456355284e-03 +1.965944564e+02 +1.965944564e+02 +4.4964e-01 +3.5085e-01
1924 0 +3.972928836e-03 +1.965939729e+02 +1.965939729e+02 +4.5721e-01 +3.5304e-01
2044 0 +3.533111673e-03 +1.965935331e+02 +1.965935331e+02 +4.6454e-01 +3.5524e-01
2152 0 +3.160796877e-03 +1.965931608e+02 +1.965931608e+02 +4.7114e-01 +3.5720e-01
2260 0 +2.810733569e-03 +1.965928107e+02 +1.965928107e+02 +4.7773e-01 +3.5915e-01
2360 0 +2.504773097e-03 +1.965925048e+02 +1.965925048e+02 +4.8384e-01 +3.6086e-01
2456 0 +2.228633999e-03 +1.965922286e+02 +1.965922286e+02 +4.8971e-01 +3.6257e-01
2544 0 +1.994857894e-03 +1.965919949e+02 +1.965919949e+02 +4.9508e-01 +3.6404e-01
2634 0 +1.767678662e-03 +1.965917677e+02 +1.965917677e+02 +5.0045e-01 +3.6575e-01
2708 0 +1.584544016e-03 +1.965915845e+02 +1.965915845e+02 +5.0510e-01 +3.6697e-01
2832 0 +1.411763765e-03 +1.965914118e+02 +1.965914118e+02 +5.0974e-01 +3.6831e-01
2980 0 +1.257360404e-03 +1.965912574e+02 +1.965912574e+02 +5.1426e-01 +3.6953e-01
3112 0 +1.121077764e-03 +1.965911211e+02 +1.965911211e+02 +5.1829e-01 +3.7076e-01
3240 0 +9.998562690e-04 +1.965909999e+02 +1.965909999e+02 +5.2220e-01 +3.7185e-01
3364 0 +8.890398513e-04 +1.965908890e+02 +1.965908890e+02 +5.2598e-01 +3.7295e-01
3480 0 +7.914584295e-04 +1.965907915e+02 +1.965907915e+02 +5.2953e-01 +3.7393e-01
3590 0 +7.068042217e-04 +1.965907068e+02 +1.965907068e+02 +5.3282e-01 +3.7491e-01
3692 0 +6.282455643e-04 +1.965906282e+02 +1.965906282e+02 +5.3600e-01 +3.7576e-01
3790 0 +5.616913178e-04 +1.965905617e+02 +1.965905617e+02 +5.3893e-01 +3.7662e-01
3880 0 +4.994689644e-04 +1.965904995e+02 +1.965904995e+02 +5.4174e-01 +3.7735e-01
3968 0 +4.444641274e-04 +1.965904445e+02 +1.965904445e+02 +5.4443e-01 +3.7808e-01
4050 0 +3.979663798e-04 +1.965903980e+02 +1.965903980e+02 +5.4687e-01 +3.7882e-01
4196 0 +3.537236780e-04 +1.965903537e+02 +1.965903537e+02 +5.4925e-01 +3.7943e-01
4340 0 +3.158716651e-04 +1.965903159e+02 +1.965903159e+02 +5.5145e-01 +3.8004e-01
4482 0 +2.813077733e-04 +1.965902813e+02 +1.965902813e+02 +5.5359e-01 +3.8065e-01
4612 0 +2.503869466e-04 +1.965902504e+02 +1.965902504e+02 +5.5561e-01 +3.8120e-01
4732 0 +2.238570765e-04 +1.965902239e+02 +1.965902239e+02 +5.5744e-01 +3.8169e-01
4852 0 +1.990292908e-04 +1.965901990e+02 +1.965901990e+02 +5.5927e-01 +3.8218e-01
4964 0 +1.769311378e-04 +1.965901769e+02 +1.965901769e+02 +5.6098e-01 +3.8267e-01
5064 0 +1.584775080e-04 +1.965901585e+02 +1.965901585e+02 +5.6251e-01 +3.8309e-01
5166 0 +1.411422889e-04 +1.965901411e+02 +1.965901411e+02 +5.6403e-01 +3.8352e-01
5256 0 +1.257911575e-04 +1.965901258e+02 +1.965901258e+02 +5.6544e-01 +3.8389e-01
5344 0 +1.121002421e-04 +1.965901121e+02 +1.965901121e+02 +5.6678e-01 +3.8425e-01
5430 0 +9.993430135e-05 +1.965900999e+02 +1.965900999e+02 +5.6806e-01 +3.8462e-01
5508 0 +8.874316794e-05 +1.965900887e+02 +1.965900887e+02 +5.6929e-01 +3.8492e-01
5580 0 +7.931271969e-05 +1.965900793e+02 +1.965900793e+02 +5.7039e-01 +3.8523e-01
5706 0 +7.074167891e-05 +1.965900707e+02 +1.965900707e+02 +5.7145e-01 +3.8554e-01
5838 0 +6.307284730e-05 +1.965900631e+02 +1.965900631e+02 +5.7246e-01 +3.8581e-01
5960 0 +5.619478779e-05 +1.965900562e+02 +1.965900562e+02 +5.7341e-01 +3.8605e-01
6080 0 +4.999131147e-05 +1.965900500e+02 +1.965900500e+02 +5.7432e-01 +3.8630e-01
6194 0 +4.453327901e-05 +1.965900445e+02 +1.965900445e+02 +5.7518e-01 +3.8654e-01
6296 0 +3.972987497e-05 +1.965900397e+02 +1.965900397e+02 +5.7597e-01 +3.8676e-01
6398 0 +3.543614534e-05 +1.965900354e+02 +1.965900354e+02 +5.7674e-01 +3.8697e-01
6488 0 +3.159927857e-05 +1.965900316e+02 +1.965900316e+02 +5.7744e-01 +3.8715e-01
6580 0 +2.802273201e-05 +1.965900280e+02 +1.965900280e+02 +5.7814e-01 +3.8734e-01
6666 0 +2.498485381e-05 +1.965900250e+02 +1.965900250e+02 +5.7878e-01 +3.8752e-01
6740 0 +2.234002253e-05 +1.965900223e+02 +1.965900223e+02 +5.7936e-01 +3.8767e-01
6874 0 +1.992779019e-05 +1.965900199e+02 +1.965900199e+02 +5.7993e-01 +3.8783e-01
7012 0 +1.777193833e-05 +1.965900178e+02 +1.965900178e+02 +5.8046e-01 +3.8796e-01
7148 0 +1.581005046e-05 +1.965900158e+02 +1.965900158e+02 +5.8098e-01 +3.8810e-01
7272 0 +1.409977457e-05 +1.965900141e+02 +1.965900141e+02 +5.8146e-01 +3.8824e-01
7392 0 +1.254458599e-05 +1.965900125e+02 +1.965900125e+02 +5.8191e-01 +3.8836e-01
7504 0 +1.119688343e-05 +1.965900112e+02 +1.965900112e+02 +5.8234e-01 +3.8847e-01
7612 0 +9.989830573e-06 +1.965900100e+02 +1.965900100e+02 +5.8275e-01 +3.8857e-01
7708 0 +8.895291558e-06 +1.965900089e+02 +1.965900089e+02 +5.8312e-01 +3.8868e-01
7806 0 +7.918755585e-06 +1.965900079e+02 +1.965900079e+02 +5.8349e-01 +3.8879e-01
7894 0 +7.072350769e-06 +1.965900071e+02 +1.965900071e+02 +5.8382e-01 +3.8888e-01
7976 0 +6.293755632e-06 +1.965900063e+02 +1.965900063e+02 +5.8414e-01 +3.8896e-01
8088 0 +5.613442084e-06 +1.965900056e+02 +1.965900056e+02 +5.8444e-01 +3.8904e-01
8236 0 +5.009993032e-06 +1.965900050e+02 +1.965900050e+02 +5.8472e-01 +3.8912e-01
8382 0 +4.458525780e-06 +1.965900045e+02 +1.965900045e+02 +5.8500e-01 +3.8919e-01
8516 0 +3.963028092e-06 +1.965900040e+02 +1.965900040e+02 +5.8526e-01 +3.8926e-01
8640 0 +3.538662440e-06 +1.965900035e+02 +1.965900035e+02 +5.8549e-01 +3.8932e-01
8756 0 +3.162234719e-06 +1.965900032e+02 +1.965900032e+02 +5.8572e-01 +3.8938e-01
8872 0 +2.808920271e-06 +1.965900028e+02 +1.965900028e+02 +5.8594e-01 +3.8944e-01
8976 0 +2.509165796e-06 +1.965900025e+02 +1.965900025e+02 +5.8614e-01 +3.8950e-01
9080 0 +2.226364529e-06 +1.965900022e+02 +1.965900022e+02 +5.8633e-01 +3.8955e-01
9172 0 +1.989173427e-06 +1.965900020e+02 +1.965900020e+02 +5.8651e-01 +3.8960e-01
9260 0 +1.775994463e-06 +1.965900018e+02 +1.965900018e+02 +5.8668e-01 +3.8964e-01
9348 0 +1.575303941e-06 +1.965900016e+02 +1.965900016e+02 +5.8685e-01 +3.8969e-01
9424 0 +1.410475221e-06 +1.965900014e+02 +1.965900014e+02 +5.8699e-01 +3.8973e-01
9572 0 +1.255343875e-06 +1.965900013e+02 +1.965900013e+02 +5.8714e-01 +3.8977e-01
9716 0 +1.120718309e-06 +1.965900011e+02 +1.965900011e+02 +5.8727e-01 +3.8980e-01
9848 0 +9.996145707e-07 +1.965900010e+02 +1.965900010e+02 +5.8740e-01 +3.8983e-01
9972 0 +8.904230242e-07 +1.965900009e+02 +1.965900009e+02 +5.8752e-01 +3.8987e-01
10092 0 +7.931634229e-07 +1.965900008e+02 +1.965900008e+02 +5.8763e-01 +3.8990e-01
10208 0 +7.046668600e-07 +1.965900007e+02 +1.965900007e+02 +5.8774e-01 +3.8993e-01
10312 0 +6.296643278e-07 +1.965900006e+02 +1.965900006e+02 +5.8784e-01 +3.8996e-01
10416 0 +5.588912018e-07 +1.965900006e+02 +1.965900006e+02 +5.8794e-01 +3.8998e-01
10508 0 +4.995380323e-07 +1.965900005e+02 +1.965900005e+02 +5.8803e-01 +3.9001e-01
10596 0 +4.461529670e-07 +1.965900004e+02 +1.965900004e+02 +5.8811e-01 +3.9003e-01
10684 0 +3.958985531e-07 +1.965900004e+02 +1.965900004e+02 +5.8820e-01 +3.9005e-01
10760 0 +3.545989387e-07 +1.965900004e+02 +1.965900004e+02 +5.8827e-01 +3.9007e-01
10908 0 +3.157060178e-07 +1.965900003e+02 +1.965900003e+02 +5.8834e-01 +3.9009e-01
11054 0 +2.810980959e-07 +1.965900003e+02 +1.965900003e+02 +5.8841e-01 +3.9011e-01
11188 0 +2.500611345e-07 +1.965900003e+02 +1.965900003e+02 +5.8847e-01 +3.9013e-01
11312 0 +2.234500016e-07 +1.965900002e+02 +1.965900002e+02 +5.8853e-01 +3.9014e-01
11432 0 +1.991434431e-07 +1.965900002e+02 +1.965900002e+02 +5.8859e-01 +3.9016e-01
11544 0 +1.776698468e-07 +1.965900002e+02 +1.965900002e+02 +5.8864e-01 +3.9017e-01
11652 0 +1.580470155e-07 +1.965900002e+02 +1.965900002e+02 +5.8870e-01 +3.9018e-01
11754 0 +1.410916184e-07 +1.965900001e+02 +1.965900001e+02 +5.8874e-01 +3.9020e-01
11848 0 +1.255612290e-07 +1.965900001e+02 +1.965900001e+02 +5.8879e-01 +3.9021e-01
11936 0 +1.121267417e-07 +1.965900001e+02 +1.965900001e+02 +5.8883e-01 +3.9022e-01
12024 0 +9.947595458e-08 +1.965900001e+02 +1.965900001e+02 +5.8887e-01 +3.9023e-01
12132 0 +8.900448734e-08 +1.965900001e+02 +1.965900001e+02 +5.8891e-01 +3.9024e-01
12284 0 +7.937933333e-08 +1.965900001e+02 +1.965900001e+02 +5.8895e-01 +3.9025e-01
12424 0 +7.072333119e-08 +1.965900001e+02 +1.965900001e+02 +5.8898e-01 +3.9026e-01
12560 0 +6.297898381e-08 +1.965900001e+02 +1.965900001e+02 +5.8901e-01 +3.9027e-01
12688 0 +5.608291076e-08 +1.965900001e+02 +1.965900001e+02 +5.8904e-01 +3.9028e-01
12808 0 +4.997633596e-08 +1.965900000e+02 +1.965900000e+02 +5.8907e-01 +3.9029e-01
12920 0 +4.465542247e-08 +1.965900000e+02 +1.965900000e+02 +5.8910e-01 +3.9029e-01
13030 0 +3.975662821e-08 +1.965900000e+02 +1.965900000e+02 +5.8912e-01 +3.9030e-01
13128 0 +3.547282290e-08 +1.965900000e+02 +1.965900000e+02 +5.8915e-01 +3.9031e-01
13224 0 +3.156324624e-08 +1.965900000e+02 +1.965900000e+02 +5.8917e-01 +3.9031e-01
13316 0 +2.804040378e-08 +1.965900000e+02 +1.965900000e+02 +5.8919e-01 +3.9032e-01
13402 0 +2.508630814e-08 +1.965900000e+02 +1.965900000e+02 +5.8921e-01 +3.9032e-01
13534 0 +2.238081720e-08 +1.965900000e+02 +1.965900000e+02 +5.8923e-01 +3.9033e-01
13684 0 +1.993208798e-08 +1.965900000e+02 +1.965900000e+02 +5.8925e-01 +3.9033e-01
13828 0 +1.778204251e-08 +1.965900000e+02 +1.965900000e+02 +5.8927e-01 +3.9034e-01
13966 0 +1.581645392e-08 +1.965900000e+02 +1.965900000e+02 +5.8928e-01 +3.9034e-01
14092 0 +1.408699291e-08 +1.965900000e+02 +1.965900000e+02 +5.8930e-01 +3.9035e-01
14212 0 +1.256250926e-08 +1.965900000e+02 +1.965900000e+02 +5.8931e-01 +3.9035e-01
14324 0 +1.120662318e-08 +1.965900000e+02 +1.965900000e+02 +5.8933e-01 +3.9035e-01
14432 0 +9.978606386e-09 +1.965900000e+02 +1.965900000e+02 +5.8934e-01 +3.9036e-01
20000 0 +4.104094842e-11 +1.965900000e+02 +1.965900000e+02 +5.8954e-01 +3.9041e-01
% f evaluations | g evaluations | best noise-free fitness - Fopt (1.461600000000e+02) + sum g_i+ | measured fitness | best measured fitness or single-digit g-values | x1 | x2...
1 0 +6.500000000e+00 +1.526600000e+02 +1.526600000e+02 +0.0000e+00 +0.0000e+00
36 0 +1.307574650e+00 +1.474675746e+02 +1.474675746e+02 +3.8233e-01 -4.2338e+00
80 0 +1.824780834e-01 +1.463424781e+02 +1.463424781e+02 +4.1343e-01 -1.4454e+00
625 0 +1.777475176e-01 +1.463377475e+02 +1.463377475e+02 +1.2474e-01 +1.3681e-01
664 0 +1.576886309e-01 +1.463176886e+02 +1.463176886e+02 +1.4037e-01 +1.0163e-01
693 0 +1.411302405e-01 +1.463011302e+02 +1.463011302e+02 +1.5210e-01 +7.0358e-02
729 0 +1.250332127e-01 +1.462850332e+02 +1.462850332e+02 +1.6383e-01 +3.5179e-02
789 0 +1.120838915e-01 +1.462720839e+02 +1.462720839e+02 +1.7555e-01 +7.8176e-03
853 0 +9.980006126e-02 +1.462598001e+02 +1.462598001e+02 +1.8532e-01 -2.3453e-02
913 0 +8.886754737e-02 +1.462488675e+02 +1.462488675e+02 +1.9510e-01 -5.2769e-02
965 0 +7.932879551e-02 +1.462393288e+02 +1.462393288e+02 +2.0487e-01 -7.8176e-02
1021 0 +7.064596532e-02 +1.462306460e+02 +1.462306460e+02 +2.1269e-01 -1.0554e-01
1073 0 +6.295767992e-02 +1.462229577e+02 +1.462229577e+02 +2.2050e-01 -1.3094e-01
1125 0 +5.574709962e-02 +1.462157471e+02 +1.462157471e+02 +2.2832e-01 -1.5635e-01
1173 0 +5.008184450e-02 +1.462100818e+02 +1.462100818e+02 +2.3418e-01 -1.7980e-01
1220 0 +4.455892265e-02 +1.462045589e+02 +1.462045589e+02 +2.4200e-01 -2.0130e-01
1264 0 +3.973848374e-02 +1.461997385e+02 +1.461997385e+02 +2.4786e-01 -2.2280e-01
1321 0 +3.526538872e-02 +1.461952654e+02 +1.461952654e+02 +2.5275e-01 -2.4332e-01
1401 0 +3.141513817e-02 +1.461914151e+02 +1.461914151e+02 +2.5764e-01 -2.6287e-01
1477 0 +2.817854207e-02 +1.461881785e+02 +1.461881785e+02 +2.6155e-01 -2.8143e-01
1549 0 +2.499422025e-02 +1.461849942e+02 +1.461849942e+02 +2.6643e-01 -2.9902e-01
1617 0 +2.233691644e-02 +1.461823369e+02 +1.461823369e+02 +2.7034e-01 -3.1563e-01
1685 0 +1.984204484e-02 +1.461798420e+02 +1.461798420e+02 +2.7425e-01 -3.3225e-01
1748 0 +1.778215924e-02 +1.461777822e+02 +1.461777822e+02 +2.7816e-01 -3.4690e-01
1805 0 +1.582569393e-02 +1.461758257e+02 +1.461758257e+02 +2.8109e-01 -3.6156e-01
1865 0 +1.410333059e-02 +1.461741033e+02 +1.461741033e+02 +2.8402e-01 -3.7622e-01
1917 0 +1.258805704e-02 +1.461725881e+02 +1.461725881e+02 +2.8695e-01 -3.8892e-01
1969 0 +1.116713757e-02 +1.461711671e+02 +1.461711671e+02 +2.8988e-01 -4.0163e-01
2017 0 +9.969419938e-03 +1.461699694e+02 +1.461699694e+02 +2.9282e-01 -4.1335e-01
2081 0 +8.893635466e-03 +1.461688936e+02 +1.461688936e+02 +2.9477e-01 -4.2459e-01
2169 0 +7.905379956e-03 +1.461679054e+02 +1.461679054e+02 +2.9721e-01 -4.3534e-01
2253 0 +7.052284093e-03 +1.461670523e+02 +1.461670523e+02 +2.9917e-01 -4.4560e-01
2329 0 +6.305683517e-03 +1.461663057e+02 +1.461663057e+02 +3.0112e-01 -4.5488e-01
2405 0 +5.604247068e-03 +1.461656042e+02 +1.461656042e+02 +3.0308e-01 -4.6417e-01
2477 0 +4.991450319e-03 +1.461649915e+02 +1.461649915e+02 +3.0503e-01 -4.7296e-01
2545 0 +4.436165684e-03 +1.461644362e+02 +1.461644362e+02 +3.0650e-01 -4.8127e-01
2605 0 +3.979073885e-03 +1.461639791e+02 +1.461639791e+02 +3.0796e-01 -4.8860e-01
2669 0 +3.524062845e-03 +1.461635241e+02 +1.461635241e+02 +3.0943e-01 -4.9642e-01
2725 0 +3.145683086e-03 +1.461631457e+02 +1.461631457e+02 +3.1089e-01 -5.0326e-01
2784 0 +2.809405423e-03 +1.461628094e+02 +1.461628094e+02 +3.1236e-01 -5.1010e-01
2829 0 +2.506079580e-03 +1.461625061e+02 +1.461625061e+02 +3.1334e-01 -5.1596e-01
2877 0 +2.235971754e-03 +1.461622360e+02 +1.461622360e+02 +3.1431e-01 -5.2182e-01
2948 0 +1.994860153e-03 +1.461619949e+02 +1.461619949e+02 +3.1554e-01 -5.2744e-01
3033 0 +1.773320931e-03 +1.461617733e+02 +1.461617733e+02 +3.1651e-01 -5.3282e-01
3117 0 +1.584265881e-03 +1.461615843e+02 +1.461615843e+02 +3.1725e-01 -5.3795e-01
3193 0 +1.406525732e-03 +1.461614065e+02 +1.461614065e+02 +3.1822e-01 -5.4259e-01
3269 0 +1.258622517e-03 +1.461612586e+02 +1.461612586e+02 +3.1896e-01 -5.4723e-01
3337 0 +1.116472155e-03 +1.461611165e+02 +1.461611165e+02 +3.1993e-01 -5.5138e-01
3404 0 +9.994765851e-04 +1.461609995e+02 +1.461609995e+02 +3.2067e-01 -5.5529e-01
3468 0 +8.899865890e-04 +1.461608900e+02 +1.461608900e+02 +3.2140e-01 -5.5920e-01
3521 0 +7.928847603e-04 +1.461607929e+02 +1.461607929e+02 +3.2189e-01 -5.6262e-01
3581 0 +7.009382867e-04 +1.461607009e+02 +1.461607009e+02 +3.2262e-01 -5.6629e-01
3629 0 +6.297992570e-04 +1.461606298e+02 +1.461606298e+02 +3.2311e-01 -5.6922e-01
3721 0 +5.617120707e-04 +1.461605617e+02 +1.461605617e+02 +3.2360e-01 -5.7227e-01
3820 0 +4.992861496e-04 +1.461604993e+02 +1.461604993e+02 +3.2421e-01 -5.7520e-01
3908 0 +4.459164943e-04 +1.461604459e+02 +1.461604459e+02 +3.2470e-01 -5.7789e-01
3989 0 +3.965706791e-04 +1.461603966e+02 +1.461603966e+02 +3.2506e-01 -5.8045e-01
4069 0 +3.527359794e-04 +1.461603527e+02 +1.461603527e+02 +3.2555e-01 -5.8290e-01
4141 0 +3.154982301e-04 +1.461603155e+02 +1.461603155e+02 +3.2592e-01 -5.8510e-01
4213 0 +2.807445626e-04 +1.461602807e+02 +1.461602807e+02 +3.2628e-01 -5.8730e-01
4281 0 +2.496444252e-04 +1.461602496e+02 +1.461602496e+02 +3.2665e-01 -5.8937e-01
4345 0 +2.220023786e-04 +1.461602220e+02 +1.461602220e+02 +3.2702e-01 -5.9133e-01
4408 0 +1.990412101e-04 +1.461601990e+02 +1.461601990e+02 +3.2738e-01 -5.9316e-01
4461 0 +1.761877195e-04 +1.461601762e+02 +1.461601762e+02 +3.2763e-01 -5.9487e-01
4513 0 +1.578618611e-04 +1.461601579e+02 +1.461601579e+02 +3.2787e-01 -5.9646e-01
4585 0 +1.411843727e-04 +1.461601412e+02 +1.461601412e+02 +3.2818e-01 -5.9792e-01
4681 0 +1.255622390e-04 +1.461601256e+02 +1.461601256e+02 +3.2842e-01 -5.9939e-01
4773 0 +1.115857499e-04 +1.461601116e+02 +1.461601116e+02 +3.2867e-01 -6.0079e-01
4857 0 +9.986382926e-05 +1.461600999e+02 +1.461600999e+02 +3.2885e-01 -6.0208e-01
4937 0 +8.867894161e-05 +1.461600887e+02 +1.461600887e+02 +3.2909e-01 -6.0330e-01
5013 0 +7.902694873e-05 +1.461600790e+02 +1.461600790e+02 +3.2928e-01 -6.0446e-01
5081 0 +7.078737636e-05 +1.461600708e+02 +1.461600708e+02 +3.2946e-01 -6.0550e-01
5149 0 +6.301824212e-05 +1.461600630e+02 +1.461600630e+02 +3.2964e-01 -6.0653e-01
5213 0 +5.621397983e-05 +1.461600562e+02 +1.461600562e+02 +3.2983e-01 -6.0751e-01
5280 0 +5.003923539e-05 +1.461600500e+02 +1.461600500e+02 +3.3001e-01 -6.0849e-01
5333 0 +4.432166386e-05 +1.461600443e+02 +1.461600443e+02 +3.3013e-01 -6.0934e-01
5385 0 +3.967864887e-05 +1.461600397e+02 +1.461600397e+02 +3.3025e-01 -6.1014e-01
5441 0 +3.544723126e-05 +1.461600354e+02 +1.461600354e+02 +3.3038e-01 -6.1099e-01
5492 0 +3.136097914e-05 +1.461600314e+02 +1.461600314e+02 +3.3053e-01 -6.1166e-01
5580 0 +2.807818504e-05 +1.461600281e+02 +1.461600281e+02 +3.3065e-01 -6.1234e-01
5661 0 +2.504351264e-05 +1.461600250e+02 +1.461600250e+02 +3.3074e-01 -6.1298e-01
5744 0 +2.236944701e-05 +1.461600224e+02 +1.461600224e+02 +3.3087e-01 -6.1359e-01
5817 0 +1.989565351e-05 +1.461600199e+02 +1.461600199e+02 +3.3096e-01 -6.1417e-01
5889 0 +1.772341832e-05 +1.461600177e+02 +1.461600177e+02 +3.3105e-01 -6.1472e-01
5957 0 +1.579980298e-05 +1.461600158e+02 +1.461600158e+02 +3.3114e-01 -6.1524e-01
6025 0 +1.399810654e-05 +1.461600140e+02 +1.461600140e+02 +3.3123e-01 -6.1576e-01
6081 0 +1.256348722e-05 +1.461600126e+02 +1.461600126e+02 +3.3129e-01 -6.1618e-01
6141 0 +1.116761834e-05 +1.461600112e+02 +1.461600112e+02 +3.3138e-01 -6.1664e-01
6193 0 +9.957180310e-06 +1.461600100e+02 +1.461600100e+02 +3.3145e-01 -6.1704e-01
6245 0 +8.851847952e-06 +1.461600089e+02 +1.461600089e+02 +3.3151e-01 -6.1744e-01
6309 0 +7.924750236e-06 +1.461600079e+02 +1.461600079e+02 +3.3157e-01 -6.1779e-01
6401 0 +7.050613249e-06 +1.461600071e+02 +1.461600071e+02 +3.3163e-01 -6.1814e-01
6489 0 +6.270152539e-06 +1.461600063e+02 +1.461600063e+02 +3.3169e-01 -6.1847e-01
6565 0 +5.621549661e-06 +1.461600056e+02 +1.461600056e+02 +3.3174e-01 -6.1876e-01
6645 0 +4.999218106e-06 +1.461600050e+02 +1.461600050e+02 +3.3178e-01 -6.1907e-01
6717 0 +4.462463380e-06 +1.461600045e+02 +1.461600045e+02 +3.3183e-01 -6.1934e-01
6785 0 +3.969793624e-06 +1.461600040e+02 +1.461600040e+02 +3.3187e-01 -6.1960e-01
6849 0 +3.529929103e-06 +1.461600035e+02 +1.461600035e+02 +3.3192e-01 -6.1985e-01
6913 0 +3.133540673e-06 +1.461600031e+02 +1.461600031e+02 +3.3196e-01 -6.2009e-01
6965 0 +2.815562823e-06 +1.461600028e+02 +1.461600028e+02 +3.3200e-01 -6.2029e-01
7021 0 +2.509641689e-06 +1.461600025e+02 +1.461600025e+02 +3.3203e-01 -6.2050e-01
7097 0 +2.233328019e-06 +1.461600022e+02 +1.461600022e+02 +3.3206e-01 -6.2070e-01
7193 0 +1.991358488e-06 +1.461600020e+02 +1.461600020e+02 +3.3209e-01 -6.2088e-01
7285 0 +1.773745822e-06 +1.461600018e+02 +1.461600018e+02 +3.3213e-01 -6.2105e-01
7373 0 +1.583367890e-06 +1.461600016e+02 +1.461600016e+02 +3.3215e-01 -6.2122e-01
7453 0 +1.406689364e-06 +1.461600014e+02 +1.461600014e+02 +3.3218e-01 -6.2137e-01
7529 0 +1.255150238e-06 +1.461600013e+02 +1.461600013e+02 +3.3220e-01 -6.2152e-01
7601 0 +1.119760157e-06 +1.461600011e+02 +1.461600011e+02 +3.3222e-01 -6.2166e-01
7669 0 +9.979377751e-07 +1.461600010e+02 +1.461600010e+02 +3.3225e-01 -6.2179e-01
7737 0 +8.839394070e-07 +1.461600009e+02 +1.461600009e+02 +3.3227e-01 -6.2192e-01
7801 0 +7.936456541e-07 +1.461600008e+02 +1.461600008e+02 +3.3229e-01 -6.2204e-01
7853 0 +7.059611846e-07 +1.461600007e+02 +1.461600007e+02 +3.3231e-01 -6.2214e-01
7909 0 +6.269864627e-07 +1.461600006e+02 +1.461600006e+02 +3.3232e-01 -6.2225e-01
7961 0 +5.609826701e-07 +1.461600006e+02 +1.461600006e+02 +3.3234e-01 -6.2234e-01
8016 0 +4.966518929e-07 +1.461600005e+02 +1.461600005e+02 +3.3236e-01 -6.2244e-01
8077 0 +4.463941536e-07 +1.461600004e+02 +1.461600004e+02 +3.3237e-01 -6.2252e-01
8161 0 +3.972419620e-07 +1.461600004e+02 +1.461600004e+02 +3.3238e-01 -6.2260e-01
8248 0 +3.536287068e-07 +1.461600004e+02 +1.461600004e+02 +3.3240e-01 -6.2268e-01
8321 0 +3.148849146e-07 +1.461600003e+02 +1.461600003e+02 +3.3241e-01 -6.2275e-01
8393 0 +2.808267539e-07 +1.461600003e+02 +1.461600003e+02 +3.3242e-01 -6.2282e-01
8461 0 +2.508387524e-07 +1.461600003e+02 +1.461600003e+02 +3.3243e-01 -6.2289e-01
8532 0 +2.228182154e-07 +1.461600002e+02 +1.461600002e+02 +3.3245e-01 -6.2295e-01
8589 0 +1.982560036e-07 +1.461600002e+02 +1.461600002e+02 +3.3245e-01 -6.2301e-01
8649 0 +1.762918487e-07 +1.461600002e+02 +1.461600002e+02 +3.3246e-01 -6.2307e-01
8701 0 +1.573712325e-07 +1.461600002e+02 +1.461600002e+02 +3.3247e-01 -6.2312e-01
8753 0 +1.400032659e-07 +1.461600001e+02 +1.461600001e+02 +3.3248e-01 -6.2317e-01
8817 0 +1.254632309e-07 +1.461600001e+02 +1.461600001e+02 +3.3249e-01 -6.2321e-01
8909 0 +1.117636259e-07 +1.461600001e+02 +1.461600001e+02 +3.3250e-01 -6.2325e-01
9000 0 +9.960623970e-08 +1.461600001e+02 +1.461600001e+02 +3.3250e-01 -6.2329e-01
9077 0 +8.878438962e-08 +1.461600001e+02 +1.461600001e+02 +3.3251e-01 -6.2333e-01
9153 0 +7.935733493e-08 +1.461600001e+02 +1.461600001e+02 +3.3251e-01 -6.2337e-01
9229 0 +7.062322993e-08 +1.461600001e+02 +1.461600001e+02 +3.3252e-01 -6.2341e-01
9297 0 +6.286671805e-08 +1.461600001e+02 +1.461600001e+02 +3.3253e-01 -6.2344e-01
9361 0 +5.595202879e-08 +1.461600001e+02 +1.461600001e+02 +3.3253e-01 -6.2347e-01
9425 0 +4.973830414e-08 +1.461600000e+02 +1.461600000e+02 +3.3254e-01 -6.2350e-01
9481 0 +4.435844403e-08 +1.461600000e+02 +1.461600000e+02 +3.3254e-01 -6.2353e-01
9537 0 +3.973912044e-08 +1.461600000e+02 +1.461600000e+02 +3.3255e-01 -6.2355e-01
9592 0 +3.538227134e-08 +1.461600000e+02 +1.461600000e+02 +3.3255e-01 -6.2358e-01
9685 0 +3.158305617e-08 +1.461600000e+02 +1.461600000e+02 +3.3255e-01 -6.2360e-01
9777 0 +2.815403377e-08 +1.461600000e+02 +1.461600000e+02 +3.3256e-01 -6.2362e-01
9869 0 +2.493538886e-08 +1.461600000e+02 +1.461600000e+02 +3.3256e-01 -6.2364e-01
9945 0 +2.238172669e-08 +1.461600000e+02 +1.461600000e+02 +3.3256e-01 -6.2366e-01
10025 0 +1.991540444e-08 +1.461600000e+02 +1.461600000e+02 +3.3257e-01 -6.2368e-01
10101 0 +1.774537850e-08 +1.461600000e+02 +1.461600000e+02 +3.3257e-01 -6.2370e-01
10169 0 +1.579289233e-08 +1.461600000e+02 +1.461600000e+02 +3.3257e-01 -6.2371e-01
10233 0 +1.403788019e-08 +1.461600000e+02 +1.461600000e+02 +3.3258e-01 -6.2373e-01
10297 0 +1.245854264e-08 +1.461600000e+02 +1.461600000e+02 +3.3258e-01 -6.2374e-01
10349 0 +1.121881610e-08 +1.461600000e+02 +1.461600000e+02 +3.3258e-01 -6.2376e-01
10412 0 +9.985171801e-09 +1.461600000e+02 +1.461600000e+02 +3.3258e-01 -6.2377e-01
20000 0 +1.290345608e-11 +1.461600000e+02 +1.461600000e+02 +3.3262e-01 -6.2398e-01
% f evaluations | g evaluations | best noise-free fitness - Fopt (-7.469000000000e+01) + sum g_i+ | measured fitness | best measured fitness or single-digit g-values | x1 | x2...
1 0 +6.500000000e+00 -6.819000000e+01 -6.819000000e+01 +0.0000e+00 +0.0000e+00
98 0 +1.501036547e-01 -7.453989635e+01 -7.453989635e+01 -1.4121e-01 -8.4008e-02
345 0 +5.849190169e-02 -7.463150810e+01 -7.463150810e+01 -2.7438e-01 +3.1381e-01
365 0 +5.193981325e-02 -7.463806019e+01 -7.463806019e+01 -2.7438e-01 +2.5127e-01
374 0 +2.675338109e-02 -7.466324662e+01 -7.466324662e+01 -2.7438e-01 +2.8254e-01
410 0 +2.506787964e-02 -7.466493212e+01 -7.466493212e+01 -2.7731e-01 +2.8840e-01
478 0 +2.236347567e-02 -7.466763652e+01 -7.466763652e+01 -2.8220e-01 +3.0502e-01
547 0 +1.988950894e-02 -7.467011049e+01 -7.467011049e+01 -2.8708e-01 +3.2163e-01
610 0 +1.761827633e-02 -7.467238172e+01 -7.467238172e+01 -2.9099e-01 +3.3726e-01
667 0 +1.582816151e-02 -7.467417184e+01 -7.467417184e+01 -2.9490e-01 +3.5094e-01
727 0 +1.401068044e-02 -7.467598932e+01 -7.467598932e+01 -2.9881e-01 +3.6560e-01
802 0 +1.254406142e-02 -7.467745594e+01 -7.467745594e+01 -3.0174e-01 +3.7782e-01
902 0 +1.120555370e-02 -7.467879445e+01 -7.467879445e+01 -3.0467e-01 +3.9003e-01
1002 0 +9.976043395e-03 -7.468002396e+01 -7.468002396e+01 -3.0760e-01 +4.0225e-01
1090 0 +8.900507520e-03 -7.468109949e+01 -7.468109949e+01 -3.1054e-01 +4.1300e-01
1179 0 +7.934029567e-03 -7.468206597e+01 -7.468206597e+01 -3.1347e-01 +4.2374e-01
1262 0 +7.047949092e-03 -7.468295205e+01 -7.468295205e+01 -3.1591e-01 +4.3401e-01
1342 0 +6.303930231e-03 -7.468369607e+01 -7.468369607e+01 -3.1786e-01 +4.4378e-01
1414 0 +5.597445309e-03 -7.468440255e+01 -7.468440255e+01 -3.2031e-01 +4.5257e-01
1482 0 +5.008504400e-03 -7.468499150e+01 -7.468499150e+01 -3.2226e-01 +4.6088e-01
1550 0 +4.454583012e-03 -7.468554542e+01 -7.468554542e+01 -3.2422e-01 +4.6918e-01
1614 0 +3.963349599e-03 -7.468603665e+01 -7.468603665e+01 -3.2617e-01 +4.7700e-01
1691 0 +3.548064925e-03 -7.468645194e+01 -7.468645194e+01 -3.2788e-01 +4.8409e-01
1806 0 +3.152678014e-03 -7.468684732e+01 -7.468684732e+01 -3.2935e-01 +4.9117e-01
1914 0 +2.813471269e-03 -7.468718653e+01 -7.468718653e+01 -3.3081e-01 +4.9777e-01
2014 0 +2.506761790e-03 -7.468749324e+01 -7.468749324e+01 -3.3228e-01 +5.0387e-01
2110 0 +2.233134779e-03 -7.468776687e+01 -7.468776687e+01 -3.3374e-01 +5.0974e-01
2202 0 +1.986763483e-03 -7.468801324e+01 -7.468801324e+01 -3.3497e-01 +5.1536e-01
2286 0 +1.776992336e-03 -7.468822301e+01 -7.468822301e+01 -3.3619e-01 +5.2049e-01
2370 0 +1.583565459e-03 -7.468841643e+01 -7.468841643e+01 -3.3716e-01 +5.2562e-01
2446 0 +1.409104310e-03 -7.468859090e+01 -7.468859090e+01 -3.3839e-01 +5.3026e-01
2518 0 +1.257647526e-03 -7.468874235e+01 -7.468874235e+01 -3.3936e-01 +5.3466e-01
2590 0 +1.115257159e-03 -7.468888474e+01 -7.468888474e+01 -3.4034e-01 +5.3905e-01
2654 0 +9.971939235e-04 -7.468900281e+01 -7.468900281e+01 -3.4107e-01 +5.4296e-01
2718 0 +8.830703572e-04 -7.468911693e+01 -7.468911693e+01 -3.4205e-01 +5.4687e-01
2819 0 +7.940368781e-04 -7.468920596e+01 -7.468920596e+01 -3.4278e-01 +5.5017e-01
2930 0 +7.059215769e-04 -7.468929408e+01 -7.468929408e+01 -3.4352e-01 +5.5359e-01
3034 0 +6.300388504e-04 -7.468936996e+01 -7.468936996e+01 -3.4413e-01 +5.5677e-01
3134 0 +5.596020091e-04 -7.468944040e+01 -7.468944040e+01 -3.4486e-01 +5.5982e-01
3226 0 +4.994191333e-04 -7.468950058e+01 -7.468950058e+01 -3.4547e-01 +5.6263e-01
3315 0 +4.459697103e-04 -7.468955403e+01 -7.468955403e+01 -3.4608e-01 +5.6532e-01
3398 0 +3.962456428e-04 -7.468960375e+01 -7.468960375e+01 -3.4657e-01 +5.6788e-01
3474 0 +3.547859267e-04 -7.468964521e+01 -7.468964521e+01 -3.4706e-01 +5.7020e-01
3550 0 +3.157728462e-04 -7.468968423e+01 -7.468968423e+01 -3.4755e-01 +5.7252e-01
3618 0 +2.817519602e-04 -7.468971825e+01 -7.468971825e+01 -3.4804e-01 +5.7460e-01
3690 0 +2.487813818e-04 -7.468975122e+01 -7.468975122e+01 -3.4852e-01 +5.7680e-01
3798 0 +2.234644901e-04 -7.468977654e+01 -7.468977654e+01 -3.4889e-01 +5.7857e-01
3918 0 +1.989908214e-04 -7.468980101e+01 -7.468980101e+01 -3.4926e-01 +5.8040e-01
4030 0 +1.773056504e-04 -7.468982269e+01 -7.468982269e+01 -3.4962e-01 +5.8211e-01
4134 0 +1.582766048e-04 -7.468984172e+01 -7.468984172e+01 -3.4999e-01 +5.8370e-01
4234 0 +1.410036537e-04 -7.468985900e+01 -7.468985900e+01 -3.5030e-01 +5.8523e-01
4330 0 +1.254643186e-04 -7.468987454e+01 -7.468987454e+01 -3.5060e-01 +5.8669e-01
4418 0 +1.119368964e-04 -7.468988806e+01 -7.468988806e+01 -3.5091e-01 +5.8804e-01
4502 0 +9.993451128e-05 -7.468990007e+01 -7.468990007e+01 -3.5115e-01 +5.8932e-01
4586 0 +8.841823377e-05 -7.468991158e+01 -7.468991158e+01 -3.5146e-01 +5.9060e-01
4659 0 +7.940594965e-05 -7.468992059e+01 -7.468992059e+01 -3.5170e-01 +5.9170e-01
4730 0 +7.055493492e-05 -7.468992945e+01 -7.468992945e+01 -3.5188e-01 +5.9280e-01
4798 0 +6.255753715e-05 -7.468993744e+01 -7.468993744e+01 -3.5213e-01 +5.9384e-01
4874 0 +5.608860047e-05 -7.468994391e+01 -7.468994391e+01 -3.5231e-01 +5.9475e-01
4994 0 +5.006395789e-05 -7.468994994e+01 -7.468994994e+01 -3.5249e-01 +5.9567e-01
5106 0 +4.462339467e-05 -7.468995538e+01 -7.468995538e+01 -3.5268e-01 +5.9653e-01
5214 0 +3.964465786e-05 -7.468996036e+01 -7.468996036e+01 -3.5286e-01 +5.9735e-01
5314 0 +3.540132917e-05 -7.468996460e+01 -7.468996460e+01 -3.5301e-01 +5.9811e-01
5410 0 +3.152762334e-05 -7.468996847e+01 -7.468996847e+01 -3.5317e-01 +5.9885e-01
5498 0 +2.810733362e-05 -7.468997189e+01 -7.468997189e+01 -3.5332e-01 +5.9952e-01
5586 0 +2.508996498e-05 -7.468997491e+01 -7.468997491e+01 -3.5344e-01 +6.0019e-01
5666 0 +2.224085659e-05 -7.468997776e+01 -7.468997776e+01 -3.5359e-01 +6.0080e-01
5742 0 +1.980983997e-05 -7.468998019e+01 -7.468998019e+01 -3.5372e-01 +6.0138e-01
5810 0 +1.776734013e-05 -7.468998223e+01 -7.468998223e+01 -3.5381e-01 +6.0190e-01
5878 0 +1.578642308e-05 -7.468998421e+01 -7.468998421e+01 -3.5393e-01 +6.0242e-01
5994 0 +1.410868791e-05 -7.468998589e+01 -7.468998589e+01 -3.5402e-01 +6.0289e-01
6118 0 +1.257606515e-05 -7.468998742e+01 -7.468998742e+01 -3.5411e-01 +6.0337e-01
6230 0 +1.120847342e-05 -7.468998879e+01 -7.468998879e+01 -3.5420e-01 +6.0379e-01
6334 0 +9.994342705e-06 -7.468999001e+01 -7.468999001e+01 -3.5430e-01 +6.0419e-01
6438 0 +8.895948071e-06 -7.468999110e+01 -7.468999110e+01 -3.5437e-01 +6.0459e-01
6534 0 +7.925523448e-06 -7.468999207e+01 -7.468999207e+01 -3.5445e-01 +6.0495e-01
6622 0 +7.066913838e-06 -7.468999293e+01 -7.468999293e+01 -3.5452e-01 +6.0529e-01
6711 0 +6.293505606e-06 -7.468999371e+01 -7.468999371e+01 -3.5460e-01 +6.0563e-01
6790 0 +5.600647810e-06 -7.468999440e+01 -7.468999440e+01 -3.5466e-01 +6.0593e-01
6867 0 +4.993218411e-06 -7.468999501e+01 -7.468999501e+01 -3.5472e-01 +6.0622e-01
6938 0 +4.461399016e-06 -7.468999554e+01 -7.468999554e+01 -3.5477e-01 +6.0650e-01
7006 0 +3.952323524e-06 -7.468999605e+01 -7.468999605e+01 -3.5483e-01 +6.0676e-01
7086 0 +3.539441138e-06 -7.468999646e+01 -7.468999646e+01 -3.5488e-01 +6.0699e-01
7207 0 +3.153818582e-06 -7.468999685e+01 -7.468999685e+01 -3.5493e-01 +6.0722e-01
7322 0 +2.804208236e-06 -7.468999720e+01 -7.468999720e+01 -3.5498e-01 +6.0744e-01
7426 0 +2.507237909e-06 -7.468999749e+01 -7.468999749e+01 -3.5501e-01 +6.0764e-01
7530 0 +2.236137860e-06 -7.468999776e+01 -7.468999776e+01 -3.5505e-01 +6.0784e-01
7626 0 +1.993001931e-06 -7.468999801e+01 -7.468999801e+01 -3.5509e-01 +6.0802e-01
7714 0 +1.774817264e-06 -7.468999823e+01 -7.468999823e+01 -3.5513e-01 +6.0819e-01
7803 0 +1.578473118e-06 -7.468999842e+01 -7.468999842e+01 -3.5517e-01 +6.0836e-01
7882 0 +1.406197782e-06 -7.468999859e+01 -7.468999859e+01 -3.5520e-01 +6.0851e-01
7958 0 +1.253939729e-06 -7.468999875e+01 -7.468999875e+01 -3.5523e-01 +6.0866e-01
8034 0 +1.110617319e-06 -7.468999889e+01 -7.468999889e+01 -3.5526e-01 +6.0880e-01
8098 0 +9.946944175e-07 -7.468999901e+01 -7.468999901e+01 -3.5528e-01 +6.0892e-01
8219 0 +8.907491775e-07 -7.468999911e+01 -7.468999911e+01 -3.5531e-01 +6.0904e-01
8338 0 +7.938960067e-07 -7.468999921e+01 -7.468999921e+01 -3.5533e-01 +6.0916e-01
8454 0 +7.063125622e-07 -7.468999929e+01 -7.468999929e+01 -3.5535e-01 +6.0927e-01
8562 0 +6.308366949e-07 -7.468999937e+01 -7.468999937e+01 -3.5537e-01 +6.0937e-01
8666 0 +5.595434232e-07 -7.468999944e+01 -7.468999944e+01 -3.5540e-01 +6.0947e-01
8762 0 +4.987380748e-07 -7.468999950e+01 -7.468999950e+01 -3.5541e-01 +6.0956e-01
8854 0 +4.464128125e-07 -7.468999955e+01 -7.468999955e+01 -3.5543e-01 +6.0965e-01
8938 0 +3.961686872e-07 -7.468999960e+01 -7.468999960e+01 -3.5545e-01 +6.0973e-01
9018 0 +3.536610507e-07 -7.468999965e+01 -7.468999965e+01 -3.5546e-01 +6.0981e-01
9094 0 +3.152848365e-07 -7.468999968e+01 -7.468999968e+01 -3.5548e-01 +6.0988e-01
9166 0 +2.811661233e-07 -7.468999972e+01 -7.468999972e+01 -3.5549e-01 +6.0995e-01
9238 0 +2.509940060e-07 -7.468999975e+01 -7.468999975e+01 -3.5551e-01 +6.1002e-01
9306 0 +2.235562278e-07 -7.468999978e+01 -7.468999978e+01 -3.5552e-01 +6.1007e-01
9430 0 +1.985736162e-07 -7.468999980e+01 -7.468999980e+01 -3.5553e-01 +6.1013e-01
9543 0 +1.776127192e-07 -7.468999982e+01 -7.468999982e+01 -3.5554e-01 +6.1019e-01
9650 0 +1.581944105e-07 -7.468999984e+01 -7.468999984e+01 -3.5555e-01 +6.1024e-01
9755 0 +1.408441790e-07 -7.468999986e+01 -7.468999986e+01 -3.5557e-01 +6.1029e-01
9851 0 +1.256234015e-07 -7.468999987e+01 -7.468999987e+01 -3.5557e-01 +6.1033e-01
9942 0 +1.118226010e-07 -7.468999989e+01 -7.468999989e+01 -3.5558e-01 +6.1038e-01
10026 0 +9.979532933e-08 -7.468999990e+01 -7.468999990e+01 -3.5559e-01 +6.1042e-01
10106 0 +8.899935722e-08 -7.468999991e+01 -7.468999991e+01 -3.5560e-01 +6.1045e-01
10182 0 +7.942438174e-08 -7.468999992e+01 -7.468999992e+01 -3.5561e-01 +6.1049e-01
10258 0 +7.040885919e-08 -7.468999993e+01 -7.468999993e+01 -3.5561e-01 +6.1053e-01
10326 0 +6.285372933e-08 -7.468999994e+01 -7.468999994e+01 -3.5562e-01 +6.1056e-01
10391 0 +5.614364795e-08 -7.468999994e+01 -7.468999994e+01 -3.5563e-01 +6.1059e-01
10498 0 +4.999523640e-08 -7.468999995e+01 -7.468999995e+01 -3.5563e-01 +6.1062e-01
10610 0 +4.463106507e-08 -7.468999996e+01 -7.468999996e+01 -3.5564e-01 +6.1065e-01
10718 0 +3.976934693e-08 -7.468999996e+01 -7.468999996e+01 -3.5564e-01 +6.1067e-01
10822 0 +3.541329363e-08 -7.468999996e+01 -7.468999996e+01 -3.5565e-01 +6.1070e-01
10918 0 +3.158521622e-08 -7.468999997e+01 -7.468999997e+01 -3.5565e-01 +6.1072e-01
11010 0 +2.809501609e-08 -7.468999997e+01 -7.468999997e+01 -3.5566e-01 +6.1074e-01
11099 0 +2.504032182e-08 -7.468999997e+01 -7.468999997e+01 -3.5566e-01 +6.1076e-01
11178 0 +2.232148688e-08 -7.468999998e+01 -7.468999998e+01 -3.5567e-01 +6.1078e-01
11255 0 +1.993208798e-08 -7.468999998e+01 -7.468999998e+01 -3.5567e-01 +6.1080e-01
11331 0 +1.768260915e-08 -7.468999998e+01 -7.468999998e+01 -3.5567e-01 +6.1082e-01
11394 0 +1.582581888e-08 -7.468999998e+01 -7.468999998e+01 -3.5568e-01 +6.1083e-01
11462 0 +1.412249162e-08 -7.468999999e+01 -7.468999999e+01 -3.5568e-01 +6.1085e-01
11582 0 +1.256155713e-08 -7.468999999e+01 -7.468999999e+01 -3.5568e-01 +6.1086e-01
11698 0 +1.118579007e-08 -7.468999999e+01 -7.468999999e+01 -3.5569e-01 +6.1088e-01
11807 0 +9.992561445e-09 -7.468999999e+01 -7.468999999e+01 -3.5569e-01 +6.1089e-01
20000 0 +6.878053682e-12 -7.469000000e+01 -7.469000000e+01 -3.5573e-01 +6.1110e-01
% f evaluations | g evaluations | best noise-free fitness - Fopt (1.853000000000e+01) + sum g_i+ | measured fitness | best measured fitness or single-digit g-values | x1 | x2...
1 0 +6.500000000e+00 +2.503000000e+01 +2.503000000e+01 +0.0000e+00 +0.0000e+00
50 0 +4.538843228e-01 +1.898388432e+01 +1.898388432e+01 +1.2133e+00 -1.6625e+00
389 0 +4.318229662e-01 +1.896182297e+01 +1.896182297e+01 +1.3899e+00 -2.1017e+00
999 0 +3.979942913e-01 +1.892799429e+01 +1.892799429e+01 +1.3587e+00 -2.0250e+00
1894 0 +3.546869361e-01 +1.888468694e+01 +1.888468694e+01 +1.3113e+00 -1.9155e+00
2722 0 +3.160907792e-01 +1.884609078e+01 +1.884609078e+01 +1.2668e+00 -1.8144e+00
3486 0 +2.816811510e-01 +1.881168115e+01 +1.881168115e+01 +1.2248e+00 -1.7211e+00
4190 0 +2.511557797e-01 +1.878115578e+01 +1.878115578e+01 +1.1857e+00 -1.6351e+00
4846 0 +2.237497072e-01 +1.875374971e+01 +1.875374971e+01 +1.1486e+00 -1.5549e+00
5451 0 +1.994758878e-01 +1.872947589e+01 +1.872947589e+01 +1.1139e+00 -1.4812e+00
6015 0 +1.776742082e-01 +1.870767421e+01 +1.870767421e+01 +1.0812e+00 -1.4123e+00
6534 0 +1.584448203e-01 +1.868844482e+01 +1.868844482e+01 +1.0509e+00 -1.3488e+00
7018 0 +1.412217826e-01 +1.867122178e+01 +1.867122178e+01 +1.0220e+00 -1.2896e+00
7466 0 +1.257870677e-01 +1.865578707e+01 +1.865578707e+01 +9.9467e-01 -1.2349e+00
7882 0 +1.121485704e-01 +1.864214857e+01 +1.864214857e+01 +9.6927e-01 -1.1841e+00
8270 0 +9.997463230e-02 +1.862997463e+01 +1.862997463e+01 +9.4532e-01 -1.1367e+00
8631 0 +8.907781258e-02 +1.861907781e+01 +1.861907781e+01 +9.2236e-01 -1.0927e+00
8966 0 +7.939849247e-02 +1.860939849e+01 +1.860939849e+01 +9.0135e-01 -1.0517e+00
9394 0 +7.078104371e-02 +1.860078104e+01 +1.860078104e+01 +8.8132e-01 -1.0136e+00
9978 0 +6.308850245e-02 +1.859308850e+01 +1.859308850e+01 +8.6251e-01 -9.7791e-01
10522 0 +5.622209946e-02 +1.858622210e+01 +1.858622210e+01 +8.4467e-01 -9.4469e-01
11031 0 +5.010692932e-02 +1.858010693e+01 +1.858010693e+01 +8.2782e-01 -9.1366e-01
11506 0 +4.464636832e-02 +1.857464637e+01 +1.857464637e+01 +8.1218e-01 -8.8459e-01
11950 0 +3.977833708e-02 +1.856977834e+01 +1.856977834e+01 +7.9728e-01 -8.5747e-01
12362 0 +3.547247155e-02 +1.856547247e+01 +1.856547247e+01 +7.8335e-01 -8.3231e-01
12750 0 +3.160915920e-02 +1.856160916e+01 +1.856160916e+01 +7.7016e-01 -8.0862e-01
13114 0 +2.815775600e-02 +1.855815776e+01 +1.855815776e+01 +7.5770e-01 -7.8638e-01
13451 0 +2.511672001e-02 +1.855511672e+01 +1.855511672e+01 +7.4598e-01 -7.6586e-01
13770 0 +2.236958482e-02 +1.855236958e+01 +1.855236958e+01 +7.3498e-01 -7.4632e-01
14067 0 +1.994399391e-02 +1.854994399e+01 +1.854994399e+01 +7.2448e-01 -7.2824e-01
14346 0 +1.776400878e-02 +1.854776401e+01 +1.854776401e+01 +7.1471e-01 -7.1114e-01
14607 0 +1.584168238e-02 +1.854584168e+01 +1.854584168e+01 +7.0542e-01 -6.9526e-01
14854 0 +1.411629138e-02 +1.854411629e+01 +1.854411629e+01 +6.9687e-01 -6.8011e-01
15082 0 +1.257498505e-02 +1.854257499e+01 +1.854257499e+01 +6.8857e-01 -6.6619e-01
15299 0 +1.120305370e-02 +1.854120305e+01 +1.854120305e+01 +6.8075e-01 -6.5300e-01
15570 0 +9.997964739e-03 +1.853999796e+01 +1.853999796e+01 +6.7354e-01 -6.4078e-01
15950 0 +8.912493930e-03 +1.853891249e+01 +1.853891249e+01 +6.6670e-01 -6.2918e-01
16310 0 +7.933740402e-03 +1.853793374e+01 +1.853793374e+01 +6.6010e-01 -6.1818e-01
16643 0 +7.078580954e-03 +1.853707858e+01 +1.853707858e+01 +6.5400e-01 -6.0805e-01
16958 0 +6.307291553e-03 +1.853630729e+01 +1.853630729e+01 +6.4826e-01 -5.9840e-01
17255 0 +5.620780799e-03 +1.853562078e+01 +1.853562078e+01 +6.4276e-01 -5.8936e-01
17534 0 +5.006738222e-03 +1.853500674e+01 +1.853500674e+01 +6.3763e-01 -5.8081e-01
17795 0 +4.464972814e-03 +1.853446497e+01 +1.853446497e+01 +6.3274e-01 -5.7287e-01
18042 0 +3.977793762e-03 +1.853397779e+01 +1.853397779e+01 +6.2822e-01 -5.6529e-01
18275 0 +3.542271473e-03 +1.853354227e+01 +1.853354227e+01 +6.2383e-01 -5.5821e-01
18491 0 +3.160041069e-03 +1.853316004e+01 +1.853316004e+01 +6.1980e-01 -5.5161e-01
18698 0 +2.817805250e-03 +1.853281781e+01 +1.853281781e+01 +6.1601e-01 -5.4526e-01
18890 0 +2.508877559e-03 +1.853250888e+01 +1.853250888e+01 +6.1234e-01 -5.3940e-01
19070 0 +2.237114251e-03 +1.853223711e+01 +1.853223711e+01 +6.0892e-01 -5.3390e-01
19258 0 +1.994546741e-03 +1.853199455e+01 +1.853199455e+01 +6.0569e-01 -5.2871e-01
19582 0 +1.776621684e-03 +1.853177662e+01 +1.853177662e+01 +6.0263e-01 -5.2376e-01
19886 0 +1.583308968e-03 +1.853158331e+01 +1.853158331e+01 +5.9976e-01 -5.1912e-01
20000 0 +1.513894540e-03 +1.853151389e+01 +1.853151389e+01 +5.9866e-01 -5.1741e-01
% f evaluations | g evaluations | best noise-free fitness - Fopt (-3.444000000000e+01) + sum g_i+ | measured fitness | best measured fitness or single-digit g-values | x1 | x2...
1 0 +6.500000000e+00 -2.794000000e+01 -2.794000000e+01 +0.0000e+00 +0.0000e+00
37 0 +2.408619407e-01 -3.419913806e+01 -3.419913806e+01 +1.0288e+00 -1.6395e+00
8826 0 +2.238691736e-01 -3.421613083e+01 -3.421613083e+01 +1.0318e+00 -1.6351e+00
9450 0 +1.994877012e-01 -3.424051230e+01 -3.424051230e+01 +1.0025e+00 -1.5589e+00
10031 0 +1.777588558e-01 -3.426224114e+01 -3.426224114e+01 +9.7464e-01 -1.4880e+00
10567 0 +1.584891759e-01 -3.428151082e+01 -3.428151082e+01 +9.4874e-01 -1.4225e+00
11067 0 +1.412141642e-01 -3.429878584e+01 -3.429878584e+01 +9.2431e-01 -1.3615e+00
11530 0 +1.258389817e-01 -3.431416102e+01 -3.431416102e+01 +9.0135e-01 -1.3048e+00
11962 0 +1.121644516e-01 -3.432783555e+01 -3.432783555e+01 +8.7985e-01 -1.2520e+00
12362 0 +9.997616840e-02 -3.434002383e+01 -3.434002383e+01 +8.5933e-01 -1.2032e+00
12738 0 +8.902002006e-02 -3.435097998e+01 -3.435097998e+01 +8.3979e-01 -1.1572e+00
13086 0 +7.934978088e-02 -3.436065022e+01 -3.436065022e+01 +8.2171e-01 -1.1147e+00
13410 0 +7.073917628e-02 -3.436926082e+01 -3.436926082e+01 +8.0461e-01 -1.0751e+00
13710 0 +6.308943565e-02 -3.437691056e+01 -3.437691056e+01 +7.8848e-01 -1.0385e+00
13995 0 +5.616605303e-02 -3.438383395e+01 -3.438383395e+01 +7.7285e-01 -1.0038e+00
14258 0 +5.006312061e-02 -3.438993688e+01 -3.438993688e+01 +7.5868e-01 -9.7156e-01
14590 0 +4.463566075e-02 -3.439536434e+01 -3.439536434e+01 +7.4500e-01 -9.4176e-01
15050 0 +3.978739052e-02 -3.440021261e+01 -3.440021261e+01 +7.3230e-01 -9.1366e-01
15479 0 +3.547045672e-02 -3.440452954e+01 -3.440452954e+01 +7.2008e-01 -8.8752e-01
15882 0 +3.161136014e-02 -3.440838864e+01 -3.440838864e+01 +7.0884e-01 -8.6285e-01
16258 0 +2.817757313e-02 -3.441182243e+01 -3.441182243e+01 +6.9809e-01 -8.3989e-01
16610 0 +2.510096962e-02 -3.441489903e+01 -3.441489903e+01 +6.8783e-01 -8.1839e-01
16938 0 +2.238586949e-02 -3.441761413e+01 -3.441761413e+01 +6.7831e-01 -7.9835e-01
17250 0 +1.993890453e-02 -3.442006110e+01 -3.442006110e+01 +6.6927e-01 -7.7930e-01
17538 0 +1.777461469e-02 -3.442222539e+01 -3.442222539e+01 +6.6072e-01 -7.6171e-01
17810 0 +1.583871158e-02 -3.442416129e+01 -3.442416129e+01 +6.5265e-01 -7.4510e-01
18066 0 +1.411365296e-02 -3.442588635e+01 -3.442588635e+01 +6.4508e-01 -7.2946e-01
18307 0 +1.256419737e-02 -3.442743580e+01 -3.442743580e+01 +6.3775e-01 -7.1480e-01
18530 0 +1.120972806e-02 -3.442879027e+01 -3.442879027e+01 +6.3116e-01 -7.0112e-01
18738 0 +9.999350022e-03 -3.443000065e+01 -3.443000065e+01 +6.2480e-01 -6.8842e-01
18938 0 +8.898722695e-03 -3.443110128e+01 -3.443110128e+01 +6.1870e-01 -6.7621e-01
19122 0 +7.940221108e-03 -3.443205978e+01 -3.443205978e+01 +6.1308e-01 -6.6497e-01
19354 0 +7.077382292e-03 -3.443292262e+01 -3.443292262e+01 +6.0770e-01 -6.5434e-01
19683 0 +6.306099586e-03 -3.443369390e+01 -3.443369390e+01 +6.0257e-01 -6.4432e-01
19991 0 +5.621050926e-03 -3.443437895e+01 -3.443437895e+01 +5.9781e-01 -6.3492e-01
20000 0 +5.603746975e-03 -3.443439625e+01 -3.443439625e+01 +5.9769e-01 -6.3467e-01
% f evaluations | g evaluations | best noise-free fitness - Fopt (7.741000000000e+01) + sum g_i+ | measured fitness | best measured fitness or single-digit g-values | x1 | x2...
1 0 +6.500000000e+00 +8.391000000e+01 +8.391000000e+01 +0.0000e+00 +0.0000e+00
4 0 +2.495748782e+00 +7.990574878e+01 +7.990574878e+01 -4.4863e+00 -1.0395e+00
106 0 +5.394989567e-02 +7.746394990e+01 +7.746394990e+01 -1.1289e+00 +5.2356e-02
379 0 +3.318449753e-02 +7.744318450e+01 +7.744318450e+01 -4.3668e-01 +1.4930e-01
383 0 +2.288857420e-02 +7.743288857e+01 +7.743288857e+01 -5.6176e-01 +1.4930e-01
392 0 +8.584409371e-03 +7.741858441e+01 +7.741858441e+01 -4.9922e-01 +1.4930e-01
403 0 +7.696985183e-03 +7.741769699e+01 +7.741769699e+01 -5.1485e-01 +1.4930e-01
451 0 +7.035127226e-03 +7.741703513e+01 +7.741703513e+01 -5.1681e-01 +1.4832e-01
495 0 +6.197796043e-03 +7.741619780e+01 +7.741619780e+01 -5.2756e-01 +1.4637e-01
531 0 +5.550755695e-03 +7.741555076e+01 +7.741555076e+01 -5.3635e-01 +1.4539e-01
567 0 +4.936357934e-03 +7.741493636e+01 +7.741493636e+01 -5.4515e-01 +1.4441e-01
601 0 +4.450727850e-03 +7.741445073e+01 +7.741445073e+01 -5.5296e-01 +1.4344e-01
635 0 +3.895509528e-03 +7.741389551e+01 +7.741389551e+01 -5.6176e-01 +1.4246e-01
667 0 +3.462088037e-03 +7.741346209e+01 +7.741346209e+01 -5.6958e-01 +1.4148e-01
691 0 +3.145952581e-03 +7.741314595e+01 +7.741314595e+01 -5.7544e-01 +1.4148e-01
739 0 +2.815167898e-03 +7.741281517e+01 +7.741281517e+01 -5.8081e-01 +1.4050e-01
795 0 +2.487702826e-03 +7.741248770e+01 +7.741248770e+01 -5.8765e-01 +1.3953e-01
843 0 +2.229278282e-03 +7.741222928e+01 +7.741222928e+01 -5.9352e-01 +1.3904e-01
891 0 +1.969919190e-03 +7.741196992e+01 +7.741196992e+01 -5.9938e-01 +1.3806e-01
931 0 +1.771882316e-03 +7.741177188e+01 +7.741177188e+01 -6.0427e-01 +1.3757e-01
979 0 +1.560104445e-03 +7.741156010e+01 +7.741156010e+01 -6.1013e-01 +1.3659e-01
1015 0 +1.394247429e-03 +7.741139425e+01 +7.741139425e+01 -6.1453e-01 +1.3611e-01
1051 0 +1.243282302e-03 +7.741124328e+01 +7.741124328e+01 -6.1892e-01 +1.3562e-01
1083 0 +1.119317790e-03 +7.741111932e+01 +7.741111932e+01 -6.2283e-01 +1.3513e-01
1143 0 +9.981004611e-04 +7.741099810e+01 +7.741099810e+01 -6.2699e-01 +1.3464e-01
1207 0 +8.908040294e-04 +7.741089080e+01 +7.741089080e+01 -6.3089e-01 +1.3415e-01
1267 0 +7.934317925e-04 +7.741079343e+01 +7.741079343e+01 -6.3456e-01 +1.3366e-01
1319 0 +7.078920990e-04 +7.741070789e+01 +7.741070789e+01 -6.3773e-01 +1.3317e-01
1371 0 +6.302356356e-04 +7.741063024e+01 +7.741063024e+01 -6.4091e-01 +1.3269e-01
1423 0 +5.601417353e-04 +7.741056014e+01 +7.741056014e+01 -6.4409e-01 +1.3220e-01
1477 0 +4.972992855e-04 +7.741049730e+01 +7.741049730e+01 -6.4726e-01 +1.3171e-01
1515 0 +4.437486770e-04 +7.741044375e+01 +7.741044375e+01 -6.4971e-01 +1.3146e-01
1565 0 +3.935380795e-04 +7.741039354e+01 +7.741039354e+01 -6.5264e-01 +1.3098e-01
1599 0 +3.509018752e-04 +7.741035090e+01 +7.741035090e+01 -6.5484e-01 +1.3073e-01
1635 0 +3.136650744e-04 +7.741031367e+01 +7.741031367e+01 -6.5703e-01 +1.3049e-01
1703 0 +2.796943511e-04 +7.741027969e+01 +7.741027969e+01 -6.5923e-01 +1.3012e-01
1767 0 +2.499252795e-04 +7.741024993e+01 +7.741024993e+01 -6.6119e-01 +1.2988e-01
1831 0 +2.225206157e-04 +7.741022252e+01 +7.741022252e+01 -6.6314e-01 +1.2963e-01
1891 0 +1.985188837e-04 +7.741019852e+01 +7.741019852e+01 -6.6497e-01 +1.2939e-01
1947 0 +1.770579720e-04 +7.741017706e+01 +7.741017706e+01 -6.6668e-01 +1.2914e-01
1999 0 +1.580795442e-04 +7.741015808e+01 +7.741015808e+01 -6.6827e-01 +1.2890e-01
2051 0 +1.405752779e-04 +7.741014058e+01 +7.741014058e+01 -6.6986e-01 +1.2866e-01
2103 0 +1.245165679e-04 +7.741012452e+01 +7.741012452e+01 -6.7145e-01 +1.2841e-01
2143 0 +1.117907504e-04 +7.741011179e+01 +7.741011179e+01 -6.7267e-01 +1.2829e-01
2191 0 +9.836455260e-05 +7.741009836e+01 +7.741009836e+01 -6.7414e-01 +1.2804e-01
2227 0 +8.845537739e-05 +7.741008846e+01 +7.741008846e+01 -6.7523e-01 +1.2792e-01
2277 0 +7.827919983e-05 +7.741007828e+01 +7.741007828e+01 -6.7646e-01 +1.2774e-01
2339 0 +7.075089242e-05 +7.741007075e+01 +7.741007075e+01 -6.7743e-01 +1.2762e-01
2407 0 +6.307935733e-05 +7.741006308e+01 +7.741006308e+01 -6.7847e-01 +1.2743e-01
2471 0 +5.606894184e-05 +7.741005607e+01 +7.741005607e+01 -6.7945e-01 +1.2731e-01
2531 0 +5.003977678e-05 +7.741005004e+01 +7.741005004e+01 -6.8036e-01 +1.2719e-01
2591 0 +4.443610266e-05 +7.741004444e+01 +7.741004444e+01 -6.8128e-01 +1.2707e-01
2643 0 +3.966935537e-05 +7.741003967e+01 +7.741003967e+01 -6.8208e-01 +1.2694e-01
2695 0 +3.523177453e-05 +7.741003523e+01 +7.741003523e+01 -6.8287e-01 +1.2682e-01
2743 0 +3.153843373e-05 +7.741003154e+01 +7.741003154e+01 -6.8360e-01 +1.2670e-01
2791 0 +2.814136289e-05 +7.741002814e+01 +7.741002814e+01 -6.8433e-01 +1.2664e-01
2831 0 +2.496582539e-05 +7.741002497e+01 +7.741002497e+01 -6.8495e-01 +1.2652e-01
2899 0 +2.231025115e-05 +7.741002231e+01 +7.741002231e+01 -6.8556e-01 +1.2643e-01
2975 0 +1.990727475e-05 +7.741001991e+01 +7.741001991e+01 -6.8614e-01 +1.2636e-01
3047 0 +1.768518028e-05 +7.741001769e+01 +7.741001769e+01 -6.8669e-01 +1.2627e-01
3115 0 +1.584559448e-05 +7.741001585e+01 +7.741001585e+01 -6.8721e-01 +1.2621e-01
3179 0 +1.408580147e-05 +7.741001409e+01 +7.741001409e+01 -6.8769e-01 +1.2612e-01
3239 0 +1.254646402e-05 +7.741001255e+01 +7.741001255e+01 -6.8815e-01 +1.2606e-01
3295 0 +1.121116533e-05 +7.741001121e+01 +7.741001121e+01 -6.8858e-01 +1.2600e-01
3351 0 +9.951407918e-06 +7.741000995e+01 +7.741000995e+01 -6.8901e-01 +1.2594e-01
3403 0 +8.861935186e-06 +7.741000886e+01 +7.741000886e+01 -6.8940e-01 +1.2588e-01
3455 0 +7.849902246e-06 +7.741000785e+01 +7.741000785e+01 -6.8980e-01 +1.2582e-01
3495 0 +7.070873181e-06 +7.741000707e+01 +7.741000707e+01 -6.9011e-01 +1.2578e-01
3551 0 +6.304065636e-06 +7.741000630e+01 +7.741000630e+01 -6.9044e-01 +1.2574e-01
3631 0 +5.620428908e-06 +7.741000562e+01 +7.741000562e+01 -6.9075e-01 +1.2569e-01
3707 0 +5.000534046e-06 +7.741000500e+01 +7.741000500e+01 -6.9104e-01 +1.2565e-01
3779 0 +4.463078355e-06 +7.741000446e+01 +7.741000446e+01 -6.9131e-01 +1.2560e-01
3851 0 +3.964587862e-06 +7.741000396e+01 +7.741000396e+01 -6.9159e-01 +1.2557e-01
3915 0 +3.530812378e-06 +7.741000353e+01 +7.741000353e+01 -6.9183e-01 +1.2552e-01
3975 0 +3.144557709e-06 +7.741000314e+01 +7.741000314e+01 -6.9206e-01 +1.2549e-01
4031 0 +2.810435106e-06 +7.741000281e+01 +7.741000281e+01 -6.9227e-01 +1.2546e-01
4087 0 +2.495260077e-06 +7.741000250e+01 +7.741000250e+01 -6.9249e-01 +1.2543e-01
4139 0 +2.222500370e-06 +7.741000222e+01 +7.741000222e+01 -6.9269e-01 +1.2540e-01
4191 0 +1.968659674e-06 +7.741000197e+01 +7.741000197e+01 -6.9289e-01 +1.2537e-01
4231 0 +1.775462195e-06 +7.741000178e+01 +7.741000178e+01 -6.9304e-01 +1.2536e-01
4287 0 +1.584353029e-06 +7.741000158e+01 +7.741000158e+01 -6.9321e-01 +1.2533e-01
4371 0 +1.409502161e-06 +7.741000141e+01 +7.741000141e+01 -6.9337e-01 +1.2531e-01
4443 0 +1.257205085e-06 +7.741000126e+01 +7.741000126e+01 -6.9350e-01 +1.2529e-01
4515 0 +1.120952803e-06 +7.741000112e+01 +7.741000112e+01 -6.9364e-01 +1.2527e-01
4587 0 +9.990265255e-07 +7.741000100e+01 +7.741000100e+01 -6.9378e-01 +1.2525e-01
4651 0 +8.869172348e-07 +7.741000089e+01 +7.741000089e+01 -6.9390e-01 +1.2523e-01
4711 0 +7.910408613e-07 +7.741000079e+01 +7.741000079e+01 -6.9402e-01 +1.2521e-01
4767 0 +7.074638404e-07 +7.741000071e+01 +7.741000071e+01 -6.9412e-01 +1.2520e-01
4823 0 +6.286374088e-07 +7.741000063e+01 +7.741000063e+01 -6.9423e-01 +1.2518e-01
4875 0 +5.595178294e-07 +7.741000056e+01 +7.741000056e+01 -6.9433e-01 +1.2517e-01
4927 0 +4.950767760e-07 +7.741000050e+01 +7.741000050e+01 -6.9443e-01 +1.2515e-01
4977 0 +4.426580489e-07 +7.741000044e+01 +7.741000044e+01 -6.9452e-01 +1.2514e-01
5027 0 +3.980375851e-07 +7.741000040e+01 +7.741000040e+01 -6.9459e-01 +1.2513e-01
5111 0 +3.535270565e-07 +7.741000035e+01 +7.741000035e+01 -6.9467e-01 +1.2512e-01
5191 0 +3.139323610e-07 +7.741000031e+01 +7.741000031e+01 -6.9474e-01 +1.2511e-01
5263 0 +2.809085515e-07 +7.741000028e+01 +7.741000028e+01 -6.9481e-01 +1.2510e-01
5331 0 +2.497316984e-07 +7.741000025e+01 +7.741000025e+01 -6.9488e-01 +1.2509e-01
5395 0 +2.231185334e-07 +7.741000022e+01 +7.741000022e+01 -6.9494e-01 +1.2508e-01
5461 0 +1.990473493e-07 +7.741000020e+01 +7.741000020e+01 -6.9500e-01 +1.2507e-01
5519 0 +1.757465924e-07 +7.741000018e+01 +7.741000018e+01 -6.9506e-01 +1.2506e-01
5573 0 +1.579768139e-07 +7.741000016e+01 +7.741000016e+01 -6.9511e-01 +1.2505e-01
5627 0 +1.392242126e-07 +7.741000014e+01 +7.741000014e+01 -6.9516e-01 +1.2504e-01
5671 0 +1.251406871e-07 +7.741000013e+01 +7.741000013e+01 -6.9520e-01 +1.2504e-01
5715 0 +1.117399080e-07 +7.741000011e+01 +7.741000011e+01 -6.9524e-01 +1.2503e-01
5769 0 +9.877082618e-08 +7.741000010e+01 +7.741000010e+01 -6.9529e-01 +1.2503e-01
5843 0 +8.876770607e-08 +7.741000009e+01 +7.741000009e+01 -6.9532e-01 +1.2502e-01
5923 0 +7.884898423e-08 +7.741000008e+01 +7.741000008e+01 -6.9536e-01 +1.2502e-01
5995 0 +7.056860341e-08 +7.741000007e+01 +7.741000007e+01 -6.9540e-01 +1.2501e-01
6063 0 +6.275959663e-08 +7.741000006e+01 +7.741000006e+01 -6.9543e-01 +1.2501e-01
6127 0 +5.609035725e-08 +7.741000006e+01 +7.741000006e+01 -6.9546e-01 +1.2500e-01
6193 0 +5.005000503e-08 +7.741000005e+01 +7.741000005e+01 -6.9549e-01 +1.2500e-01
6251 0 +4.420918742e-08 +7.741000004e+01 +7.741000004e+01 -6.9552e-01 +1.2499e-01
6305 0 +3.974967910e-08 +7.741000004e+01 +7.741000004e+01 -6.9554e-01 +1.2499e-01
6359 0 +3.504563040e-08 +7.741000004e+01 +7.741000004e+01 -6.9557e-01 +1.2498e-01
6403 0 +3.152692329e-08 +7.741000003e+01 +7.741000003e+01 -6.9559e-01 +1.2498e-01
6447 0 +2.815411904e-08 +7.741000003e+01 +7.741000003e+01 -6.9561e-01 +1.2498e-01
6501 0 +2.490411077e-08 +7.741000002e+01 +7.741000002e+01 -6.9563e-01 +1.2498e-01
6579 0 +2.225343110e-08 +7.741000002e+01 +7.741000002e+01 -6.9565e-01 +1.2497e-01
6655 0 +1.989648979e-08 +7.741000002e+01 +7.741000002e+01 -6.9567e-01 +1.2497e-01
6731 0 +1.777669922e-08 +7.741000002e+01 +7.741000002e+01 -6.9569e-01 +1.2497e-01
6799 0 +1.574368014e-08 +7.741000002e+01 +7.741000002e+01 -6.9571e-01 +1.2497e-01
6863 0 +1.412324480e-08 +7.741000001e+01 +7.741000001e+01 -6.9572e-01 +1.2496e-01
6927 0 +1.250968751e-08 +7.741000001e+01 +7.741000001e+01 -6.9574e-01 +1.2496e-01
6983 0 +1.118830539e-08 +7.741000001e+01 +7.741000001e+01 -6.9575e-01 +1.2496e-01
7039 0 +9.941302892e-09 +7.741000001e+01 +7.741000001e+01 -6.9576e-01 +1.2496e-01
20000 0 +5.371703082e-12 +7.741000000e+01 +7.741000000e+01 -6.9598e-01 +1.2493e-01
