% f evaluations | g evaluations | best noise-free fitness - Fopt (1.491500000000e+02) + sum g_i+ | measured fitness | best measured fitness or single-digit g-values | x1 | x2...
1 0 +1.158387621e+05 +1.159879121e+05 +1.159879121e+05
4 0 +6.429015209e+04 +6.443930209e+04 +6.443930209e+04
25 0 +6.149002909e+04 +6.163917909e+04 +6.163917909e+04
28 0 +5.501006294e+04 +5.515921294e+04 +5.515921294e+04
1268 0 +4.999504668e+04 +5.014419668e+04 +5.014419668e+04
1271 0 +3.900133234e+04 +3.915048234e+04 +3.915048234e+04
1277 0 +3.524370887e+04 +3.539285887e+04 +3.539285887e+04
1279 0 +2.364389766e+04 +2.379304766e+04 +2.379304766e+04
1291 0 +1.993995407e+04 +2.008910407e+04 +2.008910407e+04
1321 0 +1.653821723e+04 +1.668736723e+04 +1.668736723e+04
1329 0 +1.330828736e+04 +1.345743736e+04 +1.345743736e+04
1343 0 +1.122492164e+04 +1.137407164e+04 +1.137407164e+04
1345 0 +9.191915663e+03 +9.341065663e+03 +9.341065663e+03
1351 0 +7.069677664e+03 +7.218827664e+03 +7.218827664e+03
1359 0 +4.996683354e+03 +5.145833354e+03 +5.145833354e+03
1370 0 +4.228466450e+03 +4.377616450e+03 +4.377616450e+03
1371 0 +3.835542856e+03 +3.984692856e+03 +3.984692856e+03
1399 0 +3.418838531e+03 +3.567988531e+03 +3.567988531e+03
1428 0 +2.984904894e+03 +3.134054894e+03 +3.134054894e+03
1437 0 +2.659239661e+03 +2.808389661e+03 +2.808389661e+03
1477 0 +2.446816476e+03 +2.595966476e+03 +2.595966476e+03
1515 0 +1.901917785e+03 +2.051067785e+03 +2.051067785e+03
1629 0 +1.755334165e+03 +1.904484165e+03 +1.904484165e+03
1631 0 +1.530333591e+03 +1.679483591e+03 +1.679483591e+03
1633 0 +1.376968505e+03 +1.526118505e+03 +1.526118505e+03
1647 0 +1.242625070e+03 +1.391775070e+03 +1.391775070e+03
1649 0 +9.796655645e+02 +1.128815565e+03 +1.128815565e+03
1651 0 +8.789959173e+02 +1.028145917e+03 +1.028145917e+03
1663 0 +7.845509827e+02 +9.337009827e+02 +9.337009827e+02
1671 0 +6.712765511e+02 +8.204265511e+02 +8.204265511e+02
1741 0 +6.274385359e+02 +7.765885359e+02 +7.765885359e+02
1819 0 +5.192881017e+02 +6.684381017e+02 +6.684381017e+02
1897 0 +4.834906270e+02 +6.326406270e+02 +6.326406270e+02
2025 0 +4.447616437e+02 +5.939116437e+02 +5.939116437e+02
2049 0 +3.882284303e+02 +5.373784303e+02 +5.373784303e+02
2067 0 +3.523685980e+02 +5.015185980e+02 +5.015185980e+02
2078 0 +2.998987431e+02 +4.490487431e+02 +4.490487431e+02
2113 0 +2.762799479e+02 +4.254299479e+02 +4.254299479e+02
2200 0 +2.505939685e+02 +3.997439685e+02 +3.997439685e+02
2433 0 +2.180664564e+02 +3.672164564e+02 +3.672164564e+02
2682 0 +1.988995066e+02 +3.480495066e+02 +3.480495066e+02
2702 0 +1.774381030e+02 +3.265881030e+02 +3.265881030e+02
2760 0 +1.563912123e+02 +3.055412123e+02 +3.055412123e+02
2814 0 +1.379911093e+02 +2.871411093e+02 +2.871411093e+02
2888 0 +1.234174286e+02 +2.725674286e+02 +2.725674286e+02
2996 0 +1.116862959e+02 +2.608362959e+02 +2.608362959e+02
3290 0 +9.997191098e+01 +2.491219110e+02 +2.491219110e+02
3368 0 +8.675016306e+01 +2.359001631e+02 +2.359001631e+02
3448 0 +7.722481007e+01 +2.263748101e+02 +2.263748101e+02
3974 0 +7.075824664e+01 +2.199082466e+02 +2.199082466e+02
14112 0 +6.308248213e+01 +2.122324821e+02 +2.122324821e+02
16432 0 +5.613232076e+01 +2.052823208e+02 +2.052823208e+02
17950 0 +5.005320415e+01 +1.992032042e+02 +1.992032042e+02
19072 0 +4.459507992e+01 +1.937450799e+02 +1.937450799e+02
20032 0 +3.964563657e+01 +1.887956366e+02 +1.887956366e+02
20832 0 +3.529608039e+01 +1.844460804e+02 +1.844460804e+02
21550 0 +3.153571648e+01 +1.806857165e+02 +1.806857165e+02
22112 0 +2.810087632e+01 +1.772508763e+02 +1.772508763e+02
22672 0 +2.489973092e+01 +1.740497309e+02 +1.740497309e+02
23152 0 +2.220188965e+01 +1.713518897e+02 +1.713518897e+02
23630 0 +1.983790610e+01 +1.689879061e+02 +1.689879061e+02
24030 0 +1.767929082e+01 +1.668292908e+02 +1.668292908e+02
24352 0 +1.571537379e+01 +1.648653738e+02 +1.648653738e+02
24672 0 +1.408952232e+01 +1.632395223e+02 +1.632395223e+02
24992 0 +1.252291269e+01 +1.616729127e+02 +1.616729127e+02
25312 0 +1.102815391e+01 +1.601781539e+02 +1.601781539e+02
25552 0 +9.955145443e+00 +1.591051454e+02 +1.591051454e+02
25870 0 +8.851048696e+00 +1.580010487e+02 +1.580010487e+02
26108 0 +7.939314169e+00 +1.570893142e+02 +1.570893142e+02
26272 0 +7.031921862e+00 +1.561819219e+02 +1.561819219e+02
26512 0 +6.163475495e+00 +1.553134755e+02 +1.553134755e+02
26748 0 +5.623407911e+00 +1.547734079e+02 +1.547734079e+02
26912 0 +4.868343021e+00 +1.540183430e+02 +1.540183430e+02
27072 0 +4.404389096e+00 +1.535543891e+02 +1.535543891e+02
27232 0 +3.974775597e+00 +1.531247756e+02 +1.531247756e+02
27472 0 +3.371384560e+00 +1.525213846e+02 +1.525213846e+02
27632 0 +2.991289041e+00 +1.521412890e+02 +1.521412890e+02
27712 0 +2.817817969e+00 +1.519678180e+02 +1.519678180e+02
27872 0 +2.480875540e+00 +1.516308755e+02 +1.516308755e+02
28032 0 +2.177063510e+00 +1.513270635e+02 +1.513270635e+02
28192 0 +1.898861769e+00 +1.510488618e+02 +1.510488618e+02
28274 0 +1.777363599e+00 +1.509273636e+02 +1.509273636e+02
28432 0 +1.548212595e+00 +1.506982126e+02 +1.506982126e+02
28592 0 +1.355087537e+00 +1.505050875e+02 +1.505050875e+02
28752 0 +1.193304272e+00 +1.503433043e+02 +1.503433043e+02
28832 0 +1.111181616e+00 +1.502611816e+02 +1.502611816e+02
28992 0 +9.866287697e-01 +1.501366288e+02 +1.501366288e+02
29152 0 +8.889149011e-01 +1.500389149e+02 +1.500389149e+02
29656 0 +7.928345952e-01 +1.499428346e+02 +1.499428346e+02
47521 0 +7.078066625e-01 +1.498578067e+02 +1.498578067e+02
72161 0 +6.308813819e-01 +1.497808814e+02 +1.497808814e+02
94881 0 +5.622220123e-01 +1.497122220e+02 +1.497122220e+02
115761 0 +5.011238300e-01 +1.496511238e+02 +1.496511238e+02
135041 0 +4.465232984e-01 +1.495965233e+02 +1.495965233e+02
152721 0 +3.979127204e-01 +1.495479127e+02 +1.495479127e+02
169041 0 +3.546337936e-01 +1.495046338e+02 +1.495046338e+02
184079 0 +3.162182453e-01 +1.494662182e+02 +1.494662182e+02
198001 0 +2.817436432e-01 +1.494317436e+02 +1.494317436e+02
210881 0 +2.511366128e-01 +1.494011366e+02 +1.494011366e+02
222801 0 +2.238402462e-01 +1.493738402e+02 +1.493738402e+02
233921 0 +1.993517698e-01 +1.493493518e+02 +1.493493518e+02
244081 0 +1.777504722e-01 +1.493277505e+02 +1.493277505e+02
253679 0 +1.584648784e-01 +1.493084649e+02 +1.493084649e+02
262401 0 +1.411936013e-01 +1.492911936e+02 +1.492911936e+02
270561 0 +1.258263391e-01 +1.492758263e+02 +1.492758263e+02
278315 0 +1.121232370e-01 +1.492621232e+02 +1.492621232e+02
285281 0 +9.985844423e-02 +1.492498584e+02 +1.492498584e+02
291917 0 +8.908812917e-02 +1.492390881e+02 +1.492390881e+02
298153 0 +7.934618776e-02 +1.492293462e+02 +1.492293462e+02
303839 0 +7.074034075e-02 +1.492207403e+02 +1.492207403e+02
309201 0 +6.303503022e-02 +1.492130350e+02 +1.492130350e+02
315921 0 +5.620781621e-02 +1.492062078e+02 +1.492062078e+02
325201 0 +5.010578325e-02 +1.492001058e+02 +1.492001058e+02
333919 0 +4.465890492e-02 +1.491946589e+02 +1.491946589e+02
341921 0 +3.979610283e-02 +1.491897961e+02 +1.491897961e+02
349597 0 +3.546612782e-02 +1.491854661e+02 +1.491854661e+02
356641 0 +3.159993468e-02 +1.491815999e+02 +1.491815999e+02
363281 0 +2.816396687e-02 +1.491781640e+02 +1.491781640e+02
369441 0 +2.510512296e-02 +1.491751051e+02 +1.491751051e+02
375437 0 +2.238134860e-02 +1.491723813e+02 +1.491723813e+02
380881 0 +1.994259624e-02 +1.491699426e+02 +1.491699426e+02
385921 0 +1.778098431e-02 +1.491677810e+02 +1.491677810e+02
390721 0 +1.582819423e-02 +1.491658282e+02 +1.491658282e+02
395201 0 +1.411338329e-02 +1.491641134e+02 +1.491641134e+02
399441 0 +1.258541103e-02 +1.491625854e+02 +1.491625854e+02
400000 0 +1.250215310e-02 +1.491625022e+02 +1.491625022e+02
% f evaluations | g evaluations | best noise-free fitness - Fopt (-1.000000000000e+03) + sum g_i+ | measured fitness | best measured fitness or single-digit g-values | x1 | x2...
1 0 +1.084603624e+05 +1.074603624e+05 +1.074603624e+05
2 0 +8.610088268e+04 +8.510088268e+04 +8.510088268e+04
4 0 +5.829546282e+04 +5.729546282e+04 +5.729546282e+04
1232 0 +5.620641217e+04 +5.520641217e+04 +5.520641217e+04
1237 0 +4.531577650e+04 +4.431577650e+04 +4.431577650e+04
1239 0 +4.266802846e+04 +4.166802846e+04 +4.166802846e+04
1241 0 +3.907449911e+04 +3.807449911e+04 +3.807449911e+04
1255 0 +3.466026454e+04 +3.366026454e+04 +3.366026454e+04
1269 0 +2.268675430e+04 +2.168675430e+04 +2.168675430e+04
1272 0 +2.131379001e+04 +2.031379001e+04 +2.031379001e+04
1278 0 +1.844176895e+04 +1.744176895e+04 +1.744176895e+04
1283 0 +1.603747257e+04 +1.503747257e+04 +1.503747257e+04
1288 0 +1.579559080e+04 +1.479559080e+04 +1.479559080e+04
1309 0 +1.004204793e+04 +9.042047930e+03 +9.042047930e+03
1317 0 +7.492674801e+03 +6.492674801e+03 +6.492674801e+03
1321 0 +6.745366812e+03 +5.745366812e+03 +5.745366812e+03
1347 0 +5.834718869e+03 +4.834718869e+03 +4.834718869e+03
1349 0 +2.981238945e+03 +1.981238945e+03 +1.981238945e+03
1354 0 +2.749525510e+03 +1.749525510e+03 +1.749525510e+03
1358 0 +2.501314931e+03 +1.501314931e+03 +1.501314931e+03
1369 0 +1.962017989e+03 +9.620179888e+02 +9.620179888e+02
1389 0 +1.621676965e+03 +6.216769649e+02 +6.216769649e+02
1397 0 +1.476742259e+03 +4.767422587e+02 +4.767422587e+02
1417 0 +1.407323270e+03 +4.073232701e+02 +4.073232701e+02
1475 0 +1.108291469e+03 +1.082914694e+02 +1.082914694e+02
1623 0 +9.921728258e+02 -7.827174152e+00 -7.827174152e+00
1796 0 +8.874168041e+02 -1.125831959e+02 -1.125831959e+02
1829 0 +7.648905478e+02 -2.351094522e+02 -2.351094522e+02
1840 0 +6.809266092e+02 -3.190733908e+02 -3.190733908e+02
1841 0 +5.959740983e+02 -4.040259017e+02 -4.040259017e+02
1855 0 +5.589192645e+02 -4.410807355e+02 -4.410807355e+02
2020 0 +4.997445070e+02 -5.002554930e+02 -5.002554930e+02
2067 0 +4.378790540e+02 -5.621209460e+02 -5.621209460e+02
2077 0 +3.972358936e+02 -6.027641064e+02 -6.027641064e+02
2109 0 +3.482027133e+02 -6.517972867e+02 -6.517972867e+02
2187 0 +3.161351831e+02 -6.838648169e+02 -6.838648169e+02
2241 0 +2.737547252e+02 -7.262452748e+02 -7.262452748e+02
2400 0 +2.471693697e+02 -7.528306303e+02 -7.528306303e+02
2480 0 +2.214203165e+02 -7.785796835e+02 -7.785796835e+02
2560 0 +1.986977958e+02 -8.013022042e+02 -8.013022042e+02
2651 0 +1.776624195e+02 -8.223375805e+02 -8.223375805e+02
2808 0 +1.583066905e+02 -8.416933095e+02 -8.416933095e+02
3025 0 +1.409705306e+02 -8.590294694e+02 -8.590294694e+02
3345 0 +1.251163849e+02 -8.748836151e+02 -8.748836151e+02
3507 0 +1.119806340e+02 -8.880193660e+02 -8.880193660e+02
3669 0 +9.882482536e+01 -9.011751746e+02 -9.011751746e+02
4145 0 +8.905377365e+01 -9.109462264e+02 -9.109462264e+02
10591 0 +7.940269066e+01 -9.205973093e+02 -9.205973093e+02
12831 0 +7.075907704e+01 -9.292409230e+02 -9.292409230e+02
14361 0 +6.309300660e+01 -9.369069934e+02 -9.369069934e+02
15641 0 +5.622423147e+01 -9.437757685e+02 -9.437757685e+02
16761 0 +5.009537887e+01 -9.499046211e+02 -9.499046211e+02
17873 0 +4.459697371e+01 -9.554030263e+02 -9.554030263e+02
18915 0 +3.981050581e+01 -9.601894942e+02 -9.601894942e+02
20039 0 +3.544607303e+01 -9.645539270e+02 -9.645539270e+02
21622 0 +3.162234948e+01 -9.683776505e+02 -9.683776505e+02
33386 0 +2.818235012e+01 -9.718176499e+02 -9.718176499e+02
48350 0 +2.511220059e+01 -9.748877994e+02 -9.748877994e+02
61874 0 +2.237768865e+01 -9.776223113e+02 -9.776223113e+02
73798 0 +1.995137801e+01 -9.800486220e+02 -9.800486220e+02
84524 0 +1.778066829e+01 -9.822193317e+02 -9.822193317e+02
94048 0 +1.583608479e+01 -9.841639152e+02 -9.841639152e+02
102612 0 +1.412466293e+01 -9.858753371e+02 -9.858753371e+02
110134 0 +1.258241002e+01 -9.874175900e+02 -9.874175900e+02
116778 0 +1.121029233e+01 -9.887897077e+02 -9.887897077e+02
122862 0 +9.998694612e+00 -9.900013054e+02 -9.900013054e+02
128302 0 +8.903735659e+00 -9.910962643e+02 -9.910962643e+02
133024 0 +7.937424188e+00 -9.920625758e+02 -9.920625758e+02
137344 0 +7.077660388e+00 -9.929223396e+02 -9.929223396e+02
141108 0 +6.304513112e+00 -9.936954869e+02 -9.936954869e+02
144468 0 +5.616641899e+00 -9.943833581e+02 -9.943833581e+02
147514 0 +5.011328136e+00 -9.949886719e+02 -9.949886719e+02
150226 0 +4.462826853e+00 -9.955371731e+02 -9.955371731e+02
152630 0 +3.980517103e+00 -9.960194829e+02 -9.960194829e+02
154712 0 +3.546053430e+00 -9.964539466e+02 -9.964539466e+02
156714 0 +3.157040499e+00 -9.968429595e+02 -9.968429595e+02
158392 0 +2.817387707e+00 -9.971826123e+02 -9.971826123e+02
159836 0 +2.507021875e+00 -9.974929781e+02 -9.974929781e+02
161196 0 +2.235295741e+00 -9.977647043e+02 -9.977647043e+02
162476 0 +1.993894071e+00 -9.980061059e+02 -9.980061059e+02
163676 0 +1.773352552e+00 -9.982266474e+02 -9.982266474e+02
164550 0 +1.584806534e+00 -9.984151935e+02 -9.984151935e+02
165440 0 +1.412158984e+00 -9.985878410e+02 -9.985878410e+02
166318 0 +1.257023836e+00 -9.987429762e+02 -9.987429762e+02
167198 0 +1.114479985e+00 -9.988855200e+02 -9.988855200e+02
167998 0 +9.983186617e-01 -9.990016813e+02 -9.990016813e+02
168718 0 +8.862170170e-01 -9.991137830e+02 -9.991137830e+02
169358 0 +7.887114931e-01 -9.992112885e+02 -9.992112885e+02
170150 0 +7.070059281e-01 -9.992929941e+02 -9.992929941e+02
171116 0 +6.300956828e-01 -9.993699043e+02 -9.993699043e+02
172400 0 +5.607368211e-01 -9.994392632e+02 -9.994392632e+02
173600 0 +5.004104668e-01 -9.994995895e+02 -9.994995895e+02
174880 0 +4.449181003e-01 -9.995550819e+02 -9.995550819e+02
176000 0 +3.974966869e-01 -9.996025033e+02 -9.996025033e+02
177200 0 +3.544813724e-01 -9.996455186e+02 -9.996455186e+02
178238 0 +3.157952934e-01 -9.996842047e+02 -9.996842047e+02
179360 0 +2.815024686e-01 -9.997184975e+02 -9.997184975e+02
180402 0 +2.508194807e-01 -9.997491805e+02 -9.997491805e+02
181922 0 +2.235723107e-01 -9.997764277e+02 -9.997764277e+02
184078 0 +1.993473474e-01 -9.998006527e+02 -9.998006527e+02
186240 0 +1.777633476e-01 -9.998222367e+02 -9.998222367e+02
188242 0 +1.580217548e-01 -9.998419782e+02 -9.998419782e+02
190314 0 +1.410010270e-01 -9.998589990e+02 -9.998589990e+02
192400 0 +1.258617537e-01 -9.998741382e+02 -9.998741382e+02
194158 0 +1.121896398e-01 -9.998878104e+02 -9.998878104e+02
196082 0 +9.994073900e-02 -9.999000593e+02 -9.999000593e+02
197984 0 +8.905406929e-02 -9.999109459e+02 -9.999109459e+02
200002 0 +7.933359921e-02 -9.999206664e+02 -9.999206664e+02
203440 0 +7.075892252e-02 -9.999292411e+02 -9.999292411e+02
206562 0 +6.300133616e-02 -9.999369987e+02 -9.999369987e+02
209680 0 +5.622409487e-02 -9.999437759e+02 -9.999437759e+02
212562 0 +5.001320957e-02 -9.999499868e+02 -9.999499868e+02
215440 0 +4.466824143e-02 -9.999553318e+02 -9.999553318e+02
218082 0 +3.974067773e-02 -9.999602593e+02 -9.999602593e+02
220800 0 +3.546805742e-02 -9.999645319e+02 -9.999645319e+02
223436 0 +3.157837746e-02 -9.999684216e+02 -9.999684216e+02
226322 0 +2.814660199e-02 -9.999718534e+02 -9.999718534e+02
230882 0 +2.509880947e-02 -9.999749012e+02 -9.999749012e+02
235042 0 +2.238529218e-02 -9.999776147e+02 -9.999776147e+02
239202 0 +1.993980653e-02 -9.999800602e+02 -9.999800602e+02
243122 0 +1.776786832e-02 -9.999822321e+02 -9.999822321e+02
246882 0 +1.582557192e-02 -9.999841744e+02 -9.999841744e+02
250562 0 +1.411332333e-02 -9.999858867e+02 -9.999858867e+02
253762 0 +1.257169722e-02 -9.999874283e+02 -9.999874283e+02
257042 0 +1.120603202e-02 -9.999887940e+02 -9.999887940e+02
260263 0 +9.998897717e-03 -9.999900011e+02 -9.999900011e+02
265122 0 +8.911386354e-03 -9.999910886e+02 -9.999910886e+02
270642 0 +7.939084739e-03 -9.999920609e+02 -9.999920609e+02
276076 0 +7.077280795e-03 -9.999929227e+02 -9.999929227e+02
280802 0 +6.308295439e-03 -9.999936917e+02 -9.999936917e+02
285522 0 +5.620923478e-03 -9.999943791e+02 -9.999943791e+02
289998 0 +5.008769888e-03 -9.999949912e+02 -9.999949912e+02
294162 0 +4.462184336e-03 -9.999955378e+02 -9.999955378e+02
298162 0 +3.980694845e-03 -9.999960193e+02 -9.999960193e+02
302082 0 +3.546124754e-03 -9.999964539e+02 -9.999964539e+02
305600 0 +3.159247307e-03 -9.999968408e+02 -9.999968408e+02
309038 0 +2.816307767e-03 -9.999971837e+02 -9.999971837e+02
312398 0 +2.510533228e-03 -9.999974895e+02 -9.999974895e+02
315280 0 +2.235837959e-03 -9.999977642e+02 -9.999977642e+02
319762 0 +1.993091788e-03 -9.999980069e+02 -9.999980069e+02
325202 0 +1.777888156e-03 -9.999982221e+02 -9.999982221e+02
330402 0 +1.584635761e-03 -9.999984154e+02 -9.999984154e+02
335282 0 +1.412182961e-03 -9.999985878e+02 -9.999985878e+02
339842 0 +1.258254430e-03 -9.999987417e+02 -9.999987417e+02
344242 0 +1.121151400e-03 -9.999988788e+02 -9.999988788e+02
348482 0 +9.989990681e-04 -9.999990010e+02 -9.999990010e+02
352398 0 +8.910294849e-04 -9.999991090e+02 -9.999991090e+02
356082 0 +7.938022580e-04 -9.999992062e+02 -9.999992062e+02
359600 0 +7.078673873e-04 -9.999992921e+02 -9.999992921e+02
362882 0 +6.307118726e-04 -9.999993693e+02 -9.999993693e+02
366402 0 +5.620108163e-04 -9.999994380e+02 -9.999994380e+02
372242 0 +5.008334358e-04 -9.999994992e+02 -9.999994992e+02
377918 0 +4.466750347e-04 -9.999995533e+02 -9.999995533e+02
383122 0 +3.974166916e-04 -9.999996026e+02 -9.999996026e+02
388240 0 +3.548122403e-04 -9.999996452e+02 -9.999996452e+02
392882 0 +3.155694644e-04 -9.999996844e+02 -9.999996844e+02
397362 0 +2.813205789e-04 -9.999997187e+02 -9.999997187e+02
400000 0 +2.619729866e-04 -9.999997380e+02 -9.999997380e+02
% f evaluations | g evaluations | best noise-free fitness - Fopt (9.862000000000e+01) + sum g_i+ | measured fitness | best measured fitness or single-digit g-values | x1 | x2...
1 0 +1.510133484e+05 +1.511119684e+05 +1.511119684e+05
2 0 +1.509721171e+05 +1.510707371e+05 +1.510707371e+05
4 0 +8.621388938e+04 +8.631250938e+04 +8.631250938e+04
82 0 +7.867783399e+04 +7.877645399e+04 +7.877645399e+04
232 0 +6.881303947e+04 +6.891165947e+04 +6.891165947e+04
1257 0 +6.212260976e+04 +6.222122976e+04 +6.222122976e+04
1265 0 +5.584515321e+04 +5.594377321e+04 +5.594377321e+04
1275 0 +4.399462662e+04 +4.409324662e+04 +4.409324662e+04
1279 0 +2.975222950e+04 +2.985084950e+04 +2.985084950e+04
1283 0 +2.798470644e+04 +2.808332644e+04 +2.808332644e+04
1297 0 +2.325399271e+04 +2.335261271e+04 +2.335261271e+04
1299 0 +1.993520992e+04 +2.003382992e+04 +2.003382992e+04
1309 0 +1.585910238e+04 +1.595772238e+04 +1.595772238e+04
1311 0 +1.452582242e+04 +1.462444242e+04 +1.462444242e+04
1313 0 +1.296301570e+04 +1.306163570e+04 +1.306163570e+04
1331 0 +1.082940041e+04 +1.092802041e+04 +1.092802041e+04
1347 0 +9.165434593e+03 +9.264054593e+03 +9.264054593e+03
1355 0 +6.785306054e+03 +6.883926054e+03 +6.883926054e+03
1359 0 +3.581204729e+03 +3.679824729e+03 +3.679824729e+03
1362 0 +3.239209380e+03 +3.337829380e+03 +3.337829380e+03
1368 0 +3.048018984e+03 +3.146638984e+03 +3.146638984e+03
1391 0 +2.770369026e+03 +2.868989026e+03 +2.868989026e+03
1411 0 +2.405223791e+03 +2.503843791e+03 +2.503843791e+03
1464 0 +1.988500498e+03 +2.087120498e+03 +2.087120498e+03
1467 0 +1.556762140e+03 +1.655382140e+03 +1.655382140e+03
1545 0 +1.400065908e+03 +1.498685908e+03 +1.498685908e+03
1777 0 +1.113590406e+03 +1.212210406e+03 +1.212210406e+03
1779 0 +8.244557807e+02 +9.230757807e+02 +9.230757807e+02
1791 0 +7.940208030e+02 +8.926408030e+02 +8.926408030e+02
1837 0 +6.294067871e+02 +7.280267871e+02 +7.280267871e+02
1900 0 +5.361891896e+02 +6.348091896e+02 +6.348091896e+02
1915 0 +4.711736190e+02 +5.697936190e+02 +5.697936190e+02
1993 0 +3.771183697e+02 +4.757383697e+02 +4.757383697e+02
2015 0 +3.046975934e+02 +4.033175934e+02 +4.033175934e+02
2173 0 +2.676160791e+02 +3.662360791e+02 +3.662360791e+02
2206 0 +2.487066862e+02 +3.473266862e+02 +3.473266862e+02
2230 0 +2.165176756e+02 +3.151376756e+02 +3.151376756e+02
2244 0 +1.992281558e+02 +2.978481558e+02 +2.978481558e+02
2248 0 +1.755334771e+02 +2.741534771e+02 +2.741534771e+02
2324 0 +1.542402530e+02 +2.528602530e+02 +2.528602530e+02
2404 0 +1.397668304e+02 +2.383868304e+02 +2.383868304e+02
2587 0 +1.248773504e+02 +2.234973504e+02 +2.234973504e+02
2626 0 +1.077430447e+02 +2.063630447e+02 +2.063630447e+02
2650 0 +9.655969685e+01 +1.951796968e+02 +1.951796968e+02
3017 0 +8.808175894e+01 +1.867017589e+02 +1.867017589e+02
3268 0 +7.923593241e+01 +1.778559324e+02 +1.778559324e+02
19246 0 +7.079285330e+01 +1.694128533e+02 +1.694128533e+02
33720 0 +6.309134552e+01 +1.617113455e+02 +1.617113455e+02
36040 0 +5.617433872e+01 +1.547943387e+02 +1.547943387e+02
37556 0 +5.005539276e+01 +1.486753928e+02 +1.486753928e+02
38676 0 +4.460394307e+01 +1.432239431e+02 +1.432239431e+02
39558 0 +3.967039185e+01 +1.382903918e+02 +1.382903918e+02
40358 0 +3.522715946e+01 +1.338471595e+02 +1.338471595e+02
40998 0 +3.161369265e+01 +1.302336926e+02 +1.302336926e+02
41638 0 +2.805359170e+01 +1.266735917e+02 +1.266735917e+02
42198 0 +2.493026562e+01 +1.235502656e+02 +1.235502656e+02
42678 0 +2.230219877e+01 +1.209221988e+02 +1.209221988e+02
43158 0 +1.971122053e+01 +1.183312205e+02 +1.183312205e+02
43558 0 +1.760807167e+01 +1.162280717e+02 +1.162280717e+02
43958 0 +1.558962102e+01 +1.142096210e+02 +1.142096210e+02
44278 0 +1.402365586e+01 +1.126436559e+02 +1.126436559e+02
44598 0 +1.252782336e+01 +1.111478234e+02 +1.111478234e+02
44918 0 +1.109832752e+01 +1.097183275e+02 +1.097183275e+02
45238 0 +9.754047315e+00 +1.083740473e+02 +1.083740473e+02
45478 0 +8.803739618e+00 +1.074237396e+02 +1.074237396e+02
45718 0 +7.895578830e+00 +1.065155788e+02 +1.065155788e+02
45958 0 +7.018079012e+00 +1.056380790e+02 +1.056380790e+02
46198 0 +6.172823113e+00 +1.047928231e+02 +1.047928231e+02
46438 0 +5.398904164e+00 +1.040189042e+02 +1.040189042e+02
46598 0 +4.882485097e+00 +1.035024851e+02 +1.035024851e+02
46758 0 +4.409012521e+00 +1.030290125e+02 +1.030290125e+02
46918 0 +3.958346586e+00 +1.025783466e+02 +1.025783466e+02
47078 0 +3.521162153e+00 +1.021411622e+02 +1.021411622e+02
47238 0 +3.108842095e+00 +1.017288421e+02 +1.017288421e+02
47398 0 +2.718816551e+00 +1.013388166e+02 +1.013388166e+02
47558 0 +2.349761609e+00 +1.009697616e+02 +1.009697616e+02
47638 0 +2.183957492e+00 +1.008039575e+02 +1.008039575e+02
47798 0 +1.866857785e+00 +1.004868578e+02 +1.004868578e+02
47878 0 +1.718861591e+00 +1.003388616e+02 +1.003388616e+02
47958 0 +1.580772005e+00 +1.002007720e+02 +1.002007720e+02
48118 0 +1.319834542e+00 +9.993983454e+01 +9.993983454e+01
48198 0 +1.203853823e+00 +9.982385382e+01 +9.982385382e+01
48278 0 +1.085510781e+00 +9.970551078e+01 +9.970551078e+01
48358 0 +9.761698551e-01 +9.959616986e+01 +9.959616986e+01
48438 0 +8.849774128e-01 +9.950497741e+01 +9.950497741e+01
48518 0 +7.919256831e-01 +9.941192568e+01 +9.941192568e+01
48676 0 +7.047286475e-01 +9.932472865e+01 +9.932472865e+01
48758 0 +5.821117428e-01 +9.920211174e+01 +9.920211174e+01
48838 0 +5.148673959e-01 +9.913486740e+01 +9.913486740e+01
48918 0 +4.680923440e-01 +9.908809234e+01 +9.908809234e+01
48998 0 +4.296666453e-01 +9.904966665e+01 +9.904966665e+01
49158 0 +3.821846451e-01 +9.900218465e+01 +9.900218465e+01
49620 0 +3.540061887e-01 +9.897400619e+01 +9.897400619e+01
52801 0 +3.161938367e-01 +9.893619384e+01 +9.893619384e+01
66721 0 +2.816822987e-01 +9.890168230e+01 +9.890168230e+01
79601 0 +2.511150246e-01 +9.887111502e+01 +9.887111502e+01
91521 0 +2.237513449e-01 +9.884375134e+01 +9.884375134e+01
102641 0 +1.994588469e-01 +9.881945885e+01 +9.881945885e+01
112801 0 +1.777874380e-01 +9.879778744e+01 +9.879778744e+01
122241 0 +1.584624244e-01 +9.877846242e+01 +9.877846242e+01
131121 0 +1.411966331e-01 +9.876119663e+01 +9.876119663e+01
139361 0 +1.257919989e-01 +9.874579200e+01 +9.874579200e+01
146961 0 +1.121989746e-01 +9.873219897e+01 +9.873219897e+01
154161 0 +9.998479049e-02 +9.871998479e+01 +9.871998479e+01
160641 0 +8.908893245e-02 +9.870908893e+01 +9.870908893e+01
166801 0 +7.938883603e-02 +9.869938884e+01 +9.869938884e+01
175361 0 +7.076906107e-02 +9.869076906e+01 +9.869076906e+01
186001 0 +6.303603871e-02 +9.868303604e+01 +9.868303604e+01
195921 0 +5.619252162e-02 +9.867619252e+01 +9.867619252e+01
205281 0 +5.009350967e-02 +9.867009351e+01 +9.867009351e+01
213921 0 +4.464667946e-02 +9.866464668e+01 +9.866464668e+01
222159 0 +3.979576342e-02 +9.865979576e+01 +9.865979576e+01
229599 0 +3.547590990e-02 +9.865547591e+01 +9.865547591e+01
236801 0 +3.160922724e-02 +9.865160923e+01 +9.865160923e+01
243359 0 +2.817505172e-02 +9.864817505e+01 +9.864817505e+01
249673 0 +2.511132460e-02 +9.864511132e+01 +9.864511132e+01
255361 0 +2.236009419e-02 +9.864236009e+01 +9.864236009e+01
260881 0 +1.993770417e-02 +9.863993770e+01 +9.863993770e+01
266079 0 +1.776912445e-02 +9.863776912e+01 +9.863776912e+01
270879 0 +1.583222815e-02 +9.863583223e+01 +9.863583223e+01
275456 0 +1.412169126e-02 +9.863412169e+01 +9.863412169e+01
283201 0 +1.258277840e-02 +9.863258278e+01 +9.863258278e+01
291201 0 +1.121301002e-02 +9.863121301e+01 +9.863121301e+01
298481 0 +9.999067182e-03 +9.862999907e+01 +9.862999907e+01
305521 0 +8.908635700e-03 +9.862890864e+01 +9.862890864e+01
312161 0 +7.938039401e-03 +9.862793804e+01 +9.862793804e+01
318319 0 +7.074881033e-03 +9.862707488e+01 +9.862707488e+01
324081 0 +6.307960779e-03 +9.862630796e+01 +9.862630796e+01
329595 0 +5.619941196e-03 +9.862561994e+01 +9.862561994e+01
334721 0 +5.003765666e-03 +9.862500377e+01 +9.862500377e+01
339599 0 +4.465854086e-03 +9.862446585e+01 +9.862446585e+01
344001 0 +3.980500450e-03 +9.862398050e+01 +9.862398050e+01
348321 0 +3.546423294e-03 +9.862354642e+01 +9.862354642e+01
352321 0 +3.156434988e-03 +9.862315643e+01 +9.862315643e+01
356071 0 +2.818322255e-03 +9.862281832e+01 +9.862281832e+01
359519 0 +2.511649654e-03 +9.862251165e+01 +9.862251165e+01
366081 0 +2.237828445e-03 +9.862223783e+01 +9.862223783e+01
372479 0 +1.994621134e-03 +9.862199462e+01 +9.862199462e+01
378477 0 +1.778245657e-03 +9.862177825e+01 +9.862177825e+01
384001 0 +1.583474752e-03 +9.862158347e+01 +9.862158347e+01
389277 0 +1.412448045e-03 +9.862141245e+01 +9.862141245e+01
394161 0 +1.258728918e-03 +9.862125873e+01 +9.862125873e+01
398879 0 +1.120891019e-03 +9.862112089e+01 +9.862112089e+01
400000 0 +1.090973418e-03 +9.862109097e+01 +9.862109097e+01
% f evaluations | g evaluations | best noise-free fitness - Fopt (-4.715000000000e+01) + sum g_i+ | measured fitness | best measured fitness or single-digit g-values | x1 | x2...
1 0 +1.301648917e+05 +1.301177417e+05 +1.301177417e+05
4 0 +8.129042641e+04 +8.124327641e+04 +8.124327641e+04
22 0 +7.502048484e+04 +7.497333484e+04 +7.497333484e+04
106 0 +7.034403523e+04 +7.029688523e+04 +7.029688523e+04
1255 0 +6.114754645e+04 +6.110039645e+04 +6.110039645e+04
1265 0 +4.654098706e+04 +4.649383706e+04 +4.649383706e+04
1273 0 +3.650260400e+04 +3.645545400e+04 +3.645545400e+04
1276 0 +3.524410352e+04 +3.519695352e+04 +3.519695352e+04
1277 0 +2.452185913e+04 +2.447470913e+04 +2.447470913e+04
1289 0 +2.148840302e+04 +2.144125302e+04 +2.144125302e+04
1305 0 +1.864005234e+04 +1.859290234e+04 +1.859290234e+04
1309 0 +1.584677695e+04 +1.579962695e+04 +1.579962695e+04
1317 0 +1.105669209e+04 +1.100954209e+04 +1.100954209e+04
1345 0 +8.350067712e+03 +8.302917712e+03 +8.302917712e+03
1353 0 +7.100960449e+03 +7.053810449e+03 +7.053810449e+03
1355 0 +6.909279709e+03 +6.862129709e+03 +6.862129709e+03
1357 0 +4.658956206e+03 +4.611806206e+03 +4.611806206e+03
1365 0 +4.227111181e+03 +4.179961181e+03 +4.179961181e+03
1379 0 +3.847964080e+03 +3.800814080e+03 +3.800814080e+03
1391 0 +3.548035498e+03 +3.500885498e+03 +3.500885498e+03
1397 0 +3.139338705e+03 +3.092188705e+03 +3.092188705e+03
1432 0 +2.603232784e+03 +2.556082784e+03 +2.556082784e+03
1443 0 +2.482553128e+03 +2.435403128e+03 +2.435403128e+03
1457 0 +2.197475986e+03 +2.150325986e+03 +2.150325986e+03
1523 0 +1.977402891e+03 +1.930252891e+03 +1.930252891e+03
1613 0 +1.645702048e+03 +1.598552048e+03 +1.598552048e+03
1845 0 +1.574021786e+03 +1.526871786e+03 +1.526871786e+03
1879 0 +1.410412939e+03 +1.363262939e+03 +1.363262939e+03
1891 0 +1.156663917e+03 +1.109513917e+03 +1.109513917e+03
1895 0 +1.025221466e+03 +9.780714663e+02 +9.780714663e+02
1897 0 +9.966305809e+02 +9.494805809e+02 +9.494805809e+02
1899 0 +7.584165002e+02 +7.112665002e+02 +7.112665002e+02
1907 0 +6.321018223e+02 +5.849518223e+02 +5.849518223e+02
1914 0 +6.050795356e+02 +5.579295356e+02 +5.579295356e+02
1953 0 +5.523329314e+02 +5.051829314e+02 +5.051829314e+02
1985 0 +4.355631845e+02 +3.884131845e+02 +3.884131845e+02
2017 0 +3.967568750e+02 +3.496068750e+02 +3.496068750e+02
2070 0 +3.132340233e+02 +2.660840233e+02 +2.660840233e+02
2253 0 +2.816354149e+02 +2.344854149e+02 +2.344854149e+02
2284 0 +2.447297862e+02 +1.975797862e+02 +1.975797862e+02
2304 0 +2.169059218e+02 +1.697559218e+02 +1.697559218e+02
2509 0 +1.973452667e+02 +1.501952667e+02 +1.501952667e+02
2553 0 +1.751570023e+02 +1.280070023e+02 +1.280070023e+02
2779 0 +1.574177287e+02 +1.102677287e+02 +1.102677287e+02
17296 0 +1.412438566e+02 +9.409385660e+01 +9.409385660e+01
37850 0 +1.257609587e+02 +7.861095875e+01 +7.861095875e+01
40728 0 +1.120586518e+02 +6.490865179e+01 +6.490865179e+01
42890 0 +9.996242238e+01 +5.281242238e+01 +5.281242238e+01
44970 0 +8.890283573e+01 +4.175283573e+01 +4.175283573e+01
47290 0 +7.936256580e+01 +3.221256580e+01 +3.221256580e+01
71328 0 +7.078193179e+01 +2.363193179e+01 +2.363193179e+01
78526 0 +6.306655490e+01 +1.591655490e+01 +1.591655490e+01
82286 0 +5.620948746e+01 +9.059487464e+00 +9.059487464e+00
85008 0 +5.002775925e+01 +2.877759245e+00 +2.877759245e+00
87248 0 +4.455941608e+01 -2.590583919e+00 -2.590583919e+00
89168 0 +3.965901185e+01 -7.490988153e+00 -7.490988153e+00
90848 0 +3.532236722e+01 -1.182763278e+01 -1.182763278e+01
92368 0 +3.145671543e+01 -1.569328457e+01 -1.569328457e+01
93728 0 +2.803328810e+01 -1.911671190e+01 -1.911671190e+01
94928 0 +2.507296448e+01 -2.207703552e+01 -2.207703552e+01
96048 0 +2.238217559e+01 -2.476782441e+01 -2.476782441e+01
97168 0 +1.980426780e+01 -2.734573220e+01 -2.734573220e+01
98128 0 +1.769925040e+01 -2.945074960e+01 -2.945074960e+01
99088 0 +1.571307266e+01 -3.143692734e+01 -3.143692734e+01
99968 0 +1.400606363e+01 -3.314393637e+01 -3.314393637e+01
100768 0 +1.257402327e+01 -3.457597673e+01 -3.457597673e+01
101648 0 +1.113304561e+01 -3.601695439e+01 -3.601695439e+01
102448 0 +9.962390702e+00 -3.718760930e+01 -3.718760930e+01
103328 0 +8.852884328e+00 -3.829711567e+01 -3.829711567e+01
104208 0 +7.929417767e+00 -3.922058223e+01 -3.922058223e+01
105328 0 +7.072944830e+00 -4.007705517e+01 -4.007705517e+01
131841 0 +6.309246058e+00 -4.084075394e+01 -4.084075394e+01
217921 0 +5.623242680e+00 -4.152675732e+01 -4.152675732e+01
301281 0 +5.011827813e+00 -4.213817219e+01 -4.213817219e+01
400000 0 +4.679838722e+00 -4.247016128e+01 -4.247016128e+01
% f evaluations | g evaluations | best noise-free fitness - Fopt (3.752000000000e+01) + sum g_i+ | measured fitness | best measured fitness or single-digit g-values | x1 | x2...
1 0 +8.233690987e+04 +8.237442987e+04 +8.237442987e+04
7 0 +7.816654726e+04 +7.820406726e+04 +7.820406726e+04
31 0 +6.919412099e+04 +6.923164099e+04 +6.923164099e+04
194 0 +6.277936848e+04 +6.281688848e+04 +6.281688848e+04
1218 0 +5.428628139e+04 +5.432380139e+04 +5.432380139e+04
1237 0 +4.477831240e+04 +4.481583240e+04 +4.481583240e+04
1239 0 +4.281472704e+04 +4.285224704e+04 +4.285224704e+04
1251 0 +3.549273126e+04 +3.553025126e+04 +3.553025126e+04
1254 0 +3.530533370e+04 +3.534285370e+04 +3.534285370e+04
1267 0 +2.247264520e+04 +2.251016520e+04 +2.251016520e+04
1270 0 +2.151060692e+04 +2.154812692e+04 +2.154812692e+04
1275 0 +1.282196579e+04 +1.285948579e+04 +1.285948579e+04
1278 0 +1.200771194e+04 +1.204523194e+04 +1.204523194e+04
1285 0 +9.877248578e+03 +9.914768578e+03 +9.914768578e+03
1289 0 +8.732616952e+03 +8.770136952e+03 +8.770136952e+03
1311 0 +7.656572431e+03 +7.694092431e+03 +7.694092431e+03
1317 0 +5.857727609e+03 +5.895247609e+03 +5.895247609e+03
1329 0 +5.500769081e+03 +5.538289081e+03 +5.538289081e+03
1344 0 +4.751940477e+03 +4.789460477e+03 +4.789460477e+03
1347 0 +2.771413516e+03 +2.808933516e+03 +2.808933516e+03
1355 0 +1.264023741e+03 +1.301543741e+03 +1.301543741e+03
1364 0 +1.156303875e+03 +1.193823875e+03 +1.193823875e+03
1365 0 +1.043508663e+03 +1.081028663e+03 +1.081028663e+03
1397 0 +9.408550684e+02 +9.783750684e+02 +9.783750684e+02
1426 0 +8.116638074e+02 +8.491838074e+02 +8.491838074e+02
1506 0 +7.771111331e+02 +8.146311331e+02 +8.146311331e+02
1633 0 +6.964388320e+02 +7.339588320e+02 +7.339588320e+02
1635 0 +5.802318913e+02 +6.177518913e+02 +6.177518913e+02
1653 0 +5.005958932e+02 +5.381158932e+02 +5.381158932e+02
1681 0 +4.429907421e+02 +4.805107421e+02 +4.805107421e+02
1744 0 +3.897354137e+02 +4.272554137e+02 +4.272554137e+02
1897 0 +3.355484672e+02 +3.730684672e+02 +3.730684672e+02
1911 0 +2.930806292e+02 +3.306006292e+02 +3.306006292e+02
1913 0 +2.424506214e+02 +2.799706214e+02 +2.799706214e+02
1980 0 +2.172768101e+02 +2.547968101e+02 +2.547968101e+02
1996 0 +1.929872073e+02 +2.305072073e+02 +2.305072073e+02
2115 0 +1.763591133e+02 +2.138791133e+02 +2.138791133e+02
2149 0 +1.543807168e+02 +1.919007168e+02 +1.919007168e+02
2193 0 +1.403330456e+02 +1.778530456e+02 +1.778530456e+02
2271 0 +1.244116935e+02 +1.619316935e+02 +1.619316935e+02
2353 0 +1.090365448e+02 +1.465565448e+02 +1.465565448e+02
2513 0 +9.982647548e+01 +1.373464755e+02 +1.373464755e+02
2717 0 +8.879711883e+01 +1.263171188e+02 +1.263171188e+02
9484 0 +7.943180294e+01 +1.169518029e+02 +1.169518029e+02
35380 0 +7.078832217e+01 +1.083083222e+02 +1.083083222e+02
50350 0 +6.309235900e+01 +1.006123590e+02 +1.006123590e+02
52826 0 +5.619360789e+01 +9.371360789e+01 +9.371360789e+01
54268 0 +5.005707560e+01 +8.757707560e+01 +8.757707560e+01
55386 0 +4.465418437e+01 +8.217418437e+01 +8.217418437e+01
56268 0 +3.966159823e+01 +7.718159823e+01 +7.718159823e+01
56990 0 +3.539567219e+01 +7.291567219e+01 +7.291567219e+01
57706 0 +3.158184838e+01 +6.910184838e+01 +6.910184838e+01
58268 0 +2.801136159e+01 +6.553136159e+01 +6.553136159e+01
58750 0 +2.508577719e+01 +6.260577719e+01 +6.260577719e+01
59230 0 +2.235642855e+01 +5.987642855e+01 +5.987642855e+01
59708 0 +1.982333731e+01 +5.734333731e+01 +5.734333731e+01
60108 0 +1.768090531e+01 +5.520090531e+01 +5.520090531e+01
60508 0 +1.561194945e+01 +5.313194945e+01 +5.313194945e+01
60828 0 +1.400617988e+01 +5.152617988e+01 +5.152617988e+01
61148 0 +1.247560200e+01 +4.999560200e+01 +4.999560200e+01
61468 0 +1.100032585e+01 +4.852032585e+01 +4.852032585e+01
61708 0 +9.942476114e+00 +4.746247611e+01 +4.746247611e+01
62028 0 +8.619865520e+00 +4.613986552e+01 +4.613986552e+01
62268 0 +7.690168603e+00 +4.521016860e+01 +4.521016860e+01
62508 0 +6.811244628e+00 +4.433124463e+01 +4.433124463e+01
62668 0 +6.263984305e+00 +4.378398431e+01 +4.378398431e+01
62908 0 +5.437411730e+00 +4.295741173e+01 +4.295741173e+01
63068 0 +4.933364508e+00 +4.245336451e+01 +4.245336451e+01
63228 0 +4.445127156e+00 +4.196512716e+01 +4.196512716e+01
63388 0 +3.973057395e+00 +4.149305740e+01 +4.149305740e+01
63548 0 +3.522917709e+00 +4.104291771e+01 +4.104291771e+01
63708 0 +3.098434010e+00 +4.061843401e+01 +4.061843401e+01
63868 0 +2.715326083e+00 +4.023532608e+01 +4.023532608e+01
63962 0 +2.507339183e+00 +4.002733918e+01 +4.002733918e+01
64108 0 +2.131186783e+00 +3.965118678e+01 +3.965118678e+01
64188 0 +1.966688349e+00 +3.948668835e+01 +3.948668835e+01
64348 0 +1.651811599e+00 +3.917181160e+01 +3.917181160e+01
64428 0 +1.502729995e+00 +3.902272999e+01 +3.902272999e+01
64508 0 +1.365834664e+00 +3.888583466e+01 +3.888583466e+01
64588 0 +1.227679646e+00 +3.874767965e+01 +3.874767965e+01
64668 0 +1.100520578e+00 +3.862052058e+01 +3.862052058e+01
64748 0 +9.672454923e-01 +3.848724549e+01 +3.848724549e+01
64828 0 +8.597179516e-01 +3.837971795e+01 +3.837971795e+01
64908 0 +7.573778466e-01 +3.827737785e+01 +3.827737785e+01
64988 0 +6.623694466e-01 +3.818236945e+01 +3.818236945e+01
65068 0 +5.787678326e-01 +3.809876783e+01 +3.809876783e+01
65148 0 +5.026523521e-01 +3.802265235e+01 +3.802265235e+01
65224 0 +4.966301767e-01 +3.801663018e+01 +3.801663018e+01
65228 0 +4.367946829e-01 +3.795679468e+01 +3.795679468e+01
65308 0 +3.517613357e-01 +3.787176134e+01 +3.787176134e+01
65388 0 +2.832921467e-01 +3.780329215e+01 +3.780329215e+01
65462 0 +2.813540031e-01 +3.780135400e+01 +3.780135400e+01
65468 0 +2.407304592e-01 +3.776073046e+01 +3.776073046e+01
65548 0 +1.924257244e-01 +3.771242572e+01 +3.771242572e+01
65628 0 +1.694323998e-01 +3.768943240e+01 +3.768943240e+01
65708 0 +1.392806030e-01 +3.765928060e+01 +3.765928060e+01
65926 0 +1.258058394e-01 +3.764580584e+01 +3.764580584e+01
65960 0 +1.115440378e-01 +3.763154404e+01 +3.763154404e+01
66036 0 +9.938519249e-02 +3.761938519e+01 +3.761938519e+01
66344 0 +8.901677347e-02 +3.760901677e+01 +3.760901677e+01
70799 0 +7.938584550e-02 +3.759938585e+01 +3.759938585e+01
77441 0 +7.077180355e-02 +3.759077180e+01 +3.759077180e+01
88081 0 +6.308959820e-02 +3.758308960e+01 +3.758308960e+01
98155 0 +5.621305220e-02 +3.757621305e+01 +3.757621305e+01
107361 0 +5.010749903e-02 +3.757010750e+01 +3.757010750e+01
116081 0 +4.465403939e-02 +3.756465404e+01 +3.756465404e+01
124161 0 +3.977676382e-02 +3.755977676e+01 +3.755977676e+01
131761 0 +3.546979217e-02 +3.755546979e+01 +3.755546979e+01
138879 0 +3.161558832e-02 +3.755161559e+01 +3.755161559e+01
145599 0 +2.817242688e-02 +3.754817243e+01 +3.754817243e+01
151761 0 +2.508788713e-02 +3.754508789e+01 +3.754508789e+01
157601 0 +2.237071253e-02 +3.754237071e+01 +3.754237071e+01
163041 0 +1.992622210e-02 +3.753992622e+01 +3.753992622e+01
168235 0 +1.776254418e-02 +3.753776254e+01 +3.753776254e+01
173121 0 +1.583796392e-02 +3.753583796e+01 +3.753583796e+01
177521 0 +1.412284949e-02 +3.753412285e+01 +3.753412285e+01
184161 0 +1.258438762e-02 +3.753258439e+01 +3.753258439e+01
192001 0 +1.121357051e-02 +3.753121357e+01 +3.753121357e+01
199441 0 +9.994905798e-03 +3.752999491e+01 +3.752999491e+01
206479 0 +8.910771555e-03 +3.752891077e+01 +3.752891077e+01
212961 0 +7.942256306e-03 +3.752794226e+01 +3.752794226e+01
219121 0 +7.076452071e-03 +3.752707645e+01 +3.752707645e+01
224961 0 +6.302587041e-03 +3.752630259e+01 +3.752630259e+01
230401 0 +5.619888358e-03 +3.752561989e+01 +3.752561989e+01
235521 0 +5.007568681e-03 +3.752500757e+01 +3.752500757e+01
240321 0 +4.465265647e-03 +3.752446527e+01 +3.752446527e+01
245039 0 +3.980272495e-03 +3.752398027e+01 +3.752398027e+01
249279 0 +3.547735731e-03 +3.752354774e+01 +3.752354774e+01
253279 0 +3.161548646e-03 +3.752316155e+01 +3.752316155e+01
257191 0 +2.815923348e-03 +3.752281592e+01 +3.752281592e+01
262881 0 +2.510480233e-03 +3.752251048e+01 +3.752251048e+01
269597 0 +2.238175372e-03 +3.752223818e+01 +3.752223818e+01
275841 0 +1.994864704e-03 +3.752199486e+01 +3.752199486e+01
281921 0 +1.777850564e-03 +3.752177785e+01 +3.752177785e+01
287361 0 +1.584119998e-03 +3.752158412e+01 +3.752158412e+01
292561 0 +1.412493717e-03 +3.752141249e+01 +3.752141249e+01
297677 0 +1.258808973e-03 +3.752125881e+01 +3.752125881e+01
302401 0 +1.120573655e-03 +3.752112057e+01 +3.752112057e+01
306879 0 +9.991349630e-04 +3.752099913e+01 +3.752099913e+01
310881 0 +8.900702356e-04 +3.752089007e+01 +3.752089007e+01
314801 0 +7.935712140e-04 +3.752079357e+01 +3.752079357e+01
318641 0 +7.076356461e-04 +3.752070764e+01 +3.752070764e+01
325601 0 +6.302039820e-04 +3.752063020e+01 +3.752063020e+01
332161 0 +5.619884511e-04 +3.752056199e+01 +3.752056199e+01
338401 0 +5.007216284e-04 +3.752050072e+01 +3.752050072e+01
344161 0 +4.465549120e-04 +3.752044655e+01 +3.752044655e+01
349681 0 +3.975990712e-04 +3.752039760e+01 +3.752039760e+01
354881 0 +3.544046901e-04 +3.752035440e+01 +3.752035440e+01
359761 0 +3.157872629e-04 +3.752031579e+01 +3.752031579e+01
364321 0 +2.814240898e-04 +3.752028142e+01 +3.752028142e+01
368721 0 +2.507238757e-04 +3.752025072e+01 +3.752025072e+01
372801 0 +2.235222386e-04 +3.752022352e+01 +3.752022352e+01
376721 0 +1.993175515e-04 +3.752019932e+01 +3.752019932e+01
380479 0 +1.777679906e-04 +3.752017777e+01 +3.752017777e+01
384319 0 +1.584105063e-04 +3.752015841e+01 +3.752015841e+01
390721 0 +1.411019421e-04 +3.752014110e+01 +3.752014110e+01
396881 0 +1.257011563e-04 +3.752012570e+01 +3.752012570e+01
400000 0 +1.185464685e-04 +3.752011855e+01 +3.752011855e+01
% f evaluations | g evaluations | best noise-free fitness - Fopt (2.177000000000e+01) + sum g_i+ | measured fitness | best measured fitness or single-digit g-values | x1 | x2...
1 0 +1.587226715e+05 +1.587444415e+05 +1.587444415e+05
4 0 +1.273438352e+05 +1.273656052e+05 +1.273656052e+05
7 0 +9.068355113e+04 +9.070532113e+04 +9.070532113e+04
19 0 +8.887439766e+04 +8.889616766e+04 +8.889616766e+04
46 0 +7.582048493e+04 +7.584225493e+04 +7.584225493e+04
1253 0 +6.220657277e+04 +6.222834277e+04 +6.222834277e+04
1261 0 +5.374054933e+04 +5.376231933e+04 +5.376231933e+04
1269 0 +4.179976071e+04 +4.182153071e+04 +4.182153071e+04
1271 0 +3.312360680e+04 +3.314537680e+04 +3.314537680e+04
1291 0 +3.157382651e+04 +3.159559651e+04 +3.159559651e+04
1297 0 +2.709481046e+04 +2.711658046e+04 +2.711658046e+04
1305 0 +2.510216947e+04 +2.512393947e+04 +2.512393947e+04
1315 0 +2.206892276e+04 +2.209069276e+04 +2.209069276e+04
1319 0 +1.771205519e+04 +1.773382519e+04 +1.773382519e+04
1333 0 +1.320751482e+04 +1.322928482e+04 +1.322928482e+04
1335 0 +1.212734554e+04 +1.214911554e+04 +1.214911554e+04
1349 0 +8.168171451e+03 +8.189941451e+03 +8.189941451e+03
1351 0 +6.019782353e+03 +6.041552353e+03 +6.041552353e+03
1373 0 +5.384328517e+03 +5.406098517e+03 +5.406098517e+03
1380 0 +4.941464051e+03 +4.963234051e+03 +4.963234051e+03
1398 0 +4.170714037e+03 +4.192484037e+03 +4.192484037e+03
1399 0 +3.567751222e+03 +3.589521222e+03 +3.589521222e+03
1401 0 +3.535616671e+03 +3.557386671e+03 +3.557386671e+03
1411 0 +2.812947001e+03 +2.834717001e+03 +2.834717001e+03
1413 0 +2.168247260e+03 +2.190017260e+03 +2.190017260e+03
1429 0 +1.920254476e+03 +1.942024476e+03 +1.942024476e+03
1431 0 +1.460987780e+03 +1.482757780e+03 +1.482757780e+03
1455 0 +1.313095446e+03 +1.334865446e+03 +1.334865446e+03
1609 0 +1.243981523e+03 +1.265751523e+03 +1.265751523e+03
1621 0 +1.079597961e+03 +1.101367961e+03 +1.101367961e+03
1631 0 +9.980143876e+02 +1.019784388e+03 +1.019784388e+03
1661 0 +8.909804313e+02 +9.127504313e+02 +9.127504313e+02
1703 0 +7.442909039e+02 +7.660609039e+02 +7.660609039e+02
1709 0 +6.263623875e+02 +6.481323875e+02 +6.481323875e+02
1787 0 +4.959559162e+02 +5.177259162e+02 +5.177259162e+02
1815 0 +4.202172797e+02 +4.419872797e+02 +4.419872797e+02
1930 0 +3.887154478e+02 +4.104854478e+02 +4.104854478e+02
1988 0 +3.528318132e+02 +3.746018132e+02 +3.746018132e+02
2044 0 +3.131950366e+02 +3.349650366e+02 +3.349650366e+02
2338 0 +2.781828306e+02 +2.999528306e+02 +2.999528306e+02
2366 0 +2.465548963e+02 +2.683248963e+02 +2.683248963e+02
2386 0 +2.227824926e+02 +2.445524926e+02 +2.445524926e+02
2467 0 +1.992584934e+02 +2.210284934e+02 +2.210284934e+02
2600 0 +1.760310705e+02 +1.978010705e+02 +1.978010705e+02
2920 0 +1.579242122e+02 +1.796942122e+02 +1.796942122e+02
2976 0 +1.404117868e+02 +1.621817868e+02 +1.621817868e+02
3334 0 +1.255622111e+02 +1.473322111e+02 +1.473322111e+02
8721 0 +1.121031840e+02 +1.338731840e+02 +1.338731840e+02
13361 0 +9.995912978e+01 +1.217291298e+02 +1.217291298e+02
16561 0 +8.905241725e+01 +1.108224172e+02 +1.108224172e+02
18721 0 +7.941076175e+01 +1.011807617e+02 +1.011807617e+02
20237 0 +7.077557741e+01 +9.254557741e+01 +9.254557741e+01
21121 0 +6.258833650e+01 +8.435833650e+01 +8.435833650e+01
21681 0 +5.565285954e+01 +7.742285954e+01 +7.742285954e+01
22081 0 +4.946200254e+01 +7.123200254e+01 +7.123200254e+01
22401 0 +4.381796386e+01 +6.558796386e+01 +6.558796386e+01
22641 0 +3.932304483e+01 +6.109304483e+01 +6.109304483e+01
22881 0 +3.470533620e+01 +5.647533620e+01 +5.647533620e+01
23116 0 +3.160185268e+01 +5.337185268e+01 +5.337185268e+01
23279 0 +2.813791387e+01 +4.990791387e+01 +4.990791387e+01
23441 0 +2.437934495e+01 +4.614934495e+01 +4.614934495e+01
23601 0 +2.159388414e+01 +4.336388414e+01 +4.336388414e+01
23759 0 +1.971284867e+01 +4.148284867e+01 +4.148284867e+01
23841 0 +1.762503752e+01 +3.939503752e+01 +3.939503752e+01
24001 0 +1.518000477e+01 +3.695000477e+01 +3.695000477e+01
24081 0 +1.403523232e+01 +3.580523232e+01 +3.580523232e+01
24239 0 +1.257265828e+01 +3.434265828e+01 +3.434265828e+01
24321 0 +1.098957323e+01 +3.275957323e+01 +3.275957323e+01
24479 0 +9.869945369e+00 +3.163994537e+01 +3.163994537e+01
24561 0 +8.594668978e+00 +3.036466898e+01 +3.036466898e+01
24641 0 +7.921235831e+00 +2.969123583e+01 +2.969123583e+01
24801 0 +6.777880350e+00 +2.854788035e+01 +2.854788035e+01
24959 0 +6.227642714e+00 +2.799764271e+01 +2.799764271e+01
25119 0 +5.617577248e+00 +2.738757725e+01 +2.738757725e+01
25546 0 +5.004711363e+00 +2.677471136e+01 +2.677471136e+01
26894 0 +4.464383027e+00 +2.623438303e+01 +2.623438303e+01
29032 0 +3.971991290e+00 +2.574199129e+01 +2.574199129e+01
31040 0 +3.548114749e+00 +2.531811475e+01 +2.531811475e+01
32954 0 +3.159356199e+00 +2.492935620e+01 +2.492935620e+01
34712 0 +2.818053247e+00 +2.458805325e+01 +2.458805325e+01
36154 0 +2.511027297e+00 +2.428102730e+01 +2.428102730e+01
37518 0 +2.237910367e+00 +2.400791037e+01 +2.400791037e+01
38796 0 +1.993249610e+00 +2.376324961e+01 +2.376324961e+01
39836 0 +1.773753108e+00 +2.354375311e+01 +2.354375311e+01
40876 0 +1.581457994e+00 +2.335145799e+01 +2.335145799e+01
41758 0 +1.411360656e+00 +2.318136066e+01 +2.318136066e+01
42714 0 +1.257463067e+00 +2.302746307e+01 +2.302746307e+01
43752 0 +1.119972888e+00 +2.288997289e+01 +2.288997289e+01
44398 0 +9.969432821e-01 +2.276694328e+01 +2.276694328e+01
45118 0 +8.844474525e-01 +2.265444745e+01 +2.265444745e+01
45680 0 +7.923793420e-01 +2.256237934e+01 +2.256237934e+01
46400 0 +7.046525405e-01 +2.247465254e+01 +2.247465254e+01
47098 0 +6.308423126e-01 +2.240084231e+01 +2.240084231e+01
48240 0 +5.604033517e-01 +2.233040335e+01 +2.233040335e+01
49520 0 +4.994570836e-01 +2.226945708e+01 +2.226945708e+01
50790 0 +4.465807859e-01 +2.221658079e+01 +2.221658079e+01
51840 0 +3.978194186e-01 +2.216781942e+01 +2.216781942e+01
52960 0 +3.541315308e-01 +2.212413153e+01 +2.212413153e+01
54162 0 +3.158599178e-01 +2.208585992e+01 +2.208585992e+01
55358 0 +2.817152976e-01 +2.205171530e+01 +2.205171530e+01
56482 0 +2.504569124e-01 +2.202045691e+01 +2.202045691e+01
57512 0 +2.237399853e-01 +2.199373999e+01 +2.199373999e+01
59672 0 +1.993803299e-01 +2.196938033e+01 +2.196938033e+01
61760 0 +1.776676501e-01 +2.194766765e+01 +2.194766765e+01
63842 0 +1.581706273e-01 +2.192817063e+01 +2.192817063e+01
65842 0 +1.408954807e-01 +2.191089548e+01 +2.191089548e+01
67842 0 +1.255563935e-01 +2.189555639e+01 +2.189555639e+01
69842 0 +1.120024365e-01 +2.188200244e+01 +2.188200244e+01
71828 0 +9.992011587e-02 +2.186992012e+01 +2.186992012e+01
74882 0 +8.909246363e-02 +2.185909246e+01 +2.185909246e+01
78402 0 +7.927229712e-02 +2.184927230e+01 +2.184927230e+01
81602 0 +7.076277986e-02 +2.184076278e+01 +2.184076278e+01
84802 0 +6.302694933e-02 +2.183302695e+01 +2.183302695e+01
87842 0 +5.622781041e-02 +2.182622781e+01 +2.182622781e+01
90882 0 +5.008390443e-02 +2.182008390e+01 +2.182008390e+01
93762 0 +4.463561930e-02 +2.181463562e+01 +2.181463562e+01
96562 0 +3.978471007e-02 +2.180978471e+01 +2.180978471e+01
99042 0 +3.542199570e-02 +2.180542200e+01 +2.180542200e+01
101592 0 +3.161371834e-02 +2.180161372e+01 +2.180161372e+01
104082 0 +2.815118711e-02 +2.179815119e+01 +2.179815119e+01
108562 0 +2.509840674e-02 +2.179509841e+01 +2.179509841e+01
112802 0 +2.237000108e-02 +2.179237000e+01 +2.179237000e+01
116962 0 +1.991739968e-02 +2.178991740e+01 +2.178991740e+01
120882 0 +1.776277752e-02 +2.178776278e+01 +2.178776278e+01
124562 0 +1.582937591e-02 +2.178582938e+01 +2.178582938e+01
128162 0 +1.411300008e-02 +2.178411300e+01 +2.178411300e+01
131520 0 +1.258435100e-02 +2.178258435e+01 +2.178258435e+01
134798 0 +1.121165427e-02 +2.178121165e+01 +2.178121165e+01
137842 0 +9.993273280e-03 +2.177999327e+01 +2.177999327e+01
140882 0 +8.908650430e-03 +2.177890865e+01 +2.177890865e+01
146402 0 +7.940897669e-03 +2.177794090e+01 +2.177794090e+01
151602 0 +7.068500710e-03 +2.177706850e+01 +2.177706850e+01
156562 0 +6.301903623e-03 +2.177630190e+01 +2.177630190e+01
161202 0 +5.623017710e-03 +2.177562302e+01 +2.177562302e+01
165760 0 +5.009730188e-03 +2.177500973e+01 +2.177500973e+01
169922 0 +4.459470601e-03 +2.177445947e+01 +2.177445947e+01
173920 0 +3.980689599e-03 +2.177398069e+01 +2.177398069e+01
177756 0 +3.544026271e-03 +2.177354403e+01 +2.177354403e+01
181362 0 +3.160505204e-03 +2.177316051e+01 +2.177316051e+01
184800 0 +2.817615760e-03 +2.177281762e+01 +2.177281762e+01
188074 0 +2.507664552e-03 +2.177250766e+01 +2.177250766e+01
191122 0 +2.238484665e-03 +2.177223848e+01 +2.177223848e+01
194642 0 +1.994237720e-03 +2.177199424e+01 +2.177199424e+01
200082 0 +1.777359488e-03 +2.177177736e+01 +2.177177736e+01
205436 0 +1.583922599e-03 +2.177158392e+01 +2.177158392e+01
210162 0 +1.410451587e-03 +2.177141045e+01 +2.177141045e+01
214882 0 +1.258047356e-03 +2.177125805e+01 +2.177125805e+01
219202 0 +1.120509244e-03 +2.177112051e+01 +2.177112051e+01
223440 0 +9.991916346e-04 +2.177099919e+01 +2.177099919e+01
227278 0 +8.911076724e-04 +2.177089111e+01 +2.177089111e+01
230960 0 +7.941969068e-04 +2.177079420e+01 +2.177079420e+01
234482 0 +7.074761209e-04 +2.177070748e+01 +2.177070748e+01
237760 0 +6.308617258e-04 +2.177063086e+01 +2.177063086e+01
240769 0 +5.623402854e-04 +2.177056234e+01 +2.177056234e+01
246482 0 +5.008487996e-04 +2.177050085e+01 +2.177050085e+01
252082 0 +4.464877534e-04 +2.177044649e+01 +2.177044649e+01
257352 0 +3.980467215e-04 +2.177039805e+01 +2.177039805e+01
262322 0 +3.545396105e-04 +2.177035454e+01 +2.177035454e+01
267122 0 +3.159956210e-04 +2.177031600e+01 +2.177031600e+01
271522 0 +2.813924359e-04 +2.177028139e+01 +2.177028139e+01
275682 0 +2.507563564e-04 +2.177025076e+01 +2.177025076e+01
279762 0 +2.236547254e-04 +2.177022365e+01 +2.177022365e+01
283520 0 +1.993678562e-04 +2.177019937e+01 +2.177019937e+01
287042 0 +1.775828279e-04 +2.177017758e+01 +2.177017758e+01
290478 0 +1.584592851e-04 +2.177015846e+01 +2.177015846e+01
293522 0 +1.411442036e-04 +2.177014114e+01 +2.177014114e+01
299042 0 +1.258222687e-04 +2.177012582e+01 +2.177012582e+01
304642 0 +1.121528249e-04 +2.177011215e+01 +2.177011215e+01
310002 0 +9.987737898e-05 +2.177009988e+01 +2.177009988e+01
315042 0 +8.910726035e-05 +2.177008911e+01 +2.177008911e+01
319922 0 +7.939971077e-05 +2.177007940e+01 +2.177007940e+01
324322 0 +7.079224789e-05 +2.177007079e+01 +2.177007079e+01
328562 0 +6.307384390e-05 +2.177006307e+01 +2.177006307e+01
332642 0 +5.620222083e-05 +2.177005620e+01 +2.177005620e+01
336480 0 +5.007927063e-05 +2.177005008e+01 +2.177005008e+01
340002 0 +4.461894875e-05 +2.177004462e+01 +2.177004462e+01
343362 0 +3.980979233e-05 +2.177003981e+01 +2.177003981e+01
346720 0 +3.542481010e-05 +2.177003542e+01 +2.177003542e+01
349680 0 +3.159767411e-05 +2.177003160e+01 +2.177003160e+01
352642 0 +2.816275569e-05 +2.177002816e+01 +2.177002816e+01
356642 0 +2.511715633e-05 +2.177002512e+01 +2.177002512e+01
361838 0 +2.238271751e-05 +2.177002238e+01 +2.177002238e+01
366562 0 +1.993806878e-05 +2.177001994e+01 +2.177001994e+01
371122 0 +1.777100667e-05 +2.177001777e+01 +2.177001777e+01
375362 0 +1.583087046e-05 +2.177001583e+01 +2.177001583e+01
379520 0 +1.411758390e-05 +2.177001412e+01 +2.177001412e+01
383360 0 +1.257707514e-05 +2.177001258e+01 +2.177001258e+01
387842 0 +1.121527668e-05 +2.177001122e+01 +2.177001122e+01
394642 0 +9.988221272e-06 +2.177000999e+01 +2.177000999e+01
400000 0 +9.095722177e-06 +2.177000910e+01 +2.177000910e+01
% f evaluations | g evaluations | best noise-free fitness - Fopt (6.603000000000e+01) + sum g_i+ | measured fitness | best measured fitness or single-digit g-values | x1 | x2...
1 0 +1.230547759e+05 +1.231208059e+05 +1.231208059e+05
4 0 +7.395140314e+04 +7.401743314e+04 +7.401743314e+04
7 0 +6.585507406e+04 +6.592110406e+04 +6.592110406e+04
10 0 +5.690426097e+04 +5.697029097e+04 +5.697029097e+04
1253 0 +5.194875301e+04 +5.201478301e+04 +5.201478301e+04
1259 0 +4.574062302e+04 +4.580665302e+04 +4.580665302e+04
1265 0 +3.924013201e+04 +3.930616201e+04 +3.930616201e+04
1269 0 +3.096667027e+04 +3.103270027e+04 +3.103270027e+04
1273 0 +2.112038828e+04 +2.118641828e+04 +2.118641828e+04
1285 0 +1.819254318e+04 +1.825857318e+04 +1.825857318e+04
1293 0 +1.525210551e+04 +1.531813551e+04 +1.531813551e+04
1295 0 +1.241656879e+04 +1.248259879e+04 +1.248259879e+04
1303 0 +1.105537863e+04 +1.112140863e+04 +1.112140863e+04
1325 0 +9.744280839e+03 +9.810310839e+03 +9.810310839e+03
1329 0 +7.865791506e+03 +7.931821506e+03 +7.931821506e+03
1333 0 +6.541268098e+03 +6.607298098e+03 +6.607298098e+03
1339 0 +5.359798603e+03 +5.425828603e+03 +5.425828603e+03
1345 0 +4.772167257e+03 +4.838197257e+03 +4.838197257e+03
1349 0 +3.740470357e+03 +3.806500357e+03 +3.806500357e+03
1353 0 +1.907826836e+03 +1.973856836e+03 +1.973856836e+03
1375 0 +1.538489064e+03 +1.604519064e+03 +1.604519064e+03
1388 0 +1.371719502e+03 +1.437749502e+03 +1.437749502e+03
1407 0 +1.202199471e+03 +1.268229471e+03 +1.268229471e+03
1418 0 +1.076710997e+03 +1.142740997e+03 +1.142740997e+03
1611 0 +9.820047092e+02 +1.048034709e+03 +1.048034709e+03
1639 0 +8.912173068e+02 +9.572473068e+02 +9.572473068e+02
1645 0 +7.161113119e+02 +7.821413119e+02 +7.821413119e+02
1653 0 +6.995228981e+02 +7.655528981e+02 +7.655528981e+02
1663 0 +6.148375701e+02 +6.808675701e+02 +6.808675701e+02
1677 0 +5.449409044e+02 +6.109709044e+02 +6.109709044e+02
1684 0 +5.005547944e+02 +5.665847944e+02 +5.665847944e+02
1718 0 +4.333950294e+02 +4.994250294e+02 +4.994250294e+02
1753 0 +3.523740448e+02 +4.184040448e+02 +4.184040448e+02
1858 0 +3.148136875e+02 +3.808436875e+02 +3.808436875e+02
1874 0 +2.808074436e+02 +3.468374436e+02 +3.468374436e+02
1914 0 +2.445232633e+02 +3.105532633e+02 +3.105532633e+02
1918 0 +2.153819440e+02 +2.814119440e+02 +2.814119440e+02
2052 0 +1.957064809e+02 +2.617364809e+02 +2.617364809e+02
2248 0 +1.742105464e+02 +2.402405464e+02 +2.402405464e+02
2283 0 +1.526375589e+02 +2.186675589e+02 +2.186675589e+02
2301 0 +1.385747105e+02 +2.046047105e+02 +2.046047105e+02
2339 0 +1.220797378e+02 +1.881097378e+02 +1.881097378e+02
2417 0 +1.079806605e+02 +1.740106605e+02 +1.740106605e+02
2452 0 +9.947275748e+01 +1.655027575e+02 +1.655027575e+02
2661 0 +8.856202887e+01 +1.545920289e+02 +1.545920289e+02
2772 0 +7.917648203e+01 +1.452064820e+02 +1.452064820e+02
4046 0 +7.074860757e+01 +1.367786076e+02 +1.367786076e+02
16592 0 +6.307869331e+01 +1.291086933e+02 +1.291086933e+02
18912 0 +5.623342599e+01 +1.222634260e+02 +1.222634260e+02
20356 0 +5.010649998e+01 +1.161365000e+02 +1.161365000e+02
21554 0 +4.448403200e+01 +1.105140320e+02 +1.105140320e+02
22514 0 +3.956912242e+01 +1.055991224e+02 +1.055991224e+02
23314 0 +3.524125899e+01 +1.012712590e+02 +1.012712590e+02
24032 0 +3.152208736e+01 +9.755208736e+01 +9.755208736e+01
24594 0 +2.809669795e+01 +9.412669795e+01 +9.412669795e+01
25154 0 +2.490930552e+01 +9.093930552e+01 +9.093930552e+01
25634 0 +2.223293305e+01 +8.826293305e+01 +8.826293305e+01
26112 0 +1.988318042e+01 +8.591318042e+01 +8.591318042e+01
26512 0 +1.775218261e+01 +8.378218261e+01 +8.378218261e+01
26834 0 +1.579079033e+01 +8.182079033e+01 +8.182079033e+01
27232 0 +1.405514874e+01 +8.008514874e+01 +8.008514874e+01
27552 0 +1.251459452e+01 +7.854459452e+01 +7.854459452e+01
27794 0 +1.111732133e+01 +7.714732133e+01 +7.714732133e+01
28112 0 +9.986019696e+00 +7.601601970e+01 +7.601601970e+01
28354 0 +8.701119985e+00 +7.473111999e+01 +7.473111999e+01
28594 0 +7.754670275e+00 +7.378467028e+01 +7.378467028e+01
28834 0 +6.864927709e+00 +7.289492771e+01 +7.289492771e+01
28994 0 +6.299759522e+00 +7.232975952e+01 +7.232975952e+01
29234 0 +5.504037085e+00 +7.153403709e+01 +7.153403709e+01
29394 0 +5.006739973e+00 +7.103673997e+01 +7.103673997e+01
29634 0 +4.299218427e+00 +7.032921843e+01 +7.032921843e+01
29794 0 +3.858384269e+00 +6.988838427e+01 +6.988838427e+01
29954 0 +3.443112395e+00 +6.947311239e+01 +6.947311239e+01
30114 0 +3.048904550e+00 +6.907890455e+01 +6.907890455e+01
30274 0 +2.676365300e+00 +6.870636530e+01 +6.870636530e+01
30354 0 +2.504563834e+00 +6.853456383e+01 +6.853456383e+01
30514 0 +2.176888435e+00 +6.820688843e+01 +6.820688843e+01
30674 0 +1.890806547e+00 +6.792080655e+01 +6.792080655e+01
30754 0 +1.745778857e+00 +6.777577886e+01 +6.777577886e+01
30914 0 +1.489154745e+00 +6.751915474e+01 +6.751915474e+01
30994 0 +1.384465162e+00 +6.741446516e+01 +6.741446516e+01
31152 0 +1.258129663e+00 +6.728812966e+01 +6.728812966e+01
31234 0 +1.069528366e+00 +6.709952837e+01 +6.709952837e+01
31314 0 +9.921319637e-01 +6.702213196e+01 +6.702213196e+01
31474 0 +8.252648151e-01 +6.685526482e+01 +6.685526482e+01
31554 0 +7.711855089e-01 +6.680118551e+01 +6.680118551e+01
31714 0 +6.790465738e-01 +6.670904657e+01 +6.670904657e+01
31874 0 +6.152585055e-01 +6.664525851e+01 +6.664525851e+01
32452 0 +5.616882396e-01 +6.659168824e+01 +6.659168824e+01
42641 0 +5.010989415e-01 +6.653109894e+01 +6.653109894e+01
61841 0 +4.464945702e-01 +6.647649457e+01 +6.647649457e+01
79521 0 +3.979990596e-01 +6.642799906e+01 +6.642799906e+01
95841 0 +3.547655882e-01 +6.638476559e+01 +6.638476559e+01
110961 0 +3.161836259e-01 +6.634618363e+01 +6.634618363e+01
124961 0 +2.817077067e-01 +6.631170771e+01 +6.631170771e+01
137837 0 +2.511178799e-01 +6.628111788e+01 +6.628111788e+01
149681 0 +2.237298635e-01 +6.625372986e+01 +6.625372986e+01
160721 0 +1.994259322e-01 +6.622942593e+01 +6.622942593e+01
170961 0 +1.777946342e-01 +6.620779463e+01 +6.620779463e+01
180559 0 +1.584276858e-01 +6.618842769e+01 +6.618842769e+01
189281 0 +1.412522384e-01 +6.617125224e+01 +6.617125224e+01
197517 0 +1.258807083e-01 +6.615588071e+01 +6.615588071e+01
205121 0 +1.121114113e-01 +6.614211141e+01 +6.614211141e+01
212241 0 +9.992973853e-02 +6.612992974e+01 +6.612992974e+01
218879 0 +8.907977213e-02 +6.611907977e+01 +6.611907977e+01
225041 0 +7.941818287e-02 +6.610941818e+01 +6.610941818e+01
230641 0 +7.076392571e-02 +6.610076393e+01 +6.610076393e+01
236001 0 +6.308725909e-02 +6.609308726e+01 +6.609308726e+01
244961 0 +5.622192457e-02 +6.608622192e+01 +6.608622192e+01
254241 0 +5.011716048e-02 +6.608011716e+01 +6.608011716e+01
262953 0 +4.466086557e-02 +6.607466087e+01 +6.607466087e+01
271041 0 +3.979066843e-02 +6.606979067e+01 +6.606979067e+01
278641 0 +3.544423258e-02 +6.606544423e+01 +6.606544423e+01
285761 0 +3.160509609e-02 +6.606160510e+01 +6.606160510e+01
292399 0 +2.818349461e-02 +6.605818349e+01 +6.605818349e+01
298561 0 +2.508189023e-02 +6.605508189e+01 +6.605508189e+01
304399 0 +2.237571962e-02 +6.605237572e+01 +6.605237572e+01
309841 0 +1.993248867e-02 +6.604993249e+01 +6.604993249e+01
315039 0 +1.777851196e-02 +6.604777851e+01 +6.604777851e+01
319761 0 +1.583741383e-02 +6.604583741e+01 +6.604583741e+01
324321 0 +1.410708880e-02 +6.604410709e+01 +6.604410709e+01
328801 0 +1.258781140e-02 +6.604258781e+01 +6.604258781e+01
336721 0 +1.120982169e-02 +6.604120982e+01 +6.604120982e+01
344081 0 +9.999485039e-03 +6.603999949e+01 +6.603999949e+01
351121 0 +8.900907900e-03 +6.603890091e+01 +6.603890091e+01
357761 0 +7.940668833e-03 +6.603794067e+01 +6.603794067e+01
363841 0 +7.074439703e-03 +6.603707444e+01 +6.603707444e+01
369681 0 +6.305439852e-03 +6.603630544e+01 +6.603630544e+01
375201 0 +5.618815317e-03 +6.603561882e+01 +6.603561882e+01
380235 0 +5.011802143e-03 +6.603501180e+01 +6.603501180e+01
385117 0 +4.466802609e-03 +6.603446680e+01 +6.603446680e+01
389521 0 +3.978807252e-03 +6.603397881e+01 +6.603397881e+01
393995 0 +3.545326874e-03 +6.603354533e+01 +6.603354533e+01
397917 0 +3.161945404e-03 +6.603316195e+01 +6.603316195e+01
400000 0 +2.978766351e-03 +6.603297877e+01 +6.603297877e+01
% f evaluations | g evaluations | best noise-free fitness - Fopt (1.720100000000e+02) + sum g_i+ | measured fitness | best measured fitness or single-digit g-values | x1 | x2...
1 0 +1.158889253e+05 +1.160609353e+05 +1.160609353e+05
4 0 +7.610867449e+04 +7.628068449e+04 +7.628068449e+04
28 0 +6.027912362e+04 +6.045113362e+04 +6.045113362e+04
1251 0 +5.322964910e+04 +5.340165910e+04 +5.340165910e+04
1259 0 +4.157659042e+04 +4.174860042e+04 +4.174860042e+04
1261 0 +3.176768501e+04 +3.193969501e+04 +3.193969501e+04
1263 0 +2.799736267e+04 +2.816937267e+04 +2.816937267e+04
1267 0 +2.499220769e+04 +2.516421769e+04 +2.516421769e+04
1269 0 +2.235812381e+04 +2.253013381e+04 +2.253013381e+04
1282 0 +1.992352959e+04 +2.009553959e+04 +2.009553959e+04
1291 0 +1.734751022e+04 +1.751952022e+04 +1.751952022e+04
1307 0 +1.216971566e+04 +1.234172566e+04 +1.234172566e+04
1329 0 +1.069989922e+04 +1.087190922e+04 +1.087190922e+04
1339 0 +7.093578844e+03 +7.265588844e+03 +7.265588844e+03
1341 0 +3.927261997e+03 +4.099271997e+03 +4.099271997e+03
1343 0 +3.537291279e+03 +3.709301279e+03 +3.709301279e+03
1349 0 +2.951270274e+03 +3.123280274e+03 +3.123280274e+03
1351 0 +2.758999527e+03 +2.931009527e+03 +2.931009527e+03
1370 0 +2.466513741e+03 +2.638523741e+03 +2.638523741e+03
1387 0 +2.131612353e+03 +2.303622353e+03 +2.303622353e+03
1393 0 +1.979069637e+03 +2.151079637e+03 +2.151079637e+03
1421 0 +1.091227521e+03 +1.263237521e+03 +1.263237521e+03
1498 0 +8.581039660e+02 +1.030113966e+03 +1.030113966e+03
1578 0 +7.782832244e+02 +9.502932244e+02 +9.502932244e+02
1693 0 +6.597516060e+02 +8.317616060e+02 +8.317616060e+02
1704 0 +6.266065523e+02 +7.986165523e+02 +7.986165523e+02
1719 0 +5.547705401e+02 +7.267805401e+02 +7.267805401e+02
1755 0 +4.834049998e+02 +6.554149998e+02 +6.554149998e+02
1766 0 +4.456959379e+02 +6.177059379e+02 +6.177059379e+02
1839 0 +3.763640433e+02 +5.483740433e+02 +5.483740433e+02
1843 0 +3.364832155e+02 +5.084932155e+02 +5.084932155e+02
1849 0 +2.280507358e+02 +4.000607358e+02 +4.000607358e+02
2007 0 +2.097938899e+02 +3.818038899e+02 +3.818038899e+02
2023 0 +1.969023124e+02 +3.689123124e+02 +3.689123124e+02
2044 0 +1.740112447e+02 +3.460212447e+02 +3.460212447e+02
2058 0 +1.508158886e+02 +3.228258886e+02 +3.228258886e+02
2062 0 +1.338034865e+02 +3.058134865e+02 +3.058134865e+02
2164 0 +1.234453663e+02 +2.954553663e+02 +2.954553663e+02
2187 0 +1.087838491e+02 +2.807938491e+02 +2.807938491e+02
2234 0 +9.891890338e+01 +2.709289034e+02 +2.709289034e+02
2523 0 +8.909703518e+01 +2.611070352e+02 +2.611070352e+02
6512 0 +7.942297475e+01 +2.514329748e+02 +2.514329748e+02
22356 0 +7.079399237e+01 +2.428039924e+02 +2.428039924e+02
26202 0 +6.308729868e+01 +2.350972987e+02 +2.350972987e+02
27964 0 +5.622167706e+01 +2.282316771e+02 +2.282316771e+02
29244 0 +5.007727197e+01 +2.220872720e+02 +2.220872720e+02
30282 0 +4.457899483e+01 +2.165889948e+02 +2.165889948e+02
31160 0 +3.976751191e+01 +2.117775119e+02 +2.117775119e+02
31882 0 +3.529718070e+01 +2.073071807e+02 +2.073071807e+02
32522 0 +3.152104220e+01 +2.035310422e+02 +2.035310422e+02
33084 0 +2.814817857e+01 +2.001581786e+02 +2.001581786e+02
33644 0 +2.502320174e+01 +1.970332017e+02 +1.970332017e+02
34202 0 +2.211115301e+01 +1.941211530e+02 +1.941211530e+02
34682 0 +1.963898672e+01 +1.916489867e+02 +1.916489867e+02
35082 0 +1.765802383e+01 +1.896680238e+02 +1.896680238e+02
35482 0 +1.579264471e+01 +1.878026447e+02 +1.878026447e+02
35882 0 +1.406190480e+01 +1.860719048e+02 +1.860719048e+02
36282 0 +1.245211499e+01 +1.844621150e+02 +1.844621150e+02
36682 0 +1.098219074e+01 +1.829921907e+02 +1.829921907e+02
37002 0 +9.905137595e+00 +1.819151376e+02 +1.819151376e+02
37322 0 +8.895948946e+00 +1.809059489e+02 +1.809059489e+02
37722 0 +7.766424833e+00 +1.797764248e+02 +1.797764248e+02
38042 0 +6.970188179e+00 +1.789801882e+02 +1.789801882e+02
38362 0 +6.266564293e+00 +1.782765643e+02 +1.782765643e+02
38762 0 +5.562294238e+00 +1.775722942e+02 +1.775722942e+02
39242 0 +4.960276306e+00 +1.769702763e+02 +1.769702763e+02
42160 0 +4.465414266e+00 +1.764754143e+02 +1.764754143e+02
400000 0 +3.986630211e+00 +1.759966302e+02 +1.759966302e+02
% f evaluations | g evaluations | best noise-free fitness - Fopt (-2.725000000000e+01) + sum g_i+ | measured fitness | best measured fitness or single-digit g-values | x1 | x2...
1 0 +1.143626591e+05 +1.143354091e+05 +1.143354091e+05
2 0 +1.131064388e+05 +1.130791888e+05 +1.130791888e+05
4 0 +6.950375332e+04 +6.947650332e+04 +6.947650332e+04
40 0 +5.912331647e+04 +5.909606647e+04 +5.909606647e+04
1245 0 +4.816634973e+04 +4.813909973e+04 +4.813909973e+04
1249 0 +3.992225195e+04 +3.989500195e+04 +3.989500195e+04
1251 0 +3.326215196e+04 +3.323490196e+04 +3.323490196e+04
1261 0 +3.108666069e+04 +3.105941069e+04 +3.105941069e+04
1265 0 +2.413625291e+04 +2.410900291e+04 +2.410900291e+04
1271 0 +2.063385260e+04 +2.060660260e+04 +2.060660260e+04
1276 0 +1.969199144e+04 +1.966474144e+04 +1.966474144e+04
1295 0 +1.615045540e+04 +1.612320540e+04 +1.612320540e+04
1305 0 +1.232497413e+04 +1.229772413e+04 +1.229772413e+04
1317 0 +1.091720887e+04 +1.088995887e+04 +1.088995887e+04
1325 0 +8.602513487e+03 +8.575263487e+03 +8.575263487e+03
1329 0 +7.516747888e+03 +7.489497888e+03 +7.489497888e+03
1331 0 +6.167341749e+03 +6.140091749e+03 +6.140091749e+03
1345 0 +5.170821243e+03 +5.143571243e+03 +5.143571243e+03
1351 0 +4.337064274e+03 +4.309814274e+03 +4.309814274e+03
1384 0 +3.875932083e+03 +3.848682083e+03 +3.848682083e+03
1385 0 +3.432205421e+03 +3.404955421e+03 +3.404955421e+03
1403 0 +3.005631085e+03 +2.978381085e+03 +2.978381085e+03
1407 0 +2.510737708e+03 +2.483487708e+03 +2.483487708e+03
1425 0 +2.136208229e+03 +2.108958229e+03 +2.108958229e+03
1481 0 +1.974515690e+03 +1.947265690e+03 +1.947265690e+03
1485 0 +1.637419562e+03 +1.610169562e+03 +1.610169562e+03
1559 0 +1.424402671e+03 +1.397152671e+03 +1.397152671e+03
1637 0 +1.285676735e+03 +1.258426735e+03 +1.258426735e+03
1763 0 +1.180809989e+03 +1.153559989e+03 +1.153559989e+03
1765 0 +8.556627917e+02 +8.284127917e+02 +8.284127917e+02
1767 0 +7.513557688e+02 +7.241057688e+02 +7.241057688e+02
1785 0 +7.050957813e+02 +6.778457813e+02 +6.778457813e+02
1813 0 +6.292182155e+02 +6.019682155e+02 +6.019682155e+02
1852 0 +5.398203520e+02 +5.125703520e+02 +5.125703520e+02
1891 0 +4.778207535e+02 +4.505707535e+02 +4.505707535e+02
1923 0 +4.175735788e+02 +3.903235788e+02 +3.903235788e+02
1970 0 +3.897551663e+02 +3.625051663e+02 +3.625051663e+02
2255 0 +3.546832697e+02 +3.274332697e+02 +3.274332697e+02
2273 0 +3.139791492e+02 +2.867291492e+02 +2.867291492e+02
2299 0 +2.737867930e+02 +2.465367930e+02 +2.465367930e+02
2347 0 +2.480585345e+02 +2.208085345e+02 +2.208085345e+02
2373 0 +2.227519069e+02 +1.955019069e+02 +1.955019069e+02
2397 0 +1.990928507e+02 +1.718428507e+02 +1.718428507e+02
2457 0 +1.676492267e+02 +1.403992267e+02 +1.403992267e+02
2477 0 +1.538865669e+02 +1.266365669e+02 +1.266365669e+02
2535 0 +1.407334262e+02 +1.134834262e+02 +1.134834262e+02
2557 0 +1.240054353e+02 +9.675543534e+01 +9.675543534e+01
2690 0 +1.121575639e+02 +8.490756395e+01 +8.490756395e+01
2979 0 +9.838866635e+01 +7.113866635e+01 +7.113866635e+01
3543 0 +8.907722042e+01 +6.182722042e+01 +6.182722042e+01
3939 0 +7.907067200e+01 +5.182067200e+01 +5.182067200e+01
4179 0 +7.069168197e+01 +4.344168197e+01 +4.344168197e+01
4417 0 +6.246189410e+01 +3.521189410e+01 +3.521189410e+01
4579 0 +5.554138029e+01 +2.829138029e+01 +2.829138029e+01
4739 0 +4.992495472e+01 +2.267495472e+01 +2.267495472e+01
4977 0 +4.414740060e+01 +1.689740060e+01 +1.689740060e+01
5297 0 +3.974807674e+01 +1.249807674e+01 +1.249807674e+01
63850 0 +3.548133008e+01 +8.231330075e+00 +8.231330075e+00
101936 0 +3.162081930e+01 +4.370819300e+00 +4.370819300e+00
135622 0 +2.818135747e+01 +9.313574678e-01 +9.313574678e-01
165786 0 +2.511806834e+01 -2.131931661e+00 -2.131931661e+00
192596 0 +2.238683702e+01 -4.863162981e+00 -4.863162981e+00
216594 0 +1.995256353e+01 -7.297436468e+00 -7.297436468e+00
237886 0 +1.778250245e+01 -9.467497547e+00 -9.467497547e+00
256928 0 +1.584891017e+01 -1.140108983e+01 -1.140108983e+01
273814 0 +1.412532527e+01 -1.312467473e+01 -1.312467473e+01
289092 0 +1.258858539e+01 -1.466141461e+01 -1.466141461e+01
302378 0 +1.121576179e+01 -1.603423821e+01 -1.603423821e+01
314462 0 +9.999892099e+00 -1.725010790e+01 -1.725010790e+01
325182 0 +8.911433816e+00 -1.833856618e+01 -1.833856618e+01
334782 0 +7.942445709e+00 -1.930755429e+01 -1.930755429e+01
343186 0 +7.077654757e+00 -2.017234524e+01 -2.017234524e+01
350708 0 +6.308055051e+00 -2.094194495e+01 -2.094194495e+01
357588 0 +5.620253829e+00 -2.162974617e+01 -2.162974617e+01
363670 0 +5.007705682e+00 -2.224229432e+01 -2.224229432e+01
368938 0 +4.466403828e+00 -2.278359617e+01 -2.278359617e+01
373752 0 +3.975726581e+00 -2.327427342e+01 -2.327427342e+01
377992 0 +3.544208601e+00 -2.370579140e+01 -2.370579140e+01
381754 0 +3.162011883e+00 -2.408798812e+01 -2.408798812e+01
385194 0 +2.815997435e+00 -2.443400257e+01 -2.443400257e+01
388154 0 +2.509231214e+00 -2.474076879e+01 -2.474076879e+01
390796 0 +2.238449924e+00 -2.501155008e+01 -2.501155008e+01
393356 0 +1.992666272e+00 -2.525733373e+01 -2.525733373e+01
395596 0 +1.775604370e+00 -2.547439563e+01 -2.547439563e+01
397516 0 +1.583501968e+00 -2.566649803e+01 -2.566649803e+01
399354 0 +1.411674565e+00 -2.583832543e+01 -2.583832543e+01
400000 0 +1.347887820e+00 -2.590211218e+01 -2.590211218e+01
% f evaluations | g evaluations | best noise-free fitness - Fopt (-1.521800000000e+02) + sum g_i+ | measured fitness | best measured fitness or single-digit g-values | x1 | x2...
1 0 +1.267184659e+05 +1.265662859e+05 +1.265662859e+05
4 0 +1.006207176e+05 +1.004685376e+05 +1.004685376e+05
7 0 +7.601375757e+04 +7.586157757e+04 +7.586157757e+04
79 0 +6.854357672e+04 +6.839139672e+04 +6.839139672e+04
1257 0 +6.228374024e+04 +6.213156024e+04 +6.213156024e+04
1263 0 +5.607972040e+04 +5.592754040e+04 +5.592754040e+04
1265 0 +4.839321169e+04 +4.824103169e+04 +4.824103169e+04
1271 0 +4.095578001e+04 +4.080360001e+04 +4.080360001e+04
1273 0 +3.323528409e+04 +3.308310409e+04 +3.308310409e+04
1275 0 +2.516192064e+04 +2.500974064e+04 +2.500974064e+04
1278 0 +2.368321267e+04 +2.353103267e+04 +2.353103267e+04
1279 0 +2.177346240e+04 +2.162128240e+04 +2.162128240e+04
1293 0 +1.827918421e+04 +1.812700421e+04 +1.812700421e+04
1295 0 +1.726666623e+04 +1.711448623e+04 +1.711448623e+04
1314 0 +1.575060104e+04 +1.559842104e+04 +1.559842104e+04
1321 0 +1.406672375e+04 +1.391454375e+04 +1.391454375e+04
1337 0 +1.088893509e+04 +1.073675509e+04 +1.073675509e+04
1345 0 +8.144155262e+03 +7.991975262e+03 +7.991975262e+03
1351 0 +6.541323984e+03 +6.389143984e+03 +6.389143984e+03
1353 0 +4.519352555e+03 +4.367172555e+03 +4.367172555e+03
1355 0 +3.157432302e+03 +3.005252302e+03 +3.005252302e+03
1375 0 +2.776137993e+03 +2.623957993e+03 +2.623957993e+03
1388 0 +2.373528795e+03 +2.221348795e+03 +2.221348795e+03
1397 0 +2.155452170e+03 +2.003272170e+03 +2.003272170e+03
1411 0 +1.664082412e+03 +1.511902412e+03 +1.511902412e+03
1425 0 +1.467594439e+03 +1.315414439e+03 +1.315414439e+03
1453 0 +1.390928754e+03 +1.238748754e+03 +1.238748754e+03
1530 0 +1.071670935e+03 +9.194909354e+02 +9.194909354e+02
1715 0 +9.522541527e+02 +8.000741527e+02 +8.000741527e+02
1743 0 +8.548179814e+02 +7.026379814e+02 +7.026379814e+02
1751 0 +7.148721608e+02 +5.626921608e+02 +5.626921608e+02
1753 0 +5.177019838e+02 +3.655219838e+02 +3.655219838e+02
1794 0 +4.725972566e+02 +3.204172566e+02 +3.204172566e+02
1795 0 +4.395634054e+02 +2.873834054e+02 +2.873834054e+02
1821 0 +3.931608013e+02 +2.409808013e+02 +2.409808013e+02
2043 0 +3.521718815e+02 +1.999918815e+02 +1.999918815e+02
2055 0 +3.047632288e+02 +1.525832288e+02 +1.525832288e+02
2073 0 +2.613570034e+02 +1.091770034e+02 +1.091770034e+02
2078 0 +2.291391818e+02 +7.695918177e+01 +7.695918177e+01
2083 0 +2.194551179e+02 +6.727511794e+01 +6.727511794e+01
2423 0 +1.985765145e+02 +4.639651452e+01 +4.639651452e+01
2490 0 +1.777227620e+02 +2.554276196e+01 +2.554276196e+01
14012 0 +1.584821352e+02 +6.302135190e+00 +6.302135190e+00
82282 0 +1.412229179e+02 -1.095708206e+01 -1.095708206e+01
86522 0 +1.257895715e+02 -2.639042852e+01 -2.639042852e+01
89002 0 +1.120648120e+02 -4.011518798e+01 -4.011518798e+01
91084 0 +9.995018201e+01 -5.222981799e+01 -5.222981799e+01
93322 0 +8.884119354e+01 -6.333880646e+01 -6.333880646e+01
96922 0 +7.941527788e+01 -7.276472212e+01 -7.276472212e+01
197921 0 +7.078279882e+01 -8.139720118e+01 -8.139720118e+01
209357 0 +6.309462000e+01 -8.908538000e+01 -8.908538000e+01
213748 0 +5.622945066e+01 -9.595054934e+01 -9.595054934e+01
216713 0 +5.011823519e+01 -1.020617648e+02 -1.020617648e+02
219037 0 +4.465881811e+01 -1.075211819e+02 -1.075211819e+02
220955 0 +3.977502620e+01 -1.124049738e+02 -1.124049738e+02
222555 0 +3.547041236e+01 -1.167095876e+02 -1.167095876e+02
223921 0 +3.160551911e+01 -1.205744809e+02 -1.205744809e+02
225199 0 +2.816615968e+01 -1.240138403e+02 -1.240138403e+02
226395 0 +2.508392129e+01 -1.270960787e+02 -1.270960787e+02
227439 0 +2.238245790e+01 -1.297975421e+02 -1.297975421e+02
228479 0 +1.992137297e+01 -1.322586270e+02 -1.322586270e+02
229439 0 +1.776876914e+01 -1.344112309e+02 -1.344112309e+02
230395 0 +1.584688594e+01 -1.363331141e+02 -1.363331141e+02
231279 0 +1.408613009e+01 -1.380938699e+02 -1.380938699e+02
232159 0 +1.257507412e+01 -1.396049259e+02 -1.396049259e+02
233117 0 +1.119518245e+01 -1.409848175e+02 -1.409848175e+02
234157 0 +9.977433701e+00 -1.422025663e+02 -1.422025663e+02
235517 0 +8.902638578e+00 -1.432773614e+02 -1.432773614e+02
238392 0 +7.941368921e+00 -1.442386311e+02 -1.442386311e+02
246874 0 +7.075041315e+00 -1.451049587e+02 -1.451049587e+02
254316 0 +6.307259070e+00 -1.458727409e+02 -1.458727409e+02
261430 0 +5.622765805e+00 -1.465572342e+02 -1.465572342e+02
268398 0 +5.007139481e+00 -1.471728605e+02 -1.471728605e+02
277040 0 +4.465824228e+00 -1.477141758e+02 -1.477141758e+02
400000 0 +3.990108645e+00 -1.481898914e+02 -1.481898914e+02
% f evaluations | g evaluations | best noise-free fitness - Fopt (5.821500000000e+02) + sum g_i+ | measured fitness | best measured fitness or single-digit g-values | x1 | x2...
1 0 +8.006195323e+04 +8.064410323e+04 +8.064410323e+04
4 0 +6.044154600e+04 +6.102369600e+04 +6.102369600e+04
8 0 +5.511967859e+04 +5.570182859e+04 +5.570182859e+04
10 0 +4.441085033e+04 +4.499300033e+04 +4.499300033e+04
1765 0 +3.156984754e+04 +3.215199754e+04 +3.215199754e+04
1845 0 +1.185618727e+04 +1.243833727e+04 +1.243833727e+04
1923 0 +1.099002391e+04 +1.157217391e+04 +1.157217391e+04
1925 0 +2.581800311e+03 +3.163950311e+03 +3.163950311e+03
2005 0 +8.374368775e+02 +1.419586878e+03 +1.419586878e+03
2165 0 +7.122944252e+02 +1.294444425e+03 +1.294444425e+03
2170 0 +6.867447188e+02 +1.268894719e+03 +1.268894719e+03
2182 0 +6.261688932e+02 +1.208318893e+03 +1.208318893e+03
2221 0 +5.592144181e+02 +1.141364418e+03 +1.141364418e+03
2238 0 +4.975981789e+02 +1.079748179e+03 +1.079748179e+03
2243 0 +3.959811585e+02 +9.781311585e+02 +9.781311585e+02
2493 0 +3.532235956e+02 +9.353735956e+02 +9.353735956e+02
2537 0 +2.886644435e+02 +8.708144435e+02 +8.708144435e+02
2539 0 +2.610863889e+02 +8.432363889e+02 +8.432363889e+02
2561 0 +2.439525247e+02 +8.261025247e+02 +8.261025247e+02
2597 0 +2.181891095e+02 +8.003391095e+02 +8.003391095e+02
2627 0 +1.978740156e+02 +7.800240156e+02 +7.800240156e+02
2858 0 +1.750862925e+02 +7.572362925e+02 +7.572362925e+02
3196 0 +1.577769001e+02 +7.399269001e+02 +7.399269001e+02
3990 0 +1.389418466e+02 +7.210918466e+02 +7.210918466e+02
4226 0 +1.245841739e+02 +7.067341739e+02 +7.067341739e+02
4308 0 +1.121472937e+02 +6.942972937e+02 +6.942972937e+02
4468 0 +9.870825061e+01 +6.808582506e+02 +6.808582506e+02
4858 0 +8.903359589e+01 +6.711835959e+02 +6.711835959e+02
32256 0 +7.942869360e+01 +6.615786936e+02 +6.615786936e+02
74598 0 +7.078848708e+01 +6.529384871e+02 +6.529384871e+02
111090 0 +6.308718904e+01 +6.452371890e+02 +6.452371890e+02
116850 0 +5.615725735e+01 +6.383072574e+02 +6.383072574e+02
120210 0 +4.999858683e+01 +6.321485868e+02 +6.321485868e+02
122690 0 +4.456676821e+01 +6.267167682e+02 +6.267167682e+02
124690 0 +3.975619483e+01 +6.219061948e+02 +6.219061948e+02
126450 0 +3.531736408e+01 +6.174673641e+02 +6.174673641e+02
127890 0 +3.160667065e+01 +6.137566706e+02 +6.137566706e+02
129250 0 +2.809942735e+01 +6.102494273e+02 +6.102494273e+02
130450 0 +2.504423349e+01 +6.071942335e+02 +6.071942335e+02
131570 0 +2.222462947e+01 +6.043746295e+02 +6.043746295e+02
132530 0 +1.983274261e+01 +6.019827426e+02 +6.019827426e+02
133410 0 +1.768925163e+01 +5.998392516e+02 +5.998392516e+02
134210 0 +1.578355180e+01 +5.979335518e+02 +5.979335518e+02
134930 0 +1.411529104e+01 +5.962652910e+02 +5.962652910e+02
135650 0 +1.250216354e+01 +5.946521635e+02 +5.946521635e+02
136290 0 +1.110974389e+01 +5.932597439e+02 +5.932597439e+02
136850 0 +9.933951892e+00 +5.920839519e+02 +5.920839519e+02
137410 0 +8.805367256e+00 +5.909553673e+02 +5.909553673e+02
137890 0 +7.877621949e+00 +5.900276219e+02 +5.900276219e+02
138370 0 +6.988548564e+00 +5.891385486e+02 +5.891385486e+02
138770 0 +6.273829067e+00 +5.884238291e+02 +5.884238291e+02
139170 0 +5.594134765e+00 +5.877441348e+02 +5.877441348e+02
139570 0 +4.944405088e+00 +5.870944051e+02 +5.870944051e+02
139890 0 +4.445785044e+00 +5.865957850e+02 +5.865957850e+02
140210 0 +3.971825789e+00 +5.861218258e+02 +5.861218258e+02
140530 0 +3.515594579e+00 +5.856655946e+02 +5.856655946e+02
140850 0 +3.086729400e+00 +5.852367294e+02 +5.852367294e+02
141090 0 +2.781233300e+00 +5.849312333e+02 +5.849312333e+02
141330 0 +2.485660886e+00 +5.846356609e+02 +5.846356609e+02
141570 0 +2.208472169e+00 +5.843584722e+02 +5.843584722e+02
141810 0 +1.942544498e+00 +5.840925445e+02 +5.840925445e+02
141970 0 +1.776295344e+00 +5.839262953e+02 +5.839262953e+02
142210 0 +1.540049102e+00 +5.836900491e+02 +5.836900491e+02
142370 0 +1.388515090e+00 +5.835385151e+02 +5.835385151e+02
142530 0 +1.248517638e+00 +5.833985176e+02 +5.833985176e+02
142690 0 +1.112429305e+00 +5.832624293e+02 +5.832624293e+02
142850 0 +9.857633178e-01 +5.831357633e+02 +5.831357633e+02
143010 0 +8.615114501e-01 +5.830115115e+02 +5.830115115e+02
143170 0 +7.483699814e-01 +5.828983700e+02 +5.828983700e+02
143250 0 +6.962218921e-01 +5.828462219e+02 +5.828462219e+02
143410 0 +5.953704391e-01 +5.827453704e+02 +5.827453704e+02
143490 0 +5.490943289e-01 +5.826990943e+02 +5.826990943e+02
143650 0 +4.602354497e-01 +5.826102354e+02 +5.826102354e+02
143730 0 +4.142989915e-01 +5.825642990e+02 +5.825642990e+02
143810 0 +3.748580524e-01 +5.825248581e+02 +5.825248581e+02
143890 0 +3.376704881e-01 +5.824876705e+02 +5.824876705e+02
143970 0 +3.005057660e-01 +5.824505058e+02 +5.824505058e+02
144050 0 +2.677894748e-01 +5.824177895e+02 +5.824177895e+02
144130 0 +2.366665854e-01 +5.823866666e+02 +5.823866666e+02
144210 0 +2.077484050e-01 +5.823577484e+02 +5.823577484e+02
144290 0 +1.780964913e-01 +5.823280965e+02 +5.823280965e+02
144370 0 +1.546093110e-01 +5.823046093e+02 +5.823046093e+02
144450 0 +1.316990205e-01 +5.822816990e+02 +5.822816990e+02
144530 0 +1.112894545e-01 +5.822612895e+02 +5.822612895e+02
144610 0 +9.092600326e-02 +5.822409260e+02 +5.822409260e+02
144690 0 +7.610385951e-02 +5.822261039e+02 +5.822261039e+02
144770 0 +6.079315660e-02 +5.822107932e+02 +5.822107932e+02
144850 0 +4.768563963e-02 +5.821976856e+02 +5.821976856e+02
144926 0 +4.438620174e-02 +5.821943862e+02 +5.821943862e+02
144930 0 +3.418778099e-02 +5.821841878e+02 +5.821841878e+02
145010 0 +2.828507630e-02 +5.821782851e+02 +5.821782851e+02
145012 0 +2.807618449e-02 +5.821780762e+02 +5.821780762e+02
145090 0 +2.260412102e-02 +5.821726041e+02 +5.821726041e+02
145168 0 +2.130620703e-02 +5.821713062e+02 +5.821713062e+02
145170 0 +1.993956038e-02 +5.821699396e+02 +5.821699396e+02
145250 0 +1.741269444e-02 +5.821674127e+02 +5.821674127e+02
145480 0 +1.533397219e-02 +5.821653340e+02 +5.821653340e+02
145622 0 +1.399276575e-02 +5.821639928e+02 +5.821639928e+02
145632 0 +1.184892881e-02 +5.821618489e+02 +5.821618489e+02
145638 0 +1.116450319e-02 +5.821611645e+02 +5.821611645e+02
145676 0 +9.948084293e-03 +5.821599481e+02 +5.821599481e+02
145866 0 +8.823302773e-03 +5.821588233e+02 +5.821588233e+02
146079 0 +7.937544899e-03 +5.821579375e+02 +5.821579375e+02
147041 0 +7.077443488e-03 +5.821570774e+02 +5.821570774e+02
151601 0 +6.306710817e-03 +5.821563067e+02 +5.821563067e+02
156961 0 +5.621069576e-03 +5.821556211e+02 +5.821556211e+02
162159 0 +5.011248103e-03 +5.821550112e+02 +5.821550112e+02
166881 0 +4.464537745e-03 +5.821544645e+02 +5.821544645e+02
171521 0 +3.980307833e-03 +5.821539803e+02 +5.821539803e+02
175681 0 +3.542678468e-03 +5.821535427e+02 +5.821535427e+02
182001 0 +3.161698702e-03 +5.821531617e+02 +5.821531617e+02
189521 0 +2.816106782e-03 +5.821528161e+02 +5.821528161e+02
196641 0 +2.510640365e-03 +5.821525106e+02 +5.821525106e+02
203361 0 +2.236896886e-03 +5.821522369e+02 +5.821522369e+02
209601 0 +1.993987932e-03 +5.821519940e+02 +5.821519940e+02
215601 0 +1.776898244e-03 +5.821517769e+02 +5.821517769e+02
221281 0 +1.583288007e-03 +5.821515833e+02 +5.821515833e+02
226481 0 +1.411137588e-03 +5.821514111e+02 +5.821514111e+02
231517 0 +1.258087606e-03 +5.821512581e+02 +5.821512581e+02
236159 0 +1.120869767e-03 +5.821511209e+02 +5.821511209e+02
240481 0 +9.990248449e-04 +5.821509990e+02 +5.821509990e+02
244797 0 +8.905934232e-04 +5.821508906e+02 +5.821508906e+02
248719 0 +7.933358462e-04 +5.821507933e+02 +5.821507933e+02
252321 0 +7.074263319e-04 +5.821507074e+02 +5.821507074e+02
257441 0 +6.305895415e-04 +5.821506306e+02 +5.821506306e+02
263921 0 +5.623095698e-04 +5.821505623e+02 +5.821505623e+02
270161 0 +5.007467872e-04 +5.821505007e+02 +5.821505007e+02
276001 0 +4.463881713e-04 +5.821504464e+02 +5.821504464e+02
281519 0 +3.980631653e-04 +5.821503981e+02 +5.821503981e+02
286719 0 +3.546831680e-04 +5.821503547e+02 +5.821503547e+02
291681 0 +3.159807266e-04 +5.821503160e+02 +5.821503160e+02
296317 0 +2.815132564e-04 +5.821502815e+02 +5.821502815e+02
300641 0 +2.509210062e-04 +5.821502509e+02 +5.821502509e+02
304641 0 +2.238507823e-04 +5.821502239e+02 +5.821502239e+02
308561 0 +1.993295501e-04 +5.821501993e+02 +5.821501993e+02
312241 0 +1.776589509e-04 +5.821501777e+02 +5.821501777e+02
315755 0 +1.584268789e-04 +5.821501584e+02 +5.821501584e+02
318961 0 +1.409928202e-04 +5.821501410e+02 +5.821501410e+02
321841 0 +1.258213307e-04 +5.821501258e+02 +5.821501258e+02
327679 0 +1.121425765e-04 +5.821501121e+02 +5.821501121e+02
333117 0 +9.996773542e-05 +5.821501000e+02 +5.821501000e+02
338241 0 +8.904654453e-05 +5.821500890e+02 +5.821500890e+02
343281 0 +7.942945069e-05 +5.821500794e+02 +5.821500794e+02
347681 0 +7.073622021e-05 +5.821500707e+02 +5.821500707e+02
352081 0 +6.299452855e-05 +5.821500630e+02 +5.821500630e+02
356079 0 +5.621914761e-05 +5.821500562e+02 +5.821500562e+02
360081 0 +5.010369512e-05 +5.821500501e+02 +5.821500501e+02
363681 0 +4.465036102e-05 +5.821500447e+02 +5.821500447e+02
367041 0 +3.975512527e-05 +5.821500398e+02 +5.821500398e+02
370479 0 +3.541822809e-05 +5.821500354e+02 +5.821500354e+02
373197 0 +3.161178313e-05 +5.821500316e+02 +5.821500316e+02
378881 0 +2.818223788e-05 +5.821500282e+02 +5.821500282e+02
384479 0 +2.509791659e-05 +5.821500251e+02 +5.821500251e+02
389521 0 +2.237224987e-05 +5.821500224e+02 +5.821500224e+02
394241 0 +1.993220963e-05 +5.821500199e+02 +5.821500199e+02
398881 0 +1.778261208e-05 +5.821500178e+02 +5.821500178e+02
400000 0 +1.732566511e-05 +5.821500173e+02 +5.821500173e+02
% f evaluations | g evaluations | best noise-free fitness - Fopt (1.752000000000e+01) + sum g_i+ | measured fitness | best measured fitness or single-digit g-values | x1 | x2...
1 0 +8.816053858e+04 +8.817805858e+04 +8.817805858e+04
4 0 +5.670673154e+04 +5.672425154e+04 +5.672425154e+04
10 0 +5.157481777e+04 +5.159233777e+04 +5.159233777e+04
40 0 +4.905161341e+04 +4.906913341e+04 +4.906913341e+04
124 0 +4.193928730e+04 +4.195680730e+04 +4.195680730e+04
226 0 +3.964003663e+04 +3.965755663e+04 +3.965755663e+04
1837 0 +3.196052816e+04 +3.197804816e+04 +3.197804816e+04
1917 0 +1.056751836e+04 +1.058503836e+04 +1.058503836e+04
1997 0 +2.378357132e+03 +2.395877132e+03 +2.395877132e+03
2077 0 +1.158398551e+03 +1.175918551e+03 +1.175918551e+03
2198 0 +1.118491595e+03 +1.136011595e+03 +1.136011595e+03
2209 0 +7.963478335e+02 +8.138678335e+02 +8.138678335e+02
2216 0 +7.684840240e+02 +7.860040240e+02 +7.860040240e+02
2217 0 +6.941223660e+02 +7.116423660e+02 +7.116423660e+02
2233 0 +5.749681726e+02 +5.924881726e+02 +5.924881726e+02
2242 0 +5.580607904e+02 +5.755807904e+02 +5.755807904e+02
2404 0 +4.930803701e+02 +5.106003701e+02 +5.106003701e+02
2451 0 +4.136933672e+02 +4.312133672e+02 +4.312133672e+02
2457 0 +3.930619925e+02 +4.105819925e+02 +4.105819925e+02
2475 0 +3.483995663e+02 +3.659195663e+02 +3.659195663e+02
2556 0 +3.114585414e+02 +3.289785414e+02 +3.289785414e+02
2741 0 +2.786571778e+02 +2.961771778e+02 +2.961771778e+02
2875 0 +2.468802946e+02 +2.644002946e+02 +2.644002946e+02
3716 0 +2.234396600e+02 +2.409596600e+02 +2.409596600e+02
4034 0 +1.974842770e+02 +2.150042770e+02 +2.150042770e+02
4270 0 +1.767883278e+02 +1.943083278e+02 +1.943083278e+02
4414 0 +1.567006916e+02 +1.742206916e+02 +1.742206916e+02
4652 0 +1.408409941e+02 +1.583609941e+02 +1.583609941e+02
4814 0 +1.227283466e+02 +1.402483466e+02 +1.402483466e+02
4972 0 +1.120919759e+02 +1.296119759e+02 +1.296119759e+02
5538 0 +9.996143774e+01 +1.174814377e+02 +1.174814377e+02
84081 0 +8.912487089e+01 +1.066448709e+02 +1.066448709e+02
240881 0 +7.943012228e+01 +9.695012228e+01 +9.695012228e+01
309601 0 +7.078699294e+01 +8.830699294e+01 +8.830699294e+01
329752 0 +6.308599696e+01 +8.060599696e+01 +8.060599696e+01
335281 0 +5.617644637e+01 +7.369644637e+01 +7.369644637e+01
338628 0 +5.011776418e+01 +6.763776418e+01 +6.763776418e+01
341041 0 +4.461032651e+01 +6.213032651e+01 +6.213032651e+01
343041 0 +3.976807392e+01 +5.728807392e+01 +5.728807392e+01
344797 0 +3.547883410e+01 +5.299883410e+01 +5.299883410e+01
346319 0 +3.161250883e+01 +4.913250883e+01 +4.913250883e+01
347677 0 +2.817817198e+01 +4.569817198e+01 +4.569817198e+01
348877 0 +2.510495467e+01 +4.262495467e+01 +4.262495467e+01
349921 0 +2.233903846e+01 +3.985903846e+01 +3.985903846e+01
350881 0 +1.994884650e+01 +3.746884650e+01 +3.746884650e+01
351835 0 +1.778261839e+01 +3.530261839e+01 +3.530261839e+01
352639 0 +1.583802631e+01 +3.335802631e+01 +3.335802631e+01
353437 0 +1.411824174e+01 +3.163824174e+01 +3.163824174e+01
354159 0 +1.258368900e+01 +3.010368900e+01 +3.010368900e+01
354879 0 +1.119526982e+01 +2.871526982e+01 +2.871526982e+01
355590 0 +9.998523201e+00 +2.751852320e+01 +2.751852320e+01
356237 0 +8.902391642e+00 +2.642239164e+01 +2.642239164e+01
356872 0 +7.939839723e+00 +2.545983972e+01 +2.545983972e+01
357439 0 +7.076924776e+00 +2.459692478e+01 +2.459692478e+01
358077 0 +6.291623652e+00 +2.381162365e+01 +2.381162365e+01
358639 0 +5.619900801e+00 +2.313990080e+01 +2.313990080e+01
359277 0 +5.009715080e+00 +2.252971508e+01 +2.252971508e+01
359919 0 +4.456400877e+00 +2.197640088e+01 +2.197640088e+01
360719 0 +3.971087131e+00 +2.149108713e+01 +2.149108713e+01
361992 0 +3.547678458e+00 +2.106767846e+01 +2.106767846e+01
365352 0 +3.162192075e+00 +2.068219207e+01 +2.068219207e+01
368794 0 +2.811978071e+00 +2.033197807e+01 +2.033197807e+01
371676 0 +2.511153572e+00 +2.003115357e+01 +2.003115357e+01
374386 0 +2.238416837e+00 +1.975841684e+01 +1.975841684e+01
376876 0 +1.992804015e+00 +1.951280402e+01 +1.951280402e+01
379116 0 +1.774369094e+00 +1.929436909e+01 +1.929436909e+01
381104 0 +1.584803853e+00 +1.910480385e+01 +1.910480385e+01
382868 0 +1.412339810e+00 +1.893233981e+01 +1.893233981e+01
384640 0 +1.258497571e+00 +1.877849757e+01 +1.877849757e+01
386394 0 +1.121279098e+00 +1.864127910e+01 +1.864127910e+01
387918 0 +9.965325056e-01 +1.851653251e+01 +1.851653251e+01
389278 0 +8.899223654e-01 +1.840992237e+01 +1.840992237e+01
390638 0 +7.921102586e-01 +1.831211026e+01 +1.831211026e+01
391920 0 +7.067290794e-01 +1.822672908e+01 +1.822672908e+01
393276 0 +6.308183645e-01 +1.815081836e+01 +1.815081836e+01
394640 0 +5.598946334e-01 +1.807989463e+01 +1.807989463e+01
395840 0 +5.008233384e-01 +1.802082334e+01 +1.802082334e+01
397120 0 +4.455707847e-01 +1.796557078e+01 +1.796557078e+01
398238 0 +3.980177467e-01 +1.791801775e+01 +1.791801775e+01
399362 0 +3.543462055e-01 +1.787434621e+01 +1.787434621e+01
400000 0 +3.328359114e-01 +1.785283591e+01 +1.785283591e+01
% f evaluations | g evaluations | best noise-free fitness - Fopt (4.041000000000e+01) + sum g_i+ | measured fitness | best measured fitness or single-digit g-values | x1 | x2...
1 0 +1.308760512e+05 +1.309164612e+05 +1.309164612e+05
5 0 +1.302059138e+05 +1.302463238e+05 +1.302463238e+05
7 0 +8.164787207e+04 +8.168828207e+04 +8.168828207e+04
22 0 +6.954878732e+04 +6.958919732e+04 +6.958919732e+04
1253 0 +5.020524381e+04 +5.024565381e+04 +5.024565381e+04
1256 0 +4.836991944e+04 +4.841032944e+04 +4.841032944e+04
1267 0 +3.715637678e+04 +3.719678678e+04 +3.719678678e+04
1277 0 +3.195551502e+04 +3.199592502e+04 +3.199592502e+04
1279 0 +2.595606095e+04 +2.599647095e+04 +2.599647095e+04
1289 0 +2.300355701e+04 +2.304396701e+04 +2.304396701e+04
1295 0 +2.156573698e+04 +2.160614698e+04 +2.160614698e+04
1313 0 +1.710553935e+04 +1.714594935e+04 +1.714594935e+04
1319 0 +1.298385557e+04 +1.302426557e+04 +1.302426557e+04
1333 0 +8.132804343e+03 +8.173214343e+03 +8.173214343e+03
1347 0 +7.078871029e+03 +7.119281029e+03 +7.119281029e+03
1357 0 +6.125920681e+03 +6.166330681e+03 +6.166330681e+03
1359 0 +5.499059983e+03 +5.539469983e+03 +5.539469983e+03
1367 0 +4.895292262e+03 +4.935702262e+03 +4.935702262e+03
1393 0 +3.797933278e+03 +3.838343278e+03 +3.838343278e+03
1399 0 +3.482169816e+03 +3.522579816e+03 +3.522579816e+03
1413 0 +2.861319530e+03 +2.901729530e+03 +2.901729530e+03
1426 0 +2.439645538e+03 +2.480055538e+03 +2.480055538e+03
1445 0 +1.875472375e+03 +1.915882375e+03 +1.915882375e+03
1471 0 +1.389569485e+03 +1.429979485e+03 +1.429979485e+03
1506 0 +1.231747872e+03 +1.272157872e+03 +1.272157872e+03
1507 0 +1.019107062e+03 +1.059517062e+03 +1.059517062e+03
1516 0 +9.855181781e+02 +1.025928178e+03 +1.025928178e+03
1701 0 +8.247988377e+02 +8.652088377e+02 +8.652088377e+02
1713 0 +7.839293763e+02 +8.243393763e+02 +8.243393763e+02
1729 0 +6.348744273e+02 +6.752844273e+02 +6.752844273e+02
1732 0 +6.244582743e+02 +6.648682743e+02 +6.648682743e+02
1779 0 +4.938071186e+02 +5.342171186e+02 +5.342171186e+02
1819 0 +3.990838197e+02 +4.394938197e+02 +4.394938197e+02
1831 0 +3.818290490e+02 +4.222390490e+02 +4.222390490e+02
2007 0 +3.497717874e+02 +3.901817874e+02 +3.901817874e+02
2042 0 +3.138575355e+02 +3.542675355e+02 +3.542675355e+02
2095 0 +2.656817992e+02 +3.060917992e+02 +3.060917992e+02
2339 0 +2.495676116e+02 +2.899776116e+02 +2.899776116e+02
2421 0 +2.232937962e+02 +2.637037962e+02 +2.637037962e+02
2575 0 +1.968295403e+02 +2.372395403e+02 +2.372395403e+02
2735 0 +1.741364342e+02 +2.145464342e+02 +2.145464342e+02
3100 0 +1.581663729e+02 +1.985763729e+02 +1.985763729e+02
4953 0 +1.411742069e+02 +1.815842069e+02 +1.815842069e+02
5515 0 +1.254445224e+02 +1.658545224e+02 +1.658545224e+02
5837 0 +1.121974606e+02 +1.526074606e+02 +1.526074606e+02
6157 0 +9.944954367e+01 +1.398595437e+02 +1.398595437e+02
6559 0 +8.906081493e+01 +1.294708149e+02 +1.294708149e+02
23523 0 +7.943073845e+01 +1.198407385e+02 +1.198407385e+02
39222 0 +7.077487224e+01 +1.111848722e+02 +1.111848722e+02
43144 0 +6.305950833e+01 +1.034695083e+02 +1.034695083e+02
44986 0 +5.609188227e+01 +9.650188227e+01 +9.650188227e+01
46342 0 +5.008276034e+01 +9.049276034e+01 +9.049276034e+01
47384 0 +4.447908500e+01 +8.488908500e+01 +8.488908500e+01
48264 0 +3.966674422e+01 +8.007674422e+01 +8.007674422e+01
48986 0 +3.536651668e+01 +7.577651668e+01 +7.577651668e+01
49704 0 +3.147161191e+01 +7.188161191e+01 +7.188161191e+01
50266 0 +2.802047448e+01 +6.843047448e+01 +6.843047448e+01
50824 0 +2.508210439e+01 +6.549210439e+01 +6.549210439e+01
51306 0 +2.216384236e+01 +6.257384236e+01 +6.257384236e+01
51784 0 +1.980466377e+01 +6.021466377e+01 +6.021466377e+01
52184 0 +1.770715993e+01 +5.811715993e+01 +5.811715993e+01
52584 0 +1.570145410e+01 +5.611145410e+01 +5.611145410e+01
52906 0 +1.398380738e+01 +5.439380738e+01 +5.439380738e+01
53226 0 +1.253175191e+01 +5.294175191e+01 +5.294175191e+01
53546 0 +1.117479425e+01 +5.158479425e+01 +5.158479425e+01
53866 0 +9.918437506e+00 +5.032843751e+01 +5.032843751e+01
54186 0 +8.764440481e+00 +4.917444048e+01 +4.917444048e+01
54504 0 +7.871789425e+00 +4.828178943e+01 +4.828178943e+01
54746 0 +7.016795322e+00 +4.742679532e+01 +4.742679532e+01
55066 0 +6.209362373e+00 +4.661936237e+01 +4.661936237e+01
55386 0 +5.557135669e+00 +4.596713567e+01 +4.596713567e+01
55786 0 +4.950220949e+00 +4.536022095e+01 +4.536022095e+01
56798 0 +4.466625528e+00 +4.487662553e+01 +4.487662553e+01
400000 0 +3.986631867e+00 +4.439663187e+01 +4.439663187e+01
% f evaluations | g evaluations | best noise-free fitness - Fopt (2.265900000000e+02) + sum g_i+ | measured fitness | best measured fitness or single-digit g-values | x1 | x2...
1 0 +1.558253993e+05 +1.560519893e+05 +1.560519893e+05
4 0 +1.007161263e+05 +1.009427163e+05 +1.009427163e+05
13 0 +9.719215026e+04 +9.741874026e+04 +9.741874026e+04
16 0 +8.818785848e+04 +8.841444848e+04 +8.841444848e+04
1243 0 +7.083889228e+04 +7.106548228e+04 +7.106548228e+04
1245 0 +7.007308043e+04 +7.029967043e+04 +7.029967043e+04
1253 0 +5.526443899e+04 +5.549102899e+04 +5.549102899e+04
1259 0 +4.773393160e+04 +4.796052160e+04 +4.796052160e+04
1267 0 +4.012995405e+04 +4.035654405e+04 +4.035654405e+04
1270 0 +3.947983252e+04 +3.970642252e+04 +3.970642252e+04
1273 0 +3.478749563e+04 +3.501408563e+04 +3.501408563e+04
1279 0 +3.106906631e+04 +3.129565631e+04 +3.129565631e+04
1287 0 +2.797342782e+04 +2.820001782e+04 +2.820001782e+04
1305 0 +2.377553642e+04 +2.400212642e+04 +2.400212642e+04
1311 0 +2.170569201e+04 +2.193228201e+04 +2.193228201e+04
1313 0 +1.853671091e+04 +1.876330091e+04 +1.876330091e+04
1317 0 +1.679362365e+04 +1.702021365e+04 +1.702021365e+04
1321 0 +1.444824727e+04 +1.467483727e+04 +1.467483727e+04
1323 0 +1.152353572e+04 +1.175012572e+04 +1.175012572e+04
1333 0 +7.175951866e+03 +7.402541866e+03 +7.402541866e+03
1336 0 +6.897852002e+03 +7.124442002e+03 +7.124442002e+03
1339 0 +5.411998826e+03 +5.638588826e+03 +5.638588826e+03
1347 0 +4.946217289e+03 +5.172807289e+03 +5.172807289e+03
1353 0 +3.768786310e+03 +3.995376310e+03 +3.995376310e+03
1385 0 +3.433362314e+03 +3.659952314e+03 +3.659952314e+03
1395 0 +3.158738614e+03 +3.385328614e+03 +3.385328614e+03
1403 0 +2.735596788e+03 +2.962186788e+03 +2.962186788e+03
1413 0 +2.361715059e+03 +2.588305059e+03 +2.588305059e+03
1426 0 +2.028159687e+03 +2.254749687e+03 +2.254749687e+03
1446 0 +1.799019077e+03 +2.025609077e+03 +2.025609077e+03
1463 0 +1.728875100e+03 +1.955465100e+03 +1.955465100e+03
1473 0 +1.525790138e+03 +1.752380138e+03 +1.752380138e+03
1492 0 +1.275313385e+03 +1.501903385e+03 +1.501903385e+03
1541 0 +1.016438416e+03 +1.243028416e+03 +1.243028416e+03
1551 0 +7.000011428e+02 +9.265911428e+02 +9.265911428e+02
1785 0 +6.238124471e+02 +8.504024471e+02 +8.504024471e+02
1943 0 +5.314088178e+02 +7.579988178e+02 +7.579988178e+02
1957 0 +4.902671844e+02 +7.168571844e+02 +7.168571844e+02
1982 0 +4.237440519e+02 +6.503340519e+02 +6.503340519e+02
1998 0 +3.788214255e+02 +6.054114255e+02 +6.054114255e+02
2002 0 +3.520043612e+02 +5.785943612e+02 +5.785943612e+02
2129 0 +3.127163827e+02 +5.393063827e+02 +5.393063827e+02
2244 0 +2.708313731e+02 +4.974213731e+02 +4.974213731e+02
2424 0 +2.503064285e+02 +4.768964285e+02 +4.768964285e+02
2464 0 +2.156796971e+02 +4.422696971e+02 +4.422696971e+02
2544 0 +1.987344873e+02 +4.253244873e+02 +4.253244873e+02
2804 0 +1.755722108e+02 +4.021622108e+02 +4.021622108e+02
2855 0 +1.562584174e+02 +3.828484174e+02 +3.828484174e+02
2930 0 +1.404046231e+02 +3.669946231e+02 +3.669946231e+02
3008 0 +1.224586081e+02 +3.490486081e+02 +3.490486081e+02
3244 0 +1.113999971e+02 +3.379899971e+02 +3.379899971e+02
3696 0 +9.956310037e+01 +3.261531004e+02 +3.261531004e+02
3746 0 +8.840181506e+01 +3.149918151e+02 +3.149918151e+02
3871 0 +7.942425558e+01 +3.060142556e+02 +3.060142556e+02
7314 0 +7.079270731e+01 +2.973827073e+02 +2.973827073e+02
15788 0 +6.307078582e+01 +2.896607858e+02 +2.896607858e+02
18104 0 +5.622278857e+01 +2.828127886e+02 +2.828127886e+02
19548 0 +4.995666501e+01 +2.765466650e+02 +2.765466650e+02
20666 0 +4.465728890e+01 +2.712472889e+02 +2.712472889e+02
21548 0 +3.979928493e+01 +2.663892849e+02 +2.663892849e+02
22348 0 +3.536158377e+01 +2.619515838e+02 +2.619515838e+02
23066 0 +3.152239139e+01 +2.581123914e+02 +2.581123914e+02
23628 0 +2.807311740e+01 +2.546631174e+02 +2.546631174e+02
24186 0 +2.507345736e+01 +2.516634574e+02 +2.516634574e+02
24666 0 +2.231755922e+01 +2.489075592e+02 +2.489075592e+02
25068 0 +1.983630327e+01 +2.464263033e+02 +2.464263033e+02
25468 0 +1.763800686e+01 +2.442280069e+02 +2.442280069e+02
25866 0 +1.567454117e+01 +2.422645412e+02 +2.422645412e+02
26186 0 +1.399540085e+01 +2.405854008e+02 +2.405854008e+02
26428 0 +1.258348758e+01 +2.391734876e+02 +2.391734876e+02
26746 0 +1.119723488e+01 +2.377872349e+02 +2.377872349e+02
26988 0 +9.876578320e+00 +2.364665783e+02 +2.364665783e+02
27228 0 +8.793107843e+00 +2.353831078e+02 +2.353831078e+02
27466 0 +7.914193799e+00 +2.345041938e+02 +2.345041938e+02
27706 0 +6.931078905e+00 +2.335210789e+02 +2.335210789e+02
27866 0 +6.287832380e+00 +2.328778324e+02 +2.328778324e+02
28028 0 +5.524030648e+00 +2.321140306e+02 +2.321140306e+02
28188 0 +4.959476032e+00 +2.315494760e+02 +2.315494760e+02
28348 0 +4.408187508e+00 +2.309981875e+02 +2.309981875e+02
28508 0 +3.904077202e+00 +2.304940772e+02 +2.304940772e+02
28666 0 +3.537659569e+00 +2.301276596e+02 +2.301276596e+02
28826 0 +3.074971453e+00 +2.296649715e+02 +2.296649715e+02
28908 0 +2.746296973e+00 +2.293362970e+02 +2.293362970e+02
29066 0 +2.440035907e+00 +2.290300359e+02 +2.290300359e+02
29148 0 +2.156088888e+00 +2.287460889e+02 +2.287460889e+02
29228 0 +1.983014053e+00 +2.285730141e+02 +2.285730141e+02
29386 0 +1.728807425e+00 +2.283188074e+02 +2.283188074e+02
29466 0 +1.574019379e+00 +2.281640194e+02 +2.281640194e+02
29548 0 +1.360383995e+00 +2.279503840e+02 +2.279503840e+02
29628 0 +1.225280484e+00 +2.278152805e+02 +2.278152805e+02
29708 0 +1.110385445e+00 +2.277003854e+02 +2.277003854e+02
29862 0 +9.982713344e-01 +2.275882713e+02 +2.275882713e+02
29946 0 +8.513265099e-01 +2.274413265e+02 +2.274413265e+02
30026 0 +7.755557725e-01 +2.273655558e+02 +2.273655558e+02
30106 0 +7.037092669e-01 +2.272937093e+02 +2.272937093e+02
30188 0 +6.112781026e-01 +2.272012781e+02 +2.272012781e+02
30348 0 +5.457741314e-01 +2.271357741e+02 +2.271357741e+02
30712 0 +4.994349253e-01 +2.270894349e+02 +2.270894349e+02
31518 0 +4.456960625e-01 +2.270356961e+02 +2.270356961e+02
32560 0 +3.968317057e-01 +2.269868317e+02 +2.269868317e+02
33840 0 +3.544573120e-01 +2.269444573e+02 +2.269444573e+02
34800 0 +3.162177999e-01 +2.269062178e+02 +2.269062178e+02
36078 0 +2.811259932e-01 +2.268711260e+02 +2.268711260e+02
37360 0 +2.507576457e-01 +2.268407576e+02 +2.268407576e+02
38328 0 +2.234490363e-01 +2.268134490e+02 +2.268134490e+02
39922 0 +1.993409386e-01 +2.267893409e+02 +2.267893409e+02
42002 0 +1.774718467e-01 +2.267674718e+02 +2.267674718e+02
44002 0 +1.584659386e-01 +2.267484659e+02 +2.267484659e+02
46082 0 +1.411732066e-01 +2.267311732e+02 +2.267311732e+02
48162 0 +1.255537245e-01 +2.267155537e+02 +2.267155537e+02
49922 0 +1.119956710e-01 +2.267019957e+02 +2.267019957e+02
51922 0 +9.988324209e-02 +2.266898832e+02 +2.266898832e+02
53682 0 +8.895959663e-02 +2.266789596e+02 +2.266789596e+02
55516 0 +7.927017020e-02 +2.266692702e+02 +2.266692702e+02
57122 0 +7.066808296e-02 +2.266606681e+02 +2.266606681e+02
59356 0 +6.309281657e-02 +2.266530928e+02 +2.266530928e+02
62478 0 +5.619178462e-02 +2.266461918e+02 +2.266461918e+02
65362 0 +5.011378014e-02 +2.266401138e+02 +2.266401138e+02
68242 0 +4.463367275e-02 +2.266346337e+02 +2.266346337e+02
70962 0 +3.971729924e-02 +2.266297173e+02 +2.266297173e+02
73522 0 +3.546169813e-02 +2.266254617e+02 +2.266254617e+02
76002 0 +3.157857873e-02 +2.266215786e+02 +2.266215786e+02
78482 0 +2.816851983e-02 +2.266181685e+02 +2.266181685e+02
81842 0 +2.507933322e-02 +2.266150793e+02 +2.266150793e+02
86082 0 +2.237409674e-02 +2.266123741e+02 +2.266123741e+02
90162 0 +1.995252773e-02 +2.266099525e+02 +2.266099525e+02
94082 0 +1.775892599e-02 +2.266077589e+02 +2.266077589e+02
97842 0 +1.584360831e-02 +2.266058436e+02 +2.266058436e+02
101362 0 +1.411392513e-02 +2.266041139e+02 +2.266041139e+02
104722 0 +1.257214132e-02 +2.266025721e+02 +2.266025721e+02
107996 0 +1.121929673e-02 +2.266012193e+02 +2.266012193e+02
110962 0 +9.972165815e-03 +2.265999722e+02 +2.265999722e+02
113842 0 +8.909191695e-03 +2.265989092e+02 +2.265989092e+02
116718 0 +7.938505594e-03 +2.265979385e+02 +2.265979385e+02
120642 0 +7.078642939e-03 +2.265970786e+02 +2.265970786e+02
125522 0 +6.306028037e-03 +2.265963060e+02 +2.265963060e+02
130238 0 +5.623052219e-03 +2.265956231e+02 +2.265956231e+02
134722 0 +5.008607865e-03 +2.265950086e+02 +2.265950086e+02
138962 0 +4.466515768e-03 +2.265944665e+02 +2.265944665e+02
142958 0 +3.978967278e-03 +2.265939790e+02 +2.265939790e+02
146800 0 +3.545281775e-03 +2.265935453e+02 +2.265935453e+02
150242 0 +3.161823113e-03 +2.265931618e+02 +2.265931618e+02
153680 0 +2.817131371e-03 +2.265928171e+02 +2.265928171e+02
157038 0 +2.510929085e-03 +2.265925109e+02 +2.265925109e+02
161362 0 +2.237962092e-03 +2.265922380e+02 +2.265922380e+02
167202 0 +1.993187991e-03 +2.265919932e+02 +2.265919932e+02
172638 0 +1.778186000e-03 +2.265917782e+02 +2.265917782e+02
177840 0 +1.584691689e-03 +2.265915847e+02 +2.265915847e+02
182722 0 +1.411594394e-03 +2.265914116e+02 +2.265914116e+02
187282 0 +1.258805578e-03 +2.265912588e+02 +2.265912588e+02
191682 0 +1.120142192e-03 +2.265911201e+02 +2.265911201e+02
195838 0 +9.998359009e-04 +2.265909998e+02 +2.265909998e+02
199682 0 +8.905765673e-04 +2.265908906e+02 +2.265908906e+02
203440 0 +7.935934353e-04 +2.265907936e+02 +2.265907936e+02
206962 0 +7.065445890e-04 +2.265907065e+02 +2.265907065e+02
210162 0 +6.307256843e-04 +2.265906307e+02 +2.265906307e+02
213362 0 +5.620475130e-04 +2.265905620e+02 +2.265905620e+02
219202 0 +5.009239315e-04 +2.265905009e+02 +2.265905009e+02
224876 0 +4.466389226e-04 +2.265904466e+02 +2.265904466e+02
230082 0 +3.979274796e-04 +2.265903979e+02 +2.265903979e+02
235122 0 +3.543942641e-04 +2.265903544e+02 +2.265903544e+02
239842 0 +3.158965336e-04 +2.265903159e+02 +2.265903159e+02
244322 0 +2.816468630e-04 +2.265902816e+02 +2.265902816e+02
248562 0 +2.507107880e-04 +2.265902507e+02 +2.265902507e+02
252482 0 +2.238482217e-04 +2.265902238e+02 +2.265902238e+02
256314 0 +1.993233662e-04 +2.265901993e+02 +2.265901993e+02
259762 0 +1.776770647e-04 +2.265901777e+02 +2.265901777e+02
263200 0 +1.584204502e-04 +2.265901584e+02 +2.265901584e+02
266490 0 +1.412467451e-04 +2.265901412e+02 +2.265901412e+02
272002 0 +1.257862374e-04 +2.265901258e+02 +2.265901258e+02
277762 0 +1.121083827e-04 +2.265901121e+02 +2.265901121e+02
283042 0 +9.999791226e-05 +2.265901000e+02 +2.265901000e+02
288162 0 +8.895616696e-05 +2.265900890e+02 +2.265900890e+02
292946 0 +7.940367394e-05 +2.265900794e+02 +2.265900794e+02
297522 0 +7.070424411e-05 +2.265900707e+02 +2.265900707e+02
301682 0 +6.307701008e-05 +2.265900631e+02 +2.265900631e+02
305840 0 +5.615084737e-05 +2.265900562e+02 +2.265900562e+02
309522 0 +5.010683898e-05 +2.265900501e+02 +2.265900501e+02
313042 0 +4.457547166e-05 +2.265900446e+02 +2.265900446e+02
316562 0 +3.980170064e-05 +2.265900398e+02 +2.265900398e+02
319840 0 +3.547779519e-05 +2.265900355e+02 +2.265900355e+02
322880 0 +3.159919956e-05 +2.265900316e+02 +2.265900316e+02
325682 0 +2.817549247e-05 +2.265900282e+02 +2.265900282e+02
331120 0 +2.511868962e-05 +2.265900251e+02 +2.265900251e+02
336240 0 +2.237009710e-05 +2.265900224e+02 +2.265900224e+02
341036 0 +1.994358303e-05 +2.265900199e+02 +2.265900199e+02
345522 0 +1.777255878e-05 +2.265900178e+02 +2.265900178e+02
349840 0 +1.584553078e-05 +2.265900158e+02 +2.265900158e+02
353842 0 +1.411970672e-05 +2.265900141e+02 +2.265900141e+02
357750 0 +1.258078458e-05 +2.265900126e+02 +2.265900126e+02
361362 0 +1.121297356e-05 +2.265900112e+02 +2.265900112e+02
364722 0 +9.981967537e-06 +2.265900100e+02 +2.265900100e+02
368002 0 +8.906443298e-06 +2.265900089e+02 +2.265900089e+02
370962 0 +7.937854605e-06 +2.265900079e+02 +2.265900079e+02
374002 0 +7.065887161e-06 +2.265900071e+02 +2.265900071e+02
376720 0 +6.306726448e-06 +2.265900063e+02 +2.265900063e+02
379280 0 +5.610612078e-06 +2.265900056e+02 +2.265900056e+02
381682 0 +5.010541116e-06 +2.265900050e+02 +2.265900050e+02
383998 0 +4.446933332e-06 +2.265900044e+02 +2.265900044e+02
387122 0 +3.977140466e-06 +2.265900040e+02 +2.265900040e+02
391122 0 +3.547369261e-06 +2.265900035e+02 +2.265900035e+02
395040 0 +3.161718155e-06 +2.265900032e+02 +2.265900032e+02
398636 0 +2.816202056e-06 +2.265900028e+02 +2.265900028e+02
400000 0 +2.692402546e-06 +2.265900027e+02 +2.265900027e+02
% f evaluations | g evaluations | best noise-free fitness - Fopt (-5.862000000000e+01) + sum g_i+ | measured fitness | best measured fitness or single-digit g-values | x1 | x2...
1 0 +1.185612997e+05 +1.185026797e+05 +1.185026797e+05
4 0 +1.177025151e+05 +1.176438951e+05 +1.176438951e+05
7 0 +6.902029328e+04 +6.896167328e+04 +6.896167328e+04
76 0 +6.257719457e+04 +6.251857457e+04 +6.251857457e+04
1249 0 +5.478136698e+04 +5.472274698e+04 +5.472274698e+04
1253 0 +4.723751634e+04 +4.717889634e+04 +4.717889634e+04
1257 0 +4.409703654e+04 +4.403841654e+04 +4.403841654e+04
1263 0 +3.316936621e+04 +3.311074621e+04 +3.311074621e+04
1267 0 +2.358073768e+04 +2.352211768e+04 +2.352211768e+04
1277 0 +2.117130074e+04 +2.111268074e+04 +2.111268074e+04
1299 0 +1.922167809e+04 +1.916305809e+04 +1.916305809e+04
1301 0 +1.737948783e+04 +1.732086783e+04 +1.732086783e+04
1303 0 +1.407935239e+04 +1.402073239e+04 +1.402073239e+04
1307 0 +1.220079635e+04 +1.214217635e+04 +1.214217635e+04
1329 0 +1.085829317e+04 +1.079967317e+04 +1.079967317e+04
1333 0 +9.312851896e+03 +9.254231896e+03 +9.254231896e+03
1337 0 +8.758310166e+03 +8.699690166e+03 +8.699690166e+03
1343 0 +7.256263455e+03 +7.197643455e+03 +7.197643455e+03
1345 0 +6.763185019e+03 +6.704565019e+03 +6.704565019e+03
1347 0 +4.489705151e+03 +4.431085151e+03 +4.431085151e+03
1357 0 +4.461599479e+03 +4.402979479e+03 +4.402979479e+03
1383 0 +3.941365469e+03 +3.882745469e+03 +3.882745469e+03
1387 0 +3.381730830e+03 +3.323110830e+03 +3.323110830e+03
1395 0 +3.142841241e+03 +3.084221241e+03 +3.084221241e+03
1422 0 +2.517813982e+03 +2.459193982e+03 +2.459193982e+03
1423 0 +2.411831405e+03 +2.353211405e+03 +2.353211405e+03
1456 0 +1.934764353e+03 +1.876144353e+03 +1.876144353e+03
1485 0 +1.442772990e+03 +1.384152990e+03 +1.384152990e+03
1502 0 +1.394666970e+03 +1.336046970e+03 +1.336046970e+03
1514 0 +1.224438982e+03 +1.165818982e+03 +1.165818982e+03
1800 0 +1.110611579e+03 +1.051991579e+03 +1.051991579e+03
1811 0 +9.687915775e+02 +9.101715775e+02 +9.101715775e+02
1827 0 +8.713719429e+02 +8.127519429e+02 +8.127519429e+02
1829 0 +7.678070725e+02 +7.091870725e+02 +7.091870725e+02
1841 0 +6.423840338e+02 +5.837640338e+02 +5.837640338e+02
1877 0 +6.250130262e+02 +5.663930262e+02 +5.663930262e+02
1905 0 +5.566670524e+02 +4.980470524e+02 +4.980470524e+02
1921 0 +4.971095808e+02 +4.384895808e+02 +4.384895808e+02
2209 0 +4.262511520e+02 +3.676311520e+02 +3.676311520e+02
2227 0 +3.975485908e+02 +3.389285908e+02 +3.389285908e+02
2241 0 +3.397665020e+02 +2.811465020e+02 +2.811465020e+02
2321 0 +3.123122508e+02 +2.536922508e+02 +2.536922508e+02
2401 0 +2.677686921e+02 +2.091486921e+02 +2.091486921e+02
2510 0 +2.473069053e+02 +1.886869053e+02 +1.886869053e+02
2561 0 +2.178733547e+02 +1.592533547e+02 +1.592533547e+02
2641 0 +1.977440781e+02 +1.391240781e+02 +1.391240781e+02
2842 0 +1.765916834e+02 +1.179716834e+02 +1.179716834e+02
2868 0 +1.579710350e+02 +9.935103502e+01 +9.935103502e+01
2936 0 +1.411693546e+02 +8.254935463e+01 +8.254935463e+01
2996 0 +1.254209231e+02 +6.680092314e+01 +6.680092314e+01
3094 0 +1.083350712e+02 +4.971507124e+01 +4.971507124e+01
3322 0 +9.998662495e+01 +4.136662495e+01 +4.136662495e+01
3705 0 +8.897874710e+01 +3.035874710e+01 +3.035874710e+01
8142 0 +7.943240453e+01 +2.081240453e+01 +2.081240453e+01
19936 0 +7.077959909e+01 +1.215959909e+01 +1.215959909e+01
22420 0 +6.305921789e+01 +4.439217892e+00 +4.439217892e+00
24018 0 +5.616756393e+01 -2.452436068e+00 -2.452436068e+00
25218 0 +5.008355667e+01 -8.536443334e+00 -8.536443334e+00
26256 0 +4.465632171e+01 -1.396367829e+01 -1.396367829e+01
27136 0 +3.972084602e+01 -1.889915398e+01 -1.889915398e+01
27858 0 +3.528849172e+01 -2.333150828e+01 -2.333150828e+01
28498 0 +3.158670752e+01 -2.703329248e+01 -2.703329248e+01
29138 0 +2.791444292e+01 -3.070555708e+01 -3.070555708e+01
29696 0 +2.508967071e+01 -3.353032929e+01 -3.353032929e+01
30178 0 +2.214339658e+01 -3.647660342e+01 -3.647660342e+01
30658 0 +1.964211904e+01 -3.897788096e+01 -3.897788096e+01
31058 0 +1.767148400e+01 -4.094851600e+01 -4.094851600e+01
31458 0 +1.580316349e+01 -4.281683651e+01 -4.281683651e+01
31858 0 +1.407895578e+01 -4.454104422e+01 -4.454104422e+01
32258 0 +1.245950349e+01 -4.616049651e+01 -4.616049651e+01
32658 0 +1.098595553e+01 -4.763404447e+01 -4.763404447e+01
32978 0 +9.904068577e+00 -4.871593142e+01 -4.871593142e+01
33298 0 +8.893386248e+00 -4.972661375e+01 -4.972661375e+01
33698 0 +7.766001698e+00 -5.085399830e+01 -5.085399830e+01
34018 0 +6.953498769e+00 -5.166650123e+01 -5.166650123e+01
34338 0 +6.282385566e+00 -5.233761443e+01 -5.233761443e+01
34738 0 +5.596605730e+00 -5.302339427e+01 -5.302339427e+01
35280 0 +5.011157437e+00 -5.360884256e+01 -5.360884256e+01
40074 0 +4.466337410e+00 -5.415366259e+01 -5.415366259e+01
400000 0 +3.986631044e+00 -5.463336896e+01 -5.463336896e+01
