% f evaluations | g evaluations | best noise-free fitness - Fopt (-5.235000000000e+01) + sum g_i+ | measured fitness | best measured fitness or single-digit g-values | x1 | x2...
1 0 +6.365678814e+01 +1.130678814e+01 +1.130678814e+01 +0.0000e+00 +0.0000e+00 +0.0000e+00 +0.0000e+00 +0.0000e+00
2 0 +2.747655114e+01 -2.487344886e+01 -2.487344886e+01 -2.9289e+00 +0.0000e+00 +0.0000e+00 +0.0000e+00 +0.0000e+00
4 0 +1.719084564e+01 -3.515915436e+01 -3.515915436e+01 -4.5498e+00 -1.6209e+00 -1.6209e+00 -1.6209e+00 -1.6209e+00
10 0 +9.722306058e+00 -4.262769394e+01 -4.262769394e+01 -1.6209e+00 -4.5498e+00 -1.6209e+00 -1.6209e+00 -1.6209e+00
19 0 +1.824914240e+00 -5.052508576e+01 -5.052508576e+01 -1.6209e+00 -1.6209e+00 +1.3081e+00 -1.6209e+00 -1.6209e+00
216 0 +1.666315986e+00 -5.068368401e+01 -5.068368401e+01 -1.9200e-01 -1.8864e+00 +9.5186e-01 -2.4636e+00 -2.0013e+00
218 0 +1.096729803e+00 -5.125327020e+01 -5.125327020e+01 -1.9200e-01 -1.8864e+00 +1.9525e+00 -2.4636e+00 -2.0013e+00
223 0 +7.259294112e-01 -5.162407059e+01 -5.162407059e+01 -1.1927e+00 -1.8864e+00 +1.9525e+00 -2.4636e+00 -1.0006e+00
226 0 +5.015265868e-01 -5.184847341e+01 -5.184847341e+01 -1.1927e+00 -8.8573e-01 +1.9525e+00 -2.4636e+00 -1.0006e+00
244 0 +4.000858899e-01 -5.194991411e+01 -5.194991411e+01 -6.9233e-01 -8.8573e-01 +1.9525e+00 -2.4636e+00 -1.0006e+00
248 0 +3.081539829e-01 -5.204184602e+01 -5.204184602e+01 -6.9233e-01 -8.8573e-01 +2.4528e+00 -2.4636e+00 -1.0006e+00
251 0 +2.050337505e-01 -5.214496625e+01 -5.214496625e+01 -6.9233e-01 -8.8573e-01 +2.4528e+00 -2.4636e+00 -1.5010e+00
265 0 +9.285702002e-02 -5.225714298e+01 -5.225714298e+01 -6.9233e-01 -1.1359e+00 +2.4528e+00 -2.4636e+00 -1.5010e+00
270 0 +3.637771779e-02 -5.231362228e+01 -5.231362228e+01 -6.9233e-01 -1.1359e+00 +2.4528e+00 -2.2135e+00 -1.5010e+00
303 0 +3.088176778e-02 -5.231911823e+01 -5.231911823e+01 -7.5487e-01 -1.1359e+00 +2.4528e+00 -2.0884e+00 -1.5010e+00
309 0 +1.985469901e-02 -5.233014530e+01 -5.233014530e+01 -7.5487e-01 -1.1359e+00 +2.4528e+00 -2.1509e+00 -1.5010e+00
319 0 +1.211669576e-02 -5.233788330e+01 -5.233788330e+01 -7.5487e-01 -1.1359e+00 +2.4528e+00 -2.2135e+00 -1.5635e+00
350 0 +1.055355714e-02 -5.233944644e+01 -5.233944644e+01 -7.5487e-01 -1.1359e+00 +2.4528e+00 -2.2447e+00 -1.5635e+00
352 0 +9.689323495e-03 -5.234031068e+01 -5.234031068e+01 -7.5487e-01 -1.1359e+00 +2.4528e+00 -2.2447e+00 -1.5322e+00
408 0 +8.763489720e-03 -5.234123651e+01 -5.234123651e+01 -7.5487e-01 -1.1398e+00 +2.4489e+00 -2.2447e+00 -1.5322e+00
418 0 +7.900880723e-03 -5.234209912e+01 -5.234209912e+01 -7.5878e-01 -1.1437e+00 +2.4528e+00 -2.2408e+00 -1.5362e+00
445 0 +6.956432878e-03 -5.234304357e+01 -5.234304357e+01 -7.6269e-01 -1.1515e+00 +2.4606e+00 -2.2408e+00 -1.5362e+00
455 0 +6.271374037e-03 -5.234372863e+01 -5.234372863e+01 -7.6659e-01 -1.1554e+00 +2.4646e+00 -2.2408e+00 -1.5362e+00
495 0 +5.442471185e-03 -5.234455753e+01 -5.234455753e+01 -7.7050e-01 -1.1593e+00 +2.4724e+00 -2.2447e+00 -1.5362e+00
515 0 +4.873340175e-03 -5.234512666e+01 -5.234512666e+01 -7.7441e-01 -1.1633e+00 +2.4763e+00 -2.2467e+00 -1.5342e+00
535 0 +4.353074257e-03 -5.234564693e+01 -5.234564693e+01 -7.7832e-01 -1.1672e+00 +2.4802e+00 -2.2506e+00 -1.5342e+00
578 0 +3.973288282e-03 -5.234602671e+01 -5.234602671e+01 -7.8125e-01 -1.1701e+00 +2.4841e+00 -2.2525e+00 -1.5332e+00
615 0 +3.540279566e-03 -5.234645972e+01 -5.234645972e+01 -7.8516e-01 -1.1740e+00 +2.4870e+00 -2.2555e+00 -1.5322e+00
655 0 +3.134701059e-03 -5.234686530e+01 -5.234686530e+01 -7.8907e-01 -1.1779e+00 +2.4909e+00 -2.2584e+00 -1.5322e+00
693 0 +2.810477238e-03 -5.234718952e+01 -5.234718952e+01 -7.9298e-01 -1.1808e+00 +2.4948e+00 -2.2613e+00 -1.5313e+00
728 0 +2.508286967e-03 -5.234749171e+01 -5.234749171e+01 -7.9591e-01 -1.1848e+00 +2.4988e+00 -2.2633e+00 -1.5303e+00
765 0 +2.215259997e-03 -5.234778474e+01 -5.234778474e+01 -7.9982e-01 -1.1887e+00 +2.5017e+00 -2.2662e+00 -1.5293e+00
805 0 +1.950906163e-03 -5.234804909e+01 -5.234804909e+01 -8.0373e-01 -1.1926e+00 +2.5056e+00 -2.2692e+00 -1.5283e+00
838 0 +1.762955669e-03 -5.234823704e+01 -5.234823704e+01 -8.0666e-01 -1.1955e+00 +2.5095e+00 -2.2721e+00 -1.5283e+00
895 0 +1.565972771e-03 -5.234843403e+01 -5.234843403e+01 -8.0959e-01 -1.1975e+00 +2.5095e+00 -2.2745e+00 -1.5264e+00
953 0 +1.407263516e-03 -5.234859274e+01 -5.234859274e+01 -8.1252e-01 -1.1994e+00 +2.5110e+00 -2.2775e+00 -1.5254e+00
1033 0 +1.253399565e-03 -5.234874660e+01 -5.234874660e+01 -8.1497e-01 -1.2009e+00 +2.5110e+00 -2.2809e+00 -1.5254e+00
1105 0 +1.118095801e-03 -5.234888190e+01 -5.234888190e+01 -8.1741e-01 -1.2033e+00 +2.5124e+00 -2.2838e+00 -1.5249e+00
1178 0 +9.926408533e-04 -5.234900736e+01 -5.234900736e+01 -8.1985e-01 -1.2053e+00 +2.5144e+00 -2.2872e+00 -1.5254e+00
1283 0 +8.893453342e-04 -5.234911065e+01 -5.234911065e+01 -8.2205e-01 -1.2065e+00 +2.5144e+00 -2.2894e+00 -1.5239e+00
1395 0 +7.931374540e-04 -5.234920686e+01 -5.234920686e+01 -8.2425e-01 -1.2084e+00 +2.5154e+00 -2.2919e+00 -1.5234e+00
1523 0 +7.077394137e-04 -5.234929226e+01 -5.234929226e+01 -8.2620e-01 -1.2094e+00 +2.5156e+00 -2.2948e+00 -1.5234e+00
1673 0 +6.286235241e-04 -5.234937138e+01 -5.234937138e+01 -8.2804e-01 -1.2108e+00 +2.5160e+00 -2.2970e+00 -1.5227e+00
1853 0 +5.595035815e-04 -5.234944050e+01 -5.234944050e+01 -8.2999e-01 -1.2122e+00 +2.5167e+00 -2.2992e+00 -1.5221e+00
2038 0 +5.011825912e-04 -5.234949882e+01 -5.234949882e+01 -8.3170e-01 -1.2136e+00 +2.5174e+00 -2.3014e+00 -1.5219e+00
2255 0 +4.462303839e-04 -5.234955377e+01 -5.234955377e+01 -8.3341e-01 -1.2148e+00 +2.5181e+00 -2.3041e+00 -1.5222e+00
2513 0 +3.981014449e-04 -5.234960190e+01 -5.234960190e+01 -8.3500e-01 -1.2158e+00 +2.5185e+00 -2.3059e+00 -1.5214e+00
2833 0 +3.545403231e-04 -5.234964546e+01 -5.234964546e+01 -8.3659e-01 -1.2170e+00 +2.5190e+00 -2.3079e+00 -1.5210e+00
3193 0 +3.160928299e-04 -5.234968391e+01 -5.234968391e+01 -8.3805e-01 -1.2181e+00 +2.5198e+00 -2.3101e+00 -1.5213e+00
3539 0 +2.816734739e-04 -5.234971833e+01 -5.234971833e+01 -8.3940e-01 -1.2191e+00 +2.5203e+00 -2.3122e+00 -1.5214e+00
4038 0 +2.511559172e-04 -5.234974884e+01 -5.234974884e+01 -8.4080e-01 -1.2201e+00 +2.5209e+00 -2.3138e+00 -1.5208e+00
4603 0 +2.238056770e-04 -5.234977619e+01 -5.234977619e+01 -8.4211e-01 -1.2211e+00 +2.5213e+00 -2.3155e+00 -1.5205e+00
5207 0 +1.992371487e-04 -5.234980076e+01 -5.234980076e+01 -8.4333e-01 -1.2220e+00 +2.5219e+00 -2.3173e+00 -1.5207e+00
5815 0 +1.776949363e-04 -5.234982231e+01 -5.234982231e+01 -8.4449e-01 -1.2228e+00 +2.5224e+00 -2.3191e+00 -1.5208e+00
6693 0 +1.584745275e-04 -5.234984153e+01 -5.234984153e+01 -8.4570e-01 -1.2238e+00 +2.5230e+00 -2.3204e+00 -1.5203e+00
7723 0 +1.411888733e-04 -5.234985881e+01 -5.234985881e+01 -8.4677e-01 -1.2245e+00 +2.5234e+00 -2.3220e+00 -1.5203e+00
8748 0 +1.258714544e-04 -5.234987413e+01 -5.234987413e+01 -8.4778e-01 -1.2253e+00 +2.5239e+00 -2.3236e+00 -1.5204e+00
9825 0 +1.121622033e-04 -5.234988784e+01 -5.234988784e+01 -8.4877e-01 -1.2260e+00 +2.5243e+00 -2.3250e+00 -1.5204e+00
11409 0 +9.998797083e-05 -5.234990001e+01 -5.234990001e+01 -8.4976e-01 -1.2268e+00 +2.5248e+00 -2.3262e+00 -1.5201e+00
13203 0 +8.910443520e-05 -5.234991090e+01 -5.234991090e+01 -8.5066e-01 -1.2275e+00 +2.5253e+00 -2.3276e+00 -1.5202e+00
14923 0 +7.942992940e-05 -5.234992057e+01 -5.234992057e+01 -8.5152e-01 -1.2281e+00 +2.5257e+00 -2.3289e+00 -1.5203e+00
16915 0 +7.078092205e-05 -5.234992922e+01 -5.234992922e+01 -8.5235e-01 -1.2287e+00 +2.5261e+00 -2.3301e+00 -1.5202e+00
19769 0 +6.309426102e-05 -5.234993691e+01 -5.234993691e+01 -8.5318e-01 -1.2294e+00 +2.5266e+00 -2.3312e+00 -1.5201e+00
22797 0 +5.622547319e-05 -5.234994377e+01 -5.234994377e+01 -8.5393e-01 -1.2299e+00 +2.5269e+00 -2.3323e+00 -1.5202e+00
25703 0 +5.011354506e-05 -5.234994989e+01 -5.234994989e+01 -8.5466e-01 -1.2305e+00 +2.5272e+00 -2.3334e+00 -1.5202e+00
30063 0 +4.466413289e-05 -5.234995534e+01 -5.234995534e+01 -8.5540e-01 -1.2311e+00 +2.5277e+00 -2.3343e+00 -1.5200e+00
35335 0 +3.980970329e-05 -5.234996019e+01 -5.234996019e+01 -8.5606e-01 -1.2316e+00 +2.5280e+00 -2.3353e+00 -1.5201e+00
40428 0 +3.547904908e-05 -5.234996452e+01 -5.234996452e+01 -8.5669e-01 -1.2320e+00 +2.5283e+00 -2.3363e+00 -1.5201e+00
46103 0 +3.162114642e-05 -5.234996838e+01 -5.234996838e+01 -8.5729e-01 -1.2324e+00 +2.5285e+00 -2.3373e+00 -1.5202e+00
50000 0 +2.986367414e-05 -5.234997014e+01 -5.234997014e+01 -8.5761e-01 -1.2327e+00 +2.5288e+00 -2.3377e+00 -1.5201e+00
% f evaluations | g evaluations | best noise-free fitness - Fopt (-1.795400000000e+02) + sum g_i+ | measured fitness | best measured fitness or single-digit g-values | x1 | x2...
1 0 +4.659982524e+01 -1.329401748e+02 -1.329401748e+02 +0.0000e+00 +0.0000e+00 +0.0000e+00 +0.0000e+00 +0.0000e+00
3 0 +1.350441187e+01 -1.660355881e+02 -1.660355881e+02 -1.3081e+00 +1.6209e+00 +1.6209e+00 +1.6209e+00 +1.6209e+00
15 0 +5.704298011e+00 -1.738357020e+02 -1.738357020e+02 +1.6209e+00 +1.6209e+00 -1.3081e+00 +1.6209e+00 +1.6209e+00
170 0 +4.751826489e+00 -1.747881735e+02 -1.747881735e+02 +1.0006e+00 +1.0006e+00 -2.0013e+00 +2.4275e+00 +1.0006e+00
172 0 +3.324221082e+00 -1.762157789e+02 -1.762157789e+02 +1.0006e+00 +1.0006e+00 -2.0013e+00 +2.4275e+00 +2.0013e+00
175 0 +2.827288336e+00 -1.767127117e+02 -1.767127117e+02 +1.0006e+00 +0.0000e+00 -2.0013e+00 +2.4275e+00 +2.0013e+00
177 0 +1.853259204e+00 -1.776867408e+02 -1.776867408e+02 +1.0006e+00 +0.0000e+00 -3.0019e+00 +2.4275e+00 +2.0013e+00
182 0 +5.886168437e-01 -1.789513832e+02 -1.789513832e+02 +1.0006e+00 +0.0000e+00 -3.0019e+00 +2.4275e+00 +3.0019e+00
196 0 +4.080090549e-01 -1.791319909e+02 -1.791319909e+02 +1.0006e+00 +1.0006e+00 -3.0019e+00 +2.4275e+00 +4.0026e+00
215 0 +3.819802624e-01 -1.791580197e+02 -1.791580197e+02 +5.0032e-01 +5.0032e-01 -3.0019e+00 +2.4275e+00 +4.0026e+00
217 0 +6.422797301e-02 -1.794757720e+02 -1.794757720e+02 +5.0032e-01 +5.0032e-01 -3.5023e+00 +2.4275e+00 +4.0026e+00
244 0 +6.051039678e-02 -1.794794896e+02 -1.794794896e+02 +6.2541e-01 +5.0032e-01 -3.5023e+00 +2.4275e+00 +4.0026e+00
246 0 +2.772862249e-02 -1.795122714e+02 -1.795122714e+02 +6.2541e-01 +6.2541e-01 -3.5023e+00 +2.4275e+00 +4.0026e+00
264 0 +2.503963997e-02 -1.795149604e+02 -1.795149604e+02 +6.8795e-01 +6.2541e-01 -3.5023e+00 +2.4275e+00 +4.0026e+00
266 0 +1.850295836e-02 -1.795214970e+02 -1.795214970e+02 +6.8795e-01 +6.8795e-01 -3.5023e+00 +2.4275e+00 +4.0026e+00
274 0 +1.669553967e-02 -1.795233045e+02 -1.795233045e+02 +7.5049e-01 +6.8795e-01 -3.5023e+00 +2.4275e+00 +4.0026e+00
320 0 +1.501122856e-02 -1.795249888e+02 -1.795249888e+02 +7.3485e-01 +6.8795e-01 -3.5023e+00 +2.4432e+00 +4.0026e+00
345 0 +1.378232283e-02 -1.795262177e+02 -1.795262177e+02 +7.4267e-01 +6.7231e-01 -3.5023e+00 +2.4510e+00 +3.9948e+00
350 0 +1.238766735e-02 -1.795276123e+02 -1.795276123e+02 +7.4267e-01 +6.7231e-01 -3.4945e+00 +2.4588e+00 +3.9948e+00
358 0 +1.120886917e-02 -1.795287911e+02 -1.795287911e+02 +7.5049e-01 +6.6449e-01 -3.4866e+00 +2.4588e+00 +3.9870e+00
361 0 +9.596975306e-03 -1.795304030e+02 -1.795304030e+02 +7.5049e-01 +6.6449e-01 -3.4866e+00 +2.4666e+00 +3.9791e+00
375 0 +8.865352283e-03 -1.795311346e+02 -1.795311346e+02 +7.6612e-01 +6.4886e-01 -3.4866e+00 +2.4666e+00 +3.9713e+00
381 0 +7.571950644e-03 -1.795324280e+02 -1.795324280e+02 +7.6612e-01 +6.4886e-01 -3.4788e+00 +2.4744e+00 +3.9635e+00
399 0 +7.070956920e-03 -1.795329290e+02 -1.795329290e+02 +7.6612e-01 +6.4104e-01 -3.4788e+00 +2.4666e+00 +3.9635e+00
455 0 +6.272578511e-03 -1.795337274e+02 -1.795337274e+02 +7.5049e-01 +6.3713e-01 -3.4788e+00 +2.4588e+00 +3.9596e+00
464 0 +5.596993766e-03 -1.795344030e+02 -1.795344030e+02 +7.5440e-01 +6.3713e-01 -3.4749e+00 +2.4627e+00 +3.9557e+00
524 0 +4.976883402e-03 -1.795350231e+02 -1.795350231e+02 +7.5244e-01 +6.3322e-01 -3.4730e+00 +2.4588e+00 +3.9518e+00
541 0 +4.444373590e-03 -1.795355556e+02 -1.795355556e+02 +7.5440e-01 +6.3127e-01 -3.4690e+00 +2.4627e+00 +3.9479e+00
571 0 +3.967281549e-03 -1.795360327e+02 -1.795360327e+02 +7.6026e-01 +6.2541e-01 -3.4690e+00 +2.4568e+00 +3.9420e+00
613 0 +3.544381528e-03 -1.795364556e+02 -1.795364556e+02 +7.5830e-01 +6.2150e-01 -3.4671e+00 +2.4568e+00 +3.9401e+00
681 0 +3.156165785e-03 -1.795368438e+02 -1.795368438e+02 +7.5928e-01 +6.1857e-01 -3.4651e+00 +2.4559e+00 +3.9361e+00
725 0 +2.817757779e-03 -1.795371822e+02 -1.795371822e+02 +7.6417e-01 +6.1368e-01 -3.4642e+00 +2.4549e+00 +3.9322e+00
779 0 +2.505387325e-03 -1.795374946e+02 -1.795374946e+02 +7.6710e-01 +6.0977e-01 -3.4632e+00 +2.4520e+00 +3.9283e+00
861 0 +2.210045809e-03 -1.795377900e+02 -1.795377900e+02 +7.6514e-01 +6.0586e-01 -3.4622e+00 +2.4490e+00 +3.9244e+00
955 0 +1.991593306e-03 -1.795380084e+02 -1.795380084e+02 +7.6612e-01 +6.0195e-01 -3.4612e+00 +2.4490e+00 +3.9220e+00
1021 0 +1.770549779e-03 -1.795382295e+02 -1.795382295e+02 +7.6905e-01 +5.9902e-01 -3.4598e+00 +2.4490e+00 +3.9186e+00
1109 0 +1.584744348e-03 -1.795384153e+02 -1.795384153e+02 +7.7150e-01 +5.9560e-01 -3.4593e+00 +2.4461e+00 +3.9156e+00
1281 0 +1.411122593e-03 -1.795385889e+02 -1.795385889e+02 +7.6856e-01 +5.9218e-01 -3.4585e+00 +2.4444e+00 +3.9132e+00
1401 0 +1.250926836e-03 -1.795387491e+02 -1.795387491e+02 +7.7150e-01 +5.8925e-01 -3.4573e+00 +2.4446e+00 +3.9103e+00
1519 0 +1.120867584e-03 -1.795388791e+02 -1.795388791e+02 +7.7443e-01 +5.8632e-01 -3.4566e+00 +2.4437e+00 +3.9076e+00
1704 0 +9.999642544e-04 -1.795390000e+02 -1.795390000e+02 +7.7516e-01 +5.8363e-01 -3.4563e+00 +2.4405e+00 +3.9049e+00
2035 0 +8.909445881e-04 -1.795391091e+02 -1.795391091e+02 +7.7125e-01 +5.8045e-01 -3.4560e+00 +2.4379e+00 +3.9032e+00
2221 0 +7.935302469e-04 -1.795392065e+02 -1.795392065e+02 +7.7345e-01 +5.7826e-01 -3.4550e+00 +2.4382e+00 +3.9008e+00
2481 0 +7.077430589e-04 -1.795392923e+02 -1.795392923e+02 +7.7467e-01 +5.7557e-01 -3.4544e+00 +2.4375e+00 +3.8986e+00
2851 0 +6.296183591e-04 -1.795393704e+02 -1.795393704e+02 +7.7473e-01 +5.7282e-01 -3.4542e+00 +2.4353e+00 +3.8966e+00
3185 0 +5.616136357e-04 -1.795394384e+02 -1.795394384e+02 +7.7675e-01 +5.7074e-01 -3.4534e+00 +2.4354e+00 +3.8946e+00
3531 0 +5.009089518e-04 -1.795394991e+02 -1.795394991e+02 +7.7870e-01 +5.6867e-01 -3.4528e+00 +2.4348e+00 +3.8925e+00
4011 0 +4.464510046e-04 -1.795395535e+02 -1.795395535e+02 +7.7956e-01 +5.6616e-01 -3.4527e+00 +2.4332e+00 +3.8906e+00
4625 0 +3.977967606e-04 -1.795396022e+02 -1.795396022e+02 +7.7919e-01 +5.6372e-01 -3.4527e+00 +2.4310e+00 +3.8890e+00
5335 0 +3.547806948e-04 -1.795396452e+02 -1.795396452e+02 +7.7864e-01 +5.6189e-01 -3.4522e+00 +2.4300e+00 +3.8876e+00
5925 0 +3.161612645e-04 -1.795396838e+02 -1.795396838e+02 +7.8014e-01 +5.6012e-01 -3.4517e+00 +2.4297e+00 +3.8859e+00
6755 0 +2.817468333e-04 -1.795397183e+02 -1.795397183e+02 +7.8072e-01 +5.5828e-01 -3.4516e+00 +2.4280e+00 +3.8844e+00
7921 0 +2.510600866e-04 -1.795397489e+02 -1.795397489e+02 +7.8012e-01 +5.5627e-01 -3.4514e+00 +2.4267e+00 +3.8830e+00
8861 0 +2.237026738e-04 -1.795397763e+02 -1.795397763e+02 +7.8156e-01 +5.5483e-01 -3.4509e+00 +2.4265e+00 +3.8816e+00
10084 0 +1.995064785e-04 -1.795398005e+02 -1.795398005e+02 +7.8249e-01 +5.5302e-01 -3.4507e+00 +2.4258e+00 +3.8802e+00
11675 0 +1.777837493e-04 -1.795398222e+02 -1.795398222e+02 +7.8260e-01 +5.5137e-01 -3.4507e+00 +2.4241e+00 +3.8789e+00
13518 0 +1.584780211e-04 -1.795398415e+02 -1.795398415e+02 +7.8259e-01 +5.4988e-01 -3.4504e+00 +2.4234e+00 +3.8778e+00
15269 0 +1.412508678e-04 -1.795398587e+02 -1.795398587e+02 +7.8373e-01 +5.4854e-01 -3.4501e+00 +2.4229e+00 +3.8765e+00
17484 0 +1.258841321e-04 -1.795398741e+02 -1.795398741e+02 +7.8437e-01 +5.4701e-01 -3.4500e+00 +2.4221e+00 +3.8754e+00
20313 0 +1.121994063e-04 -1.795398878e+02 -1.795398878e+02 +7.8430e-01 +5.4559e-01 -3.4500e+00 +2.4207e+00 +3.8743e+00
23435 0 +9.999751700e-05 -1.795399000e+02 -1.795399000e+02 +7.8444e-01 +5.4443e-01 -3.4497e+00 +2.4201e+00 +3.8733e+00
26781 0 +8.910746405e-05 -1.795399109e+02 -1.795399109e+02 +7.8524e-01 +5.4316e-01 -3.4495e+00 +2.4196e+00 +3.8723e+00
30663 0 +7.943140267e-05 -1.795399206e+02 -1.795399206e+02 +7.8569e-01 +5.4198e-01 -3.4495e+00 +2.4186e+00 +3.8713e+00
36031 0 +7.079097639e-05 -1.795399292e+02 -1.795399292e+02 +7.8537e-01 +5.4073e-01 -3.4495e+00 +2.4174e+00 +3.8705e+00
40914 0 +6.309468256e-05 -1.795399369e+02 -1.795399369e+02 +7.8618e-01 +5.3980e-01 -3.4492e+00 +2.4172e+00 +3.8696e+00
47174 0 +5.623214722e-05 -1.795399438e+02 -1.795399438e+02 +7.8671e-01 +5.3863e-01 -3.4491e+00 +2.4167e+00 +3.8687e+00
50000 0 +5.361079860e-05 -1.795399464e+02 -1.795399464e+02 +7.8685e-01 +5.3823e-01 -3.4491e+00 +2.4162e+00 +3.8684e+00
% f evaluations | g evaluations | best noise-free fitness - Fopt (7.731000000000e+01) + sum g_i+ | measured fitness | best measured fitness or single-digit g-values | x1 | x2...
1 0 +5.790293055e+00 +8.310029306e+01 +8.310029306e+01 +0.0000e+00 +0.0000e+00 +0.0000e+00 +0.0000e+00 +0.0000e+00
7 0 +3.087357458e+00 +8.039735746e+01 +8.039735746e+01 +1.3081e+00 -1.6209e+00 -1.6209e+00 -1.6209e+00 -1.6209e+00
14 0 +2.433573733e+00 +7.974357373e+01 +7.974357373e+01 +0.0000e+00 +0.0000e+00 -2.9289e+00 +0.0000e+00 +0.0000e+00
97 0 +2.067473735e+00 +7.937747374e+01 +7.937747374e+01 +4.9821e-01 -6.1735e-01 -1.3505e+00 -6.1735e-01 -6.1735e-01
159 0 +1.785618656e+00 +7.909561866e+01 +7.909561866e+01 +0.0000e+00 +0.0000e+00 -1.4269e+00 -1.0006e+00 +0.0000e+00
162 0 +1.733730756e+00 +7.904373076e+01 +7.904373076e+01 +0.0000e+00 +0.0000e+00 -1.4269e+00 -1.0006e+00 +1.0006e+00
164 0 +1.080469157e+00 +7.839046916e+01 +7.839046916e+01 +1.0006e+00 +0.0000e+00 -1.4269e+00 -1.0006e+00 +1.0006e+00
165 0 +7.247413183e-01 +7.803474132e+01 +7.803474132e+01 +1.0006e+00 -1.0006e+00 -1.4269e+00 -1.0006e+00 +1.0006e+00
167 0 +6.449188129e-01 +7.795491881e+01 +7.795491881e+01 +1.0006e+00 -1.0006e+00 -2.4275e+00 -1.0006e+00 +1.0006e+00
169 0 +2.783273310e-01 +7.758832733e+01 +7.758832733e+01 +1.0006e+00 -1.0006e+00 -2.4275e+00 -2.0013e+00 +1.0006e+00
176 0 +1.985998296e-01 +7.750859983e+01 +7.750859983e+01 +1.0006e+00 +0.0000e+00 -2.4275e+00 -2.0013e+00 +1.0006e+00
195 0 +8.167973515e-02 +7.739167974e+01 +7.739167974e+01 +1.0006e+00 -5.0032e-01 -2.4275e+00 -2.0013e+00 +1.0006e+00
198 0 +7.015237496e-02 +7.738015237e+01 +7.738015237e+01 +1.0006e+00 -5.0032e-01 -1.9272e+00 -2.0013e+00 +1.0006e+00
213 0 +6.173792219e-02 +7.737173792e+01 +7.737173792e+01 +7.5049e-01 -5.0032e-01 -1.9272e+00 -2.0013e+00 +1.0006e+00
215 0 +3.470288623e-02 +7.734470289e+01 +7.734470289e+01 +7.5049e-01 -7.5049e-01 -1.9272e+00 -2.0013e+00 +1.0006e+00
244 0 +2.770611250e-02 +7.733770611e+01 +7.733770611e+01 +8.1303e-01 -7.5049e-01 -1.9272e+00 -2.0013e+00 +1.0006e+00
246 0 +2.107759603e-02 +7.733107760e+01 +7.733107760e+01 +8.1303e-01 -6.8795e-01 -1.9272e+00 -2.0013e+00 +1.0006e+00
247 0 +1.934392606e-02 +7.732934393e+01 +7.732934393e+01 +8.1303e-01 -6.8795e-01 -1.9897e+00 -2.0013e+00 +1.0006e+00
250 0 +1.312653890e-02 +7.732312654e+01 +7.732312654e+01 +8.1303e-01 -6.8795e-01 -1.9897e+00 -1.9388e+00 +1.0006e+00
255 0 +1.166144251e-02 +7.732166144e+01 +7.732166144e+01 +8.1303e-01 -7.5049e-01 -1.9897e+00 -1.9388e+00 +1.0006e+00
284 0 +1.003510526e-02 +7.732003511e+01 +7.732003511e+01 +8.4430e-01 -7.1922e-01 -1.9897e+00 -1.9388e+00 +1.0006e+00
286 0 +6.650910261e-03 +7.731665091e+01 +7.731665091e+01 +8.4430e-01 -6.8795e-01 -1.9897e+00 -1.9388e+00 +1.0006e+00
287 0 +6.085441909e-03 +7.731608544e+01 +7.731608544e+01 +8.4430e-01 -6.8795e-01 -2.0210e+00 -1.9388e+00 +1.0006e+00
296 0 +4.798002217e-03 +7.731479800e+01 +7.731479800e+01 +8.4430e-01 -6.5668e-01 -2.0210e+00 -1.9388e+00 +1.0006e+00
336 0 +4.227971155e-03 +7.731422797e+01 +7.731422797e+01 +8.5212e-01 -6.4886e-01 -2.0367e+00 -1.9388e+00 +1.0006e+00
340 0 +3.412854178e-03 +7.731341285e+01 +7.731341285e+01 +8.5212e-01 -6.4886e-01 -2.0445e+00 -1.9309e+00 +1.0006e+00
374 0 +2.798053292e-03 +7.731279805e+01 +7.731279805e+01 +8.5602e-01 -6.5277e-01 -2.0406e+00 -1.9270e+00 +1.0006e+00
400 0 +2.485183670e-03 +7.731248518e+01 +7.731248518e+01 +8.5798e-01 -6.4690e-01 -2.0464e+00 -1.9251e+00 +1.0006e+00
410 0 +2.226348043e-03 +7.731222635e+01 +7.731222635e+01 +8.5993e-01 -6.4495e-01 -2.0484e+00 -1.9231e+00 +1.0006e+00
426 0 +1.984066754e-03 +7.731198407e+01 +7.731198407e+01 +8.6189e-01 -6.4300e-01 -2.0503e+00 -1.9212e+00 +1.0006e+00
434 0 +1.775565894e-03 +7.731177557e+01 +7.731177557e+01 +8.6384e-01 -6.4300e-01 -2.0523e+00 -1.9192e+00 +1.0006e+00
444 0 +1.575630615e-03 +7.731157563e+01 +7.731157563e+01 +8.6580e-01 -6.4104e-01 -2.0542e+00 -1.9173e+00 +1.0006e+00
454 0 +1.396695219e-03 +7.731139670e+01 +7.731139670e+01 +8.6775e-01 -6.3909e-01 -2.0562e+00 -1.9153e+00 +1.0006e+00
464 0 +1.240126222e-03 +7.731124013e+01 +7.731124013e+01 +8.6970e-01 -6.3713e-01 -2.0582e+00 -1.9134e+00 +1.0006e+00
474 0 +1.107655675e-03 +7.731110766e+01 +7.731110766e+01 +8.7166e-01 -6.3518e-01 -2.0601e+00 -1.9114e+00 +1.0006e+00
480 0 +9.649562983e-04 +7.731096496e+01 +7.731096496e+01 +8.7166e-01 -6.3322e-01 -2.0621e+00 -1.9094e+00 +1.0006e+00
550 0 +8.892804731e-04 +7.731088928e+01 +7.731088928e+01 +8.7166e-01 -6.3713e-01 -2.0699e+00 -1.9090e+00 +1.0006e+00
574 0 +7.888825377e-04 +7.731078888e+01 +7.731078888e+01 +8.7312e-01 -6.3615e-01 -2.0709e+00 -1.9080e+00 +1.0006e+00
600 0 +6.989624997e-04 +7.731069896e+01 +7.731069896e+01 +8.7410e-01 -6.3469e-01 -2.0723e+00 -1.9065e+00 +1.0006e+00
620 0 +6.307135982e-04 +7.731063071e+01 +7.731063071e+01 +8.7508e-01 -6.3371e-01 -2.0733e+00 -1.9055e+00 +1.0006e+00
650 0 +5.605019796e-04 +7.731056050e+01 +7.731056050e+01 +8.7606e-01 -6.3322e-01 -2.0748e+00 -1.9041e+00 +1.0006e+00
670 0 +4.986748746e-04 +7.731049867e+01 +7.731049867e+01 +8.7703e-01 -6.3225e-01 -2.0757e+00 -1.9031e+00 +1.0006e+00
790 0 +4.460035240e-04 +7.731044600e+01 +7.731044600e+01 +8.7777e-01 -6.3249e-01 -2.0799e+00 -1.9024e+00 +1.0006e+00
870 0 +3.968225230e-04 +7.731039682e+01 +7.731039682e+01 +8.7862e-01 -6.3164e-01 -2.0809e+00 -1.9014e+00 +1.0006e+00
944 0 +3.537697720e-04 +7.731035377e+01 +7.731035377e+01 +8.7948e-01 -6.3090e-01 -2.0817e+00 -1.9005e+00 +1.0006e+00
1010 0 +3.160284609e-04 +7.731031603e+01 +7.731031603e+01 +8.8021e-01 -6.3005e-01 -2.0826e+00 -1.8997e+00 +1.0006e+00
1084 0 +2.814204481e-04 +7.731028142e+01 +7.731028142e+01 +8.8094e-01 -6.2968e-01 -2.0834e+00 -1.8988e+00 +1.0006e+00
1154 0 +2.489238730e-04 +7.731024892e+01 +7.731024892e+01 +8.8168e-01 -6.2907e-01 -2.0843e+00 -1.8980e+00 +1.0006e+00
1234 0 +2.231395261e-04 +7.731022314e+01 +7.731022314e+01 +8.8229e-01 -6.2870e-01 -2.0853e+00 -1.8972e+00 +1.0006e+00
1314 0 +1.993227802e-04 +7.731019932e+01 +7.731019932e+01 +8.8290e-01 -6.2834e-01 -2.0862e+00 -1.8965e+00 +1.0006e+00
1664 0 +1.771389378e-04 +7.731017714e+01 +7.731017714e+01 +8.8326e-01 -6.2864e-01 -2.0901e+00 -1.8960e+00 +1.0006e+00
1766 0 +1.579407801e-04 +7.731015794e+01 +7.731015794e+01 +8.8381e-01 -6.2809e-01 -2.0907e+00 -1.8954e+00 +1.0006e+00
1944 0 +1.408825556e-04 +7.731014088e+01 +7.731014088e+01 +8.8430e-01 -6.2791e-01 -2.0918e+00 -1.8948e+00 +1.0006e+00
2186 0 +1.257036446e-04 +7.731012570e+01 +7.731012570e+01 +8.8476e-01 -6.2751e-01 -2.0929e+00 -1.8943e+00 +1.0006e+00
2590 0 +1.119591922e-04 +7.731011196e+01 +7.731011196e+01 +8.8522e-01 -6.2705e-01 -2.0941e+00 -1.8938e+00 +1.0006e+00
2936 0 +9.995013276e-05 +7.731009995e+01 +7.731009995e+01 +8.8568e-01 -6.2658e-01 -2.0947e+00 -1.8933e+00 +1.0006e+00
3250 0 +8.910314529e-05 +7.731008910e+01 +7.731008910e+01 +8.8610e-01 -6.2615e-01 -2.0952e+00 -1.8928e+00 +1.0006e+00
3576 0 +7.941402581e-05 +7.731007941e+01 +7.731007941e+01 +8.8653e-01 -6.2576e-01 -2.0957e+00 -1.8923e+00 +1.0006e+00
3924 0 +7.074001621e-05 +7.731007074e+01 +7.731007074e+01 +8.8693e-01 -6.2547e-01 -2.0962e+00 -1.8919e+00 +1.0006e+00
4394 0 +6.295452384e-05 +7.731006295e+01 +7.731006295e+01 +8.8729e-01 -6.2525e-01 -2.0969e+00 -1.8914e+00 +1.0006e+00
5690 0 +5.619005665e-05 +7.731005619e+01 +7.731005619e+01 +8.8755e-01 -6.2525e-01 -2.0987e+00 -1.8911e+00 +1.0006e+00
6576 0 +5.011284361e-05 +7.731005011e+01 +7.731005011e+01 +8.8789e-01 -6.2490e-01 -2.0994e+00 -1.8908e+00 +1.0006e+00
7710 0 +4.460795891e-05 +7.731004461e+01 +7.731004461e+01 +8.8821e-01 -6.2458e-01 -2.1003e+00 -1.8905e+00 +1.0006e+00
8786 0 +3.980542401e-05 +7.731003981e+01 +7.731003981e+01 +8.8852e-01 -6.2425e-01 -2.1009e+00 -1.8902e+00 +1.0006e+00
10260 0 +3.547702558e-05 +7.731003548e+01 +7.731003548e+01 +8.8883e-01 -6.2391e-01 -2.1015e+00 -1.8898e+00 +1.0006e+00
12270 0 +3.160865715e-05 +7.731003161e+01 +7.731003161e+01 +8.8912e-01 -6.2362e-01 -2.1023e+00 -1.8896e+00 +1.0006e+00
14230 0 +2.817136918e-05 +7.731002817e+01 +7.731002817e+01 +8.8939e-01 -6.2334e-01 -2.1030e+00 -1.8893e+00 +1.0006e+00
16126 0 +2.511463789e-05 +7.731002511e+01 +7.731002511e+01 +8.8968e-01 -6.2301e-01 -2.1035e+00 -1.8890e+00 +1.0006e+00
19370 0 +2.238614010e-05 +7.731002239e+01 +7.731002239e+01 +8.8995e-01 -6.2273e-01 -2.1041e+00 -1.8887e+00 +1.0006e+00
23026 0 +1.994684141e-05 +7.731001995e+01 +7.731001995e+01 +8.9021e-01 -6.2247e-01 -2.1048e+00 -1.8885e+00 +1.0006e+00
26686 0 +1.777853153e-05 +7.731001778e+01 +7.731001778e+01 +8.9047e-01 -6.2221e-01 -2.1055e+00 -1.8882e+00 +1.0006e+00
30686 0 +1.584881839e-05 +7.731001585e+01 +7.731001585e+01 +8.9075e-01 -6.2186e-01 -2.1059e+00 -1.8879e+00 +1.0006e+00
37970 0 +1.412444465e-05 +7.731001412e+01 +7.731001412e+01 +8.9101e-01 -6.2160e-01 -2.1066e+00 -1.8877e+00 +1.0006e+00
45527 0 +1.258911068e-05 +7.731001259e+01 +7.731001259e+01 +8.9126e-01 -6.2128e-01 -2.1074e+00 -1.8874e+00 +1.0006e+00
50000 0 +1.183012141e-05 +7.731001183e+01 +7.731001183e+01 +8.9136e-01 -6.2101e-01 -2.1078e+00 -1.8874e+00 +1.0006e+00
% f evaluations | g evaluations | best noise-free fitness - Fopt (3.992000000000e+01) + sum g_i+ | measured fitness | best measured fitness or single-digit g-values | x1 | x2...
1 0 +5.631352716e+00 +4.555135272e+01 +4.555135272e+01 +0.0000e+00 +0.0000e+00 +0.0000e+00 +0.0000e+00 +0.0000e+00
20 0 +5.236040678e+00 +4.515604068e+01 +4.515604068e+01 +0.0000e+00 +0.0000e+00 +0.0000e+00 -2.9289e+00 +0.0000e+00
95 0 +4.648731214e+00 +4.456873121e+01 +4.456873121e+01 +1.1156e+00 +0.0000e+00 +7.3316e-01 +0.0000e+00 +0.0000e+00
159 0 +4.009063080e+00 +4.392906308e+01 +4.392906308e+01 +1.0006e+00 +0.0000e+00 +1.4269e+00 -1.0006e+00 +0.0000e+00
161 0 +3.634605872e+00 +4.355460587e+01 +4.355460587e+01 +1.0006e+00 +0.0000e+00 +1.4269e+00 -1.0006e+00 -1.0006e+00
164 0 +2.863385604e+00 +4.278338560e+01 +4.278338560e+01 +2.0013e+00 +0.0000e+00 +1.4269e+00 -1.0006e+00 -1.0006e+00
165 0 +2.699385169e+00 +4.261938517e+01 +4.261938517e+01 +2.0013e+00 -1.0006e+00 +1.4269e+00 -1.0006e+00 -1.0006e+00
168 0 +2.510757781e+00 +4.243075778e+01 +4.243075778e+01 +2.0013e+00 -1.0006e+00 +2.4275e+00 -1.0006e+00 -1.0006e+00
169 0 +2.118680891e+00 +4.203868089e+01 +4.203868089e+01 +2.0013e+00 -1.0006e+00 +2.4275e+00 -2.0013e+00 -1.0006e+00
171 0 +1.803463482e+00 +4.172346348e+01 +4.172346348e+01 +2.0013e+00 -1.0006e+00 +2.4275e+00 -2.0013e+00 -2.0013e+00
174 0 +8.467945932e-01 +4.076679459e+01 +4.076679459e+01 +3.0019e+00 -1.0006e+00 +2.4275e+00 -2.0013e+00 -2.0013e+00
184 0 +1.259033171e-01 +4.004590332e+01 +4.004590332e+01 +4.0026e+00 -1.0006e+00 +2.4275e+00 -2.0013e+00 -2.0013e+00
209 0 +1.051591490e-01 +4.002515915e+01 +4.002515915e+01 +4.0026e+00 -1.0006e+00 +2.4275e+00 -2.5016e+00 -2.0013e+00
230 0 +1.748104049e-02 +3.993748104e+01 +3.993748104e+01 +4.0026e+00 -1.0006e+00 +2.4275e+00 -2.2515e+00 -2.0013e+00
257 0 +1.037074250e-02 +3.993037074e+01 +3.993037074e+01 +4.0026e+00 -1.0006e+00 +2.3650e+00 -2.2515e+00 -2.0013e+00
275 0 +6.379037738e-03 +3.992637904e+01 +3.992637904e+01 +4.0026e+00 -1.0319e+00 +2.3650e+00 -2.2515e+00 -2.0013e+00
297 0 +5.874748669e-03 +3.992587475e+01 +3.992587475e+01 +4.0026e+00 -1.0319e+00 +2.3494e+00 -2.2515e+00 -2.0013e+00
299 0 +3.058991910e-03 +3.992305899e+01 +3.992305899e+01 +4.0026e+00 -1.0319e+00 +2.3494e+00 -2.2671e+00 -2.0013e+00
329 0 +2.596837951e-03 +3.992259684e+01 +3.992259684e+01 +4.0026e+00 -1.0319e+00 +2.3454e+00 -2.2710e+00 -2.0013e+00
342 0 +2.471388067e-03 +3.992247139e+01 +3.992247139e+01 +4.0026e+00 -1.0319e+00 +2.3454e+00 -2.2749e+00 -1.9974e+00
347 0 +2.170932679e-03 +3.992217093e+01 +3.992217093e+01 +4.0026e+00 -1.0358e+00 +2.3415e+00 -2.2749e+00 -1.9974e+00
349 0 +1.928782384e-03 +3.992192878e+01 +3.992192878e+01 +4.0026e+00 -1.0358e+00 +2.3415e+00 -2.2788e+00 -1.9974e+00
377 0 +1.660451739e-03 +3.992166045e+01 +3.992166045e+01 +4.0026e+00 -1.0378e+00 +2.3376e+00 -2.2808e+00 -1.9974e+00
389 0 +1.540408987e-03 +3.992154041e+01 +3.992154041e+01 +4.0026e+00 -1.0378e+00 +2.3357e+00 -2.2847e+00 -1.9974e+00
417 0 +1.396935058e-03 +3.992139694e+01 +3.992139694e+01 +4.0026e+00 -1.0397e+00 +2.3337e+00 -2.2847e+00 -1.9974e+00
445 0 +1.214991618e-03 +3.992121499e+01 +3.992121499e+01 +4.0026e+00 -1.0427e+00 +2.3318e+00 -2.2857e+00 -1.9964e+00
465 0 +1.121876184e-03 +3.992112188e+01 +3.992112188e+01 +4.0026e+00 -1.0446e+00 +2.3298e+00 -2.2866e+00 -1.9964e+00
517 0 +9.902233652e-04 +3.992099022e+01 +3.992099022e+01 +4.0026e+00 -1.0461e+00 +2.3264e+00 -2.2886e+00 -1.9964e+00
617 0 +8.906399199e-04 +3.992089064e+01 +3.992089064e+01 +4.0026e+00 -1.0490e+00 +2.3235e+00 -2.2891e+00 -1.9964e+00
1118 0 +7.939453940e-04 +3.992079395e+01 +3.992079395e+01 +4.0023e+00 -1.0553e+00 +2.3194e+00 -2.2887e+00 -1.9958e+00
1558 0 +7.074545614e-04 +3.992070745e+01 +3.992070745e+01 +4.0003e+00 -1.0580e+00 +2.3214e+00 -2.2900e+00 -1.9953e+00
2025 0 +6.303048068e-04 +3.992063030e+01 +3.992063030e+01 +3.9983e+00 -1.0601e+00 +2.3241e+00 -2.2905e+00 -1.9953e+00
2743 0 +5.621828694e-04 +3.992056218e+01 +3.992056218e+01 +3.9960e+00 -1.0623e+00 +2.3264e+00 -2.2917e+00 -1.9957e+00
3513 0 +5.007422043e-04 +3.992050074e+01 +3.992050074e+01 +3.9937e+00 -1.0646e+00 +2.3287e+00 -2.2928e+00 -1.9963e+00
4283 0 +4.463200114e-04 +3.992044632e+01 +3.992044632e+01 +3.9913e+00 -1.0666e+00 +2.3311e+00 -2.2938e+00 -1.9971e+00
5068 0 +3.978459928e-04 +3.992039785e+01 +3.992039785e+01 +3.9889e+00 -1.0687e+00 +2.3335e+00 -2.2948e+00 -1.9979e+00
5956 0 +3.546542216e-04 +3.992035465e+01 +3.992035465e+01 +3.9869e+00 -1.0700e+00 +2.3362e+00 -2.2955e+00 -1.9986e+00
7026 0 +3.161069548e-04 +3.992031611e+01 +3.992031611e+01 +3.9855e+00 -1.0694e+00 +2.3395e+00 -2.2957e+00 -1.9990e+00
8148 0 +2.817498531e-04 +3.992028175e+01 +3.992028175e+01 +3.9847e+00 -1.0676e+00 +2.3427e+00 -2.2952e+00 -1.9997e+00
9373 0 +2.511387254e-04 +3.992025114e+01 +3.992025114e+01 +3.9831e+00 -1.0681e+00 +2.3448e+00 -2.2955e+00 -2.0007e+00
10828 0 +2.238534786e-04 +3.992022385e+01 +3.992022385e+01 +3.9812e+00 -1.0694e+00 +2.3471e+00 -2.2961e+00 -2.0015e+00
12518 0 +1.995067912e-04 +3.992019951e+01 +3.992019951e+01 +3.9798e+00 -1.0694e+00 +2.3495e+00 -2.2963e+00 -2.0023e+00
14466 0 +1.777895139e-04 +3.992017779e+01 +3.992017779e+01 +3.9791e+00 -1.0680e+00 +2.3521e+00 -2.2959e+00 -2.0031e+00
16591 0 +1.584834086e-04 +3.992015848e+01 +3.992015848e+01 +3.9781e+00 -1.0671e+00 +2.3546e+00 -2.2956e+00 -2.0039e+00
19060 0 +1.412532606e-04 +3.992014125e+01 +3.992014125e+01 +3.9765e+00 -1.0682e+00 +2.3562e+00 -2.2961e+00 -2.0048e+00
23031 0 +1.258895305e-04 +3.992012589e+01 +3.992012589e+01 +3.9757e+00 -1.0669e+00 +2.3588e+00 -2.2957e+00 -2.0056e+00
26123 0 +1.121760511e-04 +3.992011218e+01 +3.992011218e+01 +3.9745e+00 -1.0678e+00 +2.3596e+00 -2.2958e+00 -2.0068e+00
29923 0 +9.998315916e-05 +3.992009998e+01 +3.992009998e+01 +3.9730e+00 -1.0690e+00 +2.3609e+00 -2.2962e+00 -2.0076e+00
35006 0 +8.912029997e-05 +3.992008912e+01 +3.992008912e+01 +3.9721e+00 -1.0688e+00 +2.3625e+00 -2.2962e+00 -2.0085e+00
41513 0 +7.942343723e-05 +3.992007942e+01 +3.992007942e+01 +3.9713e+00 -1.0680e+00 +2.3644e+00 -2.2959e+00 -2.0092e+00
46855 0 +7.079306584e-05 +3.992007079e+01 +3.992007079e+01 +3.9703e+00 -1.0687e+00 +2.3652e+00 -2.2960e+00 -2.0103e+00
50000 0 +6.702026235e-05 +3.992006702e+01 +3.992006702e+01 +3.9697e+00 -1.0692e+00 +2.3658e+00 -2.2961e+00 -2.0106e+00
% f evaluations | g evaluations | best noise-free fitness - Fopt (-5.661000000000e+01) + sum g_i+ | measured fitness | best measured fitness or single-digit g-values | x1 | x2...
1 0 +2.609235543e+01 -3.051764457e+01 -3.051764457e+01 +0.0000e+00 +0.0000e+00 +0.0000e+00 +0.0000e+00 +0.0000e+00
5 0 +1.996415103e+01 -3.664584897e+01 -3.664584897e+01 +2.9289e+00 +0.0000e+00 +0.0000e+00 +0.0000e+00 +0.0000e+00
6 0 +1.448470996e+01 -4.212529004e+01 -4.212529004e+01 +4.5498e+00 +1.6209e+00 +1.6209e+00 +1.6209e+00 +1.6209e+00
42 0 +1.209818877e+01 -4.451181123e+01 -4.451181123e+01 +4.1039e+00 +3.2980e+00 +1.1749e+00 +1.1749e+00 +1.1749e+00
48 0 +1.111273193e+01 -4.549726807e+01 -4.549726807e+01 +4.1039e+00 +1.1749e+00 +3.2980e+00 +1.1749e+00 +1.1749e+00
166 0 +9.110452707e+00 -4.749954729e+01 -4.749954729e+01 +1.5751e+00 +2.0013e+00 +1.0006e+00 -1.0006e+00 -1.0006e+00
168 0 +5.685902573e+00 -5.092409743e+01 -5.092409743e+01 +1.5751e+00 +2.0013e+00 +2.0013e+00 -1.0006e+00 -1.0006e+00
169 0 +5.534491472e+00 -5.107550853e+01 -5.107550853e+01 +1.5751e+00 +2.0013e+00 +2.0013e+00 -2.0013e+00 -1.0006e+00
171 0 +3.152475315e+00 -5.345752468e+01 -5.345752468e+01 +1.5751e+00 +2.0013e+00 +2.0013e+00 -2.0013e+00 -2.0013e+00
176 0 +2.271864724e+00 -5.433813528e+01 -5.433813528e+01 +2.5757e+00 +3.0019e+00 +2.0013e+00 -2.0013e+00 -2.0013e+00
178 0 +1.676843845e+00 -5.493315615e+01 -5.493315615e+01 +2.5757e+00 +3.0019e+00 +3.0019e+00 -2.0013e+00 -2.0013e+00
179 0 +1.116056524e+00 -5.549394348e+01 -5.549394348e+01 +2.5757e+00 +3.0019e+00 +3.0019e+00 -3.0019e+00 -2.0013e+00
181 0 +5.331160337e-01 -5.607688397e+01 -5.607688397e+01 +2.5757e+00 +3.0019e+00 +3.0019e+00 -3.0019e+00 -3.0019e+00
183 0 +1.252251547e-01 -5.648477485e+01 -5.648477485e+01 +1.5751e+00 +3.0019e+00 +3.0019e+00 -3.0019e+00 -3.0019e+00
218 0 +8.756403624e-02 -5.652243596e+01 -5.652243596e+01 +1.5751e+00 +3.0019e+00 +3.2521e+00 -3.0019e+00 -3.0019e+00
235 0 +6.888066680e-02 -5.654111933e+01 -5.654111933e+01 +1.5751e+00 +2.8769e+00 +3.2521e+00 -3.0019e+00 -3.0019e+00
254 0 +5.838753037e-02 -5.655161247e+01 -5.655161247e+01 +1.6376e+00 +2.8769e+00 +3.2521e+00 -3.0019e+00 -3.0019e+00
259 0 +4.292365397e-02 -5.656707635e+01 -5.656707635e+01 +1.6376e+00 +2.8769e+00 +3.1896e+00 -3.0645e+00 -3.0019e+00
264 0 +3.410104698e-02 -5.657589895e+01 -5.657589895e+01 +1.7001e+00 +2.8769e+00 +3.1896e+00 -3.0645e+00 -3.0019e+00
269 0 +2.957432375e-02 -5.658042568e+01 -5.658042568e+01 +1.7001e+00 +2.8769e+00 +3.1896e+00 -3.1270e+00 -3.0019e+00
274 0 +2.066998594e-02 -5.658933001e+01 -5.658933001e+01 +1.7627e+00 +2.8769e+00 +3.1896e+00 -3.1270e+00 -3.0019e+00
293 0 +1.959288526e-02 -5.659040711e+01 -5.659040711e+01 +1.7314e+00 +2.8769e+00 +3.1896e+00 -3.1270e+00 -3.0019e+00
299 0 +1.692916858e-02 -5.659307083e+01 -5.659307083e+01 +1.7314e+00 +2.9081e+00 +3.1896e+00 -3.1583e+00 -3.0019e+00
304 0 +1.431306026e-02 -5.659568694e+01 -5.659568694e+01 +1.7627e+00 +2.9081e+00 +3.1896e+00 -3.1583e+00 -3.0019e+00
311 0 +1.336063000e-02 -5.659663937e+01 -5.659663937e+01 +1.7627e+00 +2.9081e+00 +3.1896e+00 -3.1583e+00 -3.0332e+00
314 0 +1.115192909e-02 -5.659884807e+01 -5.659884807e+01 +1.7940e+00 +2.9081e+00 +3.1896e+00 -3.1583e+00 -3.0332e+00
333 0 +9.448755899e-03 -5.660055124e+01 -5.660055124e+01 +1.7783e+00 +2.9081e+00 +3.1896e+00 -3.1583e+00 -3.0332e+00
338 0 +8.541376445e-03 -5.660145862e+01 -5.660145862e+01 +1.7783e+00 +2.9081e+00 +3.2052e+00 -3.1583e+00 -3.0332e+00
399 0 +7.872011800e-03 -5.660212799e+01 -5.660212799e+01 +1.7783e+00 +2.9003e+00 +3.2287e+00 -3.1661e+00 -3.0293e+00
439 0 +7.055594386e-03 -5.660294441e+01 -5.660294441e+01 +1.7842e+00 +2.9003e+00 +3.2267e+00 -3.1720e+00 -3.0254e+00
474 0 +6.291905736e-03 -5.660370809e+01 -5.660370809e+01 +1.7920e+00 +2.9003e+00 +3.2287e+00 -3.1778e+00 -3.0254e+00
509 0 +5.605116002e-03 -5.660439488e+01 -5.660439488e+01 +1.7979e+00 +2.9003e+00 +3.2306e+00 -3.1857e+00 -3.0254e+00
564 0 +4.964610256e-03 -5.660503539e+01 -5.660503539e+01 +1.8057e+00 +2.9003e+00 +3.2296e+00 -3.1905e+00 -3.0264e+00
609 0 +4.450334771e-03 -5.660554967e+01 -5.660554967e+01 +1.8096e+00 +2.9033e+00 +3.2287e+00 -3.1954e+00 -3.0274e+00
674 0 +3.963858683e-03 -5.660603614e+01 -5.660603614e+01 +1.8164e+00 +2.9033e+00 +3.2306e+00 -3.2013e+00 -3.0274e+00
739 0 +3.535220756e-03 -5.660646478e+01 -5.660646478e+01 +1.8223e+00 +2.9033e+00 +3.2326e+00 -3.2081e+00 -3.0274e+00
804 0 +3.130499216e-03 -5.660686950e+01 -5.660686950e+01 +1.8291e+00 +2.9033e+00 +3.2345e+00 -3.2140e+00 -3.0274e+00
854 0 +2.780818775e-03 -5.660721918e+01 -5.660721918e+01 +1.8340e+00 +2.9033e+00 +3.2345e+00 -3.2140e+00 -3.0322e+00
954 0 +2.493127474e-03 -5.660750687e+01 -5.660750687e+01 +1.8384e+00 +2.9047e+00 +3.2331e+00 -3.2179e+00 -3.0332e+00
1064 0 +2.222363854e-03 -5.660777764e+01 -5.660777764e+01 +1.8438e+00 +2.9047e+00 +3.2350e+00 -3.2228e+00 -3.0337e+00
1151 0 +1.990794098e-03 -5.660800921e+01 -5.660800921e+01 +1.8477e+00 +2.9052e+00 +3.2340e+00 -3.2238e+00 -3.0371e+00
1259 0 +1.774969311e-03 -5.660822503e+01 -5.660822503e+01 +1.8514e+00 +2.9062e+00 +3.2331e+00 -3.2247e+00 -3.0401e+00
1439 0 +1.583826803e-03 -5.660841617e+01 -5.660841617e+01 +1.8558e+00 +2.9067e+00 +3.2340e+00 -3.2291e+00 -3.0403e+00
1604 0 +1.412434706e-03 -5.660858757e+01 -5.660858757e+01 +1.8599e+00 +2.9069e+00 +3.2340e+00 -3.2313e+00 -3.0420e+00
1759 0 +1.254005651e-03 -5.660874599e+01 -5.660874599e+01 +1.8636e+00 +2.9074e+00 +3.2335e+00 -3.2326e+00 -3.0447e+00
1929 0 +1.121297692e-03 -5.660887870e+01 -5.660887870e+01 +1.8671e+00 +2.9079e+00 +3.2326e+00 -3.2340e+00 -3.0468e+00
2204 0 +9.984256930e-04 -5.660900157e+01 -5.660900157e+01 +1.8705e+00 +2.9086e+00 +3.2327e+00 -3.2373e+00 -3.0471e+00
2491 0 +8.906954849e-04 -5.660910930e+01 -5.660910930e+01 +1.8740e+00 +2.9089e+00 +3.2328e+00 -3.2394e+00 -3.0486e+00
2744 0 +7.938554973e-04 -5.660920614e+01 -5.660920614e+01 +1.8771e+00 +2.9092e+00 +3.2321e+00 -3.2405e+00 -3.0506e+00
3049 0 +7.069954722e-04 -5.660929300e+01 -5.660929300e+01 +1.8798e+00 +2.9102e+00 +3.2309e+00 -3.2421e+00 -3.0520e+00
3581 0 +6.308272892e-04 -5.660936917e+01 -5.660936917e+01 +1.8830e+00 +2.9103e+00 +3.2317e+00 -3.2448e+00 -3.0525e+00
4024 0 +5.620200566e-04 -5.660943798e+01 -5.660943798e+01 +1.8858e+00 +2.9106e+00 +3.2310e+00 -3.2459e+00 -3.0541e+00
4461 0 +5.011564653e-04 -5.660949884e+01 -5.660949884e+01 +1.8884e+00 +2.9110e+00 +3.2302e+00 -3.2470e+00 -3.0558e+00
5104 0 +4.463418130e-04 -5.660955366e+01 -5.660955366e+01 +1.8908e+00 +2.9116e+00 +3.2298e+00 -3.2488e+00 -3.0565e+00
5934 0 +3.979987874e-04 -5.660960200e+01 -5.660960200e+01 +1.8933e+00 +2.9118e+00 +3.2298e+00 -3.2502e+00 -3.0576e+00
6689 0 +3.544718369e-04 -5.660964553e+01 -5.660964553e+01 +1.8956e+00 +2.9122e+00 +3.2290e+00 -3.2512e+00 -3.0590e+00
7424 0 +3.158801466e-04 -5.660968412e+01 -5.660968412e+01 +1.8979e+00 +2.9125e+00 +3.2283e+00 -3.2521e+00 -3.0603e+00
8654 0 +2.817620069e-04 -5.660971824e+01 -5.660971824e+01 +1.9000e+00 +2.9129e+00 +3.2282e+00 -3.2538e+00 -3.0609e+00
9994 0 +2.510090505e-04 -5.660974899e+01 -5.660974899e+01 +1.9020e+00 +2.9132e+00 +3.2277e+00 -3.2547e+00 -3.0620e+00
11264 0 +2.237668677e-04 -5.660977623e+01 -5.660977623e+01 +1.9039e+00 +2.9135e+00 +3.2271e+00 -3.2555e+00 -3.0631e+00
12574 0 +1.995072570e-04 -5.660980049e+01 -5.660980049e+01 +1.9057e+00 +2.9139e+00 +3.2264e+00 -3.2564e+00 -3.0641e+00
14981 0 +1.778273213e-04 -5.660982217e+01 -5.660982217e+01 +1.9075e+00 +2.9141e+00 +3.2263e+00 -3.2576e+00 -3.0648e+00
17204 0 +1.584669670e-04 -5.660984153e+01 -5.660984153e+01 +1.9092e+00 +2.9144e+00 +3.2257e+00 -3.2583e+00 -3.0658e+00
19344 0 +1.412334219e-04 -5.660985877e+01 -5.660985877e+01 +1.9109e+00 +2.9146e+00 +3.2251e+00 -3.2590e+00 -3.0667e+00
22999 0 +1.258916975e-04 -5.660987411e+01 -5.660987411e+01 +1.9124e+00 +2.9150e+00 +3.2248e+00 -3.2600e+00 -3.0674e+00
26894 0 +1.121840944e-04 -5.660988782e+01 -5.660988782e+01 +1.9139e+00 +2.9152e+00 +3.2242e+00 -3.2606e+00 -3.0683e+00
30594 0 +9.999253292e-05 -5.660990001e+01 -5.660990001e+01 +1.9153e+00 +2.9155e+00 +3.2236e+00 -3.2611e+00 -3.0692e+00
34404 0 +8.911219495e-05 -5.660991089e+01 -5.660991089e+01 +1.9166e+00 +2.9158e+00 +3.2230e+00 -3.2617e+00 -3.0699e+00
41274 0 +7.943255562e-05 -5.660992057e+01 -5.660992057e+01 +1.9179e+00 +2.9160e+00 +3.2227e+00 -3.2624e+00 -3.0706e+00
47764 0 +7.079441985e-05 -5.660992921e+01 -5.660992921e+01 +1.9191e+00 +2.9162e+00 +3.2222e+00 -3.2629e+00 -3.0713e+00
50000 0 +6.797933688e-05 -5.660993202e+01 -5.660993202e+01 +1.9196e+00 +2.9163e+00 +3.2220e+00 -3.2631e+00 -3.0716e+00
% f evaluations | g evaluations | best noise-free fitness - Fopt (-8.901000000000e+01) + sum g_i+ | measured fitness | best measured fitness or single-digit g-values | x1 | x2...
1 0 +2.560583890e+01 -6.340416110e+01 -6.340416110e+01 +0.0000e+00 +0.0000e+00 +0.0000e+00 +0.0000e+00 +0.0000e+00
2 0 +1.045429428e+01 -7.855570572e+01 -7.855570572e+01 -2.9289e+00 +0.0000e+00 +0.0000e+00 +0.0000e+00 +0.0000e+00
19 0 +6.375295928e+00 -8.263470407e+01 -8.263470407e+01 -1.6209e+00 -1.6209e+00 +1.3081e+00 -1.6209e+00 -1.6209e+00
22 0 +6.290188804e+00 -8.271981120e+01 -8.271981120e+01 -1.6209e+00 -1.6209e+00 -1.6209e+00 -4.5498e+00 -1.6209e+00
32 0 +4.646281896e+00 -8.436371810e+01 -8.436371810e+01 -2.1231e+00 +0.0000e+00 +0.0000e+00 -2.9289e+00 +0.0000e+00
169 0 +3.795495551e+00 -8.521450445e+01 -8.521450445e+01 -2.0013e+00 -1.0006e+00 +2.0013e+00 -1.5751e+00 +0.0000e+00
172 0 +3.463415520e+00 -8.554658448e+01 -8.554658448e+01 -2.0013e+00 -1.0006e+00 +2.0013e+00 -1.5751e+00 +1.0006e+00
173 0 +2.600895166e+00 -8.640910483e+01 -8.640910483e+01 -3.0019e+00 -1.0006e+00 +2.0013e+00 -1.5751e+00 +1.0006e+00
175 0 +9.447065082e-01 -8.806529349e+01 -8.806529349e+01 -3.0019e+00 -2.0013e+00 +2.0013e+00 -1.5751e+00 +1.0006e+00
183 0 +5.486534021e-01 -8.846134660e+01 -8.846134660e+01 -4.0026e+00 -2.0013e+00 +2.0013e+00 -1.5751e+00 +1.0006e+00
185 0 +4.608105034e-01 -8.854918950e+01 -8.854918950e+01 -4.0026e+00 -3.0019e+00 +2.0013e+00 -1.5751e+00 +1.0006e+00
212 0 +1.871164186e-01 -8.882288358e+01 -8.882288358e+01 -3.5023e+00 -3.0019e+00 +2.0013e+00 -1.5751e+00 +1.5010e+00
216 0 +1.224960911e-01 -8.888750391e+01 -8.888750391e+01 -3.5023e+00 -2.5016e+00 +2.0013e+00 -1.5751e+00 +1.5010e+00
233 0 +1.086590358e-01 -8.890134096e+01 -8.890134096e+01 -3.7524e+00 -2.5016e+00 +2.0013e+00 -1.5751e+00 +1.5010e+00
237 0 +8.541041905e-02 -8.892458958e+01 -8.892458958e+01 -3.7524e+00 -2.5016e+00 +1.7511e+00 -1.5751e+00 +1.5010e+00
243 0 +7.860738129e-02 -8.893139262e+01 -8.893139262e+01 -4.0026e+00 -2.5016e+00 +1.7511e+00 -1.5751e+00 +1.5010e+00
264 0 +5.400068989e-02 -8.895599931e+01 -8.895599931e+01 -3.8775e+00 -2.5016e+00 +1.7511e+00 -1.5751e+00 +1.5010e+00
265 0 +4.747853770e-02 -8.896252146e+01 -8.896252146e+01 -3.8775e+00 -2.6267e+00 +1.7511e+00 -1.5751e+00 +1.5010e+00
267 0 +3.878288776e-02 -8.897121711e+01 -8.897121711e+01 -3.8775e+00 -2.6267e+00 +1.6261e+00 -1.5751e+00 +1.5010e+00
283 0 +3.063990546e-02 -8.897936009e+01 -8.897936009e+01 -3.9401e+00 -2.6267e+00 +1.6261e+00 -1.5751e+00 +1.5010e+00
312 0 +2.568000101e-02 -8.898432000e+01 -8.898432000e+01 -3.9401e+00 -2.6580e+00 +1.6261e+00 -1.6063e+00 +1.4697e+00
315 0 +2.497510917e-02 -8.898502489e+01 -8.898502489e+01 -3.9401e+00 -2.6892e+00 +1.6261e+00 -1.6063e+00 +1.4697e+00
338 0 +2.168444133e-02 -8.898831556e+01 -8.898831556e+01 -3.9244e+00 -2.6892e+00 +1.6417e+00 -1.6063e+00 +1.4697e+00
348 0 +1.860732053e-02 -8.899139268e+01 -8.899139268e+01 -3.9401e+00 -2.6736e+00 +1.6573e+00 -1.6220e+00 +1.4697e+00
349 0 +1.745297694e-02 -8.899254702e+01 -8.899254702e+01 -3.9401e+00 -2.6736e+00 +1.6573e+00 -1.6376e+00 +1.4697e+00
378 0 +1.577516138e-02 -8.899422484e+01 -8.899422484e+01 -3.9322e+00 -2.6892e+00 +1.6651e+00 -1.6376e+00 +1.4697e+00
389 0 +1.390887039e-02 -8.899609113e+01 -8.899609113e+01 -3.9322e+00 -2.6892e+00 +1.6730e+00 -1.6532e+00 +1.4775e+00
399 0 +1.251722856e-02 -8.899748277e+01 -8.899748277e+01 -3.9322e+00 -2.6892e+00 +1.6808e+00 -1.6611e+00 +1.4775e+00
415 0 +1.115358010e-02 -8.899884642e+01 -8.899884642e+01 -3.9322e+00 -2.6971e+00 +1.6886e+00 -1.6689e+00 +1.4775e+00
419 0 +9.883220131e-03 -8.900011678e+01 -8.900011678e+01 -3.9322e+00 -2.6971e+00 +1.6964e+00 -1.6767e+00 +1.4775e+00
449 0 +8.717073481e-03 -8.900128293e+01 -8.900128293e+01 -3.9322e+00 -2.6971e+00 +1.7042e+00 -1.6845e+00 +1.4775e+00
468 0 +7.920711618e-03 -8.900207929e+01 -8.900207929e+01 -3.9322e+00 -2.6971e+00 +1.7120e+00 -1.6884e+00 +1.4775e+00
488 0 +7.064502972e-03 -8.900293550e+01 -8.900293550e+01 -3.9322e+00 -2.6971e+00 +1.7199e+00 -1.6962e+00 +1.4814e+00
499 0 +6.196620196e-03 -8.900380338e+01 -8.900380338e+01 -3.9322e+00 -2.6971e+00 +1.7238e+00 -1.7041e+00 +1.4814e+00
519 0 +5.348021846e-03 -8.900465198e+01 -8.900465198e+01 -3.9322e+00 -2.6971e+00 +1.7316e+00 -1.7119e+00 +1.4814e+00
529 0 +4.967098582e-03 -8.900503290e+01 -8.900503290e+01 -3.9322e+00 -2.6971e+00 +1.7355e+00 -1.7158e+00 +1.4814e+00
569 0 +4.371430316e-03 -8.900562857e+01 -8.900562857e+01 -3.9322e+00 -2.6971e+00 +1.7414e+00 -1.7216e+00 +1.4853e+00
598 0 +3.932574199e-03 -8.900606743e+01 -8.900606743e+01 -3.9322e+00 -2.6971e+00 +1.7472e+00 -1.7256e+00 +1.4853e+00
619 0 +3.541842078e-03 -8.900645816e+01 -8.900645816e+01 -3.9322e+00 -2.6971e+00 +1.7511e+00 -1.7314e+00 +1.4873e+00
649 0 +3.125735106e-03 -8.900687426e+01 -8.900687426e+01 -3.9322e+00 -2.6971e+00 +1.7570e+00 -1.7373e+00 +1.4873e+00
709 0 +2.807476538e-03 -8.900719252e+01 -8.900719252e+01 -3.9322e+00 -2.6971e+00 +1.7619e+00 -1.7422e+00 +1.4892e+00
769 0 +2.505072242e-03 -8.900749493e+01 -8.900749493e+01 -3.9322e+00 -2.6971e+00 +1.7677e+00 -1.7480e+00 +1.4902e+00
831 0 +2.234452279e-03 -8.900776555e+01 -8.900776555e+01 -3.9322e+00 -2.6961e+00 +1.7736e+00 -1.7529e+00 +1.4912e+00
882 0 +1.978584122e-03 -8.900802142e+01 -8.900802142e+01 -3.9322e+00 -2.6922e+00 +1.7775e+00 -1.7549e+00 +1.4922e+00
968 0 +1.756685199e-03 -8.900824331e+01 -8.900824331e+01 -3.9308e+00 -2.6897e+00 +1.7814e+00 -1.7558e+00 +1.4927e+00
1048 0 +1.573964473e-03 -8.900842604e+01 -8.900842604e+01 -3.9283e+00 -2.6883e+00 +1.7853e+00 -1.7568e+00 +1.4932e+00
1124 0 +1.408854408e-03 -8.900859115e+01 -8.900859115e+01 -3.9269e+00 -2.6858e+00 +1.7883e+00 -1.7578e+00 +1.4946e+00
1208 0 +1.251254335e-03 -8.900874875e+01 -8.900874875e+01 -3.9269e+00 -2.6829e+00 +1.7912e+00 -1.7593e+00 +1.4971e+00
1308 0 +1.120362008e-03 -8.900887964e+01 -8.900887964e+01 -3.9269e+00 -2.6802e+00 +1.7939e+00 -1.7607e+00 +1.4983e+00
1438 0 +9.957103231e-04 -8.900900429e+01 -8.900900429e+01 -3.9261e+00 -2.6778e+00 +1.7971e+00 -1.7617e+00 +1.4980e+00
1558 0 +8.884581120e-04 -8.900911154e+01 -8.900911154e+01 -3.9249e+00 -2.6761e+00 +1.8000e+00 -1.7629e+00 +1.4993e+00
1699 0 +7.931899673e-04 -8.900920681e+01 -8.900920681e+01 -3.9249e+00 -2.6736e+00 +1.8022e+00 -1.7644e+00 +1.5012e+00
1908 0 +7.060826287e-04 -8.900929392e+01 -8.900929392e+01 -3.9247e+00 -2.6714e+00 +1.8046e+00 -1.7654e+00 +1.5021e+00
2108 0 +6.307615156e-04 -8.900936924e+01 -8.900936924e+01 -3.9243e+00 -2.6693e+00 +1.8071e+00 -1.7663e+00 +1.5026e+00
2388 0 +5.617360568e-04 -8.900943826e+01 -8.900943826e+01 -3.9242e+00 -2.6674e+00 +1.8092e+00 -1.7677e+00 +1.5043e+00
2766 0 +5.007978560e-04 -8.900949920e+01 -8.900949920e+01 -3.9236e+00 -2.6656e+00 +1.8114e+00 -1.7686e+00 +1.5049e+00
3108 0 +4.465051839e-04 -8.900955349e+01 -8.900955349e+01 -3.9233e+00 -2.6638e+00 +1.8136e+00 -1.7696e+00 +1.5057e+00
3576 0 +3.978798700e-04 -8.900960212e+01 -8.900960212e+01 -3.9233e+00 -2.6621e+00 +1.8155e+00 -1.7708e+00 +1.5070e+00
4198 0 +3.546560680e-04 -8.900964534e+01 -8.900964534e+01 -3.9231e+00 -2.6604e+00 +1.8174e+00 -1.7717e+00 +1.5076e+00
4796 0 +3.161192484e-04 -8.900968388e+01 -8.900968388e+01 -3.9230e+00 -2.6587e+00 +1.8192e+00 -1.7726e+00 +1.5084e+00
5459 0 +2.817780166e-04 -8.900971822e+01 -8.900971822e+01 -3.9230e+00 -2.6572e+00 +1.8211e+00 -1.7739e+00 +1.5093e+00
6528 0 +2.511474408e-04 -8.900974885e+01 -8.900974885e+01 -3.9230e+00 -2.6557e+00 +1.8227e+00 -1.7747e+00 +1.5099e+00
7578 0 +2.237819689e-04 -8.900977622e+01 -8.900977622e+01 -3.9229e+00 -2.6541e+00 +1.8243e+00 -1.7755e+00 +1.5105e+00
8689 0 +1.994139030e-04 -8.900980059e+01 -8.900980059e+01 -3.9229e+00 -2.6530e+00 +1.8260e+00 -1.7767e+00 +1.5113e+00
9808 0 +1.777989782e-04 -8.900982220e+01 -8.900982220e+01 -3.9229e+00 -2.6519e+00 +1.8277e+00 -1.7778e+00 +1.5121e+00
11648 0 +1.584477579e-04 -8.900984155e+01 -8.900984155e+01 -3.9229e+00 -2.6505e+00 +1.8291e+00 -1.7785e+00 +1.5125e+00
13566 0 +1.412517288e-04 -8.900985875e+01 -8.900985875e+01 -3.9229e+00 -2.6494e+00 +1.8305e+00 -1.7795e+00 +1.5132e+00
15468 0 +1.258781459e-04 -8.900987412e+01 -8.900987412e+01 -3.9229e+00 -2.6485e+00 +1.8320e+00 -1.7805e+00 +1.5138e+00
17868 0 +1.121953492e-04 -8.900988780e+01 -8.900988780e+01 -3.9229e+00 -2.6475e+00 +1.8333e+00 -1.7814e+00 +1.5143e+00
21152 0 +9.999979316e-05 -8.900990000e+01 -8.900990000e+01 -3.9229e+00 -2.6464e+00 +1.8346e+00 -1.7821e+00 +1.5149e+00
24529 0 +8.912339138e-05 -8.900991088e+01 -8.900991088e+01 -3.9229e+00 -2.6456e+00 +1.8359e+00 -1.7831e+00 +1.5154e+00
27798 0 +7.941032838e-05 -8.900992059e+01 -8.900992059e+01 -3.9229e+00 -2.6448e+00 +1.8371e+00 -1.7840e+00 +1.5160e+00
32722 0 +7.079311619e-05 -8.900992921e+01 -8.900992921e+01 -3.9229e+00 -2.6438e+00 +1.8382e+00 -1.7846e+00 +1.5164e+00
38688 0 +6.309218632e-05 -8.900993691e+01 -8.900993691e+01 -3.9229e+00 -2.6430e+00 +1.8394e+00 -1.7854e+00 +1.5169e+00
44518 0 +5.623256641e-05 -8.900994377e+01 -8.900994377e+01 -3.9229e+00 -2.6423e+00 +1.8405e+00 -1.7862e+00 +1.5174e+00
50000 0 +5.032286421e-05 -8.900994968e+01 -8.900994968e+01 -3.9229e+00 -2.6417e+00 +1.8415e+00 -1.7870e+00 +1.5178e+00
% f evaluations | g evaluations | best noise-free fitness - Fopt (-3.352100000000e+02) + sum g_i+ | measured fitness | best measured fitness or single-digit g-values | x1 | x2...
1 0 +9.433499948e+01 -2.408750005e+02 -2.408750005e+02 +0.0000e+00 +0.0000e+00 +0.0000e+00 +0.0000e+00 +0.0000e+00
2 0 +5.725631148e+01 -2.779536885e+02 -2.779536885e+02 -2.9289e+00 +0.0000e+00 +0.0000e+00 +0.0000e+00 +0.0000e+00
3 0 +5.413313095e+01 -2.810768690e+02 -2.810768690e+02 -1.3081e+00 +1.6209e+00 +1.6209e+00 +1.6209e+00 +1.6209e+00
15 0 +4.979365633e+01 -2.854163437e+02 -2.854163437e+02 +1.6209e+00 +1.6209e+00 -1.3081e+00 +1.6209e+00 +1.6209e+00
20 0 +3.542887588e+01 -2.997811241e+02 -2.997811241e+02 +0.0000e+00 +0.0000e+00 +0.0000e+00 -2.9289e+00 +0.0000e+00
21 0 +2.854678948e+01 -3.066632105e+02 -3.066632105e+02 +1.6209e+00 +1.6209e+00 +1.6209e+00 -1.3081e+00 +1.6209e+00
29 0 +1.441056569e+01 -3.207994343e+02 -3.207994343e+02 +0.0000e+00 +0.0000e+00 +0.0000e+00 +0.0000e+00 +2.9289e+00
32 0 +8.458054506e+00 -3.267519455e+02 -3.267519455e+02 -2.1231e+00 +0.0000e+00 +0.0000e+00 +0.0000e+00 +2.9289e+00
44 0 +6.801247084e+00 -3.284087529e+02 -3.284087529e+02 +0.0000e+00 +0.0000e+00 -2.1231e+00 +0.0000e+00 +2.9289e+00
50 0 +4.686799669e+00 -3.305232003e+02 -3.305232003e+02 +0.0000e+00 +0.0000e+00 +0.0000e+00 -2.1231e+00 +2.9289e+00
61 0 +3.038503476e+00 -3.321714965e+02 -3.321714965e+02 -1.1749e+00 -1.1749e+00 -1.1749e+00 -1.1749e+00 +3.8771e+00
182 0 +2.018632212e+00 -3.331913678e+02 -3.331913678e+02 -2.0013e+00 +0.0000e+00 -3.0019e+00 -2.0013e+00 +2.5757e+00
184 0 +1.228500873e+00 -3.339814991e+02 -3.339814991e+02 -1.0006e+00 +0.0000e+00 -3.0019e+00 -2.0013e+00 +2.5757e+00
192 0 +6.371852492e-01 -3.345728148e+02 -3.345728148e+02 -1.0006e+00 +0.0000e+00 -3.0019e+00 -2.0013e+00 +3.5764e+00
200 0 +5.335972188e-01 -3.346764028e+02 -3.346764028e+02 -1.0006e+00 +0.0000e+00 -3.0019e+00 -1.0006e+00 +3.5764e+00
214 0 +3.729525405e-01 -3.348370475e+02 -3.348370475e+02 -5.0032e-01 +0.0000e+00 -3.0019e+00 -1.0006e+00 +3.5764e+00
219 0 +2.735546001e-01 -3.349364454e+02 -3.349364454e+02 -5.0032e-01 +0.0000e+00 -3.0019e+00 -1.5010e+00 +3.5764e+00
222 0 +2.356963022e-01 -3.349743037e+02 -3.349743037e+02 -5.0032e-01 +0.0000e+00 -3.0019e+00 -1.5010e+00 +4.0767e+00
237 0 +9.939098939e-02 -3.351106090e+02 -3.351106090e+02 -5.0032e-01 +0.0000e+00 -3.2521e+00 -1.5010e+00 +4.0767e+00
241 0 +5.212232760e-02 -3.351578777e+02 -3.351578777e+02 -5.0032e-01 +0.0000e+00 -3.2521e+00 -1.5010e+00 +3.8265e+00
245 0 +3.873476904e-02 -3.351712652e+02 -3.351712652e+02 -5.0032e-01 -2.5016e-01 -3.2521e+00 -1.5010e+00 +3.8265e+00
266 0 +3.033744373e-02 -3.351796626e+02 -3.351796626e+02 -6.2541e-01 -1.2508e-01 -3.2521e+00 -1.5010e+00 +3.8265e+00
293 0 +2.373555325e-02 -3.351862644e+02 -3.351862644e+02 -5.6287e-01 -1.2508e-01 -3.2521e+00 -1.5010e+00 +3.8265e+00
325 0 +2.235399937e-02 -3.351876460e+02 -3.351876460e+02 -5.6287e-01 -1.8762e-01 -3.2521e+00 -1.5010e+00 +3.7953e+00
349 0 +1.780581884e-02 -3.351921942e+02 -3.351921942e+02 -5.6287e-01 -1.7199e-01 -3.2677e+00 -1.5166e+00 +3.7953e+00
352 0 +1.766661720e-02 -3.351923334e+02 -3.351923334e+02 -5.6287e-01 -1.7199e-01 -3.2677e+00 -1.5166e+00 +3.8109e+00
379 0 +1.540535014e-02 -3.351945946e+02 -3.351945946e+02 -5.7068e-01 -1.6417e-01 -3.2756e+00 -1.5244e+00 +3.8109e+00
389 0 +1.356028538e-02 -3.351964397e+02 -3.351964397e+02 -5.7850e-01 -1.6417e-01 -3.2834e+00 -1.5322e+00 +3.8109e+00
419 0 +1.249085400e-02 -3.351975091e+02 -3.351975091e+02 -5.7850e-01 -1.6417e-01 -3.2873e+00 -1.5401e+00 +3.8109e+00
439 0 +1.079957643e-02 -3.351992004e+02 -3.351992004e+02 -5.7850e-01 -1.6808e-01 -3.2951e+00 -1.5479e+00 +3.8148e+00
459 0 +9.940588799e-03 -3.352000594e+02 -3.352000594e+02 -5.8241e-01 -1.6808e-01 -3.2990e+00 -1.5557e+00 +3.8148e+00
509 0 +8.687283511e-03 -3.352013127e+02 -3.352013127e+02 -5.8241e-01 -1.7003e-01 -3.3049e+00 -1.5616e+00 +3.8207e+00
539 0 +7.898590612e-03 -3.352021014e+02 -3.352021014e+02 -5.8241e-01 -1.7199e-01 -3.3088e+00 -1.5674e+00 +3.8226e+00
579 0 +6.839989959e-03 -3.352031600e+02 -3.352031600e+02 -5.8632e-01 -1.7199e-01 -3.3147e+00 -1.5752e+00 +3.8265e+00
609 0 +6.302282889e-03 -3.352036977e+02 -3.352036977e+02 -5.8436e-01 -1.7590e-01 -3.3166e+00 -1.5811e+00 +3.8304e+00
667 0 +5.579758299e-03 -3.352044202e+02 -3.352044202e+02 -5.8730e-01 -1.7883e-01 -3.3215e+00 -1.5870e+00 +3.8343e+00
709 0 +4.994443321e-03 -3.352050056e+02 -3.352050056e+02 -5.8925e-01 -1.7687e-01 -3.3254e+00 -1.5919e+00 +3.8353e+00
769 0 +4.422104621e-03 -3.352055779e+02 -3.352055779e+02 -5.9023e-01 -1.7883e-01 -3.3293e+00 -1.5977e+00 +3.8373e+00
847 0 +3.969975236e-03 -3.352060300e+02 -3.352060300e+02 -5.9169e-01 -1.8078e-01 -3.3327e+00 -1.6026e+00 +3.8402e+00
939 0 +3.509343946e-03 -3.352064907e+02 -3.352064907e+02 -5.9365e-01 -1.7834e-01 -3.3366e+00 -1.6075e+00 +3.8422e+00
1029 0 +3.153617853e-03 -3.352068464e+02 -3.352068464e+02 -5.9511e-01 -1.7980e-01 -3.3396e+00 -1.6119e+00 +3.8446e+00
1129 0 +2.816038323e-03 -3.352071840e+02 -3.352071840e+02 -5.9511e-01 -1.8127e-01 -3.3420e+00 -1.6168e+00 +3.8485e+00
1219 0 +2.508937959e-03 -3.352074911e+02 -3.352074911e+02 -5.9609e-01 -1.8322e-01 -3.3449e+00 -1.6212e+00 +3.8505e+00
1409 0 +2.234277750e-03 -3.352077657e+02 -3.352077657e+02 -5.9902e-01 -1.8176e-01 -3.3481e+00 -1.6248e+00 +3.8527e+00
1579 0 +1.981676564e-03 -3.352080183e+02 -3.352080183e+02 -5.9975e-01 -1.8274e-01 -3.3508e+00 -1.6290e+00 +3.8549e+00
1739 0 +1.775436667e-03 -3.352082246e+02 -3.352082246e+02 -6.0000e-01 -1.8469e-01 -3.3528e+00 -1.6329e+00 +3.8580e+00
1919 0 +1.584676732e-03 -3.352084153e+02 -3.352084153e+02 -6.0134e-01 -1.8567e-01 -3.3551e+00 -1.6364e+00 +3.8602e+00
2179 0 +1.411632425e-03 -3.352085884e+02 -3.352085884e+02 -6.0281e-01 -1.8420e-01 -3.3576e+00 -1.6396e+00 +3.8621e+00
2469 0 +1.256059245e-03 -3.352087439e+02 -3.352087439e+02 -6.0317e-01 -1.8616e-01 -3.3596e+00 -1.6432e+00 +3.8644e+00
2729 0 +1.121869595e-03 -3.352088781e+02 -3.352088781e+02 -6.0440e-01 -1.8677e-01 -3.3616e+00 -1.6463e+00 +3.8666e+00
3099 0 +9.986812595e-04 -3.352090013e+02 -3.352090013e+02 -6.0543e-01 -1.8726e-01 -3.3633e+00 -1.6493e+00 +3.8695e+00
3529 0 +8.912398393e-04 -3.352091088e+02 -3.352091088e+02 -6.0666e-01 -1.8652e-01 -3.3655e+00 -1.6520e+00 +3.8704e+00
4009 0 +7.933270870e-04 -3.352092067e+02 -3.352092067e+02 -6.0702e-01 -1.8768e-01 -3.3670e+00 -1.6549e+00 +3.8732e+00
4479 0 +7.062057954e-04 -3.352092938e+02 -3.352092938e+02 -6.0788e-01 -1.8872e-01 -3.3686e+00 -1.6576e+00 +3.8750e+00
5099 0 +6.301368251e-04 -3.352093699e+02 -3.352093699e+02 -6.0913e-01 -1.8851e-01 -3.3703e+00 -1.6599e+00 +3.8767e+00
5879 0 +5.618870558e-04 -3.352094381e+02 -3.352094381e+02 -6.0968e-01 -1.8854e-01 -3.3718e+00 -1.6623e+00 +3.8784e+00
6679 0 +5.004254461e-04 -3.352094996e+02 -3.352094996e+02 -6.1017e-01 -1.8958e-01 -3.3731e+00 -1.6647e+00 +3.8805e+00
7449 0 +4.465276364e-04 -3.352095535e+02 -3.352095535e+02 -6.1114e-01 -1.9013e-01 -3.3745e+00 -1.6669e+00 +3.8821e+00
8629 0 +3.979743821e-04 -3.352096020e+02 -3.352096020e+02 -6.1212e-01 -1.8935e-01 -3.3760e+00 -1.6688e+00 +3.8833e+00
10009 0 +3.547165777e-04 -3.352096453e+02 -3.352096453e+02 -6.1249e-01 -1.8996e-01 -3.3771e+00 -1.6709e+00 +3.8854e+00
11322 0 +3.161491712e-04 -3.352096839e+02 -3.352096839e+02 -6.1301e-01 -1.9077e-01 -3.3782e+00 -1.6729e+00 +3.8870e+00
12849 0 +2.816782210e-04 -3.352097183e+02 -3.352097183e+02 -6.1380e-01 -1.9090e-01 -3.3793e+00 -1.6747e+00 +3.8885e+00
15009 0 +2.511385269e-04 -3.352097489e+02 -3.352097489e+02 -6.1451e-01 -1.9056e-01 -3.3805e+00 -1.6764e+00 +3.8897e+00
17312 0 +2.238427978e-04 -3.352097762e+02 -3.352097762e+02 -6.1495e-01 -1.9115e-01 -3.3814e+00 -1.6782e+00 +3.8914e+00
19549 0 +1.994626234e-04 -3.352098005e+02 -3.352098005e+02 -6.1540e-01 -1.9171e-01 -3.3823e+00 -1.6798e+00 +3.8929e+00
22357 0 +1.778224040e-04 -3.352098222e+02 -3.352098222e+02 -6.1622e-01 -1.9147e-01 -3.3834e+00 -1.6813e+00 +3.8940e+00
26212 0 +1.584882562e-04 -3.352098415e+02 -3.352098415e+02 -6.1665e-01 -1.9159e-01 -3.3843e+00 -1.6827e+00 +3.8952e+00
30039 0 +1.412306073e-04 -3.352098588e+02 -3.352098588e+02 -6.1704e-01 -1.9203e-01 -3.3851e+00 -1.6842e+00 +3.8965e+00
34029 0 +1.258708543e-04 -3.352098741e+02 -3.352098741e+02 -6.1752e-01 -1.9235e-01 -3.3858e+00 -1.6856e+00 +3.8979e+00
39529 0 +1.121860746e-04 -3.352098878e+02 -3.352098878e+02 -6.1818e-01 -1.9188e-01 -3.3867e+00 -1.6868e+00 +3.8988e+00
46232 0 +9.999838079e-05 -3.352099000e+02 -3.352099000e+02 -6.1852e-01 -1.9228e-01 -3.3874e+00 -1.6881e+00 +3.9000e+00
50000 0 +9.352278369e-05 -3.352099065e+02 -3.352099065e+02 -6.1872e-01 -1.9250e-01 -3.3878e+00 -1.6888e+00 +3.9007e+00
% f evaluations | g evaluations | best noise-free fitness - Fopt (-1.172200000000e+02) + sum g_i+ | measured fitness | best measured fitness or single-digit g-values | x1 | x2...
1 0 +4.428548108e+00 -1.127914519e+02 -1.127914519e+02 +0.0000e+00 +0.0000e+00 +0.0000e+00 +0.0000e+00 +0.0000e+00
5 0 +3.694670169e+00 -1.135253298e+02 -1.135253298e+02 +2.9289e+00 +0.0000e+00 +0.0000e+00 +0.0000e+00 +0.0000e+00
15 0 +2.754242129e+00 -1.144657579e+02 -1.144657579e+02 +1.6209e+00 +1.6209e+00 -1.3081e+00 +1.6209e+00 +1.6209e+00
44 0 +2.328257995e+00 -1.148917420e+02 -1.148917420e+02 +2.9289e+00 +0.0000e+00 -2.1231e+00 +0.0000e+00 +0.0000e+00
53 0 +1.592503935e+00 -1.156274961e+02 -1.156274961e+02 +2.9289e+00 +0.0000e+00 +0.0000e+00 +2.1231e+00 +0.0000e+00
75 0 +1.251873756e+00 -1.159681262e+02 -1.159681262e+02 +1.6575e+00 +8.5167e-01 -6.8731e-01 +8.5167e-01 +8.5167e-01
164 0 +5.652826467e-01 -1.166547174e+02 -1.166547174e+02 +1.5751e+00 +1.0006e+00 -1.0006e+00 +1.0006e+00 +0.0000e+00
170 0 +2.651939401e-01 -1.169548061e+02 -1.169548061e+02 +1.5751e+00 +1.0006e+00 -1.0006e+00 +2.0013e+00 +0.0000e+00
184 0 +1.872289507e-01 -1.170327710e+02 -1.170327710e+02 +2.0754e+00 +1.0006e+00 -1.0006e+00 +2.0013e+00 +0.0000e+00
189 0 +1.775076094e-01 -1.170424924e+02 -1.170424924e+02 +2.0754e+00 +1.0006e+00 -1.0006e+00 +1.5010e+00 +0.0000e+00
203 0 +1.562913454e-01 -1.170637087e+02 -1.170637087e+02 +1.8252e+00 +1.0006e+00 -1.0006e+00 +1.5010e+00 -5.0032e-01
226 0 +1.379378643e-01 -1.170820621e+02 -1.170820621e+02 +1.9503e+00 +1.1257e+00 -1.0006e+00 +1.5010e+00 -5.0032e-01
229 0 +9.208305033e-02 -1.171279169e+02 -1.171279169e+02 +1.9503e+00 +1.1257e+00 -8.7557e-01 +1.3759e+00 -5.0032e-01
232 0 +5.143817195e-02 -1.171685618e+02 -1.171685618e+02 +1.9503e+00 +1.1257e+00 -8.7557e-01 +1.3759e+00 -3.7524e-01
235 0 +4.677825013e-02 -1.171732217e+02 -1.171732217e+02 +1.9503e+00 +1.0006e+00 -8.7557e-01 +1.3759e+00 -3.7524e-01
244 0 +4.283502548e-02 -1.171771650e+02 -1.171771650e+02 +2.0754e+00 +1.0006e+00 -8.7557e-01 +1.3759e+00 -3.7524e-01
263 0 +3.840353800e-02 -1.171815965e+02 -1.171815965e+02 +2.0128e+00 +1.0006e+00 -8.7557e-01 +1.3759e+00 -3.7524e-01
274 0 +3.195769686e-02 -1.171880423e+02 -1.171880423e+02 +2.0754e+00 +1.0632e+00 -8.7557e-01 +1.3759e+00 -3.1270e-01
295 0 +3.125151948e-02 -1.171887485e+02 -1.171887485e+02 +2.0754e+00 +1.0319e+00 -8.7557e-01 +1.3759e+00 -3.1270e-01
298 0 +2.375897957e-02 -1.171962410e+02 -1.171962410e+02 +2.0754e+00 +1.0319e+00 -8.4430e-01 +1.3759e+00 -3.1270e-01
302 0 +1.867043289e-02 -1.172013296e+02 -1.172013296e+02 +2.0754e+00 +1.0319e+00 -8.4430e-01 +1.3759e+00 -2.8143e-01
310 0 +1.560249953e-02 -1.172043975e+02 -1.172043975e+02 +2.0754e+00 +1.0006e+00 -8.4430e-01 +1.4072e+00 -2.8143e-01
312 0 +1.228966776e-02 -1.172077103e+02 -1.172077103e+02 +2.0754e+00 +1.0006e+00 -8.4430e-01 +1.4072e+00 -2.5016e-01
348 0 +1.104962328e-02 -1.172089504e+02 -1.172089504e+02 +2.0832e+00 +1.0085e+00 -8.3648e-01 +1.4072e+00 -2.5016e-01
353 0 +9.705296095e-03 -1.172102947e+02 -1.172102947e+02 +2.0754e+00 +1.0085e+00 -8.3648e-01 +1.4072e+00 -2.4234e-01
358 0 +8.875365673e-03 -1.172111246e+02 -1.172111246e+02 +2.0754e+00 +1.0006e+00 -8.2866e-01 +1.4072e+00 -2.4234e-01
363 0 +7.897487367e-03 -1.172121025e+02 -1.172121025e+02 +2.0676e+00 +1.0006e+00 -8.2866e-01 +1.4072e+00 -2.3453e-01
372 0 +6.571578645e-03 -1.172134284e+02 -1.172134284e+02 +2.0676e+00 +9.9283e-01 -8.2084e-01 +1.4072e+00 -2.2671e-01
380 0 +5.944470213e-03 -1.172140555e+02 -1.172140555e+02 +2.0676e+00 +9.8501e-01 -8.2084e-01 +1.4150e+00 -2.2671e-01
382 0 +5.325084454e-03 -1.172146749e+02 -1.172146749e+02 +2.0676e+00 +9.8501e-01 -8.2084e-01 +1.4150e+00 -2.1889e-01
400 0 +4.983510377e-03 -1.172150165e+02 -1.172150165e+02 +2.0715e+00 +9.8111e-01 -8.2084e-01 +1.4189e+00 -2.1889e-01
410 0 +4.376447200e-03 -1.172156236e+02 -1.172156236e+02 +2.0715e+00 +9.7720e-01 -8.2084e-01 +1.4228e+00 -2.1498e-01
422 0 +3.706825860e-03 -1.172162932e+02 -1.172162932e+02 +2.0754e+00 +9.7329e-01 -8.2084e-01 +1.4267e+00 -2.0717e-01
442 0 +3.502687871e-03 -1.172164973e+02 -1.172164973e+02 +2.0754e+00 +9.7133e-01 -8.2084e-01 +1.4287e+00 -2.0521e-01
462 0 +3.089857587e-03 -1.172169101e+02 -1.172169101e+02 +2.0773e+00 +9.6938e-01 -8.2084e-01 +1.4326e+00 -2.0130e-01
482 0 +2.711370308e-03 -1.172172886e+02 -1.172172886e+02 +2.0793e+00 +9.6547e-01 -8.2084e-01 +1.4365e+00 -1.9739e-01
522 0 +2.470215681e-03 -1.172175298e+02 -1.172175298e+02 +2.0793e+00 +9.6449e-01 -8.2084e-01 +1.4394e+00 -1.9446e-01
560 0 +2.219065736e-03 -1.172177809e+02 -1.172177809e+02 +2.0793e+00 +9.6254e-01 -8.2084e-01 +1.4433e+00 -1.9153e-01
620 0 +1.987635215e-03 -1.172180124e+02 -1.172180124e+02 +2.0798e+00 +9.6107e-01 -8.2084e-01 +1.4463e+00 -1.8811e-01
692 0 +1.771436929e-03 -1.172182286e+02 -1.172182286e+02 +2.0803e+00 +9.5961e-01 -8.2084e-01 +1.4492e+00 -1.8420e-01
762 0 +1.579046376e-03 -1.172184210e+02 -1.172184210e+02 +2.0813e+00 +9.5912e-01 -8.2084e-01 +1.4521e+00 -1.8078e-01
850 0 +1.408892908e-03 -1.172185911e+02 -1.172185911e+02 +2.0837e+00 +9.5863e-01 -8.2084e-01 +1.4546e+00 -1.7687e-01
972 0 +1.250129163e-03 -1.172187499e+02 -1.172187499e+02 +2.0849e+00 +9.5619e-01 -8.2060e-01 +1.4568e+00 -1.7370e-01
1110 0 +1.120070330e-03 -1.172188799e+02 -1.172188799e+02 +2.0864e+00 +9.5521e-01 -8.2060e-01 +1.4592e+00 -1.7052e-01
1252 0 +9.999885633e-04 -1.172190000e+02 -1.172190000e+02 +2.0883e+00 +9.5497e-01 -8.2060e-01 +1.4609e+00 -1.6686e-01
1440 0 +8.907333086e-04 -1.172191093e+02 -1.172191093e+02 +2.0905e+00 +9.5350e-01 -8.1975e-01 +1.4614e+00 -1.6405e-01
1642 0 +7.929021097e-04 -1.172192071e+02 -1.172192071e+02 +2.0918e+00 +9.5130e-01 -8.1950e-01 +1.4632e+00 -1.6148e-01
1872 0 +7.076060882e-04 -1.172192924e+02 -1.172192924e+02 +2.0935e+00 +9.5032e-01 -8.1950e-01 +1.4651e+00 -1.5867e-01
2122 0 +6.291912325e-04 -1.172193708e+02 -1.172193708e+02 +2.0957e+00 +9.4996e-01 -8.1950e-01 +1.4665e+00 -1.5562e-01
2402 0 +5.619445722e-04 -1.172194381e+02 -1.172194381e+02 +2.0971e+00 +9.4880e-01 -8.1901e-01 +1.4673e+00 -1.5324e-01
2760 0 +5.010653115e-04 -1.172194989e+02 -1.172194989e+02 +2.0988e+00 +9.4690e-01 -8.1846e-01 +1.4680e+00 -1.5110e-01
3145 0 +4.466725576e-04 -1.172195533e+02 -1.172195533e+02 +2.1006e+00 +9.4593e-01 -8.1846e-01 +1.4694e+00 -1.4872e-01
3552 0 +3.973974694e-04 -1.172196026e+02 -1.172196026e+02 +2.1023e+00 +9.4550e-01 -8.1846e-01 +1.4707e+00 -1.4621e-01
4112 0 +3.547348172e-04 -1.172196453e+02 -1.172196453e+02 +2.1034e+00 +9.4394e-01 -8.1782e-01 +1.4710e+00 -1.4444e-01
4762 0 +3.161600950e-04 -1.172196838e+02 -1.172196838e+02 +2.1048e+00 +9.4278e-01 -8.1776e-01 +1.4723e+00 -1.4246e-01
5452 0 +2.817295432e-04 -1.172197183e+02 -1.172197183e+02 +2.1064e+00 +9.4235e-01 -8.1776e-01 +1.4734e+00 -1.4035e-01
6182 0 +2.511573428e-04 -1.172197488e+02 -1.172197488e+02 +2.1077e+00 +9.4183e-01 -8.1758e-01 +1.4741e+00 -1.3840e-01
7170 0 +2.238408400e-04 -1.172197762e+02 -1.172197762e+02 +2.1088e+00 +9.4037e-01 -8.1715e-01 +1.4746e+00 -1.3690e-01
8282 0 +1.994913110e-04 -1.172198005e+02 -1.172198005e+02 +2.1103e+00 +9.3948e-01 -8.1709e-01 +1.4755e+00 -1.3519e-01
9462 0 +1.778041251e-04 -1.172198222e+02 -1.172198222e+02 +2.1116e+00 +9.3915e-01 -8.1709e-01 +1.4764e+00 -1.3339e-01
10862 0 +1.584429902e-04 -1.172198416e+02 -1.172198416e+02 +2.1127e+00 +9.3828e-01 -8.1675e-01 +1.4768e+00 -1.3192e-01
12635 0 +1.412481574e-04 -1.172198588e+02 -1.172198588e+02 +2.1139e+00 +9.3720e-01 -8.1655e-01 +1.4774e+00 -1.3057e-01
14585 0 +1.258842485e-04 -1.172198741e+02 -1.172198741e+02 +2.1151e+00 +9.3662e-01 -8.1653e-01 +1.4781e+00 -1.2908e-01
16582 0 +1.121443572e-04 -1.172198879e+02 -1.172198879e+02 +2.1163e+00 +9.3633e-01 -8.1653e-01 +1.4788e+00 -1.2755e-01
19362 0 +9.999343665e-05 -1.172199000e+02 -1.172199000e+02 +2.1171e+00 +9.3528e-01 -8.1616e-01 +1.4791e+00 -1.2646e-01
22554 0 +8.911642209e-05 -1.172199109e+02 -1.172199109e+02 +2.1182e+00 +9.3452e-01 -8.1607e-01 +1.4796e+00 -1.2524e-01
26012 0 +7.942296112e-05 -1.172199206e+02 -1.172199206e+02 +2.1193e+00 +9.3423e-01 -8.1607e-01 +1.4802e+00 -1.2392e-01
29719 0 +7.079257784e-05 -1.172199292e+02 -1.172199292e+02 +2.1203e+00 +9.3380e-01 -8.1593e-01 +1.4806e+00 -1.2273e-01
34685 0 +6.309406301e-05 -1.172199369e+02 -1.172199369e+02 +2.1211e+00 +9.3289e-01 -8.1571e-01 +1.4809e+00 -1.2178e-01
40304 0 +5.623123408e-05 -1.172199438e+02 -1.172199438e+02 +2.1221e+00 +9.3238e-01 -8.1567e-01 +1.4814e+00 -1.2071e-01
46142 0 +5.011827275e-05 -1.172199499e+02 -1.172199499e+02 +2.1230e+00 +9.3214e-01 -8.1567e-01 +1.4819e+00 -1.1959e-01
50000 0 +4.659317864e-05 -1.172199534e+02 -1.172199534e+02 +2.1236e+00 +9.3194e-01 -8.1562e-01 +1.4822e+00 -1.1894e-01
% f evaluations | g evaluations | best noise-free fitness - Fopt (5.460000000000e+00) + sum g_i+ | measured fitness | best measured fitness or single-digit g-values | x1 | x2...
1 0 +3.579543066e+01 +4.125543066e+01 +4.125543066e+01 +0.0000e+00 +0.0000e+00 +0.0000e+00 +0.0000e+00 +0.0000e+00
2 0 +1.589606964e+01 +2.135606964e+01 +2.135606964e+01 -2.9289e+00 +0.0000e+00 +0.0000e+00 +0.0000e+00 +0.0000e+00
3 0 +1.005079388e+01 +1.551079388e+01 +1.551079388e+01 -1.3081e+00 +1.6209e+00 +1.6209e+00 +1.6209e+00 +1.6209e+00
11 0 +8.803493726e+00 +1.426349373e+01 +1.426349373e+01 +0.0000e+00 +2.9289e+00 +0.0000e+00 +0.0000e+00 +0.0000e+00
159 0 +5.946437553e+00 +1.140643755e+01 +1.140643755e+01 -1.0006e+00 +1.4269e+00 +1.0006e+00 -1.0006e+00 +0.0000e+00
162 0 +5.078135258e+00 +1.053813526e+01 +1.053813526e+01 -1.0006e+00 +1.4269e+00 +1.0006e+00 -1.0006e+00 +1.0006e+00
163 0 +2.849680120e+00 +8.309680120e+00 +8.309680120e+00 -2.0013e+00 +1.4269e+00 +1.0006e+00 -1.0006e+00 +1.0006e+00
166 0 +1.876384477e+00 +7.336384477e+00 +7.336384477e+00 -2.0013e+00 +2.4275e+00 +1.0006e+00 -1.0006e+00 +1.0006e+00
169 0 +1.591094373e+00 +7.051094373e+00 +7.051094373e+00 -2.0013e+00 +2.4275e+00 +1.0006e+00 -2.0013e+00 +1.0006e+00
173 0 +7.193228680e-01 +6.179322868e+00 +6.179322868e+00 -3.0019e+00 +2.4275e+00 +1.0006e+00 -2.0013e+00 +1.0006e+00
175 0 +6.311986000e-01 +6.091198600e+00 +6.091198600e+00 -3.0019e+00 +1.4269e+00 +1.0006e+00 -2.0013e+00 +1.0006e+00
183 0 +4.521314994e-01 +5.912131499e+00 +5.912131499e+00 -4.0026e+00 +1.4269e+00 +1.0006e+00 -2.0013e+00 +1.0006e+00
186 0 +1.996111172e-01 +5.659611117e+00 +5.659611117e+00 -4.0026e+00 +2.4275e+00 +1.0006e+00 -2.0013e+00 +1.0006e+00
214 0 +1.267990608e-01 +5.586799061e+00 +5.586799061e+00 -3.7524e+00 +2.4275e+00 +1.0006e+00 -2.0013e+00 +1.0006e+00
215 0 +1.915737665e-02 +5.479157377e+00 +5.479157377e+00 -3.7524e+00 +2.1774e+00 +1.0006e+00 -2.0013e+00 +1.0006e+00
245 0 +8.427379721e-03 +5.468427380e+00 +5.468427380e+00 -3.7524e+00 +2.1148e+00 +1.0006e+00 -2.0013e+00 +1.0006e+00
272 0 +6.070407796e-03 +5.466070408e+00 +5.466070408e+00 -3.7524e+00 +2.1148e+00 +1.0006e+00 -2.0013e+00 +1.0319e+00
285 0 +4.445422643e-03 +5.464445423e+00 +5.464445423e+00 -3.7524e+00 +2.0992e+00 +1.0006e+00 -2.0013e+00 +1.0319e+00
290 0 +3.718553928e-03 +5.463718554e+00 +5.463718554e+00 -3.7524e+00 +2.0992e+00 +1.0006e+00 -1.9857e+00 +1.0319e+00
305 0 +3.467707682e-03 +5.463467708e+00 +5.463467708e+00 -3.7524e+00 +2.0914e+00 +1.0006e+00 -1.9857e+00 +1.0319e+00
310 0 +2.986286503e-03 +5.462986287e+00 +5.462986287e+00 -3.7524e+00 +2.0914e+00 +1.0006e+00 -1.9778e+00 +1.0319e+00
320 0 +2.811769342e-03 +5.462811769e+00 +5.462811769e+00 -3.7524e+00 +2.0914e+00 +1.0006e+00 -1.9700e+00 +1.0319e+00
340 0 +2.506587151e-03 +5.462506587e+00 +5.462506587e+00 -3.7524e+00 +2.0875e+00 +1.0006e+00 -1.9661e+00 +1.0319e+00
370 0 +2.202628679e-03 +5.462202629e+00 +5.462202629e+00 -3.7524e+00 +2.0836e+00 +1.0006e+00 -1.9622e+00 +1.0339e+00
385 0 +1.980002274e-03 +5.461980002e+00 +5.461980002e+00 -3.7524e+00 +2.0797e+00 +1.0006e+00 -1.9603e+00 +1.0358e+00
400 0 +1.749079118e-03 +5.461749079e+00 +5.461749079e+00 -3.7524e+00 +2.0777e+00 +1.0006e+00 -1.9563e+00 +1.0378e+00
425 0 +1.523421421e-03 +5.461523421e+00 +5.461523421e+00 -3.7524e+00 +2.0718e+00 +1.0026e+00 -1.9544e+00 +1.0397e+00
440 0 +1.402609524e-03 +5.461402610e+00 +5.461402610e+00 -3.7524e+00 +2.0699e+00 +1.0026e+00 -1.9505e+00 +1.0397e+00
450 0 +1.258538253e-03 +5.461258538e+00 +5.461258538e+00 -3.7524e+00 +2.0679e+00 +1.0026e+00 -1.9485e+00 +1.0417e+00
502 0 +1.100149210e-03 +5.461100149e+00 +5.461100149e+00 -3.7524e+00 +2.0650e+00 +1.0026e+00 -1.9427e+00 +1.0427e+00
535 0 +9.976983864e-04 +5.460997698e+00 +5.460997698e+00 -3.7524e+00 +2.0626e+00 +1.0026e+00 -1.9417e+00 +1.0436e+00
590 0 +8.886047409e-04 +5.460888605e+00 +5.460888605e+00 -3.7524e+00 +2.0601e+00 +1.0031e+00 -1.9388e+00 +1.0446e+00
635 0 +7.913795523e-04 +5.460791380e+00 +5.460791380e+00 -3.7524e+00 +2.0577e+00 +1.0031e+00 -1.9368e+00 +1.0461e+00
695 0 +7.073974015e-04 +5.460707397e+00 +5.460707397e+00 -3.7524e+00 +2.0552e+00 +1.0036e+00 -1.9344e+00 +1.0471e+00
772 0 +6.280190372e-04 +5.460628019e+00 +5.460628019e+00 -3.7524e+00 +2.0530e+00 +1.0036e+00 -1.9312e+00 +1.0483e+00
865 0 +5.613292046e-04 +5.460561329e+00 +5.460561329e+00 -3.7524e+00 +2.0506e+00 +1.0036e+00 -1.9290e+00 +1.0495e+00
1025 0 +5.005860646e-04 +5.460500586e+00 +5.460500586e+00 -3.7524e+00 +2.0483e+00 +1.0036e+00 -1.9263e+00 +1.0510e+00
1310 0 +4.460052515e-04 +5.460446005e+00 +5.460446005e+00 -3.7524e+00 +2.0451e+00 +1.0036e+00 -1.9228e+00 +1.0527e+00
2362 0 +3.979029255e-04 +5.460397903e+00 +5.460397903e+00 -3.7524e+00 +2.0417e+00 +1.0022e+00 -1.9181e+00 +1.0562e+00
4212 0 +3.547641180e-04 +5.460354764e+00 +5.460354764e+00 -3.7524e+00 +2.0401e+00 +9.9845e-01 -1.9141e+00 +1.0617e+00
6809 0 +3.161970335e-04 +5.460316197e+00 +5.460316197e+00 -3.7524e+00 +2.0418e+00 +9.9301e-01 -1.9130e+00 +1.0672e+00
8047 0 +2.817894997e-04 +5.460281789e+00 +5.460281789e+00 -3.7510e+00 +2.0410e+00 +9.9126e-01 -1.9144e+00 +1.0665e+00
9435 0 +2.511226739e-04 +5.460251123e+00 +5.460251123e+00 -3.7497e+00 +2.0405e+00 +9.8915e-01 -1.9147e+00 +1.0658e+00
11487 0 +2.238644509e-04 +5.460223864e+00 +5.460223864e+00 -3.7486e+00 +2.0410e+00 +9.8650e-01 -1.9153e+00 +1.0657e+00
13874 0 +1.995130129e-04 +5.460199513e+00 +5.460199513e+00 -3.7475e+00 +2.0417e+00 +9.8407e-01 -1.9164e+00 +1.0655e+00
15477 0 +1.777965809e-04 +5.460177797e+00 +5.460177797e+00 -3.7463e+00 +2.0404e+00 +9.8285e-01 -1.9167e+00 +1.0645e+00
17665 0 +1.584885904e-04 +5.460158489e+00 +5.460158489e+00 -3.7452e+00 +2.0398e+00 +9.8118e-01 -1.9170e+00 +1.0638e+00
20604 0 +1.412276633e-04 +5.460141228e+00 +5.460141228e+00 -3.7443e+00 +2.0402e+00 +9.7894e-01 -1.9175e+00 +1.0638e+00
23955 0 +1.258674680e-04 +5.460125867e+00 +5.460125867e+00 -3.7434e+00 +2.0409e+00 +9.7694e-01 -1.9185e+00 +1.0636e+00
26927 0 +1.121867038e-04 +5.460112187e+00 +5.460112187e+00 -3.7424e+00 +2.0402e+00 +9.7581e-01 -1.9190e+00 +1.0628e+00
30857 0 +9.999629739e-05 +5.460099996e+00 +5.460099996e+00 -3.7415e+00 +2.0398e+00 +9.7431e-01 -1.9192e+00 +1.0623e+00
35795 0 +8.911287393e-05 +5.460089113e+00 +5.460089113e+00 -3.7407e+00 +2.0401e+00 +9.7248e-01 -1.9198e+00 +1.0622e+00
42035 0 +7.942885312e-05 +5.460079429e+00 +5.460079429e+00 -3.7400e+00 +2.0408e+00 +9.7084e-01 -1.9208e+00 +1.0620e+00
46945 0 +7.079423922e-05 +5.460070794e+00 +5.460070794e+00 -3.7391e+00 +2.0400e+00 +9.6990e-01 -1.9210e+00 +1.0613e+00
50000 0 +6.713086997e-05 +5.460067131e+00 +5.460067131e+00 -3.7388e+00 +2.0398e+00 +9.6931e-01 -1.9211e+00 +1.0611e+00
% f evaluations | g evaluations | best noise-free fitness - Fopt (5.212000000000e+01) + sum g_i+ | measured fitness | best measured fitness or single-digit g-values | x1 | x2...
1 0 +4.220721381e+01 +9.432721381e+01 +9.432721381e+01 +0.0000e+00 +0.0000e+00 +0.0000e+00 +0.0000e+00 +0.0000e+00
2 0 +1.965012750e+01 +7.177012750e+01 +7.177012750e+01 -2.9289e+00 +0.0000e+00 +0.0000e+00 +0.0000e+00 +0.0000e+00
8 0 +1.709689525e+01 +6.921689525e+01 +6.921689525e+01 +0.0000e+00 -2.9289e+00 +0.0000e+00 +0.0000e+00 +0.0000e+00
17 0 +1.156680036e+01 +6.368680036e+01 +6.368680036e+01 +0.0000e+00 +0.0000e+00 +2.9289e+00 +0.0000e+00 +0.0000e+00
19 0 +5.312264991e+00 +5.743226499e+01 +5.743226499e+01 -1.6209e+00 -1.6209e+00 +1.3081e+00 -1.6209e+00 -1.6209e+00
165 0 +4.549144328e+00 +5.666914433e+01 +5.666914433e+01 -2.0013e+00 -2.0013e+00 +1.4269e+00 -1.0006e+00 -1.0006e+00
168 0 +3.008149057e+00 +5.512814906e+01 +5.512814906e+01 -2.0013e+00 -2.0013e+00 +2.4275e+00 -1.0006e+00 -1.0006e+00
170 0 +1.794959439e+00 +5.391495944e+01 +5.391495944e+01 -2.0013e+00 -2.0013e+00 +2.4275e+00 +0.0000e+00 -1.0006e+00
178 0 +1.084019488e+00 +5.320401949e+01 +5.320401949e+01 -2.0013e+00 -2.0013e+00 +3.4282e+00 +0.0000e+00 -1.0006e+00
180 0 +6.744895909e-01 +5.279448959e+01 +5.279448959e+01 -2.0013e+00 -2.0013e+00 +3.4282e+00 +1.0006e+00 -1.0006e+00
181 0 +2.906413196e-01 +5.241064132e+01 +5.241064132e+01 -2.0013e+00 -2.0013e+00 +3.4282e+00 +1.0006e+00 -2.0013e+00
196 0 +2.025853674e-01 +5.232258537e+01 +5.232258537e+01 -2.0013e+00 -1.5010e+00 +3.4282e+00 +1.0006e+00 -2.0013e+00
202 0 +1.635202723e-01 +5.228352027e+01 +5.228352027e+01 -2.0013e+00 -1.5010e+00 +3.4282e+00 +1.0006e+00 -1.5010e+00
204 0 +1.374975618e-01 +5.225749756e+01 +5.225749756e+01 -1.5010e+00 -1.5010e+00 +3.4282e+00 +1.0006e+00 -1.5010e+00
223 0 +4.455056345e-02 +5.216455056e+01 +5.216455056e+01 -1.7511e+00 -1.5010e+00 +3.4282e+00 +1.0006e+00 -1.5010e+00
267 0 +3.492889807e-02 +5.215492890e+01 +5.215492890e+01 -1.7511e+00 -1.4384e+00 +3.4907e+00 +1.0006e+00 -1.5010e+00
269 0 +3.079367977e-02 +5.215079368e+01 +5.215079368e+01 -1.7511e+00 -1.4384e+00 +3.4907e+00 +9.3811e-01 -1.5010e+00
303 0 +2.705013893e-02 +5.214705014e+01 +5.214705014e+01 -1.7824e+00 -1.4697e+00 +3.5220e+00 +9.3811e-01 -1.5010e+00
306 0 +2.502147359e-02 +5.214502147e+01 +5.214502147e+01 -1.7824e+00 -1.4384e+00 +3.5220e+00 +9.3811e-01 -1.5010e+00
343 0 +2.220393749e-02 +5.214220394e+01 +5.214220394e+01 -1.8137e+00 -1.4228e+00 +3.5220e+00 +9.0684e-01 -1.5010e+00
373 0 +1.951825677e-02 +5.213951826e+01 +5.213951826e+01 -1.8293e+00 -1.4228e+00 +3.5298e+00 +8.8339e-01 -1.5088e+00
383 0 +1.769283576e-02 +5.213769284e+01 +5.213769284e+01 -1.8371e+00 -1.4306e+00 +3.5298e+00 +8.8339e-01 -1.5166e+00
401 0 +1.542817923e-02 +5.213542818e+01 +5.213542818e+01 -1.8449e+00 -1.4463e+00 +3.5220e+00 +8.8339e-01 -1.5322e+00
411 0 +1.328538647e-02 +5.213328539e+01 +5.213328539e+01 -1.8528e+00 -1.4463e+00 +3.5220e+00 +8.9120e-01 -1.5401e+00
421 0 +1.247679978e-02 +5.213247680e+01 +5.213247680e+01 -1.8606e+00 -1.4463e+00 +3.5220e+00 +8.9120e-01 -1.5479e+00
451 0 +1.104320779e-02 +5.213104321e+01 +5.213104321e+01 -1.8684e+00 -1.4463e+00 +3.5220e+00 +8.9511e-01 -1.5518e+00
473 0 +9.996268254e-03 +5.212999627e+01 +5.212999627e+01 -1.8801e+00 -1.4502e+00 +3.5259e+00 +8.9511e-01 -1.5596e+00
491 0 +8.739177510e-03 +5.212873918e+01 +5.212873918e+01 -1.8801e+00 -1.4541e+00 +3.5259e+00 +9.0293e-01 -1.5674e+00
511 0 +7.728764648e-03 +5.212772876e+01 +5.212772876e+01 -1.8879e+00 -1.4541e+00 +3.5259e+00 +9.0684e-01 -1.5752e+00
531 0 +7.062539071e-03 +5.212706254e+01 +5.212706254e+01 -1.8958e+00 -1.4502e+00 +3.5259e+00 +9.1075e-01 -1.5831e+00
545 0 +6.215679491e-03 +5.212621568e+01 +5.212621568e+01 -1.8997e+00 -1.4541e+00 +3.5259e+00 +9.1466e-01 -1.5870e+00
581 0 +5.437268784e-03 +5.212543727e+01 +5.212543727e+01 -1.9036e+00 -1.4541e+00 +3.5298e+00 +9.2052e-01 -1.5928e+00
601 0 +4.942961555e-03 +5.212494296e+01 +5.212494296e+01 -1.9036e+00 -1.4580e+00 +3.5298e+00 +9.2443e-01 -1.5967e+00
631 0 +4.395889083e-03 +5.212439589e+01 +5.212439589e+01 -1.9094e+00 -1.4560e+00 +3.5298e+00 +9.2834e-01 -1.6026e+00
681 0 +3.918647682e-03 +5.212391865e+01 +5.212391865e+01 -1.9114e+00 -1.4590e+00 +3.5308e+00 +9.3225e-01 -1.6065e+00
721 0 +3.523027812e-03 +5.212352303e+01 +5.212352303e+01 -1.9124e+00 -1.4619e+00 +3.5318e+00 +9.3615e-01 -1.6104e+00
771 0 +3.113033838e-03 +5.212311303e+01 +5.212311303e+01 -1.9163e+00 -1.4609e+00 +3.5308e+00 +9.4006e-01 -1.6153e+00
860 0 +2.815062611e-03 +5.212281506e+01 +5.212281506e+01 -1.9192e+00 -1.4624e+00 +3.5318e+00 +9.4299e-01 -1.6187e+00
931 0 +2.510819692e-03 +5.212251082e+01 +5.212251082e+01 -1.9217e+00 -1.4614e+00 +3.5308e+00 +9.4641e-01 -1.6226e+00
1013 0 +2.225365013e-03 +5.212222537e+01 +5.212222537e+01 -1.9246e+00 -1.4614e+00 +3.5308e+00 +9.4983e-01 -1.6265e+00
1111 0 +1.990476794e-03 +5.212199048e+01 +5.212199048e+01 -1.9270e+00 -1.4626e+00 +3.5315e+00 +9.5252e-01 -1.6302e+00
1250 0 +1.778066420e-03 +5.212177807e+01 +5.212177807e+01 -1.9290e+00 -1.4629e+00 +3.5310e+00 +9.5594e-01 -1.6334e+00
1381 0 +1.581292065e-03 +5.212158129e+01 +5.212158129e+01 -1.9314e+00 -1.4619e+00 +3.5303e+00 +9.5887e-01 -1.6368e+00
1523 0 +1.412000147e-03 +5.212141200e+01 +5.212141200e+01 -1.9344e+00 -1.4629e+00 +3.5308e+00 +9.6083e-01 -1.6402e+00
1771 0 +1.254366190e-03 +5.212125437e+01 +5.212125437e+01 -1.9368e+00 -1.4636e+00 +3.5312e+00 +9.6315e-01 -1.6435e+00
2001 0 +1.120129824e-03 +5.212112013e+01 +5.212112013e+01 -1.9386e+00 -1.4634e+00 +3.5307e+00 +9.6584e-01 -1.6463e+00
2251 0 +9.988081023e-04 +5.212099881e+01 +5.212099881e+01 -1.9411e+00 -1.4646e+00 +3.5313e+00 +9.6755e-01 -1.6494e+00
2591 0 +8.910468634e-04 +5.212089105e+01 +5.212089105e+01 -1.9428e+00 -1.4640e+00 +3.5307e+00 +9.7011e-01 -1.6520e+00
3031 0 +7.937333614e-04 +5.212079373e+01 +5.212079373e+01 -1.9449e+00 -1.4638e+00 +3.5305e+00 +9.7225e-01 -1.6546e+00
3471 0 +7.076141049e-04 +5.212070761e+01 +5.212070761e+01 -1.9473e+00 -1.4642e+00 +3.5307e+00 +9.7378e-01 -1.6573e+00
3903 0 +6.301240929e-04 +5.212063012e+01 +5.212063012e+01 -1.9499e+00 -1.4643e+00 +3.5308e+00 +9.7512e-01 -1.6600e+00
4531 0 +5.616593521e-04 +5.212056166e+01 +5.212056166e+01 -1.9515e+00 -1.4648e+00 +3.5309e+00 +9.7692e-01 -1.6622e+00
5273 0 +5.008646891e-04 +5.212050086e+01 +5.212050086e+01 -1.9534e+00 -1.4648e+00 +3.5308e+00 +9.7854e-01 -1.6645e+00
6011 0 +4.466827875e-04 +5.212044668e+01 +5.212044668e+01 -1.9554e+00 -1.4649e+00 +3.5308e+00 +9.7982e-01 -1.6668e+00
6751 0 +3.978432329e-04 +5.212039784e+01 +5.212039784e+01 -1.9577e+00 -1.4651e+00 +3.5312e+00 +9.8089e-01 -1.6690e+00
7981 0 +3.545707141e-04 +5.212035457e+01 +5.212035457e+01 -1.9589e+00 -1.4650e+00 +3.5307e+00 +9.8263e-01 -1.6709e+00
9241 0 +3.161856957e-04 +5.212031619e+01 +5.212031619e+01 -1.9606e+00 -1.4649e+00 +3.5306e+00 +9.8395e-01 -1.6728e+00
10521 0 +2.817375782e-04 +5.212028174e+01 +5.212028174e+01 -1.9625e+00 -1.4651e+00 +3.5308e+00 +9.8489e-01 -1.6748e+00
12011 0 +2.511777166e-04 +5.212025118e+01 +5.212025118e+01 -1.9641e+00 -1.4652e+00 +3.5308e+00 +9.8600e-01 -1.6766e+00
14143 0 +2.238412455e-04 +5.212022384e+01 +5.212022384e+01 -1.9653e+00 -1.4650e+00 +3.5305e+00 +9.8738e-01 -1.6782e+00
16351 0 +1.995086224e-04 +5.212019951e+01 +5.212019951e+01 -1.9669e+00 -1.4651e+00 +3.5306e+00 +9.8830e-01 -1.6799e+00
18511 0 +1.778167413e-04 +5.212017782e+01 +5.212017782e+01 -1.9685e+00 -1.4652e+00 +3.5307e+00 +9.8909e-01 -1.6815e+00
21501 0 +1.584652397e-04 +5.212015847e+01 +5.212015847e+01 -1.9697e+00 -1.4651e+00 +3.5305e+00 +9.9021e-01 -1.6830e+00
25231 0 +1.412109003e-04 +5.212014121e+01 +5.212014121e+01 -1.9709e+00 -1.4650e+00 +3.5304e+00 +9.9122e-01 -1.6844e+00
29021 0 +1.258579801e-04 +5.212012586e+01 +5.212012586e+01 -1.9723e+00 -1.4651e+00 +3.5305e+00 +9.9191e-01 -1.6858e+00
32691 0 +1.121767572e-04 +5.212011218e+01 +5.212011218e+01 -1.9737e+00 -1.4652e+00 +3.5307e+00 +9.9257e-01 -1.6872e+00
38541 0 +9.999861889e-05 +5.212010000e+01 +5.212010000e+01 -1.9747e+00 -1.4648e+00 +3.5302e+00 +9.9363e-01 -1.6884e+00
45041 0 +8.911362286e-05 +5.212008911e+01 +5.212008911e+01 -1.9758e+00 -1.4648e+00 +3.5302e+00 +9.9435e-01 -1.6897e+00
50000 0 +8.157283345e-05 +5.212008157e+01 +5.212008157e+01 -1.9768e+00 -1.4649e+00 +3.5303e+00 +9.9479e-01 -1.6906e+00
% f evaluations | g evaluations | best noise-free fitness - Fopt (4.120000000000e+00) + sum g_i+ | measured fitness | best measured fitness or single-digit g-values | x1 | x2...
1 0 +1.791233429e+01 +2.203233429e+01 +2.203233429e+01 +0.0000e+00 +0.0000e+00 +0.0000e+00 +0.0000e+00 +0.0000e+00
5 0 +7.149536938e+00 +1.126953694e+01 +1.126953694e+01 +2.9289e+00 +0.0000e+00 +0.0000e+00 +0.0000e+00 +0.0000e+00
7 0 +6.316210055e+00 +1.043621005e+01 +1.043621005e+01 +1.3081e+00 -1.6209e+00 -1.6209e+00 -1.6209e+00 -1.6209e+00
15 0 +4.694697693e+00 +8.814697693e+00 +8.814697693e+00 +1.6209e+00 +1.6209e+00 -1.3081e+00 +1.6209e+00 +1.6209e+00
189 0 +4.310917676e+00 +8.430917676e+00 +8.430917676e+00 +7.6392e-01 +6.5432e-01 -4.0026e+00 -1.0737e+00 -1.0006e+00
192 0 +2.911601778e+00 +7.031601778e+00 +7.031601778e+00 +7.6392e-01 +6.5432e-01 -4.0026e+00 -1.0737e+00 +0.0000e+00
194 0 +2.650885894e+00 +6.770885894e+00 +6.770885894e+00 +1.7646e+00 +6.5432e-01 -4.0026e+00 -1.0737e+00 +0.0000e+00
196 0 +2.081901831e+00 +6.201901831e+00 +6.201901831e+00 +1.7646e+00 +1.6550e+00 -4.0026e+00 -1.0737e+00 +0.0000e+00
198 0 +1.981928719e+00 +6.101928719e+00 +6.101928719e+00 +1.7646e+00 +1.6550e+00 -3.0019e+00 -1.0737e+00 +0.0000e+00
202 0 +1.319769760e+00 +5.439769760e+00 +5.439769760e+00 +1.7646e+00 +1.6550e+00 -3.0019e+00 -1.0737e+00 +1.0006e+00
207 0 +1.195059916e+00 +5.315059916e+00 +5.315059916e+00 +1.7646e+00 +1.6550e+00 -4.0026e+00 -1.0737e+00 +1.0006e+00
210 0 +6.926198053e-01 +4.812619805e+00 +4.812619805e+00 +1.7646e+00 +1.6550e+00 -4.0026e+00 -7.3015e-02 +1.0006e+00
212 0 +2.740825415e-01 +4.394082542e+00 +4.394082542e+00 +1.7646e+00 +1.6550e+00 -4.0026e+00 -7.3015e-02 +2.0013e+00
228 0 +1.260013108e-01 +4.246001311e+00 +4.246001311e+00 +1.7646e+00 +1.6550e+00 -3.5023e+00 -7.3015e-02 +2.0013e+00
246 0 +9.421155566e-02 +4.214211556e+00 +4.214211556e+00 +1.7646e+00 +1.9051e+00 -3.5023e+00 -7.3015e-02 +2.0013e+00
251 0 +5.982415918e-02 +4.179824159e+00 +4.179824159e+00 +1.7646e+00 +1.9051e+00 -3.5023e+00 -7.3015e-02 +1.7511e+00
264 0 +5.415197911e-02 +4.174151979e+00 +4.174151979e+00 +1.8897e+00 +1.9051e+00 -3.5023e+00 -7.3015e-02 +1.7511e+00
266 0 +3.746358576e-02 +4.157463586e+00 +4.157463586e+00 +1.8897e+00 +2.0302e+00 -3.5023e+00 -7.3015e-02 +1.7511e+00
274 0 +1.139724455e-02 +4.131397245e+00 +4.131397245e+00 +2.0147e+00 +2.0302e+00 -3.5023e+00 -7.3015e-02 +1.7511e+00
304 0 +1.094714034e-02 +4.130947140e+00 +4.130947140e+00 +2.0460e+00 +2.0302e+00 -3.5023e+00 -7.3015e-02 +1.7511e+00
325 0 +8.857140326e-03 +4.128857140e+00 +4.128857140e+00 +2.0304e+00 +2.0146e+00 -3.5023e+00 -7.3015e-02 +1.7511e+00
327 0 +7.094188322e-03 +4.127094188e+00 +4.127094188e+00 +2.0304e+00 +2.0146e+00 -3.5179e+00 -7.3015e-02 +1.7511e+00
333 0 +6.579199619e-03 +4.126579200e+00 +4.126579200e+00 +2.0147e+00 +2.0146e+00 -3.5179e+00 -7.3015e-02 +1.7511e+00
341 0 +5.271611024e-03 +4.125271611e+00 +4.125271611e+00 +2.0147e+00 +2.0146e+00 -3.5179e+00 -7.3015e-02 +1.7355e+00
343 0 +3.956594510e-03 +4.123956595e+00 +4.123956595e+00 +1.9991e+00 +2.0146e+00 -3.5179e+00 -7.3015e-02 +1.7355e+00
421 0 +3.469624790e-03 +4.123469625e+00 +4.123469625e+00 +1.9913e+00 +2.0126e+00 -3.5238e+00 -7.4970e-02 +1.7335e+00
467 0 +3.158209586e-03 +4.123158210e+00 +4.123158210e+00 +1.9893e+00 +2.0126e+00 -3.5316e+00 -7.4970e-02 +1.7277e+00
564 0 +2.818359834e-03 +4.122818360e+00 +4.122818360e+00 +1.9898e+00 +2.0107e+00 -3.5340e+00 -7.1549e-02 +1.7243e+00
630 0 +2.499036419e-03 +4.122499036e+00 +4.122499036e+00 +1.9879e+00 +2.0077e+00 -3.5375e+00 -6.8129e-02 +1.7213e+00
721 0 +2.231921622e-03 +4.122231922e+00 +4.122231922e+00 +1.9864e+00 +2.0063e+00 -3.5389e+00 -6.3732e-02 +1.7164e+00
807 0 +1.987492237e-03 +4.121987492e+00 +4.121987492e+00 +1.9844e+00 +2.0038e+00 -3.5414e+00 -5.9823e-02 +1.7125e+00
937 0 +1.777624551e-03 +4.121777625e+00 +4.121777625e+00 +1.9830e+00 +2.0014e+00 -3.5438e+00 -5.6159e-02 +1.7096e+00
1070 0 +1.581102944e-03 +4.121581103e+00 +4.121581103e+00 +1.9810e+00 +1.9982e+00 -3.5470e+00 -5.2738e-02 +1.7074e+00
1211 0 +1.411230590e-03 +4.121411231e+00 +4.121411231e+00 +1.9788e+00 +1.9958e+00 -3.5487e+00 -4.9318e-02 +1.7047e+00
1380 0 +1.251333854e-03 +4.121251334e+00 +4.121251334e+00 +1.9766e+00 +1.9943e+00 -3.5487e+00 -4.5165e-02 +1.7013e+00
1610 0 +1.119568509e-03 +4.121119569e+00 +4.121119569e+00 +1.9748e+00 +1.9926e+00 -3.5493e+00 -4.1745e-02 +1.6986e+00
1840 0 +9.996851488e-04 +4.120999685e+00 +4.120999685e+00 +1.9728e+00 +1.9898e+00 -3.5521e+00 -3.8935e-02 +1.6967e+00
2085 0 +8.907857571e-04 +4.120890786e+00 +4.120890786e+00 +1.9711e+00 +1.9876e+00 -3.5533e+00 -3.6004e-02 +1.6947e+00
2370 0 +7.928935501e-04 +4.120792894e+00 +4.120792894e+00 +1.9690e+00 +1.9865e+00 -3.5531e+00 -3.2584e-02 +1.6919e+00
2770 0 +7.071288827e-04 +4.120707129e+00 +4.120707129e+00 +1.9673e+00 +1.9843e+00 -3.5541e+00 -3.0141e-02 +1.6909e+00
3140 0 +6.301556928e-04 +4.120630156e+00 +4.120630156e+00 +1.9654e+00 +1.9821e+00 -3.5548e+00 -2.7881e-02 +1.6903e+00
3510 0 +5.616924624e-04 +4.120561692e+00 +4.120561692e+00 +1.9636e+00 +1.9801e+00 -3.5550e+00 -2.5621e-02 +1.6898e+00
3875 0 +5.009587337e-04 +4.120500959e+00 +4.120500959e+00 +1.9617e+00 +1.9781e+00 -3.5551e+00 -2.3422e-02 +1.6895e+00
4245 0 +4.462071320e-04 +4.120446207e+00 +4.120446207e+00 +1.9597e+00 +1.9760e+00 -3.5551e+00 -2.1346e-02 +1.6895e+00
4633 0 +3.979504003e-04 +4.120397950e+00 +4.120397950e+00 +1.9578e+00 +1.9740e+00 -3.5549e+00 -1.9269e-02 +1.6895e+00
5048 0 +3.542388626e-04 +4.120354239e+00 +4.120354239e+00 +1.9563e+00 +1.9736e+00 -3.5529e+00 -1.7743e-02 +1.6893e+00
5510 0 +3.160027911e-04 +4.120316003e+00 +4.120316003e+00 +1.9544e+00 +1.9736e+00 -3.5506e+00 -1.6216e-02 +1.6885e+00
6240 0 +2.817025838e-04 +4.120281703e+00 +4.120281703e+00 +1.9529e+00 +1.9725e+00 -3.5498e+00 -1.4353e-02 +1.6881e+00
7068 0 +2.511431164e-04 +4.120251143e+00 +4.120251143e+00 +1.9515e+00 +1.9719e+00 -3.5483e+00 -1.2948e-02 +1.6880e+00
7980 0 +2.238569094e-04 +4.120223857e+00 +4.120223857e+00 +1.9499e+00 +1.9715e+00 -3.5467e+00 -1.1360e-02 +1.6873e+00
9070 0 +1.994615112e-04 +4.120199462e+00 +4.120199462e+00 +1.9485e+00 +1.9700e+00 -3.5466e+00 -9.6959e-03 +1.6871e+00
10145 0 +1.778277167e-04 +4.120177828e+00 +4.120177828e+00 +1.9469e+00 +1.9684e+00 -3.5466e+00 -8.0622e-03 +1.6871e+00
11313 0 +1.584585112e-04 +4.120158459e+00 +4.120158459e+00 +1.9454e+00 +1.9668e+00 -3.5464e+00 -6.3979e-03 +1.6871e+00
12368 0 +1.412241017e-04 +4.120141224e+00 +4.120141224e+00 +1.9444e+00 +1.9665e+00 -3.5451e+00 -5.3749e-03 +1.6870e+00
13478 0 +1.257810413e-04 +4.120125781e+00 +4.120125781e+00 +1.9434e+00 +1.9664e+00 -3.5436e+00 -4.6420e-03 +1.6870e+00
15328 0 +1.121877349e-04 +4.120112188e+00 +4.120112188e+00 +1.9421e+00 +1.9663e+00 -3.5422e+00 -3.8175e-03 +1.6869e+00
18130 0 +9.999174766e-05 +4.120099992e+00 +4.120099992e+00 +1.9410e+00 +1.9658e+00 -3.5412e+00 -2.6036e-03 +1.6865e+00
21225 0 +8.911368997e-05 +4.120089114e+00 +4.120089114e+00 +1.9398e+00 +1.9647e+00 -3.5411e+00 -1.4241e-03 +1.6864e+00
24423 0 +7.942460189e-05 +4.120079425e+00 +4.120079425e+00 +1.9386e+00 +1.9636e+00 -3.5410e+00 -2.0261e-04 +1.6863e+00
27955 0 +7.079457716e-05 +4.120070795e+00 +4.120070795e+00 +1.9374e+00 +1.9623e+00 -3.5410e+00 +1.1449e-03 +1.6862e+00
31128 0 +6.307784956e-05 +4.120063078e+00 +4.120063078e+00 +1.9365e+00 +1.9617e+00 -3.5403e+00 +1.9732e-03 +1.6863e+00
34083 0 +5.622583052e-05 +4.120056226e+00 +4.120056226e+00 +1.9358e+00 +1.9616e+00 -3.5394e+00 +2.6068e-03 +1.6863e+00
37828 0 +5.011572137e-05 +4.120050116e+00 +4.120050116e+00 +1.9349e+00 +1.9616e+00 -3.5383e+00 +3.0153e-03 +1.6863e+00
45470 0 +4.466706631e-05 +4.120044667e+00 +4.120044667e+00 +1.9340e+00 +1.9614e+00 -3.5373e+00 +3.8989e-03 +1.6860e+00
50000 0 +4.224490169e-05 +4.120042245e+00 +4.120042245e+00 +1.9336e+00 +1.9610e+00 -3.5373e+00 +4.3312e-03 +1.6859e+00
% f evaluations | g evaluations | best noise-free fitness - Fopt (-2.150000000000e+01) + sum g_i+ | measured fitness | best measured fitness or single-digit g-values | x1 | x2...
1 0 +3.029055002e+00 -1.847094500e+01 -1.847094500e+01 +0.0000e+00 +0.0000e+00 +0.0000e+00 +0.0000e+00 +0.0000e+00
13 0 +1.714515637e+00 -1.978548436e+01 -1.978548436e+01 -1.6209e+00 +1.3081e+00 -1.6209e+00 -1.6209e+00 -1.6209e+00
213 0 +1.290997157e+00 -2.020900284e+01 -2.020900284e+01 -8.3694e-01 +1.0006e+00 -1.6550e+00 +0.0000e+00 +0.0000e+00
216 0 +1.078624454e+00 -2.042137555e+01 -2.042137555e+01 -8.3694e-01 +2.0013e+00 -1.6550e+00 +0.0000e+00 +0.0000e+00
217 0 +8.134008443e-01 -2.068659916e+01 -2.068659916e+01 -8.3694e-01 +2.0013e+00 -2.6556e+00 +0.0000e+00 +0.0000e+00
219 0 +3.866750775e-01 -2.111332492e+01 -2.111332492e+01 -8.3694e-01 +2.0013e+00 -2.6556e+00 -1.0006e+00 +0.0000e+00
235 0 +3.183056728e-01 -2.118169433e+01 -2.118169433e+01 -8.3694e-01 +1.5010e+00 -2.6556e+00 -1.0006e+00 +0.0000e+00
238 0 +2.217679929e-01 -2.127823201e+01 -2.127823201e+01 -8.3694e-01 +1.5010e+00 -2.1553e+00 -1.0006e+00 +0.0000e+00
241 0 +6.977103655e-02 -2.143022896e+01 -2.143022896e+01 -8.3694e-01 +1.5010e+00 -2.1553e+00 -1.0006e+00 -5.0032e-01
256 0 +4.267955673e-02 -2.145732044e+01 -2.145732044e+01 -8.3694e-01 +1.7511e+00 -2.1553e+00 -1.0006e+00 -5.0032e-01
275 0 +2.652444741e-02 -2.147347555e+01 -2.147347555e+01 -8.3694e-01 +1.6261e+00 -2.1553e+00 -1.0006e+00 -5.0032e-01
294 0 +2.306341639e-02 -2.147693658e+01 -2.147693658e+01 -7.7440e-01 +1.6261e+00 -2.1553e+00 -1.0006e+00 -5.0032e-01
302 0 +2.163217396e-02 -2.147836783e+01 -2.147836783e+01 -7.7440e-01 +1.6261e+00 -2.1553e+00 -1.0006e+00 -4.3778e-01
304 0 +1.975136556e-02 -2.148024863e+01 -2.148024863e+01 -7.1186e-01 +1.6261e+00 -2.1553e+00 -1.0006e+00 -4.3778e-01
312 0 +7.911180862e-03 -2.149208882e+01 -2.149208882e+01 -7.1186e-01 +1.6886e+00 -2.1553e+00 -1.0006e+00 -3.7524e-01
326 0 +5.917483830e-03 -2.149408252e+01 -2.149408252e+01 -7.1186e-01 +1.7199e+00 -2.1553e+00 -1.0006e+00 -3.7524e-01
333 0 +5.033089747e-03 -2.149496691e+01 -2.149496691e+01 -7.4313e-01 +1.7199e+00 -2.1553e+00 -1.0006e+00 -3.7524e-01
354 0 +4.237995452e-03 -2.149576200e+01 -2.149576200e+01 -7.2749e-01 +1.7199e+00 -2.1553e+00 -1.0006e+00 -3.7524e-01
390 0 +3.838714613e-03 -2.149616129e+01 -2.149616129e+01 -7.3140e-01 +1.7238e+00 -2.1553e+00 -9.9674e-01 -3.7524e-01
391 0 +3.523514078e-03 -2.149647649e+01 -2.149647649e+01 -7.3140e-01 +1.7238e+00 -2.1553e+00 -9.9674e-01 -3.7915e-01
401 0 +3.092893012e-03 -2.149690711e+01 -2.149690711e+01 -7.2749e-01 +1.7277e+00 -2.1514e+00 -9.9674e-01 -3.8306e-01
440 0 +2.794634302e-03 -2.149720537e+01 -2.149720537e+01 -7.2554e-01 +1.7316e+00 -2.1494e+00 -9.9479e-01 -3.8502e-01
450 0 +2.457617651e-03 -2.149754238e+01 -2.149754238e+01 -7.2358e-01 +1.7335e+00 -2.1494e+00 -9.9283e-01 -3.8697e-01
461 0 +2.162486457e-03 -2.149783751e+01 -2.149783751e+01 -7.2163e-01 +1.7335e+00 -2.1494e+00 -9.9088e-01 -3.9088e-01
471 0 +1.897180132e-03 -2.149810282e+01 -2.149810282e+01 -7.1967e-01 +1.7355e+00 -2.1494e+00 -9.8892e-01 -3.9283e-01
511 0 +1.753603502e-03 -2.149824640e+01 -2.149824640e+01 -7.1772e-01 +1.7375e+00 -2.1494e+00 -9.8795e-01 -3.9186e-01
541 0 +1.531537237e-03 -2.149846846e+01 -2.149846846e+01 -7.1479e-01 +1.7394e+00 -2.1475e+00 -9.8697e-01 -3.9479e-01
561 0 +1.353009477e-03 -2.149864699e+01 -2.149864699e+01 -7.1283e-01 +1.7404e+00 -2.1475e+00 -9.8501e-01 -3.9674e-01
608 0 +1.257621900e-03 -2.149874238e+01 -2.149874238e+01 -7.1088e-01 +1.7419e+00 -2.1460e+00 -9.8501e-01 -3.9772e-01
651 0 +1.118003272e-03 -2.149888200e+01 -2.149888200e+01 -7.0892e-01 +1.7428e+00 -2.1450e+00 -9.8404e-01 -4.0016e-01
691 0 +9.855030978e-04 -2.149901450e+01 -2.149901450e+01 -7.0697e-01 +1.7438e+00 -2.1445e+00 -9.8257e-01 -4.0212e-01
761 0 +8.890845958e-04 -2.149911092e+01 -2.149911092e+01 -7.0599e-01 +1.7458e+00 -2.1436e+00 -9.8208e-01 -4.0358e-01
831 0 +7.915871932e-04 -2.149920841e+01 -2.149920841e+01 -7.0428e-01 +1.7467e+00 -2.1428e+00 -9.8111e-01 -4.0529e-01
891 0 +7.071737832e-04 -2.149929283e+01 -2.149929283e+01 -7.0282e-01 +1.7475e+00 -2.1426e+00 -9.7988e-01 -4.0676e-01
1011 0 +6.306449296e-04 -2.149936936e+01 -2.149936936e+01 -7.0111e-01 +1.7487e+00 -2.1415e+00 -9.7940e-01 -4.0835e-01
1141 0 +5.608683902e-04 -2.149943913e+01 -2.149943913e+01 -6.9952e-01 +1.7498e+00 -2.1405e+00 -9.7878e-01 -4.0993e-01
1291 0 +5.009314928e-04 -2.149949907e+01 -2.149949907e+01 -6.9811e-01 +1.7506e+00 -2.1400e+00 -9.7793e-01 -4.1128e-01
1540 0 +4.462626881e-04 -2.149955374e+01 -2.149955374e+01 -6.9659e-01 +1.7517e+00 -2.1389e+00 -9.7750e-01 -4.1274e-01
1741 0 +3.968082211e-04 -2.149960319e+01 -2.149960319e+01 -6.9537e-01 +1.7524e+00 -2.1387e+00 -9.7652e-01 -4.1403e-01
2041 0 +3.544715450e-04 -2.149964553e+01 -2.149964553e+01 -6.9405e-01 +1.7532e+00 -2.1381e+00 -9.7585e-01 -4.1528e-01
2461 0 +3.161915923e-04 -2.149968381e+01 -2.149968381e+01 -6.9277e-01 +1.7541e+00 -2.1373e+00 -9.7533e-01 -4.1656e-01
2921 0 +2.815912248e-04 -2.149971841e+01 -2.149971841e+01 -6.9176e-01 +1.7546e+00 -2.1371e+00 -9.7439e-01 -4.1797e-01
3741 0 +2.511116963e-04 -2.149974889e+01 -2.149974889e+01 -6.9060e-01 +1.7554e+00 -2.1362e+00 -9.7402e-01 -4.1934e-01
4614 0 +2.238153279e-04 -2.149977618e+01 -2.149977618e+01 -6.8944e-01 +1.7559e+00 -2.1357e+00 -9.7336e-01 -4.2067e-01
5694 0 +1.995049722e-04 -2.149980050e+01 -2.149980050e+01 -6.8846e-01 +1.7559e+00 -2.1350e+00 -9.7300e-01 -4.2232e-01
7101 0 +1.777800859e-04 -2.149982222e+01 -2.149982222e+01 -6.8730e-01 +1.7563e+00 -2.1343e+00 -9.7266e-01 -4.2361e-01
8681 0 +1.584356115e-04 -2.149984156e+01 -2.149984156e+01 -6.8610e-01 +1.7568e+00 -2.1333e+00 -9.7257e-01 -4.2481e-01
10531 0 +1.411976457e-04 -2.149985880e+01 -2.149985880e+01 -6.8504e-01 +1.7568e+00 -2.1325e+00 -9.7242e-01 -4.2621e-01
12571 0 +1.258331375e-04 -2.149987417e+01 -2.149987417e+01 -6.8356e-01 +1.7568e+00 -2.1318e+00 -9.7212e-01 -4.2724e-01
15085 0 +1.122006450e-04 -2.149988780e+01 -2.149988780e+01 -6.8257e-01 +1.7576e+00 -2.1309e+00 -9.7214e-01 -4.2820e-01
18141 0 +9.999949553e-05 -2.149990000e+01 -2.149990000e+01 -6.8152e-01 +1.7578e+00 -2.1300e+00 -9.7211e-01 -4.2934e-01
21861 0 +8.911179260e-05 -2.149991089e+01 -2.149991089e+01 -6.8011e-01 +1.7578e+00 -2.1292e+00 -9.7206e-01 -4.3017e-01
26038 0 +7.943014401e-05 -2.149992057e+01 -2.149992057e+01 -6.7906e-01 +1.7583e+00 -2.1283e+00 -9.7215e-01 -4.3097e-01
31085 0 +7.079435347e-05 -2.149992921e+01 -2.149992921e+01 -6.7809e-01 +1.7586e+00 -2.1275e+00 -9.7217e-01 -4.3188e-01
37308 0 +6.309261441e-05 -2.149993691e+01 -2.149993691e+01 -6.7691e-01 +1.7587e+00 -2.1267e+00 -9.7236e-01 -4.3261e-01
43568 0 +5.623266929e-05 -2.149994377e+01 -2.149994377e+01 -6.7571e-01 +1.7588e+00 -2.1258e+00 -9.7260e-01 -4.3326e-01
50000 0 +5.029930729e-05 -2.149994970e+01 -2.149994970e+01 -6.7482e-01 +1.7591e+00 -2.1251e+00 -9.7261e-01 -4.3393e-01
% f evaluations | g evaluations | best noise-free fitness - Fopt (1.415000000000e+01) + sum g_i+ | measured fitness | best measured fitness or single-digit g-values | x1 | x2...
1 0 +9.789551222e+01 +1.120455122e+02 +1.120455122e+02 +0.0000e+00 +0.0000e+00 +0.0000e+00 +0.0000e+00 +0.0000e+00
5 0 +1.054133649e+01 +2.469133649e+01 +2.469133649e+01 +2.9289e+00 +0.0000e+00 +0.0000e+00 +0.0000e+00 +0.0000e+00
167 0 +9.703801630e+00 +2.385380163e+01 +2.385380163e+01 +1.5807e+00 -2.0013e+00 -2.0013e+00 -1.0006e+00 +1.0006e+00
169 0 +5.689722699e+00 +1.983972270e+01 +1.983972270e+01 +1.5807e+00 -2.0013e+00 -2.0013e+00 -2.0013e+00 +1.0006e+00
174 0 +2.059738505e+00 +1.620973850e+01 +1.620973850e+01 +2.5814e+00 -2.0013e+00 -2.0013e+00 -2.0013e+00 +1.0006e+00
176 0 +1.592068601e+00 +1.574206860e+01 +1.574206860e+01 +2.5814e+00 -1.0006e+00 -2.0013e+00 -2.0013e+00 +1.0006e+00
179 0 +1.267101158e+00 +1.541710116e+01 +1.541710116e+01 +2.5814e+00 -1.0006e+00 -2.0013e+00 -3.0019e+00 +1.0006e+00
181 0 +1.247419074e+00 +1.539741907e+01 +1.539741907e+01 +2.5814e+00 -1.0006e+00 -2.0013e+00 -3.0019e+00 +0.0000e+00
184 0 +9.634011897e-01 +1.511340119e+01 +1.511340119e+01 +3.5820e+00 -1.0006e+00 -2.0013e+00 -3.0019e+00 +0.0000e+00
188 0 +3.451412077e-01 +1.449514121e+01 +1.449514121e+01 +3.5820e+00 -1.0006e+00 -1.0006e+00 -3.0019e+00 +0.0000e+00
192 0 +3.147964339e-01 +1.446479643e+01 +1.446479643e+01 +3.5820e+00 -1.0006e+00 -1.0006e+00 -3.0019e+00 +1.0006e+00
211 0 +1.310399946e-01 +1.428103999e+01 +1.428103999e+01 +3.5820e+00 -1.0006e+00 -1.0006e+00 -3.0019e+00 +5.0032e-01
214 0 +1.248348198e-01 +1.427483482e+01 +1.427483482e+01 +4.0823e+00 -1.0006e+00 -1.0006e+00 -3.0019e+00 +5.0032e-01
233 0 +1.068143443e-01 +1.425681434e+01 +1.425681434e+01 +3.8322e+00 -1.0006e+00 -1.0006e+00 -3.0019e+00 +5.0032e-01
236 0 +4.334939719e-02 +1.419334940e+01 +1.419334940e+01 +3.8322e+00 -7.5049e-01 -1.0006e+00 -3.0019e+00 +5.0032e-01
243 0 +1.332345429e-02 +1.416332345e+01 +1.416332345e+01 +3.5820e+00 -7.5049e-01 -1.0006e+00 -3.0019e+00 +5.0032e-01
273 0 +1.116141132e-02 +1.416116141e+01 +1.416116141e+01 +3.5195e+00 -7.5049e-01 -1.0006e+00 -3.0019e+00 +5.0032e-01
304 0 +7.570436635e-03 +1.415757044e+01 +1.415757044e+01 +3.5507e+00 -7.5049e-01 -1.0006e+00 -2.9707e+00 +5.3159e-01
311 0 +6.295687348e-03 +1.415629569e+01 +1.415629569e+01 +3.5507e+00 -7.5049e-01 -1.0006e+00 -2.9707e+00 +5.0032e-01
314 0 +3.202180355e-03 +1.415320218e+01 +1.415320218e+01 +3.5820e+00 -7.5049e-01 -1.0006e+00 -2.9707e+00 +5.0032e-01
334 0 +2.786255587e-03 +1.415278626e+01 +1.415278626e+01 +3.5976e+00 -7.5049e-01 -1.0006e+00 -2.9707e+00 +5.0032e-01
341 0 +2.023029661e-03 +1.415202303e+01 +1.415202303e+01 +3.5976e+00 -7.5049e-01 -1.0006e+00 -2.9707e+00 +4.8469e-01
344 0 +1.915797243e-03 +1.415191580e+01 +1.415191580e+01 +3.6133e+00 -7.5049e-01 -1.0006e+00 -2.9707e+00 +4.8469e-01
363 0 +1.704443357e-03 +1.415170444e+01 +1.415170444e+01 +3.6055e+00 -7.5049e-01 -1.0006e+00 -2.9707e+00 +4.8469e-01
422 0 +1.540749954e-03 +1.415154075e+01 +1.415154075e+01 +3.6094e+00 -7.5049e-01 -1.0006e+00 -2.9687e+00 +4.8274e-01
444 0 +1.396673056e-03 +1.415139667e+01 +1.415139667e+01 +3.6152e+00 -7.5049e-01 -1.0006e+00 -2.9687e+00 +4.8078e-01
614 0 +1.257506602e-03 +1.415125751e+01 +1.415125751e+01 +3.6245e+00 -7.5049e-01 -1.0006e+00 -2.9663e+00 +4.7834e-01
746 0 +1.120715677e-03 +1.415112072e+01 +1.415112072e+01 +3.6279e+00 -7.4780e-01 -1.0031e+00 -2.9663e+00 +4.7834e-01
847 0 +9.990561285e-04 +1.415099906e+01 +1.415099906e+01 +3.6299e+00 -7.4536e-01 -1.0058e+00 -2.9668e+00 +4.7834e-01
1007 0 +8.911030729e-04 +1.415089110e+01 +1.415089110e+01 +3.6326e+00 -7.4304e-01 -1.0081e+00 -2.9673e+00 +4.7736e-01
1197 0 +7.942617252e-04 +1.415079426e+01 +1.415079426e+01 +3.6346e+00 -7.4071e-01 -1.0104e+00 -2.9675e+00 +4.7760e-01
1377 0 +7.072516132e-04 +1.415070725e+01 +1.415070725e+01 +3.6360e+00 -7.3852e-01 -1.0126e+00 -2.9681e+00 +4.7724e-01
1554 0 +6.307482926e-04 +1.415063075e+01 +1.415063075e+01 +3.6377e+00 -7.3644e-01 -1.0147e+00 -2.9685e+00 +4.7736e-01
1856 0 +5.616490842e-04 +1.415056165e+01 +1.415056165e+01 +3.6392e+00 -7.3442e-01 -1.0167e+00 -2.9690e+00 +4.7693e-01
2166 0 +5.010407913e-04 +1.415050104e+01 +1.415050104e+01 +3.6405e+00 -7.3253e-01 -1.0185e+00 -2.9693e+00 +4.7699e-01
2466 0 +4.462099556e-04 +1.415044621e+01 +1.415044621e+01 +3.6416e+00 -7.3070e-01 -1.0204e+00 -2.9698e+00 +4.7699e-01
2756 0 +3.980582805e-04 +1.415039806e+01 +1.415039806e+01 +3.6427e+00 -7.2899e-01 -1.0221e+00 -2.9701e+00 +4.7699e-01
3287 0 +3.545423855e-04 +1.415035454e+01 +1.415035454e+01 +3.6440e+00 -7.2740e-01 -1.0237e+00 -2.9705e+00 +4.7663e-01
3797 0 +3.161657675e-04 +1.415031617e+01 +1.415031617e+01 +3.6450e+00 -7.2584e-01 -1.0253e+00 -2.9709e+00 +4.7666e-01
4287 0 +2.816321590e-04 +1.415028163e+01 +1.415028163e+01 +3.6457e+00 -7.2435e-01 -1.0268e+00 -2.9713e+00 +4.7660e-01
4824 0 +2.511733229e-04 +1.415025117e+01 +1.415025117e+01 +3.6467e+00 -7.2294e-01 -1.0282e+00 -2.9716e+00 +4.7654e-01
5726 0 +2.237395574e-04 +1.415022374e+01 +1.415022374e+01 +3.6476e+00 -7.2158e-01 -1.0295e+00 -2.9719e+00 +4.7640e-01
6567 0 +1.994153628e-04 +1.415019942e+01 +1.415019942e+01 +3.6484e+00 -7.2030e-01 -1.0308e+00 -2.9722e+00 +4.7640e-01
7376 0 +1.778257993e-04 +1.415017783e+01 +1.415017783e+01 +3.6490e+00 -7.1906e-01 -1.0321e+00 -2.9725e+00 +4.7641e-01
8337 0 +1.582761220e-04 +1.415015828e+01 +1.415015828e+01 +3.6499e+00 -7.1790e-01 -1.0332e+00 -2.9728e+00 +4.7618e-01
9787 0 +1.412225812e-04 +1.415014122e+01 +1.415014122e+01 +3.6505e+00 -7.1680e-01 -1.0343e+00 -2.9730e+00 +4.7623e-01
11187 0 +1.258578714e-04 +1.415012586e+01 +1.415012586e+01 +3.6510e+00 -7.1573e-01 -1.0354e+00 -2.9733e+00 +4.7624e-01
12527 0 +1.121673339e-04 +1.415011217e+01 +1.415011217e+01 +3.6516e+00 -7.1470e-01 -1.0364e+00 -2.9736e+00 +4.7626e-01
14267 0 +9.998496420e-05 +1.415009998e+01 +1.415009998e+01 +3.6522e+00 -7.1374e-01 -1.0374e+00 -2.9738e+00 +4.7612e-01
16726 0 +8.912412044e-05 +1.415008912e+01 +1.415008912e+01 +3.6527e+00 -7.1280e-01 -1.0383e+00 -2.9740e+00 +4.7614e-01
19087 0 +7.943275386e-05 +1.415007943e+01 +1.415007943e+01 +3.6531e+00 -7.1190e-01 -1.0392e+00 -2.9743e+00 +4.7616e-01
21384 0 +7.079436837e-05 +1.415007079e+01 +1.415007079e+01 +3.6536e+00 -7.1102e-01 -1.0401e+00 -2.9745e+00 +4.7618e-01
24547 0 +6.309236328e-05 +1.415006309e+01 +1.415006309e+01 +3.6540e+00 -7.1018e-01 -1.0410e+00 -2.9747e+00 +4.7613e-01
28926 0 +5.623149101e-05 +1.415005623e+01 +1.415005623e+01 +3.6543e+00 -7.0934e-01 -1.0418e+00 -2.9750e+00 +4.7615e-01
33287 0 +5.011185963e-05 +1.415005011e+01 +1.415005011e+01 +3.6547e+00 -7.0851e-01 -1.0426e+00 -2.9752e+00 +4.7619e-01
37727 0 +4.466496114e-05 +1.415004466e+01 +1.415004466e+01 +3.6549e+00 -7.0766e-01 -1.0435e+00 -2.9754e+00 +4.7625e-01
43626 0 +3.980734618e-05 +1.415003981e+01 +1.415003981e+01 +3.6552e+00 -7.0680e-01 -1.0443e+00 -2.9756e+00 +4.7622e-01
50000 0 +3.608441184e-05 +1.415003608e+01 +1.415003608e+01 +3.6548e+00 -7.0619e-01 -1.0446e+00 -2.9754e+00 +4.7613e-01
% f evaluations | g evaluations | best noise-free fitness - Fopt (-1.348000000000e+01) + sum g_i+ | measured fitness | best measured fitness or single-digit g-values | x1 | x2...
1 0 +2.257578167e+01 +9.095781665e+00 +9.095781665e+00 +0.0000e+00 +0.0000e+00 +0.0000e+00 +0.0000e+00 +0.0000e+00
3 0 +1.217801836e+01 -1.301981643e+00 -1.301981643e+00 -1.3081e+00 +1.6209e+00 +1.6209e+00 +1.6209e+00 +1.6209e+00
12 0 +8.958182411e+00 -4.521817589e+00 -4.521817589e+00 +1.6209e+00 +4.5498e+00 +1.6209e+00 +1.6209e+00 +1.6209e+00
17 0 +8.043956924e+00 -5.436043076e+00 -5.436043076e+00 +0.0000e+00 +0.0000e+00 +2.9289e+00 +0.0000e+00 +0.0000e+00
18 0 +4.718293198e+00 -8.761706802e+00 -8.761706802e+00 +1.6209e+00 +1.6209e+00 +4.5498e+00 +1.6209e+00 +1.6209e+00
30 0 +3.489435036e+00 -9.990564964e+00 -9.990564964e+00 +1.6209e+00 +1.6209e+00 +1.6209e+00 +1.6209e+00 +4.5498e+00
200 0 +3.146383380e+00 -1.033361662e+01 -1.033361662e+01 -5.3833e-01 -7.3015e-02 +3.0790e+00 +1.0006e+00 +1.8795e+00
202 0 +2.532272877e+00 -1.094772712e+01 -1.094772712e+01 -5.3833e-01 -7.3015e-02 +3.0790e+00 +1.0006e+00 +2.8801e+00
206 0 +1.635543222e+00 -1.184445678e+01 -1.184445678e+01 -5.3833e-01 +9.2763e-01 +3.0790e+00 +1.0006e+00 +2.8801e+00
212 0 +1.534719241e+00 -1.194528076e+01 -1.194528076e+01 -5.3833e-01 +9.2763e-01 +3.0790e+00 +1.0006e+00 +3.8808e+00
214 0 +1.267346021e+00 -1.221265398e+01 -1.221265398e+01 +4.6231e-01 +9.2763e-01 +3.0790e+00 +1.0006e+00 +3.8808e+00
216 0 +3.821439146e-01 -1.309785609e+01 -1.309785609e+01 +4.6231e-01 +1.9283e+00 +3.0790e+00 +1.0006e+00 +3.8808e+00
236 0 +1.790481747e-01 -1.330095183e+01 -1.330095183e+01 +4.6231e-01 +2.4286e+00 +3.0790e+00 +1.0006e+00 +3.8808e+00
253 0 +1.709327091e-01 -1.330906729e+01 -1.330906729e+01 +2.1215e-01 +2.4286e+00 +3.0790e+00 +1.0006e+00 +3.8808e+00
258 0 +7.754043245e-02 -1.340245957e+01 -1.340245957e+01 +2.1215e-01 +2.4286e+00 +3.3292e+00 +1.0006e+00 +3.8808e+00
259 0 +5.079079731e-02 -1.342920920e+01 -1.342920920e+01 +2.1215e-01 +2.4286e+00 +3.3292e+00 +7.5049e-01 +3.8808e+00
280 0 +4.095325999e-02 -1.343904674e+01 -1.343904674e+01 +2.1215e-01 +2.4286e+00 +3.3292e+00 +8.7557e-01 +3.8808e+00
281 0 +2.241741554e-02 -1.345758258e+01 -1.345758258e+01 +2.1215e-01 +2.4286e+00 +3.3292e+00 +8.7557e-01 +3.7557e+00
303 0 +2.131263423e-02 -1.345868737e+01 -1.345868737e+01 +1.8088e-01 +2.4286e+00 +3.3292e+00 +8.7557e-01 +3.7557e+00
325 0 +1.733558221e-02 -1.346266442e+01 -1.346266442e+01 +1.9652e-01 +2.4130e+00 +3.3292e+00 +8.7557e-01 +3.7557e+00
332 0 +1.574001558e-02 -1.346425998e+01 -1.346425998e+01 +1.9652e-01 +2.4130e+00 +3.3448e+00 +8.9120e-01 +3.7713e+00
338 0 +1.403744220e-02 -1.346596256e+01 -1.346596256e+01 +1.9652e-01 +2.3973e+00 +3.3605e+00 +8.9120e-01 +3.7713e+00
340 0 +1.209148695e-02 -1.346790851e+01 -1.346790851e+01 +1.9652e-01 +2.3973e+00 +3.3605e+00 +9.0684e-01 +3.7713e+00
347 0 +1.119422348e-02 -1.346880578e+01 -1.346880578e+01 +2.1215e-01 +2.3973e+00 +3.3448e+00 +9.0684e-01 +3.7713e+00
368 0 +9.430702846e-03 -1.347056930e+01 -1.347056930e+01 +2.1997e-01 +2.3895e+00 +3.3526e+00 +9.0684e-01 +3.7713e+00
385 0 +8.507977856e-03 -1.347149202e+01 -1.347149202e+01 +2.2388e-01 +2.3856e+00 +3.3526e+00 +9.1466e-01 +3.7713e+00
395 0 +7.652346316e-03 -1.347234765e+01 -1.347234765e+01 +2.2779e-01 +2.3817e+00 +3.3566e+00 +9.1856e-01 +3.7713e+00
405 0 +6.870142479e-03 -1.347312986e+01 -1.347312986e+01 +2.3170e-01 +2.3778e+00 +3.3605e+00 +9.2247e-01 +3.7713e+00
425 0 +6.238638883e-03 -1.347376136e+01 -1.347376136e+01 +2.3365e-01 +2.3758e+00 +3.3644e+00 +9.2638e-01 +3.7713e+00
445 0 +5.514919908e-03 -1.347448508e+01 -1.347448508e+01 +2.3756e-01 +2.3719e+00 +3.3683e+00 +9.3029e-01 +3.7733e+00
465 0 +4.876514299e-03 -1.347512349e+01 -1.347512349e+01 +2.4147e-01 +2.3680e+00 +3.3722e+00 +9.3420e-01 +3.7733e+00
498 0 +4.454446314e-03 -1.347554555e+01 -1.347554555e+01 +2.4342e-01 +2.3661e+00 +3.3761e+00 +9.3713e-01 +3.7753e+00
535 0 +3.903922683e-03 -1.347609608e+01 -1.347609608e+01 +2.4733e-01 +2.3622e+00 +3.3790e+00 +9.4104e-01 +3.7762e+00
565 0 +3.517365644e-03 -1.347648263e+01 -1.347648263e+01 +2.5026e-01 +2.3592e+00 +3.3820e+00 +9.4397e-01 +3.7772e+00
598 0 +3.140455821e-03 -1.347685954e+01 -1.347685954e+01 +2.5319e-01 +2.3563e+00 +3.3859e+00 +9.4690e-01 +3.7782e+00
630 0 +2.773321259e-03 -1.347722668e+01 -1.347722668e+01 +2.5613e-01 +2.3534e+00 +3.3888e+00 +9.5081e-01 +3.7782e+00
690 0 +2.498934920e-03 -1.347750107e+01 -1.347750107e+01 +2.5955e-01 +2.3509e+00 +3.3903e+00 +9.5326e-01 +3.7792e+00
750 0 +2.220504118e-03 -1.347777950e+01 -1.347777950e+01 +2.6248e-01 +2.3480e+00 +3.3932e+00 +9.5619e-01 +3.7806e+00
820 0 +1.985279353e-03 -1.347801472e+01 -1.347801472e+01 +2.6492e-01 +2.3455e+00 +3.3947e+00 +9.5961e-01 +3.7811e+00
900 0 +1.769666922e-03 -1.347823033e+01 -1.347823033e+01 +2.6639e-01 +2.3431e+00 +3.3966e+00 +9.6352e-01 +3.7811e+00
1078 0 +1.583607116e-03 -1.347841639e+01 -1.347841639e+01 +2.6590e-01 +2.3409e+00 +3.3983e+00 +9.6840e-01 +3.7821e+00
1190 0 +1.411325684e-03 -1.347858867e+01 -1.347858867e+01 +2.6834e-01 +2.3387e+00 +3.4000e+00 +9.7133e-01 +3.7833e+00
1315 0 +1.258732104e-03 -1.347874127e+01 -1.347874127e+01 +2.7030e-01 +2.3363e+00 +3.4017e+00 +9.7426e-01 +3.7838e+00
1600 0 +1.120815532e-03 -1.347887918e+01 -1.347887918e+01 +2.6846e-01 +2.3348e+00 +3.4025e+00 +9.7988e-01 +3.7829e+00
1781 0 +9.998670708e-04 -1.347900013e+01 -1.347900013e+01 +2.7066e-01 +2.3327e+00 +3.4046e+00 +9.8208e-01 +3.7848e+00
1998 0 +8.906059264e-04 -1.347910939e+01 -1.347910939e+01 +2.7213e-01 +2.3306e+00 +3.4065e+00 +9.8465e-01 +3.7856e+00
2280 0 +7.941015842e-04 -1.347920590e+01 -1.347920590e+01 +2.7237e-01 +2.3291e+00 +3.4077e+00 +9.8819e-01 +3.7855e+00
2738 0 +7.077733217e-04 -1.347929223e+01 -1.347929223e+01 +2.7097e-01 +2.3276e+00 +3.4086e+00 +9.9265e-01 +3.7853e+00
3080 0 +6.299328307e-04 -1.347937007e+01 -1.347937007e+01 +2.7243e-01 +2.3259e+00 +3.4102e+00 +9.9479e-01 +3.7864e+00
3414 0 +5.622680178e-04 -1.347943773e+01 -1.347943773e+01 +2.7402e-01 +2.3242e+00 +3.4116e+00 +9.9680e-01 +3.7874e+00
3970 0 +5.000956838e-04 -1.347949990e+01 -1.347949990e+01 +2.7353e-01 +2.3229e+00 +3.4126e+00 +1.0002e+00 +3.7869e+00
4650 0 +4.464955040e-04 -1.347955350e+01 -1.347955350e+01 +2.7375e-01 +2.3215e+00 +3.4137e+00 +1.0029e+00 +3.7876e+00
5204 0 +3.980810083e-04 -1.347960192e+01 -1.347960192e+01 +2.7527e-01 +2.3200e+00 +3.4150e+00 +1.0046e+00 +3.7887e+00
6050 0 +3.547643384e-04 -1.347964524e+01 -1.347964524e+01 +2.7540e-01 +2.3188e+00 +3.4159e+00 +1.0072e+00 +3.7884e+00
7210 0 +3.160842187e-04 -1.347968392e+01 -1.347968392e+01 +2.7414e-01 +2.3178e+00 +3.4167e+00 +1.0105e+00 +3.7881e+00
8205 0 +2.818176174e-04 -1.347971818e+01 -1.347971818e+01 +2.7529e-01 +2.3165e+00 +3.4179e+00 +1.0120e+00 +3.7893e+00
9340 0 +2.511818122e-04 -1.347974882e+01 -1.347974882e+01 +2.7605e-01 +2.3153e+00 +3.4190e+00 +1.0138e+00 +3.7899e+00
11790 0 +2.237421173e-04 -1.347977626e+01 -1.347977626e+01 +2.7436e-01 +2.3145e+00 +3.4196e+00 +1.0173e+00 +3.7890e+00
13035 0 +1.994726837e-04 -1.347980053e+01 -1.347980053e+01 +2.7516e-01 +2.3134e+00 +3.4206e+00 +1.0187e+00 +3.7898e+00
14881 0 +1.778241532e-04 -1.347982218e+01 -1.347982218e+01 +2.7589e-01 +2.3124e+00 +3.4216e+00 +1.0201e+00 +3.7905e+00
16938 0 +1.584596310e-04 -1.347984154e+01 -1.347984154e+01 +2.7638e-01 +2.3114e+00 +3.4226e+00 +1.0217e+00 +3.7908e+00
20778 0 +1.412061845e-04 -1.347985879e+01 -1.347985879e+01 +2.7523e-01 +2.3106e+00 +3.4231e+00 +1.0244e+00 +3.7903e+00
23945 0 +1.258888637e-04 -1.347987411e+01 -1.347987411e+01 +2.7556e-01 +2.3098e+00 +3.4239e+00 +1.0259e+00 +3.7910e+00
27310 0 +1.121907254e-04 -1.347988781e+01 -1.347988781e+01 +2.7604e-01 +2.3089e+00 +3.4248e+00 +1.0271e+00 +3.7915e+00
32538 0 +9.999758614e-05 -1.347990000e+01 -1.347990000e+01 +2.7662e-01 +2.3080e+00 +3.4257e+00 +1.0283e+00 +3.7920e+00
38448 0 +8.912058854e-05 -1.347991088e+01 -1.347991088e+01 +2.7722e-01 +2.3072e+00 +3.4266e+00 +1.0294e+00 +3.7924e+00
46790 0 +7.943207316e-05 -1.347992057e+01 -1.347992057e+01 +2.7699e-01 +2.3065e+00 +3.4272e+00 +1.0310e+00 +3.7923e+00
50000 0 +7.751237597e-05 -1.347992249e+01 -1.347992249e+01 +2.7651e-01 +2.3064e+00 +3.4273e+00 +1.0316e+00 +3.7921e+00
% f evaluations | g evaluations | best noise-free fitness - Fopt (-4.813000000000e+01) + sum g_i+ | measured fitness | best measured fitness or single-digit g-values | x1 | x2...
1 0 +5.459006436e+01 +6.460064355e+00 +6.460064355e+00 +0.0000e+00 +0.0000e+00 +0.0000e+00 +0.0000e+00 +0.0000e+00
5 0 +4.760680017e+01 -5.231998254e-01 -5.231998254e-01 +2.9289e+00 +0.0000e+00 +0.0000e+00 +0.0000e+00 +0.0000e+00
8 0 +2.142347259e+01 -2.670652741e+01 -2.670652741e+01 +0.0000e+00 -2.9289e+00 +0.0000e+00 +0.0000e+00 +0.0000e+00
31 0 +1.977229256e+01 -2.835770744e+01 -2.835770744e+01 -1.6209e+00 -1.6209e+00 -1.6209e+00 -1.6209e+00 +1.3081e+00
195 0 +1.590289892e+01 -3.222710108e+01 -3.222710108e+01 +5.0032e+00 -2.0743e+00 +0.0000e+00 -3.4633e-01 +7.6392e-01
197 0 +1.519282341e+01 -3.293717659e+01 -3.293717659e+01 +5.0032e+00 -2.0743e+00 -1.0006e+00 -3.4633e-01 +7.6392e-01
199 0 +1.084054030e+01 -3.728945970e+01 -3.728945970e+01 +5.0032e+00 -2.0743e+00 -1.0006e+00 -1.3470e+00 +7.6392e-01
202 0 +8.291860400e+00 -3.983813960e+01 -3.983813960e+01 +5.0032e+00 -2.0743e+00 -1.0006e+00 -1.3470e+00 +1.7646e+00
203 0 +7.859326379e+00 -4.027067362e+01 -4.027067362e+01 +4.0026e+00 -2.0743e+00 -1.0006e+00 -1.3470e+00 +1.7646e+00
205 0 +6.568799379e+00 -4.156120062e+01 -4.156120062e+01 +4.0026e+00 -3.0750e+00 -1.0006e+00 -1.3470e+00 +1.7646e+00
208 0 +5.645296059e+00 -4.248470394e+01 -4.248470394e+01 +4.0026e+00 -3.0750e+00 +0.0000e+00 -1.3470e+00 +1.7646e+00
212 0 +5.243799405e+00 -4.288620059e+01 -4.288620059e+01 +4.0026e+00 -3.0750e+00 +0.0000e+00 -1.3470e+00 +2.7652e+00
213 0 +4.304063073e+00 -4.382593693e+01 -4.382593693e+01 +3.0019e+00 -3.0750e+00 +0.0000e+00 -1.3470e+00 +2.7652e+00
218 0 +3.971197961e+00 -4.415880204e+01 -4.415880204e+01 +3.0019e+00 -4.0756e+00 +1.0006e+00 -1.3470e+00 +2.7652e+00
223 0 +2.778447315e+00 -4.535155268e+01 -4.535155268e+01 +2.0013e+00 -4.0756e+00 +1.0006e+00 -2.3476e+00 +3.7659e+00
233 0 +1.779677661e+00 -4.635032234e+01 -4.635032234e+01 +1.0006e+00 -4.0756e+00 +1.0006e+00 -2.3476e+00 +3.7659e+00
243 0 +8.154890644e-01 -4.731451094e+01 -4.731451094e+01 -4.4409e-16 -4.0756e+00 +1.0006e+00 -2.3476e+00 +3.7659e+00
253 0 +1.545206888e-01 -4.797547931e+01 -4.797547931e+01 -1.0006e+00 -4.0756e+00 +1.0006e+00 -2.3476e+00 +3.7659e+00
284 0 +1.236285210e-01 -4.800637148e+01 -4.800637148e+01 -7.5049e-01 -4.0756e+00 +1.0006e+00 -2.3476e+00 +3.7659e+00
286 0 +8.565333100e-02 -4.804434667e+01 -4.804434667e+01 -7.5049e-01 -3.8254e+00 +1.0006e+00 -2.3476e+00 +3.7659e+00
288 0 +5.867599101e-02 -4.807132401e+01 -4.807132401e+01 -7.5049e-01 -3.8254e+00 +1.2508e+00 -2.3476e+00 +3.7659e+00
290 0 +5.441207120e-02 -4.807558793e+01 -4.807558793e+01 -7.5049e-01 -3.8254e+00 +1.2508e+00 -2.0975e+00 +3.7659e+00
310 0 +4.992972704e-02 -4.808007027e+01 -4.808007027e+01 -7.5049e-01 -3.8254e+00 +1.3759e+00 -1.9724e+00 +3.7659e+00
323 0 +3.410886460e-02 -4.809589114e+01 -4.809589114e+01 -8.1303e-01 -3.8254e+00 +1.3759e+00 -1.9724e+00 +3.7659e+00
325 0 +2.343948834e-02 -4.810656051e+01 -4.810656051e+01 -8.1303e-01 -3.8880e+00 +1.3759e+00 -1.9724e+00 +3.7659e+00
327 0 +1.019240117e-02 -4.811980760e+01 -4.811980760e+01 -8.1303e-01 -3.8880e+00 +1.3134e+00 -1.9724e+00 +3.7659e+00
329 0 +9.746035685e-03 -4.812025396e+01 -4.812025396e+01 -8.1303e-01 -3.8880e+00 +1.3134e+00 -2.0349e+00 +3.7659e+00
337 0 +2.645361713e-03 -4.812735464e+01 -4.812735464e+01 -8.1303e-01 -3.8880e+00 +1.2508e+00 -2.0349e+00 +3.7659e+00
380 0 +2.451379351e-03 -4.812754862e+01 -4.812754862e+01 -8.1303e-01 -3.8880e+00 +1.2508e+00 -2.0506e+00 +3.7659e+00
398 0 +2.006919879e-03 -4.812799308e+01 -4.812799308e+01 -8.1303e-01 -3.8958e+00 +1.2586e+00 -2.0506e+00 +3.7659e+00
399 0 +1.942243388e-03 -4.812805776e+01 -4.812805776e+01 -8.1303e-01 -3.8958e+00 +1.2586e+00 -2.0584e+00 +3.7659e+00
475 0 +1.697535167e-03 -4.812830246e+01 -4.812830246e+01 -8.1303e-01 -3.9017e+00 +1.2586e+00 -2.0721e+00 +3.7678e+00
485 0 +1.565182481e-03 -4.812843482e+01 -4.812843482e+01 -8.1303e-01 -3.9036e+00 +1.2567e+00 -2.0740e+00 +3.7698e+00
513 0 +1.291981599e-03 -4.812870802e+01 -4.812870802e+01 -8.1400e-01 -3.9056e+00 +1.2528e+00 -2.0740e+00 +3.7717e+00
515 0 +1.191786176e-03 -4.812880821e+01 -4.812880821e+01 -8.1400e-01 -3.9066e+00 +1.2528e+00 -2.0740e+00 +3.7717e+00
521 0 +1.106504129e-03 -4.812889350e+01 -4.812889350e+01 -8.1400e-01 -3.9066e+00 +1.2518e+00 -2.0730e+00 +3.7708e+00
545 0 +9.946311795e-04 -4.812900537e+01 -4.812900537e+01 -8.1400e-01 -3.9095e+00 +1.2508e+00 -2.0750e+00 +3.7727e+00
567 0 +8.790901673e-04 -4.812912091e+01 -4.812912091e+01 -8.1449e-01 -3.9100e+00 +1.2493e+00 -2.0760e+00 +3.7727e+00
605 0 +7.861280330e-04 -4.812921387e+01 -4.812921387e+01 -8.1449e-01 -3.9119e+00 +1.2479e+00 -2.0769e+00 +3.7737e+00
657 0 +7.052379793e-04 -4.812929476e+01 -4.812929476e+01 -8.1449e-01 -3.9134e+00 +1.2449e+00 -2.0794e+00 +3.7752e+00
753 0 +6.245006461e-04 -4.812937550e+01 -4.812937550e+01 -8.1474e-01 -3.9149e+00 +1.2425e+00 -2.0838e+00 +3.7766e+00
785 0 +5.591790038e-04 -4.812944082e+01 -4.812944082e+01 -8.1498e-01 -3.9158e+00 +1.2418e+00 -2.0840e+00 +3.7766e+00
865 0 +4.980240543e-04 -4.812950198e+01 -4.812950198e+01 -8.1498e-01 -3.9171e+00 +1.2398e+00 -2.0855e+00 +3.7774e+00
1189 0 +4.462981575e-04 -4.812955370e+01 -4.812955370e+01 -8.1498e-01 -3.9193e+00 +1.2376e+00 -2.0936e+00 +3.7786e+00
1683 0 +3.952059617e-04 -4.812960479e+01 -4.812960479e+01 -8.1510e-01 -3.9219e+00 +1.2362e+00 -2.1053e+00 +3.7795e+00
1745 0 +3.544923009e-04 -4.812964551e+01 -4.812964551e+01 -8.1523e-01 -3.9228e+00 +1.2355e+00 -2.1055e+00 +3.7795e+00
2059 0 +3.160961315e-04 -4.812968390e+01 -4.812968390e+01 -8.1523e-01 -3.9244e+00 +1.2330e+00 -2.1094e+00 +3.7810e+00
2729 0 +2.817428065e-04 -4.812971826e+01 -4.812971826e+01 -8.1523e-01 -3.9266e+00 +1.2315e+00 -2.1176e+00 +3.7820e+00
3167 0 +2.511822827e-04 -4.812974882e+01 -4.812974882e+01 -8.1535e-01 -3.9280e+00 +1.2305e+00 -2.1221e+00 +3.7824e+00
3813 0 +2.228286697e-04 -4.812977717e+01 -4.812977717e+01 -8.1550e-01 -3.9292e+00 +1.2282e+00 -2.1258e+00 +3.7832e+00
4291 0 +1.992033095e-04 -4.812980080e+01 -4.812980080e+01 -8.1578e-01 -3.9295e+00 +1.2268e+00 -2.1265e+00 +3.7829e+00
5171 0 +1.777790990e-04 -4.812982222e+01 -4.812982222e+01 -8.1620e-01 -3.9294e+00 +1.2252e+00 -2.1272e+00 +3.7820e+00
6426 0 +1.584151719e-04 -4.812984158e+01 -4.812984158e+01 -8.1657e-01 -3.9282e+00 +1.2237e+00 -2.1282e+00 +3.7807e+00
7821 0 +1.411567256e-04 -4.812985884e+01 -4.812985884e+01 -8.1684e-01 -3.9267e+00 +1.2236e+00 -2.1281e+00 +3.7790e+00
9631 0 +1.258490482e-04 -4.812987415e+01 -4.812987415e+01 -8.1724e-01 -3.9258e+00 +1.2229e+00 -2.1283e+00 +3.7775e+00
11956 0 +1.121959366e-04 -4.812988780e+01 -4.812988780e+01 -8.1749e-01 -3.9245e+00 +1.2229e+00 -2.1290e+00 +3.7759e+00
14386 0 +9.999121612e-05 -4.812990001e+01 -4.812990001e+01 -8.1771e-01 -3.9231e+00 +1.2228e+00 -2.1290e+00 +3.7744e+00
16903 0 +8.909753888e-05 -4.812991090e+01 -4.812991090e+01 -8.1795e-01 -3.9217e+00 +1.2227e+00 -2.1289e+00 +3.7730e+00
20546 0 +7.942236358e-05 -4.812992058e+01 -4.812992058e+01 -8.1827e-01 -3.9210e+00 +1.2222e+00 -2.1295e+00 +3.7717e+00
24606 0 +7.078622863e-05 -4.812992921e+01 -4.812992921e+01 -8.1848e-01 -3.9198e+00 +1.2223e+00 -2.1298e+00 +3.7704e+00
28721 0 +6.309235997e-05 -4.812993691e+01 -4.812993691e+01 -8.1868e-01 -3.9187e+00 +1.2222e+00 -2.1297e+00 +3.7691e+00
33317 0 +5.623265992e-05 -4.812994377e+01 -4.812994377e+01 -8.1892e-01 -3.9178e+00 +1.2219e+00 -2.1297e+00 +3.7680e+00
40136 0 +5.011387525e-05 -4.812994989e+01 -4.812994989e+01 -8.1913e-01 -3.9169e+00 +1.2218e+00 -2.1304e+00 +3.7668e+00
47136 0 +4.466732516e-05 -4.812995533e+01 -4.812995533e+01 -8.1931e-01 -3.9159e+00 +1.2218e+00 -2.1305e+00 +3.7657e+00
50000 0 +4.263784871e-05 -4.812995736e+01 -4.812995736e+01 -8.1938e-01 -3.9155e+00 +1.2217e+00 -2.1304e+00 +3.7652e+00
