% f evaluations | g evaluations | best noise-free fitness - Fopt (-5.235000000000e+01) + sum g_i+ | measured fitness | best measured fitness or single-digit g-values | x1 | x2...
1 0 +1.090684985e+02 +5.671849850e+01 +5.671849850e+01
2 0 +1.020573985e+02 +4.970739853e+01 +4.970739853e+01
8 0 +7.485890730e+01 +2.250890730e+01 +2.250890730e+01
1220 0 +6.999917002e+01 +1.764917002e+01 +1.764917002e+01
1229 0 +6.152114052e+01 +9.171140516e+00 +9.171140516e+00
1236 0 +5.484852955e+01 +2.498529553e+00 +2.498529553e+00
1241 0 +4.740849671e+01 -4.941503289e+00 -4.941503289e+00
1252 0 +4.405677731e+01 -8.293222692e+00 -8.293222692e+00
1261 0 +3.781413462e+01 -1.453586538e+01 -1.453586538e+01
1264 0 +3.495051606e+01 -1.739948394e+01 -1.739948394e+01
1271 0 +3.088712557e+01 -2.146287443e+01 -2.146287443e+01
1276 0 +2.802522618e+01 -2.432477382e+01 -2.432477382e+01
1289 0 +2.403013534e+01 -2.831986466e+01 -2.831986466e+01
1304 0 +2.197359746e+01 -3.037640254e+01 -3.037640254e+01
1308 0 +1.965252204e+01 -3.269747796e+01 -3.269747796e+01
1315 0 +1.761439047e+01 -3.473560953e+01 -3.473560953e+01
1324 0 +1.556404224e+01 -3.678595776e+01 -3.678595776e+01
1332 0 +1.402351754e+01 -3.832648246e+01 -3.832648246e+01
1344 0 +1.217652003e+01 -4.017347997e+01 -4.017347997e+01
1356 0 +1.053596641e+01 -4.181403359e+01 -4.181403359e+01
1369 0 +9.754651445e+00 -4.259534856e+01 -4.259534856e+01
1381 0 +8.524801044e+00 -4.382519896e+01 -4.382519896e+01
1388 0 +7.931634252e+00 -4.441836575e+01 -4.441836575e+01
1395 0 +7.020715515e+00 -4.532928448e+01 -4.532928448e+01
1401 0 +6.177213695e+00 -4.617278630e+01 -4.617278630e+01
1412 0 +5.602369343e+00 -4.674763066e+01 -4.674763066e+01
1417 0 +4.957025987e+00 -4.739297401e+01 -4.739297401e+01
1431 0 +4.321192983e+00 -4.802880702e+01 -4.802880702e+01
1446 0 +3.874317164e+00 -4.847568284e+01 -4.847568284e+01
1455 0 +3.454170424e+00 -4.889582958e+01 -4.889582958e+01
1474 0 +2.968203673e+00 -4.938179633e+01 -4.938179633e+01
1487 0 +2.688496254e+00 -4.966150375e+01 -4.966150375e+01
1490 0 +2.372818576e+00 -4.997718142e+01 -4.997718142e+01
1497 0 +2.162115744e+00 -5.018788426e+01 -5.018788426e+01
1504 0 +1.967190100e+00 -5.038280990e+01 -5.038280990e+01
1534 0 +1.696815283e+00 -5.065318472e+01 -5.065318472e+01
1551 0 +1.447653536e+00 -5.090234646e+01 -5.090234646e+01
1558 0 +1.365282880e+00 -5.098471712e+01 -5.098471712e+01
1564 0 +1.200240884e+00 -5.114975912e+01 -5.114975912e+01
1645 0 +1.105068039e+00 -5.124493196e+01 -5.124493196e+01
1851 0 +8.783005953e-01 -5.147169940e+01 -5.147169940e+01
1897 0 +7.776325572e-01 -5.157236744e+01 -5.157236744e+01
1903 0 +6.784759224e-01 -5.167152408e+01 -5.167152408e+01
1905 0 +6.174881276e-01 -5.173251187e+01 -5.173251187e+01
1914 0 +5.494928629e-01 -5.180050714e+01 -5.180050714e+01
1942 0 +4.783487419e-01 -5.187165126e+01 -5.187165126e+01
1947 0 +3.885491233e-01 -5.196145088e+01 -5.196145088e+01
2093 0 +3.514817846e-01 -5.199851822e+01 -5.199851822e+01
2130 0 +2.845583478e-01 -5.206544165e+01 -5.206544165e+01
2133 0 +2.682093726e-01 -5.208179063e+01 -5.208179063e+01
2140 0 +2.369124713e-01 -5.211308753e+01 -5.211308753e+01
2162 0 +2.220776732e-01 -5.212792233e+01 -5.212792233e+01
2169 0 +1.830856195e-01 -5.216691438e+01 -5.216691438e+01
2211 0 +1.742966082e-01 -5.217570339e+01 -5.217570339e+01
2288 0 +1.525778144e-01 -5.219742219e+01 -5.219742219e+01
2413 0 +1.382588441e-01 -5.221174116e+01 -5.221174116e+01
2421 0 +1.241848024e-01 -5.222581520e+01 -5.222581520e+01
2436 0 +1.083162339e-01 -5.224168377e+01 -5.224168377e+01
2468 0 +9.706298462e-02 -5.225293702e+01 -5.225293702e+01
2493 0 +8.628381953e-02 -5.226371618e+01 -5.226371618e+01
2540 0 +7.013089706e-02 -5.227986910e+01 -5.227986910e+01
2668 0 +6.149370116e-02 -5.228850630e+01 -5.228850630e+01
2698 0 +5.585504448e-02 -5.229414496e+01 -5.229414496e+01
2782 0 +4.980724032e-02 -5.230019276e+01 -5.230019276e+01
2814 0 +4.372366811e-02 -5.230627633e+01 -5.230627633e+01
2975 0 +3.968587311e-02 -5.231031413e+01 -5.231031413e+01
3025 0 +3.501359312e-02 -5.231498641e+01 -5.231498641e+01
3112 0 +3.147150563e-02 -5.231852849e+01 -5.231852849e+01
3183 0 +2.708274411e-02 -5.232291726e+01 -5.232291726e+01
3223 0 +2.434336548e-02 -5.232565663e+01 -5.232565663e+01
3376 0 +2.210457927e-02 -5.232789542e+01 -5.232789542e+01
3416 0 +1.975959843e-02 -5.233024040e+01 -5.233024040e+01
3605 0 +1.771944333e-02 -5.233228056e+01 -5.233228056e+01
3694 0 +1.582463366e-02 -5.233417537e+01 -5.233417537e+01
3757 0 +1.401275660e-02 -5.233598724e+01 -5.233598724e+01
3989 0 +1.254785664e-02 -5.233745214e+01 -5.233745214e+01
4212 0 +1.116201515e-02 -5.233883798e+01 -5.233883798e+01
4309 0 +9.807763663e-03 -5.234019224e+01 -5.234019224e+01
4444 0 +8.851585647e-03 -5.234114841e+01 -5.234114841e+01
4533 0 +7.915138971e-03 -5.234208486e+01 -5.234208486e+01
4724 0 +6.994856430e-03 -5.234300514e+01 -5.234300514e+01
4997 0 +6.191581576e-03 -5.234380842e+01 -5.234380842e+01
5214 0 +5.611782604e-03 -5.234438822e+01 -5.234438822e+01
5684 0 +4.924440899e-03 -5.234507556e+01 -5.234507556e+01
5943 0 +4.462367866e-03 -5.234553763e+01 -5.234553763e+01
6357 0 +3.973322907e-03 -5.234602668e+01 -5.234602668e+01
6709 0 +3.543895992e-03 -5.234645610e+01 -5.234645610e+01
7262 0 +3.159632981e-03 -5.234684037e+01 -5.234684037e+01
8077 0 +2.815994684e-03 -5.234718401e+01 -5.234718401e+01
8757 0 +2.510413462e-03 -5.234748959e+01 -5.234748959e+01
9657 0 +2.234789084e-03 -5.234776521e+01 -5.234776521e+01
11097 0 +1.994546336e-03 -5.234800545e+01 -5.234800545e+01
12004 0 +1.772116037e-03 -5.234822788e+01 -5.234822788e+01
13992 0 +1.584119078e-03 -5.234841588e+01 -5.234841588e+01
16394 0 +1.412273133e-03 -5.234858773e+01 -5.234858773e+01
18697 0 +1.258861182e-03 -5.234874114e+01 -5.234874114e+01
21647 0 +1.121711814e-03 -5.234887829e+01 -5.234887829e+01
25282 0 +9.984861815e-04 -5.234900151e+01 -5.234900151e+01
29684 0 +8.906606703e-04 -5.234910934e+01 -5.234910934e+01
32687 0 +7.941700708e-04 -5.234920583e+01 -5.234920583e+01
37395 0 +7.078974559e-04 -5.234929210e+01 -5.234929210e+01
43684 0 +6.302717210e-04 -5.234936973e+01 -5.234936973e+01
54065 0 +5.620626766e-04 -5.234943794e+01 -5.234943794e+01
61202 0 +5.011299286e-04 -5.234949887e+01 -5.234949887e+01
70484 0 +4.463981264e-04 -5.234955360e+01 -5.234955360e+01
83252 0 +3.980835068e-04 -5.234960192e+01 -5.234960192e+01
93185 0 +3.548098126e-04 -5.234964519e+01 -5.234964519e+01
106082 0 +3.161974882e-04 -5.234968380e+01 -5.234968380e+01
125200 0 +2.818169798e-04 -5.234971818e+01 -5.234971818e+01
146722 0 +2.511581175e-04 -5.234974884e+01 -5.234974884e+01
162402 0 +2.238597470e-04 -5.234977614e+01 -5.234977614e+01
179211 0 +1.995227463e-04 -5.234980048e+01 -5.234980048e+01
206079 0 +1.778233727e-04 -5.234982218e+01 -5.234982218e+01
248447 0 +1.584838678e-04 -5.234984152e+01 -5.234984152e+01
271589 0 +1.412526166e-04 -5.234985875e+01 -5.234985875e+01
304741 0 +1.258917287e-04 -5.234987411e+01 -5.234987411e+01
358660 0 +1.122006170e-04 -5.234988780e+01 -5.234988780e+01
400000 0 +1.036897790e-04 -5.234989631e+01 -5.234989631e+01
% f evaluations | g evaluations | best noise-free fitness - Fopt (-1.795400000000e+02) + sum g_i+ | measured fitness | best measured fitness or single-digit g-values | x1 | x2...
1 0 +8.237377687e+01 -9.716622313e+01 -9.716622313e+01
5 0 +6.821950257e+01 -1.113204974e+02 -1.113204974e+02
6 0 +5.404939863e+01 -1.254906014e+02 -1.254906014e+02
108 0 +4.440243357e+01 -1.351375664e+02 -1.351375664e+02
264 0 +3.959393758e+01 -1.399460624e+02 -1.399460624e+02
1256 0 +3.168063477e+01 -1.478593652e+02 -1.478593652e+02
1257 0 +3.020162912e+01 -1.493383709e+02 -1.493383709e+02
1272 0 +2.730458296e+01 -1.522354170e+02 -1.522354170e+02
1277 0 +2.342685535e+01 -1.561131447e+02 -1.561131447e+02
1287 0 +2.222253940e+01 -1.573174606e+02 -1.573174606e+02
1296 0 +1.960442447e+01 -1.599355755e+02 -1.599355755e+02
1312 0 +1.767995009e+01 -1.618600499e+02 -1.618600499e+02
1326 0 +1.576074672e+01 -1.637792533e+02 -1.637792533e+02
1336 0 +1.355813845e+01 -1.659818616e+02 -1.659818616e+02
1346 0 +1.256088559e+01 -1.669791144e+02 -1.669791144e+02
1367 0 +1.054477237e+01 -1.689952276e+02 -1.689952276e+02
1376 0 +9.708078483e+00 -1.698319215e+02 -1.698319215e+02
1398 0 +8.899032713e+00 -1.706409673e+02 -1.706409673e+02
1409 0 +7.809481371e+00 -1.717305186e+02 -1.717305186e+02
1413 0 +7.063363161e+00 -1.724766368e+02 -1.724766368e+02
1421 0 +6.257502243e+00 -1.732824978e+02 -1.732824978e+02
1437 0 +5.475451388e+00 -1.740645486e+02 -1.740645486e+02
1443 0 +4.928475525e+00 -1.746115245e+02 -1.746115245e+02
1447 0 +4.368189202e+00 -1.751718108e+02 -1.751718108e+02
1458 0 +3.955304973e+00 -1.755846950e+02 -1.755846950e+02
1467 0 +3.361161207e+00 -1.761788388e+02 -1.761788388e+02
1469 0 +3.068519837e+00 -1.764714802e+02 -1.764714802e+02
1480 0 +2.628381074e+00 -1.769116189e+02 -1.769116189e+02
1501 0 +2.411446566e+00 -1.771285534e+02 -1.771285534e+02
1511 0 +2.034629078e+00 -1.775053709e+02 -1.775053709e+02
1527 0 +1.577543132e+00 -1.779624569e+02 -1.779624569e+02
1533 0 +1.384570522e+00 -1.781554295e+02 -1.781554295e+02
1560 0 +1.096168751e+00 -1.784438312e+02 -1.784438312e+02
1765 0 +9.912981100e-01 -1.785487019e+02 -1.785487019e+02
1771 0 +8.702166180e-01 -1.786697834e+02 -1.786697834e+02
1778 0 +7.050640664e-01 -1.788349359e+02 -1.788349359e+02
1807 0 +6.239453993e-01 -1.789160546e+02 -1.789160546e+02
1812 0 +5.456302802e-01 -1.789943697e+02 -1.789943697e+02
1833 0 +4.830166473e-01 -1.790569834e+02 -1.790569834e+02
1837 0 +4.457750389e-01 -1.790942250e+02 -1.790942250e+02
1864 0 +3.715950930e-01 -1.791684049e+02 -1.791684049e+02
1875 0 +3.359122067e-01 -1.792040878e+02 -1.792040878e+02
1904 0 +3.083332838e-01 -1.792316667e+02 -1.792316667e+02
1952 0 +2.743222227e-01 -1.792656778e+02 -1.792656778e+02
2085 0 +2.459145227e-01 -1.792940855e+02 -1.792940855e+02
2126 0 +2.220557744e-01 -1.793179442e+02 -1.793179442e+02
2159 0 +1.916781767e-01 -1.793483218e+02 -1.793483218e+02
2171 0 +1.770238342e-01 -1.793629762e+02 -1.793629762e+02
2199 0 +1.536137404e-01 -1.793863863e+02 -1.793863863e+02
2265 0 +1.365889340e-01 -1.794034111e+02 -1.794034111e+02
2277 0 +1.204913329e-01 -1.794195087e+02 -1.794195087e+02
2288 0 +1.015093025e-01 -1.794384907e+02 -1.794384907e+02
2409 0 +9.983800365e-02 -1.794401620e+02 -1.794401620e+02
2463 0 +8.812822312e-02 -1.794518718e+02 -1.794518718e+02
2508 0 +7.578192816e-02 -1.794642181e+02 -1.794642181e+02
2604 0 +6.982187618e-02 -1.794701781e+02 -1.794701781e+02
2751 0 +6.272287547e-02 -1.794772771e+02 -1.794772771e+02
2779 0 +5.492092903e-02 -1.794850791e+02 -1.794850791e+02
2838 0 +4.979624981e-02 -1.794902038e+02 -1.794902038e+02
2841 0 +4.303006633e-02 -1.794969699e+02 -1.794969699e+02
2849 0 +3.979010050e-02 -1.795002099e+02 -1.795002099e+02
2951 0 +3.276368714e-02 -1.795072363e+02 -1.795072363e+02
2956 0 +3.048892253e-02 -1.795095111e+02 -1.795095111e+02
2976 0 +2.794666028e-02 -1.795120533e+02 -1.795120533e+02
3137 0 +2.472713087e-02 -1.795152729e+02 -1.795152729e+02
3190 0 +2.227802554e-02 -1.795177220e+02 -1.795177220e+02
3321 0 +1.926481050e-02 -1.795207352e+02 -1.795207352e+02
3401 0 +1.762638520e-02 -1.795223736e+02 -1.795223736e+02
3582 0 +1.561606840e-02 -1.795243839e+02 -1.795243839e+02
3843 0 +1.371167196e-02 -1.795262883e+02 -1.795262883e+02
3883 0 +1.255155633e-02 -1.795274484e+02 -1.795274484e+02
3983 0 +1.116786132e-02 -1.795288321e+02 -1.795288321e+02
4159 0 +9.981076918e-03 -1.795300189e+02 -1.795300189e+02
4326 0 +8.709521222e-03 -1.795312905e+02 -1.795312905e+02
4459 0 +7.925192249e-03 -1.795320748e+02 -1.795320748e+02
4870 0 +6.970405374e-03 -1.795330296e+02 -1.795330296e+02
5035 0 +6.250165319e-03 -1.795337498e+02 -1.795337498e+02
5286 0 +5.596637466e-03 -1.795344034e+02 -1.795344034e+02
5590 0 +4.931698784e-03 -1.795350683e+02 -1.795350683e+02
6204 0 +4.464660428e-03 -1.795355353e+02 -1.795355353e+02
6723 0 +3.970046335e-03 -1.795360300e+02 -1.795360300e+02
7268 0 +3.509765272e-03 -1.795364902e+02 -1.795364902e+02
8308 0 +3.157129353e-03 -1.795368429e+02 -1.795368429e+02
9571 0 +2.816637631e-03 -1.795371834e+02 -1.795371834e+02
10622 0 +2.510556992e-03 -1.795374894e+02 -1.795374894e+02
11783 0 +2.238598257e-03 -1.795377614e+02 -1.795377614e+02
13188 0 +1.993704354e-03 -1.795380063e+02 -1.795380063e+02
15227 0 +1.776977034e-03 -1.795382230e+02 -1.795382230e+02
17030 0 +1.583701945e-03 -1.795384163e+02 -1.795384163e+02
19508 0 +1.410934186e-03 -1.795385891e+02 -1.795385891e+02
22868 0 +1.257453553e-03 -1.795387425e+02 -1.795387425e+02
26070 0 +1.121789413e-03 -1.795388782e+02 -1.795388782e+02
29380 0 +9.997571888e-04 -1.795390002e+02 -1.795390002e+02
32550 0 +8.911493666e-04 -1.795391089e+02 -1.795391089e+02
36380 0 +7.942207305e-04 -1.795392058e+02 -1.795392058e+02
40288 0 +7.078504104e-04 -1.795392921e+02 -1.795392921e+02
44980 0 +6.308771140e-04 -1.795393691e+02 -1.795393691e+02
49319 0 +5.620495597e-04 -1.795394380e+02 -1.795394380e+02
54741 0 +5.007851633e-04 -1.795394992e+02 -1.795394992e+02
60710 0 +4.466565995e-04 -1.795395533e+02 -1.795395533e+02
69308 0 +3.979996306e-04 -1.795396020e+02 -1.795396020e+02
77673 0 +3.547922824e-04 -1.795396452e+02 -1.795396452e+02
87264 0 +3.162100660e-04 -1.795396838e+02 -1.795396838e+02
98323 0 +2.818337897e-04 -1.795397182e+02 -1.795397182e+02
111758 0 +2.511872942e-04 -1.795397488e+02 -1.795397488e+02
125177 0 +2.238201864e-04 -1.795397762e+02 -1.795397762e+02
138771 0 +1.995252733e-04 -1.795398005e+02 -1.795398005e+02
152651 0 +1.777984733e-04 -1.795398222e+02 -1.795398222e+02
167022 0 +1.584633339e-04 -1.795398415e+02 -1.795398415e+02
187500 0 +1.412439339e-04 -1.795398588e+02 -1.795398588e+02
211472 0 +1.258856909e-04 -1.795398741e+02 -1.795398741e+02
236222 0 +1.121995386e-04 -1.795398878e+02 -1.795398878e+02
264617 0 +9.999556272e-05 -1.795399000e+02 -1.795399000e+02
305820 0 +8.912463807e-05 -1.795399109e+02 -1.795399109e+02
348883 0 +7.942811374e-05 -1.795399206e+02 -1.795399206e+02
389817 0 +7.079387294e-05 -1.795399292e+02 -1.795399292e+02
400000 0 +6.899267126e-05 -1.795399310e+02 -1.795399310e+02
% f evaluations | g evaluations | best noise-free fitness - Fopt (7.731000000000e+01) + sum g_i+ | measured fitness | best measured fitness or single-digit g-values | x1 | x2...
1 0 +7.372719359e+01 +1.510371936e+02 +1.510371936e+02
2 0 +6.202728070e+01 +1.393372807e+02 +1.393372807e+02
33 0 +5.601074592e+01 +1.333207459e+02 +1.333207459e+02
188 0 +4.889119306e+01 +1.262011931e+02 +1.262011931e+02
1222 0 +4.147778473e+01 +1.187877847e+02 +1.187877847e+02
1229 0 +3.872865337e+01 +1.160386534e+02 +1.160386534e+02
1238 0 +3.495288076e+01 +1.122628808e+02 +1.122628808e+02
1255 0 +3.157992775e+01 +1.088899277e+02 +1.088899277e+02
1265 0 +2.689169507e+01 +1.042016951e+02 +1.042016951e+02
1271 0 +2.481262975e+01 +1.021226298e+02 +1.021226298e+02
1281 0 +2.148224834e+01 +9.879224834e+01 +9.879224834e+01
1289 0 +1.985575192e+01 +9.716575192e+01 +9.716575192e+01
1314 0 +1.688038760e+01 +9.419038760e+01 +9.419038760e+01
1326 0 +1.550136129e+01 +9.281136129e+01 +9.281136129e+01
1339 0 +1.405554887e+01 +9.136554887e+01 +9.136554887e+01
1345 0 +1.166312868e+01 +8.897312868e+01 +8.897312868e+01
1349 0 +1.101919894e+01 +8.832919894e+01 +8.832919894e+01
1358 0 +9.880387955e+00 +8.719038795e+01 +8.719038795e+01
1364 0 +8.911180944e+00 +8.622118094e+01 +8.622118094e+01
1382 0 +7.942858091e+00 +8.525285809e+01 +8.525285809e+01
1400 0 +6.771669408e+00 +8.408166941e+01 +8.408166941e+01
1406 0 +5.983779889e+00 +8.329377989e+01 +8.329377989e+01
1415 0 +5.549526148e+00 +8.285952615e+01 +8.285952615e+01
1422 0 +4.896839836e+00 +8.220683984e+01 +8.220683984e+01
1425 0 +4.255250897e+00 +8.156525090e+01 +8.156525090e+01
1434 0 +3.928590787e+00 +8.123859079e+01 +8.123859079e+01
1441 0 +3.532066641e+00 +8.084206664e+01 +8.084206664e+01
1464 0 +2.968564991e+00 +8.027856499e+01 +8.027856499e+01
1474 0 +2.722247447e+00 +8.003224745e+01 +8.003224745e+01
1482 0 +2.378268143e+00 +7.968826814e+01 +7.968826814e+01
1486 0 +1.978733849e+00 +7.928873385e+01 +7.928873385e+01
1491 0 +1.673388349e+00 +7.898338835e+01 +7.898338835e+01
1493 0 +1.318117286e+00 +7.862811729e+01 +7.862811729e+01
1613 0 +1.247909340e+00 +7.855790934e+01 +7.855790934e+01
1630 0 +1.075936772e+00 +7.838593677e+01 +7.838593677e+01
1646 0 +9.241734665e-01 +7.823417347e+01 +7.823417347e+01
1655 0 +7.462018743e-01 +7.805620187e+01 +7.805620187e+01
1657 0 +5.763850735e-01 +7.788638507e+01 +7.788638507e+01
1673 0 +5.485080736e-01 +7.785850807e+01 +7.785850807e+01
1676 0 +4.836844757e-01 +7.779368448e+01 +7.779368448e+01
1681 0 +4.439010645e-01 +7.775390106e+01 +7.775390106e+01
1737 0 +3.947020563e-01 +7.770470206e+01 +7.770470206e+01
1745 0 +3.502257953e-01 +7.766022580e+01 +7.766022580e+01
1862 0 +2.975284575e-01 +7.760752846e+01 +7.760752846e+01
2006 0 +2.545441311e-01 +7.756454413e+01 +7.756454413e+01
2024 0 +2.504247423e-01 +7.756042474e+01 +7.756042474e+01
2059 0 +2.142356047e-01 +7.752423560e+01 +7.752423560e+01
2071 0 +1.954522678e-01 +7.750545227e+01 +7.750545227e+01
2106 0 +1.746397554e-01 +7.748463976e+01 +7.748463976e+01
2247 0 +1.574445787e-01 +7.746744458e+01 +7.746744458e+01
2265 0 +1.328349541e-01 +7.744283495e+01 +7.744283495e+01
2271 0 +1.254588501e-01 +7.743545885e+01 +7.743545885e+01
2276 0 +1.103106862e-01 +7.742031069e+01 +7.742031069e+01
2304 0 +9.860568122e-02 +7.740860568e+01 +7.740860568e+01
2319 0 +8.910520815e-02 +7.739910521e+01 +7.739910521e+01
2336 0 +7.704567085e-02 +7.738704567e+01 +7.738704567e+01
2389 0 +6.837164819e-02 +7.737837165e+01 +7.737837165e+01
2507 0 +5.638611750e-02 +7.736638612e+01 +7.736638612e+01
2509 0 +5.615261320e-02 +7.736615261e+01 +7.736615261e+01
2552 0 +5.003829423e-02 +7.736003829e+01 +7.736003829e+01
2587 0 +4.410404657e-02 +7.735410405e+01 +7.735410405e+01
2641 0 +3.970083055e-02 +7.734970083e+01 +7.734970083e+01
2727 0 +3.483515257e-02 +7.734483515e+01 +7.734483515e+01
2906 0 +3.122172916e-02 +7.734122173e+01 +7.734122173e+01
3053 0 +2.760095775e-02 +7.733760096e+01 +7.733760096e+01
3118 0 +2.501845188e-02 +7.733501845e+01 +7.733501845e+01
3310 0 +2.188394152e-02 +7.733188394e+01 +7.733188394e+01
3346 0 +1.949562766e-02 +7.732949563e+01 +7.732949563e+01
3363 0 +1.754608594e-02 +7.732754609e+01 +7.732754609e+01
3506 0 +1.509374722e-02 +7.732509375e+01 +7.732509375e+01
3638 0 +1.401639901e-02 +7.732401640e+01 +7.732401640e+01
3830 0 +1.250542225e-02 +7.732250542e+01 +7.732250542e+01
4062 0 +1.106896879e-02 +7.732106897e+01 +7.732106897e+01
4233 0 +9.974713450e-03 +7.731997471e+01 +7.731997471e+01
4630 0 +8.873112640e-03 +7.731887311e+01 +7.731887311e+01
4870 0 +7.941743686e-03 +7.731794174e+01 +7.731794174e+01
5201 0 +7.075025554e-03 +7.731707503e+01 +7.731707503e+01
5724 0 +6.298641828e-03 +7.731629864e+01 +7.731629864e+01
6486 0 +5.610932267e-03 +7.731561093e+01 +7.731561093e+01
6857 0 +5.011754261e-03 +7.731501175e+01 +7.731501175e+01
7381 0 +4.464586862e-03 +7.731446459e+01 +7.731446459e+01
7924 0 +3.972908907e-03 +7.731397291e+01 +7.731397291e+01
8777 0 +3.545330783e-03 +7.731354533e+01 +7.731354533e+01
9534 0 +3.162159794e-03 +7.731316216e+01 +7.731316216e+01
10282 0 +2.817354714e-03 +7.731281735e+01 +7.731281735e+01
11452 0 +2.511184366e-03 +7.731251118e+01 +7.731251118e+01
12941 0 +2.237315488e-03 +7.731223732e+01 +7.731223732e+01
14799 0 +1.994193492e-03 +7.731199419e+01 +7.731199419e+01
16617 0 +1.775999148e-03 +7.731177600e+01 +7.731177600e+01
18976 0 +1.584222665e-03 +7.731158422e+01 +7.731158422e+01
22031 0 +1.412433320e-03 +7.731141243e+01 +7.731141243e+01
25006 0 +1.258233387e-03 +7.731125823e+01 +7.731125823e+01
28605 0 +1.121701096e-03 +7.731112170e+01 +7.731112170e+01
32849 0 +9.998789513e-04 +7.731099988e+01 +7.731099988e+01
37642 0 +8.903107822e-04 +7.731089031e+01 +7.731089031e+01
42044 0 +7.939503691e-04 +7.731079395e+01 +7.731079395e+01
46956 0 +7.079421928e-04 +7.731070794e+01 +7.731070794e+01
52780 0 +6.308219128e-04 +7.731063082e+01 +7.731063082e+01
59722 0 +5.620344930e-04 +7.731056203e+01 +7.731056203e+01
67370 0 +5.011538082e-04 +7.731050115e+01 +7.731050115e+01
74861 0 +4.466554417e-04 +7.731044666e+01 +7.731044666e+01
84366 0 +3.979031813e-04 +7.731039790e+01 +7.731039790e+01
95681 0 +3.547728933e-04 +7.731035477e+01 +7.731035477e+01
108062 0 +3.162269176e-04 +7.731031623e+01 +7.731031623e+01
121176 0 +2.818340370e-04 +7.731028183e+01 +7.731028183e+01
137933 0 +2.511718032e-04 +7.731025117e+01 +7.731025117e+01
159882 0 +2.238579783e-04 +7.731022386e+01 +7.731022386e+01
178003 0 +1.995231832e-04 +7.731019952e+01 +7.731019952e+01
203552 0 +1.778272611e-04 +7.731017783e+01 +7.731017783e+01
232836 0 +1.584856391e-04 +7.731015849e+01 +7.731015849e+01
271201 0 +1.412498392e-04 +7.731014125e+01 +7.731014125e+01
301804 0 +1.258918656e-04 +7.731012589e+01 +7.731012589e+01
346174 0 +1.122009763e-04 +7.731011220e+01 +7.731011220e+01
400000 0 +1.012692564e-04 +7.731010127e+01 +7.731010127e+01
% f evaluations | g evaluations | best noise-free fitness - Fopt (3.992000000000e+01) + sum g_i+ | measured fitness | best measured fitness or single-digit g-values | x1 | x2...
1 0 +7.675091558e+01 +1.166709156e+02 +1.166709156e+02
2 0 +6.900994289e+01 +1.089299429e+02 +1.089299429e+02
17 0 +5.537081823e+01 +9.529081823e+01 +9.529081823e+01
54 0 +4.979429013e+01 +8.971429013e+01 +8.971429013e+01
1220 0 +4.131510850e+01 +8.123510850e+01 +8.123510850e+01
1222 0 +3.948341538e+01 +7.940341538e+01 +7.940341538e+01
1230 0 +3.411304137e+01 +7.403304137e+01 +7.403304137e+01
1246 0 +3.141619568e+01 +7.133619568e+01 +7.133619568e+01
1260 0 +2.613370851e+01 +6.605370851e+01 +6.605370851e+01
1266 0 +2.476040810e+01 +6.468040810e+01 +6.468040810e+01
1272 0 +2.167063346e+01 +6.159063346e+01 +6.159063346e+01
1278 0 +1.941795388e+01 +5.933795388e+01 +5.933795388e+01
1284 0 +1.694593181e+01 +5.686593181e+01 +5.686593181e+01
1291 0 +1.547033180e+01 +5.539033180e+01 +5.539033180e+01
1300 0 +1.403152959e+01 +5.395152959e+01 +5.395152959e+01
1319 0 +1.247851959e+01 +5.239851959e+01 +5.239851959e+01
1331 0 +1.099992233e+01 +5.091992233e+01 +5.091992233e+01
1346 0 +9.523888493e+00 +4.944388849e+01 +4.944388849e+01
1355 0 +8.356327502e+00 +4.827632750e+01 +4.827632750e+01
1364 0 +7.507140378e+00 +4.742714038e+01 +4.742714038e+01
1400 0 +7.015535949e+00 +4.693553595e+01 +4.693553595e+01
1411 0 +6.276467898e+00 +4.619646790e+01 +4.619646790e+01
1422 0 +5.376052565e+00 +4.529605257e+01 +4.529605257e+01
1430 0 +4.882870682e+00 +4.480287068e+01 +4.480287068e+01
1435 0 +4.325669879e+00 +4.424566988e+01 +4.424566988e+01
1444 0 +3.638314349e+00 +4.355831435e+01 +4.355831435e+01
1462 0 +3.422329668e+00 +4.334232967e+01 +4.334232967e+01
1481 0 +2.859370209e+00 +4.277937021e+01 +4.277937021e+01
1485 0 +2.739285317e+00 +4.265928532e+01 +4.265928532e+01
1502 0 +2.506174295e+00 +4.242617430e+01 +4.242617430e+01
1510 0 +2.176072653e+00 +4.209607265e+01 +4.209607265e+01
1524 0 +1.595206194e+00 +4.151520619e+01 +4.151520619e+01
1527 0 +1.524763455e+00 +4.144476345e+01 +4.144476345e+01
1545 0 +1.290926016e+00 +4.121092602e+01 +4.121092602e+01
1561 0 +1.185646707e+00 +4.110564671e+01 +4.110564671e+01
1594 0 +1.005534136e+00 +4.092553414e+01 +4.092553414e+01
1604 0 +8.917142875e-01 +4.081171429e+01 +4.081171429e+01
1763 0 +8.534553869e-01 +4.077345539e+01 +4.077345539e+01
1792 0 +7.080645693e-01 +4.062806457e+01 +4.062806457e+01
1793 0 +7.052419301e-01 +4.062524193e+01 +4.062524193e+01
1826 0 +6.081771226e-01 +4.052817712e+01 +4.052817712e+01
1833 0 +4.819617126e-01 +4.040196171e+01 +4.040196171e+01
1888 0 +4.264633315e-01 +4.034646333e+01 +4.034646333e+01
1898 0 +3.689575403e-01 +4.028895754e+01 +4.028895754e+01
1902 0 +3.490782621e-01 +4.026907826e+01 +4.026907826e+01
1918 0 +2.918653609e-01 +4.021186536e+01 +4.021186536e+01
1936 0 +2.786715908e-01 +4.019867159e+01 +4.019867159e+01
2090 0 +2.491603246e-01 +4.016916032e+01 +4.016916032e+01
2116 0 +2.197176429e-01 +4.013971764e+01 +4.013971764e+01
2131 0 +1.938797431e-01 +4.011387974e+01 +4.011387974e+01
2140 0 +1.687944830e-01 +4.008879448e+01 +4.008879448e+01
2167 0 +1.311446333e-01 +4.005114463e+01 +4.005114463e+01
2175 0 +1.236020791e-01 +4.004360208e+01 +4.004360208e+01
2230 0 +9.142235544e-02 +4.001142236e+01 +4.001142236e+01
2237 0 +8.700644106e-02 +4.000700644e+01 +4.000700644e+01
2413 0 +7.878101747e-02 +3.999878102e+01 +3.999878102e+01
2448 0 +6.946977901e-02 +3.998946978e+01 +3.998946978e+01
2467 0 +5.497108190e-02 +3.997497108e+01 +3.997497108e+01
2505 0 +4.911921758e-02 +3.996911922e+01 +3.996911922e+01
2570 0 +4.403038142e-02 +3.996403038e+01 +3.996403038e+01
2734 0 +3.966590655e-02 +3.995966591e+01 +3.995966591e+01
2775 0 +3.365707608e-02 +3.995365708e+01 +3.995365708e+01
2808 0 +3.048015099e-02 +3.995048015e+01 +3.995048015e+01
2870 0 +2.805745166e-02 +3.994805745e+01 +3.994805745e+01
3022 0 +2.472604810e-02 +3.994472605e+01 +3.994472605e+01
3036 0 +2.236223239e-02 +3.994236223e+01 +3.994236223e+01
3254 0 +1.960062556e-02 +3.993960063e+01 +3.993960063e+01
3327 0 +1.724109216e-02 +3.993724109e+01 +3.993724109e+01
3575 0 +1.556496792e-02 +3.993556497e+01 +3.993556497e+01
3638 0 +1.410694541e-02 +3.993410695e+01 +3.993410695e+01
3768 0 +1.255678394e-02 +3.993255678e+01 +3.993255678e+01
3870 0 +1.117294246e-02 +3.993117294e+01 +3.993117294e+01
4030 0 +9.957080121e-03 +3.992995708e+01 +3.992995708e+01
4156 0 +8.908796806e-03 +3.992890880e+01 +3.992890880e+01
4405 0 +7.942595236e-03 +3.992794260e+01 +3.992794260e+01
4596 0 +7.053104852e-03 +3.992705310e+01 +3.992705310e+01
4953 0 +6.297125260e-03 +3.992629713e+01 +3.992629713e+01
5102 0 +5.619176688e-03 +3.992561918e+01 +3.992561918e+01
5307 0 +5.006782972e-03 +3.992500678e+01 +3.992500678e+01
5627 0 +4.443506231e-03 +3.992444351e+01 +3.992444351e+01
6089 0 +3.980676338e-03 +3.992398068e+01 +3.992398068e+01
6413 0 +3.544481822e-03 +3.992354448e+01 +3.992354448e+01
6816 0 +3.155070049e-03 +3.992315507e+01 +3.992315507e+01
7530 0 +2.815193941e-03 +3.992281519e+01 +3.992281519e+01
8359 0 +2.511467472e-03 +3.992251147e+01 +3.992251147e+01
9000 0 +2.234931617e-03 +3.992223493e+01 +3.992223493e+01
9832 0 +1.992247046e-03 +3.992199225e+01 +3.992199225e+01
10893 0 +1.777995648e-03 +3.992177800e+01 +3.992177800e+01
12319 0 +1.582898405e-03 +3.992158290e+01 +3.992158290e+01
13357 0 +1.412159572e-03 +3.992141216e+01 +3.992141216e+01
14466 0 +1.258765943e-03 +3.992125877e+01 +3.992125877e+01
16497 0 +1.121718357e-03 +3.992112172e+01 +3.992112172e+01
18229 0 +9.995638771e-04 +3.992099956e+01 +3.992099956e+01
20189 0 +8.905256119e-04 +3.992089053e+01 +3.992089053e+01
23329 0 +7.942158699e-04 +3.992079422e+01 +3.992079422e+01
27806 0 +7.079115611e-04 +3.992070791e+01 +3.992070791e+01
31003 0 +6.308791645e-04 +3.992063088e+01 +3.992063088e+01
35327 0 +5.622916895e-04 +3.992056229e+01 +3.992056229e+01
41934 0 +5.011149277e-04 +3.992050111e+01 +3.992050111e+01
50657 0 +4.466106169e-04 +3.992044661e+01 +3.992044661e+01
58685 0 +3.980794108e-04 +3.992039808e+01 +3.992039808e+01
72336 0 +3.548063056e-04 +3.992035481e+01 +3.992035481e+01
85216 0 +3.162236709e-04 +3.992031622e+01 +3.992031622e+01
96563 0 +2.817911020e-04 +3.992028179e+01 +3.992028179e+01
115726 0 +2.511865951e-04 +3.992025119e+01 +3.992025119e+01
142470 0 +2.238620337e-04 +3.992022386e+01 +3.992022386e+01
159855 0 +1.995246944e-04 +3.992019952e+01 +3.992019952e+01
183151 0 +1.778238215e-04 +3.992017782e+01 +3.992017782e+01
219711 0 +1.584835080e-04 +3.992015848e+01 +3.992015848e+01
262114 0 +1.412498656e-04 +3.992014125e+01 +3.992014125e+01
299950 0 +1.258901814e-04 +3.992012589e+01 +3.992012589e+01
354955 0 +1.122016548e-04 +3.992011220e+01 +3.992011220e+01
400000 0 +1.030892381e-04 +3.992010309e+01 +3.992010309e+01
% f evaluations | g evaluations | best noise-free fitness - Fopt (-5.661000000000e+01) + sum g_i+ | measured fitness | best measured fitness or single-digit g-values | x1 | x2...
1 0 +9.288842014e+01 +3.627842014e+01 +3.627842014e+01
5 0 +8.591585411e+01 +2.930585411e+01 +2.930585411e+01
20 0 +7.839480168e+01 +2.178480168e+01 +2.178480168e+01
128 0 +6.391590650e+01 +7.305906495e+00 +7.305906495e+00
1233 0 +6.161038397e+01 +5.000383967e+00 +5.000383967e+00
1245 0 +4.965645663e+01 -6.953543374e+00 -6.953543374e+00
1257 0 +4.459368351e+01 -1.201631649e+01 -1.201631649e+01
1271 0 +3.964288895e+01 -1.696711105e+01 -1.696711105e+01
1276 0 +3.502542275e+01 -2.158457725e+01 -2.158457725e+01
1281 0 +3.107485707e+01 -2.553514293e+01 -2.553514293e+01
1294 0 +2.718133092e+01 -2.942866908e+01 -2.942866908e+01
1303 0 +2.481770690e+01 -3.179229310e+01 -3.179229310e+01
1321 0 +2.123312818e+01 -3.537687182e+01 -3.537687182e+01
1325 0 +1.904169315e+01 -3.756830685e+01 -3.756830685e+01
1329 0 +1.766242292e+01 -3.894757708e+01 -3.894757708e+01
1340 0 +1.562091527e+01 -4.098908473e+01 -4.098908473e+01
1358 0 +1.358988040e+01 -4.302011960e+01 -4.302011960e+01
1371 0 +1.236062047e+01 -4.424937953e+01 -4.424937953e+01
1383 0 +1.037423352e+01 -4.623576648e+01 -4.623576648e+01
1385 0 +9.945029706e+00 -4.666497029e+01 -4.666497029e+01
1399 0 +8.448499927e+00 -4.816150007e+01 -4.816150007e+01
1409 0 +7.901766287e+00 -4.870823371e+01 -4.870823371e+01
1431 0 +6.953596229e+00 -4.965640377e+01 -4.965640377e+01
1451 0 +5.936718775e+00 -5.067328122e+01 -5.067328122e+01
1457 0 +5.535030213e+00 -5.107496979e+01 -5.107496979e+01
1463 0 +4.785388296e+00 -5.182461170e+01 -5.182461170e+01
1479 0 +4.032212483e+00 -5.257778752e+01 -5.257778752e+01
1489 0 +3.768621635e+00 -5.284137836e+01 -5.284137836e+01
1497 0 +3.488937803e+00 -5.312106220e+01 -5.312106220e+01
1531 0 +2.976319610e+00 -5.363368039e+01 -5.363368039e+01
1533 0 +2.759147051e+00 -5.385085295e+01 -5.385085295e+01
1543 0 +2.313197830e+00 -5.429680217e+01 -5.429680217e+01
1559 0 +1.613698562e+00 -5.499630144e+01 -5.499630144e+01
1567 0 +1.437058580e+00 -5.517294142e+01 -5.517294142e+01
1601 0 +1.403807358e+00 -5.520619264e+01 -5.520619264e+01
1639 0 +1.208811334e+00 -5.540118867e+01 -5.540118867e+01
1708 0 +1.102966576e+00 -5.550703342e+01 -5.550703342e+01
1857 0 +9.673715697e-01 -5.564262843e+01 -5.564262843e+01
1867 0 +8.598652279e-01 -5.575013477e+01 -5.575013477e+01
1874 0 +7.609061900e-01 -5.584909381e+01 -5.584909381e+01
1882 0 +6.394282045e-01 -5.597057180e+01 -5.597057180e+01
1884 0 +5.810207806e-01 -5.602897922e+01 -5.602897922e+01
1891 0 +5.062945214e-01 -5.610370548e+01 -5.610370548e+01
1896 0 +4.067580890e-01 -5.620324191e+01 -5.620324191e+01
1912 0 +3.578102691e-01 -5.625218973e+01 -5.625218973e+01
1935 0 +3.488633122e-01 -5.626113669e+01 -5.626113669e+01
2061 0 +2.966250429e-01 -5.631337496e+01 -5.631337496e+01
2170 0 +2.598223006e-01 -5.635017770e+01 -5.635017770e+01
2181 0 +2.504947072e-01 -5.635950529e+01 -5.635950529e+01
2226 0 +2.237925217e-01 -5.638620748e+01 -5.638620748e+01
2239 0 +1.730512422e-01 -5.643694876e+01 -5.643694876e+01
2251 0 +1.554656212e-01 -5.645453438e+01 -5.645453438e+01
2267 0 +1.304903639e-01 -5.647950964e+01 -5.647950964e+01
2318 0 +1.015986325e-01 -5.650840137e+01 -5.650840137e+01
2405 0 +9.575988904e-02 -5.651424011e+01 -5.651424011e+01
2413 0 +8.164069487e-02 -5.652835931e+01 -5.652835931e+01
2417 0 +7.309424593e-02 -5.653690575e+01 -5.653690575e+01
2448 0 +6.139809929e-02 -5.654860190e+01 -5.654860190e+01
2449 0 +5.600741698e-02 -5.655399258e+01 -5.655399258e+01
2528 0 +4.938069519e-02 -5.656061930e+01 -5.656061930e+01
2676 0 +4.368243837e-02 -5.656631756e+01 -5.656631756e+01
2695 0 +3.788247956e-02 -5.657211752e+01 -5.657211752e+01
2735 0 +3.404897482e-02 -5.657595103e+01 -5.657595103e+01
2749 0 +3.146069353e-02 -5.657853931e+01 -5.657853931e+01
2773 0 +2.748177234e-02 -5.658251823e+01 -5.658251823e+01
2790 0 +2.364999661e-02 -5.658635000e+01 -5.658635000e+01
2889 0 +2.180165249e-02 -5.658819835e+01 -5.658819835e+01
2916 0 +1.978814439e-02 -5.659021186e+01 -5.659021186e+01
3005 0 +1.755685571e-02 -5.659244314e+01 -5.659244314e+01
3219 0 +1.579890985e-02 -5.659420109e+01 -5.659420109e+01
3333 0 +1.381973465e-02 -5.659618027e+01 -5.659618027e+01
3605 0 +1.249757077e-02 -5.659750243e+01 -5.659750243e+01
3752 0 +1.121890038e-02 -5.659878110e+01 -5.659878110e+01
3947 0 +9.996318350e-03 -5.660000368e+01 -5.660000368e+01
4041 0 +8.816037863e-03 -5.660118396e+01 -5.660118396e+01
4145 0 +7.934677151e-03 -5.660206532e+01 -5.660206532e+01
4293 0 +7.048429911e-03 -5.660295157e+01 -5.660295157e+01
4505 0 +6.248825458e-03 -5.660375117e+01 -5.660375117e+01
4684 0 +5.603800924e-03 -5.660439620e+01 -5.660439620e+01
4843 0 +5.007411695e-03 -5.660499259e+01 -5.660499259e+01
5398 0 +4.459951365e-03 -5.660554005e+01 -5.660554005e+01
5762 0 +3.978813817e-03 -5.660602119e+01 -5.660602119e+01
6232 0 +3.548112616e-03 -5.660645189e+01 -5.660645189e+01
7142 0 +3.160397887e-03 -5.660683960e+01 -5.660683960e+01
7619 0 +2.817295557e-03 -5.660718270e+01 -5.660718270e+01
8439 0 +2.509926174e-03 -5.660749007e+01 -5.660749007e+01
9869 0 +2.238341985e-03 -5.660776166e+01 -5.660776166e+01
11287 0 +1.995154307e-03 -5.660800485e+01 -5.660800485e+01
12899 0 +1.778186299e-03 -5.660822181e+01 -5.660822181e+01
14358 0 +1.584560896e-03 -5.660841544e+01 -5.660841544e+01
15927 0 +1.412420499e-03 -5.660858758e+01 -5.660858758e+01
17967 0 +1.257860783e-03 -5.660874214e+01 -5.660874214e+01
20853 0 +1.121904383e-03 -5.660887810e+01 -5.660887810e+01
22888 0 +9.998468458e-04 -5.660900015e+01 -5.660900015e+01
26332 0 +8.911251240e-04 -5.660910887e+01 -5.660910887e+01
29713 0 +7.943051091e-04 -5.660920569e+01 -5.660920569e+01
33829 0 +7.078796712e-04 -5.660929212e+01 -5.660929212e+01
37532 0 +6.309333418e-04 -5.660936907e+01 -5.660936907e+01
42380 0 +5.620929121e-04 -5.660943791e+01 -5.660943791e+01
48426 0 +5.011042957e-04 -5.660949890e+01 -5.660949890e+01
55735 0 +4.466081028e-04 -5.660955339e+01 -5.660955339e+01
62169 0 +3.980835123e-04 -5.660960192e+01 -5.660960192e+01
71411 0 +3.547914839e-04 -5.660964521e+01 -5.660964521e+01
84026 0 +3.162007691e-04 -5.660968380e+01 -5.660968380e+01
94841 0 +2.818305959e-04 -5.660971817e+01 -5.660971817e+01
108480 0 +2.511881462e-04 -5.660974881e+01 -5.660974881e+01
123781 0 +2.238636058e-04 -5.660977614e+01 -5.660977614e+01
139434 0 +1.995187536e-04 -5.660980048e+01 -5.660980048e+01
155476 0 +1.778262696e-04 -5.660982217e+01 -5.660982217e+01
175611 0 +1.584891082e-04 -5.660984151e+01 -5.660984151e+01
199714 0 +1.412531962e-04 -5.660985875e+01 -5.660985875e+01
230587 0 +1.258916982e-04 -5.660987411e+01 -5.660987411e+01
259914 0 +1.122017111e-04 -5.660988780e+01 -5.660988780e+01
300453 0 +9.999563682e-05 -5.660990000e+01 -5.660990000e+01
351449 0 +8.912497534e-05 -5.660991088e+01 -5.660991088e+01
400000 0 +8.069280830e-05 -5.660991931e+01 -5.660991931e+01
% f evaluations | g evaluations | best noise-free fitness - Fopt (-8.901000000000e+01) + sum g_i+ | measured fitness | best measured fitness or single-digit g-values | x1 | x2...
1 0 +1.046115589e+02 +1.560155895e+01 +1.560155895e+01
2 0 +1.009743260e+02 +1.196432602e+01 +1.196432602e+01
3 0 +8.855052508e+01 -4.594749221e-01 -4.594749221e-01
68 0 +7.730729428e+01 -1.170270572e+01 -1.170270572e+01
1225 0 +6.545710962e+01 -2.355289038e+01 -2.355289038e+01
1230 0 +6.167156937e+01 -2.733843063e+01 -2.733843063e+01
1235 0 +5.621667028e+01 -3.279332972e+01 -3.279332972e+01
1243 0 +4.959023443e+01 -3.941976557e+01 -3.941976557e+01
1249 0 +4.388261855e+01 -4.512738145e+01 -4.512738145e+01
1257 0 +3.909531170e+01 -4.991468830e+01 -4.991468830e+01
1267 0 +3.468966189e+01 -5.432033811e+01 -5.432033811e+01
1269 0 +3.093446857e+01 -5.807553143e+01 -5.807553143e+01
1280 0 +2.727309507e+01 -6.173690493e+01 -6.173690493e+01
1283 0 +2.431717969e+01 -6.469282031e+01 -6.469282031e+01
1296 0 +2.218306958e+01 -6.682693042e+01 -6.682693042e+01
1305 0 +1.966184940e+01 -6.934815060e+01 -6.934815060e+01
1315 0 +1.773877819e+01 -7.127122181e+01 -7.127122181e+01
1320 0 +1.563802579e+01 -7.337197421e+01 -7.337197421e+01
1330 0 +1.392765083e+01 -7.508234917e+01 -7.508234917e+01
1346 0 +1.257378636e+01 -7.643621364e+01 -7.643621364e+01
1362 0 +1.100509379e+01 -7.800490621e+01 -7.800490621e+01
1373 0 +9.661698519e+00 -7.934830148e+01 -7.934830148e+01
1382 0 +8.583750048e+00 -8.042624995e+01 -8.042624995e+01
1388 0 +7.185021751e+00 -8.182497825e+01 -8.182497825e+01
1398 0 +6.732843665e+00 -8.227715634e+01 -8.227715634e+01
1410 0 +5.641033602e+00 -8.336896640e+01 -8.336896640e+01
1411 0 +5.592669149e+00 -8.341733085e+01 -8.341733085e+01
1439 0 +4.937385072e+00 -8.407261493e+01 -8.407261493e+01
1460 0 +4.442471265e+00 -8.456752873e+01 -8.456752873e+01
1478 0 +3.581210684e+00 -8.542878932e+01 -8.542878932e+01
1490 0 +2.958265077e+00 -8.605173492e+01 -8.605173492e+01
1517 0 +2.770386944e+00 -8.623961306e+01 -8.623961306e+01
1529 0 +2.385885582e+00 -8.662411442e+01 -8.662411442e+01
1542 0 +2.138218764e+00 -8.687178124e+01 -8.687178124e+01
1555 0 +1.868580354e+00 -8.714141965e+01 -8.714141965e+01
1570 0 +1.527699325e+00 -8.748230068e+01 -8.748230068e+01
1595 0 +1.409291049e+00 -8.760070895e+01 -8.760070895e+01
1632 0 +1.185510207e+00 -8.782448979e+01 -8.782448979e+01
1728 0 +1.120896159e+00 -8.788910384e+01 -8.788910384e+01
1871 0 +9.583405785e-01 -8.805165942e+01 -8.805165942e+01
1887 0 +8.241477719e-01 -8.818585223e+01 -8.818585223e+01
1907 0 +7.036526133e-01 -8.830634739e+01 -8.830634739e+01
1920 0 +6.212753794e-01 -8.838872462e+01 -8.838872462e+01
1977 0 +5.320814583e-01 -8.847791854e+01 -8.847791854e+01
2047 0 +4.914636043e-01 -8.851853640e+01 -8.851853640e+01
2054 0 +4.195831876e-01 -8.859041681e+01 -8.859041681e+01
2070 0 +3.975266014e-01 -8.861247340e+01 -8.861247340e+01
2091 0 +3.372709192e-01 -8.867272908e+01 -8.867272908e+01
2246 0 +3.062619242e-01 -8.870373808e+01 -8.870373808e+01
2289 0 +2.814882017e-01 -8.872851180e+01 -8.872851180e+01
2315 0 +2.445694589e-01 -8.876543054e+01 -8.876543054e+01
2329 0 +2.226348911e-01 -8.878736511e+01 -8.878736511e+01
2363 0 +1.658810649e-01 -8.884411894e+01 -8.884411894e+01
2381 0 +1.465343979e-01 -8.886346560e+01 -8.886346560e+01
2395 0 +1.242751005e-01 -8.888572490e+01 -8.888572490e+01
2472 0 +1.096552560e-01 -8.890034474e+01 -8.890034474e+01
2602 0 +9.862568102e-02 -8.891137432e+01 -8.891137432e+01
2727 0 +8.750960815e-02 -8.892249039e+01 -8.892249039e+01
2738 0 +7.884210713e-02 -8.893115789e+01 -8.893115789e+01
2766 0 +7.075069489e-02 -8.893924931e+01 -8.893924931e+01
2899 0 +6.229156327e-02 -8.894770844e+01 -8.894770844e+01
2925 0 +5.611722561e-02 -8.895388277e+01 -8.895388277e+01
2962 0 +4.806382213e-02 -8.896193618e+01 -8.896193618e+01
3001 0 +4.312516021e-02 -8.896687484e+01 -8.896687484e+01
3011 0 +3.691567866e-02 -8.897308432e+01 -8.897308432e+01
3027 0 +3.519405083e-02 -8.897480595e+01 -8.897480595e+01
3068 0 +3.157672752e-02 -8.897842327e+01 -8.897842327e+01
3104 0 +2.772495963e-02 -8.898227504e+01 -8.898227504e+01
3320 0 +2.493764104e-02 -8.898506236e+01 -8.898506236e+01
3351 0 +2.219127254e-02 -8.898780873e+01 -8.898780873e+01
3425 0 +1.917940211e-02 -8.899082060e+01 -8.899082060e+01
3516 0 +1.752552076e-02 -8.899247448e+01 -8.899247448e+01
3651 0 +1.578747733e-02 -8.899421252e+01 -8.899421252e+01
3726 0 +1.396977381e-02 -8.899603023e+01 -8.899603023e+01
3801 0 +1.248185465e-02 -8.899751815e+01 -8.899751815e+01
4108 0 +1.097527416e-02 -8.899902473e+01 -8.899902473e+01
4428 0 +9.873826708e-03 -8.900012617e+01 -8.900012617e+01
4542 0 +8.876646546e-03 -8.900112335e+01 -8.900112335e+01
4887 0 +7.902837388e-03 -8.900209716e+01 -8.900209716e+01
5091 0 +7.036129493e-03 -8.900296387e+01 -8.900296387e+01
5335 0 +6.287249615e-03 -8.900371275e+01 -8.900371275e+01
5791 0 +5.605675937e-03 -8.900439432e+01 -8.900439432e+01
6135 0 +5.004292429e-03 -8.900499571e+01 -8.900499571e+01
6669 0 +4.466315185e-03 -8.900553368e+01 -8.900553368e+01
7175 0 +3.978149966e-03 -8.900602185e+01 -8.900602185e+01
7856 0 +3.545809477e-03 -8.900645419e+01 -8.900645419e+01
8451 0 +3.155850655e-03 -8.900684415e+01 -8.900684415e+01
9189 0 +2.817894895e-03 -8.900718211e+01 -8.900718211e+01
10783 0 +2.511124330e-03 -8.900748888e+01 -8.900748888e+01
12360 0 +2.237881872e-03 -8.900776212e+01 -8.900776212e+01
14453 0 +1.993655304e-03 -8.900800634e+01 -8.900800634e+01
16867 0 +1.778102822e-03 -8.900822190e+01 -8.900822190e+01
19251 0 +1.583466739e-03 -8.900841653e+01 -8.900841653e+01
22520 0 +1.412296661e-03 -8.900858770e+01 -8.900858770e+01
25515 0 +1.258837012e-03 -8.900874116e+01 -8.900874116e+01
29195 0 +1.121914642e-03 -8.900887809e+01 -8.900887809e+01
33696 0 +9.998405663e-04 -8.900900016e+01 -8.900900016e+01
38371 0 +8.910834083e-04 -8.900910892e+01 -8.900910892e+01
43709 0 +7.942678654e-04 -8.900920573e+01 -8.900920573e+01
49594 0 +7.075166095e-04 -8.900929248e+01 -8.900929248e+01
55114 0 +6.307914222e-04 -8.900936921e+01 -8.900936921e+01
60641 0 +5.622280875e-04 -8.900943777e+01 -8.900943777e+01
65789 0 +5.010512758e-04 -8.900949895e+01 -8.900949895e+01
71452 0 +4.466498547e-04 -8.900955335e+01 -8.900955335e+01
78092 0 +3.980775847e-04 -8.900960192e+01 -8.900960192e+01
87001 0 +3.548114149e-04 -8.900964519e+01 -8.900964519e+01
97115 0 +3.162159713e-04 -8.900968378e+01 -8.900968378e+01
110747 0 +2.818273505e-04 -8.900971817e+01 -8.900971817e+01
126620 0 +2.511779715e-04 -8.900974882e+01 -8.900974882e+01
147128 0 +2.238687466e-04 -8.900977613e+01 -8.900977613e+01
173014 0 +1.995141530e-04 -8.900980049e+01 -8.900980049e+01
206394 0 +1.778207139e-04 -8.900982218e+01 -8.900982218e+01
245011 0 +1.584632529e-04 -8.900984154e+01 -8.900984154e+01
282611 0 +1.412467486e-04 -8.900985875e+01 -8.900985875e+01
337731 0 +1.258850350e-04 -8.900987411e+01 -8.900987411e+01
391212 0 +1.122016105e-04 -8.900988780e+01 -8.900988780e+01
400000 0 +1.098497030e-04 -8.900989015e+01 -8.900989015e+01
% f evaluations | g evaluations | best noise-free fitness - Fopt (-3.352100000000e+02) + sum g_i+ | measured fitness | best measured fitness or single-digit g-values | x1 | x2...
1 0 +5.464718408e+01 -2.805628159e+02 -2.805628159e+02
14 0 +5.419988318e+01 -2.810101168e+02 -2.810101168e+02
29 0 +4.398819304e+01 -2.912218070e+02 -2.912218070e+02
277 0 +3.844792555e+01 -2.967620744e+02 -2.967620744e+02
1237 0 +3.415557030e+01 -3.010544297e+02 -3.010544297e+02
1247 0 +3.141003451e+01 -3.037999655e+02 -3.037999655e+02
1254 0 +2.816908837e+01 -3.070409116e+02 -3.070409116e+02
1259 0 +2.510278606e+01 -3.101072139e+02 -3.101072139e+02
1270 0 +2.185679035e+01 -3.133532097e+02 -3.133532097e+02
1275 0 +1.937914178e+01 -3.158308582e+02 -3.158308582e+02
1282 0 +1.748566314e+01 -3.177243369e+02 -3.177243369e+02
1294 0 +1.570229588e+01 -3.195077041e+02 -3.195077041e+02
1311 0 +1.349208340e+01 -3.217179166e+02 -3.217179166e+02
1324 0 +1.248475849e+01 -3.227252415e+02 -3.227252415e+02
1339 0 +1.072070207e+01 -3.244892979e+02 -3.244892979e+02
1351 0 +9.470624904e+00 -3.257393751e+02 -3.257393751e+02
1357 0 +8.816346923e+00 -3.263936531e+02 -3.263936531e+02
1372 0 +7.701499807e+00 -3.275085002e+02 -3.275085002e+02
1396 0 +6.776152364e+00 -3.284338476e+02 -3.284338476e+02
1406 0 +6.263776855e+00 -3.289462231e+02 -3.289462231e+02
1418 0 +5.548001395e+00 -3.296619986e+02 -3.296619986e+02
1421 0 +4.693745692e+00 -3.305162543e+02 -3.305162543e+02
1428 0 +4.278874171e+00 -3.309311258e+02 -3.309311258e+02
1435 0 +3.900278628e+00 -3.313097214e+02 -3.313097214e+02
1454 0 +3.490786712e+00 -3.317192133e+02 -3.317192133e+02
1460 0 +3.125502756e+00 -3.320844972e+02 -3.320844972e+02
1476 0 +2.677507753e+00 -3.325324922e+02 -3.325324922e+02
1493 0 +2.059962990e+00 -3.331500370e+02 -3.331500370e+02
1501 0 +1.873629617e+00 -3.333363704e+02 -3.333363704e+02
1511 0 +1.549713442e+00 -3.336602866e+02 -3.336602866e+02
1527 0 +1.391405514e+00 -3.338185945e+02 -3.338185945e+02
1569 0 +1.255504618e+00 -3.339544954e+02 -3.339544954e+02
1573 0 +9.391292185e-01 -3.342708708e+02 -3.342708708e+02
1608 0 +8.587643939e-01 -3.343512356e+02 -3.343512356e+02
1764 0 +7.830705108e-01 -3.344269295e+02 -3.344269295e+02
1776 0 +7.070098027e-01 -3.345029902e+02 -3.345029902e+02
1788 0 +5.975719384e-01 -3.346124281e+02 -3.346124281e+02
1811 0 +5.546114512e-01 -3.346553885e+02 -3.346553885e+02
1818 0 +4.890056895e-01 -3.347209943e+02 -3.347209943e+02
1823 0 +4.025138471e-01 -3.348074862e+02 -3.348074862e+02
1828 0 +3.782425502e-01 -3.348317574e+02 -3.348317574e+02
1837 0 +3.488082384e-01 -3.348611918e+02 -3.348611918e+02
2087 0 +2.941222381e-01 -3.349158778e+02 -3.349158778e+02
2091 0 +2.658043759e-01 -3.349441956e+02 -3.349441956e+02
2093 0 +2.455347279e-01 -3.349644653e+02 -3.349644653e+02
2113 0 +2.117538852e-01 -3.349982461e+02 -3.349982461e+02
2115 0 +1.887303593e-01 -3.350212696e+02 -3.350212696e+02
2133 0 +1.713002922e-01 -3.350386997e+02 -3.350386997e+02
2149 0 +1.529817171e-01 -3.350570183e+02 -3.350570183e+02
2220 0 +1.367629987e-01 -3.350732370e+02 -3.350732370e+02
2295 0 +1.244646067e-01 -3.350855354e+02 -3.350855354e+02
2488 0 +1.083580439e-01 -3.351016420e+02 -3.351016420e+02
2503 0 +9.235893867e-02 -3.351176411e+02 -3.351176411e+02
2518 0 +8.727550818e-02 -3.351227245e+02 -3.351227245e+02
2536 0 +7.141947265e-02 -3.351385805e+02 -3.351385805e+02
2565 0 +6.850200509e-02 -3.351414980e+02 -3.351414980e+02
2744 0 +6.290447541e-02 -3.351470955e+02 -3.351470955e+02
2796 0 +5.469227786e-02 -3.351553077e+02 -3.351553077e+02
2841 0 +4.864521337e-02 -3.351613548e+02 -3.351613548e+02
2850 0 +4.335498624e-02 -3.351666450e+02 -3.351666450e+02
2940 0 +3.927190654e-02 -3.351707281e+02 -3.351707281e+02
3044 0 +3.345640408e-02 -3.351765436e+02 -3.351765436e+02
3232 0 +3.150769038e-02 -3.351784923e+02 -3.351784923e+02
3347 0 +2.756361770e-02 -3.351824364e+02 -3.351824364e+02
3486 0 +2.487820918e-02 -3.351851218e+02 -3.351851218e+02
3694 0 +2.233960086e-02 -3.351876604e+02 -3.351876604e+02
3762 0 +1.976082587e-02 -3.351902392e+02 -3.351902392e+02
3878 0 +1.760803117e-02 -3.351923920e+02 -3.351923920e+02
3914 0 +1.581765159e-02 -3.351941823e+02 -3.351941823e+02
4126 0 +1.407381648e-02 -3.351959262e+02 -3.351959262e+02
4410 0 +1.257642040e-02 -3.351974236e+02 -3.351974236e+02
4464 0 +1.117045987e-02 -3.351988295e+02 -3.351988295e+02
4804 0 +9.987526915e-03 -3.352000125e+02 -3.352000125e+02
4986 0 +8.888618388e-03 -3.352011114e+02 -3.352011114e+02
5118 0 +7.904676121e-03 -3.352020953e+02 -3.352020953e+02
5662 0 +7.057098698e-03 -3.352029429e+02 -3.352029429e+02
5946 0 +6.307367950e-03 -3.352036926e+02 -3.352036926e+02
6534 0 +5.612420289e-03 -3.352043876e+02 -3.352043876e+02
7160 0 +4.996017618e-03 -3.352050040e+02 -3.352050040e+02
7771 0 +4.455044783e-03 -3.352055450e+02 -3.352055450e+02
8188 0 +3.969600756e-03 -3.352060304e+02 -3.352060304e+02
8865 0 +3.546286526e-03 -3.352064537e+02 -3.352064537e+02
9837 0 +3.160988444e-03 -3.352068390e+02 -3.352068390e+02
10497 0 +2.818053675e-03 -3.352071819e+02 -3.352071819e+02
11370 0 +2.508816154e-03 -3.352074912e+02 -3.352074912e+02
12786 0 +2.238234264e-03 -3.352077618e+02 -3.352077618e+02
14184 0 +1.994396461e-03 -3.352080056e+02 -3.352080056e+02
15420 0 +1.777986294e-03 -3.352082220e+02 -3.352082220e+02
17353 0 +1.581732328e-03 -3.352084183e+02 -3.352084183e+02
19411 0 +1.412413240e-03 -3.352085876e+02 -3.352085876e+02
21752 0 +1.257887976e-03 -3.352087421e+02 -3.352087421e+02
24104 0 +1.121145045e-03 -3.352088789e+02 -3.352088789e+02
27386 0 +9.998020074e-04 -3.352090002e+02 -3.352090002e+02
30923 0 +8.912112510e-04 -3.352091088e+02 -3.352091088e+02
33662 0 +7.937231658e-04 -3.352092063e+02 -3.352092063e+02
37860 0 +7.078671743e-04 -3.352092921e+02 -3.352092921e+02
42877 0 +6.307675862e-04 -3.352093692e+02 -3.352093692e+02
49357 0 +5.620427485e-04 -3.352094380e+02 -3.352094380e+02
56677 0 +5.010511405e-04 -3.352094989e+02 -3.352094989e+02
65668 0 +4.466319353e-04 -3.352095534e+02 -3.352095534e+02
73422 0 +3.979534063e-04 -3.352096020e+02 -3.352096020e+02
84747 0 +3.548103854e-04 -3.352096452e+02 -3.352096452e+02
89495 0 +3.161145139e-04 -3.352096839e+02 -3.352096839e+02
97974 0 +2.818305850e-04 -3.352097182e+02 -3.352097182e+02
117091 0 +2.511827557e-04 -3.352097488e+02 -3.352097488e+02
143243 0 +2.238608526e-04 -3.352097761e+02 -3.352097761e+02
159415 0 +1.995174289e-04 -3.352098005e+02 -3.352098005e+02
180553 0 +1.777957905e-04 -3.352098222e+02 -3.352098222e+02
219643 0 +1.584806753e-04 -3.352098415e+02 -3.352098415e+02
267784 0 +1.412477131e-04 -3.352098588e+02 -3.352098588e+02
288712 0 +1.258890899e-04 -3.352098741e+02 -3.352098741e+02
337287 0 +1.122016974e-04 -3.352098878e+02 -3.352098878e+02
400000 0 +1.006380943e-04 -3.352098994e+02 -3.352098994e+02
% f evaluations | g evaluations | best noise-free fitness - Fopt (-1.172200000000e+02) + sum g_i+ | measured fitness | best measured fitness or single-digit g-values | x1 | x2...
1 0 +9.111908097e+01 -2.610091903e+01 -2.610091903e+01
2 0 +8.542402675e+01 -3.179597325e+01 -3.179597325e+01
23 0 +7.500951124e+01 -4.221048876e+01 -4.221048876e+01
35 0 +6.712850138e+01 -5.009149862e+01 -5.009149862e+01
253 0 +6.256415594e+01 -5.465584406e+01 -5.465584406e+01
326 0 +5.489129253e+01 -6.232870747e+01 -6.232870747e+01
1229 0 +4.851279903e+01 -6.870720097e+01 -6.870720097e+01
1231 0 +4.352508808e+01 -7.369491192e+01 -7.369491192e+01
1239 0 +3.925358020e+01 -7.796641980e+01 -7.796641980e+01
1243 0 +3.507130246e+01 -8.214869754e+01 -8.214869754e+01
1253 0 +3.099611699e+01 -8.622388301e+01 -8.622388301e+01
1259 0 +2.683923412e+01 -9.038076588e+01 -9.038076588e+01
1266 0 +2.495379488e+01 -9.226620512e+01 -9.226620512e+01
1275 0 +2.201039351e+01 -9.520960649e+01 -9.520960649e+01
1282 0 +1.811136462e+01 -9.910863538e+01 -9.910863538e+01
1295 0 +1.735920973e+01 -9.986079027e+01 -9.986079027e+01
1311 0 +1.559292431e+01 -1.016270757e+02 -1.016270757e+02
1319 0 +1.391486612e+01 -1.033051339e+02 -1.033051339e+02
1329 0 +1.226486927e+01 -1.049551307e+02 -1.049551307e+02
1339 0 +1.111617646e+01 -1.061038235e+02 -1.061038235e+02
1350 0 +9.608525329e+00 -1.076114747e+02 -1.076114747e+02
1362 0 +8.263800060e+00 -1.089561999e+02 -1.089561999e+02
1364 0 +7.725227647e+00 -1.094947724e+02 -1.094947724e+02
1381 0 +6.731902995e+00 -1.104880970e+02 -1.104880970e+02
1394 0 +6.299473176e+00 -1.109205268e+02 -1.109205268e+02
1399 0 +5.253567589e+00 -1.119664324e+02 -1.119664324e+02
1403 0 +4.879316846e+00 -1.123406832e+02 -1.123406832e+02
1418 0 +4.376573803e+00 -1.128434262e+02 -1.128434262e+02
1432 0 +3.961236384e+00 -1.132587636e+02 -1.132587636e+02
1442 0 +3.317260347e+00 -1.139027397e+02 -1.139027397e+02
1444 0 +2.721966231e+00 -1.144980338e+02 -1.144980338e+02
1451 0 +2.425917973e+00 -1.147940820e+02 -1.147940820e+02
1471 0 +2.224658208e+00 -1.149953418e+02 -1.149953418e+02
1477 0 +1.888414526e+00 -1.153315855e+02 -1.153315855e+02
1483 0 +1.739067138e+00 -1.154809329e+02 -1.154809329e+02
1510 0 +1.451029380e+00 -1.157689706e+02 -1.157689706e+02
1522 0 +1.318868056e+00 -1.159011319e+02 -1.159011319e+02
1524 0 +1.078394110e+00 -1.161416059e+02 -1.161416059e+02
1606 0 +9.734747526e-01 -1.162465252e+02 -1.162465252e+02
1629 0 +8.718104367e-01 -1.163481896e+02 -1.163481896e+02
1790 0 +7.563105388e-01 -1.164636895e+02 -1.164636895e+02
1793 0 +6.989741858e-01 -1.165210258e+02 -1.165210258e+02
1800 0 +5.796663879e-01 -1.166403336e+02 -1.166403336e+02
1804 0 +5.203147368e-01 -1.166996853e+02 -1.166996853e+02
1828 0 +4.622813179e-01 -1.167577187e+02 -1.167577187e+02
1839 0 +4.096499227e-01 -1.168103501e+02 -1.168103501e+02
1844 0 +3.665892136e-01 -1.168534108e+02 -1.168534108e+02
1864 0 +3.266008185e-01 -1.168933992e+02 -1.168933992e+02
1872 0 +2.948935050e-01 -1.169251065e+02 -1.169251065e+02
1923 0 +2.577861344e-01 -1.169622139e+02 -1.169622139e+02
1931 0 +2.498738692e-01 -1.169701261e+02 -1.169701261e+02
2092 0 +2.094645134e-01 -1.170105355e+02 -1.170105355e+02
2110 0 +1.859692246e-01 -1.170340308e+02 -1.170340308e+02
2113 0 +1.513459753e-01 -1.170686540e+02 -1.170686540e+02
2133 0 +1.219025367e-01 -1.170980975e+02 -1.170980975e+02
2157 0 +1.094690173e-01 -1.171105310e+02 -1.171105310e+02
2168 0 +9.754336136e-02 -1.171224566e+02 -1.171224566e+02
2373 0 +8.837033798e-02 -1.171316297e+02 -1.171316297e+02
2398 0 +7.869628710e-02 -1.171413037e+02 -1.171413037e+02
2402 0 +7.050014639e-02 -1.171494999e+02 -1.171494999e+02
2470 0 +5.993736528e-02 -1.171600626e+02 -1.171600626e+02
2653 0 +5.461947441e-02 -1.171653805e+02 -1.171653805e+02
2661 0 +4.958522426e-02 -1.171704148e+02 -1.171704148e+02
2692 0 +4.431985802e-02 -1.171756801e+02 -1.171756801e+02
2703 0 +3.718064424e-02 -1.171828194e+02 -1.171828194e+02
2709 0 +3.447562175e-02 -1.171855244e+02 -1.171855244e+02
2732 0 +3.151538135e-02 -1.171884846e+02 -1.171884846e+02
2900 0 +2.672145323e-02 -1.171932785e+02 -1.171932785e+02
2926 0 +2.499287740e-02 -1.171950071e+02 -1.171950071e+02
2932 0 +2.204165019e-02 -1.171979583e+02 -1.171979583e+02
3049 0 +1.958586731e-02 -1.172004141e+02 -1.172004141e+02
3166 0 +1.772065395e-02 -1.172022793e+02 -1.172022793e+02
3382 0 +1.584272034e-02 -1.172041573e+02 -1.172041573e+02
3466 0 +1.395422932e-02 -1.172060458e+02 -1.172060458e+02
3593 0 +1.257546713e-02 -1.172074245e+02 -1.172074245e+02
3649 0 +1.112967946e-02 -1.172088703e+02 -1.172088703e+02
3832 0 +9.984014872e-03 -1.172100160e+02 -1.172100160e+02
4055 0 +8.605020107e-03 -1.172113950e+02 -1.172113950e+02
4283 0 +7.935407445e-03 -1.172120646e+02 -1.172120646e+02
4849 0 +7.064684051e-03 -1.172129353e+02 -1.172129353e+02
5142 0 +6.287714722e-03 -1.172137123e+02 -1.172137123e+02
5389 0 +5.621981648e-03 -1.172143780e+02 -1.172143780e+02
5639 0 +4.987007485e-03 -1.172150130e+02 -1.172150130e+02
5938 0 +4.434845144e-03 -1.172155652e+02 -1.172155652e+02
6357 0 +3.972019560e-03 -1.172160280e+02 -1.172160280e+02
6962 0 +3.540379302e-03 -1.172164596e+02 -1.172164596e+02
7343 0 +3.134675058e-03 -1.172168653e+02 -1.172168653e+02
7989 0 +2.809815989e-03 -1.172171902e+02 -1.172171902e+02
8816 0 +2.509060468e-03 -1.172174909e+02 -1.172174909e+02
9829 0 +2.231199972e-03 -1.172177688e+02 -1.172177688e+02
10747 0 +1.993114449e-03 -1.172180069e+02 -1.172180069e+02
12502 0 +1.774500535e-03 -1.172182255e+02 -1.172182255e+02
13896 0 +1.583477005e-03 -1.172184165e+02 -1.172184165e+02
14957 0 +1.411649362e-03 -1.172185884e+02 -1.172185884e+02
16523 0 +1.258836527e-03 -1.172187412e+02 -1.172187412e+02
19525 0 +1.121920202e-03 -1.172188781e+02 -1.172188781e+02
21729 0 +9.999119862e-04 -1.172190001e+02 -1.172190001e+02
24236 0 +8.911412540e-04 -1.172191089e+02 -1.172191089e+02
27221 0 +7.943123973e-04 -1.172192057e+02 -1.172192057e+02
31363 0 +7.074981804e-04 -1.172192925e+02 -1.172192925e+02
34623 0 +6.303696892e-04 -1.172193696e+02 -1.172193696e+02
39142 0 +5.622467031e-04 -1.172194378e+02 -1.172194378e+02
43983 0 +5.010535272e-04 -1.172194989e+02 -1.172194989e+02
48309 0 +4.466786829e-04 -1.172195533e+02 -1.172195533e+02
54698 0 +3.980882777e-04 -1.172196019e+02 -1.172196019e+02
63585 0 +3.547627631e-04 -1.172196452e+02 -1.172196452e+02
70662 0 +3.161893716e-04 -1.172196838e+02 -1.172196838e+02
79276 0 +2.818322100e-04 -1.172197182e+02 -1.172197182e+02
91543 0 +2.511820455e-04 -1.172197488e+02 -1.172197488e+02
107546 0 +2.238562270e-04 -1.172197761e+02 -1.172197761e+02
123862 0 +1.995160912e-04 -1.172198005e+02 -1.172198005e+02
139116 0 +1.778227705e-04 -1.172198222e+02 -1.172198222e+02
158313 0 +1.584754075e-04 -1.172198415e+02 -1.172198415e+02
181402 0 +1.412445636e-04 -1.172198588e+02 -1.172198588e+02
206972 0 +1.258854011e-04 -1.172198741e+02 -1.172198741e+02
232447 0 +1.121993704e-04 -1.172198878e+02 -1.172198878e+02
268056 0 +9.999970554e-05 -1.172199000e+02 -1.172199000e+02
317239 0 +8.912290293e-05 -1.172199109e+02 -1.172199109e+02
364012 0 +7.943277470e-05 -1.172199206e+02 -1.172199206e+02
400000 0 +7.374610053e-05 -1.172199263e+02 -1.172199263e+02
% f evaluations | g evaluations | best noise-free fitness - Fopt (5.460000000000e+00) + sum g_i+ | measured fitness | best measured fitness or single-digit g-values | x1 | x2...
1 0 +7.667188841e+01 +8.213188841e+01 +8.213188841e+01
2 0 +6.662258203e+01 +7.208258203e+01 +7.208258203e+01
3 0 +5.573561815e+01 +6.119561815e+01 +6.119561815e+01
66 0 +4.723236836e+01 +5.269236836e+01 +5.269236836e+01
1247 0 +4.368691469e+01 +4.914691469e+01 +4.914691469e+01
1252 0 +3.957984812e+01 +4.503984812e+01 +4.503984812e+01
1268 0 +3.404927183e+01 +3.950927183e+01 +3.950927183e+01
1277 0 +3.112309095e+01 +3.658309095e+01 +3.658309095e+01
1281 0 +2.817753643e+01 +3.363753643e+01 +3.363753643e+01
1294 0 +2.485900625e+01 +3.031900625e+01 +3.031900625e+01
1304 0 +2.126109987e+01 +2.672109987e+01 +2.672109987e+01
1315 0 +1.989150695e+01 +2.535150695e+01 +2.535150695e+01
1324 0 +1.700660296e+01 +2.246660296e+01 +2.246660296e+01
1329 0 +1.479248009e+01 +2.025248009e+01 +2.025248009e+01
1345 0 +1.343875403e+01 +1.889875403e+01 +1.889875403e+01
1348 0 +1.246330186e+01 +1.792330186e+01 +1.792330186e+01
1360 0 +1.110770853e+01 +1.656770853e+01 +1.656770853e+01
1363 0 +9.835657190e+00 +1.529565719e+01 +1.529565719e+01
1368 0 +8.850420963e+00 +1.431042096e+01 +1.431042096e+01
1389 0 +7.505989518e+00 +1.296598952e+01 +1.296598952e+01
1400 0 +6.960006441e+00 +1.242000644e+01 +1.242000644e+01
1404 0 +6.186062419e+00 +1.164606242e+01 +1.164606242e+01
1407 0 +5.524033870e+00 +1.098403387e+01 +1.098403387e+01
1418 0 +4.862823121e+00 +1.032282312e+01 +1.032282312e+01
1430 0 +4.217502281e+00 +9.677502281e+00 +9.677502281e+00
1438 0 +3.895998923e+00 +9.355998923e+00 +9.355998923e+00
1441 0 +3.529167057e+00 +8.989167057e+00 +8.989167057e+00
1452 0 +3.122324765e+00 +8.582324765e+00 +8.582324765e+00
1466 0 +2.718419037e+00 +8.178419037e+00 +8.178419037e+00
1484 0 +2.145315758e+00 +7.605315758e+00 +7.605315758e+00
1492 0 +1.948256319e+00 +7.408256319e+00 +7.408256319e+00
1498 0 +1.713995870e+00 +7.173995870e+00 +7.173995870e+00
1510 0 +1.512169924e+00 +6.972169924e+00 +6.972169924e+00
1515 0 +1.244583816e+00 +6.704583816e+00 +6.704583816e+00
1550 0 +1.066600319e+00 +6.526600319e+00 +6.526600319e+00
1560 0 +9.563883237e-01 +6.416388324e+00 +6.416388324e+00
1564 0 +8.281832431e-01 +6.288183243e+00 +6.288183243e+00
1570 0 +7.855767159e-01 +6.245576716e+00 +6.245576716e+00
1709 0 +6.732243377e-01 +6.133224338e+00 +6.133224338e+00
1719 0 +6.103912269e-01 +6.070391227e+00 +6.070391227e+00
1739 0 +4.903127450e-01 +5.950312745e+00 +5.950312745e+00
1761 0 +4.295896978e-01 +5.889589698e+00 +5.889589698e+00
1791 0 +3.936932430e-01 +5.853693243e+00 +5.853693243e+00
1944 0 +3.329515678e-01 +5.792951568e+00 +5.792951568e+00
1950 0 +3.077228713e-01 +5.767722871e+00 +5.767722871e+00
1967 0 +2.563063795e-01 +5.716306379e+00 +5.716306379e+00
1973 0 +2.469920535e-01 +5.706992053e+00 +5.706992053e+00
1976 0 +2.215131239e-01 +5.681513124e+00 +5.681513124e+00
1997 0 +1.983989135e-01 +5.658398913e+00 +5.658398913e+00
2025 0 +1.566081282e-01 +5.616608128e+00 +5.616608128e+00
2086 0 +1.338508560e-01 +5.593850856e+00 +5.593850856e+00
2126 0 +1.219948600e-01 +5.581994860e+00 +5.581994860e+00
2282 0 +1.067102917e-01 +5.566710292e+00 +5.566710292e+00
2293 0 +9.810688865e-02 +5.558106889e+00 +5.558106889e+00
2305 0 +8.669273300e-02 +5.546692733e+00 +5.546692733e+00
2413 0 +7.678399345e-02 +5.536783993e+00 +5.536783993e+00
2490 0 +6.912480365e-02 +5.529124804e+00 +5.529124804e+00
2644 0 +6.080170568e-02 +5.520801706e+00 +5.520801706e+00
2678 0 +5.126073410e-02 +5.511260734e+00 +5.511260734e+00
2687 0 +4.995218816e-02 +5.509952188e+00 +5.509952188e+00
2746 0 +4.211483473e-02 +5.502114835e+00 +5.502114835e+00
2838 0 +3.756391079e-02 +5.497563911e+00 +5.497563911e+00
2882 0 +3.460228694e-02 +5.494602287e+00 +5.494602287e+00
2968 0 +3.099138671e-02 +5.490991387e+00 +5.490991387e+00
3138 0 +2.807952015e-02 +5.488079520e+00 +5.488079520e+00
3187 0 +2.501724577e-02 +5.485017246e+00 +5.485017246e+00
3261 0 +2.231483649e-02 +5.482314836e+00 +5.482314836e+00
3300 0 +1.972777485e-02 +5.479727775e+00 +5.479727775e+00
3392 0 +1.756236024e-02 +5.477562360e+00 +5.477562360e+00
3636 0 +1.579384270e-02 +5.475793843e+00 +5.475793843e+00
3761 0 +1.411815745e-02 +5.474118157e+00 +5.474118157e+00
3958 0 +1.247584883e-02 +5.472475849e+00 +5.472475849e+00
4084 0 +1.112347618e-02 +5.471123476e+00 +5.471123476e+00
4227 0 +9.966975885e-03 +5.469966976e+00 +5.469966976e+00
4516 0 +8.877724052e-03 +5.468877724e+00 +5.468877724e+00
5002 0 +7.929635281e-03 +5.467929635e+00 +5.467929635e+00
5324 0 +7.062351088e-03 +5.467062351e+00 +5.467062351e+00
5661 0 +6.272858220e-03 +5.466272858e+00 +5.466272858e+00
6025 0 +5.603081354e-03 +5.465603081e+00 +5.465603081e+00
6386 0 +5.004008224e-03 +5.465004008e+00 +5.465004008e+00
7204 0 +4.441283706e-03 +5.464441284e+00 +5.464441284e+00
7602 0 +3.972274721e-03 +5.463972275e+00 +5.463972275e+00
8473 0 +3.546417827e-03 +5.463546418e+00 +5.463546418e+00
9569 0 +3.159891936e-03 +5.463159892e+00 +5.463159892e+00
10488 0 +2.817900007e-03 +5.462817900e+00 +5.462817900e+00
11564 0 +2.505896748e-03 +5.462505897e+00 +5.462505897e+00
12533 0 +2.238641258e-03 +5.462238641e+00 +5.462238641e+00
14147 0 +1.993419597e-03 +5.461993420e+00 +5.461993420e+00
15818 0 +1.778258041e-03 +5.461778258e+00 +5.461778258e+00
17409 0 +1.583768259e-03 +5.461583768e+00 +5.461583768e+00
18966 0 +1.411604031e-03 +5.461411604e+00 +5.461411604e+00
20787 0 +1.258172071e-03 +5.461258172e+00 +5.461258172e+00
23352 0 +1.121461366e-03 +5.461121461e+00 +5.461121461e+00
26164 0 +9.988412884e-04 +5.460998841e+00 +5.460998841e+00
29061 0 +8.907945305e-04 +5.460890795e+00 +5.460890795e+00
33324 0 +7.939891522e-04 +5.460793989e+00 +5.460793989e+00
37621 0 +7.079201128e-04 +5.460707920e+00 +5.460707920e+00
41325 0 +6.308935614e-04 +5.460630894e+00 +5.460630894e+00
45458 0 +5.622692925e-04 +5.460562269e+00 +5.460562269e+00
52124 0 +5.010618637e-04 +5.460501062e+00 +5.460501062e+00
59414 0 +4.466699717e-04 +5.460446670e+00 +5.460446670e+00
66484 0 +3.980617890e-04 +5.460398062e+00 +5.460398062e+00
74725 0 +3.548110954e-04 +5.460354811e+00 +5.460354811e+00
86605 0 +3.162051426e-04 +5.460316205e+00 +5.460316205e+00
98232 0 +2.818032384e-04 +5.460281803e+00 +5.460281803e+00
109270 0 +2.511749610e-04 +5.460251175e+00 +5.460251175e+00
121697 0 +2.238662838e-04 +5.460223866e+00 +5.460223866e+00
139060 0 +1.995193250e-04 +5.460199519e+00 +5.460199519e+00
157874 0 +1.778235951e-04 +5.460177824e+00 +5.460177824e+00
174373 0 +1.584806112e-04 +5.460158481e+00 +5.460158481e+00
198326 0 +1.412507514e-04 +5.460141251e+00 +5.460141251e+00
227906 0 +1.258908844e-04 +5.460125891e+00 +5.460125891e+00
257253 0 +1.122011643e-04 +5.460112201e+00 +5.460112201e+00
287913 0 +9.999609805e-05 +5.460099996e+00 +5.460099996e+00
331655 0 +8.912031866e-05 +5.460089120e+00 +5.460089120e+00
384232 0 +7.943113426e-05 +5.460079431e+00 +5.460079431e+00
400000 0 +7.603590362e-05 +5.460076036e+00 +5.460076036e+00
% f evaluations | g evaluations | best noise-free fitness - Fopt (5.212000000000e+01) + sum g_i+ | measured fitness | best measured fitness or single-digit g-values | x1 | x2...
1 0 +6.327923377e+01 +1.153992338e+02 +1.153992338e+02
2 0 +6.271735614e+01 +1.148373561e+02 +1.148373561e+02
16 0 +5.573987216e+01 +1.078598722e+02 +1.078598722e+02
119 0 +4.688733180e+01 +9.900733180e+01 +9.900733180e+01
121 0 +3.773078565e+01 +8.985078565e+01 +8.985078565e+01
1239 0 +3.401215521e+01 +8.613215521e+01 +8.613215521e+01
1242 0 +3.131344316e+01 +8.343344316e+01 +8.343344316e+01
1249 0 +2.797697333e+01 +8.009697333e+01 +8.009697333e+01
1257 0 +2.408965971e+01 +7.620965971e+01 +7.620965971e+01
1263 0 +2.170205449e+01 +7.382205449e+01 +7.382205449e+01
1280 0 +1.954852381e+01 +7.166852381e+01 +7.166852381e+01
1288 0 +1.671474097e+01 +6.883474097e+01 +6.883474097e+01
1295 0 +1.514238203e+01 +6.726238203e+01 +6.726238203e+01
1311 0 +1.320731329e+01 +6.532731329e+01 +6.532731329e+01
1317 0 +1.213118988e+01 +6.425118988e+01 +6.425118988e+01
1322 0 +1.115595154e+01 +6.327595154e+01 +6.327595154e+01
1329 0 +9.725967183e+00 +6.184596718e+01 +6.184596718e+01
1346 0 +8.905067181e+00 +6.102506718e+01 +6.102506718e+01
1355 0 +7.912014354e+00 +6.003201435e+01 +6.003201435e+01
1368 0 +6.722906891e+00 +5.884290689e+01 +5.884290689e+01
1375 0 +6.248207665e+00 +5.836820767e+01 +5.836820767e+01
1399 0 +5.544753586e+00 +5.766475359e+01 +5.766475359e+01
1409 0 +4.953568564e+00 +5.707356856e+01 +5.707356856e+01
1422 0 +4.378587031e+00 +5.649858703e+01 +5.649858703e+01
1435 0 +3.978190231e+00 +5.609819023e+01 +5.609819023e+01
1448 0 +3.095328973e+00 +5.521532897e+01 +5.521532897e+01
1451 0 +2.786797137e+00 +5.490679714e+01 +5.490679714e+01
1469 0 +2.199902737e+00 +5.431990274e+01 +5.431990274e+01
1488 0 +1.947943857e+00 +5.406794386e+01 +5.406794386e+01
1491 0 +1.752743055e+00 +5.387274306e+01 +5.387274306e+01
1502 0 +1.575736134e+00 +5.369573613e+01 +5.369573613e+01
1528 0 +1.024588226e+00 +5.314458823e+01 +5.314458823e+01
1578 0 +9.056911170e-01 +5.302569112e+01 +5.302569112e+01
1632 0 +8.745845396e-01 +5.299458454e+01 +5.299458454e+01
1772 0 +7.830240575e-01 +5.290302406e+01 +5.290302406e+01
1796 0 +6.538653921e-01 +5.277386539e+01 +5.277386539e+01
1797 0 +5.845474492e-01 +5.270454745e+01 +5.270454745e+01
1803 0 +5.417741111e-01 +5.266177411e+01 +5.266177411e+01
1810 0 +4.999923923e-01 +5.261999239e+01 +5.261999239e+01
1825 0 +3.701535759e-01 +5.249015358e+01 +5.249015358e+01
1879 0 +3.512101829e-01 +5.247121018e+01 +5.247121018e+01
1913 0 +2.873769307e-01 +5.240737693e+01 +5.240737693e+01
1971 0 +2.391770197e-01 +5.235917702e+01 +5.235917702e+01
2180 0 +2.184096940e-01 +5.233840969e+01 +5.233840969e+01
2209 0 +1.883751164e-01 +5.230837512e+01 +5.230837512e+01
2218 0 +1.742430309e-01 +5.229424303e+01 +5.229424303e+01
2264 0 +1.570701732e-01 +5.227707017e+01 +5.227707017e+01
2282 0 +1.371888422e-01 +5.225718884e+01 +5.225718884e+01
2300 0 +1.143178650e-01 +5.223431787e+01 +5.223431787e+01
2352 0 +1.108635740e-01 +5.223086357e+01 +5.223086357e+01
2501 0 +9.542339310e-02 +5.221542339e+01 +5.221542339e+01
2525 0 +8.713763717e-02 +5.220713764e+01 +5.220713764e+01
2530 0 +7.475608708e-02 +5.219475609e+01 +5.219475609e+01
2534 0 +6.950011552e-02 +5.218950012e+01 +5.218950012e+01
2546 0 +6.270149418e-02 +5.218270149e+01 +5.218270149e+01
2657 0 +5.456554098e-02 +5.217456554e+01 +5.217456554e+01
2677 0 +4.987777259e-02 +5.216987777e+01 +5.216987777e+01
2721 0 +4.415795731e-02 +5.216415796e+01 +5.216415796e+01
2733 0 +3.962644819e-02 +5.215962645e+01 +5.215962645e+01
2751 0 +3.487239946e-02 +5.215487240e+01 +5.215487240e+01
2971 0 +3.123589333e-02 +5.215123589e+01 +5.215123589e+01
2998 0 +2.794794658e-02 +5.214794795e+01 +5.214794795e+01
3006 0 +2.507479267e-02 +5.214507479e+01 +5.214507479e+01
3033 0 +2.115573326e-02 +5.214115573e+01 +5.214115573e+01
3040 0 +1.900310412e-02 +5.213900310e+01 +5.213900310e+01
3094 0 +1.769302479e-02 +5.213769302e+01 +5.213769302e+01
3267 0 +1.576698043e-02 +5.213576698e+01 +5.213576698e+01
3407 0 +1.409115219e-02 +5.213409115e+01 +5.213409115e+01
3667 0 +1.241106226e-02 +5.213241106e+01 +5.213241106e+01
3987 0 +1.116609619e-02 +5.213116610e+01 +5.213116610e+01
4183 0 +9.979838218e-03 +5.212997984e+01 +5.212997984e+01
4521 0 +8.900348340e-03 +5.212890035e+01 +5.212890035e+01
5004 0 +7.900241282e-03 +5.212790024e+01 +5.212790024e+01
5321 0 +7.043619336e-03 +5.212704362e+01 +5.212704362e+01
5739 0 +6.280789363e-03 +5.212628079e+01 +5.212628079e+01
6053 0 +5.612575448e-03 +5.212561258e+01 +5.212561258e+01
6376 0 +4.994235298e-03 +5.212499424e+01 +5.212499424e+01
6995 0 +4.464249130e-03 +5.212446425e+01 +5.212446425e+01
7640 0 +3.979505870e-03 +5.212397951e+01 +5.212397951e+01
8238 0 +3.547975628e-03 +5.212354798e+01 +5.212354798e+01
8849 0 +3.157714682e-03 +5.212315771e+01 +5.212315771e+01
9573 0 +2.811409943e-03 +5.212281141e+01 +5.212281141e+01
10882 0 +2.508467893e-03 +5.212250847e+01 +5.212250847e+01
11938 0 +2.235167799e-03 +5.212223517e+01 +5.212223517e+01
13538 0 +1.995034407e-03 +5.212199503e+01 +5.212199503e+01
15080 0 +1.777320654e-03 +5.212177732e+01 +5.212177732e+01
16924 0 +1.583724427e-03 +5.212158372e+01 +5.212158372e+01
19042 0 +1.412328446e-03 +5.212141233e+01 +5.212141233e+01
21788 0 +1.258047376e-03 +5.212125805e+01 +5.212125805e+01
25025 0 +1.121484869e-03 +5.212112148e+01 +5.212112148e+01
28954 0 +9.998390825e-04 +5.212099984e+01 +5.212099984e+01
33105 0 +8.911953800e-04 +5.212089120e+01 +5.212089120e+01
37832 0 +7.942124139e-04 +5.212079421e+01 +5.212079421e+01
42762 0 +7.078585401e-04 +5.212070786e+01 +5.212070786e+01
47412 0 +6.308729080e-04 +5.212063087e+01 +5.212063087e+01
53211 0 +5.622934525e-04 +5.212056229e+01 +5.212056229e+01
61490 0 +5.011226586e-04 +5.212050112e+01 +5.212050112e+01
70632 0 +4.466440106e-04 +5.212044664e+01 +5.212044664e+01
80737 0 +3.980793611e-04 +5.212039808e+01 +5.212039808e+01
93693 0 +3.547979499e-04 +5.212035480e+01 +5.212035480e+01
106520 0 +3.162206618e-04 +5.212031622e+01 +5.212031622e+01
120601 0 +2.818180255e-04 +5.212028182e+01 +5.212028182e+01
134965 0 +2.511638615e-04 +5.212025116e+01 +5.212025116e+01
151641 0 +2.238461561e-04 +5.212022385e+01 +5.212022385e+01
174413 0 +1.995115055e-04 +5.212019951e+01 +5.212019951e+01
200440 0 +1.778155280e-04 +5.212017782e+01 +5.212017782e+01
230840 0 +1.584836654e-04 +5.212015848e+01 +5.212015848e+01
271888 0 +1.412530019e-04 +5.212014125e+01 +5.212014125e+01
315320 0 +1.258903113e-04 +5.212012589e+01 +5.212012589e+01
359847 0 +1.121993605e-04 +5.212011220e+01 +5.212011220e+01
400000 0 +1.018105654e-04 +5.212010181e+01 +5.212010181e+01
% f evaluations | g evaluations | best noise-free fitness - Fopt (4.120000000000e+00) + sum g_i+ | measured fitness | best measured fitness or single-digit g-values | x1 | x2...
1 0 +1.272642981e+02 +1.313842981e+02 +1.313842981e+02
3 0 +1.053062544e+02 +1.094262544e+02 +1.094262544e+02
21 0 +9.438062116e+01 +9.850062116e+01 +9.850062116e+01
33 0 +8.087470953e+01 +8.499470953e+01 +8.499470953e+01
1228 0 +7.819073550e+01 +8.231073550e+01 +8.231073550e+01
1233 0 +6.924433801e+01 +7.336433801e+01 +7.336433801e+01
1240 0 +6.190678264e+01 +6.602678264e+01 +6.602678264e+01
1249 0 +5.445935095e+01 +5.857935095e+01 +5.857935095e+01
1256 0 +4.962333804e+01 +5.374333804e+01 +5.374333804e+01
1264 0 +4.410381030e+01 +4.822381030e+01 +4.822381030e+01
1274 0 +3.885034205e+01 +4.297034205e+01 +4.297034205e+01
1281 0 +3.359434058e+01 +3.771434058e+01 +3.771434058e+01
1292 0 +3.122412739e+01 +3.534412739e+01 +3.534412739e+01
1310 0 +2.763558932e+01 +3.175558932e+01 +3.175558932e+01
1324 0 +2.493969373e+01 +2.905969373e+01 +2.905969373e+01
1331 0 +2.069653217e+01 +2.481653217e+01 +2.481653217e+01
1337 0 +1.909965151e+01 +2.321965151e+01 +2.321965151e+01
1344 0 +1.773473180e+01 +2.185473180e+01 +2.185473180e+01
1358 0 +1.524203607e+01 +1.936203607e+01 +1.936203607e+01
1364 0 +1.390616362e+01 +1.802616362e+01 +1.802616362e+01
1375 0 +1.232604246e+01 +1.644604246e+01 +1.644604246e+01
1384 0 +1.088227178e+01 +1.500227178e+01 +1.500227178e+01
1402 0 +9.566606119e+00 +1.368660612e+01 +1.368660612e+01
1411 0 +8.419651899e+00 +1.253965190e+01 +1.253965190e+01
1413 0 +7.901655989e+00 +1.202165599e+01 +1.202165599e+01
1426 0 +7.053320277e+00 +1.117332028e+01 +1.117332028e+01
1438 0 +6.036696127e+00 +1.015669613e+01 +1.015669613e+01
1441 0 +5.264550778e+00 +9.384550778e+00 +9.384550778e+00
1450 0 +4.897792129e+00 +9.017792129e+00 +9.017792129e+00
1455 0 +4.123185157e+00 +8.243185157e+00 +8.243185157e+00
1460 0 +3.826309591e+00 +7.946309591e+00 +7.946309591e+00
1470 0 +3.484954940e+00 +7.604954940e+00 +7.604954940e+00
1482 0 +2.700851938e+00 +6.820851938e+00 +6.820851938e+00
1524 0 +2.506749418e+00 +6.626749418e+00 +6.626749418e+00
1533 0 +2.196837726e+00 +6.316837726e+00 +6.316837726e+00
1535 0 +1.925246988e+00 +6.045246988e+00 +6.045246988e+00
1556 0 +1.706236271e+00 +5.826236271e+00 +5.826236271e+00
1562 0 +1.580693256e+00 +5.700693256e+00 +5.700693256e+00
1589 0 +1.187463740e+00 +5.307463740e+00 +5.307463740e+00
1598 0 +1.114262361e+00 +5.234262361e+00 +5.234262361e+00
1701 0 +9.931550648e-01 +5.113155065e+00 +5.113155065e+00
1725 0 +8.803883769e-01 +5.000388377e+00 +5.000388377e+00
1730 0 +7.786091714e-01 +4.898609171e+00 +4.898609171e+00
1740 0 +6.972238388e-01 +4.817223839e+00 +4.817223839e+00
1751 0 +5.764406539e-01 +4.696440654e+00 +4.696440654e+00
1754 0 +5.192045416e-01 +4.639204542e+00 +4.639204542e+00
1757 0 +4.349328291e-01 +4.554932829e+00 +4.554932829e+00
1761 0 +3.854953274e-01 +4.505495327e+00 +4.505495327e+00
1768 0 +3.120175242e-01 +4.432017524e+00 +4.432017524e+00
1859 0 +2.686682002e-01 +4.388668200e+00 +4.388668200e+00
2016 0 +2.426089670e-01 +4.362608967e+00 +4.362608967e+00
2020 0 +2.230310866e-01 +4.343031087e+00 +4.343031087e+00
2023 0 +1.925723490e-01 +4.312572349e+00 +4.312572349e+00
2033 0 +1.753506229e-01 +4.295350623e+00 +4.295350623e+00
2051 0 +1.406116321e-01 +4.260611632e+00 +4.260611632e+00
2248 0 +1.212466673e-01 +4.241246667e+00 +4.241246667e+00
2284 0 +1.073539118e-01 +4.227353912e+00 +4.227353912e+00
2322 0 +9.521567997e-02 +4.215215680e+00 +4.215215680e+00
2323 0 +8.386562289e-02 +4.203865623e+00 +4.203865623e+00
2342 0 +7.797740724e-02 +4.197977407e+00 +4.197977407e+00
2378 0 +6.915920425e-02 +4.189159204e+00 +4.189159204e+00
2410 0 +5.975620369e-02 +4.179756204e+00 +4.179756204e+00
2453 0 +5.598063140e-02 +4.175980631e+00 +4.175980631e+00
2591 0 +4.934588977e-02 +4.169345890e+00 +4.169345890e+00
2608 0 +4.348742489e-02 +4.163487425e+00 +4.163487425e+00
2618 0 +3.860581960e-02 +4.158605820e+00 +4.158605820e+00
2639 0 +3.318265302e-02 +4.153182653e+00 +4.153182653e+00
2678 0 +3.016071210e-02 +4.150160712e+00 +4.150160712e+00
2709 0 +2.772769929e-02 +4.147727699e+00 +4.147727699e+00
2829 0 +2.453694793e-02 +4.144536948e+00 +4.144536948e+00
2849 0 +2.228391943e-02 +4.142283919e+00 +4.142283919e+00
2885 0 +1.925061057e-02 +4.139250611e+00 +4.139250611e+00
3068 0 +1.722354154e-02 +4.137223542e+00 +4.137223542e+00
3142 0 +1.570478665e-02 +4.135704787e+00 +4.135704787e+00
3238 0 +1.385383667e-02 +4.133853837e+00 +4.133853837e+00
3355 0 +1.245564418e-02 +4.132455644e+00 +4.132455644e+00
3566 0 +1.113640949e-02 +4.131136409e+00 +4.131136409e+00
3874 0 +9.951040607e-03 +4.129951041e+00 +4.129951041e+00
4048 0 +8.904809330e-03 +4.128904809e+00 +4.128904809e+00
4342 0 +7.921401823e-03 +4.127921402e+00 +4.127921402e+00
4758 0 +7.055201599e-03 +4.127055202e+00 +4.127055202e+00
5164 0 +6.298699517e-03 +4.126298700e+00 +4.126298700e+00
5566 0 +5.606577013e-03 +4.125606577e+00 +4.125606577e+00
6208 0 +5.006307294e-03 +4.125006307e+00 +4.125006307e+00
6620 0 +4.450770310e-03 +4.124450770e+00 +4.124450770e+00
6918 0 +3.964252054e-03 +4.123964252e+00 +4.123964252e+00
7242 0 +3.542531651e-03 +4.123542532e+00 +4.123542532e+00
7776 0 +3.159967030e-03 +4.123159967e+00 +4.123159967e+00
8844 0 +2.816308952e-03 +4.122816309e+00 +4.122816309e+00
9509 0 +2.511750173e-03 +4.122511750e+00 +4.122511750e+00
10122 0 +2.238261496e-03 +4.122238261e+00 +4.122238261e+00
11595 0 +1.992096825e-03 +4.121992097e+00 +4.121992097e+00
12719 0 +1.778020868e-03 +4.121778021e+00 +4.121778021e+00
13822 0 +1.583523577e-03 +4.121583524e+00 +4.121583524e+00
15244 0 +1.410729778e-03 +4.121410730e+00 +4.121410730e+00
16842 0 +1.258613924e-03 +4.121258614e+00 +4.121258614e+00
18740 0 +1.121996925e-03 +4.121121997e+00 +4.121121997e+00
20732 0 +9.993376008e-04 +4.120999338e+00 +4.120999338e+00
22966 0 +8.912242517e-04 +4.120891224e+00 +4.120891224e+00
26319 0 +7.942085786e-04 +4.120794209e+00 +4.120794209e+00
29002 0 +7.078425364e-04 +4.120707843e+00 +4.120707843e+00
32844 0 +6.309113559e-04 +4.120630911e+00 +4.120630911e+00
36595 0 +5.622548151e-04 +4.120562255e+00 +4.120562255e+00
41229 0 +5.011835081e-04 +4.120501184e+00 +4.120501184e+00
46141 0 +4.466278357e-04 +4.120446628e+00 +4.120446628e+00
52284 0 +3.980279650e-04 +4.120398028e+00 +4.120398028e+00
59902 0 +3.547442615e-04 +4.120354744e+00 +4.120354744e+00
68973 0 +3.161666349e-04 +4.120316167e+00 +4.120316167e+00
79631 0 +2.818061450e-04 +4.120281806e+00 +4.120281806e+00
90774 0 +2.511807661e-04 +4.120251181e+00 +4.120251181e+00
108271 0 +2.238699651e-04 +4.120223870e+00 +4.120223870e+00
129841 0 +1.995243090e-04 +4.120199524e+00 +4.120199524e+00
160713 0 +1.778254436e-04 +4.120177825e+00 +4.120177825e+00
204401 0 +1.584867091e-04 +4.120158487e+00 +4.120158487e+00
246118 0 +1.412532803e-04 +4.120141253e+00 +4.120141253e+00
286461 0 +1.258894594e-04 +4.120125889e+00 +4.120125889e+00
335028 0 +1.122016148e-04 +4.120112202e+00 +4.120112202e+00
392681 0 +9.999980429e-05 +4.120100000e+00 +4.120100000e+00
400000 0 +9.859455909e-05 +4.120098595e+00 +4.120098595e+00
% f evaluations | g evaluations | best noise-free fitness - Fopt (-2.150000000000e+01) + sum g_i+ | measured fitness | best measured fitness or single-digit g-values | x1 | x2...
1 0 +7.831526127e+01 +5.681526127e+01 +5.681526127e+01
2 0 +7.583667546e+01 +5.433667546e+01 +5.433667546e+01
11 0 +6.380871603e+01 +4.230871603e+01 +4.230871603e+01
113 0 +5.944633639e+01 +3.794633639e+01 +3.794633639e+01
1218 0 +5.519172959e+01 +3.369172959e+01 +3.369172959e+01
1225 0 +5.002850851e+01 +2.852850851e+01 +2.852850851e+01
1235 0 +4.359941779e+01 +2.209941779e+01 +2.209941779e+01
1240 0 +3.941707866e+01 +1.791707866e+01 +1.791707866e+01
1251 0 +3.416912757e+01 +1.266912757e+01 +1.266912757e+01
1258 0 +2.973677353e+01 +8.236773534e+00 +8.236773534e+00
1261 0 +2.799734770e+01 +6.497347705e+00 +6.497347705e+00
1269 0 +2.506276530e+01 +3.562765300e+00 +3.562765300e+00
1279 0 +2.140276537e+01 -9.723463325e-02 -9.723463325e-02
1287 0 +1.973746709e+01 -1.762532909e+00 -1.762532909e+00
1292 0 +1.775865422e+01 -3.741345775e+00 -3.741345775e+00
1303 0 +1.574395511e+01 -5.756044895e+00 -5.756044895e+00
1312 0 +1.357031107e+01 -7.929688931e+00 -7.929688931e+00
1320 0 +1.228468140e+01 -9.215318599e+00 -9.215318599e+00
1330 0 +1.112070589e+01 -1.037929411e+01 -1.037929411e+01
1334 0 +9.939174397e+00 -1.156082560e+01 -1.156082560e+01
1343 0 +8.844600145e+00 -1.265539986e+01 -1.265539986e+01
1352 0 +7.925896841e+00 -1.357410316e+01 -1.357410316e+01
1359 0 +6.459639903e+00 -1.504036010e+01 -1.504036010e+01
1373 0 +6.248790814e+00 -1.525120919e+01 -1.525120919e+01
1389 0 +5.395448825e+00 -1.610455117e+01 -1.610455117e+01
1401 0 +4.566077146e+00 -1.693392285e+01 -1.693392285e+01
1403 0 +4.406021785e+00 -1.709397821e+01 -1.709397821e+01
1411 0 +3.811690918e+00 -1.768830908e+01 -1.768830908e+01
1421 0 +3.209766566e+00 -1.829023343e+01 -1.829023343e+01
1423 0 +3.061577614e+00 -1.843842239e+01 -1.843842239e+01
1439 0 +2.811932239e+00 -1.868806776e+01 -1.868806776e+01
1478 0 +2.454538439e+00 -1.904546156e+01 -1.904546156e+01
1481 0 +2.063648249e+00 -1.943635175e+01 -1.943635175e+01
1494 0 +1.946246472e+00 -1.955375353e+01 -1.955375353e+01
1516 0 +1.677172643e+00 -1.982282736e+01 -1.982282736e+01
1517 0 +1.515130350e+00 -1.998486965e+01 -1.998486965e+01
1532 0 +1.376882135e+00 -2.012311787e+01 -2.012311787e+01
1549 0 +1.247826749e+00 -2.025217325e+01 -2.025217325e+01
1566 0 +1.086079861e+00 -2.041392014e+01 -2.041392014e+01
1700 0 +9.633555069e-01 -2.053664449e+01 -2.053664449e+01
1701 0 +8.678079423e-01 -2.063219206e+01 -2.063219206e+01
1710 0 +7.338984867e-01 -2.076610151e+01 -2.076610151e+01
1715 0 +6.707688308e-01 -2.082923117e+01 -2.082923117e+01
1732 0 +6.024223463e-01 -2.089757765e+01 -2.089757765e+01
1749 0 +5.348301037e-01 -2.096516990e+01 -2.096516990e+01
1778 0 +4.896919978e-01 -2.101030800e+01 -2.101030800e+01
1794 0 +4.228844957e-01 -2.107711550e+01 -2.107711550e+01
1805 0 +3.928744255e-01 -2.110712557e+01 -2.110712557e+01
2007 0 +3.411548609e-01 -2.115884514e+01 -2.115884514e+01
2056 0 +3.139869445e-01 -2.118601306e+01 -2.118601306e+01
2073 0 +2.765111326e-01 -2.122348887e+01 -2.122348887e+01
2084 0 +2.474879542e-01 -2.125251205e+01 -2.125251205e+01
2108 0 +2.234162029e-01 -2.127658380e+01 -2.127658380e+01
2127 0 +1.860407895e-01 -2.131395921e+01 -2.131395921e+01
2177 0 +1.729855528e-01 -2.132701445e+01 -2.132701445e+01
2332 0 +1.551444688e-01 -2.134485553e+01 -2.134485553e+01
2339 0 +1.252870796e-01 -2.137471292e+01 -2.137471292e+01
2382 0 +1.114823045e-01 -2.138851770e+01 -2.138851770e+01
2385 0 +8.967140168e-02 -2.141032860e+01 -2.141032860e+01
2394 0 +8.346619247e-02 -2.141653381e+01 -2.141653381e+01
2397 0 +7.073279416e-02 -2.142926721e+01 -2.142926721e+01
2457 0 +5.886348005e-02 -2.144113652e+01 -2.144113652e+01
2535 0 +5.091203489e-02 -2.144908797e+01 -2.144908797e+01
2666 0 +4.844085355e-02 -2.145155915e+01 -2.145155915e+01
2715 0 +4.229202429e-02 -2.145770798e+01 -2.145770798e+01
2721 0 +3.883004692e-02 -2.146116995e+01 -2.146116995e+01
2725 0 +3.474022731e-02 -2.146525977e+01 -2.146525977e+01
2907 0 +3.155876889e-02 -2.146844123e+01 -2.146844123e+01
3025 0 +2.708393852e-02 -2.147291606e+01 -2.147291606e+01
3041 0 +2.509115280e-02 -2.147490885e+01 -2.147490885e+01
3155 0 +2.227686372e-02 -2.147772314e+01 -2.147772314e+01
3338 0 +1.961914130e-02 -2.148038086e+01 -2.148038086e+01
3443 0 +1.777253384e-02 -2.148222747e+01 -2.148222747e+01
3557 0 +1.531087762e-02 -2.148468912e+01 -2.148468912e+01
3604 0 +1.401558688e-02 -2.148598441e+01 -2.148598441e+01
3833 0 +1.247843656e-02 -2.148752156e+01 -2.148752156e+01
4049 0 +1.114463976e-02 -2.148885536e+01 -2.148885536e+01
4305 0 +9.935009405e-03 -2.149006499e+01 -2.149006499e+01
4747 0 +8.882424082e-03 -2.149111758e+01 -2.149111758e+01
5119 0 +7.885055682e-03 -2.149211494e+01 -2.149211494e+01
5772 0 +7.053760321e-03 -2.149294624e+01 -2.149294624e+01
6206 0 +6.295474430e-03 -2.149370453e+01 -2.149370453e+01
6630 0 +5.618785431e-03 -2.149438121e+01 -2.149438121e+01
7312 0 +5.009289209e-03 -2.149499071e+01 -2.149499071e+01
7932 0 +4.443445146e-03 -2.149555655e+01 -2.149555655e+01
8591 0 +3.979675935e-03 -2.149602032e+01 -2.149602032e+01
9380 0 +3.532189675e-03 -2.149646781e+01 -2.149646781e+01
10266 0 +3.157201246e-03 -2.149684280e+01 -2.149684280e+01
11254 0 +2.816971394e-03 -2.149718303e+01 -2.149718303e+01
12298 0 +2.511176921e-03 -2.149748882e+01 -2.149748882e+01
13665 0 +2.235792869e-03 -2.149776421e+01 -2.149776421e+01
15772 0 +1.993495323e-03 -2.149800650e+01 -2.149800650e+01
17534 0 +1.778091758e-03 -2.149822191e+01 -2.149822191e+01
19630 0 +1.583798054e-03 -2.149841620e+01 -2.149841620e+01
21782 0 +1.411913154e-03 -2.149858809e+01 -2.149858809e+01
24801 0 +1.258865241e-03 -2.149874113e+01 -2.149874113e+01
28129 0 +1.121698114e-03 -2.149887830e+01 -2.149887830e+01
32357 0 +9.999532015e-04 -2.149900005e+01 -2.149900005e+01
36939 0 +8.910369366e-04 -2.149910896e+01 -2.149910896e+01
41997 0 +7.942407882e-04 -2.149920576e+01 -2.149920576e+01
47816 0 +7.078782322e-04 -2.149929212e+01 -2.149929212e+01
54465 0 +6.307969683e-04 -2.149936920e+01 -2.149936920e+01
61757 0 +5.623344676e-04 -2.149943767e+01 -2.149943767e+01
70705 0 +5.011429685e-04 -2.149949886e+01 -2.149949886e+01
81819 0 +4.466240064e-04 -2.149955338e+01 -2.149955338e+01
94010 0 +3.980425322e-04 -2.149960196e+01 -2.149960196e+01
107498 0 +3.547795942e-04 -2.149964522e+01 -2.149964522e+01
123087 0 +3.162080108e-04 -2.149968379e+01 -2.149968379e+01
142465 0 +2.817983663e-04 -2.149971820e+01 -2.149971820e+01
165350 0 +2.511695685e-04 -2.149974883e+01 -2.149974883e+01
191936 0 +2.238546310e-04 -2.149977615e+01 -2.149977615e+01
223696 0 +1.995242438e-04 -2.149980048e+01 -2.149980048e+01
262004 0 +1.778257544e-04 -2.149982217e+01 -2.149982217e+01
304097 0 +1.584878619e-04 -2.149984151e+01 -2.149984151e+01
349990 0 +1.412515762e-04 -2.149985875e+01 -2.149985875e+01
400000 0 +1.290614502e-04 -2.149987094e+01 -2.149987094e+01
% f evaluations | g evaluations | best noise-free fitness - Fopt (1.415000000000e+01) + sum g_i+ | measured fitness | best measured fitness or single-digit g-values | x1 | x2...
1 0 +6.706823913e+01 +8.121823913e+01 +8.121823913e+01
3 0 +6.616619051e+01 +8.031619051e+01 +8.031619051e+01
5 0 +5.791221115e+01 +7.206221115e+01 +7.206221115e+01
6 0 +5.315264411e+01 +6.730264411e+01 +6.730264411e+01
63 0 +4.557377274e+01 +5.972377274e+01 +5.972377274e+01
237 0 +4.296848472e+01 +5.711848472e+01 +5.711848472e+01
1225 0 +3.744622789e+01 +5.159622789e+01 +5.159622789e+01
1231 0 +3.529284967e+01 +4.944284967e+01 +4.944284967e+01
1250 0 +3.071326642e+01 +4.486326642e+01 +4.486326642e+01
1254 0 +2.754530549e+01 +4.169530549e+01 +4.169530549e+01
1268 0 +2.442786855e+01 +3.857786855e+01 +3.857786855e+01
1278 0 +2.191165536e+01 +3.606165536e+01 +3.606165536e+01
1281 0 +1.886873143e+01 +3.301873143e+01 +3.301873143e+01
1289 0 +1.736061823e+01 +3.151061823e+01 +3.151061823e+01
1303 0 +1.534792022e+01 +2.949792022e+01 +2.949792022e+01
1315 0 +1.372706031e+01 +2.787706031e+01 +2.787706031e+01
1322 0 +1.182000198e+01 +2.597000198e+01 +2.597000198e+01
1334 0 +1.107530960e+01 +2.522530960e+01 +2.522530960e+01
1348 0 +9.772049429e+00 +2.392204943e+01 +2.392204943e+01
1354 0 +8.899731247e+00 +2.304973125e+01 +2.304973125e+01
1365 0 +7.692709061e+00 +2.184270906e+01 +2.184270906e+01
1379 0 +7.045082161e+00 +2.119508216e+01 +2.119508216e+01
1394 0 +6.241833683e+00 +2.039183368e+01 +2.039183368e+01
1402 0 +5.272665845e+00 +1.942266585e+01 +1.942266585e+01
1408 0 +5.001048678e+00 +1.915104868e+01 +1.915104868e+01
1428 0 +4.262652189e+00 +1.841265219e+01 +1.841265219e+01
1432 0 +3.962992487e+00 +1.811299249e+01 +1.811299249e+01
1456 0 +3.309618607e+00 +1.745961861e+01 +1.745961861e+01
1457 0 +3.130832232e+00 +1.728083223e+01 +1.728083223e+01
1468 0 +2.567081492e+00 +1.671708149e+01 +1.671708149e+01
1474 0 +2.296898558e+00 +1.644689856e+01 +1.644689856e+01
1476 0 +1.956826849e+00 +1.610682685e+01 +1.610682685e+01
1479 0 +1.709837628e+00 +1.585983763e+01 +1.585983763e+01
1494 0 +1.407042927e+00 +1.555704293e+01 +1.555704293e+01
1520 0 +1.251937132e+00 +1.540193713e+01 +1.540193713e+01
1548 0 +1.036232358e+00 +1.518623236e+01 +1.518623236e+01
1596 0 +9.933205028e-01 +1.514332050e+01 +1.514332050e+01
1697 0 +8.853212222e-01 +1.503532122e+01 +1.503532122e+01
1718 0 +7.664142189e-01 +1.491641422e+01 +1.491641422e+01
1858 0 +7.028258553e-01 +1.485282586e+01 +1.485282586e+01
1904 0 +6.167433950e-01 +1.476674340e+01 +1.476674340e+01
1909 0 +4.970639530e-01 +1.464706395e+01 +1.464706395e+01
1919 0 +4.300962475e-01 +1.458009625e+01 +1.458009625e+01
1946 0 +3.652675520e-01 +1.451526755e+01 +1.451526755e+01
1995 0 +3.309645900e-01 +1.448096459e+01 +1.448096459e+01
2003 0 +2.936148881e-01 +1.444361489e+01 +1.444361489e+01
2179 0 +2.696891008e-01 +1.441968910e+01 +1.441968910e+01
2213 0 +2.463140149e-01 +1.439631401e+01 +1.439631401e+01
2228 0 +2.203946340e-01 +1.437039463e+01 +1.437039463e+01
2236 0 +1.982012813e-01 +1.434820128e+01 +1.434820128e+01
2267 0 +1.677728275e-01 +1.431777283e+01 +1.431777283e+01
2291 0 +1.551315665e-01 +1.430513157e+01 +1.430513157e+01
2360 0 +1.372499697e-01 +1.428724997e+01 +1.428724997e+01
2395 0 +1.232258813e-01 +1.427322588e+01 +1.427322588e+01
2564 0 +1.076080627e-01 +1.425760806e+01 +1.425760806e+01
2604 0 +9.881498609e-02 +1.424881499e+01 +1.424881499e+01
2627 0 +8.441437052e-02 +1.423441437e+01 +1.423441437e+01
2633 0 +6.829523710e-02 +1.421829524e+01 +1.421829524e+01
2885 0 +6.128524058e-02 +1.421128524e+01 +1.421128524e+01
2915 0 +5.492061596e-02 +1.420492062e+01 +1.420492062e+01
2956 0 +5.010807337e-02 +1.420010807e+01 +1.420010807e+01
2974 0 +4.065073468e-02 +1.419065073e+01 +1.419065073e+01
2980 0 +3.957207841e-02 +1.418957208e+01 +1.418957208e+01
3039 0 +3.511973771e-02 +1.418511974e+01 +1.418511974e+01
3181 0 +2.994063211e-02 +1.417994063e+01 +1.417994063e+01
3370 0 +2.784147582e-02 +1.417784148e+01 +1.417784148e+01
3433 0 +2.497390960e-02 +1.417497391e+01 +1.417497391e+01
3460 0 +2.109975637e-02 +1.417109976e+01 +1.417109976e+01
3511 0 +1.977161139e-02 +1.416977161e+01 +1.416977161e+01
3687 0 +1.777013917e-02 +1.416777014e+01 +1.416777014e+01
3734 0 +1.583951358e-02 +1.416583951e+01 +1.416583951e+01
3855 0 +1.411406608e-02 +1.416411407e+01 +1.416411407e+01
4085 0 +1.258262775e-02 +1.416258263e+01 +1.416258263e+01
4180 0 +1.103527683e-02 +1.416103528e+01 +1.416103528e+01
4332 0 +9.975642294e-03 +1.415997564e+01 +1.415997564e+01
4574 0 +8.891416943e-03 +1.415889142e+01 +1.415889142e+01
4713 0 +7.793316900e-03 +1.415779332e+01 +1.415779332e+01
4906 0 +7.015766365e-03 +1.415701577e+01 +1.415701577e+01
5375 0 +6.305238023e-03 +1.415630524e+01 +1.415630524e+01
5757 0 +5.621478362e-03 +1.415562148e+01 +1.415562148e+01
6165 0 +4.987315956e-03 +1.415498732e+01 +1.415498732e+01
6585 0 +4.459398238e-03 +1.415445940e+01 +1.415445940e+01
7033 0 +3.969012846e-03 +1.415396901e+01 +1.415396901e+01
7474 0 +3.536382025e-03 +1.415353638e+01 +1.415353638e+01
8311 0 +3.155437399e-03 +1.415315544e+01 +1.415315544e+01
8805 0 +2.810909808e-03 +1.415281091e+01 +1.415281091e+01
9394 0 +2.511682626e-03 +1.415251168e+01 +1.415251168e+01
10284 0 +2.236203129e-03 +1.415223620e+01 +1.415223620e+01
11598 0 +1.995216645e-03 +1.415199522e+01 +1.415199522e+01
13203 0 +1.775930303e-03 +1.415177593e+01 +1.415177593e+01
14360 0 +1.584739931e-03 +1.415158474e+01 +1.415158474e+01
15728 0 +1.412286073e-03 +1.415141229e+01 +1.415141229e+01
17687 0 +1.258342185e-03 +1.415125834e+01 +1.415125834e+01
19591 0 +1.121794060e-03 +1.415112179e+01 +1.415112179e+01
21845 0 +9.999797212e-04 +1.415099998e+01 +1.415099998e+01
25547 0 +8.911927222e-04 +1.415089119e+01 +1.415089119e+01
28827 0 +7.940777385e-04 +1.415079408e+01 +1.415079408e+01
31900 0 +7.078013985e-04 +1.415070780e+01 +1.415070780e+01
35421 0 +6.308929948e-04 +1.415063089e+01 +1.415063089e+01
39358 0 +5.622313450e-04 +1.415056223e+01 +1.415056223e+01
44200 0 +5.008763824e-04 +1.415050088e+01 +1.415050088e+01
48791 0 +4.465834897e-04 +1.415044658e+01 +1.415044658e+01
54027 0 +3.977593612e-04 +1.415039776e+01 +1.415039776e+01
59854 0 +3.546818973e-04 +1.415035468e+01 +1.415035468e+01
68107 0 +3.162127707e-04 +1.415031621e+01 +1.415031621e+01
74386 0 +2.818337696e-04 +1.415028183e+01 +1.415028183e+01
81887 0 +2.511548588e-04 +1.415025115e+01 +1.415025115e+01
90996 0 +2.238544184e-04 +1.415022385e+01 +1.415022385e+01
103947 0 +1.994430652e-04 +1.415019944e+01 +1.415019944e+01
113787 0 +1.778053671e-04 +1.415017781e+01 +1.415017781e+01
125889 0 +1.584836317e-04 +1.415015848e+01 +1.415015848e+01
142768 0 +1.412518699e-04 +1.415014125e+01 +1.415014125e+01
163867 0 +1.258756715e-04 +1.415012588e+01 +1.415012588e+01
184360 0 +1.122000868e-04 +1.415011220e+01 +1.415011220e+01
211826 0 +9.999898387e-05 +1.415010000e+01 +1.415010000e+01
252491 0 +8.911942810e-05 +1.415008912e+01 +1.415008912e+01
287103 0 +7.943253631e-05 +1.415007943e+01 +1.415007943e+01
325955 0 +7.079408153e-05 +1.415007079e+01 +1.415007079e+01
375169 0 +6.309506647e-05 +1.415006310e+01 +1.415006310e+01
400000 0 +6.049424966e-05 +1.415006049e+01 +1.415006049e+01
% f evaluations | g evaluations | best noise-free fitness - Fopt (-1.348000000000e+01) + sum g_i+ | measured fitness | best measured fitness or single-digit g-values | x1 | x2...
1 0 +1.123170998e+02 +9.883709980e+01 +9.883709980e+01
3 0 +9.970092109e+01 +8.622092109e+01 +8.622092109e+01
30 0 +8.670561476e+01 +7.322561476e+01 +7.322561476e+01
1216 0 +7.299610834e+01 +5.951610834e+01 +5.951610834e+01
1222 0 +6.954900925e+01 +5.606900925e+01 +5.606900925e+01
1223 0 +6.223953750e+01 +4.875953750e+01 +4.875953750e+01
1226 0 +5.598549131e+01 +4.250549131e+01 +4.250549131e+01
1238 0 +4.978242389e+01 +3.630242389e+01 +3.630242389e+01
1248 0 +4.435185609e+01 +3.087185609e+01 +3.087185609e+01
1252 0 +3.912622917e+01 +2.564622917e+01 +2.564622917e+01
1260 0 +3.503635759e+01 +2.155635759e+01 +2.155635759e+01
1268 0 +3.151738525e+01 +1.803738525e+01 +1.803738525e+01
1273 0 +2.756747338e+01 +1.408747338e+01 +1.408747338e+01
1286 0 +2.497571170e+01 +1.149571170e+01 +1.149571170e+01
1292 0 +2.223412689e+01 +8.754126891e+00 +8.754126891e+00
1296 0 +1.966335367e+01 +6.183353666e+00 +6.183353666e+00
1306 0 +1.674314561e+01 +3.263145609e+00 +3.263145609e+00
1307 0 +1.580448730e+01 +2.324487302e+00 +2.324487302e+00
1319 0 +1.340391824e+01 -7.608175727e-02 -7.608175727e-02
1326 0 +1.231602734e+01 -1.163972657e+00 -1.163972657e+00
1340 0 +1.054289878e+01 -2.937101220e+00 -2.937101220e+00
1342 0 +9.769688217e+00 -3.710311783e+00 -3.710311783e+00
1361 0 +8.407206965e+00 -5.072793035e+00 -5.072793035e+00
1368 0 +7.889197673e+00 -5.590802327e+00 -5.590802327e+00
1376 0 +6.968243941e+00 -6.511756059e+00 -6.511756059e+00
1382 0 +6.301987831e+00 -7.178012169e+00 -7.178012169e+00
1387 0 +5.597883376e+00 -7.882116624e+00 -7.882116624e+00
1394 0 +4.787220661e+00 -8.692779339e+00 -8.692779339e+00
1399 0 +4.463647059e+00 -9.016352941e+00 -9.016352941e+00
1408 0 +3.961937075e+00 -9.518062925e+00 -9.518062925e+00
1422 0 +3.522292447e+00 -9.957707553e+00 -9.957707553e+00
1450 0 +3.025580817e+00 -1.045441918e+01 -1.045441918e+01
1459 0 +2.718969694e+00 -1.076103031e+01 -1.076103031e+01
1463 0 +2.357557816e+00 -1.112244218e+01 -1.112244218e+01
1466 0 +2.184076259e+00 -1.129592374e+01 -1.129592374e+01
1479 0 +1.848031343e+00 -1.163196866e+01 -1.163196866e+01
1499 0 +1.771790984e+00 -1.170820902e+01 -1.170820902e+01
1513 0 +1.452190758e+00 -1.202780924e+01 -1.202780924e+01
1523 0 +1.341565102e+00 -1.213843490e+01 -1.213843490e+01
1532 0 +1.229689189e+00 -1.225031081e+01 -1.225031081e+01
1574 0 +1.102532528e+00 -1.237746747e+01 -1.237746747e+01
1691 0 +9.789111421e-01 -1.250108886e+01 -1.250108886e+01
1733 0 +8.883713631e-01 -1.259162864e+01 -1.259162864e+01
1742 0 +7.457068164e-01 -1.273429318e+01 -1.273429318e+01
1746 0 +6.964799182e-01 -1.278352008e+01 -1.278352008e+01
1757 0 +6.271537376e-01 -1.285284626e+01 -1.285284626e+01
1780 0 +5.537750592e-01 -1.292622494e+01 -1.292622494e+01
1793 0 +5.002364073e-01 -1.297976359e+01 -1.297976359e+01
1798 0 +4.332038216e-01 -1.304679618e+01 -1.304679618e+01
1812 0 +3.325178844e-01 -1.314748212e+01 -1.314748212e+01
1822 0 +2.714402560e-01 -1.320855974e+01 -1.320855974e+01
2005 0 +2.413883592e-01 -1.323861164e+01 -1.323861164e+01
2007 0 +2.228770095e-01 -1.325712299e+01 -1.325712299e+01
2061 0 +1.685918031e-01 -1.331140820e+01 -1.331140820e+01
2064 0 +1.518725380e-01 -1.332812746e+01 -1.332812746e+01
2108 0 +1.366108393e-01 -1.334338916e+01 -1.334338916e+01
2127 0 +1.216824118e-01 -1.335831759e+01 -1.335831759e+01
2253 0 +1.052647530e-01 -1.337473525e+01 -1.337473525e+01
2283 0 +9.789478197e-02 -1.338210522e+01 -1.338210522e+01
2285 0 +7.982463922e-02 -1.340017536e+01 -1.340017536e+01
2290 0 +7.038000937e-02 -1.340961999e+01 -1.340961999e+01
2483 0 +6.272328373e-02 -1.341727672e+01 -1.341727672e+01
2499 0 +5.535825812e-02 -1.342464174e+01 -1.342464174e+01
2513 0 +4.980615586e-02 -1.343019384e+01 -1.343019384e+01
2548 0 +4.419563471e-02 -1.343580437e+01 -1.343580437e+01
2558 0 +3.682127719e-02 -1.344317872e+01 -1.344317872e+01
2600 0 +3.474074768e-02 -1.344525925e+01 -1.344525925e+01
2636 0 +3.040914273e-02 -1.344959086e+01 -1.344959086e+01
2760 0 +2.743690241e-02 -1.345256310e+01 -1.345256310e+01
2891 0 +2.447325611e-02 -1.345552674e+01 -1.345552674e+01
2909 0 +2.088229346e-02 -1.345911771e+01 -1.345911771e+01
2959 0 +1.911106332e-02 -1.346088894e+01 -1.346088894e+01
2985 0 +1.765141848e-02 -1.346234858e+01 -1.346234858e+01
3098 0 +1.582912619e-02 -1.346417087e+01 -1.346417087e+01
3313 0 +1.410774248e-02 -1.346589226e+01 -1.346589226e+01
3555 0 +1.248435543e-02 -1.346751564e+01 -1.346751564e+01
3645 0 +1.120498519e-02 -1.346879501e+01 -1.346879501e+01
3889 0 +9.861128680e-03 -1.347013887e+01 -1.347013887e+01
4205 0 +8.760145979e-03 -1.347123985e+01 -1.347123985e+01
4344 0 +7.918815424e-03 -1.347208118e+01 -1.347208118e+01
4483 0 +7.051469676e-03 -1.347294853e+01 -1.347294853e+01
4629 0 +6.283103990e-03 -1.347371690e+01 -1.347371690e+01
5089 0 +5.583211980e-03 -1.347441679e+01 -1.347441679e+01
5652 0 +5.008463249e-03 -1.347499154e+01 -1.347499154e+01
5885 0 +4.404943065e-03 -1.347559506e+01 -1.347559506e+01
6347 0 +3.977878828e-03 -1.347602212e+01 -1.347602212e+01
6845 0 +3.535512694e-03 -1.347646449e+01 -1.347646449e+01
7351 0 +3.161890470e-03 -1.347683811e+01 -1.347683811e+01
8042 0 +2.816650776e-03 -1.347718335e+01 -1.347718335e+01
8979 0 +2.495662877e-03 -1.347750434e+01 -1.347750434e+01
10417 0 +2.238707629e-03 -1.347776129e+01 -1.347776129e+01
11699 0 +1.988958572e-03 -1.347801104e+01 -1.347801104e+01
13274 0 +1.778204745e-03 -1.347822180e+01 -1.347822180e+01
15660 0 +1.584485095e-03 -1.347841551e+01 -1.347841551e+01
16865 0 +1.412526133e-03 -1.347858747e+01 -1.347858747e+01
18819 0 +1.257919329e-03 -1.347874208e+01 -1.347874208e+01
22442 0 +1.121966802e-03 -1.347887803e+01 -1.347887803e+01
26053 0 +9.998537375e-04 -1.347900015e+01 -1.347900015e+01
28728 0 +8.911373517e-04 -1.347910886e+01 -1.347910886e+01
33807 0 +7.941245515e-04 -1.347920588e+01 -1.347920588e+01
37529 0 +7.079202988e-04 -1.347929208e+01 -1.347929208e+01
42045 0 +6.308344238e-04 -1.347936917e+01 -1.347936917e+01
49325 0 +5.618637365e-04 -1.347943814e+01 -1.347943814e+01
58125 0 +5.011601976e-04 -1.347949884e+01 -1.347949884e+01
68283 0 +4.466684726e-04 -1.347955333e+01 -1.347955333e+01
81965 0 +3.979452802e-04 -1.347960205e+01 -1.347960205e+01
99154 0 +3.548065466e-04 -1.347964519e+01 -1.347964519e+01
121733 0 +3.162252280e-04 -1.347968377e+01 -1.347968377e+01
148819 0 +2.818207973e-04 -1.347971818e+01 -1.347971818e+01
170145 0 +2.511850075e-04 -1.347974881e+01 -1.347974881e+01
203906 0 +2.238708894e-04 -1.347977613e+01 -1.347977613e+01
246685 0 +1.994936606e-04 -1.347980051e+01 -1.347980051e+01
304893 0 +1.778192689e-04 -1.347982218e+01 -1.347982218e+01
349725 0 +1.584883201e-04 -1.347984151e+01 -1.347984151e+01
400000 0 +1.457551263e-04 -1.347985424e+01 -1.347985424e+01
% f evaluations | g evaluations | best noise-free fitness - Fopt (-4.813000000000e+01) + sum g_i+ | measured fitness | best measured fitness or single-digit g-values | x1 | x2...
1 0 +8.785895310e+01 +3.972895310e+01 +3.972895310e+01
7 0 +8.342401012e+01 +3.529401012e+01 +3.529401012e+01
10 0 +7.214181971e+01 +2.401181971e+01 +2.401181971e+01
31 0 +6.376587521e+01 +1.563587521e+01 +1.563587521e+01
214 0 +6.262612121e+01 +1.449612121e+01 +1.449612121e+01
1237 0 +5.340901943e+01 +5.279019432e+00 +5.279019432e+00
1246 0 +4.953975352e+01 +1.409753518e+00 +1.409753518e+00
1253 0 +4.324635678e+01 -4.883643224e+00 -4.883643224e+00
1262 0 +3.913625122e+01 -8.993748777e+00 -8.993748777e+00
1267 0 +3.441087756e+01 -1.371912244e+01 -1.371912244e+01
1273 0 +3.090513411e+01 -1.722486589e+01 -1.722486589e+01
1281 0 +2.777696230e+01 -2.035303770e+01 -2.035303770e+01
1292 0 +2.462097224e+01 -2.350902776e+01 -2.350902776e+01
1297 0 +2.184449273e+01 -2.628550727e+01 -2.628550727e+01
1310 0 +1.947646798e+01 -2.865353202e+01 -2.865353202e+01
1324 0 +1.739865805e+01 -3.073134195e+01 -3.073134195e+01
1338 0 +1.558635801e+01 -3.254364199e+01 -3.254364199e+01
1347 0 +1.342860795e+01 -3.470139205e+01 -3.470139205e+01
1358 0 +1.204947312e+01 -3.608052688e+01 -3.608052688e+01
1361 0 +1.107339509e+01 -3.705660491e+01 -3.705660491e+01
1379 0 +9.622162303e+00 -3.850783770e+01 -3.850783770e+01
1392 0 +8.769541637e+00 -3.936045836e+01 -3.936045836e+01
1404 0 +7.748676138e+00 -4.038132386e+01 -4.038132386e+01
1416 0 +6.823294560e+00 -4.130670544e+01 -4.130670544e+01
1435 0 +5.704016922e+00 -4.242598308e+01 -4.242598308e+01
1445 0 +5.143665718e+00 -4.298633428e+01 -4.298633428e+01
1449 0 +4.993654389e+00 -4.313634561e+01 -4.313634561e+01
1457 0 +4.299944247e+00 -4.383005575e+01 -4.383005575e+01
1461 0 +3.917560376e+00 -4.421243962e+01 -4.421243962e+01
1474 0 +3.203836479e+00 -4.492616352e+01 -4.492616352e+01
1477 0 +3.106631816e+00 -4.502336818e+01 -4.502336818e+01
1490 0 +2.809105440e+00 -4.532089456e+01 -4.532089456e+01
1502 0 +2.306815254e+00 -4.582318475e+01 -4.582318475e+01
1515 0 +2.068863677e+00 -4.606113632e+01 -4.606113632e+01
1521 0 +1.831355762e+00 -4.629864424e+01 -4.629864424e+01
1523 0 +1.659205133e+00 -4.647079487e+01 -4.647079487e+01
1525 0 +1.539095359e+00 -4.659090464e+01 -4.659090464e+01
1552 0 +1.405305694e+00 -4.672469431e+01 -4.672469431e+01
1567 0 +1.244664578e+00 -4.688533542e+01 -4.688533542e+01
1585 0 +1.115812742e+00 -4.701418726e+01 -4.701418726e+01
1617 0 +9.530707648e-01 -4.717692924e+01 -4.717692924e+01
1622 0 +8.352645793e-01 -4.729473542e+01 -4.729473542e+01
1771 0 +7.737836797e-01 -4.735621632e+01 -4.735621632e+01
1789 0 +6.910519304e-01 -4.743894807e+01 -4.743894807e+01
1807 0 +6.245880197e-01 -4.750541198e+01 -4.750541198e+01
1817 0 +5.059711700e-01 -4.762402883e+01 -4.762402883e+01
1820 0 +4.875149606e-01 -4.764248504e+01 -4.764248504e+01
1826 0 +4.074028700e-01 -4.772259713e+01 -4.772259713e+01
1829 0 +3.221100137e-01 -4.780788999e+01 -4.780788999e+01
1861 0 +3.122969783e-01 -4.781770302e+01 -4.781770302e+01
1951 0 +2.466951603e-01 -4.788330484e+01 -4.788330484e+01
2131 0 +1.953848123e-01 -4.793461519e+01 -4.793461519e+01
2190 0 +1.691940490e-01 -4.796080595e+01 -4.796080595e+01
2220 0 +1.557305394e-01 -4.797426946e+01 -4.797426946e+01
2257 0 +1.285186319e-01 -4.800148137e+01 -4.800148137e+01
2265 0 +1.223630997e-01 -4.800763690e+01 -4.800763690e+01
2319 0 +1.093573812e-01 -4.802064262e+01 -4.802064262e+01
2406 0 +9.819886988e-02 -4.803180113e+01 -4.803180113e+01
2514 0 +7.919660502e-02 -4.805080339e+01 -4.805080339e+01
2701 0 +6.673648379e-02 -4.806326352e+01 -4.806326352e+01
2724 0 +5.734530001e-02 -4.807265470e+01 -4.807265470e+01
2756 0 +4.630490847e-02 -4.808369509e+01 -4.808369509e+01
2808 0 +4.273744020e-02 -4.808726256e+01 -4.808726256e+01
2970 0 +3.902921435e-02 -4.809097079e+01 -4.809097079e+01
3214 0 +3.485941842e-02 -4.809514058e+01 -4.809514058e+01
3243 0 +3.144604816e-02 -4.809855395e+01 -4.809855395e+01
3294 0 +2.741784166e-02 -4.810258216e+01 -4.810258216e+01
3316 0 +2.508097493e-02 -4.810491903e+01 -4.810491903e+01
3407 0 +2.217642481e-02 -4.810782358e+01 -4.810782358e+01
3538 0 +1.966799716e-02 -4.811033200e+01 -4.811033200e+01
3633 0 +1.773223503e-02 -4.811226776e+01 -4.811226776e+01
3685 0 +1.543135402e-02 -4.811456865e+01 -4.811456865e+01
3897 0 +1.347891403e-02 -4.811652109e+01 -4.811652109e+01
3941 0 +1.257392767e-02 -4.811742607e+01 -4.811742607e+01
4074 0 +1.115745624e-02 -4.811884254e+01 -4.811884254e+01
4108 0 +9.968667630e-03 -4.812003133e+01 -4.812003133e+01
4422 0 +8.903873542e-03 -4.812109613e+01 -4.812109613e+01
4565 0 +7.906334623e-03 -4.812209367e+01 -4.812209367e+01
4724 0 +7.073257899e-03 -4.812292674e+01 -4.812292674e+01
5017 0 +6.278390399e-03 -4.812372161e+01 -4.812372161e+01
5146 0 +5.602751622e-03 -4.812439725e+01 -4.812439725e+01
5261 0 +5.007304823e-03 -4.812499270e+01 -4.812499270e+01
5448 0 +4.453111706e-03 -4.812554689e+01 -4.812554689e+01
5793 0 +3.978960271e-03 -4.812602104e+01 -4.812602104e+01
5989 0 +3.535422113e-03 -4.812646458e+01 -4.812646458e+01
6261 0 +3.161878776e-03 -4.812683812e+01 -4.812683812e+01
6579 0 +2.808549123e-03 -4.812719145e+01 -4.812719145e+01
7115 0 +2.507553511e-03 -4.812749245e+01 -4.812749245e+01
7681 0 +2.237467689e-03 -4.812776253e+01 -4.812776253e+01
8203 0 +1.992099715e-03 -4.812800790e+01 -4.812800790e+01
8885 0 +1.776136256e-03 -4.812822386e+01 -4.812822386e+01
9894 0 +1.578877969e-03 -4.812842112e+01 -4.812842112e+01
10836 0 +1.412516948e-03 -4.812858748e+01 -4.812858748e+01
11671 0 +1.255751248e-03 -4.812874425e+01 -4.812874425e+01
12877 0 +1.119919528e-03 -4.812888008e+01 -4.812888008e+01
14294 0 +9.984490137e-04 -4.812900155e+01 -4.812900155e+01
15991 0 +8.911311273e-04 -4.812910887e+01 -4.812910887e+01
17274 0 +7.936510781e-04 -4.812920635e+01 -4.812920635e+01
18916 0 +7.079275803e-04 -4.812929207e+01 -4.812929207e+01
21137 0 +6.309545369e-04 -4.812936905e+01 -4.812936905e+01
23174 0 +5.622186881e-04 -4.812943778e+01 -4.812943778e+01
25674 0 +5.009532117e-04 -4.812949905e+01 -4.812949905e+01
29125 0 +4.464912000e-04 -4.812955351e+01 -4.812955351e+01
33845 0 +3.980563414e-04 -4.812960194e+01 -4.812960194e+01
38551 0 +3.547307774e-04 -4.812964527e+01 -4.812964527e+01
44964 0 +3.162277149e-04 -4.812968377e+01 -4.812968377e+01
52954 0 +2.818376838e-04 -4.812971816e+01 -4.812971816e+01
61597 0 +2.511490252e-04 -4.812974885e+01 -4.812974885e+01
73181 0 +2.238415559e-04 -4.812977616e+01 -4.812977616e+01
83601 0 +1.995209045e-04 -4.812980048e+01 -4.812980048e+01
95436 0 +1.778240534e-04 -4.812982218e+01 -4.812982218e+01
112934 0 +1.584891256e-04 -4.812984151e+01 -4.812984151e+01
136666 0 +1.412497793e-04 -4.812985875e+01 -4.812985875e+01
158504 0 +1.258867081e-04 -4.812987411e+01 -4.812987411e+01
182327 0 +1.122017773e-04 -4.812988780e+01 -4.812988780e+01
216801 0 +9.999601168e-05 -4.812990000e+01 -4.812990000e+01
257497 0 +8.912290179e-05 -4.812991088e+01 -4.812991088e+01
312228 0 +7.943232382e-05 -4.812992057e+01 -4.812992057e+01
352892 0 +7.079444396e-05 -4.812992921e+01 -4.812992921e+01
399835 0 +6.309529992e-05 -4.812993690e+01 -4.812993690e+01
400000 0 +6.307490136e-05 -4.812993693e+01 -4.812993693e+01
