% f evaluations | g evaluations | best noise-free fitness - Fopt (3.590000000000e+01) + sum g_i+ | measured fitness | best measured fitness or single-digit g-values | x1 | x2...
1 0 +5.506600110e+04 +5.510190110e+04 +5.510190110e+04 +0.0000e+00 +0.0000e+00 +0.0000e+00 +0.0000e+00 +0.0000e+00
4 0 +5.417308276e+04 +5.420898276e+04 +5.420898276e+04 -4.5498e+00 -1.6209e+00 -1.6209e+00 -1.6209e+00 -1.6209e+00
10 0 +4.907584510e+04 +4.911174510e+04 +4.911174510e+04 -1.6209e+00 -4.5498e+00 -1.6209e+00 -1.6209e+00 -1.6209e+00
11 0 +3.571595397e+04 +3.575185397e+04 +3.575185397e+04 +0.0000e+00 +2.9289e+00 +0.0000e+00 +0.0000e+00 +0.0000e+00
13 0 +3.383640805e+04 +3.387230805e+04 +3.387230805e+04 -1.6209e+00 +1.3081e+00 -1.6209e+00 -1.6209e+00 -1.6209e+00
25 0 +1.212599252e+04 +1.216189252e+04 +1.216189252e+04 -1.6209e+00 -1.6209e+00 -1.6209e+00 +1.3081e+00 -1.6209e+00
27 0 +9.050558109e+03 +9.086458109e+03 +9.086458109e+03 +1.6209e+00 +1.6209e+00 +1.6209e+00 +1.6209e+00 -1.3081e+00
171 0 +8.101899851e+02 +8.460899851e+02 +8.460899851e+02 +0.0000e+00 +2.0013e+00 +0.0000e+00 +2.0013e+00 -1.5807e+00
176 0 +4.092380955e+02 +4.451380955e+02 +4.451380955e+02 +0.0000e+00 +3.0019e+00 +0.0000e+00 +2.0013e+00 -1.5807e+00
181 0 +4.307195939e+01 +7.897195939e+01 +7.897195939e+01 +0.0000e+00 +3.0019e+00 +0.0000e+00 +2.0013e+00 -2.5814e+00
188 0 +3.119528495e+01 +6.709528495e+01 +6.709528495e+01 +0.0000e+00 +3.0019e+00 +1.0006e+00 +2.0013e+00 -2.5814e+00
198 0 +2.368563072e+01 +5.958563072e+01 +5.958563072e+01 +0.0000e+00 +2.0013e+00 +2.0013e+00 +2.0013e+00 -2.5814e+00
204 0 +1.351334608e+01 +4.941334608e+01 +4.941334608e+01 +1.0006e+00 +2.0013e+00 +2.0013e+00 +2.0013e+00 -2.5814e+00
228 0 +1.232879359e+01 +4.822879359e+01 +4.822879359e+01 +1.0006e+00 +1.0006e+00 +2.5016e+00 +2.0013e+00 -2.5814e+00
244 0 +1.070605862e+01 +4.660605862e+01 +4.660605862e+01 +1.2508e+00 +1.0006e+00 +2.5016e+00 +2.0013e+00 -2.5814e+00
248 0 +9.715572801e+00 +4.561557280e+01 +4.561557280e+01 +1.2508e+00 +7.5049e-01 +2.7518e+00 +2.0013e+00 -2.5814e+00
254 0 +7.228809665e+00 +4.312880966e+01 +4.312880966e+01 +1.5010e+00 +7.5049e-01 +2.7518e+00 +2.2515e+00 -2.5814e+00
260 0 +7.025214377e+00 +4.292521438e+01 +4.292521438e+01 +1.5010e+00 +7.5049e-01 +3.0019e+00 +2.5016e+00 -2.5814e+00
265 0 +6.306470466e+00 +4.220647047e+01 +4.220647047e+01 +1.7511e+00 +5.0032e-01 +3.0019e+00 +2.5016e+00 -2.5814e+00
274 0 +5.322039412e+00 +4.122203941e+01 +4.122203941e+01 +2.0013e+00 +5.0032e-01 +3.0019e+00 +2.5016e+00 -2.5814e+00
280 0 +4.968251823e+00 +4.086825182e+01 +4.086825182e+01 +2.0013e+00 +5.0032e-01 +3.0019e+00 +2.7518e+00 -2.5814e+00
282 0 +3.876749221e+00 +3.977674922e+01 +3.977674922e+01 +2.0013e+00 +5.0032e-01 +3.0019e+00 +2.7518e+00 -2.3312e+00
284 0 +3.100702284e+00 +3.900070228e+01 +3.900070228e+01 +2.2515e+00 +5.0032e-01 +3.0019e+00 +2.7518e+00 -2.3312e+00
302 0 +2.254694248e+00 +3.815469425e+01 +3.815469425e+01 +2.2515e+00 +7.5049e-01 +3.0019e+00 +3.0019e+00 -2.0810e+00
307 0 +2.140905090e+00 +3.804090509e+01 +3.804090509e+01 +2.2515e+00 +7.5049e-01 +2.7518e+00 +3.0019e+00 -2.0810e+00
322 0 +1.371834470e+00 +3.727183447e+01 +3.727183447e+01 +2.2515e+00 +1.0006e+00 +2.7518e+00 +3.0019e+00 -1.8309e+00
334 0 +1.187218754e+00 +3.708721875e+01 +3.708721875e+01 +2.3765e+00 +1.0006e+00 +2.7518e+00 +3.0019e+00 -1.8309e+00
335 0 +1.107862816e+00 +3.700786282e+01 +3.700786282e+01 +2.3765e+00 +8.7557e-01 +2.7518e+00 +3.0019e+00 -1.8309e+00
344 0 +7.408526250e-01 +3.664085262e+01 +3.664085262e+01 +2.5016e+00 +8.7557e-01 +2.7518e+00 +3.1270e+00 -1.8309e+00
352 0 +6.166031054e-01 +3.651660311e+01 +3.651660311e+01 +2.5016e+00 +8.7557e-01 +2.7518e+00 +3.2521e+00 -1.7058e+00
356 0 +5.533547900e-01 +3.645335479e+01 +3.645335479e+01 +2.5016e+00 +1.0006e+00 +2.7518e+00 +3.2521e+00 -1.7058e+00
364 0 +3.841555958e-01 +3.628415560e+01 +3.628415560e+01 +2.6267e+00 +1.0006e+00 +2.6267e+00 +3.2521e+00 -1.7058e+00
372 0 +2.272432235e-01 +3.612724322e+01 +3.612724322e+01 +2.6267e+00 +1.0006e+00 +2.6267e+00 +3.3772e+00 -1.5807e+00
376 0 +1.847517620e-01 +3.608475176e+01 +3.608475176e+01 +2.6267e+00 +1.1257e+00 +2.6267e+00 +3.3772e+00 -1.5807e+00
394 0 +1.395183771e-01 +3.603951838e+01 +3.603951838e+01 +2.6892e+00 +1.1257e+00 +2.6267e+00 +3.3772e+00 -1.5807e+00
402 0 +7.848417758e-02 +3.597848418e+01 +3.597848418e+01 +2.6892e+00 +1.0632e+00 +2.6267e+00 +3.3772e+00 -1.5182e+00
414 0 +4.767965358e-02 +3.594767965e+01 +3.594767965e+01 +2.7205e+00 +1.0632e+00 +2.6267e+00 +3.3772e+00 -1.5182e+00
434 0 +4.338171343e-02 +3.594338171e+01 +3.594338171e+01 +2.7361e+00 +1.0632e+00 +2.6267e+00 +3.3772e+00 -1.5182e+00
442 0 +3.822601060e-02 +3.593822601e+01 +3.593822601e+01 +2.7361e+00 +1.0632e+00 +2.6267e+00 +3.3928e+00 -1.5025e+00
444 0 +3.193125322e-02 +3.593193125e+01 +3.593193125e+01 +2.7518e+00 +1.0632e+00 +2.6267e+00 +3.3928e+00 -1.5025e+00
447 0 +3.049769570e-02 +3.593049770e+01 +3.593049770e+01 +2.7518e+00 +1.0632e+00 +2.6111e+00 +3.3928e+00 -1.5025e+00
462 0 +2.145143899e-02 +3.592145144e+01 +3.592145144e+01 +2.7518e+00 +1.0788e+00 +2.6111e+00 +3.4085e+00 -1.4869e+00
472 0 +1.480156345e-02 +3.591480156e+01 +3.591480156e+01 +2.7518e+00 +1.0945e+00 +2.6111e+00 +3.4085e+00 -1.4713e+00
482 0 +9.205353691e-03 +3.590920535e+01 +3.590920535e+01 +2.7518e+00 +1.0945e+00 +2.5954e+00 +3.4085e+00 -1.4556e+00
504 0 +8.018917688e-03 +3.590801892e+01 +3.590801892e+01 +2.7596e+00 +1.1101e+00 +2.5954e+00 +3.4085e+00 -1.4556e+00
505 0 +7.598876689e-03 +3.590759888e+01 +3.590759888e+01 +2.7596e+00 +1.1023e+00 +2.5954e+00 +3.4085e+00 -1.4556e+00
512 0 +4.871327579e-03 +3.590487133e+01 +3.590487133e+01 +2.7596e+00 +1.1023e+00 +2.5954e+00 +3.4085e+00 -1.4478e+00
520 0 +3.984763752e-03 +3.590398476e+01 +3.590398476e+01 +2.7674e+00 +1.1023e+00 +2.5954e+00 +3.4163e+00 -1.4478e+00
534 0 +3.197368691e-03 +3.590319737e+01 +3.590319737e+01 +2.7713e+00 +1.1023e+00 +2.5954e+00 +3.4163e+00 -1.4478e+00
540 0 +3.050131148e-03 +3.590305013e+01 +3.590305013e+01 +2.7713e+00 +1.1023e+00 +2.5954e+00 +3.4202e+00 -1.4478e+00
542 0 +2.479063501e-03 +3.590247906e+01 +3.590247906e+01 +2.7713e+00 +1.1023e+00 +2.5954e+00 +3.4202e+00 -1.4439e+00
576 0 +2.218701639e-03 +3.590221870e+01 +3.590221870e+01 +2.7752e+00 +1.1042e+00 +2.5935e+00 +3.4202e+00 -1.4439e+00
582 0 +1.701779353e-03 +3.590170178e+01 +3.590170178e+01 +2.7752e+00 +1.1042e+00 +2.5935e+00 +3.4221e+00 -1.4419e+00
592 0 +1.391066882e-03 +3.590139107e+01 +3.590139107e+01 +2.7752e+00 +1.1062e+00 +2.5915e+00 +3.4221e+00 -1.4400e+00
612 0 +9.898562949e-04 +3.590098986e+01 +3.590098986e+01 +2.7772e+00 +1.1081e+00 +2.5915e+00 +3.4261e+00 -1.4380e+00
622 0 +7.857258670e-04 +3.590078573e+01 +3.590078573e+01 +2.7772e+00 +1.1101e+00 +2.5915e+00 +3.4261e+00 -1.4361e+00
624 0 +6.706170418e-04 +3.590067062e+01 +3.590067062e+01 +2.7791e+00 +1.1101e+00 +2.5915e+00 +3.4261e+00 -1.4361e+00
632 0 +4.885287205e-04 +3.590048853e+01 +3.590048853e+01 +2.7791e+00 +1.1101e+00 +2.5896e+00 +3.4261e+00 -1.4341e+00
642 0 +3.763054559e-04 +3.590037631e+01 +3.590037631e+01 +2.7791e+00 +1.1101e+00 +2.5896e+00 +3.4261e+00 -1.4322e+00
646 0 +2.770436246e-04 +3.590027704e+01 +3.590027704e+01 +2.7791e+00 +1.1120e+00 +2.5896e+00 +3.4261e+00 -1.4322e+00
652 0 +1.673704636e-04 +3.590016737e+01 +3.590016737e+01 +2.7791e+00 +1.1120e+00 +2.5896e+00 +3.4261e+00 -1.4302e+00
680 0 +1.559917741e-04 +3.590015599e+01 +3.590015599e+01 +2.7791e+00 +1.1130e+00 +2.5886e+00 +3.4270e+00 -1.4302e+00
682 0 +1.297367784e-04 +3.590012974e+01 +3.590012974e+01 +2.7791e+00 +1.1130e+00 +2.5886e+00 +3.4270e+00 -1.4292e+00
684 0 +9.083559306e-05 +3.590009084e+01 +3.590009084e+01 +2.7801e+00 +1.1130e+00 +2.5886e+00 +3.4270e+00 -1.4292e+00
685 0 +8.786825520e-05 +3.590008787e+01 +3.590008787e+01 +2.7801e+00 +1.1120e+00 +2.5886e+00 +3.4270e+00 -1.4292e+00
704 0 +7.917032916e-05 +3.590007917e+01 +3.590007917e+01 +2.7806e+00 +1.1120e+00 +2.5886e+00 +3.4270e+00 -1.4292e+00
713 0 +6.965750786e-05 +3.590006966e+01 +3.590006966e+01 +2.7801e+00 +1.1120e+00 +2.5881e+00 +3.4270e+00 -1.4287e+00
722 0 +5.408821225e-05 +3.590005409e+01 +3.590005409e+01 +2.7801e+00 +1.1125e+00 +2.5881e+00 +3.4270e+00 -1.4283e+00
724 0 +4.298581646e-05 +3.590004299e+01 +3.590004299e+01 +2.7806e+00 +1.1125e+00 +2.5881e+00 +3.4270e+00 -1.4283e+00
732 0 +2.988229426e-05 +3.590002988e+01 +3.590002988e+01 +2.7806e+00 +1.1125e+00 +2.5881e+00 +3.4270e+00 -1.4278e+00
757 0 +2.817006924e-05 +3.590002817e+01 +3.590002817e+01 +2.7809e+00 +1.1125e+00 +2.5879e+00 +3.4270e+00 -1.4278e+00
762 0 +2.074609311e-05 +3.590002075e+01 +3.590002075e+01 +2.7809e+00 +1.1125e+00 +2.5879e+00 +3.4270e+00 -1.4275e+00
767 0 +1.909688014e-05 +3.590001910e+01 +3.590001910e+01 +2.7809e+00 +1.1128e+00 +2.5876e+00 +3.4270e+00 -1.4275e+00
772 0 +1.569818266e-05 +3.590001570e+01 +3.590001570e+01 +2.7809e+00 +1.1128e+00 +2.5876e+00 +3.4273e+00 -1.4273e+00
774 0 +1.332834200e-05 +3.590001333e+01 +3.590001333e+01 +2.7811e+00 +1.1128e+00 +2.5876e+00 +3.4273e+00 -1.4273e+00
780 0 +1.123385576e-05 +3.590001123e+01 +3.590001123e+01 +2.7811e+00 +1.1130e+00 +2.5876e+00 +3.4275e+00 -1.4273e+00
782 0 +8.323088764e-06 +3.590000832e+01 +3.590000832e+01 +2.7811e+00 +1.1130e+00 +2.5876e+00 +3.4275e+00 -1.4270e+00
787 0 +7.825185286e-06 +3.590000783e+01 +3.590000783e+01 +2.7811e+00 +1.1133e+00 +2.5874e+00 +3.4275e+00 -1.4270e+00
804 0 +6.893610568e-06 +3.590000689e+01 +3.590000689e+01 +2.7812e+00 +1.1133e+00 +2.5874e+00 +3.4275e+00 -1.4270e+00
812 0 +5.015639672e-06 +3.590000502e+01 +3.590000502e+01 +2.7812e+00 +1.1133e+00 +2.5874e+00 +3.4276e+00 -1.4269e+00
816 0 +4.973698893e-06 +3.590000497e+01 +3.590000497e+01 +2.7812e+00 +1.1134e+00 +2.5874e+00 +3.4276e+00 -1.4269e+00
822 0 +3.633086187e-06 +3.590000363e+01 +3.590000363e+01 +2.7812e+00 +1.1134e+00 +2.5874e+00 +3.4278e+00 -1.4268e+00
824 0 +2.989431003e-06 +3.590000299e+01 +3.590000299e+01 +2.7813e+00 +1.1134e+00 +2.5874e+00 +3.4278e+00 -1.4268e+00
832 0 +1.840826755e-06 +3.590000184e+01 +3.590000184e+01 +2.7813e+00 +1.1134e+00 +2.5874e+00 +3.4278e+00 -1.4267e+00
834 0 +1.695197739e-06 +3.590000170e+01 +3.590000170e+01 +2.7815e+00 +1.1134e+00 +2.5874e+00 +3.4278e+00 -1.4267e+00
860 0 +1.542365531e-06 +3.590000154e+01 +3.590000154e+01 +2.7815e+00 +1.1134e+00 +2.5874e+00 +3.4278e+00 -1.4267e+00
872 0 +9.484288057e-07 +3.590000095e+01 +3.590000095e+01 +2.7815e+00 +1.1134e+00 +2.5873e+00 +3.4278e+00 -1.4266e+00
884 0 +8.524795945e-07 +3.590000085e+01 +3.590000085e+01 +2.7815e+00 +1.1135e+00 +2.5873e+00 +3.4279e+00 -1.4266e+00
922 0 +7.262570278e-07 +3.590000073e+01 +3.590000073e+01 +2.7815e+00 +1.1135e+00 +2.5873e+00 +3.4279e+00 -1.4266e+00
940 0 +6.982491954e-07 +3.590000070e+01 +3.590000070e+01 +2.7815e+00 +1.1135e+00 +2.5873e+00 +3.4279e+00 -1.4266e+00
950 0 +6.208549550e-07 +3.590000062e+01 +3.590000062e+01 +2.7815e+00 +1.1135e+00 +2.5873e+00 +3.4279e+00 -1.4266e+00
960 0 +5.584318146e-07 +3.590000056e+01 +3.590000056e+01 +2.7815e+00 +1.1135e+00 +2.5873e+00 +3.4279e+00 -1.4266e+00
972 0 +4.991113158e-07 +3.590000050e+01 +3.590000050e+01 +2.7815e+00 +1.1135e+00 +2.5873e+00 +3.4279e+00 -1.4266e+00
992 0 +4.182013669e-07 +3.590000042e+01 +3.590000042e+01 +2.7815e+00 +1.1135e+00 +2.5873e+00 +3.4279e+00 -1.4266e+00
1002 0 +3.685270045e-07 +3.590000037e+01 +3.590000037e+01 +2.7816e+00 +1.1135e+00 +2.5873e+00 +3.4279e+00 -1.4265e+00
1012 0 +3.354348550e-07 +3.590000034e+01 +3.590000034e+01 +2.7816e+00 +1.1135e+00 +2.5872e+00 +3.4279e+00 -1.4265e+00
1022 0 +3.074171602e-07 +3.590000031e+01 +3.590000031e+01 +2.7816e+00 +1.1135e+00 +2.5872e+00 +3.4280e+00 -1.4265e+00
1032 0 +2.629538756e-07 +3.590000026e+01 +3.590000026e+01 +2.7816e+00 +1.1135e+00 +2.5872e+00 +3.4280e+00 -1.4265e+00
1042 0 +2.255925011e-07 +3.590000023e+01 +3.590000023e+01 +2.7816e+00 +1.1135e+00 +2.5872e+00 +3.4280e+00 -1.4265e+00
1046 0 +2.234555154e-07 +3.590000022e+01 +3.590000022e+01 +2.7816e+00 +1.1135e+00 +2.5872e+00 +3.4280e+00 -1.4265e+00
1054 0 +1.951495534e-07 +3.590000020e+01 +3.590000020e+01 +2.7816e+00 +1.1135e+00 +2.5872e+00 +3.4280e+00 -1.4265e+00
1082 0 +1.578269888e-07 +3.590000016e+01 +3.590000016e+01 +2.7816e+00 +1.1136e+00 +2.5872e+00 +3.4280e+00 -1.4265e+00
1102 0 +1.338416382e-07 +3.590000013e+01 +3.590000013e+01 +2.7816e+00 +1.1136e+00 +2.5872e+00 +3.4280e+00 -1.4265e+00
1112 0 +1.164628571e-07 +3.590000012e+01 +3.590000012e+01 +2.7816e+00 +1.1136e+00 +2.5872e+00 +3.4280e+00 -1.4265e+00
1122 0 +1.042229769e-07 +3.590000010e+01 +3.590000010e+01 +2.7816e+00 +1.1136e+00 +2.5872e+00 +3.4280e+00 -1.4265e+00
1182 0 +9.908671927e-08 +3.590000010e+01 +3.590000010e+01 +2.7816e+00 +1.1136e+00 +2.5872e+00 +3.4280e+00 -1.4265e+00
1212 0 +8.675574037e-08 +3.590000009e+01 +3.590000009e+01 +2.7816e+00 +1.1136e+00 +2.5872e+00 +3.4280e+00 -1.4265e+00
1232 0 +7.806348634e-08 +3.590000008e+01 +3.590000008e+01 +2.7816e+00 +1.1136e+00 +2.5872e+00 +3.4280e+00 -1.4265e+00
1242 0 +6.947178832e-08 +3.590000007e+01 +3.590000007e+01 +2.7816e+00 +1.1136e+00 +2.5872e+00 +3.4280e+00 -1.4265e+00
1303 0 +6.294254007e-08 +3.590000006e+01 +3.590000006e+01 +2.7816e+00 +1.1136e+00 +2.5872e+00 +3.4280e+00 -1.4265e+00
1432 0 +5.621933497e-08 +3.590000006e+01 +3.590000006e+01 +2.7816e+00 +1.1136e+00 +2.5872e+00 +3.4280e+00 -1.4265e+00
1842 0 +4.994112146e-08 +3.590000005e+01 +3.590000005e+01 +2.7816e+00 +1.1136e+00 +2.5872e+00 +3.4280e+00 -1.4264e+00
2062 0 +4.461931269e-08 +3.590000004e+01 +3.590000004e+01 +2.7816e+00 +1.1136e+00 +2.5872e+00 +3.4280e+00 -1.4264e+00
2232 0 +3.973584484e-08 +3.590000004e+01 +3.590000004e+01 +2.7816e+00 +1.1136e+00 +2.5872e+00 +3.4280e+00 -1.4264e+00
2403 0 +3.546012550e-08 +3.590000004e+01 +3.590000004e+01 +2.7816e+00 +1.1136e+00 +2.5872e+00 +3.4280e+00 -1.4264e+00
2622 0 +3.158168482e-08 +3.590000003e+01 +3.590000003e+01 +2.7816e+00 +1.1136e+00 +2.5872e+00 +3.4280e+00 -1.4264e+00
2872 0 +2.814355327e-08 +3.590000003e+01 +3.590000003e+01 +2.7816e+00 +1.1136e+00 +2.5872e+00 +3.4280e+00 -1.4264e+00
3064 0 +2.510524411e-08 +3.590000003e+01 +3.590000003e+01 +2.7816e+00 +1.1136e+00 +2.5872e+00 +3.4280e+00 -1.4264e+00
3232 0 +2.235675822e-08 +3.590000002e+01 +3.590000002e+01 +2.7816e+00 +1.1136e+00 +2.5872e+00 +3.4280e+00 -1.4264e+00
3432 0 +1.987204712e-08 +3.590000002e+01 +3.590000002e+01 +2.7816e+00 +1.1136e+00 +2.5872e+00 +3.4280e+00 -1.4264e+00
3622 0 +1.768658819e-08 +3.590000002e+01 +3.590000002e+01 +2.7816e+00 +1.1136e+00 +2.5872e+00 +3.4280e+00 -1.4264e+00
3742 0 +1.576650988e-08 +3.590000002e+01 +3.590000002e+01 +2.7816e+00 +1.1136e+00 +2.5872e+00 +3.4280e+00 -1.4264e+00
3902 0 +1.412373507e-08 +3.590000001e+01 +3.590000001e+01 +2.7816e+00 +1.1136e+00 +2.5872e+00 +3.4280e+00 -1.4264e+00
4092 0 +1.257208737e-08 +3.590000001e+01 +3.590000001e+01 +2.7816e+00 +1.1136e+00 +2.5872e+00 +3.4280e+00 -1.4264e+00
4392 0 +1.121848925e-08 +3.590000001e+01 +3.590000001e+01 +2.7816e+00 +1.1136e+00 +2.5872e+00 +3.4280e+00 -1.4264e+00
4843 0 +9.999276074e-09 +3.590000001e+01 +3.590000001e+01 +2.7816e+00 +1.1136e+00 +2.5872e+00 +3.4280e+00 -1.4264e+00
50000 0 +3.739586418e-11 +3.590000000e+01 +3.590000000e+01 +2.7816e+00 +1.1136e+00 +2.5872e+00 +3.4280e+00 -1.4264e+00
% f evaluations | g evaluations | best noise-free fitness - Fopt (3.137000000000e+01) + sum g_i+ | measured fitness | best measured fitness or single-digit g-values | x1 | x2...
1 0 +4.394714990e+04 +4.397851990e+04 +4.397851990e+04 +0.0000e+00 +0.0000e+00 +0.0000e+00 +0.0000e+00 +0.0000e+00
2 0 +1.475407762e+03 +1.506777762e+03 +1.506777762e+03 -2.9289e+00 +0.0000e+00 +0.0000e+00 +0.0000e+00 +0.0000e+00
4 0 +5.351602341e+02 +5.665302341e+02 +5.665302341e+02 -4.5498e+00 -1.6209e+00 -1.6209e+00 -1.6209e+00 -1.6209e+00
10 0 +1.208050974e+02 +1.521750974e+02 +1.521750974e+02 -1.6209e+00 -4.5498e+00 -1.6209e+00 -1.6209e+00 -1.6209e+00
14 0 +5.276698822e+01 +8.413698822e+01 +8.413698822e+01 +0.0000e+00 +0.0000e+00 -2.9289e+00 +0.0000e+00 +0.0000e+00
226 0 +4.331666573e+01 +7.468666573e+01 +7.468666573e+01 -2.6502e-01 -1.0006e+00 -2.3418e+00 +1.1492e-01 -3.0019e+00
230 0 +2.728146453e+01 +5.865146453e+01 +5.865146453e+01 -2.6502e-01 -1.0006e+00 -3.3425e+00 +1.1156e+00 -3.0019e+00
236 0 +2.344838598e+01 +5.481838598e+01 +5.481838598e+01 -2.6502e-01 +4.4409e-16 -3.3425e+00 +1.1156e+00 -3.0019e+00
240 0 +1.266939931e+01 +4.403939931e+01 +4.403939931e+01 -2.6502e-01 +4.4409e-16 -3.3425e+00 +2.1162e+00 -3.0019e+00
246 0 +8.246018513e+00 +3.961601851e+01 +3.961601851e+01 -2.6502e-01 +1.0006e+00 -3.3425e+00 +2.1162e+00 -2.0013e+00
270 0 +5.540312498e+00 +3.691031250e+01 +3.691031250e+01 -2.6502e-01 +1.0006e+00 -3.3425e+00 +2.6165e+00 -2.0013e+00
280 0 +2.807130916e+00 +3.417713092e+01 +3.417713092e+01 -2.6502e-01 +1.0006e+00 -3.8428e+00 +3.1169e+00 -2.0013e+00
286 0 +1.451214509e+00 +3.282121451e+01 +3.282121451e+01 -2.6502e-01 +1.5010e+00 -3.8428e+00 +3.1169e+00 -2.0013e+00
306 0 +1.349063280e+00 +3.271906328e+01 +3.271906328e+01 -2.6502e-01 +1.7511e+00 -3.8428e+00 +3.1169e+00 -2.0013e+00
310 0 +5.240092789e-01 +3.189400928e+01 +3.189400928e+01 -2.6502e-01 +1.7511e+00 -3.8428e+00 +3.3670e+00 -2.0013e+00
320 0 +1.181753487e-01 +3.148817535e+01 +3.148817535e+01 -2.6502e-01 +1.7511e+00 -3.8428e+00 +3.6172e+00 -2.0013e+00
356 0 +7.876612815e-02 +3.144876613e+01 +3.144876613e+01 -2.6502e-01 +1.8137e+00 -3.8428e+00 +3.6172e+00 -1.9388e+00
380 0 +4.452403737e-02 +3.141452404e+01 +3.141452404e+01 -2.6502e-01 +1.8137e+00 -3.8740e+00 +3.6485e+00 -1.9388e+00
386 0 +3.863014549e-02 +3.140863015e+01 +3.140863015e+01 -2.6502e-01 +1.8449e+00 -3.8740e+00 +3.6485e+00 -1.9388e+00
390 0 +1.933315642e-02 +3.138933316e+01 +3.138933316e+01 -2.6502e-01 +1.8449e+00 -3.8740e+00 +3.6797e+00 -1.9388e+00
406 0 +1.561553475e-02 +3.138561553e+01 +3.138561553e+01 -2.6502e-01 +1.8606e+00 -3.8740e+00 +3.6797e+00 -1.9388e+00
410 0 +9.484870628e-03 +3.137948487e+01 +3.137948487e+01 -2.6502e-01 +1.8606e+00 -3.8740e+00 +3.6954e+00 -1.9388e+00
426 0 +8.566389738e-03 +3.137856639e+01 +3.137856639e+01 -2.7284e-01 +1.8684e+00 -3.8740e+00 +3.6954e+00 -1.9388e+00
430 0 +5.936022228e-03 +3.137593602e+01 +3.137593602e+01 -2.7284e-01 +1.8684e+00 -3.8740e+00 +3.7032e+00 -1.9388e+00
432 0 +5.105580979e-03 +3.137510558e+01 +3.137510558e+01 -2.7284e-01 +1.8684e+00 -3.8740e+00 +3.7032e+00 -1.9309e+00
436 0 +4.614053380e-03 +3.137461405e+01 +3.137461405e+01 -2.7284e-01 +1.8762e+00 -3.8740e+00 +3.7032e+00 -1.9309e+00
460 0 +3.587220523e-03 +3.137358722e+01 +3.137358722e+01 -2.7284e-01 +1.8762e+00 -3.8780e+00 +3.7071e+00 -1.9309e+00
462 0 +3.383765929e-03 +3.137338377e+01 +3.137338377e+01 -2.7284e-01 +1.8762e+00 -3.8780e+00 +3.7071e+00 -1.9270e+00
466 0 +2.677187778e-03 +3.137267719e+01 +3.137267719e+01 -2.7284e-01 +1.8801e+00 -3.8780e+00 +3.7071e+00 -1.9270e+00
470 0 +2.321712534e-03 +3.137232171e+01 +3.137232171e+01 -2.7284e-01 +1.8801e+00 -3.8780e+00 +3.7110e+00 -1.9270e+00
476 0 +1.836415098e-03 +3.137183642e+01 +3.137183642e+01 -2.7284e-01 +1.8840e+00 -3.8780e+00 +3.7110e+00 -1.9270e+00
480 0 +1.305478663e-03 +3.137130548e+01 +3.137130548e+01 -2.7284e-01 +1.8840e+00 -3.8780e+00 +3.7149e+00 -1.9270e+00
496 0 +9.180077424e-04 +3.137091801e+01 +3.137091801e+01 -2.7284e-01 +1.8879e+00 -3.8819e+00 +3.7149e+00 -1.9231e+00
506 0 +6.641360451e-04 +3.137066414e+01 +3.137066414e+01 -2.7284e-01 +1.8919e+00 -3.8819e+00 +3.7149e+00 -1.9231e+00
510 0 +2.811299404e-04 +3.137028113e+01 +3.137028113e+01 -2.7284e-01 +1.8919e+00 -3.8819e+00 +3.7188e+00 -1.9231e+00
540 0 +2.177049147e-04 +3.137021770e+01 +3.137021770e+01 -2.7284e-01 +1.8928e+00 -3.8819e+00 +3.7198e+00 -1.9231e+00
542 0 +1.988121145e-04 +3.137019881e+01 +3.137019881e+01 -2.7284e-01 +1.8928e+00 -3.8819e+00 +3.7198e+00 -1.9221e+00
546 0 +1.573848374e-04 +3.137015738e+01 +3.137015738e+01 -2.7284e-01 +1.8938e+00 -3.8819e+00 +3.7198e+00 -1.9221e+00
572 0 +1.409074613e-04 +3.137014091e+01 +3.137014091e+01 -2.7284e-01 +1.8938e+00 -3.8824e+00 +3.7203e+00 -1.9217e+00
577 0 +1.237792282e-04 +3.137012378e+01 +3.137012378e+01 -2.7235e-01 +1.8943e+00 -3.8828e+00 +3.7203e+00 -1.9217e+00
580 0 +9.519694968e-05 +3.137009520e+01 +3.137009520e+01 -2.7235e-01 +1.8943e+00 -3.8828e+00 +3.7208e+00 -1.9217e+00
586 0 +8.521856925e-05 +3.137008522e+01 +3.137008522e+01 -2.7235e-01 +1.8948e+00 -3.8828e+00 +3.7208e+00 -1.9217e+00
590 0 +6.513494206e-05 +3.137006513e+01 +3.137006513e+01 -2.7235e-01 +1.8948e+00 -3.8828e+00 +3.7213e+00 -1.9217e+00
600 0 +5.184070209e-05 +3.137005184e+01 +3.137005184e+01 -2.7235e-01 +1.8948e+00 -3.8833e+00 +3.7218e+00 -1.9217e+00
610 0 +3.494044664e-05 +3.137003494e+01 +3.137003494e+01 -2.7186e-01 +1.8948e+00 -3.8838e+00 +3.7222e+00 -1.9217e+00
616 0 +2.939490191e-05 +3.137002939e+01 +3.137002939e+01 -2.7186e-01 +1.8953e+00 -3.8838e+00 +3.7222e+00 -1.9217e+00
626 0 +1.697669014e-05 +3.137001698e+01 +3.137001698e+01 -2.7186e-01 +1.8958e+00 -3.8838e+00 +3.7222e+00 -1.9212e+00
646 0 +1.579678980e-05 +3.137001580e+01 +3.137001580e+01 -2.7186e-01 +1.8960e+00 -3.8838e+00 +3.7222e+00 -1.9212e+00
650 0 +1.156498205e-05 +3.137001156e+01 +3.137001156e+01 -2.7186e-01 +1.8960e+00 -3.8838e+00 +3.7225e+00 -1.9212e+00
656 0 +8.767214222e-06 +3.137000877e+01 +3.137000877e+01 -2.7186e-01 +1.8962e+00 -3.8838e+00 +3.7225e+00 -1.9209e+00
660 0 +5.628663349e-06 +3.137000563e+01 +3.137000563e+01 -2.7186e-01 +1.8962e+00 -3.8841e+00 +3.7227e+00 -1.9209e+00
666 0 +3.902858801e-06 +3.137000390e+01 +3.137000390e+01 -2.7186e-01 +1.8965e+00 -3.8841e+00 +3.7227e+00 -1.9209e+00
670 0 +1.758644483e-06 +3.137000176e+01 +3.137000176e+01 -2.7186e-01 +1.8965e+00 -3.8841e+00 +3.7230e+00 -1.9209e+00
686 0 +1.562984220e-06 +3.137000156e+01 +3.137000156e+01 -2.7186e-01 +1.8966e+00 -3.8841e+00 +3.7230e+00 -1.9209e+00
692 0 +1.341735008e-06 +3.137000134e+01 +3.137000134e+01 -2.7186e-01 +1.8966e+00 -3.8841e+00 +3.7230e+00 -1.9208e+00
696 0 +9.318529308e-07 +3.137000093e+01 +3.137000093e+01 -2.7186e-01 +1.8967e+00 -3.8841e+00 +3.7230e+00 -1.9208e+00
716 0 +8.748415077e-07 +3.137000087e+01 +3.137000087e+01 -2.7192e-01 +1.8968e+00 -3.8841e+00 +3.7230e+00 -1.9208e+00
720 0 +4.879608539e-07 +3.137000049e+01 +3.137000049e+01 -2.7192e-01 +1.8968e+00 -3.8841e+00 +3.7230e+00 -1.9208e+00
730 0 +2.456486925e-07 +3.137000025e+01 +3.137000025e+01 -2.7192e-01 +1.8968e+00 -3.8841e+00 +3.7231e+00 -1.9208e+00
748 0 +2.010214537e-07 +3.137000020e+01 +3.137000020e+01 -2.7195e-01 +1.8968e+00 -3.8840e+00 +3.7231e+00 -1.9208e+00
750 0 +1.172284847e-07 +3.137000012e+01 +3.137000012e+01 -2.7195e-01 +1.8968e+00 -3.8840e+00 +3.7231e+00 -1.9208e+00
763 0 +1.083701235e-07 +3.137000011e+01 +3.137000011e+01 -2.7196e-01 +1.8968e+00 -3.8840e+00 +3.7231e+00 -1.9208e+00
770 0 +9.029864856e-08 +3.137000009e+01 +3.137000009e+01 -2.7196e-01 +1.8968e+00 -3.8840e+00 +3.7231e+00 -1.9208e+00
772 0 +8.696608234e-08 +3.137000009e+01 +3.137000009e+01 -2.7196e-01 +1.8968e+00 -3.8840e+00 +3.7231e+00 -1.9208e+00
780 0 +5.260170610e-08 +3.137000005e+01 +3.137000005e+01 -2.7196e-01 +1.8968e+00 -3.8840e+00 +3.7232e+00 -1.9208e+00
798 0 +4.875138515e-08 +3.137000005e+01 +3.137000005e+01 -2.7197e-01 +1.8968e+00 -3.8840e+00 +3.7232e+00 -1.9208e+00
800 0 +3.447079422e-08 +3.137000003e+01 +3.137000003e+01 -2.7197e-01 +1.8968e+00 -3.8840e+00 +3.7232e+00 -1.9208e+00
808 0 +3.110491420e-08 +3.137000003e+01 +3.137000003e+01 -2.7198e-01 +1.8968e+00 -3.8840e+00 +3.7232e+00 -1.9208e+00
810 0 +2.661450793e-08 +3.137000003e+01 +3.137000003e+01 -2.7198e-01 +1.8968e+00 -3.8840e+00 +3.7232e+00 -1.9208e+00
848 0 +2.389289833e-08 +3.137000002e+01 +3.137000002e+01 -2.7198e-01 +1.8968e+00 -3.8840e+00 +3.7232e+00 -1.9208e+00
858 0 +2.190069637e-08 +3.137000002e+01 +3.137000002e+01 -2.7198e-01 +1.8968e+00 -3.8840e+00 +3.7232e+00 -1.9208e+00
860 0 +1.887757861e-08 +3.137000002e+01 +3.137000002e+01 -2.7198e-01 +1.8968e+00 -3.8840e+00 +3.7232e+00 -1.9208e+00
868 0 +1.735355326e-08 +3.137000002e+01 +3.137000002e+01 -2.7198e-01 +1.8968e+00 -3.8840e+00 +3.7232e+00 -1.9208e+00
878 0 +1.521476634e-08 +3.137000002e+01 +3.137000002e+01 -2.7199e-01 +1.8968e+00 -3.8840e+00 +3.7232e+00 -1.9208e+00
880 0 +1.126054272e-08 +3.137000001e+01 +3.137000001e+01 -2.7199e-01 +1.8968e+00 -3.8840e+00 +3.7232e+00 -1.9208e+00
890 0 +9.351449393e-09 +3.137000001e+01 +3.137000001e+01 -2.7199e-01 +1.8968e+00 -3.8840e+00 +3.7232e+00 -1.9208e+00
1350 0 +8.419931419e-13 +3.137000000e+01 +3.137000000e+01 -2.7200e-01 +1.8968e+00 -3.8840e+00 +3.7232e+00 -1.9208e+00
50000 0 +4.263256415e-14 +3.137000000e+01 +3.137000000e+01 -2.7200e-01 +1.8968e+00 -3.8840e+00 +3.7232e+00 -1.9208e+00
% f evaluations | g evaluations | best noise-free fitness - Fopt (-1.000000000000e+03) + sum g_i+ | measured fitness | best measured fitness or single-digit g-values | x1 | x2...
1 0 +1.614676113e+05 +1.604676113e+05 +1.604676113e+05 +0.0000e+00 +0.0000e+00 +0.0000e+00 +0.0000e+00 +0.0000e+00
2 0 +1.023616478e+05 +1.013616478e+05 +1.013616478e+05 -2.9289e+00 +0.0000e+00 +0.0000e+00 +0.0000e+00 +0.0000e+00
3 0 +6.319441236e+04 +6.219441236e+04 +6.219441236e+04 -1.3081e+00 +1.6209e+00 +1.6209e+00 +1.6209e+00 +1.6209e+00
160 0 +5.499717889e+04 +5.399717889e+04 +5.399717889e+04 -1.0006e+00 -1.0006e+00 +1.4269e+00 +1.0006e+00 +0.0000e+00
162 0 +3.606516026e+04 +3.506516026e+04 +3.506516026e+04 -1.0006e+00 -1.0006e+00 +1.4269e+00 +1.0006e+00 +1.0006e+00
163 0 +3.038870137e+04 +2.938870137e+04 +2.938870137e+04 -2.0013e+00 -1.0006e+00 +1.4269e+00 +1.0006e+00 +1.0006e+00
165 0 +1.892153815e+04 +1.792153815e+04 +1.792153815e+04 -2.0013e+00 -2.0013e+00 +1.4269e+00 +1.0006e+00 +1.0006e+00
168 0 +4.206789393e+03 +3.206789393e+03 +3.206789393e+03 -2.0013e+00 -2.0013e+00 +2.4275e+00 +1.0006e+00 +1.0006e+00
173 0 +1.071164290e+03 +7.116429003e+01 +7.116429003e+01 -3.0019e+00 -2.0013e+00 +2.4275e+00 +1.0006e+00 +1.0006e+00
178 0 +3.854902015e+01 -9.614509798e+02 -9.614509798e+02 -3.0019e+00 -2.0013e+00 +3.4282e+00 +1.0006e+00 +1.0006e+00
194 0 +3.239316584e+01 -9.676068342e+02 -9.676068342e+02 -2.5016e+00 -2.0013e+00 +3.4282e+00 +1.0006e+00 +1.0006e+00
195 0 +2.640525363e+01 -9.735947464e+02 -9.735947464e+02 -2.5016e+00 -2.5016e+00 +3.4282e+00 +1.0006e+00 +1.0006e+00
214 0 +2.469690363e+01 -9.753030964e+02 -9.753030964e+02 -2.2515e+00 -2.5016e+00 +3.4282e+00 +1.0006e+00 +1.0006e+00
224 0 +2.113864471e+01 -9.788613553e+02 -9.788613553e+02 -2.0013e+00 -2.7518e+00 +3.4282e+00 +1.2508e+00 +7.5049e-01
225 0 +1.882430309e+01 -9.811756969e+02 -9.811756969e+02 -2.0013e+00 -3.0019e+00 +3.4282e+00 +1.2508e+00 +7.5049e-01
231 0 +1.393832330e+01 -9.860616767e+02 -9.860616767e+02 -2.0013e+00 -3.0019e+00 +3.4282e+00 +1.5010e+00 +5.0032e-01
241 0 +1.210321396e+01 -9.878967860e+02 -9.878967860e+02 -1.7511e+00 -3.0019e+00 +3.4282e+00 +1.7511e+00 +2.5016e-01
245 0 +1.104593753e+01 -9.889540625e+02 -9.889540625e+02 -1.7511e+00 -3.2521e+00 +3.4282e+00 +1.7511e+00 +2.5016e-01
254 0 +9.317590004e+00 -9.906824100e+02 -9.906824100e+02 -1.5010e+00 -3.2521e+00 +3.4282e+00 +1.7511e+00 +2.5016e-01
260 0 +8.912500917e+00 -9.910874991e+02 -9.910874991e+02 -1.5010e+00 -3.2521e+00 +3.4282e+00 +2.0013e+00 +2.5016e-01
261 0 +6.870277860e+00 -9.931297221e+02 -9.931297221e+02 -1.5010e+00 -3.2521e+00 +3.4282e+00 +2.0013e+00 -1.1102e-16
271 0 +5.594803486e+00 -9.944051965e+02 -9.944051965e+02 -1.5010e+00 -3.2521e+00 +3.4282e+00 +2.2515e+00 -2.5016e-01
281 0 +4.125439298e+00 -9.958745607e+02 -9.958745607e+02 -1.5010e+00 -3.2521e+00 +3.4282e+00 +2.5016e+00 -5.0032e-01
284 0 +3.387404550e+00 -9.966125955e+02 -9.966125955e+02 -1.2508e+00 -3.2521e+00 +3.4282e+00 +2.5016e+00 -5.0032e-01
291 0 +2.571822121e+00 -9.974281779e+02 -9.974281779e+02 -1.2508e+00 -3.2521e+00 +3.4282e+00 +2.7518e+00 -7.5049e-01
295 0 +2.469196926e+00 -9.975308031e+02 -9.975308031e+02 -1.2508e+00 -3.5023e+00 +3.4282e+00 +2.7518e+00 -7.5049e-01
320 0 +2.130126767e+00 -9.978698732e+02 -9.978698732e+02 -1.1257e+00 -3.5023e+00 +3.4282e+00 +2.8769e+00 -7.5049e-01
330 0 +1.931873904e+00 -9.980681261e+02 -9.980681261e+02 -1.1257e+00 -3.5023e+00 +3.4282e+00 +3.0019e+00 -8.7557e-01
334 0 +1.626717664e+00 -9.983732823e+02 -9.983732823e+02 -1.0006e+00 -3.5023e+00 +3.4282e+00 +3.0019e+00 -8.7557e-01
337 0 +1.384650265e+00 -9.986153497e+02 -9.986153497e+02 -1.0006e+00 -3.3772e+00 +3.3031e+00 +3.0019e+00 -8.7557e-01
347 0 +9.602143960e-01 -9.990397856e+02 -9.990397856e+02 -8.7557e-01 -3.3772e+00 +3.1780e+00 +3.1270e+00 -8.7557e-01
354 0 +7.306641169e-01 -9.992693359e+02 -9.992693359e+02 -7.5049e-01 -3.3772e+00 +3.1780e+00 +3.2521e+00 -8.7557e-01
364 0 +6.742165410e-01 -9.993257835e+02 -9.993257835e+02 -6.2541e-01 -3.3772e+00 +3.1780e+00 +3.2521e+00 -8.7557e-01
370 0 +6.030408461e-01 -9.993969592e+02 -9.993969592e+02 -6.2541e-01 -3.3772e+00 +3.1780e+00 +3.3772e+00 -8.7557e-01
377 0 +4.146309972e-01 -9.995853690e+02 -9.995853690e+02 -6.2541e-01 -3.3772e+00 +3.0529e+00 +3.3772e+00 -8.7557e-01
384 0 +2.977802123e-01 -9.997022198e+02 -9.997022198e+02 -5.0032e-01 -3.3772e+00 +3.0529e+00 +3.3772e+00 -8.7557e-01
407 0 +2.428235329e-01 -9.997571765e+02 -9.997571765e+02 -5.0032e-01 -3.3772e+00 +2.9904e+00 +3.3772e+00 -8.7557e-01
424 0 +2.172493968e-01 -9.997827506e+02 -9.997827506e+02 -4.6905e-01 -3.3772e+00 +2.9904e+00 +3.3772e+00 -8.7557e-01
434 0 +1.778558676e-01 -9.998221441e+02 -9.998221441e+02 -4.3778e-01 -3.3772e+00 +2.9904e+00 +3.4085e+00 -8.4430e-01
436 0 +1.776987045e-01 -9.998223013e+02 -9.998223013e+02 -4.3778e-01 -3.3459e+00 +2.9904e+00 +3.4085e+00 -8.4430e-01
437 0 +1.577559014e-01 -9.998422441e+02 -9.998422441e+02 -4.3778e-01 -3.3459e+00 +2.9591e+00 +3.4085e+00 -8.4430e-01
450 0 +1.407789081e-01 -9.998592211e+02 -9.998592211e+02 -4.0651e-01 -3.3459e+00 +2.9591e+00 +3.4710e+00 -8.7557e-01
454 0 +1.193929977e-01 -9.998806070e+02 -9.998806070e+02 -3.7524e-01 -3.3459e+00 +2.9591e+00 +3.4710e+00 -8.7557e-01
457 0 +9.019815638e-02 -9.999098018e+02 -9.999098018e+02 -3.7524e-01 -3.3459e+00 +2.9279e+00 +3.4710e+00 -8.7557e-01
464 0 +7.962202885e-02 -9.999203780e+02 -9.999203780e+02 -3.4397e-01 -3.3459e+00 +2.9279e+00 +3.4710e+00 -8.4430e-01
474 0 +6.757401148e-02 -9.999324260e+02 -9.999324260e+02 -3.1270e-01 -3.3459e+00 +2.9279e+00 +3.5023e+00 -8.4430e-01
477 0 +4.434339638e-02 -9.999556566e+02 -9.999556566e+02 -3.1270e-01 -3.3459e+00 +2.8966e+00 +3.5023e+00 -8.4430e-01
484 0 +3.943148901e-02 -9.999605685e+02 -9.999605685e+02 -2.8143e-01 -3.3459e+00 +2.8966e+00 +3.5023e+00 -8.4430e-01
504 0 +3.118542166e-02 -9.999688146e+02 -9.999688146e+02 -2.6580e-01 -3.3459e+00 +2.8966e+00 +3.5335e+00 -8.4430e-01
507 0 +2.360769520e-02 -9.999763923e+02 -9.999763923e+02 -2.6580e-01 -3.3459e+00 +2.8810e+00 +3.5335e+00 -8.4430e-01
517 0 +2.039270319e-02 -9.999796073e+02 -9.999796073e+02 -2.6580e-01 -3.3303e+00 +2.8653e+00 +3.5335e+00 -8.4430e-01
524 0 +1.521653342e-02 -9.999847835e+02 -9.999847835e+02 -2.5016e-01 -3.3303e+00 +2.8653e+00 +3.5335e+00 -8.4430e-01
527 0 +1.320580862e-02 -9.999867942e+02 -9.999867942e+02 -2.5016e-01 -3.3303e+00 +2.8497e+00 +3.5335e+00 -8.4430e-01
554 0 +1.141029080e-02 -9.999885897e+02 -9.999885897e+02 -2.4625e-01 -3.3303e+00 +2.8497e+00 +3.5335e+00 -8.4430e-01
564 0 +9.964232973e-03 -9.999900358e+02 -9.999900358e+02 -2.4234e-01 -3.3303e+00 +2.8497e+00 +3.5375e+00 -8.4821e-01
574 0 +8.901873513e-03 -9.999910981e+02 -9.999910981e+02 -2.3844e-01 -3.3342e+00 +2.8497e+00 +3.5414e+00 -8.4821e-01
594 0 +7.227340893e-03 -9.999927727e+02 -9.999927727e+02 -2.3062e-01 -3.3303e+00 +2.8458e+00 +3.5453e+00 -8.4821e-01
604 0 +5.675451378e-03 -9.999943245e+02 -9.999943245e+02 -2.2671e-01 -3.3303e+00 +2.8458e+00 +3.5492e+00 -8.4821e-01
607 0 +5.274916333e-03 -9.999947251e+02 -9.999947251e+02 -2.2671e-01 -3.3303e+00 +2.8419e+00 +3.5492e+00 -8.4821e-01
614 0 +4.669676570e-03 -9.999953303e+02 -9.999953303e+02 -2.2280e-01 -3.3303e+00 +2.8419e+00 +3.5492e+00 -8.4430e-01
624 0 +4.461889956e-03 -9.999955381e+02 -9.999955381e+02 -2.1889e-01 -3.3342e+00 +2.8419e+00 +3.5492e+00 -8.4430e-01
634 0 +3.544761739e-03 -9.999964552e+02 -9.999964552e+02 -2.1498e-01 -3.3342e+00 +2.8419e+00 +3.5531e+00 -8.4430e-01
637 0 +2.922011642e-03 -9.999970780e+02 -9.999970780e+02 -2.1498e-01 -3.3303e+00 +2.8380e+00 +3.5531e+00 -8.4430e-01
644 0 +2.479524292e-03 -9.999975205e+02 -9.999975205e+02 -2.1107e-01 -3.3303e+00 +2.8380e+00 +3.5570e+00 -8.4430e-01
684 0 +2.095061918e-03 -9.999979049e+02 -9.999979049e+02 -2.0912e-01 -3.3313e+00 +2.8340e+00 +3.5570e+00 -8.4332e-01
694 0 +1.866416321e-03 -9.999981336e+02 -9.999981336e+02 -2.0814e-01 -3.3313e+00 +2.8331e+00 +3.5570e+00 -8.4332e-01
704 0 +1.675722917e-03 -9.999983243e+02 -9.999983243e+02 -2.0717e-01 -3.3313e+00 +2.8331e+00 +3.5580e+00 -8.4332e-01
714 0 +1.527964891e-03 -9.999984720e+02 -9.999984720e+02 -2.0619e-01 -3.3313e+00 +2.8331e+00 +3.5580e+00 -8.4234e-01
724 0 +1.407243198e-03 -9.999985928e+02 -9.999985928e+02 -2.0521e-01 -3.3313e+00 +2.8321e+00 +3.5580e+00 -8.4234e-01
744 0 +1.186085198e-03 -9.999988139e+02 -9.999988139e+02 -2.0326e-01 -3.3313e+00 +2.8321e+00 +3.5599e+00 -8.4234e-01
754 0 +1.047047514e-03 -9.999989530e+02 -9.999989530e+02 -2.0228e-01 -3.3313e+00 +2.8311e+00 +3.5599e+00 -8.4234e-01
764 0 +9.542472119e-04 -9.999990458e+02 -9.999990458e+02 -2.0130e-01 -3.3313e+00 +2.8311e+00 +3.5609e+00 -8.4234e-01
774 0 +8.834347241e-04 -9.999991166e+02 -9.999991166e+02 -2.0033e-01 -3.3313e+00 +2.8311e+00 +3.5619e+00 -8.4234e-01
784 0 +7.528408078e-04 -9.999992472e+02 -9.999992472e+02 -1.9935e-01 -3.3313e+00 +2.8301e+00 +3.5619e+00 -8.4137e-01
794 0 +6.324417989e-04 -9.999993676e+02 -9.999993676e+02 -1.9837e-01 -3.3313e+00 +2.8301e+00 +3.5619e+00 -8.4137e-01
800 0 +6.261109841e-04 -9.999993739e+02 -9.999993739e+02 -1.9837e-01 -3.3313e+00 +2.8301e+00 +3.5629e+00 -8.4137e-01
804 0 +5.421992697e-04 -9.999994578e+02 -9.999994578e+02 -1.9739e-01 -3.3313e+00 +2.8301e+00 +3.5629e+00 -8.4137e-01
814 0 +5.009518235e-04 -9.999994990e+02 -9.999994990e+02 -1.9642e-01 -3.3313e+00 +2.8292e+00 +3.5629e+00 -8.4137e-01
824 0 +4.448147623e-04 -9.999995552e+02 -9.999995552e+02 -1.9544e-01 -3.3313e+00 +2.8292e+00 +3.5638e+00 -8.4137e-01
844 0 +2.959184251e-04 -9.999997041e+02 -9.999997041e+02 -1.9446e-01 -3.3303e+00 +2.8282e+00 +3.5648e+00 -8.4137e-01
884 0 +2.752212308e-04 -9.999997248e+02 -9.999997248e+02 -1.9422e-01 -3.3305e+00 +2.8272e+00 +3.5648e+00 -8.4112e-01
930 0 +2.504788458e-04 -9.999997495e+02 -9.999997495e+02 -1.9324e-01 -3.3308e+00 +2.8270e+00 +3.5651e+00 -8.4088e-01
944 0 +2.092834179e-04 -9.999997907e+02 -9.999997907e+02 -1.9275e-01 -3.3308e+00 +2.8270e+00 +3.5653e+00 -8.4088e-01
954 0 +1.828287845e-04 -9.999998172e+02 -9.999998172e+02 -1.9251e-01 -3.3308e+00 +2.8267e+00 +3.5655e+00 -8.4088e-01
974 0 +1.714131866e-04 -9.999998286e+02 -9.999998286e+02 -1.9239e-01 -3.3305e+00 +2.8265e+00 +3.5655e+00 -8.4088e-01
994 0 +1.572857769e-04 -9.999998427e+02 -9.999998427e+02 -1.9214e-01 -3.3307e+00 +2.8265e+00 +3.5657e+00 -8.4076e-01
1044 0 +1.405675051e-04 -9.999998594e+02 -9.999998594e+02 -1.9153e-01 -3.3307e+00 +2.8262e+00 +3.5660e+00 -8.4063e-01
1074 0 +1.251947355e-04 -9.999998748e+02 -9.999998748e+02 -1.9116e-01 -3.3307e+00 +2.8261e+00 +3.5663e+00 -8.4063e-01
1094 0 +1.109333267e-04 -9.999998891e+02 -9.999998891e+02 -1.9092e-01 -3.3307e+00 +2.8260e+00 +3.5664e+00 -8.4063e-01
1114 0 +9.781821132e-05 -9.999999022e+02 -9.999999022e+02 -1.9068e-01 -3.3305e+00 +2.8259e+00 +3.5665e+00 -8.4051e-01
1134 0 +8.871912667e-05 -9.999999113e+02 -9.999999113e+02 -1.9043e-01 -3.3307e+00 +2.8259e+00 +3.5666e+00 -8.4051e-01
1157 0 +7.921571546e-05 -9.999999208e+02 -9.999999208e+02 -1.9019e-01 -3.3305e+00 +2.8255e+00 +3.5668e+00 -8.4051e-01
1174 0 +6.973195400e-05 -9.999999303e+02 -9.999999303e+02 -1.8994e-01 -3.3305e+00 +2.8255e+00 +3.5669e+00 -8.4051e-01
1194 0 +6.058719600e-05 -9.999999394e+02 -9.999999394e+02 -1.8970e-01 -3.3305e+00 +2.8254e+00 +3.5670e+00 -8.4051e-01
1214 0 +5.483523796e-05 -9.999999452e+02 -9.999999452e+02 -1.8945e-01 -3.3305e+00 +2.8254e+00 +3.5671e+00 -8.4039e-01
1234 0 +4.913058501e-05 -9.999999509e+02 -9.999999509e+02 -1.8921e-01 -3.3305e+00 +2.8253e+00 +3.5673e+00 -8.4039e-01
1247 0 +4.408473399e-05 -9.999999559e+02 -9.999999559e+02 -1.8909e-01 -3.3305e+00 +2.8251e+00 +3.5674e+00 -8.4039e-01
1254 0 +3.902431422e-05 -9.999999610e+02 -9.999999610e+02 -1.8897e-01 -3.3305e+00 +2.8251e+00 +3.5674e+00 -8.4039e-01
1264 0 +3.416721245e-05 -9.999999658e+02 -9.999999658e+02 -1.8884e-01 -3.3305e+00 +2.8251e+00 +3.5675e+00 -8.4027e-01
1274 0 +3.128762216e-05 -9.999999687e+02 -9.999999687e+02 -1.8872e-01 -3.3305e+00 +2.8251e+00 +3.5675e+00 -8.4027e-01
1314 0 +2.799122694e-05 -9.999999720e+02 -9.999999720e+02 -1.8842e-01 -3.3305e+00 +2.8249e+00 +3.5676e+00 -8.4027e-01
1334 0 +2.433181726e-05 -9.999999757e+02 -9.999999757e+02 -1.8829e-01 -3.3305e+00 +2.8249e+00 +3.5677e+00 -8.4021e-01
1344 0 +2.210213142e-05 -9.999999779e+02 -9.999999779e+02 -1.8823e-01 -3.3305e+00 +2.8249e+00 +3.5678e+00 -8.4021e-01
1354 0 +1.955149276e-05 -9.999999804e+02 -9.999999804e+02 -1.8817e-01 -3.3305e+00 +2.8248e+00 +3.5678e+00 -8.4021e-01
1364 0 +1.754857897e-05 -9.999999825e+02 -9.999999825e+02 -1.8811e-01 -3.3305e+00 +2.8248e+00 +3.5679e+00 -8.4021e-01
1394 0 +1.579284333e-05 -9.999999842e+02 -9.999999842e+02 -1.8793e-01 -3.3305e+00 +2.8246e+00 +3.5679e+00 -8.4021e-01
1424 0 +1.297487802e-05 -9.999999870e+02 -9.999999870e+02 -1.8774e-01 -3.3305e+00 +2.8246e+00 +3.5680e+00 -8.4021e-01
1434 0 +1.129729196e-05 -9.999999887e+02 -9.999999887e+02 -1.8768e-01 -3.3305e+00 +2.8246e+00 +3.5681e+00 -8.4014e-01
1444 0 +1.004725937e-05 -9.999999900e+02 -9.999999900e+02 -1.8762e-01 -3.3305e+00 +2.8246e+00 +3.5681e+00 -8.4014e-01
1447 0 +9.846315152e-06 -9.999999902e+02 -9.999999902e+02 -1.8762e-01 -3.3305e+00 +2.8245e+00 +3.5681e+00 -8.4014e-01
1464 0 +8.572533716e-06 -9.999999914e+02 -9.999999914e+02 -1.8750e-01 -3.3305e+00 +2.8245e+00 +3.5682e+00 -8.4014e-01
1484 0 +7.271978916e-06 -9.999999927e+02 -9.999999927e+02 -1.8738e-01 -3.3305e+00 +2.8245e+00 +3.5682e+00 -8.4014e-01
1494 0 +6.379318165e-06 -9.999999936e+02 -9.999999936e+02 -1.8732e-01 -3.3305e+00 +2.8245e+00 +3.5683e+00 -8.4008e-01
1504 0 +5.744064083e-06 -9.999999943e+02 -9.999999943e+02 -1.8726e-01 -3.3305e+00 +2.8245e+00 +3.5683e+00 -8.4008e-01
1507 0 +5.528582506e-06 -9.999999945e+02 -9.999999945e+02 -1.8726e-01 -3.3305e+00 +2.8244e+00 +3.5683e+00 -8.4008e-01
1514 0 +4.953933853e-06 -9.999999950e+02 -9.999999950e+02 -1.8719e-01 -3.3305e+00 +2.8244e+00 +3.5684e+00 -8.4008e-01
1524 0 +4.327486408e-06 -9.999999957e+02 -9.999999957e+02 -1.8713e-01 -3.3305e+00 +2.8244e+00 +3.5684e+00 -8.4008e-01
1534 0 +3.785008175e-06 -9.999999962e+02 -9.999999962e+02 -1.8707e-01 -3.3305e+00 +2.8244e+00 +3.5684e+00 -8.4008e-01
1537 0 +3.522044722e-06 -9.999999965e+02 -9.999999965e+02 -1.8707e-01 -3.3305e+00 +2.8243e+00 +3.5684e+00 -8.4008e-01
1547 0 +3.123075885e-06 -9.999999969e+02 -9.999999969e+02 -1.8701e-01 -3.3304e+00 +2.8243e+00 +3.5685e+00 -8.4008e-01
1574 0 +2.650270972e-06 -9.999999973e+02 -9.999999973e+02 -1.8695e-01 -3.3304e+00 +2.8243e+00 +3.5685e+00 -8.4008e-01
1584 0 +2.172872428e-06 -9.999999978e+02 -9.999999978e+02 -1.8692e-01 -3.3304e+00 +2.8242e+00 +3.5685e+00 -8.4005e-01
1594 0 +1.887702865e-06 -9.999999981e+02 -9.999999981e+02 -1.8689e-01 -3.3304e+00 +2.8242e+00 +3.5685e+00 -8.4005e-01
1604 0 +1.761633143e-06 -9.999999982e+02 -9.999999982e+02 -1.8686e-01 -3.3304e+00 +2.8242e+00 +3.5685e+00 -8.4005e-01
1624 0 +1.577562443e-06 -9.999999984e+02 -9.999999984e+02 -1.8680e-01 -3.3304e+00 +2.8242e+00 +3.5686e+00 -8.4005e-01
1644 0 +1.372701831e-06 -9.999999986e+02 -9.999999986e+02 -1.8678e-01 -3.3304e+00 +2.8242e+00 +3.5686e+00 -8.4005e-01
1654 0 +1.201441137e-06 -9.999999988e+02 -9.999999988e+02 -1.8677e-01 -3.3304e+00 +2.8242e+00 +3.5686e+00 -8.4004e-01
1664 0 +1.035999276e-06 -9.999999990e+02 -9.999999990e+02 -1.8675e-01 -3.3304e+00 +2.8242e+00 +3.5686e+00 -8.4004e-01
1674 0 +9.550685718e-07 -9.999999990e+02 -9.999999990e+02 -1.8674e-01 -3.3304e+00 +2.8242e+00 +3.5686e+00 -8.4004e-01
1704 0 +8.479746612e-07 -9.999999992e+02 -9.999999992e+02 -1.8669e-01 -3.3304e+00 +2.8241e+00 +3.5686e+00 -8.4004e-01
1714 0 +7.390493693e-07 -9.999999993e+02 -9.999999993e+02 -1.8668e-01 -3.3304e+00 +2.8241e+00 +3.5686e+00 -8.4004e-01
1724 0 +6.372661119e-07 -9.999999994e+02 -9.999999994e+02 -1.8666e-01 -3.3304e+00 +2.8241e+00 +3.5687e+00 -8.4004e-01
1727 0 +6.227392078e-07 -9.999999994e+02 -9.999999994e+02 -1.8666e-01 -3.3304e+00 +2.8241e+00 +3.5687e+00 -8.4004e-01
1754 0 +5.518263606e-07 -9.999999994e+02 -9.999999994e+02 -1.8664e-01 -3.3304e+00 +2.8241e+00 +3.5687e+00 -8.4004e-01
1784 0 +4.819625019e-07 -9.999999995e+02 -9.999999995e+02 -1.8662e-01 -3.3304e+00 +2.8241e+00 +3.5687e+00 -8.4003e-01
1824 0 +4.417673836e-07 -9.999999996e+02 -9.999999996e+02 -1.8661e-01 -3.3304e+00 +2.8241e+00 +3.5687e+00 -8.4003e-01
1854 0 +3.953575742e-07 -9.999999996e+02 -9.999999996e+02 -1.8660e-01 -3.3304e+00 +2.8241e+00 +3.5687e+00 -8.4003e-01
1884 0 +3.538131068e-07 -9.999999996e+02 -9.999999996e+02 -1.8659e-01 -3.3304e+00 +2.8241e+00 +3.5687e+00 -8.4003e-01
1924 0 +3.100492449e-07 -9.999999997e+02 -9.999999997e+02 -1.8657e-01 -3.3304e+00 +2.8241e+00 +3.5687e+00 -8.4002e-01
1954 0 +2.714900802e-07 -9.999999997e+02 -9.999999997e+02 -1.8656e-01 -3.3304e+00 +2.8241e+00 +3.5687e+00 -8.4002e-01
1974 0 +2.412493814e-07 -9.999999998e+02 -9.999999998e+02 -1.8655e-01 -3.3304e+00 +2.8241e+00 +3.5687e+00 -8.4002e-01
1994 0 +2.139777280e-07 -9.999999998e+02 -9.999999998e+02 -1.8655e-01 -3.3304e+00 +2.8241e+00 +3.5687e+00 -8.4002e-01
2014 0 +1.967779326e-07 -9.999999998e+02 -9.999999998e+02 -1.8654e-01 -3.3304e+00 +2.8241e+00 +3.5687e+00 -8.4002e-01
2054 0 +1.774988050e-07 -9.999999998e+02 -9.999999998e+02 -1.8652e-01 -3.3304e+00 +2.8241e+00 +3.5687e+00 -8.4001e-01
2074 0 +1.566437504e-07 -9.999999998e+02 -9.999999998e+02 -1.8651e-01 -3.3304e+00 +2.8241e+00 +3.5687e+00 -8.4001e-01
2084 0 +1.397050937e-07 -9.999999999e+02 -9.999999999e+02 -1.8651e-01 -3.3304e+00 +2.8241e+00 +3.5687e+00 -8.4001e-01
2094 0 +1.240180154e-07 -9.999999999e+02 -9.999999999e+02 -1.8651e-01 -3.3304e+00 +2.8240e+00 +3.5687e+00 -8.4001e-01
2107 0 +1.117222155e-07 -9.999999999e+02 -9.999999999e+02 -1.8650e-01 -3.3304e+00 +2.8240e+00 +3.5687e+00 -8.4001e-01
2144 0 +9.814709756e-08 -9.999999999e+02 -9.999999999e+02 -1.8649e-01 -3.3304e+00 +2.8240e+00 +3.5688e+00 -8.4001e-01
2164 0 +8.097390491e-08 -9.999999999e+02 -9.999999999e+02 -1.8648e-01 -3.3304e+00 +2.8240e+00 +3.5688e+00 -8.4001e-01
2174 0 +6.976392797e-08 -9.999999999e+02 -9.999999999e+02 -1.8648e-01 -3.3304e+00 +2.8240e+00 +3.5688e+00 -8.4001e-01
2184 0 +6.116886198e-08 -9.999999999e+02 -9.999999999e+02 -1.8647e-01 -3.3304e+00 +2.8240e+00 +3.5688e+00 -8.4001e-01
2194 0 +5.555625648e-08 -9.999999999e+02 -9.999999999e+02 -1.8647e-01 -3.3304e+00 +2.8240e+00 +3.5688e+00 -8.4001e-01
2224 0 +4.486093985e-08 -1.000000000e+03 -1.000000000e+03 -1.8646e-01 -3.3304e+00 +2.8240e+00 +3.5688e+00 -8.4001e-01
2230 0 +4.459843694e-08 -1.000000000e+03 -1.000000000e+03 -1.8646e-01 -3.3304e+00 +2.8240e+00 +3.5688e+00 -8.4001e-01
2234 0 +3.832781204e-08 -1.000000000e+03 -1.000000000e+03 -1.8645e-01 -3.3304e+00 +2.8240e+00 +3.5688e+00 -8.4001e-01
2244 0 +3.243678748e-08 -1.000000000e+03 -1.000000000e+03 -1.8645e-01 -3.3304e+00 +2.8240e+00 +3.5688e+00 -8.4001e-01
2254 0 +2.928084086e-08 -1.000000000e+03 -1.000000000e+03 -1.8645e-01 -3.3304e+00 +2.8240e+00 +3.5688e+00 -8.4001e-01
2264 0 +2.603667326e-08 -1.000000000e+03 -1.000000000e+03 -1.8644e-01 -3.3304e+00 +2.8240e+00 +3.5688e+00 -8.4001e-01
2267 0 +2.457011306e-08 -1.000000000e+03 -1.000000000e+03 -1.8644e-01 -3.3304e+00 +2.8240e+00 +3.5688e+00 -8.4001e-01
2287 0 +2.236549790e-08 -1.000000000e+03 -1.000000000e+03 -1.8644e-01 -3.3304e+00 +2.8240e+00 +3.5688e+00 -8.4001e-01
2324 0 +1.981482001e-08 -1.000000000e+03 -1.000000000e+03 -1.8644e-01 -3.3304e+00 +2.8240e+00 +3.5688e+00 -8.4001e-01
2354 0 +1.755392987e-08 -1.000000000e+03 -1.000000000e+03 -1.8643e-01 -3.3304e+00 +2.8240e+00 +3.5688e+00 -8.4000e-01
2374 0 +1.550642992e-08 -1.000000000e+03 -1.000000000e+03 -1.8643e-01 -3.3304e+00 +2.8240e+00 +3.5688e+00 -8.4000e-01
2394 0 +1.317380338e-08 -1.000000000e+03 -1.000000000e+03 -1.8643e-01 -3.3304e+00 +2.8240e+00 +3.5688e+00 -8.4000e-01
2404 0 +1.233456715e-08 -1.000000000e+03 -1.000000000e+03 -1.8643e-01 -3.3304e+00 +2.8240e+00 +3.5688e+00 -8.4000e-01
2430 0 +1.121964033e-08 -1.000000000e+03 -1.000000000e+03 -1.8643e-01 -3.3304e+00 +2.8240e+00 +3.5688e+00 -8.4000e-01
2484 0 +9.858695194e-09 -1.000000000e+03 -1.000000000e+03 -1.8642e-01 -3.3304e+00 +2.8240e+00 +3.5688e+00 -8.4000e-01
50000 0 +1.136868377e-12 -1.000000000e+03 -1.000000000e+03 -1.8640e-01 -3.3304e+00 +2.8240e+00 +3.5688e+00 -8.4000e-01
% f evaluations | g evaluations | best noise-free fitness - Fopt (1.319200000000e+02) + sum g_i+ | measured fitness | best measured fitness or single-digit g-values | x1 | x2...
1 0 +5.786648243e+05 +5.787967443e+05 +5.787967443e+05 +0.0000e+00 +0.0000e+00 +0.0000e+00 +0.0000e+00 +0.0000e+00
2 0 +2.688855271e+05 +2.690174471e+05 +2.690174471e+05 -2.9289e+00 +0.0000e+00 +0.0000e+00 +0.0000e+00 +0.0000e+00
4 0 +1.256867239e+05 +1.258186439e+05 +1.258186439e+05 -4.5498e+00 -1.6209e+00 -1.6209e+00 -1.6209e+00 -1.6209e+00
173 0 +6.089861135e+04 +6.103053135e+04 +6.103053135e+04 -3.0019e+00 +2.0013e+00 -2.4275e+00 -1.0006e+00 +0.0000e+00
177 0 +3.329244510e+04 +3.342436510e+04 +3.342436510e+04 -3.0019e+00 +2.0013e+00 -3.4282e+00 -1.0006e+00 +0.0000e+00
181 0 +2.622297935e+04 +2.635489935e+04 +2.635489935e+04 -3.0019e+00 +2.0013e+00 -3.4282e+00 -1.0006e+00 -1.0006e+00
183 0 +4.771360467e+03 +4.903280467e+03 +4.903280467e+03 -4.0026e+00 +2.0013e+00 -3.4282e+00 -1.0006e+00 -1.0006e+00
193 0 +1.187219478e+03 +1.319139478e+03 +1.319139478e+03 -5.0032e+00 +2.0013e+00 -4.4288e+00 -1.0006e+00 -1.0006e+00
196 0 +9.056786572e+02 +1.037598657e+03 +1.037598657e+03 -5.0032e+00 +3.0019e+00 -4.4288e+00 -1.0006e+00 -1.0006e+00
198 0 +4.512614178e+02 +5.831814178e+02 +5.831814178e+02 -5.0032e+00 +3.0019e+00 -3.4282e+00 -1.0006e+00 -1.0006e+00
200 0 +6.352319070e+00 +1.382723191e+02 +1.382723191e+02 -5.0032e+00 +3.0019e+00 -3.4282e+00 +0.0000e+00 -1.0006e+00
205 0 +4.264401304e+00 +1.361844013e+02 +1.361844013e+02 -5.0032e+00 +2.0013e+00 -3.4282e+00 +0.0000e+00 -2.0013e+00
232 0 +3.117670129e+00 +1.350376701e+02 +1.350376701e+02 -5.0032e+00 +2.0013e+00 -3.4282e+00 -5.0032e-01 -1.5010e+00
234 0 +8.487357255e-01 +1.327687357e+02 +1.327687357e+02 -4.5029e+00 +2.0013e+00 -3.4282e+00 -5.0032e-01 -1.5010e+00
262 0 +7.529399577e-01 +1.326729400e+02 +1.326729400e+02 -4.5029e+00 +2.0013e+00 -3.4282e+00 -5.0032e-01 -1.2508e+00
264 0 +3.542498821e-01 +1.322742499e+02 +1.322742499e+02 -4.2528e+00 +2.0013e+00 -3.4282e+00 -5.0032e-01 -1.2508e+00
291 0 +2.865197261e-01 +1.322065197e+02 +1.322065197e+02 -4.2528e+00 +2.0013e+00 -3.5533e+00 -5.0032e-01 -1.3759e+00
295 0 +2.236659784e-01 +1.321436660e+02 +1.321436660e+02 -4.2528e+00 +1.8762e+00 -3.5533e+00 -5.0032e-01 -1.3759e+00
334 0 +1.951398425e-01 +1.321151398e+02 +1.321151398e+02 -4.2371e+00 +1.8762e+00 -3.5533e+00 -5.0032e-01 -1.3759e+00
386 0 +1.750043670e-01 +1.320950044e+02 +1.320950044e+02 -4.2254e+00 +1.8840e+00 -3.5494e+00 -4.9642e-01 -1.3759e+00
464 0 +1.584768417e-01 +1.320784768e+02 +1.320784768e+02 -4.2137e+00 +1.8850e+00 -3.5552e+00 -4.8567e-01 -1.3847e+00
914 0 +1.410867583e-01 +1.320610868e+02 +1.320610868e+02 -4.1888e+00 +1.8904e+00 -3.5704e+00 -4.7101e-01 -1.3993e+00
1164 0 +1.257060367e-01 +1.320457060e+02 +1.320457060e+02 -4.1765e+00 +1.8919e+00 -3.5787e+00 -4.7052e-01 -1.4072e+00
1324 0 +1.117613829e-01 +1.320317614e+02 +1.320317614e+02 -4.1687e+00 +1.8928e+00 -3.5836e+00 -4.7003e-01 -1.4111e+00
1464 0 +9.943794605e-02 +1.320194379e+02 +1.320194379e+02 -4.1619e+00 +1.8933e+00 -3.5875e+00 -4.7003e-01 -1.4140e+00
1614 0 +8.891315291e-02 +1.320089132e+02 +1.320089132e+02 -4.1546e+00 +1.8943e+00 -3.5924e+00 -4.7003e-01 -1.4179e+00
2024 0 +7.941871851e-02 +1.319994187e+02 +1.319994187e+02 -4.1345e+00 +1.8962e+00 -3.6046e+00 -4.6954e-01 -1.4272e+00
2294 0 +7.078691148e-02 +1.319907869e+02 +1.319907869e+02 -4.1213e+00 +1.8972e+00 -3.6129e+00 -4.6954e-01 -1.4335e+00
2414 0 +6.239592748e-02 +1.319823959e+02 +1.319823959e+02 -4.1155e+00 +1.8977e+00 -3.6163e+00 -4.6954e-01 -1.4360e+00
2504 0 +5.579428873e-02 +1.319757943e+02 +1.319757943e+02 -4.1111e+00 +1.8982e+00 -3.6192e+00 -4.6905e-01 -1.4384e+00
2604 0 +4.961147808e-02 +1.319696115e+02 +1.319696115e+02 -4.1062e+00 +1.8987e+00 -3.6222e+00 -4.6905e-01 -1.4404e+00
2734 0 +4.465215955e-02 +1.319646522e+02 +1.319646522e+02 -4.0998e+00 +1.8992e+00 -3.6261e+00 -4.6905e-01 -1.4433e+00
3384 0 +3.968443677e-02 +1.319596844e+02 +1.319596844e+02 -4.0839e+00 +1.9009e+00 -3.6361e+00 -4.6881e-01 -1.4511e+00
3604 0 +3.526530133e-02 +1.319552653e+02 +1.319552653e+02 -4.0786e+00 +1.9014e+00 -3.6395e+00 -4.6857e-01 -1.4538e+00
3764 0 +3.144461590e-02 +1.319514446e+02 +1.319514446e+02 -4.0747e+00 +1.9016e+00 -3.6417e+00 -4.6857e-01 -1.4553e+00
3924 0 +2.807559260e-02 +1.319480756e+02 +1.319480756e+02 -4.0708e+00 +1.9021e+00 -3.6444e+00 -4.6857e-01 -1.4575e+00
4134 0 +2.500994918e-02 +1.319450099e+02 +1.319450099e+02 -4.0656e+00 +1.9026e+00 -3.6476e+00 -4.6857e-01 -1.4599e+00
4414 0 +2.235958125e-02 +1.319423596e+02 +1.319423596e+02 -4.0588e+00 +1.9031e+00 -3.6517e+00 -4.6832e-01 -1.4631e+00
4624 0 +1.985652202e-02 +1.319398565e+02 +1.319398565e+02 -4.0537e+00 +1.9036e+00 -3.6549e+00 -4.6832e-01 -1.4653e+00
4784 0 +1.775673263e-02 +1.319377567e+02 +1.319377567e+02 -4.0497e+00 +1.9041e+00 -3.6573e+00 -4.6832e-01 -1.4673e+00
4964 0 +1.580434762e-02 +1.319358043e+02 +1.319358043e+02 -4.0453e+00 +1.9043e+00 -3.6600e+00 -4.6832e-01 -1.4692e+00
5154 0 +1.403830805e-02 +1.319340383e+02 +1.319340383e+02 -4.0407e+00 +1.9050e+00 -3.6630e+00 -4.6808e-01 -1.4717e+00
5284 0 +1.251538005e-02 +1.319325154e+02 +1.319325154e+02 -4.0375e+00 +1.9053e+00 -3.6649e+00 -4.6808e-01 -1.4731e+00
5404 0 +1.117475232e-02 +1.319311748e+02 +1.319311748e+02 -4.0351e+00 +1.9054e+00 -3.6665e+00 -4.6808e-01 -1.4742e+00
5604 0 +9.972429449e-03 +1.319299724e+02 +1.319299724e+02 -4.0326e+00 +1.9057e+00 -3.6680e+00 -4.6795e-01 -1.4754e+00
5904 0 +8.908200487e-03 +1.319289082e+02 +1.319289082e+02 -4.0290e+00 +1.9060e+00 -3.6703e+00 -4.6795e-01 -1.4772e+00
6334 0 +7.937338144e-03 +1.319279373e+02 +1.319279373e+02 -4.0237e+00 +1.9065e+00 -3.6735e+00 -4.6783e-01 -1.4796e+00
6494 0 +7.044843106e-03 +1.319270448e+02 +1.319270448e+02 -4.0218e+00 +1.9066e+00 -3.6747e+00 -4.6783e-01 -1.4805e+00
6614 0 +6.251738393e-03 +1.319262517e+02 +1.319262517e+02 -4.0203e+00 +1.9069e+00 -3.6757e+00 -4.6783e-01 -1.4813e+00
6724 0 +5.577330320e-03 +1.319255773e+02 +1.319255773e+02 -4.0190e+00 +1.9069e+00 -3.6765e+00 -4.6783e-01 -1.4819e+00
6854 0 +5.006013786e-03 +1.319250060e+02 +1.319250060e+02 -4.0174e+00 +1.9071e+00 -3.6774e+00 -4.6771e-01 -1.4825e+00
7274 0 +4.457284542e-03 +1.319244573e+02 +1.319244573e+02 -4.0122e+00 +1.9076e+00 -3.6805e+00 -4.6759e-01 -1.4850e+00
7404 0 +3.977308964e-03 +1.319239773e+02 +1.319239773e+02 -4.0107e+00 +1.9077e+00 -3.6816e+00 -4.6771e-01 -1.4858e+00
7494 0 +3.519908112e-03 +1.319235199e+02 +1.319235199e+02 -4.0096e+00 +1.9079e+00 -3.6823e+00 -4.6759e-01 -1.4863e+00
7574 0 +3.128160443e-03 +1.319231282e+02 +1.319231282e+02 -4.0086e+00 +1.9080e+00 -3.6829e+00 -4.6759e-01 -1.4868e+00
7664 0 +2.789446972e-03 +1.319227894e+02 +1.319227894e+02 -4.0075e+00 +1.9081e+00 -3.6836e+00 -4.6759e-01 -1.4873e+00
7834 0 +2.503746445e-03 +1.319225037e+02 +1.319225037e+02 -4.0054e+00 +1.9082e+00 -3.6848e+00 -4.6759e-01 -1.4883e+00
8034 0 +2.213801013e-03 +1.319222138e+02 +1.319222138e+02 -4.0030e+00 +1.9085e+00 -3.6864e+00 -4.6759e-01 -1.4895e+00
8114 0 +1.975943244e-03 +1.319219759e+02 +1.319219759e+02 -4.0020e+00 +1.9086e+00 -3.6870e+00 -4.6747e-01 -1.4900e+00
8184 0 +1.763133497e-03 +1.319217631e+02 +1.319217631e+02 -4.0011e+00 +1.9087e+00 -3.6875e+00 -4.6747e-01 -1.4903e+00
8264 0 +1.568194527e-03 +1.319215682e+02 +1.319215682e+02 -4.0002e+00 +1.9088e+00 -3.6881e+00 -4.6747e-01 -1.4907e+00
8464 0 +1.406976887e-03 +1.319214070e+02 +1.319214070e+02 -3.9990e+00 +1.9088e+00 -3.6888e+00 -4.6747e-01 -1.4913e+00
8654 0 +1.254315211e-03 +1.319212543e+02 +1.319212543e+02 -3.9978e+00 +1.9090e+00 -3.6896e+00 -4.6747e-01 -1.4919e+00
8804 0 +1.120643868e-03 +1.319211206e+02 +1.319211206e+02 -3.9969e+00 +1.9090e+00 -3.6901e+00 -4.6741e-01 -1.4923e+00
8944 0 +9.970759181e-04 +1.319209971e+02 +1.319209971e+02 -3.9961e+00 +1.9091e+00 -3.6907e+00 -4.6741e-01 -1.4927e+00
9124 0 +8.894380387e-04 +1.319208894e+02 +1.319208894e+02 -3.9950e+00 +1.9092e+00 -3.6914e+00 -4.6741e-01 -1.4932e+00
9264 0 +7.868170142e-04 +1.319207868e+02 +1.319207868e+02 -3.9941e+00 +1.9093e+00 -3.6919e+00 -4.6741e-01 -1.4936e+00
9354 0 +6.977770481e-04 +1.319206978e+02 +1.319206978e+02 -3.9936e+00 +1.9094e+00 -3.6923e+00 -4.6734e-01 -1.4940e+00
9424 0 +6.292197759e-04 +1.319206292e+02 +1.319206292e+02 -3.9931e+00 +1.9094e+00 -3.6925e+00 -4.6734e-01 -1.4941e+00
9504 0 +5.613738475e-04 +1.319205614e+02 +1.319205614e+02 -3.9926e+00 +1.9094e+00 -3.6928e+00 -4.6734e-01 -1.4943e+00
9704 0 +4.996900663e-04 +1.319204997e+02 +1.319204997e+02 -3.9914e+00 +1.9096e+00 -3.6936e+00 -4.6734e-01 -1.4949e+00
9894 0 +4.453907604e-04 +1.319204454e+02 +1.319204454e+02 -3.9907e+00 +1.9096e+00 -3.6940e+00 -4.6734e-01 -1.4952e+00
10004 0 +3.957744789e-04 +1.319203958e+02 +1.319203958e+02 -3.9904e+00 +1.9097e+00 -3.6942e+00 -4.6731e-01 -1.4954e+00
10094 0 +3.526070846e-04 +1.319203526e+02 +1.319203526e+02 -3.9901e+00 +1.9097e+00 -3.6944e+00 -4.6731e-01 -1.4955e+00
10184 0 +3.152293472e-04 +1.319203152e+02 +1.319203152e+02 -3.9899e+00 +1.9097e+00 -3.6946e+00 -4.6731e-01 -1.4957e+00
10324 0 +2.807145057e-04 +1.319202807e+02 +1.319202807e+02 -3.9894e+00 +1.9097e+00 -3.6948e+00 -4.6731e-01 -1.4958e+00
10654 0 +2.502786010e-04 +1.319202503e+02 +1.319202503e+02 -3.9884e+00 +1.9098e+00 -3.6954e+00 -4.6728e-01 -1.4963e+00
10744 0 +2.229228223e-04 +1.319202229e+02 +1.319202229e+02 -3.9882e+00 +1.9099e+00 -3.6956e+00 -4.6728e-01 -1.4965e+00
10814 0 +1.991345284e-04 +1.319201991e+02 +1.319201991e+02 -3.9879e+00 +1.9099e+00 -3.6958e+00 -4.6728e-01 -1.4966e+00
10884 0 +1.760152943e-04 +1.319201760e+02 +1.319201760e+02 -3.9877e+00 +1.9099e+00 -3.6959e+00 -4.6728e-01 -1.4967e+00
10964 0 +1.584125341e-04 +1.319201584e+02 +1.319201584e+02 -3.9875e+00 +1.9099e+00 -3.6960e+00 -4.6728e-01 -1.4968e+00
11144 0 +1.410299000e-04 +1.319201410e+02 +1.319201410e+02 -3.9869e+00 +1.9100e+00 -3.6964e+00 -4.6728e-01 -1.4971e+00
11254 0 +1.247311949e-04 +1.319201247e+02 +1.319201247e+02 -3.9866e+00 +1.9100e+00 -3.6966e+00 -4.6725e-01 -1.4972e+00
11324 0 +1.104404660e-04 +1.319201104e+02 +1.319201104e+02 -3.9864e+00 +1.9100e+00 -3.6967e+00 -4.6725e-01 -1.4973e+00
11384 0 +9.939362062e-05 +1.319200994e+02 +1.319200994e+02 -3.9862e+00 +1.9101e+00 -3.6968e+00 -4.6725e-01 -1.4974e+00
11504 0 +8.873311083e-05 +1.319200887e+02 +1.319200887e+02 -3.9860e+00 +1.9101e+00 -3.6970e+00 -4.6725e-01 -1.4975e+00
11664 0 +7.898165737e-05 +1.319200790e+02 +1.319200790e+02 -3.9857e+00 +1.9101e+00 -3.6971e+00 -4.6725e-01 -1.4976e+00
11784 0 +7.072814032e-05 +1.319200707e+02 +1.319200707e+02 -3.9855e+00 +1.9101e+00 -3.6972e+00 -4.6725e-01 -1.4977e+00
11904 0 +6.253968647e-05 +1.319200625e+02 +1.319200625e+02 -3.9854e+00 +1.9101e+00 -3.6974e+00 -4.6724e-01 -1.4978e+00
12044 0 +5.587245928e-05 +1.319200559e+02 +1.319200559e+02 -3.9851e+00 +1.9101e+00 -3.6975e+00 -4.6724e-01 -1.4979e+00
12204 0 +4.981261588e-05 +1.319200498e+02 +1.319200498e+02 -3.9849e+00 +1.9102e+00 -3.6976e+00 -4.6724e-01 -1.4980e+00
12284 0 +4.461161464e-05 +1.319200446e+02 +1.319200446e+02 -3.9848e+00 +1.9102e+00 -3.6977e+00 -4.6724e-01 -1.4981e+00
12354 0 +3.917683725e-05 +1.319200392e+02 +1.319200392e+02 -3.9847e+00 +1.9102e+00 -3.6978e+00 -4.6724e-01 -1.4981e+00
12414 0 +3.491598642e-05 +1.319200349e+02 +1.319200349e+02 -3.9846e+00 +1.9102e+00 -3.6978e+00 -4.6724e-01 -1.4982e+00
12484 0 +3.138829749e-05 +1.319200314e+02 +1.319200314e+02 -3.9845e+00 +1.9102e+00 -3.6979e+00 -4.6724e-01 -1.4982e+00
12674 0 +2.798918482e-05 +1.319200280e+02 +1.319200280e+02 -3.9842e+00 +1.9102e+00 -3.6981e+00 -4.6722e-01 -1.4983e+00
12784 0 +2.484906076e-05 +1.319200248e+02 +1.319200248e+02 -3.9841e+00 +1.9102e+00 -3.6981e+00 -4.6722e-01 -1.4984e+00
12864 0 +2.210525801e-05 +1.319200221e+02 +1.319200221e+02 -3.9840e+00 +1.9103e+00 -3.6982e+00 -4.6722e-01 -1.4984e+00
12934 0 +1.976874350e-05 +1.319200198e+02 +1.319200198e+02 -3.9840e+00 +1.9103e+00 -3.6982e+00 -4.6722e-01 -1.4985e+00
13014 0 +1.768853261e-05 +1.319200177e+02 +1.319200177e+02 -3.9839e+00 +1.9103e+00 -3.6983e+00 -4.6722e-01 -1.4985e+00
13194 0 +1.584447585e-05 +1.319200158e+02 +1.319200158e+02 -3.9838e+00 +1.9103e+00 -3.6983e+00 -4.6722e-01 -1.4985e+00
13394 0 +1.407673230e-05 +1.319200141e+02 +1.319200141e+02 -3.9836e+00 +1.9103e+00 -3.6984e+00 -4.6721e-01 -1.4986e+00
13464 0 +1.248356494e-05 +1.319200125e+02 +1.319200125e+02 -3.9836e+00 +1.9103e+00 -3.6985e+00 -4.6722e-01 -1.4986e+00
13524 0 +1.108351637e-05 +1.319200111e+02 +1.319200111e+02 -3.9835e+00 +1.9103e+00 -3.6985e+00 -4.6721e-01 -1.4987e+00
13604 0 +9.929289774e-06 +1.319200099e+02 +1.319200099e+02 -3.9835e+00 +1.9103e+00 -3.6985e+00 -4.6721e-01 -1.4987e+00
13784 0 +8.880619589e-06 +1.319200089e+02 +1.319200089e+02 -3.9834e+00 +1.9103e+00 -3.6986e+00 -4.6721e-01 -1.4987e+00
14044 0 +7.903538801e-06 +1.319200079e+02 +1.319200079e+02 -3.9833e+00 +1.9103e+00 -3.6986e+00 -4.6721e-01 -1.4988e+00
14224 0 +7.057111134e-06 +1.319200071e+02 +1.319200071e+02 -3.9833e+00 +1.9103e+00 -3.6987e+00 -4.6721e-01 -1.4988e+00
14454 0 +6.305513750e-06 +1.319200063e+02 +1.319200063e+02 -3.9832e+00 +1.9103e+00 -3.6987e+00 -4.6721e-01 -1.4988e+00
14704 0 +5.621487617e-06 +1.319200056e+02 +1.319200056e+02 -3.9832e+00 +1.9103e+00 -3.6987e+00 -4.6721e-01 -1.4988e+00
14984 0 +4.991875954e-06 +1.319200050e+02 +1.319200050e+02 -3.9831e+00 +1.9103e+00 -3.6988e+00 -4.6721e-01 -1.4989e+00
15194 0 +4.459619390e-06 +1.319200045e+02 +1.319200045e+02 -3.9831e+00 +1.9103e+00 -3.6988e+00 -4.6721e-01 -1.4989e+00
15374 0 +3.960302337e-06 +1.319200040e+02 +1.319200040e+02 -3.9830e+00 +1.9103e+00 -3.6988e+00 -4.6721e-01 -1.4989e+00
15554 0 +3.540525768e-06 +1.319200035e+02 +1.319200035e+02 -3.9830e+00 +1.9103e+00 -3.6988e+00 -4.6721e-01 -1.4989e+00
15864 0 +3.153207587e-06 +1.319200032e+02 +1.319200032e+02 -3.9829e+00 +1.9103e+00 -3.6989e+00 -4.6721e-01 -1.4989e+00
16084 0 +2.801427257e-06 +1.319200028e+02 +1.319200028e+02 -3.9829e+00 +1.9104e+00 -3.6989e+00 -4.6721e-01 -1.4990e+00
16194 0 +2.503016844e-06 +1.319200025e+02 +1.319200025e+02 -3.9829e+00 +1.9104e+00 -3.6989e+00 -4.6721e-01 -1.4990e+00
16284 0 +2.238658823e-06 +1.319200022e+02 +1.319200022e+02 -3.9829e+00 +1.9104e+00 -3.6989e+00 -4.6721e-01 -1.4990e+00
16384 0 +1.984698088e-06 +1.319200020e+02 +1.319200020e+02 -3.9828e+00 +1.9104e+00 -3.6989e+00 -4.6721e-01 -1.4990e+00
16524 0 +1.777853356e-06 +1.319200018e+02 +1.319200018e+02 -3.9828e+00 +1.9104e+00 -3.6989e+00 -4.6721e-01 -1.4990e+00
16836 0 +1.579965044e-06 +1.319200016e+02 +1.319200016e+02 -3.9828e+00 +1.9104e+00 -3.6990e+00 -4.6720e-01 -1.4990e+00
16914 0 +1.408394041e-06 +1.319200014e+02 +1.319200014e+02 -3.9827e+00 +1.9104e+00 -3.6990e+00 -4.6720e-01 -1.4990e+00
16984 0 +1.237430894e-06 +1.319200012e+02 +1.319200012e+02 -3.9827e+00 +1.9104e+00 -3.6990e+00 -4.6720e-01 -1.4990e+00
17054 0 +1.118732143e-06 +1.319200011e+02 +1.319200011e+02 -3.9827e+00 +1.9104e+00 -3.6990e+00 -4.6720e-01 -1.4990e+00
17204 0 +9.978647029e-07 +1.319200010e+02 +1.319200010e+02 -3.9827e+00 +1.9104e+00 -3.6990e+00 -4.6720e-01 -1.4991e+00
17624 0 +8.906064011e-07 +1.319200009e+02 +1.319200009e+02 -3.9827e+00 +1.9104e+00 -3.6990e+00 -4.6720e-01 -1.4991e+00
17804 0 +7.924115835e-07 +1.319200008e+02 +1.319200008e+02 -3.9826e+00 +1.9104e+00 -3.6990e+00 -4.6720e-01 -1.4991e+00
17914 0 +7.063811722e-07 +1.319200007e+02 +1.319200007e+02 -3.9826e+00 +1.9104e+00 -3.6991e+00 -4.6720e-01 -1.4991e+00
18014 0 +6.304359488e-07 +1.319200006e+02 +1.319200006e+02 -3.9826e+00 +1.9104e+00 -3.6991e+00 -4.6720e-01 -1.4991e+00
18134 0 +5.621634216e-07 +1.319200006e+02 +1.319200006e+02 -3.9826e+00 +1.9104e+00 -3.6991e+00 -4.6720e-01 -1.4991e+00
18314 0 +5.009222548e-07 +1.319200005e+02 +1.319200005e+02 -3.9826e+00 +1.9104e+00 -3.6991e+00 -4.6720e-01 -1.4991e+00
18474 0 +4.464318977e-07 +1.319200004e+02 +1.319200004e+02 -3.9826e+00 +1.9104e+00 -3.6991e+00 -4.6720e-01 -1.4991e+00
18594 0 +3.939930480e-07 +1.319200004e+02 +1.319200004e+02 -3.9826e+00 +1.9104e+00 -3.6991e+00 -4.6720e-01 -1.4991e+00
18694 0 +3.544166418e-07 +1.319200004e+02 +1.319200004e+02 -3.9826e+00 +1.9104e+00 -3.6991e+00 -4.6720e-01 -1.4991e+00
18824 0 +3.135439215e-07 +1.319200003e+02 +1.319200003e+02 -3.9826e+00 +1.9104e+00 -3.6991e+00 -4.6720e-01 -1.4991e+00
19014 0 +2.802420624e-07 +1.319200003e+02 +1.319200003e+02 -3.9825e+00 +1.9104e+00 -3.6991e+00 -4.6720e-01 -1.4991e+00
19154 0 +2.504621364e-07 +1.319200003e+02 +1.319200003e+02 -3.9825e+00 +1.9104e+00 -3.6991e+00 -4.6720e-01 -1.4991e+00
19284 0 +2.234317265e-07 +1.319200002e+02 +1.319200002e+02 -3.9825e+00 +1.9104e+00 -3.6991e+00 -4.6720e-01 -1.4991e+00
19454 0 +1.985319784e-07 +1.319200002e+02 +1.319200002e+02 -3.9825e+00 +1.9104e+00 -3.6991e+00 -4.6720e-01 -1.4991e+00
19754 0 +1.775779594e-07 +1.319200002e+02 +1.319200002e+02 -3.9825e+00 +1.9104e+00 -3.6991e+00 -4.6720e-01 -1.4991e+00
19884 0 +1.571562507e-07 +1.319200002e+02 +1.319200002e+02 -3.9825e+00 +1.9104e+00 -3.6991e+00 -4.6720e-01 -1.4992e+00
19964 0 +1.400553913e-07 +1.319200001e+02 +1.319200001e+02 -3.9825e+00 +1.9104e+00 -3.6991e+00 -4.6720e-01 -1.4992e+00
20034 0 +1.253759194e-07 +1.319200001e+02 +1.319200001e+02 -3.9825e+00 +1.9104e+00 -3.6991e+00 -4.6720e-01 -1.4992e+00
20114 0 +1.119070134e-07 +1.319200001e+02 +1.319200001e+02 -3.9825e+00 +1.9104e+00 -3.6991e+00 -4.6720e-01 -1.4992e+00
20364 0 +9.998905171e-08 +1.319200001e+02 +1.319200001e+02 -3.9825e+00 +1.9104e+00 -3.6992e+00 -4.6720e-01 -1.4992e+00
20644 0 +8.908912719e-08 +1.319200001e+02 +1.319200001e+02 -3.9825e+00 +1.9104e+00 -3.6992e+00 -4.6720e-01 -1.4992e+00
20774 0 +7.858639606e-08 +1.319200001e+02 +1.319200001e+02 -3.9825e+00 +1.9104e+00 -3.6992e+00 -4.6720e-01 -1.4992e+00
20874 0 +7.016882364e-08 +1.319200001e+02 +1.319200001e+02 -3.9825e+00 +1.9104e+00 -3.6992e+00 -4.6720e-01 -1.4992e+00
20974 0 +6.306288469e-08 +1.319200001e+02 +1.319200001e+02 -3.9825e+00 +1.9104e+00 -3.6992e+00 -4.6720e-01 -1.4992e+00
21134 0 +5.618338150e-08 +1.319200001e+02 +1.319200001e+02 -3.9825e+00 +1.9104e+00 -3.6992e+00 -4.6720e-01 -1.4992e+00
21464 0 +4.984048019e-08 +1.319200000e+02 +1.319200000e+02 -3.9825e+00 +1.9104e+00 -3.6992e+00 -4.6720e-01 -1.4992e+00
21704 0 +4.442088652e-08 +1.319200000e+02 +1.319200000e+02 -3.9825e+00 +1.9104e+00 -3.6992e+00 -4.6720e-01 -1.4992e+00
21884 0 +3.970691864e-08 +1.319200000e+02 +1.319200000e+02 -3.9824e+00 +1.9104e+00 -3.6992e+00 -4.6720e-01 -1.4992e+00
22074 0 +3.536962367e-08 +1.319200000e+02 +1.319200000e+02 -3.9824e+00 +1.9104e+00 -3.6992e+00 -4.6720e-01 -1.4992e+00
22314 0 +3.153729722e-08 +1.319200000e+02 +1.319200000e+02 -3.9824e+00 +1.9104e+00 -3.6992e+00 -4.6720e-01 -1.4992e+00
22594 0 +2.806402222e-08 +1.319200000e+02 +1.319200000e+02 -3.9824e+00 +1.9104e+00 -3.6992e+00 -4.6720e-01 -1.4992e+00
22794 0 +2.510734021e-08 +1.319200000e+02 +1.319200000e+02 -3.9824e+00 +1.9104e+00 -3.6992e+00 -4.6720e-01 -1.4992e+00
22984 0 +2.228912876e-08 +1.319200000e+02 +1.319200000e+02 -3.9824e+00 +1.9104e+00 -3.6992e+00 -4.6720e-01 -1.4992e+00
23194 0 +1.993876708e-08 +1.319200000e+02 +1.319200000e+02 -3.9824e+00 +1.9104e+00 -3.6992e+00 -4.6720e-01 -1.4992e+00
23404 0 +1.772451697e-08 +1.319200000e+02 +1.319200000e+02 -3.9824e+00 +1.9104e+00 -3.6992e+00 -4.6720e-01 -1.4992e+00
23534 0 +1.578439424e-08 +1.319200000e+02 +1.319200000e+02 -3.9824e+00 +1.9104e+00 -3.6992e+00 -4.6720e-01 -1.4992e+00
23634 0 +1.411146400e-08 +1.319200000e+02 +1.319200000e+02 -3.9824e+00 +1.9104e+00 -3.6992e+00 -4.6720e-01 -1.4992e+00
23744 0 +1.249929937e-08 +1.319200000e+02 +1.319200000e+02 -3.9824e+00 +1.9104e+00 -3.6992e+00 -4.6720e-01 -1.4992e+00
23904 0 +1.121114224e-08 +1.319200000e+02 +1.319200000e+02 -3.9824e+00 +1.9104e+00 -3.6992e+00 -4.6720e-01 -1.4992e+00
24154 0 +9.935348544e-09 +1.319200000e+02 +1.319200000e+02 -3.9824e+00 +1.9104e+00 -3.6992e+00 -4.6720e-01 -1.4992e+00
50000 0 +3.748823474e-11 +1.319200000e+02 +1.319200000e+02 -3.9824e+00 +1.9104e+00 -3.6992e+00 -4.6720e-01 -1.4992e+00
% f evaluations | g evaluations | best noise-free fitness - Fopt (5.908400000000e+02) + sum g_i+ | measured fitness | best measured fitness or single-digit g-values | x1 | x2...
1 0 +4.352378007e+05 +4.358286407e+05 +4.358286407e+05 +0.0000e+00 +0.0000e+00 +0.0000e+00 +0.0000e+00 +0.0000e+00
2 0 +4.342987713e+05 +4.348896113e+05 +4.348896113e+05 -2.9289e+00 +0.0000e+00 +0.0000e+00 +0.0000e+00 +0.0000e+00
4 0 +1.181436883e+05 +1.187345283e+05 +1.187345283e+05 -4.5498e+00 -1.6209e+00 -1.6209e+00 -1.6209e+00 -1.6209e+00
7 0 +7.534116968e+04 +7.593200968e+04 +7.593200968e+04 +1.3081e+00 -1.6209e+00 -1.6209e+00 -1.6209e+00 -1.6209e+00
10 0 +4.869088397e+04 +4.928172397e+04 +4.928172397e+04 -1.6209e+00 -4.5498e+00 -1.6209e+00 -1.6209e+00 -1.6209e+00
16 0 +3.421199176e+04 +3.480283176e+04 +3.480283176e+04 -1.6209e+00 -1.6209e+00 -4.5498e+00 -1.6209e+00 -1.6209e+00
171 0 +2.374172379e+04 +2.433256379e+04 +2.433256379e+04 +0.0000e+00 -2.4275e+00 -2.0013e+00 -2.0013e+00 -2.0013e+00
174 0 +2.156109784e+04 +2.215193784e+04 +2.215193784e+04 +1.0006e+00 -2.4275e+00 -2.0013e+00 -2.0013e+00 -2.0013e+00
175 0 +5.039014491e+03 +5.629854491e+03 +5.629854491e+03 +1.0006e+00 -3.4282e+00 -2.0013e+00 -2.0013e+00 -2.0013e+00
177 0 +2.304352908e+02 +8.212752908e+02 +8.212752908e+02 +1.0006e+00 -3.4282e+00 -3.0019e+00 -2.0013e+00 -2.0013e+00
179 0 +1.250181016e+01 +6.033418102e+02 +6.033418102e+02 +1.0006e+00 -3.4282e+00 -3.0019e+00 -3.0019e+00 -2.0013e+00
182 0 +7.906017491e+00 +5.987460175e+02 +5.987460175e+02 +1.0006e+00 -3.4282e+00 -3.0019e+00 -3.0019e+00 -1.0006e+00
184 0 +6.152060047e+00 +5.969920600e+02 +5.969920600e+02 +2.0013e+00 -3.4282e+00 -3.0019e+00 -3.0019e+00 -1.0006e+00
230 0 +4.412561987e+00 +5.952525620e+02 +5.952525620e+02 +2.0013e+00 -3.4282e+00 -2.7518e+00 -2.7518e+00 -1.0006e+00
240 0 +3.645746926e+00 +5.944857469e+02 +5.944857469e+02 +2.0013e+00 -3.4282e+00 -2.7518e+00 -2.5016e+00 -1.0006e+00
250 0 +2.840907947e+00 +5.936809079e+02 +5.936809079e+02 +1.7511e+00 -3.4282e+00 -2.7518e+00 -2.2515e+00 -1.0006e+00
252 0 +2.529510648e+00 +5.933695106e+02 +5.933695106e+02 +1.7511e+00 -3.4282e+00 -2.7518e+00 -2.2515e+00 -7.5049e-01
257 0 +2.421559560e+00 +5.932615596e+02 +5.932615596e+02 +1.7511e+00 -3.4282e+00 -3.0019e+00 -2.2515e+00 -7.5049e-01
260 0 +1.592951184e+00 +5.924329512e+02 +5.924329512e+02 +1.7511e+00 -3.4282e+00 -3.0019e+00 -2.0013e+00 -7.5049e-01
280 0 +1.394281279e+00 +5.922342813e+02 +5.922342813e+02 +1.6261e+00 -3.4282e+00 -3.0019e+00 -1.8762e+00 -7.5049e-01
290 0 +9.879243019e-01 +5.918279243e+02 +5.918279243e+02 +1.6261e+00 -3.4282e+00 -3.1270e+00 -1.7511e+00 -6.2541e-01
292 0 +7.923246644e-01 +5.916323247e+02 +5.916323247e+02 +1.6261e+00 -3.4282e+00 -3.1270e+00 -1.7511e+00 -5.0032e-01
300 0 +6.763187658e-01 +5.915163188e+02 +5.915163188e+02 +1.6261e+00 -3.4282e+00 -3.2521e+00 -1.6261e+00 -5.0032e-01
316 0 +4.962869951e-01 +5.913362870e+02 +5.913362870e+02 +1.6261e+00 -3.3656e+00 -3.2521e+00 -1.6261e+00 -5.0032e-01
320 0 +4.174064051e-01 +5.912574064e+02 +5.912574064e+02 +1.6261e+00 -3.3656e+00 -3.2521e+00 -1.5635e+00 -5.0032e-01
330 0 +3.524116510e-01 +5.911924117e+02 +5.911924117e+02 +1.5635e+00 -3.3656e+00 -3.3147e+00 -1.5010e+00 -5.0032e-01
332 0 +2.991700603e-01 +5.911391701e+02 +5.911391701e+02 +1.5635e+00 -3.3656e+00 -3.3147e+00 -1.5010e+00 -4.3778e-01
340 0 +2.432251939e-01 +5.910832252e+02 +5.910832252e+02 +1.5635e+00 -3.3656e+00 -3.3147e+00 -1.4384e+00 -4.3778e-01
350 0 +1.706967677e-01 +5.910106968e+02 +5.910106968e+02 +1.5010e+00 -3.3656e+00 -3.3772e+00 -1.3759e+00 -4.3778e-01
352 0 +1.458551183e-01 +5.909858551e+02 +5.909858551e+02 +1.5010e+00 -3.3656e+00 -3.3772e+00 -1.3759e+00 -3.7524e-01
360 0 +9.755033988e-02 +5.909375503e+02 +5.909375503e+02 +1.5010e+00 -3.3656e+00 -3.3772e+00 -1.3134e+00 -3.7524e-01
386 0 +7.734648177e-02 +5.909173465e+02 +5.909173465e+02 +1.5010e+00 -3.3344e+00 -3.4397e+00 -1.3134e+00 -3.7524e-01
410 0 +6.278916100e-02 +5.909027892e+02 +5.909027892e+02 +1.4853e+00 -3.3344e+00 -3.4241e+00 -1.2977e+00 -3.7524e-01
412 0 +5.420910480e-02 +5.908942091e+02 +5.908942091e+02 +1.4853e+00 -3.3344e+00 -3.4241e+00 -1.2977e+00 -3.5961e-01
420 0 +4.466873302e-02 +5.908846687e+02 +5.908846687e+02 +1.4853e+00 -3.3344e+00 -3.4241e+00 -1.2821e+00 -3.5961e-01
423 0 +4.465387925e-02 +5.908846539e+02 +5.908846539e+02 +1.4697e+00 -3.3344e+00 -3.4241e+00 -1.2821e+00 -3.5961e-01
432 0 +3.860302370e-02 +5.908786030e+02 +5.908786030e+02 +1.4697e+00 -3.3344e+00 -3.4397e+00 -1.2664e+00 -3.4397e-01
440 0 +2.904941636e-02 +5.908690494e+02 +5.908690494e+02 +1.4697e+00 -3.3344e+00 -3.4397e+00 -1.2508e+00 -3.4397e-01
450 0 +2.308248923e-02 +5.908630825e+02 +5.908630825e+02 +1.4697e+00 -3.3344e+00 -3.4554e+00 -1.2352e+00 -3.4397e-01
452 0 +2.036325621e-02 +5.908603633e+02 +5.908603633e+02 +1.4697e+00 -3.3344e+00 -3.4554e+00 -1.2352e+00 -3.2834e-01
470 0 +1.726072927e-02 +5.908572607e+02 +5.908572607e+02 +1.4697e+00 -3.3344e+00 -3.4632e+00 -1.2274e+00 -3.2834e-01
480 0 +1.519574046e-02 +5.908551957e+02 +5.908551957e+02 +1.4697e+00 -3.3344e+00 -3.4632e+00 -1.2195e+00 -3.2834e-01
490 0 +1.304778845e-02 +5.908530478e+02 +5.908530478e+02 +1.4619e+00 -3.3344e+00 -3.4632e+00 -1.2117e+00 -3.2834e-01
492 0 +1.144328889e-02 +5.908514433e+02 +5.908514433e+02 +1.4619e+00 -3.3344e+00 -3.4632e+00 -1.2117e+00 -3.2052e-01
497 0 +1.100997309e-02 +5.908510100e+02 +5.908510100e+02 +1.4619e+00 -3.3344e+00 -3.4710e+00 -1.2117e+00 -3.2052e-01
500 0 +9.019240899e-03 +5.908490192e+02 +5.908490192e+02 +1.4619e+00 -3.3344e+00 -3.4710e+00 -1.2039e+00 -3.2052e-01
510 0 +8.419898772e-03 +5.908484199e+02 +5.908484199e+02 +1.4619e+00 -3.3344e+00 -3.4710e+00 -1.1961e+00 -3.2052e-01
520 0 +6.166350210e-03 +5.908461664e+02 +5.908461664e+02 +1.4541e+00 -3.3344e+00 -3.4788e+00 -1.1883e+00 -3.2052e-01
522 0 +4.715080829e-03 +5.908447151e+02 +5.908447151e+02 +1.4541e+00 -3.3344e+00 -3.4788e+00 -1.1883e+00 -3.1270e-01
550 0 +4.137547933e-03 +5.908441375e+02 +5.908441375e+02 +1.4541e+00 -3.3344e+00 -3.4827e+00 -1.1805e+00 -3.1270e-01
552 0 +3.247020521e-03 +5.908432470e+02 +5.908432470e+02 +1.4541e+00 -3.3344e+00 -3.4827e+00 -1.1805e+00 -3.0879e-01
580 0 +2.811357776e-03 +5.908428114e+02 +5.908428114e+02 +1.4521e+00 -3.3344e+00 -3.4847e+00 -1.1785e+00 -3.0879e-01
590 0 +2.505756646e-03 +5.908425058e+02 +5.908425058e+02 +1.4521e+00 -3.3344e+00 -3.4847e+00 -1.1765e+00 -3.0684e-01
602 0 +2.071026652e-03 +5.908420710e+02 +5.908420710e+02 +1.4521e+00 -3.3344e+00 -3.4866e+00 -1.1746e+00 -3.0293e-01
630 0 +1.883865994e-03 +5.908418839e+02 +5.908418839e+02 +1.4511e+00 -3.3344e+00 -3.4876e+00 -1.1736e+00 -3.0293e-01
640 0 +1.642566677e-03 +5.908416426e+02 +5.908416426e+02 +1.4511e+00 -3.3344e+00 -3.4886e+00 -1.1726e+00 -3.0195e-01
642 0 +1.577449837e-03 +5.908415774e+02 +5.908415774e+02 +1.4511e+00 -3.3344e+00 -3.4886e+00 -1.1726e+00 -3.0098e-01
660 0 +1.349454041e-03 +5.908413495e+02 +5.908413495e+02 +1.4511e+00 -3.3344e+00 -3.4896e+00 -1.1707e+00 -3.0000e-01
710 0 +1.246039088e-03 +5.908412460e+02 +5.908412460e+02 +1.4502e+00 -3.3344e+00 -3.4901e+00 -1.1702e+00 -2.9878e-01
770 0 +1.110336720e-03 +5.908411103e+02 +5.908411103e+02 +1.4498e+00 -3.3344e+00 -3.4904e+00 -1.1692e+00 -2.9817e-01
1100 0 +9.998495515e-04 +5.908409998e+02 +5.908409998e+02 +1.4496e+00 -3.3344e+00 -3.4909e+00 -1.1682e+00 -2.9800e-01
2442 0 +8.911951351e-04 +5.908408912e+02 +5.908408912e+02 +1.4495e+00 -3.3344e+00 -3.4917e+00 -1.1668e+00 -2.9777e-01
3870 0 +7.937963503e-04 +5.908407938e+02 +5.908407938e+02 +1.4493e+00 -3.3344e+00 -3.4922e+00 -1.1657e+00 -2.9756e-01
4890 0 +7.077285106e-04 +5.908407077e+02 +5.908407077e+02 +1.4491e+00 -3.3344e+00 -3.4926e+00 -1.1649e+00 -2.9755e-01
5842 0 +6.309543534e-04 +5.908406310e+02 +5.908406310e+02 +1.4489e+00 -3.3344e+00 -3.4929e+00 -1.1643e+00 -2.9748e-01
7330 0 +5.620933301e-04 +5.908405621e+02 +5.908405621e+02 +1.4489e+00 -3.3344e+00 -3.4932e+00 -1.1637e+00 -2.9709e-01
10790 0 +5.011866895e-04 +5.908405012e+02 +5.908405012e+02 +1.4487e+00 -3.3346e+00 -3.4938e+00 -1.1624e+00 -2.9611e-01
12833 0 +4.466667267e-04 +5.908404467e+02 +5.908404467e+02 +1.4485e+00 -3.3348e+00 -3.4941e+00 -1.1616e+00 -2.9553e-01
13790 0 +3.977808616e-04 +5.908403978e+02 +5.908403978e+02 +1.4484e+00 -3.3348e+00 -3.4943e+00 -1.1612e+00 -2.9525e-01
14572 0 +3.546291938e-04 +5.908403546e+02 +5.908403546e+02 +1.4483e+00 -3.3349e+00 -3.4944e+00 -1.1609e+00 -2.9504e-01
15400 0 +3.160472340e-04 +5.908403160e+02 +5.908403160e+02 +1.4482e+00 -3.3349e+00 -3.4946e+00 -1.1606e+00 -2.9485e-01
16700 0 +2.818025806e-04 +5.908402818e+02 +5.908402818e+02 +1.4479e+00 -3.3349e+00 -3.4949e+00 -1.1601e+00 -2.9464e-01
20140 0 +2.511693548e-04 +5.908402512e+02 +5.908402512e+02 +1.4476e+00 -3.3350e+00 -3.4954e+00 -1.1588e+00 -2.9418e-01
21070 0 +2.238708555e-04 +5.908402239e+02 +5.908402239e+02 +1.4475e+00 -3.3351e+00 -3.4956e+00 -1.1585e+00 -2.9401e-01
21772 0 +1.994339052e-04 +5.908401994e+02 +5.908401994e+02 +1.4474e+00 -3.3351e+00 -3.4957e+00 -1.1582e+00 -2.9389e-01
22492 0 +1.776935176e-04 +5.908401777e+02 +5.908401777e+02 +1.4473e+00 -3.3351e+00 -3.4958e+00 -1.1579e+00 -2.9375e-01
23432 0 +1.584476321e-04 +5.908401584e+02 +5.908401584e+02 +1.4472e+00 -3.3352e+00 -3.4959e+00 -1.1576e+00 -2.9358e-01
26572 0 +1.412414105e-04 +5.908401412e+02 +5.908401412e+02 +1.4471e+00 -3.3353e+00 -3.4962e+00 -1.1570e+00 -2.9315e-01
28470 0 +1.258668799e-04 +5.908401259e+02 +5.908401259e+02 +1.4470e+00 -3.3353e+00 -3.4963e+00 -1.1567e+00 -2.9287e-01
29650 0 +1.121819955e-04 +5.908401122e+02 +5.908401122e+02 +1.4470e+00 -3.3354e+00 -3.4964e+00 -1.1564e+00 -2.9270e-01
30790 0 +9.995655091e-05 +5.908401000e+02 +5.908401000e+02 +1.4469e+00 -3.3354e+00 -3.4965e+00 -1.1562e+00 -2.9253e-01
32092 0 +8.911920315e-05 +5.908400891e+02 +5.908400891e+02 +1.4468e+00 -3.3355e+00 -3.4966e+00 -1.1560e+00 -2.9234e-01
33500 0 +7.941786942e-05 +5.908400794e+02 +5.908400794e+02 +1.4468e+00 -3.3355e+00 -3.4967e+00 -1.1557e+00 -2.9214e-01
34582 0 +7.077812666e-05 +5.908400708e+02 +5.908400708e+02 +1.4467e+00 -3.3355e+00 -3.4968e+00 -1.1555e+00 -2.9199e-01
35570 0 +6.306243779e-05 +5.908400631e+02 +5.908400631e+02 +1.4466e+00 -3.3355e+00 -3.4969e+00 -1.1553e+00 -2.9186e-01
36840 0 +5.620704883e-05 +5.908400562e+02 +5.908400562e+02 +1.4465e+00 -3.3356e+00 -3.4970e+00 -1.1551e+00 -2.9171e-01
38480 0 +5.007882021e-05 +5.908400501e+02 +5.908400501e+02 +1.4464e+00 -3.3356e+00 -3.4972e+00 -1.1548e+00 -2.9153e-01
39920 0 +4.464741744e-05 +5.908400446e+02 +5.908400446e+02 +1.4464e+00 -3.3356e+00 -3.4972e+00 -1.1547e+00 -2.9144e-01
41020 0 +3.980880206e-05 +5.908400398e+02 +5.908400398e+02 +1.4464e+00 -3.3356e+00 -3.4973e+00 -1.1545e+00 -2.9136e-01
42060 0 +3.546393441e-05 +5.908400355e+02 +5.908400355e+02 +1.4464e+00 -3.3356e+00 -3.4973e+00 -1.1544e+00 -2.9128e-01
43342 0 +3.161763755e-05 +5.908400316e+02 +5.908400316e+02 +1.4463e+00 -3.3357e+00 -3.4974e+00 -1.1543e+00 -2.9119e-01
46680 0 +2.818079463e-05 +5.908400282e+02 +5.908400282e+02 +1.4462e+00 -3.3357e+00 -3.4975e+00 -1.1540e+00 -2.9095e-01
47752 0 +2.510769241e-05 +5.908400251e+02 +5.908400251e+02 +1.4462e+00 -3.3357e+00 -3.4975e+00 -1.1539e+00 -2.9087e-01
48450 0 +2.237276760e-05 +5.908400224e+02 +5.908400224e+02 +1.4462e+00 -3.3358e+00 -3.4976e+00 -1.1538e+00 -2.9082e-01
49082 0 +1.994481352e-05 +5.908400199e+02 +5.908400199e+02 +1.4462e+00 -3.3358e+00 -3.4976e+00 -1.1538e+00 -2.9078e-01
49800 0 +1.778131423e-05 +5.908400178e+02 +5.908400178e+02 +1.4461e+00 -3.3358e+00 -3.4976e+00 -1.1537e+00 -2.9074e-01
50000 0 +1.734634805e-05 +5.908400173e+02 +5.908400173e+02 +1.4461e+00 -3.3358e+00 -3.4976e+00 -1.1537e+00 -2.9073e-01
% f evaluations | g evaluations | best noise-free fitness - Fopt (-1.330000000000e+00) + sum g_i+ | measured fitness | best measured fitness or single-digit g-values | x1 | x2...
1 0 +5.824378025e+05 +5.824364725e+05 +5.824364725e+05 +0.0000e+00 +0.0000e+00 +0.0000e+00 +0.0000e+00 +0.0000e+00
2 0 +5.080705039e+05 +5.080691739e+05 +5.080691739e+05 -2.9289e+00 +0.0000e+00 +0.0000e+00 +0.0000e+00 +0.0000e+00
11 0 +4.841221783e+05 +4.841208483e+05 +4.841208483e+05 +0.0000e+00 +2.9289e+00 +0.0000e+00 +0.0000e+00 +0.0000e+00
17 0 +3.675443305e+05 +3.675430005e+05 +3.675430005e+05 +0.0000e+00 +0.0000e+00 +2.9289e+00 +0.0000e+00 +0.0000e+00
26 0 +2.944668741e+05 +2.944655441e+05 +2.944655441e+05 +0.0000e+00 +0.0000e+00 +0.0000e+00 +0.0000e+00 -2.9289e+00
161 0 +2.537360572e+05 +2.537347272e+05 +2.537347272e+05 -1.0006e+00 +1.0006e+00 +1.0006e+00 +1.0006e+00 -1.4269e+00
163 0 +2.093781538e+05 +2.093768238e+05 +2.093768238e+05 -2.0013e+00 +1.0006e+00 +1.0006e+00 +1.0006e+00 -1.4269e+00
166 0 +1.767259063e+05 +1.767245763e+05 +1.767245763e+05 -2.0013e+00 +2.0013e+00 +1.0006e+00 +1.0006e+00 -1.4269e+00
168 0 +1.264653934e+05 +1.264640634e+05 +1.264640634e+05 -2.0013e+00 +2.0013e+00 +2.0013e+00 +1.0006e+00 -1.4269e+00
170 0 +1.172097960e+05 +1.172084660e+05 +1.172084660e+05 -2.0013e+00 +2.0013e+00 +2.0013e+00 +2.0013e+00 -1.4269e+00
171 0 +6.436267074e+04 +6.436134074e+04 +6.436134074e+04 -2.0013e+00 +2.0013e+00 +2.0013e+00 +2.0013e+00 -2.4275e+00
173 0 +4.946001665e+04 +4.945868665e+04 +4.945868665e+04 -3.0019e+00 +2.0013e+00 +2.0013e+00 +2.0013e+00 -2.4275e+00
176 0 +4.094943181e+04 +4.094810181e+04 +4.094810181e+04 -3.0019e+00 +3.0019e+00 +2.0013e+00 +2.0013e+00 -2.4275e+00
178 0 +2.872087647e+04 +2.871954647e+04 +2.871954647e+04 -3.0019e+00 +3.0019e+00 +3.0019e+00 +2.0013e+00 -2.4275e+00
181 0 +1.519240102e+04 +1.519107102e+04 +1.519107102e+04 -3.0019e+00 +3.0019e+00 +3.0019e+00 +2.0013e+00 -3.4282e+00
185 0 +1.253548288e+04 +1.253415288e+04 +1.253415288e+04 -3.0019e+00 +2.0013e+00 +3.0019e+00 +2.0013e+00 -3.4282e+00
189 0 +2.645659070e+03 +2.644329070e+03 +2.644329070e+03 -3.0019e+00 +2.0013e+00 +3.0019e+00 +1.0006e+00 -3.4282e+00
191 0 +8.324643525e+02 +8.311343525e+02 +8.311343525e+02 -3.0019e+00 +2.0013e+00 +3.0019e+00 +1.0006e+00 -4.4288e+00
193 0 +3.858333547e+00 +2.528333547e+00 +2.528333547e+00 -4.0026e+00 +2.0013e+00 +3.0019e+00 +1.0006e+00 -4.4288e+00
222 0 +1.462722030e+00 +1.327220305e-01 +1.327220305e-01 -4.0026e+00 +1.5010e+00 +3.0019e+00 +1.0006e+00 -3.9285e+00
236 0 +1.372649003e+00 +4.264900330e-02 +4.264900330e-02 -4.0026e+00 +1.7511e+00 +3.0019e+00 +1.0006e+00 -3.9285e+00
244 0 +9.681737014e-01 -3.618262986e-01 -3.618262986e-01 -3.7524e+00 +1.7511e+00 +3.0019e+00 +1.0006e+00 -3.9285e+00
254 0 +7.718939708e-01 -5.581060292e-01 -5.581060292e-01 -3.5023e+00 +1.7511e+00 +3.0019e+00 +1.0006e+00 -3.9285e+00
282 0 +4.247280204e-01 -9.052719796e-01 -9.052719796e-01 -3.3772e+00 +2.0013e+00 +3.0019e+00 +1.0006e+00 -3.8034e+00
290 0 +3.812529321e-01 -9.487470679e-01 -9.487470679e-01 -3.3772e+00 +2.0013e+00 +3.1270e+00 +1.1257e+00 -3.8034e+00
292 0 +1.531347257e-01 -1.176865274e+00 -1.176865274e+00 -3.3772e+00 +2.0013e+00 +3.1270e+00 +1.1257e+00 -3.6783e+00
312 0 +8.525687775e-02 -1.244743122e+00 -1.244743122e+00 -3.3147e+00 +2.0013e+00 +3.1270e+00 +1.1257e+00 -3.6158e+00
320 0 +7.644132580e-02 -1.253558674e+00 -1.253558674e+00 -3.3147e+00 +2.0013e+00 +3.1896e+00 +1.1883e+00 -3.6158e+00
334 0 +6.038568211e-02 -1.269614318e+00 -1.269614318e+00 -3.2834e+00 +2.0013e+00 +3.1896e+00 +1.1883e+00 -3.6158e+00
342 0 +3.378251877e-02 -1.296217481e+00 -1.296217481e+00 -3.2834e+00 +1.9700e+00 +3.1896e+00 +1.1883e+00 -3.5845e+00
354 0 +3.103318409e-02 -1.298966816e+00 -1.298966816e+00 -3.2677e+00 +1.9700e+00 +3.1896e+00 +1.1883e+00 -3.5845e+00
362 0 +2.149079978e-02 -1.308509200e+00 -1.308509200e+00 -3.2677e+00 +1.9857e+00 +3.1896e+00 +1.1883e+00 -3.5689e+00
372 0 +1.551359559e-02 -1.314486404e+00 -1.314486404e+00 -3.2521e+00 +2.0013e+00 +3.1896e+00 +1.1883e+00 -3.5533e+00
380 0 +1.128599805e-02 -1.318714002e+00 -1.318714002e+00 -3.2521e+00 +2.0013e+00 +3.2052e+00 +1.2039e+00 -3.5533e+00
395 0 +1.069170828e-02 -1.319308292e+00 -1.319308292e+00 -3.2521e+00 +1.9935e+00 +3.2052e+00 +1.2039e+00 -3.5533e+00
402 0 +8.656860571e-03 -1.321343139e+00 -1.321343139e+00 -3.2521e+00 +1.9935e+00 +3.2052e+00 +1.2039e+00 -3.5454e+00
412 0 +7.345434020e-03 -1.322654566e+00 -1.322654566e+00 -3.2521e+00 +1.9935e+00 +3.2052e+00 +1.2039e+00 -3.5376e+00
414 0 +6.194623548e-03 -1.323805376e+00 -1.323805376e+00 -3.2443e+00 +1.9935e+00 +3.2052e+00 +1.2039e+00 -3.5376e+00
418 0 +5.193015390e-03 -1.324806985e+00 -1.324806985e+00 -3.2443e+00 +1.9935e+00 +3.2130e+00 +1.2039e+00 -3.5376e+00
424 0 +4.752782687e-03 -1.325247217e+00 -1.325247217e+00 -3.2365e+00 +1.9935e+00 +3.2130e+00 +1.2039e+00 -3.5376e+00
432 0 +3.768864893e-03 -1.326231135e+00 -1.326231135e+00 -3.2365e+00 +1.9935e+00 +3.2208e+00 +1.2039e+00 -3.5298e+00
434 0 +3.072294400e-03 -1.326927706e+00 -1.326927706e+00 -3.2287e+00 +1.9935e+00 +3.2208e+00 +1.2039e+00 -3.5298e+00
438 0 +2.762341475e-03 -1.327237659e+00 -1.327237659e+00 -3.2287e+00 +1.9935e+00 +3.2287e+00 +1.2039e+00 -3.5298e+00
440 0 +2.432901214e-03 -1.327567099e+00 -1.327567099e+00 -3.2287e+00 +1.9935e+00 +3.2287e+00 +1.2117e+00 -3.5298e+00
442 0 +1.204853736e-03 -1.328795146e+00 -1.328795146e+00 -3.2287e+00 +1.9935e+00 +3.2287e+00 +1.2117e+00 -3.5220e+00
444 0 +9.301301656e-04 -1.329069870e+00 -1.329069870e+00 -3.2208e+00 +1.9935e+00 +3.2287e+00 +1.2117e+00 -3.5220e+00
468 0 +8.504982565e-04 -1.329149502e+00 -1.329149502e+00 -3.2208e+00 +1.9935e+00 +3.2326e+00 +1.2117e+00 -3.5220e+00
472 0 +5.642004057e-04 -1.329435800e+00 -1.329435800e+00 -3.2208e+00 +1.9935e+00 +3.2326e+00 +1.2117e+00 -3.5181e+00
480 0 +3.337013062e-04 -1.329666299e+00 -1.329666299e+00 -3.2208e+00 +1.9935e+00 +3.2326e+00 +1.2156e+00 -3.5181e+00
512 0 +2.744091490e-04 -1.329725591e+00 -1.329725591e+00 -3.2208e+00 +1.9935e+00 +3.2335e+00 +1.2156e+00 -3.5171e+00
522 0 +2.018481221e-04 -1.329798152e+00 -1.329798152e+00 -3.2199e+00 +1.9935e+00 +3.2345e+00 +1.2166e+00 -3.5161e+00
524 0 +1.599093363e-04 -1.329840091e+00 -1.329840091e+00 -3.2189e+00 +1.9935e+00 +3.2345e+00 +1.2166e+00 -3.5161e+00
552 0 +1.472871110e-04 -1.329852713e+00 -1.329852713e+00 -3.2189e+00 +1.9940e+00 +3.2345e+00 +1.2166e+00 -3.5156e+00
558 0 +1.394008904e-04 -1.329860599e+00 -1.329860599e+00 -3.2184e+00 +1.9940e+00 +3.2350e+00 +1.2166e+00 -3.5156e+00
564 0 +1.115806225e-04 -1.329888419e+00 -1.329888419e+00 -3.2179e+00 +1.9940e+00 +3.2350e+00 +1.2166e+00 -3.5152e+00
592 0 +9.644420085e-05 -1.329903556e+00 -1.329903556e+00 -3.2179e+00 +1.9940e+00 +3.2355e+00 +1.2169e+00 -3.5149e+00
602 0 +8.382253201e-05 -1.329916177e+00 -1.329916177e+00 -3.2177e+00 +1.9940e+00 +3.2357e+00 +1.2171e+00 -3.5147e+00
604 0 +7.853387834e-05 -1.329921466e+00 -1.329921466e+00 -3.2174e+00 +1.9940e+00 +3.2357e+00 +1.2171e+00 -3.5147e+00
622 0 +6.470494906e-05 -1.329935295e+00 -1.329935295e+00 -3.2172e+00 +1.9940e+00 +3.2362e+00 +1.2171e+00 -3.5144e+00
624 0 +5.944547795e-05 -1.329940555e+00 -1.329940555e+00 -3.2169e+00 +1.9940e+00 +3.2362e+00 +1.2171e+00 -3.5144e+00
634 0 +5.558492101e-05 -1.329944415e+00 -1.329944415e+00 -3.2167e+00 +1.9940e+00 +3.2365e+00 +1.2171e+00 -3.5144e+00
644 0 +4.853654342e-05 -1.329951463e+00 -1.329951463e+00 -3.2164e+00 +1.9940e+00 +3.2365e+00 +1.2171e+00 -3.5142e+00
660 0 +4.127999158e-05 -1.329958720e+00 -1.329958720e+00 -3.2164e+00 +1.9940e+00 +3.2367e+00 +1.2173e+00 -3.5139e+00
664 0 +3.461664865e-05 -1.329965383e+00 -1.329965383e+00 -3.2162e+00 +1.9940e+00 +3.2367e+00 +1.2173e+00 -3.5139e+00
674 0 +3.050001196e-05 -1.329969500e+00 -1.329969500e+00 -3.2160e+00 +1.9940e+00 +3.2370e+00 +1.2173e+00 -3.5139e+00
714 0 +2.678935803e-05 -1.329973211e+00 -1.329973211e+00 -3.2156e+00 +1.9942e+00 +3.2371e+00 +1.2173e+00 -3.5138e+00
724 0 +2.427526666e-05 -1.329975725e+00 -1.329975725e+00 -3.2155e+00 +1.9942e+00 +3.2371e+00 +1.2173e+00 -3.5138e+00
732 0 +2.061661103e-05 -1.329979383e+00 -1.329979383e+00 -3.2155e+00 +1.9942e+00 +3.2372e+00 +1.2173e+00 -3.5137e+00
734 0 +1.813640941e-05 -1.329981864e+00 -1.329981864e+00 -3.2153e+00 +1.9942e+00 +3.2372e+00 +1.2173e+00 -3.5137e+00
742 0 +1.734095223e-05 -1.329982659e+00 -1.329982659e+00 -3.2153e+00 +1.9942e+00 +3.2373e+00 +1.2173e+00 -3.5136e+00
754 0 +1.554749489e-05 -1.329984453e+00 -1.329984453e+00 -3.2151e+00 +1.9942e+00 +3.2375e+00 +1.2173e+00 -3.5136e+00
764 0 +1.300380893e-05 -1.329986996e+00 -1.329986996e+00 -3.2150e+00 +1.9942e+00 +3.2375e+00 +1.2173e+00 -3.5134e+00
768 0 +1.258336230e-05 -1.329987417e+00 -1.329987417e+00 -3.2150e+00 +1.9942e+00 +3.2376e+00 +1.2173e+00 -3.5134e+00
774 0 +1.050023885e-05 -1.329989500e+00 -1.329989500e+00 -3.2149e+00 +1.9942e+00 +3.2376e+00 +1.2175e+00 -3.5134e+00
802 0 +9.707603730e-06 -1.329990292e+00 -1.329990292e+00 -3.2149e+00 +1.9943e+00 +3.2376e+00 +1.2174e+00 -3.5134e+00
814 0 +8.743456093e-06 -1.329991257e+00 -1.329991257e+00 -3.2147e+00 +1.9943e+00 +3.2376e+00 +1.2175e+00 -3.5134e+00
832 0 +7.841274335e-06 -1.329992159e+00 -1.329992159e+00 -3.2147e+00 +1.9943e+00 +3.2378e+00 +1.2175e+00 -3.5133e+00
834 0 +6.952877153e-06 -1.329993047e+00 -1.329993047e+00 -3.2146e+00 +1.9943e+00 +3.2378e+00 +1.2175e+00 -3.5133e+00
852 0 +5.843144820e-06 -1.329994157e+00 -1.329994157e+00 -3.2145e+00 +1.9943e+00 +3.2378e+00 +1.2175e+00 -3.5132e+00
854 0 +5.416040197e-06 -1.329994584e+00 -1.329994584e+00 -3.2145e+00 +1.9943e+00 +3.2378e+00 +1.2175e+00 -3.5132e+00
864 0 +4.960915971e-06 -1.329995039e+00 -1.329995039e+00 -3.2144e+00 +1.9943e+00 +3.2379e+00 +1.2175e+00 -3.5132e+00
874 0 +4.011110351e-06 -1.329995989e+00 -1.329995989e+00 -3.2144e+00 +1.9943e+00 +3.2379e+00 +1.2175e+00 -3.5131e+00
880 0 +3.974154473e-06 -1.329996026e+00 -1.329996026e+00 -3.2144e+00 +1.9943e+00 +3.2379e+00 +1.2175e+00 -3.5131e+00
904 0 +3.401154331e-06 -1.329996599e+00 -1.329996599e+00 -3.2143e+00 +1.9943e+00 +3.2379e+00 +1.2175e+00 -3.5131e+00
924 0 +3.086327788e-06 -1.329996914e+00 -1.329996914e+00 -3.2142e+00 +1.9943e+00 +3.2380e+00 +1.2175e+00 -3.5131e+00
934 0 +2.757162479e-06 -1.329997243e+00 -1.329997243e+00 -3.2142e+00 +1.9943e+00 +3.2380e+00 +1.2175e+00 -3.5131e+00
944 0 +2.479305042e-06 -1.329997521e+00 -1.329997521e+00 -3.2142e+00 +1.9943e+00 +3.2380e+00 +1.2175e+00 -3.5131e+00
952 0 +2.194946525e-06 -1.329997805e+00 -1.329997805e+00 -3.2142e+00 +1.9943e+00 +3.2381e+00 +1.2175e+00 -3.5130e+00
954 0 +1.971465253e-06 -1.329998029e+00 -1.329998029e+00 -3.2141e+00 +1.9943e+00 +3.2381e+00 +1.2175e+00 -3.5130e+00
972 0 +1.748499717e-06 -1.329998252e+00 -1.329998252e+00 -3.2141e+00 +1.9943e+00 +3.2381e+00 +1.2175e+00 -3.5130e+00
984 0 +1.576870499e-06 -1.329998423e+00 -1.329998423e+00 -3.2140e+00 +1.9943e+00 +3.2381e+00 +1.2175e+00 -3.5130e+00
994 0 +1.322837963e-06 -1.329998677e+00 -1.329998677e+00 -3.2140e+00 +1.9943e+00 +3.2382e+00 +1.2176e+00 -3.5130e+00
1004 0 +1.128602658e-06 -1.329998871e+00 -1.329998871e+00 -3.2140e+00 +1.9943e+00 +3.2382e+00 +1.2176e+00 -3.5130e+00
1006 0 +1.120040260e-06 -1.329998880e+00 -1.329998880e+00 -3.2140e+00 +1.9944e+00 +3.2382e+00 +1.2176e+00 -3.5130e+00
1032 0 +9.821990019e-07 -1.329999018e+00 -1.329999018e+00 -3.2140e+00 +1.9944e+00 +3.2382e+00 +1.2175e+00 -3.5130e+00
1062 0 +8.540922738e-07 -1.329999146e+00 -1.329999146e+00 -3.2139e+00 +1.9944e+00 +3.2382e+00 +1.2176e+00 -3.5129e+00
1074 0 +7.271389026e-07 -1.329999273e+00 -1.329999273e+00 -3.2139e+00 +1.9944e+00 +3.2382e+00 +1.2176e+00 -3.5129e+00
1082 0 +6.527057226e-07 -1.329999347e+00 -1.329999347e+00 -3.2139e+00 +1.9944e+00 +3.2382e+00 +1.2176e+00 -3.5129e+00
1084 0 +5.937239040e-07 -1.329999406e+00 -1.329999406e+00 -3.2139e+00 +1.9944e+00 +3.2382e+00 +1.2176e+00 -3.5129e+00
1094 0 +5.194622035e-07 -1.329999481e+00 -1.329999481e+00 -3.2138e+00 +1.9944e+00 +3.2382e+00 +1.2176e+00 -3.5129e+00
1104 0 +4.870036718e-07 -1.329999513e+00 -1.329999513e+00 -3.2138e+00 +1.9944e+00 +3.2383e+00 +1.2176e+00 -3.5129e+00
1114 0 +4.202685209e-07 -1.329999580e+00 -1.329999580e+00 -3.2138e+00 +1.9944e+00 +3.2383e+00 +1.2176e+00 -3.5129e+00
1124 0 +3.760134573e-07 -1.329999624e+00 -1.329999624e+00 -3.2138e+00 +1.9944e+00 +3.2383e+00 +1.2176e+00 -3.5129e+00
1134 0 +3.458106272e-07 -1.329999654e+00 -1.329999654e+00 -3.2138e+00 +1.9944e+00 +3.2383e+00 +1.2176e+00 -3.5129e+00
1144 0 +3.161026767e-07 -1.329999684e+00 -1.329999684e+00 -3.2138e+00 +1.9944e+00 +3.2383e+00 +1.2176e+00 -3.5129e+00
1154 0 +2.487898212e-07 -1.329999751e+00 -1.329999751e+00 -3.2138e+00 +1.9944e+00 +3.2383e+00 +1.2176e+00 -3.5129e+00
1164 0 +2.111610260e-07 -1.329999789e+00 -1.329999789e+00 -3.2137e+00 +1.9944e+00 +3.2383e+00 +1.2176e+00 -3.5129e+00
1172 0 +1.932899447e-07 -1.329999807e+00 -1.329999807e+00 -3.2137e+00 +1.9944e+00 +3.2383e+00 +1.2176e+00 -3.5129e+00
1204 0 +1.680479931e-07 -1.329999832e+00 -1.329999832e+00 -3.2137e+00 +1.9944e+00 +3.2383e+00 +1.2176e+00 -3.5129e+00
1212 0 +1.504730365e-07 -1.329999850e+00 -1.329999850e+00 -3.2137e+00 +1.9944e+00 +3.2383e+00 +1.2176e+00 -3.5129e+00
1214 0 +1.325921968e-07 -1.329999867e+00 -1.329999867e+00 -3.2137e+00 +1.9944e+00 +3.2383e+00 +1.2176e+00 -3.5129e+00
1224 0 +1.129087144e-07 -1.329999887e+00 -1.329999887e+00 -3.2137e+00 +1.9944e+00 +3.2383e+00 +1.2176e+00 -3.5129e+00
1232 0 +1.029855285e-07 -1.329999897e+00 -1.329999897e+00 -3.2137e+00 +1.9944e+00 +3.2383e+00 +1.2176e+00 -3.5128e+00
1244 0 +9.831545711e-08 -1.329999902e+00 -1.329999902e+00 -3.2137e+00 +1.9944e+00 +3.2383e+00 +1.2176e+00 -3.5128e+00
1252 0 +8.858028822e-08 -1.329999911e+00 -1.329999911e+00 -3.2137e+00 +1.9944e+00 +3.2383e+00 +1.2176e+00 -3.5128e+00
1254 0 +7.491988496e-08 -1.329999925e+00 -1.329999925e+00 -3.2137e+00 +1.9944e+00 +3.2383e+00 +1.2176e+00 -3.5128e+00
1262 0 +6.134750263e-08 -1.329999939e+00 -1.329999939e+00 -3.2137e+00 +1.9944e+00 +3.2384e+00 +1.2176e+00 -3.5128e+00
1264 0 +5.521599666e-08 -1.329999945e+00 -1.329999945e+00 -3.2137e+00 +1.9944e+00 +3.2384e+00 +1.2176e+00 -3.5128e+00
1302 0 +4.896709860e-08 -1.329999951e+00 -1.329999951e+00 -3.2137e+00 +1.9944e+00 +3.2384e+00 +1.2176e+00 -3.5128e+00
1308 0 +4.440492707e-08 -1.329999956e+00 -1.329999956e+00 -3.2137e+00 +1.9944e+00 +3.2384e+00 +1.2176e+00 -3.5128e+00
1314 0 +3.976416796e-08 -1.329999960e+00 -1.329999960e+00 -3.2137e+00 +1.9944e+00 +3.2384e+00 +1.2176e+00 -3.5128e+00
1324 0 +3.298949691e-08 -1.329999967e+00 -1.329999967e+00 -3.2137e+00 +1.9944e+00 +3.2384e+00 +1.2176e+00 -3.5128e+00
1332 0 +3.015086869e-08 -1.329999970e+00 -1.329999970e+00 -3.2137e+00 +1.9944e+00 +3.2384e+00 +1.2176e+00 -3.5128e+00
1334 0 +2.790648357e-08 -1.329999972e+00 -1.329999972e+00 -3.2136e+00 +1.9944e+00 +3.2384e+00 +1.2176e+00 -3.5128e+00
1344 0 +2.479857830e-08 -1.329999975e+00 -1.329999975e+00 -3.2136e+00 +1.9944e+00 +3.2384e+00 +1.2176e+00 -3.5128e+00
1352 0 +2.220525075e-08 -1.329999978e+00 -1.329999978e+00 -3.2136e+00 +1.9944e+00 +3.2384e+00 +1.2176e+00 -3.5128e+00
1364 0 +1.809945616e-08 -1.329999982e+00 -1.329999982e+00 -3.2136e+00 +1.9944e+00 +3.2384e+00 +1.2176e+00 -3.5128e+00
1374 0 +1.565173902e-08 -1.329999984e+00 -1.329999984e+00 -3.2136e+00 +1.9944e+00 +3.2384e+00 +1.2176e+00 -3.5128e+00
1384 0 +1.287196150e-08 -1.329999987e+00 -1.329999987e+00 -3.2136e+00 +1.9944e+00 +3.2384e+00 +1.2176e+00 -3.5128e+00
1404 0 +1.204091871e-08 -1.329999988e+00 -1.329999988e+00 -3.2136e+00 +1.9944e+00 +3.2384e+00 +1.2176e+00 -3.5128e+00
1414 0 +1.097315216e-08 -1.329999989e+00 -1.329999989e+00 -3.2136e+00 +1.9944e+00 +3.2384e+00 +1.2176e+00 -3.5128e+00
1424 0 +9.526097688e-09 -1.329999990e+00 -1.329999990e+00 -3.2136e+00 +1.9944e+00 +3.2384e+00 +1.2176e+00 -3.5128e+00
2122 0 +9.525713551e-13 -1.330000000e+00 -1.330000000e+00 -3.2136e+00 +1.9944e+00 +3.2384e+00 +1.2176e+00 -3.5128e+00
50000 0 +4.440892099e-16 -1.330000000e+00 -1.330000000e+00 -3.2136e+00 +1.9944e+00 +3.2384e+00 +1.2176e+00 -3.5128e+00
% f evaluations | g evaluations | best noise-free fitness - Fopt (1.460000000000e+01) + sum g_i+ | measured fitness | best measured fitness or single-digit g-values | x1 | x2...
1 0 +6.275152511e+04 +6.276612511e+04 +6.276612511e+04 +0.0000e+00 +0.0000e+00 +0.0000e+00 +0.0000e+00 +0.0000e+00
8 0 +3.042970811e+04 +3.044430811e+04 +3.044430811e+04 +0.0000e+00 -2.9289e+00 +0.0000e+00 +0.0000e+00 +0.0000e+00
10 0 +1.759728184e+04 +1.761188184e+04 +1.761188184e+04 -1.6209e+00 -4.5498e+00 -1.6209e+00 -1.6209e+00 -1.6209e+00
25 0 +1.418385760e+04 +1.419845760e+04 +1.419845760e+04 -1.6209e+00 -1.6209e+00 -1.6209e+00 +1.3081e+00 -1.6209e+00
28 0 +1.212481844e+04 +1.213941844e+04 +1.213941844e+04 -1.6209e+00 -1.6209e+00 -1.6209e+00 -1.6209e+00 -4.5498e+00
187 0 +1.033408301e+04 +1.034868301e+04 +1.034868301e+04 -2.9737e+00 -4.0026e+00 -2.4636e+00 +1.0006e+00 -3.0019e+00
190 0 +7.882871780e+03 +7.897471780e+03 +7.897471780e+03 -2.9737e+00 -4.0026e+00 -2.4636e+00 +2.0013e+00 -3.0019e+00
191 0 +3.717571181e+03 +3.732171181e+03 +3.732171181e+03 -2.9737e+00 -4.0026e+00 -2.4636e+00 +2.0013e+00 -4.0026e+00
194 0 +9.254692702e+01 +1.071469270e+02 +1.071469270e+02 -1.9730e+00 -4.0026e+00 -2.4636e+00 +2.0013e+00 -4.0026e+00
199 0 +7.353050659e+01 +8.813050659e+01 +8.813050659e+01 -1.9730e+00 -4.0026e+00 -2.4636e+00 +1.0006e+00 -4.0026e+00
204 0 +7.058570930e+01 +8.518570930e+01 +8.518570930e+01 -9.7236e-01 -4.0026e+00 -2.4636e+00 +1.0006e+00 -4.0026e+00
208 0 +5.062570168e+01 +6.522570168e+01 +6.522570168e+01 -9.7236e-01 -3.0019e+00 -1.4630e+00 +1.0006e+00 -4.0026e+00
209 0 +4.128350704e+01 +5.588350704e+01 +5.588350704e+01 -9.7236e-01 -3.0019e+00 -1.4630e+00 +0.0000e+00 -4.0026e+00
216 0 +3.648539516e+01 +5.108539516e+01 +5.108539516e+01 -9.7236e-01 -2.0013e+00 -1.4630e+00 +0.0000e+00 -4.0026e+00
239 0 +3.066427004e+01 +4.526427004e+01 +4.526427004e+01 -9.7236e-01 -2.0013e+00 -1.4630e+00 -5.0032e-01 -4.0026e+00
246 0 +2.798278135e+01 +4.258278135e+01 +4.258278135e+01 -9.7236e-01 -1.5010e+00 -1.4630e+00 -5.0032e-01 -4.0026e+00
268 0 +2.486628670e+01 +3.946628670e+01 +3.946628670e+01 -9.7236e-01 -1.5010e+00 -1.2128e+00 -5.0032e-01 -4.0026e+00
368 0 +2.225886410e+01 +3.685886410e+01 +3.685886410e+01 -7.2220e-01 -1.1570e+00 -9.4700e-01 -7.8176e-01 -3.7524e+00
578 0 +1.989675045e+01 +3.449675045e+01 +3.449675045e+01 -6.7529e-01 -1.1179e+00 -8.2974e-01 -8.8339e-01 -3.7837e+00
718 0 +1.778095228e+01 +3.238095228e+01 +3.238095228e+01 -6.3620e-01 -1.0866e+00 -7.5156e-01 -9.5374e-01 -3.7993e+00
839 0 +1.580234359e+01 +3.040234359e+01 +3.040234359e+01 -6.0493e-01 -1.0554e+00 -6.8902e-01 -1.0241e+00 -3.8306e+00
989 0 +1.409801046e+01 +2.869801046e+01 +2.869801046e+01 -5.6585e-01 -1.0163e+00 -6.1085e-01 -1.1023e+00 -3.8619e+00
1889 0 +1.258876882e+01 +2.718876882e+01 +2.718876882e+01 -4.9353e-01 -9.6547e-01 -4.3886e-01 -1.2489e+00 -3.8951e+00
5888 0 +1.121809712e+01 +2.581809712e+01 +2.581809712e+01 -4.2659e-01 -9.3176e-01 -2.0922e-01 -1.4404e+00 -3.9967e+00
7468 0 +9.995966586e+00 +2.459596659e+01 +2.459596659e+01 -4.1194e-01 -9.4006e-01 -1.3202e-01 -1.4936e+00 -4.0094e+00
8798 0 +8.910077568e+00 +2.351007757e+01 +2.351007757e+01 -3.9972e-01 -9.4886e-01 -6.7039e-02 -1.5376e+00 -4.0173e+00
10228 0 +7.941880061e+00 +2.254188006e+01 +2.254188006e+01 -3.8897e-01 -9.6156e-01 +2.8310e-03 -1.5826e+00 -4.0251e+00
12299 0 +7.079297566e+00 +2.167929757e+01 +2.167929757e+01 -3.7236e-01 -9.8159e-01 +1.0348e-01 -1.6471e+00 -4.0270e+00
15772 0 +6.309516502e+00 +2.090951650e+01 +2.090951650e+01 -3.2936e-01 -1.0006e+00 +2.7303e-01 -1.7560e+00 -3.9928e+00
17498 0 +5.622370885e+00 +2.022237088e+01 +2.022237088e+01 -3.0835e-01 -1.0138e+00 +3.5755e-01 -1.8078e+00 -3.9679e+00
18808 0 +5.011018410e+00 +1.961101841e+01 +1.961101841e+01 -2.9467e-01 -1.0285e+00 +4.2156e-01 -1.8454e+00 -3.9464e+00
20168 0 +4.465906765e+00 +1.906590676e+01 +1.906590676e+01 -2.8148e-01 -1.0461e+00 +4.8801e-01 -1.8831e+00 -3.9225e+00
21792 0 +3.980814026e+00 +1.858081403e+01 +1.858081403e+01 -2.7171e-01 -1.0754e+00 +5.6716e-01 -1.9226e+00 -3.8932e+00
23268 0 +3.546553446e+00 +1.814655345e+01 +1.814655345e+01 -2.6047e-01 -1.0993e+00 +6.3947e-01 -1.9607e+00 -3.8673e+00
24428 0 +3.160990057e+00 +1.776099006e+01 +1.776099006e+01 -2.5265e-01 -1.1204e+00 +6.9615e-01 -1.9896e+00 -3.8448e+00
25579 0 +2.817675891e+00 +1.741767589e+01 +1.741767589e+01 -2.4435e-01 -1.1394e+00 +7.5234e-01 -2.0194e+00 -3.8247e+00
27228 0 +2.511407640e+00 +1.711140764e+01 +1.711140764e+01 -2.3311e-01 -1.1687e+00 +8.3296e-01 -2.0604e+00 -3.7935e+00
28638 0 +2.237170067e+00 +1.683717007e+01 +1.683717007e+01 -2.2334e-01 -1.1932e+00 +9.0185e-01 -2.0961e+00 -3.7681e+00
29388 0 +1.994959931e+00 +1.659495993e+01 +1.659495993e+01 -2.1845e-01 -1.2068e+00 +9.3850e-01 -2.1147e+00 -3.7539e+00
29995 0 +1.778068169e+00 +1.637806817e+01 +1.637806817e+01 -2.1357e-01 -1.2166e+00 +9.6781e-01 -2.1308e+00 -3.7432e+00
30608 0 +1.584813085e+00 +1.618481309e+01 +1.618481309e+01 -2.0819e-01 -1.2244e+00 +9.9811e-01 -2.1469e+00 -3.7329e+00
31518 0 +1.411943967e+00 +1.601194397e+01 +1.601194397e+01 -2.0233e-01 -1.2420e+00 +1.0426e+00 -2.1694e+00 -3.7148e+00
33392 0 +1.258662847e+00 +1.585866285e+01 +1.585866285e+01 -1.9304e-01 -1.2826e+00 +1.1305e+00 -2.2090e+00 -3.6679e+00
33968 0 +1.120673504e+00 +1.572067350e+01 +1.572067350e+01 -1.9011e-01 -1.2928e+00 +1.1564e+00 -2.2217e+00 -3.6586e+00
34379 0 +9.998016067e-01 +1.559980161e+01 +1.559980161e+01 -1.8865e-01 -1.3031e+00 +1.1735e+00 -2.2280e+00 -3.6440e+00
34771 0 +8.911800914e-01 +1.549118009e+01 +1.549118009e+01 -1.8718e-01 -1.3114e+00 +1.1926e+00 -2.2373e+00 -3.6386e+00
35268 0 +7.938887005e-01 +1.539388870e+01 +1.539388870e+01 -1.8425e-01 -1.3212e+00 +1.2141e+00 -2.2466e+00 -3.6244e+00
36928 0 +7.076705781e-01 +1.530767058e+01 +1.530767058e+01 -1.7839e-01 -1.3549e+00 +1.2773e+00 -2.2725e+00 -3.5824e+00
37968 0 +6.304675946e-01 +1.523046759e+01 +1.523046759e+01 -1.7839e-01 -1.3727e+00 +1.3027e+00 -2.2813e+00 -3.5658e+00
38588 0 +5.619593508e-01 +1.516195935e+01 +1.516195935e+01 -1.7521e-01 -1.3783e+00 +1.3179e+00 -2.2893e+00 -3.5565e+00
39158 0 +5.010176438e-01 +1.510101764e+01 +1.510101764e+01 -1.7375e-01 -1.3859e+00 +1.3318e+00 -2.2957e+00 -3.5480e+00
39818 0 +4.464290386e-01 +1.504642904e+01 +1.504642904e+01 -1.7081e-01 -1.3923e+00 +1.3479e+00 -2.3037e+00 -3.5379e+00
40902 0 +3.980385388e-01 +1.499803854e+01 +1.499803854e+01 -1.6617e-01 -1.4035e+00 +1.3743e+00 -2.3172e+00 -3.5218e+00
41978 0 +3.546937297e-01 +1.495469373e+01 +1.495469373e+01 -1.6373e-01 -1.4162e+00 +1.4007e+00 -2.3274e+00 -3.5047e+00
42628 0 +3.160537626e-01 +1.491605376e+01 +1.491605376e+01 -1.6226e-01 -1.4238e+00 +1.4166e+00 -2.3335e+00 -3.4942e+00
43218 0 +2.817704550e-01 +1.488177046e+01 +1.488177046e+01 -1.6031e-01 -1.4301e+00 +1.4310e+00 -2.3399e+00 -3.4852e+00
43882 0 +2.511196651e-01 +1.485111967e+01 +1.485111967e+01 -1.5835e-01 -1.4372e+00 +1.4471e+00 -2.3467e+00 -3.4747e+00
44518 0 +2.237654941e-01 +1.482376549e+01 +1.482376549e+01 -1.5713e-01 -1.4441e+00 +1.4625e+00 -2.3516e+00 -3.4634e+00
45022 0 +1.993139359e-01 +1.479931394e+01 +1.479931394e+01 -1.5567e-01 -1.4492e+00 +1.4745e+00 -2.3570e+00 -3.4566e+00
45498 0 +1.777970688e-01 +1.477779707e+01 +1.477779707e+01 -1.5469e-01 -1.4548e+00 +1.4838e+00 -2.3602e+00 -3.4478e+00
46045 0 +1.584385079e-01 +1.475843851e+01 +1.475843851e+01 -1.5298e-01 -1.4604e+00 +1.4950e+00 -2.3646e+00 -3.4378e+00
47535 0 +1.412297702e-01 +1.474122977e+01 +1.474122977e+01 -1.5200e-01 -1.4729e+00 +1.5153e+00 -2.3725e+00 -3.4247e+00
48344 0 +1.258567594e-01 +1.472585676e+01 +1.472585676e+01 -1.5139e-01 -1.4789e+00 +1.5252e+00 -2.3763e+00 -3.4181e+00
48842 0 +1.122001075e-01 +1.471220011e+01 +1.471220011e+01 -1.5029e-01 -1.4807e+00 +1.5313e+00 -2.3790e+00 -3.4138e+00
49328 0 +9.993332857e-02 +1.469993333e+01 +1.469993333e+01 -1.4968e-01 -1.4831e+00 +1.5373e+00 -2.3817e+00 -3.4113e+00
49872 0 +8.908686735e-02 +1.468908687e+01 +1.468908687e+01 -1.4919e-01 -1.4864e+00 +1.5433e+00 -2.3841e+00 -3.4072e+00
50000 0 +8.707109226e-02 +1.468707109e+01 +1.468707109e+01 -1.4870e-01 -1.4866e+00 +1.5447e+00 -2.3848e+00 -3.4061e+00
% f evaluations | g evaluations | best noise-free fitness - Fopt (-2.233600000000e+02) + sum g_i+ | measured fitness | best measured fitness or single-digit g-values | x1 | x2...
1 0 +6.369149799e+04 +6.346813799e+04 +6.346813799e+04 +0.0000e+00 +0.0000e+00 +0.0000e+00 +0.0000e+00 +0.0000e+00
5 0 +3.365051715e+04 +3.342715715e+04 +3.342715715e+04 +2.9289e+00 +0.0000e+00 +0.0000e+00 +0.0000e+00 +0.0000e+00
9 0 +5.893114393e+03 +5.669754393e+03 +5.669754393e+03 +1.6209e+00 -1.3081e+00 +1.6209e+00 +1.6209e+00 +1.6209e+00
23 0 +2.877650699e+01 -1.945834930e+02 -1.945834930e+02 +0.0000e+00 +0.0000e+00 +0.0000e+00 +2.9289e+00 +0.0000e+00
1427 0 +2.809730860e+01 -1.952626914e+02 -1.952626914e+02 -6.2541e-01 -2.5016e-01 +6.3322e-01 +2.9410e+00 -4.9251e-01
1546 0 +2.509712289e+01 -1.982628771e+02 -1.982628771e+02 -7.1922e-01 -1.6417e-01 +5.4723e-01 +3.0035e+00 -5.5505e-01
1827 0 +2.232545684e+01 -2.010345432e+02 -2.010345432e+02 -9.3811e-01 +5.4723e-02 +3.2052e-01 +3.1442e+00 -7.0358e-01
1927 0 +1.988660683e+01 -2.034733932e+02 -2.034733932e+02 -1.0163e+00 +1.3290e-01 +2.4234e-01 +3.1911e+00 -7.5830e-01
1993 0 +1.773938847e+01 -2.056206115e+02 -2.056206115e+02 -1.0710e+00 +1.7980e-01 +1.9544e-01 +3.2224e+00 -7.9739e-01
2053 0 +1.577117925e+01 -2.075888208e+02 -2.075888208e+02 -1.1179e+00 +2.2671e-01 +1.4853e-01 +3.2537e+00 -8.2866e-01
2117 0 +1.406988558e+01 -2.092901144e+02 -2.092901144e+02 -1.1648e+00 +2.8143e-01 +9.3811e-02 +3.2849e+00 -8.5993e-01
2263 0 +1.258127053e+01 -2.107787295e+02 -2.107787295e+02 -1.2821e+00 +3.9088e-01 -1.5635e-02 +3.3553e+00 -9.4593e-01
2446 0 +1.120135543e+01 -2.121586446e+02 -2.121586446e+02 -1.4228e+00 +5.3941e-01 -1.5635e-01 +3.4413e+00 -1.0397e+00
2503 0 +9.998637383e+00 -2.133613626e+02 -2.133613626e+02 -1.4697e+00 +5.7850e-01 -2.0326e-01 +3.4726e+00 -1.0710e+00
2557 0 +8.835772530e+00 -2.145242275e+02 -2.145242275e+02 -1.5088e+00 +6.2541e-01 -2.5016e-01 +3.4960e+00 -1.1023e+00
2613 0 +7.893177281e+00 -2.154668227e+02 -2.154668227e+02 -1.5557e+00 +6.6449e-01 -2.8925e-01 +3.5273e+00 -1.1335e+00
2693 0 +7.078509666e+00 -2.162814903e+02 -2.162814903e+02 -1.6182e+00 +7.2703e-01 -3.5179e-01 +3.5664e+00 -1.1805e+00
2933 0 +6.309100114e+00 -2.170508999e+02 -2.170508999e+02 -1.7453e+00 +7.9739e-01 -4.7687e-01 +3.6348e+00 -1.2410e+00
3327 0 +5.617898571e+00 -2.177421014e+02 -2.177421014e+02 -1.8215e+00 +7.1922e-01 -5.5505e-01 +3.6582e+00 -1.2293e+00
3657 0 +5.011536065e+00 -2.183484639e+02 -2.183484639e+02 -1.8860e+00 +6.5472e-01 -6.1954e-01 +3.6817e+00 -1.2098e+00
4057 0 +4.465968793e+00 -2.188940312e+02 -2.188940312e+02 -1.9642e+00 +5.7655e-01 -6.9772e-01 +3.7090e+00 -1.1863e+00
5165 0 +3.980796752e+00 -2.193792032e+02 -2.193792032e+02 -2.0756e+00 +4.8371e-01 -7.7101e-01 +3.7814e+00 -1.1590e+00
6310 0 +3.548072383e+00 -2.198119276e+02 -2.198119276e+02 -2.1870e+00 +4.1433e-01 -7.9935e-01 +3.8859e+00 -1.1570e+00
7243 0 +3.161439413e+00 -2.201985606e+02 -2.201985606e+02 -2.2788e+00 +3.8697e-01 -7.8371e-01 +3.9328e+00 -1.1482e+00
8143 0 +2.815391939e+00 -2.205446081e+02 -2.205446081e+02 -2.3668e+00 +3.7818e-01 -7.5342e-01 +3.9279e+00 -1.1404e+00
9403 0 +2.511626538e+00 -2.208483735e+02 -2.208483735e+02 -2.4899e+00 +3.6938e-01 -7.0554e-01 +3.9162e+00 -1.1296e+00
10483 0 +2.238009535e+00 -2.211219905e+02 -2.211219905e+02 -2.5954e+00 +3.6059e-01 -6.6645e-01 +3.9074e+00 -1.1199e+00
11063 0 +1.993576224e+00 -2.213664238e+02 -2.213664238e+02 -2.6521e+00 +3.5765e-01 -6.4397e-01 +3.9015e+00 -1.1150e+00
11513 0 +1.776270168e+00 -2.215837298e+02 -2.215837298e+02 -2.6961e+00 +3.5570e-01 -6.2443e-01 +3.8957e+00 -1.1111e+00
11983 0 +1.582347862e+00 -2.217776521e+02 -2.217776521e+02 -2.7420e+00 +3.5081e-01 -6.0879e-01 +3.8928e+00 -1.1072e+00
12673 0 +1.411872416e+00 -2.219481276e+02 -2.219481276e+02 -2.8094e+00 +3.4593e-01 -5.8241e-01 +3.8869e+00 -1.1003e+00
14078 0 +1.258702703e+00 -2.221012973e+02 -2.221012973e+02 -2.9462e+00 +3.3616e-01 -5.2964e-01 +3.8752e+00 -1.0886e+00
14473 0 +1.118481303e+00 -2.222415187e+02 -2.222415187e+02 -2.9853e+00 +3.3322e-01 -5.1498e-01 +3.8713e+00 -1.0847e+00
14763 0 +9.970971306e-01 -2.223629029e+02 -2.223629029e+02 -3.0137e+00 +3.3225e-01 -5.0326e-01 +3.8673e+00 -1.0827e+00
15053 0 +8.879587883e-01 -2.224720412e+02 -2.224720412e+02 -3.0420e+00 +3.2932e-01 -4.9251e-01 +3.8654e+00 -1.0798e+00
15393 0 +7.939296854e-01 -2.225660703e+02 -2.225660703e+02 -3.0752e+00 +3.2736e-01 -4.7980e-01 +3.8625e+00 -1.0769e+00
16433 0 +7.078014573e-01 -2.226521985e+02 -2.226521985e+02 -3.1769e+00 +3.2052e-01 -4.4072e-01 +3.8527e+00 -1.0681e+00
17043 0 +6.305061459e-01 -2.227294939e+02 -2.227294939e+02 -3.2164e+00 +3.1759e-01 -4.2508e-01 +3.8493e+00 -1.0642e+00
17533 0 +5.620509475e-01 -2.227979491e+02 -2.227979491e+02 -3.2404e+00 +3.1661e-01 -4.1482e-01 +3.8463e+00 -1.0622e+00
17993 0 +5.007710873e-01 -2.228592289e+02 -2.228592289e+02 -3.2629e+00 +3.1417e-01 -4.0700e-01 +3.8449e+00 -1.0603e+00
18523 0 +4.458871306e-01 -2.229141129e+02 -2.229141129e+02 -3.2888e+00 +3.1221e-01 -3.9723e-01 +3.8429e+00 -1.0578e+00
19373 0 +3.980225695e-01 -2.229619774e+02 -2.229619774e+02 -3.3303e+00 +3.0928e-01 -3.8111e-01 +3.8390e+00 -1.0539e+00
20223 0 +3.547621179e-01 -2.230052379e+02 -2.230052379e+02 -3.3718e+00 +3.0635e-01 -3.6498e-01 +3.8351e+00 -1.0505e+00
20743 0 +3.154851199e-01 -2.230445149e+02 -2.230445149e+02 -3.3972e+00 +3.0489e-01 -3.5472e-01 +3.8322e+00 -1.0480e+00
21203 0 +2.816554373e-01 -2.230783446e+02 -2.230783446e+02 -3.4197e+00 +3.0293e-01 -3.4642e-01 +3.8307e+00 -1.0461e+00
21725 0 +2.511837494e-01 -2.231088163e+02 -2.231088163e+02 -3.4451e+00 +3.0098e-01 -3.3664e-01 +3.8283e+00 -1.0436e+00
22223 0 +2.236326604e-01 -2.231363673e+02 -2.231363673e+02 -3.4695e+00 +3.0000e-01 -3.2638e-01 +3.8253e+00 -1.0417e+00
22603 0 +1.992809375e-01 -2.231607191e+02 -2.231607191e+02 -3.4881e+00 +2.9804e-01 -3.2003e-01 +3.8243e+00 -1.0397e+00
22933 0 +1.773399962e-01 -2.231826600e+02 -2.231826600e+02 -3.5042e+00 +2.9756e-01 -3.1319e-01 +3.8224e+00 -1.0388e+00
23583 0 +1.583716717e-01 -2.232016283e+02 -2.232016283e+02 -3.5230e+00 +2.9609e-01 -3.0611e-01 +3.8209e+00 -1.0368e+00
24893 0 +1.411762124e-01 -2.232188238e+02 -2.232188238e+02 -3.5550e+00 +2.9365e-01 -2.9389e-01 +3.8180e+00 -1.0339e+00
25533 0 +1.256790120e-01 -2.232343210e+02 -2.232343210e+02 -3.5707e+00 +2.9267e-01 -2.8754e-01 +3.8163e+00 -1.0324e+00
25933 0 +1.119676357e-01 -2.232480324e+02 -2.232480324e+02 -3.5804e+00 +2.9194e-01 -2.8388e-01 +3.8156e+00 -1.0317e+00
26283 0 +9.979684153e-02 -2.232602032e+02 -2.232602032e+02 -3.5890e+00 +2.9145e-01 -2.8046e-01 +3.8146e+00 -1.0309e+00
26673 0 +8.896589223e-02 -2.232710341e+02 -2.232710341e+02 -3.5985e+00 +2.9072e-01 -2.7679e-01 +3.8138e+00 -1.0300e+00
27723 0 +7.940826506e-02 -2.232805917e+02 -2.232805917e+02 -3.6242e+00 +2.8876e-01 -2.6702e-01 +3.8116e+00 -1.0278e+00
28413 0 +7.067404951e-02 -2.232893260e+02 -2.232893260e+02 -3.6410e+00 +2.8754e-01 -2.6042e-01 +3.8099e+00 -1.0261e+00
28693 0 +6.308501158e-02 -2.232969150e+02 -2.232969150e+02 -3.6479e+00 +2.8730e-01 -2.5774e-01 +3.8092e+00 -1.0256e+00
28933 0 +5.608506088e-02 -2.233039149e+02 -2.233039149e+02 -3.6537e+00 +2.8656e-01 -2.5554e-01 +3.8087e+00 -1.0251e+00
29176 0 +5.009410941e-02 -2.233099059e+02 -2.233099059e+02 -3.6596e+00 +2.8632e-01 -2.5334e-01 +3.8082e+00 -1.0243e+00
29533 0 +4.460770013e-02 -2.233153923e+02 -2.233153923e+02 -3.6684e+00 +2.8559e-01 -2.4992e-01 +3.8075e+00 -1.0236e+00
31143 0 +3.975169486e-02 -2.233202483e+02 -2.233202483e+02 -3.6883e+00 +2.8424e-01 -2.4222e-01 +3.8057e+00 -1.0220e+00
31693 0 +3.548006546e-02 -2.233245199e+02 -2.233245199e+02 -3.6950e+00 +2.8388e-01 -2.3954e-01 +3.8049e+00 -1.0214e+00
32103 0 +3.159992527e-02 -2.233284001e+02 -2.233284001e+02 -3.7000e+00 +2.8351e-01 -2.3758e-01 +3.8044e+00 -1.0209e+00
32513 0 +2.817180087e-02 -2.233318282e+02 -2.233318282e+02 -3.7050e+00 +2.8314e-01 -2.3563e-01 +3.8041e+00 -1.0204e+00
33043 0 +2.510969740e-02 -2.233348903e+02 -2.233348903e+02 -3.7115e+00 +2.8278e-01 -2.3306e-01 +3.8033e+00 -1.0199e+00
33763 0 +2.236561656e-02 -2.233376344e+02 -2.233376344e+02 -3.7203e+00 +2.8217e-01 -2.2952e-01 +3.8025e+00 -1.0191e+00
34293 0 +1.992702732e-02 -2.233400730e+02 -2.233400730e+02 -3.7268e+00 +2.8168e-01 -2.2708e-01 +3.8020e+00 -1.0185e+00
34713 0 +1.777020577e-02 -2.233422298e+02 -2.233422298e+02 -3.7319e+00 +2.8119e-01 -2.2524e-01 +3.8015e+00 -1.0181e+00
35163 0 +1.583530296e-02 -2.233441647e+02 -2.233441647e+02 -3.7374e+00 +2.8082e-01 -2.2305e-01 +3.8010e+00 -1.0175e+00
35793 0 +1.412229405e-02 -2.233458777e+02 -2.233458777e+02 -3.7432e+00 +2.8052e-01 -2.2079e-01 +3.8005e+00 -1.0171e+00
36473 0 +1.258198868e-02 -2.233474180e+02 -2.233474180e+02 -3.7473e+00 +2.8015e-01 -2.1926e-01 +3.8001e+00 -1.0167e+00
37003 0 +1.119586138e-02 -2.233488041e+02 -2.233488041e+02 -3.7505e+00 +2.7991e-01 -2.1804e-01 +3.7999e+00 -1.0164e+00
37513 0 +9.981295086e-03 -2.233500187e+02 -2.233500187e+02 -3.7537e+00 +2.7972e-01 -2.1675e-01 +3.7995e+00 -1.0161e+00
38283 0 +8.907370075e-03 -2.233510926e+02 -2.233510926e+02 -3.7584e+00 +2.7936e-01 -2.1492e-01 +3.7991e+00 -1.0157e+00
39383 0 +7.927208972e-03 -2.233520728e+02 -2.233520728e+02 -3.7651e+00 +2.7887e-01 -2.1242e-01 +3.7985e+00 -1.0151e+00
39773 0 +7.075877784e-03 -2.233529241e+02 -2.233529241e+02 -3.7675e+00 +2.7875e-01 -2.1144e-01 +3.7983e+00 -1.0149e+00
40073 0 +6.286243825e-03 -2.233537138e+02 -2.233537138e+02 -3.7693e+00 +2.7862e-01 -2.1071e-01 +3.7981e+00 -1.0148e+00
40353 0 +5.606920107e-03 -2.233543931e+02 -2.233543931e+02 -3.7710e+00 +2.7850e-01 -2.1004e-01 +3.7979e+00 -1.0146e+00
40693 0 +5.009429409e-03 -2.233549906e+02 -2.233549906e+02 -3.7731e+00 +2.7838e-01 -2.0918e-01 +3.7977e+00 -1.0144e+00
41765 0 +4.462371849e-03 -2.233555376e+02 -2.233555376e+02 -3.7796e+00 +2.7783e-01 -2.0674e-01 +3.7971e+00 -1.0138e+00
42103 0 +3.967109864e-03 -2.233560329e+02 -2.233560329e+02 -3.7817e+00 +2.7777e-01 -2.0588e-01 +3.7969e+00 -1.0136e+00
42453 0 +3.546210073e-03 -2.233564538e+02 -2.233564538e+02 -3.7830e+00 +2.7765e-01 -2.0543e-01 +3.7968e+00 -1.0135e+00
42853 0 +3.161132901e-03 -2.233568389e+02 -2.233568389e+02 -3.7842e+00 +2.7755e-01 -2.0497e-01 +3.7967e+00 -1.0134e+00
43293 0 +2.817269353e-03 -2.233571827e+02 -2.233571827e+02 -3.7855e+00 +2.7749e-01 -2.0439e-01 +3.7965e+00 -1.0133e+00
44165 0 +2.511700153e-03 -2.233574883e+02 -2.233574883e+02 -3.7882e+00 +2.7725e-01 -2.0341e-01 +3.7963e+00 -1.0130e+00
45183 0 +2.237014188e-03 -2.233577630e+02 -2.233577630e+02 -3.7913e+00 +2.7704e-01 -2.0219e-01 +3.7960e+00 -1.0127e+00
45603 0 +1.993913424e-03 -2.233580061e+02 -2.233580061e+02 -3.7926e+00 +2.7697e-01 -2.0167e-01 +3.7959e+00 -1.0127e+00
45966 0 +1.777169089e-03 -2.233582228e+02 -2.233582228e+02 -3.7937e+00 +2.7688e-01 -2.0127e-01 +3.7958e+00 -1.0125e+00
46353 0 +1.584296686e-03 -2.233584157e+02 -2.233584157e+02 -3.7949e+00 +2.7682e-01 -2.0078e-01 +3.7957e+00 -1.0124e+00
46866 0 +1.412399849e-03 -2.233585876e+02 -2.233585876e+02 -3.7964e+00 +2.7670e-01 -2.0020e-01 +3.7956e+00 -1.0123e+00
47353 0 +1.258427438e-03 -2.233587416e+02 -2.233587416e+02 -3.7979e+00 +2.7658e-01 -1.9962e-01 +3.7954e+00 -1.0122e+00
47733 0 +1.119002356e-03 -2.233588810e+02 -2.233588810e+02 -3.7991e+00 +2.7649e-01 -1.9920e-01 +3.7953e+00 -1.0120e+00
48293 0 +9.994200597e-04 -2.233590006e+02 -2.233590006e+02 -3.8002e+00 +2.7642e-01 -1.9875e-01 +3.7952e+00 -1.0120e+00
49203 0 +8.912393517e-04 -2.233591088e+02 -2.233591088e+02 -3.8016e+00 +2.7632e-01 -1.9822e-01 +3.7951e+00 -1.0118e+00
49903 0 +7.932845652e-04 -2.233592067e+02 -2.233592067e+02 -3.8027e+00 +2.7624e-01 -1.9781e-01 +3.7950e+00 -1.0117e+00
50000 0 +7.768907367e-04 -2.233592231e+02 -2.233592231e+02 -3.8028e+00 +2.7624e-01 -1.9774e-01 +3.7950e+00 -1.0117e+00
% f evaluations | g evaluations | best noise-free fitness - Fopt (4.846300000000e+02) + sum g_i+ | measured fitness | best measured fitness or single-digit g-values | x1 | x2...
1 0 +1.260174650e+05 +1.265020950e+05 +1.265020950e+05 +0.0000e+00 +0.0000e+00 +0.0000e+00 +0.0000e+00 +0.0000e+00
2 0 +6.437690686e+04 +6.486153686e+04 +6.486153686e+04 -2.9289e+00 +0.0000e+00 +0.0000e+00 +0.0000e+00 +0.0000e+00
14 0 +6.306585961e+04 +6.355048961e+04 +6.355048961e+04 +0.0000e+00 +0.0000e+00 -2.9289e+00 +0.0000e+00 +0.0000e+00
162 0 +5.109320707e+04 +5.157783707e+04 +5.157783707e+04 -1.4269e+00 +1.0006e+00 -1.0006e+00 +0.0000e+00 +1.0006e+00
163 0 +2.491787073e+04 +2.540250073e+04 +2.540250073e+04 -2.4275e+00 +1.0006e+00 -1.0006e+00 +0.0000e+00 +1.0006e+00
167 0 +1.265560509e+04 +1.314023509e+04 +1.314023509e+04 -2.4275e+00 +1.0006e+00 -2.0013e+00 +0.0000e+00 +1.0006e+00
177 0 +5.751850569e+03 +6.236480569e+03 +6.236480569e+03 -2.4275e+00 +1.0006e+00 -3.0019e+00 +0.0000e+00 +1.0006e+00
187 0 +2.420390571e+03 +2.905020571e+03 +2.905020571e+03 -2.4275e+00 +1.0006e+00 -4.0026e+00 +0.0000e+00 +1.0006e+00
189 0 +1.288233865e+03 +1.772863865e+03 +1.772863865e+03 -2.4275e+00 +1.0006e+00 -4.0026e+00 -1.0006e+00 +1.0006e+00
197 0 +4.665010623e+01 +5.312801062e+02 +5.312801062e+02 -2.4275e+00 +1.0006e+00 -5.0032e+00 -1.0006e+00 +1.0006e+00
213 0 +4.294854501e+01 +5.275785450e+02 +5.275785450e+02 -2.9279e+00 +1.0006e+00 -5.0032e+00 -1.0006e+00 +1.0006e+00
216 0 +3.278367162e+01 +5.174136716e+02 +5.174136716e+02 -2.9279e+00 +1.5010e+00 -5.0032e+00 -1.0006e+00 +1.0006e+00
218 0 +2.493908393e+01 +5.095690839e+02 +5.095690839e+02 -2.9279e+00 +1.5010e+00 -4.5029e+00 -1.0006e+00 +1.0006e+00
266 0 +2.165131584e+01 +5.062813158e+02 +5.062813158e+02 -2.9279e+00 +1.6261e+00 -4.2528e+00 -5.0032e-01 +1.0006e+00
306 0 +1.983837258e+01 +5.044683726e+02 +5.044683726e+02 -2.9591e+00 +1.6886e+00 -4.2215e+00 -5.0032e-01 +1.0006e+00
358 0 +1.773778274e+01 +5.023677827e+02 +5.023677827e+02 -2.9748e+00 +1.7199e+00 -4.1589e+00 -5.1596e-01 +9.8501e-01
398 0 +1.576988401e+01 +5.003998840e+02 +5.003998840e+02 -2.9748e+00 +1.7668e+00 -4.1120e+00 -5.4723e-01 +9.5374e-01
436 0 +1.408958027e+01 +4.987195803e+02 +4.987195803e+02 -3.0060e+00 +1.8293e+00 -4.0964e+00 -5.7850e-01 +9.3811e-01
639 0 +1.258731659e+01 +4.972173166e+02 +4.972173166e+02 -3.0295e+00 +1.9700e+00 -4.0339e+00 -6.1759e-01 +9.0293e-01
1028 0 +1.121265215e+01 +4.958426521e+02 +4.958426521e+02 -3.0608e+00 +2.1107e+00 -3.9127e+00 -6.8404e-01 +8.4821e-01
1168 0 +9.975925619e+00 +4.946059256e+02 +4.946059256e+02 -3.0686e+00 +2.1537e+00 -3.8697e+00 -7.1140e-01 +8.2475e-01
1312 0 +8.898653061e+00 +4.935286531e+02 +4.935286531e+02 -3.0823e+00 +2.1948e+00 -3.8423e+00 -7.2313e-01 +8.2084e-01
1843 0 +7.942562023e+00 +4.925725620e+02 +4.925725620e+02 -3.1086e+00 +2.2295e+00 -3.8096e+00 -7.3290e-01 +8.2866e-01
2876 0 +7.079121938e+00 +4.917091219e+02 +4.917091219e+02 -3.1458e+00 +2.2803e+00 -3.7593e+00 -7.4560e-01 +8.4234e-01
4683 0 +6.308051557e+00 +4.909380516e+02 +4.909380516e+02 -3.2108e+00 +2.3682e+00 -3.6708e+00 -7.6710e-01 +8.6726e-01
5586 0 +5.619700739e+00 +4.902497007e+02 +4.902497007e+02 -3.2435e+00 +2.4127e+00 -3.6269e+00 -7.7834e-01 +8.7899e-01
6292 0 +5.010691565e+00 +4.896406916e+02 +4.896406916e+02 -3.2684e+00 +2.4464e+00 -3.5932e+00 -7.8713e-01 +8.8827e-01
7013 0 +4.466463586e+00 +4.890964636e+02 +4.890964636e+02 -3.2948e+00 +2.4816e+00 -3.5580e+00 -7.9544e-01 +8.9804e-01
7883 0 +3.978725674e+00 +4.886087257e+02 +4.886087257e+02 -3.3261e+00 +2.5241e+00 -3.5160e+00 -8.0619e-01 +9.0977e-01
8693 0 +3.547068046e+00 +4.881770680e+02 +4.881770680e+02 -3.3554e+00 +2.5637e+00 -3.4778e+00 -8.1645e-01 +9.2003e-01
9496 0 +3.161720623e+00 +4.877917206e+02 +4.877917206e+02 -3.3793e+00 +2.5952e+00 -3.4471e+00 -8.2549e-01 +9.2785e-01
10716 0 +2.817866616e+00 +4.874478666e+02 +4.874478666e+02 -3.4064e+00 +2.6250e+00 -3.4173e+00 -8.3966e-01 +9.3298e-01
12518 0 +2.511802889e+00 +4.871418029e+02 +4.871418029e+02 -3.4458e+00 +2.6690e+00 -3.3730e+00 -8.5969e-01 +9.4104e-01
14138 0 +2.237838463e+00 +4.868678385e+02 +4.868678385e+02 -3.4800e+00 +2.7085e+00 -3.3335e+00 -8.7606e-01 +9.4910e-01
15038 0 +1.994900973e+00 +4.866249010e+02 +4.866249010e+02 -3.4988e+00 +2.7305e+00 -3.3115e+00 -8.8510e-01 +9.5374e-01
15776 0 +1.778263472e+00 +4.864082635e+02 +4.864082635e+02 -3.5147e+00 +2.7486e+00 -3.2936e+00 -8.9291e-01 +9.5716e-01
16548 0 +1.584667221e+00 +4.862146672e+02 +4.862146672e+02 -3.5310e+00 +2.7672e+00 -3.2746e+00 -9.0098e-01 +9.6083e-01
17812 0 +1.412366161e+00 +4.860423662e+02 +4.860423662e+02 -3.5562e+00 +2.7970e+00 -3.2438e+00 -9.1246e-01 +9.6767e-01
20546 0 +1.258922066e+00 +4.858889221e+02 +4.858889221e+02 -3.6197e+00 +2.8625e+00 -3.1771e+00 -9.6107e-01 +9.8917e-01
21363 0 +1.121741286e+00 +4.857517413e+02 +4.857517413e+02 -3.6397e+00 +2.8693e+00 -3.1571e+00 -9.8062e-01 +9.8868e-01
21988 0 +9.989479422e-01 +4.856289479e+02 +4.856289479e+02 -3.6549e+00 +2.8676e+00 -3.1417e+00 -9.9576e-01 +9.8306e-01
22609 0 +8.912139929e-01 +4.855212140e+02 +4.855212140e+02 -3.6700e+00 +2.8659e+00 -3.1265e+00 -1.0112e+00 +9.7744e-01
23428 0 +7.940237068e-01 +4.854240237e+02 +4.854240237e+02 -3.6901e+00 +2.8637e+00 -3.1065e+00 -1.0309e+00 +9.6987e-01
26418 0 +7.078112111e-01 +4.853378112e+02 +4.853378112e+02 -3.7631e+00 +2.8617e+00 -3.0335e+00 -1.1040e+00 +9.8208e-01
28018 0 +6.307536767e-01 +4.852607537e+02 +4.852607537e+02 -3.7717e+00 +2.8588e+00 -2.9944e+00 -1.1304e+00 +9.9503e-01
29028 0 +5.621533313e-01 +4.851921533e+02 +4.851921533e+02 -3.7687e+00 +2.8490e+00 -2.9697e+00 -1.1238e+00 +1.0014e+00
29958 0 +5.006796756e-01 +4.851306797e+02 +4.851306797e+02 -3.7658e+00 +2.8400e+00 -2.9470e+00 -1.1179e+00 +1.0075e+00
31018 0 +4.465877035e-01 +4.850765877e+02 +4.850765877e+02 -3.7626e+00 +2.8300e+00 -2.9211e+00 -1.1111e+00 +1.0141e+00
32768 0 +3.980171600e-01 +4.850280172e+02 +4.850280172e+02 -3.7573e+00 +2.8129e+00 -2.8783e+00 -1.0996e+00 +1.0251e+00
34508 0 +3.545046485e-01 +4.849845046e+02 +4.849845046e+02 -3.7519e+00 +2.7962e+00 -2.8358e+00 -1.0884e+00 +1.0363e+00
35548 0 +3.161110076e-01 +4.849461110e+02 +4.849461110e+02 -3.7489e+00 +2.7862e+00 -2.8104e+00 -1.0818e+00 +1.0429e+00
36498 0 +2.816320100e-01 +4.849116320e+02 +4.849116320e+02 -3.7460e+00 +2.7769e+00 -2.7872e+00 -1.0756e+00 +1.0490e+00
37558 0 +2.511109908e-01 +4.848811110e+02 +4.848811110e+02 -3.7428e+00 +2.7669e+00 -2.7613e+00 -1.0688e+00 +1.0559e+00
38578 0 +2.237974253e-01 +4.848537974e+02 +4.848537974e+02 -3.7397e+00 +2.7569e+00 -2.7364e+00 -1.0622e+00 +1.0622e+00
39348 0 +1.993524679e-01 +4.848293525e+02 +4.848293525e+02 -3.7372e+00 +2.7496e+00 -2.7176e+00 -1.0571e+00 +1.0671e+00
40018 0 +1.776800840e-01 +4.848076801e+02 +4.848076801e+02 -3.7353e+00 +2.7430e+00 -2.7012e+00 -1.0529e+00 +1.0713e+00
40808 0 +1.584226733e-01 +4.847884227e+02 +4.847884227e+02 -3.7328e+00 +2.7354e+00 -2.6819e+00 -1.0478e+00 +1.0764e+00
42148 0 +1.411549813e-01 +4.847711550e+02 +4.847711550e+02 -3.7287e+00 +2.7225e+00 -2.6492e+00 -1.0390e+00 +1.0847e+00
42798 0 +1.257577517e-01 +4.847557578e+02 +4.847557578e+02 -3.7267e+00 +2.7164e+00 -2.6333e+00 -1.0349e+00 +1.0888e+00
43208 0 +1.119555447e-01 +4.847419555e+02 +4.847419555e+02 -3.7255e+00 +2.7122e+00 -2.6233e+00 -1.0322e+00 +1.0915e+00
43568 0 +9.972661545e-02 +4.847297266e+02 +4.847297266e+02 -3.7243e+00 +2.7088e+00 -2.6145e+00 -1.0300e+00 +1.0937e+00
43958 0 +8.906560141e-02 +4.847190656e+02 +4.847190656e+02 -3.7233e+00 +2.7051e+00 -2.6050e+00 -1.0273e+00 +1.0964e+00
45028 0 +7.941764046e-02 +4.847094176e+02 +4.847094176e+02 -3.7199e+00 +2.6949e+00 -2.5788e+00 -1.0204e+00 +1.1030e+00
45738 0 +7.056989784e-02 +4.847005699e+02 +4.847005699e+02 -3.7177e+00 +2.6880e+00 -2.5615e+00 -1.0158e+00 +1.1077e+00
46018 0 +6.303657596e-02 +4.846930366e+02 +4.846930366e+02 -3.7169e+00 +2.6853e+00 -2.5546e+00 -1.0141e+00 +1.1094e+00
46258 0 +5.620965966e-02 +4.846862097e+02 +4.846862097e+02 -3.7162e+00 +2.6829e+00 -2.5488e+00 -1.0126e+00 +1.1111e+00
46508 0 +5.011508755e-02 +4.846801151e+02 +4.846801151e+02 -3.7155e+00 +2.6804e+00 -2.5427e+00 -1.0109e+00 +1.1125e+00
46878 0 +4.457822210e-02 +4.846745782e+02 +4.846745782e+02 -3.7143e+00 +2.6770e+00 -2.5336e+00 -1.0085e+00 +1.1147e+00
47708 0 +3.972992897e-02 +4.846697299e+02 +4.846697299e+02 -3.7118e+00 +2.6690e+00 -2.5133e+00 -1.0031e+00 +1.1201e+00
47988 0 +3.543026310e-02 +4.846654303e+02 +4.846654303e+02 -3.7108e+00 +2.6663e+00 -2.5065e+00 -1.0011e+00 +1.1218e+00
48198 0 +3.157104525e-02 +4.846615710e+02 +4.846615710e+02 -3.7103e+00 +2.6643e+00 -2.5014e+00 -9.9992e-01 +1.1233e+00
48408 0 +2.813269351e-02 +4.846581327e+02 +4.846581327e+02 -3.7096e+00 +2.6621e+00 -2.4962e+00 -9.9845e-01 +1.1245e+00
48678 0 +2.506397484e-02 +4.846550640e+02 +4.846550640e+02 -3.7089e+00 +2.6597e+00 -2.4897e+00 -9.9674e-01 +1.1265e+00
49048 0 +2.233092856e-02 +4.846523309e+02 +4.846523309e+02 -3.7077e+00 +2.6560e+00 -2.4806e+00 -9.9454e-01 +1.1287e+00
49318 0 +1.987769962e-02 +4.846498777e+02 +4.846498777e+02 -3.7067e+00 +2.6533e+00 -2.4740e+00 -9.9259e-01 +1.1304e+00
49528 0 +1.774747118e-02 +4.846477475e+02 +4.846477475e+02 -3.7062e+00 +2.6514e+00 -2.4689e+00 -9.9112e-01 +1.1316e+00
49758 0 +1.581506660e-02 +4.846458151e+02 +4.846458151e+02 -3.7055e+00 +2.6492e+00 -2.4633e+00 -9.8966e-01 +1.1331e+00
49998 0 +1.410245411e-02 +4.846441025e+02 +4.846441025e+02 -3.7047e+00 +2.6467e+00 -2.4574e+00 -9.8819e-01 +1.1348e+00
50000 0 +1.410245411e-02 +4.846441025e+02 +4.846441025e+02 -3.7047e+00 +2.6467e+00 -2.4574e+00 -9.8819e-01 +1.1348e+00
% f evaluations | g evaluations | best noise-free fitness - Fopt (4.112500000000e+02) + sum g_i+ | measured fitness | best measured fitness or single-digit g-values | x1 | x2...
1 0 +6.094444564e+04 +6.135569564e+04 +6.135569564e+04 +0.0000e+00 +0.0000e+00 +0.0000e+00 +0.0000e+00 +0.0000e+00
2 0 +6.295481515e+03 +6.706731515e+03 +6.706731515e+03 -2.9289e+00 +0.0000e+00 +0.0000e+00 +0.0000e+00 +0.0000e+00
3 0 +1.180255412e+02 +5.292755412e+02 +5.292755412e+02 -1.3081e+00 +1.6209e+00 +1.6209e+00 +1.6209e+00 +1.6209e+00
163 0 +6.540914990e+01 +4.766591499e+02 +4.766591499e+02 -2.0013e+00 -1.0006e+00 +5.7723e-01 +1.0035e+00 +0.0000e+00
165 0 +6.223185362e+01 +4.734818536e+02 +4.734818536e+02 -2.0013e+00 -2.0013e+00 +5.7723e-01 +1.0035e+00 +0.0000e+00
175 0 +5.531520442e+01 +4.665652044e+02 +4.665652044e+02 -1.0006e+00 -3.0019e+00 +5.7723e-01 +1.0035e+00 -1.0006e+00
187 0 +3.502371965e+01 +4.462737197e+02 +4.462737197e+02 +0.0000e+00 -4.0026e+00 -4.2341e-01 +2.0041e+00 -2.0013e+00
207 0 +2.425239588e+01 +4.355023959e+02 +4.355023959e+02 +0.0000e+00 -3.5023e+00 -9.2374e-01 +3.0048e+00 -2.0013e+00
217 0 +1.968177203e+01 +4.309317720e+02 +4.309317720e+02 -5.0032e-01 -3.5023e+00 -1.4241e+00 +3.0048e+00 -2.0013e+00
227 0 +1.255710301e+01 +4.238071030e+02 +4.238071030e+02 -1.0006e+00 -3.5023e+00 -1.9244e+00 +3.0048e+00 -2.0013e+00
247 0 +8.201735343e+00 +4.194517353e+02 +4.194517353e+02 -1.5010e+00 -3.5023e+00 -2.4247e+00 +2.5044e+00 -2.0013e+00
253 0 +7.105245897e+00 +4.183552459e+02 +4.183552459e+02 -2.0013e+00 -3.5023e+00 -2.4247e+00 +2.5044e+00 -2.0013e+00
273 0 +7.046168416e+00 +4.182961684e+02 +4.182961684e+02 -2.2515e+00 -3.5023e+00 -2.4247e+00 +2.5044e+00 -2.0013e+00
277 0 +5.326872208e+00 +4.165768722e+02 +4.165768722e+02 -2.2515e+00 -3.2521e+00 -2.6749e+00 +2.5044e+00 -2.0013e+00
286 0 +4.821583169e+00 +4.160715832e+02 +4.160715832e+02 -2.5016e+00 -3.0019e+00 -2.6749e+00 +2.5044e+00 -2.0013e+00
307 0 +3.073517508e+00 +4.143235175e+02 +4.143235175e+02 -2.5016e+00 -2.7518e+00 -2.9250e+00 +2.5044e+00 -1.5010e+00
346 0 +2.809530282e+00 +4.140595303e+02 +4.140595303e+02 -2.8769e+00 -2.6267e+00 -2.9250e+00 +2.3794e+00 -1.6261e+00
347 0 +2.330432942e+00 +4.135804329e+02 +4.135804329e+02 -2.8769e+00 -2.6267e+00 -3.0501e+00 +2.3794e+00 -1.6261e+00
357 0 +1.488654236e+00 +4.127386542e+02 +4.127386542e+02 -3.0019e+00 -2.6267e+00 -3.1752e+00 +2.3794e+00 -1.6261e+00
367 0 +1.174530934e+00 +4.124245309e+02 +4.124245309e+02 -3.1270e+00 -2.6267e+00 -3.3003e+00 +2.3794e+00 -1.6261e+00
377 0 +7.189959168e-01 +4.119689959e+02 +4.119689959e+02 -3.2521e+00 -2.6267e+00 -3.4254e+00 +2.3794e+00 -1.6261e+00
396 0 +7.016335600e-01 +4.119516336e+02 +4.119516336e+02 -3.3147e+00 -2.5642e+00 -3.4254e+00 +2.3794e+00 -1.6261e+00
397 0 +5.235453767e-01 +4.117735454e+02 +4.117735454e+02 -3.3147e+00 -2.5642e+00 -3.4879e+00 +2.3794e+00 -1.6261e+00
400 0 +4.876111331e-01 +4.117376111e+02 +4.117376111e+02 -3.3147e+00 -2.5642e+00 -3.4879e+00 +2.4419e+00 -1.6261e+00
427 0 +3.963682967e-01 +4.116463683e+02 +4.116463683e+02 -3.3459e+00 -2.5016e+00 -3.5192e+00 +2.4419e+00 -1.5635e+00
437 0 +3.319085498e-01 +4.115819085e+02 +4.115819085e+02 -3.3772e+00 -2.4704e+00 -3.5504e+00 +2.4106e+00 -1.5322e+00
447 0 +2.593403827e-01 +4.115093404e+02 +4.115093404e+02 -3.4085e+00 -2.4704e+00 -3.5817e+00 +2.4106e+00 -1.5322e+00
457 0 +2.000741630e-01 +4.114500742e+02 +4.114500742e+02 -3.4397e+00 -2.4704e+00 -3.6130e+00 +2.4106e+00 -1.5322e+00
463 0 +1.921403798e-01 +4.114421404e+02 +4.114421404e+02 -3.4710e+00 -2.4704e+00 -3.6130e+00 +2.4106e+00 -1.5322e+00
467 0 +1.505854689e-01 +4.114005855e+02 +4.114005855e+02 -3.4710e+00 -2.4704e+00 -3.6443e+00 +2.4106e+00 -1.5322e+00
477 0 +1.079540927e-01 +4.113579541e+02 +4.113579541e+02 -3.5023e+00 -2.4704e+00 -3.6755e+00 +2.4106e+00 -1.5322e+00
483 0 +9.860779047e-02 +4.113486078e+02 +4.113486078e+02 -3.5335e+00 -2.4704e+00 -3.6755e+00 +2.4106e+00 -1.5322e+00
496 0 +8.744685555e-02 +4.113374469e+02 +4.113374469e+02 -3.5648e+00 -2.4391e+00 -3.6755e+00 +2.3794e+00 -1.5322e+00
517 0 +7.942088495e-02 +4.113294209e+02 +4.113294209e+02 -3.5648e+00 -2.4391e+00 -3.6912e+00 +2.3794e+00 -1.5322e+00
527 0 +5.963637366e-02 +4.113096364e+02 +4.113096364e+02 -3.5804e+00 -2.4234e+00 -3.7068e+00 +2.3794e+00 -1.5166e+00
537 0 +4.279917203e-02 +4.112927992e+02 +4.112927992e+02 -3.5961e+00 -2.4234e+00 -3.7224e+00 +2.3794e+00 -1.5166e+00
547 0 +3.096711700e-02 +4.112809671e+02 +4.112809671e+02 -3.6117e+00 -2.4234e+00 -3.7381e+00 +2.3794e+00 -1.5166e+00
557 0 +2.070841673e-02 +4.112707084e+02 +4.112707084e+02 -3.6274e+00 -2.4234e+00 -3.7537e+00 +2.3794e+00 -1.5166e+00
563 0 +1.993345343e-02 +4.112699335e+02 +4.112699335e+02 -3.6430e+00 -2.4234e+00 -3.7537e+00 +2.3794e+00 -1.5166e+00
567 0 +1.261463549e-02 +4.112626146e+02 +4.112626146e+02 -3.6430e+00 -2.4234e+00 -3.7693e+00 +2.3794e+00 -1.5166e+00
573 0 +1.179853152e-02 +4.112617985e+02 +4.112617985e+02 -3.6586e+00 -2.4234e+00 -3.7693e+00 +2.3794e+00 -1.5166e+00
596 0 +1.050294861e-02 +4.112605029e+02 +4.112605029e+02 -3.6586e+00 -2.4156e+00 -3.7693e+00 +2.3794e+00 -1.5166e+00
597 0 +8.355655930e-03 +4.112583557e+02 +4.112583557e+02 -3.6586e+00 -2.4156e+00 -3.7772e+00 +2.3794e+00 -1.5166e+00
626 0 +7.728203505e-03 +4.112577282e+02 +4.112577282e+02 -3.6664e+00 -2.4117e+00 -3.7772e+00 +2.3715e+00 -1.5166e+00
627 0 +5.730741664e-03 +4.112557307e+02 +4.112557307e+02 -3.6664e+00 -2.4117e+00 -3.7811e+00 +2.3715e+00 -1.5166e+00
632 0 +5.500726203e-03 +4.112555007e+02 +4.112555007e+02 -3.6664e+00 -2.4117e+00 -3.7811e+00 +2.3755e+00 -1.5127e+00
637 0 +4.602693688e-03 +4.112546027e+02 +4.112546027e+02 -3.6703e+00 -2.4078e+00 -3.7850e+00 +2.3755e+00 -1.5127e+00
646 0 +4.425617209e-03 +4.112544256e+02 +4.112544256e+02 -3.6743e+00 -2.4039e+00 -3.7850e+00 +2.3755e+00 -1.5088e+00
647 0 +2.880833990e-03 +4.112528808e+02 +4.112528808e+02 -3.6743e+00 -2.4039e+00 -3.7889e+00 +2.3755e+00 -1.5088e+00
653 0 +2.794062422e-03 +4.112527941e+02 +4.112527941e+02 -3.6782e+00 -2.4039e+00 -3.7889e+00 +2.3755e+00 -1.5088e+00
657 0 +2.320912101e-03 +4.112523209e+02 +4.112523209e+02 -3.6782e+00 -2.4039e+00 -3.7928e+00 +2.3755e+00 -1.5088e+00
666 0 +2.231941042e-03 +4.112522319e+02 +4.112522319e+02 -3.6821e+00 -2.4000e+00 -3.7928e+00 +2.3755e+00 -1.5088e+00
682 0 +1.908891013e-03 +4.112519089e+02 +4.112519089e+02 -3.6821e+00 -2.3961e+00 -3.7928e+00 +2.3715e+00 -1.5010e+00
687 0 +1.127996076e-03 +4.112511280e+02 +4.112511280e+02 -3.6860e+00 -2.3961e+00 -3.7967e+00 +2.3715e+00 -1.5010e+00
691 0 +1.041835430e-03 +4.112510418e+02 +4.112510418e+02 -3.6860e+00 -2.3961e+00 -3.7967e+00 +2.3715e+00 -1.5049e+00
697 0 +5.080936556e-04 +4.112505081e+02 +4.112505081e+02 -3.6899e+00 -2.3961e+00 -3.8006e+00 +2.3715e+00 -1.5049e+00
724 0 +4.974226557e-04 +4.112504974e+02 +4.112504974e+02 -3.6918e+00 -2.3961e+00 -3.8006e+00 +2.3715e+00 -1.5049e+00
757 0 +3.246581354e-04 +4.112503247e+02 +4.112503247e+02 -3.6928e+00 -2.3951e+00 -3.8016e+00 +2.3706e+00 -1.5049e+00
763 0 +3.143766286e-04 +4.112503144e+02 +4.112503144e+02 -3.6938e+00 -2.3951e+00 -3.8016e+00 +2.3706e+00 -1.5049e+00
767 0 +2.679554448e-04 +4.112502680e+02 +4.112502680e+02 -3.6938e+00 -2.3951e+00 -3.8026e+00 +2.3706e+00 -1.5049e+00
777 0 +1.744568230e-04 +4.112501745e+02 +4.112501745e+02 -3.6948e+00 -2.3951e+00 -3.8035e+00 +2.3706e+00 -1.5049e+00
806 0 +1.580814502e-04 +4.112501581e+02 +4.112501581e+02 -3.6958e+00 -2.3946e+00 -3.8035e+00 +2.3706e+00 -1.5049e+00
812 0 +1.407623987e-04 +4.112501408e+02 +4.112501408e+02 -3.6958e+00 -2.3946e+00 -3.8040e+00 +2.3701e+00 -1.5044e+00
817 0 +1.014723097e-04 +4.112501015e+02 +4.112501015e+02 -3.6962e+00 -2.3941e+00 -3.8045e+00 +2.3701e+00 -1.5044e+00
823 0 +9.728770448e-05 +4.112500973e+02 +4.112500973e+02 -3.6967e+00 -2.3941e+00 -3.8045e+00 +2.3701e+00 -1.5044e+00
836 0 +8.715074603e-05 +4.112500872e+02 +4.112500872e+02 -3.6972e+00 -2.3932e+00 -3.8045e+00 +2.3701e+00 -1.5039e+00
837 0 +6.199090495e-05 +4.112500620e+02 +4.112500620e+02 -3.6972e+00 -2.3932e+00 -3.8050e+00 +2.3701e+00 -1.5039e+00
847 0 +4.409710789e-05 +4.112500441e+02 +4.112500441e+02 -3.6977e+00 -2.3932e+00 -3.8055e+00 +2.3701e+00 -1.5039e+00
857 0 +2.898851068e-05 +4.112500290e+02 +4.112500290e+02 -3.6982e+00 -2.3932e+00 -3.8060e+00 +2.3701e+00 -1.5039e+00
886 0 +2.618257639e-05 +4.112500262e+02 +4.112500262e+02 -3.6984e+00 -2.3929e+00 -3.8060e+00 +2.3701e+00 -1.5037e+00
889 0 +2.493126448e-05 +4.112500249e+02 +4.112500249e+02 -3.6984e+00 -2.3929e+00 -3.8060e+00 +2.3698e+00 -1.5037e+00
896 0 +2.213291248e-05 +4.112500221e+02 +4.112500221e+02 -3.6987e+00 -2.3927e+00 -3.8060e+00 +2.3698e+00 -1.5037e+00
897 0 +1.934921875e-05 +4.112500193e+02 +4.112500193e+02 -3.6987e+00 -2.3927e+00 -3.8062e+00 +2.3698e+00 -1.5037e+00
900 0 +1.740827838e-05 +4.112500174e+02 +4.112500174e+02 -3.6987e+00 -2.3927e+00 -3.8062e+00 +2.3701e+00 -1.5037e+00
909 0 +1.574118102e-05 +4.112500157e+02 +4.112500157e+02 -3.6987e+00 -2.3927e+00 -3.8062e+00 +2.3698e+00 -1.5034e+00
917 0 +8.910060046e-06 +4.112500089e+02 +4.112500089e+02 -3.6989e+00 -2.3924e+00 -3.8065e+00 +2.3698e+00 -1.5034e+00
947 0 +6.273753286e-06 +4.112500063e+02 +4.112500063e+02 -3.6993e+00 -2.3923e+00 -3.8066e+00 +2.3696e+00 -1.5034e+00
977 0 +5.068018254e-06 +4.112500051e+02 +4.112500051e+02 -3.6994e+00 -2.3922e+00 -3.8067e+00 +2.3697e+00 -1.5033e+00
983 0 +4.975747117e-06 +4.112500050e+02 +4.112500050e+02 -3.6994e+00 -2.3922e+00 -3.8067e+00 +2.3697e+00 -1.5033e+00
987 0 +3.935440077e-06 +4.112500039e+02 +4.112500039e+02 -3.6994e+00 -2.3922e+00 -3.8067e+00 +2.3697e+00 -1.5033e+00
997 0 +3.217207734e-06 +4.112500032e+02 +4.112500032e+02 -3.6995e+00 -2.3921e+00 -3.8068e+00 +2.3697e+00 -1.5032e+00
1007 0 +2.463710359e-06 +4.112500025e+02 +4.112500025e+02 -3.6995e+00 -2.3921e+00 -3.8068e+00 +2.3697e+00 -1.5032e+00
1017 0 +1.734645707e-06 +4.112500017e+02 +4.112500017e+02 -3.6996e+00 -2.3921e+00 -3.8069e+00 +2.3697e+00 -1.5032e+00
1027 0 +1.186087616e-06 +4.112500012e+02 +4.112500012e+02 -3.6997e+00 -2.3921e+00 -3.8070e+00 +2.3697e+00 -1.5032e+00
1033 0 +1.101655016e-06 +4.112500011e+02 +4.112500011e+02 -3.6997e+00 -2.3921e+00 -3.8070e+00 +2.3697e+00 -1.5032e+00
1037 0 +8.372570051e-07 +4.112500008e+02 +4.112500008e+02 -3.6997e+00 -2.3921e+00 -3.8070e+00 +2.3697e+00 -1.5032e+00
1043 0 +7.753710065e-07 +4.112500008e+02 +4.112500008e+02 -3.6998e+00 -2.3921e+00 -3.8070e+00 +2.3697e+00 -1.5032e+00
1067 0 +5.201028443e-07 +4.112500005e+02 +4.112500005e+02 -3.6998e+00 -2.3921e+00 -3.8070e+00 +2.3697e+00 -1.5032e+00
1073 0 +5.003357728e-07 +4.112500005e+02 +4.112500005e+02 -3.6998e+00 -2.3921e+00 -3.8070e+00 +2.3696e+00 -1.5032e+00
1077 0 +3.857211368e-07 +4.112500004e+02 +4.112500004e+02 -3.6998e+00 -2.3921e+00 -3.8071e+00 +2.3696e+00 -1.5032e+00
1086 0 +3.379408895e-07 +4.112500003e+02 +4.112500003e+02 -3.6998e+00 -2.3921e+00 -3.8071e+00 +2.3696e+00 -1.5032e+00
1097 0 +1.995732077e-07 +4.112500002e+02 +4.112500002e+02 -3.6999e+00 -2.3921e+00 -3.8071e+00 +2.3696e+00 -1.5032e+00
1103 0 +1.977246598e-07 +4.112500002e+02 +4.112500002e+02 -3.6999e+00 -2.3921e+00 -3.8071e+00 +2.3696e+00 -1.5032e+00
1107 0 +1.074050715e-07 +4.112500001e+02 +4.112500001e+02 -3.6999e+00 -2.3921e+00 -3.8071e+00 +2.3696e+00 -1.5032e+00
1157 0 +9.833127024e-08 +4.112500001e+02 +4.112500001e+02 -3.6999e+00 -2.3920e+00 -3.8071e+00 +2.3696e+00 -1.5032e+00
1167 0 +6.604756209e-08 +4.112500001e+02 +4.112500001e+02 -3.6999e+00 -2.3920e+00 -3.8072e+00 +2.3696e+00 -1.5032e+00
1179 0 +6.092443527e-08 +4.112500001e+02 +4.112500001e+02 -3.6999e+00 -2.3920e+00 -3.8072e+00 +2.3696e+00 -1.5032e+00
1186 0 +5.569989980e-08 +4.112500001e+02 +4.112500001e+02 -3.6999e+00 -2.3920e+00 -3.8072e+00 +2.3696e+00 -1.5032e+00
1187 0 +4.916614671e-08 +4.112500000e+02 +4.112500000e+02 -3.6999e+00 -2.3920e+00 -3.8072e+00 +2.3696e+00 -1.5032e+00
1199 0 +4.263188202e-08 +4.112500000e+02 +4.112500000e+02 -3.7000e+00 -2.3920e+00 -3.8072e+00 +2.3696e+00 -1.5032e+00
1206 0 +3.796372994e-08 +4.112500000e+02 +4.112500000e+02 -3.7000e+00 -2.3920e+00 -3.8072e+00 +2.3696e+00 -1.5032e+00
1207 0 +2.637239049e-08 +4.112500000e+02 +4.112500000e+02 -3.7000e+00 -2.3920e+00 -3.8072e+00 +2.3696e+00 -1.5032e+00
1217 0 +1.711191544e-08 +4.112500000e+02 +4.112500000e+02 -3.7000e+00 -2.3920e+00 -3.8072e+00 +2.3696e+00 -1.5032e+00
1256 0 +1.450069931e-08 +4.112500000e+02 +4.112500000e+02 -3.7000e+00 -2.3920e+00 -3.8072e+00 +2.3696e+00 -1.5032e+00
1257 0 +1.101841463e-08 +4.112500000e+02 +4.112500000e+02 -3.7000e+00 -2.3920e+00 -3.8072e+00 +2.3696e+00 -1.5032e+00
1297 0 +8.012307262e-09 +4.112500000e+02 +4.112500000e+02 -3.7000e+00 -2.3920e+00 -3.8072e+00 +2.3696e+00 -1.5032e+00
3698 0 +9.663381206e-13 +4.112500000e+02 +4.112500000e+02 -3.7000e+00 -2.3920e+00 -3.8072e+00 +2.3696e+00 -1.5032e+00
50000 0 +5.684341886e-13 +4.112500000e+02 +4.112500000e+02 -3.7000e+00 -2.3920e+00 -3.8072e+00 +2.3696e+00 -1.5032e+00
% f evaluations | g evaluations | best noise-free fitness - Fopt (-4.847400000000e+02) + sum g_i+ | measured fitness | best measured fitness or single-digit g-values | x1 | x2...
1 0 +4.174614859e+04 +4.126140859e+04 +4.126140859e+04 +0.0000e+00 +0.0000e+00 +0.0000e+00 +0.0000e+00 +0.0000e+00
2 0 +1.047838253e+04 +9.993642531e+03 +9.993642531e+03 -2.9289e+00 +0.0000e+00 +0.0000e+00 +0.0000e+00 +0.0000e+00
173 0 +3.735054627e+03 +3.250314627e+03 +3.250314627e+03 -3.0019e+00 +0.0000e+00 -1.0006e+00 +0.0000e+00 +4.2624e-01
182 0 +2.947130628e+03 +2.462390628e+03 +2.462390628e+03 -3.0019e+00 +1.0006e+00 -1.0006e+00 -1.0006e+00 +1.4269e+00
183 0 +1.719886436e+02 -3.127513564e+02 -3.127513564e+02 -4.0026e+00 +1.0006e+00 -1.0006e+00 -1.0006e+00 +1.4269e+00
186 0 +7.561308457e+01 -4.091269154e+02 -4.091269154e+02 -4.0026e+00 +2.0013e+00 -1.0006e+00 -1.0006e+00 +1.4269e+00
188 0 +5.696876438e+01 -4.277712356e+02 -4.277712356e+02 -4.0026e+00 +2.0013e+00 +0.0000e+00 -1.0006e+00 +1.4269e+00
192 0 +4.417375000e+01 -4.405662500e+02 -4.405662500e+02 -4.0026e+00 +2.0013e+00 +0.0000e+00 -1.0006e+00 +2.4275e+00
198 0 +2.871176598e+01 -4.560282340e+02 -4.560282340e+02 -4.0026e+00 +2.0013e+00 +1.0006e+00 -1.0006e+00 +2.4275e+00
202 0 +2.264788731e+01 -4.620921127e+02 -4.620921127e+02 -4.0026e+00 +2.0013e+00 +1.0006e+00 -1.0006e+00 +3.4282e+00
208 0 +1.247352882e+01 -4.722664712e+02 -4.722664712e+02 -4.0026e+00 +2.0013e+00 +2.0013e+00 -1.0006e+00 +3.4282e+00
238 0 +5.898738720e+00 -4.788412613e+02 -4.788412613e+02 -3.0019e+00 +1.5010e+00 +2.5016e+00 -1.0006e+00 +3.4282e+00
240 0 +3.352081402e+00 -4.813879186e+02 -4.813879186e+02 -3.0019e+00 +1.5010e+00 +2.5016e+00 -5.0032e-01 +3.4282e+00
265 0 +2.633627647e+00 -4.821063724e+02 -4.821063724e+02 -2.7518e+00 +1.2508e+00 +2.5016e+00 -5.0032e-01 +3.4282e+00
268 0 +1.676408259e+00 -4.830635917e+02 -4.830635917e+02 -2.7518e+00 +1.2508e+00 +2.7518e+00 -5.0032e-01 +3.4282e+00
270 0 +1.351528561e+00 -4.833884714e+02 -4.833884714e+02 -2.7518e+00 +1.2508e+00 +2.7518e+00 -2.5016e-01 +3.4282e+00
272 0 +8.041979778e-01 -4.839358020e+02 -4.839358020e+02 -2.7518e+00 +1.2508e+00 +2.7518e+00 -2.5016e-01 +3.6783e+00
278 0 +4.151733208e-01 -4.843248267e+02 -4.843248267e+02 -2.7518e+00 +1.2508e+00 +3.0019e+00 -2.5016e-01 +3.6783e+00
284 0 +2.313227787e-01 -4.845086772e+02 -4.845086772e+02 -2.5016e+00 +1.2508e+00 +3.0019e+00 -2.5016e-01 +3.6783e+00
318 0 +1.845798183e-01 -4.845554202e+02 -4.845554202e+02 -2.5016e+00 +1.2508e+00 +3.0645e+00 -2.5016e-01 +3.6783e+00
322 0 +1.603111453e-01 -4.845796889e+02 -4.845796889e+02 -2.5016e+00 +1.2508e+00 +3.0645e+00 -2.5016e-01 +3.7409e+00
324 0 +1.179939124e-01 -4.846220061e+02 -4.846220061e+02 -2.4391e+00 +1.2508e+00 +3.0645e+00 -2.5016e-01 +3.7409e+00
326 0 +9.127916046e-02 -4.846487208e+02 -4.846487208e+02 -2.4391e+00 +1.3134e+00 +3.0645e+00 -2.5016e-01 +3.7409e+00
330 0 +8.406225493e-02 -4.846559377e+02 -4.846559377e+02 -2.4391e+00 +1.3134e+00 +3.0645e+00 -1.8762e-01 +3.7409e+00
352 0 +6.095868148e-02 -4.846790413e+02 -4.846790413e+02 -2.4078e+00 +1.3134e+00 +3.0645e+00 -2.1889e-01 +3.7722e+00
354 0 +4.690551067e-02 -4.846930945e+02 -4.846930945e+02 -2.3765e+00 +1.3134e+00 +3.0645e+00 -2.1889e-01 +3.7722e+00
358 0 +4.135025030e-02 -4.846986497e+02 -4.846986497e+02 -2.3765e+00 +1.3134e+00 +3.0958e+00 -2.1889e-01 +3.7722e+00
392 0 +3.643136152e-02 -4.847035686e+02 -4.847035686e+02 -2.3765e+00 +1.3212e+00 +3.1036e+00 -2.1889e-01 +3.7800e+00
394 0 +3.262643421e-02 -4.847073736e+02 -4.847073736e+02 -2.3687e+00 +1.3212e+00 +3.1036e+00 -2.1889e-01 +3.7800e+00
422 0 +2.962836358e-02 -4.847103716e+02 -4.847103716e+02 -2.3687e+00 +1.3251e+00 +3.1075e+00 -2.1889e-01 +3.7839e+00
424 0 +2.800632702e-02 -4.847119937e+02 -4.847119937e+02 -2.3648e+00 +1.3251e+00 +3.1075e+00 -2.1889e-01 +3.7839e+00
462 0 +2.502463061e-02 -4.847149754e+02 -4.847149754e+02 -2.3609e+00 +1.3270e+00 +3.1075e+00 -2.2085e-01 +3.7878e+00
492 0 +2.208885524e-02 -4.847179111e+02 -4.847179111e+02 -2.3550e+00 +1.3290e+00 +3.1094e+00 -2.2085e-01 +3.7937e+00
512 0 +1.960436666e-02 -4.847203956e+02 -4.847203956e+02 -2.3511e+00 +1.3309e+00 +3.1094e+00 -2.2280e-01 +3.7976e+00
524 0 +1.776388995e-02 -4.847222361e+02 -4.847222361e+02 -2.3472e+00 +1.3309e+00 +3.1094e+00 -2.2280e-01 +3.7995e+00
544 0 +1.555812898e-02 -4.847244419e+02 -4.847244419e+02 -2.3433e+00 +1.3329e+00 +3.1114e+00 -2.2476e-01 +3.8034e+00
562 0 +1.405399361e-02 -4.847259460e+02 -4.847259460e+02 -2.3414e+00 +1.3349e+00 +3.1114e+00 -2.2476e-01 +3.8073e+00
574 0 +1.234264254e-02 -4.847276574e+02 -4.847276574e+02 -2.3375e+00 +1.3368e+00 +3.1114e+00 -2.2476e-01 +3.8093e+00
614 0 +1.096485756e-02 -4.847290351e+02 -4.847290351e+02 -2.3326e+00 +1.3368e+00 +3.1133e+00 -2.2476e-01 +3.8093e+00
632 0 +9.987027647e-03 -4.847300130e+02 -4.847300130e+02 -2.3316e+00 +1.3378e+00 +3.1133e+00 -2.2573e-01 +3.8112e+00
662 0 +8.903132244e-03 -4.847310969e+02 -4.847310969e+02 -2.3287e+00 +1.3388e+00 +3.1143e+00 -2.2573e-01 +3.8142e+00
704 0 +7.834586653e-03 -4.847321654e+02 -4.847321654e+02 -2.3238e+00 +1.3407e+00 +3.1143e+00 -2.2671e-01 +3.8181e+00
722 0 +6.869459316e-03 -4.847331305e+02 -4.847331305e+02 -2.3228e+00 +1.3417e+00 +3.1153e+00 -2.2769e-01 +3.8200e+00
732 0 +6.201054107e-03 -4.847337989e+02 -4.847337989e+02 -2.3218e+00 +1.3417e+00 +3.1153e+00 -2.2769e-01 +3.8210e+00
742 0 +5.572659216e-03 -4.847344273e+02 -4.847344273e+02 -2.3208e+00 +1.3427e+00 +3.1153e+00 -2.2769e-01 +3.8220e+00
754 0 +4.969536480e-03 -4.847350305e+02 -4.847350305e+02 -2.3189e+00 +1.3427e+00 +3.1153e+00 -2.2769e-01 +3.8230e+00
794 0 +4.454795061e-03 -4.847355452e+02 -4.847355452e+02 -2.3150e+00 +1.3446e+00 +3.1163e+00 -2.2866e-01 +3.8269e+00
812 0 +3.818725107e-03 -4.847361813e+02 -4.847361813e+02 -2.3140e+00 +1.3456e+00 +3.1163e+00 -2.2964e-01 +3.8288e+00
822 0 +3.288816923e-03 -4.847367112e+02 -4.847367112e+02 -2.3130e+00 +1.3466e+00 +3.1173e+00 -2.2964e-01 +3.8298e+00
824 0 +3.088113774e-03 -4.847369119e+02 -4.847369119e+02 -2.3120e+00 +1.3466e+00 +3.1173e+00 -2.2964e-01 +3.8298e+00
842 0 +2.735486106e-03 -4.847372645e+02 -4.847372645e+02 -2.3111e+00 +1.3466e+00 +3.1173e+00 -2.2964e-01 +3.8308e+00
854 0 +2.508956000e-03 -4.847374910e+02 -4.847374910e+02 -2.3091e+00 +1.3476e+00 +3.1173e+00 -2.2964e-01 +3.8318e+00
894 0 +2.154417577e-03 -4.847378456e+02 -4.847378456e+02 -2.3052e+00 +1.3476e+00 +3.1182e+00 -2.3062e-01 +3.8327e+00
902 0 +1.976402303e-03 -4.847380236e+02 -4.847380236e+02 -2.3052e+00 +1.3476e+00 +3.1182e+00 -2.3062e-01 +3.8337e+00
912 0 +1.671312502e-03 -4.847383287e+02 -4.847383287e+02 -2.3042e+00 +1.3485e+00 +3.1182e+00 -2.3062e-01 +3.8347e+00
914 0 +1.577431285e-03 -4.847384226e+02 -4.847384226e+02 -2.3033e+00 +1.3485e+00 +3.1182e+00 -2.3062e-01 +3.8347e+00
932 0 +1.412159272e-03 -4.847385878e+02 -4.847385878e+02 -2.3023e+00 +1.3485e+00 +3.1182e+00 -2.3062e-01 +3.8357e+00
964 0 +1.254596798e-03 -4.847387454e+02 -4.847387454e+02 -2.3008e+00 +1.3495e+00 +3.1187e+00 -2.3111e-01 +3.8362e+00
984 0 +1.119743925e-03 -4.847388803e+02 -4.847388803e+02 -2.2998e+00 +1.3495e+00 +3.1192e+00 -2.3111e-01 +3.8367e+00
1002 0 +9.855383988e-04 -4.847390145e+02 -4.847390145e+02 -2.2993e+00 +1.3500e+00 +3.1192e+00 -2.3111e-01 +3.8376e+00
1022 0 +8.622719682e-04 -4.847391377e+02 -4.847391377e+02 -2.2984e+00 +1.3505e+00 +3.1197e+00 -2.3160e-01 +3.8386e+00
1042 0 +7.437717433e-04 -4.847392562e+02 -4.847392562e+02 -2.2974e+00 +1.3510e+00 +3.1197e+00 -2.3160e-01 +3.8391e+00
1044 0 +7.026983367e-04 -4.847392973e+02 -4.847392973e+02 -2.2969e+00 +1.3510e+00 +3.1197e+00 -2.3160e-01 +3.8391e+00
1054 0 +6.020602445e-04 -4.847393979e+02 -4.847393979e+02 -2.2964e+00 +1.3510e+00 +3.1197e+00 -2.3160e-01 +3.8396e+00
1062 0 +5.558509314e-04 -4.847394441e+02 -4.847394441e+02 -2.2964e+00 +1.3510e+00 +3.1197e+00 -2.3208e-01 +3.8401e+00
1114 0 +4.986038263e-04 -4.847395014e+02 -4.847395014e+02 -2.2952e+00 +1.3515e+00 +3.1202e+00 -2.3208e-01 +3.8408e+00
1142 0 +4.223757759e-04 -4.847395776e+02 -4.847395776e+02 -2.2947e+00 +1.3517e+00 +3.1202e+00 -2.3233e-01 +3.8415e+00
1152 0 +3.730499579e-04 -4.847396270e+02 -4.847396270e+02 -2.2945e+00 +1.3520e+00 +3.1202e+00 -2.3233e-01 +3.8418e+00
1154 0 +3.535861754e-04 -4.847396464e+02 -4.847396464e+02 -2.2942e+00 +1.3520e+00 +3.1202e+00 -2.3233e-01 +3.8418e+00
1172 0 +3.122754182e-04 -4.847396877e+02 -4.847396877e+02 -2.2940e+00 +1.3520e+00 +3.1204e+00 -2.3233e-01 +3.8420e+00
1184 0 +2.789816341e-04 -4.847397210e+02 -4.847397210e+02 -2.2935e+00 +1.3522e+00 +3.1204e+00 -2.3233e-01 +3.8423e+00
1222 0 +2.368449195e-04 -4.847397632e+02 -4.847397632e+02 -2.2927e+00 +1.3524e+00 +3.1207e+00 -2.3282e-01 +3.8432e+00
1224 0 +2.227022996e-04 -4.847397773e+02 -4.847397773e+02 -2.2925e+00 +1.3524e+00 +3.1207e+00 -2.3282e-01 +3.8432e+00
1234 0 +1.866520120e-04 -4.847398133e+02 -4.847398133e+02 -2.2923e+00 +1.3527e+00 +3.1207e+00 -2.3282e-01 +3.8435e+00
1242 0 +1.704584149e-04 -4.847398295e+02 -4.847398295e+02 -2.2923e+00 +1.3527e+00 +3.1207e+00 -2.3282e-01 +3.8437e+00
1252 0 +1.522747795e-04 -4.847398477e+02 -4.847398477e+02 -2.2920e+00 +1.3529e+00 +3.1207e+00 -2.3282e-01 +3.8440e+00
1284 0 +1.375597918e-04 -4.847398624e+02 -4.847398624e+02 -2.2910e+00 +1.3529e+00 +3.1209e+00 -2.3282e-01 +3.8440e+00
1322 0 +1.238045224e-04 -4.847398762e+02 -4.847398762e+02 -2.2909e+00 +1.3531e+00 +3.1209e+00 -2.3294e-01 +3.8442e+00
1334 0 +1.094391815e-04 -4.847398906e+02 -4.847398906e+02 -2.2907e+00 +1.3531e+00 +3.1209e+00 -2.3294e-01 +3.8443e+00
1344 0 +9.995690095e-05 -4.847399000e+02 -4.847399000e+02 -2.2905e+00 +1.3532e+00 +3.1209e+00 -2.3294e-01 +3.8445e+00
1392 0 +8.890622024e-05 -4.847399111e+02 -4.847399111e+02 -2.2904e+00 +1.3532e+00 +3.1210e+00 -2.3300e-01 +3.8447e+00
1424 0 +7.829734449e-05 -4.847399217e+02 -4.847399217e+02 -2.2901e+00 +1.3533e+00 +3.1210e+00 -2.3306e-01 +3.8448e+00
1452 0 +6.896539065e-05 -4.847399310e+02 -4.847399310e+02 -2.2900e+00 +1.3534e+00 +3.1211e+00 -2.3312e-01 +3.8450e+00
1472 0 +6.219501483e-05 -4.847399378e+02 -4.847399378e+02 -2.2899e+00 +1.3534e+00 +3.1211e+00 -2.3312e-01 +3.8451e+00
1502 0 +5.519709964e-05 -4.847399448e+02 -4.847399448e+02 -2.2897e+00 +1.3535e+00 +3.1212e+00 -2.3318e-01 +3.8453e+00
1532 0 +4.910409262e-05 -4.847399509e+02 -4.847399509e+02 -2.2895e+00 +1.3536e+00 +3.1212e+00 -2.3324e-01 +3.8455e+00
1544 0 +4.431962327e-05 -4.847399557e+02 -4.847399557e+02 -2.2894e+00 +1.3537e+00 +3.1212e+00 -2.3324e-01 +3.8456e+00
1562 0 +3.800169793e-05 -4.847399620e+02 -4.847399620e+02 -2.2893e+00 +1.3537e+00 +3.1212e+00 -2.3324e-01 +3.8457e+00
1572 0 +3.451893815e-05 -4.847399655e+02 -4.847399655e+02 -2.2893e+00 +1.3537e+00 +3.1212e+00 -2.3324e-01 +3.8458e+00
1584 0 +3.113726655e-05 -4.847399689e+02 -4.847399689e+02 -2.2891e+00 +1.3538e+00 +3.1212e+00 -2.3324e-01 +3.8458e+00
1634 0 +2.747157856e-05 -4.847399725e+02 -4.847399725e+02 -2.2888e+00 +1.3538e+00 +3.1213e+00 -2.3331e-01 +3.8460e+00
1644 0 +2.465260701e-05 -4.847399753e+02 -4.847399753e+02 -2.2888e+00 +1.3538e+00 +3.1213e+00 -2.3337e-01 +3.8461e+00
1654 0 +2.110766684e-05 -4.847399789e+02 -4.847399789e+02 -2.2887e+00 +1.3539e+00 +3.1213e+00 -2.3337e-01 +3.8461e+00
1664 0 +1.971421779e-05 -4.847399803e+02 -4.847399803e+02 -2.2887e+00 +1.3539e+00 +3.1213e+00 -2.3337e-01 +3.8461e+00
1674 0 +1.724729617e-05 -4.847399828e+02 -4.847399828e+02 -2.2886e+00 +1.3539e+00 +3.1213e+00 -2.3337e-01 +3.8462e+00
1702 0 +1.571826840e-05 -4.847399843e+02 -4.847399843e+02 -2.2885e+00 +1.3540e+00 +3.1213e+00 -2.3337e-01 +3.8463e+00
1722 0 +1.303021912e-05 -4.847399870e+02 -4.847399870e+02 -2.2883e+00 +1.3540e+00 +3.1213e+00 -2.3343e-01 +3.8464e+00
1724 0 +1.203287769e-05 -4.847399880e+02 -4.847399880e+02 -2.2883e+00 +1.3540e+00 +3.1213e+00 -2.3343e-01 +3.8464e+00
1732 0 +1.061488069e-05 -4.847399894e+02 -4.847399894e+02 -2.2883e+00 +1.3541e+00 +3.1214e+00 -2.3343e-01 +3.8465e+00
1734 0 +9.843918292e-06 -4.847399902e+02 -4.847399902e+02 -2.2882e+00 +1.3541e+00 +3.1214e+00 -2.3343e-01 +3.8465e+00
1752 0 +8.771253022e-06 -4.847399912e+02 -4.847399912e+02 -2.2882e+00 +1.3541e+00 +3.1214e+00 -2.3343e-01 +3.8465e+00
1764 0 +7.629860590e-06 -4.847399924e+02 -4.847399924e+02 -2.2880e+00 +1.3541e+00 +3.1214e+00 -2.3349e-01 +3.8466e+00
1772 0 +6.818416296e-06 -4.847399932e+02 -4.847399932e+02 -2.2880e+00 +1.3541e+00 +3.1215e+00 -2.3349e-01 +3.8467e+00
1774 0 +6.246735552e-06 -4.847399938e+02 -4.847399938e+02 -2.2880e+00 +1.3541e+00 +3.1215e+00 -2.3349e-01 +3.8467e+00
1794 0 +5.381159781e-06 -4.847399946e+02 -4.847399946e+02 -2.2879e+00 +1.3541e+00 +3.1215e+00 -2.3349e-01 +3.8467e+00
1822 0 +4.934845720e-06 -4.847399951e+02 -4.847399951e+02 -2.2878e+00 +1.3541e+00 +3.1215e+00 -2.3349e-01 +3.8467e+00
1832 0 +4.400981027e-06 -4.847399956e+02 -4.847399956e+02 -2.2878e+00 +1.3542e+00 +3.1215e+00 -2.3349e-01 +3.8467e+00
1864 0 +3.887838602e-06 -4.847399961e+02 -4.847399961e+02 -2.2878e+00 +1.3542e+00 +3.1215e+00 -2.3350e-01 +3.8467e+00
1882 0 +3.518764629e-06 -4.847399965e+02 -4.847399965e+02 -2.2877e+00 +1.3542e+00 +3.1215e+00 -2.3350e-01 +3.8468e+00
1912 0 +3.145410290e-06 -4.847399969e+02 -4.847399969e+02 -2.2877e+00 +1.3542e+00 +3.1215e+00 -2.3350e-01 +3.8468e+00
1932 0 +2.816080439e-06 -4.847399972e+02 -4.847399972e+02 -2.2877e+00 +1.3542e+00 +3.1215e+00 -2.3352e-01 +3.8469e+00
1944 0 +2.427035326e-06 -4.847399976e+02 -4.847399976e+02 -2.2876e+00 +1.3542e+00 +3.1215e+00 -2.3352e-01 +3.8469e+00
1954 0 +2.133633757e-06 -4.847399979e+02 -4.847399979e+02 -2.2876e+00 +1.3543e+00 +3.1215e+00 -2.3352e-01 +3.8469e+00
1962 0 +1.987955784e-06 -4.847399980e+02 -4.847399980e+02 -2.2876e+00 +1.3543e+00 +3.1215e+00 -2.3353e-01 +3.8469e+00
1982 0 +1.777236548e-06 -4.847399982e+02 -4.847399982e+02 -2.2876e+00 +1.3543e+00 +3.1215e+00 -2.3353e-01 +3.8469e+00
2024 0 +1.541861252e-06 -4.847399985e+02 -4.847399985e+02 -2.2875e+00 +1.3543e+00 +3.1215e+00 -2.3353e-01 +3.8469e+00
2062 0 +1.352131733e-06 -4.847399986e+02 -4.847399986e+02 -2.2875e+00 +1.3543e+00 +3.1215e+00 -2.3354e-01 +3.8470e+00
2072 0 +1.227303187e-06 -4.847399988e+02 -4.847399988e+02 -2.2875e+00 +1.3543e+00 +3.1215e+00 -2.3355e-01 +3.8470e+00
2082 0 +1.114479574e-06 -4.847399989e+02 -4.847399989e+02 -2.2875e+00 +1.3543e+00 +3.1215e+00 -2.3355e-01 +3.8470e+00
2102 0 +9.700675037e-07 -4.847399990e+02 -4.847399990e+02 -2.2875e+00 +1.3543e+00 +3.1215e+00 -2.3355e-01 +3.8470e+00
2142 0 +8.737176245e-07 -4.847399991e+02 -4.847399991e+02 -2.2874e+00 +1.3543e+00 +3.1216e+00 -2.3356e-01 +3.8470e+00
2154 0 +7.883853073e-07 -4.847399992e+02 -4.847399992e+02 -2.2874e+00 +1.3543e+00 +3.1216e+00 -2.3356e-01 +3.8470e+00
2164 0 +7.077547366e-07 -4.847399993e+02 -4.847399993e+02 -2.2874e+00 +1.3543e+00 +3.1216e+00 -2.3356e-01 +3.8470e+00
2174 0 +6.293607839e-07 -4.847399994e+02 -4.847399994e+02 -2.2874e+00 +1.3543e+00 +3.1216e+00 -2.3357e-01 +3.8470e+00
2192 0 +5.440172686e-07 -4.847399995e+02 -4.847399995e+02 -2.2874e+00 +1.3543e+00 +3.1216e+00 -2.3357e-01 +3.8471e+00
2212 0 +5.000572401e-07 -4.847399995e+02 -4.847399995e+02 -2.2874e+00 +1.3543e+00 +3.1216e+00 -2.3357e-01 +3.8471e+00
2232 0 +4.250877623e-07 -4.847399996e+02 -4.847399996e+02 -2.2874e+00 +1.3543e+00 +3.1216e+00 -2.3357e-01 +3.8471e+00
2242 0 +3.800053037e-07 -4.847399996e+02 -4.847399996e+02 -2.2874e+00 +1.3543e+00 +3.1216e+00 -2.3357e-01 +3.8471e+00
2254 0 +3.485259867e-07 -4.847399997e+02 -4.847399997e+02 -2.2873e+00 +1.3543e+00 +3.1216e+00 -2.3357e-01 +3.8471e+00
2272 0 +2.984550633e-07 -4.847399997e+02 -4.847399997e+02 -2.2873e+00 +1.3544e+00 +3.1216e+00 -2.3357e-01 +3.8471e+00
2282 0 +2.587390213e-07 -4.847399997e+02 -4.847399997e+02 -2.2873e+00 +1.3544e+00 +3.1216e+00 -2.3358e-01 +3.8471e+00
2284 0 +2.407316515e-07 -4.847399998e+02 -4.847399998e+02 -2.2873e+00 +1.3544e+00 +3.1216e+00 -2.3358e-01 +3.8471e+00
2292 0 +2.156053824e-07 -4.847399998e+02 -4.847399998e+02 -2.2873e+00 +1.3544e+00 +3.1216e+00 -2.3358e-01 +3.8471e+00
2304 0 +1.945710437e-07 -4.847399998e+02 -4.847399998e+02 -2.2873e+00 +1.3544e+00 +3.1216e+00 -2.3358e-01 +3.8471e+00
2322 0 +1.695805736e-07 -4.847399998e+02 -4.847399998e+02 -2.2873e+00 +1.3544e+00 +3.1216e+00 -2.3358e-01 +3.8471e+00
2324 0 +1.542044856e-07 -4.847399998e+02 -4.847399998e+02 -2.2873e+00 +1.3544e+00 +3.1216e+00 -2.3358e-01 +3.8471e+00
2332 0 +1.294620233e-07 -4.847399999e+02 -4.847399999e+02 -2.2873e+00 +1.3544e+00 +3.1216e+00 -2.3359e-01 +3.8471e+00
2334 0 +1.143418444e-07 -4.847399999e+02 -4.847399999e+02 -2.2873e+00 +1.3544e+00 +3.1216e+00 -2.3359e-01 +3.8471e+00
2344 0 +1.040625648e-07 -4.847399999e+02 -4.847399999e+02 -2.2873e+00 +1.3544e+00 +3.1216e+00 -2.3359e-01 +3.8471e+00
2384 0 +9.907313370e-08 -4.847399999e+02 -4.847399999e+02 -2.2873e+00 +1.3544e+00 +3.1216e+00 -2.3359e-01 +3.8471e+00
2414 0 +8.650556538e-08 -4.847399999e+02 -4.847399999e+02 -2.2873e+00 +1.3544e+00 +3.1216e+00 -2.3359e-01 +3.8471e+00
2424 0 +7.786724154e-08 -4.847399999e+02 -4.847399999e+02 -2.2873e+00 +1.3544e+00 +3.1216e+00 -2.3359e-01 +3.8471e+00
2434 0 +6.945356290e-08 -4.847399999e+02 -4.847399999e+02 -2.2873e+00 +1.3544e+00 +3.1216e+00 -2.3359e-01 +3.8472e+00
2444 0 +6.235501360e-08 -4.847399999e+02 -4.847399999e+02 -2.2873e+00 +1.3544e+00 +3.1216e+00 -2.3359e-01 +3.8472e+00
2462 0 +5.579204299e-08 -4.847399999e+02 -4.847399999e+02 -2.2873e+00 +1.3544e+00 +3.1216e+00 -2.3359e-01 +3.8472e+00
2502 0 +4.853353630e-08 -4.847400000e+02 -4.847400000e+02 -2.2872e+00 +1.3544e+00 +3.1216e+00 -2.3359e-01 +3.8472e+00
2512 0 +4.374936680e-08 -4.847400000e+02 -4.847400000e+02 -2.2872e+00 +1.3544e+00 +3.1216e+00 -2.3359e-01 +3.8472e+00
2522 0 +3.839807050e-08 -4.847400000e+02 -4.847400000e+02 -2.2872e+00 +1.3544e+00 +3.1216e+00 -2.3359e-01 +3.8472e+00
2532 0 +3.414243110e-08 -4.847400000e+02 -4.847400000e+02 -2.2872e+00 +1.3544e+00 +3.1216e+00 -2.3359e-01 +3.8472e+00
2542 0 +3.111676961e-08 -4.847400000e+02 -4.847400000e+02 -2.2872e+00 +1.3544e+00 +3.1216e+00 -2.3359e-01 +3.8472e+00
2554 0 +2.754740080e-08 -4.847400000e+02 -4.847400000e+02 -2.2872e+00 +1.3544e+00 +3.1216e+00 -2.3359e-01 +3.8472e+00
2564 0 +2.442521918e-08 -4.847400000e+02 -4.847400000e+02 -2.2872e+00 +1.3544e+00 +3.1216e+00 -2.3359e-01 +3.8472e+00
2584 0 +2.201926463e-08 -4.847400000e+02 -4.847400000e+02 -2.2872e+00 +1.3544e+00 +3.1216e+00 -2.3359e-01 +3.8472e+00
2622 0 +1.978190767e-08 -4.847400000e+02 -4.847400000e+02 -2.2872e+00 +1.3544e+00 +3.1216e+00 -2.3359e-01 +3.8472e+00
2642 0 +1.762919055e-08 -4.847400000e+02 -4.847400000e+02 -2.2872e+00 +1.3544e+00 +3.1216e+00 -2.3359e-01 +3.8472e+00
2654 0 +1.543111239e-08 -4.847400000e+02 -4.847400000e+02 -2.2872e+00 +1.3544e+00 +3.1216e+00 -2.3359e-01 +3.8472e+00
2664 0 +1.373956593e-08 -4.847400000e+02 -4.847400000e+02 -2.2872e+00 +1.3544e+00 +3.1216e+00 -2.3359e-01 +3.8472e+00
2674 0 +1.228204383e-08 -4.847400000e+02 -4.847400000e+02 -2.2872e+00 +1.3544e+00 +3.1216e+00 -2.3360e-01 +3.8472e+00
2692 0 +1.113505732e-08 -4.847400000e+02 -4.847400000e+02 -2.2872e+00 +1.3544e+00 +3.1216e+00 -2.3360e-01 +3.8472e+00
2714 0 +9.751715879e-09 -4.847400000e+02 -4.847400000e+02 -2.2872e+00 +1.3544e+00 +3.1216e+00 -2.3360e-01 +3.8472e+00
9330 0 +9.094947018e-13 -4.847400000e+02 -4.847400000e+02 -2.2872e+00 +1.3544e+00 +3.1216e+00 -2.3360e-01 +3.8472e+00
50000 0 +3.979039320e-13 -4.847400000e+02 -4.847400000e+02 -2.2872e+00 +1.3544e+00 +3.1216e+00 -2.3360e-01 +3.8472e+00
% f evaluations | g evaluations | best noise-free fitness - Fopt (1.731500000000e+02) + sum g_i+ | measured fitness | best measured fitness or single-digit g-values | x1 | x2...
1 0 +2.247772699e+04 +2.265087699e+04 +2.265087699e+04 +0.0000e+00 +0.0000e+00 +0.0000e+00 +0.0000e+00 +0.0000e+00
3 0 +3.858477682e+03 +4.031627682e+03 +4.031627682e+03 -1.3081e+00 +1.6209e+00 +1.6209e+00 +1.6209e+00 +1.6209e+00
9 0 +1.249431909e+02 +2.980931909e+02 +2.980931909e+02 +1.6209e+00 -1.3081e+00 +1.6209e+00 +1.6209e+00 +1.6209e+00
198 0 +8.724600384e+00 +1.818746004e+02 +1.818746004e+02 +2.8099e+00 -1.1492e-01 +2.0743e+00 +2.0013e+00 +3.4051e-01
199 0 +6.605947079e+00 +1.797559471e+02 +1.797559471e+02 +2.8099e+00 -1.1492e-01 +2.0743e+00 +1.0006e+00 +3.4051e-01
207 0 +4.789472628e+00 +1.779394726e+02 +1.779394726e+02 +2.8099e+00 -1.1492e-01 +1.0737e+00 +1.0006e+00 +3.4051e-01
228 0 +3.463842627e+00 +1.766138426e+02 +1.766138426e+02 +2.8099e+00 -1.1492e-01 +1.5740e+00 +1.0006e+00 +3.4051e-01
234 0 +2.562693152e+00 +1.757126932e+02 +1.757126932e+02 +3.3103e+00 -1.1492e-01 +1.5740e+00 +1.0006e+00 +3.4051e-01
256 0 +2.261451059e+00 +1.754114511e+02 +1.754114511e+02 +3.3103e+00 +1.3524e-01 +1.5740e+00 +1.0006e+00 +3.4051e-01
257 0 +1.872671898e+00 +1.750226719e+02 +1.750226719e+02 +3.3103e+00 +1.3524e-01 +1.3238e+00 +1.0006e+00 +3.4051e-01
260 0 +1.441712509e+00 +1.745917125e+02 +1.745917125e+02 +3.3103e+00 +1.3524e-01 +1.3238e+00 +1.2508e+00 +3.4051e-01
261 0 +1.042978856e+00 +1.741929789e+02 +1.741929789e+02 +3.3103e+00 +1.3524e-01 +1.3238e+00 +1.2508e+00 +9.0344e-02
269 0 +6.683309254e-01 +1.738183309e+02 +1.738183309e+02 +3.3103e+00 +1.3524e-01 +1.3238e+00 +1.0006e+00 +9.0344e-02
287 0 +3.854806078e-01 +1.735354806e+02 +1.735354806e+02 +3.3103e+00 +2.6032e-01 +1.1987e+00 +1.0006e+00 +9.0344e-02
289 0 +3.293812304e-01 +1.734793812e+02 +1.734793812e+02 +3.3103e+00 +2.6032e-01 +1.1987e+00 +8.7557e-01 +9.0344e-02
291 0 +1.467687408e-01 +1.732967687e+02 +1.732967687e+02 +3.3103e+00 +2.6032e-01 +1.1987e+00 +8.7557e-01 -3.4737e-02
304 0 +1.312107272e-01 +1.732812107e+02 +1.732812107e+02 +3.3728e+00 +2.6032e-01 +1.1987e+00 +8.7557e-01 -3.4737e-02
309 0 +9.814009643e-02 +1.732481401e+02 +1.732481401e+02 +3.3728e+00 +1.9778e-01 +1.1987e+00 +8.1303e-01 -3.4737e-02
317 0 +4.090530012e-02 +1.731909053e+02 +1.731909053e+02 +3.3728e+00 +1.9778e-01 +1.1362e+00 +8.1303e-01 -3.4737e-02
337 0 +2.058570396e-02 +1.731705857e+02 +1.731705857e+02 +3.3728e+00 +1.9778e-01 +1.1049e+00 +8.1303e-01 -3.4737e-02
339 0 +1.450329579e-02 +1.731645033e+02 +1.731645033e+02 +3.3728e+00 +1.9778e-01 +1.1049e+00 +7.8176e-01 -3.4737e-02
347 0 +4.073096548e-03 +1.731540731e+02 +1.731540731e+02 +3.3728e+00 +1.9778e-01 +1.0737e+00 +7.8176e-01 -3.4737e-02
382 0 +3.769960213e-03 +1.731537700e+02 +1.731537700e+02 +3.3728e+00 +1.9778e-01 +1.0737e+00 +7.8176e-01 -2.6919e-02
384 0 +3.237375357e-03 +1.731532374e+02 +1.731532374e+02 +3.3806e+00 +1.9778e-01 +1.0737e+00 +7.8176e-01 -2.6919e-02
387 0 +2.449419661e-03 +1.731524494e+02 +1.731524494e+02 +3.3806e+00 +1.9778e-01 +1.0658e+00 +7.8176e-01 -2.6919e-02
409 0 +1.821420706e-03 +1.731518214e+02 +1.731518214e+02 +3.3806e+00 +1.9778e-01 +1.0658e+00 +7.7785e-01 -2.6919e-02
429 0 +1.530842290e-03 +1.731515308e+02 +1.731515308e+02 +3.3806e+00 +1.9778e-01 +1.0658e+00 +7.7589e-01 -2.6919e-02
437 0 +1.380759237e-03 +1.731513808e+02 +1.731513808e+02 +3.3806e+00 +1.9583e-01 +1.0639e+00 +7.7589e-01 -2.4965e-02
439 0 +1.159172736e-03 +1.731511592e+02 +1.731511592e+02 +3.3806e+00 +1.9583e-01 +1.0639e+00 +7.7394e-01 -2.4965e-02
449 0 +1.032552379e-03 +1.731510326e+02 +1.731510326e+02 +3.3826e+00 +1.9583e-01 +1.0639e+00 +7.7199e-01 -2.4965e-02
452 0 +9.597577275e-04 +1.731509598e+02 +1.731509598e+02 +3.3826e+00 +1.9583e-01 +1.0639e+00 +7.7199e-01 -2.3010e-02
457 0 +8.749570506e-04 +1.731508750e+02 +1.731508750e+02 +3.3826e+00 +1.9583e-01 +1.0619e+00 +7.7199e-01 -2.3010e-02
469 0 +6.411695376e-04 +1.731506412e+02 +1.731506412e+02 +3.3806e+00 +1.9387e-01 +1.0619e+00 +7.7003e-01 -2.3010e-02
477 0 +5.309307685e-04 +1.731505309e+02 +1.731505309e+02 +3.3806e+00 +1.9387e-01 +1.0600e+00 +7.7003e-01 -2.3010e-02
479 0 +4.360137689e-04 +1.731504360e+02 +1.731504360e+02 +3.3806e+00 +1.9387e-01 +1.0600e+00 +7.6808e-01 -2.3010e-02
489 0 +2.771079589e-04 +1.731502771e+02 +1.731502771e+02 +3.3806e+00 +1.9387e-01 +1.0600e+00 +7.6612e-01 -2.3010e-02
517 0 +2.326245962e-04 +1.731502326e+02 +1.731502326e+02 +3.3806e+00 +1.9290e-01 +1.0580e+00 +7.6612e-01 -2.2033e-02
519 0 +1.569781816e-04 +1.731501570e+02 +1.731501570e+02 +3.3806e+00 +1.9290e-01 +1.0580e+00 +7.6514e-01 -2.2033e-02
559 0 +1.383275726e-04 +1.731501383e+02 +1.731501383e+02 +3.3826e+00 +1.9241e-01 +1.0580e+00 +7.6466e-01 -2.1056e-02
567 0 +1.246639623e-04 +1.731501247e+02 +1.731501247e+02 +3.3826e+00 +1.9241e-01 +1.0575e+00 +7.6466e-01 -2.1056e-02
569 0 +1.005798821e-04 +1.731501006e+02 +1.731501006e+02 +3.3826e+00 +1.9241e-01 +1.0575e+00 +7.6417e-01 -2.1056e-02
577 0 +9.017648492e-05 +1.731500902e+02 +1.731500902e+02 +3.3826e+00 +1.9241e-01 +1.0571e+00 +7.6417e-01 -2.1056e-02
589 0 +7.486172353e-05 +1.731500749e+02 +1.731500749e+02 +3.3826e+00 +1.9241e-01 +1.0571e+00 +7.6368e-01 -2.0567e-02
599 0 +5.809003224e-05 +1.731500581e+02 +1.731500581e+02 +3.3826e+00 +1.9192e-01 +1.0571e+00 +7.6319e-01 -2.0567e-02
607 0 +5.151516871e-05 +1.731500515e+02 +1.731500515e+02 +3.3826e+00 +1.9192e-01 +1.0566e+00 +7.6319e-01 -2.0567e-02
609 0 +3.496869988e-05 +1.731500350e+02 +1.731500350e+02 +3.3826e+00 +1.9192e-01 +1.0566e+00 +7.6270e-01 -2.0567e-02
639 0 +3.054789121e-05 +1.731500305e+02 +1.731500305e+02 +3.3825e+00 +1.9192e-01 +1.0564e+00 +7.6258e-01 -2.0567e-02
659 0 +2.553296611e-05 +1.731500255e+02 +1.731500255e+02 +3.3825e+00 +1.9180e-01 +1.0562e+00 +7.6234e-01 -2.0445e-02
667 0 +2.297981391e-05 +1.731500230e+02 +1.731500230e+02 +3.3825e+00 +1.9168e-01 +1.0561e+00 +7.6234e-01 -2.0445e-02
669 0 +1.879052763e-05 +1.731500188e+02 +1.731500188e+02 +3.3825e+00 +1.9168e-01 +1.0561e+00 +7.6221e-01 -2.0445e-02
677 0 +1.707523626e-05 +1.731500171e+02 +1.731500171e+02 +3.3825e+00 +1.9168e-01 +1.0560e+00 +7.6221e-01 -2.0323e-02
689 0 +1.545265667e-05 +1.731500155e+02 +1.731500155e+02 +3.3825e+00 +1.9168e-01 +1.0560e+00 +7.6197e-01 -2.0323e-02
699 0 +1.340352142e-05 +1.731500134e+02 +1.731500134e+02 +3.3825e+00 +1.9155e-01 +1.0560e+00 +7.6185e-01 -2.0323e-02
707 0 +1.150202968e-05 +1.731500115e+02 +1.731500115e+02 +3.3825e+00 +1.9155e-01 +1.0558e+00 +7.6185e-01 -2.0323e-02
709 0 +9.323307268e-06 +1.731500093e+02 +1.731500093e+02 +3.3825e+00 +1.9155e-01 +1.0558e+00 +7.6172e-01 -2.0323e-02
717 0 +8.654566017e-06 +1.731500087e+02 +1.731500087e+02 +3.3825e+00 +1.9155e-01 +1.0557e+00 +7.6172e-01 -2.0201e-02
739 0 +7.823667829e-06 +1.731500078e+02 +1.731500078e+02 +3.3825e+00 +1.9149e-01 +1.0556e+00 +7.6166e-01 -2.0201e-02
749 0 +7.026604862e-06 +1.731500070e+02 +1.731500070e+02 +3.3825e+00 +1.9149e-01 +1.0556e+00 +7.6160e-01 -2.0201e-02
777 0 +6.139724945e-06 +1.731500061e+02 +1.731500061e+02 +3.3825e+00 +1.9143e-01 +1.0556e+00 +7.6157e-01 -2.0170e-02
787 0 +5.613285737e-06 +1.731500056e+02 +1.731500056e+02 +3.3825e+00 +1.9143e-01 +1.0556e+00 +7.6154e-01 -2.0140e-02
799 0 +4.991463584e-06 +1.731500050e+02 +1.731500050e+02 +3.3825e+00 +1.9140e-01 +1.0556e+00 +7.6148e-01 -2.0140e-02
819 0 +4.122479453e-06 +1.731500041e+02 +1.731500041e+02 +3.3825e+00 +1.9140e-01 +1.0555e+00 +7.6142e-01 -2.0109e-02
829 0 +3.760610554e-06 +1.731500038e+02 +1.731500038e+02 +3.3825e+00 +1.9137e-01 +1.0555e+00 +7.6139e-01 -2.0109e-02
839 0 +3.381525175e-06 +1.731500034e+02 +1.731500034e+02 +3.3825e+00 +1.9137e-01 +1.0555e+00 +7.6136e-01 -2.0109e-02
859 0 +3.013064429e-06 +1.731500030e+02 +1.731500030e+02 +3.3824e+00 +1.9137e-01 +1.0555e+00 +7.6130e-01 -2.0109e-02
869 0 +2.728030950e-06 +1.731500027e+02 +1.731500027e+02 +3.3824e+00 +1.9134e-01 +1.0555e+00 +7.6127e-01 -2.0109e-02
879 0 +2.156552881e-06 +1.731500022e+02 +1.731500022e+02 +3.3825e+00 +1.9134e-01 +1.0554e+00 +7.6124e-01 -2.0079e-02
889 0 +1.874045608e-06 +1.731500019e+02 +1.731500019e+02 +3.3824e+00 +1.9134e-01 +1.0554e+00 +7.6121e-01 -2.0079e-02
899 0 +1.747224331e-06 +1.731500017e+02 +1.731500017e+02 +3.3824e+00 +1.9131e-01 +1.0554e+00 +7.6117e-01 -2.0079e-02
917 0 +1.566370116e-06 +1.731500016e+02 +1.731500016e+02 +3.3824e+00 +1.9131e-01 +1.0554e+00 +7.6114e-01 -2.0079e-02
919 0 +1.260332112e-06 +1.731500013e+02 +1.731500013e+02 +3.3824e+00 +1.9131e-01 +1.0554e+00 +7.6111e-01 -2.0079e-02
929 0 +1.014279292e-06 +1.731500010e+02 +1.731500010e+02 +3.3824e+00 +1.9131e-01 +1.0554e+00 +7.6108e-01 -2.0079e-02
939 0 +9.261439970e-07 +1.731500009e+02 +1.731500009e+02 +3.3824e+00 +1.9128e-01 +1.0554e+00 +7.6105e-01 -2.0079e-02
949 0 +7.675814118e-07 +1.731500008e+02 +1.731500008e+02 +3.3824e+00 +1.9128e-01 +1.0553e+00 +7.6102e-01 -2.0079e-02
957 0 +6.518799296e-07 +1.731500007e+02 +1.731500007e+02 +3.3824e+00 +1.9128e-01 +1.0553e+00 +7.6102e-01 -2.0048e-02
969 0 +5.229798319e-07 +1.731500005e+02 +1.731500005e+02 +3.3824e+00 +1.9128e-01 +1.0553e+00 +7.6099e-01 -2.0048e-02
987 0 +4.985608655e-07 +1.731500005e+02 +1.731500005e+02 +3.3824e+00 +1.9126e-01 +1.0553e+00 +7.6099e-01 -2.0048e-02
999 0 +3.989384254e-07 +1.731500004e+02 +1.731500004e+02 +3.3824e+00 +1.9126e-01 +1.0553e+00 +7.6096e-01 -2.0048e-02
1005 0 +3.972972706e-07 +1.731500004e+02 +1.731500004e+02 +3.3824e+00 +1.9125e-01 +1.0553e+00 +7.6096e-01 -2.0048e-02
1009 0 +3.475642529e-07 +1.731500003e+02 +1.731500003e+02 +3.3824e+00 +1.9125e-01 +1.0553e+00 +7.6095e-01 -2.0048e-02
1019 0 +2.783914681e-07 +1.731500003e+02 +1.731500003e+02 +3.3824e+00 +1.9125e-01 +1.0553e+00 +7.6093e-01 -2.0033e-02
1039 0 +2.337645526e-07 +1.731500002e+02 +1.731500002e+02 +3.3824e+00 +1.9124e-01 +1.0553e+00 +7.6092e-01 -2.0033e-02
1047 0 +2.199211337e-07 +1.731500002e+02 +1.731500002e+02 +3.3824e+00 +1.9124e-01 +1.0553e+00 +7.6092e-01 -2.0025e-02
1057 0 +1.944714541e-07 +1.731500002e+02 +1.731500002e+02 +3.3824e+00 +1.9123e-01 +1.0553e+00 +7.6092e-01 -2.0025e-02
1069 0 +1.759217980e-07 +1.731500002e+02 +1.731500002e+02 +3.3824e+00 +1.9123e-01 +1.0553e+00 +7.6090e-01 -2.0018e-02
1079 0 +1.403799104e-07 +1.731500001e+02 +1.731500001e+02 +3.3824e+00 +1.9123e-01 +1.0553e+00 +7.6089e-01 -2.0018e-02
1089 0 +1.134194463e-07 +1.731500001e+02 +1.731500001e+02 +3.3824e+00 +1.9123e-01 +1.0553e+00 +7.6088e-01 -2.0018e-02
1097 0 +1.059400745e-07 +1.731500001e+02 +1.731500001e+02 +3.3824e+00 +1.9123e-01 +1.0552e+00 +7.6088e-01 -2.0018e-02
1109 0 +9.551683888e-08 +1.731500001e+02 +1.731500001e+02 +3.3824e+00 +1.9123e-01 +1.0552e+00 +7.6087e-01 -2.0018e-02
1117 0 +8.818724950e-08 +1.731500001e+02 +1.731500001e+02 +3.3824e+00 +1.9123e-01 +1.0552e+00 +7.6087e-01 -2.0018e-02
1129 0 +6.700767585e-08 +1.731500001e+02 +1.731500001e+02 +3.3824e+00 +1.9123e-01 +1.0552e+00 +7.6086e-01 -2.0018e-02
1139 0 +5.498802125e-08 +1.731500001e+02 +1.731500001e+02 +3.3824e+00 +1.9122e-01 +1.0552e+00 +7.6085e-01 -2.0018e-02
1149 0 +4.465940151e-08 +1.731500000e+02 +1.731500000e+02 +3.3824e+00 +1.9122e-01 +1.0552e+00 +7.6085e-01 -2.0018e-02
1159 0 +3.344288757e-08 +1.731500000e+02 +1.731500000e+02 +3.3824e+00 +1.9122e-01 +1.0552e+00 +7.6084e-01 -2.0010e-02
1169 0 +2.697021273e-08 +1.731500000e+02 +1.731500000e+02 +3.3824e+00 +1.9121e-01 +1.0552e+00 +7.6083e-01 -2.0010e-02
1177 0 +2.124454568e-08 +1.731500000e+02 +1.731500000e+02 +3.3824e+00 +1.9121e-01 +1.0552e+00 +7.6083e-01 -2.0010e-02
1179 0 +1.581528863e-08 +1.731500000e+02 +1.731500000e+02 +3.3824e+00 +1.9121e-01 +1.0552e+00 +7.6082e-01 -2.0010e-02
1197 0 +1.298636221e-08 +1.731500000e+02 +1.731500000e+02 +3.3824e+00 +1.9121e-01 +1.0552e+00 +7.6082e-01 -2.0010e-02
1207 0 +1.137607342e-08 +1.731500000e+02 +1.731500000e+02 +3.3824e+00 +1.9121e-01 +1.0552e+00 +7.6082e-01 -2.0006e-02
1209 0 +1.005994932e-08 +1.731500000e+02 +1.731500000e+02 +3.3824e+00 +1.9121e-01 +1.0552e+00 +7.6082e-01 -2.0006e-02
1219 0 +6.631182714e-09 +1.731500000e+02 +1.731500000e+02 +3.3824e+00 +1.9121e-01 +1.0552e+00 +7.6082e-01 -2.0006e-02
50000 0 +2.188471626e-12 +1.731500000e+02 +1.731500000e+02 +3.3824e+00 +1.9120e-01 +1.0552e+00 +7.6080e-01 -2.0000e-02
% f evaluations | g evaluations | best noise-free fitness - Fopt (-5.333000000000e+01) + sum g_i+ | measured fitness | best measured fitness or single-digit g-values | x1 | x2...
1 0 +9.274013179e+04 +9.268680179e+04 +9.268680179e+04 +0.0000e+00 +0.0000e+00 +0.0000e+00 +0.0000e+00 +0.0000e+00
5 0 +6.347809791e+04 +6.342476791e+04 +6.342476791e+04 +2.9289e+00 +0.0000e+00 +0.0000e+00 +0.0000e+00 +0.0000e+00
15 0 +3.396684558e+04 +3.391351558e+04 +3.391351558e+04 +1.6209e+00 +1.6209e+00 -1.3081e+00 +1.6209e+00 +1.6209e+00
164 0 +3.049783083e+04 +3.044450083e+04 +3.044450083e+04 +2.0013e+00 +1.0006e+00 -1.0006e+00 +1.0006e+00 +5.8005e-01
166 0 +2.622236153e+04 +2.616903153e+04 +2.616903153e+04 +2.0013e+00 +2.0013e+00 -1.0006e+00 +1.0006e+00 +5.8005e-01
167 0 +1.787508806e+04 +1.782175806e+04 +1.782175806e+04 +2.0013e+00 +2.0013e+00 -2.0013e+00 +1.0006e+00 +5.8005e-01
170 0 +6.877537116e+03 +6.824207116e+03 +6.824207116e+03 +2.0013e+00 +2.0013e+00 -2.0013e+00 +2.0013e+00 +5.8005e-01
177 0 +4.644869440e+03 +4.591539440e+03 +4.591539440e+03 +2.0013e+00 +2.0013e+00 -3.0019e+00 +2.0013e+00 +5.8005e-01
180 0 +1.168914688e+02 +6.356146883e+01 +6.356146883e+01 +2.0013e+00 +2.0013e+00 -3.0019e+00 +3.0019e+00 +5.8005e-01
187 0 +2.352981779e+01 -2.980018221e+01 -2.980018221e+01 +2.0013e+00 +2.0013e+00 -4.0026e+00 +3.0019e+00 +5.8005e-01
190 0 +1.766359604e+01 -3.566640396e+01 -3.566640396e+01 +2.0013e+00 +2.0013e+00 -4.0026e+00 +4.0026e+00 +5.8005e-01
194 0 +1.395322518e+01 -3.937677482e+01 -3.937677482e+01 +3.0019e+00 +2.0013e+00 -4.0026e+00 +4.0026e+00 +5.8005e-01
218 0 +1.158887937e+01 -4.174112063e+01 -4.174112063e+01 +3.0019e+00 +1.5010e+00 -3.5023e+00 +4.0026e+00 +5.8005e-01
220 0 +1.025879980e+01 -4.307120020e+01 -4.307120020e+01 +3.0019e+00 +1.5010e+00 -3.5023e+00 +4.5029e+00 +5.8005e-01
221 0 +7.209947221e+00 -4.612005278e+01 -4.612005278e+01 +3.0019e+00 +1.5010e+00 -3.5023e+00 +4.5029e+00 +7.9730e-02
224 0 +6.840683239e+00 -4.648931676e+01 -4.648931676e+01 +3.5023e+00 +1.5010e+00 -3.5023e+00 +4.5029e+00 +7.9730e-02
228 0 +4.498015488e+00 -4.883198451e+01 -4.883198451e+01 +3.5023e+00 +1.5010e+00 -3.0019e+00 +4.5029e+00 +7.9730e-02
231 0 +4.422719151e+00 -4.890728085e+01 -4.890728085e+01 +3.5023e+00 +1.5010e+00 -3.0019e+00 +4.5029e+00 -4.2059e-01
235 0 +3.794532095e+00 -4.953546791e+01 -4.953546791e+01 +4.0026e+00 +1.0006e+00 -3.0019e+00 +4.5029e+00 -4.2059e-01
258 0 +2.814814613e+00 -5.051518539e+01 -5.051518539e+01 +3.7524e+00 +1.0006e+00 -2.7518e+00 +4.5029e+00 -4.2059e-01
268 0 +1.879895702e+00 -5.145010430e+01 -5.145010430e+01 +3.5023e+00 +1.0006e+00 -2.5016e+00 +4.2528e+00 -1.7043e-01
278 0 +1.367725014e+00 -5.196227499e+01 -5.196227499e+01 +3.5023e+00 +1.0006e+00 -2.2515e+00 +4.2528e+00 -1.7043e-01
285 0 +1.092682544e+00 -5.223731746e+01 -5.223731746e+01 +3.5023e+00 +7.5049e-01 -2.2515e+00 +4.0026e+00 -1.7043e-01
288 0 +5.866434528e-01 -5.274335655e+01 -5.274335655e+01 +3.5023e+00 +7.5049e-01 -2.0013e+00 +4.0026e+00 -1.7043e-01
309 0 +5.418538631e-01 -5.278814614e+01 -5.278814614e+01 +3.5023e+00 +7.5049e-01 -2.0013e+00 +3.8775e+00 -1.7043e-01
315 0 +4.645769085e-01 -5.286542309e+01 -5.286542309e+01 +3.5023e+00 +6.2541e-01 -2.0013e+00 +3.8775e+00 -1.7043e-01
318 0 +3.000468478e-01 -5.302995315e+01 -5.302995315e+01 +3.5023e+00 +6.2541e-01 -1.8762e+00 +3.8775e+00 -1.7043e-01
338 0 +2.199457000e-01 -5.311005430e+01 -5.311005430e+01 +3.5023e+00 +5.6287e-01 -1.8137e+00 +3.8775e+00 -1.7043e-01
339 0 +1.980553168e-01 -5.313194468e+01 -5.313194468e+01 +3.5023e+00 +5.6287e-01 -1.8137e+00 +3.8150e+00 -1.7043e-01
348 0 +1.368356969e-01 -5.319316430e+01 -5.319316430e+01 +3.5023e+00 +5.0032e-01 -1.7511e+00 +3.8150e+00 -1.7043e-01
358 0 +6.962019896e-02 -5.326037980e+01 -5.326037980e+01 +3.5023e+00 +4.3778e-01 -1.6886e+00 +3.7524e+00 -1.7043e-01
368 0 +3.608381292e-02 -5.329391619e+01 -5.329391619e+01 +3.5023e+00 +4.3778e-01 -1.6261e+00 +3.7524e+00 -1.7043e-01
389 0 +2.790229663e-02 -5.330209770e+01 -5.330209770e+01 +3.5023e+00 +4.3778e-01 -1.6261e+00 +3.7212e+00 -1.7043e-01
395 0 +2.462393875e-02 -5.330537606e+01 -5.330537606e+01 +3.5023e+00 +4.0651e-01 -1.6261e+00 +3.7212e+00 -1.7043e-01
398 0 +1.537809814e-02 -5.331462190e+01 -5.331462190e+01 +3.5023e+00 +4.0651e-01 -1.5948e+00 +3.7212e+00 -1.7043e-01
405 0 +1.377338817e-02 -5.331622661e+01 -5.331622661e+01 +3.5023e+00 +3.7524e-01 -1.5948e+00 +3.6899e+00 -1.7043e-01
428 0 +7.957319084e-03 -5.332204268e+01 -5.332204268e+01 +3.4866e+00 +3.9088e-01 -1.5791e+00 +3.6899e+00 -1.7043e-01
435 0 +7.331524127e-03 -5.332266848e+01 -5.332266848e+01 +3.4866e+00 +3.7524e-01 -1.5791e+00 +3.6899e+00 -1.7043e-01
438 0 +3.519996491e-03 -5.332648000e+01 -5.332648000e+01 +3.4866e+00 +3.7524e-01 -1.5635e+00 +3.6899e+00 -1.7043e-01
459 0 +3.105233182e-03 -5.332689477e+01 -5.332689477e+01 +3.4866e+00 +3.7524e-01 -1.5635e+00 +3.6821e+00 -1.7043e-01
468 0 +1.759872773e-03 -5.332824013e+01 -5.332824013e+01 +3.4866e+00 +3.6743e-01 -1.5557e+00 +3.6821e+00 -1.7043e-01
498 0 +1.478283740e-03 -5.332852172e+01 -5.332852172e+01 +3.4886e+00 +3.6743e-01 -1.5537e+00 +3.6821e+00 -1.7043e-01
501 0 +1.396358532e-03 -5.332860364e+01 -5.332860364e+01 +3.4886e+00 +3.6743e-01 -1.5537e+00 +3.6801e+00 -1.7239e-01
508 0 +1.157377396e-03 -5.332884262e+01 -5.332884262e+01 +3.4886e+00 +3.6547e-01 -1.5518e+00 +3.6801e+00 -1.7239e-01
518 0 +9.322012280e-04 -5.332906780e+01 -5.332906780e+01 +3.4886e+00 +3.6547e-01 -1.5498e+00 +3.6782e+00 -1.7239e-01
528 0 +7.313748614e-04 -5.332926863e+01 -5.332926863e+01 +3.4886e+00 +3.6352e-01 -1.5479e+00 +3.6782e+00 -1.7239e-01
538 0 +5.176128643e-04 -5.332948239e+01 -5.332948239e+01 +3.4886e+00 +3.6352e-01 -1.5459e+00 +3.6762e+00 -1.7239e-01
548 0 +3.958990279e-04 -5.332960410e+01 -5.332960410e+01 +3.4886e+00 +3.6156e-01 -1.5440e+00 +3.6762e+00 -1.7239e-01
558 0 +2.638900620e-04 -5.332973611e+01 -5.332973611e+01 +3.4866e+00 +3.6156e-01 -1.5420e+00 +3.6743e+00 -1.7239e-01
568 0 +1.568456478e-04 -5.332984315e+01 -5.332984315e+01 +3.4866e+00 +3.6156e-01 -1.5401e+00 +3.6743e+00 -1.7239e-01
578 0 +1.022928712e-04 -5.332989771e+01 -5.332989771e+01 +3.4866e+00 +3.6156e-01 -1.5381e+00 +3.6723e+00 -1.7239e-01
602 0 +8.562543748e-05 -5.332991437e+01 -5.332991437e+01 +3.4866e+00 +3.6156e-01 -1.5381e+00 +3.6723e+00 -1.7141e-01
605 0 +6.549220360e-05 -5.332993451e+01 -5.332993451e+01 +3.4866e+00 +3.6059e-01 -1.5381e+00 +3.6723e+00 -1.7141e-01
615 0 +5.630525976e-05 -5.332994369e+01 -5.332994369e+01 +3.4857e+00 +3.5961e-01 -1.5381e+00 +3.6723e+00 -1.7141e-01
624 0 +5.590009092e-05 -5.332994410e+01 -5.332994410e+01 +3.4866e+00 +3.5961e-01 -1.5381e+00 +3.6723e+00 -1.7141e-01
648 0 +4.481613209e-05 -5.332995518e+01 -5.332995518e+01 +3.4866e+00 +3.5912e-01 -1.5376e+00 +3.6723e+00 -1.7141e-01
649 0 +4.042840613e-05 -5.332995957e+01 -5.332995957e+01 +3.4866e+00 +3.5912e-01 -1.5376e+00 +3.6718e+00 -1.7141e-01
653 0 +3.515163364e-05 -5.332996485e+01 -5.332996485e+01 +3.4861e+00 +3.5912e-01 -1.5376e+00 +3.6718e+00 -1.7141e-01
658 0 +2.829676779e-05 -5.332997170e+01 -5.332997170e+01 +3.4861e+00 +3.5863e-01 -1.5371e+00 +3.6718e+00 -1.7141e-01
659 0 +2.666954597e-05 -5.332997333e+01 -5.332997333e+01 +3.4861e+00 +3.5863e-01 -1.5371e+00 +3.6713e+00 -1.7141e-01
668 0 +1.579016759e-05 -5.332998421e+01 -5.332998421e+01 +3.4861e+00 +3.5863e-01 -1.5366e+00 +3.6713e+00 -1.7141e-01
708 0 +9.845283451e-06 -5.332999015e+01 -5.332999015e+01 +3.4859e+00 +3.5814e-01 -1.5364e+00 +3.6711e+00 -1.7141e-01
718 0 +7.748182185e-06 -5.332999225e+01 -5.332999225e+01 +3.4859e+00 +3.5814e-01 -1.5362e+00 +3.6711e+00 -1.7141e-01
728 0 +4.450097940e-06 -5.332999555e+01 -5.332999555e+01 +3.4859e+00 +3.5790e-01 -1.5359e+00 +3.6708e+00 -1.7141e-01
753 0 +3.921239674e-06 -5.332999608e+01 -5.332999608e+01 +3.4858e+00 +3.5790e-01 -1.5359e+00 +3.6708e+00 -1.7129e-01
758 0 +3.174174843e-06 -5.332999683e+01 -5.332999683e+01 +3.4858e+00 +3.5790e-01 -1.5358e+00 +3.6708e+00 -1.7129e-01
759 0 +3.036333659e-06 -5.332999696e+01 -5.332999696e+01 +3.4858e+00 +3.5790e-01 -1.5358e+00 +3.6707e+00 -1.7129e-01
768 0 +1.897263132e-06 -5.332999810e+01 -5.332999810e+01 +3.4858e+00 +3.5790e-01 -1.5357e+00 +3.6707e+00 -1.7129e-01
788 0 +1.145491012e-06 -5.332999885e+01 -5.332999885e+01 +3.4857e+00 +3.5778e-01 -1.5355e+00 +3.6706e+00 -1.7129e-01
798 0 +8.425051732e-07 -5.332999916e+01 -5.332999916e+01 +3.4857e+00 +3.5778e-01 -1.5354e+00 +3.6706e+00 -1.7129e-01
802 0 +7.768234198e-07 -5.332999922e+01 -5.332999922e+01 +3.4857e+00 +3.5778e-01 -1.5354e+00 +3.6706e+00 -1.7117e-01
813 0 +6.517189490e-07 -5.332999935e+01 -5.332999935e+01 +3.4855e+00 +3.5778e-01 -1.5354e+00 +3.6705e+00 -1.7117e-01
834 0 +6.009673683e-07 -5.332999940e+01 -5.332999940e+01 +3.4856e+00 +3.5778e-01 -1.5354e+00 +3.6705e+00 -1.7117e-01
835 0 +5.542336083e-07 -5.332999945e+01 -5.332999945e+01 +3.4856e+00 +3.5771e-01 -1.5354e+00 +3.6705e+00 -1.7117e-01
838 0 +3.452609079e-07 -5.332999965e+01 -5.332999965e+01 +3.4856e+00 +3.5771e-01 -1.5354e+00 +3.6705e+00 -1.7117e-01
844 0 +3.125240085e-07 -5.332999969e+01 -5.332999969e+01 +3.4857e+00 +3.5771e-01 -1.5354e+00 +3.6705e+00 -1.7123e-01
863 0 +2.795942464e-07 -5.332999972e+01 -5.332999972e+01 +3.4856e+00 +3.5765e-01 -1.5354e+00 +3.6705e+00 -1.7123e-01
868 0 +1.894296702e-07 -5.332999981e+01 -5.332999981e+01 +3.4856e+00 +3.5765e-01 -1.5353e+00 +3.6705e+00 -1.7123e-01
878 0 +1.262877873e-07 -5.332999987e+01 -5.332999987e+01 +3.4856e+00 +3.5765e-01 -1.5353e+00 +3.6705e+00 -1.7123e-01
879 0 +1.179869429e-07 -5.332999988e+01 -5.332999988e+01 +3.4856e+00 +3.5765e-01 -1.5353e+00 +3.6704e+00 -1.7123e-01
888 0 +9.625731678e-08 -5.332999990e+01 -5.332999990e+01 +3.4856e+00 +3.5765e-01 -1.5353e+00 +3.6704e+00 -1.7123e-01
892 0 +8.224497350e-08 -5.332999992e+01 -5.332999992e+01 +3.4856e+00 +3.5765e-01 -1.5353e+00 +3.6704e+00 -1.7120e-01
893 0 +6.242359518e-08 -5.332999994e+01 -5.332999994e+01 +3.4856e+00 +3.5765e-01 -1.5353e+00 +3.6704e+00 -1.7120e-01
928 0 +3.875035048e-08 -5.332999996e+01 -5.332999996e+01 +3.4856e+00 +3.5762e-01 -1.5353e+00 +3.6704e+00 -1.7120e-01
948 0 +2.971139423e-08 -5.332999997e+01 -5.332999997e+01 +3.4856e+00 +3.5762e-01 -1.5352e+00 +3.6704e+00 -1.7120e-01
951 0 +2.737549210e-08 -5.332999997e+01 -5.332999997e+01 +3.4856e+00 +3.5762e-01 -1.5352e+00 +3.6704e+00 -1.7120e-01
958 0 +2.085041473e-08 -5.332999998e+01 -5.332999998e+01 +3.4856e+00 +3.5762e-01 -1.5352e+00 +3.6704e+00 -1.7120e-01
959 0 +1.989673848e-08 -5.332999998e+01 -5.332999998e+01 +3.4856e+00 +3.5762e-01 -1.5352e+00 +3.6704e+00 -1.7120e-01
968 0 +1.214507961e-08 -5.332999999e+01 -5.332999999e+01 +3.4856e+00 +3.5762e-01 -1.5352e+00 +3.6704e+00 -1.7120e-01
978 0 +9.877439311e-09 -5.332999999e+01 -5.332999999e+01 +3.4856e+00 +3.5762e-01 -1.5352e+00 +3.6704e+00 -1.7120e-01
1318 0 +9.521272659e-13 -5.333000000e+01 -5.333000000e+01 +3.4856e+00 +3.5760e-01 -1.5352e+00 +3.6704e+00 -1.7120e-01
50000 0 +4.263256415e-14 -5.333000000e+01 -5.333000000e+01 +3.4856e+00 +3.5760e-01 -1.5352e+00 +3.6704e+00 -1.7120e-01
% f evaluations | g evaluations | best noise-free fitness - Fopt (-5.550000000000e+01) + sum g_i+ | measured fitness | best measured fitness or single-digit g-values | x1 | x2...
1 0 +3.524525960e+05 +3.523970960e+05 +3.523970960e+05 +0.0000e+00 +0.0000e+00 +0.0000e+00 +0.0000e+00 +0.0000e+00
5 0 +1.635166473e+05 +1.634611473e+05 +1.634611473e+05 +2.9289e+00 +0.0000e+00 +0.0000e+00 +0.0000e+00 +0.0000e+00
161 0 +1.463196445e+05 +1.462641445e+05 +1.462641445e+05 +1.4269e+00 +1.0006e+00 -1.0006e+00 +0.0000e+00 -1.0006e+00
164 0 +9.509534638e+04 +9.503984638e+04 +9.503984638e+04 +2.4275e+00 +1.0006e+00 -1.0006e+00 +0.0000e+00 -1.0006e+00
166 0 +6.471000986e+04 +6.465450986e+04 +6.465450986e+04 +2.4275e+00 +2.0013e+00 -1.0006e+00 +0.0000e+00 -1.0006e+00
171 0 +3.804190088e+04 +3.798640088e+04 +3.798640088e+04 +2.4275e+00 +2.0013e+00 -2.0013e+00 +1.0006e+00 -2.0013e+00
174 0 +1.248382745e+04 +1.242832745e+04 +1.242832745e+04 +3.4282e+00 +2.0013e+00 -2.0013e+00 +1.0006e+00 -2.0013e+00
176 0 +3.568486673e+03 +3.512986673e+03 +3.512986673e+03 +3.4282e+00 +3.0019e+00 -2.0013e+00 +1.0006e+00 -2.0013e+00
186 0 +3.503545163e+03 +3.448045163e+03 +3.448045163e+03 +3.4282e+00 +4.0026e+00 -2.0013e+00 +1.0006e+00 -2.0013e+00
191 0 +6.746722073e+00 -4.875327793e+01 -4.875327793e+01 +3.4282e+00 +4.0026e+00 -2.0013e+00 +1.0006e+00 -3.0019e+00
218 0 +6.217676284e+00 -4.928232372e+01 -4.928232372e+01 +3.4282e+00 +4.0026e+00 -2.5016e+00 +1.0006e+00 -3.0019e+00
225 0 +3.350863077e+00 -5.214913692e+01 -5.214913692e+01 +3.4282e+00 +3.5023e+00 -2.5016e+00 +5.0032e-01 -3.0019e+00
244 0 +3.127755120e+00 -5.237224488e+01 -5.237224488e+01 +3.6783e+00 +3.5023e+00 -2.5016e+00 +5.0032e-01 -3.0019e+00
245 0 +2.514815757e+00 -5.298518424e+01 -5.298518424e+01 +3.6783e+00 +3.2521e+00 -2.5016e+00 +5.0032e-01 -3.0019e+00
250 0 +2.489976108e+00 -5.301002389e+01 -5.301002389e+01 +3.6783e+00 +3.2521e+00 -2.5016e+00 +7.5049e-01 -3.0019e+00
252 0 +1.370973085e+00 -5.412902692e+01 -5.412902692e+01 +3.6783e+00 +3.2521e+00 -2.5016e+00 +7.5049e-01 -2.7518e+00
255 0 +9.036622321e-01 -5.459633777e+01 -5.459633777e+01 +3.6783e+00 +3.0019e+00 -2.5016e+00 +7.5049e-01 -2.7518e+00
262 0 +3.724820963e-01 -5.512751790e+01 -5.512751790e+01 +3.6783e+00 +3.0019e+00 -2.5016e+00 +7.5049e-01 -2.5016e+00
287 0 +3.181467294e-01 -5.518185327e+01 -5.518185327e+01 +3.6783e+00 +3.0019e+00 -2.3765e+00 +7.5049e-01 -2.5016e+00
295 0 +2.489793343e-01 -5.525102067e+01 -5.525102067e+01 +3.6783e+00 +2.8769e+00 -2.3765e+00 +7.5049e-01 -2.5016e+00
326 0 +1.570387671e-01 -5.534296123e+01 -5.534296123e+01 +3.6783e+00 +2.9394e+00 -2.3765e+00 +8.1303e-01 -2.4391e+00
332 0 +8.608763580e-02 -5.541391236e+01 -5.541391236e+01 +3.6783e+00 +2.9394e+00 -2.3765e+00 +8.1303e-01 -2.3765e+00
333 0 +7.576664079e-02 -5.542423336e+01 -5.542423336e+01 +3.6158e+00 +2.9394e+00 -2.3765e+00 +8.1303e-01 -2.3765e+00
355 0 +5.698592363e-02 -5.544301408e+01 -5.544301408e+01 +3.6158e+00 +2.9081e+00 -2.3765e+00 +8.1303e-01 -2.3765e+00
374 0 +5.499975102e-02 -5.544500025e+01 -5.544500025e+01 +3.6314e+00 +2.9081e+00 -2.3765e+00 +8.1303e-01 -2.3765e+00
375 0 +4.948843720e-02 -5.545051156e+01 -5.545051156e+01 +3.6314e+00 +2.8925e+00 -2.3765e+00 +8.1303e-01 -2.3765e+00
382 0 +4.216431033e-02 -5.545783569e+01 -5.545783569e+01 +3.6314e+00 +2.8925e+00 -2.3765e+00 +8.1303e-01 -2.3609e+00
412 0 +3.613631274e-02 -5.546386369e+01 -5.546386369e+01 +3.6314e+00 +2.8925e+00 -2.3609e+00 +8.1303e-01 -2.3531e+00
422 0 +2.815826765e-02 -5.547184173e+01 -5.547184173e+01 +3.6314e+00 +2.8925e+00 -2.3609e+00 +8.2084e-01 -2.3453e+00
482 0 +2.442667553e-02 -5.547557332e+01 -5.547557332e+01 +3.6314e+00 +2.8886e+00 -2.3609e+00 +8.2475e-01 -2.3394e+00
2362 0 +2.238610211e-02 -5.547761390e+01 -5.547761390e+01 +3.6319e+00 +2.8866e+00 -2.3578e+00 +8.2347e-01 -2.3345e+00
7672 0 +1.995070288e-02 -5.548004930e+01 -5.548004930e+01 +3.6334e+00 +2.8875e+00 -2.3538e+00 +8.2481e-01 -2.3298e+00
12674 0 +1.778263260e-02 -5.548221737e+01 -5.548221737e+01 +3.6354e+00 +2.8896e+00 -2.3499e+00 +8.2846e-01 -2.3259e+00
17818 0 +1.584851908e-02 -5.548415148e+01 -5.548415148e+01 +3.6359e+00 +2.8921e+00 -2.3460e+00 +8.3037e-01 -2.3220e+00
23326 0 +1.412531971e-02 -5.548587468e+01 -5.548587468e+01 +3.6362e+00 +2.8937e+00 -2.3425e+00 +8.3059e-01 -2.3178e+00
27142 0 +1.258705439e-02 -5.548741295e+01 -5.548741295e+01 +3.6359e+00 +2.8949e+00 -2.3401e+00 +8.3001e-01 -2.3149e+00
30292 0 +1.121873805e-02 -5.548878126e+01 -5.548878126e+01 +3.6368e+00 +2.8960e+00 -2.3379e+00 +8.3154e-01 -2.3125e+00
33179 0 +9.999721064e-03 -5.549000028e+01 -5.549000028e+01 +3.6366e+00 +2.8970e+00 -2.3360e+00 +8.3121e-01 -2.3103e+00
37652 0 +8.912263503e-03 -5.549108774e+01 -5.549108774e+01 +3.6370e+00 +2.8985e+00 -2.3330e+00 +8.3191e-01 -2.3069e+00
44052 0 +7.942816698e-03 -5.549205718e+01 -5.549205718e+01 +3.6376e+00 +2.9007e+00 -2.3287e+00 +8.3311e-01 -2.3020e+00
46382 0 +7.077960751e-03 -5.549292204e+01 -5.549292204e+01 +3.6378e+00 +2.9015e+00 -2.3271e+00 +8.3356e-01 -2.3002e+00
48102 0 +6.307057389e-03 -5.549369294e+01 -5.549369294e+01 +3.6379e+00 +2.9020e+00 -2.3261e+00 +8.3365e-01 -2.2989e+00
49712 0 +5.621621791e-03 -5.549437838e+01 -5.549437838e+01 +3.6379e+00 +2.9025e+00 -2.3250e+00 +8.3364e-01 -2.2977e+00
50000 0 +5.525199097e-03 -5.549447480e+01 -5.549447480e+01 +3.6380e+00 +2.9026e+00 -2.3248e+00 +8.3384e-01 -2.2974e+00
% f evaluations | g evaluations | best noise-free fitness - Fopt (-1.903800000000e+02) + sum g_i+ | measured fitness | best measured fitness or single-digit g-values | x1 | x2...
1 0 +5.580103945e+05 +5.578200145e+05 +5.578200145e+05 +0.0000e+00 +0.0000e+00 +0.0000e+00 +0.0000e+00 +0.0000e+00
2 0 +3.341006290e+05 +3.339102490e+05 +3.339102490e+05 -2.9289e+00 +0.0000e+00 +0.0000e+00 +0.0000e+00 +0.0000e+00
4 0 +2.534301999e+05 +2.532398199e+05 +2.532398199e+05 -4.5498e+00 -1.6209e+00 -1.6209e+00 -1.6209e+00 -1.6209e+00
16 0 +2.140524386e+05 +2.138620586e+05 +2.138620586e+05 -1.6209e+00 -1.6209e+00 -4.5498e+00 -1.6209e+00 -1.6209e+00
31 0 +1.562343418e+05 +1.560439618e+05 +1.560439618e+05 -1.6209e+00 -1.6209e+00 -1.6209e+00 -1.6209e+00 +1.3081e+00
163 0 +1.371524631e+05 +1.369620831e+05 +1.369620831e+05 -2.0013e+00 +1.0006e+00 -1.0006e+00 -1.0006e+00 +1.4269e+00
166 0 +1.237446173e+05 +1.235542373e+05 +1.235542373e+05 -2.0013e+00 +2.0013e+00 -1.0006e+00 -1.0006e+00 +1.4269e+00
167 0 +7.287480338e+04 +7.268442338e+04 +7.268442338e+04 -2.0013e+00 +2.0013e+00 -2.0013e+00 -1.0006e+00 +1.4269e+00
169 0 +5.393820343e+04 +5.374782343e+04 +5.374782343e+04 -2.0013e+00 +2.0013e+00 -2.0013e+00 -2.0013e+00 +1.4269e+00
172 0 +1.937441895e+04 +1.918403895e+04 +1.918403895e+04 -2.0013e+00 +2.0013e+00 -2.0013e+00 -2.0013e+00 +2.4275e+00
173 0 +1.694912714e+04 +1.675874714e+04 +1.675874714e+04 -3.0019e+00 +2.0013e+00 -2.0013e+00 -2.0013e+00 +2.4275e+00
176 0 +1.218780055e+04 +1.199742055e+04 +1.199742055e+04 -3.0019e+00 +3.0019e+00 -2.0013e+00 -2.0013e+00 +2.4275e+00
177 0 +1.272124680e+02 -6.316753200e+01 -6.316753200e+01 -3.0019e+00 +3.0019e+00 -3.0019e+00 -2.0013e+00 +2.4275e+00
179 0 +1.250942567e+01 -1.778705743e+02 -1.778705743e+02 -3.0019e+00 +3.0019e+00 -3.0019e+00 -3.0019e+00 +2.4275e+00
194 0 +8.316811140e+00 -1.820631889e+02 -1.820631889e+02 -2.5016e+00 +3.0019e+00 -3.0019e+00 -3.0019e+00 +2.4275e+00
200 0 +6.299916695e+00 -1.840800833e+02 -1.840800833e+02 -2.5016e+00 +3.0019e+00 -3.0019e+00 -2.5016e+00 +2.4275e+00
202 0 +5.555276748e+00 -1.848247233e+02 -1.848247233e+02 -2.5016e+00 +3.0019e+00 -3.0019e+00 -2.5016e+00 +2.9279e+00
204 0 +2.705759592e+00 -1.876742404e+02 -1.876742404e+02 -2.0013e+00 +3.0019e+00 -3.0019e+00 -2.5016e+00 +2.9279e+00
214 0 +7.295764049e-01 -1.896504236e+02 -1.896504236e+02 -1.5010e+00 +2.5016e+00 -3.0019e+00 -2.5016e+00 +2.9279e+00
240 0 +2.974072319e-01 -1.900825928e+02 -1.900825928e+02 -1.5010e+00 +2.5016e+00 -3.0019e+00 -2.2515e+00 +2.9279e+00
254 0 +1.406427793e-01 -1.902393572e+02 -1.902393572e+02 -1.3759e+00 +2.5016e+00 -3.0019e+00 -2.2515e+00 +2.9279e+00
275 0 +1.081210868e-01 -1.902718789e+02 -1.902718789e+02 -1.3759e+00 +2.4391e+00 -3.0019e+00 -2.2515e+00 +2.9279e+00
294 0 +8.026055156e-02 -1.902997394e+02 -1.902997394e+02 -1.3446e+00 +2.4391e+00 -3.0019e+00 -2.2515e+00 +2.9279e+00
334 0 +7.894065586e-02 -1.903010593e+02 -1.903010593e+02 -1.3368e+00 +2.4391e+00 -3.0019e+00 -2.2515e+00 +2.9357e+00
354 0 +6.924000123e-02 -1.903107600e+02 -1.903107600e+02 -1.3212e+00 +2.4313e+00 -3.0019e+00 -2.2515e+00 +2.9357e+00
364 0 +6.047534284e-02 -1.903195247e+02 -1.903195247e+02 -1.3134e+00 +2.4391e+00 -3.0019e+00 -2.2515e+00 +2.9357e+00
444 0 +5.603575261e-02 -1.903239642e+02 -1.903239642e+02 -1.3085e+00 +2.4391e+00 -3.0019e+00 -2.2515e+00 +2.9367e+00
510 0 +4.976473178e-02 -1.903302353e+02 -1.903302353e+02 -1.3026e+00 +2.4371e+00 -3.0029e+00 -2.2505e+00 +2.9386e+00
844 0 +4.466326716e-02 -1.903353367e+02 -1.903353367e+02 -1.2953e+00 +2.4340e+00 -3.0046e+00 -2.2488e+00 +2.9392e+00
2577 0 +3.980409212e-02 -1.903401959e+02 -1.903401959e+02 -1.2833e+00 +2.4207e+00 -3.0123e+00 -2.2411e+00 +2.9397e+00
3485 0 +3.547677734e-02 -1.903445232e+02 -1.903445232e+02 -1.2800e+00 +2.4154e+00 -3.0152e+00 -2.2382e+00 +2.9397e+00
4200 0 +3.161501179e-02 -1.903483850e+02 -1.903483850e+02 -1.2776e+00 +2.4114e+00 -3.0174e+00 -2.2360e+00 +2.9397e+00
4910 0 +2.818292623e-02 -1.903518171e+02 -1.903518171e+02 -1.2751e+00 +2.4073e+00 -3.0196e+00 -2.2338e+00 +2.9397e+00
5854 0 +2.510739973e-02 -1.903548926e+02 -1.903548926e+02 -1.2718e+00 +2.4021e+00 -3.0225e+00 -2.2309e+00 +2.9397e+00
7190 0 +2.238226225e-02 -1.903576177e+02 -1.903576177e+02 -1.2671e+00 +2.3946e+00 -3.0264e+00 -2.2272e+00 +2.9397e+00
8204 0 +1.994317928e-02 -1.903600568e+02 -1.903600568e+02 -1.2634e+00 +2.3889e+00 -3.0290e+00 -2.2251e+00 +2.9397e+00
8985 0 +1.777049029e-02 -1.903622295e+02 -1.903622295e+02 -1.2602e+00 +2.3844e+00 -3.0304e+00 -2.2248e+00 +2.9397e+00
9875 0 +1.583010013e-02 -1.903641699e+02 -1.903641699e+02 -1.2569e+00 +2.3795e+00 -3.0325e+00 -2.2233e+00 +2.9397e+00
10807 0 +1.411709742e-02 -1.903658829e+02 -1.903658829e+02 -1.2531e+00 +2.3745e+00 -3.0335e+00 -2.2245e+00 +2.9397e+00
11784 0 +1.258489957e-02 -1.903674151e+02 -1.903674151e+02 -1.2504e+00 +2.3709e+00 -3.0344e+00 -2.2246e+00 +2.9397e+00
12705 0 +1.121863897e-02 -1.903687814e+02 -1.903687814e+02 -1.2484e+00 +2.3680e+00 -3.0353e+00 -2.2245e+00 +2.9397e+00
13635 0 +9.999717955e-03 -1.903700003e+02 -1.903700003e+02 -1.2464e+00 +2.3652e+00 -3.0363e+00 -2.2241e+00 +2.9397e+00
15034 0 +8.911502576e-03 -1.903710885e+02 -1.903710885e+02 -1.2434e+00 +2.3609e+00 -3.0377e+00 -2.2238e+00 +2.9397e+00
17015 0 +7.943134720e-03 -1.903720569e+02 -1.903720569e+02 -1.2390e+00 +2.3549e+00 -3.0394e+00 -2.2237e+00 +2.9397e+00
17735 0 +7.073682492e-03 -1.903729263e+02 -1.903729263e+02 -1.2374e+00 +2.3527e+00 -3.0401e+00 -2.2238e+00 +2.9397e+00
18265 0 +6.306794999e-03 -1.903736932e+02 -1.903736932e+02 -1.2362e+00 +2.3510e+00 -3.0405e+00 -2.2239e+00 +2.9397e+00
18794 0 +5.617741048e-03 -1.903743823e+02 -1.903743823e+02 -1.2351e+00 +2.3495e+00 -3.0409e+00 -2.2239e+00 +2.9397e+00
19425 0 +5.007658927e-03 -1.903749923e+02 -1.903749923e+02 -1.2336e+00 +2.3475e+00 -3.0415e+00 -2.2239e+00 +2.9397e+00
21335 0 +4.465546382e-03 -1.903755345e+02 -1.903755345e+02 -1.2289e+00 +2.3419e+00 -3.0430e+00 -2.2249e+00 +2.9393e+00
21889 0 +3.979541412e-03 -1.903760205e+02 -1.903760205e+02 -1.2272e+00 +2.3402e+00 -3.0434e+00 -2.2256e+00 +2.9389e+00
22234 0 +3.547462371e-03 -1.903764525e+02 -1.903764525e+02 -1.2262e+00 +2.3391e+00 -3.0435e+00 -2.2261e+00 +2.9389e+00
22535 0 +3.160412078e-03 -1.903768396e+02 -1.903768396e+02 -1.2253e+00 +2.3382e+00 -3.0435e+00 -2.2266e+00 +2.9390e+00
22935 0 +2.817830047e-03 -1.903771822e+02 -1.903771822e+02 -1.2244e+00 +2.3370e+00 -3.0436e+00 -2.2269e+00 +2.9391e+00
23725 0 +2.511807788e-03 -1.903774882e+02 -1.903774882e+02 -1.2229e+00 +2.3346e+00 -3.0438e+00 -2.2277e+00 +2.9393e+00
24654 0 +2.237309601e-03 -1.903777627e+02 -1.903777627e+02 -1.2211e+00 +2.3317e+00 -3.0440e+00 -2.2286e+00 +2.9396e+00
25035 0 +1.993212610e-03 -1.903780068e+02 -1.903780068e+02 -1.2203e+00 +2.3306e+00 -3.0441e+00 -2.2290e+00 +2.9396e+00
25365 0 +1.775396552e-03 -1.903782246e+02 -1.903782246e+02 -1.2196e+00 +2.3296e+00 -3.0441e+00 -2.2293e+00 +2.9397e+00
25735 0 +1.583472729e-03 -1.903784165e+02 -1.903784165e+02 -1.2189e+00 +2.3285e+00 -3.0442e+00 -2.2296e+00 +2.9398e+00
26215 0 +1.410256367e-03 -1.903785897e+02 -1.903785897e+02 -1.2180e+00 +2.3271e+00 -3.0443e+00 -2.2301e+00 +2.9400e+00
26684 0 +1.257616596e-03 -1.903787424e+02 -1.903787424e+02 -1.2171e+00 +2.3258e+00 -3.0444e+00 -2.2304e+00 +2.9400e+00
27015 0 +1.121306703e-03 -1.903788787e+02 -1.903788787e+02 -1.2165e+00 +2.3248e+00 -3.0444e+00 -2.2308e+00 +2.9401e+00
27375 0 +9.997707866e-04 -1.903790002e+02 -1.903790002e+02 -1.2158e+00 +2.3237e+00 -3.0445e+00 -2.2312e+00 +2.9402e+00
27845 0 +8.904802258e-04 -1.903791095e+02 -1.903791095e+02 -1.2150e+00 +2.3225e+00 -3.0446e+00 -2.2315e+00 +2.9403e+00
28165 0 +7.939974649e-04 -1.903792060e+02 -1.903792060e+02 -1.2144e+00 +2.3215e+00 -3.0447e+00 -2.2318e+00 +2.9404e+00
28395 0 +7.073653478e-04 -1.903792926e+02 -1.903792926e+02 -1.2140e+00 +2.3209e+00 -3.0447e+00 -2.2320e+00 +2.9405e+00
28595 0 +6.286228044e-04 -1.903793714e+02 -1.903793714e+02 -1.2136e+00 +2.3204e+00 -3.0447e+00 -2.2323e+00 +2.9405e+00
28815 0 +5.610620730e-04 -1.903794389e+02 -1.903794389e+02 -1.2133e+00 +2.3198e+00 -3.0448e+00 -2.2323e+00 +2.9406e+00
29725 0 +5.010837175e-04 -1.903794989e+02 -1.903794989e+02 -1.2124e+00 +2.3184e+00 -3.0449e+00 -2.2327e+00 +2.9407e+00
30265 0 +4.458556465e-04 -1.903795541e+02 -1.903795541e+02 -1.2118e+00 +2.3176e+00 -3.0449e+00 -2.2330e+00 +2.9408e+00
30535 0 +3.973803136e-04 -1.903796026e+02 -1.903796026e+02 -1.2116e+00 +2.3172e+00 -3.0450e+00 -2.2331e+00 +2.9408e+00
30745 0 +3.542169418e-04 -1.903796458e+02 -1.903796458e+02 -1.2114e+00 +2.3169e+00 -3.0450e+00 -2.2332e+00 +2.9408e+00
30994 0 +3.160427516e-04 -1.903796840e+02 -1.903796840e+02 -1.2112e+00 +2.3166e+00 -3.0450e+00 -2.2333e+00 +2.9409e+00
31325 0 +2.813667298e-04 -1.903797186e+02 -1.903797186e+02 -1.2109e+00 +2.3161e+00 -3.0450e+00 -2.2335e+00 +2.9409e+00
32185 0 +2.509262474e-04 -1.903797491e+02 -1.903797491e+02 -1.2101e+00 +2.3149e+00 -3.0451e+00 -2.2338e+00 +2.9410e+00
32425 0 +2.229101810e-04 -1.903797771e+02 -1.903797771e+02 -1.2099e+00 +2.3146e+00 -3.0451e+00 -2.2339e+00 +2.9410e+00
32614 0 +1.990102685e-04 -1.903798010e+02 -1.903798010e+02 -1.2098e+00 +2.3144e+00 -3.0451e+00 -2.2340e+00 +2.9411e+00
32785 0 +1.771035155e-04 -1.903798229e+02 -1.903798229e+02 -1.2096e+00 +2.3141e+00 -3.0452e+00 -2.2341e+00 +2.9411e+00
32984 0 +1.582995963e-04 -1.903798417e+02 -1.903798417e+02 -1.2094e+00 +2.3138e+00 -3.0452e+00 -2.2342e+00 +2.9411e+00
33615 0 +1.411034347e-04 -1.903798589e+02 -1.903798589e+02 -1.2090e+00 +2.3132e+00 -3.0452e+00 -2.2344e+00 +2.9411e+00
34115 0 +1.255236712e-04 -1.903798745e+02 -1.903798745e+02 -1.2087e+00 +2.3128e+00 -3.0453e+00 -2.2345e+00 +2.9412e+00
34445 0 +1.121103757e-04 -1.903798879e+02 -1.903798879e+02 -1.2086e+00 +2.3126e+00 -3.0453e+00 -2.2346e+00 +2.9412e+00
34755 0 +9.975473293e-05 -1.903799002e+02 -1.903799002e+02 -1.2084e+00 +2.3124e+00 -3.0453e+00 -2.2346e+00 +2.9412e+00
35135 0 +8.903124566e-05 -1.903799110e+02 -1.903799110e+02 -1.2083e+00 +2.3121e+00 -3.0453e+00 -2.2347e+00 +2.9412e+00
35555 0 +7.932829013e-05 -1.903799207e+02 -1.903799207e+02 -1.2081e+00 +2.3118e+00 -3.0453e+00 -2.2348e+00 +2.9413e+00
35875 0 +7.060738417e-05 -1.903799294e+02 -1.903799294e+02 -1.2080e+00 +2.3116e+00 -3.0454e+00 -2.2349e+00 +2.9413e+00
36145 0 +6.297118895e-05 -1.903799370e+02 -1.903799370e+02 -1.2078e+00 +2.3114e+00 -3.0454e+00 -2.2349e+00 +2.9413e+00
36505 0 +5.621678739e-05 -1.903799438e+02 -1.903799438e+02 -1.2077e+00 +2.3112e+00 -3.0454e+00 -2.2350e+00 +2.9413e+00
36975 0 +5.009726593e-05 -1.903799499e+02 -1.903799499e+02 -1.2075e+00 +2.3109e+00 -3.0454e+00 -2.2351e+00 +2.9414e+00
37375 0 +4.460963095e-05 -1.903799554e+02 -1.903799554e+02 -1.2074e+00 +2.3107e+00 -3.0454e+00 -2.2351e+00 +2.9414e+00
37695 0 +3.980734382e-05 -1.903799602e+02 -1.903799602e+02 -1.2073e+00 +2.3106e+00 -3.0454e+00 -2.2352e+00 +2.9414e+00
37984 0 +3.546593385e-05 -1.903799645e+02 -1.903799645e+02 -1.2072e+00 +2.3105e+00 -3.0454e+00 -2.2352e+00 +2.9414e+00
38335 0 +3.157179810e-05 -1.903799684e+02 -1.903799684e+02 -1.2072e+00 +2.3104e+00 -3.0454e+00 -2.2353e+00 +2.9414e+00
39304 0 +2.815912083e-05 -1.903799718e+02 -1.903799718e+02 -1.2069e+00 +2.3101e+00 -3.0455e+00 -2.2354e+00 +2.9414e+00
39595 0 +2.507320320e-05 -1.903799749e+02 -1.903799749e+02 -1.2069e+00 +2.3100e+00 -3.0455e+00 -2.2354e+00 +2.9414e+00
39805 0 +2.231696436e-05 -1.903799777e+02 -1.903799777e+02 -1.2068e+00 +2.3099e+00 -3.0455e+00 -2.2354e+00 +2.9414e+00
39975 0 +1.982237552e-05 -1.903799802e+02 -1.903799802e+02 -1.2068e+00 +2.3098e+00 -3.0455e+00 -2.2354e+00 +2.9414e+00
40174 0 +1.777849872e-05 -1.903799822e+02 -1.903799822e+02 -1.2067e+00 +2.3097e+00 -3.0455e+00 -2.2355e+00 +2.9414e+00
40615 0 +1.584493648e-05 -1.903799842e+02 -1.903799842e+02 -1.2066e+00 +2.3096e+00 -3.0455e+00 -2.2355e+00 +2.9415e+00
41085 0 +1.410335031e-05 -1.903799859e+02 -1.903799859e+02 -1.2065e+00 +2.3094e+00 -3.0455e+00 -2.2356e+00 +2.9415e+00
41334 0 +1.257472303e-05 -1.903799874e+02 -1.903799874e+02 -1.2065e+00 +2.3093e+00 -3.0455e+00 -2.2356e+00 +2.9415e+00
41605 0 +1.121783336e-05 -1.903799888e+02 -1.903799888e+02 -1.2064e+00 +2.3093e+00 -3.0455e+00 -2.2356e+00 +2.9415e+00
41915 0 +9.998387213e-06 -1.903799900e+02 -1.903799900e+02 -1.2064e+00 +2.3092e+00 -3.0455e+00 -2.2356e+00 +2.9415e+00
42364 0 +8.911361164e-06 -1.903799911e+02 -1.903799911e+02 -1.2064e+00 +2.3092e+00 -3.0455e+00 -2.2356e+00 +2.9415e+00
43009 0 +7.939957356e-06 -1.903799921e+02 -1.903799921e+02 -1.2063e+00 +2.3091e+00 -3.0455e+00 -2.2357e+00 +2.9415e+00
43394 0 +7.069204969e-06 -1.903799929e+02 -1.903799929e+02 -1.2062e+00 +2.3090e+00 -3.0455e+00 -2.2357e+00 +2.9415e+00
43675 0 +6.286826334e-06 -1.903799937e+02 -1.903799937e+02 -1.2062e+00 +2.3089e+00 -3.0455e+00 -2.2357e+00 +2.9415e+00
43985 0 +5.619013166e-06 -1.903799944e+02 -1.903799944e+02 -1.2062e+00 +2.3089e+00 -3.0455e+00 -2.2357e+00 +2.9415e+00
44354 0 +5.004235874e-06 -1.903799950e+02 -1.903799950e+02 -1.2061e+00 +2.3088e+00 -3.0455e+00 -2.2357e+00 +2.9415e+00
44624 0 +4.463332772e-06 -1.903799955e+02 -1.903799955e+02 -1.2061e+00 +2.3088e+00 -3.0455e+00 -2.2358e+00 +2.9415e+00
44825 0 +3.976820977e-06 -1.903799960e+02 -1.903799960e+02 -1.2061e+00 +2.3087e+00 -3.0456e+00 -2.2358e+00 +2.9415e+00
45039 0 +3.546063766e-06 -1.903799965e+02 -1.903799965e+02 -1.2061e+00 +2.3087e+00 -3.0456e+00 -2.2358e+00 +2.9415e+00
45435 0 +3.159148747e-06 -1.903799968e+02 -1.903799968e+02 -1.2060e+00 +2.3086e+00 -3.0456e+00 -2.2358e+00 +2.9415e+00
46005 0 +2.813942928e-06 -1.903799972e+02 -1.903799972e+02 -1.2060e+00 +2.3086e+00 -3.0456e+00 -2.2358e+00 +2.9415e+00
46295 0 +2.510289789e-06 -1.903799975e+02 -1.903799975e+02 -1.2060e+00 +2.3086e+00 -3.0456e+00 -2.2358e+00 +2.9416e+00
46535 0 +2.227898079e-06 -1.903799978e+02 -1.903799978e+02 -1.2059e+00 +2.3085e+00 -3.0456e+00 -2.2358e+00 +2.9416e+00
46784 0 +1.991868459e-06 -1.903799980e+02 -1.903799980e+02 -1.2059e+00 +2.3085e+00 -3.0456e+00 -2.2358e+00 +2.9416e+00
47155 0 +1.775777292e-06 -1.903799982e+02 -1.903799982e+02 -1.2059e+00 +2.3085e+00 -3.0456e+00 -2.2358e+00 +2.9416e+00
47935 0 +1.582567108e-06 -1.903799984e+02 -1.903799984e+02 -1.2059e+00 +2.3084e+00 -3.0456e+00 -2.2359e+00 +2.9416e+00
48155 0 +1.411566444e-06 -1.903799986e+02 -1.903799986e+02 -1.2059e+00 +2.3084e+00 -3.0456e+00 -2.2359e+00 +2.9416e+00
48304 0 +1.258023559e-06 -1.903799987e+02 -1.903799987e+02 -1.2058e+00 +2.3084e+00 -3.0456e+00 -2.2359e+00 +2.9416e+00
48444 0 +1.121771362e-06 -1.903799989e+02 -1.903799989e+02 -1.2058e+00 +2.3084e+00 -3.0456e+00 -2.2359e+00 +2.9416e+00
48745 0 +9.996880408e-07 -1.903799990e+02 -1.903799990e+02 -1.2058e+00 +2.3084e+00 -3.0456e+00 -2.2359e+00 +2.9416e+00
49795 0 +8.905597042e-07 -1.903799991e+02 -1.903799991e+02 -1.2058e+00 +2.3083e+00 -3.0456e+00 -2.2359e+00 +2.9416e+00
50000 0 +8.580854853e-07 -1.903799991e+02 -1.903799991e+02 -1.2058e+00 +2.3083e+00 -3.0456e+00 -2.2359e+00 +2.9416e+00
