% f evaluations | g evaluations | best noise-free fitness - Fopt (3.590000000000e+01) + sum g_i+ | measured fitness | best measured fitness or single-digit g-values | x1 | x2...
1 0 +3.170744060e+05 +3.171103060e+05 +3.171103060e+05
5 0 +2.540316677e+05 +2.540675677e+05 +2.540675677e+05
11 0 +2.471465865e+05 +2.471824865e+05 +2.471824865e+05
17 0 +1.507589576e+05 +1.507948576e+05 +1.507948576e+05
313 0 +1.266038459e+05 +1.266397459e+05 +1.266397459e+05
315 0 +1.080288080e+05 +1.080647080e+05 +1.080647080e+05
319 0 +8.045927507e+04 +8.049517507e+04 +8.049517507e+04
322 0 +6.893168136e+04 +6.896758136e+04 +6.896758136e+04
324 0 +6.298377937e+04 +6.301967937e+04 +6.301967937e+04
326 0 +5.459042386e+04 +5.462632386e+04 +5.462632386e+04
328 0 +3.153363853e+04 +3.156953853e+04 +3.156953853e+04
329 0 +1.866283813e+04 +1.869873813e+04 +1.869873813e+04
331 0 +1.714253407e+04 +1.717843407e+04 +1.717843407e+04
333 0 +6.545724883e+03 +6.581624883e+03 +6.581624883e+03
335 0 +3.021794940e+03 +3.057694940e+03 +3.057694940e+03
339 0 +2.147554762e+02 +2.506554762e+02 +2.506554762e+02
342 0 +8.598716139e+01 +1.218871614e+02 +1.218871614e+02
352 0 +7.877050013e+01 +1.146705001e+02 +1.146705001e+02
361 0 +5.872332583e+01 +9.462332583e+01 +9.462332583e+01
370 0 +4.674989021e+01 +8.264989021e+01 +8.264989021e+01
377 0 +4.218626114e+01 +7.808626114e+01 +7.808626114e+01
381 0 +2.740026916e+01 +6.330026916e+01 +6.330026916e+01
390 0 +2.329992683e+01 +5.919992683e+01 +5.919992683e+01
421 0 +1.293198702e+01 +4.883198702e+01 +4.883198702e+01
425 0 +9.172051158e+00 +4.507205116e+01 +4.507205116e+01
464 0 +8.829597425e+00 +4.472959743e+01 +4.472959743e+01
465 0 +7.732334550e+00 +4.363233455e+01 +4.363233455e+01
521 0 +6.265239513e+00 +4.216523951e+01 +4.216523951e+01
617 0 +5.579459642e+00 +4.147945964e+01 +4.147945964e+01
629 0 +4.999618462e+00 +4.089961846e+01 +4.089961846e+01
641 0 +4.464064093e+00 +4.036406409e+01 +4.036406409e+01
681 0 +3.776059378e+00 +3.967605938e+01 +3.967605938e+01
921 0 +3.546132583e+00 +3.944613258e+01 +3.944613258e+01
1641 0 +3.161420364e+00 +3.906142036e+01 +3.906142036e+01
2381 0 +2.816093924e+00 +3.871609392e+01 +3.871609392e+01
3361 0 +2.510586654e+00 +3.841058665e+01 +3.841058665e+01
4561 0 +2.236267340e+00 +3.813626734e+01 +3.813626734e+01
5505 0 +1.995040371e+00 +3.789504037e+01 +3.789504037e+01
6221 0 +1.777229010e+00 +3.767722901e+01 +3.767722901e+01
6961 0 +1.583122483e+00 +3.748312248e+01 +3.748312248e+01
8064 0 +1.412218871e+00 +3.731221887e+01 +3.731221887e+01
10301 0 +1.258115939e+00 +3.715811594e+01 +3.715811594e+01
10961 0 +1.120912117e+00 +3.702091212e+01 +3.702091212e+01
11441 0 +9.992223580e-01 +3.689922236e+01 +3.689922236e+01
11941 0 +8.891748745e-01 +3.678917487e+01 +3.678917487e+01
12531 0 +7.942824151e-01 +3.669428242e+01 +3.669428242e+01
14426 0 +7.078212120e-01 +3.660782121e+01 +3.660782121e+01
15701 0 +6.299939557e-01 +3.652999396e+01 +3.652999396e+01
16541 0 +5.611806800e-01 +3.646118068e+01 +3.646118068e+01
17301 0 +4.998802936e-01 +3.639988029e+01 +3.639988029e+01
18161 0 +4.465480458e-01 +3.634654805e+01 +3.634654805e+01
19541 0 +3.977266705e-01 +3.629772667e+01 +3.629772667e+01
21661 0 +3.546141653e-01 +3.625461417e+01 +3.625461417e+01
23221 0 +3.160294700e-01 +3.621602947e+01 +3.621602947e+01
24681 0 +2.815114865e-01 +3.618151149e+01 +3.618151149e+01
26261 0 +2.509510388e-01 +3.615095104e+01 +3.615095104e+01
27881 0 +2.238172405e-01 +3.612381724e+01 +3.612381724e+01
29121 0 +1.993265048e-01 +3.609932650e+01 +3.609932650e+01
30161 0 +1.775624005e-01 +3.607756240e+01 +3.607756240e+01
31361 0 +1.584679214e-01 +3.605846792e+01 +3.605846792e+01
33404 0 +1.412418046e-01 +3.604124180e+01 +3.604124180e+01
34421 0 +1.256357561e-01 +3.602563576e+01 +3.602563576e+01
35061 0 +1.120073472e-01 +3.601200735e+01 +3.601200735e+01
35601 0 +9.995454882e-02 +3.599995455e+01 +3.599995455e+01
36221 0 +8.887396818e-02 +3.598887397e+01 +3.598887397e+01
39521 0 +7.941501553e-02 +3.597941502e+01 +3.597941502e+01
41761 0 +7.074449094e-02 +3.597074449e+01 +3.597074449e+01
42641 0 +6.308020255e-02 +3.596308020e+01 +3.596308020e+01
43381 0 +5.619339616e-02 +3.595619340e+01 +3.595619340e+01
44161 0 +5.007611268e-02 +3.595007611e+01 +3.595007611e+01
45321 0 +4.465673868e-02 +3.594465674e+01 +3.594465674e+01
48401 0 +3.979603420e-02 +3.593979603e+01 +3.593979603e+01
50121 0 +3.546983255e-02 +3.593546983e+01 +3.593546983e+01
51421 0 +3.161852853e-02 +3.593161853e+01 +3.593161853e+01
52741 0 +2.814101353e-02 +3.592814101e+01 +3.592814101e+01
54421 0 +2.509666870e-02 +3.592509667e+01 +3.592509667e+01
56721 0 +2.238200644e-02 +3.592238201e+01 +3.592238201e+01
58441 0 +1.992982554e-02 +3.591992983e+01 +3.591992983e+01
59781 0 +1.776615189e-02 +3.591776615e+01 +3.591776615e+01
61281 0 +1.584233601e-02 +3.591584234e+01 +3.591584234e+01
62781 0 +1.412365716e-02 +3.591412366e+01 +3.591412366e+01
63841 0 +1.258051535e-02 +3.591258052e+01 +3.591258052e+01
64661 0 +1.120889681e-02 +3.591120890e+01 +3.591120890e+01
65481 0 +9.993034099e-03 +3.590999303e+01 +3.590999303e+01
66721 0 +8.910638308e-03 +3.590891064e+01 +3.590891064e+01
68461 0 +7.930483895e-03 +3.590793048e+01 +3.590793048e+01
69121 0 +7.067160358e-03 +3.590706716e+01 +3.590706716e+01
69841 0 +6.304207676e-03 +3.590630421e+01 +3.590630421e+01
70701 0 +5.622574688e-03 +3.590562257e+01 +3.590562257e+01
71761 0 +5.009425397e-03 +3.590500943e+01 +3.590500943e+01
75065 0 +4.466184556e-03 +3.590446618e+01 +3.590446618e+01
76141 0 +3.979001129e-03 +3.590397900e+01 +3.590397900e+01
76821 0 +3.542279893e-03 +3.590354228e+01 +3.590354228e+01
77881 0 +3.159658874e-03 +3.590315966e+01 +3.590315966e+01
79281 0 +2.815501146e-03 +3.590281550e+01 +3.590281550e+01
82021 0 +2.511587641e-03 +3.590251159e+01 +3.590251159e+01
85221 0 +2.236477125e-03 +3.590223648e+01 +3.590223648e+01
86581 0 +1.995055502e-03 +3.590199506e+01 +3.590199506e+01
87761 0 +1.775571083e-03 +3.590177557e+01 +3.590177557e+01
89061 0 +1.583738645e-03 +3.590158374e+01 +3.590158374e+01
90691 0 +1.412467704e-03 +3.590141247e+01 +3.590141247e+01
92321 0 +1.257985833e-03 +3.590125799e+01 +3.590125799e+01
93501 0 +1.120795067e-03 +3.590112080e+01 +3.590112080e+01
94661 0 +9.998674722e-04 +3.590099987e+01 +3.590099987e+01
96101 0 +8.906921189e-04 +3.590089069e+01 +3.590089069e+01
97201 0 +7.938941761e-04 +3.590079389e+01 +3.590079389e+01
97921 0 +7.075335649e-04 +3.590070753e+01 +3.590070753e+01
98581 0 +6.302401209e-04 +3.590063024e+01 +3.590063024e+01
99261 0 +5.622971226e-04 +3.590056230e+01 +3.590056230e+01
100000 0 +5.208320578e-04 +3.590052083e+01 +3.590052083e+01
% f evaluations | g evaluations | best noise-free fitness - Fopt (3.137000000000e+01) + sum g_i+ | measured fitness | best measured fitness or single-digit g-values | x1 | x2...
1 0 +1.676612833e+05 +1.676926533e+05 +1.676926533e+05
14 0 +1.165776820e+05 +1.166090520e+05 +1.166090520e+05
26 0 +1.034119763e+05 +1.034433463e+05 +1.034433463e+05
47 0 +6.900434407e+04 +6.903571407e+04 +6.903571407e+04
318 0 +4.770183194e+04 +4.773320194e+04 +4.773320194e+04
320 0 +3.264713756e+04 +3.267850756e+04 +3.267850756e+04
330 0 +3.057977925e+04 +3.061114925e+04 +3.061114925e+04
331 0 +1.128544473e+04 +1.131681473e+04 +1.131681473e+04
333 0 +8.460251394e+03 +8.491621394e+03 +8.491621394e+03
338 0 +1.042323328e+03 +1.073693328e+03 +1.073693328e+03
351 0 +6.968629632e+02 +7.282329632e+02 +7.282329632e+02
366 0 +4.908744238e+01 +8.045744238e+01 +8.045744238e+01
370 0 +3.766718330e+01 +6.903718330e+01 +6.903718330e+01
465 0 +3.522671911e+01 +6.659671911e+01 +6.659671911e+01
592 0 +3.155936814e+01 +6.292936814e+01 +6.292936814e+01
1095 0 +2.809680963e+01 +5.946680963e+01 +5.946680963e+01
2094 0 +2.511733802e+01 +5.648733802e+01 +5.648733802e+01
5007 0 +2.238565917e+01 +5.375565917e+01 +5.375565917e+01
7172 0 +1.995029682e+01 +5.132029682e+01 +5.132029682e+01
8895 0 +1.777309096e+01 +4.914309096e+01 +4.914309096e+01
10514 0 +1.584368912e+01 +4.721368912e+01 +4.721368912e+01
12275 0 +1.412055501e+01 +4.549055501e+01 +4.549055501e+01
16278 0 +1.258913698e+01 +4.395913698e+01 +4.395913698e+01
21455 0 +1.121886798e+01 +4.258886798e+01 +4.258886798e+01
23272 0 +9.999160056e+00 +4.136916006e+01 +4.136916006e+01
24762 0 +8.911512258e+00 +4.028151226e+01 +4.028151226e+01
26355 0 +7.943090391e+00 +3.931309039e+01 +3.931309039e+01
31147 0 +7.078194230e+00 +3.844819423e+01 +3.844819423e+01
43055 0 +6.309522844e+00 +3.767952284e+01 +3.767952284e+01
51175 0 +5.623307265e+00 +3.699330727e+01 +3.699330727e+01
57195 0 +5.011261057e+00 +3.638126106e+01 +3.638126106e+01
63435 0 +4.466337627e+00 +3.583633763e+01 +3.583633763e+01
70754 0 +3.980900094e+00 +3.535090009e+01 +3.535090009e+01
77417 0 +3.547986135e+00 +3.491798613e+01 +3.491798613e+01
82615 0 +3.161900750e+00 +3.453190075e+01 +3.453190075e+01
87635 0 +2.818253346e+00 +3.418825335e+01 +3.418825335e+01
94947 0 +2.511732356e+00 +3.388173236e+01 +3.388173236e+01
100000 0 +2.297816554e+00 +3.366781655e+01 +3.366781655e+01
% f evaluations | g evaluations | best noise-free fitness - Fopt (-1.000000000000e+03) + sum g_i+ | measured fitness | best measured fitness or single-digit g-values | x1 | x2...
1 0 +3.033745582e+05 +3.023745582e+05 +3.023745582e+05
2 0 +2.802768384e+05 +2.792768384e+05 +2.792768384e+05
19 0 +2.473202496e+05 +2.463202496e+05 +2.463202496e+05
25 0 +1.481408589e+05 +1.471408589e+05 +1.471408589e+05
317 0 +1.286347758e+05 +1.276347758e+05 +1.276347758e+05
319 0 +1.172511401e+05 +1.162511401e+05 +1.162511401e+05
322 0 +9.014176250e+04 +8.914176250e+04 +8.914176250e+04
325 0 +6.918838223e+04 +6.818838223e+04 +6.818838223e+04
330 0 +4.650598531e+04 +4.550598531e+04 +4.550598531e+04
331 0 +3.515608122e+04 +3.415608122e+04 +3.415608122e+04
342 0 +1.682633669e+04 +1.582633669e+04 +1.582633669e+04
344 0 +1.423668175e+04 +1.323668175e+04 +1.323668175e+04
345 0 +9.876256333e+03 +8.876256333e+03 +8.876256333e+03
348 0 +6.519543067e+03 +5.519543067e+03 +5.519543067e+03
354 0 +6.104209098e+03 +5.104209098e+03 +5.104209098e+03
357 0 +4.153272595e+03 +3.153272595e+03 +3.153272595e+03
362 0 +3.699085413e+03 +2.699085413e+03 +2.699085413e+03
368 0 +3.537196610e+03 +2.537196610e+03 +2.537196610e+03
370 0 +7.383343083e+02 -2.616656917e+02 -2.616656917e+02
372 0 +1.334931165e+02 -8.665068835e+02 -8.665068835e+02
376 0 +2.036553227e+01 -9.796344677e+02 -9.796344677e+02
377 0 +1.474344409e+01 -9.852565559e+02 -9.852565559e+02
384 0 +1.304308009e+01 -9.869569199e+02 -9.869569199e+02
447 0 +1.257324962e+01 -9.874267504e+02 -9.874267504e+02
452 0 +1.006362037e+01 -9.899363796e+02 -9.899363796e+02
454 0 +7.890263027e+00 -9.921097370e+02 -9.921097370e+02
461 0 +5.846692298e+00 -9.941533077e+02 -9.941533077e+02
474 0 +5.086861720e+00 -9.949131383e+02 -9.949131383e+02
515 0 +4.105924167e+00 -9.958940758e+02 -9.958940758e+02
521 0 +3.172206414e+00 -9.968277936e+02 -9.968277936e+02
525 0 +3.021571119e+00 -9.969784289e+02 -9.969784289e+02
535 0 +2.607995875e+00 -9.973920041e+02 -9.973920041e+02
541 0 +1.685083446e+00 -9.983149166e+02 -9.983149166e+02
567 0 +1.581021131e+00 -9.984189789e+02 -9.984189789e+02
581 0 +1.304067651e+00 -9.986959323e+02 -9.986959323e+02
601 0 +9.105837240e-01 -9.990894163e+02 -9.990894163e+02
603 0 +8.603796698e-01 -9.991396203e+02 -9.991396203e+02
615 0 +7.471832827e-01 -9.992528167e+02 -9.992528167e+02
661 0 +6.738383292e-01 -9.993261617e+02 -9.993261617e+02
681 0 +4.740757247e-01 -9.995259243e+02 -9.995259243e+02
721 0 +4.067691449e-01 -9.995932309e+02 -9.995932309e+02
741 0 +3.800335692e-01 -9.996199664e+02 -9.996199664e+02
761 0 +3.276262602e-01 -9.996723737e+02 -9.996723737e+02
778 0 +3.159445090e-01 -9.996840555e+02 -9.996840555e+02
781 0 +2.711491978e-01 -9.997288508e+02 -9.997288508e+02
801 0 +2.291784054e-01 -9.997708216e+02 -9.997708216e+02
821 0 +1.941048444e-01 -9.998058952e+02 -9.998058952e+02
861 0 +1.554366229e-01 -9.998445634e+02 -9.998445634e+02
901 0 +1.389218441e-01 -9.998610782e+02 -9.998610782e+02
921 0 +1.212860672e-01 -9.998787139e+02 -9.998787139e+02
1001 0 +1.092066741e-01 -9.998907933e+02 -9.998907933e+02
1032 0 +9.651072516e-02 -9.999034893e+02 -9.999034893e+02
1061 0 +8.603902095e-02 -9.999139610e+02 -9.999139610e+02
1161 0 +7.881274603e-02 -9.999211873e+02 -9.999211873e+02
1301 0 +6.904623635e-02 -9.999309538e+02 -9.999309538e+02
1364 0 +6.245903477e-02 -9.999375410e+02 -9.999375410e+02
1412 0 +5.563178766e-02 -9.999443682e+02 -9.999443682e+02
1601 0 +4.998987801e-02 -9.999500101e+02 -9.999500101e+02
1903 0 +4.465482358e-02 -9.999553452e+02 -9.999553452e+02
2841 0 +3.974676749e-02 -9.999602532e+02 -9.999602532e+02
3241 0 +3.545050892e-02 -9.999645495e+02 -9.999645495e+02
3621 0 +3.158476746e-02 -9.999684152e+02 -9.999684152e+02
4001 0 +2.809146916e-02 -9.999719085e+02 -9.999719085e+02
4381 0 +2.508024938e-02 -9.999749198e+02 -9.999749198e+02
4881 0 +2.238091371e-02 -9.999776191e+02 -9.999776191e+02
5321 0 +1.984245200e-02 -9.999801575e+02 -9.999801575e+02
5641 0 +1.777275337e-02 -9.999822272e+02 -9.999822272e+02
6021 0 +1.579048789e-02 -9.999842095e+02 -9.999842095e+02
6381 0 +1.404297133e-02 -9.999859570e+02 -9.999859570e+02
6641 0 +1.255698202e-02 -9.999874430e+02 -9.999874430e+02
6841 0 +1.120162522e-02 -9.999887984e+02 -9.999887984e+02
7061 0 +9.925193379e-03 -9.999900748e+02 -9.999900748e+02
7381 0 +8.879597088e-03 -9.999911204e+02 -9.999911204e+02
7821 0 +7.937199911e-03 -9.999920628e+02 -9.999920628e+02
7981 0 +7.075899187e-03 -9.999929241e+02 -9.999929241e+02
8101 0 +6.287849710e-03 -9.999937122e+02 -9.999937122e+02
8221 0 +5.600795655e-03 -9.999943992e+02 -9.999943992e+02
8361 0 +4.989302317e-03 -9.999950107e+02 -9.999950107e+02
8801 0 +4.457068998e-03 -9.999955429e+02 -9.999955429e+02
8941 0 +3.911022567e-03 -9.999960890e+02 -9.999960890e+02
9021 0 +3.532819291e-03 -9.999964672e+02 -9.999964672e+02
9101 0 +3.146969551e-03 -9.999968530e+02 -9.999968530e+02
9201 0 +2.787613863e-03 -9.999972124e+02 -9.999972124e+02
9381 0 +2.505079043e-03 -9.999974949e+02 -9.999974949e+02
9581 0 +2.226454231e-03 -9.999977735e+02 -9.999977735e+02
9681 0 +1.953809161e-03 -9.999980462e+02 -9.999980462e+02
9752 0 +1.758517101e-03 -9.999982415e+02 -9.999982415e+02
9832 0 +1.578042866e-03 -9.999984220e+02 -9.999984220e+02
9941 0 +1.394430925e-03 -9.999986056e+02 -9.999986056e+02
10021 0 +1.257067830e-03 -9.999987429e+02 -9.999987429e+02
10101 0 +1.110929992e-03 -9.999988891e+02 -9.999988891e+02
10181 0 +9.785461810e-04 -9.999990215e+02 -9.999990215e+02
10281 0 +8.804587783e-04 -9.999991195e+02 -9.999991195e+02
10359 0 +7.941845226e-04 -9.999992058e+02 -9.999992058e+02
10401 0 +6.768403140e-04 -9.999993232e+02 -9.999993232e+02
10441 0 +6.126307348e-04 -9.999993874e+02 -9.999993874e+02
10481 0 +5.616112506e-04 -9.999994384e+02 -9.999994384e+02
10561 0 +5.002085595e-04 -9.999994998e+02 -9.999994998e+02
10641 0 +4.286108813e-04 -9.999995714e+02 -9.999995714e+02
10661 0 +3.850316307e-04 -9.999996150e+02 -9.999996150e+02
10681 0 +3.455764484e-04 -9.999996544e+02 -9.999996544e+02
10701 0 +3.124776568e-04 -9.999996875e+02 -9.999996875e+02
10741 0 +2.803855621e-04 -9.999997196e+02 -9.999997196e+02
10821 0 +2.505780204e-04 -9.999997494e+02 -9.999997494e+02
10861 0 +2.087392869e-04 -9.999997913e+02 -9.999997913e+02
10881 0 +1.864097869e-04 -9.999998136e+02 -9.999998136e+02
10901 0 +1.639784923e-04 -9.999998360e+02 -9.999998360e+02
10912 0 +1.582407185e-04 -9.999998418e+02 -9.999998418e+02
10961 0 +1.394037774e-04 -9.999998606e+02 -9.999998606e+02
10992 0 +1.242732129e-04 -9.999998757e+02 -9.999998757e+02
11001 0 +1.113034371e-04 -9.999998887e+02 -9.999998887e+02
11021 0 +9.574202625e-05 -9.999999043e+02 -9.999999043e+02
11041 0 +8.773604554e-05 -9.999999123e+02 -9.999999123e+02
11072 0 +7.523369322e-05 -9.999999248e+02 -9.999999248e+02
11081 0 +6.650595196e-05 -9.999999335e+02 -9.999999335e+02
11101 0 +5.876131661e-05 -9.999999412e+02 -9.999999412e+02
11141 0 +5.405719435e-05 -9.999999459e+02 -9.999999459e+02
11161 0 +4.929425063e-05 -9.999999507e+02 -9.999999507e+02
11181 0 +4.304611491e-05 -9.999999570e+02 -9.999999570e+02
11201 0 +3.783888269e-05 -9.999999622e+02 -9.999999622e+02
11221 0 +3.366117085e-05 -9.999999663e+02 -9.999999663e+02
11241 0 +3.091091037e-05 -9.999999691e+02 -9.999999691e+02
11299 0 +2.772798337e-05 -9.999999723e+02 -9.999999723e+02
11301 0 +2.421164231e-05 -9.999999758e+02 -9.999999758e+02
11321 0 +1.970995686e-05 -9.999999803e+02 -9.999999803e+02
11341 0 +1.631396094e-05 -9.999999837e+02 -9.999999837e+02
11381 0 +1.579555590e-05 -9.999999842e+02 -9.999999842e+02
11421 0 +1.407104514e-05 -9.999999859e+02 -9.999999859e+02
11441 0 +1.197536358e-05 -9.999999880e+02 -9.999999880e+02
11461 0 +1.057708823e-05 -9.999999894e+02 -9.999999894e+02
11481 0 +9.528282703e-06 -9.999999905e+02 -9.999999905e+02
11501 0 +8.896403074e-06 -9.999999911e+02 -9.999999911e+02
11532 0 +7.942088700e-06 -9.999999921e+02 -9.999999921e+02
11541 0 +6.893560794e-06 -9.999999931e+02 -9.999999931e+02
11561 0 +5.864688660e-06 -9.999999941e+02 -9.999999941e+02
11581 0 +5.193718494e-06 -9.999999948e+02 -9.999999948e+02
11601 0 +4.592333994e-06 -9.999999954e+02 -9.999999954e+02
11621 0 +3.962915457e-06 -9.999999960e+02 -9.999999960e+02
11661 0 +3.390507118e-06 -9.999999966e+02 -9.999999966e+02
11739 0 +3.152774639e-06 -9.999999968e+02 -9.999999968e+02
11781 0 +2.756797016e-06 -9.999999972e+02 -9.999999972e+02
11801 0 +2.484958486e-06 -9.999999975e+02 -9.999999975e+02
11841 0 +2.109292495e-06 -9.999999979e+02 -9.999999979e+02
11861 0 +1.953026526e-06 -9.999999980e+02 -9.999999980e+02
11901 0 +1.776160730e-06 -9.999999982e+02 -9.999999982e+02
11981 0 +1.565197636e-06 -9.999999984e+02 -9.999999984e+02
12001 0 +1.352818572e-06 -9.999999986e+02 -9.999999986e+02
12021 0 +1.203051170e-06 -9.999999988e+02 -9.999999988e+02
12041 0 +1.079503591e-06 -9.999999989e+02 -9.999999989e+02
12061 0 +9.632075262e-07 -9.999999990e+02 -9.999999990e+02
12161 0 +8.880664382e-07 -9.999999991e+02 -9.999999991e+02
12221 0 +7.758370657e-07 -9.999999992e+02 -9.999999992e+02
12252 0 +6.980528724e-07 -9.999999993e+02 -9.999999993e+02
12281 0 +6.104164640e-07 -9.999999994e+02 -9.999999994e+02
12312 0 +5.549567277e-07 -9.999999994e+02 -9.999999994e+02
12352 0 +4.948362857e-07 -9.999999995e+02 -9.999999995e+02
12381 0 +4.179271400e-07 -9.999999996e+02 -9.999999996e+02
12401 0 +3.784278988e-07 -9.999999996e+02 -9.999999996e+02
12421 0 +3.535066071e-07 -9.999999996e+02 -9.999999996e+02
12461 0 +3.131083304e-07 -9.999999997e+02 -9.999999997e+02
12481 0 +2.805203394e-07 -9.999999997e+02 -9.999999997e+02
12501 0 +2.430485893e-07 -9.999999998e+02 -9.999999998e+02
12521 0 +2.104167152e-07 -9.999999998e+02 -9.999999998e+02
12541 0 +1.955994549e-07 -9.999999998e+02 -9.999999998e+02
12585 0 +1.776033969e-07 -9.999999998e+02 -9.999999998e+02
12603 0 +1.563083742e-07 -9.999999998e+02 -9.999999998e+02
12621 0 +1.311635742e-07 -9.999999999e+02 -9.999999999e+02
12641 0 +1.115304258e-07 -9.999999999e+02 -9.999999999e+02
12779 0 +9.988309557e-08 -9.999999999e+02 -9.999999999e+02
12832 0 +8.667450402e-08 -9.999999999e+02 -9.999999999e+02
12841 0 +7.923813428e-08 -9.999999999e+02 -9.999999999e+02
12865 0 +7.062158147e-08 -9.999999999e+02 -9.999999999e+02
12881 0 +6.201014457e-08 -9.999999999e+02 -9.999999999e+02
12912 0 +5.594608865e-08 -9.999999999e+02 -9.999999999e+02
12981 0 +4.832827472e-08 -1.000000000e+03 -1.000000000e+03
13021 0 +4.083460681e-08 -1.000000000e+03 -1.000000000e+03
13041 0 +3.761192602e-08 -1.000000000e+03 -1.000000000e+03
13061 0 +3.486400146e-08 -1.000000000e+03 -1.000000000e+03
13101 0 +3.109403224e-08 -1.000000000e+03 -1.000000000e+03
13141 0 +2.800072707e-08 -1.000000000e+03 -1.000000000e+03
13161 0 +2.421938916e-08 -1.000000000e+03 -1.000000000e+03
13181 0 +2.230524387e-08 -1.000000000e+03 -1.000000000e+03
13221 0 +1.897990387e-08 -1.000000000e+03 -1.000000000e+03
13241 0 +1.691000762e-08 -1.000000000e+03 -1.000000000e+03
13301 0 +1.534874627e-08 -1.000000000e+03 -1.000000000e+03
13332 0 +1.364037416e-08 -1.000000000e+03 -1.000000000e+03
13352 0 +1.225021151e-08 -1.000000000e+03 -1.000000000e+03
13392 0 +1.118246473e-08 -1.000000000e+03 -1.000000000e+03
13441 0 +9.733867046e-09 -1.000000000e+03 -1.000000000e+03
100000 0 +1.114131010e-11 -1.000000000e+03 -1.000000000e+03
% f evaluations | g evaluations | best noise-free fitness - Fopt (1.319200000000e+02) + sum g_i+ | measured fitness | best measured fitness or single-digit g-values | x1 | x2...
1 0 +5.701986007e+05 +5.703305207e+05 +5.703305207e+05
2 0 +5.362446527e+05 +5.363765727e+05 +5.363765727e+05
13 0 +4.298181739e+05 +4.299500939e+05 +4.299500939e+05
14 0 +3.396014948e+05 +3.397334148e+05 +3.397334148e+05
314 0 +3.100990222e+05 +3.102309422e+05 +3.102309422e+05
318 0 +2.413574455e+05 +2.414893655e+05 +2.414893655e+05
323 0 +2.173121555e+05 +2.174440755e+05 +2.174440755e+05
326 0 +1.996850329e+05 +1.998169529e+05 +1.998169529e+05
327 0 +1.474871084e+05 +1.476190284e+05 +1.476190284e+05
331 0 +1.205403350e+05 +1.206722550e+05 +1.206722550e+05
338 0 +7.401771762e+04 +7.414963762e+04 +7.414963762e+04
342 0 +6.634318014e+04 +6.647510014e+04 +6.647510014e+04
343 0 +6.273335750e+04 +6.286527750e+04 +6.286527750e+04
347 0 +3.316206622e+04 +3.329398622e+04 +3.329398622e+04
353 0 +2.890593186e+04 +2.903785186e+04 +2.903785186e+04
355 0 +1.708444929e+04 +1.721636929e+04 +1.721636929e+04
358 0 +8.034793088e+03 +8.166713088e+03 +8.166713088e+03
363 0 +3.919252741e+03 +4.051172741e+03 +4.051172741e+03
367 0 +1.116973796e+03 +1.248893796e+03 +1.248893796e+03
374 0 +8.881680805e+02 +1.020088081e+03 +1.020088081e+03
375 0 +7.561246562e+02 +8.880446562e+02 +8.880446562e+02
378 0 +6.879343556e+02 +8.198543556e+02 +8.198543556e+02
380 0 +5.666623354e+02 +6.985823354e+02 +6.985823354e+02
382 0 +2.452016323e+02 +3.771216323e+02 +3.771216323e+02
383 0 +2.072406297e+01 +1.526440630e+02 +1.526440630e+02
385 0 +1.540827007e+01 +1.473282701e+02 +1.473282701e+02
399 0 +1.318798199e+01 +1.451079820e+02 +1.451079820e+02
444 0 +1.256902608e+01 +1.444890261e+02 +1.444890261e+02
452 0 +1.114874753e+01 +1.430687475e+02 +1.430687475e+02
462 0 +6.967469309e+00 +1.388874693e+02 +1.388874693e+02
476 0 +6.104080049e+00 +1.380240800e+02 +1.380240800e+02
477 0 +4.996886741e+00 +1.369168867e+02 +1.369168867e+02
489 0 +4.094775079e+00 +1.360147751e+02 +1.360147751e+02
527 0 +3.773945505e+00 +1.356939455e+02 +1.356939455e+02
532 0 +2.589591234e+00 +1.345095912e+02 +1.345095912e+02
542 0 +2.383949894e+00 +1.343039499e+02 +1.343039499e+02
552 0 +1.394749797e+00 +1.333147498e+02 +1.333147498e+02
605 0 +1.160117803e+00 +1.330801178e+02 +1.330801178e+02
658 0 +1.113802163e+00 +1.330338022e+02 +1.330338022e+02
692 0 +7.833524171e-01 +1.327033524e+02 +1.327033524e+02
772 0 +6.719442692e-01 +1.325919443e+02 +1.325919443e+02
792 0 +5.228565618e-01 +1.324428566e+02 +1.324428566e+02
832 0 +4.340670843e-01 +1.323540671e+02 +1.323540671e+02
912 0 +3.890681092e-01 +1.323090681e+02 +1.323090681e+02
1032 0 +3.433411384e-01 +1.322633411e+02 +1.322633411e+02
1112 0 +3.106778877e-01 +1.322306779e+02 +1.322306779e+02
1332 0 +2.807963447e-01 +1.322007963e+02 +1.322007963e+02
3392 0 +2.510280675e-01 +1.321710281e+02 +1.321710281e+02
5932 0 +2.237320415e-01 +1.321437320e+02 +1.321437320e+02
7832 0 +1.994725625e-01 +1.321194726e+02 +1.321194726e+02
9492 0 +1.777347813e-01 +1.320977348e+02 +1.320977348e+02
11472 0 +1.584862100e-01 +1.320784862e+02 +1.320784862e+02
14792 0 +1.411833522e-01 +1.320611834e+02 +1.320611834e+02
17432 0 +1.258057422e-01 +1.320458057e+02 +1.320458057e+02
19432 0 +1.121456282e-01 +1.320321456e+02 +1.320321456e+02
21232 0 +9.990318659e-02 +1.320199032e+02 +1.320199032e+02
23192 0 +8.907233502e-02 +1.320090723e+02 +1.320090723e+02
28518 0 +7.942809249e-02 +1.319994281e+02 +1.319994281e+02
32032 0 +7.075763983e-02 +1.319907576e+02 +1.319907576e+02
33452 0 +6.308442178e-02 +1.319830844e+02 +1.319830844e+02
34656 0 +5.623207721e-02 +1.319762321e+02 +1.319762321e+02
35912 0 +5.005560226e-02 +1.319700556e+02 +1.319700556e+02
37696 0 +4.465664099e-02 +1.319646566e+02 +1.319646566e+02
42632 0 +3.979785050e-02 +1.319597979e+02 +1.319597979e+02
45432 0 +3.547774125e-02 +1.319554777e+02 +1.319554777e+02
47538 0 +3.160939483e-02 +1.319516094e+02 +1.319516094e+02
49612 0 +2.816361684e-02 +1.319481636e+02 +1.319481636e+02
52272 0 +2.510502419e-02 +1.319451050e+02 +1.319451050e+02
55952 0 +2.237527097e-02 +1.319423753e+02 +1.319423753e+02
58632 0 +1.993530293e-02 +1.319399353e+02 +1.319399353e+02
60752 0 +1.776683113e-02 +1.319377668e+02 +1.319377668e+02
63032 0 +1.584084002e-02 +1.319358408e+02 +1.319358408e+02
65438 0 +1.412323418e-02 +1.319341232e+02 +1.319341232e+02
67152 0 +1.257428548e-02 +1.319325743e+02 +1.319325743e+02
68492 0 +1.121027984e-02 +1.319312103e+02 +1.319312103e+02
69772 0 +9.994339236e-03 +1.319299943e+02 +1.319299943e+02
73652 0 +8.911605537e-03 +1.319289116e+02 +1.319289116e+02
79212 0 +7.937760341e-03 +1.319279378e+02 +1.319279378e+02
81226 0 +7.079117361e-03 +1.319270791e+02 +1.319270791e+02
82692 0 +6.309275204e-03 +1.319263093e+02 +1.319263093e+02
84132 0 +5.621476554e-03 +1.319256215e+02 +1.319256215e+02
85892 0 +5.010038643e-03 +1.319250100e+02 +1.319250100e+02
91292 0 +4.464823304e-03 +1.319244648e+02 +1.319244648e+02
93018 0 +3.977897205e-03 +1.319239779e+02 +1.319239779e+02
94112 0 +3.548106308e-03 +1.319235481e+02 +1.319235481e+02
95692 0 +3.159291333e-03 +1.319231593e+02 +1.319231593e+02
97936 0 +2.818083442e-03 +1.319228181e+02 +1.319228181e+02
100000 0 +2.622556090e-03 +1.319226226e+02 +1.319226226e+02
% f evaluations | g evaluations | best noise-free fitness - Fopt (5.908400000000e+02) + sum g_i+ | measured fitness | best measured fitness or single-digit g-values | x1 | x2...
1 0 +2.380975383e+04 +2.440059383e+04 +2.440059383e+04
3 0 +3.083352337e+03 +3.674192337e+03 +3.674192337e+03
33 0 +3.616453972e+02 +9.524853972e+02 +9.524853972e+02
342 0 +1.294317977e+02 +7.202717977e+02 +7.202717977e+02
357 0 +1.174603169e+02 +7.083003169e+02 +7.083003169e+02
424 0 +1.116333597e+02 +7.024733597e+02 +7.024733597e+02
545 0 +9.861398842e+01 +6.894539884e+02 +6.894539884e+02
687 0 +8.902601503e+01 +6.798660150e+02 +6.798660150e+02
921 0 +7.921003202e+01 +6.700500320e+02 +6.700500320e+02
1361 0 +7.076962115e+01 +6.616096211e+02 +6.616096211e+02
3140 0 +6.308532233e+01 +6.539253223e+02 +6.539253223e+02
5205 0 +5.622139064e+01 +6.470613906e+02 +6.470613906e+02
6817 0 +5.011765304e+01 +6.409576530e+02 +6.409576530e+02
10401 0 +4.465984589e+01 +6.354998459e+02 +6.354998459e+02
14701 0 +3.980403257e+01 +6.306440326e+02 +6.306440326e+02
17421 0 +3.546852373e+01 +6.263085237e+02 +6.263085237e+02
19345 0 +3.161538556e+01 +6.224553856e+02 +6.224553856e+02
21161 0 +2.817613646e+01 +6.190161365e+02 +6.190161365e+02
23276 0 +2.511881541e+01 +6.159588154e+02 +6.159588154e+02
28461 0 +2.238393326e+01 +6.132239333e+02 +6.132239333e+02
30420 0 +1.995130361e+01 +6.107913036e+02 +6.107913036e+02
31541 0 +1.777013284e+01 +6.086101328e+02 +6.086101328e+02
32565 0 +1.584715194e+01 +6.066871519e+02 +6.066871519e+02
33714 0 +1.412353219e+01 +6.049635322e+02 +6.049635322e+02
36316 0 +1.258919976e+01 +6.034291998e+02 +6.034291998e+02
40685 0 +1.121966623e+01 +6.020596662e+02 +6.020596662e+02
42580 0 +9.999599199e+00 +6.008395992e+02 +6.008395992e+02
44185 0 +8.910327017e+00 +5.997503270e+02 +5.997503270e+02
45876 0 +7.942138387e+00 +5.987821384e+02 +5.987821384e+02
48316 0 +7.079382133e+00 +5.979193821e+02 +5.979193821e+02
52705 0 +6.309422504e+00 +5.971494225e+02 +5.971494225e+02
55225 0 +5.623098232e+00 +5.964630982e+02 +5.964630982e+02
57249 0 +5.011151175e+00 +5.958511512e+02 +5.958511512e+02
59369 0 +4.466548846e+00 +5.953065488e+02 +5.953065488e+02
62780 0 +3.981016402e+00 +5.948210164e+02 +5.948210164e+02
66774 0 +3.547677708e+00 +5.943876777e+02 +5.943876777e+02
70280 0 +3.161791951e+00 +5.940017920e+02 +5.940017920e+02
73896 0 +2.818358906e+00 +5.936583589e+02 +5.936583589e+02
78772 0 +2.511831079e+00 +5.933518311e+02 +5.933518311e+02
82916 0 +2.238433177e+00 +5.930784332e+02 +5.930784332e+02
85114 0 +1.994724388e+00 +5.928347244e+02 +5.928347244e+02
86854 0 +1.778111564e+00 +5.926181116e+02 +5.926181116e+02
88696 0 +1.584878804e+00 +5.924248788e+02 +5.924248788e+02
91549 0 +1.412466885e+00 +5.922524669e+02 +5.922524669e+02
98092 0 +1.258886151e+00 +5.920988862e+02 +5.920988862e+02
100000 0 +1.175763611e+00 +5.920157636e+02 +5.920157636e+02
% f evaluations | g evaluations | best noise-free fitness - Fopt (-1.330000000000e+00) + sum g_i+ | measured fitness | best measured fitness or single-digit g-values | x1 | x2...
1 0 +4.638059968e+05 +4.638046668e+05 +4.638046668e+05
2 0 +3.164286228e+05 +3.164272928e+05 +3.164272928e+05
17 0 +3.088529136e+05 +3.088515836e+05 +3.088515836e+05
311 0 +2.931899774e+05 +2.931886474e+05 +2.931886474e+05
314 0 +2.534376939e+05 +2.534363639e+05 +2.534363639e+05
315 0 +2.205642511e+05 +2.205629211e+05 +2.205629211e+05
319 0 +1.869435093e+05 +1.869421793e+05 +1.869421793e+05
322 0 +1.487050996e+05 +1.487037696e+05 +1.487037696e+05
323 0 +1.198690197e+05 +1.198676897e+05 +1.198676897e+05
328 0 +9.415055279e+04 +9.414922279e+04 +9.414922279e+04
331 0 +8.431496901e+04 +8.431363901e+04 +8.431363901e+04
334 0 +7.573720381e+04 +7.573587381e+04 +7.573587381e+04
335 0 +6.614640658e+04 +6.614507658e+04 +6.614507658e+04
339 0 +5.542726640e+04 +5.542593640e+04 +5.542593640e+04
342 0 +3.424850835e+04 +3.424717835e+04 +3.424717835e+04
346 0 +3.083774208e+04 +3.083641208e+04 +3.083641208e+04
348 0 +1.840021586e+04 +1.839888586e+04 +1.839888586e+04
349 0 +1.424944523e+04 +1.424811523e+04 +1.424811523e+04
351 0 +1.162602854e+04 +1.162469854e+04 +1.162469854e+04
359 0 +1.021691486e+04 +1.021558486e+04 +1.021558486e+04
366 0 +7.698852603e+03 +7.697522603e+03 +7.697522603e+03
368 0 +1.990952386e+03 +1.989622386e+03 +1.989622386e+03
377 0 +8.513755325e+02 +8.500455325e+02 +8.500455325e+02
388 0 +1.436702392e+02 +1.423402392e+02 +1.423402392e+02
396 0 +1.207895770e+01 +1.074895770e+01 +1.074895770e+01
435 0 +8.142797426e+00 +6.812797426e+00 +6.812797426e+00
446 0 +6.924606993e+00 +5.594606993e+00 +5.594606993e+00
458 0 +6.275787740e+00 +4.945787740e+00 +4.945787740e+00
467 0 +3.894864376e+00 +2.564864376e+00 +2.564864376e+00
511 0 +3.509672024e+00 +2.179672024e+00 +2.179672024e+00
520 0 +2.785227861e+00 +1.455227861e+00 +1.455227861e+00
527 0 +2.021424823e+00 +6.914248234e-01 +6.914248234e-01
540 0 +1.788511508e+00 +4.585115078e-01 +4.585115078e-01
554 0 +1.730497543e+00 +4.004975428e-01 +4.004975428e-01
557 0 +1.566853279e+00 +2.368532793e-01 +2.368532793e-01
587 0 +1.376499662e+00 +4.649966236e-02 +4.649966236e-02
607 0 +1.161992373e+00 -1.680076272e-01 -1.680076272e-01
650 0 +1.118914647e+00 -2.110853527e-01 -2.110853527e-01
655 0 +9.883111785e-01 -3.416888215e-01 -3.416888215e-01
667 0 +7.809635034e-01 -5.490364966e-01 -5.490364966e-01
707 0 +6.383237592e-01 -6.916762408e-01 -6.916762408e-01
724 0 +6.298022464e-01 -7.001977536e-01 -7.001977536e-01
727 0 +4.627428607e-01 -8.672571393e-01 -8.672571393e-01
735 0 +4.407069685e-01 -8.892930315e-01 -8.892930315e-01
747 0 +3.819419831e-01 -9.480580169e-01 -9.480580169e-01
767 0 +3.057263257e-01 -1.024273674e+00 -1.024273674e+00
787 0 +2.272976392e-01 -1.102702361e+00 -1.102702361e+00
827 0 +2.153120570e-01 -1.114687943e+00 -1.114687943e+00
858 0 +1.995019279e-01 -1.130498072e+00 -1.130498072e+00
867 0 +1.755976976e-01 -1.154402302e+00 -1.154402302e+00
871 0 +1.566730206e-01 -1.173326979e+00 -1.173326979e+00
890 0 +1.393689174e-01 -1.190631083e+00 -1.190631083e+00
907 0 +1.083803028e-01 -1.221619697e+00 -1.221619697e+00
927 0 +8.379923312e-02 -1.246200767e+00 -1.246200767e+00
975 0 +7.922351129e-02 -1.250776489e+00 -1.250776489e+00
987 0 +5.980194564e-02 -1.270198054e+00 -1.270198054e+00
1006 0 +5.121227829e-02 -1.278787722e+00 -1.278787722e+00
1047 0 +4.410808561e-02 -1.285891914e+00 -1.285891914e+00
1067 0 +3.613394177e-02 -1.293866058e+00 -1.293866058e+00
1087 0 +2.718546022e-02 -1.302814540e+00 -1.302814540e+00
1095 0 +2.428599968e-02 -1.305714000e+00 -1.305714000e+00
1107 0 +1.847875447e-02 -1.311521246e+00 -1.311521246e+00
1115 0 +1.656205171e-02 -1.313437948e+00 -1.313437948e+00
1158 0 +1.584747981e-02 -1.314152520e+00 -1.314152520e+00
1167 0 +1.350489026e-02 -1.316495110e+00 -1.316495110e+00
1180 0 +1.256659841e-02 -1.317433402e+00 -1.317433402e+00
1187 0 +9.774711281e-03 -1.320225289e+00 -1.320225289e+00
1207 0 +8.394438444e-03 -1.321605562e+00 -1.321605562e+00
1227 0 +6.371140474e-03 -1.323628860e+00 -1.323628860e+00
1230 0 +6.203383776e-03 -1.323796616e+00 -1.323796616e+00
1247 0 +4.652649011e-03 -1.325347351e+00 -1.325347351e+00
1267 0 +3.107430629e-03 -1.326892569e+00 -1.326892569e+00
1307 0 +2.534403428e-03 -1.327465597e+00 -1.327465597e+00
1322 0 +2.484106822e-03 -1.327515893e+00 -1.327515893e+00
1367 0 +2.056733383e-03 -1.327943267e+00 -1.327943267e+00
1375 0 +1.893229107e-03 -1.328106771e+00 -1.328106771e+00
1387 0 +1.562962403e-03 -1.328437038e+00 -1.328437038e+00
1407 0 +1.249895453e-03 -1.328750105e+00 -1.328750105e+00
1426 0 +1.119599672e-03 -1.328880400e+00 -1.328880400e+00
1427 0 +9.552200021e-04 -1.329044780e+00 -1.329044780e+00
1470 0 +8.845342897e-04 -1.329115466e+00 -1.329115466e+00
1487 0 +7.548720352e-04 -1.329245128e+00 -1.329245128e+00
1498 0 +7.015376320e-04 -1.329298462e+00 -1.329298462e+00
1507 0 +5.853577720e-04 -1.329414642e+00 -1.329414642e+00
1527 0 +5.232405370e-04 -1.329476759e+00 -1.329476759e+00
1567 0 +4.527456741e-04 -1.329547254e+00 -1.329547254e+00
1575 0 +4.088780650e-04 -1.329591122e+00 -1.329591122e+00
1578 0 +3.899780569e-04 -1.329610022e+00 -1.329610022e+00
1587 0 +2.955774665e-04 -1.329704423e+00 -1.329704423e+00
1607 0 +2.709475973e-04 -1.329729052e+00 -1.329729052e+00
1627 0 +2.477629577e-04 -1.329752237e+00 -1.329752237e+00
1647 0 +1.838915063e-04 -1.329816108e+00 -1.329816108e+00
1658 0 +1.703966932e-04 -1.329829603e+00 -1.329829603e+00
1667 0 +1.427484272e-04 -1.329857252e+00 -1.329857252e+00
1675 0 +1.287505183e-04 -1.329871249e+00 -1.329871249e+00
1680 0 +1.230693658e-04 -1.329876931e+00 -1.329876931e+00
1715 0 +1.111411454e-04 -1.329888859e+00 -1.329888859e+00
1727 0 +9.130742550e-05 -1.329908693e+00 -1.329908693e+00
1747 0 +7.741530480e-05 -1.329922585e+00 -1.329922585e+00
1767 0 +5.719470312e-05 -1.329942805e+00 -1.329942805e+00
1787 0 +4.879226843e-05 -1.329951208e+00 -1.329951208e+00
1807 0 +3.325556987e-05 -1.329966744e+00 -1.329966744e+00
1834 0 +3.149493228e-05 -1.329968505e+00 -1.329968505e+00
1847 0 +2.754235453e-05 -1.329972458e+00 -1.329972458e+00
1867 0 +2.248407785e-05 -1.329977516e+00 -1.329977516e+00
1878 0 +2.053446723e-05 -1.329979466e+00 -1.329979466e+00
1885 0 +1.880025614e-05 -1.329981200e+00 -1.329981200e+00
1901 0 +1.706361273e-05 -1.329982936e+00 -1.329982936e+00
1955 0 +1.579559350e-05 -1.329984204e+00 -1.329984204e+00
1967 0 +1.062564273e-05 -1.329989374e+00 -1.329989374e+00
1987 0 +8.392482272e-06 -1.329991608e+00 -1.329991608e+00
2055 0 +7.258384964e-06 -1.329992742e+00 -1.329992742e+00
2064 0 +6.956698374e-06 -1.329993043e+00 -1.329993043e+00
2070 0 +5.620913093e-06 -1.329994379e+00 -1.329994379e+00
2087 0 +4.118908527e-06 -1.329995881e+00 -1.329995881e+00
2091 0 +3.913280263e-06 -1.329996087e+00 -1.329996087e+00
2107 0 +3.039682486e-06 -1.329996960e+00 -1.329996960e+00
2127 0 +1.867093958e-06 -1.329998133e+00 -1.329998133e+00
2187 0 +1.706449419e-06 -1.329998294e+00 -1.329998294e+00
2207 0 +1.363550107e-06 -1.329998636e+00 -1.329998636e+00
2224 0 +1.193039859e-06 -1.329998807e+00 -1.329998807e+00
2227 0 +9.227828515e-07 -1.329999077e+00 -1.329999077e+00
2247 0 +6.577107430e-07 -1.329999342e+00 -1.329999342e+00
2286 0 +6.294179287e-07 -1.329999371e+00 -1.329999371e+00
2307 0 +5.031965231e-07 -1.329999497e+00 -1.329999497e+00
2319 0 +4.988186266e-07 -1.329999501e+00 -1.329999501e+00
2327 0 +4.033372702e-07 -1.329999597e+00 -1.329999597e+00
2347 0 +3.196500431e-07 -1.329999680e+00 -1.329999680e+00
2367 0 +2.461905459e-07 -1.329999754e+00 -1.329999754e+00
2447 0 +1.983084292e-07 -1.329999802e+00 -1.329999802e+00
2467 0 +1.699113206e-07 -1.329999830e+00 -1.329999830e+00
2487 0 +1.263006271e-07 -1.329999874e+00 -1.329999874e+00
2500 0 +1.245644656e-07 -1.329999875e+00 -1.329999875e+00
2527 0 +1.018279439e-07 -1.329999898e+00 -1.329999898e+00
2575 0 +9.654202771e-08 -1.329999903e+00 -1.329999903e+00
2587 0 +7.934518043e-08 -1.329999921e+00 -1.329999921e+00
2595 0 +6.872717395e-08 -1.329999931e+00 -1.329999931e+00
2607 0 +5.701715478e-08 -1.329999943e+00 -1.329999943e+00
2611 0 +5.584695462e-08 -1.329999944e+00 -1.329999944e+00
2627 0 +4.867398462e-08 -1.329999951e+00 -1.329999951e+00
2641 0 +4.399921738e-08 -1.329999956e+00 -1.329999956e+00
2647 0 +3.450575403e-08 -1.329999965e+00 -1.329999965e+00
2675 0 +3.054897024e-08 -1.329999969e+00 -1.329999969e+00
2707 0 +2.766306184e-08 -1.329999972e+00 -1.329999972e+00
2727 0 +2.278507560e-08 -1.329999977e+00 -1.329999977e+00
2735 0 +2.218892892e-08 -1.329999978e+00 -1.329999978e+00
2747 0 +1.945876682e-08 -1.329999981e+00 -1.329999981e+00
2767 0 +1.657270676e-08 -1.329999983e+00 -1.329999983e+00
2787 0 +1.284342166e-08 -1.329999987e+00 -1.329999987e+00
2807 0 +1.107289016e-08 -1.329999989e+00 -1.329999989e+00
2827 0 +9.461737616e-09 -1.329999991e+00 -1.329999991e+00
3887 0 +9.898748488e-13 -1.330000000e+00 -1.330000000e+00
100000 0 +1.998401444e-15 -1.330000000e+00 -1.330000000e+00
% f evaluations | g evaluations | best noise-free fitness - Fopt (1.460000000000e+01) + sum g_i+ | measured fitness | best measured fitness or single-digit g-values | x1 | x2...
1 0 +1.692559104e+05 +1.692705104e+05 +1.692705104e+05
5 0 +1.202050838e+05 +1.202196838e+05 +1.202196838e+05
7 0 +7.874866223e+04 +7.876326223e+04 +7.876326223e+04
26 0 +6.956180571e+04 +6.957640571e+04 +6.957640571e+04
317 0 +6.246696399e+04 +6.248156399e+04 +6.248156399e+04
319 0 +5.029406513e+04 +5.030866513e+04 +5.030866513e+04
322 0 +3.588044414e+04 +3.589504414e+04 +3.589504414e+04
324 0 +3.425358921e+04 +3.426818921e+04 +3.426818921e+04
328 0 +2.054146415e+04 +2.055606415e+04 +2.055606415e+04
331 0 +8.261738755e+03 +8.276338755e+03 +8.276338755e+03
333 0 +6.615611267e+03 +6.630211267e+03 +6.630211267e+03
339 0 +6.178759117e+03 +6.193359117e+03 +6.193359117e+03
342 0 +3.720374152e+03 +3.734974152e+03 +3.734974152e+03
346 0 +1.471666637e+03 +1.486266637e+03 +1.486266637e+03
348 0 +7.226037660e+02 +7.372037660e+02 +7.372037660e+02
349 0 +6.764831667e+02 +6.910831667e+02 +6.910831667e+02
351 0 +1.237757067e+02 +1.383757067e+02 +1.383757067e+02
353 0 +7.288224556e+01 +8.748224556e+01 +8.748224556e+01
356 0 +6.539865010e+01 +7.999865010e+01 +7.999865010e+01
357 0 +5.993502523e+01 +7.453502523e+01 +7.453502523e+01
363 0 +4.841435545e+01 +6.301435545e+01 +6.301435545e+01
371 0 +4.346656352e+01 +5.806656352e+01 +5.806656352e+01
380 0 +3.341569365e+01 +4.801569365e+01 +4.801569365e+01
383 0 +2.709919083e+01 +4.169919083e+01 +4.169919083e+01
442 0 +2.491737431e+01 +3.951737431e+01 +3.951737431e+01
471 0 +2.234892742e+01 +3.694892742e+01 +3.694892742e+01
520 0 +1.931556678e+01 +3.391556678e+01 +3.391556678e+01
540 0 +1.544942397e+01 +3.004942397e+01 +3.004942397e+01
560 0 +1.321013227e+01 +2.781013227e+01 +2.781013227e+01
620 0 +1.244627761e+01 +2.704627761e+01 +2.704627761e+01
660 0 +1.082959038e+01 +2.542959038e+01 +2.542959038e+01
680 0 +8.205822765e+00 +2.280582277e+01 +2.280582277e+01
696 0 +7.290603865e+00 +2.189060386e+01 +2.189060386e+01
700 0 +6.540368145e+00 +2.114036815e+01 +2.114036815e+01
760 0 +5.922440484e+00 +2.052244048e+01 +2.052244048e+01
776 0 +5.499969854e+00 +2.009996985e+01 +2.009996985e+01
860 0 +4.696586127e+00 +1.929658613e+01 +1.929658613e+01
880 0 +4.260329021e+00 +1.886032902e+01 +1.886032902e+01
980 0 +3.889422312e+00 +1.848942231e+01 +1.848942231e+01
1040 0 +3.444467660e+00 +1.804446766e+01 +1.804446766e+01
1080 0 +3.090046475e+00 +1.769004647e+01 +1.769004647e+01
1120 0 +2.785846974e+00 +1.738584697e+01 +1.738584697e+01
1200 0 +2.453670834e+00 +1.705367083e+01 +1.705367083e+01
1260 0 +2.162043213e+00 +1.676204321e+01 +1.676204321e+01
1300 0 +1.858060037e+00 +1.645806004e+01 +1.645806004e+01
1320 0 +1.641377189e+00 +1.624137719e+01 +1.624137719e+01
1340 0 +1.524892088e+00 +1.612489209e+01 +1.612489209e+01
1380 0 +1.383187328e+00 +1.598318733e+01 +1.598318733e+01
1500 0 +1.217184774e+00 +1.581718477e+01 +1.581718477e+01
1540 0 +1.060545243e+00 +1.566054524e+01 +1.566054524e+01
1560 0 +9.926236835e-01 +1.559262368e+01 +1.559262368e+01
1602 0 +8.787718268e-01 +1.547877183e+01 +1.547877183e+01
1636 0 +7.871266345e-01 +1.538712663e+01 +1.538712663e+01
1740 0 +6.879091530e-01 +1.528790915e+01 +1.528790915e+01
1780 0 +6.148651014e-01 +1.521486510e+01 +1.521486510e+01
1816 0 +5.523687122e-01 +1.515236871e+01 +1.515236871e+01
1836 0 +4.873815722e-01 +1.508738157e+01 +1.508738157e+01
1860 0 +4.289258186e-01 +1.502892582e+01 +1.502892582e+01
1900 0 +3.909267311e-01 +1.499092673e+01 +1.499092673e+01
1940 0 +3.339761554e-01 +1.493397616e+01 +1.493397616e+01
1960 0 +3.041930546e-01 +1.490419305e+01 +1.490419305e+01
1980 0 +2.795662969e-01 +1.487956630e+01 +1.487956630e+01
2060 0 +2.454976645e-01 +1.484549766e+01 +1.484549766e+01
2100 0 +2.231972012e-01 +1.482319720e+01 +1.482319720e+01
2140 0 +1.967424873e-01 +1.479674249e+01 +1.479674249e+01
2180 0 +1.709488829e-01 +1.477094888e+01 +1.477094888e+01
2220 0 +1.539122227e-01 +1.475391222e+01 +1.475391222e+01
2280 0 +1.391112005e-01 +1.473911120e+01 +1.473911120e+01
2320 0 +1.172038253e-01 +1.471720383e+01 +1.471720383e+01
2340 0 +1.044345372e-01 +1.470443454e+01 +1.470443454e+01
2360 0 +9.429700473e-02 +1.469429700e+01 +1.469429700e+01
2380 0 +8.679687696e-02 +1.468679688e+01 +1.468679688e+01
2436 0 +7.926639387e-02 +1.467926639e+01 +1.467926639e+01
2460 0 +7.046300010e-02 +1.467046300e+01 +1.467046300e+01
2480 0 +5.655197129e-02 +1.465655197e+01 +1.465655197e+01
2496 0 +5.276182481e-02 +1.465276182e+01 +1.465276182e+01
2500 0 +4.638798775e-02 +1.464638799e+01 +1.464638799e+01
2520 0 +4.325298403e-02 +1.464325298e+01 +1.464325298e+01
2560 0 +3.971567206e-02 +1.463971567e+01 +1.463971567e+01
2620 0 +3.523798795e-02 +1.463523799e+01 +1.463523799e+01
2640 0 +3.076669419e-02 +1.463076669e+01 +1.463076669e+01
2660 0 +2.802162370e-02 +1.462802162e+01 +1.462802162e+01
2700 0 +2.392290831e-02 +1.462392291e+01 +1.462392291e+01
2736 0 +2.212696162e-02 +1.462212696e+01 +1.462212696e+01
2760 0 +1.863216821e-02 +1.461863217e+01 +1.461863217e+01
2780 0 +1.653031061e-02 +1.461653031e+01 +1.461653031e+01
2800 0 +1.472506118e-02 +1.461472506e+01 +1.461472506e+01
2820 0 +1.324815388e-02 +1.461324815e+01 +1.461324815e+01
2836 0 +1.258710378e-02 +1.461258710e+01 +1.461258710e+01
2840 0 +1.088243941e-02 +1.461088244e+01 +1.461088244e+01
2860 0 +9.374858332e-03 +1.460937486e+01 +1.460937486e+01
2880 0 +8.763790158e-03 +1.460876379e+01 +1.460876379e+01
2916 0 +7.777676174e-03 +1.460777768e+01 +1.460777768e+01
2920 0 +6.163178351e-03 +1.460616318e+01 +1.460616318e+01
2960 0 +5.064518309e-03 +1.460506452e+01 +1.460506452e+01
2980 0 +4.753750294e-03 +1.460475375e+01 +1.460475375e+01
3020 0 +4.432517497e-03 +1.460443252e+01 +1.460443252e+01
3040 0 +3.617080935e-03 +1.460361708e+01 +1.460361708e+01
3060 0 +2.997906756e-03 +1.460299791e+01 +1.460299791e+01
3080 0 +2.636594522e-03 +1.460263659e+01 +1.460263659e+01
3140 0 +2.508737467e-03 +1.460250874e+01 +1.460250874e+01
3181 0 +2.227344949e-03 +1.460222734e+01 +1.460222734e+01
3220 0 +1.841743263e-03 +1.460184174e+01 +1.460184174e+01
3260 0 +1.739378495e-03 +1.460173938e+01 +1.460173938e+01
3360 0 +1.560618814e-03 +1.460156062e+01 +1.460156062e+01
3540 0 +1.405764709e-03 +1.460140576e+01 +1.460140576e+01
3740 0 +1.257115782e-03 +1.460125712e+01 +1.460125712e+01
3900 0 +1.107193487e-03 +1.460110719e+01 +1.460110719e+01
4060 0 +9.888758152e-04 +1.460098888e+01 +1.460098888e+01
4316 0 +8.906095216e-04 +1.460089061e+01 +1.460089061e+01
4580 0 +7.933182954e-04 +1.460079332e+01 +1.460079332e+01
4900 0 +7.046269872e-04 +1.460070463e+01 +1.460070463e+01
5220 0 +6.272786007e-04 +1.460062728e+01 +1.460062728e+01
5556 0 +5.617445294e-04 +1.460056174e+01 +1.460056174e+01
6360 0 +5.005608193e-04 +1.460050056e+01 +1.460050056e+01
6840 0 +4.436460857e-04 +1.460044365e+01 +1.460044365e+01
7060 0 +3.962587491e-04 +1.460039626e+01 +1.460039626e+01
7240 0 +3.537780305e-04 +1.460035378e+01 +1.460035378e+01
7440 0 +3.141395421e-04 +1.460031414e+01 +1.460031414e+01
7720 0 +2.806785802e-04 +1.460028068e+01 +1.460028068e+01
8578 0 +2.510342401e-04 +1.460025103e+01 +1.460025103e+01
8940 0 +2.238478818e-04 +1.460022385e+01 +1.460022385e+01
9240 0 +1.983051105e-04 +1.460019831e+01 +1.460019831e+01
9520 0 +1.767028892e-04 +1.460017670e+01 +1.460017670e+01
9876 0 +1.584080208e-04 +1.460015841e+01 +1.460015841e+01
10600 0 +1.410260368e-04 +1.460014103e+01 +1.460014103e+01
11040 0 +1.257835957e-04 +1.460012578e+01 +1.460012578e+01
11336 0 +1.120784544e-04 +1.460011208e+01 +1.460011208e+01
11600 0 +9.982967200e-05 +1.460009983e+01 +1.460009983e+01
11920 0 +8.910508208e-05 +1.460008911e+01 +1.460008911e+01
12280 0 +7.918272037e-05 +1.460007918e+01 +1.460007918e+01
12780 0 +7.074129808e-05 +1.460007074e+01 +1.460007074e+01
13240 0 +6.291571953e-05 +1.460006292e+01 +1.460006292e+01
13820 0 +5.615647361e-05 +1.460005616e+01 +1.460005616e+01
14500 0 +4.993077216e-05 +1.460004993e+01 +1.460004993e+01
14840 0 +4.457805596e-05 +1.460004458e+01 +1.460004458e+01
15120 0 +3.955747470e-05 +1.460003956e+01 +1.460003956e+01
15356 0 +3.543057946e-05 +1.460003543e+01 +1.460003543e+01
15660 0 +3.155097610e-05 +1.460003155e+01 +1.460003155e+01
16876 0 +2.817397783e-05 +1.460002817e+01 +1.460002817e+01
17380 0 +2.510019803e-05 +1.460002510e+01 +1.460002510e+01
17720 0 +2.229262053e-05 +1.460002229e+01 +1.460002229e+01
18000 0 +1.994609992e-05 +1.460001995e+01 +1.460001995e+01
18360 0 +1.775827521e-05 +1.460001776e+01 +1.460001776e+01
19120 0 +1.583929316e-05 +1.460001584e+01 +1.460001584e+01
19940 0 +1.406755675e-05 +1.460001407e+01 +1.460001407e+01
20220 0 +1.257743918e-05 +1.460001258e+01 +1.460001258e+01
20460 0 +1.115792910e-05 +1.460001116e+01 +1.460001116e+01
20720 0 +9.949010609e-06 +1.460000995e+01 +1.460000995e+01
21100 0 +8.889905084e-06 +1.460000889e+01 +1.460000889e+01
21620 0 +7.927810366e-06 +1.460000793e+01 +1.460000793e+01
21936 0 +7.069752137e-06 +1.460000707e+01 +1.460000707e+01
22176 0 +6.305259626e-06 +1.460000631e+01 +1.460000631e+01
22436 0 +5.606598283e-06 +1.460000561e+01 +1.460000561e+01
22716 0 +5.010790590e-06 +1.460000501e+01 +1.460000501e+01
23160 0 +4.452849177e-06 +1.460000445e+01 +1.460000445e+01
23520 0 +3.975293483e-06 +1.460000398e+01 +1.460000398e+01
23900 0 +3.542077584e-06 +1.460000354e+01 +1.460000354e+01
24540 0 +3.155030468e-06 +1.460000316e+01 +1.460000316e+01
24998 0 +2.814381311e-06 +1.460000281e+01 +1.460000281e+01
25220 0 +2.511540147e-06 +1.460000251e+01 +1.460000251e+01
25420 0 +2.217954666e-06 +1.460000222e+01 +1.460000222e+01
25622 0 +1.985197132e-06 +1.460000199e+01 +1.460000199e+01
25916 0 +1.778271011e-06 +1.460000178e+01 +1.460000178e+01
26560 0 +1.573360382e-06 +1.460000157e+01 +1.460000157e+01
26716 0 +1.410732949e-06 +1.460000141e+01 +1.460000141e+01
26856 0 +1.257036931e-06 +1.460000126e+01 +1.460000126e+01
26980 0 +1.110792615e-06 +1.460000111e+01 +1.460000111e+01
27138 0 +9.983218199e-07 +1.460000100e+01 +1.460000100e+01
27720 0 +8.902389901e-07 +1.460000089e+01 +1.460000089e+01
28100 0 +7.885470108e-07 +1.460000079e+01 +1.460000079e+01
28320 0 +7.029946776e-07 +1.460000070e+01 +1.460000070e+01
28538 0 +6.306073459e-07 +1.460000063e+01 +1.460000063e+01
28780 0 +5.599588295e-07 +1.460000056e+01 +1.460000056e+01
29160 0 +4.994918967e-07 +1.460000050e+01 +1.460000050e+01
29496 0 +4.456821010e-07 +1.460000045e+01 +1.460000045e+01
29720 0 +3.949151672e-07 +1.460000039e+01 +1.460000039e+01
30040 0 +3.536689608e-07 +1.460000035e+01 +1.460000035e+01
30560 0 +3.152032395e-07 +1.460000032e+01 +1.460000032e+01
30976 0 +2.811490649e-07 +1.460000028e+01 +1.460000028e+01
31276 0 +2.504741676e-07 +1.460000025e+01 +1.460000025e+01
31520 0 +2.238010826e-07 +1.460000022e+01 +1.460000022e+01
31880 0 +1.988278644e-07 +1.460000020e+01 +1.460000020e+01
32500 0 +1.777865570e-07 +1.460000018e+01 +1.460000018e+01
32776 0 +1.579144140e-07 +1.460000016e+01 +1.460000016e+01
33020 0 +1.407701227e-07 +1.460000014e+01 +1.460000014e+01
33320 0 +1.251392590e-07 +1.460000013e+01 +1.460000013e+01
33656 0 +1.120660613e-07 +1.460000011e+01 +1.460000011e+01
34600 0 +9.999575745e-08 +1.460000010e+01 +1.460000010e+01
35180 0 +8.909668381e-08 +1.460000009e+01 +1.460000009e+01
35440 0 +7.903734911e-08 +1.460000008e+01 +1.460000008e+01
35640 0 +7.057291285e-08 +1.460000007e+01 +1.460000007e+01
35880 0 +6.285709375e-08 +1.460000006e+01 +1.460000006e+01
36196 0 +5.620679389e-08 +1.460000006e+01 +1.460000006e+01
36860 0 +5.004530124e-08 +1.460000005e+01 +1.460000005e+01
37120 0 +4.449742974e-08 +1.460000004e+01 +1.460000004e+01
37320 0 +3.964643724e-08 +1.460000004e+01 +1.460000004e+01
37516 0 +3.543824967e-08 +1.460000004e+01 +1.460000004e+01
37760 0 +3.147223460e-08 +1.460000003e+01 +1.460000003e+01
38056 0 +2.809182220e-08 +1.460000003e+01 +1.460000003e+01
38260 0 +2.500249430e-08 +1.460000003e+01 +1.460000003e+01
38456 0 +2.237509023e-08 +1.460000002e+01 +1.460000002e+01
38676 0 +1.993712928e-08 +1.460000002e+01 +1.460000002e+01
38900 0 +1.763025281e-08 +1.460000002e+01 +1.460000002e+01
39120 0 +1.578699127e-08 +1.460000002e+01 +1.460000002e+01
39336 0 +1.408356631e-08 +1.460000001e+01 +1.460000001e+01
39540 0 +1.256091764e-08 +1.460000001e+01 +1.460000001e+01
39880 0 +1.119384940e-08 +1.460000001e+01 +1.460000001e+01
40420 0 +9.964598036e-09 +1.460000001e+01 +1.460000001e+01
76861 0 +8.828493492e-13 +1.460000000e+01 +1.460000000e+01
100000 0 +1.421085472e-14 +1.460000000e+01 +1.460000000e+01
% f evaluations | g evaluations | best noise-free fitness - Fopt (-2.233600000000e+02) + sum g_i+ | measured fitness | best measured fitness or single-digit g-values | x1 | x2...
1 0 +4.013036560e+05 +4.010802960e+05 +4.010802960e+05
2 0 +1.935301051e+05 +1.933067451e+05 +1.933067451e+05
320 0 +1.710177301e+05 +1.707943701e+05 +1.707943701e+05
321 0 +1.527862483e+05 +1.525628883e+05 +1.525628883e+05
323 0 +1.046975721e+05 +1.044742121e+05 +1.044742121e+05
330 0 +9.436451686e+04 +9.414115686e+04 +9.414115686e+04
331 0 +6.939377894e+04 +6.917041894e+04 +6.917041894e+04
334 0 +6.201732319e+04 +6.179396319e+04 +6.179396319e+04
337 0 +4.796445773e+04 +4.774109773e+04 +4.774109773e+04
340 0 +3.615399008e+04 +3.593063008e+04 +3.593063008e+04
341 0 +3.537455166e+04 +3.515119166e+04 +3.515119166e+04
343 0 +1.519120896e+04 +1.496784896e+04 +1.496784896e+04
346 0 +1.396743581e+04 +1.374407581e+04 +1.374407581e+04
350 0 +1.243900978e+04 +1.221564978e+04 +1.221564978e+04
351 0 +8.188845587e+03 +7.965485587e+03 +7.965485587e+03
354 0 +4.554155496e+03 +4.330795496e+03 +4.330795496e+03
357 0 +2.391241092e+02 +1.576410923e+01 +1.576410923e+01
360 0 +1.372502593e+02 -8.610974072e+01 -8.610974072e+01
362 0 +2.796173357e+01 -1.953982664e+02 -1.953982664e+02
363 0 +2.396002163e+01 -1.993999784e+02 -1.993999784e+02
379 0 +2.200520879e+01 -2.013547912e+02 -2.013547912e+02
381 0 +1.763043245e+01 -2.057295676e+02 -2.057295676e+02
392 0 +1.121369588e+01 -2.121463041e+02 -2.121463041e+02
452 0 +7.404942342e+00 -2.159550577e+02 -2.159550577e+02
457 0 +6.798914127e+00 -2.165610859e+02 -2.165610859e+02
475 0 +6.259813950e+00 -2.171001860e+02 -2.171001860e+02
485 0 +4.232152382e+00 -2.191278476e+02 -2.191278476e+02
524 0 +2.840384365e+00 -2.205196156e+02 -2.205196156e+02
530 0 +2.793969709e+00 -2.205660303e+02 -2.205660303e+02
532 0 +2.369407562e+00 -2.209905924e+02 -2.209905924e+02
579 0 +1.730751462e+00 -2.216292485e+02 -2.216292485e+02
599 0 +1.438707823e+00 -2.219212922e+02 -2.219212922e+02
604 0 +1.234354502e+00 -2.221256455e+02 -2.221256455e+02
619 0 +1.046732555e+00 -2.223132674e+02 -2.223132674e+02
621 0 +9.998204606e-01 -2.223601795e+02 -2.223601795e+02
639 0 +8.740195863e-01 -2.224859804e+02 -2.224859804e+02
658 0 +7.423673990e-01 -2.226176326e+02 -2.226176326e+02
713 0 +6.982373414e-01 -2.226617627e+02 -2.226617627e+02
728 0 +6.303207519e-01 -2.227296792e+02 -2.227296792e+02
733 0 +5.378689900e-01 -2.228221310e+02 -2.228221310e+02
752 0 +4.229303550e-01 -2.229370696e+02 -2.229370696e+02
784 0 +3.800262372e-01 -2.229799738e+02 -2.229799738e+02
808 0 +3.457736826e-01 -2.230142263e+02 -2.230142263e+02
824 0 +2.530798843e-01 -2.231069201e+02 -2.231069201e+02
828 0 +2.456983520e-01 -2.231143016e+02 -2.231143016e+02
864 0 +1.769247795e-01 -2.231830752e+02 -2.231830752e+02
884 0 +1.466486695e-01 -2.232133513e+02 -2.232133513e+02
930 0 +1.330518562e-01 -2.232269481e+02 -2.232269481e+02
949 0 +1.246950664e-01 -2.232353049e+02 -2.232353049e+02
968 0 +1.095833726e-01 -2.232504166e+02 -2.232504166e+02
978 0 +9.822258519e-02 -2.232617774e+02 -2.232617774e+02
1024 0 +7.993103054e-02 -2.232800690e+02 -2.232800690e+02
1025 0 +7.682169331e-02 -2.232831783e+02 -2.232831783e+02
1044 0 +5.493220350e-02 -2.233050678e+02 -2.233050678e+02
1045 0 +4.590442618e-02 -2.233140956e+02 -2.233140956e+02
1053 0 +4.363947795e-02 -2.233163605e+02 -2.233163605e+02
1105 0 +3.904112020e-02 -2.233209589e+02 -2.233209589e+02
1124 0 +3.013215542e-02 -2.233298678e+02 -2.233298678e+02
1144 0 +2.445088219e-02 -2.233355491e+02 -2.233355491e+02
1164 0 +2.118775293e-02 -2.233388122e+02 -2.233388122e+02
1184 0 +1.674678184e-02 -2.233432532e+02 -2.233432532e+02
1225 0 +1.564682360e-02 -2.233443532e+02 -2.233443532e+02
1245 0 +1.312742394e-02 -2.233468726e+02 -2.233468726e+02
1252 0 +1.195971545e-02 -2.233480403e+02 -2.233480403e+02
1265 0 +1.011205959e-02 -2.233498879e+02 -2.233498879e+02
1272 0 +9.334166340e-03 -2.233506658e+02 -2.233506658e+02
1285 0 +8.712716032e-03 -2.233512873e+02 -2.233512873e+02
1304 0 +7.561667316e-03 -2.233524383e+02 -2.233524383e+02
1308 0 +6.783238486e-03 -2.233532168e+02 -2.233532168e+02
1324 0 +4.808615993e-03 -2.233551914e+02 -2.233551914e+02
1344 0 +4.367632626e-03 -2.233556324e+02 -2.233556324e+02
1345 0 +3.933409295e-03 -2.233560666e+02 -2.233560666e+02
1384 0 +2.972702897e-03 -2.233570273e+02 -2.233570273e+02
1392 0 +2.660996616e-03 -2.233573390e+02 -2.233573390e+02
1404 0 +2.451191287e-03 -2.233575488e+02 -2.233575488e+02
1412 0 +2.224939540e-03 -2.233577751e+02 -2.233577751e+02
1424 0 +1.693840731e-03 -2.233583062e+02 -2.233583062e+02
1433 0 +1.494318211e-03 -2.233585057e+02 -2.233585057e+02
1444 0 +1.204918080e-03 -2.233587951e+02 -2.233587951e+02
1453 0 +1.051121738e-03 -2.233589489e+02 -2.233589489e+02
1464 0 +8.464653840e-04 -2.233591535e+02 -2.233591535e+02
1512 0 +7.678259147e-04 -2.233592322e+02 -2.233592322e+02
1532 0 +6.616920255e-04 -2.233593383e+02 -2.233593383e+02
1545 0 +5.813459333e-04 -2.233594187e+02 -2.233594187e+02
1552 0 +5.346872061e-04 -2.233594653e+02 -2.233594653e+02
1564 0 +4.581857235e-04 -2.233595418e+02 -2.233595418e+02
1585 0 +2.974285491e-04 -2.233597026e+02 -2.233597026e+02
1612 0 +2.724711120e-04 -2.233597275e+02 -2.233597275e+02
1793 0 +2.497118762e-04 -2.233597503e+02 -2.233597503e+02
1913 0 +2.228430833e-04 -2.233597772e+02 -2.233597772e+02
2133 0 +1.989759314e-04 -2.233598010e+02 -2.233598010e+02
2672 0 +1.777864431e-04 -2.233598222e+02 -2.233598222e+02
3665 0 +1.584530019e-04 -2.233598415e+02 -2.233598415e+02
5773 0 +1.411784495e-04 -2.233598588e+02 -2.233598588e+02
7285 0 +1.258765994e-04 -2.233598741e+02 -2.233598741e+02
8693 0 +1.121876919e-04 -2.233598878e+02 -2.233598878e+02
10093 0 +9.996461580e-05 -2.233599000e+02 -2.233599000e+02
11865 0 +8.911909836e-05 -2.233599109e+02 -2.233599109e+02
14013 0 +7.938071312e-05 -2.233599206e+02 -2.233599206e+02
15673 0 +7.077803650e-05 -2.233599292e+02 -2.233599292e+02
17185 0 +6.306934446e-05 -2.233599369e+02 -2.233599369e+02
19873 0 +5.622342184e-05 -2.233599438e+02 -2.233599438e+02
24253 0 +5.009753858e-05 -2.233599499e+02 -2.233599499e+02
26533 0 +4.464880331e-05 -2.233599554e+02 -2.233599554e+02
28233 0 +3.978168073e-05 -2.233599602e+02 -2.233599602e+02
30193 0 +3.548116788e-05 -2.233599645e+02 -2.233599645e+02
34053 0 +3.161859019e-05 -2.233599684e+02 -2.233599684e+02
44373 0 +2.818252239e-05 -2.233599718e+02 -2.233599718e+02
47788 0 +2.511768426e-05 -2.233599749e+02 -2.233599749e+02
49993 0 +2.237298636e-05 -2.233599776e+02 -2.233599776e+02
52033 0 +1.993362559e-05 -2.233599801e+02 -2.233599801e+02
54268 0 +1.778171372e-05 -2.233599822e+02 -2.233599822e+02
61913 0 +1.584881318e-05 -2.233599842e+02 -2.233599842e+02
72933 0 +1.411963109e-05 -2.233599859e+02 -2.233599859e+02
76753 0 +1.258375656e-05 -2.233599874e+02 -2.233599874e+02
79968 0 +1.122007407e-05 -2.233599888e+02 -2.233599888e+02
83393 0 +9.997117331e-06 -2.233599900e+02 -2.233599900e+02
88353 0 +8.912502807e-06 -2.233599911e+02 -2.233599911e+02
95508 0 +7.943260329e-06 -2.233599921e+02 -2.233599921e+02
99533 0 +7.078612043e-06 -2.233599929e+02 -2.233599929e+02
100000 0 +6.968506995e-06 -2.233599930e+02 -2.233599930e+02
% f evaluations | g evaluations | best noise-free fitness - Fopt (4.846300000000e+02) + sum g_i+ | measured fitness | best measured fitness or single-digit g-values | x1 | x2...
1 0 +1.917978513e+05 +1.922824813e+05 +1.922824813e+05
2 0 +1.138067782e+05 +1.142914082e+05 +1.142914082e+05
13 0 +9.239545113e+04 +9.288008113e+04 +9.288008113e+04
25 0 +6.515631801e+04 +6.564094801e+04 +6.564094801e+04
313 0 +6.192109964e+04 +6.240572964e+04 +6.240572964e+04
320 0 +4.837419035e+04 +4.885882035e+04 +4.885882035e+04
321 0 +3.159067280e+04 +3.207530280e+04 +3.207530280e+04
326 0 +1.878122966e+04 +1.926585966e+04 +1.926585966e+04
327 0 +1.767145504e+04 +1.815608504e+04 +1.815608504e+04
330 0 +1.360728796e+04 +1.409191796e+04 +1.409191796e+04
333 0 +5.433035435e+03 +5.917665435e+03 +5.917665435e+03
335 0 +2.974193752e+03 +3.458823752e+03 +3.458823752e+03
340 0 +2.537535517e+03 +3.022165517e+03 +3.022165517e+03
341 0 +1.119240274e+03 +1.603870274e+03 +1.603870274e+03
345 0 +7.440564179e+02 +1.228686418e+03 +1.228686418e+03
347 0 +7.423187552e+01 +5.588618755e+02 +5.588618755e+02
358 0 +5.614506834e+01 +5.407750683e+02 +5.407750683e+02
366 0 +4.989861777e+01 +5.345286178e+02 +5.345286178e+02
372 0 +4.140417509e+01 +5.260341751e+02 +5.260341751e+02
378 0 +3.860179122e+01 +5.232317912e+02 +5.232317912e+02
393 0 +3.351860008e+01 +5.181486001e+02 +5.181486001e+02
396 0 +2.560148730e+01 +5.102314873e+02 +5.102314873e+02
409 0 +2.220125150e+01 +5.068312515e+02 +5.068312515e+02
432 0 +1.732930213e+01 +5.019593021e+02 +5.019593021e+02
508 0 +1.557642900e+01 +5.002064290e+02 +5.002064290e+02
519 0 +1.410683430e+01 +4.987368343e+02 +4.987368343e+02
543 0 +1.252334385e+01 +4.971533438e+02 +4.971533438e+02
569 0 +1.103299827e+01 +4.956629983e+02 +4.956629983e+02
583 0 +9.446718624e+00 +4.940767186e+02 +4.940767186e+02
589 0 +8.586297162e+00 +4.932162972e+02 +4.932162972e+02
603 0 +7.577369618e+00 +4.922073696e+02 +4.922073696e+02
623 0 +7.022769135e+00 +4.916527691e+02 +4.916527691e+02
654 0 +6.249199288e+00 +4.908791993e+02 +4.908791993e+02
669 0 +5.364722691e+00 +4.899947227e+02 +4.899947227e+02
676 0 +4.802778973e+00 +4.894327790e+02 +4.894327790e+02
683 0 +4.455780283e+00 +4.890857803e+02 +4.890857803e+02
703 0 +3.787925214e+00 +4.884179252e+02 +4.884179252e+02
709 0 +3.347712200e+00 +4.879777122e+02 +4.879777122e+02
712 0 +3.140199427e+00 +4.877701994e+02 +4.877701994e+02
739 0 +2.812030694e+00 +4.874420307e+02 +4.874420307e+02
749 0 +2.452938436e+00 +4.870829384e+02 +4.870829384e+02
769 0 +1.903142587e+00 +4.865331426e+02 +4.865331426e+02
772 0 +1.601032083e+00 +4.862310321e+02 +4.862310321e+02
776 0 +1.417691690e+00 +4.860476917e+02 +4.860476917e+02
788 0 +1.407077736e+00 +4.860370777e+02 +4.860370777e+02
809 0 +1.150314050e+00 +4.857803140e+02 +4.857803140e+02
818 0 +1.093856761e+00 +4.857238568e+02 +4.857238568e+02
832 0 +9.333030230e-01 +4.855633030e+02 +4.855633030e+02
869 0 +7.965247521e-01 +4.854265248e+02 +4.854265248e+02
874 0 +7.772454978e-01 +4.854072455e+02 +4.854072455e+02
949 0 +6.970703374e-01 +4.853270703e+02 +4.853270703e+02
963 0 +6.019669639e-01 +4.852319670e+02 +4.852319670e+02
969 0 +5.329727022e-01 +4.851629727e+02 +4.851629727e+02
976 0 +4.829762697e-01 +4.851129763e+02 +4.851129763e+02
983 0 +4.424895651e-01 +4.850724896e+02 +4.850724896e+02
999 0 +3.964601613e-01 +4.850264602e+02 +4.850264602e+02
1009 0 +3.526329229e-01 +4.849826329e+02 +4.849826329e+02
1029 0 +2.871489482e-01 +4.849171489e+02 +4.849171489e+02
1032 0 +2.691649028e-01 +4.848991649e+02 +4.848991649e+02
1043 0 +2.467026892e-01 +4.848767027e+02 +4.848767027e+02
1049 0 +2.189620480e-01 +4.848489620e+02 +4.848489620e+02
1056 0 +1.898700177e-01 +4.848198700e+02 +4.848198700e+02
1063 0 +1.726482537e-01 +4.848026483e+02 +4.848026483e+02
1069 0 +1.522026288e-01 +4.847822026e+02 +4.847822026e+02
1089 0 +1.261475531e-01 +4.847561476e+02 +4.847561476e+02
1092 0 +1.017501213e-01 +4.847317501e+02 +4.847317501e+02
1096 0 +8.570752797e-02 +4.847157075e+02 +4.847157075e+02
1139 0 +7.909612472e-02 +4.847090961e+02 +4.847090961e+02
1154 0 +7.077767264e-02 +4.847007777e+02 +4.847007777e+02
1161 0 +6.267381481e-02 +4.846926738e+02 +4.846926738e+02
1163 0 +5.594238445e-02 +4.846859424e+02 +4.846859424e+02
1169 0 +4.612627384e-02 +4.846761263e+02 +4.846761263e+02
1172 0 +4.324534409e-02 +4.846732453e+02 +4.846732453e+02
1189 0 +3.708238628e-02 +4.846670824e+02 +4.846670824e+02
1192 0 +3.073395835e-02 +4.846607340e+02 +4.846607340e+02
1203 0 +2.691472873e-02 +4.846569147e+02 +4.846569147e+02
1229 0 +2.227055541e-02 +4.846522706e+02 +4.846522706e+02
1249 0 +1.633394263e-02 +4.846463339e+02 +4.846463339e+02
1279 0 +1.559327138e-02 +4.846455933e+02 +4.846455933e+02
1312 0 +1.045692087e-02 +4.846404569e+02 +4.846404569e+02
1316 0 +8.265833045e-03 +4.846382658e+02 +4.846382658e+02
1329 0 +4.733789254e-03 +4.846347338e+02 +4.846347338e+02
1389 0 +4.322117835e-03 +4.846343221e+02 +4.846343221e+02
1408 0 +3.922570347e-03 +4.846339226e+02 +4.846339226e+02
1414 0 +2.960045450e-03 +4.846329600e+02 +4.846329600e+02
1452 0 +2.509290899e-03 +4.846325093e+02 +4.846325093e+02
1456 0 +2.127221605e-03 +4.846321272e+02 +4.846321272e+02
1458 0 +1.673650430e-03 +4.846316737e+02 +4.846316737e+02
1472 0 +1.325504213e-03 +4.846313255e+02 +4.846313255e+02
1476 0 +9.771723908e-04 +4.846309772e+02 +4.846309772e+02
1483 0 +8.320088070e-04 +4.846308320e+02 +4.846308320e+02
1489 0 +5.812724732e-04 +4.846305813e+02 +4.846305813e+02
1532 0 +5.231330225e-04 +4.846305231e+02 +4.846305231e+02
1534 0 +4.920771501e-04 +4.846304921e+02 +4.846304921e+02
1537 0 +4.372936795e-04 +4.846304373e+02 +4.846304373e+02
1549 0 +3.377180578e-04 +4.846303377e+02 +4.846303377e+02
1554 0 +2.691769224e-04 +4.846302692e+02 +4.846302692e+02
1592 0 +2.410125095e-04 +4.846302410e+02 +4.846302410e+02
1594 0 +2.026525492e-04 +4.846302027e+02 +4.846302027e+02
1598 0 +1.684720788e-04 +4.846301685e+02 +4.846301685e+02
1603 0 +1.545159170e-04 +4.846301545e+02 +4.846301545e+02
1616 0 +1.331847852e-04 +4.846301332e+02 +4.846301332e+02
1618 0 +1.103010141e-04 +4.846301103e+02 +4.846301103e+02
1672 0 +9.066251738e-05 +4.846300907e+02 +4.846300907e+02
1674 0 +7.924807159e-05 +4.846300792e+02 +4.846300792e+02
1692 0 +6.930861230e-05 +4.846300693e+02 +4.846300693e+02
1734 0 +6.261876371e-05 +4.846300626e+02 +4.846300626e+02
1754 0 +5.376929511e-05 +4.846300538e+02 +4.846300538e+02
1774 0 +4.916072527e-05 +4.846300492e+02 +4.846300492e+02
1776 0 +4.293411786e-05 +4.846300429e+02 +4.846300429e+02
1788 0 +3.859503676e-05 +4.846300386e+02 +4.846300386e+02
1794 0 +3.400315006e-05 +4.846300340e+02 +4.846300340e+02
1796 0 +3.035625247e-05 +4.846300304e+02 +4.846300304e+02
1852 0 +2.805433036e-05 +4.846300281e+02 +4.846300281e+02
1856 0 +2.337029628e-05 +4.846300234e+02 +4.846300234e+02
1862 0 +2.194167274e-05 +4.846300219e+02 +4.846300219e+02
1872 0 +1.981929552e-05 +4.846300198e+02 +4.846300198e+02
1874 0 +1.735291607e-05 +4.846300174e+02 +4.846300174e+02
1896 0 +1.573049195e-05 +4.846300157e+02 +4.846300157e+02
1916 0 +1.301102066e-05 +4.846300130e+02 +4.846300130e+02
1932 0 +1.188330378e-05 +4.846300119e+02 +4.846300119e+02
1934 0 +9.618473314e-06 +4.846300096e+02 +4.846300096e+02
1974 0 +8.415803848e-06 +4.846300084e+02 +4.846300084e+02
1976 0 +7.772501192e-06 +4.846300078e+02 +4.846300078e+02
2034 0 +6.360063708e-06 +4.846300064e+02 +4.846300064e+02
2036 0 +5.967105267e-06 +4.846300060e+02 +4.846300060e+02
2054 0 +5.228250245e-06 +4.846300052e+02 +4.846300052e+02
2072 0 +4.934901710e-06 +4.846300049e+02 +4.846300049e+02
2074 0 +4.362767925e-06 +4.846300044e+02 +4.846300044e+02
2132 0 +3.942912485e-06 +4.846300039e+02 +4.846300039e+02
2142 0 +3.510363626e-06 +4.846300035e+02 +4.846300035e+02
2174 0 +3.160171218e-06 +4.846300032e+02 +4.846300032e+02
2214 0 +2.594192893e-06 +4.846300026e+02 +4.846300026e+02
2222 0 +2.471853804e-06 +4.846300025e+02 +4.846300025e+02
2234 0 +1.969538857e-06 +4.846300020e+02 +4.846300020e+02
2254 0 +1.763513296e-06 +4.846300018e+02 +4.846300018e+02
2294 0 +1.366350318e-06 +4.846300014e+02 +4.846300014e+02
2296 0 +1.247476803e-06 +4.846300012e+02 +4.846300012e+02
2314 0 +1.046161401e-06 +4.846300010e+02 +4.846300010e+02
2343 0 +9.734721402e-07 +4.846300010e+02 +4.846300010e+02
2414 0 +8.633879247e-07 +4.846300009e+02 +4.846300009e+02
2462 0 +7.901258527e-07 +4.846300008e+02 +4.846300008e+02
2474 0 +7.042813763e-07 +4.846300007e+02 +4.846300007e+02
2503 0 +6.264750141e-07 +4.846300006e+02 +4.846300006e+02
2583 0 +5.614945167e-07 +4.846300006e+02 +4.846300006e+02
2883 0 +5.009252959e-07 +4.846300005e+02 +4.846300005e+02
3854 0 +4.466660926e-07 +4.846300004e+02 +4.846300004e+02
4674 0 +3.977454526e-07 +4.846300004e+02 +4.846300004e+02
5974 0 +3.547656888e-07 +4.846300004e+02 +4.846300004e+02
8074 0 +3.160644155e-07 +4.846300003e+02 +4.846300003e+02
9603 0 +2.818138114e-07 +4.846300003e+02 +4.846300003e+02
10674 0 +2.509923434e-07 +4.846300003e+02 +4.846300003e+02
11614 0 +2.237599119e-07 +4.846300002e+02 +4.846300002e+02
13134 0 +1.995028356e-07 +4.846300002e+02 +4.846300002e+02
17283 0 +1.777664238e-07 +4.846300002e+02 +4.846300002e+02
18983 0 +1.584862730e-07 +4.846300002e+02 +4.846300002e+02
20094 0 +1.412307711e-07 +4.846300001e+02 +4.846300001e+02
21094 0 +1.258428028e-07 +4.846300001e+02 +4.846300001e+02
22205 0 +1.121966875e-07 +4.846300001e+02 +4.846300001e+02
25463 0 +9.999365602e-08 +4.846300001e+02 +4.846300001e+02
27394 0 +8.911132454e-08 +4.846300001e+02 +4.846300001e+02
28263 0 +7.942492175e-08 +4.846300001e+02 +4.846300001e+02
28994 0 +7.076710062e-08 +4.846300001e+02 +4.846300001e+02
29749 0 +6.308573575e-08 +4.846300001e+02 +4.846300001e+02
30852 0 +5.623127208e-08 +4.846300001e+02 +4.846300001e+02
33374 0 +5.011395388e-08 +4.846300001e+02 +4.846300001e+02
36483 0 +4.465681513e-08 +4.846300000e+02 +4.846300000e+02
38805 0 +3.980949259e-08 +4.846300000e+02 +4.846300000e+02
41294 0 +3.547847882e-08 +4.846300000e+02 +4.846300000e+02
44474 0 +3.161676432e-08 +4.846300000e+02 +4.846300000e+02
48314 0 +2.817995437e-08 +4.846300000e+02 +4.846300000e+02
51283 0 +2.511654884e-08 +4.846300000e+02 +4.846300000e+02
53914 0 +2.238613206e-08 +4.846300000e+02 +4.846300000e+02
57243 0 +1.994885679e-08 +4.846300000e+02 +4.846300000e+02
60243 0 +1.778215619e-08 +4.846300000e+02 +4.846300000e+02
63814 0 +1.584731990e-08 +4.846300000e+02 +4.846300000e+02
66683 0 +1.412001893e-08 +4.846300000e+02 +4.846300000e+02
69734 0 +1.258769089e-08 +4.846300000e+02 +4.846300000e+02
74503 0 +1.121895821e-08 +4.846300000e+02 +4.846300000e+02
95205 0 +9.999894246e-09 +4.846300000e+02 +4.846300000e+02
100000 0 +9.434472759e-09 +4.846300000e+02 +4.846300000e+02
% f evaluations | g evaluations | best noise-free fitness - Fopt (4.112500000000e+02) + sum g_i+ | measured fitness | best measured fitness or single-digit g-values | x1 | x2...
1 0 +2.803922560e+05 +2.808035060e+05 +2.808035060e+05
2 0 +1.822246914e+05 +1.826359414e+05 +1.826359414e+05
4 0 +6.947419161e+04 +6.988544161e+04 +6.988544161e+04
22 0 +3.130062622e+04 +3.171187622e+04 +3.171187622e+04
46 0 +1.841565643e+04 +1.882690643e+04 +1.882690643e+04
333 0 +1.424264747e+04 +1.465389747e+04 +1.465389747e+04
335 0 +1.318784345e+04 +1.359909345e+04 +1.359909345e+04
337 0 +3.266989420e+03 +3.678239420e+03 +3.678239420e+03
339 0 +2.336146670e+03 +2.747396670e+03 +2.747396670e+03
344 0 +4.250242922e+01 +4.537524292e+02 +4.537524292e+02
445 0 +3.977704916e+01 +4.510270492e+02 +4.510270492e+02
491 0 +3.527195370e+01 +4.465219537e+02 +4.465219537e+02
530 0 +3.057628513e+01 +4.418262851e+02 +4.418262851e+02
810 0 +2.811860123e+01 +4.393686012e+02 +4.393686012e+02
1765 0 +2.511354995e+01 +4.363635499e+02 +4.363635499e+02
6556 0 +2.238445568e+01 +4.336344557e+02 +4.336344557e+02
8410 0 +1.993137423e+01 +4.311813742e+02 +4.311813742e+02
9590 0 +1.776167376e+01 +4.290116738e+02 +4.290116738e+02
10650 0 +1.584398832e+01 +4.270939883e+02 +4.270939883e+02
11850 0 +1.410764411e+01 +4.253576441e+02 +4.253576441e+02
14450 0 +1.258815478e+01 +4.238381548e+02 +4.238381548e+02
17682 0 +1.121940961e+01 +4.224694096e+02 +4.224694096e+02
18710 0 +9.989529087e+00 +4.212395291e+02 +4.212395291e+02
19910 0 +8.909609133e+00 +4.201596091e+02 +4.201596091e+02
21690 0 +7.938251144e+00 +4.191882511e+02 +4.191882511e+02
24310 0 +7.076929112e+00 +4.183269291e+02 +4.183269291e+02
28790 0 +6.307853879e+00 +4.175578539e+02 +4.175578539e+02
31090 0 +5.617489097e+00 +4.168674891e+02 +4.168674891e+02
32830 0 +5.011133591e+00 +4.162611336e+02 +4.162611336e+02
34650 0 +4.465090227e+00 +4.157150902e+02 +4.157150902e+02
36801 0 +3.980775403e+00 +4.152307754e+02 +4.152307754e+02
38750 0 +3.546567349e+00 +4.147965673e+02 +4.147965673e+02
40330 0 +3.160975716e+00 +4.144109757e+02 +4.144109757e+02
41850 0 +2.818217571e+00 +4.140682176e+02 +4.140682176e+02
43867 0 +2.511841832e+00 +4.137618418e+02 +4.137618418e+02
45310 0 +2.235476778e+00 +4.134854768e+02 +4.134854768e+02
46093 0 +1.994564748e+00 +4.132445647e+02 +4.132445647e+02
46753 0 +1.776315908e+00 +4.130263159e+02 +4.130263159e+02
47390 0 +1.582837863e+00 +4.128328379e+02 +4.128328379e+02
48230 0 +1.411811939e+00 +4.126618119e+02 +4.126618119e+02
50010 0 +1.258630372e+00 +4.125086304e+02 +4.125086304e+02
50570 0 +1.120668068e+00 +4.123706681e+02 +4.123706681e+02
50999 0 +9.988598552e-01 +4.122488599e+02 +4.122488599e+02
51410 0 +8.906856806e-01 +4.121406857e+02 +4.121406857e+02
52390 0 +7.941186879e-01 +4.120441187e+02 +4.120441187e+02
55330 0 +7.077684201e-01 +4.119577684e+02 +4.119577684e+02
56570 0 +6.308174257e-01 +4.118808174e+02 +4.118808174e+02
57298 0 +5.619915491e-01 +4.118119915e+02 +4.118119915e+02
57970 0 +5.009457171e-01 +4.117509457e+02 +4.117509457e+02
58750 0 +4.459072191e-01 +4.116959072e+02 +4.116959072e+02
59990 0 +3.978872441e-01 +4.116478872e+02 +4.116478872e+02
61210 0 +3.547427086e-01 +4.116047427e+02 +4.116047427e+02
61953 0 +3.159217127e-01 +4.115659217e+02 +4.115659217e+02
62618 0 +2.815085806e-01 +4.115315086e+02 +4.115315086e+02
63370 0 +2.508897446e-01 +4.115008897e+02 +4.115008897e+02
64078 0 +2.237597551e-01 +4.114737598e+02 +4.114737598e+02
64630 0 +1.992362956e-01 +4.114492363e+02 +4.114492363e+02
65098 0 +1.774983416e-01 +4.114274983e+02 +4.114274983e+02
66051 0 +1.583988903e-01 +4.114083989e+02 +4.114083989e+02
67950 0 +1.411514690e-01 +4.113911515e+02 +4.113911515e+02
68870 0 +1.256718073e-01 +4.113756718e+02 +4.113756718e+02
69450 0 +1.118873849e-01 +4.113618874e+02 +4.113618874e+02
69958 0 +9.983137809e-02 +4.113498314e+02 +4.113498314e+02
70570 0 +8.904579089e-02 +4.113390458e+02 +4.113390458e+02
73410 0 +7.942448823e-02 +4.113294245e+02 +4.113294245e+02
75390 0 +7.069326976e-02 +4.113206933e+02 +4.113206933e+02
76230 0 +6.295226321e-02 +4.113129523e+02 +4.113129523e+02
76918 0 +5.617853201e-02 +4.113061785e+02 +4.113061785e+02
77610 0 +5.010944833e-02 +4.113001094e+02 +4.113001094e+02
78627 0 +4.466744745e-02 +4.112946674e+02 +4.112946674e+02
81033 0 +3.981014286e-02 +4.112898101e+02 +4.112898101e+02
81830 0 +3.545926008e-02 +4.112854593e+02 +4.112854593e+02
82438 0 +3.161335045e-02 +4.112816134e+02 +4.112816134e+02
83030 0 +2.818296184e-02 +4.112781830e+02 +4.112781830e+02
84398 0 +2.511467555e-02 +4.112751147e+02 +4.112751147e+02
86470 0 +2.238662942e-02 +4.112723866e+02 +4.112723866e+02
87979 0 +1.994711591e-02 +4.112699471e+02 +4.112699471e+02
89190 0 +1.777378061e-02 +4.112677738e+02 +4.112677738e+02
90533 0 +1.584532522e-02 +4.112658453e+02 +4.112658453e+02
91890 0 +1.411157237e-02 +4.112641116e+02 +4.112641116e+02
93350 0 +1.258392589e-02 +4.112625839e+02 +4.112625839e+02
94798 0 +1.121451105e-02 +4.112612145e+02 +4.112612145e+02
96250 0 +9.999716446e-03 +4.112599997e+02 +4.112599997e+02
98470 0 +8.910506291e-03 +4.112589105e+02 +4.112589105e+02
100000 0 +8.581744657e-03 +4.112585817e+02 +4.112585817e+02
% f evaluations | g evaluations | best noise-free fitness - Fopt (-4.847400000000e+02) + sum g_i+ | measured fitness | best measured fitness or single-digit g-values | x1 | x2...
1 0 +4.215738758e+05 +4.210891358e+05 +4.210891358e+05
2 0 +3.286531467e+05 +3.281684067e+05 +3.281684067e+05
17 0 +2.956379805e+05 +2.951532405e+05 +2.951532405e+05
312 0 +2.530016476e+05 +2.525169076e+05 +2.525169076e+05
313 0 +1.953615328e+05 +1.948767928e+05 +1.948767928e+05
315 0 +1.771730558e+05 +1.766883158e+05 +1.766883158e+05
320 0 +1.440016101e+05 +1.435168701e+05 +1.435168701e+05
321 0 +1.295336058e+05 +1.290488658e+05 +1.290488658e+05
323 0 +1.215574628e+05 +1.210727228e+05 +1.210727228e+05
328 0 +8.889268809e+04 +8.840794809e+04 +8.840794809e+04
330 0 +7.738059151e+04 +7.689585151e+04 +7.689585151e+04
332 0 +5.897868524e+04 +5.849394524e+04 +5.849394524e+04
333 0 +3.208918243e+04 +3.160444243e+04 +3.160444243e+04
335 0 +3.024163436e+04 +2.975689436e+04 +2.975689436e+04
340 0 +1.742887170e+04 +1.694413170e+04 +1.694413170e+04
348 0 +1.148675785e+04 +1.100201785e+04 +1.100201785e+04
350 0 +7.407980312e+03 +6.923240312e+03 +6.923240312e+03
352 0 +2.035977890e+03 +1.551237890e+03 +1.551237890e+03
363 0 +2.404279840e+01 -4.606972016e+02 -4.606972016e+02
413 0 +2.062967442e+01 -4.641103256e+02 -4.641103256e+02
416 0 +1.505455805e+01 -4.696854419e+02 -4.696854419e+02
419 0 +1.285238591e+01 -4.718876141e+02 -4.718876141e+02
421 0 +1.200094150e+01 -4.727390585e+02 -4.727390585e+02
436 0 +8.127702380e+00 -4.766122976e+02 -4.766122976e+02
485 0 +7.919769501e+00 -4.768202305e+02 -4.768202305e+02
489 0 +6.986853797e+00 -4.777531462e+02 -4.777531462e+02
501 0 +5.274210621e+00 -4.794657894e+02 -4.794657894e+02
509 0 +4.418425160e+00 -4.803215748e+02 -4.803215748e+02
516 0 +3.748233550e+00 -4.809917665e+02 -4.809917665e+02
521 0 +2.859509375e+00 -4.818804906e+02 -4.818804906e+02
525 0 +2.792084913e+00 -4.819479151e+02 -4.819479151e+02
536 0 +2.261789093e+00 -4.824782109e+02 -4.824782109e+02
541 0 +1.479591501e+00 -4.832604085e+02 -4.832604085e+02
544 0 +1.369436996e+00 -4.833705630e+02 -4.833705630e+02
589 0 +8.730699824e-01 -4.838669300e+02 -4.838669300e+02
601 0 +7.216543568e-01 -4.840183456e+02 -4.840183456e+02
604 0 +7.020964021e-01 -4.840379036e+02 -4.840379036e+02
609 0 +4.567408881e-01 -4.842832591e+02 -4.842832591e+02
616 0 +3.926744713e-01 -4.843473255e+02 -4.843473255e+02
621 0 +2.631928675e-01 -4.844768071e+02 -4.844768071e+02
649 0 +2.366212294e-01 -4.845033788e+02 -4.845033788e+02
654 0 +2.026371234e-01 -4.845373629e+02 -4.845373629e+02
656 0 +1.740886952e-01 -4.845659113e+02 -4.845659113e+02
664 0 +1.566444823e-01 -4.845833555e+02 -4.845833555e+02
669 0 +1.408531461e-01 -4.845991469e+02 -4.845991469e+02
681 0 +8.454536268e-02 -4.846554546e+02 -4.846554546e+02
727 0 +7.858458241e-02 -4.846614154e+02 -4.846614154e+02
734 0 +5.627854316e-02 -4.846837215e+02 -4.846837215e+02
741 0 +4.930657438e-02 -4.846906934e+02 -4.846906934e+02
840 0 +4.433780000e-02 -4.846956622e+02 -4.846956622e+02
867 0 +3.948975963e-02 -4.847005102e+02 -4.847005102e+02
884 0 +3.290858384e-02 -4.847070914e+02 -4.847070914e+02
904 0 +2.801928948e-02 -4.847119807e+02 -4.847119807e+02
924 0 +2.402523320e-02 -4.847159748e+02 -4.847159748e+02
936 0 +2.199723892e-02 -4.847180028e+02 -4.847180028e+02
944 0 +1.925987399e-02 -4.847207401e+02 -4.847207401e+02
954 0 +1.773156070e-02 -4.847222684e+02 -4.847222684e+02
964 0 +1.538557294e-02 -4.847246144e+02 -4.847246144e+02
984 0 +1.286156784e-02 -4.847271384e+02 -4.847271384e+02
996 0 +1.150250234e-02 -4.847284975e+02 -4.847284975e+02
1004 0 +9.191560536e-03 -4.847308084e+02 -4.847308084e+02
1014 0 +8.814018566e-03 -4.847311860e+02 -4.847311860e+02
1064 0 +6.776933281e-03 -4.847332231e+02 -4.847332231e+02
1084 0 +5.153994178e-03 -4.847348460e+02 -4.847348460e+02
1104 0 +4.672872312e-03 -4.847353271e+02 -4.847353271e+02
1125 0 +4.442017390e-03 -4.847355580e+02 -4.847355580e+02
1136 0 +3.873666207e-03 -4.847361263e+02 -4.847361263e+02
1144 0 +2.900261194e-03 -4.847370997e+02 -4.847370997e+02
1147 0 +2.692385516e-03 -4.847373076e+02 -4.847373076e+02
1164 0 +2.475241883e-03 -4.847375248e+02 -4.847375248e+02
1224 0 +1.980106514e-03 -4.847380199e+02 -4.847380199e+02
1244 0 +1.595981632e-03 -4.847384040e+02 -4.847384040e+02
1249 0 +1.545104865e-03 -4.847384549e+02 -4.847384549e+02
1264 0 +1.364072255e-03 -4.847386359e+02 -4.847386359e+02
1284 0 +1.151490113e-03 -4.847388485e+02 -4.847388485e+02
1304 0 +9.875043502e-04 -4.847390125e+02 -4.847390125e+02
1316 0 +8.607928990e-04 -4.847391392e+02 -4.847391392e+02
1324 0 +6.875092699e-04 -4.847393125e+02 -4.847393125e+02
1334 0 +6.154920018e-04 -4.847393845e+02 -4.847393845e+02
1344 0 +5.121426746e-04 -4.847394879e+02 -4.847394879e+02
1369 0 +4.997347540e-04 -4.847395003e+02 -4.847395003e+02
1384 0 +3.396523334e-04 -4.847396603e+02 -4.847396603e+02
1387 0 +2.931579392e-04 -4.847397068e+02 -4.847397068e+02
1404 0 +2.694260925e-04 -4.847397306e+02 -4.847397306e+02
1409 0 +1.925965529e-04 -4.847398074e+02 -4.847398074e+02
1424 0 +1.429086238e-04 -4.847398571e+02 -4.847398571e+02
1467 0 +1.384663306e-04 -4.847398615e+02 -4.847398615e+02
1472 0 +1.225808615e-04 -4.847398774e+02 -4.847398774e+02
1481 0 +9.355391757e-05 -4.847399064e+02 -4.847399064e+02
1484 0 +7.659363723e-05 -4.847399234e+02 -4.847399234e+02
1501 0 +6.186350674e-05 -4.847399381e+02 -4.847399381e+02
1536 0 +5.557842377e-05 -4.847399444e+02 -4.847399444e+02
1554 0 +4.434317361e-05 -4.847399557e+02 -4.847399557e+02
1564 0 +3.980551253e-05 -4.847399602e+02 -4.847399602e+02
1569 0 +2.945843357e-05 -4.847399705e+02 -4.847399705e+02
1604 0 +2.805178900e-05 -4.847399719e+02 -4.847399719e+02
1609 0 +2.047330946e-05 -4.847399795e+02 -4.847399795e+02
1616 0 +1.951139137e-05 -4.847399805e+02 -4.847399805e+02
1621 0 +1.637453067e-05 -4.847399836e+02 -4.847399836e+02
1629 0 +1.504587937e-05 -4.847399850e+02 -4.847399850e+02
1644 0 +1.408284260e-05 -4.847399859e+02 -4.847399859e+02
1649 0 +1.017857699e-05 -4.847399898e+02 -4.847399898e+02
1657 0 +9.807496838e-06 -4.847399902e+02 -4.847399902e+02
1669 0 +8.237095415e-06 -4.847399918e+02 -4.847399918e+02
1672 0 +7.926107514e-06 -4.847399921e+02 -4.847399921e+02
1674 0 +6.171311156e-06 -4.847399938e+02 -4.847399938e+02
1689 0 +5.610667756e-06 -4.847399944e+02 -4.847399944e+02
1741 0 +4.466383700e-06 -4.847399955e+02 -4.847399955e+02
1744 0 +3.530310323e-06 -4.847399965e+02 -4.847399965e+02
1761 0 +2.999776143e-06 -4.847399970e+02 -4.847399970e+02
1811 0 +2.796261128e-06 -4.847399972e+02 -4.847399972e+02
1824 0 +1.952604123e-06 -4.847399980e+02 -4.847399980e+02
1844 0 +1.725585548e-06 -4.847399983e+02 -4.847399983e+02
1864 0 +1.368460460e-06 -4.847399986e+02 -4.847399986e+02
1884 0 +9.509147390e-07 -4.847399990e+02 -4.847399990e+02
1904 0 +8.734618291e-07 -4.847399991e+02 -4.847399991e+02
1921 0 +6.472288305e-07 -4.847399994e+02 -4.847399994e+02
1924 0 +5.414659086e-07 -4.847399995e+02 -4.847399995e+02
1929 0 +4.103388278e-07 -4.847399996e+02 -4.847399996e+02
1940 0 +3.866302336e-07 -4.847399996e+02 -4.847399996e+02
1944 0 +2.882652552e-07 -4.847399997e+02 -4.847399997e+02
1987 0 +2.676439408e-07 -4.847399997e+02 -4.847399997e+02
1989 0 +2.325203923e-07 -4.847399998e+02 -4.847399998e+02
1992 0 +2.236590717e-07 -4.847399998e+02 -4.847399998e+02
1997 0 +1.937526122e-07 -4.847399998e+02 -4.847399998e+02
2004 0 +1.771155098e-07 -4.847399998e+02 -4.847399998e+02
2009 0 +1.239177436e-07 -4.847399999e+02 -4.847399999e+02
2021 0 +1.007176706e-07 -4.847399999e+02 -4.847399999e+02
2044 0 +9.425264125e-08 -4.847399999e+02 -4.847399999e+02
2045 0 +8.877674418e-08 -4.847399999e+02 -4.847399999e+02
2056 0 +7.826434967e-08 -4.847399999e+02 -4.847399999e+02
2064 0 +6.215844905e-08 -4.847399999e+02 -4.847399999e+02
2081 0 +5.379871482e-08 -4.847399999e+02 -4.847399999e+02
2089 0 +3.299390983e-08 -4.847400000e+02 -4.847400000e+02
2094 0 +2.860440418e-08 -4.847400000e+02 -4.847400000e+02
2109 0 +2.212226491e-08 -4.847400000e+02 -4.847400000e+02
2124 0 +1.329738097e-08 -4.847400000e+02 -4.847400000e+02
2177 0 +1.172844577e-08 -4.847400000e+02 -4.847400000e+02
2181 0 +1.093081892e-08 -4.847400000e+02 -4.847400000e+02
2229 0 +7.599851415e-09 -4.847400000e+02 -4.847400000e+02
7405 0 +8.526512829e-13 -4.847400000e+02 -4.847400000e+02
100000 0 +2.842170943e-13 -4.847400000e+02 -4.847400000e+02
% f evaluations | g evaluations | best noise-free fitness - Fopt (1.731500000000e+02) + sum g_i+ | measured fitness | best measured fitness or single-digit g-values | x1 | x2...
1 0 +7.054936992e+04 +7.072251992e+04 +7.072251992e+04
4 0 +6.831483731e+04 +6.848798731e+04 +6.848798731e+04
7 0 +3.179957093e+04 +3.197272093e+04 +3.197272093e+04
10 0 +2.361990739e+04 +2.379305739e+04 +2.379305739e+04
25 0 +1.909833660e+04 +1.927148660e+04 +1.927148660e+04
28 0 +9.257873059e+02 +1.098937306e+03 +1.098937306e+03
335 0 +9.072492492e+01 +2.638749249e+02 +2.638749249e+02
341 0 +8.908231947e+01 +2.622323195e+02 +2.622323195e+02
349 0 +7.822506257e+01 +2.513750626e+02 +2.513750626e+02
354 0 +6.687530752e+01 +2.400253075e+02 +2.400253075e+02
357 0 +6.199347181e+01 +2.351434718e+02 +2.351434718e+02
364 0 +4.320842025e+01 +2.163584202e+02 +2.163584202e+02
368 0 +3.643792014e+01 +2.095879201e+02 +2.095879201e+02
372 0 +2.552058481e+01 +1.986705848e+02 +1.986705848e+02
374 0 +2.004894853e+01 +1.931989485e+02 +1.931989485e+02
377 0 +1.853133410e+01 +1.916813341e+02 +1.916813341e+02
384 0 +1.215781136e+01 +1.853078114e+02 +1.853078114e+02
388 0 +9.507924618e+00 +1.826579246e+02 +1.826579246e+02
398 0 +8.910742495e+00 +1.820607425e+02 +1.820607425e+02
424 0 +6.660058136e+00 +1.798100581e+02 +1.798100581e+02
434 0 +5.281724584e+00 +1.784317246e+02 +1.784317246e+02
454 0 +4.936252818e+00 +1.780862528e+02 +1.780862528e+02
486 0 +3.983094354e+00 +1.771330944e+02 +1.771330944e+02
487 0 +3.974364877e+00 +1.771243649e+02 +1.771243649e+02
492 0 +2.881809055e+00 +1.760318091e+02 +1.760318091e+02
497 0 +2.626286271e+00 +1.757762863e+02 +1.757762863e+02
546 0 +2.452812718e+00 +1.756028127e+02 +1.756028127e+02
552 0 +1.919502633e+00 +1.750695026e+02 +1.750695026e+02
559 0 +1.687625184e+00 +1.748376252e+02 +1.748376252e+02
572 0 +1.369895014e+00 +1.745198950e+02 +1.745198950e+02
632 0 +1.166671223e+00 +1.743166712e+02 +1.743166712e+02
666 0 +1.093985984e+00 +1.742439860e+02 +1.742439860e+02
672 0 +8.692096784e-01 +1.740192097e+02 +1.740192097e+02
692 0 +7.452722180e-01 +1.738952722e+02 +1.738952722e+02
732 0 +7.065840163e-01 +1.738565840e+02 +1.738565840e+02
752 0 +5.871049964e-01 +1.737371050e+02 +1.737371050e+02
756 0 +5.585842685e-01 +1.737085843e+02 +1.737085843e+02
766 0 +4.996241979e-01 +1.736496242e+02 +1.736496242e+02
772 0 +4.354063175e-01 +1.735854063e+02 +1.735854063e+02
826 0 +3.922535999e-01 +1.735422536e+02 +1.735422536e+02
899 0 +3.544999547e-01 +1.735045000e+02 +1.735045000e+02
929 0 +3.096551893e-01 +1.734596552e+02 +1.734596552e+02
952 0 +2.748603742e-01 +1.734248604e+02 +1.734248604e+02
1026 0 +2.495453565e-01 +1.733995454e+02 +1.733995454e+02
1072 0 +2.190845845e-01 +1.733690846e+02 +1.733690846e+02
1146 0 +1.993853396e-01 +1.733493853e+02 +1.733493853e+02
1289 0 +1.775938425e-01 +1.733275938e+02 +1.733275938e+02
1699 0 +1.584685170e-01 +1.733084685e+02 +1.733084685e+02
4234 0 +1.412519281e-01 +1.732912519e+02 +1.732912519e+02
6292 0 +1.258378567e-01 +1.732758379e+02 +1.732758379e+02
7572 0 +1.121936431e-01 +1.732621936e+02 +1.732621936e+02
8714 0 +9.998973170e-02 +1.732499897e+02 +1.732499897e+02
11012 0 +8.912222092e-02 +1.732391222e+02 +1.732391222e+02
17752 0 +7.943079075e-02 +1.732294308e+02 +1.732294308e+02
22236 0 +7.079324888e-02 +1.732207932e+02 +1.732207932e+02
24072 0 +6.306934107e-02 +1.732130693e+02 +1.732130693e+02
25609 0 +5.622355660e-02 +1.732062236e+02 +1.732062236e+02
27192 0 +5.010605974e-02 +1.732001061e+02 +1.732001061e+02
29512 0 +4.466738192e-02 +1.731946674e+02 +1.731946674e+02
34969 0 +3.980432000e-02 +1.731898043e+02 +1.731898043e+02
36872 0 +3.545964258e-02 +1.731854596e+02 +1.731854596e+02
38312 0 +3.161489178e-02 +1.731816149e+02 +1.731816149e+02
39789 0 +2.817933574e-02 +1.731781793e+02 +1.731781793e+02
41772 0 +2.511287625e-02 +1.731751129e+02 +1.731751129e+02
44652 0 +2.238014928e-02 +1.731723801e+02 +1.731723801e+02
47649 0 +1.994871239e-02 +1.731699487e+02 +1.731699487e+02
50412 0 +1.777696647e-02 +1.731677770e+02 +1.731677770e+02
53372 0 +1.584512973e-02 +1.731658451e+02 +1.731658451e+02
56512 0 +1.412482422e-02 +1.731641248e+02 +1.731641248e+02
58912 0 +1.258430388e-02 +1.731625843e+02 +1.731625843e+02
60769 0 +1.121942615e-02 +1.731612194e+02 +1.731612194e+02
62712 0 +9.995878706e-03 +1.731599959e+02 +1.731599959e+02
66252 0 +8.911938001e-03 +1.731589119e+02 +1.731589119e+02
73472 0 +7.942917461e-03 +1.731579429e+02 +1.731579429e+02
76089 0 +7.077774108e-03 +1.731570778e+02 +1.731570778e+02
78049 0 +6.309543460e-03 +1.731563095e+02 +1.731563095e+02
80229 0 +5.622722236e-03 +1.731556227e+02 +1.731556227e+02
82752 0 +5.010091790e-03 +1.731550101e+02 +1.731550101e+02
90476 0 +4.466657165e-03 +1.731544667e+02 +1.731544667e+02
93392 0 +3.978453057e-03 +1.731539785e+02 +1.731539785e+02
95329 0 +3.547690437e-03 +1.731535477e+02 +1.731535477e+02
96969 0 +3.160076916e-03 +1.731531601e+02 +1.731531601e+02
98872 0 +2.817342712e-03 +1.731528173e+02 +1.731528173e+02
100000 0 +2.676129691e-03 +1.731526761e+02 +1.731526761e+02
% f evaluations | g evaluations | best noise-free fitness - Fopt (-5.333000000000e+01) + sum g_i+ | measured fitness | best measured fitness or single-digit g-values | x1 | x2...
1 0 +1.058222435e+05 +1.057689135e+05 +1.057689135e+05
5 0 +2.871397678e+04 +2.866064678e+04 +2.866064678e+04
319 0 +1.330947135e+04 +1.325614135e+04 +1.325614135e+04
322 0 +7.341814477e+03 +7.288484477e+03 +7.288484477e+03
324 0 +1.224005675e+03 +1.170675675e+03 +1.170675675e+03
325 0 +6.586926697e+02 +6.053626697e+02 +6.053626697e+02
329 0 +5.288048074e+02 +4.754748074e+02 +4.754748074e+02
334 0 +9.287128835e+01 +3.954128835e+01 +3.954128835e+01
335 0 +8.066740293e+01 +2.733740293e+01 +2.733740293e+01
344 0 +6.949914779e+01 +1.616914779e+01 +1.616914779e+01
350 0 +5.385746493e+01 +5.274649306e-01 +5.274649306e-01
355 0 +4.638761171e+01 -6.942388289e+00 -6.942388289e+00
362 0 +4.362510623e+01 -9.704893775e+00 -9.704893775e+00
364 0 +3.945784624e+01 -1.387215376e+01 -1.387215376e+01
370 0 +2.467425475e+01 -2.865574525e+01 -2.865574525e+01
390 0 +1.841882664e+01 -3.491117336e+01 -3.491117336e+01
424 0 +1.769283730e+01 -3.563716270e+01 -3.563716270e+01
430 0 +1.327526384e+01 -4.005473616e+01 -4.005473616e+01
446 0 +1.255937931e+01 -4.077062069e+01 -4.077062069e+01
457 0 +1.001096695e+01 -4.331903305e+01 -4.331903305e+01
472 0 +9.167132801e+00 -4.416286720e+01 -4.416286720e+01
477 0 +8.489539563e+00 -4.484046044e+01 -4.484046044e+01
490 0 +6.642698051e+00 -4.668730195e+01 -4.668730195e+01
550 0 +6.203484155e+00 -4.712651584e+01 -4.712651584e+01
567 0 +5.392392257e+00 -4.793760774e+01 -4.793760774e+01
570 0 +4.971554491e+00 -4.835844551e+01 -4.835844551e+01
575 0 +4.215033011e+00 -4.911496699e+01 -4.911496699e+01
579 0 +3.953067260e+00 -4.937693274e+01 -4.937693274e+01
590 0 +3.401492172e+00 -4.992850783e+01 -4.992850783e+01
593 0 +3.083111831e+00 -5.024688817e+01 -5.024688817e+01
599 0 +2.784691280e+00 -5.054530872e+01 -5.054530872e+01
610 0 +2.474010505e+00 -5.085598949e+01 -5.085598949e+01
615 0 +2.037339807e+00 -5.129266019e+01 -5.129266019e+01
626 0 +1.988283167e+00 -5.134171683e+01 -5.134171683e+01
630 0 +1.477395876e+00 -5.185260412e+01 -5.185260412e+01
647 0 +1.405839816e+00 -5.192416018e+01 -5.192416018e+01
670 0 +1.003334716e+00 -5.232666528e+01 -5.232666528e+01
675 0 +7.658949945e-01 -5.256410501e+01 -5.256410501e+01
730 0 +6.532256395e-01 -5.267677436e+01 -5.267677436e+01
735 0 +5.585693179e-01 -5.277143068e+01 -5.277143068e+01
750 0 +4.451162864e-01 -5.288488371e+01 -5.288488371e+01
797 0 +3.950826175e-01 -5.293491738e+01 -5.293491738e+01
810 0 +3.277261994e-01 -5.300227380e+01 -5.300227380e+01
815 0 +2.968064811e-01 -5.303319352e+01 -5.303319352e+01
819 0 +2.698001198e-01 -5.306019988e+01 -5.306019988e+01
830 0 +2.396931906e-01 -5.309030681e+01 -5.309030681e+01
847 0 +2.170908701e-01 -5.311290913e+01 -5.311290913e+01
850 0 +1.852400871e-01 -5.314475991e+01 -5.314475991e+01
855 0 +1.615152743e-01 -5.316848473e+01 -5.316848473e+01
859 0 +1.540728641e-01 -5.317592714e+01 -5.317592714e+01
875 0 +1.269105200e-01 -5.320308948e+01 -5.320308948e+01
883 0 +1.258369745e-01 -5.320416303e+01 -5.320416303e+01
887 0 +1.054444053e-01 -5.322455559e+01 -5.322455559e+01
895 0 +8.634470181e-02 -5.324365530e+01 -5.324365530e+01
910 0 +7.818397082e-02 -5.325181603e+01 -5.325181603e+01
930 0 +6.498400745e-02 -5.326501599e+01 -5.326501599e+01
937 0 +5.320950683e-02 -5.327679049e+01 -5.327679049e+01
970 0 +4.574221928e-02 -5.328425778e+01 -5.328425778e+01
972 0 +4.293381675e-02 -5.328706618e+01 -5.328706618e+01
995 0 +3.972764417e-02 -5.329027236e+01 -5.329027236e+01
1110 0 +3.468756947e-02 -5.329531243e+01 -5.329531243e+01
1152 0 +3.130291746e-02 -5.329869708e+01 -5.329869708e+01
1207 0 +2.800540678e-02 -5.330199459e+01 -5.330199459e+01
1272 0 +2.491823493e-02 -5.330508177e+01 -5.330508177e+01
1547 0 +2.230777200e-02 -5.330769223e+01 -5.330769223e+01
1947 0 +1.988682043e-02 -5.331011318e+01 -5.331011318e+01
2507 0 +1.777266843e-02 -5.331222733e+01 -5.331222733e+01
3132 0 +1.584623419e-02 -5.331415377e+01 -5.331415377e+01
3870 0 +1.410903827e-02 -5.331589096e+01 -5.331589096e+01
4472 0 +1.258743965e-02 -5.331741256e+01 -5.331741256e+01
5247 0 +1.121703322e-02 -5.331878297e+01 -5.331878297e+01
6307 0 +9.993835256e-03 -5.332000616e+01 -5.332000616e+01
8695 0 +8.911898426e-03 -5.332108810e+01 -5.332108810e+01
14415 0 +7.940923269e-03 -5.332205908e+01 -5.332205908e+01
17432 0 +7.078825146e-03 -5.332292117e+01 -5.332292117e+01
19577 0 +6.309407377e-03 -5.332369059e+01 -5.332369059e+01
22197 0 +5.623142748e-03 -5.332437686e+01 -5.332437686e+01
26047 0 +5.011045200e-03 -5.332498895e+01 -5.332498895e+01
40374 0 +4.466823815e-03 -5.332553318e+01 -5.332553318e+01
47147 0 +3.980973811e-03 -5.332601903e+01 -5.332601903e+01
51617 0 +3.548055541e-03 -5.332645194e+01 -5.332645194e+01
55847 0 +3.161442688e-03 -5.332683856e+01 -5.332683856e+01
60795 0 +2.818278255e-03 -5.332718172e+01 -5.332718172e+01
70994 0 +2.511855587e-03 -5.332748814e+01 -5.332748814e+01
83567 0 +2.238637226e-03 -5.332776136e+01 -5.332776136e+01
89347 0 +1.994801493e-03 -5.332800520e+01 -5.332800520e+01
94227 0 +1.778028297e-03 -5.332822197e+01 -5.332822197e+01
99507 0 +1.584599076e-03 -5.332841540e+01 -5.332841540e+01
100000 0 +1.570707588e-03 -5.332842929e+01 -5.332842929e+01
% f evaluations | g evaluations | best noise-free fitness - Fopt (-5.550000000000e+01) + sum g_i+ | measured fitness | best measured fitness or single-digit g-values | x1 | x2...
1 0 +4.427605107e+04 +4.422055107e+04 +4.422055107e+04
5 0 +3.799282983e+04 +3.793732983e+04 +3.793732983e+04
23 0 +2.784918421e+04 +2.779368421e+04 +2.779368421e+04
56 0 +2.474339862e+04 +2.468789862e+04 +2.468789862e+04
58 0 +2.054797651e+04 +2.049247651e+04 +2.049247651e+04
344 0 +1.733463805e+04 +1.727913805e+04 +1.727913805e+04
350 0 +6.941764237e+03 +6.886264237e+03 +6.886264237e+03
351 0 +5.691327307e+03 +5.635827307e+03 +5.635827307e+03
355 0 +5.167202791e+03 +5.111702791e+03 +5.111702791e+03
359 0 +3.313198193e+03 +3.257698193e+03 +3.257698193e+03
361 0 +2.007785374e+02 +1.452785374e+02 +1.452785374e+02
370 0 +6.237222006e+01 +6.872220059e+00 +6.872220059e+00
371 0 +5.099349086e+01 -4.506509140e+00 -4.506509140e+00
384 0 +4.629745121e+01 -9.202548794e+00 -9.202548794e+00
386 0 +4.284594707e+01 -1.265405293e+01 -1.265405293e+01
389 0 +2.907792219e+01 -2.642207781e+01 -2.642207781e+01
391 0 +2.315555293e+01 -3.234444707e+01 -3.234444707e+01
396 0 +2.101518351e+01 -3.448481649e+01 -3.448481649e+01
400 0 +1.629678656e+01 -3.920321344e+01 -3.920321344e+01
431 0 +1.337921414e+01 -4.212078586e+01 -4.212078586e+01
466 0 +1.256502032e+01 -4.293497968e+01 -4.293497968e+01
527 0 +1.114746598e+01 -4.435253402e+01 -4.435253402e+01
529 0 +9.641860436e+00 -4.585813956e+01 -4.585813956e+01
549 0 +8.012292473e+00 -4.748770753e+01 -4.748770753e+01
551 0 +7.906197121e+00 -4.759380288e+01 -4.759380288e+01
569 0 +6.948661940e+00 -4.855133806e+01 -4.855133806e+01
635 0 +6.043290547e+00 -4.945670945e+01 -4.945670945e+01
649 0 +5.541757358e+00 -4.995824264e+01 -4.995824264e+01
669 0 +4.999805059e+00 -5.050019494e+01 -5.050019494e+01
702 0 +4.407210212e+00 -5.109278979e+01 -5.109278979e+01
729 0 +3.724398774e+00 -5.177560123e+01 -5.177560123e+01
749 0 +3.342976946e+00 -5.215702305e+01 -5.215702305e+01
809 0 +3.127279558e+00 -5.237272044e+01 -5.237272044e+01
849 0 +2.793486268e+00 -5.270651373e+01 -5.270651373e+01
969 0 +2.490816396e+00 -5.300918360e+01 -5.300918360e+01
1089 0 +2.220722175e+00 -5.327927783e+01 -5.327927783e+01
1189 0 +1.989034824e+00 -5.351096518e+01 -5.351096518e+01
1269 0 +1.775121564e+00 -5.372487844e+01 -5.372487844e+01
1369 0 +1.554395004e+00 -5.394560500e+01 -5.394560500e+01
1489 0 +1.406588324e+00 -5.409341168e+01 -5.409341168e+01
1749 0 +1.257162879e+00 -5.424283712e+01 -5.424283712e+01
1829 0 +1.111188707e+00 -5.438881129e+01 -5.438881129e+01
1889 0 +9.896255621e-01 -5.451037444e+01 -5.451037444e+01
1949 0 +8.811447869e-01 -5.461885521e+01 -5.461885521e+01
2029 0 +7.801881691e-01 -5.471981183e+01 -5.471981183e+01
2229 0 +7.051168327e-01 -5.479488317e+01 -5.479488317e+01
2329 0 +6.099029700e-01 -5.489009703e+01 -5.489009703e+01
2369 0 +5.583406825e-01 -5.494165932e+01 -5.494165932e+01
2429 0 +4.895775159e-01 -5.501042248e+01 -5.501042248e+01
2509 0 +4.413483835e-01 -5.505865162e+01 -5.505865162e+01
2729 0 +3.978303373e-01 -5.510216966e+01 -5.510216966e+01
3794 0 +3.548095481e-01 -5.514519045e+01 -5.514519045e+01
4929 0 +3.160495970e-01 -5.518395040e+01 -5.518395040e+01
6064 0 +2.817115501e-01 -5.521828845e+01 -5.521828845e+01
7291 0 +2.511874132e-01 -5.524881259e+01 -5.524881259e+01
9005 0 +2.237274281e-01 -5.527627257e+01 -5.527627257e+01
10519 0 +1.994457015e-01 -5.530055430e+01 -5.530055430e+01
11884 0 +1.777299910e-01 -5.532227001e+01 -5.532227001e+01
13809 0 +1.584448631e-01 -5.534155514e+01 -5.534155514e+01
17009 0 +1.412043180e-01 -5.535879568e+01 -5.535879568e+01
18749 0 +1.257944851e-01 -5.537420551e+01 -5.537420551e+01
19749 0 +1.120940940e-01 -5.538790591e+01 -5.538790591e+01
20609 0 +9.989403563e-02 -5.540010596e+01 -5.540010596e+01
21939 0 +8.910837421e-02 -5.541089163e+01 -5.541089163e+01
26327 0 +7.943263913e-02 -5.542056736e+01 -5.542056736e+01
29645 0 +7.078819071e-02 -5.542921181e+01 -5.542921181e+01
31125 0 +6.309088897e-02 -5.543690911e+01 -5.543690911e+01
32215 0 +5.622000143e-02 -5.544378000e+01 -5.544378000e+01
33389 0 +5.007300919e-02 -5.544992699e+01 -5.544992699e+01
35305 0 +4.465508513e-02 -5.545534491e+01 -5.545534491e+01
39844 0 +3.980774417e-02 -5.546019226e+01 -5.546019226e+01
42089 0 +3.546951931e-02 -5.546453048e+01 -5.546453048e+01
43849 0 +3.161368616e-02 -5.546838631e+01 -5.546838631e+01
45749 0 +2.817234602e-02 -5.547182765e+01 -5.547182765e+01
48204 0 +2.511601146e-02 -5.547488399e+01 -5.547488399e+01
51671 0 +2.238660431e-02 -5.547761340e+01 -5.547761340e+01
54287 0 +1.995099693e-02 -5.548004900e+01 -5.548004900e+01
56569 0 +1.777776780e-02 -5.548222223e+01 -5.548222223e+01
58889 0 +1.584541470e-02 -5.548415459e+01 -5.548415459e+01
62204 0 +1.412467874e-02 -5.548587532e+01 -5.548587532e+01
64949 0 +1.258470333e-02 -5.548741530e+01 -5.548741530e+01
67069 0 +1.121896280e-02 -5.548878104e+01 -5.548878104e+01
69249 0 +9.996235344e-03 -5.549000376e+01 -5.549000376e+01
72584 0 +8.912444235e-03 -5.549108756e+01 -5.549108756e+01
77609 0 +7.938472256e-03 -5.549206153e+01 -5.549206153e+01
79509 0 +7.078871640e-03 -5.549292113e+01 -5.549292113e+01
80989 0 +6.303979036e-03 -5.549369602e+01 -5.549369602e+01
82365 0 +5.622859297e-03 -5.549437714e+01 -5.549437714e+01
84129 0 +5.008398085e-03 -5.549499160e+01 -5.549499160e+01
89469 0 +4.466489688e-03 -5.549553351e+01 -5.549553351e+01
91265 0 +3.980362996e-03 -5.549601964e+01 -5.549601964e+01
92424 0 +3.545961368e-03 -5.549645404e+01 -5.549645404e+01
93429 0 +3.161495270e-03 -5.549683850e+01 -5.549683850e+01
94704 0 +2.815931223e-03 -5.549718407e+01 -5.549718407e+01
98147 0 +2.511852817e-03 -5.549748815e+01 -5.549748815e+01
100000 0 +2.441331415e-03 -5.549755867e+01 -5.549755867e+01
% f evaluations | g evaluations | best noise-free fitness - Fopt (-1.903800000000e+02) + sum g_i+ | measured fitness | best measured fitness or single-digit g-values | x1 | x2...
1 0 +3.001603472e+05 +2.999699672e+05 +2.999699672e+05
2 0 +2.791927454e+05 +2.790023654e+05 +2.790023654e+05
3 0 +1.574994015e+05 +1.573090215e+05 +1.573090215e+05
314 0 +1.247828314e+05 +1.245924514e+05 +1.245924514e+05
318 0 +8.884077098e+04 +8.865039098e+04 +8.865039098e+04
322 0 +6.528262301e+04 +6.509224301e+04 +6.509224301e+04
332 0 +5.338422658e+04 +5.319384658e+04 +5.319384658e+04
338 0 +2.985162970e+04 +2.966124970e+04 +2.966124970e+04
339 0 +2.114171680e+04 +2.095133680e+04 +2.095133680e+04
342 0 +1.978943613e+04 +1.959905613e+04 +1.959905613e+04
352 0 +1.204654652e+04 +1.185616652e+04 +1.185616652e+04
354 0 +7.547593059e+03 +7.357213059e+03 +7.357213059e+03
356 0 +6.434050037e+03 +6.243670037e+03 +6.243670037e+03
358 0 +8.487229657e+02 +6.583429657e+02 +6.583429657e+02
359 0 +3.743410069e+02 +1.839610069e+02 +1.839610069e+02
361 0 +6.903509082e+01 -1.213449092e+02 -1.213449092e+02
412 0 +5.671534825e+01 -1.336646518e+02 -1.336646518e+02
416 0 +5.597402136e+01 -1.344059786e+02 -1.344059786e+02
442 0 +4.941389417e+01 -1.409661058e+02 -1.409661058e+02
446 0 +4.373976807e+01 -1.466402319e+02 -1.466402319e+02
463 0 +3.671205993e+01 -1.536679401e+02 -1.536679401e+02
479 0 +3.353355905e+01 -1.568464409e+02 -1.568464409e+02
482 0 +2.802071525e+01 -1.623592848e+02 -1.623592848e+02
526 0 +2.472529889e+01 -1.656547011e+02 -1.656547011e+02
546 0 +2.228693206e+01 -1.680930679e+02 -1.680930679e+02
557 0 +1.804396129e+01 -1.723360387e+02 -1.723360387e+02
566 0 +1.524508633e+01 -1.751349137e+02 -1.751349137e+02
582 0 +1.360407241e+01 -1.767759276e+02 -1.767759276e+02
597 0 +1.250445835e+01 -1.778755417e+02 -1.778755417e+02
626 0 +1.051076702e+01 -1.798692330e+02 -1.798692330e+02
634 0 +9.831125663e+00 -1.805488743e+02 -1.805488743e+02
637 0 +7.149865494e+00 -1.832301345e+02 -1.832301345e+02
642 0 +6.992703002e+00 -1.833872970e+02 -1.833872970e+02
657 0 +5.474821126e+00 -1.849051789e+02 -1.849051789e+02
717 0 +4.542643203e+00 -1.858373568e+02 -1.858373568e+02
720 0 +4.403944611e+00 -1.859760554e+02 -1.859760554e+02
737 0 +3.471127702e+00 -1.869088723e+02 -1.869088723e+02
751 0 +2.964010384e+00 -1.874159896e+02 -1.874159896e+02
757 0 +2.569446733e+00 -1.878105533e+02 -1.878105533e+02
777 0 +2.316850132e+00 -1.880631499e+02 -1.880631499e+02
811 0 +2.123795900e+00 -1.882562041e+02 -1.882562041e+02
817 0 +1.887341294e+00 -1.884926587e+02 -1.884926587e+02
820 0 +1.750473068e+00 -1.886295269e+02 -1.886295269e+02
831 0 +1.570448329e+00 -1.888095517e+02 -1.888095517e+02
851 0 +1.401143141e+00 -1.889788569e+02 -1.889788569e+02
877 0 +1.232886815e+00 -1.891471132e+02 -1.891471132e+02
886 0 +1.116309699e+00 -1.892636903e+02 -1.892636903e+02
891 0 +9.255502300e-01 -1.894544498e+02 -1.894544498e+02
900 0 +8.413274290e-01 -1.895386726e+02 -1.895386726e+02
911 0 +7.467136452e-01 -1.896332864e+02 -1.896332864e+02
957 0 +6.990528113e-01 -1.896809472e+02 -1.896809472e+02
991 0 +5.596401327e-01 -1.898203599e+02 -1.898203599e+02
1000 0 +4.774617137e-01 -1.899025383e+02 -1.899025383e+02
1011 0 +4.304728680e-01 -1.899495271e+02 -1.899495271e+02
1100 0 +3.940176276e-01 -1.899859824e+02 -1.899859824e+02
1160 0 +3.464656718e-01 -1.900335343e+02 -1.900335343e+02
1211 0 +3.151069193e-01 -1.900648931e+02 -1.900648931e+02
1251 0 +2.783863847e-01 -1.901016136e+02 -1.901016136e+02
1297 0 +2.492233118e-01 -1.901307767e+02 -1.901307767e+02
1331 0 +2.221273048e-01 -1.901578727e+02 -1.901578727e+02
1400 0 +1.992265896e-01 -1.901807734e+02 -1.901807734e+02
2091 0 +1.777376935e-01 -1.902022623e+02 -1.902022623e+02
4000 0 +1.584864646e-01 -1.902215135e+02 -1.902215135e+02
7991 0 +1.412160375e-01 -1.902387840e+02 -1.902387840e+02
9940 0 +1.258592455e-01 -1.902541408e+02 -1.902541408e+02
11151 0 +1.120609924e-01 -1.902679390e+02 -1.902679390e+02
12211 0 +9.989460163e-02 -1.902801054e+02 -1.902801054e+02
13451 0 +8.902576925e-02 -1.902909742e+02 -1.902909742e+02
16834 0 +7.942445811e-02 -1.903005755e+02 -1.903005755e+02
19631 0 +7.079210861e-02 -1.903092079e+02 -1.903092079e+02
21351 0 +6.308989293e-02 -1.903169101e+02 -1.903169101e+02
22800 0 +5.620318345e-02 -1.903237968e+02 -1.903237968e+02
24301 0 +5.011591571e-02 -1.903298841e+02 -1.903298841e+02
26446 0 +4.466821063e-02 -1.903353318e+02 -1.903353318e+02
31414 0 +3.980478383e-02 -1.903401952e+02 -1.903401952e+02
33102 0 +3.547817219e-02 -1.903445218e+02 -1.903445218e+02
34391 0 +3.157737381e-02 -1.903484226e+02 -1.903484226e+02
35714 0 +2.815895023e-02 -1.903518410e+02 -1.903518410e+02
37354 0 +2.511674788e-02 -1.903548833e+02 -1.903548833e+02
39717 0 +2.238525782e-02 -1.903576147e+02 -1.903576147e+02
41511 0 +1.994569388e-02 -1.903600543e+02 -1.903600543e+02
44051 0 +1.777937017e-02 -1.903622206e+02 -1.903622206e+02
46791 0 +1.584789070e-02 -1.903641521e+02 -1.903641521e+02
49674 0 +1.412449406e-02 -1.903658755e+02 -1.903658755e+02
51731 0 +1.258422342e-02 -1.903674158e+02 -1.903674158e+02
53311 0 +1.121496847e-02 -1.903687850e+02 -1.903687850e+02
54851 0 +9.997635460e-03 -1.903700024e+02 -1.903700024e+02
57180 0 +8.910980023e-03 -1.903710890e+02 -1.903710890e+02
60608 0 +7.942982198e-03 -1.903720570e+02 -1.903720570e+02
61871 0 +7.072209514e-03 -1.903729278e+02 -1.903729278e+02
62840 0 +6.304986666e-03 -1.903736950e+02 -1.903736950e+02
63762 0 +5.623318197e-03 -1.903743767e+02 -1.903743767e+02
64851 0 +5.011789719e-03 -1.903749882e+02 -1.903749882e+02
70793 0 +4.466713354e-03 -1.903755333e+02 -1.903755333e+02
72874 0 +3.978941685e-03 -1.903760211e+02 -1.903760211e+02
74191 0 +3.547075457e-03 -1.903764529e+02 -1.903764529e+02
75394 0 +3.161104445e-03 -1.903768389e+02 -1.903768389e+02
76731 0 +2.816799645e-03 -1.903771832e+02 -1.903771832e+02
79371 0 +2.511169219e-03 -1.903774888e+02 -1.903774888e+02
82554 0 +2.238219643e-03 -1.903777618e+02 -1.903777618e+02
83917 0 +1.994950102e-03 -1.903780050e+02 -1.903780050e+02
85111 0 +1.776059056e-03 -1.903782239e+02 -1.903782239e+02
86371 0 +1.584874465e-03 -1.903784151e+02 -1.903784151e+02
88894 0 +1.412156112e-03 -1.903785878e+02 -1.903785878e+02
91874 0 +1.258863490e-03 -1.903787411e+02 -1.903787411e+02
94171 0 +1.121846851e-03 -1.903788782e+02 -1.903788782e+02
96380 0 +9.998101613e-04 -1.903790002e+02 -1.903790002e+02
99131 0 +8.909317027e-04 -1.903791091e+02 -1.903791091e+02
100000 0 +8.559987272e-04 -1.903791440e+02 -1.903791440e+02
