% f evaluations | g evaluations | best noise-free fitness - Fopt (7.948000000000e+01) + sum g_i+ | measured fitness | best measured fitness or single-digit g-values | x1 | x2...
1 0 +8.977281728e+01 +1.692528173e+02 +1.692528173e+02
23 0 +8.706687111e+01 +1.665468711e+02 +1.665468711e+02
62 0 +7.577759488e+01 +1.552575949e+02 +1.552575949e+02
621 0 +7.024567105e+01 +1.497256710e+02 +1.497256710e+02
626 0 +6.050144816e+01 +1.399814482e+02 +1.399814482e+02
632 0 +5.303070009e+01 +1.325107001e+02 +1.325107001e+02
634 0 +4.821062240e+01 +1.276906224e+02 +1.276906224e+02
637 0 +4.220384549e+01 +1.216838455e+02 +1.216838455e+02
640 0 +3.847727717e+01 +1.179572772e+02 +1.179572772e+02
651 0 +3.354742303e+01 +1.130274230e+02 +1.130274230e+02
661 0 +3.017152783e+01 +1.096515278e+02 +1.096515278e+02
663 0 +2.546322090e+01 +1.049432209e+02 +1.049432209e+02
666 0 +2.443249965e+01 +1.039124997e+02 +1.039124997e+02
672 0 +2.013726069e+01 +9.961726069e+01 +9.961726069e+01
674 0 +1.731978035e+01 +9.679978035e+01 +9.679978035e+01
677 0 +1.331560079e+01 +9.279560079e+01 +9.279560079e+01
680 0 +1.159162982e+01 +9.107162982e+01 +9.107162982e+01
701 0 +1.013317499e+01 +8.961317499e+01 +8.961317499e+01
703 0 +7.427465412e+00 +8.690746541e+01 +8.690746541e+01
712 0 +5.134823799e+00 +8.461482380e+01 +8.461482380e+01
714 0 +4.319940817e+00 +8.379994082e+01 +8.379994082e+01
717 0 +2.318358606e+00 +8.179835861e+01 +8.179835861e+01
743 0 +1.615246386e+00 +8.109524639e+01 +8.109524639e+01
752 0 +1.325202126e+00 +8.080520213e+01 +8.080520213e+01
812 0 +1.225027477e+00 +8.070502748e+01 +8.070502748e+01
814 0 +1.035867050e+00 +8.051586705e+01 +8.051586705e+01
820 0 +9.222573769e-01 +8.040225738e+01 +8.040225738e+01
831 0 +8.169548379e-01 +8.029695484e+01 +8.029695484e+01
837 0 +5.671377402e-01 +8.004713774e+01 +8.004713774e+01
840 0 +4.561262635e-01 +7.993612626e+01 +7.993612626e+01
842 0 +3.484678342e-01 +7.982846783e+01 +7.982846783e+01
883 0 +2.872063821e-01 +7.976720638e+01 +7.976720638e+01
885 0 +2.716614323e-01 +7.975166143e+01 +7.975166143e+01
887 0 +2.223322845e-01 +7.970233228e+01 +7.970233228e+01
891 0 +1.952667069e-01 +7.967526671e+01 +7.967526671e+01
904 0 +1.775249291e-01 +7.965752493e+01 +7.965752493e+01
921 0 +1.517676497e-01 +7.963176765e+01 +7.963176765e+01
969 0 +1.408034062e-01 +7.962080341e+01 +7.962080341e+01
975 0 +1.251172405e-01 +7.960511724e+01 +7.960511724e+01
978 0 +1.107430585e-01 +7.959074306e+01 +7.959074306e+01
980 0 +9.798593215e-02 +7.957798593e+01 +7.957798593e+01
983 0 +8.832336373e-02 +7.956832336e+01 +7.956832336e+01
989 0 +7.654829231e-02 +7.955654829e+01 +7.955654829e+01
991 0 +6.586794939e-02 +7.954586795e+01 +7.954586795e+01
993 0 +5.821127937e-02 +7.953821128e+01 +7.953821128e+01
995 0 +4.263631841e-02 +7.952263632e+01 +7.952263632e+01
1000 0 +3.052874104e-02 +7.951052874e+01 +7.951052874e+01
1002 0 +1.925942556e-02 +7.949925943e+01 +7.949925943e+01
1050 0 +1.689381591e-02 +7.949689382e+01 +7.949689382e+01
1051 0 +1.403874446e-02 +7.949403874e+01 +7.949403874e+01
1053 0 +1.030453723e-02 +7.949030454e+01 +7.949030454e+01
1061 0 +8.055286636e-03 +7.948805529e+01 +7.948805529e+01
1067 0 +7.047134726e-03 +7.948704713e+01 +7.948704713e+01
1070 0 +6.120176438e-03 +7.948612018e+01 +7.948612018e+01
1125 0 +5.071900501e-03 +7.948507190e+01 +7.948507190e+01
1128 0 +4.393228800e-03 +7.948439323e+01 +7.948439323e+01
1144 0 +3.875378689e-03 +7.948387538e+01 +7.948387538e+01
1148 0 +3.401623905e-03 +7.948340162e+01 +7.948340162e+01
1149 0 +2.887272310e-03 +7.948288727e+01 +7.948288727e+01
1152 0 +2.623865823e-03 +7.948262387e+01 +7.948262387e+01
1153 0 +1.687529058e-03 +7.948168753e+01 +7.948168753e+01
1161 0 +1.571365712e-03 +7.948157137e+01 +7.948157137e+01
1212 0 +1.409789879e-03 +7.948140979e+01 +7.948140979e+01
1222 0 +1.107670519e-03 +7.948110767e+01 +7.948110767e+01
1226 0 +8.924004504e-04 +7.948089240e+01 +7.948089240e+01
1227 0 +8.848201577e-04 +7.948088482e+01 +7.948088482e+01
1231 0 +7.720657163e-04 +7.948077207e+01 +7.948077207e+01
1239 0 +5.743090943e-04 +7.948057431e+01 +7.948057431e+01
1242 0 +3.879330825e-04 +7.948038793e+01 +7.948038793e+01
1291 0 +3.229459186e-04 +7.948032295e+01 +7.948032295e+01
1295 0 +2.690794749e-04 +7.948026908e+01 +7.948026908e+01
1297 0 +2.507495326e-04 +7.948025075e+01 +7.948025075e+01
1303 0 +1.940358759e-04 +7.948019404e+01 +7.948019404e+01
1308 0 +1.367116011e-04 +7.948013671e+01 +7.948013671e+01
1310 0 +8.195623629e-05 +7.948008196e+01 +7.948008196e+01
1312 0 +7.721903580e-05 +7.948007722e+01 +7.948007722e+01
1368 0 +6.343615554e-05 +7.948006344e+01 +7.948006344e+01
1370 0 +5.309300012e-05 +7.948005309e+01 +7.948005309e+01
1378 0 +4.697936596e-05 +7.948004698e+01 +7.948004698e+01
1379 0 +3.311722112e-05 +7.948003312e+01 +7.948003312e+01
1381 0 +3.004650648e-05 +7.948003005e+01 +7.948003005e+01
1391 0 +1.713650143e-05 +7.948001714e+01 +7.948001714e+01
1454 0 +1.427260688e-05 +7.948001427e+01 +7.948001427e+01
1457 0 +1.350977263e-05 +7.948001351e+01 +7.948001351e+01
1462 0 +1.122547863e-05 +7.948001123e+01 +7.948001123e+01
1480 0 +9.207497129e-06 +7.948000921e+01 +7.948000921e+01
1481 0 +5.766939339e-06 +7.948000577e+01 +7.948000577e+01
1524 0 +5.386366155e-06 +7.948000539e+01 +7.948000539e+01
1527 0 +4.631861714e-06 +7.948000463e+01 +7.948000463e+01
1529 0 +4.352912086e-06 +7.948000435e+01 +7.948000435e+01
1538 0 +3.411699566e-06 +7.948000341e+01 +7.948000341e+01
1545 0 +2.542386369e-06 +7.948000254e+01 +7.948000254e+01
1554 0 +2.200612528e-06 +7.948000220e+01 +7.948000220e+01
1611 0 +1.912957430e-06 +7.948000191e+01 +7.948000191e+01
1614 0 +1.722881834e-06 +7.948000172e+01 +7.948000172e+01
1616 0 +1.508611447e-06 +7.948000151e+01 +7.948000151e+01
1621 0 +1.363500331e-06 +7.948000136e+01 +7.948000136e+01
1624 0 +1.150123197e-06 +7.948000115e+01 +7.948000115e+01
1629 0 +9.914103885e-07 +7.948000099e+01 +7.948000099e+01
1633 0 +8.662222655e-07 +7.948000087e+01 +7.948000087e+01
1637 0 +6.097111793e-07 +7.948000061e+01 +7.948000061e+01
1639 0 +3.980219390e-07 +7.948000040e+01 +7.948000040e+01
1686 0 +3.242525253e-07 +7.948000032e+01 +7.948000032e+01
1689 0 +3.141971661e-07 +7.948000031e+01 +7.948000031e+01
1697 0 +2.706040902e-07 +7.948000027e+01 +7.948000027e+01
1700 0 +2.417573626e-07 +7.948000024e+01 +7.948000024e+01
1707 0 +1.829973399e-07 +7.948000018e+01 +7.948000018e+01
1711 0 +1.519887007e-07 +7.948000015e+01 +7.948000015e+01
1714 0 +1.262272917e-07 +7.948000013e+01 +7.948000013e+01
1715 0 +8.454610168e-08 +7.948000008e+01 +7.948000008e+01
1768 0 +7.441556704e-08 +7.948000007e+01 +7.948000007e+01
1770 0 +6.452272316e-08 +7.948000006e+01 +7.948000006e+01
1771 0 +5.356264410e-08 +7.948000005e+01 +7.948000005e+01
1782 0 +4.458173919e-08 +7.948000004e+01 +7.948000004e+01
1790 0 +3.949840277e-08 +7.948000004e+01 +7.948000004e+01
1802 0 +2.868576132e-08 +7.948000003e+01 +7.948000003e+01
1843 0 +2.636068075e-08 +7.948000003e+01 +7.948000003e+01
1845 0 +2.474733662e-08 +7.948000002e+01 +7.948000002e+01
1858 0 +2.012356504e-08 +7.948000002e+01 +7.948000002e+01
1860 0 +1.664200511e-08 +7.948000002e+01 +7.948000002e+01
1866 0 +1.502216662e-08 +7.948000002e+01 +7.948000002e+01
1869 0 +1.383369863e-08 +7.948000001e+01 +7.948000001e+01
1872 0 +1.039548181e-08 +7.948000001e+01 +7.948000001e+01
1874 0 +7.685258652e-09 +7.948000001e+01 +7.948000001e+01
2462 0 +9.521272659e-13 +7.948000000e+01 +7.948000000e+01
200000 0 +2.842170943e-14 +7.948000000e+01 +7.948000000e+01
% f evaluations | g evaluations | best noise-free fitness - Fopt (3.944800000000e+02) + sum g_i+ | measured fitness | best measured fitness or single-digit g-values | x1 | x2...
1 0 +1.466628819e+02 +5.411428819e+02 +5.411428819e+02
2 0 +1.324052272e+02 +5.268852272e+02 +5.268852272e+02
607 0 +1.253228953e+02 +5.198028953e+02 +5.198028953e+02
616 0 +1.079378846e+02 +5.024178846e+02 +5.024178846e+02
624 0 +9.767942637e+01 +4.921594264e+02 +4.921594264e+02
630 0 +8.744913730e+01 +4.819291373e+02 +4.819291373e+02
634 0 +7.589093767e+01 +4.703709377e+02 +4.703709377e+02
637 0 +6.930716499e+01 +4.637871650e+02 +4.637871650e+02
643 0 +6.294403370e+01 +4.574240337e+02 +4.574240337e+02
647 0 +5.555753679e+01 +4.500375368e+02 +4.500375368e+02
653 0 +4.878871117e+01 +4.432687112e+02 +4.432687112e+02
661 0 +4.042718176e+01 +4.349071818e+02 +4.349071818e+02
664 0 +3.960939864e+01 +4.340893986e+02 +4.340893986e+02
670 0 +3.492545490e+01 +4.294054549e+02 +4.294054549e+02
671 0 +3.029239679e+01 +4.247723968e+02 +4.247723968e+02
674 0 +2.737244998e+01 +4.218524500e+02 +4.218524500e+02
675 0 +2.457738419e+01 +4.190573842e+02 +4.190573842e+02
683 0 +2.178201645e+01 +4.162620165e+02 +4.162620165e+02
687 0 +1.840071426e+01 +4.128807143e+02 +4.128807143e+02
690 0 +1.644396113e+01 +4.109239611e+02 +4.109239611e+02
693 0 +1.563708334e+01 +4.101170833e+02 +4.101170833e+02
696 0 +1.374950449e+01 +4.082295045e+02 +4.082295045e+02
701 0 +1.128074863e+01 +4.057607486e+02 +4.057607486e+02
710 0 +8.739946033e+00 +4.032199460e+02 +4.032199460e+02
711 0 +6.109485274e+00 +4.005894853e+02 +4.005894853e+02
714 0 +5.192135822e+00 +3.996721358e+02 +3.996721358e+02
715 0 +4.399667380e+00 +3.988796674e+02 +3.988796674e+02
723 0 +3.606896998e+00 +3.980868970e+02 +3.980868970e+02
727 0 +3.006251249e+00 +3.974862512e+02 +3.974862512e+02
741 0 +2.540092742e+00 +3.970200927e+02 +3.970200927e+02
750 0 +2.001887498e+00 +3.964818875e+02 +3.964818875e+02
751 0 +1.374024092e+00 +3.958540241e+02 +3.958540241e+02
810 0 +1.146621535e+00 +3.956266215e+02 +3.956266215e+02
816 0 +9.538061188e-01 +3.954338061e+02 +3.954338061e+02
818 0 +8.032215879e-01 +3.952832216e+02 +3.952832216e+02
822 0 +7.859761722e-01 +3.952659762e+02 +3.952659762e+02
827 0 +5.863220915e-01 +3.950663221e+02 +3.950663221e+02
837 0 +4.442413322e-01 +3.949242413e+02 +3.949242413e+02
888 0 +3.750501723e-01 +3.948550502e+02 +3.948550502e+02
901 0 +3.129024071e-01 +3.947929024e+02 +3.947929024e+02
905 0 +2.601218928e-01 +3.947401219e+02 +3.947401219e+02
909 0 +2.069297019e-01 +3.946869297e+02 +3.946869297e+02
912 0 +1.761520515e-01 +3.946561521e+02 +3.946561521e+02
921 0 +1.293754320e-01 +3.946093754e+02 +3.946093754e+02
964 0 +1.189546870e-01 +3.945989547e+02 +3.945989547e+02
966 0 +1.066950310e-01 +3.945866950e+02 +3.945866950e+02
972 0 +9.514439206e-02 +3.945751444e+02 +3.945751444e+02
974 0 +8.648707291e-02 +3.945664871e+02 +3.945664871e+02
977 0 +7.719733017e-02 +3.945571973e+02 +3.945571973e+02
980 0 +6.326115039e-02 +3.945432612e+02 +3.945432612e+02
983 0 +5.596699745e-02 +3.945359670e+02 +3.945359670e+02
996 0 +4.332936146e-02 +3.945233294e+02 +3.945233294e+02
998 0 +3.191367580e-02 +3.945119137e+02 +3.945119137e+02
1000 0 +2.154209030e-02 +3.945015421e+02 +3.945015421e+02
1047 0 +1.920363755e-02 +3.944992036e+02 +3.944992036e+02
1055 0 +1.592630385e-02 +3.944959263e+02 +3.944959263e+02
1064 0 +1.566205737e-02 +3.944956621e+02 +3.944956621e+02
1067 0 +1.271207531e-02 +3.944927121e+02 +3.944927121e+02
1072 0 +8.928985666e-03 +3.944889290e+02 +3.944889290e+02
1073 0 +7.593482119e-03 +3.944875935e+02 +3.944875935e+02
1129 0 +6.770560909e-03 +3.944867706e+02 +3.944867706e+02
1133 0 +5.955565995e-03 +3.944859556e+02 +3.944859556e+02
1138 0 +5.344509465e-03 +3.944853445e+02 +3.944853445e+02
1143 0 +4.398794222e-03 +3.944843988e+02 +3.944843988e+02
1150 0 +3.955752022e-03 +3.944839558e+02 +3.944839558e+02
1155 0 +3.326802734e-03 +3.944833268e+02 +3.944833268e+02
1159 0 +2.906636091e-03 +3.944829066e+02 +3.944829066e+02
1161 0 +1.948712344e-03 +3.944819487e+02 +3.944819487e+02
1205 0 +1.689660851e-03 +3.944816897e+02 +3.944816897e+02
1208 0 +1.540900984e-03 +3.944815409e+02 +3.944815409e+02
1212 0 +1.302302485e-03 +3.944813023e+02 +3.944813023e+02
1221 0 +1.107848673e-03 +3.944811078e+02 +3.944811078e+02
1225 0 +9.870164307e-04 +3.944809870e+02 +3.944809870e+02
1229 0 +8.404544034e-04 +3.944808405e+02 +3.944808405e+02
1233 0 +7.510362013e-04 +3.944807510e+02 +3.944807510e+02
1236 0 +6.660136781e-04 +3.944806660e+02 +3.944806660e+02
1238 0 +4.613413938e-04 +3.944804613e+02 +3.944804613e+02
1240 0 +3.871816303e-04 +3.944803872e+02 +3.944803872e+02
1289 0 +3.136336665e-04 +3.944803136e+02 +3.944803136e+02
1297 0 +2.649202997e-04 +3.944802649e+02 +3.944802649e+02
1299 0 +2.192152178e-04 +3.944802192e+02 +3.944802192e+02
1308 0 +1.594637273e-04 +3.944801595e+02 +3.944801595e+02
1314 0 +1.430584072e-04 +3.944801431e+02 +3.944801431e+02
1315 0 +1.244552476e-04 +3.944801245e+02 +3.944801245e+02
1319 0 +1.004207082e-04 +3.944801004e+02 +3.944801004e+02
1364 0 +9.562313835e-05 +3.944800956e+02 +3.944800956e+02
1367 0 +8.582817139e-05 +3.944800858e+02 +3.944800858e+02
1374 0 +7.502323814e-05 +3.944800750e+02 +3.944800750e+02
1375 0 +6.881175068e-05 +3.944800688e+02 +3.944800688e+02
1385 0 +5.264549566e-05 +3.944800526e+02 +3.944800526e+02
1390 0 +4.345018664e-05 +3.944800435e+02 +3.944800435e+02
1393 0 +3.637424140e-05 +3.944800364e+02 +3.944800364e+02
1396 0 +3.039721588e-05 +3.944800304e+02 +3.944800304e+02
1400 0 +2.713588032e-05 +3.944800271e+02 +3.944800271e+02
1445 0 +2.246992142e-05 +3.944800225e+02 +3.944800225e+02
1456 0 +2.175601384e-05 +3.944800218e+02 +3.944800218e+02
1458 0 +1.794184266e-05 +3.944800179e+02 +3.944800179e+02
1462 0 +1.547832642e-05 +3.944800155e+02 +3.944800155e+02
1463 0 +1.227707497e-05 +3.944800123e+02 +3.944800123e+02
1475 0 +1.097661806e-05 +3.944800110e+02 +3.944800110e+02
1477 0 +9.823094331e-06 +3.944800098e+02 +3.944800098e+02
1479 0 +7.634110830e-06 +3.944800076e+02 +3.944800076e+02
1528 0 +6.686354993e-06 +3.944800067e+02 +3.944800067e+02
1531 0 +6.097849507e-06 +3.944800061e+02 +3.944800061e+02
1535 0 +5.336385300e-06 +3.944800053e+02 +3.944800053e+02
1539 0 +4.397814223e-06 +3.944800044e+02 +3.944800044e+02
1549 0 +3.831902973e-06 +3.944800038e+02 +3.944800038e+02
1552 0 +2.970809987e-06 +3.944800030e+02 +3.944800030e+02
1553 0 +2.156736514e-06 +3.944800022e+02 +3.944800022e+02
1556 0 +1.617392911e-06 +3.944800016e+02 +3.944800016e+02
1558 0 +1.239241953e-06 +3.944800012e+02 +3.944800012e+02
1609 0 +9.396019891e-07 +3.944800009e+02 +3.944800009e+02
1614 0 +7.825743182e-07 +3.944800008e+02 +3.944800008e+02
1621 0 +6.740978620e-07 +3.944800007e+02 +3.944800007e+02
1637 0 +6.244451356e-07 +3.944800006e+02 +3.944800006e+02
1640 0 +4.555063811e-07 +3.944800005e+02 +3.944800005e+02
1642 0 +3.831878530e-07 +3.944800004e+02 +3.944800004e+02
1691 0 +3.067290208e-07 +3.944800003e+02 +3.944800003e+02
1696 0 +2.771726599e-07 +3.944800003e+02 +3.944800003e+02
1707 0 +2.493794682e-07 +3.944800002e+02 +3.944800002e+02
1710 0 +2.118111411e-07 +3.944800002e+02 +3.944800002e+02
1715 0 +1.676008310e-07 +3.944800002e+02 +3.944800002e+02
1718 0 +1.327451855e-07 +3.944800001e+02 +3.944800001e+02
1721 0 +1.092224124e-07 +3.944800001e+02 +3.944800001e+02
1763 0 +9.502082321e-08 +3.944800001e+02 +3.944800001e+02
1765 0 +8.616916602e-08 +3.944800001e+02 +3.944800001e+02
1768 0 +7.286223536e-08 +3.944800001e+02 +3.944800001e+02
1773 0 +6.734461522e-08 +3.944800001e+02 +3.944800001e+02
1781 0 +5.500368161e-08 +3.944800001e+02 +3.944800001e+02
1783 0 +4.889216143e-08 +3.944800000e+02 +3.944800000e+02
1788 0 +3.633732604e-08 +3.944800000e+02 +3.944800000e+02
1794 0 +3.365295242e-08 +3.944800000e+02 +3.944800000e+02
1799 0 +3.112609193e-08 +3.944800000e+02 +3.944800000e+02
1802 0 +2.796696208e-08 +3.944800000e+02 +3.944800000e+02
1850 0 +2.475002248e-08 +3.944800000e+02 +3.944800000e+02
1856 0 +2.011972811e-08 +3.944800000e+02 +3.944800000e+02
1864 0 +1.944533778e-08 +3.944800000e+02 +3.944800000e+02
1866 0 +1.772002634e-08 +3.944800000e+02 +3.944800000e+02
1871 0 +1.378811021e-08 +3.944800000e+02 +3.944800000e+02
1873 0 +1.140017503e-08 +3.944800000e+02 +3.944800000e+02
1877 0 +8.785889349e-09 +3.944800000e+02 +3.944800000e+02
2429 0 +8.526512829e-13 +3.944800000e+02 +3.944800000e+02
200000 0 +1.705302566e-13 +3.944800000e+02 +3.944800000e+02
% f evaluations | g evaluations | best noise-free fitness - Fopt (-2.471100000000e+02) + sum g_i+ | measured fitness | best measured fitness or single-digit g-values | x1 | x2...
1 0 +1.231669958e+02 -1.239430042e+02 -1.239430042e+02
2 0 +1.094951276e+02 -1.376148724e+02 -1.376148724e+02
122 0 +9.684759710e+01 -1.502624029e+02 -1.502624029e+02
622 0 +8.760545826e+01 -1.595045417e+02 -1.595045417e+02
628 0 +7.752406578e+01 -1.695859342e+02 -1.695859342e+02
632 0 +6.896334004e+01 -1.781466600e+02 -1.781466600e+02
640 0 +6.047177889e+01 -1.866382211e+02 -1.866382211e+02
643 0 +5.587394363e+01 -1.912360564e+02 -1.912360564e+02
651 0 +4.829212002e+01 -1.988178800e+02 -1.988178800e+02
656 0 +4.321912390e+01 -2.038908761e+02 -2.038908761e+02
657 0 +3.838593596e+01 -2.087240640e+02 -2.087240640e+02
664 0 +3.408143837e+01 -2.130285616e+02 -2.130285616e+02
668 0 +3.143526917e+01 -2.156747308e+02 -2.156747308e+02
672 0 +2.563378250e+01 -2.214762175e+02 -2.214762175e+02
676 0 +2.274425542e+01 -2.243657446e+02 -2.243657446e+02
680 0 +2.128925894e+01 -2.258207411e+02 -2.258207411e+02
683 0 +1.869402103e+01 -2.284159790e+02 -2.284159790e+02
689 0 +1.631332230e+01 -2.307966777e+02 -2.307966777e+02
691 0 +1.511739213e+01 -2.319926079e+02 -2.319926079e+02
696 0 +1.367970513e+01 -2.334302949e+02 -2.334302949e+02
697 0 +1.084911454e+01 -2.362608855e+02 -2.362608855e+02
708 0 +9.563571878e+00 -2.375464281e+02 -2.375464281e+02
712 0 +5.764682561e+00 -2.413453174e+02 -2.413453174e+02
716 0 +4.877752842e+00 -2.422322472e+02 -2.422322472e+02
723 0 +4.285112285e+00 -2.428248877e+02 -2.428248877e+02
729 0 +3.907010902e+00 -2.432029891e+02 -2.432029891e+02
737 0 +3.079017670e+00 -2.440309823e+02 -2.440309823e+02
752 0 +1.282725706e+00 -2.458272743e+02 -2.458272743e+02
808 0 +1.223400376e+00 -2.458865996e+02 -2.458865996e+02
814 0 +1.096744522e+00 -2.460132555e+02 -2.460132555e+02
826 0 +8.836782510e-01 -2.462263217e+02 -2.462263217e+02
832 0 +7.365062763e-01 -2.463734937e+02 -2.463734937e+02
833 0 +5.571030506e-01 -2.465528969e+02 -2.465528969e+02
884 0 +4.836600047e-01 -2.466263400e+02 -2.466263400e+02
886 0 +4.445752207e-01 -2.466654248e+02 -2.466654248e+02
889 0 +3.797125400e-01 -2.467302875e+02 -2.467302875e+02
893 0 +3.498223110e-01 -2.467601777e+02 -2.467601777e+02
896 0 +3.033063977e-01 -2.468066936e+02 -2.468066936e+02
901 0 +2.760555990e-01 -2.468339444e+02 -2.468339444e+02
907 0 +2.261192450e-01 -2.468838808e+02 -2.468838808e+02
917 0 +2.090487417e-01 -2.469009513e+02 -2.469009513e+02
920 0 +1.582054574e-01 -2.469517945e+02 -2.469517945e+02
921 0 +1.125541317e-01 -2.469974459e+02 -2.469974459e+02
971 0 +1.038704869e-01 -2.470061295e+02 -2.470061295e+02
978 0 +9.715242071e-02 -2.470128476e+02 -2.470128476e+02
984 0 +8.886388124e-02 -2.470211361e+02 -2.470211361e+02
985 0 +7.544689733e-02 -2.470345531e+02 -2.470345531e+02
989 0 +5.829004613e-02 -2.470517100e+02 -2.470517100e+02
991 0 +4.814716433e-02 -2.470618528e+02 -2.470618528e+02
998 0 +3.895205512e-02 -2.470710479e+02 -2.470710479e+02
1045 0 +3.515115409e-02 -2.470748488e+02 -2.470748488e+02
1050 0 +2.789888652e-02 -2.470821011e+02 -2.470821011e+02
1053 0 +2.433765222e-02 -2.470856623e+02 -2.470856623e+02
1060 0 +2.050209151e-02 -2.470894979e+02 -2.470894979e+02
1061 0 +1.760071479e-02 -2.470923993e+02 -2.470923993e+02
1063 0 +1.574058401e-02 -2.470942594e+02 -2.470942594e+02
1067 0 +1.293927220e-02 -2.470970607e+02 -2.470970607e+02
1073 0 +1.007048376e-02 -2.470999295e+02 -2.470999295e+02
1075 0 +6.833746869e-03 -2.471031663e+02 -2.471031663e+02
1082 0 +6.156306575e-03 -2.471038437e+02 -2.471038437e+02
1132 0 +5.334958916e-03 -2.471046650e+02 -2.471046650e+02
1136 0 +4.409623449e-03 -2.471055904e+02 -2.471055904e+02
1138 0 +3.882981980e-03 -2.471061170e+02 -2.471061170e+02
1152 0 +3.437444865e-03 -2.471065626e+02 -2.471065626e+02
1158 0 +2.637765558e-03 -2.471073622e+02 -2.471073622e+02
1159 0 +2.148360922e-03 -2.471078516e+02 -2.471078516e+02
1161 0 +1.331098899e-03 -2.471086689e+02 -2.471086689e+02
1203 0 +1.116024537e-03 -2.471088840e+02 -2.471088840e+02
1206 0 +8.733446945e-04 -2.471091267e+02 -2.471091267e+02
1223 0 +6.184156631e-04 -2.471093816e+02 -2.471093816e+02
1228 0 +5.512897577e-04 -2.471094487e+02 -2.471094487e+02
1234 0 +4.895420128e-04 -2.471095105e+02 -2.471095105e+02
1297 0 +4.378591165e-04 -2.471095621e+02 -2.471095621e+02
1300 0 +3.899072686e-04 -2.471096101e+02 -2.471096101e+02
1301 0 +3.328072844e-04 -2.471096672e+02 -2.471096672e+02
1305 0 +2.887332648e-04 -2.471097113e+02 -2.471097113e+02
1307 0 +2.441413947e-04 -2.471097559e+02 -2.471097559e+02
1312 0 +2.058128741e-04 -2.471097942e+02 -2.471097942e+02
1313 0 +1.527864248e-04 -2.471098472e+02 -2.471098472e+02
1316 0 +1.295775878e-04 -2.471098704e+02 -2.471098704e+02
1320 0 +6.858548323e-05 -2.471099314e+02 -2.471099314e+02
1367 0 +5.842786311e-05 -2.471099416e+02 -2.471099416e+02
1371 0 +4.680025268e-05 -2.471099532e+02 -2.471099532e+02
1374 0 +4.019831695e-05 -2.471099598e+02 -2.471099598e+02
1390 0 +3.333745599e-05 -2.471099667e+02 -2.471099667e+02
1395 0 +2.966326920e-05 -2.471099703e+02 -2.471099703e+02
1397 0 +2.267294559e-05 -2.471099773e+02 -2.471099773e+02
1402 0 +1.788046143e-05 -2.471099821e+02 -2.471099821e+02
1449 0 +1.659390205e-05 -2.471099834e+02 -2.471099834e+02
1466 0 +1.563476951e-05 -2.471099844e+02 -2.471099844e+02
1471 0 +1.305773841e-05 -2.471099869e+02 -2.471099869e+02
1476 0 +1.107518048e-05 -2.471099889e+02 -2.471099889e+02
1481 0 +9.327281731e-06 -2.471099907e+02 -2.471099907e+02
1524 0 +8.445736881e-06 -2.471099916e+02 -2.471099916e+02
1530 0 +7.808770278e-06 -2.471099922e+02 -2.471099922e+02
1535 0 +6.427634759e-06 -2.471099936e+02 -2.471099936e+02
1538 0 +6.203607001e-06 -2.471099938e+02 -2.471099938e+02
1539 0 +5.513198175e-06 -2.471099945e+02 -2.471099945e+02
1544 0 +4.975443886e-06 -2.471099950e+02 -2.471099950e+02
1545 0 +4.240755572e-06 -2.471099958e+02 -2.471099958e+02
1547 0 +3.441335991e-06 -2.471099966e+02 -2.471099966e+02
1550 0 +2.681033578e-06 -2.471099973e+02 -2.471099973e+02
1557 0 +1.815780905e-06 -2.471099982e+02 -2.471099982e+02
1562 0 +1.572572700e-06 -2.471099984e+02 -2.471099984e+02
1612 0 +1.195953445e-06 -2.471099988e+02 -2.471099988e+02
1617 0 +1.069239119e-06 -2.471099989e+02 -2.471099989e+02
1631 0 +8.265872680e-07 -2.471099992e+02 -2.471099992e+02
1633 0 +6.159008876e-07 -2.471099994e+02 -2.471099994e+02
1635 0 +3.953557552e-07 -2.471099996e+02 -2.471099996e+02
1641 0 +2.782316528e-07 -2.471099997e+02 -2.471099997e+02
1690 0 +2.383540902e-07 -2.471099998e+02 -2.471099998e+02
1700 0 +2.191017074e-07 -2.471099998e+02 -2.471099998e+02
1701 0 +1.655067194e-07 -2.471099998e+02 -2.471099998e+02
1703 0 +1.208991307e-07 -2.471099999e+02 -2.471099999e+02
1769 0 +1.098768792e-07 -2.471099999e+02 -2.471099999e+02
1774 0 +9.753304653e-08 -2.471099999e+02 -2.471099999e+02
1775 0 +8.644005334e-08 -2.471099999e+02 -2.471099999e+02
1778 0 +7.335711416e-08 -2.471099999e+02 -2.471099999e+02
1779 0 +6.165856803e-08 -2.471099999e+02 -2.471099999e+02
1786 0 +4.905101036e-08 -2.471100000e+02 -2.471100000e+02
1788 0 +4.453488600e-08 -2.471100000e+02 -2.471100000e+02
1789 0 +3.512909075e-08 -2.471100000e+02 -2.471100000e+02
1798 0 +2.976901214e-08 -2.471100000e+02 -2.471100000e+02
1801 0 +1.540848871e-08 -2.471100000e+02 -2.471100000e+02
1845 0 +1.133855676e-08 -2.471100000e+02 -2.471100000e+02
1848 0 +9.655849453e-09 -2.471100000e+02 -2.471100000e+02
2416 0 +8.810729923e-13 -2.471100000e+02 -2.471100000e+02
200000 0 +8.526512829e-14 -2.471100000e+02 -2.471100000e+02
% f evaluations | g evaluations | best noise-free fitness - Fopt (-1.520400000000e+02) + sum g_i+ | measured fitness | best measured fitness or single-digit g-values | x1 | x2...
1 0 +1.096536352e+02 -4.238636480e+01 -4.238636480e+01
3 0 +1.081066150e+02 -4.393338497e+01 -4.393338497e+01
14 0 +9.524133286e+01 -5.679866714e+01 -5.679866714e+01
15 0 +8.668089029e+01 -6.535910971e+01 -6.535910971e+01
135 0 +7.849180242e+01 -7.354819758e+01 -7.354819758e+01
630 0 +6.735604145e+01 -8.468395855e+01 -8.468395855e+01
636 0 +6.277997118e+01 -8.926002882e+01 -8.926002882e+01
642 0 +5.502071624e+01 -9.701928376e+01 -9.701928376e+01
650 0 +4.657593282e+01 -1.054640672e+02 -1.054640672e+02
662 0 +4.077606517e+01 -1.112639348e+02 -1.112639348e+02
665 0 +3.849333173e+01 -1.135466683e+02 -1.135466683e+02
667 0 +3.367455314e+01 -1.183654469e+02 -1.183654469e+02
670 0 +2.888619428e+01 -1.231538057e+02 -1.231538057e+02
676 0 +2.778662837e+01 -1.242533716e+02 -1.242533716e+02
682 0 +2.202997078e+01 -1.300100292e+02 -1.300100292e+02
687 0 +1.918176877e+01 -1.328582312e+02 -1.328582312e+02
690 0 +1.759038207e+01 -1.344496179e+02 -1.344496179e+02
702 0 +1.563075648e+01 -1.364092435e+02 -1.364092435e+02
707 0 +1.253443916e+01 -1.395055608e+02 -1.395055608e+02
710 0 +9.748677655e+00 -1.422913223e+02 -1.422913223e+02
722 0 +5.994617418e+00 -1.460453826e+02 -1.460453826e+02
727 0 +5.149012762e+00 -1.468909872e+02 -1.468909872e+02
747 0 +4.335428878e+00 -1.477045711e+02 -1.477045711e+02
750 0 +3.552264728e+00 -1.484877353e+02 -1.484877353e+02
762 0 +1.800801844e+00 -1.502391982e+02 -1.502391982e+02
806 0 +1.610452055e+00 -1.504295479e+02 -1.504295479e+02
810 0 +1.565732710e+00 -1.504742673e+02 -1.504742673e+02
812 0 +1.397884363e+00 -1.506421156e+02 -1.506421156e+02
820 0 +1.098814918e+00 -1.509411851e+02 -1.509411851e+02
822 0 +8.699761335e-01 -1.511700239e+02 -1.511700239e+02
826 0 +7.597195084e-01 -1.512802805e+02 -1.512802805e+02
838 0 +6.767902755e-01 -1.513632097e+02 -1.513632097e+02
839 0 +5.628786622e-01 -1.514771213e+02 -1.514771213e+02
842 0 +4.381212280e-01 -1.516018788e+02 -1.516018788e+02
884 0 +3.840644496e-01 -1.516559356e+02 -1.516559356e+02
889 0 +3.438429548e-01 -1.516961570e+02 -1.516961570e+02
897 0 +2.934536898e-01 -1.517465463e+02 -1.517465463e+02
904 0 +2.776594507e-01 -1.517623405e+02 -1.517623405e+02
911 0 +2.245552702e-01 -1.518154447e+02 -1.518154447e+02
914 0 +1.689843552e-01 -1.518710156e+02 -1.518710156e+02
917 0 +1.309379629e-01 -1.519090620e+02 -1.519090620e+02
920 0 +1.253126022e-01 -1.519146874e+02 -1.519146874e+02
973 0 +1.033978119e-01 -1.519366022e+02 -1.519366022e+02
976 0 +8.846098301e-02 -1.519515390e+02 -1.519515390e+02
986 0 +6.879394631e-02 -1.519712061e+02 -1.519712061e+02
988 0 +6.097488905e-02 -1.519790251e+02 -1.519790251e+02
989 0 +4.935336511e-02 -1.519906466e+02 -1.519906466e+02
999 0 +3.652075360e-02 -1.520034792e+02 -1.520034792e+02
1002 0 +2.097668687e-02 -1.520190233e+02 -1.520190233e+02
1046 0 +1.887067515e-02 -1.520211293e+02 -1.520211293e+02
1047 0 +1.686758257e-02 -1.520231324e+02 -1.520231324e+02
1050 0 +1.518898740e-02 -1.520248110e+02 -1.520248110e+02
1052 0 +1.376455878e-02 -1.520262354e+02 -1.520262354e+02
1058 0 +1.146099438e-02 -1.520285390e+02 -1.520285390e+02
1072 0 +1.110082579e-02 -1.520288992e+02 -1.520288992e+02
1076 0 +8.870446486e-03 -1.520311296e+02 -1.520311296e+02
1078 0 +6.648075712e-03 -1.520333519e+02 -1.520333519e+02
1131 0 +6.156208261e-03 -1.520338438e+02 -1.520338438e+02
1134 0 +5.550583111e-03 -1.520344494e+02 -1.520344494e+02
1143 0 +4.226333737e-03 -1.520357737e+02 -1.520357737e+02
1148 0 +3.249400160e-03 -1.520367506e+02 -1.520367506e+02
1151 0 +2.404026907e-03 -1.520375960e+02 -1.520375960e+02
1204 0 +2.203428158e-03 -1.520377966e+02 -1.520377966e+02
1208 0 +1.763958125e-03 -1.520382360e+02 -1.520382360e+02
1212 0 +1.477117546e-03 -1.520385229e+02 -1.520385229e+02
1217 0 +1.319635590e-03 -1.520386804e+02 -1.520386804e+02
1222 0 +1.257696432e-03 -1.520387423e+02 -1.520387423e+02
1225 0 +1.036350696e-03 -1.520389636e+02 -1.520389636e+02
1229 0 +8.059486260e-04 -1.520391941e+02 -1.520391941e+02
1233 0 +6.122655389e-04 -1.520393877e+02 -1.520393877e+02
1235 0 +4.364873111e-04 -1.520395635e+02 -1.520395635e+02
1237 0 +2.587069505e-04 -1.520397413e+02 -1.520397413e+02
1240 0 +1.515795956e-04 -1.520398484e+02 -1.520398484e+02
1293 0 +1.143529339e-04 -1.520398856e+02 -1.520398856e+02
1301 0 +8.420809209e-05 -1.520399158e+02 -1.520399158e+02
1319 0 +7.665734836e-05 -1.520399233e+02 -1.520399233e+02
1372 0 +6.198554701e-05 -1.520399380e+02 -1.520399380e+02
1375 0 +5.512468601e-05 -1.520399449e+02 -1.520399449e+02
1378 0 +4.865935895e-05 -1.520399513e+02 -1.520399513e+02
1392 0 +4.366069038e-05 -1.520399563e+02 -1.520399563e+02
1400 0 +2.887547228e-05 -1.520399711e+02 -1.520399711e+02
1443 0 +2.721275669e-05 -1.520399728e+02 -1.520399728e+02
1450 0 +2.353333102e-05 -1.520399765e+02 -1.520399765e+02
1454 0 +2.005862106e-05 -1.520399799e+02 -1.520399799e+02
1456 0 +1.966940022e-05 -1.520399803e+02 -1.520399803e+02
1461 0 +1.536585330e-05 -1.520399846e+02 -1.520399846e+02
1471 0 +1.394244407e-05 -1.520399861e+02 -1.520399861e+02
1474 0 +1.141527071e-05 -1.520399886e+02 -1.520399886e+02
1475 0 +8.541248832e-06 -1.520399915e+02 -1.520399915e+02
1477 0 +5.416960391e-06 -1.520399946e+02 -1.520399946e+02
1525 0 +4.777889416e-06 -1.520399952e+02 -1.520399952e+02
1535 0 +4.017587003e-06 -1.520399960e+02 -1.520399960e+02
1538 0 +3.356168065e-06 -1.520399966e+02 -1.520399966e+02
1539 0 +2.408105388e-06 -1.520399976e+02 -1.520399976e+02
1546 0 +1.918521434e-06 -1.520399981e+02 -1.520399981e+02
1552 0 +1.675313229e-06 -1.520399983e+02 -1.520399983e+02
1603 0 +1.498362536e-06 -1.520399985e+02 -1.520399985e+02
1607 0 +1.366535258e-06 -1.520399986e+02 -1.520399986e+02
1611 0 +1.258631443e-06 -1.520399987e+02 -1.520399987e+02
1630 0 +1.005937150e-06 -1.520399990e+02 -1.520399990e+02
1631 0 +8.888130480e-07 -1.520399991e+02 -1.520399991e+02
1639 0 +5.712284690e-07 -1.520399994e+02 -1.520399994e+02
1641 0 +4.145461787e-07 -1.520399996e+02 -1.520399996e+02
1686 0 +3.643790194e-07 -1.520399996e+02 -1.520399996e+02
1690 0 +3.127102843e-07 -1.520399997e+02 -1.520399997e+02
1703 0 +2.516856057e-07 -1.520399997e+02 -1.520399997e+02
1705 0 +1.950354260e-07 -1.520399998e+02 -1.520399998e+02
1714 0 +1.764290118e-07 -1.520399998e+02 -1.520399998e+02
1716 0 +1.179074047e-07 -1.520399999e+02 -1.520399999e+02
1718 0 +9.066909001e-08 -1.520399999e+02 -1.520399999e+02
1768 0 +7.834049143e-08 -1.520399999e+02 -1.520399999e+02
1771 0 +7.029171911e-08 -1.520399999e+02 -1.520399999e+02
1776 0 +5.424760730e-08 -1.520399999e+02 -1.520399999e+02
1778 0 +4.617280069e-08 -1.520400000e+02 -1.520400000e+02
1791 0 +3.181230568e-08 -1.520400000e+02 -1.520400000e+02
1793 0 +2.563498924e-08 -1.520400000e+02 -1.520400000e+02
1797 0 +2.433364443e-08 -1.520400000e+02 -1.520400000e+02
1802 0 +1.874266786e-08 -1.520400000e+02 -1.520400000e+02
1843 0 +1.527448035e-08 -1.520400000e+02 -1.520400000e+02
1864 0 +1.207055789e-08 -1.520400000e+02 -1.520400000e+02
1869 0 +1.102338842e-08 -1.520400000e+02 -1.520400000e+02
1878 0 +7.302475069e-09 -1.520400000e+02 -1.520400000e+02
2426 0 +9.379164112e-13 -1.520400000e+02 -1.520400000e+02
200000 0 +8.526512829e-14 -1.520400000e+02 -1.520400000e+02
% f evaluations | g evaluations | best noise-free fitness - Fopt (-2.525000000000e+01) + sum g_i+ | measured fitness | best measured fitness or single-digit g-values | x1 | x2...
1 0 +7.197402816e+01 +4.672402816e+01 +4.672402816e+01
5 0 +5.938000692e+01 +3.413000692e+01 +3.413000692e+01
612 0 +5.267801468e+01 +2.742801468e+01 +2.742801468e+01
615 0 +4.872569992e+01 +2.347569992e+01 +2.347569992e+01
620 0 +4.446823633e+01 +1.921823633e+01 +1.921823633e+01
624 0 +3.583353320e+01 +1.058353320e+01 +1.058353320e+01
626 0 +3.459337783e+01 +9.343377826e+00 +9.343377826e+00
627 0 +3.045053947e+01 +5.200539468e+00 +5.200539468e+00
632 0 +2.736758866e+01 +2.117588665e+00 +2.117588665e+00
641 0 +2.417866737e+01 -1.071332626e+00 -1.071332626e+00
644 0 +2.080209494e+01 -4.447905057e+00 -4.447905057e+00
649 0 +1.949759609e+01 -5.752403911e+00 -5.752403911e+00
652 0 +1.590361203e+01 -9.346387969e+00 -9.346387969e+00
655 0 +1.395389462e+01 -1.129610538e+01 -1.129610538e+01
661 0 +1.097986011e+01 -1.427013989e+01 -1.427013989e+01
664 0 +8.695525630e+00 -1.655447437e+01 -1.655447437e+01
667 0 +6.555284624e+00 -1.869471538e+01 -1.869471538e+01
672 0 +5.474931175e+00 -1.977506883e+01 -1.977506883e+01
684 0 +4.100956097e+00 -2.114904390e+01 -2.114904390e+01
692 0 +2.509569392e+00 -2.274043061e+01 -2.274043061e+01
701 0 +2.166992799e+00 -2.308300720e+01 -2.308300720e+01
704 0 +1.885255672e+00 -2.336474433e+01 -2.336474433e+01
707 0 +1.747612020e+00 -2.350238798e+01 -2.350238798e+01
767 0 +1.461350884e+00 -2.378864912e+01 -2.378864912e+01
775 0 +1.192746841e+00 -2.405725316e+01 -2.405725316e+01
782 0 +1.051681639e+00 -2.419831836e+01 -2.419831836e+01
783 0 +9.422255336e-01 -2.430777447e+01 -2.430777447e+01
788 0 +7.607226907e-01 -2.448927731e+01 -2.448927731e+01
794 0 +6.964432741e-01 -2.455355673e+01 -2.455355673e+01
796 0 +5.770789960e-01 -2.467292100e+01 -2.467292100e+01
797 0 +5.198532828e-01 -2.473014672e+01 -2.473014672e+01
800 0 +4.091437467e-01 -2.484085625e+01 -2.484085625e+01
844 0 +3.785558138e-01 -2.487144419e+01 -2.487144419e+01
851 0 +3.202151154e-01 -2.492978488e+01 -2.492978488e+01
858 0 +2.896867543e-01 -2.496031325e+01 -2.496031325e+01
859 0 +2.581200016e-01 -2.499188000e+01 -2.499188000e+01
861 0 +2.350570204e-01 -2.501494298e+01 -2.501494298e+01
873 0 +1.967624471e-01 -2.505323755e+01 -2.505323755e+01
878 0 +1.598951081e-01 -2.509010489e+01 -2.509010489e+01
879 0 +1.526687089e-01 -2.509733129e+01 -2.509733129e+01
881 0 +1.379242783e-01 -2.511207572e+01 -2.511207572e+01
925 0 +1.243778244e-01 -2.512562218e+01 -2.512562218e+01
930 0 +1.111309592e-01 -2.513886904e+01 -2.513886904e+01
942 0 +9.686485063e-02 -2.515313515e+01 -2.515313515e+01
943 0 +8.514611600e-02 -2.516485388e+01 -2.516485388e+01
946 0 +7.093432124e-02 -2.517906568e+01 -2.517906568e+01
947 0 +6.937415652e-02 -2.518062584e+01 -2.518062584e+01
956 0 +5.475381650e-02 -2.519524618e+01 -2.519524618e+01
960 0 +4.272172429e-02 -2.520727828e+01 -2.520727828e+01
962 0 +3.444864774e-02 -2.521555135e+01 -2.521555135e+01
1004 0 +3.071298746e-02 -2.521928701e+01 -2.521928701e+01
1012 0 +2.722857531e-02 -2.522277142e+01 -2.522277142e+01
1018 0 +2.350780800e-02 -2.522649219e+01 -2.522649219e+01
1020 0 +1.966552733e-02 -2.523033447e+01 -2.523033447e+01
1028 0 +1.467986440e-02 -2.523532014e+01 -2.523532014e+01
1030 0 +1.328774698e-02 -2.523671225e+01 -2.523671225e+01
1032 0 +1.225814663e-02 -2.523774185e+01 -2.523774185e+01
1033 0 +8.559104836e-03 -2.524144090e+01 -2.524144090e+01
1037 0 +5.317213643e-03 -2.524468279e+01 -2.524468279e+01
1089 0 +4.567762498e-03 -2.524543224e+01 -2.524543224e+01
1091 0 +4.429229345e-03 -2.524557077e+01 -2.524557077e+01
1094 0 +3.938536133e-03 -2.524606146e+01 -2.524606146e+01
1096 0 +3.263868697e-03 -2.524673613e+01 -2.524673613e+01
1109 0 +2.927668534e-03 -2.524707233e+01 -2.524707233e+01
1111 0 +2.464637971e-03 -2.524753536e+01 -2.524753536e+01
1121 0 +1.599414894e-03 -2.524840059e+01 -2.524840059e+01
1166 0 +1.537602172e-03 -2.524846240e+01 -2.524846240e+01
1167 0 +1.330605611e-03 -2.524866939e+01 -2.524866939e+01
1172 0 +1.155414503e-03 -2.524884459e+01 -2.524884459e+01
1181 0 +9.362666064e-04 -2.524906373e+01 -2.524906373e+01
1183 0 +6.937132013e-04 -2.524930629e+01 -2.524930629e+01
1190 0 +5.901415308e-04 -2.524940986e+01 -2.524940986e+01
1199 0 +3.700068597e-04 -2.524962999e+01 -2.524962999e+01
1245 0 +3.397987992e-04 -2.524966020e+01 -2.524966020e+01
1253 0 +2.644177994e-04 -2.524973558e+01 -2.524973558e+01
1255 0 +2.497413948e-04 -2.524975026e+01 -2.524975026e+01
1265 0 +2.212622499e-04 -2.524977874e+01 -2.524977874e+01
1267 0 +1.848663763e-04 -2.524981513e+01 -2.524981513e+01
1269 0 +1.755377904e-04 -2.524982446e+01 -2.524982446e+01
1271 0 +1.208945709e-04 -2.524987911e+01 -2.524987911e+01
1275 0 +9.141435950e-05 -2.524990859e+01 -2.524990859e+01
1278 0 +6.884981036e-05 -2.524993115e+01 -2.524993115e+01
1329 0 +6.075214960e-05 -2.524993925e+01 -2.524993925e+01
1336 0 +5.077370772e-05 -2.524994923e+01 -2.524994923e+01
1346 0 +4.973467490e-05 -2.524995027e+01 -2.524995027e+01
1350 0 +3.912036257e-05 -2.524996088e+01 -2.524996088e+01
1357 0 +3.458553224e-05 -2.524996541e+01 -2.524996541e+01
1405 0 +2.918336098e-05 -2.524997082e+01 -2.524997082e+01
1412 0 +2.551973996e-05 -2.524997448e+01 -2.524997448e+01
1417 0 +2.338452749e-05 -2.524997662e+01 -2.524997662e+01
1425 0 +2.008439258e-05 -2.524997992e+01 -2.524997992e+01
1428 0 +1.772440701e-05 -2.524998228e+01 -2.524998228e+01
1434 0 +1.491027205e-05 -2.524998509e+01 -2.524998509e+01
1435 0 +1.135987053e-05 -2.524998864e+01 -2.524998864e+01
1438 0 +9.538384568e-06 -2.524999046e+01 -2.524999046e+01
1440 0 +8.699858761e-06 -2.524999130e+01 -2.524999130e+01
1442 0 +5.481531243e-06 -2.524999452e+01 -2.524999452e+01
1487 0 +4.838103873e-06 -2.524999516e+01 -2.524999516e+01
1490 0 +3.954136808e-06 -2.524999605e+01 -2.524999605e+01
1495 0 +3.074499070e-06 -2.524999693e+01 -2.524999693e+01
1502 0 +2.323677258e-06 -2.524999768e+01 -2.524999768e+01
1509 0 +2.112516849e-06 -2.524999789e+01 -2.524999789e+01
1519 0 +1.532697073e-06 -2.524999847e+01 -2.524999847e+01
1563 0 +1.353973417e-06 -2.524999865e+01 -2.524999865e+01
1578 0 +1.155565261e-06 -2.524999884e+01 -2.524999884e+01
1580 0 +9.787734960e-07 -2.524999902e+01 -2.524999902e+01
1587 0 +8.525852664e-07 -2.524999915e+01 -2.524999915e+01
1590 0 +7.194372635e-07 -2.524999928e+01 -2.524999928e+01
1592 0 +5.537153633e-07 -2.524999945e+01 -2.524999945e+01
1598 0 +3.244211975e-07 -2.524999968e+01 -2.524999968e+01
1648 0 +2.762296099e-07 -2.524999972e+01 -2.524999972e+01
1652 0 +2.245608819e-07 -2.524999978e+01 -2.524999978e+01
1661 0 +2.022519574e-07 -2.524999980e+01 -2.524999980e+01
1666 0 +1.969944599e-07 -2.524999980e+01 -2.524999980e+01
1674 0 +1.436378483e-07 -2.524999986e+01 -2.524999986e+01
1680 0 +9.850417371e-08 -2.524999990e+01 -2.524999990e+01
1681 0 +8.302075116e-08 -2.524999992e+01 -2.524999992e+01
1742 0 +7.861047635e-08 -2.524999992e+01 -2.524999992e+01
1745 0 +6.631871585e-08 -2.524999993e+01 -2.524999993e+01
1748 0 +5.310423390e-08 -2.524999995e+01 -2.524999995e+01
1749 0 +4.162969347e-08 -2.524999996e+01 -2.524999996e+01
1751 0 +3.829863005e-08 -2.524999996e+01 -2.524999996e+01
1762 0 +2.921223086e-08 -2.524999997e+01 -2.524999997e+01
1803 0 +2.552241440e-08 -2.524999997e+01 -2.524999997e+01
1809 0 +2.481843353e-08 -2.524999998e+01 -2.524999998e+01
1817 0 +2.053065629e-08 -2.524999998e+01 -2.524999998e+01
1820 0 +1.708232844e-08 -2.524999998e+01 -2.524999998e+01
1821 0 +1.523522641e-08 -2.524999998e+01 -2.524999998e+01
1824 0 +1.152676177e-08 -2.524999999e+01 -2.524999999e+01
1832 0 +9.462166162e-09 -2.524999999e+01 -2.524999999e+01
2379 0 +8.562039966e-13 -2.525000000e+01 -2.525000000e+01
200000 0 +1.065814104e-14 -2.525000000e+01 -2.525000000e+01
% f evaluations | g evaluations | best noise-free fitness - Fopt (-2.365000000000e+01) + sum g_i+ | measured fitness | best measured fitness or single-digit g-values | x1 | x2...
1 0 +1.176633926e+02 +9.401339264e+01 +9.401339264e+01
11 0 +1.156182136e+02 +9.196821357e+01 +9.196821357e+01
23 0 +1.028949321e+02 +7.924493214e+01 +7.924493214e+01
611 0 +9.837370233e+01 +7.472370233e+01 +7.472370233e+01
619 0 +8.447608336e+01 +6.082608336e+01 +6.082608336e+01
626 0 +7.761598055e+01 +5.396598055e+01 +5.396598055e+01
633 0 +6.796686849e+01 +4.431686849e+01 +4.431686849e+01
636 0 +6.261844807e+01 +3.896844807e+01 +3.896844807e+01
640 0 +5.246596034e+01 +2.881596034e+01 +2.881596034e+01
642 0 +4.760425564e+01 +2.395425564e+01 +2.395425564e+01
650 0 +4.285914281e+01 +1.920914281e+01 +1.920914281e+01
651 0 +3.864395578e+01 +1.499395578e+01 +1.499395578e+01
659 0 +3.275672623e+01 +9.106726225e+00 +9.106726225e+00
664 0 +3.149545541e+01 +7.845455414e+00 +7.845455414e+00
673 0 +2.617784800e+01 +2.527847996e+00 +2.527847996e+00
676 0 +2.283202492e+01 -8.179750788e-01 -8.179750788e-01
677 0 +1.871450124e+01 -4.935498760e+00 -4.935498760e+00
680 0 +1.668473190e+01 -6.965268102e+00 -6.965268102e+00
682 0 +1.382562456e+01 -9.824375441e+00 -9.824375441e+00
690 0 +1.170876757e+01 -1.194123243e+01 -1.194123243e+01
691 0 +9.496177886e+00 -1.415382211e+01 -1.415382211e+01
699 0 +7.850355869e+00 -1.579964413e+01 -1.579964413e+01
713 0 +6.686492139e+00 -1.696350786e+01 -1.696350786e+01
716 0 +5.343266417e+00 -1.830673358e+01 -1.830673358e+01
717 0 +3.228340089e+00 -2.042165991e+01 -2.042165991e+01
722 0 +2.344658115e+00 -2.130534189e+01 -2.130534189e+01
730 0 +2.230398478e+00 -2.141960152e+01 -2.141960152e+01
757 0 +1.908077173e+00 -2.174192283e+01 -2.174192283e+01
808 0 +1.766147384e+00 -2.188385262e+01 -2.188385262e+01
809 0 +1.572952533e+00 -2.207704747e+01 -2.207704747e+01
819 0 +1.355687028e+00 -2.229431297e+01 -2.229431297e+01
825 0 +1.179636849e+00 -2.247036315e+01 -2.247036315e+01
828 0 +1.022149586e+00 -2.262785041e+01 -2.262785041e+01
829 0 +7.881600769e-01 -2.286183992e+01 -2.286183992e+01
838 0 +5.811046845e-01 -2.306889532e+01 -2.306889532e+01
839 0 +3.443660097e-01 -2.330563399e+01 -2.330563399e+01
885 0 +3.130371293e-01 -2.333696287e+01 -2.333696287e+01
895 0 +2.745035752e-01 -2.337549642e+01 -2.337549642e+01
897 0 +2.459765124e-01 -2.340402349e+01 -2.340402349e+01
900 0 +2.193638457e-01 -2.343063615e+01 -2.343063615e+01
901 0 +1.709976045e-01 -2.347900240e+01 -2.347900240e+01
912 0 +1.124521762e-01 -2.353754782e+01 -2.353754782e+01
916 0 +8.955158229e-02 -2.356044842e+01 -2.356044842e+01
967 0 +7.809815405e-02 -2.357190185e+01 -2.357190185e+01
971 0 +6.749440460e-02 -2.358250560e+01 -2.358250560e+01
983 0 +4.933432713e-02 -2.360066567e+01 -2.360066567e+01
987 0 +3.884693673e-02 -2.361115306e+01 -2.361115306e+01
995 0 +3.465194185e-02 -2.361534806e+01 -2.361534806e+01
1044 0 +2.958687963e-02 -2.362041312e+01 -2.362041312e+01
1046 0 +2.568513086e-02 -2.362431487e+01 -2.362431487e+01
1050 0 +2.245522653e-02 -2.362754477e+01 -2.362754477e+01
1056 0 +2.035464619e-02 -2.362964535e+01 -2.362964535e+01
1057 0 +1.713420344e-02 -2.363286580e+01 -2.363286580e+01
1060 0 +1.439235973e-02 -2.363560764e+01 -2.363560764e+01
1065 0 +1.194270223e-02 -2.363805730e+01 -2.363805730e+01
1076 0 +9.999583504e-03 -2.364000042e+01 -2.364000042e+01
1077 0 +6.890345503e-03 -2.364310965e+01 -2.364310965e+01
1082 0 +4.205669825e-03 -2.364579433e+01 -2.364579433e+01
1132 0 +3.852979815e-03 -2.364614702e+01 -2.364614702e+01
1142 0 +3.053944795e-03 -2.364694606e+01 -2.364694606e+01
1147 0 +2.140760663e-03 -2.364785924e+01 -2.364785924e+01
1203 0 +1.946294750e-03 -2.364805371e+01 -2.364805371e+01
1207 0 +1.736904643e-03 -2.364826310e+01 -2.364826310e+01
1215 0 +1.425496417e-03 -2.364857450e+01 -2.364857450e+01
1219 0 +1.377584289e-03 -2.364862242e+01 -2.364862242e+01
1226 0 +1.256625610e-03 -2.364874337e+01 -2.364874337e+01
1229 0 +1.033726322e-03 -2.364896627e+01 -2.364896627e+01
1231 0 +8.752086657e-04 -2.364912479e+01 -2.364912479e+01
1234 0 +7.585763960e-04 -2.364924142e+01 -2.364924142e+01
1236 0 +5.495777020e-04 -2.364945042e+01 -2.364945042e+01
1240 0 +3.694730646e-04 -2.364963053e+01 -2.364963053e+01
1241 0 +3.072689301e-04 -2.364969273e+01 -2.364969273e+01
1289 0 +2.623071709e-04 -2.364973769e+01 -2.364973769e+01
1298 0 +2.275372740e-04 -2.364977246e+01 -2.364977246e+01
1300 0 +1.903789166e-04 -2.364980962e+01 -2.364980962e+01
1304 0 +1.761225093e-04 -2.364982388e+01 -2.364982388e+01
1318 0 +1.335429433e-04 -2.364986646e+01 -2.364986646e+01
1322 0 +1.035305894e-04 -2.364989647e+01 -2.364989647e+01
1363 0 +9.870141024e-05 -2.364990130e+01 -2.364990130e+01
1371 0 +8.493779934e-05 -2.364991506e+01 -2.364991506e+01
1381 0 +7.521113670e-05 -2.364992479e+01 -2.364992479e+01
1383 0 +6.706073507e-05 -2.364993294e+01 -2.364993294e+01
1386 0 +5.209967052e-05 -2.364994790e+01 -2.364994790e+01
1392 0 +4.589326871e-05 -2.364995411e+01 -2.364995411e+01
1394 0 +3.201380657e-05 -2.364996799e+01 -2.364996799e+01
1399 0 +3.120415004e-05 -2.364996880e+01 -2.364996880e+01
1449 0 +2.676678869e-05 -2.364997323e+01 -2.364997323e+01
1454 0 +2.315292727e-05 -2.364997685e+01 -2.364997685e+01
1458 0 +1.995211430e-05 -2.364998005e+01 -2.364998005e+01
1459 0 +1.778274966e-05 -2.364998222e+01 -2.364998222e+01
1477 0 +1.427618914e-05 -2.364998572e+01 -2.364998572e+01
1480 0 +1.086136608e-05 -2.364998914e+01 -2.364998914e+01
1482 0 +7.177928921e-06 -2.364999282e+01 -2.364999282e+01
1523 0 +6.925546963e-06 -2.364999307e+01 -2.364999307e+01
1527 0 +6.252532067e-06 -2.364999375e+01 -2.364999375e+01
1535 0 +5.416527095e-06 -2.364999458e+01 -2.364999458e+01
1541 0 +4.603725028e-06 -2.364999540e+01 -2.364999540e+01
1544 0 +3.776586944e-06 -2.364999622e+01 -2.364999622e+01
1547 0 +2.932054922e-06 -2.364999707e+01 -2.364999707e+01
1550 0 +2.539567937e-06 -2.364999746e+01 -2.364999746e+01
1552 0 +1.942880314e-06 -2.364999806e+01 -2.364999806e+01
1556 0 +1.294328740e-06 -2.364999871e+01 -2.364999871e+01
1558 0 +1.175618127e-06 -2.364999882e+01 -2.364999882e+01
1604 0 +1.063080898e-06 -2.364999894e+01 -2.364999894e+01
1610 0 +8.959151252e-07 -2.364999910e+01 -2.364999910e+01
1611 0 +7.749987851e-07 -2.364999923e+01 -2.364999923e+01
1617 0 +6.817516081e-07 -2.364999932e+01 -2.364999932e+01
1620 0 +5.079081475e-07 -2.364999949e+01 -2.364999949e+01
1629 0 +4.654234296e-07 -2.364999953e+01 -2.364999953e+01
1637 0 +2.860505290e-07 -2.364999971e+01 -2.364999971e+01
1688 0 +2.718446588e-07 -2.364999973e+01 -2.364999973e+01
1696 0 +2.428938153e-07 -2.364999976e+01 -2.364999976e+01
1710 0 +1.913956567e-07 -2.364999981e+01 -2.364999981e+01
1711 0 +1.615214060e-07 -2.364999984e+01 -2.364999984e+01
1713 0 +1.337570090e-07 -2.364999987e+01 -2.364999987e+01
1715 0 +1.168487458e-07 -2.364999988e+01 -2.364999988e+01
1764 0 +1.036349531e-07 -2.364999990e+01 -2.364999990e+01
1765 0 +9.985588889e-08 -2.364999990e+01 -2.364999990e+01
1769 0 +8.736149582e-08 -2.364999991e+01 -2.364999991e+01
1772 0 +7.282904235e-08 -2.364999993e+01 -2.364999993e+01
1777 0 +6.399267249e-08 -2.364999994e+01 -2.364999994e+01
1779 0 +6.269199915e-08 -2.364999994e+01 -2.364999994e+01
1796 0 +5.129263769e-08 -2.364999995e+01 -2.364999995e+01
1799 0 +4.091138450e-08 -2.364999996e+01 -2.364999996e+01
1846 0 +3.907079105e-08 -2.364999996e+01 -2.364999996e+01
1853 0 +3.412490202e-08 -2.364999997e+01 -2.364999997e+01
1856 0 +3.061732201e-08 -2.364999997e+01 -2.364999997e+01
1860 0 +2.753752781e-08 -2.364999997e+01 -2.364999997e+01
1864 0 +2.202460436e-08 -2.364999998e+01 -2.364999998e+01
1868 0 +1.762448676e-08 -2.364999998e+01 -2.364999998e+01
1872 0 +1.232220015e-08 -2.364999999e+01 -2.364999999e+01
1873 0 +9.111232657e-09 -2.364999999e+01 -2.364999999e+01
2434 0 +8.739675650e-13 -2.365000000e+01 -2.365000000e+01
200000 0 +1.065814104e-14 -2.365000000e+01 -2.365000000e+01
% f evaluations | g evaluations | best noise-free fitness - Fopt (1.000000000000e+03) + sum g_i+ | measured fitness | best measured fitness or single-digit g-values | x1 | x2...
1 0 +1.476585011e+02 +1.147658501e+03 +1.147658501e+03
5 0 +1.364984851e+02 +1.136498485e+03 +1.136498485e+03
43 0 +1.239783294e+02 +1.123978329e+03 +1.123978329e+03
617 0 +1.113542156e+02 +1.111354216e+03 +1.111354216e+03
623 0 +9.922349370e+01 +1.099223494e+03 +1.099223494e+03
629 0 +8.707195830e+01 +1.087071958e+03 +1.087071958e+03
633 0 +7.575711655e+01 +1.075757117e+03 +1.075757117e+03
637 0 +6.993063513e+01 +1.069930635e+03 +1.069930635e+03
644 0 +5.942946859e+01 +1.059429469e+03 +1.059429469e+03
649 0 +5.573176463e+01 +1.055731765e+03 +1.055731765e+03
656 0 +4.790178003e+01 +1.047901780e+03 +1.047901780e+03
657 0 +4.396484409e+01 +1.043964844e+03 +1.043964844e+03
662 0 +3.844996132e+01 +1.038449961e+03 +1.038449961e+03
669 0 +3.169817092e+01 +1.031698171e+03 +1.031698171e+03
671 0 +2.868536387e+01 +1.028685364e+03 +1.028685364e+03
673 0 +2.438852387e+01 +1.024388524e+03 +1.024388524e+03
677 0 +2.177437543e+01 +1.021774375e+03 +1.021774375e+03
681 0 +1.901808218e+01 +1.019018082e+03 +1.019018082e+03
684 0 +1.728100096e+01 +1.017281001e+03 +1.017281001e+03
693 0 +1.548632802e+01 +1.015486328e+03 +1.015486328e+03
696 0 +1.293912127e+01 +1.012939121e+03 +1.012939121e+03
697 0 +1.100478268e+01 +1.011004783e+03 +1.011004783e+03
702 0 +9.442214667e+00 +1.009442215e+03 +1.009442215e+03
709 0 +7.130360590e+00 +1.007130361e+03 +1.007130361e+03
711 0 +6.120150899e+00 +1.006120151e+03 +1.006120151e+03
713 0 +3.825908246e+00 +1.003825908e+03 +1.003825908e+03
717 0 +3.214357167e+00 +1.003214357e+03 +1.003214357e+03
721 0 +2.738894370e+00 +1.002738894e+03 +1.002738894e+03
736 0 +2.194284971e+00 +1.002194285e+03 +1.002194285e+03
749 0 +1.885028247e+00 +1.001885028e+03 +1.001885028e+03
753 0 +1.593382949e+00 +1.001593383e+03 +1.001593383e+03
804 0 +1.475816347e+00 +1.001475816e+03 +1.001475816e+03
811 0 +1.253683658e+00 +1.001253684e+03 +1.001253684e+03
817 0 +1.037488371e+00 +1.001037488e+03 +1.001037488e+03
820 0 +8.136036723e-01 +1.000813604e+03 +1.000813604e+03
822 0 +7.832936747e-01 +1.000783294e+03 +1.000783294e+03
830 0 +6.875973673e-01 +1.000687597e+03 +1.000687597e+03
834 0 +5.830953477e-01 +1.000583095e+03 +1.000583095e+03
839 0 +4.718872329e-01 +1.000471887e+03 +1.000471887e+03
888 0 +3.970250447e-01 +1.000397025e+03 +1.000397025e+03
895 0 +3.389439442e-01 +1.000338944e+03 +1.000338944e+03
901 0 +2.915177757e-01 +1.000291518e+03 +1.000291518e+03
904 0 +2.557860392e-01 +1.000255786e+03 +1.000255786e+03
907 0 +2.252576781e-01 +1.000225258e+03 +1.000225258e+03
909 0 +2.105246645e-01 +1.000210525e+03 +1.000210525e+03
918 0 +1.653387750e-01 +1.000165339e+03 +1.000165339e+03
920 0 +1.583616651e-01 +1.000158362e+03 +1.000158362e+03
921 0 +1.020771329e-01 +1.000102077e+03 +1.000102077e+03
964 0 +8.833077434e-02 +1.000088331e+03 +1.000088331e+03
974 0 +6.948598246e-02 +1.000069486e+03 +1.000069486e+03
986 0 +6.023969075e-02 +1.000060240e+03 +1.000060240e+03
990 0 +5.157979446e-02 +1.000051580e+03 +1.000051580e+03
994 0 +4.109958136e-02 +1.000041100e+03 +1.000041100e+03
996 0 +3.069025328e-02 +1.000030690e+03 +1.000030690e+03
999 0 +1.853351642e-02 +1.000018534e+03 +1.000018534e+03
1058 0 +1.748958073e-02 +1.000017490e+03 +1.000017490e+03
1063 0 +1.468854600e-02 +1.000014689e+03 +1.000014689e+03
1067 0 +1.096777868e-02 +1.000010968e+03 +1.000010968e+03
1077 0 +7.947742834e-03 +1.000007948e+03 +1.000007948e+03
1126 0 +7.674762163e-03 +1.000007675e+03 +1.000007675e+03
1129 0 +7.041474364e-03 +1.000007041e+03 +1.000007041e+03
1132 0 +6.257306370e-03 +1.000006257e+03 +1.000006257e+03
1137 0 +5.060979397e-03 +1.000005061e+03 +1.000005061e+03
1139 0 +4.386311961e-03 +1.000004386e+03 +1.000004386e+03
1142 0 +3.469767852e-03 +1.000003470e+03 +1.000003470e+03
1145 0 +2.847848562e-03 +1.000002848e+03 +1.000002848e+03
1149 0 +1.984052599e-03 +1.000001984e+03 +1.000001984e+03
1153 0 +1.670613656e-03 +1.000001671e+03 +1.000001671e+03
1155 0 +1.339453459e-03 +1.000001339e+03 +1.000001339e+03
1205 0 +1.231486110e-03 +1.000001231e+03 +1.000001231e+03
1213 0 +1.057897480e-03 +1.000001058e+03 +1.000001058e+03
1224 0 +9.782859939e-04 +1.000000978e+03 +1.000000978e+03
1234 0 +8.905477808e-04 +1.000000891e+03 +1.000000891e+03
1240 0 +6.200585094e-04 +1.000000620e+03 +1.000000620e+03
1242 0 +4.709764987e-04 +1.000000471e+03 +1.000000471e+03
1283 0 +4.134075907e-04 +1.000000413e+03 +1.000000413e+03
1288 0 +3.513746994e-04 +1.000000351e+03 +1.000000351e+03
1296 0 +2.884875217e-04 +1.000000288e+03 +1.000000288e+03
1300 0 +2.738111172e-04 +1.000000274e+03 +1.000000274e+03
1303 0 +2.292538817e-04 +1.000000229e+03 +1.000000229e+03
1306 0 +2.013904406e-04 +1.000000201e+03 +1.000000201e+03
1311 0 +1.928875570e-04 +1.000000193e+03 +1.000000193e+03
1313 0 +1.756422424e-04 +1.000000176e+03 +1.000000176e+03
1315 0 +1.539666144e-04 +1.000000154e+03 +1.000000154e+03
1318 0 +1.036701472e-04 +1.000000104e+03 +1.000000104e+03
1365 0 +9.195691507e-05 +1.000000092e+03 +1.000000092e+03
1371 0 +8.025972886e-05 +1.000000080e+03 +1.000000080e+03
1374 0 +7.471493234e-05 +1.000000075e+03 +1.000000075e+03
1378 0 +6.781542425e-05 +1.000000068e+03 +1.000000068e+03
1379 0 +5.987502129e-05 +1.000000060e+03 +1.000000060e+03
1392 0 +4.750097298e-05 +1.000000048e+03 +1.000000048e+03
1394 0 +4.084502496e-05 +1.000000041e+03 +1.000000041e+03
1396 0 +3.640423370e-05 +1.000000036e+03 +1.000000036e+03
1401 0 +2.783892046e-05 +1.000000028e+03 +1.000000028e+03
1453 0 +2.435599038e-05 +1.000000024e+03 +1.000000024e+03
1455 0 +2.236350235e-05 +1.000000022e+03 +1.000000022e+03
1466 0 +1.851698801e-05 +1.000000019e+03 +1.000000019e+03
1468 0 +1.638177548e-05 +1.000000016e+03 +1.000000016e+03
1470 0 +1.307425339e-05 +1.000000013e+03 +1.000000013e+03
1473 0 +1.258257601e-05 +1.000000013e+03 +1.000000013e+03
1475 0 +1.098332029e-05 +1.000000011e+03 +1.000000011e+03
1479 0 +8.197221746e-06 +1.000000008e+03 +1.000000008e+03
1532 0 +7.564792668e-06 +1.000000008e+03 +1.000000008e+03
1538 0 +6.363542184e-06 +1.000000006e+03 +1.000000006e+03
1540 0 +5.483904374e-06 +1.000000005e+03 +1.000000005e+03
1542 0 +4.534373147e-06 +1.000000005e+03 +1.000000005e+03
1543 0 +3.739282761e-06 +1.000000004e+03 +1.000000004e+03
1554 0 +2.922261046e-06 +1.000000003e+03 +1.000000003e+03
1556 0 +2.766976081e-06 +1.000000003e+03 +1.000000003e+03
1557 0 +2.369644676e-06 +1.000000002e+03 +1.000000002e+03
1562 0 +1.646234409e-06 +1.000000002e+03 +1.000000002e+03
1606 0 +1.439291054e-06 +1.000000001e+03 +1.000000001e+03
1607 0 +1.289751935e-06 +1.000000001e+03 +1.000000001e+03
1609 0 +1.182486585e-06 +1.000000001e+03 +1.000000001e+03
1616 0 +9.413389535e-07 +1.000000001e+03 +1.000000001e+03
1627 0 +7.589574125e-07 +1.000000001e+03 +1.000000001e+03
1632 0 +5.742029998e-07 +1.000000001e+03 +1.000000001e+03
1635 0 +4.131172773e-07 +1.000000000e+03 +1.000000000e+03
1638 0 +3.730548315e-07 +1.000000000e+03 +1.000000000e+03
1640 0 +3.533948529e-07 +1.000000000e+03 +1.000000000e+03
1684 0 +3.022795454e-07 +1.000000000e+03 +1.000000000e+03
1691 0 +2.752913133e-07 +1.000000000e+03 +1.000000000e+03
1694 0 +2.271517587e-07 +1.000000000e+03 +1.000000000e+03
1705 0 +2.026534958e-07 +1.000000000e+03 +1.000000000e+03
1709 0 +1.983194124e-07 +1.000000000e+03 +1.000000000e+03
1717 0 +1.568910193e-07 +1.000000000e+03 +1.000000000e+03
1719 0 +1.070389999e-07 +1.000000000e+03 +1.000000000e+03
1768 0 +9.966220205e-08 +1.000000000e+03 +1.000000000e+03
1769 0 +8.776635241e-08 +1.000000000e+03 +1.000000000e+03
1777 0 +7.511721378e-08 +1.000000000e+03 +1.000000000e+03
1784 0 +7.005996849e-08 +1.000000000e+03 +1.000000000e+03
1790 0 +5.463505204e-08 +1.000000000e+03 +1.000000000e+03
1794 0 +4.060336778e-08 +1.000000000e+03 +1.000000000e+03
1796 0 +3.611330612e-08 +1.000000000e+03 +1.000000000e+03
1801 0 +2.209594641e-08 +1.000000000e+03 +1.000000000e+03
1859 0 +1.933210569e-08 +1.000000000e+03 +1.000000000e+03
1865 0 +1.573619102e-08 +1.000000000e+03 +1.000000000e+03
1868 0 +1.242301551e-08 +1.000000000e+03 +1.000000000e+03
1871 0 +9.406335266e-09 +1.000000000e+03 +1.000000000e+03
2407 0 +9.094947018e-13 +1.000000000e+03 +1.000000000e+03
200000 0 +2.273736754e-13 +1.000000000e+03 +1.000000000e+03
% f evaluations | g evaluations | best noise-free fitness - Fopt (-2.390000000000e+00) + sum g_i+ | measured fitness | best measured fitness or single-digit g-values | x1 | x2...
1 0 +6.902050368e+01 +6.663050368e+01 +6.663050368e+01
11 0 +6.619740022e+01 +6.380740022e+01 +6.380740022e+01
59 0 +5.719503425e+01 +5.480503425e+01 +5.480503425e+01
620 0 +5.412359580e+01 +5.173359580e+01 +5.173359580e+01
622 0 +4.900699635e+01 +4.661699635e+01 +4.661699635e+01
630 0 +4.110236682e+01 +3.871236682e+01 +3.871236682e+01
631 0 +3.629829952e+01 +3.390829952e+01 +3.390829952e+01
637 0 +3.496978508e+01 +3.257978508e+01 +3.257978508e+01
639 0 +3.092781216e+01 +2.853781216e+01 +2.853781216e+01
641 0 +2.515991961e+01 +2.276991961e+01 +2.276991961e+01
646 0 +2.426848872e+01 +2.187848872e+01 +2.187848872e+01
657 0 +2.194767796e+01 +1.955767796e+01 +1.955767796e+01
662 0 +1.794704808e+01 +1.555704808e+01 +1.555704808e+01
667 0 +1.658170976e+01 +1.419170976e+01 +1.419170976e+01
670 0 +1.404761326e+01 +1.165761326e+01 +1.165761326e+01
671 0 +1.124614331e+01 +8.856143310e+00 +8.856143310e+00
679 0 +9.206767737e+00 +6.816767737e+00 +6.816767737e+00
681 0 +5.441472548e+00 +3.051472548e+00 +3.051472548e+00
702 0 +4.330067802e+00 +1.940067802e+00 +1.940067802e+00
710 0 +3.798568653e+00 +1.408568653e+00 +1.408568653e+00
711 0 +2.999696057e+00 +6.096960569e-01 +6.096960569e-01
721 0 +1.200220001e+00 -1.189779999e+00 -1.189779999e+00
776 0 +1.090333818e+00 -1.299666182e+00 -1.299666182e+00
793 0 +9.819389379e-01 -1.408061062e+00 -1.408061062e+00
795 0 +8.753829686e-01 -1.514617031e+00 -1.514617031e+00
800 0 +6.434474096e-01 -1.746552590e+00 -1.746552590e+00
801 0 +5.130724993e-01 -1.876927501e+00 -1.876927501e+00
847 0 +4.722242894e-01 -1.917775711e+00 -1.917775711e+00
850 0 +4.103247052e-01 -1.979675295e+00 -1.979675295e+00
852 0 +3.928539422e-01 -1.997146058e+00 -1.997146058e+00
853 0 +3.385478745e-01 -2.051452125e+00 -2.051452125e+00
855 0 +3.009017418e-01 -2.089098258e+00 -2.089098258e+00
864 0 +2.702224104e-01 -2.119777590e+00 -2.119777590e+00
865 0 +2.109622565e-01 -2.179037743e+00 -2.179037743e+00
867 0 +1.825335127e-01 -2.207466487e+00 -2.207466487e+00
869 0 +1.276647981e-01 -2.262335202e+00 -2.262335202e+00
874 0 +1.159600575e-01 -2.274039943e+00 -2.274039943e+00
876 0 +1.066568748e-01 -2.283343125e+00 -2.283343125e+00
931 0 +9.796181311e-02 -2.292038187e+00 -2.292038187e+00
938 0 +8.666506365e-02 -2.303334936e+00 -2.303334936e+00
952 0 +7.527054935e-02 -2.314729451e+00 -2.314729451e+00
953 0 +6.547762781e-02 -2.324522372e+00 -2.324522372e+00
955 0 +5.448392732e-02 -2.335516073e+00 -2.335516073e+00
957 0 +3.973121118e-02 -2.350268789e+00 -2.350268789e+00
962 0 +2.538906330e-02 -2.364610937e+00 -2.364610937e+00
1005 0 +2.243364986e-02 -2.367566350e+00 -2.367566350e+00
1008 0 +2.091173347e-02 -2.369088267e+00 -2.369088267e+00
1016 0 +1.813293001e-02 -2.371867070e+00 -2.371867070e+00
1019 0 +1.487732183e-02 -2.375122678e+00 -2.375122678e+00
1022 0 +1.190701543e-02 -2.378092985e+00 -2.378092985e+00
1024 0 +8.148505530e-03 -2.381851494e+00 -2.381851494e+00
1027 0 +4.952642528e-03 -2.385047357e+00 -2.385047357e+00
1083 0 +4.179337294e-03 -2.385820663e+00 -2.385820663e+00
1087 0 +3.962464747e-03 -2.386037535e+00 -2.386037535e+00
1091 0 +3.212817896e-03 -2.386787182e+00 -2.386787182e+00
1094 0 +3.156261191e-03 -2.386843739e+00 -2.386843739e+00
1111 0 +2.527956190e-03 -2.387472044e+00 -2.387472044e+00
1114 0 +2.042694359e-03 -2.387957306e+00 -2.387957306e+00
1116 0 +1.857627265e-03 -2.388142373e+00 -2.388142373e+00
1119 0 +1.686138621e-03 -2.388313861e+00 -2.388313861e+00
1168 0 +1.550117210e-03 -2.388449883e+00 -2.388449883e+00
1173 0 +1.333937878e-03 -2.388666062e+00 -2.388666062e+00
1175 0 +1.181173745e-03 -2.388818826e+00 -2.388818826e+00
1178 0 +9.913684866e-04 -2.389008632e+00 -2.389008632e+00
1190 0 +7.537978801e-04 -2.389246202e+00 -2.389246202e+00
1195 0 +6.000469733e-04 -2.389399953e+00 -2.389399953e+00
1200 0 +4.413336104e-04 -2.389558666e+00 -2.389558666e+00
1246 0 +3.829593425e-04 -2.389617041e+00 -2.389617041e+00
1261 0 +3.055967690e-04 -2.389694403e+00 -2.389694403e+00
1266 0 +2.629295211e-04 -2.389737070e+00 -2.389737070e+00
1268 0 +2.346114481e-04 -2.389765389e+00 -2.389765389e+00
1272 0 +1.810182217e-04 -2.389818982e+00 -2.389818982e+00
1274 0 +1.208171849e-04 -2.389879183e+00 -2.389879183e+00
1281 0 +1.004851098e-04 -2.389899515e+00 -2.389899515e+00
1324 0 +9.019802706e-05 -2.389909802e+00 -2.389909802e+00
1327 0 +7.836756404e-05 -2.389921632e+00 -2.389921632e+00
1332 0 +6.512318338e-05 -2.389934877e+00 -2.389934877e+00
1336 0 +5.747840061e-05 -2.389942522e+00 -2.389942522e+00
1339 0 +5.262475813e-05 -2.389947375e+00 -2.389947375e+00
1356 0 +4.365040793e-05 -2.389956350e+00 -2.389956350e+00
1358 0 +3.103602312e-05 -2.389968964e+00 -2.389968964e+00
1359 0 +2.487854795e-05 -2.389975121e+00 -2.389975121e+00
1362 0 +1.976598021e-05 -2.389980234e+00 -2.389980234e+00
1417 0 +1.524886167e-05 -2.389984751e+00 -2.389984751e+00
1420 0 +1.385603158e-05 -2.389986144e+00 -2.389986144e+00
1425 0 +1.210813283e-05 -2.389987892e+00 -2.389987892e+00
1428 0 +8.848265911e-06 -2.389991152e+00 -2.389991152e+00
1441 0 +6.843984718e-06 -2.389993156e+00 -2.389993156e+00
1494 0 +5.536228183e-06 -2.389994464e+00 -2.389994464e+00
1495 0 +4.582685383e-06 -2.389995417e+00 -2.389995417e+00
1499 0 +4.324187594e-06 -2.389995676e+00 -2.389995676e+00
1504 0 +3.847153149e-06 -2.389996153e+00 -2.389996153e+00
1506 0 +3.288311309e-06 -2.389996712e+00 -2.389996712e+00
1515 0 +2.387268164e-06 -2.389997613e+00 -2.389997613e+00
1519 0 +1.802812201e-06 -2.389998197e+00 -2.389998197e+00
1522 0 +1.479583098e-06 -2.389998520e+00 -2.389998520e+00
1564 0 +1.387338792e-06 -2.389998613e+00 -2.389998613e+00
1568 0 +1.195049216e-06 -2.389998805e+00 -2.389998805e+00
1569 0 +1.057473266e-06 -2.389998943e+00 -2.389998943e+00
1580 0 +9.324440806e-07 -2.389999068e+00 -2.389999068e+00
1582 0 +8.835614542e-07 -2.389999116e+00 -2.389999116e+00
1591 0 +6.520040041e-07 -2.389999348e+00 -2.389999348e+00
1597 0 +5.577046518e-07 -2.389999442e+00 -2.389999442e+00
1601 0 +4.805909959e-07 -2.389999519e+00 -2.389999519e+00
1645 0 +4.410833592e-07 -2.389999559e+00 -2.389999559e+00
1652 0 +3.891762432e-07 -2.389999611e+00 -2.389999611e+00
1658 0 +3.478896189e-07 -2.389999652e+00 -2.389999652e+00
1661 0 +3.077064847e-07 -2.389999692e+00 -2.389999692e+00
1664 0 +2.481299255e-07 -2.389999752e+00 -2.389999752e+00
1665 0 +2.087942295e-07 -2.389999791e+00 -2.389999791e+00
1667 0 +1.985032312e-07 -2.389999801e+00 -2.389999801e+00
1669 0 +1.505746869e-07 -2.389999849e+00 -2.389999849e+00
1678 0 +1.380423114e-07 -2.389999862e+00 -2.389999862e+00
1680 0 +1.051101459e-07 -2.389999895e+00 -2.389999895e+00
1682 0 +8.398492213e-08 -2.389999916e+00 -2.389999916e+00
1724 0 +7.584435879e-08 -2.389999924e+00 -2.389999924e+00
1730 0 +6.353016291e-08 -2.389999936e+00 -2.389999936e+00
1733 0 +6.064709890e-08 -2.389999939e+00 -2.389999939e+00
1740 0 +4.819778399e-08 -2.389999952e+00 -2.389999952e+00
1748 0 +3.842277030e-08 -2.389999962e+00 -2.389999962e+00
1757 0 +2.976844504e-08 -2.389999970e+00 -2.389999970e+00
1761 0 +2.541054389e-08 -2.389999975e+00 -2.389999975e+00
1805 0 +2.265373755e-08 -2.389999977e+00 -2.389999977e+00
1807 0 +2.057903714e-08 -2.389999979e+00 -2.389999979e+00
1814 0 +1.829044072e-08 -2.389999982e+00 -2.389999982e+00
1817 0 +1.742171207e-08 -2.389999983e+00 -2.389999983e+00
1822 0 +1.504151204e-08 -2.389999985e+00 -2.389999985e+00
1826 0 +1.368505131e-08 -2.389999986e+00 -2.389999986e+00
1833 0 +1.027936403e-08 -2.389999990e+00 -2.389999990e+00
1839 0 +7.322020323e-09 -2.389999993e+00 -2.389999993e+00
2377 0 +9.632294962e-13 -2.390000000e+00 -2.390000000e+00
200000 0 +1.332267630e-15 -2.390000000e+00 -2.390000000e+00
% f evaluations | g evaluations | best noise-free fitness - Fopt (1.000000000000e+03) + sum g_i+ | measured fitness | best measured fitness or single-digit g-values | x1 | x2...
1 0 +8.609584832e+01 +1.086095848e+03 +1.086095848e+03
2 0 +8.565806723e+01 +1.085658067e+03 +1.085658067e+03
20 0 +7.692750617e+01 +1.076927506e+03 +1.076927506e+03
33 0 +6.915345546e+01 +1.069153455e+03 +1.069153455e+03
619 0 +6.160369656e+01 +1.061603697e+03 +1.061603697e+03
625 0 +5.576505637e+01 +1.055765056e+03 +1.055765056e+03
634 0 +4.664428705e+01 +1.046644287e+03 +1.046644287e+03
640 0 +3.938294542e+01 +1.039382945e+03 +1.039382945e+03
642 0 +3.331886074e+01 +1.033318861e+03 +1.033318861e+03
649 0 +3.017706478e+01 +1.030177065e+03 +1.030177065e+03
653 0 +2.477425471e+01 +1.024774255e+03 +1.024774255e+03
674 0 +1.933726461e+01 +1.019337265e+03 +1.019337265e+03
680 0 +1.528825597e+01 +1.015288256e+03 +1.015288256e+03
682 0 +1.122676864e+01 +1.011226769e+03 +1.011226769e+03
689 0 +1.017012883e+01 +1.010170129e+03 +1.010170129e+03
693 0 +7.659745964e+00 +1.007659746e+03 +1.007659746e+03
714 0 +6.503841760e+00 +1.006503842e+03 +1.006503842e+03
720 0 +4.457430468e+00 +1.004457430e+03 +1.004457430e+03
722 0 +2.398540491e+00 +1.002398540e+03 +1.002398540e+03
733 0 +1.890754981e+00 +1.001890755e+03 +1.001890755e+03
804 0 +1.578574872e+00 +1.001578575e+03 +1.001578575e+03
807 0 +1.172688752e+00 +1.001172689e+03 +1.001172689e+03
815 0 +1.084544726e+00 +1.001084545e+03 +1.001084545e+03
820 0 +8.882436932e-01 +1.000888244e+03 +1.000888244e+03
836 0 +7.679279255e-01 +1.000767928e+03 +1.000767928e+03
839 0 +5.395102253e-01 +1.000539510e+03 +1.000539510e+03
841 0 +3.173318683e-01 +1.000317332e+03 +1.000317332e+03
894 0 +2.565347440e-01 +1.000256535e+03 +1.000256535e+03
896 0 +2.380255894e-01 +1.000238026e+03 +1.000238026e+03
897 0 +2.079843901e-01 +1.000207984e+03 +1.000207984e+03
902 0 +1.490375938e-01 +1.000149038e+03 +1.000149038e+03
903 0 +1.045001449e-01 +1.000104500e+03 +1.000104500e+03
966 0 +9.340352527e-02 +1.000093404e+03 +1.000093404e+03
975 0 +8.701281076e-02 +1.000087013e+03 +1.000087013e+03
979 0 +7.225751747e-02 +1.000072258e+03 +1.000072258e+03
985 0 +5.730467151e-02 +1.000057305e+03 +1.000057305e+03
992 0 +4.633269653e-02 +1.000046333e+03 +1.000046333e+03
994 0 +4.265229736e-02 +1.000042652e+03 +1.000042652e+03
996 0 +2.821864725e-02 +1.000028219e+03 +1.000028219e+03
998 0 +1.780931917e-02 +1.000017809e+03 +1.000017809e+03
1043 0 +1.693925183e-02 +1.000016939e+03 +1.000016939e+03
1051 0 +1.361667277e-02 +1.000013617e+03 +1.000013617e+03
1057 0 +9.301730184e-03 +1.000009302e+03 +1.000009302e+03
1064 0 +8.702123534e-03 +1.000008702e+03 +1.000008702e+03
1073 0 +6.631000167e-03 +1.000006631e+03 +1.000006631e+03
1124 0 +6.088203097e-03 +1.000006088e+03 +1.000006088e+03
1126 0 +5.243922713e-03 +1.000005244e+03 +1.000005244e+03
1129 0 +4.492342998e-03 +1.000004492e+03 +1.000004492e+03
1135 0 +3.872495110e-03 +1.000003872e+03 +1.000003872e+03
1143 0 +3.194467697e-03 +1.000003194e+03 +1.000003194e+03
1149 0 +2.640163579e-03 +1.000002640e+03 +1.000002640e+03
1151 0 +2.449665105e-03 +1.000002450e+03 +1.000002450e+03
1157 0 +2.118504908e-03 +1.000002119e+03 +1.000002119e+03
1160 0 +1.727150085e-03 +1.000001727e+03 +1.000001727e+03
1162 0 +9.458363191e-04 +1.000000946e+03 +1.000000946e+03
1232 0 +7.966278711e-04 +1.000000797e+03 +1.000000797e+03
1234 0 +5.810356588e-04 +1.000000581e+03 +1.000000581e+03
1238 0 +5.021580725e-04 +1.000000502e+03 +1.000000502e+03
1239 0 +4.533777995e-04 +1.000000453e+03 +1.000000453e+03
1283 0 +4.057338035e-04 +1.000000406e+03 +1.000000406e+03
1292 0 +3.598676498e-04 +1.000000360e+03 +1.000000360e+03
1296 0 +3.314863580e-04 +1.000000331e+03 +1.000000331e+03
1300 0 +2.979326118e-04 +1.000000298e+03 +1.000000298e+03
1301 0 +2.454729397e-04 +1.000000245e+03 +1.000000245e+03
1310 0 +1.868692955e-04 +1.000000187e+03 +1.000000187e+03
1315 0 +1.722561096e-04 +1.000000172e+03 +1.000000172e+03
1317 0 +1.505804815e-04 +1.000000151e+03 +1.000000151e+03
1320 0 +1.138561969e-04 +1.000000114e+03 +1.000000114e+03
1368 0 +1.040612299e-04 +1.000000104e+03 +1.000000104e+03
1370 0 +9.105845720e-05 +1.000000091e+03 +1.000000091e+03
1373 0 +7.846138965e-05 +1.000000078e+03 +1.000000078e+03
1383 0 +6.477000568e-05 +1.000000065e+03 +1.000000065e+03
1386 0 +5.840967788e-05 +1.000000058e+03 +1.000000058e+03
1391 0 +4.987597401e-05 +1.000000050e+03 +1.000000050e+03
1396 0 +4.190396169e-05 +1.000000042e+03 +1.000000042e+03
1398 0 +3.746317043e-05 +1.000000037e+03 +1.000000037e+03
1401 0 +2.817715404e-05 +1.000000028e+03 +1.000000028e+03
1446 0 +2.506509725e-05 +1.000000025e+03 +1.000000025e+03
1456 0 +2.178942566e-05 +1.000000022e+03 +1.000000022e+03
1459 0 +1.702076906e-05 +1.000000017e+03 +1.000000017e+03
1467 0 +1.335714808e-05 +1.000000013e+03 +1.000000013e+03
1477 0 +1.149074694e-05 +1.000000011e+03 +1.000000011e+03
1479 0 +9.212864143e-06 +1.000000009e+03 +1.000000009e+03
1524 0 +8.483973829e-06 +1.000000008e+03 +1.000000008e+03
1527 0 +7.714179787e-06 +1.000000008e+03 +1.000000008e+03
1531 0 +6.763059218e-06 +1.000000007e+03 +1.000000007e+03
1544 0 +5.755646725e-06 +1.000000006e+03 +1.000000006e+03
1546 0 +5.120477681e-06 +1.000000005e+03 +1.000000005e+03
1550 0 +4.299137572e-06 +1.000000004e+03 +1.000000004e+03
1552 0 +3.567825047e-06 +1.000000004e+03 +1.000000004e+03
1553 0 +2.718645760e-06 +1.000000003e+03 +1.000000003e+03
1555 0 +1.846910436e-06 +1.000000002e+03 +1.000000002e+03
1558 0 +1.691625471e-06 +1.000000002e+03 +1.000000002e+03
1562 0 +1.148390993e-06 +1.000000001e+03 +1.000000001e+03
1609 0 +1.102640113e-06 +1.000000001e+03 +1.000000001e+03
1617 0 +8.203695643e-07 +1.000000001e+03 +1.000000001e+03
1621 0 +6.451067520e-07 +1.000000001e+03 +1.000000001e+03
1637 0 +4.840210295e-07 +1.000000000e+03 +1.000000000e+03
1640 0 +3.373071422e-07 +1.000000000e+03 +1.000000000e+03
1685 0 +3.085398248e-07 +1.000000000e+03 +1.000000000e+03
1690 0 +2.717332563e-07 +1.000000000e+03 +1.000000000e+03
1700 0 +2.180080401e-07 +1.000000000e+03 +1.000000000e+03
1705 0 +1.977541615e-07 +1.000000000e+03 +1.000000000e+03
1708 0 +1.579965101e-07 +1.000000000e+03 +1.000000000e+03
1721 0 +1.147590183e-07 +1.000000000e+03 +1.000000000e+03
1763 0 +1.014266218e-07 +1.000000000e+03 +1.000000000e+03
1768 0 +9.267046153e-08 +1.000000000e+03 +1.000000000e+03
1774 0 +8.347501534e-08 +1.000000000e+03 +1.000000000e+03
1776 0 +7.271216873e-08 +1.000000000e+03 +1.000000000e+03
1783 0 +6.415257303e-08 +1.000000000e+03 +1.000000000e+03
1786 0 +5.935896752e-08 +1.000000000e+03 +1.000000000e+03
1791 0 +4.455330327e-08 +1.000000000e+03 +1.000000000e+03
1799 0 +3.198022114e-08 +1.000000000e+03 +1.000000000e+03
1845 0 +2.851845693e-08 +1.000000000e+03 +1.000000000e+03
1849 0 +2.652973308e-08 +1.000000000e+03 +1.000000000e+03
1858 0 +2.364470220e-08 +1.000000000e+03 +1.000000000e+03
1859 0 +2.094418505e-08 +1.000000000e+03 +1.000000000e+03
1861 0 +1.768705715e-08 +1.000000000e+03 +1.000000000e+03
1867 0 +1.510272796e-08 +1.000000000e+03 +1.000000000e+03
1870 0 +1.226067070e-08 +1.000000000e+03 +1.000000000e+03
1874 0 +9.382347343e-09 +1.000000000e+03 +1.000000000e+03
2430 0 +9.094947018e-13 +1.000000000e+03 +1.000000000e+03
200000 0 +4.547473509e-13 +1.000000000e+03 +1.000000000e+03
% f evaluations | g evaluations | best noise-free fitness - Fopt (-2.304000000000e+01) + sum g_i+ | measured fitness | best measured fitness or single-digit g-values | x1 | x2...
1 0 +1.092523923e+02 +8.621239232e+01 +8.621239232e+01
5 0 +9.883281034e+01 +7.579281034e+01 +7.579281034e+01
609 0 +8.811886001e+01 +6.507886001e+01 +6.507886001e+01
615 0 +7.839770122e+01 +5.535770122e+01 +5.535770122e+01
622 0 +6.993976188e+01 +4.689976188e+01 +4.689976188e+01
628 0 +6.144114703e+01 +3.840114703e+01 +3.840114703e+01
632 0 +5.458679882e+01 +3.154679882e+01 +3.154679882e+01
635 0 +4.939272765e+01 +2.635272765e+01 +2.635272765e+01
641 0 +3.987937425e+01 +1.683937425e+01 +1.683937425e+01
644 0 +3.639265978e+01 +1.335265978e+01 +1.335265978e+01
647 0 +3.268534959e+01 +9.645349588e+00 +9.645349588e+00
649 0 +2.974779136e+01 +6.707791358e+00 +6.707791358e+00
655 0 +2.603442462e+01 +2.994424621e+00 +2.994424621e+00
657 0 +2.351473747e+01 +4.747374663e-01 +4.747374663e-01
665 0 +2.166623310e+01 -1.373766905e+00 -1.373766905e+00
668 0 +1.817311447e+01 -4.866885531e+00 -4.866885531e+00
670 0 +1.664607125e+01 -6.393928751e+00 -6.393928751e+00
672 0 +1.532396097e+01 -7.716039030e+00 -7.716039030e+00
678 0 +1.261924855e+01 -1.042075145e+01 -1.042075145e+01
681 0 +9.026535912e+00 -1.401346409e+01 -1.401346409e+01
684 0 +7.542418794e+00 -1.549758121e+01 -1.549758121e+01
687 0 +6.195990995e+00 -1.684400900e+01 -1.684400900e+01
689 0 +5.261030118e+00 -1.777896988e+01 -1.777896988e+01
695 0 +4.558219838e+00 -1.848178016e+01 -1.848178016e+01
697 0 +4.041130037e+00 -1.899886996e+01 -1.899886996e+01
708 0 +2.550608764e+00 -2.048939124e+01 -2.048939124e+01
721 0 +9.604934752e-01 -2.207950652e+01 -2.207950652e+01
765 0 +8.893113255e-01 -2.215068867e+01 -2.215068867e+01
773 0 +7.684969792e-01 -2.227150302e+01 -2.227150302e+01
799 0 +6.817389539e-01 -2.235826105e+01 -2.235826105e+01
844 0 +5.795318737e-01 -2.246046813e+01 -2.246046813e+01
846 0 +5.525417812e-01 -2.248745822e+01 -2.248745822e+01
858 0 +4.556458032e-01 -2.258435420e+01 -2.258435420e+01
864 0 +4.205636157e-01 -2.261943638e+01 -2.261943638e+01
868 0 +3.608391339e-01 -2.267916087e+01 -2.267916087e+01
869 0 +3.045317679e-01 -2.273546823e+01 -2.273546823e+01
873 0 +2.795967333e-01 -2.276040327e+01 -2.276040327e+01
875 0 +2.253889846e-01 -2.281461102e+01 -2.281461102e+01
877 0 +1.662798010e-01 -2.287372020e+01 -2.287372020e+01
880 0 +1.289584428e-01 -2.291104156e+01 -2.291104156e+01
882 0 +8.841909405e-02 -2.295158091e+01 -2.295158091e+01
931 0 +6.708326503e-02 -2.297291673e+01 -2.297291673e+01
933 0 +5.252497026e-02 -2.298747503e+01 -2.298747503e+01
935 0 +4.290014442e-02 -2.299709986e+01 -2.299709986e+01
941 0 +3.940845816e-02 -2.300059154e+01 -2.300059154e+01
951 0 +3.257403296e-02 -2.300742597e+01 -2.300742597e+01
954 0 +2.058539180e-02 -2.301941461e+01 -2.301941461e+01
1006 0 +1.774919164e-02 -2.302225081e+01 -2.302225081e+01
1007 0 +1.573523630e-02 -2.302426476e+01 -2.302426476e+01
1022 0 +1.202404317e-02 -2.302797596e+01 -2.302797596e+01
1023 0 +9.060621195e-03 -2.303093938e+01 -2.303093938e+01
1032 0 +8.566510837e-03 -2.303143349e+01 -2.303143349e+01
1039 0 +6.162881529e-03 -2.303383712e+01 -2.303383712e+01
1041 0 +4.563749853e-03 -2.303543625e+01 -2.303543625e+01
1089 0 +3.703313868e-03 -2.303629669e+01 -2.303629669e+01
1096 0 +3.176028111e-03 -2.303682397e+01 -2.303682397e+01
1100 0 +2.853659272e-03 -2.303714634e+01 -2.303714634e+01
1111 0 +2.122883712e-03 -2.303787712e+01 -2.303787712e+01
1122 0 +1.875772231e-03 -2.303812423e+01 -2.303812423e+01
1168 0 +1.587414926e-03 -2.303841259e+01 -2.303841259e+01
1177 0 +1.574990373e-03 -2.303842501e+01 -2.303842501e+01
1181 0 +1.299714010e-03 -2.303870029e+01 -2.303870029e+01
1190 0 +1.152059113e-03 -2.303884794e+01 -2.303884794e+01
1193 0 +9.394354658e-04 -2.303906056e+01 -2.303906056e+01
1195 0 +7.294010708e-04 -2.303927060e+01 -2.303927060e+01
1200 0 +5.969353438e-04 -2.303940306e+01 -2.303940306e+01
1201 0 +4.416101096e-04 -2.303955839e+01 -2.303955839e+01
1244 0 +3.975707246e-04 -2.303960243e+01 -2.303960243e+01
1246 0 +3.486178102e-04 -2.303965138e+01 -2.303965138e+01
1255 0 +2.902730913e-04 -2.303970973e+01 -2.303970973e+01
1258 0 +2.353709465e-04 -2.303976463e+01 -2.303976463e+01
1260 0 +2.158931579e-04 -2.303978411e+01 -2.303978411e+01
1264 0 +1.585199565e-04 -2.303984148e+01 -2.303984148e+01
1267 0 +1.303629555e-04 -2.303986964e+01 -2.303986964e+01
1278 0 +8.232851117e-05 -2.303991767e+01 -2.303991767e+01
1333 0 +7.046135316e-05 -2.303992954e+01 -2.303992954e+01
1349 0 +5.479944562e-05 -2.303994520e+01 -2.303994520e+01
1351 0 +3.984552709e-05 -2.303996015e+01 -2.303996015e+01
1359 0 +2.712614297e-05 -2.303997287e+01 -2.303997287e+01
1362 0 +2.012163564e-05 -2.303997988e+01 -2.303997988e+01
1403 0 +1.967252791e-05 -2.303998033e+01 -2.303998033e+01
1410 0 +1.615500714e-05 -2.303998384e+01 -2.303998384e+01
1420 0 +1.494918100e-05 -2.303998505e+01 -2.303998505e+01
1422 0 +1.221200902e-05 -2.303998779e+01 -2.303998779e+01
1427 0 +8.992410095e-06 -2.303999101e+01 -2.303999101e+01
1434 0 +8.832806774e-06 -2.303999117e+01 -2.303999117e+01
1484 0 +7.301790262e-06 -2.303999270e+01 -2.303999270e+01
1485 0 +6.736514738e-06 -2.303999326e+01 -2.303999326e+01
1491 0 +5.859617062e-06 -2.303999414e+01 -2.303999414e+01
1496 0 +5.615455290e-06 -2.303999438e+01 -2.303999438e+01
1510 0 +4.532351241e-06 -2.303999547e+01 -2.303999547e+01
1513 0 +3.657240068e-06 -2.303999634e+01 -2.303999634e+01
1515 0 +2.943957185e-06 -2.303999706e+01 -2.303999706e+01
1517 0 +2.182701213e-06 -2.303999782e+01 -2.303999782e+01
1522 0 +1.386487209e-06 -2.303999861e+01 -2.303999861e+01
1567 0 +1.169794615e-06 -2.303999883e+01 -2.303999883e+01
1574 0 +9.820919118e-07 -2.303999902e+01 -2.303999902e+01
1575 0 +8.654445907e-07 -2.303999913e+01 -2.303999913e+01
1577 0 +7.159055215e-07 -2.303999928e+01 -2.303999928e+01
1580 0 +6.921847699e-07 -2.303999931e+01 -2.303999931e+01
1585 0 +4.310017268e-07 -2.303999957e+01 -2.303999957e+01
1600 0 +3.498272889e-07 -2.303999965e+01 -2.303999965e+01
1646 0 +3.121000134e-07 -2.303999969e+01 -2.303999969e+01
1659 0 +2.629199436e-07 -2.303999974e+01 -2.303999974e+01
1662 0 +2.191837076e-07 -2.303999978e+01 -2.303999978e+01
1663 0 +1.619526415e-07 -2.303999984e+01 -2.303999984e+01
1668 0 +1.466281461e-07 -2.303999985e+01 -2.303999985e+01
1669 0 +1.261358769e-07 -2.303999987e+01 -2.303999987e+01
1676 0 +1.254104447e-07 -2.303999987e+01 -2.303999987e+01
1679 0 +1.063156105e-07 -2.303999989e+01 -2.303999989e+01
1723 0 +9.316688931e-08 -2.303999991e+01 -2.303999991e+01
1735 0 +7.496292653e-08 -2.303999993e+01 -2.303999993e+01
1738 0 +6.758615356e-08 -2.303999993e+01 -2.303999993e+01
1747 0 +6.032789202e-08 -2.303999994e+01 -2.303999994e+01
1750 0 +5.565351202e-08 -2.303999994e+01 -2.303999994e+01
1755 0 +4.109571705e-08 -2.303999996e+01 -2.303999996e+01
1758 0 +3.180912245e-08 -2.303999997e+01 -2.303999997e+01
1760 0 +2.643602315e-08 -2.303999997e+01 -2.303999997e+01
1761 0 +2.151918466e-08 -2.303999998e+01 -2.303999998e+01
1805 0 +1.976061625e-08 -2.303999998e+01 -2.303999998e+01
1812 0 +1.686599305e-08 -2.303999998e+01 -2.303999998e+01
1813 0 +1.421793527e-08 -2.303999999e+01 -2.303999999e+01
1821 0 +1.391986615e-08 -2.303999999e+01 -2.303999999e+01
1829 0 +1.242593228e-08 -2.303999999e+01 -2.303999999e+01
1832 0 +1.108282888e-08 -2.303999999e+01 -2.303999999e+01
1834 0 +9.825352976e-09 -2.303999999e+01 -2.303999999e+01
2374 0 +9.876544027e-13 -2.304000000e+01 -2.304000000e+01
200000 0 +1.776356839e-14 -2.304000000e+01 -2.304000000e+01
% f evaluations | g evaluations | best noise-free fitness - Fopt (1.084500000000e+02) + sum g_i+ | measured fitness | best measured fitness or single-digit g-values | x1 | x2...
1 0 +1.090434918e+02 +2.174934918e+02 +2.174934918e+02
5 0 +1.066468409e+02 +2.150968409e+02 +2.150968409e+02
8 0 +9.504358315e+01 +2.034935832e+02 +2.034935832e+02
9 0 +8.727801373e+01 +1.957280137e+02 +1.957280137e+02
618 0 +7.722661904e+01 +1.856766190e+02 +1.856766190e+02
621 0 +6.687560252e+01 +1.753256025e+02 +1.753256025e+02
630 0 +6.175037601e+01 +1.702003760e+02 +1.702003760e+02
636 0 +5.599273924e+01 +1.644427392e+02 +1.644427392e+02
642 0 +4.591454884e+01 +1.543645488e+02 +1.543645488e+02
645 0 +4.045890449e+01 +1.489089045e+02 +1.489089045e+02
651 0 +3.595553051e+01 +1.444055305e+02 +1.444055305e+02
654 0 +3.499845703e+01 +1.434484570e+02 +1.434484570e+02
658 0 +3.057675400e+01 +1.390267540e+02 +1.390267540e+02
660 0 +2.766641343e+01 +1.361164134e+02 +1.361164134e+02
661 0 +2.423093219e+01 +1.326809322e+02 +1.326809322e+02
670 0 +2.194499667e+01 +1.303949967e+02 +1.303949967e+02
680 0 +1.717494446e+01 +1.256249445e+02 +1.256249445e+02
682 0 +1.419415818e+01 +1.226441582e+02 +1.226441582e+02
685 0 +1.148684757e+01 +1.199368476e+02 +1.199368476e+02
691 0 +8.986070939e+00 +1.174360709e+02 +1.174360709e+02
698 0 +6.990892884e+00 +1.154408929e+02 +1.154408929e+02
700 0 +6.083149663e+00 +1.145331497e+02 +1.145331497e+02
701 0 +4.650265780e+00 +1.131002658e+02 +1.131002658e+02
710 0 +4.366927614e+00 +1.128169276e+02 +1.128169276e+02
720 0 +3.351914807e+00 +1.118019148e+02 +1.118019148e+02
722 0 +2.373725887e+00 +1.108237259e+02 +1.108237259e+02
725 0 +1.669012629e+00 +1.101190126e+02 +1.101190126e+02
731 0 +1.170833350e+00 +1.096208333e+02 +1.096208333e+02
816 0 +1.106984010e+00 +1.095569840e+02 +1.095569840e+02
818 0 +8.603689899e-01 +1.093103690e+02 +1.093103690e+02
828 0 +7.072319308e-01 +1.091572319e+02 +1.091572319e+02
829 0 +5.985763443e-01 +1.090485763e+02 +1.090485763e+02
838 0 +3.855513078e-01 +1.088355513e+02 +1.088355513e+02
890 0 +3.102796596e-01 +1.087602797e+02 +1.087602797e+02
891 0 +2.483160072e-01 +1.086983160e+02 +1.086983160e+02
895 0 +2.049152690e-01 +1.086549153e+02 +1.086549153e+02
901 0 +1.596001347e-01 +1.086096001e+02 +1.086096001e+02
910 0 +1.513467606e-01 +1.086013468e+02 +1.086013468e+02
911 0 +1.006544467e-01 +1.085506544e+02 +1.085506544e+02
964 0 +8.566385812e-02 +1.085356639e+02 +1.085356639e+02
965 0 +7.580115988e-02 +1.085258012e+02 +1.085258012e+02
968 0 +6.612717454e-02 +1.085161272e+02 +1.085161272e+02
984 0 +5.275364166e-02 +1.085027536e+02 +1.085027536e+02
985 0 +4.782330404e-02 +1.084978233e+02 +1.084978233e+02
987 0 +3.917169335e-02 +1.084891717e+02 +1.084891717e+02
989 0 +2.765308854e-02 +1.084776531e+02 +1.084776531e+02
995 0 +1.215361275e-02 +1.084621536e+02 +1.084621536e+02
1059 0 +9.333935400e-03 +1.084593339e+02 +1.084593339e+02
1066 0 +7.482595976e-03 +1.084574826e+02 +1.084574826e+02
1077 0 +6.731464842e-03 +1.084567315e+02 +1.084567315e+02
1126 0 +6.263647187e-03 +1.084562636e+02 +1.084562636e+02
1129 0 +5.210641327e-03 +1.084552106e+02 +1.084552106e+02
1133 0 +4.806434578e-03 +1.084548064e+02 +1.084548064e+02
1135 0 +4.270496002e-03 +1.084542705e+02 +1.084542705e+02
1141 0 +3.485373677e-03 +1.084534854e+02 +1.084534854e+02
1148 0 +2.460030465e-03 +1.084524600e+02 +1.084524600e+02
1152 0 +1.897913522e-03 +1.084518979e+02 +1.084518979e+02
1158 0 +1.295648350e-03 +1.084512956e+02 +1.084512956e+02
1214 0 +1.242745183e-03 +1.084512427e+02 +1.084512427e+02
1219 0 +1.003229611e-03 +1.084510032e+02 +1.084510032e+02
1223 0 +9.637174282e-04 +1.084509637e+02 +1.084509637e+02
1226 0 +8.466365772e-04 +1.084508466e+02 +1.084508466e+02
1229 0 +6.290994002e-04 +1.084506291e+02 +1.084506291e+02
1241 0 +5.124671305e-04 +1.084505125e+02 +1.084505125e+02
1286 0 +4.566271380e-04 +1.084504566e+02 +1.084504566e+02
1288 0 +4.020328452e-04 +1.084504020e+02 +1.084504020e+02
1290 0 +3.531920762e-04 +1.084503532e+02 +1.084503532e+02
1293 0 +3.132548102e-04 +1.084503133e+02 +1.084503133e+02
1296 0 +2.638961907e-04 +1.084502639e+02 +1.084502639e+02
1304 0 +2.225378610e-04 +1.084502225e+02 +1.084502225e+02
1311 0 +1.636895836e-04 +1.084501637e+02 +1.084501637e+02
1317 0 +1.309126131e-04 +1.084501309e+02 +1.084501309e+02
1320 0 +8.488538730e-05 +1.084500849e+02 +1.084500849e+02
1363 0 +7.690622891e-05 +1.084500769e+02 +1.084500769e+02
1377 0 +6.320320398e-05 +1.084500632e+02 +1.084500632e+02
1382 0 +5.315772918e-05 +1.084500532e+02 +1.084500532e+02
1386 0 +3.916612172e-05 +1.084500392e+02 +1.084500392e+02
1387 0 +2.853957773e-05 +1.084500285e+02 +1.084500285e+02
1401 0 +1.466011560e-05 +1.084500147e+02 +1.084500147e+02
1444 0 +1.343090030e-05 +1.084500134e+02 +1.084500134e+02
1452 0 +1.242621688e-05 +1.084500124e+02 +1.084500124e+02
1454 0 +1.095157940e-05 +1.084500110e+02 +1.084500110e+02
1463 0 +9.832207837e-06 +1.084500098e+02 +1.084500098e+02
1478 0 +6.567496499e-06 +1.084500066e+02 +1.084500066e+02
1523 0 +6.227191321e-06 +1.084500062e+02 +1.084500062e+02
1531 0 +5.195326509e-06 +1.084500052e+02 +1.084500052e+02
1533 0 +4.977732416e-06 +1.084500050e+02 +1.084500050e+02
1535 0 +4.463170029e-06 +1.084500045e+02 +1.084500045e+02
1544 0 +3.714573197e-06 +1.084500037e+02 +1.084500037e+02
1548 0 +3.506470705e-06 +1.084500035e+02 +1.084500035e+02
1550 0 +2.778851794e-06 +1.084500028e+02 +1.084500028e+02
1559 0 +1.644716747e-06 +1.084500016e+02 +1.084500016e+02
1604 0 +1.576141130e-06 +1.084500016e+02 +1.084500016e+02
1607 0 +1.316437732e-06 +1.084500013e+02 +1.084500013e+02
1614 0 +1.174063925e-06 +1.084500012e+02 +1.084500012e+02
1622 0 +1.112020612e-06 +1.084500011e+02 +1.084500011e+02
1627 0 +9.362289717e-07 +1.084500009e+02 +1.084500009e+02
1632 0 +8.724484672e-07 +1.084500009e+02 +1.084500009e+02
1634 0 +6.431570512e-07 +1.084500006e+02 +1.084500006e+02
1635 0 +4.965662725e-07 +1.084500005e+02 +1.084500005e+02
1690 0 +4.227290447e-07 +1.084500004e+02 +1.084500004e+02
1691 0 +3.692683066e-07 +1.084500004e+02 +1.084500004e+02
1696 0 +3.188627460e-07 +1.084500003e+02 +1.084500003e+02
1698 0 +2.800710348e-07 +1.084500003e+02 +1.084500003e+02
1701 0 +2.338721572e-07 +1.084500002e+02 +1.084500002e+02
1704 0 +1.947474573e-07 +1.084500002e+02 +1.084500002e+02
1705 0 +1.739921345e-07 +1.084500002e+02 +1.084500002e+02
1711 0 +1.462003354e-07 +1.084500001e+02 +1.084500001e+02
1717 0 +1.365148989e-07 +1.084500001e+02 +1.084500001e+02
1722 0 +1.087504984e-07 +1.084500001e+02 +1.084500001e+02
1765 0 +9.871672546e-08 +1.084500001e+02 +1.084500001e+02
1773 0 +8.387138450e-08 +1.084500001e+02 +1.084500001e+02
1779 0 +7.772011656e-08 +1.084500001e+02 +1.084500001e+02
1788 0 +6.149464582e-08 +1.084500001e+02 +1.084500001e+02
1789 0 +4.800341458e-08 +1.084500000e+02 +1.084500000e+02
1796 0 +3.886495392e-08 +1.084500000e+02 +1.084500000e+02
1798 0 +2.878716998e-08 +1.084500000e+02 +1.084500000e+02
1801 0 +2.774885388e-08 +1.084500000e+02 +1.084500000e+02
1847 0 +2.268357946e-08 +1.084500000e+02 +1.084500000e+02
1849 0 +2.004887278e-08 +1.084500000e+02 +1.084500000e+02
1857 0 +1.855642040e-08 +1.084500000e+02 +1.084500000e+02
1861 0 +1.446696274e-08 +1.084500000e+02 +1.084500000e+02
1863 0 +1.305775754e-08 +1.084500000e+02 +1.084500000e+02
1865 0 +1.159905594e-08 +1.084500000e+02 +1.084500000e+02
1871 0 +8.381235261e-09 +1.084500000e+02 +1.084500000e+02
2421 0 +9.663381206e-13 +1.084500000e+02 +1.084500000e+02
200000 0 +5.684341886e-14 +1.084500000e+02 +1.084500000e+02
% f evaluations | g evaluations | best noise-free fitness - Fopt (2.606200000000e+02) + sum g_i+ | measured fitness | best measured fitness or single-digit g-values | x1 | x2...
1 0 +1.148728141e+02 +3.754928141e+02 +3.754928141e+02
3 0 +1.091781697e+02 +3.697981697e+02 +3.697981697e+02
12 0 +9.562580678e+01 +3.562458068e+02 +3.562458068e+02
27 0 +8.879280162e+01 +3.494128016e+02 +3.494128016e+02
620 0 +7.563660713e+01 +3.362566071e+02 +3.362566071e+02
624 0 +6.982933817e+01 +3.304493382e+02 +3.304493382e+02
629 0 +6.269225568e+01 +3.233122557e+02 +3.233122557e+02
635 0 +5.296691563e+01 +3.135869156e+02 +3.135869156e+02
638 0 +5.007769050e+01 +3.106976905e+02 +3.106976905e+02
646 0 +4.350322211e+01 +3.041232221e+02 +3.041232221e+02
649 0 +3.925315984e+01 +2.998731598e+02 +2.998731598e+02
654 0 +3.086441277e+01 +2.914844128e+02 +2.914844128e+02
660 0 +2.754775600e+01 +2.881677560e+02 +2.881677560e+02
666 0 +2.175143803e+01 +2.823714380e+02 +2.823714380e+02
675 0 +1.603129270e+01 +2.766512927e+02 +2.766512927e+02
678 0 +1.514466492e+01 +2.757646649e+02 +2.757646649e+02
686 0 +1.247097612e+01 +2.730909761e+02 +2.730909761e+02
691 0 +1.037370688e+01 +2.709937069e+02 +2.709937069e+02
694 0 +7.754453391e+00 +2.683744534e+02 +2.683744534e+02
706 0 +5.092017528e+00 +2.657120175e+02 +2.657120175e+02
715 0 +2.992771962e+00 +2.636127720e+02 +2.636127720e+02
726 0 +2.321680514e+00 +2.629416805e+02 +2.629416805e+02
734 0 +1.705024379e+00 +2.623250244e+02 +2.623250244e+02
807 0 +1.524536679e+00 +2.621445367e+02 +2.621445367e+02
809 0 +1.318263405e+00 +2.619382634e+02 +2.619382634e+02
811 0 +1.187087975e+00 +2.618070880e+02 +2.618070880e+02
826 0 +9.422388047e-01 +2.615622388e+02 +2.615622388e+02
834 0 +8.527544470e-01 +2.614727544e+02 +2.614727544e+02
836 0 +6.507538839e-01 +2.612707539e+02 +2.612707539e+02
839 0 +6.305030289e-01 +2.612505030e+02 +2.612505030e+02
841 0 +4.323859185e-01 +2.610523859e+02 +2.610523859e+02
888 0 +3.917538555e-01 +2.610117539e+02 +2.610117539e+02
895 0 +3.266190517e-01 +2.609466191e+02 +2.609466191e+02
897 0 +2.996930275e-01 +2.609196930e+02 +2.609196930e+02
899 0 +2.796469025e-01 +2.608996469e+02 +2.608996469e+02
909 0 +2.205274103e-01 +2.608405274e+02 +2.608405274e+02
912 0 +1.830436649e-01 +2.608030437e+02 +2.608030437e+02
913 0 +1.495510990e-01 +2.607695511e+02 +2.607695511e+02
920 0 +9.709535917e-02 +2.607170954e+02 +2.607170954e+02
964 0 +8.852494210e-02 +2.607085249e+02 +2.607085249e+02
967 0 +7.755038998e-02 +2.606975504e+02 +2.606975504e+02
972 0 +6.340837192e-02 +2.606834084e+02 +2.606834084e+02
978 0 +6.122609221e-02 +2.606812261e+02 +2.606812261e+02
980 0 +5.560386288e-02 +2.606756039e+02 +2.606756039e+02
983 0 +4.390685377e-02 +2.606639069e+02 +2.606639069e+02
988 0 +3.435751310e-02 +2.606543575e+02 +2.606543575e+02
1050 0 +3.042704177e-02 +2.606504270e+02 +2.606504270e+02
1054 0 +2.708793990e-02 +2.606470879e+02 +2.606470879e+02
1056 0 +2.324280500e-02 +2.606432428e+02 +2.606432428e+02
1057 0 +2.042262190e-02 +2.606404226e+02 +2.606404226e+02
1059 0 +1.932241361e-02 +2.606393224e+02 +2.606393224e+02
1071 0 +1.695730971e-02 +2.606369573e+02 +2.606369573e+02
1074 0 +1.359648231e-02 +2.606335965e+02 +2.606335965e+02
1075 0 +1.146729202e-02 +2.606314673e+02 +2.606314673e+02
1077 0 +8.211683841e-03 +2.606282117e+02 +2.606282117e+02
1082 0 +5.597061948e-03 +2.606255971e+02 +2.606255971e+02
1123 0 +4.806173998e-03 +2.606248062e+02 +2.606248062e+02
1126 0 +4.369011759e-03 +2.606243690e+02 +2.606243690e+02
1129 0 +3.837917443e-03 +2.606238379e+02 +2.606238379e+02
1140 0 +3.410190850e-03 +2.606234102e+02 +2.606234102e+02
1147 0 +2.854793863e-03 +2.606228548e+02 +2.606228548e+02
1149 0 +1.877998825e-03 +2.606218780e+02 +2.606218780e+02
1159 0 +1.590151129e-03 +2.606215902e+02 +2.606215902e+02
1205 0 +1.564274564e-03 +2.606215643e+02 +2.606215643e+02
1210 0 +1.340906352e-03 +2.606213409e+02 +2.606213409e+02
1222 0 +1.241828214e-03 +2.606212418e+02 +2.606212418e+02
1223 0 +1.001990498e-03 +2.606210020e+02 +2.606210020e+02
1232 0 +8.593755687e-04 +2.606208594e+02 +2.606208594e+02
1236 0 +6.583000872e-04 +2.606206583e+02 +2.606206583e+02
1240 0 +5.577662506e-04 +2.606205578e+02 +2.606205578e+02
1241 0 +4.780486698e-04 +2.606204780e+02 +2.606204780e+02
1286 0 +4.298725312e-04 +2.606204299e+02 +2.606204299e+02
1291 0 +3.704431846e-04 +2.606203704e+02 +2.606203704e+02
1297 0 +3.130791895e-04 +2.606203131e+02 +2.606203131e+02
1300 0 +2.672619623e-04 +2.606202673e+02 +2.606202673e+02
1301 0 +2.262257767e-04 +2.606202262e+02 +2.606202262e+02
1305 0 +2.017855321e-04 +2.606202018e+02 +2.606202018e+02
1308 0 +1.549815305e-04 +2.606201550e+02 +2.606201550e+02
1318 0 +1.264340812e-04 +2.606201264e+02 +2.606201264e+02
1319 0 +1.155865784e-04 +2.606201156e+02 +2.606201156e+02
1322 0 +9.433094755e-05 +2.606200943e+02 +2.606200943e+02
1364 0 +8.624170420e-05 +2.606200862e+02 +2.606200862e+02
1369 0 +7.700128276e-05 +2.606200770e+02 +2.606200770e+02
1374 0 +6.692928423e-05 +2.606200669e+02 +2.606200669e+02
1391 0 +5.368871780e-05 +2.606200537e+02 +2.606200537e+02
1394 0 +4.225887437e-05 +2.606200423e+02 +2.606200423e+02
1397 0 +3.740523186e-05 +2.606200374e+02 +2.606200374e+02
1400 0 +2.755037798e-05 +2.606200276e+02 +2.606200276e+02
1401 0 +2.289958815e-05 +2.606200229e+02 +2.606200229e+02
1447 0 +2.007195008e-05 +2.606200201e+02 +2.606200201e+02
1450 0 +1.988049621e-05 +2.606200199e+02 +2.606200199e+02
1452 0 +1.663158952e-05 +2.606200166e+02 +2.606200166e+02
1462 0 +1.542703484e-05 +2.606200154e+02 +2.606200154e+02
1465 0 +1.313662500e-05 +2.606200131e+02 +2.606200131e+02
1475 0 +1.153350092e-05 +2.606200115e+02 +2.606200115e+02
1478 0 +1.014067084e-05 +2.606200101e+02 +2.606200101e+02
1482 0 +8.646414415e-06 +2.606200086e+02 +2.606200086e+02
1523 0 +7.803986762e-06 +2.606200078e+02 +2.606200078e+02
1529 0 +6.282428387e-06 +2.606200063e+02 +2.606200063e+02
1538 0 +5.040871827e-06 +2.606200050e+02 +2.606200050e+02
1540 0 +4.088282594e-06 +2.606200041e+02 +2.606200041e+02
1541 0 +3.733323524e-06 +2.606200037e+02 +2.606200037e+02
1547 0 +2.899433923e-06 +2.606200029e+02 +2.606200029e+02
1552 0 +2.580216290e-06 +2.606200026e+02 +2.606200026e+02
1556 0 +2.419587872e-06 +2.606200024e+02 +2.606200024e+02
1557 0 +2.161090094e-06 +2.606200022e+02 +2.606200022e+02
1559 0 +1.760065061e-06 +2.606200018e+02 +2.606200018e+02
1561 0 +1.552280423e-06 +2.606200016e+02 +2.606200016e+02
1616 0 +1.278556113e-06 +2.606200013e+02 +2.606200013e+02
1622 0 +1.217307386e-06 +2.606200012e+02 +2.606200012e+02
1626 0 +1.073725230e-06 +2.606200011e+02 +2.606200011e+02
1631 0 +9.946058412e-07 +2.606200010e+02 +2.606200010e+02
1634 0 +7.595164675e-07 +2.606200008e+02 +2.606200008e+02
1635 0 +5.974636679e-07 +2.606200006e+02 +2.606200006e+02
1638 0 +4.879843232e-07 +2.606200005e+02 +2.606200005e+02
1642 0 +3.149327767e-07 +2.606200003e+02 +2.606200003e+02
1687 0 +2.464352065e-07 +2.606200002e+02 +2.606200002e+02
1693 0 +2.077715067e-07 +2.606200002e+02 +2.606200002e+02
1701 0 +1.787138331e-07 +2.606200002e+02 +2.606200002e+02
1704 0 +1.662088494e-07 +2.606200002e+02 +2.606200002e+02
1712 0 +1.460865064e-07 +2.606200001e+02 +2.606200001e+02
1717 0 +1.411440849e-07 +2.606200001e+02 +2.606200001e+02
1719 0 +1.005698778e-07 +2.606200001e+02 +2.606200001e+02
1765 0 +9.237589893e-08 +2.606200001e+02 +2.606200001e+02
1772 0 +8.328589729e-08 +2.606200001e+02 +2.606200001e+02
1777 0 +7.936586144e-08 +2.606200001e+02 +2.606200001e+02
1783 0 +7.030621418e-08 +2.606200001e+02 +2.606200001e+02
1785 0 +6.144023246e-08 +2.606200001e+02 +2.606200001e+02
1796 0 +5.212513088e-08 +2.606200001e+02 +2.606200001e+02
1798 0 +3.967585371e-08 +2.606200000e+02 +2.606200000e+02
1801 0 +2.862327619e-08 +2.606200000e+02 +2.606200000e+02
1844 0 +2.532306098e-08 +2.606200000e+02 +2.606200000e+02
1850 0 +2.307024261e-08 +2.606200000e+02 +2.606200000e+02
1853 0 +2.004975386e-08 +2.606200000e+02 +2.606200000e+02
1855 0 +1.882511924e-08 +2.606200000e+02 +2.606200000e+02
1858 0 +1.634543878e-08 +2.606200000e+02 +2.606200000e+02
1861 0 +1.281114237e-08 +2.606200000e+02 +2.606200000e+02
1867 0 +9.184702776e-09 +2.606200000e+02 +2.606200000e+02
2455 0 +8.526512829e-13 +2.606200000e+02 +2.606200000e+02
200000 0 +1.705302566e-13 +2.606200000e+02 +2.606200000e+02
% f evaluations | g evaluations | best noise-free fitness - Fopt (-3.553300000000e+02) + sum g_i+ | measured fitness | best measured fitness or single-digit g-values | x1 | x2...
1 0 +9.865219968e+01 -2.566778003e+02 -2.566778003e+02
2 0 +9.750210229e+01 -2.578278977e+02 -2.578278977e+02
4 0 +7.080004869e+01 -2.845299513e+02 -2.845299513e+02
16 0 +6.524679327e+01 -2.900832067e+02 -2.900832067e+02
28 0 +5.967947896e+01 -2.956505210e+02 -2.956505210e+02
148 0 +5.398946329e+01 -3.013405367e+02 -3.013405367e+02
633 0 +4.866205558e+01 -3.066679444e+02 -3.066679444e+02
637 0 +4.348719688e+01 -3.118428031e+02 -3.118428031e+02
647 0 +3.963003861e+01 -3.156999614e+02 -3.156999614e+02
651 0 +3.325379706e+01 -3.220762029e+02 -3.220762029e+02
657 0 +2.695473499e+01 -3.283752650e+02 -3.283752650e+02
659 0 +2.402998507e+01 -3.313000149e+02 -3.313000149e+02
665 0 +1.933163199e+01 -3.359983680e+02 -3.359983680e+02
667 0 +1.563037834e+01 -3.396996217e+02 -3.396996217e+02
677 0 +1.404158983e+01 -3.412884102e+02 -3.412884102e+02
691 0 +1.145604949e+01 -3.438739505e+02 -3.438739505e+02
697 0 +7.698787175e+00 -3.476312128e+02 -3.476312128e+02
699 0 +6.776634607e+00 -3.485533654e+02 -3.485533654e+02
705 0 +5.185247902e+00 -3.501447521e+02 -3.501447521e+02
707 0 +3.486591611e+00 -3.518434084e+02 -3.518434084e+02
737 0 +1.617996636e+00 -3.537120034e+02 -3.537120034e+02
804 0 +1.527602023e+00 -3.538023980e+02 -3.538023980e+02
808 0 +1.376432012e+00 -3.539535680e+02 -3.539535680e+02
810 0 +1.253367078e+00 -3.540766329e+02 -3.540766329e+02
812 0 +1.060007416e+00 -3.542699926e+02 -3.542699926e+02
817 0 +9.336489427e-01 -3.543963511e+02 -3.543963511e+02
825 0 +8.889295977e-01 -3.544410704e+02 -3.544410704e+02
827 0 +7.905754595e-01 -3.545394245e+02 -3.545394245e+02
832 0 +5.748469245e-01 -3.547551531e+02 -3.547551531e+02
834 0 +5.340845083e-01 -3.547959155e+02 -3.547959155e+02
836 0 +4.500940499e-01 -3.548799060e+02 -3.548799060e+02
842 0 +4.050270965e-01 -3.549249729e+02 -3.549249729e+02
883 0 +3.876432357e-01 -3.549423568e+02 -3.549423568e+02
885 0 +3.291081160e-01 -3.550008919e+02 -3.550008919e+02
895 0 +2.751165141e-01 -3.550548835e+02 -3.550548835e+02
906 0 +2.348950193e-01 -3.550951050e+02 -3.550951050e+02
908 0 +2.214909212e-01 -3.551085091e+02 -3.551085091e+02
913 0 +1.792909620e-01 -3.551507090e+02 -3.551507090e+02
915 0 +1.587050239e-01 -3.551712950e+02 -3.551712950e+02
920 0 +1.415590355e-01 -3.551884410e+02 -3.551884410e+02
921 0 +1.015113448e-01 -3.552284887e+02 -3.552284887e+02
964 0 +9.455798344e-02 -3.552354420e+02 -3.552354420e+02
967 0 +8.339158710e-02 -3.552466084e+02 -3.552466084e+02
970 0 +6.827064544e-02 -3.552617294e+02 -3.552617294e+02
978 0 +5.292438817e-02 -3.552770756e+02 -3.552770756e+02
987 0 +4.398114543e-02 -3.552860189e+02 -3.552860189e+02
996 0 +3.862882264e-02 -3.552913712e+02 -3.552913712e+02
998 0 +3.373622760e-02 -3.552962638e+02 -3.552962638e+02
999 0 +2.666392999e-02 -3.553033361e+02 -3.553033361e+02
1051 0 +2.301998482e-02 -3.553069800e+02 -3.553069800e+02
1053 0 +1.940756803e-02 -3.553105924e+02 -3.553105924e+02
1061 0 +1.584168518e-02 -3.553141583e+02 -3.553141583e+02
1065 0 +1.367155680e-02 -3.553163284e+02 -3.553163284e+02
1074 0 +1.207438392e-02 -3.553179256e+02 -3.553179256e+02
1075 0 +1.083922237e-02 -3.553191608e+02 -3.553191608e+02
1077 0 +9.374196931e-03 -3.553206258e+02 -3.553206258e+02
1082 0 +7.276976568e-03 -3.553227230e+02 -3.553227230e+02
1124 0 +6.516466956e-03 -3.553234835e+02 -3.553234835e+02
1136 0 +6.147621345e-03 -3.553238524e+02 -3.553238524e+02
1144 0 +4.955380875e-03 -3.553250446e+02 -3.553250446e+02
1148 0 +4.119166191e-03 -3.553258808e+02 -3.553258808e+02
1152 0 +3.347932358e-03 -3.553266521e+02 -3.553266521e+02
1153 0 +2.962091151e-03 -3.553270379e+02 -3.553270379e+02
1156 0 +2.601841191e-03 -3.553273982e+02 -3.553273982e+02
1158 0 +2.356523170e-03 -3.553276435e+02 -3.553276435e+02
1159 0 +1.566279508e-03 -3.553284337e+02 -3.553284337e+02
1207 0 +1.267540468e-03 -3.553287325e+02 -3.553287325e+02
1215 0 +1.136559023e-03 -3.553288634e+02 -3.553288634e+02
1222 0 +1.021459962e-03 -3.553289785e+02 -3.553289785e+02
1225 0 +8.462688542e-04 -3.553291537e+02 -3.553291537e+02
1234 0 +7.843093529e-04 -3.553292157e+02 -3.553292157e+02
1237 0 +5.981779743e-04 -3.553294018e+02 -3.553294018e+02
1242 0 +4.121241065e-04 -3.553295879e+02 -3.553295879e+02
1285 0 +3.552198289e-04 -3.553296448e+02 -3.553296448e+02
1292 0 +3.285817448e-04 -3.553296714e+02 -3.553296714e+02
1299 0 +2.746520824e-04 -3.553297253e+02 -3.553297253e+02
1309 0 +1.987491113e-04 -3.553298013e+02 -3.553298013e+02
1313 0 +1.634032308e-04 -3.553298366e+02 -3.553298366e+02
1316 0 +1.344551620e-04 -3.553298655e+02 -3.553298655e+02
1363 0 +1.223535421e-04 -3.553298776e+02 -3.553298776e+02
1376 0 +1.003351210e-04 -3.553298997e+02 -3.553298997e+02
1382 0 +9.043134048e-05 -3.553299096e+02 -3.553299096e+02
1384 0 +7.531634998e-05 -3.553299247e+02 -3.553299247e+02
1388 0 +6.246114617e-05 -3.553299375e+02 -3.553299375e+02
1391 0 +5.191513816e-05 -3.553299481e+02 -3.553299481e+02
1397 0 +3.593950413e-05 -3.553299641e+02 -3.553299641e+02
1400 0 +2.776972480e-05 -3.553299722e+02 -3.553299722e+02
1450 0 +2.191310875e-05 -3.553299781e+02 -3.553299781e+02
1452 0 +1.907323906e-05 -3.553299809e+02 -3.553299809e+02
1453 0 +1.695510269e-05 -3.553299830e+02 -3.553299830e+02
1465 0 +1.330170710e-05 -3.553299867e+02 -3.553299867e+02
1474 0 +1.067922329e-05 -3.553299893e+02 -3.553299893e+02
1476 0 +7.261857377e-06 -3.553299927e+02 -3.553299927e+02
1481 0 +3.781031637e-06 -3.553299962e+02 -3.553299962e+02
1538 0 +3.252500619e-06 -3.553299967e+02 -3.553299967e+02
1541 0 +2.863707266e-06 -3.553299971e+02 -3.553299971e+02
1547 0 +2.703260009e-06 -3.553299973e+02 -3.553299973e+02
1552 0 +2.475023507e-06 -3.553299975e+02 -3.553299975e+02
1559 0 +1.652729850e-06 -3.553299983e+02 -3.553299983e+02
1604 0 +1.467449351e-06 -3.553299985e+02 -3.553299985e+02
1608 0 +1.374517296e-06 -3.553299986e+02 -3.553299986e+02
1614 0 +1.181649566e-06 -3.553299988e+02 -3.553299988e+02
1620 0 +9.365397204e-07 -3.553299991e+02 -3.553299991e+02
1626 0 +8.761815593e-07 -3.553299991e+02 -3.553299991e+02
1628 0 +7.176769827e-07 -3.553299993e+02 -3.553299993e+02
1630 0 +6.307045624e-07 -3.553299994e+02 -3.553299994e+02
1631 0 +5.060945796e-07 -3.553299995e+02 -3.553299995e+02
1633 0 +4.455309295e-07 -3.553299996e+02 -3.553299996e+02
1685 0 +3.980517818e-07 -3.553299996e+02 -3.553299996e+02
1692 0 +3.065329111e-07 -3.553299997e+02 -3.553299997e+02
1696 0 +2.642461254e-07 -3.553299997e+02 -3.553299997e+02
1697 0 +2.173327402e-07 -3.553299998e+02 -3.553299998e+02
1701 0 +1.798164249e-07 -3.553299998e+02 -3.553299998e+02
1705 0 +1.281476898e-07 -3.553299999e+02 -3.553299999e+02
1709 0 +1.119518629e-07 -3.553299999e+02 -3.553299999e+02
1714 0 +8.255165085e-08 -3.553299999e+02 -3.553299999e+02
1770 0 +7.018331871e-08 -3.553299999e+02 -3.553299999e+02
1790 0 +5.822533922e-08 -3.553299999e+02 -3.553299999e+02
1792 0 +4.461628578e-08 -3.553300000e+02 -3.553300000e+02
1795 0 +3.417358130e-08 -3.553300000e+02 -3.553300000e+02
1802 0 +2.626057949e-08 -3.553300000e+02 -3.553300000e+02
1843 0 +2.330978077e-08 -3.553300000e+02 -3.553300000e+02
1847 0 +2.068514959e-08 -3.553300000e+02 -3.553300000e+02
1853 0 +1.790556325e-08 -3.553300000e+02 -3.553300000e+02
1855 0 +1.728687948e-08 -3.553300000e+02 -3.553300000e+02
1862 0 +1.547556394e-08 -3.553300000e+02 -3.553300000e+02
1869 0 +1.399433813e-08 -3.553300000e+02 -3.553300000e+02
1874 0 +1.037437869e-08 -3.553300000e+02 -3.553300000e+02
1879 0 +7.472692687e-09 -3.553300000e+02 -3.553300000e+02
2418 0 +9.663381206e-13 -3.553300000e+02 -3.553300000e+02
200000 0 +2.273736754e-13 -3.553300000e+02 -3.553300000e+02
% f evaluations | g evaluations | best noise-free fitness - Fopt (2.257700000000e+02) + sum g_i+ | measured fitness | best measured fitness or single-digit g-values | x1 | x2...
1 0 +1.158410797e+02 +3.416110797e+02 +3.416110797e+02
5 0 +1.145972565e+02 +3.403672565e+02 +3.403672565e+02
8 0 +1.024222711e+02 +3.281922711e+02 +3.281922711e+02
611 0 +9.741756163e+01 +3.231875616e+02 +3.231875616e+02
622 0 +8.675724272e+01 +3.125272427e+02 +3.125272427e+02
627 0 +7.321600582e+01 +2.989860058e+02 +2.989860058e+02
631 0 +6.828705750e+01 +2.940570575e+02 +2.940570575e+02
636 0 +6.176252325e+01 +2.875325233e+02 +2.875325233e+02
639 0 +5.103012992e+01 +2.768001299e+02 +2.768001299e+02
642 0 +4.833623150e+01 +2.741062315e+02 +2.741062315e+02
645 0 +4.347297144e+01 +2.692429714e+02 +2.692429714e+02
658 0 +3.685337203e+01 +2.626233720e+02 +2.626233720e+02
664 0 +3.470547344e+01 +2.604754734e+02 +2.604754734e+02
667 0 +2.888319125e+01 +2.546531913e+02 +2.546531913e+02
671 0 +2.595684029e+01 +2.517268403e+02 +2.517268403e+02
676 0 +2.259020372e+01 +2.483602037e+02 +2.483602037e+02
677 0 +1.977272338e+01 +2.455427234e+02 +2.455427234e+02
679 0 +1.586300509e+01 +2.416330051e+02 +2.416330051e+02
682 0 +1.517170403e+01 +2.409417040e+02 +2.409417040e+02
685 0 +1.266292220e+01 +2.384329222e+02 +2.384329222e+02
691 0 +1.135652037e+01 +2.371265204e+02 +2.371265204e+02
698 0 +1.004851750e+01 +2.358185175e+02 +2.358185175e+02
707 0 +7.458082702e+00 +2.332280827e+02 +2.332280827e+02
711 0 +6.534329095e+00 +2.323043291e+02 +2.323043291e+02
716 0 +5.170289872e+00 +2.309402899e+02 +2.309402899e+02
717 0 +4.355406890e+00 +2.301254069e+02 +2.301254069e+02
719 0 +2.448285957e+00 +2.282182860e+02 +2.282182860e+02
725 0 +1.942101485e+00 +2.277121015e+02 +2.277121015e+02
747 0 +1.354264044e+00 +2.271242640e+02 +2.271242640e+02
814 0 +1.157812041e+00 +2.269278120e+02 +2.269278120e+02
815 0 +9.494391500e-01 +2.267194391e+02 +2.267194391e+02
824 0 +8.128751238e-01 +2.265828751e+02 +2.265828751e+02
830 0 +5.868908082e-01 +2.263568908e+02 +2.263568908e+02
839 0 +3.843043493e-01 +2.261543043e+02 +2.261543043e+02
886 0 +2.977179116e-01 +2.260677179e+02 +2.260677179e+02
891 0 +2.809618742e-01 +2.260509619e+02 +2.260509619e+02
902 0 +2.187168983e-01 +2.259887169e+02 +2.259887169e+02
908 0 +1.676552505e-01 +2.259376553e+02 +2.259376553e+02
916 0 +1.395512812e-01 +2.259095513e+02 +2.259095513e+02
921 0 +1.246330465e-01 +2.258946330e+02 +2.258946330e+02
967 0 +1.075676975e-01 +2.258775677e+02 +2.258775677e+02
972 0 +9.876971666e-02 +2.258687697e+02 +2.258687697e+02
974 0 +8.389806432e-02 +2.258538981e+02 +2.258538981e+02
977 0 +7.530021328e-02 +2.258453002e+02 +2.258453002e+02
984 0 +6.038824120e-02 +2.258303882e+02 +2.258303882e+02
985 0 +4.753961263e-02 +2.258175396e+02 +2.258175396e+02
994 0 +4.393469862e-02 +2.258139347e+02 +2.258139347e+02
998 0 +3.468472146e-02 +2.258046847e+02 +2.258046847e+02
1002 0 +2.649854698e-02 +2.257964985e+02 +2.257964985e+02
1044 0 +2.406260647e-02 +2.257940626e+02 +2.257940626e+02
1050 0 +2.075038441e-02 +2.257907504e+02 +2.257907504e+02
1056 0 +1.941773509e-02 +2.257894177e+02 +2.257894177e+02
1060 0 +1.770912880e-02 +2.257877091e+02 +2.257877091e+02
1072 0 +1.515268643e-02 +2.257851527e+02 +2.257851527e+02
1073 0 +1.304382048e-02 +2.257830438e+02 +2.257830438e+02
1076 0 +9.929151097e-03 +2.257799292e+02 +2.257799292e+02
1080 0 +7.790209820e-03 +2.257777902e+02 +2.257777902e+02
1131 0 +7.056212821e-03 +2.257770562e+02 +2.257770562e+02
1138 0 +5.960677286e-03 +2.257759607e+02 +2.257759607e+02
1142 0 +4.900951469e-03 +2.257749010e+02 +2.257749010e+02
1148 0 +4.385229928e-03 +2.257743852e+02 +2.257743852e+02
1149 0 +3.841788570e-03 +2.257738418e+02 +2.257738418e+02
1151 0 +3.331579780e-03 +2.257733316e+02 +2.257733316e+02
1158 0 +2.395243014e-03 +2.257723952e+02 +2.257723952e+02
1161 0 +1.508294417e-03 +2.257715083e+02 +2.257715083e+02
1203 0 +1.383906491e-03 +2.257713839e+02 +2.257713839e+02
1220 0 +1.112507956e-03 +2.257711125e+02 +2.257711125e+02
1226 0 +9.163538119e-04 +2.257709164e+02 +2.257709164e+02
1227 0 +7.763281347e-04 +2.257707763e+02 +2.257707763e+02
1234 0 +5.701715681e-04 +2.257705702e+02 +2.257705702e+02
1239 0 +3.507868465e-04 +2.257703508e+02 +2.257703508e+02
1289 0 +3.024588423e-04 +2.257703025e+02 +2.257703025e+02
1303 0 +2.700967834e-04 +2.257702701e+02 +2.257702701e+02
1310 0 +2.140620492e-04 +2.257702141e+02 +2.257702141e+02
1312 0 +1.582709833e-04 +2.257701583e+02 +2.257701583e+02
1315 0 +1.198037077e-04 +2.257701198e+02 +2.257701198e+02
1364 0 +1.050648734e-04 +2.257701051e+02 +2.257701051e+02
1365 0 +9.872186294e-05 +2.257700987e+02 +2.257700987e+02
1372 0 +7.512924122e-05 +2.257700751e+02 +2.257700751e+02
1373 0 +6.623161278e-05 +2.257700662e+02 +2.257700662e+02
1376 0 +5.933405683e-05 +2.257700593e+02 +2.257700593e+02
1377 0 +5.038750174e-05 +2.257700504e+02 +2.257700504e+02
1384 0 +4.274653321e-05 +2.257700427e+02 +2.257700427e+02
1386 0 +3.174383298e-05 +2.257700317e+02 +2.257700317e+02
1388 0 +2.091443639e-05 +2.257700209e+02 +2.257700209e+02
1447 0 +1.744603952e-05 +2.257700174e+02 +2.257700174e+02
1460 0 +1.333668652e-05 +2.257700133e+02 +2.257700133e+02
1473 0 +1.228835936e-05 +2.257700123e+02 +2.257700123e+02
1476 0 +1.044622431e-05 +2.257700104e+02 +2.257700104e+02
1482 0 +8.585741767e-06 +2.257700086e+02 +2.257700086e+02
1529 0 +7.188165881e-06 +2.257700072e+02 +2.257700072e+02
1534 0 +6.547834488e-06 +2.257700065e+02 +2.257700065e+02
1536 0 +5.778358343e-06 +2.257700058e+02 +2.257700058e+02
1538 0 +5.150258602e-06 +2.257700052e+02 +2.257700052e+02
1541 0 +4.804155452e-06 +2.257700048e+02 +2.257700048e+02
1544 0 +3.889412000e-06 +2.257700039e+02 +2.257700039e+02
1549 0 +2.868934899e-06 +2.257700029e+02 +2.257700029e+02
1554 0 +2.398016278e-06 +2.257700024e+02 +2.257700024e+02
1557 0 +2.022397126e-06 +2.257700020e+02 +2.257700020e+02
1560 0 +1.410249780e-06 +2.257700014e+02 +2.257700014e+02
1626 0 +1.127083181e-06 +2.257700011e+02 +2.257700011e+02
1628 0 +9.670496297e-07 +2.257700010e+02 +2.257700010e+02
1631 0 +8.730681316e-07 +2.257700009e+02 +2.257700009e+02
1636 0 +6.479936872e-07 +2.257700006e+02 +2.257700006e+02
1638 0 +5.801524026e-07 +2.257700006e+02 +2.257700006e+02
1642 0 +3.537599582e-07 +2.257700004e+02 +2.257700004e+02
1687 0 +2.783026787e-07 +2.257700003e+02 +2.257700003e+02
1697 0 +2.373181189e-07 +2.257700002e+02 +2.257700002e+02
1701 0 +2.104743828e-07 +2.257700002e+02 +2.257700002e+02
1712 0 +1.977830948e-07 +2.257700002e+02 +2.257700002e+02
1714 0 +1.397354765e-07 +2.257700001e+02 +2.257700001e+02
1717 0 +1.139740959e-07 +2.257700001e+02 +2.257700001e+02
1719 0 +8.796476436e-08 +2.257700001e+02 +2.257700001e+02
1770 0 +7.316344863e-08 +2.257700001e+02 +2.257700001e+02
1774 0 +6.772458505e-08 +2.257700001e+02 +2.257700001e+02
1775 0 +5.946552051e-08 +2.257700001e+02 +2.257700001e+02
1778 0 +5.555563121e-08 +2.257700001e+02 +2.257700001e+02
1787 0 +4.930382147e-08 +2.257700000e+02 +2.257700000e+02
1790 0 +3.848828101e-08 +2.257700000e+02 +2.257700000e+02
1791 0 +2.991339443e-08 +2.257700000e+02 +2.257700000e+02
1798 0 +2.787359676e-08 +2.257700000e+02 +2.257700000e+02
1844 0 +2.320126669e-08 +2.257700000e+02 +2.257700000e+02
1846 0 +2.159734436e-08 +2.257700000e+02 +2.257700000e+02
1857 0 +1.881147682e-08 +2.257700000e+02 +2.257700000e+02
1861 0 +1.583066478e-08 +2.257700000e+02 +2.257700000e+02
1865 0 +1.243182624e-08 +2.257700000e+02 +2.257700000e+02
1868 0 +1.107827075e-08 +2.257700000e+02 +2.257700000e+02
1877 0 +8.368061799e-09 +2.257700000e+02 +2.257700000e+02
2424 0 +9.663381206e-13 +2.257700000e+02 +2.257700000e+02
200000 0 +5.684341886e-14 +2.257700000e+02 +2.257700000e+02
% f evaluations | g evaluations | best noise-free fitness - Fopt (1.004400000000e+02) + sum g_i+ | measured fitness | best measured fitness or single-digit g-values | x1 | x2...
1 0 +1.422907789e+02 +2.427307789e+02 +2.427307789e+02
8 0 +1.309339386e+02 +2.313739386e+02 +2.313739386e+02
611 0 +1.254647667e+02 +2.259047667e+02 +2.259047667e+02
618 0 +1.108716475e+02 +2.113116475e+02 +2.113116475e+02
624 0 +9.553851875e+01 +1.959785188e+02 +1.959785188e+02
627 0 +8.627620849e+01 +1.867162085e+02 +1.867162085e+02
631 0 +7.925855434e+01 +1.796985543e+02 +1.796985543e+02
639 0 +6.907149331e+01 +1.695114933e+02 +1.695114933e+02
645 0 +6.131705947e+01 +1.617570595e+02 +1.617570595e+02
655 0 +5.365748019e+01 +1.540974802e+02 +1.540974802e+02
659 0 +4.554411176e+01 +1.459841118e+02 +1.459841118e+02
664 0 +4.088225293e+01 +1.413222529e+02 +1.413222529e+02
667 0 +3.562513738e+01 +1.360651374e+02 +1.360651374e+02
670 0 +3.090242110e+01 +1.313424211e+02 +1.313424211e+02
677 0 +2.729242666e+01 +1.277324267e+02 +1.277324267e+02
679 0 +2.490882778e+01 +1.253488278e+02 +1.253488278e+02
685 0 +2.115958865e+01 +1.215995886e+02 +1.215995886e+02
695 0 +1.818334922e+01 +1.186233492e+02 +1.186233492e+02
698 0 +1.673605599e+01 +1.171760560e+02 +1.171760560e+02
699 0 +1.407517550e+01 +1.145151755e+02 +1.145151755e+02
704 0 +1.203196628e+01 +1.124719663e+02 +1.124719663e+02
707 0 +9.387096176e+00 +1.098270962e+02 +1.098270962e+02
710 0 +6.666977255e+00 +1.071069773e+02 +1.071069773e+02
717 0 +5.059580164e+00 +1.054995802e+02 +1.054995802e+02
719 0 +4.678578644e+00 +1.051185786e+02 +1.051185786e+02
735 0 +3.882606184e+00 +1.043226062e+02 +1.043226062e+02
739 0 +3.224323045e+00 +1.036643230e+02 +1.036643230e+02
747 0 +2.541438431e+00 +1.029814384e+02 +1.029814384e+02
750 0 +1.823916863e+00 +1.022639169e+02 +1.022639169e+02
805 0 +1.672728451e+00 +1.021127285e+02 +1.021127285e+02
809 0 +1.432851767e+00 +1.018728518e+02 +1.018728518e+02
813 0 +1.349661828e+00 +1.017896618e+02 +1.017896618e+02
823 0 +1.119643089e+00 +1.015596431e+02 +1.015596431e+02
836 0 +8.593005121e-01 +1.012993005e+02 +1.012993005e+02
840 0 +7.467520650e-01 +1.011867521e+02 +1.011867521e+02
842 0 +5.252689245e-01 +1.009652689e+02 +1.009652689e+02
884 0 +4.733758316e-01 +1.009133758e+02 +1.009133758e+02
891 0 +4.372449437e-01 +1.008772449e+02 +1.008772449e+02
898 0 +3.673412748e-01 +1.008073413e+02 +1.008073413e+02
900 0 +3.441685578e-01 +1.007841686e+02 +1.007841686e+02
901 0 +3.104381195e-01 +1.007504381e+02 +1.007504381e+02
905 0 +2.751066426e-01 +1.007151066e+02 +1.007151066e+02
908 0 +2.479313291e-01 +1.006879313e+02 +1.006879313e+02
913 0 +1.783719436e-01 +1.006183719e+02 +1.006183719e+02
918 0 +1.421530453e-01 +1.005821530e+02 +1.005821530e+02
919 0 +1.094838326e-01 +1.005494838e+02 +1.005494838e+02
968 0 +9.639364614e-02 +1.005363936e+02 +1.005363936e+02
972 0 +8.055651010e-02 +1.005205565e+02 +1.005205565e+02
973 0 +7.540431713e-02 +1.005154043e+02 +1.005154043e+02
976 0 +6.538383179e-02 +1.005053838e+02 +1.005053838e+02
979 0 +6.132489848e-02 +1.005013249e+02 +1.005013249e+02
990 0 +4.780352658e-02 +1.004878035e+02 +1.004878035e+02
992 0 +3.741021556e-02 +1.004774102e+02 +1.004774102e+02
995 0 +2.952138159e-02 +1.004695214e+02 +1.004695214e+02
1047 0 +2.758576565e-02 +1.004675858e+02 +1.004675858e+02
1060 0 +2.373906510e-02 +1.004637391e+02 +1.004637391e+02
1062 0 +2.043770580e-02 +1.004604377e+02 +1.004604377e+02
1066 0 +1.753660616e-02 +1.004575366e+02 +1.004575366e+02
1068 0 +1.465410073e-02 +1.004546541e+02 +1.004546541e+02
1077 0 +1.197485643e-02 +1.004519749e+02 +1.004519749e+02
1080 0 +8.408190751e-03 +1.004484082e+02 +1.004484082e+02
1125 0 +7.401213081e-03 +1.004474012e+02 +1.004474012e+02
1130 0 +6.728168466e-03 +1.004467282e+02 +1.004467282e+02
1131 0 +6.113107671e-03 +1.004461131e+02 +1.004461131e+02
1135 0 +5.374519286e-03 +1.004453745e+02 +1.004453745e+02
1137 0 +4.644388013e-03 +1.004446444e+02 +1.004446444e+02
1144 0 +4.316195515e-03 +1.004443162e+02 +1.004443162e+02
1151 0 +3.913473048e-03 +1.004439135e+02 +1.004439135e+02
1154 0 +3.405197121e-03 +1.004434052e+02 +1.004434052e+02
1156 0 +2.443913397e-03 +1.004424439e+02 +1.004424439e+02
1161 0 +1.619148592e-03 +1.004416191e+02 +1.004416191e+02
1204 0 +1.553780186e-03 +1.004415538e+02 +1.004415538e+02
1207 0 +1.314333884e-03 +1.004413143e+02 +1.004413143e+02
1214 0 +1.224984951e-03 +1.004412250e+02 +1.004412250e+02
1220 0 +9.687063165e-04 +1.004409687e+02 +1.004409687e+02
1223 0 +8.698935872e-04 +1.004408699e+02 +1.004408699e+02
1230 0 +6.383700643e-04 +1.004406384e+02 +1.004406384e+02
1232 0 +5.614946109e-04 +1.004405615e+02 +1.004405615e+02
1238 0 +4.979326314e-04 +1.004404979e+02 +1.004404979e+02
1289 0 +4.307711265e-04 +1.004404308e+02 +1.004404308e+02
1293 0 +3.847531072e-04 +1.004403848e+02 +1.004403848e+02
1295 0 +3.387748080e-04 +1.004403388e+02 +1.004403388e+02
1304 0 +3.111252696e-04 +1.004403111e+02 +1.004403111e+02
1306 0 +2.540599200e-04 +1.004402541e+02 +1.004402541e+02
1308 0 +1.993188472e-04 +1.004401993e+02 +1.004401993e+02
1311 0 +1.766421528e-04 +1.004401766e+02 +1.004401766e+02
1313 0 +1.203678710e-04 +1.004401204e+02 +1.004401204e+02
1317 0 +9.103443955e-05 +1.004400910e+02 +1.004400910e+02
1365 0 +8.526408087e-05 +1.004400853e+02 +1.004400853e+02
1370 0 +7.877937611e-05 +1.004400788e+02 +1.004400788e+02
1377 0 +5.635779266e-05 +1.004400564e+02 +1.004400564e+02
1382 0 +4.864470556e-05 +1.004400486e+02 +1.004400486e+02
1383 0 +3.922012853e-05 +1.004400392e+02 +1.004400392e+02
1392 0 +3.527987046e-05 +1.004400353e+02 +1.004400353e+02
1399 0 +2.840550641e-05 +1.004400284e+02 +1.004400284e+02
1402 0 +2.455086998e-05 +1.004400246e+02 +1.004400246e+02
1443 0 +2.126296673e-05 +1.004400213e+02 +1.004400213e+02
1446 0 +1.979674668e-05 +1.004400198e+02 +1.004400198e+02
1452 0 +1.564458289e-05 +1.004400156e+02 +1.004400156e+02
1471 0 +1.310199934e-05 +1.004400131e+02 +1.004400131e+02
1477 0 +9.588292798e-06 +1.004400096e+02 +1.004400096e+02
1480 0 +8.899878722e-06 +1.004400089e+02 +1.004400089e+02
1481 0 +7.007545605e-06 +1.004400070e+02 +1.004400070e+02
1530 0 +6.119479451e-06 +1.004400061e+02 +1.004400061e+02
1534 0 +5.309735286e-06 +1.004400053e+02 +1.004400053e+02
1536 0 +4.372632873e-06 +1.004400044e+02 +1.004400044e+02
1541 0 +3.237873102e-06 +1.004400032e+02 +1.004400032e+02
1544 0 +2.729278876e-06 +1.004400027e+02 +1.004400027e+02
1550 0 +1.975727997e-06 +1.004400020e+02 +1.004400020e+02
1559 0 +1.334870518e-06 +1.004400013e+02 +1.004400013e+02
1606 0 +1.198297440e-06 +1.004400012e+02 +1.004400012e+02
1620 0 +1.058715753e-06 +1.004400011e+02 +1.004400011e+02
1627 0 +8.847709267e-07 +1.004400009e+02 +1.004400009e+02
1631 0 +6.611185484e-07 +1.004400007e+02 +1.004400007e+02
1634 0 +5.973380439e-07 +1.004400006e+02 +1.004400006e+02
1641 0 +3.431640891e-07 +1.004400003e+02 +1.004400003e+02
1689 0 +3.052765152e-07 +1.004400003e+02 +1.004400003e+02
1703 0 +2.533789143e-07 +1.004400003e+02 +1.004400003e+02
1706 0 +2.008662534e-07 +1.004400002e+02 +1.004400002e+02
1713 0 +1.730744543e-07 +1.004400002e+02 +1.004400002e+02
1716 0 +1.233018452e-07 +1.004400001e+02 +1.004400001e+02
1720 0 +9.693214054e-08 +1.004400001e+02 +1.004400001e+02
1763 0 +8.540484941e-08 +1.004400001e+02 +1.004400001e+02
1765 0 +7.260001667e-08 +1.004400001e+02 +1.004400001e+02
1767 0 +6.698989807e-08 +1.004400001e+02 +1.004400001e+02
1770 0 +5.830953853e-08 +1.004400001e+02 +1.004400001e+02
1773 0 +5.470532471e-08 +1.004400001e+02 +1.004400001e+02
1779 0 +4.483921145e-08 +1.004400000e+02 +1.004400000e+02
1788 0 +3.997918441e-08 +1.004400000e+02 +1.004400000e+02
1789 0 +2.972946334e-08 +1.004400000e+02 +1.004400000e+02
1798 0 +2.450380521e-08 +1.004400000e+02 +1.004400000e+02
1848 0 +2.184307846e-08 +1.004400000e+02 +1.004400000e+02
1852 0 +1.830227347e-08 +1.004400000e+02 +1.004400000e+02
1854 0 +1.618492718e-08 +1.004400000e+02 +1.004400000e+02
1858 0 +1.358344548e-08 +1.004400000e+02 +1.004400000e+02
1867 0 +1.228333701e-08 +1.004400000e+02 +1.004400000e+02
1873 0 +9.065516338e-09 +1.004400000e+02 +1.004400000e+02
2418 0 +9.663381206e-13 +1.004400000e+02 +1.004400000e+02
200000 0 +5.684341886e-14 +1.004400000e+02 +1.004400000e+02
