% f evaluations | g evaluations | best noise-free fitness - Fopt (7.948000000000e+01) + sum g_i+ | measured fitness | best measured fitness or single-digit g-values | x1 | x2...
1 0 +1.728091034e+02 +2.522891034e+02 +2.522891034e+02
3 0 +1.698444151e+02 +2.493244151e+02 +2.493244151e+02
27 0 +1.526597842e+02 +2.321397842e+02 +2.321397842e+02
1232 0 +1.360669862e+02 +2.155469862e+02 +2.155469862e+02
1237 0 +1.252401316e+02 +2.047201316e+02 +2.047201316e+02
1248 0 +1.118388346e+02 +1.913188346e+02 +1.913188346e+02
1258 0 +9.977345332e+01 +1.792534533e+02 +1.792534533e+02
1265 0 +8.792676480e+01 +1.674067648e+02 +1.674067648e+02
1276 0 +7.875220972e+01 +1.582322097e+02 +1.582322097e+02
1290 0 +7.054117794e+01 +1.500211779e+02 +1.500211779e+02
1303 0 +6.009579148e+01 +1.395757915e+02 +1.395757915e+02
1312 0 +5.476983126e+01 +1.342498313e+02 +1.342498313e+02
1317 0 +4.794817136e+01 +1.274281714e+02 +1.274281714e+02
1326 0 +4.156232358e+01 +1.210423236e+02 +1.210423236e+02
1338 0 +3.772567687e+01 +1.172056769e+02 +1.172056769e+02
1342 0 +3.192260715e+01 +1.114026072e+02 +1.114026072e+02
1350 0 +3.117881942e+01 +1.106588194e+02 +1.106588194e+02
1358 0 +2.419773289e+01 +1.036777329e+02 +1.036777329e+02
1383 0 +2.003356848e+01 +9.951356848e+01 +9.951356848e+01
1392 0 +1.774092687e+01 +9.722092687e+01 +9.722092687e+01
1397 0 +1.492446168e+01 +9.440446168e+01 +9.440446168e+01
1406 0 +1.226518222e+01 +9.174518222e+01 +9.174518222e+01
1422 0 +9.160859704e+00 +8.864085970e+01 +8.864085970e+01
1438 0 +6.330269119e+00 +8.581026912e+01 +8.581026912e+01
1463 0 +5.627156899e+00 +8.510715690e+01 +8.510715690e+01
1472 0 +5.337112639e+00 +8.481711264e+01 +8.481711264e+01
1486 0 +4.680430538e+00 +8.416043054e+01 +8.416043054e+01
1502 0 +3.970914163e+00 +8.345091416e+01 +8.345091416e+01
1518 0 +3.142920932e+00 +8.262292093e+01 +8.262292093e+01
1620 0 +2.739976183e+00 +8.221997618e+01 +8.221997618e+01
1637 0 +2.384856546e+00 +8.186485655e+01 +8.186485655e+01
1642 0 +2.166186640e+00 +8.164618664e+01 +8.164618664e+01
1664 0 +1.802252299e+00 +8.128225230e+01 +8.128225230e+01
1666 0 +1.557357460e+00 +8.103735746e+01 +8.103735746e+01
1668 0 +1.404220401e+00 +8.088422040e+01 +8.088422040e+01
1674 0 +1.103398948e+00 +8.058339895e+01 +8.058339895e+01
1675 0 +9.825846016e-01 +8.046258460e+01 +8.046258460e+01
1679 0 +8.047824144e-01 +8.028478241e+01 +8.028478241e+01
1682 0 +7.438560454e-01 +8.022385605e+01 +8.022385605e+01
1763 0 +6.825945933e-01 +8.016259459e+01 +8.016259459e+01
1767 0 +6.177204957e-01 +8.009772050e+01 +8.009772050e+01
1799 0 +5.559078136e-01 +8.003590781e+01 +8.003590781e+01
1805 0 +4.955429831e-01 +7.997554298e+01 +7.997554298e+01
1810 0 +4.240154418e-01 +7.990401544e+01 +7.990401544e+01
1814 0 +3.676863503e-01 +7.984768635e+01 +7.984768635e+01
1818 0 +3.322153200e-01 +7.981221532e+01 +7.981221532e+01
1831 0 +3.084365050e-01 +7.978843651e+01 +7.978843651e+01
1841 0 +2.741445281e-01 +7.975414453e+01 +7.975414453e+01
1935 0 +2.474941189e-01 +7.972749412e+01 +7.972749412e+01
1940 0 +2.203628106e-01 +7.970036281e+01 +7.970036281e+01
1949 0 +1.989251707e-01 +7.967892517e+01 +7.967892517e+01
1955 0 +1.650131968e-01 +7.964501320e+01 +7.964501320e+01
1960 0 +1.529056194e-01 +7.963290562e+01 +7.963290562e+01
1964 0 +1.400109627e-01 +7.962001096e+01 +7.962001096e+01
1967 0 +1.256776546e-01 +7.960567765e+01 +7.960567765e+01
1982 0 +1.042643174e-01 +7.958426432e+01 +7.958426432e+01
1987 0 +9.561270671e-02 +7.957561271e+01 +7.957561271e+01
1990 0 +8.222315676e-02 +7.956222316e+01 +7.956222316e+01
1992 0 +7.102932645e-02 +7.955102933e+01 +7.955102933e+01
1995 0 +5.647103168e-02 +7.953647103e+01 +7.953647103e+01
1997 0 +5.045314285e-02 +7.953045314e+01 +7.953045314e+01
2000 0 +4.796781417e-02 +7.952796781e+01 +7.952796781e+01
2091 0 +4.274713307e-02 +7.952274713e+01 +7.952274713e+01
2093 0 +3.901292584e-02 +7.951901293e+01 +7.951901293e+01
2110 0 +3.482856505e-02 +7.951482857e+01 +7.951482857e+01
2125 0 +2.966500357e-02 +7.950966500e+01 +7.950966500e+01
2135 0 +2.590907082e-02 +7.950590907e+01 +7.950590907e+01
2137 0 +2.304285953e-02 +7.950304286e+01 +7.950304286e+01
2140 0 +2.151293462e-02 +7.950151293e+01 +7.950151293e+01
2153 0 +1.831679454e-02 +7.949831679e+01 +7.949831679e+01
2158 0 +1.741441600e-02 +7.949741442e+01 +7.949741442e+01
2159 0 +1.474575738e-02 +7.949474576e+01 +7.949474576e+01
2162 0 +1.104128421e-02 +7.949104128e+01 +7.949104128e+01
2248 0 +9.397324515e-03 +7.948939732e+01 +7.948939732e+01
2264 0 +8.879474404e-03 +7.948887947e+01 +7.948887947e+01
2269 0 +7.891368025e-03 +7.948789137e+01 +7.948789137e+01
2273 0 +6.691624773e-03 +7.948669162e+01 +7.948669162e+01
2288 0 +6.260595370e-03 +7.948626060e+01 +7.948626060e+01
2293 0 +5.087226191e-03 +7.948508723e+01 +7.948508723e+01
2299 0 +4.874357911e-03 +7.948487436e+01 +7.948487436e+01
2308 0 +3.786048080e-03 +7.948378605e+01 +7.948378605e+01
2317 0 +3.124371975e-03 +7.948312437e+01 +7.948312437e+01
2422 0 +2.660676781e-03 +7.948266068e+01 +7.948266068e+01
2426 0 +2.445406713e-03 +7.948244541e+01 +7.948244541e+01
2439 0 +2.127315357e-03 +7.948212732e+01 +7.948212732e+01
2442 0 +1.940939345e-03 +7.948194094e+01 +7.948194094e+01
2446 0 +1.703046595e-03 +7.948170305e+01 +7.948170305e+01
2452 0 +1.469529181e-03 +7.948146953e+01 +7.948146953e+01
2460 0 +1.314685404e-03 +7.948131469e+01 +7.948131469e+01
2462 0 +1.229087863e-03 +7.948122909e+01 +7.948122909e+01
2463 0 +1.083435099e-03 +7.948108344e+01 +7.948108344e+01
2472 0 +8.689846825e-04 +7.948086898e+01 +7.948086898e+01
2567 0 +7.891009441e-04 +7.948078910e+01 +7.948078910e+01
2575 0 +6.839226747e-04 +7.948068392e+01 +7.948068392e+01
2583 0 +6.088790757e-04 +7.948060888e+01 +7.948060888e+01
2588 0 +5.515548009e-04 +7.948055155e+01 +7.948055155e+01
2590 0 +4.967994361e-04 +7.948049680e+01 +7.948049680e+01
2608 0 +4.339907340e-04 +7.948043399e+01 +7.948043399e+01
2617 0 +3.812864286e-04 +7.948038129e+01 +7.948038129e+01
2625 0 +3.392440909e-04 +7.948033924e+01 +7.948033924e+01
2630 0 +2.968846948e-04 +7.948029688e+01 +7.948029688e+01
2634 0 +2.686012564e-04 +7.948026860e+01 +7.948026860e+01
2638 0 +2.100954655e-04 +7.948021010e+01 +7.948021010e+01
2639 0 +1.820852444e-04 +7.948018209e+01 +7.948018209e+01
2724 0 +1.767433004e-04 +7.948017674e+01 +7.948017674e+01
2730 0 +1.579592088e-04 +7.948015796e+01 +7.948015796e+01
2739 0 +1.379834298e-04 +7.948013798e+01 +7.948013798e+01
2751 0 +1.220027101e-04 +7.948012200e+01 +7.948012200e+01
2769 0 +1.090037516e-04 +7.948010900e+01 +7.948010900e+01
2771 0 +9.979112524e-05 +7.948009979e+01 +7.948009979e+01
2779 0 +8.846119543e-05 +7.948008846e+01 +7.948008846e+01
2784 0 +7.291779026e-05 +7.948007292e+01 +7.948007292e+01
2786 0 +6.950252875e-05 +7.948006950e+01 +7.948006950e+01
2787 0 +5.887598475e-05 +7.948005888e+01 +7.948005888e+01
2793 0 +5.613837430e-05 +7.948005614e+01 +7.948005614e+01
2795 0 +4.427121630e-05 +7.948004427e+01 +7.948004427e+01
2897 0 +3.937099275e-05 +7.948003937e+01 +7.948003937e+01
2920 0 +3.506871725e-05 +7.948003507e+01 +7.948003507e+01
2923 0 +3.028655762e-05 +7.948003029e+01 +7.948003029e+01
2936 0 +2.811044145e-05 +7.948002811e+01 +7.948002811e+01
2949 0 +2.437005469e-05 +7.948002437e+01 +7.948002437e+01
2952 0 +2.135076554e-05 +7.948002135e+01 +7.948002135e+01
2954 0 +1.809955727e-05 +7.948001810e+01 +7.948001810e+01
2959 0 +1.491665333e-05 +7.948001492e+01 +7.948001492e+01
2961 0 +1.227224899e-05 +7.948001227e+01 +7.948001227e+01
3047 0 +1.113717137e-05 +7.948001114e+01 +7.948001114e+01
3058 0 +9.917009223e-06 +7.948000992e+01 +7.948000992e+01
3074 0 +8.705922184e-06 +7.948000871e+01 +7.948000871e+01
3087 0 +7.720895752e-06 +7.948000772e+01 +7.948000772e+01
3089 0 +7.045458645e-06 +7.948000705e+01 +7.948000705e+01
3095 0 +6.047110290e-06 +7.948000605e+01 +7.948000605e+01
3102 0 +5.343220380e-06 +7.948000534e+01 +7.948000534e+01
3103 0 +4.834138124e-06 +7.948000483e+01 +7.948000483e+01
3110 0 +4.105675288e-06 +7.948000411e+01 +7.948000411e+01
3117 0 +3.881647501e-06 +7.948000388e+01 +7.948000388e+01
3214 0 +3.440354490e-06 +7.948000344e+01 +7.948000344e+01
3221 0 +3.080972988e-06 +7.948000308e+01 +7.948000308e+01
3229 0 +2.708883031e-06 +7.948000271e+01 +7.948000271e+01
3237 0 +2.327183836e-06 +7.948000233e+01 +7.948000233e+01
3239 0 +2.115494596e-06 +7.948000212e+01 +7.948000212e+01
3257 0 +1.807924974e-06 +7.948000181e+01 +7.948000181e+01
3259 0 +1.585324782e-06 +7.948000159e+01 +7.948000159e+01
3266 0 +1.397145297e-06 +7.948000140e+01 +7.948000140e+01
3276 0 +1.074765635e-06 +7.948000107e+01 +7.948000107e+01
3278 0 +9.480513228e-07 +7.948000095e+01 +7.948000095e+01
3364 0 +8.575065351e-07 +7.948000086e+01 +7.948000086e+01
3377 0 +7.655499275e-07 +7.948000077e+01 +7.948000077e+01
3387 0 +6.779431914e-07 +7.948000068e+01 +7.948000068e+01
3394 0 +6.211731431e-07 +7.948000062e+01 +7.948000062e+01
3405 0 +5.252509681e-07 +7.948000053e+01 +7.948000053e+01
3411 0 +4.634864723e-07 +7.948000046e+01 +7.948000046e+01
3415 0 +4.139769061e-07 +7.948000041e+01 +7.948000041e+01
3421 0 +3.787513094e-07 +7.948000038e+01 +7.948000038e+01
3424 0 +3.269757087e-07 +7.948000033e+01 +7.948000033e+01
3429 0 +2.780196411e-07 +7.948000028e+01 +7.948000028e+01
3431 0 +2.376564225e-07 +7.948000024e+01 +7.948000024e+01
3440 0 +2.063717233e-07 +7.948000021e+01 +7.948000021e+01
3441 0 +1.742314453e-07 +7.948000017e+01 +7.948000017e+01
3530 0 +1.542080810e-07 +7.948000015e+01 +7.948000015e+01
3542 0 +1.342670828e-07 +7.948000013e+01 +7.948000013e+01
3562 0 +1.183711049e-07 +7.948000012e+01 +7.948000012e+01
3563 0 +1.091235475e-07 +7.948000011e+01 +7.948000011e+01
3569 0 +9.083943553e-08 +7.948000009e+01 +7.948000009e+01
3588 0 +7.974713867e-08 +7.948000008e+01 +7.948000008e+01
3594 0 +7.051329476e-08 +7.948000007e+01 +7.948000007e+01
3597 0 +5.743032716e-08 +7.948000006e+01 +7.948000006e+01
3599 0 +5.246550927e-08 +7.948000005e+01 +7.948000005e+01
3685 0 +4.852708457e-08 +7.948000005e+01 +7.948000005e+01
3698 0 +4.390331299e-08 +7.948000004e+01 +7.948000004e+01
3706 0 +3.880191457e-08 +7.948000004e+01 +7.948000004e+01
3712 0 +3.417522976e-08 +7.948000003e+01 +7.948000003e+01
3714 0 +3.146500660e-08 +7.948000003e+01 +7.948000003e+01
3738 0 +2.640872765e-08 +7.948000003e+01 +7.948000003e+01
3742 0 +2.402474308e-08 +7.948000002e+01 +7.948000002e+01
3745 0 +2.143627853e-08 +7.948000002e+01 +7.948000002e+01
3755 0 +1.768863456e-08 +7.948000002e+01 +7.948000002e+01
3762 0 +1.328561439e-08 +7.948000001e+01 +7.948000001e+01
3849 0 +1.257039628e-08 +7.948000001e+01 +7.948000001e+01
3863 0 +1.058818100e-08 +7.948000001e+01 +7.948000001e+01
3875 0 +9.579778748e-09 +7.948000001e+01 +7.948000001e+01
4952 0 +8.526512829e-13 +7.948000000e+01 +7.948000000e+01
400000 0 +1.136868377e-13 +7.948000000e+01 +7.948000000e+01
% f evaluations | g evaluations | best noise-free fitness - Fopt (3.944800000000e+02) + sum g_i+ | measured fitness | best measured fitness or single-digit g-values | x1 | x2...
1 0 +2.837954374e+02 +6.782754374e+02 +6.782754374e+02
2 0 +2.695377827e+02 +6.640177827e+02 +6.640177827e+02
1213 0 +2.509632137e+02 +6.454432137e+02 +6.454432137e+02
1231 0 +2.179460374e+02 +6.124260374e+02 +6.124260374e+02
1245 0 +1.970563809e+02 +5.915363809e+02 +5.915363809e+02
1259 0 +1.746800091e+02 +5.691600091e+02 +5.691600091e+02
1268 0 +1.566453063e+02 +5.511253063e+02 +5.511253063e+02
1275 0 +1.368062331e+02 +5.312862331e+02 +5.312862331e+02
1283 0 +1.235183079e+02 +5.179983079e+02 +5.179983079e+02
1290 0 +1.121724605e+02 +5.066524605e+02 +5.066524605e+02
1310 0 +9.549972912e+01 +4.899797291e+02 +4.899797291e+02
1314 0 +8.794672420e+01 +4.824267242e+02 +4.824267242e+02
1332 0 +7.687533164e+01 +4.713553316e+02 +4.713553316e+02
1342 0 +6.645396076e+01 +4.609339608e+02 +4.609339608e+02
1343 0 +6.189455043e+01 +4.563745504e+02 +4.563745504e+02
1354 0 +5.290450806e+01 +4.473845081e+02 +4.473845081e+02
1355 0 +4.833869357e+01 +4.428186936e+02 +4.428186936e+02
1363 0 +4.290230735e+01 +4.373823074e+02 +4.373823074e+02
1367 0 +3.952100516e+01 +4.340010052e+02 +4.340010052e+02
1376 0 +3.486979539e+01 +4.293497954e+02 +4.293497954e+02
1390 0 +2.986023694e+01 +4.243402369e+02 +4.243402369e+02
1391 0 +2.722977618e+01 +4.217097762e+02 +4.217097762e+02
1405 0 +2.433043227e+01 +4.188104323e+02 +4.188104323e+02
1412 0 +2.186968160e+01 +4.163496816e+02 +4.163496816e+02
1422 0 +1.755497390e+01 +4.120349739e+02 +4.120349739e+02
1423 0 +1.499816091e+01 +4.094781609e+02 +4.094781609e+02
1430 0 +1.260145179e+01 +4.070814518e+02 +4.070814518e+02
1434 0 +1.101967132e+01 +4.054996713e+02 +4.054996713e+02
1435 0 +8.456454181e+00 +4.029364542e+02 +4.029364542e+02
1443 0 +7.663683799e+00 +4.021436838e+02 +4.021436838e+02
1447 0 +7.063038049e+00 +4.015430380e+02 +4.015430380e+02
1470 0 +6.058674299e+00 +4.005386743e+02 +4.005386743e+02
1471 0 +5.430810893e+00 +3.999108109e+02 +3.999108109e+02
1492 0 +4.972657579e+00 +3.994526576e+02 +3.994526576e+02
1503 0 +3.965091751e+00 +3.984450918e+02 +3.984450918e+02
1515 0 +3.010360197e+00 +3.974903602e+02 +3.974903602e+02
1610 0 +2.782957640e+00 +3.972629576e+02 +3.972629576e+02
1618 0 +2.439557693e+00 +3.969195577e+02 +3.969195577e+02
1627 0 +2.222658196e+00 +3.967026582e+02 +3.967026582e+02
1650 0 +1.983737435e+00 +3.964637374e+02 +3.964637374e+02
1657 0 +1.699054504e+00 +3.961790545e+02 +3.961790545e+02
1659 0 +1.520648436e+00 +3.960006484e+02 +3.960006484e+02
1666 0 +1.261710259e+00 +3.957417103e+02 +3.957417103e+02
1669 0 +1.208441475e+00 +3.956884415e+02 +3.956884415e+02
1679 0 +9.976257917e-01 +3.954776258e+02 +3.954776258e+02
1785 0 +8.451154478e-01 +3.953251154e+02 +3.953251154e+02
1789 0 +7.919232569e-01 +3.952719233e+02 +3.952719233e+02
1803 0 +6.818393276e-01 +3.951618393e+02 +3.951618393e+02
1808 0 +6.284206813e-01 +3.951084207e+02 +3.951084207e+02
1812 0 +5.464978059e-01 +3.950264978e+02 +3.950264978e+02
1815 0 +4.860151476e-01 +3.949660151e+02 +3.949660151e+02
1822 0 +4.352587654e-01 +3.949152588e+02 +3.949152588e+02
1824 0 +3.860691710e-01 +3.948660692e+02 +3.948660692e+02
1830 0 +3.501223959e-01 +3.948301224e+02 +3.948301224e+02
1833 0 +2.999595864e-01 +3.947799596e+02 +3.947799596e+02
1836 0 +2.523710307e-01 +3.947323710e+02 +3.947323710e+02
1837 0 +2.239422868e-01 +3.947039423e+02 +3.947039423e+02
1841 0 +2.179280835e-01 +3.946979281e+02 +3.946979281e+02
1926 0 +1.952476825e-01 +3.946752477e+02 +3.946752477e+02
1934 0 +1.750397244e-01 +3.946550397e+02 +3.946550397e+02
1940 0 +1.518138019e-01 +3.946318138e+02 +3.946318138e+02
1956 0 +1.318820130e-01 +3.946118820e+02 +3.946118820e+02
1958 0 +1.204663273e-01 +3.946004663e+02 +3.946004663e+02
1960 0 +1.100947418e-01 +3.945900947e+02 +3.945900947e+02
1974 0 +9.484510947e-02 +3.945748451e+02 +3.945748451e+02
1978 0 +8.142812556e-02 +3.945614281e+02 +3.945614281e+02
1980 0 +7.909376721e-02 +3.945590938e+02 +3.945590938e+02
1991 0 +6.721835379e-02 +3.945472184e+02 +3.945472184e+02
2000 0 +6.157642194e-02 +3.945415764e+02 +3.945415764e+02
2002 0 +4.893823180e-02 +3.945289382e+02 +3.945289382e+02
2095 0 +4.332244535e-02 +3.945233224e+02 +3.945233224e+02
2112 0 +3.632512717e-02 +3.945163251e+02 +3.945163251e+02
2113 0 +3.498962362e-02 +3.945149896e+02 +3.945149896e+02
2124 0 +3.134825560e-02 +3.945113483e+02 +3.945113483e+02
2129 0 +2.776815001e-02 +3.945077682e+02 +3.945077682e+02
2139 0 +2.338080516e-02 +3.945033808e+02 +3.945033808e+02
2149 0 +2.063353008e-02 +3.945006335e+02 +3.945006335e+02
2154 0 +1.955532438e-02 +3.944995553e+02 +3.944995553e+02
2157 0 +1.635946138e-02 +3.944963595e+02 +3.944963595e+02
2159 0 +1.455364440e-02 +3.944945536e+02 +3.944945536e+02
2249 0 +1.377053717e-02 +3.944937705e+02 +3.944937705e+02
2258 0 +1.234448573e-02 +3.944923445e+02 +3.944923445e+02
2266 0 +1.115151960e-02 +3.944911515e+02 +3.944911515e+02
2279 0 +9.906612354e-03 +3.944899066e+02 +3.944899066e+02
2286 0 +7.985977769e-03 +3.944879860e+02 +3.944879860e+02
2287 0 +7.818493391e-03 +3.944878185e+02 +3.944878185e+02
2294 0 +6.770136084e-03 +3.944867701e+02 +3.944867701e+02
2301 0 +5.833995025e-03 +3.944858340e+02 +3.944858340e+02
2303 0 +5.137879146e-03 +3.944851379e+02 +3.944851379e+02
2313 0 +4.699151254e-03 +3.944846992e+02 +3.944846992e+02
2315 0 +3.802905550e-03 +3.944838029e+02 +3.944838029e+02
2405 0 +3.468931810e-03 +3.944834689e+02 +3.944834689e+02
2412 0 +3.081573444e-03 +3.944830816e+02 +3.944830816e+02
2425 0 +2.766287390e-03 +3.944827663e+02 +3.944827663e+02
2436 0 +2.445284637e-03 +3.944824453e+02 +3.944824453e+02
2440 0 +2.166452589e-03 +3.944821665e+02 +3.944821665e+02
2452 0 +1.936364422e-03 +3.944819364e+02 +3.944819364e+02
2465 0 +1.603006386e-03 +3.944816030e+02 +3.944816030e+02
2467 0 +1.456640065e-03 +3.944814566e+02 +3.944814566e+02
2470 0 +1.410085782e-03 +3.944814101e+02 +3.944814101e+02
2472 0 +1.183308666e-03 +3.944811833e+02 +3.944811833e+02
2479 0 +9.512183664e-04 +3.944809512e+02 +3.944809512e+02
2481 0 +8.197883404e-04 +3.944808198e+02 +3.944808198e+02
2569 0 +7.462403765e-04 +3.944807462e+02 +3.944807462e+02
2577 0 +6.975270098e-04 +3.944806975e+02 +3.944806975e+02
2588 0 +5.920704374e-04 +3.944805921e+02 +3.944805921e+02
2595 0 +5.570619577e-04 +3.944805571e+02 +3.944805571e+02
2613 0 +4.978028895e-04 +3.944804978e+02 +3.944804978e+02
2618 0 +4.058748752e-04 +3.944804059e+02 +3.944804059e+02
2619 0 +3.684290086e-04 +3.944803684e+02 +3.944803684e+02
2622 0 +3.101525940e-04 +3.944803102e+02 +3.944803102e+02
2629 0 +2.630010202e-04 +3.944802630e+02 +3.944802630e+02
2633 0 +2.144334685e-04 +3.944802144e+02 +3.944802144e+02
2638 0 +1.861153955e-04 +3.944801861e+02 +3.944801861e+02
2727 0 +1.715228587e-04 +3.944801715e+02 +3.944801715e+02
2735 0 +1.545064380e-04 +3.944801545e+02 +3.944801545e+02
2745 0 +1.383401831e-04 +3.944801383e+02 +3.944801383e+02
2753 0 +1.220689288e-04 +3.944801221e+02 +3.944801221e+02
2763 0 +1.087486153e-04 +3.944801087e+02 +3.944801087e+02
2770 0 +9.766919334e-05 +3.944800977e+02 +3.944800977e+02
2774 0 +8.472424713e-05 +3.944800847e+02 +3.944800847e+02
2783 0 +7.410278880e-05 +3.944800741e+02 +3.944800741e+02
2788 0 +6.485855312e-05 +3.944800649e+02 +3.944800649e+02
2802 0 +5.076067492e-05 +3.944800508e+02 +3.944800508e+02
2883 0 +4.933980847e-05 +3.944800493e+02 +3.944800493e+02
2898 0 +4.156663726e-05 +3.944800416e+02 +3.944800416e+02
2902 0 +3.910312103e-05 +3.944800391e+02 +3.944800391e+02
2914 0 +3.543255121e-05 +3.944800354e+02 +3.944800354e+02
2919 0 +3.125890544e-05 +3.944800313e+02 +3.944800313e+02
2929 0 +2.738063858e-05 +3.944800274e+02 +3.944800274e+02
2931 0 +2.459326856e-05 +3.944800246e+02 +3.944800246e+02
2940 0 +2.205533218e-05 +3.944800221e+02 +3.944800221e+02
2956 0 +1.877628483e-05 +3.944800188e+02 +3.944800188e+02
2958 0 +1.551641793e-05 +3.944800155e+02 +3.944800155e+02
3048 0 +1.370567298e-05 +3.944800137e+02 +3.944800137e+02
3055 0 +1.235570323e-05 +3.944800124e+02 +3.944800124e+02
3069 0 +1.085122096e-05 +3.944800109e+02 +3.944800109e+02
3072 0 +9.990127921e-06 +3.944800100e+02 +3.944800100e+02
3076 0 +8.636710902e-06 +3.944800086e+02 +3.944800086e+02
3087 0 +7.733662017e-06 +3.944800077e+02 +3.944800077e+02
3096 0 +6.485671804e-06 +3.944800065e+02 +3.944800065e+02
3098 0 +5.750983519e-06 +3.944800058e+02 +3.944800058e+02
3104 0 +5.541609596e-06 +3.944800055e+02 +3.944800055e+02
3107 0 +4.752942004e-06 +3.944800048e+02 +3.944800048e+02
3114 0 +3.989373454e-06 +3.944800040e+02 +3.944800040e+02
3115 0 +3.674167260e-06 +3.944800037e+02 +3.944800037e+02
3119 0 +3.150749023e-06 +3.944800032e+02 +3.944800032e+02
3214 0 +2.694081331e-06 +3.944800027e+02 +3.944800027e+02
3240 0 +2.367013394e-06 +3.944800024e+02 +3.944800024e+02
3244 0 +2.088754286e-06 +3.944800021e+02 +3.944800021e+02
3254 0 +1.855563767e-06 +3.944800019e+02 +3.944800019e+02
3259 0 +1.663750993e-06 +3.944800017e+02 +3.944800017e+02
3263 0 +1.529709721e-06 +3.944800015e+02 +3.944800015e+02
3265 0 +1.408475498e-06 +3.944800014e+02 +3.944800014e+02
3269 0 +1.192199420e-06 +3.944800012e+02 +3.944800012e+02
3272 0 +1.028532552e-06 +3.944800010e+02 +3.944800010e+02
3276 0 +9.474074432e-07 +3.944800009e+02 +3.944800009e+02
3366 0 +8.850229847e-07 +3.944800009e+02 +3.944800009e+02
3376 0 +7.925834780e-07 +3.944800008e+02 +3.944800008e+02
3395 0 +6.830116490e-07 +3.944800007e+02 +3.944800007e+02
3401 0 +6.246331736e-07 +3.944800006e+02 +3.944800006e+02
3407 0 +5.110424013e-07 +3.944800005e+02 +3.944800005e+02
3410 0 +4.705476613e-07 +3.944800005e+02 +3.944800005e+02
3411 0 +4.205366508e-07 +3.944800004e+02 +3.944800004e+02
3421 0 +3.881449970e-07 +3.944800004e+02 +3.944800004e+02
3428 0 +3.475187214e-07 +3.944800003e+02 +3.944800003e+02
3435 0 +3.027145681e-07 +3.944800003e+02 +3.944800003e+02
3440 0 +2.442319555e-07 +3.944800002e+02 +3.944800002e+02
3442 0 +2.089543045e-07 +3.944800002e+02 +3.944800002e+02
3523 0 +1.947527153e-07 +3.944800002e+02 +3.944800002e+02
3528 0 +1.725941274e-07 +3.944800002e+02 +3.944800002e+02
3541 0 +1.547355737e-07 +3.944800002e+02 +3.944800002e+02
3548 0 +1.360692181e-07 +3.944800001e+02 +3.944800001e+02
3573 0 +1.245390422e-07 +3.944800001e+02 +3.944800001e+02
3576 0 +1.113115218e-07 +3.944800001e+02 +3.944800001e+02
3577 0 +9.870399253e-08 +3.944800001e+02 +3.944800001e+02
3584 0 +8.703506182e-08 +3.944800001e+02 +3.944800001e+02
3586 0 +7.258211099e-08 +3.944800001e+02 +3.944800001e+02
3591 0 +6.873727898e-08 +3.944800001e+02 +3.944800001e+02
3596 0 +6.129835128e-08 +3.944800001e+02 +3.944800001e+02
3598 0 +5.152332960e-08 +3.944800001e+02 +3.944800001e+02
3690 0 +4.830639000e-08 +3.944800000e+02 +3.944800000e+02
3696 0 +4.367609563e-08 +3.944800000e+02 +3.944800000e+02
3709 0 +3.947809546e-08 +3.944800000e+02 +3.944800000e+02
3713 0 +3.495654255e-08 +3.944800000e+02 +3.944800000e+02
3720 0 +2.987559355e-08 +3.944800000e+02 +3.944800000e+02
3721 0 +2.772497965e-08 +3.944800000e+02 +3.944800000e+02
3734 0 +2.413975153e-08 +3.944800000e+02 +3.944800000e+02
3740 0 +2.200545168e-08 +3.944800000e+02 +3.944800000e+02
3741 0 +1.848417241e-08 +3.944800000e+02 +3.944800000e+02
3747 0 +1.745036116e-08 +3.944800000e+02 +3.944800000e+02
3752 0 +1.564262675e-08 +3.944800000e+02 +3.944800000e+02
3753 0 +1.295160246e-08 +3.944800000e+02 +3.944800000e+02
3755 0 +1.190187504e-08 +3.944800000e+02 +3.944800000e+02
3761 0 +9.530879197e-09 +3.944800000e+02 +3.944800000e+02
4960 0 +9.663381206e-13 +3.944800000e+02 +3.944800000e+02
400000 0 +3.979039320e-13 +3.944800000e+02 +3.944800000e+02
% f evaluations | g evaluations | best noise-free fitness - Fopt (-2.471100000000e+02) + sum g_i+ | measured fitness | best measured fitness or single-digit g-values | x1 | x2...
1 0 +1.949323283e+02 -5.217767168e+01 -5.217767168e+01
2 0 +1.812604600e+02 -6.584953996e+01 -6.584953996e+01
242 0 +1.686129296e+02 -7.849707042e+01 -7.849707042e+01
1224 0 +1.557082640e+02 -9.140173604e+01 -9.140173604e+01
1232 0 +1.407286725e+02 -1.063813275e+02 -1.063813275e+02
1245 0 +1.215963069e+02 -1.255136931e+02 -1.255136931e+02
1261 0 +1.116046182e+02 -1.355053818e+02 -1.355053818e+02
1276 0 +9.698878247e+01 -1.501212175e+02 -1.501212175e+02
1283 0 +8.498969335e+01 -1.621203067e+02 -1.621203067e+02
1291 0 +7.740786973e+01 -1.697021303e+02 -1.697021303e+02
1297 0 +6.750168568e+01 -1.796083143e+02 -1.796083143e+02
1308 0 +6.055101888e+01 -1.865589811e+02 -1.865589811e+02
1312 0 +5.474953221e+01 -1.923604678e+02 -1.923604678e+02
1324 0 +4.719367282e+01 -1.999163272e+02 -1.999163272e+02
1325 0 +4.376939886e+01 -2.033406011e+02 -2.033406011e+02
1347 0 +3.943322811e+01 -2.076767719e+02 -2.076767719e+02
1356 0 +3.536248215e+01 -2.117475178e+02 -2.117475178e+02
1359 0 +3.048926825e+01 -2.166207318e+02 -2.166207318e+02
1363 0 +2.789403034e+01 -2.192159697e+02 -2.192159697e+02
1371 0 +2.431740143e+01 -2.227925986e+02 -2.227925986e+02
1377 0 +2.004912385e+01 -2.270608762e+02 -2.270608762e+02
1382 0 +1.940715304e+01 -2.277028470e+02 -2.277028470e+02
1392 0 +1.496469187e+01 -2.321453081e+02 -2.321453081e+02
1396 0 +1.407776215e+01 -2.330322379e+02 -2.330322379e+02
1405 0 +1.144734706e+01 -2.356626529e+02 -2.356626529e+02
1427 0 +1.088542817e+01 -2.362245718e+02 -2.362245718e+02
1439 0 +7.382447044e+00 -2.397275530e+02 -2.397275530e+02
1443 0 +6.789806488e+00 -2.403201935e+02 -2.403201935e+02
1457 0 +5.583711873e+00 -2.415262881e+02 -2.415262881e+02
1472 0 +3.787419909e+00 -2.433225801e+02 -2.433225801e+02
1519 0 +2.919400712e+00 -2.441905993e+02 -2.441905993e+02
1610 0 +2.798801404e+00 -2.443111986e+02 -2.443111986e+02
1632 0 +2.373181282e+00 -2.447368187e+02 -2.447368187e+02
1633 0 +2.193778057e+00 -2.449162219e+02 -2.449162219e+02
1652 0 +1.979325786e+00 -2.451306742e+02 -2.451306742e+02
1656 0 +1.696916276e+00 -2.454130837e+02 -2.454130837e+02
1658 0 +1.501502664e+00 -2.456084973e+02 -2.456084973e+02
1662 0 +1.281423925e+00 -2.458285761e+02 -2.458285761e+02
1664 0 +1.249965799e+00 -2.458600342e+02 -2.458600342e+02
1681 0 +1.012037763e+00 -2.460979622e+02 -2.460979622e+02
1764 0 +9.724543998e-01 -2.461375456e+02 -2.461375456e+02
1769 0 +8.685069351e-01 -2.462414931e+02 -2.462414931e+02
1776 0 +7.921007927e-01 -2.463178992e+02 -2.463178992e+02
1797 0 +6.978431368e-01 -2.464121569e+02 -2.464121569e+02
1801 0 +6.013485267e-01 -2.465086515e+02 -2.465086515e+02
1805 0 +5.588352100e-01 -2.465511648e+02 -2.465511648e+02
1811 0 +4.904125352e-01 -2.466195875e+02 -2.466195875e+02
1823 0 +4.006777798e-01 -2.467093222e+02 -2.467093222e+02
1828 0 +3.534139986e-01 -2.467565860e+02 -2.467565860e+02
1832 0 +3.116680587e-01 -2.467983319e+02 -2.467983319e+02
1833 0 +2.656278902e-01 -2.468443721e+02 -2.468443721e+02
1835 0 +2.359755336e-01 -2.468740245e+02 -2.468740245e+02
1838 0 +2.038575508e-01 -2.469061424e+02 -2.469061424e+02
1931 0 +1.951739060e-01 -2.469148261e+02 -2.469148261e+02
1945 0 +1.667503165e-01 -2.469432497e+02 -2.469432497e+02
1949 0 +1.495934653e-01 -2.469604065e+02 -2.469604065e+02
1951 0 +1.394505835e-01 -2.469705494e+02 -2.469705494e+02
1964 0 +1.199707909e-01 -2.469900292e+02 -2.469900292e+02
1972 0 +1.061132276e-01 -2.470038868e+02 -2.470038868e+02
1976 0 +9.312136011e-02 -2.470168786e+02 -2.470168786e+02
1990 0 +8.604906251e-02 -2.470239509e+02 -2.470239509e+02
2002 0 +7.818453121e-02 -2.470318155e+02 -2.470318155e+02
2090 0 +6.713136262e-02 -2.470428686e+02 -2.470428686e+02
2097 0 +6.256275923e-02 -2.470474372e+02 -2.470474372e+02
2103 0 +5.497306010e-02 -2.470550269e+02 -2.470550269e+02
2113 0 +4.930295985e-02 -2.470606970e+02 -2.470606970e+02
2126 0 +4.428314300e-02 -2.470657169e+02 -2.470657169e+02
2130 0 +3.895926568e-02 -2.470710407e+02 -2.470710407e+02
2137 0 +3.333804785e-02 -2.470766620e+02 -2.470766620e+02
2140 0 +2.975536511e-02 -2.470802446e+02 -2.470802446e+02
2152 0 +2.712058334e-02 -2.470828794e+02 -2.470828794e+02
2155 0 +2.339489040e-02 -2.470866051e+02 -2.470866051e+02
2157 0 +1.969041723e-02 -2.470903096e+02 -2.470903096e+02
2159 0 +1.628641587e-02 -2.470937136e+02 -2.470937136e+02
2161 0 +1.371782216e-02 -2.470962822e+02 -2.470962822e+02
2256 0 +1.197113904e-02 -2.470980289e+02 -2.470980289e+02
2272 0 +1.099896045e-02 -2.470990010e+02 -2.470990010e+02
2279 0 +9.709876511e-03 -2.471002901e+02 -2.471002901e+02
2281 0 +8.892614488e-03 -2.471011074e+02 -2.471011074e+02
2291 0 +7.670052847e-03 -2.471023299e+02 -2.471023299e+02
2301 0 +6.450655477e-03 -2.471035493e+02 -2.471035493e+02
2303 0 +5.483296085e-03 -2.471045167e+02 -2.471045167e+02
2307 0 +4.223440443e-03 -2.471057766e+02 -2.471057766e+02
2310 0 +3.433196781e-03 -2.471065668e+02 -2.471065668e+02
2313 0 +2.567329416e-03 -2.471074327e+02 -2.471074327e+02
2403 0 +2.352255054e-03 -2.471076477e+02 -2.471076477e+02
2406 0 +2.109575212e-03 -2.471078904e+02 -2.471078904e+02
2423 0 +1.854646180e-03 -2.471081454e+02 -2.471081454e+02
2431 0 +1.741948474e-03 -2.471082581e+02 -2.471082581e+02
2449 0 +1.391916986e-03 -2.471086081e+02 -2.471086081e+02
2456 0 +1.207836667e-03 -2.471087922e+02 -2.471087922e+02
2471 0 +9.511787197e-04 -2.471090488e+02 -2.471090488e+02
2482 0 +8.599540913e-04 -2.471091400e+02 -2.471091400e+02
2580 0 +7.603193471e-04 -2.471092397e+02 -2.471092397e+02
2581 0 +7.032193629e-04 -2.471092968e+02 -2.471092968e+02
2587 0 +6.145534732e-04 -2.471093854e+02 -2.471093854e+02
2593 0 +5.231985033e-04 -2.471094768e+02 -2.471094768e+02
2596 0 +4.999896663e-04 -2.471095000e+02 -2.471095000e+02
2600 0 +4.389975617e-04 -2.471095610e+02 -2.471095610e+02
2605 0 +3.643933377e-04 -2.471096356e+02 -2.471096356e+02
2608 0 +3.546936812e-04 -2.471096453e+02 -2.471096453e+02
2611 0 +3.070007585e-04 -2.471096930e+02 -2.471096930e+02
2614 0 +2.789905374e-04 -2.471097210e+02 -2.471097210e+02
2618 0 +2.046595307e-04 -2.471097953e+02 -2.471097953e+02
2625 0 +1.850206701e-04 -2.471098150e+02 -2.471098150e+02
2641 0 +1.672177848e-04 -2.471098328e+02 -2.471098328e+02
2727 0 +1.570601647e-04 -2.471098429e+02 -2.471098429e+02
2734 0 +1.388306185e-04 -2.471098612e+02 -2.471098612e+02
2757 0 +1.213052471e-04 -2.471098787e+02 -2.471098787e+02
2767 0 +1.055383403e-04 -2.471098945e+02 -2.471098945e+02
2776 0 +9.678622038e-05 -2.471099032e+02 -2.471099032e+02
2786 0 +8.606563733e-05 -2.471099139e+02 -2.471099139e+02
2789 0 +7.789585803e-05 -2.471099221e+02 -2.471099221e+02
2796 0 +6.516805649e-05 -2.471099348e+02 -2.471099348e+02
2799 0 +5.103984037e-05 -2.471099490e+02 -2.471099490e+02
2802 0 +4.351228856e-05 -2.471099565e+02 -2.471099565e+02
2911 0 +3.868956557e-05 -2.471099613e+02 -2.471099613e+02
2921 0 +3.495910886e-05 -2.471099650e+02 -2.471099650e+02
2923 0 +3.141228035e-05 -2.471099686e+02 -2.471099686e+02
2934 0 +2.805499861e-05 -2.471099719e+02 -2.471099719e+02
2951 0 +2.281952254e-05 -2.471099772e+02 -2.471099772e+02
2954 0 +1.964146301e-05 -2.471099804e+02 -2.471099804e+02
2958 0 +1.699705868e-05 -2.471099830e+02 -2.471099830e+02
3048 0 +1.573430495e-05 -2.471099843e+02 -2.471099843e+02
3055 0 +1.404153628e-05 -2.471099860e+02 -2.471099860e+02
3065 0 +1.185465712e-05 -2.471099881e+02 -2.471099881e+02
3067 0 +1.105523751e-05 -2.471099889e+02 -2.471099889e+02
3077 0 +9.429682422e-06 -2.471099906e+02 -2.471099906e+02
3085 0 +8.318750304e-06 -2.471099917e+02 -2.471099917e+02
3092 0 +7.338431573e-06 -2.471099927e+02 -2.471099927e+02
3096 0 +6.423688120e-06 -2.471099936e+02 -2.471099936e+02
3099 0 +6.063248946e-06 -2.471099939e+02 -2.471099939e+02
3101 0 +5.238850918e-06 -2.471099948e+02 -2.471099948e+02
3106 0 +4.828969992e-06 -2.471099952e+02 -2.471099952e+02
3110 0 +3.680707152e-06 -2.471099963e+02 -2.471099963e+02
3115 0 +3.395641698e-06 -2.471099966e+02 -2.471099966e+02
3122 0 +2.468666565e-06 -2.471099975e+02 -2.471099975e+02
3212 0 +2.092047310e-06 -2.471099979e+02 -2.471099979e+02
3217 0 +1.965332984e-06 -2.471099980e+02 -2.471099980e+02
3231 0 +1.722681134e-06 -2.471099983e+02 -2.471099983e+02
3233 0 +1.511994753e-06 -2.471099985e+02 -2.471099985e+02
3235 0 +1.291449621e-06 -2.471099987e+02 -2.471099987e+02
3241 0 +1.174325519e-06 -2.471099988e+02 -2.471099988e+02
3247 0 +1.064369428e-06 -2.471099989e+02 -2.471099989e+02
3265 0 +9.720730532e-07 -2.471099990e+02 -2.471099990e+02
3272 0 +8.339189606e-07 -2.471099992e+02 -2.471099992e+02
3276 0 +7.377234965e-07 -2.471099993e+02 -2.471099993e+02
3277 0 +6.826399499e-07 -2.471099993e+02 -2.471099993e+02
3376 0 +6.299539734e-07 -2.471099994e+02 -2.471099994e+02
3383 0 +5.253074278e-07 -2.471099995e+02 -2.471099995e+02
3410 0 +4.877377080e-07 -2.471099995e+02 -2.471099995e+02
3419 0 +4.226001806e-07 -2.471099996e+02 -2.471099996e+02
3426 0 +3.576866732e-07 -2.471099996e+02 -2.471099996e+02
3428 0 +3.358764218e-07 -2.471099997e+02 -2.471099997e+02
3431 0 +3.073996027e-07 -2.471099997e+02 -2.471099997e+02
3435 0 +2.752983619e-07 -2.471099997e+02 -2.471099997e+02
3438 0 +2.431580981e-07 -2.471099998e+02 -2.471099998e+02
3529 0 +2.210385617e-07 -2.471099998e+02 -2.471099998e+02
3535 0 +1.976017643e-07 -2.471099998e+02 -2.471099998e+02
3539 0 +1.728202506e-07 -2.471099998e+02 -2.471099998e+02
3548 0 +1.556965685e-07 -2.471099998e+02 -2.471099998e+02
3558 0 +1.409306947e-07 -2.471099999e+02 -2.471099999e+02
3564 0 +1.244392820e-07 -2.471099999e+02 -2.471099999e+02
3567 0 +1.118707758e-07 -2.471099999e+02 -2.471099999e+02
3571 0 +9.777397736e-08 -2.471099999e+02 -2.471099999e+02
3578 0 +8.528783724e-08 -2.471099999e+02 -2.471099999e+02
3587 0 +7.602076835e-08 -2.471099999e+02 -2.471099999e+02
3594 0 +6.901973393e-08 -2.471099999e+02 -2.471099999e+02
3596 0 +5.989139140e-08 -2.471099999e+02 -2.471099999e+02
3599 0 +5.107949619e-08 -2.471099999e+02 -2.471099999e+02
3685 0 +4.700956424e-08 -2.471100000e+02 -2.471100000e+02
3690 0 +4.450043889e-08 -2.471100000e+02 -2.471100000e+02
3723 0 +3.927513603e-08 -2.471100000e+02 -2.471100000e+02
3729 0 +3.430199058e-08 -2.471100000e+02 -2.471100000e+02
3740 0 +2.947083999e-08 -2.471100000e+02 -2.471100000e+02
3741 0 +2.643761832e-08 -2.471100000e+02 -2.471100000e+02
3744 0 +2.463642090e-08 -2.471100000e+02 -2.471100000e+02
3750 0 +1.951895001e-08 -2.471100000e+02 -2.471100000e+02
3751 0 +1.612988854e-08 -2.471100000e+02 -2.471100000e+02
3753 0 +1.473077305e-08 -2.471100000e+02 -2.471100000e+02
3757 0 +1.157545171e-08 -2.471100000e+02 -2.471100000e+02
3844 0 +1.107062531e-08 -2.471100000e+02 -2.471100000e+02
3863 0 +9.137380630e-09 -2.471100000e+02 -2.471100000e+02
4856 0 +8.526512829e-13 -2.471100000e+02 -2.471100000e+02
400000 0 +1.705302566e-13 -2.471100000e+02 -2.471100000e+02
% f evaluations | g evaluations | best noise-free fitness - Fopt (-1.520400000000e+02) + sum g_i+ | measured fitness | best measured fitness or single-digit g-values | x1 | x2...
1 0 +1.938924493e+02 +4.185244928e+01 +4.185244928e+01
3 0 +1.929502992e+02 +4.091029919e+01 +4.091029919e+01
15 0 +1.715245744e+02 +1.948457445e+01 +1.948457445e+01
1225 0 +1.584706241e+02 +6.430624086e+00 +6.430624086e+00
1236 0 +1.402822217e+02 -1.175777834e+01 -1.175777834e+01
1247 0 +1.223896818e+02 -2.965031824e+01 -2.965031824e+01
1256 0 +1.121584412e+02 -3.988155881e+01 -3.988155881e+01
1262 0 +9.993325802e+01 -5.210674198e+01 -5.210674198e+01
1274 0 +8.740197453e+01 -6.463802547e+01 -6.463802547e+01
1287 0 +7.571989106e+01 -7.632010894e+01 -7.632010894e+01
1292 0 +7.028826229e+01 -8.175173771e+01 -8.175173771e+01
1307 0 +5.922452732e+01 -9.281547268e+01 -9.281547268e+01
1310 0 +5.443616846e+01 -9.760383154e+01 -9.760383154e+01
1322 0 +4.928599287e+01 -1.027540071e+02 -1.027540071e+02
1327 0 +4.286011913e+01 -1.091798809e+02 -1.091798809e+02
1333 0 +3.942018238e+01 -1.126198176e+02 -1.126198176e+02
1342 0 +3.320279127e+01 -1.188372087e+02 -1.188372087e+02
1343 0 +3.099050353e+01 -1.210494965e+02 -1.210494965e+02
1362 0 +2.604914018e+01 -1.259908598e+02 -1.259908598e+02
1367 0 +2.320093817e+01 -1.288390618e+02 -1.288390618e+02
1370 0 +2.160955147e+01 -1.304304485e+02 -1.304304485e+02
1382 0 +1.964992588e+01 -1.323900741e+02 -1.323900741e+02
1387 0 +1.655360856e+01 -1.354863914e+02 -1.354863914e+02
1390 0 +1.376784705e+01 -1.382721529e+02 -1.382721529e+02
1402 0 +1.171983472e+01 -1.403201653e+02 -1.403201653e+02
1404 0 +9.387167146e+00 -1.426528329e+02 -1.426528329e+02
1417 0 +8.519495558e+00 -1.435205044e+02 -1.435205044e+02
1422 0 +7.240311381e+00 -1.447996886e+02 -1.447996886e+02
1423 0 +7.030620991e+00 -1.450093790e+02 -1.450093790e+02
1447 0 +5.485408133e+00 -1.465545919e+02 -1.465545919e+02
1467 0 +4.671824249e+00 -1.473681758e+02 -1.473681758e+02
1470 0 +3.888660098e+00 -1.481513399e+02 -1.481513399e+02
1484 0 +3.513174896e+00 -1.485268251e+02 -1.485268251e+02
1612 0 +3.110257414e+00 -1.489297426e+02 -1.489297426e+02
1620 0 +2.811187970e+00 -1.492288120e+02 -1.492288120e+02
1626 0 +2.472092560e+00 -1.495679074e+02 -1.495679074e+02
1641 0 +2.047634533e+00 -1.499923655e+02 -1.499923655e+02
1643 0 +1.962344977e+00 -1.500776550e+02 -1.500776550e+02
1648 0 +1.756026036e+00 -1.502839740e+02 -1.502839740e+02
1653 0 +1.538005679e+00 -1.505019943e+02 -1.505019943e+02
1659 0 +1.246291878e+00 -1.507937081e+02 -1.507937081e+02
1664 0 +1.100812404e+00 -1.509391876e+02 -1.509391876e+02
1668 0 +8.604187406e-01 -1.511795813e+02 -1.511795813e+02
1678 0 +7.184889518e-01 -1.513215110e+02 -1.513215110e+02
1764 0 +6.644321734e-01 -1.513755678e+02 -1.513755678e+02
1769 0 +6.242106786e-01 -1.514157893e+02 -1.514157893e+02
1784 0 +5.580271744e-01 -1.514819728e+02 -1.514819728e+02
1794 0 +4.493520790e-01 -1.515906479e+02 -1.515906479e+02
1797 0 +4.113056867e-01 -1.516286943e+02 -1.516286943e+02
1804 0 +3.857439369e-01 -1.516542561e+02 -1.516542561e+02
1806 0 +3.465836677e-01 -1.516934163e+02 -1.516934163e+02
1810 0 +2.978812351e-01 -1.517421188e+02 -1.517421188e+02
1836 0 +2.602796617e-01 -1.517797203e+02 -1.517797203e+02
1841 0 +2.474382104e-01 -1.517925618e+02 -1.517925618e+02
1936 0 +2.107890414e-01 -1.518292110e+02 -1.518292110e+02
1946 0 +1.911220047e-01 -1.518488780e+02 -1.518488780e+02
1949 0 +1.716814235e-01 -1.518683186e+02 -1.518683186e+02
1963 0 +1.531717147e-01 -1.518868283e+02 -1.518868283e+02
1976 0 +1.393007115e-01 -1.519006993e+02 -1.519006993e+02
1980 0 +1.237174649e-01 -1.519162825e+02 -1.519162825e+02
1981 0 +1.115172770e-01 -1.519284827e+02 -1.519284827e+02
1986 0 +9.354388946e-02 -1.519464561e+02 -1.519464561e+02
1990 0 +7.990505020e-02 -1.519600949e+02 -1.519600949e+02
1995 0 +7.583469998e-02 -1.519641653e+02 -1.519641653e+02
1997 0 +6.438127173e-02 -1.519756187e+02 -1.519756187e+02
1999 0 +5.264652004e-02 -1.519873535e+02 -1.519873535e+02
2002 0 +4.342195385e-02 -1.519965780e+02 -1.519965780e+02
2087 0 +3.931284955e-02 -1.520006872e+02 -1.520006872e+02
2098 0 +3.390626136e-02 -1.520060937e+02 -1.520060937e+02
2116 0 +3.131571346e-02 -1.520086843e+02 -1.520086843e+02
2124 0 +2.802056838e-02 -1.520119794e+02 -1.520119794e+02
2127 0 +2.448727380e-02 -1.520155127e+02 -1.520155127e+02
2134 0 +2.089087407e-02 -1.520191091e+02 -1.520191091e+02
2139 0 +1.874141131e-02 -1.520212586e+02 -1.520212586e+02
2152 0 +1.525929923e-02 -1.520247407e+02 -1.520247407e+02
2156 0 +1.338315139e-02 -1.520266168e+02 -1.520266168e+02
2254 0 +1.228565879e-02 -1.520277143e+02 -1.520277143e+02
2263 0 +1.096140941e-02 -1.520290386e+02 -1.520290386e+02
2268 0 +9.984475835e-03 -1.520300155e+02 -1.520300155e+02
2282 0 +8.697715302e-03 -1.520313023e+02 -1.520313023e+02
2289 0 +7.310246435e-03 -1.520326898e+02 -1.520326898e+02
2292 0 +6.827700293e-03 -1.520331723e+02 -1.520331723e+02
2306 0 +5.661695357e-03 -1.520343383e+02 -1.520343383e+02
2315 0 +5.621938541e-03 -1.520343781e+02 -1.520343781e+02
2321 0 +4.924452717e-03 -1.520350755e+02 -1.520350755e+02
2408 0 +4.284383934e-03 -1.520357156e+02 -1.520357156e+02
2417 0 +3.840061400e-03 -1.520361599e+02 -1.520361599e+02
2429 0 +3.326374436e-03 -1.520366736e+02 -1.520366736e+02
2433 0 +3.132691348e-03 -1.520368673e+02 -1.520368673e+02
2437 0 +2.779132760e-03 -1.520372209e+02 -1.520372209e+02
2445 0 +2.382987762e-03 -1.520376170e+02 -1.520376170e+02
2447 0 +2.230097192e-03 -1.520377699e+02 -1.520377699e+02
2460 0 +1.827142194e-03 -1.520381729e+02 -1.520381729e+02
2462 0 +1.640961889e-03 -1.520383590e+02 -1.520383590e+02
2463 0 +1.542499454e-03 -1.520384575e+02 -1.520384575e+02
2473 0 +1.248849308e-03 -1.520387512e+02 -1.520387512e+02
2476 0 +1.024270031e-03 -1.520389757e+02 -1.520389757e+02
2477 0 +8.148799239e-04 -1.520391851e+02 -1.520391851e+02
2480 0 +5.705200924e-04 -1.520394295e+02 -1.520394295e+02
2573 0 +5.332934308e-04 -1.520394667e+02 -1.520394667e+02
2599 0 +4.955978452e-04 -1.520395044e+02 -1.520395044e+02
2602 0 +4.463654464e-04 -1.520395536e+02 -1.520395536e+02
2603 0 +3.971189722e-04 -1.520396029e+02 -1.520396029e+02
2612 0 +3.375968580e-04 -1.520396624e+02 -1.520396624e+02
2615 0 +2.878182412e-04 -1.520397122e+02 -1.520397122e+02
2624 0 +2.759350373e-04 -1.520397241e+02 -1.520397241e+02
2628 0 +2.477637443e-04 -1.520397522e+02 -1.520397522e+02
2630 0 +1.898237657e-04 -1.520398102e+02 -1.520398102e+02
2631 0 +1.713327514e-04 -1.520398287e+02 -1.520398287e+02
2642 0 +1.448271552e-04 -1.520398552e+02 -1.520398552e+02
2732 0 +1.301553539e-04 -1.520398698e+02 -1.520398698e+02
2735 0 +1.232944929e-04 -1.520398767e+02 -1.520398767e+02
2752 0 +1.118304973e-04 -1.520398882e+02 -1.520398882e+02
2760 0 +9.704527915e-05 -1.520399030e+02 -1.520399030e+02
2770 0 +7.710825551e-05 -1.520399229e+02 -1.520399229e+02
2783 0 +6.336715589e-05 -1.520399366e+02 -1.520399366e+02
2787 0 +6.217419710e-05 -1.520399378e+02 -1.520399378e+02
2792 0 +5.614109892e-05 -1.520399439e+02 -1.520399439e+02
2890 0 +4.877315044e-05 -1.520399512e+02 -1.520399512e+02
2897 0 +4.432223187e-05 -1.520399557e+02 -1.520399557e+02
2911 0 +3.918226349e-05 -1.520399608e+02 -1.520399608e+02
2915 0 +3.378106828e-05 -1.520399662e+02 -1.520399662e+02
2917 0 +3.065677981e-05 -1.520399693e+02 -1.520399693e+02
2938 0 +2.775893034e-05 -1.520399722e+02 -1.520399722e+02
2941 0 +2.205727046e-05 -1.520399779e+02 -1.520399779e+02
2945 0 +1.938840279e-05 -1.520399806e+02 -1.520399806e+02
2948 0 +1.616523085e-05 -1.520399838e+02 -1.520399838e+02
2951 0 +1.536212864e-05 -1.520399846e+02 -1.520399846e+02
2962 0 +1.199158504e-05 -1.520399880e+02 -1.520399880e+02
3055 0 +1.059221165e-05 -1.520399894e+02 -1.520399894e+02
3058 0 +9.930792714e-06 -1.520399901e+02 -1.520399901e+02
3066 0 +8.493146083e-06 -1.520399915e+02 -1.520399915e+02
3081 0 +7.719597903e-06 -1.520399923e+02 -1.520399923e+02
3088 0 +6.242636829e-06 -1.520399938e+02 -1.520399938e+02
3097 0 +5.313140889e-06 -1.520399947e+02 -1.520399947e+02
3104 0 +4.782653235e-06 -1.520399952e+02 -1.520399952e+02
3112 0 +4.229291505e-06 -1.520399958e+02 -1.520399958e+02
3114 0 +3.744036889e-06 -1.520399963e+02 -1.520399963e+02
3115 0 +3.456549194e-06 -1.520399965e+02 -1.520399965e+02
3117 0 +2.783534313e-06 -1.520399972e+02 -1.520399972e+02
3207 0 +2.474756343e-06 -1.520399975e+02 -1.520399975e+02
3230 0 +2.114158235e-06 -1.520399979e+02 -1.520399979e+02
3233 0 +1.912642830e-06 -1.520399981e+02 -1.520399981e+02
3239 0 +1.679449582e-06 -1.520399983e+02 -1.520399983e+02
3249 0 +1.548833382e-06 -1.520399985e+02 -1.520399985e+02
3254 0 +1.383160793e-06 -1.520399986e+02 -1.520399986e+02
3260 0 +1.140371808e-06 -1.520399989e+02 -1.520399989e+02
3266 0 +1.091404101e-06 -1.520399989e+02 -1.520399989e+02
3276 0 +9.964197432e-07 -1.520399990e+02 -1.520399990e+02
3370 0 +8.800861337e-07 -1.520399991e+02 -1.520399991e+02
3385 0 +7.624113039e-07 -1.520399992e+02 -1.520399992e+02
3396 0 +6.852832541e-07 -1.520399993e+02 -1.520399993e+02
3402 0 +6.115837721e-07 -1.520399994e+02 -1.520399994e+02
3416 0 +5.088491264e-07 -1.520399995e+02 -1.520399995e+02
3417 0 +4.882006976e-07 -1.520399995e+02 -1.520399995e+02
3423 0 +4.417764501e-07 -1.520399996e+02 -1.520399996e+02
3427 0 +3.917003824e-07 -1.520399996e+02 -1.520399996e+02
3429 0 +3.521811038e-07 -1.520399996e+02 -1.520399996e+02
3431 0 +3.114753611e-07 -1.520399997e+02 -1.520399997e+02
3433 0 +2.537428827e-07 -1.520399997e+02 -1.520399997e+02
3435 0 +2.415530105e-07 -1.520399998e+02 -1.520399998e+02
3442 0 +1.783273831e-07 -1.520399998e+02 -1.520399998e+02
3524 0 +1.778035141e-07 -1.520399998e+02 -1.520399998e+02
3531 0 +1.579500122e-07 -1.520399998e+02 -1.520399998e+02
3538 0 +1.338310938e-07 -1.520399999e+02 -1.520399999e+02
3551 0 +1.194705987e-07 -1.520399999e+02 -1.520399999e+02
3557 0 +1.119919091e-07 -1.520399999e+02 -1.520399999e+02
3570 0 +9.183634120e-08 -1.520399999e+02 -1.520399999e+02
3571 0 +8.187706158e-08 -1.520399999e+02 -1.520399999e+02
3573 0 +7.853367379e-08 -1.520399999e+02 -1.520399999e+02
3579 0 +6.843205824e-08 -1.520399999e+02 -1.520399999e+02
3582 0 +6.118818874e-08 -1.520399999e+02 -1.520399999e+02
3588 0 +5.370662848e-08 -1.520399999e+02 -1.520399999e+02
3596 0 +4.488103400e-08 -1.520400000e+02 -1.520400000e+02
3597 0 +3.535674864e-08 -1.520400000e+02 -1.520400000e+02
3694 0 +3.147758321e-08 -1.520400000e+02 -1.520400000e+02
3709 0 +2.763746920e-08 -1.520400000e+02 -1.520400000e+02
3718 0 +2.391652743e-08 -1.520400000e+02 -1.520400000e+02
3734 0 +2.185811354e-08 -1.520400000e+02 -1.520400000e+02
3740 0 +1.944863470e-08 -1.520400000e+02 -1.520400000e+02
3746 0 +1.694962748e-08 -1.520400000e+02 -1.520400000e+02
3750 0 +1.563904561e-08 -1.520400000e+02 -1.520400000e+02
3852 0 +1.351372703e-08 -1.520400000e+02 -1.520400000e+02
3855 0 +1.234053570e-08 -1.520400000e+02 -1.520400000e+02
3862 0 +1.088335466e-08 -1.520400000e+02 -1.520400000e+02
3873 0 +9.862617389e-09 -1.520400000e+02 -1.520400000e+02
4865 0 +9.094947018e-13 -1.520400000e+02 -1.520400000e+02
400000 0 +1.705302566e-13 -1.520400000e+02 -1.520400000e+02
% f evaluations | g evaluations | best noise-free fitness - Fopt (-2.525000000000e+01) + sum g_i+ | measured fitness | best measured fitness or single-digit g-values | x1 | x2...
1 0 +1.331742054e+02 +1.079242054e+02 +1.079242054e+02
5 0 +1.205801842e+02 +9.533018420e+01 +9.533018420e+01
1215 0 +1.099258772e+02 +8.467587720e+01 +8.467587720e+01
1224 0 +9.703371048e+01 +7.178371048e+01 +7.178371048e+01
1232 0 +8.856776594e+01 +6.331776594e+01 +6.331776594e+01
1250 0 +7.575279668e+01 +5.050279668e+01 +5.050279668e+01
1258 0 +6.871337755e+01 +4.346337755e+01 +4.346337755e+01
1263 0 +6.281004628e+01 +3.756004628e+01 +3.756004628e+01
1276 0 +5.487629611e+01 +2.962629611e+01 +2.962629611e+01
1280 0 +4.956695016e+01 +2.431695016e+01 +2.431695016e+01
1284 0 +4.150158521e+01 +1.625158521e+01 +1.625158521e+01
1292 0 +3.660310229e+01 +1.135310229e+01 +1.135310229e+01
1295 0 +3.465338488e+01 +9.403384882e+00 +9.403384882e+00
1304 0 +2.939501589e+01 +4.145015892e+00 +4.145015892e+00
1307 0 +2.725477489e+01 +2.004774886e+00 +2.004774886e+00
1330 0 +2.204443705e+01 -3.205562945e+00 -3.205562945e+00
1343 0 +1.697178854e+01 -8.278211457e+00 -8.278211457e+00
1357 0 +1.344699675e+01 -1.180300325e+01 -1.180300325e+01
1362 0 +1.076080158e+01 -1.448919842e+01 -1.448919842e+01
1364 0 +9.386826507e+00 -1.586317349e+01 -1.586317349e+01
1372 0 +7.795439802e+00 -1.745456020e+01 -1.745456020e+01
1387 0 +7.033482429e+00 -1.821651757e+01 -1.821651757e+01
1410 0 +5.363644833e+00 -1.988635517e+01 -1.988635517e+01
1423 0 +4.196533358e+00 -2.105346664e+01 -2.105346664e+01
1437 0 +3.762697564e+00 -2.148730244e+01 -2.148730244e+01
1442 0 +3.079099747e+00 -2.217090025e+01 -2.217090025e+01
1527 0 +2.792838612e+00 -2.245716139e+01 -2.245716139e+01
1540 0 +2.462205739e+00 -2.278779426e+01 -2.278779426e+01
1548 0 +2.092210418e+00 -2.315778958e+01 -2.315778958e+01
1556 0 +1.908566724e+00 -2.334143328e+01 -2.334143328e+01
1560 0 +1.740631474e+00 -2.350936853e+01 -2.350936853e+01
1574 0 +1.411553973e+00 -2.383844603e+01 -2.383844603e+01
1586 0 +1.173561868e+00 -2.407643813e+01 -2.407643813e+01
1591 0 +1.049893052e+00 -2.420010695e+01 -2.420010695e+01
1593 0 +8.141515349e-01 -2.443584847e+01 -2.443584847e+01
1598 0 +7.807447628e-01 -2.446925524e+01 -2.446925524e+01
1691 0 +6.918161315e-01 -2.455818387e+01 -2.455818387e+01
1699 0 +6.297210176e-01 -2.462027898e+01 -2.462027898e+01
1718 0 +5.314961242e-01 -2.471850388e+01 -2.471850388e+01
1725 0 +4.797219675e-01 -2.477027803e+01 -2.477027803e+01
1728 0 +4.279157767e-01 -2.482208422e+01 -2.482208422e+01
1736 0 +3.615687770e-01 -2.488843122e+01 -2.488843122e+01
1738 0 +3.407449665e-01 -2.490925503e+01 -2.490925503e+01
1740 0 +2.972573263e-01 -2.495274267e+01 -2.495274267e+01
1757 0 +2.456455568e-01 -2.500435444e+01 -2.500435444e+01
1845 0 +2.152550551e-01 -2.503474494e+01 -2.503474494e+01
1853 0 +1.922369939e-01 -2.505776301e+01 -2.505776301e+01
1863 0 +1.760233467e-01 -2.507397665e+01 -2.507397665e+01
1876 0 +1.456310472e-01 -2.510436895e+01 -2.510436895e+01
1880 0 +1.335989550e-01 -2.511640105e+01 -2.511640105e+01
1882 0 +1.253258784e-01 -2.512467412e+01 -2.512467412e+01
1897 0 +1.112764709e-01 -2.513872353e+01 -2.513872353e+01
1902 0 +9.812479336e-02 -2.515187521e+01 -2.515187521e+01
1911 0 +7.640583007e-02 -2.517359417e+01 -2.517359417e+01
1922 0 +6.845495084e-02 -2.518154505e+01 -2.518154505e+01
2007 0 +6.291347359e-02 -2.518708653e+01 -2.518708653e+01
2020 0 +5.367183043e-02 -2.519632817e+01 -2.519632817e+01
2028 0 +4.868616751e-02 -2.520131383e+01 -2.520131383e+01
2033 0 +4.256540794e-02 -2.520743459e+01 -2.520743459e+01
2037 0 +3.932351675e-02 -2.521067648e+01 -2.521067648e+01
2045 0 +3.293694505e-02 -2.521706305e+01 -2.521706305e+01
2052 0 +2.808623539e-02 -2.522191376e+01 -2.522191376e+01
2064 0 +2.425946604e-02 -2.522574053e+01 -2.522574053e+01
2068 0 +2.103101476e-02 -2.522896899e+01 -2.522896899e+01
2069 0 +1.751866287e-02 -2.523248134e+01 -2.523248134e+01
2078 0 +1.572421440e-02 -2.523427579e+01 -2.523427579e+01
2080 0 +1.217669709e-02 -2.523782330e+01 -2.523782330e+01
2169 0 +1.112755696e-02 -2.523887244e+01 -2.523887244e+01
2176 0 +9.823663156e-03 -2.524017634e+01 -2.524017634e+01
2201 0 +8.159209352e-03 -2.524184079e+01 -2.524184079e+01
2207 0 +7.790168034e-03 -2.524220983e+01 -2.524220983e+01
2213 0 +6.739233576e-03 -2.524326077e+01 -2.524326077e+01
2216 0 +5.911108793e-03 -2.524408889e+01 -2.524408889e+01
2217 0 +5.580592884e-03 -2.524441941e+01 -2.524441941e+01
2223 0 +4.741295298e-03 -2.524525870e+01 -2.524525870e+01
2237 0 +3.682858058e-03 -2.524631714e+01 -2.524631714e+01
2242 0 +2.854871813e-03 -2.524714513e+01 -2.524714513e+01
2326 0 +2.793059092e-03 -2.524720694e+01 -2.524720694e+01
2332 0 +2.410871423e-03 -2.524758913e+01 -2.524758913e+01
2341 0 +2.191723526e-03 -2.524780828e+01 -2.524780828e+01
2343 0 +1.949170121e-03 -2.524805083e+01 -2.524805083e+01
2359 0 +1.625463779e-03 -2.524837454e+01 -2.524837454e+01
2368 0 +1.543919430e-03 -2.524845608e+01 -2.524845608e+01
2378 0 +1.398959880e-03 -2.524860104e+01 -2.524860104e+01
2384 0 +1.233506219e-03 -2.524876649e+01 -2.524876649e+01
2385 0 +1.092571279e-03 -2.524890743e+01 -2.524890743e+01
2394 0 +8.813054760e-04 -2.524911869e+01 -2.524911869e+01
2396 0 +7.432819317e-04 -2.524925672e+01 -2.524925672e+01
2490 0 +6.983628320e-04 -2.524930164e+01 -2.524930164e+01
2495 0 +6.230164668e-04 -2.524937698e+01 -2.524937698e+01
2507 0 +5.581414483e-04 -2.524944186e+01 -2.524944186e+01
2511 0 +4.941696428e-04 -2.524950583e+01 -2.524950583e+01
2518 0 +4.421248823e-04 -2.524955788e+01 -2.524955788e+01
2523 0 +3.918141230e-04 -2.524960819e+01 -2.524960819e+01
2530 0 +3.324337030e-04 -2.524966757e+01 -2.524966757e+01
2537 0 +3.009605652e-04 -2.524969904e+01 -2.524969904e+01
2539 0 +2.543176356e-04 -2.524974568e+01 -2.524974568e+01
2542 0 +2.268252650e-04 -2.524977317e+01 -2.524977317e+01
2543 0 +2.148156238e-04 -2.524978518e+01 -2.524978518e+01
2547 0 +1.905710857e-04 -2.524980943e+01 -2.524980943e+01
2656 0 +1.724949831e-04 -2.524982751e+01 -2.524982751e+01
2677 0 +1.563068076e-04 -2.524984369e+01 -2.524984369e+01
2693 0 +1.333222612e-04 -2.524986668e+01 -2.524986668e+01
2698 0 +1.253662948e-04 -2.524987463e+01 -2.524987463e+01
2706 0 +1.039580094e-04 -2.524989604e+01 -2.524989604e+01
2710 0 +9.114458624e-05 -2.524990886e+01 -2.524990886e+01
2715 0 +7.981465644e-05 -2.524992019e+01 -2.524992019e+01
2718 0 +7.856053936e-05 -2.524992144e+01 -2.524992144e+01
2721 0 +6.764933538e-05 -2.524993235e+01 -2.524993235e+01
2805 0 +6.224716412e-05 -2.524993775e+01 -2.524993775e+01
2825 0 +5.314819572e-05 -2.524994685e+01 -2.524994685e+01
2834 0 +4.797407519e-05 -2.524995203e+01 -2.524995203e+01
2835 0 +4.442367367e-05 -2.524995558e+01 -2.524995558e+01
2842 0 +3.854533439e-05 -2.524996145e+01 -2.524996145e+01
2848 0 +3.487285748e-05 -2.524996513e+01 -2.524996513e+01
2852 0 +2.959628046e-05 -2.524997040e+01 -2.524997040e+01
2856 0 +2.749394874e-05 -2.524997251e+01 -2.524997251e+01
2862 0 +2.288151973e-05 -2.524997712e+01 -2.524997712e+01
2867 0 +2.064003654e-05 -2.524997936e+01 -2.524997936e+01
2872 0 +1.862562804e-05 -2.524998137e+01 -2.524998137e+01
2877 0 +1.510370132e-05 -2.524998490e+01 -2.524998490e+01
2882 0 +1.292000066e-05 -2.524998708e+01 -2.524998708e+01
2967 0 +1.227657329e-05 -2.524998772e+01 -2.524998772e+01
2975 0 +1.051296849e-05 -2.524998949e+01 -2.524998949e+01
2982 0 +9.762146679e-06 -2.524999024e+01 -2.524999024e+01
3004 0 +8.575621589e-06 -2.524999142e+01 -2.524999142e+01
3005 0 +7.700828270e-06 -2.524999230e+01 -2.524999230e+01
3020 0 +6.381475778e-06 -2.524999362e+01 -2.524999362e+01
3023 0 +5.835183451e-06 -2.524999416e+01 -2.524999416e+01
3025 0 +5.620965126e-06 -2.524999438e+01 -2.524999438e+01
3034 0 +4.380252502e-06 -2.524999562e+01 -2.524999562e+01
3039 0 +3.438097419e-06 -2.524999656e+01 -2.524999656e+01
3138 0 +3.060965611e-06 -2.524999694e+01 -2.524999694e+01
3147 0 +2.757985616e-06 -2.524999724e+01 -2.524999724e+01
3152 0 +2.459115713e-06 -2.524999754e+01 -2.524999754e+01
3158 0 +2.229821547e-06 -2.524999777e+01 -2.524999777e+01
3171 0 +1.982081269e-06 -2.524999802e+01 -2.524999802e+01
3175 0 +1.697706313e-06 -2.524999830e+01 -2.524999830e+01
3177 0 +1.546687596e-06 -2.524999845e+01 -2.524999845e+01
3188 0 +1.259254727e-06 -2.524999874e+01 -2.524999874e+01
3190 0 +1.245759901e-06 -2.524999875e+01 -2.524999875e+01
3191 0 +1.033177401e-06 -2.524999897e+01 -2.524999897e+01
3195 0 +8.105772160e-07 -2.524999919e+01 -2.524999919e+01
3201 0 +6.178108585e-07 -2.524999938e+01 -2.524999938e+01
3292 0 +5.179505429e-07 -2.524999948e+01 -2.524999948e+01
3301 0 +4.956416184e-07 -2.524999950e+01 -2.524999950e+01
3314 0 +4.370275093e-07 -2.524999956e+01 -2.524999956e+01
3320 0 +3.918938347e-07 -2.524999961e+01 -2.524999961e+01
3324 0 +3.372062380e-07 -2.524999966e+01 -2.524999966e+01
3334 0 +3.115085292e-07 -2.524999969e+01 -2.524999969e+01
3341 0 +2.754143331e-07 -2.524999972e+01 -2.524999972e+01
3344 0 +2.329412574e-07 -2.524999977e+01 -2.524999977e+01
3349 0 +1.800066194e-07 -2.524999982e+01 -2.524999982e+01
3358 0 +1.613063532e-07 -2.524999984e+01 -2.524999984e+01
3462 0 +1.568960784e-07 -2.524999984e+01 -2.524999984e+01
3468 0 +1.313898359e-07 -2.524999987e+01 -2.524999987e+01
3469 0 +1.199152955e-07 -2.524999988e+01 -2.524999988e+01
3482 0 +1.074978329e-07 -2.524999989e+01 -2.524999989e+01
3490 0 +9.902846188e-08 -2.524999990e+01 -2.524999990e+01
3498 0 +8.349880076e-08 -2.524999992e+01 -2.524999992e+01
3505 0 +7.164202032e-08 -2.524999993e+01 -2.524999993e+01
3507 0 +6.583394097e-08 -2.524999993e+01 -2.524999993e+01
3513 0 +6.017108234e-08 -2.524999994e+01 -2.524999994e+01
3517 0 +5.460070085e-08 -2.524999995e+01 -2.524999995e+01
3616 0 +4.923233732e-08 -2.524999995e+01 -2.524999995e+01
3620 0 +4.247079843e-08 -2.524999996e+01 -2.524999996e+01
3624 0 +3.691523176e-08 -2.524999996e+01 -2.524999996e+01
3632 0 +3.485063615e-08 -2.524999997e+01 -2.524999997e+01
3643 0 +3.054423914e-08 -2.524999997e+01 -2.524999997e+01
3652 0 +2.813499123e-08 -2.524999997e+01 -2.524999997e+01
3659 0 +2.304716062e-08 -2.524999998e+01 -2.524999998e+01
3662 0 +2.088032502e-08 -2.524999998e+01 -2.524999998e+01
3668 0 +1.948212258e-08 -2.524999998e+01 -2.524999998e+01
3678 0 +1.763848445e-08 -2.524999998e+01 -2.524999998e+01
3682 0 +1.562338170e-08 -2.524999998e+01 -2.524999998e+01
3770 0 +1.410773010e-08 -2.524999999e+01 -2.524999999e+01
3797 0 +1.233294711e-08 -2.524999999e+01 -2.524999999e+01
3802 0 +1.058476329e-08 -2.524999999e+01 -2.524999999e+01
3808 0 +9.555044755e-09 -2.524999999e+01 -2.524999999e+01
4790 0 +9.237055565e-13 -2.525000000e+01 -2.525000000e+01
400000 0 +3.197442311e-14 -2.525000000e+01 -2.525000000e+01
% f evaluations | g evaluations | best noise-free fitness - Fopt (-2.365000000000e+01) + sum g_i+ | measured fitness | best measured fitness or single-digit g-values | x1 | x2...
1 0 +2.322845107e+02 +2.086345107e+02 +2.086345107e+02
11 0 +2.302393316e+02 +2.065893316e+02 +2.065893316e+02
23 0 +2.175160502e+02 +1.938660502e+02 +1.938660502e+02
1219 0 +1.990972014e+02 +1.754472014e+02 +1.754472014e+02
1236 0 +1.772395661e+02 +1.535895661e+02 +1.535895661e+02
1244 0 +1.579352398e+02 +1.342852398e+02 +1.342852398e+02
1250 0 +1.395972912e+02 +1.159472912e+02 +1.159472912e+02
1257 0 +1.254764784e+02 +1.018264784e+02 +1.018264784e+02
1270 0 +1.090178472e+02 +8.536784719e+01 +8.536784719e+01
1275 0 +9.970175116e+01 +7.605175116e+01 +7.605175116e+01
1291 0 +8.828355509e+01 +6.463355509e+01 +6.463355509e+01
1307 0 +7.879823358e+01 +5.514823358e+01 +5.514823358e+01
1317 0 +6.835410055e+01 +4.470410055e+01 +4.470410055e+01
1324 0 +6.117768732e+01 +3.752768732e+01 +3.752768732e+01
1327 0 +5.314597186e+01 +2.949597186e+01 +2.949597186e+01
1330 0 +4.884753081e+01 +2.519753081e+01 +2.519753081e+01
1337 0 +4.073450999e+01 +1.708450999e+01 +1.708450999e+01
1342 0 +3.884242997e+01 +1.519242997e+01 +1.519242997e+01
1346 0 +3.453473030e+01 +1.088473030e+01 +1.088473030e+01
1353 0 +3.094429593e+01 +7.294295930e+00 +7.294295930e+00
1370 0 +2.702216261e+01 +3.372162611e+00 +3.372162611e+00
1371 0 +2.480957293e+01 +1.159572928e+00 +1.159572928e+00
1393 0 +2.199988718e+01 -1.650112819e+00 -1.650112819e+00
1397 0 +1.854173513e+01 -5.108264869e+00 -5.108264869e+00
1402 0 +1.765805316e+01 -5.991946843e+00 -5.991946843e+00
1405 0 +1.487553940e+01 -8.774460602e+00 -8.774460602e+00
1407 0 +1.334659320e+01 -1.030340680e+01 -1.030340680e+01
1410 0 +1.105074951e+01 -1.259925049e+01 -1.259925049e+01
1417 0 +8.093722541e+00 -1.555627746e+01 -1.555627746e+01
1426 0 +5.909951553e+00 -1.774004845e+01 -1.774004845e+01
1451 0 +5.585699586e+00 -1.806430041e+01 -1.806430041e+01
1485 0 +4.978393409e+00 -1.867160659e+01 -1.867160659e+01
1497 0 +4.382294503e+00 -1.926770550e+01 -1.926770550e+01
1609 0 +3.865996228e+00 -1.978400377e+01 -1.978400377e+01
1625 0 +3.472680544e+00 -2.017731946e+01 -2.017731946e+01
1629 0 +3.081203771e+00 -2.056879623e+01 -2.056879623e+01
1639 0 +2.637409704e+00 -2.101259030e+01 -2.101259030e+01
1649 0 +2.409517976e+00 -2.124048202e+01 -2.124048202e+01
1654 0 +2.177129506e+00 -2.147287049e+01 -2.147287049e+01
1662 0 +1.883165118e+00 -2.176683488e+01 -2.176683488e+01
1664 0 +1.693506112e+00 -2.195649389e+01 -2.195649389e+01
1665 0 +1.533768260e+00 -2.211623174e+01 -2.211623174e+01
1672 0 +1.383943014e+00 -2.226605699e+01 -2.226605699e+01
1673 0 +1.160058316e+00 -2.248994168e+01 -2.248994168e+01
1675 0 +1.061855148e+00 -2.258814485e+01 -2.258814485e+01
1677 0 +8.649914679e-01 -2.278500853e+01 -2.278500853e+01
1680 0 +7.888552321e-01 -2.286114477e+01 -2.286114477e+01
1777 0 +6.904657348e-01 -2.295953427e+01 -2.295953427e+01
1781 0 +6.154868270e-01 -2.303451317e+01 -2.303451317e+01
1792 0 +5.569413986e-01 -2.309305860e+01 -2.309305860e+01
1805 0 +4.642240379e-01 -2.318577596e+01 -2.318577596e+01
1808 0 +4.083924167e-01 -2.324160758e+01 -2.324160758e+01
1810 0 +3.976619996e-01 -2.325233800e+01 -2.325233800e+01
1820 0 +3.238735621e-01 -2.332612644e+01 -2.332612644e+01
1828 0 +3.076035782e-01 -2.334239642e+01 -2.334239642e+01
1829 0 +2.797146474e-01 -2.337028535e+01 -2.337028535e+01
1836 0 +2.438742833e-01 -2.340612572e+01 -2.340612572e+01
1839 0 +2.193612339e-01 -2.343063877e+01 -2.343063877e+01
1842 0 +1.962868358e-01 -2.345371316e+01 -2.345371316e+01
1931 0 +1.742296581e-01 -2.347577034e+01 -2.347577034e+01
1943 0 +1.560695807e-01 -2.349393042e+01 -2.349393042e+01
1961 0 +1.389339008e-01 -2.351106610e+01 -2.351106610e+01
1969 0 +1.173353426e-01 -2.353266466e+01 -2.353266466e+01
1975 0 +1.110724040e-01 -2.353892760e+01 -2.353892760e+01
1986 0 +9.499168713e-02 -2.355500831e+01 -2.355500831e+01
1987 0 +8.748138729e-02 -2.356251861e+01 -2.356251861e+01
1995 0 +7.241015928e-02 -2.357758984e+01 -2.357758984e+01
2000 0 +6.902139216e-02 -2.358097861e+01 -2.358097861e+01
2084 0 +6.230153169e-02 -2.358769847e+01 -2.358769847e+01
2090 0 +5.516987859e-02 -2.359483012e+01 -2.359483012e+01
2097 0 +4.984885550e-02 -2.360015114e+01 -2.360015114e+01
2105 0 +4.465735429e-02 -2.360534265e+01 -2.360534265e+01
2117 0 +3.960499756e-02 -2.361039500e+01 -2.361039500e+01
2131 0 +3.453013249e-02 -2.361546987e+01 -2.361546987e+01
2139 0 +2.944698180e-02 -2.362055302e+01 -2.362055302e+01
2141 0 +2.645097155e-02 -2.362354903e+01 -2.362354903e+01
2143 0 +2.277908665e-02 -2.362722091e+01 -2.362722091e+01
2145 0 +2.236846999e-02 -2.362763153e+01 -2.362763153e+01
2149 0 +1.915138722e-02 -2.363084861e+01 -2.363084861e+01
2151 0 +1.747251497e-02 -2.363252749e+01 -2.363252749e+01
2158 0 +1.470121429e-02 -2.363529879e+01 -2.363529879e+01
2159 0 +1.248427490e-02 -2.363751573e+01 -2.363751573e+01
2162 0 +1.062699834e-02 -2.363937300e+01 -2.363937300e+01
2262 0 +9.475273314e-03 -2.364052473e+01 -2.364052473e+01
2267 0 +8.562089182e-03 -2.364143791e+01 -2.364143791e+01
2293 0 +7.837527829e-03 -2.364216247e+01 -2.364216247e+01
2306 0 +6.401339283e-03 -2.364359866e+01 -2.364359866e+01
2307 0 +5.501595062e-03 -2.364449840e+01 -2.364449840e+01
2314 0 +4.688533012e-03 -2.364531147e+01 -2.364531147e+01
2316 0 +3.981415835e-03 -2.364601858e+01 -2.364601858e+01
2321 0 +3.932223373e-03 -2.364606778e+01 -2.364606778e+01
2411 0 +3.539221870e-03 -2.364646078e+01 -2.364646078e+01
2426 0 +3.162123095e-03 -2.364683788e+01 -2.364683788e+01
2431 0 +2.780706151e-03 -2.364721929e+01 -2.364721929e+01
2436 0 +2.455075187e-03 -2.364754492e+01 -2.364754492e+01
2441 0 +2.212766415e-03 -2.364778723e+01 -2.364778723e+01
2447 0 +1.842856519e-03 -2.364815714e+01 -2.364815714e+01
2452 0 +1.644308829e-03 -2.364835569e+01 -2.364835569e+01
2454 0 +1.471441998e-03 -2.364852856e+01 -2.364852856e+01
2455 0 +1.313315755e-03 -2.364868668e+01 -2.364868668e+01
2471 0 +1.100223183e-03 -2.364889978e+01 -2.364889978e+01
2480 0 +8.805370935e-04 -2.364911946e+01 -2.364911946e+01
2482 0 +6.606756397e-04 -2.364933932e+01 -2.364933932e+01
2569 0 +6.157138805e-04 -2.364938429e+01 -2.364938429e+01
2580 0 +5.437856262e-04 -2.364945621e+01 -2.364945621e+01
2598 0 +4.869496529e-04 -2.364951305e+01 -2.364951305e+01
2610 0 +4.271838703e-04 -2.364957282e+01 -2.364957282e+01
2619 0 +3.675588171e-04 -2.364963244e+01 -2.364963244e+01
2622 0 +3.142591506e-04 -2.364968574e+01 -2.364968574e+01
2630 0 +2.690719192e-04 -2.364973093e+01 -2.364973093e+01
2635 0 +2.478315453e-04 -2.364975217e+01 -2.364975217e+01
2638 0 +2.069910662e-04 -2.364979301e+01 -2.364979301e+01
2730 0 +1.989147352e-04 -2.364980109e+01 -2.364980109e+01
2743 0 +1.705212119e-04 -2.364982948e+01 -2.364982948e+01
2746 0 +1.555601473e-04 -2.364984444e+01 -2.364984444e+01
2754 0 +1.354742834e-04 -2.364986453e+01 -2.364986453e+01
2769 0 +1.256235503e-04 -2.364987438e+01 -2.364987438e+01
2773 0 +1.111250526e-04 -2.364988887e+01 -2.364988887e+01
2777 0 +9.825555673e-05 -2.364990174e+01 -2.364990174e+01
2785 0 +8.787062069e-05 -2.364991213e+01 -2.364991213e+01
2794 0 +7.790949611e-05 -2.364992209e+01 -2.364992209e+01
2796 0 +6.591287548e-05 -2.364993409e+01 -2.364993409e+01
2888 0 +6.289275338e-05 -2.364993711e+01 -2.364993711e+01
2898 0 +5.388200358e-05 -2.364994612e+01 -2.364994612e+01
2915 0 +4.987848286e-05 -2.364995012e+01 -2.364995012e+01
2922 0 +4.110781821e-05 -2.364995889e+01 -2.364995889e+01
2924 0 +3.843537753e-05 -2.364996156e+01 -2.364996156e+01
2927 0 +3.497945353e-05 -2.364996502e+01 -2.364996502e+01
2930 0 +3.136074768e-05 -2.364996864e+01 -2.364996864e+01
2935 0 +2.818312662e-05 -2.364997182e+01 -2.364997182e+01
2944 0 +2.307393465e-05 -2.364997693e+01 -2.364997693e+01
2948 0 +2.201317857e-05 -2.364997799e+01 -2.364997799e+01
2951 0 +1.904174189e-05 -2.364998096e+01 -2.364998096e+01
2960 0 +1.449888862e-05 -2.364998550e+01 -2.364998550e+01
3047 0 +1.357349177e-05 -2.364998643e+01 -2.364998643e+01
3061 0 +1.192468473e-05 -2.364998808e+01 -2.364998808e+01
3064 0 +1.109754664e-05 -2.364998890e+01 -2.364998890e+01
3070 0 +9.860527634e-06 -2.364999014e+01 -2.364999014e+01
3076 0 +8.615288440e-06 -2.364999138e+01 -2.364999138e+01
3086 0 +7.731946088e-06 -2.364999227e+01 -2.364999227e+01
3097 0 +6.424397789e-06 -2.364999358e+01 -2.364999358e+01
3099 0 +5.924171433e-06 -2.364999408e+01 -2.364999408e+01
3107 0 +5.209200662e-06 -2.364999479e+01 -2.364999479e+01
3110 0 +4.335360902e-06 -2.364999566e+01 -2.364999566e+01
3113 0 +3.455723160e-06 -2.364999654e+01 -2.364999654e+01
3118 0 +3.125227426e-06 -2.364999687e+01 -2.364999687e+01
3121 0 +2.542875823e-06 -2.364999746e+01 -2.364999746e+01
3204 0 +2.430338593e-06 -2.364999757e+01 -2.364999757e+01
3211 0 +2.142256477e-06 -2.364999786e+01 -2.364999786e+01
3220 0 +1.875165839e-06 -2.364999812e+01 -2.364999812e+01
3237 0 +1.653308225e-06 -2.364999835e+01 -2.364999835e+01
3252 0 +1.419060023e-06 -2.364999858e+01 -2.364999858e+01
3253 0 +1.330399723e-06 -2.364999867e+01 -2.364999867e+01
3262 0 +1.102637263e-06 -2.364999890e+01 -2.364999890e+01
3265 0 +9.981612976e-07 -2.364999900e+01 -2.364999900e+01
3275 0 +7.863186191e-07 -2.364999921e+01 -2.364999921e+01
3368 0 +6.986324088e-07 -2.364999930e+01 -2.364999930e+01
3390 0 +6.181834067e-07 -2.364999938e+01 -2.364999938e+01
3393 0 +5.605447591e-07 -2.364999944e+01 -2.364999944e+01
3408 0 +4.746375346e-07 -2.364999953e+01 -2.364999953e+01
3415 0 +4.355272161e-07 -2.364999956e+01 -2.364999956e+01
3420 0 +3.740908312e-07 -2.364999963e+01 -2.364999963e+01
3427 0 +3.201951166e-07 -2.364999968e+01 -2.364999968e+01
3431 0 +2.674440580e-07 -2.364999973e+01 -2.364999973e+01
3438 0 +2.445021785e-07 -2.364999976e+01 -2.364999976e+01
3442 0 +2.050219443e-07 -2.364999979e+01 -2.364999979e+01
3524 0 +1.918081480e-07 -2.364999981e+01 -2.364999981e+01
3529 0 +1.755346908e-07 -2.364999982e+01 -2.364999982e+01
3537 0 +1.521658675e-07 -2.364999985e+01 -2.364999985e+01
3556 0 +1.394658362e-07 -2.364999986e+01 -2.364999986e+01
3565 0 +1.202199584e-07 -2.364999988e+01 -2.364999988e+01
3576 0 +1.099340921e-07 -2.364999989e+01 -2.364999989e+01
3577 0 +9.873699014e-08 -2.364999990e+01 -2.364999990e+01
3585 0 +8.753850977e-08 -2.364999991e+01 -2.364999991e+01
3600 0 +7.029784399e-08 -2.364999993e+01 -2.364999993e+01
3696 0 +6.000377795e-08 -2.364999994e+01 -2.364999994e+01
3701 0 +5.461552632e-08 -2.364999995e+01 -2.364999995e+01
3708 0 +4.701094269e-08 -2.364999995e+01 -2.364999995e+01
3712 0 +4.170865964e-08 -2.364999996e+01 -2.364999996e+01
3713 0 +3.849768859e-08 -2.364999996e+01 -2.364999996e+01
3718 0 +3.431146922e-08 -2.364999997e+01 -2.364999997e+01
3723 0 +3.150572425e-08 -2.364999997e+01 -2.364999997e+01
3729 0 +2.610445549e-08 -2.364999997e+01 -2.364999997e+01
3731 0 +2.326527593e-08 -2.364999998e+01 -2.364999998e+01
3735 0 +2.094795093e-08 -2.364999998e+01 -2.364999998e+01
3743 0 +1.977610253e-08 -2.364999998e+01 -2.364999998e+01
3754 0 +1.746460043e-08 -2.364999998e+01 -2.364999998e+01
3755 0 +1.467525834e-08 -2.364999999e+01 -2.364999999e+01
3758 0 +1.266991490e-08 -2.364999999e+01 -2.364999999e+01
3761 0 +9.844093540e-09 -2.364999999e+01 -2.364999999e+01
4868 0 +9.521272659e-13 -2.365000000e+01 -2.365000000e+01
400000 0 +2.842170943e-14 -2.365000000e+01 -2.365000000e+01
% f evaluations | g evaluations | best noise-free fitness - Fopt (1.000000000000e+03) + sum g_i+ | measured fitness | best measured fitness or single-digit g-values | x1 | x2...
1 0 +2.427258970e+02 +1.242725897e+03 +1.242725897e+03
5 0 +2.315658809e+02 +1.231565881e+03 +1.231565881e+03
7 0 +2.174835772e+02 +1.217483577e+03 +1.217483577e+03
1222 0 +1.969015340e+02 +1.196901534e+03 +1.196901534e+03
1231 0 +1.771239497e+02 +1.177123950e+03 +1.177123950e+03
1241 0 +1.582365430e+02 +1.158236543e+03 +1.158236543e+03
1251 0 +1.410350299e+02 +1.141035030e+03 +1.141035030e+03
1265 0 +1.224556721e+02 +1.122455672e+03 +1.122455672e+03
1273 0 +1.084901600e+02 +1.108490160e+03 +1.108490160e+03
1284 0 +9.647826255e+01 +1.096478263e+03 +1.096478263e+03
1296 0 +8.495057400e+01 +1.084950574e+03 +1.084950574e+03
1300 0 +7.906392064e+01 +1.079063921e+03 +1.079063921e+03
1309 0 +6.874696488e+01 +1.068746965e+03 +1.068746965e+03
1313 0 +6.143731783e+01 +1.061437318e+03 +1.061437318e+03
1321 0 +5.606687614e+01 +1.056066876e+03 +1.056066876e+03
1331 0 +4.743866850e+01 +1.047438668e+03 +1.047438668e+03
1343 0 +4.384343101e+01 +1.043843431e+03 +1.043843431e+03
1345 0 +3.978354472e+01 +1.039783545e+03 +1.039783545e+03
1353 0 +3.182582464e+01 +1.031825825e+03 +1.031825825e+03
1358 0 +2.874577397e+01 +1.028745774e+03 +1.028745774e+03
1364 0 +2.700869276e+01 +1.027008693e+03 +1.027008693e+03
1376 0 +2.266681306e+01 +1.022666813e+03 +1.022666813e+03
1377 0 +2.073247448e+01 +1.020732474e+03 +1.020732474e+03
1382 0 +1.916990647e+01 +1.019169906e+03 +1.019169906e+03
1389 0 +1.685805239e+01 +1.016858052e+03 +1.016858052e+03
1391 0 +1.584784270e+01 +1.015847843e+03 +1.015847843e+03
1393 0 +1.355360004e+01 +1.013553600e+03 +1.013553600e+03
1401 0 +1.246658617e+01 +1.012466586e+03 +1.012466586e+03
1411 0 +1.020601099e+01 +1.010206011e+03 +1.010206011e+03
1423 0 +9.770574162e+00 +1.009770574e+03 +1.009770574e+03
1425 0 +7.713285223e+00 +1.007713285e+03 +1.007713285e+03
1433 0 +5.286202034e+00 +1.005286202e+03 +1.005286202e+03
1438 0 +4.208748721e+00 +1.004208749e+03 +1.004208749e+03
1456 0 +3.664139323e+00 +1.003664139e+03 +1.003664139e+03
1469 0 +3.354882599e+00 +1.003354883e+03 +1.003354883e+03
1473 0 +3.063237300e+00 +1.003063237e+03 +1.003063237e+03
1611 0 +2.668846424e+00 +1.002668846e+03 +1.002668846e+03
1617 0 +2.452651137e+00 +1.002452651e+03 +1.002452651e+03
1620 0 +2.228766438e+00 +1.002228766e+03 +1.002228766e+03
1639 0 +1.887049999e+00 +1.001887050e+03 +1.001887050e+03
1655 0 +1.776404531e+00 +1.001776405e+03 +1.001776405e+03
1666 0 +1.385943317e+00 +1.001385943e+03 +1.001385943e+03
1673 0 +1.221406783e+00 +1.001221407e+03 +1.001221407e+03
1675 0 +1.087482187e+00 +1.001087482e+03 +1.001087482e+03
1679 0 +8.917666343e-01 +1.000891767e+03 +1.000891767e+03
1763 0 +8.879687677e-01 +1.000887969e+03 +1.000887969e+03
1775 0 +7.714166158e-01 +1.000771417e+03 +1.000771417e+03
1784 0 +6.882587108e-01 +1.000688259e+03 +1.000688259e+03
1798 0 +5.978114466e-01 +1.000597811e+03 +1.000597811e+03
1801 0 +5.345498045e-01 +1.000534550e+03 +1.000534550e+03
1807 0 +4.732997693e-01 +1.000473300e+03 +1.000473300e+03
1809 0 +4.262852773e-01 +1.000426285e+03 +1.000426285e+03
1819 0 +3.639637080e-01 +1.000363964e+03 +1.000363964e+03
1823 0 +3.176856671e-01 +1.000317686e+03 +1.000317686e+03
1828 0 +2.609780414e-01 +1.000260978e+03 +1.000260978e+03
1829 0 +2.281236076e-01 +1.000228124e+03 +1.000228124e+03
1842 0 +2.151208774e-01 +1.000215121e+03 +1.000215121e+03
1929 0 +1.949300447e-01 +1.000194930e+03 +1.000194930e+03
1946 0 +1.732834353e-01 +1.000173283e+03 +1.000173283e+03
1954 0 +1.541433259e-01 +1.000154143e+03 +1.000154143e+03
1959 0 +1.315772610e-01 +1.000131577e+03 +1.000131577e+03
1971 0 +1.192018000e-01 +1.000119202e+03 +1.000119202e+03
1975 0 +1.041651833e-01 +1.000104165e+03 +1.000104165e+03
1977 0 +9.094832922e-02 +1.000090948e+03 +1.000090948e+03
1982 0 +8.710554280e-02 +1.000087106e+03 +1.000087106e+03
1992 0 +7.239056924e-02 +1.000072391e+03 +1.000072391e+03
1994 0 +6.365205648e-02 +1.000063652e+03 +1.000063652e+03
1996 0 +5.019732998e-02 +1.000050197e+03 +1.000050197e+03
2001 0 +4.012308499e-02 +1.000040123e+03 +1.000040123e+03
2090 0 +3.943399911e-02 +1.000039434e+03 +1.000039434e+03
2107 0 +3.255734725e-02 +1.000032557e+03 +1.000032557e+03
2117 0 +2.953731140e-02 +1.000029537e+03 +1.000029537e+03
2123 0 +2.627111754e-02 +1.000026271e+03 +1.000026271e+03
2141 0 +2.345429442e-02 +1.000023454e+03 +1.000023454e+03
2150 0 +1.976947536e-02 +1.000019769e+03 +1.000019769e+03
2160 0 +1.600631691e-02 +1.000016006e+03 +1.000016006e+03
2246 0 +1.573333624e-02 +1.000015733e+03 +1.000015733e+03
2256 0 +1.391995931e-02 +1.000013920e+03 +1.000013920e+03
2259 0 +1.244488604e-02 +1.000012445e+03 +1.000012445e+03
2265 0 +1.090642264e-02 +1.000010906e+03 +1.000010906e+03
2273 0 +9.729187735e-03 +1.000009729e+03 +1.000009729e+03
2290 0 +8.028671338e-03 +1.000008029e+03 +1.000008029e+03
2292 0 +7.866479801e-03 +1.000007866e+03 +1.000007866e+03
2296 0 +6.585542928e-03 +1.000006586e+03 +1.000006586e+03
2300 0 +5.836540364e-03 +1.000005837e+03 +1.000005837e+03
2303 0 +4.940938948e-03 +1.000004941e+03 +1.000004941e+03
2305 0 +4.209657639e-03 +1.000004210e+03 +1.000004210e+03
2313 0 +3.460793614e-03 +1.000003461e+03 +1.000003461e+03
2317 0 +2.907133784e-03 +1.000002907e+03 +1.000002907e+03
2322 0 +2.492202814e-03 +1.000002492e+03 +1.000002492e+03
2413 0 +2.210646835e-03 +1.000002211e+03 +1.000002211e+03
2436 0 +1.964419549e-03 +1.000001964e+03 +1.000001964e+03
2440 0 +1.772807864e-03 +1.000001773e+03 +1.000001773e+03
2445 0 +1.579944429e-03 +1.000001580e+03 +1.000001580e+03
2458 0 +1.357485481e-03 +1.000001357e+03 +1.000001357e+03
2462 0 +1.121594863e-03 +1.000001122e+03 +1.000001122e+03
2467 0 +9.989561950e-04 +1.000000999e+03 +1.000000999e+03
2563 0 +8.703632107e-04 +1.000000870e+03 +1.000000870e+03
2570 0 +7.833090056e-04 +1.000000783e+03 +1.000000783e+03
2583 0 +6.862095016e-04 +1.000000686e+03 +1.000000686e+03
2595 0 +6.109222344e-04 +1.000000611e+03 +1.000000611e+03
2598 0 +5.606257671e-04 +1.000000561e+03 +1.000000561e+03
2613 0 +4.596280922e-04 +1.000000460e+03 +1.000000460e+03
2617 0 +4.238571288e-04 +1.000000424e+03 +1.000000424e+03
2636 0 +3.769012617e-04 +1.000000377e+03 +1.000000377e+03
2638 0 +3.319729556e-04 +1.000000332e+03 +1.000000332e+03
2640 0 +2.731929825e-04 +1.000000273e+03 +1.000000273e+03
2642 0 +2.305746611e-04 +1.000000231e+03 +1.000000231e+03
2725 0 +2.188614292e-04 +1.000000219e+03 +1.000000219e+03
2738 0 +1.947199383e-04 +1.000000195e+03 +1.000000195e+03
2752 0 +1.744054871e-04 +1.000000174e+03 +1.000000174e+03
2761 0 +1.547434346e-04 +1.000000155e+03 +1.000000155e+03
2772 0 +1.387125168e-04 +1.000000139e+03 +1.000000139e+03
2776 0 +1.255364405e-04 +1.000000126e+03 +1.000000126e+03
2785 0 +9.719438663e-05 +1.000000097e+03 +1.000000097e+03
2788 0 +8.201823778e-05 +1.000000082e+03 +1.000000082e+03
2789 0 +7.286168409e-05 +1.000000073e+03 +1.000000073e+03
2791 0 +5.906784361e-05 +1.000000059e+03 +1.000000059e+03
2794 0 +4.572560965e-05 +1.000000046e+03 +1.000000046e+03
2890 0 +4.328993259e-05 +1.000000043e+03 +1.000000043e+03
2904 0 +3.954988608e-05 +1.000000040e+03 +1.000000040e+03
2908 0 +3.426846467e-05 +1.000000034e+03 +1.000000034e+03
2910 0 +3.096094258e-05 +1.000000031e+03 +1.000000031e+03
2919 0 +2.608391094e-05 +1.000000026e+03 +1.000000026e+03
2924 0 +2.502188340e-05 +1.000000025e+03 +1.000000025e+03
2927 0 +2.230937196e-05 +1.000000022e+03 +1.000000022e+03
2938 0 +1.652277012e-05 +1.000000017e+03 +1.000000017e+03
2944 0 +1.520308876e-05 +1.000000015e+03 +1.000000015e+03
3052 0 +1.353940866e-05 +1.000000014e+03 +1.000000014e+03
3058 0 +1.233815817e-05 +1.000000012e+03 +1.000000012e+03
3062 0 +1.050898913e-05 +1.000000011e+03 +1.000000011e+03
3063 0 +9.713898862e-06 +1.000000010e+03 +1.000000010e+03
3074 0 +8.896877034e-06 +1.000000009e+03 +1.000000009e+03
3082 0 +7.620850511e-06 +1.000000008e+03 +1.000000008e+03
3086 0 +7.068551895e-06 +1.000000007e+03 +1.000000007e+03
3093 0 +5.843117833e-06 +1.000000006e+03 +1.000000006e+03
3103 0 +5.548045692e-06 +1.000000006e+03 +1.000000006e+03
3110 0 +4.972445595e-06 +1.000000005e+03 +1.000000005e+03
3115 0 +4.092172162e-06 +1.000000004e+03 +1.000000004e+03
3118 0 +3.250698114e-06 +1.000000003e+03 +1.000000003e+03
3122 0 +2.697972036e-06 +1.000000003e+03 +1.000000003e+03
3206 0 +2.491028681e-06 +1.000000002e+03 +1.000000002e+03
3209 0 +2.234224212e-06 +1.000000002e+03 +1.000000002e+03
3216 0 +1.993076580e-06 +1.000000002e+03 +1.000000002e+03
3232 0 +1.625940627e-06 +1.000000002e+03 +1.000000002e+03
3235 0 +1.464854904e-06 +1.000000001e+03 +1.000000001e+03
3240 0 +1.405132480e-06 +1.000000001e+03 +1.000000001e+03
3245 0 +1.203825377e-06 +1.000000001e+03 +1.000000001e+03
3251 0 +1.085914846e-06 +1.000000001e+03 +1.000000001e+03
3264 0 +9.361592674e-07 +1.000000001e+03 +1.000000001e+03
3364 0 +8.817258959e-07 +1.000000001e+03 +1.000000001e+03
3385 0 +7.820998462e-07 +1.000000001e+03 +1.000000001e+03
3399 0 +6.864852367e-07 +1.000000001e+03 +1.000000001e+03
3408 0 +5.935819445e-07 +1.000000001e+03 +1.000000001e+03
3414 0 +5.102311889e-07 +1.000000001e+03 +1.000000001e+03
3416 0 +4.625931069e-07 +1.000000000e+03 +1.000000000e+03
3419 0 +4.056524858e-07 +1.000000000e+03 +1.000000000e+03
3422 0 +3.604667427e-07 +1.000000000e+03 +1.000000000e+03
3423 0 +3.463807161e-07 +1.000000000e+03 +1.000000000e+03
3429 0 +3.112346576e-07 +1.000000000e+03 +1.000000000e+03
3432 0 +2.781188186e-07 +1.000000000e+03 +1.000000000e+03
3434 0 +2.200958988e-07 +1.000000000e+03 +1.000000000e+03
3441 0 +1.659618647e-07 +1.000000000e+03 +1.000000000e+03
3529 0 +1.466892172e-07 +1.000000000e+03 +1.000000000e+03
3537 0 +1.340400786e-07 +1.000000000e+03 +1.000000000e+03
3550 0 +1.135579168e-07 +1.000000000e+03 +1.000000000e+03
3554 0 +9.952623259e-08 +1.000000000e+03 +1.000000000e+03
3561 0 +8.101881122e-08 +1.000000000e+03 +1.000000000e+03
3570 0 +7.351479780e-08 +1.000000000e+03 +1.000000000e+03
3571 0 +6.549339560e-08 +1.000000000e+03 +1.000000000e+03
3584 0 +5.677554782e-08 +1.000000000e+03 +1.000000000e+03
3600 0 +4.848971003e-08 +1.000000000e+03 +1.000000000e+03
3703 0 +4.452442681e-08 +1.000000000e+03 +1.000000000e+03
3708 0 +3.881677912e-08 +1.000000000e+03 +1.000000000e+03
3715 0 +3.431512141e-08 +1.000000000e+03 +1.000000000e+03
3725 0 +2.987201242e-08 +1.000000000e+03 +1.000000000e+03
3738 0 +2.601916549e-08 +1.000000000e+03 +1.000000000e+03
3750 0 +2.326009962e-08 +1.000000000e+03 +1.000000000e+03
3751 0 +2.034857971e-08 +1.000000000e+03 +1.000000000e+03
3756 0 +1.941373284e-08 +1.000000000e+03 +1.000000000e+03
3757 0 +1.605394573e-08 +1.000000000e+03 +1.000000000e+03
3762 0 +1.507976322e-08 +1.000000000e+03 +1.000000000e+03
3848 0 +1.321870968e-08 +1.000000000e+03 +1.000000000e+03
3853 0 +1.252817583e-08 +1.000000000e+03 +1.000000000e+03
3860 0 +1.097578206e-08 +1.000000000e+03 +1.000000000e+03
3880 0 +9.864152162e-09 +1.000000000e+03 +1.000000000e+03
4882 0 +9.094947018e-13 +1.000000000e+03 +1.000000000e+03
400000 0 +6.821210263e-13 +1.000000000e+03 +1.000000000e+03
% f evaluations | g evaluations | best noise-free fitness - Fopt (-2.390000000000e+00) + sum g_i+ | measured fitness | best measured fitness or single-digit g-values | x1 | x2...
1 0 +1.782914560e+02 +1.759014560e+02 +1.759014560e+02
11 0 +1.754683525e+02 +1.730783525e+02 +1.730783525e+02
1222 0 +1.570757528e+02 +1.546857528e+02 +1.546857528e+02
1239 0 +1.389965686e+02 +1.366065686e+02 +1.366065686e+02
1249 0 +1.239381966e+02 +1.215481966e+02 +1.215481966e+02
1259 0 +1.105160861e+02 +1.081260861e+02 +1.081260861e+02
1267 0 +9.959319688e+01 +9.720319688e+01 +9.720319688e+01
1273 0 +8.787841539e+01 +8.548841539e+01 +8.548841539e+01
1280 0 +7.818447425e+01 +7.579447425e+01 +7.579447425e+01
1286 0 +7.065258478e+01 +6.826258478e+01 +6.826258478e+01
1307 0 +6.211278187e+01 +5.972278187e+01 +5.972278187e+01
1319 0 +5.473783984e+01 +5.234783984e+01 +5.234783984e+01
1326 0 +4.750184057e+01 +4.511184057e+01 +4.511184057e+01
1333 0 +4.294277784e+01 +4.055277784e+01 +4.055277784e+01
1339 0 +3.958609510e+01 +3.719609510e+01 +3.719609510e+01
1351 0 +3.188616023e+01 +2.949616023e+01 +2.949616023e+01
1353 0 +3.002449994e+01 +2.763449994e+01 +2.763449994e+01
1360 0 +2.527491362e+01 +2.288491362e+01 +2.288491362e+01
1362 0 +2.063705239e+01 +1.824705239e+01 +1.824705239e+01
1382 0 +1.867262369e+01 +1.628262369e+01 +1.628262369e+01
1391 0 +1.734225195e+01 +1.495225195e+01 +1.495225195e+01
1401 0 +1.554277589e+01 +1.315277589e+01 +1.315277589e+01
1406 0 +1.407466916e+01 +1.168466916e+01 +1.168466916e+01
1413 0 +1.245446376e+01 +1.006446376e+01 +1.006446376e+01
1431 0 +9.511562184e+00 +7.121562184e+00 +7.121562184e+00
1440 0 +6.975562703e+00 +4.585562703e+00 +4.585562703e+00
1442 0 +4.340298828e+00 +1.950298828e+00 +1.950298828e+00
1520 0 +3.806896700e+00 +1.416896700e+00 +1.416896700e+00
1522 0 +3.174230178e+00 +7.842301782e-01 +7.842301782e-01
1608 0 +3.130764263e+00 +7.407642635e-01 +7.407642635e-01
1633 0 +2.724708773e+00 +3.347087726e-01 +3.347087726e-01
1640 0 +2.386217244e+00 -3.782755723e-03 -3.782755723e-03
1644 0 +2.050671520e+00 -3.393284798e-01 -3.393284798e-01
1652 0 +1.993596777e+00 -3.964032227e-01 -3.964032227e-01
1668 0 +1.621657243e+00 -7.683427575e-01 -7.683427575e-01
1669 0 +1.415534939e+00 -9.744650608e-01 -9.744650608e-01
1671 0 +1.200940691e+00 -1.189059309e+00 -1.189059309e+00
1673 0 +1.021084554e+00 -1.368915446e+00 -1.368915446e+00
1676 0 +8.762546286e-01 -1.513745371e+00 -1.513745371e+00
1770 0 +7.735068345e-01 -1.616493166e+00 -1.616493166e+00
1773 0 +7.017300038e-01 -1.688269996e+00 -1.688269996e+00
1785 0 +5.741443858e-01 -1.815855614e+00 -1.815855614e+00
1787 0 +5.457156420e-01 -1.844284358e+00 -1.844284358e+00
1789 0 +4.908469274e-01 -1.899153073e+00 -1.899153073e+00
1806 0 +4.139330061e-01 -1.976066994e+00 -1.976066994e+00
1811 0 +3.798892103e-01 -2.010110790e+00 -2.010110790e+00
1814 0 +3.468723892e-01 -2.043127611e+00 -2.043127611e+00
1816 0 +3.007453187e-01 -2.089254681e+00 -2.089254681e+00
1819 0 +2.653497735e-01 -2.124650226e+00 -2.124650226e+00
1825 0 +2.424263458e-01 -2.147573654e+00 -2.147573654e+00
1839 0 +1.880333760e-01 -2.201966624e+00 -2.201966624e+00
1841 0 +1.584565046e-01 -2.231543495e+00 -2.231543495e+00
1938 0 +1.402498447e-01 -2.249750155e+00 -2.249750155e+00
1953 0 +1.190624089e-01 -2.270937591e+00 -2.270937591e+00
1955 0 +1.080687084e-01 -2.281931292e+00 -2.281931292e+00
1957 0 +9.331599227e-02 -2.296684008e+00 -2.296684008e+00
1962 0 +7.897384439e-02 -2.311026156e+00 -2.311026156e+00
1994 0 +7.001403043e-02 -2.319985970e+00 -2.319985970e+00
1995 0 +5.928563633e-02 -2.330714364e+00 -2.330714364e+00
2085 0 +5.547336678e-02 -2.334526633e+00 -2.334526633e+00
2099 0 +4.791703876e-02 -2.342082961e+00 -2.342082961e+00
2104 0 +4.415852886e-02 -2.345841471e+00 -2.345841471e+00
2123 0 +3.922975689e-02 -2.350770243e+00 -2.350770243e+00
2128 0 +3.545495285e-02 -2.354545047e+00 -2.354545047e+00
2133 0 +2.859857346e-02 -2.361401427e+00 -2.361401427e+00
2140 0 +2.551128966e-02 -2.364488710e+00 -2.364488710e+00
2142 0 +2.300216405e-02 -2.366997836e+00 -2.366997836e+00
2145 0 +2.118263008e-02 -2.368817370e+00 -2.368817370e+00
2150 0 +1.956865732e-02 -2.370431343e+00 -2.370431343e+00
2153 0 +1.608827536e-02 -2.373911725e+00 -2.373911725e+00
2161 0 +1.260538046e-02 -2.377394620e+00 -2.377394620e+00
2243 0 +1.183207522e-02 -2.378167925e+00 -2.378167925e+00
2251 0 +1.086555583e-02 -2.379134444e+00 -2.379134444e+00
2271 0 +9.965754437e-03 -2.380034246e+00 -2.380034246e+00
2289 0 +8.031818479e-03 -2.381968182e+00 -2.381968182e+00
2296 0 +7.155088354e-03 -2.382844912e+00 -2.382844912e+00
2297 0 +6.910414620e-03 -2.383089585e+00 -2.383089585e+00
2304 0 +6.218303007e-03 -2.383781697e+00 -2.383781697e+00
2307 0 +5.578490959e-03 -2.384421509e+00 -2.384421509e+00
2311 0 +4.707305684e-03 -2.385292694e+00 -2.385292694e+00
2316 0 +4.455911995e-03 -2.385544088e+00 -2.385544088e+00
2317 0 +3.491912580e-03 -2.386508087e+00 -2.386508087e+00
2413 0 +3.094017891e-03 -2.386905982e+00 -2.386905982e+00
2418 0 +2.751448500e-03 -2.387248552e+00 -2.387248552e+00
2430 0 +2.376890050e-03 -2.387623110e+00 -2.387623110e+00
2435 0 +2.223139143e-03 -2.387776861e+00 -2.387776861e+00
2443 0 +1.875656222e-03 -2.388124344e+00 -2.388124344e+00
2446 0 +1.671053207e-03 -2.388328947e+00 -2.388328947e+00
2458 0 +1.548932390e-03 -2.388451068e+00 -2.388451068e+00
2465 0 +1.220312519e-03 -2.388779687e+00 -2.388779687e+00
2470 0 +1.061277012e-03 -2.388938723e+00 -2.388938723e+00
2475 0 +9.404936964e-04 -2.389059506e+00 -2.389059506e+00
2479 0 +7.188829846e-04 -2.389281117e+00 -2.389281117e+00
2566 0 +6.605087167e-04 -2.389339491e+00 -2.389339491e+00
2586 0 +5.969915431e-04 -2.389403008e+00 -2.389403008e+00
2592 0 +5.150802437e-04 -2.389484920e+00 -2.389484920e+00
2594 0 +4.548792069e-04 -2.389545121e+00 -2.389545121e+00
2601 0 +4.345471318e-04 -2.389565453e+00 -2.389565453e+00
2620 0 +3.545064423e-04 -2.389645494e+00 -2.389645494e+00
2628 0 +2.957162979e-04 -2.389704284e+00 -2.389704284e+00
2633 0 +2.273550808e-04 -2.389772645e+00 -2.389772645e+00
2724 0 +2.153339968e-04 -2.389784666e+00 -2.389784666e+00
2732 0 +1.902591532e-04 -2.389809741e+00 -2.389809741e+00
2739 0 +1.777607279e-04 -2.389822239e+00 -2.389822239e+00
2756 0 +1.571975226e-04 -2.389842802e+00 -2.389842802e+00
2759 0 +1.384256627e-04 -2.389861574e+00 -2.389861574e+00
2774 0 +1.188023655e-04 -2.389881198e+00 -2.389881198e+00
2778 0 +1.035507664e-04 -2.389896449e+00 -2.389896449e+00
2781 0 +9.230645820e-05 -2.389907694e+00 -2.389907694e+00
2784 0 +8.218553306e-05 -2.389917814e+00 -2.389917814e+00
2789 0 +7.610859387e-05 -2.389923891e+00 -2.389923891e+00
2791 0 +6.495900540e-05 -2.389935041e+00 -2.389935041e+00
2795 0 +5.054740071e-05 -2.389949453e+00 -2.389949453e+00
2802 0 +3.904925291e-05 -2.389960951e+00 -2.389960951e+00
2897 0 +3.453213437e-05 -2.389965468e+00 -2.389965468e+00
2905 0 +3.139140553e-05 -2.389968609e+00 -2.389968609e+00
2908 0 +2.813153861e-05 -2.389971868e+00 -2.389971868e+00
2924 0 +2.298589287e-05 -2.389977014e+00 -2.389977014e+00
2925 0 +2.182371050e-05 -2.389978176e+00 -2.389978176e+00
2931 0 +1.798571168e-05 -2.389982014e+00 -2.389982014e+00
2935 0 +1.548657464e-05 -2.389984513e+00 -2.389984513e+00
2947 0 +1.369483489e-05 -2.389986305e+00 -2.389986305e+00
3050 0 +1.241838084e-05 -2.389987582e+00 -2.389987582e+00
3055 0 +1.065235382e-05 -2.389989348e+00 -2.389989348e+00
3064 0 +9.916821587e-06 -2.389990083e+00 -2.389990083e+00
3075 0 +8.456936601e-06 -2.389991543e+00 -2.389991543e+00
3079 0 +7.872480639e-06 -2.389992128e+00 -2.389992128e+00
3088 0 +6.443799516e-06 -2.389993556e+00 -2.389993556e+00
3089 0 +5.978996732e-06 -2.389994021e+00 -2.389994021e+00
3103 0 +5.590828077e-06 -2.389994409e+00 -2.389994409e+00
3105 0 +4.853081870e-06 -2.389995147e+00 -2.389995147e+00
3109 0 +4.012550329e-06 -2.389995987e+00 -2.389995987e+00
3112 0 +3.935208952e-06 -2.389996065e+00 -2.389996065e+00
3120 0 +3.462185981e-06 -2.389996538e+00 -2.389996538e+00
3209 0 +3.040076148e-06 -2.389996960e+00 -2.389996960e+00
3222 0 +2.692556392e-06 -2.389997307e+00 -2.389997307e+00
3231 0 +2.460998942e-06 -2.389997539e+00 -2.389997539e+00
3245 0 +2.237768547e-06 -2.389997762e+00 -2.389997762e+00
3253 0 +1.908694903e-06 -2.389998091e+00 -2.389998091e+00
3259 0 +1.677822469e-06 -2.389998322e+00 -2.389998322e+00
3261 0 +1.465924985e-06 -2.389998534e+00 -2.389998534e+00
3264 0 +1.394450380e-06 -2.389998606e+00 -2.389998606e+00
3271 0 +1.093769441e-06 -2.389998906e+00 -2.389998906e+00
3281 0 +8.577237396e-07 -2.389999142e+00 -2.389999142e+00
3372 0 +7.663089869e-07 -2.389999234e+00 -2.389999234e+00
3384 0 +6.605034084e-07 -2.389999339e+00 -2.389999339e+00
3385 0 +6.211677124e-07 -2.389999379e+00 -2.389999379e+00
3398 0 +5.504157943e-07 -2.389999450e+00 -2.389999450e+00
3402 0 +4.963584050e-07 -2.389999504e+00 -2.389999504e+00
3406 0 +4.374812503e-07 -2.389999563e+00 -2.389999563e+00
3409 0 +3.809626064e-07 -2.389999619e+00 -2.389999619e+00
3423 0 +3.400445197e-07 -2.389999660e+00 -2.389999660e+00
3430 0 +2.927085134e-07 -2.389999707e+00 -2.389999707e+00
3438 0 +2.443333429e-07 -2.389999756e+00 -2.389999756e+00
3440 0 +1.857596517e-07 -2.389999814e+00 -2.389999814e+00
3524 0 +1.776190883e-07 -2.389999822e+00 -2.389999822e+00
3540 0 +1.499725135e-07 -2.389999850e+00 -2.389999850e+00
3548 0 +1.401974998e-07 -2.389999860e+00 -2.389999860e+00
3564 0 +1.248166583e-07 -2.389999875e+00 -2.389999875e+00
3567 0 +1.118268647e-07 -2.389999888e+00 -2.389999888e+00
3572 0 +9.840208515e-08 -2.389999902e+00 -2.389999902e+00
3580 0 +8.057898571e-08 -2.389999919e+00 -2.389999919e+00
3584 0 +7.763084797e-08 -2.389999922e+00 -2.389999922e+00
3586 0 +6.540553299e-08 -2.389999935e+00 -2.389999935e+00
3587 0 +5.517019064e-08 -2.389999945e+00 -2.389999945e+00
3596 0 +4.211685889e-08 -2.389999958e+00 -2.389999958e+00
3685 0 +3.936005255e-08 -2.389999961e+00 -2.389999961e+00
3694 0 +3.499675572e-08 -2.389999965e+00 -2.389999965e+00
3713 0 +2.936587862e-08 -2.389999971e+00 -2.389999971e+00
3719 0 +2.640853536e-08 -2.389999974e+00 -2.389999974e+00
3722 0 +2.485735751e-08 -2.389999975e+00 -2.389999975e+00
3723 0 +2.231153706e-08 -2.389999978e+00 -2.389999978e+00
3725 0 +1.956449180e-08 -2.389999980e+00 -2.389999980e+00
3743 0 +1.730843291e-08 -2.389999983e+00 -2.389999983e+00
3749 0 +1.560946394e-08 -2.389999984e+00 -2.389999984e+00
3753 0 +1.121566617e-08 -2.389999989e+00 -2.389999989e+00
3858 0 +9.709999915e-09 -2.389999990e+00 -2.389999990e+00
4872 0 +9.632294962e-13 -2.390000000e+00 -2.390000000e+00
400000 0 +2.220446049e-15 -2.390000000e+00 -2.390000000e+00
% f evaluations | g evaluations | best noise-free fitness - Fopt (1.000000000000e+03) + sum g_i+ | measured fitness | best measured fitness or single-digit g-values | x1 | x2...
1 0 +2.114301126e+02 +1.211430113e+03 +1.211430113e+03
2 0 +2.109923316e+02 +1.210992332e+03 +1.210992332e+03
3 0 +1.952073431e+02 +1.195207343e+03 +1.195207343e+03
1230 0 +1.771396503e+02 +1.177139650e+03 +1.177139650e+03
1248 0 +1.583710403e+02 +1.158371040e+03 +1.158371040e+03
1258 0 +1.400664116e+02 +1.140066412e+03 +1.140066412e+03
1270 0 +1.204089053e+02 +1.120408905e+03 +1.120408905e+03
1274 0 +1.088250891e+02 +1.108825089e+03 +1.108825089e+03
1278 0 +9.833478220e+01 +1.098334782e+03 +1.098334782e+03
1282 0 +8.898761689e+01 +1.088987617e+03 +1.088987617e+03
1304 0 +7.911679268e+01 +1.079116793e+03 +1.079116793e+03
1322 0 +6.689552479e+01 +1.066895525e+03 +1.066895525e+03
1335 0 +6.237878428e+01 +1.062378784e+03 +1.062378784e+03
1344 0 +5.489302298e+01 +1.054893023e+03 +1.054893023e+03
1350 0 +4.891738870e+01 +1.048917389e+03 +1.048917389e+03
1354 0 +4.133876716e+01 +1.041338767e+03 +1.041338767e+03
1356 0 +3.695867315e+01 +1.036958673e+03 +1.036958673e+03
1358 0 +3.485365499e+01 +1.034853655e+03 +1.034853655e+03
1359 0 +3.032466439e+01 +1.030324664e+03 +1.030324664e+03
1373 0 +2.594466171e+01 +1.025944662e+03 +1.025944662e+03
1394 0 +2.478875751e+01 +1.024788758e+03 +1.024788758e+03
1402 0 +2.068345624e+01 +1.020683456e+03 +1.020683456e+03
1418 0 +1.837645095e+01 +1.018376451e+03 +1.018376451e+03
1424 0 +1.666818842e+01 +1.016668188e+03 +1.016668188e+03
1430 0 +1.466693584e+01 +1.014666936e+03 +1.014666936e+03
1431 0 +1.359908876e+01 +1.013599089e+03 +1.013599089e+03
1434 0 +1.109350901e+01 +1.011093509e+03 +1.011093509e+03
1436 0 +8.716012348e+00 +1.008716012e+03 +1.008716012e+03
1439 0 +6.087198295e+00 +1.006087198e+03 +1.006087198e+03
1453 0 +5.579412785e+00 +1.005579413e+03 +1.005579413e+03
1514 0 +4.976323828e+00 +1.004976324e+03 +1.004976324e+03
1519 0 +4.077628625e+00 +1.004077629e+03 +1.004077629e+03
1604 0 +3.865555078e+00 +1.003865555e+03 +1.003865555e+03
1607 0 +3.459668958e+00 +1.003459669e+03 +1.003459669e+03
1636 0 +3.054908132e+00 +1.003054908e+03 +1.003054908e+03
1641 0 +2.604312075e+00 +1.002604312e+03 +1.002604312e+03
1644 0 +2.483195788e+00 +1.002483196e+03 +1.002483196e+03
1647 0 +2.123588817e+00 +1.002123589e+03 +1.002123589e+03
1650 0 +1.985163046e+00 +1.001985163e+03 +1.001985163e+03
1658 0 +1.699812166e+00 +1.001699812e+03 +1.001699812e+03
1661 0 +1.368570979e+00 +1.001368571e+03 +1.001368571e+03
1670 0 +1.015761438e+00 +1.001015761e+03 +1.001015761e+03
1675 0 +9.528864223e-01 +1.000952886e+03 +1.000952886e+03
1677 0 +7.537721547e-01 +1.000753772e+03 +1.000753772e+03
1774 0 +6.929750305e-01 +1.000692975e+03 +1.000692975e+03
1782 0 +5.854778802e-01 +1.000585478e+03 +1.000585478e+03
1783 0 +5.409404313e-01 +1.000540940e+03 +1.000540940e+03
1813 0 +4.787046557e-01 +1.000478705e+03 +1.000478705e+03
1816 0 +4.246364604e-01 +1.000424636e+03 +1.000424636e+03
1826 0 +3.943894228e-01 +1.000394389e+03 +1.000394389e+03
1833 0 +3.170730253e-01 +1.000317073e+03 +1.000317073e+03
1836 0 +2.859293659e-01 +1.000285929e+03 +1.000285929e+03
1840 0 +2.291348382e-01 +1.000229135e+03 +1.000229135e+03
1926 0 +2.218463937e-01 +1.000221846e+03 +1.000221846e+03
1945 0 +1.857475400e-01 +1.000185748e+03 +1.000185748e+03
1952 0 +1.747755650e-01 +1.000174776e+03 +1.000174776e+03
1956 0 +1.566615157e-01 +1.000156662e+03 +1.000156662e+03
1964 0 +1.316184077e-01 +1.000131618e+03 +1.000131618e+03
1967 0 +1.162218511e-01 +1.000116222e+03 +1.000116222e+03
1969 0 +1.038924183e-01 +1.000103892e+03 +1.000103892e+03
1971 0 +9.116272598e-02 +1.000091163e+03 +1.000091163e+03
1977 0 +7.802135705e-02 +1.000078021e+03 +1.000078021e+03
1980 0 +6.819069293e-02 +1.000068191e+03 +1.000068191e+03
1984 0 +5.804667124e-02 +1.000058047e+03 +1.000058047e+03
1985 0 +4.620900040e-02 +1.000046209e+03 +1.000046209e+03
1988 0 +3.822295575e-02 +1.000038223e+03 +1.000038223e+03
2001 0 +3.025495116e-02 +1.000030255e+03 +1.000030255e+03
2091 0 +2.606230475e-02 +1.000026062e+03 +1.000026062e+03
2097 0 +2.174736217e-02 +1.000021747e+03 +1.000021747e+03
2113 0 +1.907663215e-02 +1.000019077e+03 +1.000019077e+03
2156 0 +1.495408794e-02 +1.000014954e+03 +1.000014954e+03
2158 0 +1.246411071e-02 +1.000012464e+03 +1.000012464e+03
2246 0 +1.107703325e-02 +1.000011077e+03 +1.000011077e+03
2255 0 +9.705605650e-03 +1.000009706e+03 +1.000009706e+03
2269 0 +8.473274118e-03 +1.000008473e+03 +1.000008473e+03
2280 0 +7.560260625e-03 +1.000007560e+03 +1.000007560e+03
2282 0 +6.778946859e-03 +1.000006779e+03 +1.000006779e+03
2299 0 +6.216829916e-03 +1.000006217e+03 +1.000006217e+03
2303 0 +5.485467236e-03 +1.000005485e+03 +1.000005485e+03
2307 0 +4.548486183e-03 +1.000004548e+03 +1.000004548e+03
2312 0 +3.694631615e-03 +1.000003695e+03 +1.000003695e+03
2322 0 +2.734775005e-03 +1.000002735e+03 +1.000002735e+03
2434 0 +2.369974344e-03 +1.000002370e+03 +1.000002370e+03
2445 0 +2.021615037e-03 +1.000002022e+03 +1.000002022e+03
2450 0 +1.851590333e-03 +1.000001852e+03 +1.000001852e+03
2452 0 +1.731598085e-03 +1.000001732e+03 +1.000001732e+03
2454 0 +1.558926961e-03 +1.000001559e+03 +1.000001559e+03
2456 0 +1.357614654e-03 +1.000001358e+03 +1.000001358e+03
2461 0 +1.205017644e-03 +1.000001205e+03 +1.000001205e+03
2466 0 +9.278084173e-04 +1.000000928e+03 +1.000000928e+03
2477 0 +8.169296714e-04 +1.000000817e+03 +1.000000817e+03
2479 0 +6.997223829e-04 +1.000000700e+03 +1.000000700e+03
2572 0 +6.062122332e-04 +1.000000606e+03 +1.000000606e+03
2580 0 +5.442771951e-04 +1.000000544e+03 +1.000000544e+03
2581 0 +4.918175231e-04 +1.000000492e+03 +1.000000492e+03
2590 0 +4.332138789e-04 +1.000000433e+03 +1.000000433e+03
2597 0 +3.969250649e-04 +1.000000397e+03 +1.000000397e+03
2617 0 +3.301293284e-04 +1.000000330e+03 +1.000000330e+03
2619 0 +2.722872030e-04 +1.000000272e+03 +1.000000272e+03
2622 0 +2.499326525e-04 +1.000000250e+03 +1.000000250e+03
2623 0 +2.116753755e-04 +1.000000212e+03 +1.000000212e+03
2728 0 +1.936945832e-04 +1.000000194e+03 +1.000000194e+03
2733 0 +1.680947430e-04 +1.000000168e+03 +1.000000168e+03
2743 0 +1.544033590e-04 +1.000000154e+03 +1.000000154e+03
2751 0 +1.395093274e-04 +1.000000140e+03 +1.000000140e+03
2761 0 +1.178105074e-04 +1.000000118e+03 +1.000000118e+03
2764 0 +1.035844381e-04 +1.000000104e+03 +1.000000104e+03
2772 0 +8.553534155e-05 +1.000000086e+03 +1.000000086e+03
2781 0 +7.691141286e-05 +1.000000077e+03 +1.000000077e+03
2797 0 +6.425191566e-05 +1.000000064e+03 +1.000000064e+03
2799 0 +5.022869880e-05 +1.000000050e+03 +1.000000050e+03
2886 0 +4.711664201e-05 +1.000000047e+03 +1.000000047e+03
2896 0 +4.384097042e-05 +1.000000044e+03 +1.000000044e+03
2899 0 +3.907231383e-05 +1.000000039e+03 +1.000000039e+03
2907 0 +3.540869284e-05 +1.000000035e+03 +1.000000035e+03
2919 0 +3.126440890e-05 +1.000000031e+03 +1.000000031e+03
2934 0 +2.655710784e-05 +1.000000027e+03 +1.000000027e+03
2935 0 +2.498358697e-05 +1.000000025e+03 +1.000000025e+03
2937 0 +2.209121760e-05 +1.000000022e+03 +1.000000022e+03
2944 0 +1.842759661e-05 +1.000000018e+03 +1.000000018e+03
2952 0 +1.471715325e-05 +1.000000015e+03 +1.000000015e+03
2954 0 +1.398005372e-05 +1.000000014e+03 +1.000000014e+03
3047 0 +1.248136948e-05 +1.000000012e+03 +1.000000012e+03
3064 0 +1.052283642e-05 +1.000000011e+03 +1.000000011e+03
3066 0 +9.887667261e-06 +1.000000010e+03 +1.000000010e+03
3072 0 +8.335014627e-06 +1.000000008e+03 +1.000000008e+03
3073 0 +7.485835454e-06 +1.000000007e+03 +1.000000007e+03
3075 0 +6.614100016e-06 +1.000000007e+03 +1.000000007e+03
3082 0 +5.915580573e-06 +1.000000006e+03 +1.000000006e+03
3086 0 +5.385728628e-06 +1.000000005e+03 +1.000000005e+03
3087 0 +4.464233712e-06 +1.000000004e+03 +1.000000004e+03
3108 0 +3.896426279e-06 +1.000000004e+03 +1.000000004e+03
3109 0 +3.538091505e-06 +1.000000004e+03 +1.000000004e+03
3113 0 +2.951728447e-06 +1.000000003e+03 +1.000000003e+03
3214 0 +2.809513603e-06 +1.000000003e+03 +1.000000003e+03
3221 0 +2.448444206e-06 +1.000000002e+03 +1.000000002e+03
3240 0 +2.140644483e-06 +1.000000002e+03 +1.000000002e+03
3249 0 +1.963167733e-06 +1.000000002e+03 +1.000000002e+03
3255 0 +1.713739607e-06 +1.000000002e+03 +1.000000002e+03
3262 0 +1.510221182e-06 +1.000000002e+03 +1.000000002e+03
3264 0 +1.275290742e-06 +1.000000001e+03 +1.000000001e+03
3265 0 +1.108933134e-06 +1.000000001e+03 +1.000000001e+03
3270 0 +9.714640328e-07 +1.000000001e+03 +1.000000001e+03
3278 0 +8.072684068e-07 +1.000000001e+03 +1.000000001e+03
3281 0 +7.651508440e-07 +1.000000001e+03 +1.000000001e+03
3370 0 +6.995769581e-07 +1.000000001e+03 +1.000000001e+03
3385 0 +6.255978633e-07 +1.000000001e+03 +1.000000001e+03
3401 0 +5.426027201e-07 +1.000000001e+03 +1.000000001e+03
3405 0 +4.899180794e-07 +1.000000000e+03 +1.000000000e+03
3418 0 +4.213959528e-07 +1.000000000e+03 +1.000000000e+03
3420 0 +3.788187541e-07 +1.000000000e+03 +1.000000000e+03
3429 0 +3.281891168e-07 +1.000000000e+03 +1.000000000e+03
3434 0 +2.957337983e-07 +1.000000000e+03 +1.000000000e+03
3436 0 +2.601683491e-07 +1.000000000e+03 +1.000000000e+03
3440 0 +2.396877790e-07 +1.000000000e+03 +1.000000000e+03
3442 0 +2.010644948e-07 +1.000000000e+03 +1.000000000e+03
3523 0 +1.877322120e-07 +1.000000000e+03 +1.000000000e+03
3534 0 +1.697804919e-07 +1.000000000e+03 +1.000000000e+03
3542 0 +1.580718845e-07 +1.000000000e+03 +1.000000000e+03
3551 0 +1.308588935e-07 +1.000000000e+03 +1.000000000e+03
3559 0 +1.182856977e-07 +1.000000000e+03 +1.000000000e+03
3564 0 +1.064158823e-07 +1.000000000e+03 +1.000000000e+03
3573 0 +9.469715678e-08 +1.000000000e+03 +1.000000000e+03
3576 0 +8.859865375e-08 +1.000000000e+03 +1.000000000e+03
3598 0 +6.679988473e-08 +1.000000000e+03 +1.000000000e+03
3599 0 +6.126924745e-08 +1.000000000e+03 +1.000000000e+03
3689 0 +5.581875939e-08 +1.000000000e+03 +1.000000000e+03
3701 0 +4.697608347e-08 +1.000000000e+03 +1.000000000e+03
3707 0 +4.439175427e-08 +1.000000000e+03 +1.000000000e+03
3714 0 +3.867148735e-08 +1.000000000e+03 +1.000000000e+03
3722 0 +3.533693871e-08 +1.000000000e+03 +1.000000000e+03
3732 0 +2.934928034e-08 +1.000000000e+03 +1.000000000e+03
3739 0 +2.812237199e-08 +1.000000000e+03 +1.000000000e+03
3748 0 +2.385525022e-08 +1.000000000e+03 +1.000000000e+03
3750 0 +2.014030542e-08 +1.000000000e+03 +1.000000000e+03
3753 0 +1.706382591e-08 +1.000000000e+03 +1.000000000e+03
3755 0 +1.476473699e-08 +1.000000000e+03 +1.000000000e+03
3760 0 +1.379999048e-08 +1.000000000e+03 +1.000000000e+03
3761 0 +1.226533186e-08 +1.000000000e+03 +1.000000000e+03
3853 0 +1.102387159e-08 +1.000000000e+03 +1.000000000e+03
3866 0 +9.756945474e-09 +1.000000000e+03 +1.000000000e+03
400000 0 +1.023181539e-12 +1.000000000e+03 +1.000000000e+03
% f evaluations | g evaluations | best noise-free fitness - Fopt (-2.304000000000e+01) + sum g_i+ | measured fitness | best measured fitness or single-digit g-values | x1 | x2...
1 0 +2.042797888e+02 +1.812397888e+02 +1.812397888e+02
5 0 +1.938602068e+02 +1.708202068e+02 +1.708202068e+02
1215 0 +1.731973176e+02 +1.501573176e+02 +1.501573176e+02
1228 0 +1.562407634e+02 +1.332007634e+02 +1.332007634e+02
1238 0 +1.406739107e+02 +1.176339107e+02 +1.176339107e+02
1253 0 +1.216651726e+02 +9.862517261e+01 +9.862517261e+01
1263 0 +1.091450964e+02 +8.610509640e+01 +8.610509640e+01
1270 0 +9.703420883e+01 +7.399420883e+01 +7.399420883e+01
1273 0 +8.790478477e+01 +6.486478477e+01 +6.486478477e+01
1284 0 +7.663897133e+01 +5.359897133e+01 +5.359897133e+01
1289 0 +6.999410291e+01 +4.695410291e+01 +4.695410291e+01
1302 0 +6.291284617e+01 +3.987284617e+01 +3.987284617e+01
1312 0 +5.557027252e+01 +3.253027252e+01 +3.253027252e+01
1321 0 +4.841982351e+01 +2.537982351e+01 +2.537982351e+01
1333 0 +4.367538791e+01 +2.063538791e+01 +2.063538791e+01
1343 0 +3.960213510e+01 +1.656213510e+01 +1.656213510e+01
1350 0 +3.149644224e+01 +8.456442238e+00 +8.456442238e+00
1351 0 +2.772634393e+01 +4.686343934e+00 +4.686343934e+00
1360 0 +2.216823312e+01 -8.717668831e-01 -8.717668831e-01
1367 0 +1.933768820e+01 -3.702311800e+00 -3.702311800e+00
1375 0 +1.769991704e+01 -5.340082957e+00 -5.340082957e+00
1388 0 +1.569230597e+01 -7.347694031e+00 -7.347694031e+00
1401 0 +1.324916673e+01 -9.790833273e+00 -9.790833273e+00
1413 0 +1.162095613e+01 -1.141904387e+01 -1.141904387e+01
1427 0 +9.645320164e+00 -1.339467984e+01 -1.339467984e+01
1430 0 +7.520457981e+00 -1.551954202e+01 -1.551954202e+01
1431 0 +5.752957030e+00 -1.728704297e+01 -1.728704297e+01
1440 0 +3.551574617e+00 -1.948842538e+01 -1.948842538e+01
1481 0 +3.111032728e+00 -1.992896727e+01 -1.992896727e+01
1520 0 +2.789982838e+00 -2.025001716e+01 -2.025001716e+01
1639 0 +2.511228317e+00 -2.052877168e+01 -2.052877168e+01
1651 0 +2.018451602e+00 -2.102154840e+01 -2.102154840e+01
1653 0 +1.955320313e+00 -2.108467969e+01 -2.108467969e+01
1667 0 +1.584464837e+00 -2.145553516e+01 -2.145553516e+01
1669 0 +1.395272583e+00 -2.164472742e+01 -2.164472742e+01
1678 0 +1.182357283e+00 -2.185764272e+01 -2.185764272e+01
1679 0 +1.031425143e+00 -2.200857486e+01 -2.200857486e+01
1764 0 +9.733017002e-01 -2.206669830e+01 -2.206669830e+01
1778 0 +8.494156297e-01 -2.219058437e+01 -2.219058437e+01
1788 0 +7.546089604e-01 -2.228539104e+01 -2.228539104e+01
1789 0 +6.983015944e-01 -2.234169841e+01 -2.234169841e+01
1795 0 +6.191588111e-01 -2.242084119e+01 -2.242084119e+01
1797 0 +5.600496276e-01 -2.247995037e+01 -2.247995037e+01
1801 0 +4.751739643e-01 -2.256482604e+01 -2.256482604e+01
1809 0 +4.447862650e-01 -2.259521374e+01 -2.259521374e+01
1817 0 +3.800299953e-01 -2.265997000e+01 -2.265997000e+01
1821 0 +3.335026651e-01 -2.270649733e+01 -2.270649733e+01
1823 0 +3.054741809e-01 -2.273452582e+01 -2.273452582e+01
1833 0 +2.682179992e-01 -2.277178200e+01 -2.277178200e+01
1837 0 +2.457062481e-01 -2.279429375e+01 -2.279429375e+01
1841 0 +2.098235412e-01 -2.283017646e+01 -2.283017646e+01
1931 0 +1.884877122e-01 -2.285151229e+01 -2.285151229e+01
1933 0 +1.739294174e-01 -2.286607058e+01 -2.286607058e+01
1951 0 +1.539784801e-01 -2.288602152e+01 -2.288602152e+01
1965 0 +1.314398492e-01 -2.290856015e+01 -2.290856015e+01
1973 0 +1.257555746e-01 -2.291424443e+01 -2.291424443e+01
1975 0 +1.117164757e-01 -2.292828352e+01 -2.292828352e+01
1986 0 +9.237936776e-02 -2.294762063e+01 -2.294762063e+01
1992 0 +7.863760935e-02 -2.296136239e+01 -2.296136239e+01
1996 0 +6.259463503e-02 -2.297740536e+01 -2.297740536e+01
2000 0 +4.900237811e-02 -2.299099762e+01 -2.299099762e+01
2087 0 +4.415222261e-02 -2.299584778e+01 -2.299584778e+01
2103 0 +3.747760750e-02 -2.300252239e+01 -2.300252239e+01
2119 0 +3.457986784e-02 -2.300542013e+01 -2.300542013e+01
2134 0 +2.947034308e-02 -2.301052966e+01 -2.301052966e+01
2137 0 +2.574957577e-02 -2.301425042e+01 -2.301425042e+01
2143 0 +2.238745980e-02 -2.301761254e+01 -2.301761254e+01
2150 0 +1.865723090e-02 -2.302134277e+01 -2.302134277e+01
2153 0 +1.616182229e-02 -2.302383818e+01 -2.302383818e+01
2157 0 +1.444520746e-02 -2.302555479e+01 -2.302555479e+01
2162 0 +1.168191531e-02 -2.302831808e+01 -2.302831808e+01
2249 0 +1.082147932e-02 -2.302917852e+01 -2.302917852e+01
2260 0 +9.971824728e-03 -2.303002818e+01 -2.303002818e+01
2282 0 +8.271675542e-03 -2.303172832e+01 -2.303172832e+01
2284 0 +7.358352872e-03 -2.303264165e+01 -2.303264165e+01
2286 0 +7.062358106e-03 -2.303293764e+01 -2.303293764e+01
2292 0 +6.141222611e-03 -2.303385878e+01 -2.303385878e+01
2299 0 +5.245482656e-03 -2.303475452e+01 -2.303475452e+01
2301 0 +4.318720075e-03 -2.303568128e+01 -2.303568128e+01
2305 0 +3.842893888e-03 -2.303615711e+01 -2.303615711e+01
2319 0 +3.090588515e-03 -2.303690941e+01 -2.303690941e+01
2408 0 +2.802231210e-03 -2.303719777e+01 -2.303719777e+01
2430 0 +2.366875398e-03 -2.303763312e+01 -2.303763312e+01
2433 0 +2.154251750e-03 -2.303784575e+01 -2.303784575e+01
2435 0 +1.944217355e-03 -2.303805578e+01 -2.303805578e+01
2445 0 +1.715291326e-03 -2.303828471e+01 -2.303828471e+01
2448 0 +1.519606106e-03 -2.303848039e+01 -2.303848039e+01
2468 0 +1.296217552e-03 -2.303870378e+01 -2.303870378e+01
2474 0 +1.186696651e-03 -2.303881330e+01 -2.303881330e+01
2477 0 +9.421900399e-04 -2.303905781e+01 -2.303905781e+01
2564 0 +8.556006379e-04 -2.303914440e+01 -2.303914440e+01
2575 0 +7.483030046e-04 -2.303925170e+01 -2.303925170e+01
2578 0 +6.934008598e-04 -2.303930660e+01 -2.303930660e+01
2584 0 +6.165498698e-04 -2.303938345e+01 -2.303938345e+01
2598 0 +5.403584245e-04 -2.303945964e+01 -2.303945964e+01
2610 0 +4.863747498e-04 -2.303951363e+01 -2.303951363e+01
2611 0 +4.311015344e-04 -2.303956890e+01 -2.303956890e+01
2616 0 +3.918288989e-04 -2.303960817e+01 -2.303960817e+01
2624 0 +3.510027118e-04 -2.303964900e+01 -2.303964900e+01
2625 0 +2.931605865e-04 -2.303970684e+01 -2.303970684e+01
2631 0 +2.353041691e-04 -2.303976470e+01 -2.303976470e+01
2636 0 +1.977410714e-04 -2.303980226e+01 -2.303980226e+01
2640 0 +1.725933202e-04 -2.303982741e+01 -2.303982741e+01
2642 0 +1.327539076e-04 -2.303986725e+01 -2.303986725e+01
2733 0 +1.208867495e-04 -2.303987911e+01 -2.303987911e+01
2749 0 +1.052248420e-04 -2.303989478e+01 -2.303989478e+01
2751 0 +9.027092348e-05 -2.303990973e+01 -2.303990973e+01
2759 0 +7.755153936e-05 -2.303992245e+01 -2.303992245e+01
2765 0 +6.871506923e-05 -2.303993128e+01 -2.303993128e+01
2794 0 +5.498111560e-05 -2.303994502e+01 -2.303994502e+01
2890 0 +4.830975742e-05 -2.303995169e+01 -2.303995169e+01
2902 0 +4.436675929e-05 -2.303995563e+01 -2.303995563e+01
2921 0 +3.949246772e-05 -2.303996051e+01 -2.303996051e+01
2935 0 +3.417856002e-05 -2.303996582e+01 -2.303996582e+01
2940 0 +3.073232486e-05 -2.303996927e+01 -2.303996927e+01
2948 0 +2.647643317e-05 -2.303997352e+01 -2.303997352e+01
2949 0 +2.463689509e-05 -2.303997536e+01 -2.303997536e+01
2955 0 +2.098022286e-05 -2.303997902e+01 -2.303997902e+01
2958 0 +1.732966645e-05 -2.303998267e+01 -2.303998267e+01
2960 0 +1.486237997e-05 -2.303998514e+01 -2.303998514e+01
2961 0 +1.336327917e-05 -2.303998664e+01 -2.303998664e+01
3045 0 +1.206764468e-05 -2.303998793e+01 -2.303998793e+01
3051 0 +1.119074701e-05 -2.303998881e+01 -2.303998881e+01
3070 0 +9.863481186e-06 -2.303999014e+01 -2.303999014e+01
3075 0 +8.275087129e-06 -2.303999172e+01 -2.303999172e+01
3077 0 +7.513831157e-06 -2.303999249e+01 -2.303999249e+01
3082 0 +7.064833046e-06 -2.303999294e+01 -2.303999294e+01
3084 0 +6.215971702e-06 -2.303999378e+01 -2.303999378e+01
3086 0 +5.560350743e-06 -2.303999444e+01 -2.303999444e+01
3096 0 +4.943430501e-06 -2.303999506e+01 -2.303999506e+01
3102 0 +4.003061925e-06 -2.303999600e+01 -2.303999600e+01
3104 0 +3.674352698e-06 -2.303999633e+01 -2.303999633e+01
3122 0 +3.433846473e-06 -2.303999657e+01 -2.303999657e+01
3214 0 +3.029451175e-06 -2.303999697e+01 -2.303999697e+01
3217 0 +2.763264785e-06 -2.303999724e+01 -2.303999724e+01
3225 0 +2.478360990e-06 -2.303999752e+01 -2.303999752e+01
3248 0 +2.235999467e-06 -2.303999776e+01 -2.303999776e+01
3254 0 +1.873398372e-06 -2.303999813e+01 -2.303999813e+01
3255 0 +1.701927808e-06 -2.303999830e+01 -2.303999830e+01
3257 0 +1.519546302e-06 -2.303999848e+01 -2.303999848e+01
3263 0 +1.356145244e-06 -2.303999864e+01 -2.303999864e+01
3269 0 +1.134988935e-06 -2.303999887e+01 -2.303999887e+01
3273 0 +9.765939701e-07 -2.303999902e+01 -2.303999902e+01
3279 0 +8.772309670e-07 -2.303999912e+01 -2.303999912e+01
3281 0 +7.411839746e-07 -2.303999926e+01 -2.303999926e+01
3366 0 +7.034566991e-07 -2.303999930e+01 -2.303999930e+01
3382 0 +6.105403934e-07 -2.303999939e+01 -2.303999939e+01
3383 0 +5.533093308e-07 -2.303999945e+01 -2.303999945e+01
3399 0 +4.976722998e-07 -2.303999950e+01 -2.303999950e+01
3402 0 +4.451048241e-07 -2.303999955e+01 -2.303999955e+01
3419 0 +3.837622913e-07 -2.303999962e+01 -2.303999962e+01
3424 0 +3.424626520e-07 -2.303999966e+01 -2.303999966e+01
3426 0 +2.998854605e-07 -2.303999970e+01 -2.303999970e+01
3427 0 +2.575466560e-07 -2.303999974e+01 -2.303999974e+01
3432 0 +2.154160903e-07 -2.303999978e+01 -2.303999978e+01
3523 0 +1.922668211e-07 -2.303999981e+01 -2.303999981e+01
3535 0 +1.740628548e-07 -2.303999983e+01 -2.303999983e+01
3550 0 +1.547534403e-07 -2.303999985e+01 -2.303999985e+01
3555 0 +1.401956453e-07 -2.303999986e+01 -2.303999986e+01
3560 0 +1.255359514e-07 -2.303999987e+01 -2.303999987e+01
3567 0 +1.101638425e-07 -2.303999989e+01 -2.303999989e+01
3571 0 +9.698909409e-08 -2.303999990e+01 -2.303999990e+01
3580 0 +8.773641014e-08 -2.303999991e+01 -2.303999991e+01
3583 0 +7.854520234e-08 -2.303999992e+01 -2.303999992e+01
3599 0 +6.346216708e-08 -2.303999994e+01 -2.303999994e+01
3602 0 +5.271237669e-08 -2.303999995e+01 -2.303999995e+01
3690 0 +4.920500629e-08 -2.303999995e+01 -2.303999995e+01
3709 0 +4.361912431e-08 -2.303999996e+01 -2.303999996e+01
3723 0 +3.707687668e-08 -2.303999996e+01 -2.303999996e+01
3729 0 +3.358971412e-08 -2.303999997e+01 -2.303999997e+01
3734 0 +2.987080450e-08 -2.303999997e+01 -2.303999997e+01
3735 0 +2.708762281e-08 -2.303999997e+01 -2.303999997e+01
3738 0 +2.377441533e-08 -2.303999998e+01 -2.303999998e+01
3744 0 +2.084781059e-08 -2.303999998e+01 -2.303999998e+01
3748 0 +1.969603858e-08 -2.303999998e+01 -2.303999998e+01
3756 0 +1.652659876e-08 -2.303999998e+01 -2.303999998e+01
3757 0 +1.497251034e-08 -2.303999999e+01 -2.303999999e+01
3851 0 +1.405681616e-08 -2.303999999e+01 -2.303999999e+01
3862 0 +1.179077103e-08 -2.303999999e+01 -2.303999999e+01
3867 0 +1.090873525e-08 -2.303999999e+01 -2.303999999e+01
3877 0 +9.631950348e-09 -2.303999999e+01 -2.303999999e+01
4875 0 +9.698908343e-13 -2.304000000e+01 -2.304000000e+01
400000 0 +3.197442311e-14 -2.304000000e+01 -2.304000000e+01
% f evaluations | g evaluations | best noise-free fitness - Fopt (1.084500000000e+02) + sum g_i+ | measured fitness | best measured fitness or single-digit g-values | x1 | x2...
1 0 +2.194446144e+02 +3.278946144e+02 +3.278946144e+02
5 0 +2.170479635e+02 +3.254979635e+02 +3.254979635e+02
9 0 +1.920189030e+02 +3.004689030e+02 +3.004689030e+02
1221 0 +1.763752808e+02 +2.848252808e+02 +2.848252808e+02
1242 0 +1.554142271e+02 +2.638642271e+02 +2.638642271e+02
1252 0 +1.391451404e+02 +2.475951404e+02 +2.475951404e+02
1266 0 +1.238495127e+02 +2.322995127e+02 +2.322995127e+02
1274 0 +1.079185748e+02 +2.163685748e+02 +2.163685748e+02
1277 0 +9.805427397e+01 +2.065042740e+02 +2.065042740e+02
1285 0 +8.846764809e+01 +1.969176481e+02 +1.969176481e+02
1298 0 +7.773247364e+01 +1.861824736e+02 +1.861824736e+02
1310 0 +6.910071631e+01 +1.775507163e+02 +1.775507163e+02
1322 0 +6.134987783e+01 +1.697998778e+02 +1.697998778e+02
1329 0 +5.592625425e+01 +1.643762543e+02 +1.643762543e+02
1334 0 +4.941679688e+01 +1.578667969e+02 +1.578667969e+02
1348 0 +4.177162694e+01 +1.502216269e+02 +1.502216269e+02
1354 0 +3.581805959e+01 +1.442680596e+02 +1.442680596e+02
1356 0 +3.433904753e+01 +1.427890475e+02 +1.427890475e+02
1357 0 +2.995895351e+01 +1.384089535e+02 +1.384089535e+02
1365 0 +2.603840325e+01 +1.344884032e+02 +1.344884032e+02
1371 0 +2.353762662e+01 +1.319876266e+02 +1.319876266e+02
1378 0 +2.068942461e+01 +1.291394246e+02 +1.291394246e+02
1380 0 +1.978168139e+01 +1.282316814e+02 +1.282316814e+02
1400 0 +1.705044653e+01 +1.255004465e+02 +1.255004465e+02
1405 0 +1.545270134e+01 +1.239027013e+02 +1.239027013e+02
1412 0 +1.254497695e+01 +1.209949769e+02 +1.209949769e+02
1428 0 +1.055177522e+01 +1.190017752e+02 +1.190017752e+02
1434 0 +7.788428256e+00 +1.162384283e+02 +1.162384283e+02
1437 0 +5.410931596e+00 +1.138609316e+02 +1.138609316e+02
1445 0 +4.706218337e+00 +1.131562183e+02 +1.131562183e+02
1451 0 +4.208039058e+00 +1.126580391e+02 +1.126580391e+02
1458 0 +3.362434402e+00 +1.118124344e+02 +1.118124344e+02
1514 0 +2.495430349e+00 +1.109454303e+02 +1.109454303e+02
1517 0 +2.120531042e+00 +1.105705310e+02 +1.105705310e+02
1628 0 +1.903544644e+00 +1.103535446e+02 +1.103535446e+02
1638 0 +1.581864021e+00 +1.100318640e+02 +1.100318640e+02
1651 0 +1.384666574e+00 +1.098346666e+02 +1.098346666e+02
1658 0 +1.095807242e+00 +1.095458072e+02 +1.095458072e+02
1662 0 +9.559770705e-01 +1.094059771e+02 +1.094059771e+02
1669 0 +8.423261634e-01 +1.092923262e+02 +1.092923262e+02
1678 0 +7.794511475e-01 +1.092294511e+02 +1.092294511e+02
1770 0 +7.041794992e-01 +1.091541795e+02 +1.091541795e+02
1775 0 +5.988151086e-01 +1.090488151e+02 +1.090488151e+02
1781 0 +5.534999743e-01 +1.090035000e+02 +1.090035000e+02
1791 0 +4.945542863e-01 +1.089445543e+02 +1.089445543e+02
1806 0 +4.186124719e-01 +1.088686125e+02 +1.088686125e+02
1814 0 +3.761529148e-01 +1.088261529e+02 +1.088261529e+02
1827 0 +3.375324586e-01 +1.087875325e+02 +1.087875325e+02
1830 0 +3.078160337e-01 +1.087578160e+02 +1.087578160e+02
1836 0 +2.509688547e-01 +1.087009689e+02 +1.087009689e+02
1837 0 +2.198251954e-01 +1.086698252e+02 +1.086698252e+02
1925 0 +1.949719086e-01 +1.086449719e+02 +1.086449719e+02
1944 0 +1.681079296e-01 +1.086181079e+02 +1.086181079e+02
1947 0 +1.545259813e-01 +1.086045260e+02 +1.086045260e+02
1955 0 +1.275079007e-01 +1.085775079e+02 +1.085775079e+02
1968 0 +1.149566126e-01 +1.085649566e+02 +1.085649566e+02
1970 0 +1.052986444e-01 +1.085552986e+02 +1.085552986e+02
1975 0 +9.585222284e-02 +1.085458522e+02 +1.085458522e+02
1981 0 +8.387389028e-02 +1.085338739e+02 +1.085338739e+02
1984 0 +7.614173510e-02 +1.085261417e+02 +1.085261417e+02
1992 0 +6.770940260e-02 +1.085177094e+02 +1.085177094e+02
1993 0 +5.328606110e-02 +1.085032861e+02 +1.085032861e+02
2001 0 +4.236526862e-02 +1.084923653e+02 +1.084923653e+02
2098 0 +3.947839172e-02 +1.084894784e+02 +1.084894784e+02
2117 0 +3.494002814e-02 +1.084849400e+02 +1.084849400e+02
2125 0 +3.045754400e-02 +1.084804575e+02 +1.084804575e+02
2132 0 +2.772796424e-02 +1.084777280e+02 +1.084777280e+02
2133 0 +2.506188277e-02 +1.084750619e+02 +1.084750619e+02
2150 0 +1.941999933e-02 +1.084694200e+02 +1.084694200e+02
2157 0 +1.545671105e-02 +1.084654567e+02 +1.084654567e+02
2159 0 +1.398340001e-02 +1.084639834e+02 +1.084639834e+02
2249 0 +1.246257649e-02 +1.084624626e+02 +1.084624626e+02
2261 0 +1.073730884e-02 +1.084607373e+02 +1.084607373e+02
2268 0 +9.711965632e-03 +1.084597120e+02 +1.084597120e+02
2278 0 +8.547583517e-03 +1.084585476e+02 +1.084585476e+02
2289 0 +7.531814490e-03 +1.084575318e+02 +1.084575318e+02
2296 0 +6.959927656e-03 +1.084569599e+02 +1.084569599e+02
2304 0 +5.431544191e-03 +1.084554315e+02 +1.084554315e+02
2306 0 +4.539302752e-03 +1.084545393e+02 +1.084545393e+02
2312 0 +3.605820215e-03 +1.084536058e+02 +1.084536058e+02
2320 0 +3.364644998e-03 +1.084533646e+02 +1.084533646e+02
2322 0 +3.142985359e-03 +1.084531430e+02 +1.084531430e+02
2419 0 +2.617966711e-03 +1.084526180e+02 +1.084526180e+02
2426 0 +2.461373677e-03 +1.084524614e+02 +1.084524614e+02
2441 0 +2.127204230e-03 +1.084521272e+02 +1.084521272e+02
2447 0 +1.984911445e-03 +1.084519849e+02 +1.084519849e+02
2457 0 +1.671395424e-03 +1.084516714e+02 +1.084516714e+02
2462 0 +1.457483201e-03 +1.084514575e+02 +1.084514575e+02
2467 0 +1.243823852e-03 +1.084512438e+02 +1.084512438e+02
2479 0 +1.006037196e-03 +1.084510060e+02 +1.084510060e+02
2481 0 +8.724093309e-04 +1.084508724e+02 +1.084508724e+02
2568 0 +7.619750456e-04 +1.084507620e+02 +1.084507620e+02
2573 0 +6.731970106e-04 +1.084506732e+02 +1.084506732e+02
2576 0 +6.238383910e-04 +1.084506238e+02 +1.084506238e+02
2591 0 +5.236317840e-04 +1.084505236e+02 +1.084505236e+02
2597 0 +4.908548135e-04 +1.084504909e+02 +1.084504909e+02
2600 0 +4.448275877e-04 +1.084504448e+02 +1.084504448e+02
2603 0 +3.828782577e-04 +1.084503829e+02 +1.084503829e+02
2610 0 +3.292850313e-04 +1.084503293e+02 +1.084503293e+02
2612 0 +2.936596663e-04 +1.084502937e+02 +1.084502937e+02
2613 0 +2.659715892e-04 +1.084502660e+02 +1.084502660e+02
2615 0 +2.256000339e-04 +1.084502256e+02 +1.084502256e+02
2620 0 +1.855506226e-04 +1.084501856e+02 +1.084501856e+02
2634 0 +1.702931489e-04 +1.084501703e+02 +1.084501703e+02
2742 0 +1.509106707e-04 +1.084501509e+02 +1.084501509e+02
2746 0 +1.369190633e-04 +1.084501369e+02 +1.084501369e+02
2761 0 +1.124130571e-04 +1.084501124e+02 +1.084501124e+02
2766 0 +1.032565034e-04 +1.084501033e+02 +1.084501033e+02
2768 0 +9.299388398e-05 +1.084500930e+02 +1.084500930e+02
2789 0 +8.224169159e-05 +1.084500822e+02 +1.084500822e+02
2793 0 +7.459182318e-05 +1.084500746e+02 +1.084500746e+02
2795 0 +6.139128352e-05 +1.084500614e+02 +1.084500614e+02
2800 0 +4.652298662e-05 +1.084500465e+02 +1.084500465e+02
2802 0 +3.409413711e-05 +1.084500341e+02 +1.084500341e+02
2894 0 +3.038560091e-05 +1.084500304e+02 +1.084500304e+02
2918 0 +2.600151801e-05 +1.084500260e+02 +1.084500260e+02
2931 0 +2.344890528e-05 +1.084500234e+02 +1.084500234e+02
2933 0 +2.034653733e-05 +1.084500203e+02 +1.084500203e+02
2936 0 +1.898047216e-05 +1.084500190e+02 +1.084500190e+02
2938 0 +1.670356541e-05 +1.084500167e+02 +1.084500167e+02
2939 0 +1.525696426e-05 +1.084500153e+02 +1.084500153e+02
2945 0 +1.372728431e-05 +1.084500137e+02 +1.084500137e+02
3051 0 +1.232497362e-05 +1.084500123e+02 +1.084500123e+02
3064 0 +1.084422031e-05 +1.084500108e+02 +1.084500108e+02
3070 0 +9.908498910e-06 +1.084500099e+02 +1.084500099e+02
3079 0 +8.774363863e-06 +1.084500088e+02 +1.084500088e+02
3087 0 +7.899680156e-06 +1.084500079e+02 +1.084500079e+02
3101 0 +6.442009138e-06 +1.084500064e+02 +1.084500064e+02
3106 0 +6.251936284e-06 +1.084500063e+02 +1.084500063e+02
3107 0 +5.312093805e-06 +1.084500053e+02 +1.084500053e+02
3110 0 +4.776761727e-06 +1.084500048e+02 +1.084500048e+02
3111 0 +4.345793258e-06 +1.084500043e+02 +1.084500043e+02
3114 0 +3.393521865e-06 +1.084500034e+02 +1.084500034e+02
3207 0 +3.065242851e-06 +1.084500031e+02 +1.084500031e+02
3218 0 +2.791041766e-06 +1.084500028e+02 +1.084500028e+02
3232 0 +2.489426294e-06 +1.084500025e+02 +1.084500025e+02
3235 0 +2.113544113e-06 +1.084500021e+02 +1.084500021e+02
3249 0 +1.793011251e-06 +1.084500018e+02 +1.084500018e+02
3252 0 +1.714979817e-06 +1.084500017e+02 +1.084500017e+02
3257 0 +1.465233794e-06 +1.084500015e+02 +1.084500015e+02
3259 0 +1.342311720e-06 +1.084500013e+02 +1.084500013e+02
3263 0 +1.227560517e-06 +1.084500012e+02 +1.084500012e+02
3265 0 +1.083868739e-06 +1.084500011e+02 +1.084500011e+02
3278 0 +9.913613894e-07 +1.084500010e+02 +1.084500010e+02
3281 0 +8.738701212e-07 +1.084500009e+02 +1.084500009e+02
3371 0 +7.465721552e-07 +1.084500007e+02 +1.084500007e+02
3376 0 +6.961665946e-07 +1.084500007e+02 +1.084500007e+02
3384 0 +6.108430171e-07 +1.084500006e+02 +1.084500006e+02
3391 0 +5.622959094e-07 +1.084500006e+02 +1.084500006e+02
3406 0 +4.880264299e-07 +1.084500005e+02 +1.084500005e+02
3414 0 +4.222928709e-07 +1.084500004e+02 +1.084500004e+02
3429 0 +3.664852812e-07 +1.084500004e+02 +1.084500004e+02
3431 0 +3.184252080e-07 +1.084500003e+02 +1.084500003e+02
3435 0 +2.692581660e-07 +1.084500003e+02 +1.084500003e+02
3437 0 +2.336928020e-07 +1.084500002e+02 +1.084500002e+02
3525 0 +2.227226048e-07 +1.084500002e+02 +1.084500002e+02
3537 0 +1.960725484e-07 +1.084500002e+02 +1.084500002e+02
3548 0 +1.736958097e-07 +1.084500002e+02 +1.084500002e+02
3556 0 +1.510661178e-07 +1.084500002e+02 +1.084500002e+02
3558 0 +1.409883197e-07 +1.084500001e+02 +1.084500001e+02
3563 0 +1.258662508e-07 +1.084500001e+02 +1.084500001e+02
3576 0 +1.031263110e-07 +1.084500001e+02 +1.084500001e+02
3578 0 +9.510425514e-08 +1.084500001e+02 +1.084500001e+02
3580 0 +8.107322458e-08 +1.084500001e+02 +1.084500001e+02
3583 0 +6.730594748e-08 +1.084500001e+02 +1.084500001e+02
3586 0 +5.846735007e-08 +1.084500001e+02 +1.084500001e+02
3601 0 +4.401503872e-08 +1.084500000e+02 +1.084500000e+02
3687 0 +3.894977851e-08 +1.084500000e+02 +1.084500000e+02
3701 0 +3.222561418e-08 +1.084500000e+02 +1.084500000e+02
3703 0 +3.081640898e-08 +1.084500000e+02 +1.084500000e+02
3711 0 +2.613988670e-08 +1.084500000e+02 +1.084500000e+02
3722 0 +2.292891566e-08 +1.084500000e+02 +1.084500000e+02
3725 0 +2.052506431e-08 +1.084500000e+02 +1.084500000e+02
3731 0 +1.904652436e-08 +1.084500000e+02 +1.084500000e+02
3733 0 +1.535073579e-08 +1.084500000e+02 +1.084500000e+02
3758 0 +1.305168951e-08 +1.084500000e+02 +1.084500000e+02
3759 0 +1.037075492e-08 +1.084500000e+02 +1.084500000e+02
3846 0 +9.525749078e-09 +1.084500000e+02 +1.084500000e+02
4942 0 +8.952838471e-13 +1.084500000e+02 +1.084500000e+02
400000 0 +1.278976924e-13 +1.084500000e+02 +1.084500000e+02
% f evaluations | g evaluations | best noise-free fitness - Fopt (2.606200000000e+02) + sum g_i+ | measured fitness | best measured fitness or single-digit g-values | x1 | x2...
1 0 +2.275165536e+02 +4.881365536e+02 +4.881365536e+02
3 0 +2.245870308e+02 +4.852070308e+02 +4.852070308e+02
11 0 +2.136150570e+02 +4.742350570e+02 +4.742350570e+02
1214 0 +1.969800428e+02 +4.576000428e+02 +4.576000428e+02
1226 0 +1.764762366e+02 +4.370962366e+02 +4.370962366e+02
1245 0 +1.568011369e+02 +4.174211369e+02 +4.174211369e+02
1256 0 +1.399518523e+02 +4.005718523e+02 +4.005718523e+02
1272 0 +1.209930483e+02 +3.816130483e+02 +3.816130483e+02
1276 0 +1.076897166e+02 +3.683097166e+02 +3.683097166e+02
1281 0 +9.870663663e+01 +3.593266366e+02 +3.593266366e+02
1291 0 +8.601339197e+01 +3.466333920e+02 +3.466333920e+02
1300 0 +7.807488436e+01 +3.386948844e+02 +3.386948844e+02
1314 0 +7.066026398e+01 +3.312802640e+02 +3.312802640e+02
1329 0 +6.192285609e+01 +3.225428561e+02 +3.225428561e+02
1337 0 +5.337755485e+01 +3.139975548e+02 +3.139975548e+02
1340 0 +4.889819644e+01 +3.095181964e+02 +3.095181964e+02
1353 0 +4.130356452e+01 +3.019235645e+02 +3.019235645e+02
1356 0 +3.640633504e+01 +2.970263350e+02 +2.970263350e+02
1358 0 +3.492732297e+01 +2.955473230e+02 +2.955473230e+02
1366 0 +3.011499421e+01 +2.907349942e+02 +2.907349942e+02
1371 0 +2.801772497e+01 +2.886377250e+02 +2.886377250e+02
1380 0 +2.472768197e+01 +2.853476820e+02 +2.853476820e+02
1395 0 +2.063679005e+01 +2.812567901e+02 +2.812567901e+02
1409 0 +1.971463748e+01 +2.803346375e+02 +2.803346375e+02
1412 0 +1.751485611e+01 +2.781348561e+02 +2.781348561e+02
1417 0 +1.558725130e+01 +2.762072513e+02 +2.762072513e+02
1420 0 +1.311049024e+01 +2.737304902e+02 +2.737304902e+02
1432 0 +1.191936319e+01 +2.725393632e+02 +2.725393632e+02
1433 0 +9.521053030e+00 +2.701410530e+02 +2.701410530e+02
1436 0 +6.626420901e+00 +2.672464209e+02 +2.672464209e+02
1446 0 +5.819286839e+00 +2.664392868e+02 +2.664392868e+02
1454 0 +5.202630703e+00 +2.658226307e+02 +2.658226307e+02
1492 0 +4.908798470e+00 +2.655287985e+02 +2.655287985e+02
1500 0 +4.434634770e+00 +2.650546348e+02 +2.650546348e+02
1516 0 +3.146887187e+00 +2.637668872e+02 +2.637668872e+02
1611 0 +2.725598995e+00 +2.633455990e+02 +2.633455990e+02
1626 0 +2.480749825e+00 +2.631007498e+02 +2.631007498e+02
1636 0 +2.189264904e+00 +2.628092649e+02 +2.628092649e+02
1641 0 +1.970896938e+00 +2.625908969e+02 +2.625908969e+02
1651 0 +1.753132854e+00 +2.623731329e+02 +2.623731329e+02
1657 0 +1.413497632e+00 +2.620334976e+02 +2.620334976e+02
1659 0 +1.400254812e+00 +2.620202548e+02 +2.620202548e+02
1670 0 +1.172582556e+00 +2.617925826e+02 +2.617925826e+02
1674 0 +1.120114291e+00 +2.617401143e+02 +2.617401143e+02
1680 0 +9.378109289e-01 +2.615578109e+02 +2.615578109e+02
1773 0 +8.635993979e-01 +2.614835994e+02 +2.614835994e+02
1779 0 +7.850719128e-01 +2.614050719e+02 +2.614050719e+02
1792 0 +6.884686752e-01 +2.613084687e+02 +2.613084687e+02
1800 0 +6.025203695e-01 +2.612225204e+02 +2.612225204e+02
1814 0 +5.517949131e-01 +2.611717949e+02 +2.611717949e+02
1820 0 +4.552362348e-01 +2.610752362e+02 +2.610752362e+02
1823 0 +4.045976805e-01 +2.610245977e+02 +2.610245977e+02
1825 0 +3.427735815e-01 +2.609627736e+02 +2.609627736e+02
1833 0 +2.876577941e-01 +2.609076578e+02 +2.609076578e+02
1838 0 +2.308106151e-01 +2.608508106e+02 +2.608508106e+02
1841 0 +2.036581354e-01 +2.608236581e+02 +2.608236581e+02
1924 0 +1.950877183e-01 +2.608150877e+02 +2.608150877e+02
1932 0 +1.699711481e-01 +2.607899711e+02 +2.607899711e+02
1943 0 +1.504696300e-01 +2.607704696e+02 +2.607704696e+02
1948 0 +1.409202893e-01 +2.607609203e+02 +2.607609203e+02
1966 0 +1.258184960e-01 +2.607458185e+02 +2.607458185e+02
1973 0 +1.108879297e-01 +2.607308879e+02 +2.607308879e+02
1982 0 +9.525350065e-02 +2.607152535e+02 +2.607152535e+02
1988 0 +8.334034465e-02 +2.607033403e+02 +2.607033403e+02
1990 0 +7.334729329e-02 +2.606933473e+02 +2.606933473e+02
1992 0 +6.526403795e-02 +2.606852640e+02 +2.606852640e+02
2002 0 +6.183495109e-02 +2.606818350e+02 +2.606818350e+02
2094 0 +5.456537789e-02 +2.606745654e+02 +2.606745654e+02
2097 0 +4.790005990e-02 +2.606679001e+02 +2.606679001e+02
2111 0 +4.443474771e-02 +2.606644347e+02 +2.606644347e+02
2115 0 +3.894473002e-02 +2.606589447e+02 +2.606589447e+02
2122 0 +3.307449994e-02 +2.606530745e+02 +2.606530745e+02
2127 0 +2.892995313e-02 +2.606489300e+02 +2.606489300e+02
2130 0 +2.789464433e-02 +2.606478946e+02 +2.606478946e+02
2135 0 +2.493172810e-02 +2.606449317e+02 +2.606449317e+02
2154 0 +2.150880705e-02 +2.606415088e+02 +2.606415088e+02
2155 0 +1.859113619e-02 +2.606385911e+02 +2.606385911e+02
2160 0 +1.535983068e-02 +2.606353598e+02 +2.606353598e+02
2161 0 +1.248303370e-02 +2.606324830e+02 +2.606324830e+02
2247 0 +1.090416920e-02 +2.606309042e+02 +2.606309042e+02
2267 0 +9.740765619e-03 +2.606297408e+02 +2.606297408e+02
2269 0 +8.763970581e-03 +2.606287640e+02 +2.606287640e+02
2283 0 +7.694670580e-03 +2.606276947e+02 +2.606276947e+02
2286 0 +7.049092908e-03 +2.606270491e+02 +2.606270491e+02
2291 0 +5.906102068e-03 +2.606259061e+02 +2.606259061e+02
2293 0 +5.617610084e-03 +2.606256176e+02 +2.606256176e+02
2297 0 +4.841923404e-03 +2.606248419e+02 +2.606248419e+02
2304 0 +4.324211831e-03 +2.606243242e+02 +2.606243242e+02
2309 0 +3.888982456e-03 +2.606238890e+02 +2.606238890e+02
2311 0 +2.976304074e-03 +2.606229763e+02 +2.606229763e+02
2410 0 +2.727059297e-03 +2.606227271e+02 +2.606227271e+02
2423 0 +2.388143444e-03 +2.606223881e+02 +2.606223881e+02
2436 0 +2.044453032e-03 +2.606220445e+02 +2.606220445e+02
2440 0 +1.943919196e-03 +2.606219439e+02 +2.606219439e+02
2454 0 +1.749620405e-03 +2.606217496e+02 +2.606217496e+02
2459 0 +1.428637995e-03 +2.606214286e+02 +2.606214286e+02
2467 0 +1.206578701e-03 +2.606212066e+02 +2.606212066e+02
2473 0 +1.108165193e-03 +2.606211082e+02 +2.606211082e+02
2477 0 +9.902932746e-04 +2.606209903e+02 +2.606209903e+02
2571 0 +8.685139784e-04 +2.606208685e+02 +2.606208685e+02
2580 0 +7.653327562e-04 +2.606207653e+02 +2.606207653e+02
2585 0 +6.998563259e-04 +2.606206999e+02 +2.606206999e+02
2598 0 +6.245048750e-04 +2.606206245e+02 +2.606206245e+02
2609 0 +5.165232336e-04 +2.606205165e+02 +2.606205165e+02
2613 0 +4.928750217e-04 +2.606204929e+02 +2.606204929e+02
2623 0 +4.031102123e-04 +2.606204031e+02 +2.606204031e+02
2629 0 +3.554172897e-04 +2.606203554e+02 +2.606203554e+02
2634 0 +3.300881239e-04 +2.606203301e+02 +2.606203301e+02
2635 0 +2.709513723e-04 +2.606202710e+02 +2.606202710e+02
2639 0 +2.429074815e-04 +2.606202429e+02 +2.606202429e+02
2641 0 +1.888799658e-04 +2.606201889e+02 +2.606201889e+02
2729 0 +1.715503010e-04 +2.606201716e+02 +2.606201716e+02
2746 0 +1.584198195e-04 +2.606201584e+02 +2.606201584e+02
2754 0 +1.368078926e-04 +2.606201368e+02 +2.606201368e+02
2760 0 +1.220993963e-04 +2.606201221e+02 +2.606201221e+02
2764 0 +1.081799073e-04 +2.606201082e+02 +2.606201082e+02
2768 0 +9.219918763e-05 +2.606200922e+02 +2.606200922e+02
2771 0 +8.324040090e-05 +2.606200832e+02 +2.606200832e+02
2774 0 +7.346608299e-05 +2.606200735e+02 +2.606200735e+02
2776 0 +6.553076565e-05 +2.606200655e+02 +2.606200655e+02
2780 0 +6.204005376e-05 +2.606200620e+02 +2.606200620e+02
2797 0 +4.622549170e-05 +2.606200462e+02 +2.606200462e+02
2800 0 +4.289076617e-05 +2.606200429e+02 +2.606200429e+02
2892 0 +3.662276760e-05 +2.606200366e+02 +2.606200366e+02
2902 0 +3.541821286e-05 +2.606200354e+02 +2.606200354e+02
2915 0 +3.152467895e-05 +2.606200315e+02 +2.606200315e+02
2925 0 +2.697003248e-05 +2.606200270e+02 +2.606200270e+02
2937 0 +2.447343826e-05 +2.606200245e+02 +2.606200245e+02
2946 0 +2.030419836e-05 +2.606200203e+02 +2.606200203e+02
2954 0 +1.753918730e-05 +2.606200175e+02 +2.606200175e+02
2959 0 +1.538689872e-05 +2.606200154e+02 +2.606200154e+02
3045 0 +1.388209859e-05 +2.606200139e+02 +2.606200139e+02
3058 0 +1.178135614e-05 +2.606200118e+02 +2.606200118e+02
3060 0 +1.082876690e-05 +2.606200108e+02 +2.606200108e+02
3067 0 +9.639918233e-06 +2.606200096e+02 +2.606200096e+02
3077 0 +8.901574404e-06 +2.606200089e+02 +2.606200089e+02
3083 0 +7.745200946e-06 +2.606200077e+02 +2.606200077e+02
3092 0 +6.999026311e-06 +2.606200070e+02 +2.606200070e+02
3095 0 +5.696958169e-06 +2.606200057e+02 +2.606200057e+02
3108 0 +5.251971515e-06 +2.606200053e+02 +2.606200053e+02
3110 0 +4.529197042e-06 +2.606200045e+02 +2.606200045e+02
3111 0 +3.700469676e-06 +2.606200037e+02 +2.606200037e+02
3216 0 +3.426745366e-06 +2.606200034e+02 +2.606200034e+02
3231 0 +3.142795151e-06 +2.606200031e+02 +2.606200031e+02
3235 0 +2.745652921e-06 +2.606200027e+02 +2.606200027e+02
3242 0 +2.463122030e-06 +2.606200025e+02 +2.606200025e+02
3247 0 +2.073429926e-06 +2.606200021e+02 +2.606200021e+02
3250 0 +1.863110697e-06 +2.606200019e+02 +2.606200019e+02
3258 0 +1.742925974e-06 +2.606200017e+02 +2.606200017e+02
3260 0 +1.545315172e-06 +2.606200015e+02 +2.606200015e+02
3264 0 +1.334102706e-06 +2.606200013e+02 +2.606200013e+02
3265 0 +1.141654195e-06 +2.606200011e+02 +2.606200011e+02
3273 0 +1.037394725e-06 +2.606200010e+02 +2.606200010e+02
3280 0 +8.382522196e-07 +2.606200008e+02 +2.606200008e+02
3282 0 +6.340488312e-07 +2.606200006e+02 +2.606200006e+02
3366 0 +6.205958130e-07 +2.606200006e+02 +2.606200006e+02
3371 0 +5.538902883e-07 +2.606200006e+02 +2.606200006e+02
3381 0 +4.978299444e-07 +2.606200005e+02 +2.606200005e+02
3399 0 +4.196859891e-07 +2.606200004e+02 +2.606200004e+02
3404 0 +3.775307960e-07 +2.606200004e+02 +2.606200004e+02
3411 0 +3.547450547e-07 +2.606200004e+02 +2.606200004e+02
3413 0 +3.091373628e-07 +2.606200003e+02 +2.606200003e+02
3428 0 +2.439087439e-07 +2.606200002e+02 +2.606200002e+02
3437 0 +1.769518008e-07 +2.606200002e+02 +2.606200002e+02
3534 0 +1.582486107e-07 +2.606200002e+02 +2.606200002e+02
3545 0 +1.378220986e-07 +2.606200001e+02 +2.606200001e+02
3558 0 +1.160577767e-07 +2.606200001e+02 +2.606200001e+02
3561 0 +1.050051992e-07 +2.606200001e+02 +2.606200001e+02
3578 0 +9.316795513e-08 +2.606200001e+02 +2.606200001e+02
3589 0 +7.907112831e-08 +2.606200001e+02 +2.606200001e+02
3595 0 +5.727235930e-08 +2.606200001e+02 +2.606200001e+02
3684 0 +5.373874501e-08 +2.606200001e+02 +2.606200001e+02
3693 0 +4.846543789e-08 +2.606200000e+02 +2.606200000e+02
3701 0 +4.122682640e-08 +2.606200000e+02 +2.606200000e+02
3707 0 +3.760038680e-08 +2.606200000e+02 +2.606200000e+02
3715 0 +3.469398280e-08 +2.606200000e+02 +2.606200000e+02
3725 0 +2.937593990e-08 +2.606200000e+02 +2.606200000e+02
3731 0 +2.740966920e-08 +2.606200000e+02 +2.606200000e+02
3739 0 +2.510500963e-08 +2.606200000e+02 +2.606200000e+02
3746 0 +2.147623945e-08 +2.606200000e+02 +2.606200000e+02
3751 0 +1.817244311e-08 +2.606200000e+02 +2.606200000e+02
3760 0 +1.437172159e-08 +2.606200000e+02 +2.606200000e+02
3761 0 +1.378623438e-08 +2.606200000e+02 +2.606200000e+02
3851 0 +1.251203230e-08 +2.606200000e+02 +2.606200000e+02
3866 0 +1.098010216e-08 +2.606200000e+02 +2.606200000e+02
3884 0 +9.439077076e-09 +2.606200000e+02 +2.606200000e+02
4873 0 +9.663381206e-13 +2.606200000e+02 +2.606200000e+02
400000 0 +3.979039320e-13 +2.606200000e+02 +2.606200000e+02
% f evaluations | g evaluations | best noise-free fitness - Fopt (-3.553300000000e+02) + sum g_i+ | measured fitness | best measured fitness or single-digit g-values | x1 | x2...
1 0 +1.893329581e+02 -1.659970419e+02 -1.659970419e+02
2 0 +1.881828607e+02 -1.671471393e+02 -1.671471393e+02
16 0 +1.725370400e+02 -1.827929600e+02 -1.827929600e+02
268 0 +1.559793849e+02 -1.993506151e+02 -1.993506151e+02
1233 0 +1.393428140e+02 -2.159871860e+02 -2.159871860e+02
1248 0 +1.236165070e+02 -2.317134930e+02 -2.317134930e+02
1261 0 +1.109738004e+02 -2.443561996e+02 -2.443561996e+02
1269 0 +9.614277588e+01 -2.591872241e+02 -2.591872241e+02
1273 0 +8.752408313e+01 -2.678059169e+02 -2.678059169e+02
1278 0 +7.767739378e+01 -2.776526062e+02 -2.776526062e+02
1291 0 +6.773057987e+01 -2.875994201e+02 -2.875994201e+02
1297 0 +6.143151781e+01 -2.938984822e+02 -2.938984822e+02
1305 0 +5.380841480e+01 -3.015215852e+02 -3.015215852e+02
1307 0 +5.010716115e+01 -3.052228388e+02 -3.052228388e+02
1328 0 +4.448124850e+01 -3.108487515e+02 -3.108487515e+02
1346 0 +3.680440540e+01 -3.185255946e+02 -3.185255946e+02
1349 0 +3.361102860e+01 -3.217189714e+02 -3.217189714e+02
1353 0 +2.899753056e+01 -3.263324694e+02 -3.263324694e+02
1356 0 +2.677883866e+01 -3.285511613e+02 -3.285511613e+02
1358 0 +2.315603591e+01 -3.321739641e+02 -3.321739641e+02
1371 0 +2.057049556e+01 -3.347595044e+02 -3.347595044e+02
1377 0 +1.681323325e+01 -3.385167667e+02 -3.385167667e+02
1385 0 +1.429969398e+01 -3.410303060e+02 -3.410303060e+02
1387 0 +1.260103769e+01 -3.427289623e+02 -3.427289623e+02
1405 0 +1.163725811e+01 -3.436927419e+02 -3.436927419e+02
1426 0 +9.552751519e+00 -3.457772485e+02 -3.457772485e+02
1433 0 +6.946352007e+00 -3.483836480e+02 -3.483836480e+02
1438 0 +5.110052063e+00 -3.502199479e+02 -3.502199479e+02
1451 0 +4.996122049e+00 -3.503338780e+02 -3.503338780e+02
1457 0 +3.241457089e+00 -3.520885429e+02 -3.520885429e+02
1506 0 +3.159547847e+00 -3.521704522e+02 -3.521704522e+02
1608 0 +2.703187776e+00 -3.526268122e+02 -3.526268122e+02
1612 0 +2.386763180e+00 -3.529432368e+02 -3.529432368e+02
1625 0 +2.215685362e+00 -3.531143146e+02 -3.531143146e+02
1632 0 +1.901602689e+00 -3.534283973e+02 -3.534283973e+02
1636 0 +1.776849815e+00 -3.535531502e+02 -3.535531502e+02
1665 0 +1.390674737e+00 -3.539393253e+02 -3.539393253e+02
1674 0 +1.138355753e+00 -3.541916442e+02 -3.541916442e+02
1675 0 +9.960783556e-01 -3.543339216e+02 -3.543339216e+02
1765 0 +8.367772311e-01 -3.544932228e+02 -3.544932228e+02
1775 0 +7.827856293e-01 -3.545472144e+02 -3.545472144e+02
1793 0 +6.869600771e-01 -3.546430399e+02 -3.546430399e+02
1801 0 +6.091804600e-01 -3.547208195e+02 -3.547208195e+02
1814 0 +5.351644587e-01 -3.547948355e+02 -3.547948355e+02
1815 0 +4.858238940e-01 -3.548441761e+02 -3.548441761e+02
1818 0 +4.277645191e-01 -3.549022355e+02 -3.549022355e+02
1823 0 +3.466730889e-01 -3.549833269e+02 -3.549833269e+02
1829 0 +3.120025779e-01 -3.550179974e+02 -3.550179974e+02
1832 0 +2.762067731e-01 -3.550537932e+02 -3.550537932e+02
1837 0 +2.431899520e-01 -3.550868100e+02 -3.550868100e+02
1841 0 +1.927355105e-01 -3.551372645e+02 -3.551372645e+02
1927 0 +1.746157527e-01 -3.551553842e+02 -3.551553842e+02
1938 0 +1.441485538e-01 -3.551858514e+02 -3.551858514e+02
1947 0 +1.352053111e-01 -3.551947947e+02 -3.551947947e+02
1958 0 +1.249603932e-01 -3.552050396e+02 -3.552050396e+02
1963 0 +1.100804553e-01 -3.552199195e+02 -3.552199195e+02
1971 0 +9.739623694e-02 -3.552326038e+02 -3.552326038e+02
1980 0 +8.724650679e-02 -3.552427535e+02 -3.552427535e+02
1988 0 +7.116578988e-02 -3.552588342e+02 -3.552588342e+02
1993 0 +5.996165096e-02 -3.552700383e+02 -3.552700383e+02
1996 0 +4.859512479e-02 -3.552814049e+02 -3.552814049e+02
2093 0 +4.133876283e-02 -3.552886612e+02 -3.552886612e+02
2101 0 +3.777287998e-02 -3.552922271e+02 -3.552922271e+02
2111 0 +3.518955779e-02 -3.552948104e+02 -3.552948104e+02
2117 0 +3.130539173e-02 -3.552986946e+02 -3.552986946e+02
2132 0 +2.729092096e-02 -3.553027091e+02 -3.553027091e+02
2150 0 +2.249788508e-02 -3.553075021e+02 -3.553075021e+02
2151 0 +1.971286742e-02 -3.553102871e+02 -3.553102871e+02
2158 0 +1.623310381e-02 -3.553137669e+02 -3.553137669e+02
2244 0 +1.547259420e-02 -3.553145274e+02 -3.553145274e+02
2264 0 +1.391150812e-02 -3.553160885e+02 -3.553160885e+02
2272 0 +1.230405961e-02 -3.553176959e+02 -3.553176959e+02
2279 0 +1.052240675e-02 -3.553194776e+02 -3.553194776e+02
2283 0 +9.431519773e-03 -3.553205685e+02 -3.553205685e+02
2287 0 +8.473653195e-03 -3.553215263e+02 -3.553215263e+02
2289 0 +7.527880784e-03 -3.553224721e+02 -3.553224721e+02
2293 0 +7.001573560e-03 -3.553229984e+02 -3.553229984e+02
2299 0 +5.928269294e-03 -3.553240717e+02 -3.553240717e+02
2301 0 +5.209783608e-03 -3.553247902e+02 -3.553247902e+02
2304 0 +4.912500266e-03 -3.553250875e+02 -3.553250875e+02
2307 0 +3.929042441e-03 -3.553260710e+02 -3.553260710e+02
2322 0 +3.134460268e-03 -3.553268655e+02 -3.553268655e+02
2420 0 +2.807177899e-03 -3.553271928e+02 -3.553271928e+02
2434 0 +2.469297747e-03 -3.553275307e+02 -3.553275307e+02
2442 0 +2.097112500e-03 -3.553279029e+02 -3.553279029e+02
2445 0 +1.949975454e-03 -3.553280500e+02 -3.553280500e+02
2454 0 +1.724213697e-03 -3.553282758e+02 -3.553282758e+02
2463 0 +1.543815500e-03 -3.553284562e+02 -3.553284562e+02
2473 0 +1.270924441e-03 -3.553287291e+02 -3.553287291e+02
2476 0 +1.072397093e-03 -3.553289276e+02 -3.553289276e+02
2479 0 +8.440664258e-04 -3.553291559e+02 -3.553291559e+02
2565 0 +7.871621482e-04 -3.553292128e+02 -3.553292128e+02
2579 0 +7.065944017e-04 -3.553292934e+02 -3.553292934e+02
2589 0 +6.306914307e-04 -3.553293693e+02 -3.553293693e+02
2611 0 +5.598916450e-04 -3.553294401e+02 -3.553294401e+02
2618 0 +5.007650647e-04 -3.553294992e+02 -3.553294992e+02
2624 0 +4.459363099e-04 -3.553295541e+02 -3.553295541e+02
2628 0 +3.826577190e-04 -3.553296173e+02 -3.553296173e+02
2629 0 +3.381494101e-04 -3.553296619e+02 -3.553296619e+02
2631 0 +2.955943075e-04 -3.553297044e+02 -3.553297044e+02
2641 0 +2.467535385e-04 -3.553297532e+02 -3.553297532e+02
2736 0 +2.128485817e-04 -3.553297872e+02 -3.553297872e+02
2744 0 +1.878298107e-04 -3.553298122e+02 -3.553298122e+02
2748 0 +1.749746069e-04 -3.553298250e+02 -3.553298250e+02
2757 0 +1.484529649e-04 -3.553298515e+02 -3.553298515e+02
2760 0 +1.402831855e-04 -3.553298597e+02 -3.553298597e+02
2768 0 +1.196845568e-04 -3.553298803e+02 -3.553298803e+02
2772 0 +1.075513275e-04 -3.553298924e+02 -3.553298924e+02
2774 0 +9.380132792e-05 -3.553299062e+02 -3.553299062e+02
2776 0 +8.553878098e-05 -3.553299145e+02 -3.553299145e+02
2781 0 +7.212109671e-05 -3.553299279e+02 -3.553299279e+02
2783 0 +6.344569852e-05 -3.553299366e+02 -3.553299366e+02
2794 0 +6.216711813e-05 -3.553299378e+02 -3.553299378e+02
2797 0 +5.047326380e-05 -3.553299495e+02 -3.553299495e+02
2887 0 +4.788263050e-05 -3.553299521e+02 -3.553299521e+02
2890 0 +4.461664776e-05 -3.553299554e+02 -3.553299554e+02
2893 0 +3.965864170e-05 -3.553299603e+02 -3.553299603e+02
2914 0 +3.338276224e-05 -3.553299666e+02 -3.553299666e+02
2916 0 +2.996539638e-05 -3.553299700e+02 -3.553299700e+02
2921 0 +2.648457058e-05 -3.553299735e+02 -3.553299735e+02
2940 0 +2.355110030e-05 -3.553299764e+02 -3.553299764e+02
2946 0 +2.017781662e-05 -3.553299798e+02 -3.553299798e+02
2947 0 +1.645284010e-05 -3.553299835e+02 -3.553299835e+02
2952 0 +1.530078498e-05 -3.553299847e+02 -3.553299847e+02
2953 0 +1.212042389e-05 -3.553299879e+02 -3.553299879e+02
2955 0 +1.019878306e-05 -3.553299898e+02 -3.553299898e+02
3058 0 +9.670252041e-06 -3.553299903e+02 -3.553299903e+02
3072 0 +8.892774929e-06 -3.553299911e+02 -3.553299911e+02
3085 0 +7.468631395e-06 -3.553299925e+02 -3.553299925e+02
3095 0 +6.622619708e-06 -3.553299934e+02 -3.553299934e+02
3098 0 +6.142527354e-06 -3.553299939e+02 -3.553299939e+02
3104 0 +5.446638397e-06 -3.553299946e+02 -3.553299946e+02
3109 0 +4.657663965e-06 -3.553299953e+02 -3.553299953e+02
3111 0 +4.112840259e-06 -3.553299959e+02 -3.553299959e+02
3122 0 +3.480520832e-06 -3.553299965e+02 -3.553299965e+02
3214 0 +3.009440547e-06 -3.553299970e+02 -3.553299970e+02
3220 0 +2.764330702e-06 -3.553299972e+02 -3.553299972e+02
3230 0 +2.458495544e-06 -3.553299975e+02 -3.553299975e+02
3247 0 +2.045608767e-06 -3.553299980e+02 -3.553299980e+02
3249 0 +1.830335520e-06 -3.553299982e+02 -3.553299982e+02
3251 0 +1.675891724e-06 -3.553299983e+02 -3.553299983e+02
3259 0 +1.455664460e-06 -3.553299985e+02 -3.553299985e+02
3276 0 +1.219890009e-06 -3.553299988e+02 -3.553299988e+02
3278 0 +1.010524386e-06 -3.553299990e+02 -3.553299990e+02
3279 0 +7.983090313e-07 -3.553299992e+02 -3.553299992e+02
3365 0 +7.508298836e-07 -3.553299992e+02 -3.553299992e+02
3372 0 +6.593110129e-07 -3.553299993e+02 -3.553299993e+02
3376 0 +6.170242273e-07 -3.553299994e+02 -3.553299994e+02
3381 0 +5.325945267e-07 -3.553299995e+02 -3.553299995e+02
3385 0 +4.809257916e-07 -3.553299995e+02 -3.553299995e+02
3394 0 +4.353297527e-07 -3.553299996e+02 -3.553299996e+02
3413 0 +3.708902909e-07 -3.553299996e+02 -3.553299996e+02
3417 0 +3.118672112e-07 -3.553299997e+02 -3.553299997e+02
3422 0 +2.552416731e-07 -3.553299997e+02 -3.553299997e+02
3423 0 +2.501677727e-07 -3.553299997e+02 -3.553299997e+02
3432 0 +2.073275596e-07 -3.553299998e+02 -3.553299998e+02
3434 0 +1.870982942e-07 -3.553299998e+02 -3.553299998e+02
3441 0 +1.528756002e-07 -3.553299998e+02 -3.553299998e+02
3530 0 +1.405072680e-07 -3.553299999e+02 -3.553299999e+02
3552 0 +1.149402351e-07 -3.553299999e+02 -3.553299999e+02
3555 0 +1.044974738e-07 -3.553299999e+02 -3.553299999e+02
3562 0 +9.658452882e-08 -3.553299999e+02 -3.553299999e+02
3576 0 +8.524938266e-08 -3.553299999e+02 -3.553299999e+02
3584 0 +7.286581649e-08 -3.553299999e+02 -3.553299999e+02
3585 0 +5.988835028e-08 -3.553299999e+02 -3.553299999e+02
3590 0 +5.406661785e-08 -3.553299999e+02 -3.553299999e+02
3593 0 +4.926067732e-08 -3.553300000e+02 -3.553300000e+02
3687 0 +4.368524742e-08 -3.553300000e+02 -3.553300000e+02
3702 0 +3.847566177e-08 -3.553300000e+02 -3.553300000e+02
3714 0 +3.337447652e-08 -3.553300000e+02 -3.553300000e+02
3719 0 +3.047279051e-08 -3.553300000e+02 -3.553300000e+02
3724 0 +2.627388085e-08 -3.553300000e+02 -3.553300000e+02
3726 0 +2.285810297e-08 -3.553300000e+02 -3.553300000e+02
3731 0 +2.220326678e-08 -3.553300000e+02 -3.553300000e+02
3735 0 +1.852464493e-08 -3.553300000e+02 -3.553300000e+02
3749 0 +1.770541758e-08 -3.553300000e+02 -3.553300000e+02
3762 0 +1.326321808e-08 -3.553300000e+02 -3.553300000e+02
3849 0 +1.241210157e-08 -3.553300000e+02 -3.553300000e+02
3858 0 +1.112533710e-08 -3.553300000e+02 -3.553300000e+02
3863 0 +9.909740584e-09 -3.553300000e+02 -3.553300000e+02
4878 0 +9.094947018e-13 -3.553300000e+02 -3.553300000e+02
400000 0 +4.547473509e-13 -3.553300000e+02 -3.553300000e+02
% f evaluations | g evaluations | best noise-free fitness - Fopt (2.257700000000e+02) + sum g_i+ | measured fitness | best measured fitness or single-digit g-values | x1 | x2...
1 0 +2.493708928e+02 +4.751408928e+02 +4.751408928e+02
5 0 +2.481270696e+02 +4.738970696e+02 +4.738970696e+02
1218 0 +2.238533128e+02 +4.496233128e+02 +4.496233128e+02
1236 0 +1.952575556e+02 +4.210275556e+02 +4.210275556e+02
1248 0 +1.750204733e+02 +4.007904733e+02 +4.007904733e+02
1260 0 +1.543117342e+02 +3.800817342e+02 +3.800817342e+02
1268 0 +1.358335437e+02 +3.616035437e+02 +3.616035437e+02
1274 0 +1.240822680e+02 +3.498522680e+02 +3.498522680e+02
1279 0 +1.111558299e+02 +3.369258299e+02 +3.369258299e+02
1291 0 +9.698960206e+01 +3.227596021e+02 +3.227596021e+02
1307 0 +8.570882106e+01 +3.114788211e+02 +3.114788211e+02
1316 0 +7.941583352e+01 +3.051858335e+02 +3.051858335e+02
1326 0 +7.003673877e+01 +2.958067388e+02 +2.958067388e+02
1335 0 +6.246556421e+01 +2.882355642e+02 +2.882355642e+02
1341 0 +5.550014046e+01 +2.812701405e+02 +2.812701405e+02
1348 0 +4.910183199e+01 +2.748718320e+02 +2.748718320e+02
1354 0 +4.247742946e+01 +2.682474295e+02 +2.682474295e+02
1357 0 +3.758214863e+01 +2.633521486e+02 +2.633521486e+02
1362 0 +3.156741218e+01 +2.573374122e+02 +2.573374122e+02
1371 0 +2.775222853e+01 +2.535222285e+02 +2.535222285e+02
1387 0 +2.385379086e+01 +2.496237909e+02 +2.496237909e+02
1396 0 +2.156599803e+01 +2.473359980e+02 +2.473359980e+02
1399 0 +1.799097016e+01 +2.437609702e+02 +2.437609702e+02
1414 0 +1.677422649e+01 +2.425442265e+02 +2.425442265e+02
1421 0 +1.381399745e+01 +2.395839974e+02 +2.395839974e+02
1428 0 +1.167825762e+01 +2.374482576e+02 +2.374482576e+02
1434 0 +8.996563622e+00 +2.347665636e+02 +2.347665636e+02
1437 0 +7.288301099e+00 +2.330583011e+02 +2.330583011e+02
1442 0 +5.278759363e+00 +2.310487594e+02 +2.310487594e+02
1445 0 +4.772574891e+00 +2.305425749e+02 +2.305425749e+02
1467 0 +4.184737451e+00 +2.299547375e+02 +2.299547375e+02
1479 0 +3.427189918e+00 +2.291971899e+02 +2.291971899e+02
1514 0 +2.550652982e+00 +2.283206530e+02 +2.283206530e+02
1603 0 +2.476268755e+00 +2.282462688e+02 +2.282462688e+02
1615 0 +2.145828088e+00 +2.279158281e+02 +2.279158281e+02
1630 0 +1.783279746e+00 +2.275532797e+02 +2.275532797e+02
1662 0 +1.565103986e+00 +2.273351040e+02 +2.273351040e+02
1667 0 +1.381350555e+00 +2.271513506e+02 +2.271513506e+02
1669 0 +1.162268972e+00 +2.269322690e+02 +2.269322690e+02
1677 0 +1.059111718e+00 +2.268291117e+02 +2.268291117e+02
1680 0 +8.191709664e-01 +2.265891710e+02 +2.265891710e+02
1682 0 +5.757580231e-01 +2.263457580e+02 +2.263457580e+02
1764 0 +5.503689692e-01 +2.263203690e+02 +2.263203690e+02
1766 0 +4.891715853e-01 +2.262591716e+02 +2.262591716e+02
1782 0 +4.101705721e-01 +2.261801706e+02 +2.261801706e+02
1788 0 +3.591089243e-01 +2.261291089e+02 +2.261291089e+02
1796 0 +3.310049549e-01 +2.261010050e+02 +2.261010050e+02
1801 0 +3.160867202e-01 +2.260860867e+02 +2.260860867e+02
1810 0 +2.784520044e-01 +2.260484520e+02 +2.260484520e+02
1825 0 +2.408172886e-01 +2.260108173e+02 +2.260108173e+02
1833 0 +2.228479471e-01 +2.259928479e+02 +2.259928479e+02
1927 0 +1.947800579e-01 +2.259647801e+02 +2.259647801e+02
1934 0 +1.711104246e-01 +2.259411104e+02 +2.259411104e+02
1939 0 +1.581071403e-01 +2.259281071e+02 +2.259281071e+02
1945 0 +1.347519730e-01 +2.259047520e+02 +2.259047520e+02
1958 0 +1.218970818e-01 +2.258918971e+02 +2.258918971e+02
1960 0 +1.070734806e-01 +2.258770735e+02 +2.258770735e+02
1962 0 +9.888730614e-02 +2.258688873e+02 +2.258688873e+02
1974 0 +8.371002768e-02 +2.258537100e+02 +2.258537100e+02
1994 0 +7.376098151e-02 +2.258437610e+02 +2.258437610e+02
1996 0 +6.651598806e-02 +2.258365160e+02 +2.258365160e+02
1997 0 +5.637196637e-02 +2.258263720e+02 +2.258263720e+02
2084 0 +5.393602585e-02 +2.258239360e+02 +2.258239360e+02
2096 0 +4.929115448e-02 +2.258192912e+02 +2.258192912e+02
2113 0 +4.291723986e-02 +2.258129172e+02 +2.258129172e+02
2116 0 +3.980257048e-02 +2.258098026e+02 +2.258098026e+02
2128 0 +3.502352867e-02 +2.258050235e+02 +2.258050235e+02
2132 0 +3.016766471e-02 +2.258001677e+02 +2.258001677e+02
2139 0 +2.672071806e-02 +2.257967207e+02 +2.257967207e+02
2144 0 +2.384755814e-02 +2.257938476e+02 +2.257938476e+02
2146 0 +2.152226823e-02 +2.257915223e+02 +2.257915223e+02
2147 0 +1.810970419e-02 +2.257881097e+02 +2.257881097e+02
2151 0 +1.449728739e-02 +2.257844973e+02 +2.257844973e+02
2153 0 +1.391627496e-02 +2.257839163e+02 +2.257839163e+02
2255 0 +1.258194565e-02 +2.257825819e+02 +2.257825819e+02
2262 0 +1.073819038e-02 +2.257807382e+02 +2.257807382e+02
2269 0 +9.679027477e-03 +2.257796790e+02 +2.257796790e+02
2278 0 +8.232481921e-03 +2.257782325e+02 +2.257782325e+02
2281 0 +7.345533324e-03 +2.257773455e+02 +2.257773455e+02
2298 0 +6.560778210e-03 +2.257765608e+02 +2.257765608e+02
2302 0 +5.636592780e-03 +2.257756366e+02 +2.257756366e+02
2310 0 +4.661730606e-03 +2.257746617e+02 +2.257746617e+02
2314 0 +3.974406085e-03 +2.257739744e+02 +2.257739744e+02
2316 0 +3.140988461e-03 +2.257731410e+02 +2.257731410e+02
2318 0 +2.743501668e-03 +2.257727435e+02 +2.257727435e+02
2420 0 +2.347715207e-03 +2.257723477e+02 +2.257723477e+02
2426 0 +2.151561063e-03 +2.257721516e+02 +2.257721516e+02
2434 0 +1.805378819e-03 +2.257718054e+02 +2.257718054e+02
2445 0 +1.754681732e-03 +2.257717547e+02 +2.257717547e+02
2447 0 +1.512646177e-03 +2.257715126e+02 +2.257715126e+02
2450 0 +1.360595602e-03 +2.257713606e+02 +2.257713606e+02
2454 0 +1.071487914e-03 +2.257710715e+02 +2.257710715e+02
2465 0 +8.532778653e-04 +2.257708533e+02 +2.257708533e+02
2479 0 +7.275238524e-04 +2.257707275e+02 +2.257707275e+02
2568 0 +6.929690397e-04 +2.257706930e+02 +2.257706930e+02
2590 0 +5.907990551e-04 +2.257705908e+02 +2.257705908e+02
2592 0 +5.350079893e-04 +2.257705350e+02 +2.257705350e+02
2595 0 +4.965407136e-04 +2.257704965e+02 +2.257704965e+02
2617 0 +4.348309312e-04 +2.257704348e+02 +2.257704348e+02
2619 0 +3.858433822e-04 +2.257703858e+02 +2.257703858e+02
2624 0 +3.456818256e-04 +2.257703457e+02 +2.257703457e+02
2638 0 +2.946819725e-04 +2.257702947e+02 +2.257702947e+02
2640 0 +2.735874137e-04 +2.257702736e+02 +2.257702736e+02
2641 0 +2.267061180e-04 +2.257702267e+02 +2.257702267e+02
2724 0 +2.119672838e-04 +2.257702120e+02 +2.257702120e+02
2730 0 +1.972322637e-04 +2.257701972e+02 +2.257701972e+02
2733 0 +1.731340232e-04 +2.257701731e+02 +2.257701731e+02
2737 0 +1.572899121e-04 +2.257701573e+02 +2.257701573e+02
2746 0 +1.386462433e-04 +2.257701386e+02 +2.257701386e+02
2759 0 +1.174176187e-04 +2.257701174e+02 +2.257701174e+02
2769 0 +1.061108808e-04 +2.257701061e+02 +2.257701061e+02
2771 0 +9.620710028e-05 +2.257700962e+02 +2.257700962e+02
2778 0 +8.852562252e-05 +2.257700885e+02 +2.257700885e+02
2787 0 +6.603906655e-05 +2.257700660e+02 +2.257700660e+02
2792 0 +6.263603669e-05 +2.257700626e+02 +2.257700626e+02
2794 0 +5.311349804e-05 +2.257700531e+02 +2.257700531e+02
2799 0 +4.560913814e-05 +2.257700456e+02 +2.257700456e+02
2887 0 +4.214074127e-05 +2.257700421e+02 +2.257700421e+02
2900 0 +3.803138830e-05 +2.257700380e+02 +2.257700380e+02
2916 0 +3.514092606e-05 +2.257700351e+02 +2.257700351e+02
2924 0 +3.120257512e-05 +2.257700312e+02 +2.257700312e+02
2933 0 +2.549479939e-05 +2.257700255e+02 +2.257700255e+02
2943 0 +2.407623458e-05 +2.257700241e+02 +2.257700241e+02
2951 0 +2.195809819e-05 +2.257700220e+02 +2.257700220e+02
2956 0 +1.952496388e-05 +2.257700195e+02 +2.257700195e+02
2957 0 +1.763032918e-05 +2.257700176e+02 +2.257700176e+02
3045 0 +1.554550099e-05 +2.257700155e+02 +2.257700155e+02
3056 0 +1.336895735e-05 +2.257700134e+02 +2.257700134e+02
3061 0 +1.239475446e-05 +2.257700124e+02 +2.257700124e+02
3067 0 +1.120855822e-05 +2.257700112e+02 +2.257700112e+02
3074 0 +9.988615318e-06 +2.257700100e+02 +2.257700100e+02
3090 0 +8.414447649e-06 +2.257700084e+02 +2.257700084e+02
3097 0 +7.062411640e-06 +2.257700071e+02 +2.257700071e+02
3101 0 +5.779962379e-06 +2.257700058e+02 +2.257700058e+02
3104 0 +5.534331962e-06 +2.257700055e+02 +2.257700055e+02
3105 0 +4.625386481e-06 +2.257700046e+02 +2.257700046e+02
3113 0 +4.141282631e-06 +2.257700041e+02 +2.257700041e+02
3119 0 +3.905768523e-06 +2.257700039e+02 +2.257700039e+02
3122 0 +3.081540655e-06 +2.257700031e+02 +2.257700031e+02
3228 0 +2.663012083e-06 +2.257700027e+02 +2.257700027e+02
3236 0 +2.343956140e-06 +2.257700023e+02 +2.257700023e+02
3239 0 +2.169852365e-06 +2.257700022e+02 +2.257700022e+02
3242 0 +1.943459949e-06 +2.257700019e+02 +2.257700019e+02
3243 0 +1.746742413e-06 +2.257700017e+02 +2.257700017e+02
3255 0 +1.386305996e-06 +2.257700014e+02 +2.257700014e+02
3272 0 +1.083742461e-06 +2.257700011e+02 +2.257700011e+02
3275 0 +9.758414308e-07 +2.257700010e+02 +2.257700010e+02
3277 0 +7.409109628e-07 +2.257700007e+02 +2.257700007e+02
3280 0 +6.161420743e-07 +2.257700006e+02 +2.257700006e+02
3367 0 +5.406847663e-07 +2.257700005e+02 +2.257700005e+02
3377 0 +4.997002350e-07 +2.257700005e+02 +2.257700005e+02
3394 0 +4.021175926e-07 +2.257700004e+02 +2.257700004e+02
3397 0 +3.763561836e-07 +2.257700004e+02 +2.257700004e+02
3405 0 +3.535300550e-07 +2.257700004e+02 +2.257700004e+02
3412 0 +3.160137680e-07 +2.257700003e+02 +2.257700003e+02
3419 0 +2.582162040e-07 +2.257700003e+02 +2.257700003e+02
3434 0 +1.984704454e-07 +2.257700002e+02 +2.257700002e+02
3534 0 +1.724987442e-07 +2.257700002e+02 +2.257700002e+02
3547 0 +1.540779806e-07 +2.257700002e+02 +2.257700002e+02
3551 0 +1.346875536e-07 +2.257700001e+02 +2.257700001e+02
3559 0 +1.210026426e-07 +2.257700001e+02 +2.257700001e+02
3568 0 +1.102173997e-07 +2.257700001e+02 +2.257700001e+02
3582 0 +9.053516692e-08 +2.257700001e+02 +2.257700001e+02
3583 0 +7.647741995e-08 +2.257700001e+02 +2.257700001e+02
3595 0 +6.011754294e-08 +2.257700001e+02 +2.257700001e+02
3599 0 +4.654822305e-08 +2.257700000e+02 +2.257700000e+02
3684 0 +4.237665507e-08 +2.257700000e+02 +2.257700000e+02
3693 0 +3.976202834e-08 +2.257700000e+02 +2.257700000e+02
3701 0 +3.500602475e-08 +2.257700000e+02 +2.257700000e+02
3705 0 +3.160718620e-08 +2.257700000e+02 +2.257700000e+02
3717 0 +2.754342177e-08 +2.257700000e+02 +2.257700000e+02
3727 0 +2.395458409e-08 +2.257700000e+02 +2.257700000e+02
3731 0 +2.214326855e-08 +2.257700000e+02 +2.257700000e+02
3740 0 +1.963840646e-08 +2.257700000e+02 +2.257700000e+02
3749 0 +1.599300958e-08 +2.257700000e+02 +2.257700000e+02
3751 0 +1.321342324e-08 +2.257700000e+02 +2.257700000e+02
3762 0 +1.019085971e-08 +2.257700000e+02 +2.257700000e+02
3849 0 +9.413099633e-09 +2.257700000e+02 +2.257700000e+02
4874 0 +9.094947018e-13 +2.257700000e+02 +2.257700000e+02
400000 0 +1.705302566e-13 +2.257700000e+02 +2.257700000e+02
% f evaluations | g evaluations | best noise-free fitness - Fopt (1.004400000000e+02) + sum g_i+ | measured fitness | best measured fitness or single-digit g-values | x1 | x2...
1 0 +2.592395834e+02 +3.596795834e+02 +3.596795834e+02
8 0 +2.478827431e+02 +3.483227431e+02 +3.483227431e+02
1219 0 +2.211543768e+02 +3.215943768e+02 +3.215943768e+02
1230 0 +1.964996993e+02 +2.969396993e+02 +2.969396993e+02
1244 0 +1.774384289e+02 +2.778784289e+02 +2.778784289e+02
1256 0 +1.557636140e+02 +2.562036140e+02 +2.562036140e+02
1268 0 +1.369402488e+02 +2.373802488e+02 +2.373802488e+02
1278 0 +1.250013496e+02 +2.254413496e+02 +2.254413496e+02
1285 0 +1.099420261e+02 +2.103820261e+02 +2.103820261e+02
1298 0 +9.883255626e+01 +1.992725563e+02 +1.992725563e+02
1306 0 +8.889757149e+01 +1.893375715e+02 +1.893375715e+02
1317 0 +7.591739332e+01 +1.763573933e+02 +1.763573933e+02
1324 0 +6.895712029e+01 +1.693971203e+02 +1.693971203e+02
1329 0 +6.276854787e+01 +1.632085479e+02 +1.632085479e+02
1337 0 +5.607404725e+01 +1.565140473e+02 +1.565140473e+02
1346 0 +4.982909087e+01 +1.502690909e+02 +1.502690909e+02
1358 0 +4.392104782e+01 +1.443610478e+02 +1.443610478e+02
1361 0 +3.667384128e+01 +1.371138413e+02 +1.371138413e+02
1365 0 +3.486951644e+01 +1.353095164e+02 +1.353095164e+02
1378 0 +3.044598378e+01 +1.308859838e+02 +1.308859838e+02
1379 0 +2.778510328e+01 +1.282251033e+02 +1.282251033e+02
1387 0 +2.309702396e+01 +1.235370240e+02 +1.235370240e+02
1390 0 +2.037690504e+01 +1.208169050e+02 +1.208169050e+02
1397 0 +1.876950795e+01 +1.192095080e+02 +1.192095080e+02
1404 0 +1.775934393e+01 +1.181993439e+02 +1.181993439e+02
1412 0 +1.582702734e+01 +1.162670273e+02 +1.162670273e+02
1426 0 +1.166441830e+01 +1.121044183e+02 +1.121044183e+02
1430 0 +1.072790205e+01 +1.111679021e+02 +1.111679021e+02
1439 0 +9.567194731e+00 +1.100071947e+02 +1.100071947e+02
1441 0 +7.485890213e+00 +1.079258902e+02 +1.079258902e+02
1455 0 +6.689917754e+00 +1.071299178e+02 +1.071299178e+02
1459 0 +6.031634615e+00 +1.064716346e+02 +1.064716346e+02
1467 0 +5.348750001e+00 +1.057887500e+02 +1.057887500e+02
1470 0 +4.631228433e+00 +1.050712284e+02 +1.050712284e+02
1506 0 +3.806437279e+00 +1.042464373e+02 +1.042464373e+02
1608 0 +3.498154879e+00 +1.039381549e+02 +1.039381549e+02
1623 0 +3.023456340e+00 +1.034634563e+02 +1.034634563e+02
1636 0 +2.763113763e+00 +1.032031138e+02 +1.032031138e+02
1642 0 +2.429082175e+00 +1.028690822e+02 +1.028690822e+02
1647 0 +2.190806530e+00 +1.026308065e+02 +1.026308065e+02
1651 0 +1.928560974e+00 +1.023685610e+02 +1.023685610e+02
1654 0 +1.744203662e+00 +1.021842037e+02 +1.021842037e+02
1660 0 +1.551040638e+00 +1.019910406e+02 +1.019910406e+02
1671 0 +1.249523968e+00 +1.016895240e+02 +1.016895240e+02
1674 0 +1.090632303e+00 +1.015306323e+02 +1.015306323e+02
1682 0 +8.796612161e-01 +1.013196612e+02 +1.013196612e+02
1771 0 +7.916372353e-01 +1.012316372e+02 +1.012316372e+02
1780 0 +6.985608494e-01 +1.011385608e+02 +1.011385608e+02
1785 0 +6.294989342e-01 +1.010694989e+02 +1.010694989e+02
1793 0 +5.327642352e-01 +1.009727642e+02 +1.009727642e+02
1798 0 +4.965453369e-01 +1.009365453e+02 +1.009365453e+02
1803 0 +4.334232482e-01 +1.008734232e+02 +1.008734232e+02
1810 0 +3.766184119e-01 +1.008166184e+02 +1.008166184e+02
1821 0 +3.148823233e-01 +1.007548823e+02 +1.007548823e+02
1829 0 +2.333482907e-01 +1.006733483e+02 +1.006733483e+02
1835 0 +1.923376935e-01 +1.006323377e+02 +1.006323377e+02
1930 0 +1.726840967e-01 +1.006126841e+02 +1.006126841e+02
1933 0 +1.582581780e-01 +1.005982582e+02 +1.005982582e+02
1950 0 +1.306573875e-01 +1.005706574e+02 +1.005706574e+02
1952 0 +1.202640765e-01 +1.005602641e+02 +1.005602641e+02
1964 0 +1.119563886e-01 +1.005519564e+02 +1.005519564e+02
1975 0 +9.905400043e-02 +1.005390540e+02 +1.005390540e+02
1977 0 +8.720602100e-02 +1.005272060e+02 +1.005272060e+02
1993 0 +7.357491319e-02 +1.005135749e+02 +1.005135749e+02
1999 0 +6.929412453e-02 +1.005092941e+02 +1.005092941e+02
2102 0 +6.021044874e-02 +1.005002104e+02 +1.005002104e+02
2108 0 +5.442684367e-02 +1.004944268e+02 +1.004944268e+02
2120 0 +4.818093369e-02 +1.004881809e+02 +1.004881809e+02
2123 0 +4.447903767e-02 +1.004844790e+02 +1.004844790e+02
2127 0 +3.816251975e-02 +1.004781625e+02 +1.004781625e+02
2131 0 +3.278976001e-02 +1.004727898e+02 +1.004727898e+02
2134 0 +2.930171080e-02 +1.004693017e+02 +1.004693017e+02
2136 0 +2.798820985e-02 +1.004679882e+02 +1.004679882e+02
2139 0 +2.475432719e-02 +1.004647543e+02 +1.004647543e+02
2147 0 +1.896064219e-02 +1.004589606e+02 +1.004589606e+02
2156 0 +1.717447932e-02 +1.004571745e+02 +1.004571745e+02
2160 0 +1.540355069e-02 +1.004554036e+02 +1.004554036e+02
2243 0 +1.403749730e-02 +1.004540375e+02 +1.004540375e+02
2251 0 +1.210059278e-02 +1.004521006e+02 +1.004521006e+02
2257 0 +1.063187312e-02 +1.004506319e+02 +1.004506319e+02
2271 0 +9.900958155e-03 +1.004499010e+02 +1.004499010e+02
2276 0 +8.431398503e-03 +1.004484314e+02 +1.004484314e+02
2281 0 +7.606633698e-03 +1.004476066e+02 +1.004476066e+02
2301 0 +7.062939466e-03 +1.004470629e+02 +1.004470629e+02
2305 0 +6.222720515e-03 +1.004462227e+02 +1.004462227e+02
2310 0 +5.486007826e-03 +1.004454860e+02 +1.004454860e+02
2313 0 +4.660598733e-03 +1.004446606e+02 +1.004446606e+02
2315 0 +4.423427781e-03 +1.004444234e+02 +1.004444234e+02
2317 0 +3.769058751e-03 +1.004437691e+02 +1.004437691e+02
2322 0 +3.202799004e-03 +1.004432028e+02 +1.004432028e+02
2404 0 +3.137430598e-03 +1.004431374e+02 +1.004431374e+02
2414 0 +2.808635363e-03 +1.004428086e+02 +1.004428086e+02
2423 0 +2.453543999e-03 +1.004424535e+02 +1.004424535e+02
2430 0 +2.222020476e-03 +1.004422220e+02 +1.004422220e+02
2450 0 +1.840114266e-03 +1.004418401e+02 +1.004418401e+02
2456 0 +1.756196713e-03 +1.004417562e+02 +1.004417562e+02
2458 0 +1.525990350e-03 +1.004415260e+02 +1.004415260e+02
2462 0 +1.389255381e-03 +1.004413893e+02 +1.004413893e+02
2464 0 +1.251553981e-03 +1.004412516e+02 +1.004412516e+02
2476 0 +1.100392327e-03 +1.004411004e+02 +1.004411004e+02
2480 0 +9.021178541e-04 +1.004409021e+02 +1.004409021e+02
2563 0 +8.661766124e-04 +1.004408662e+02 +1.004408662e+02
2573 0 +7.814273064e-04 +1.004407814e+02 +1.004407814e+02
2584 0 +7.077994689e-04 +1.004407078e+02 +1.004407078e+02
2588 0 +5.959930465e-04 +1.004405960e+02 +1.004405960e+02
2593 0 +5.170420703e-04 +1.004405170e+02 +1.004405170e+02
2597 0 +4.877086388e-04 +1.004404877e+02 +1.004404877e+02
2607 0 +4.222668431e-04 +1.004404223e+02 +1.004404223e+02
2620 0 +3.795455829e-04 +1.004403795e+02 +1.004403795e+02
2626 0 +3.528789147e-04 +1.004403529e+02 +1.004403529e+02
2631 0 +3.044092163e-04 +1.004403044e+02 +1.004403044e+02
2642 0 +2.272993009e-04 +1.004402273e+02 +1.004402273e+02
2725 0 +2.215289422e-04 +1.004402215e+02 +1.004402215e+02
2737 0 +1.926226540e-04 +1.004401926e+02 +1.004401926e+02
2743 0 +1.754849899e-04 +1.004401755e+02 +1.004401755e+02
2765 0 +1.478496536e-04 +1.004401478e+02 +1.004401478e+02
2772 0 +1.331352827e-04 +1.004401331e+02 +1.004401331e+02
2773 0 +1.219592788e-04 +1.004401220e+02 +1.004401220e+02
2781 0 +1.011106246e-04 +1.004401011e+02 +1.004401011e+02
2783 0 +8.970015882e-05 +1.004400897e+02 +1.004400897e+02
2785 0 +8.775488762e-05 +1.004400878e+02 +1.004400878e+02
2789 0 +6.663126224e-05 +1.004400666e+02 +1.004400666e+02
2794 0 +6.285716179e-05 +1.004400629e+02 +1.004400629e+02
2795 0 +4.848939811e-05 +1.004400485e+02 +1.004400485e+02
2797 0 +4.308629576e-05 +1.004400431e+02 +1.004400431e+02
2883 0 +3.979839251e-05 +1.004400398e+02 +1.004400398e+02
2892 0 +3.418000868e-05 +1.004400342e+02 +1.004400342e+02
2917 0 +2.812371858e-05 +1.004400281e+02 +1.004400281e+02
2924 0 +2.281803107e-05 +1.004400228e+02 +1.004400228e+02
2935 0 +2.184877123e-05 +1.004400218e+02 +1.004400218e+02
2940 0 +1.977701866e-05 +1.004400198e+02 +1.004400198e+02
2946 0 +1.693000294e-05 +1.004400169e+02 +1.004400169e+02
2953 0 +1.430898776e-05 +1.004400143e+02 +1.004400143e+02
2958 0 +1.319088761e-05 +1.004400132e+02 +1.004400132e+02
2959 0 +1.123763741e-05 +1.004400112e+02 +1.004400112e+02
3045 0 +1.101583460e-05 +1.004400110e+02 +1.004400110e+02
3054 0 +9.539827104e-06 +1.004400095e+02 +1.004400095e+02
3056 0 +8.602724677e-06 +1.004400086e+02 +1.004400086e+02
3061 0 +7.467964920e-06 +1.004400075e+02 +1.004400075e+02
3064 0 +6.959370680e-06 +1.004400070e+02 +1.004400070e+02
3070 0 +6.205819801e-06 +1.004400062e+02 +1.004400062e+02
3079 0 +5.564962336e-06 +1.004400056e+02 +1.004400056e+02
3104 0 +5.003073568e-06 +1.004400050e+02 +1.004400050e+02
3108 0 +4.392367785e-06 +1.004400044e+02 +1.004400044e+02
3112 0 +3.766690270e-06 +1.004400038e+02 +1.004400038e+02
3117 0 +3.370827514e-06 +1.004400034e+02 +1.004400034e+02
3220 0 +3.103419019e-06 +1.004400031e+02 +1.004400031e+02
3231 0 +2.705821828e-06 +1.004400027e+02 +1.004400027e+02
3241 0 +2.387867355e-06 +1.004400024e+02 +1.004400024e+02
3253 0 +2.099220637e-06 +1.004400021e+02 +1.004400021e+02
3257 0 +1.889008288e-06 +1.004400019e+02 +1.004400019e+02
3259 0 +1.690761806e-06 +1.004400017e+02 +1.004400017e+02
3262 0 +1.476173566e-06 +1.004400015e+02 +1.004400015e+02
3263 0 +1.243506375e-06 +1.004400012e+02 +1.004400012e+02
3274 0 +1.006041344e-06 +1.004400010e+02 +1.004400010e+02
3278 0 +9.652445101e-07 +1.004400010e+02 +1.004400010e+02
3280 0 +7.373724316e-07 +1.004400007e+02 +1.004400007e+02
3369 0 +6.994848576e-07 +1.004400007e+02 +1.004400007e+02
3386 0 +5.950745958e-07 +1.004400006e+02 +1.004400006e+02
3396 0 +5.175101876e-07 +1.004400005e+02 +1.004400005e+02
3400 0 +4.911404829e-07 +1.004400005e+02 +1.004400005e+02
3405 0 +4.144200147e-07 +1.004400004e+02 +1.004400004e+02
3416 0 +3.565313449e-07 +1.004400004e+02 +1.004400004e+02
3426 0 +2.990646379e-07 +1.004400003e+02 +1.004400003e+02
3427 0 +2.726949191e-07 +1.004400003e+02 +1.004400003e+02
3431 0 +2.500681546e-07 +1.004400003e+02 +1.004400003e+02
3437 0 +2.107845063e-07 +1.004400002e+02 +1.004400002e+02
3441 0 +1.531068250e-07 +1.004400002e+02 +1.004400002e+02
3525 0 +1.287747011e-07 +1.004400001e+02 +1.004400001e+02
3527 0 +1.231645825e-07 +1.004400001e+02 +1.004400001e+02
3533 0 +1.108800234e-07 +1.004400001e+02 +1.004400001e+02
3548 0 +9.615388308e-08 +1.004400001e+02 +1.004400001e+02
3549 0 +8.590414780e-08 +1.004400001e+02 +1.004400001e+02
3559 0 +7.894283272e-08 +1.004400001e+02 +1.004400001e+02
3569 0 +6.586125778e-08 +1.004400001e+02 +1.004400001e+02
3588 0 +6.141378606e-08 +1.004400001e+02 +1.004400001e+02
3596 0 +4.426337341e-08 +1.004400000e+02 +1.004400000e+02
3692 0 +3.979749863e-08 +1.004400000e+02 +1.004400000e+02
3698 0 +3.507867063e-08 +1.004400000e+02 +1.004400000e+02
3713 0 +3.056074149e-08 +1.004400000e+02 +1.004400000e+02
3720 0 +2.606883243e-08 +1.004400000e+02 +1.004400000e+02
3726 0 +2.286817846e-08 +1.004400000e+02 +1.004400000e+02
3732 0 +2.049395675e-08 +1.004400000e+02 +1.004400000e+02
3734 0 +1.980298237e-08 +1.004400000e+02 +1.004400000e+02
3747 0 +1.532789895e-08 +1.004400000e+02 +1.004400000e+02
3750 0 +1.253529547e-08 +1.004400000e+02 +1.004400000e+02
3751 0 +1.060872989e-08 +1.004400000e+02 +1.004400000e+02
3758 0 +9.239258247e-09 +1.004400000e+02 +1.004400000e+02
4868 0 +9.947598301e-13 +1.004400000e+02 +1.004400000e+02
400000 0 +1.136868377e-13 +1.004400000e+02 +1.004400000e+02
