% f evaluations | g evaluations | best noise-free fitness - Fopt (-1.000000000000e+03) + sum g_i+ | measured fitness | best measured fitness or single-digit g-values | x1 | x2...
1 0 +1.610802346e+01 -9.838919765e+02 -9.838919765e+02 +0.0000e+00 +0.0000e+00 +0.0000e+00
14 0 +2.231787058e+00 -9.977682129e+02 -9.977682129e+02 +0.0000e+00 +0.0000e+00 -2.9289e+00
50 0 +1.005600586e+00 -9.989943994e+02 -9.989943994e+02 +0.0000e+00 +0.0000e+00 -2.3448e+00
86 0 +8.838773037e-01 -9.991161227e+02 -9.991161227e+02 +0.0000e+00 +0.0000e+00 -2.0379e+00
120 0 +7.610510846e-01 -9.992389489e+02 -9.992389489e+02 +0.0000e+00 +1.2508e-01 -2.1630e+00
141 0 +7.055390052e-01 -9.992944610e+02 -9.992944610e+02 -3.1270e-02 +1.8762e-01 -2.3506e+00
30000 0 +6.918569112e-01 -9.993081431e+02 -9.993081431e+02 -6.5532e-02 +1.8773e-01 -2.2469e+00
% f evaluations | g evaluations | best noise-free fitness - Fopt (1.000000000000e+03) + sum g_i+ | measured fitness | best measured fitness or single-digit g-values | x1 | x2...
1 0 +6.769756298e+01 +1.067697563e+03 +1.067697563e+03 +0.0000e+00 +0.0000e+00 +0.0000e+00
2 0 +6.724955797e+01 +1.067249558e+03 +1.067249558e+03 -2.9289e+00 +0.0000e+00 +0.0000e+00
4 0 +4.636407986e+01 +1.046364080e+03 +1.046364080e+03 -5.0215e+00 -2.0925e+00 -2.0925e+00
9 0 +3.592234973e+01 +1.035922350e+03 +1.035922350e+03 +2.0925e+00 -8.3640e-01 +2.0925e+00
13 0 +2.890124708e+01 +1.028901247e+03 +1.028901247e+03 -2.0925e+00 +8.3640e-01 -2.0925e+00
19 0 +1.991056278e+01 +1.019910563e+03 +1.019910563e+03 -2.0925e+00 -2.0925e+00 +8.3640e-01
22 0 +3.105935114e-01 +1.000310594e+03 +1.000310594e+03 -7.1099e-01 -1.5168e+00 -1.5168e+00
759 0 +9.939127068e-02 +1.000099391e+03 +1.000099391e+03 -1.7338e+00 -2.5016e-01 -2.1744e+00
765 0 +3.732827258e-02 +1.000037328e+03 +1.000037328e+03 -1.7338e+00 -2.5016e-01 -1.9242e+00
779 0 +1.747352541e-02 +1.000017474e+03 +1.000017474e+03 -1.6713e+00 -2.5016e-01 -1.9242e+00
782 0 +1.502131787e-02 +1.000015021e+03 +1.000015021e+03 -1.6713e+00 -2.5016e-01 -1.9868e+00
803 0 +1.383358636e-02 +1.000013834e+03 +1.000013834e+03 -1.6556e+00 -2.8143e-01 -1.9868e+00
869 0 +1.247859685e-02 +1.000012479e+03 +1.000012479e+03 -1.6205e+00 -3.2443e-01 -1.9985e+00
912 0 +1.120767437e-02 +1.000011208e+03 +1.000011208e+03 -1.5970e+00 -3.5570e-01 -1.9985e+00
953 0 +9.887063039e-03 +1.000009887e+03 +1.000009887e+03 -1.5735e+00 -3.7915e-01 -2.0024e+00
983 0 +8.803542457e-03 +1.000008804e+03 +1.000008804e+03 -1.5579e+00 -3.9870e-01 -2.0024e+00
1008 0 +7.727790240e-03 +1.000007728e+03 +1.000007728e+03 -1.5423e+00 -4.1824e-01 -2.0063e+00
1032 0 +6.966288284e-03 +1.000006966e+03 +1.000006966e+03 -1.5305e+00 -4.3388e-01 -2.0063e+00
1056 0 +6.299852994e-03 +1.000006300e+03 +1.000006300e+03 -1.5188e+00 -4.4951e-01 -2.0024e+00
1080 0 +5.546725033e-03 +1.000005547e+03 +1.000005547e+03 -1.5032e+00 -4.6515e-01 -2.0063e+00
1134 0 +4.995091172e-03 +1.000004995e+03 +1.000004995e+03 -1.4895e+00 -4.8078e-01 -2.0102e+00
1199 0 +4.464210474e-03 +1.000004464e+03 +1.000004464e+03 -1.4719e+00 -5.0032e-01 -2.0102e+00
1284 0 +3.960355811e-03 +1.000003960e+03 +1.000003960e+03 -1.4485e+00 -5.2964e-01 -2.0122e+00
1536 0 +3.546250330e-03 +1.000003546e+03 +1.000003546e+03 -1.3801e+00 -6.1172e-01 -2.0141e+00
1656 0 +3.142637051e-03 +1.000003143e+03 +1.000003143e+03 -1.3468e+00 -6.5081e-01 -2.0180e+00
1715 0 +2.814524928e-03 +1.000002815e+03 +1.000002815e+03 -1.3312e+00 -6.6840e-01 -2.0180e+00
1758 0 +2.491193487e-03 +1.000002491e+03 +1.000002491e+03 -1.3195e+00 -6.8404e-01 -2.0180e+00
1794 0 +2.231458137e-03 +1.000002231e+03 +1.000002231e+03 -1.3097e+00 -6.9576e-01 -2.0180e+00
1830 0 +1.979295595e-03 +1.000001979e+03 +1.000001979e+03 -1.2999e+00 -7.0749e-01 -2.0180e+00
1865 0 +1.768276784e-03 +1.000001768e+03 +1.000001768e+03 -1.2902e+00 -7.1726e-01 -2.0200e+00
1896 0 +1.577366213e-03 +1.000001577e+03 +1.000001577e+03 -1.2823e+00 -7.2899e-01 -2.0200e+00
1931 0 +1.409996703e-03 +1.000001410e+03 +1.000001410e+03 -1.2726e+00 -7.3876e-01 -2.0200e+00
1968 0 +1.251025381e-03 +1.000001251e+03 +1.000001251e+03 -1.2628e+00 -7.5244e-01 -2.0200e+00
2010 0 +1.116830480e-03 +1.000001117e+03 +1.000001117e+03 -1.2511e+00 -7.6612e-01 -2.0219e+00
2069 0 +9.996206406e-04 +1.000001000e+03 +1.000001000e+03 -1.2335e+00 -7.8371e-01 -2.0239e+00
2207 0 +8.898277086e-04 +1.000000890e+03 +1.000000890e+03 -1.1963e+00 -8.2866e-01 -2.0258e+00
2310 0 +7.923942342e-04 +1.000000792e+03 +1.000000792e+03 -1.1690e+00 -8.6384e-01 -2.0258e+00
2358 0 +7.037795302e-04 +1.000000704e+03 +1.000000704e+03 -1.1553e+00 -8.7948e-01 -2.0278e+00
2394 0 +6.277520787e-04 +1.000000628e+03 +1.000000628e+03 -1.1455e+00 -8.9120e-01 -2.0278e+00
2429 0 +5.577652281e-04 +1.000000558e+03 +1.000000558e+03 -1.1358e+00 -9.0098e-01 -2.0278e+00
2466 0 +4.998321716e-04 +1.000000500e+03 +1.000000500e+03 -1.1289e+00 -9.0977e-01 -2.0298e+00
2526 0 +4.425163100e-04 +1.000000443e+03 +1.000000443e+03 -1.1211e+00 -9.1954e-01 -2.0298e+00
2580 0 +3.954673447e-04 +1.000000395e+03 +1.000000395e+03 -1.1133e+00 -9.2834e-01 -2.0307e+00
2640 0 +3.532386222e-04 +1.000000353e+03 +1.000000353e+03 -1.1055e+00 -9.3811e-01 -2.0307e+00
2706 0 +3.159057817e-04 +1.000000316e+03 +1.000000316e+03 -1.0967e+00 -9.4886e-01 -2.0317e+00
2789 0 +2.813905273e-04 +1.000000281e+03 +1.000000281e+03 -1.0849e+00 -9.6156e-01 -2.0317e+00
2886 0 +2.506443105e-04 +1.000000251e+03 +1.000000251e+03 -1.0722e+00 -9.7817e-01 -2.0337e+00
2988 0 +2.234360319e-04 +1.000000223e+03 +1.000000223e+03 -1.0576e+00 -9.9479e-01 -2.0337e+00
3078 0 +1.994178799e-04 +1.000000199e+03 +1.000000199e+03 -1.0459e+00 -1.0094e+00 -2.0337e+00
3155 0 +1.769498313e-04 +1.000000177e+03 +1.000000177e+03 -1.0351e+00 -1.0212e+00 -2.0346e+00
3216 0 +1.566352795e-04 +1.000000157e+03 +1.000000157e+03 -1.0263e+00 -1.0319e+00 -2.0356e+00
3275 0 +1.407498180e-04 +1.000000141e+03 +1.000000141e+03 -1.0185e+00 -1.0407e+00 -2.0356e+00
3335 0 +1.250416941e-04 +1.000000125e+03 +1.000000125e+03 -1.0107e+00 -1.0505e+00 -2.0356e+00
3390 0 +1.118161123e-04 +1.000000112e+03 +1.000000112e+03 -1.0029e+00 -1.0603e+00 -2.0366e+00
3456 0 +9.987867520e-05 +1.000000100e+03 +1.000000100e+03 -9.9407e-01 -1.0710e+00 -2.0366e+00
3528 0 +8.872645219e-05 +1.000000089e+03 +1.000000089e+03 -9.8430e-01 -1.0827e+00 -2.0376e+00
3588 0 +7.937887710e-05 +1.000000079e+03 +1.000000079e+03 -9.7550e-01 -1.0925e+00 -2.0385e+00
3647 0 +7.077651594e-05 +1.000000071e+03 +1.000000071e+03 -9.6768e-01 -1.1013e+00 -2.0385e+00
3690 0 +6.288315546e-05 +1.000000063e+03 +1.000000063e+03 -9.6182e-01 -1.1091e+00 -2.0385e+00
3732 0 +5.553523283e-05 +1.000000056e+03 +1.000000056e+03 -9.5596e-01 -1.1160e+00 -2.0395e+00
3768 0 +4.954352005e-05 +1.000000050e+03 +1.000000050e+03 -9.5107e-01 -1.1218e+00 -2.0395e+00
3804 0 +4.401167018e-05 +1.000000044e+03 +1.000000044e+03 -9.4619e-01 -1.1277e+00 -2.0395e+00
3839 0 +3.973312005e-05 +1.000000040e+03 +1.000000040e+03 -9.4130e-01 -1.1326e+00 -2.0405e+00
3876 0 +3.510763793e-05 +1.000000035e+03 +1.000000035e+03 -9.3641e-01 -1.1394e+00 -2.0405e+00
3918 0 +3.145275775e-05 +1.000000031e+03 +1.000000031e+03 -9.3055e-01 -1.1463e+00 -2.0405e+00
3983 0 +2.815976302e-05 +1.000000028e+03 +1.000000028e+03 -9.2176e-01 -1.1560e+00 -2.0405e+00
4091 0 +2.502572681e-05 +1.000000025e+03 +1.000000025e+03 -9.0710e-01 -1.1736e+00 -2.0415e+00
4146 0 +2.227411755e-05 +1.000000022e+03 +1.000000022e+03 -8.9928e-01 -1.1834e+00 -2.0425e+00
4223 0 +1.992218131e-05 +1.000000020e+03 +1.000000020e+03 -8.9440e-01 -1.1888e+00 -2.0429e+00
4272 0 +1.776315150e-05 +1.000000018e+03 +1.000000018e+03 -8.9097e-01 -1.1932e+00 -2.0434e+00
4320 0 +1.569752817e-05 +1.000000016e+03 +1.000000016e+03 -8.8755e-01 -1.1971e+00 -2.0439e+00
4362 0 +1.409956315e-05 +1.000000014e+03 +1.000000014e+03 -8.8511e-01 -1.2005e+00 -2.0439e+00
4403 0 +1.256922417e-05 +1.000000013e+03 +1.000000013e+03 -8.8218e-01 -1.2034e+00 -2.0434e+00
4440 0 +1.119797605e-05 +1.000000011e+03 +1.000000011e+03 -8.7974e-01 -1.2068e+00 -2.0444e+00
4482 0 +9.903403907e-06 +1.000000010e+03 +1.000000010e+03 -8.7681e-01 -1.2103e+00 -2.0439e+00
4524 0 +8.855951705e-06 +1.000000009e+03 +1.000000009e+03 -8.7387e-01 -1.2137e+00 -2.0439e+00
4572 0 +7.933362326e-06 +1.000000008e+03 +1.000000008e+03 -8.7045e-01 -1.2176e+00 -2.0444e+00
4649 0 +7.076324437e-06 +1.000000007e+03 +1.000000007e+03 -8.6508e-01 -1.2234e+00 -2.0449e+00
4872 0 +6.295948538e-06 +1.000000006e+03 +1.000000006e+03 -8.4993e-01 -1.2420e+00 -2.0459e+00
4956 0 +5.551480399e-06 +1.000000006e+03 +1.000000006e+03 -8.4407e-01 -1.2489e+00 -2.0464e+00
5003 0 +4.976649393e-06 +1.000000005e+03 +1.000000005e+03 -8.4114e-01 -1.2523e+00 -2.0459e+00
5039 0 +4.423577934e-06 +1.000000004e+03 +1.000000004e+03 -8.3869e-01 -1.2552e+00 -2.0459e+00
5064 0 +3.951390568e-06 +1.000000004e+03 +1.000000004e+03 -8.3674e-01 -1.2577e+00 -2.0464e+00
5094 0 +3.508483701e-06 +1.000000004e+03 +1.000000004e+03 -8.3479e-01 -1.2601e+00 -2.0464e+00
5123 0 +3.161543987e-06 +1.000000003e+03 +1.000000003e+03 -8.3283e-01 -1.2620e+00 -2.0464e+00
5153 0 +2.792433747e-06 +1.000000003e+03 +1.000000003e+03 -8.3088e-01 -1.2645e+00 -2.0464e+00
5183 0 +2.483993512e-06 +1.000000002e+03 +1.000000002e+03 -8.2892e-01 -1.2669e+00 -2.0464e+00
5208 0 +2.233130090e-06 +1.000000002e+03 +1.000000002e+03 -8.2697e-01 -1.2694e+00 -2.0469e+00
5250 0 +1.970346375e-06 +1.000000002e+03 +1.000000002e+03 -8.2404e-01 -1.2728e+00 -2.0473e+00
5304 0 +1.776077283e-06 +1.000000002e+03 +1.000000002e+03 -8.2062e-01 -1.2772e+00 -2.0469e+00
5412 0 +1.584881375e-06 +1.000000002e+03 +1.000000002e+03 -8.1329e-01 -1.2860e+00 -2.0473e+00
5532 0 +1.403944680e-06 +1.000000001e+03 +1.000000001e+03 -8.0816e-01 -1.2916e+00 -2.0481e+00
5610 0 +1.252836569e-06 +1.000000001e+03 +1.000000001e+03 -8.0547e-01 -1.2948e+00 -2.0483e+00
5675 0 +1.120318871e-06 +1.000000001e+03 +1.000000001e+03 -8.0327e-01 -1.2972e+00 -2.0483e+00
5729 0 +9.987591056e-07 +1.000000001e+03 +1.000000001e+03 -8.0156e-01 -1.2994e+00 -2.0483e+00
5778 0 +8.857390412e-07 +1.000000001e+03 +1.000000001e+03 -7.9985e-01 -1.3016e+00 -2.0486e+00
5826 0 +7.910632576e-07 +1.000000001e+03 +1.000000001e+03 -7.9814e-01 -1.3036e+00 -2.0486e+00
5880 0 +7.043915957e-07 +1.000000001e+03 +1.000000001e+03 -7.9643e-01 -1.3058e+00 -2.0486e+00
5934 0 +6.271392294e-07 +1.000000001e+03 +1.000000001e+03 -7.9448e-01 -1.3080e+00 -2.0488e+00
5999 0 +5.606639206e-07 +1.000000001e+03 +1.000000001e+03 -7.9228e-01 -1.3104e+00 -2.0488e+00
6071 0 +4.992509730e-07 +1.000000000e+03 +1.000000000e+03 -7.8983e-01 -1.3134e+00 -2.0491e+00
6144 0 +4.461215894e-07 +1.000000000e+03 +1.000000000e+03 -7.8739e-01 -1.3165e+00 -2.0491e+00
6216 0 +3.974439551e-07 +1.000000000e+03 +1.000000000e+03 -7.8495e-01 -1.3195e+00 -2.0493e+00
6276 0 +3.530833510e-07 +1.000000000e+03 +1.000000000e+03 -7.8275e-01 -1.3219e+00 -2.0495e+00
6335 0 +3.140539775e-07 +1.000000000e+03 +1.000000000e+03 -7.8080e-01 -1.3241e+00 -2.0495e+00
6383 0 +2.811009381e-07 +1.000000000e+03 +1.000000000e+03 -7.7909e-01 -1.3261e+00 -2.0498e+00
6432 0 +2.509414117e-07 +1.000000000e+03 +1.000000000e+03 -7.7762e-01 -1.3283e+00 -2.0498e+00
6485 0 +2.230730161e-07 +1.000000000e+03 +1.000000000e+03 -7.7567e-01 -1.3302e+00 -2.0498e+00
6540 0 +1.983148650e-07 +1.000000000e+03 +1.000000000e+03 -7.7371e-01 -1.3327e+00 -2.0500e+00
6606 0 +1.770181370e-07 +1.000000000e+03 +1.000000000e+03 -7.7151e-01 -1.3353e+00 -2.0500e+00
6671 0 +1.583613312e-07 +1.000000000e+03 +1.000000000e+03 -7.6931e-01 -1.3378e+00 -2.0500e+00
6720 0 +1.398313998e-07 +1.000000000e+03 +1.000000000e+03 -7.6760e-01 -1.3400e+00 -2.0503e+00
6756 0 +1.257591293e-07 +1.000000000e+03 +1.000000000e+03 -7.6638e-01 -1.3414e+00 -2.0503e+00
6792 0 +1.107605385e-07 +1.000000000e+03 +1.000000000e+03 -7.6516e-01 -1.3429e+00 -2.0505e+00
6845 0 +9.999723716e-08 +1.000000000e+03 +1.000000000e+03 -7.6418e-01 -1.3439e+00 -2.0506e+00
6900 0 +8.812389751e-08 +1.000000000e+03 +1.000000000e+03 -7.6321e-01 -1.3451e+00 -2.0508e+00
6953 0 +7.942026059e-08 +1.000000000e+03 +1.000000000e+03 -7.6235e-01 -1.3461e+00 -2.0506e+00
7008 0 +7.002836355e-08 +1.000000000e+03 +1.000000000e+03 -7.6137e-01 -1.3473e+00 -2.0508e+00
7067 0 +6.304924227e-08 +1.000000000e+03 +1.000000000e+03 -7.6040e-01 -1.3484e+00 -2.0508e+00
7139 0 +5.614822385e-08 +1.000000000e+03 +1.000000000e+03 -7.5918e-01 -1.3499e+00 -2.0509e+00
7248 0 +5.011327175e-08 +1.000000000e+03 +1.000000000e+03 -7.5734e-01 -1.3522e+00 -2.0509e+00
7452 0 +4.464334324e-08 +1.000000000e+03 +1.000000000e+03 -7.5380e-01 -1.3563e+00 -2.0511e+00
7536 0 +3.969967111e-08 +1.000000000e+03 +1.000000000e+03 -7.5234e-01 -1.3581e+00 -2.0514e+00
7590 0 +3.534103143e-08 +1.000000000e+03 +1.000000000e+03 -7.5148e-01 -1.3592e+00 -2.0513e+00
7632 0 +3.131674475e-08 +1.000000000e+03 +1.000000000e+03 -7.5075e-01 -1.3600e+00 -2.0514e+00
7668 0 +2.786066489e-08 +1.000000000e+03 +1.000000000e+03 -7.5014e-01 -1.3607e+00 -2.0514e+00
7703 0 +2.492197382e-08 +1.000000000e+03 +1.000000000e+03 -7.4953e-01 -1.3614e+00 -2.0514e+00
7733 0 +2.234810381e-08 +1.000000000e+03 +1.000000000e+03 -7.4904e-01 -1.3620e+00 -2.0514e+00
7764 0 +1.989576504e-08 +1.000000000e+03 +1.000000000e+03 -7.4855e-01 -1.3627e+00 -2.0515e+00
7794 0 +1.766295554e-08 +1.000000000e+03 +1.000000000e+03 -7.4794e-01 -1.3633e+00 -2.0515e+00
7830 0 +1.575676833e-08 +1.000000000e+03 +1.000000000e+03 -7.4733e-01 -1.3640e+00 -2.0516e+00
7877 0 +1.410148798e-08 +1.000000000e+03 +1.000000000e+03 -7.4659e-01 -1.3649e+00 -2.0515e+00
7938 0 +1.257535587e-08 +1.000000000e+03 +1.000000000e+03 -7.4549e-01 -1.3662e+00 -2.0516e+00
8124 0 +1.119337867e-08 +1.000000000e+03 +1.000000000e+03 -7.4232e-01 -1.3700e+00 -2.0519e+00
8189 0 +9.932136891e-09 +1.000000000e+03 +1.000000000e+03 -7.4122e-01 -1.3713e+00 -2.0519e+00
30000 0 +9.060840966e-11 +1.000000000e+03 +1.000000000e+03 -7.2345e-01 -1.3925e+00 -2.0529e+00
% f evaluations | g evaluations | best noise-free fitness - Fopt (-4.913000000000e+01) + sum g_i+ | measured fitness | best measured fitness or single-digit g-values | x1 | x2...
1 0 +5.988076993e+01 +1.075076993e+01 +1.075076993e+01 +0.0000e+00 +0.0000e+00 +0.0000e+00
2 0 +4.443357908e+01 -4.696420921e+00 -4.696420921e+00 -2.9289e+00 +0.0000e+00 +0.0000e+00
7 0 +2.124735616e+01 -2.788264384e+01 -2.788264384e+01 +8.3640e-01 -2.0925e+00 -2.0925e+00
9 0 +4.690802099e+00 -4.443919790e+01 -4.443919790e+01 +2.0925e+00 -8.3640e-01 +2.0925e+00
11856 0 +3.167582130e+00 -4.596241787e+01 -4.596241787e+01 +2.0013e+00 -5.3551e-01 +2.1162e+00
11873 0 +2.515468169e+00 -4.661453183e+01 -4.661453183e+01 +1.7511e+00 -5.3551e-01 +2.1162e+00
11886 0 +2.356970511e+00 -4.677302949e+01 -4.677302949e+01 +1.8762e+00 -5.3551e-01 +2.1162e+00
11909 0 +2.234214785e+00 -4.689578522e+01 -4.689578522e+01 +1.7511e+00 -4.7297e-01 +2.1788e+00
12464 0 +1.994757949e+00 -4.713524205e+01 -4.713524205e+01 +8.4430e-01 +1.6025e-01 +2.1709e+00
30000 0 +1.954998860e+00 -4.717500114e+01 -4.717500114e+01 +1.5082e-01 +6.3156e-01 +2.1492e+00
% f evaluations | g evaluations | best noise-free fitness - Fopt (2.977300000000e+02) + sum g_i+ | measured fitness | best measured fitness or single-digit g-values | x1 | x2...
1 0 +4.847377275e+01 +3.462037728e+02 +3.462037728e+02 +0.0000e+00 +0.0000e+00 +0.0000e+00
11 0 +3.955497712e+01 +3.372849771e+02 +3.372849771e+02 +0.0000e+00 +2.9289e+00 +0.0000e+00
15 0 +8.120174183e+00 +3.058501742e+02 +3.058501742e+02 +2.0925e+00 +2.0925e+00 -8.3640e-01
24 0 +1.993995686e+00 +2.997239957e+02 +2.997239957e+02 +3.6399e+00 +1.5168e+00 -1.4121e+00
146 0 +1.460499949e+00 +2.991904999e+02 +2.991904999e+02 -1.2508e-01 +1.3759e+00 +2.0523e+00
164 0 +1.404029970e+00 +2.991340300e+02 +2.991340300e+02 +0.0000e+00 +1.3759e+00 +2.1148e+00
167 0 +1.166163063e+00 +2.988961631e+02 +2.988961631e+02 -6.2541e-02 +1.3134e+00 +2.1148e+00
170 0 +8.676396898e-01 +2.985976397e+02 +2.985976397e+02 -6.2541e-02 +1.3134e+00 +2.1774e+00
179 0 +7.394003796e-01 +2.984694004e+02 +2.984694004e+02 -1.8762e-01 +1.2508e+00 +2.2399e+00
182 0 +5.822839410e-01 +2.983122839e+02 +2.983122839e+02 -1.8762e-01 +1.2508e+00 +2.3025e+00
189 0 +5.483087501e-01 +2.982783088e+02 +2.982783088e+02 -3.1270e-01 +1.2508e+00 +2.3650e+00
242 0 +4.955271771e-01 +2.982255272e+02 +2.982255272e+02 -6.8795e-01 +1.2195e+00 +2.4275e+00
266 0 +4.155593053e-01 +2.981455593e+02 +2.981455593e+02 -8.1303e-01 +1.1570e+00 +2.5526e+00
272 0 +3.976986504e-01 +2.981276987e+02 +2.981276987e+02 -8.4430e-01 +1.1570e+00 +2.5839e+00
278 0 +3.379447387e-01 +2.980679447e+02 +2.980679447e+02 -8.7557e-01 +1.1257e+00 +2.6152e+00
284 0 +3.150689090e-01 +2.980450689e+02 +2.980450689e+02 -9.0684e-01 +1.1257e+00 +2.6464e+00
303 0 +2.769945436e-01 +2.980069945e+02 +2.980069945e+02 -1.0319e+00 +1.1257e+00 +2.6464e+00
317 0 +2.385599105e-01 +2.979685599e+02 +2.979685599e+02 -1.0945e+00 +1.0945e+00 +2.6777e+00
320 0 +2.072059025e-01 +2.979372059e+02 +2.979372059e+02 -1.0945e+00 +1.0945e+00 +2.7090e+00
327 0 +1.914854830e-01 +2.979214855e+02 +2.979214855e+02 -1.1570e+00 +1.0945e+00 +2.7402e+00
332 0 +1.661309369e-01 +2.978961309e+02 +2.978961309e+02 -1.1570e+00 +1.0632e+00 +2.7715e+00
339 0 +1.552244994e-01 +2.978852245e+02 +2.978852245e+02 -1.2195e+00 +1.0632e+00 +2.8028e+00
369 0 +1.396929948e-01 +2.978696930e+02 +2.978696930e+02 -1.3759e+00 +1.0632e+00 +2.8028e+00
386 0 +1.239089618e-01 +2.978539090e+02 +2.978539090e+02 -1.4384e+00 +1.0319e+00 +2.8653e+00
411 0 +1.120864936e-01 +2.978420865e+02 +2.978420865e+02 -1.5948e+00 +1.0319e+00 +2.8966e+00
437 0 +9.932659631e-02 +2.978293266e+02 +2.978293266e+02 -1.7199e+00 +1.0006e+00 +2.9279e+00
440 0 +8.536517858e-02 +2.978153652e+02 +2.978153652e+02 -1.7199e+00 +1.0006e+00 +2.9591e+00
449 0 +7.845426620e-02 +2.978084543e+02 +2.978084543e+02 -1.7824e+00 +9.6938e-01 +2.9904e+00
452 0 +6.541149929e-02 +2.977954115e+02 +2.977954115e+02 -1.7824e+00 +9.6938e-01 +3.0217e+00
459 0 +5.980413172e-02 +2.977898041e+02 +2.977898041e+02 -1.8449e+00 +9.6938e-01 +3.0529e+00
471 0 +5.484717677e-02 +2.977848472e+02 +2.977848472e+02 -1.9075e+00 +9.6938e-01 +3.0529e+00
501 0 +4.853903215e-02 +2.977785390e+02 +2.977785390e+02 -2.0638e+00 +9.6938e-01 +3.0842e+00
506 0 +3.917317118e-02 +2.977691732e+02 +2.977691732e+02 -2.0638e+00 +9.3811e-01 +3.1155e+00
519 0 +3.462251858e-02 +2.977646225e+02 +2.977646225e+02 -2.1576e+00 +9.3811e-01 +3.1468e+00
537 0 +3.149468368e-02 +2.977614947e+02 +2.977614947e+02 -2.2515e+00 +9.3811e-01 +3.1468e+00
557 0 +2.700404972e-02 +2.977570040e+02 +2.977570040e+02 -2.3453e+00 +9.0684e-01 +3.1780e+00
560 0 +1.953623529e-02 +2.977495362e+02 +2.977495362e+02 -2.3453e+00 +9.0684e-01 +3.2093e+00
573 0 +1.761378058e-02 +2.977476138e+02 +2.977476138e+02 -2.4391e+00 +9.0684e-01 +3.2406e+00
608 0 +1.514903460e-02 +2.977451490e+02 +2.977451490e+02 -2.5329e+00 +8.9120e-01 +3.2562e+00
620 0 +1.368211519e-02 +2.977436821e+02 +2.977436821e+02 -2.5329e+00 +8.7557e-01 +3.2875e+00
653 0 +1.154022754e-02 +2.977415402e+02 +2.977415402e+02 -2.6267e+00 +8.5993e-01 +3.3187e+00
656 0 +1.013007004e-02 +2.977401301e+02 +2.977401301e+02 -2.6267e+00 +8.5993e-01 +3.3344e+00
657 0 +9.950717568e-03 +2.977399507e+02 +2.977399507e+02 -2.6423e+00 +8.5993e-01 +3.3344e+00
665 0 +8.609925628e-03 +2.977386099e+02 +2.977386099e+02 -2.6580e+00 +8.4430e-01 +3.3500e+00
668 0 +7.057858649e-03 +2.977370579e+02 +2.977370579e+02 -2.6580e+00 +8.4430e-01 +3.3656e+00
681 0 +6.069084556e-03 +2.977360691e+02 +2.977360691e+02 -2.7049e+00 +8.4430e-01 +3.3813e+00
693 0 +5.586619441e-03 +2.977355866e+02 +2.977355866e+02 -2.7361e+00 +8.4430e-01 +3.3813e+00
723 0 +4.944149463e-03 +2.977349441e+02 +2.977349441e+02 -2.8143e+00 +8.4430e-01 +3.3969e+00
728 0 +3.891905389e-03 +2.977338919e+02 +2.977338919e+02 -2.8143e+00 +8.2866e-01 +3.4125e+00
753 0 +3.520824727e-03 +2.977335208e+02 +2.977335208e+02 -2.8925e+00 +8.1303e-01 +3.4595e+00
800 0 +2.931881027e-03 +2.977329319e+02 +2.977329319e+02 -2.9707e+00 +8.0521e-01 +3.4751e+00
806 0 +2.791617358e-03 +2.977327916e+02 +2.977327916e+02 -2.9785e+00 +8.0521e-01 +3.4829e+00
812 0 +2.279670597e-03 +2.977322797e+02 +2.977322797e+02 -2.9863e+00 +7.9739e-01 +3.4907e+00
818 0 +2.112509952e-03 +2.977321125e+02 +2.977321125e+02 -2.9941e+00 +7.9739e-01 +3.4985e+00
824 0 +1.694064199e-03 +2.977316941e+02 +2.977316941e+02 -3.0019e+00 +7.8957e-01 +3.5064e+00
830 0 +1.551970796e-03 +2.977315520e+02 +2.977315520e+02 -3.0098e+00 +7.8957e-01 +3.5142e+00
849 0 +1.403556548e-03 +2.977314036e+02 +2.977314036e+02 -3.0410e+00 +7.8957e-01 +3.5142e+00
857 0 +1.226180800e-03 +2.977312262e+02 +2.977312262e+02 -3.0489e+00 +7.8176e-01 +3.5220e+00
860 0 +1.112166114e-03 +2.977311122e+02 +2.977311122e+02 -3.0489e+00 +7.8176e-01 +3.5298e+00
872 0 +9.678479025e-04 +2.977309678e+02 +2.977309678e+02 -3.0645e+00 +7.7394e-01 +3.5454e+00
897 0 +8.897676826e-04 +2.977308898e+02 +2.977308898e+02 -3.1036e+00 +7.6612e-01 +3.5689e+00
938 0 +7.640359011e-04 +2.977307640e+02 +2.977307640e+02 -3.1505e+00 +7.5830e-01 +3.5845e+00
951 0 +6.851604142e-04 +2.977306852e+02 +2.977306852e+02 -3.1739e+00 +7.5830e-01 +3.5924e+00
969 0 +6.151508019e-04 +2.977306152e+02 +2.977306152e+02 -3.1974e+00 +7.5830e-01 +3.5924e+00
987 0 +5.564650710e-04 +2.977305565e+02 +2.977305565e+02 -3.2208e+00 +7.5830e-01 +3.6002e+00
992 0 +4.296505143e-04 +2.977304297e+02 +2.977304297e+02 -3.2208e+00 +7.5049e-01 +3.6080e+00
999 0 +3.905260050e-04 +2.977303905e+02 +2.977303905e+02 -3.2365e+00 +7.5049e-01 +3.6158e+00
1017 0 +3.456915860e-04 +2.977303457e+02 +2.977303457e+02 -3.2599e+00 +7.5049e-01 +3.6158e+00
1041 0 +3.158526329e-04 +2.977303159e+02 +2.977303159e+02 -3.2912e+00 +7.5049e-01 +3.6236e+00
1046 0 +2.579967131e-04 +2.977302580e+02 +2.977302580e+02 -3.2912e+00 +7.4267e-01 +3.6314e+00
1053 0 +2.474140050e-04 +2.977302474e+02 +2.977302474e+02 -3.3068e+00 +7.4267e-01 +3.6393e+00
1058 0 +2.165173034e-04 +2.977302165e+02 +2.977302165e+02 -3.3068e+00 +7.3485e-01 +3.6471e+00
1071 0 +1.948463733e-04 +2.977301948e+02 +2.977301948e+02 -3.3303e+00 +7.3485e-01 +3.6549e+00
1089 0 +1.770583829e-04 +2.977301771e+02 +2.977301771e+02 -3.3537e+00 +7.3485e-01 +3.6549e+00
1109 0 +1.562369721e-04 +2.977301562e+02 +2.977301562e+02 -3.3772e+00 +7.2703e-01 +3.6627e+00
1112 0 +1.232965797e-04 +2.977301233e+02 +2.977301233e+02 -3.3772e+00 +7.2703e-01 +3.6705e+00
1125 0 +1.097329736e-04 +2.977301097e+02 +2.977301097e+02 -3.4006e+00 +7.2703e-01 +3.6783e+00
1167 0 +9.927589787e-05 +2.977300993e+02 +2.977300993e+02 -3.4358e+00 +7.2703e-01 +3.6823e+00
1172 0 +8.578511910e-05 +2.977300858e+02 +2.977300858e+02 -3.4358e+00 +7.2313e-01 +3.6862e+00
1181 0 +7.790647209e-05 +2.977300779e+02 +2.977300779e+02 -3.4436e+00 +7.1922e-01 +3.6901e+00
1185 0 +7.034008974e-05 +2.977300703e+02 +2.977300703e+02 -3.4475e+00 +7.1922e-01 +3.6940e+00
1196 0 +5.625030798e-05 +2.977300563e+02 +2.977300563e+02 -3.4515e+00 +7.1531e-01 +3.7018e+00
1197 0 +5.509223877e-05 +2.977300551e+02 +2.977300551e+02 -3.4554e+00 +7.1531e-01 +3.7018e+00
1208 0 +4.366835316e-05 +2.977300437e+02 +2.977300437e+02 -3.4593e+00 +7.1140e-01 +3.7096e+00
1215 0 +3.976742755e-05 +2.977300398e+02 +2.977300398e+02 -3.4671e+00 +7.1140e-01 +3.7135e+00
1239 0 +3.501427955e-05 +2.977300350e+02 +2.977300350e+02 -3.4827e+00 +7.1140e-01 +3.7135e+00
1259 0 +3.139088312e-05 +2.977300314e+02 +2.977300314e+02 -3.4945e+00 +7.0749e-01 +3.7174e+00
1268 0 +2.809138846e-05 +2.977300281e+02 +2.977300281e+02 -3.4984e+00 +7.0749e-01 +3.7253e+00
1316 0 +2.349270761e-05 +2.977300235e+02 +2.977300235e+02 -3.5296e+00 +7.0358e-01 +3.7331e+00
1323 0 +2.232253706e-05 +2.977300223e+02 +2.977300223e+02 -3.5375e+00 +7.0358e-01 +3.7370e+00
1328 0 +1.779957631e-05 +2.977300178e+02 +2.977300178e+02 -3.5375e+00 +6.9967e-01 +3.7409e+00
1329 0 +1.716420502e-05 +2.977300172e+02 +2.977300172e+02 -3.5414e+00 +6.9967e-01 +3.7409e+00
1335 0 +1.556005105e-05 +2.977300156e+02 +2.977300156e+02 -3.5453e+00 +6.9967e-01 +3.7448e+00
1347 0 +1.367570451e-05 +2.977300137e+02 +2.977300137e+02 -3.5531e+00 +6.9967e-01 +3.7448e+00
1359 0 +1.256740990e-05 +2.977300126e+02 +2.977300126e+02 -3.5609e+00 +6.9967e-01 +3.7448e+00
1377 0 +1.117785223e-05 +2.977300112e+02 +2.977300112e+02 -3.5726e+00 +6.9967e-01 +3.7487e+00
1382 0 +7.682636749e-06 +2.977300077e+02 +2.977300077e+02 -3.5726e+00 +6.9576e-01 +3.7526e+00
1395 0 +7.014118751e-06 +2.977300070e+02 +2.977300070e+02 -3.5844e+00 +6.9576e-01 +3.7565e+00
1454 0 +6.231353836e-06 +2.977300062e+02 +2.977300062e+02 -3.6039e+00 +6.9186e-01 +3.7643e+00
1466 0 +5.350591891e-06 +2.977300054e+02 +2.977300054e+02 -3.6078e+00 +6.8990e-01 +3.7682e+00
1475 0 +4.805504773e-06 +2.977300048e+02 +2.977300048e+02 -3.6117e+00 +6.8795e-01 +3.7702e+00
1478 0 +4.130859054e-06 +2.977300041e+02 +2.977300041e+02 -3.6117e+00 +6.8795e-01 +3.7722e+00
1484 0 +3.908916540e-06 +2.977300039e+02 +2.977300039e+02 -3.6137e+00 +6.8795e-01 +3.7741e+00
1491 0 +3.524878309e-06 +2.977300035e+02 +2.977300035e+02 -3.6176e+00 +6.8795e-01 +3.7741e+00
1509 0 +3.148260816e-06 +2.977300031e+02 +2.977300031e+02 -3.6234e+00 +6.8795e-01 +3.7741e+00
1529 0 +2.602073380e-06 +2.977300026e+02 +2.977300026e+02 -3.6293e+00 +6.8599e-01 +3.7761e+00
1532 0 +2.197642743e-06 +2.977300022e+02 +2.977300022e+02 -3.6293e+00 +6.8599e-01 +3.7780e+00
1544 0 +1.809395030e-06 +2.977300018e+02 +2.977300018e+02 -3.6332e+00 +6.8404e-01 +3.7819e+00
1550 0 +1.768206459e-06 +2.977300018e+02 +2.977300018e+02 -3.6352e+00 +6.8404e-01 +3.7839e+00
1598 0 +1.492615070e-06 +2.977300015e+02 +2.977300015e+02 -3.6508e+00 +6.8208e-01 +3.7878e+00
1611 0 +1.378221498e-06 +2.977300014e+02 +2.977300014e+02 -3.6567e+00 +6.8208e-01 +3.7897e+00
1646 0 +1.244441307e-06 +2.977300012e+02 +2.977300012e+02 -3.6664e+00 +6.8208e-01 +3.7917e+00
1652 0 +8.662516393e-07 +2.977300009e+02 +2.977300009e+02 -3.6684e+00 +6.8013e-01 +3.7937e+00
1659 0 +7.867936347e-07 +2.977300008e+02 +2.977300008e+02 -3.6723e+00 +6.8013e-01 +3.7956e+00
1683 0 +7.072242738e-07 +2.977300007e+02 +2.977300007e+02 -3.6801e+00 +6.8013e-01 +3.7956e+00
1706 0 +6.149524552e-07 +2.977300006e+02 +2.977300006e+02 -3.6811e+00 +6.7915e-01 +3.7966e+00
1718 0 +5.234265359e-07 +2.977300005e+02 +2.977300005e+02 -3.6811e+00 +6.7817e-01 +3.7985e+00
1724 0 +4.995761174e-07 +2.977300005e+02 +2.977300005e+02 -3.6821e+00 +6.7817e-01 +3.7995e+00
1742 0 +4.319755362e-07 +2.977300004e+02 +2.977300004e+02 -3.6850e+00 +6.7720e-01 +3.8015e+00
1754 0 +3.748174890e-07 +2.977300004e+02 +2.977300004e+02 -3.6870e+00 +6.7622e-01 +3.8034e+00
1763 0 +3.461544793e-07 +2.977300003e+02 +2.977300003e+02 -3.6889e+00 +6.7524e-01 +3.8044e+00
1767 0 +3.136108262e-07 +2.977300003e+02 +2.977300003e+02 -3.6899e+00 +6.7524e-01 +3.8054e+00
1778 0 +2.763275120e-07 +2.977300003e+02 +2.977300003e+02 -3.6909e+00 +6.7427e-01 +3.8073e+00
1791 0 +2.480628609e-07 +2.977300002e+02 +2.977300002e+02 -3.6938e+00 +6.7427e-01 +3.8083e+00
1815 0 +2.212863706e-07 +2.977300002e+02 +2.977300002e+02 -3.6977e+00 +6.7427e-01 +3.8083e+00
1838 0 +1.890957719e-07 +2.977300002e+02 +2.977300002e+02 -3.7006e+00 +6.7329e-01 +3.8103e+00
1851 0 +1.750088927e-07 +2.977300002e+02 +2.977300002e+02 -3.7036e+00 +6.7329e-01 +3.8112e+00
1887 0 +1.552369895e-07 +2.977300002e+02 +2.977300002e+02 -3.7094e+00 +6.7329e-01 +3.8122e+00
1892 0 +1.351523906e-07 +2.977300001e+02 +2.977300001e+02 -3.7094e+00 +6.7231e-01 +3.8132e+00
1899 0 +1.238502136e-07 +2.977300001e+02 +2.977300001e+02 -3.7114e+00 +6.7231e-01 +3.8142e+00
1917 0 +1.102776537e-07 +2.977300001e+02 +2.977300001e+02 -3.7143e+00 +6.7231e-01 +3.8142e+00
1941 0 +9.687124702e-08 +2.977300001e+02 +2.977300001e+02 -3.7182e+00 +6.7231e-01 +3.8152e+00
1946 0 +7.246615041e-08 +2.977300001e+02 +2.977300001e+02 -3.7182e+00 +6.7133e-01 +3.8161e+00
1947 0 +7.064414831e-08 +2.977300001e+02 +2.977300001e+02 -3.7192e+00 +6.7133e-01 +3.8161e+00
1965 0 +6.118398233e-08 +2.977300001e+02 +2.977300001e+02 -3.7221e+00 +6.7133e-01 +3.8171e+00
1995 0 +5.597701147e-08 +2.977300001e+02 +2.977300001e+02 -3.7270e+00 +6.7133e-01 +3.8181e+00
2000 0 +4.858128477e-08 +2.977300000e+02 +2.977300000e+02 -3.7270e+00 +6.7036e-01 +3.8191e+00
2012 0 +4.383713303e-08 +2.977300000e+02 +2.977300000e+02 -3.7290e+00 +6.6938e-01 +3.8210e+00
2025 0 +3.906171742e-08 +2.977300000e+02 +2.977300000e+02 -3.7319e+00 +6.6938e-01 +3.8220e+00
2043 0 +3.536399618e-08 +2.977300000e+02 +2.977300000e+02 -3.7348e+00 +6.6938e-01 +3.8220e+00
2069 0 +3.045380481e-08 +2.977300000e+02 +2.977300000e+02 -3.7368e+00 +6.6889e-01 +3.8225e+00
2072 0 +2.556600975e-08 +2.977300000e+02 +2.977300000e+02 -3.7368e+00 +6.6889e-01 +3.8230e+00
2078 0 +2.369006324e-08 +2.977300000e+02 +2.977300000e+02 -3.7373e+00 +6.6889e-01 +3.8235e+00
2081 0 +2.217689143e-08 +2.977300000e+02 +2.977300000e+02 -3.7378e+00 +6.6840e-01 +3.8235e+00
2084 0 +1.832574981e-08 +2.977300000e+02 +2.977300000e+02 -3.7378e+00 +6.6840e-01 +3.8239e+00
2090 0 +1.696957952e-08 +2.977300000e+02 +2.977300000e+02 -3.7383e+00 +6.6840e-01 +3.8244e+00
2109 0 +1.571532948e-08 +2.977300000e+02 +2.977300000e+02 -3.7402e+00 +6.6840e-01 +3.8244e+00
2117 0 +1.380908543e-08 +2.977300000e+02 +2.977300000e+02 -3.7407e+00 +6.6791e-01 +3.8249e+00
2127 0 +1.257484428e-08 +2.977300000e+02 +2.977300000e+02 -3.7417e+00 +6.6791e-01 +3.8259e+00
2163 0 +1.106525360e-08 +2.977300000e+02 +2.977300000e+02 -3.7446e+00 +6.6694e-01 +3.8279e+00
2199 0 +9.801055967e-09 +2.977300000e+02 +2.977300000e+02 -3.7475e+00 +6.6694e-01 +3.8283e+00
30000 0 +2.387423592e-12 +2.977300000e+02 +2.977300000e+02 -3.7782e+00 +6.6156e-01 +3.8417e+00
% f evaluations | g evaluations | best noise-free fitness - Fopt (5.157000000000e+01) + sum g_i+ | measured fitness | best measured fitness or single-digit g-values | x1 | x2...
1 0 +6.905006003e+01 +1.206200600e+02 +1.206200600e+02 +0.0000e+00 +0.0000e+00 +0.0000e+00
3 0 +5.934631086e+01 +1.109163109e+02 +1.109163109e+02 -8.3640e-01 +2.0925e+00 +2.0925e+00
5 0 +2.993080260e+01 +8.150080260e+01 +8.150080260e+01 +2.9289e+00 +0.0000e+00 +0.0000e+00
9 0 +9.244893218e+00 +6.081489322e+01 +6.081489322e+01 +2.0925e+00 -8.3640e-01 +2.0925e+00
104 0 +7.438482675e+00 +5.900848267e+01 +5.900848267e+01 +2.0013e+00 -1.4269e+00 +2.0013e+00
124 0 +6.785640330e+00 +5.835564033e+01 +5.835564033e+01 +1.7511e+00 -1.4269e+00 +2.0013e+00
127 0 +6.284670932e+00 +5.785467093e+01 +5.785467093e+01 +1.7511e+00 -1.4269e+00 +1.7511e+00
133 0 +5.615162361e+00 +5.718516236e+01 +5.718516236e+01 +2.0013e+00 -1.4269e+00 +1.5010e+00
771 0 +4.918592075e+00 +5.648859207e+01 +5.648859207e+01 +3.3103e+00 +3.8241e-01 +5.0032e-01
773 0 +2.015616186e+00 +5.358561619e+01 +5.358561619e+01 +3.8106e+00 +3.8241e-01 +5.0032e-01
779 0 +1.823610969e+00 +5.339361097e+01 +5.339361097e+01 +4.3109e+00 +3.8241e-01 +5.0032e-01
795 0 +1.549713143e+00 +5.311971314e+01 +5.311971314e+01 +4.3109e+00 +3.8241e-01 +7.5049e-01
797 0 +9.820845824e-01 +5.255208458e+01 +5.255208458e+01 +4.5611e+00 +3.8241e-01 +7.5049e-01
823 0 +7.685039075e-01 +5.233850391e+01 +5.233850391e+01 +4.6862e+00 +4.4495e-01 +7.5049e-01
824 0 +6.144447765e-01 +5.218444478e+01 +5.218444478e+01 +4.6862e+00 +4.4495e-01 +6.8795e-01
848 0 +5.545158537e-01 +5.212451585e+01 +5.212451585e+01 +4.7174e+00 +4.7622e-01 +6.2541e-01
895 0 +5.010479760e-01 +5.207104798e+01 +5.207104798e+01 +4.5298e+00 +5.3876e-01 +4.3778e-01
968 0 +4.424376247e-01 +5.201243762e+01 +5.201243762e+01 +4.3735e+00 +5.8567e-01 +2.3453e-01
998 0 +3.961783976e-01 +5.196617840e+01 +5.196617840e+01 +4.3266e+00 +6.0130e-01 +1.5635e-01
1018 0 +3.532982509e-01 +5.192329825e+01 +5.192329825e+01 +4.2640e+00 +6.1694e-01 +1.0945e-01
1034 0 +3.135434765e-01 +5.188354348e+01 +5.188354348e+01 +4.2327e+00 +6.3257e-01 +6.2541e-02
1052 0 +2.738233594e-01 +5.184382336e+01 +5.184382336e+01 +4.1858e+00 +6.4821e-01 +1.5635e-02
1072 0 +2.483757835e-01 +5.181837578e+01 +5.181837578e+01 +4.1233e+00 +6.4821e-01 -3.1270e-02
1082 0 +2.205734014e-01 +5.179057340e+01 +5.179057340e+01 +4.1077e+00 +6.6384e-01 -6.2541e-02
1096 0 +1.995252300e-01 +5.176952523e+01 +5.176952523e+01 +4.0608e+00 +6.7948e-01 -9.3811e-02
1118 0 +1.709136506e-01 +5.174091365e+01 +5.174091365e+01 +4.0139e+00 +6.9511e-01 -1.5635e-01
1136 0 +1.552409453e-01 +5.172524095e+01 +5.172524095e+01 +3.9669e+00 +7.1075e-01 -2.0326e-01
1160 0 +1.406507460e-01 +5.171065075e+01 +5.171065075e+01 +3.9200e+00 +7.2638e-01 -2.6580e-01
1201 0 +1.253518299e-01 +5.169535183e+01 +5.169535183e+01 +3.8106e+00 +7.5765e-01 -3.5961e-01
1228 0 +1.120688679e-01 +5.168206887e+01 +5.168206887e+01 +3.7481e+00 +7.7329e-01 -4.3778e-01
1252 0 +9.945602576e-02 +5.166945603e+01 +5.166945603e+01 +3.6855e+00 +7.8893e-01 -5.0032e-01
1268 0 +8.858286570e-02 +5.165858287e+01 +5.165858287e+01 +3.6542e+00 +8.0456e-01 -5.4723e-01
1286 0 +7.739044957e-02 +5.164739045e+01 +5.164739045e+01 +3.6073e+00 +8.2020e-01 -5.9414e-01
1304 0 +6.752871053e-02 +5.163752871e+01 +5.163752871e+01 +3.5604e+00 +8.3583e-01 -6.4104e-01
1318 0 +6.274627126e-02 +5.163274627e+01 +5.163274627e+01 +3.5292e+00 +8.3583e-01 -6.7231e-01
1340 0 +5.506078082e-02 +5.162506078e+01 +5.162506078e+01 +3.4979e+00 +8.5147e-01 -7.1922e-01
1358 0 +4.843904695e-02 +5.161843905e+01 +5.161843905e+01 +3.4510e+00 +8.6710e-01 -7.6612e-01
1382 0 +4.286924187e-02 +5.161286924e+01 +5.161286924e+01 +3.3884e+00 +8.8274e-01 -8.1303e-01
1417 0 +3.975031814e-02 +5.160975032e+01 +5.160975032e+01 +3.3337e+00 +8.9055e-01 -8.4430e-01
1442 0 +3.532908133e-02 +5.160532908e+01 +5.160532908e+01 +3.3259e+00 +8.9837e-01 -8.8339e-01
1472 0 +3.066347640e-02 +5.160066348e+01 +5.160066348e+01 +3.2946e+00 +9.1401e-01 -9.2247e-01
1495 0 +2.808649274e-02 +5.159808649e+01 +5.159808649e+01 +3.2634e+00 +9.2182e-01 -9.4593e-01
1514 0 +2.463423763e-02 +5.159463424e+01 +5.159463424e+01 +3.2399e+00 +9.2964e-01 -9.7720e-01
1538 0 +2.167439133e-02 +5.159167439e+01 +5.159167439e+01 +3.2165e+00 +9.3746e-01 -1.0085e+00
1556 0 +1.975421323e-02 +5.158975421e+01 +5.158975421e+01 +3.1930e+00 +9.4528e-01 -1.0319e+00
1580 0 +1.768794606e-02 +5.158768795e+01 +5.158768795e+01 +3.1617e+00 +9.5309e-01 -1.0632e+00
1616 0 +1.580218277e-02 +5.158580218e+01 +5.158580218e+01 +3.1148e+00 +9.6091e-01 -1.1101e+00
1664 0 +1.393690431e-02 +5.158393690e+01 +5.158393690e+01 +3.0601e+00 +9.8436e-01 -1.1726e+00
1702 0 +1.258368970e-02 +5.158258369e+01 +5.158258369e+01 +3.0054e+00 +9.9218e-01 -1.2195e+00
1729 0 +1.093859329e-02 +5.158093859e+01 +5.158093859e+01 +2.9819e+00 +1.0078e+00 -1.2508e+00
1742 0 +9.982757166e-03 +5.157998276e+01 +5.157998276e+01 +2.9663e+00 +1.0078e+00 -1.2743e+00
1754 0 +8.674945254e-03 +5.157867495e+01 +5.157867495e+01 +2.9507e+00 +1.0156e+00 -1.2899e+00
1771 0 +7.726764809e-03 +5.157772676e+01 +5.157772676e+01 +2.9272e+00 +1.0235e+00 -1.3055e+00
1778 0 +6.911676515e-03 +5.157691168e+01 +5.157691168e+01 +2.9194e+00 +1.0235e+00 -1.3212e+00
1790 0 +6.026852074e-03 +5.157602685e+01 +5.157602685e+01 +2.9038e+00 +1.0313e+00 -1.3368e+00
1802 0 +5.584799468e-03 +5.157558480e+01 +5.157558480e+01 +2.8959e+00 +1.0313e+00 -1.3524e+00
1820 0 +4.809566433e-03 +5.157480957e+01 +5.157480957e+01 +2.8725e+00 +1.0391e+00 -1.3681e+00
1840 0 +4.464476446e-03 +5.157446448e+01 +5.157446448e+01 +2.8412e+00 +1.0391e+00 -1.3837e+00
1862 0 +3.964696020e-03 +5.157396470e+01 +5.157396470e+01 +2.8256e+00 +1.0469e+00 -1.4150e+00
1922 0 +3.540889148e-03 +5.157354089e+01 +5.157354089e+01 +2.7630e+00 +1.0704e+00 -1.4853e+00
1963 0 +3.108889260e-03 +5.157310889e+01 +5.157310889e+01 +2.7161e+00 +1.0860e+00 -1.5244e+00
1970 0 +2.771230231e-03 +5.157277123e+01 +5.157277123e+01 +2.7161e+00 +1.0860e+00 -1.5401e+00
1982 0 +2.357596078e-03 +5.157235760e+01 +5.157235760e+01 +2.7005e+00 +1.0938e+00 -1.5557e+00
1988 0 +2.221640297e-03 +5.157222164e+01 +5.157222164e+01 +2.7005e+00 +1.0938e+00 -1.5635e+00
2012 0 +1.971287848e-03 +5.157197129e+01 +5.157197129e+01 +2.6692e+00 +1.0938e+00 -1.5791e+00
2018 0 +1.644489186e-03 +5.157164449e+01 +5.157164449e+01 +2.6614e+00 +1.1016e+00 -1.5870e+00
2024 0 +1.529141380e-03 +5.157152914e+01 +5.157152914e+01 +2.6614e+00 +1.1016e+00 -1.5948e+00
2053 0 +1.391866375e-03 +5.157139187e+01 +5.157139187e+01 +2.6380e+00 +1.1055e+00 -1.6026e+00
2068 0 +1.256940580e-03 +5.157125694e+01 +5.157125694e+01 +2.6340e+00 +1.1055e+00 -1.6143e+00
2089 0 +1.110109620e-03 +5.157111011e+01 +5.157111011e+01 +2.6262e+00 +1.1134e+00 -1.6261e+00
2114 0 +9.821795964e-04 +5.157098218e+01 +5.157098218e+01 +2.6106e+00 +1.1173e+00 -1.6456e+00
2174 0 +8.877618857e-04 +5.157088776e+01 +5.157088776e+01 +2.5754e+00 +1.1290e+00 -1.6847e+00
2222 0 +7.913310785e-04 +5.157079133e+01 +5.157079133e+01 +2.5481e+00 +1.1368e+00 -1.7160e+00
2246 0 +7.010146170e-04 +5.157070101e+01 +5.157070101e+01 +2.5324e+00 +1.1407e+00 -1.7316e+00
2264 0 +6.113635490e-04 +5.157061136e+01 +5.157061136e+01 +2.5207e+00 +1.1446e+00 -1.7433e+00
2281 0 +5.531051679e-04 +5.157055311e+01 +5.157055311e+01 +2.5090e+00 +1.1485e+00 -1.7511e+00
2290 0 +4.982636752e-04 +5.157049826e+01 +5.157049826e+01 +2.5012e+00 +1.1485e+00 -1.7590e+00
2300 0 +4.446543933e-04 +5.157044465e+01 +5.157044465e+01 +2.4972e+00 +1.1524e+00 -1.7668e+00
2326 0 +3.966502853e-04 +5.157039665e+01 +5.157039665e+01 +2.4816e+00 +1.1524e+00 -1.7785e+00
2336 0 +3.509221878e-04 +5.157035092e+01 +5.157035092e+01 +2.4816e+00 +1.1564e+00 -1.7863e+00
2348 0 +3.162112112e-04 +5.157031621e+01 +5.157031621e+01 +2.4738e+00 +1.1603e+00 -1.7941e+00
2372 0 +2.730695963e-04 +5.157027307e+01 +5.157027307e+01 +2.4582e+00 +1.1642e+00 -1.8098e+00
2390 0 +2.497592578e-04 +5.157024976e+01 +5.157024976e+01 +2.4464e+00 +1.1681e+00 -1.8215e+00
2420 0 +2.226015544e-04 +5.157022260e+01 +5.157022260e+01 +2.4308e+00 +1.1720e+00 -1.8371e+00
2444 0 +1.951125931e-04 +5.157019511e+01 +5.157019511e+01 +2.4191e+00 +1.1759e+00 -1.8528e+00
2468 0 +1.697475898e-04 +5.157016975e+01 +5.157016975e+01 +2.4034e+00 +1.1798e+00 -1.8645e+00
2485 0 +1.583515855e-04 +5.157015835e+01 +5.157015835e+01 +2.3956e+00 +1.1837e+00 -1.8723e+00
2494 0 +1.394721101e-04 +5.157013947e+01 +5.157013947e+01 +2.3917e+00 +1.1837e+00 -1.8801e+00
2522 0 +1.191449395e-04 +5.157011914e+01 +5.157011914e+01 +2.3761e+00 +1.1876e+00 -1.8919e+00
2542 0 +1.110649996e-04 +5.157011106e+01 +5.157011106e+01 +2.3683e+00 +1.1876e+00 -1.8997e+00
2582 0 +9.894946998e-05 +5.157009895e+01 +5.157009895e+01 +2.3624e+00 +1.1915e+00 -1.9075e+00
2618 0 +8.696003437e-05 +5.157008696e+01 +5.157008696e+01 +2.3526e+00 +1.1954e+00 -1.9192e+00
2642 0 +7.922787243e-05 +5.157007923e+01 +5.157007923e+01 +2.3468e+00 +1.1974e+00 -1.9270e+00
2672 0 +6.948088365e-05 +5.157006948e+01 +5.157006948e+01 +2.3370e+00 +1.1993e+00 -1.9368e+00
2690 0 +6.240152803e-05 +5.157006240e+01 +5.157006240e+01 +2.3311e+00 +1.2013e+00 -1.9427e+00
2708 0 +5.539885890e-05 +5.157005540e+01 +5.157005540e+01 +2.3253e+00 +1.2033e+00 -1.9485e+00
2726 0 +4.883201204e-05 +5.157004883e+01 +5.157004883e+01 +2.3194e+00 +1.2052e+00 -1.9544e+00
2744 0 +4.302955878e-05 +5.157004303e+01 +5.157004303e+01 +2.3155e+00 +1.2072e+00 -1.9603e+00
2758 0 +3.975995772e-05 +5.157003976e+01 +5.157003976e+01 +2.3096e+00 +1.2072e+00 -1.9642e+00
2774 0 +3.521477718e-05 +5.157003521e+01 +5.157003521e+01 +2.3057e+00 +1.2091e+00 -1.9700e+00
2798 0 +3.097034866e-05 +5.157003097e+01 +5.157003097e+01 +2.2979e+00 +1.2111e+00 -1.9778e+00
2834 0 +2.813787174e-05 +5.157002814e+01 +5.157002814e+01 +2.2881e+00 +1.2130e+00 -1.9876e+00
2882 0 +2.466117297e-05 +5.157002466e+01 +5.157002466e+01 +2.2744e+00 +1.2189e+00 -2.0033e+00
2906 0 +2.229230005e-05 +5.157002229e+01 +5.157002229e+01 +2.2686e+00 +1.2208e+00 -2.0111e+00
2930 0 +1.925498604e-05 +5.157001925e+01 +5.157001925e+01 +2.2608e+00 +1.2228e+00 -2.0169e+00
2947 0 +1.750591667e-05 +5.157001751e+01 +5.157001751e+01 +2.2569e+00 +1.2248e+00 -2.0208e+00
2954 0 +1.508415991e-05 +5.157001508e+01 +5.157001508e+01 +2.2549e+00 +1.2248e+00 -2.0248e+00
2972 0 +1.393901112e-05 +5.157001394e+01 +5.157001394e+01 +2.2490e+00 +1.2248e+00 -2.0287e+00
2978 0 +1.186282730e-05 +5.157001186e+01 +5.157001186e+01 +2.2471e+00 +1.2267e+00 -2.0306e+00
2986 0 +1.111223499e-05 +5.157001111e+01 +5.157001111e+01 +2.2451e+00 +1.2267e+00 -2.0326e+00
2996 0 +9.523375653e-06 +5.157000952e+01 +5.157000952e+01 +2.2432e+00 +1.2287e+00 -2.0365e+00
3008 0 +8.793179639e-06 +5.157000879e+01 +5.157000879e+01 +2.2412e+00 +1.2287e+00 -2.0404e+00
3032 0 +7.546269487e-06 +5.157000755e+01 +5.157000755e+01 +2.2334e+00 +1.2306e+00 -2.0443e+00
3050 0 +6.864953015e-06 +5.157000686e+01 +5.157000686e+01 +2.2314e+00 +1.2326e+00 -2.0502e+00
3104 0 +6.270089251e-06 +5.157000627e+01 +5.157000627e+01 +2.2178e+00 +1.2365e+00 -2.0658e+00
3134 0 +5.471643540e-06 +5.157000547e+01 +5.157000547e+01 +2.2080e+00 +1.2384e+00 -2.0717e+00
3154 0 +4.962972618e-06 +5.157000496e+01 +5.157000496e+01 +2.2041e+00 +1.2384e+00 -2.0756e+00
3182 0 +4.396710104e-06 +5.157000440e+01 +5.157000440e+01 +2.2031e+00 +1.2394e+00 -2.0775e+00
3194 0 +3.896050011e-06 +5.157000390e+01 +5.157000390e+01 +2.2012e+00 +1.2404e+00 -2.0795e+00
3211 0 +3.537489917e-06 +5.157000354e+01 +5.157000354e+01 +2.1992e+00 +1.2414e+00 -2.0814e+00
3224 0 +3.107045956e-06 +5.157000311e+01 +5.157000311e+01 +2.1982e+00 +1.2414e+00 -2.0844e+00
3236 0 +2.692696341e-06 +5.157000269e+01 +5.157000269e+01 +2.1963e+00 +1.2423e+00 -2.0863e+00
3253 0 +2.436771389e-06 +5.157000244e+01 +5.157000244e+01 +2.1933e+00 +1.2433e+00 -2.0883e+00
3260 0 +2.230195200e-06 +5.157000223e+01 +5.157000223e+01 +2.1924e+00 +1.2433e+00 -2.0902e+00
3278 0 +1.986138322e-06 +5.157000199e+01 +5.157000199e+01 +2.1904e+00 +1.2443e+00 -2.0932e+00
3308 0 +1.768609920e-06 +5.157000177e+01 +5.157000177e+01 +2.1855e+00 +1.2453e+00 -2.0980e+00
3356 0 +1.567016291e-06 +5.157000157e+01 +5.157000157e+01 +2.1777e+00 +1.2482e+00 -2.1059e+00
3392 0 +1.411303124e-06 +5.157000141e+01 +5.157000141e+01 +2.1738e+00 +1.2492e+00 -2.1107e+00
3410 0 +1.251061356e-06 +5.157000125e+01 +5.157000125e+01 +2.1709e+00 +1.2502e+00 -2.1137e+00
3428 0 +1.071849539e-06 +5.157000107e+01 +5.157000107e+01 +2.1679e+00 +1.2511e+00 -2.1166e+00
3440 0 +9.972653103e-07 +5.157000100e+01 +5.157000100e+01 +2.1660e+00 +1.2511e+00 -2.1186e+00
3458 0 +8.445692288e-07 +5.157000084e+01 +5.157000084e+01 +2.1630e+00 +1.2521e+00 -2.1205e+00
3472 0 +7.866800757e-07 +5.157000079e+01 +5.157000079e+01 +2.1611e+00 +1.2521e+00 -2.1225e+00
3482 0 +6.843617868e-07 +5.157000068e+01 +5.157000068e+01 +2.1611e+00 +1.2531e+00 -2.1244e+00
3494 0 +6.080144459e-07 +5.157000061e+01 +5.157000061e+01 +2.1591e+00 +1.2541e+00 -2.1264e+00
3508 0 +5.576908890e-07 +5.157000056e+01 +5.157000056e+01 +2.1562e+00 +1.2541e+00 -2.1283e+00
3530 0 +4.918900558e-07 +5.157000049e+01 +5.157000049e+01 +2.1542e+00 +1.2550e+00 -2.1313e+00
3560 0 +4.336773500e-07 +5.157000043e+01 +5.157000043e+01 +2.1494e+00 +1.2560e+00 -2.1342e+00
3595 0 +3.892486973e-07 +5.157000039e+01 +5.157000039e+01 +2.1455e+00 +1.2570e+00 -2.1371e+00
3604 0 +3.505139929e-07 +5.157000035e+01 +5.157000035e+01 +2.1455e+00 +1.2570e+00 -2.1391e+00
3620 0 +3.049336215e-07 +5.157000030e+01 +5.157000030e+01 +2.1435e+00 +1.2580e+00 -2.1410e+00
3638 0 +2.548716154e-07 +5.157000025e+01 +5.157000025e+01 +2.1415e+00 +1.2590e+00 -2.1440e+00
3644 0 +2.439995725e-07 +5.157000024e+01 +5.157000024e+01 +2.1415e+00 +1.2590e+00 -2.1449e+00
3674 0 +2.044055876e-07 +5.157000020e+01 +5.157000020e+01 +2.1367e+00 +1.2599e+00 -2.1479e+00
3680 0 +1.989626810e-07 +5.157000020e+01 +5.157000020e+01 +2.1376e+00 +1.2599e+00 -2.1489e+00
3733 0 +1.744931168e-07 +5.157000017e+01 +5.157000017e+01 +2.1332e+00 +1.2609e+00 -2.1513e+00
3752 0 +1.574467774e-07 +5.157000016e+01 +5.157000016e+01 +2.1323e+00 +1.2614e+00 -2.1533e+00
3776 0 +1.406180132e-07 +5.157000014e+01 +5.157000014e+01 +2.1313e+00 +1.2619e+00 -2.1552e+00
3794 0 +1.243663164e-07 +5.157000012e+01 +5.157000012e+01 +2.1298e+00 +1.2624e+00 -2.1567e+00
3812 0 +1.076386908e-07 +5.157000011e+01 +5.157000011e+01 +2.1284e+00 +1.2629e+00 -2.1581e+00
3826 0 +9.888620411e-08 +5.157000010e+01 +5.157000010e+01 +2.1269e+00 +1.2629e+00 -2.1591e+00
3836 0 +8.670495077e-08 +5.157000009e+01 +5.157000009e+01 +2.1264e+00 +1.2634e+00 -2.1601e+00
3853 0 +7.886028186e-08 +5.157000008e+01 +5.157000008e+01 +2.1249e+00 +1.2638e+00 -2.1611e+00
3860 0 +7.042757488e-08 +5.157000007e+01 +5.157000007e+01 +2.1249e+00 +1.2638e+00 -2.1620e+00
3872 0 +6.308355438e-08 +5.157000006e+01 +5.157000006e+01 +2.1240e+00 +1.2643e+00 -2.1630e+00
3895 0 +5.613475906e-08 +5.157000006e+01 +5.157000006e+01 +2.1220e+00 +1.2648e+00 -2.1645e+00
3926 0 +4.926724273e-08 +5.157000005e+01 +5.157000005e+01 +2.1196e+00 +1.2653e+00 -2.1669e+00
3980 0 +4.451014490e-08 +5.157000004e+01 +5.157000004e+01 +2.1161e+00 +1.2663e+00 -2.1704e+00
4016 0 +3.796495207e-08 +5.157000004e+01 +5.157000004e+01 +2.1142e+00 +1.2668e+00 -2.1723e+00
4033 0 +3.430041318e-08 +5.157000003e+01 +5.157000003e+01 +2.1132e+00 +1.2673e+00 -2.1733e+00
4034 0 +3.069131083e-08 +5.157000003e+01 +5.157000003e+01 +2.1132e+00 +1.2673e+00 -2.1738e+00
4048 0 +2.762736528e-08 +5.157000003e+01 +5.157000003e+01 +2.1122e+00 +1.2673e+00 -2.1748e+00
4052 0 +2.355921680e-08 +5.157000002e+01 +5.157000002e+01 +2.1122e+00 +1.2678e+00 -2.1752e+00
4058 0 +2.208140870e-08 +5.157000002e+01 +5.157000002e+01 +2.1122e+00 +1.2678e+00 -2.1757e+00
4082 0 +1.973158703e-08 +5.157000002e+01 +5.157000002e+01 +2.1103e+00 +1.2678e+00 -2.1767e+00
4088 0 +1.630434809e-08 +5.157000002e+01 +5.157000002e+01 +2.1098e+00 +1.2682e+00 -2.1772e+00
4094 0 +1.572221464e-08 +5.157000002e+01 +5.157000002e+01 +2.1103e+00 +1.2682e+00 -2.1777e+00
4130 0 +1.378645464e-08 +5.157000001e+01 +5.157000001e+01 +2.1083e+00 +1.2685e+00 -2.1784e+00
4160 0 +1.242430869e-08 +5.157000001e+01 +5.157000001e+01 +2.1081e+00 +1.2690e+00 -2.1796e+00
4244 0 +1.109476244e-08 +5.157000001e+01 +5.157000001e+01 +2.1049e+00 +1.2699e+00 -2.1831e+00
4268 0 +9.975735793e-09 +5.157000001e+01 +5.157000001e+01 +2.1039e+00 +1.2702e+00 -2.1840e+00
5966 0 +9.521272659e-13 +5.157000000e+01 +5.157000000e+01 +2.0791e+00 +1.2776e+00 -2.2103e+00
30000 0 +6.679101716e-13 +5.157000000e+01 +5.157000000e+01 +2.0788e+00 +1.2777e+00 -2.2106e+00
% f evaluations | g evaluations | best noise-free fitness - Fopt (8.200000000000e+00) + sum g_i+ | measured fitness | best measured fitness or single-digit g-values | x1 | x2...
1 0 +5.071787281e+01 +5.891787281e+01 +5.891787281e+01 +0.0000e+00 +0.0000e+00 +0.0000e+00
3 0 +4.930369805e+01 +5.750369805e+01 +5.750369805e+01 -8.3640e-01 +2.0925e+00 +2.0925e+00
8 0 +1.084676702e+01 +1.904676702e+01 +1.904676702e+01 +0.0000e+00 -2.9289e+00 +0.0000e+00
43 0 +6.425697695e+00 +1.462569770e+01 +1.462569770e+01 -3.6635e-01 -1.0995e+00 -1.0995e+00
59 0 +4.186632555e-01 +8.618663255e+00 +8.618663255e+00 +1.8487e+00 +0.0000e+00 +0.0000e+00
280 0 +3.912568226e-01 +8.591256823e+00 +8.591256823e+00 +1.6301e+00 +3.7524e-01 +4.8572e-17
305 0 +3.538161000e-01 +8.553816100e+00 +8.553816100e+00 +1.6458e+00 +3.2834e-01 +6.2541e-02
323 0 +3.091606531e-01 +8.509160653e+00 +8.509160653e+00 +1.6770e+00 +2.8143e-01 +7.8176e-02
344 0 +2.815149169e-01 +8.481514917e+00 +8.481514917e+00 +1.6927e+00 +2.5016e-01 +1.4072e-01
358 0 +2.487640690e-01 +8.448764069e+00 +8.448764069e+00 +1.7240e+00 +2.1889e-01 +1.5635e-01
374 0 +2.224042535e-01 +8.422404254e+00 +8.422404254e+00 +1.7396e+00 +1.8762e-01 +2.0326e-01
401 0 +1.964736099e-01 +8.396473610e+00 +8.396473610e+00 +1.7630e+00 +1.4853e-01 +2.5016e-01
431 0 +1.761830799e-01 +8.376183080e+00 +8.376183080e+00 +1.7865e+00 +1.0945e-01 +2.8925e-01
467 0 +1.571976445e-01 +8.357197644e+00 +8.357197644e+00 +1.8178e+00 +6.2541e-02 +3.3616e-01
520 0 +1.400031020e-01 +8.340003102e+00 +8.340003102e+00 +1.8569e+00 +4.4756e-16 +4.0651e-01
578 0 +1.257024166e-01 +8.325702417e+00 +8.325702417e+00 +1.9038e+00 -7.8176e-02 +4.8469e-01
635 0 +1.115568232e-01 +8.311556823e+00 +8.311556823e+00 +1.9507e+00 -1.5635e-01 +5.5505e-01
677 0 +9.916715226e-02 +8.299167152e+00 +8.299167152e+00 +1.9819e+00 -2.1107e-01 +6.0977e-01
710 0 +8.882475698e-02 +8.288824757e+00 +8.288824757e+00 +2.0054e+00 -2.5016e-01 +6.5668e-01
737 0 +7.934348163e-02 +8.279343482e+00 +8.279343482e+00 +2.0288e+00 -2.8925e-01 +6.8795e-01
767 0 +7.006364215e-02 +8.270063642e+00 +8.270063642e+00 +2.0523e+00 -3.2834e-01 +7.2703e-01
796 0 +6.256795028e-02 +8.262567950e+00 +8.262567950e+00 +2.0757e+00 -3.5961e-01 +7.6612e-01
827 0 +5.557787049e-02 +8.255577870e+00 +8.255577870e+00 +2.0992e+00 -3.9870e-01 +8.0521e-01
857 0 +4.978556134e-02 +8.249785561e+00 +8.249785561e+00 +2.1226e+00 -4.3778e-01 +8.4430e-01
890 0 +4.447277557e-02 +8.244472776e+00 +8.244472776e+00 +2.1461e+00 -4.7687e-01 +8.9120e-01
923 0 +3.979868621e-02 +8.239798686e+00 +8.239798686e+00 +2.1696e+00 -5.1596e-01 +9.3029e-01
953 0 +3.505411319e-02 +8.235054113e+00 +8.235054113e+00 +2.1930e+00 -5.5505e-01 +9.6938e-01
983 0 +3.141303309e-02 +8.231413033e+00 +8.231413033e+00 +2.2086e+00 -5.7850e-01 +1.0085e+00
1004 0 +2.812641694e-02 +8.228126417e+00 +8.228126417e+00 +2.2243e+00 -6.0195e-01 +1.0397e+00
1028 0 +2.502943924e-02 +8.225029439e+00 +8.225029439e+00 +2.2399e+00 -6.2541e-01 +1.0710e+00
1049 0 +2.208042465e-02 +8.222080425e+00 +8.222080425e+00 +2.2555e+00 -6.5668e-01 +1.0945e+00
1067 0 +1.982997803e-02 +8.219829978e+00 +8.219829978e+00 +2.2712e+00 -6.8013e-01 +1.1179e+00
1097 0 +1.777777396e-02 +8.217777774e+00 +8.217777774e+00 +2.2868e+00 -7.0358e-01 +1.1570e+00
1139 0 +1.579921440e-02 +8.215799214e+00 +8.215799214e+00 +2.3103e+00 -7.4267e-01 +1.1961e+00
1198 0 +1.400079435e-02 +8.214000794e+00 +8.214000794e+00 +2.3494e+00 -7.9739e-01 +1.2664e+00
1264 0 +1.257028655e-02 +8.212570287e+00 +8.212570287e+00 +2.3728e+00 -8.3648e-01 +1.3134e+00
1306 0 +1.114372510e-02 +8.211143725e+00 +8.211143725e+00 +2.3884e+00 -8.6384e-01 +1.3407e+00
1336 0 +9.912726143e-03 +8.209912726e+00 +8.209912726e+00 +2.4002e+00 -8.8339e-01 +1.3603e+00
1358 0 +8.906529651e-03 +8.208906530e+00 +8.208906530e+00 +2.4080e+00 -8.9902e-01 +1.3759e+00
1384 0 +7.818554801e-03 +8.207818555e+00 +8.207818555e+00 +2.4197e+00 -9.1466e-01 +1.3915e+00
1403 0 +6.905381200e-03 +8.206905381e+00 +8.206905381e+00 +2.4275e+00 -9.3029e-01 +1.4033e+00
1421 0 +6.230623319e-03 +8.206230623e+00 +8.206230623e+00 +2.4354e+00 -9.4202e-01 +1.4150e+00
1444 0 +5.593801331e-03 +8.205593801e+00 +8.205593801e+00 +2.4432e+00 -9.5374e-01 +1.4306e+00
1463 0 +4.995859081e-03 +8.204995859e+00 +8.204995859e+00 +2.4510e+00 -9.6938e-01 +1.4423e+00
1492 0 +4.452129952e-03 +8.204452130e+00 +8.204452130e+00 +2.4627e+00 -9.8501e-01 +1.4619e+00
1526 0 +3.975419176e-03 +8.203975419e+00 +8.203975419e+00 +2.4744e+00 -1.0085e+00 +1.4853e+00
1631 0 +3.546591614e-03 +8.203546592e+00 +8.203546592e+00 +2.5174e+00 -1.0788e+00 +1.5518e+00
1691 0 +3.125855053e-03 +8.203125855e+00 +8.203125855e+00 +2.5370e+00 -1.1101e+00 +1.5909e+00
1718 0 +2.813510572e-03 +8.202813511e+00 +8.202813511e+00 +2.5448e+00 -1.1218e+00 +1.6104e+00
1736 0 +2.501701910e-03 +8.202501702e+00 +8.202501702e+00 +2.5526e+00 -1.1335e+00 +1.6221e+00
1763 0 +2.158216641e-03 +8.202158217e+00 +8.202158217e+00 +2.5604e+00 -1.1453e+00 +1.6378e+00
1775 0 +1.965872139e-03 +8.201965872e+00 +8.201965872e+00 +2.5643e+00 -1.1531e+00 +1.6456e+00
1792 0 +1.760079162e-03 +8.201760079e+00 +8.201760079e+00 +2.5722e+00 -1.1609e+00 +1.6573e+00
1804 0 +1.579768823e-03 +8.201579769e+00 +8.201579769e+00 +2.5761e+00 -1.1687e+00 +1.6651e+00
1823 0 +1.394394954e-03 +8.201394395e+00 +8.201394395e+00 +2.5800e+00 -1.1805e+00 +1.6769e+00
1840 0 +1.236197213e-03 +8.201236197e+00 +8.201236197e+00 +2.5878e+00 -1.1883e+00 +1.6886e+00
1858 0 +1.106421000e-03 +8.201106421e+00 +8.201106421e+00 +2.5956e+00 -1.2000e+00 +1.7003e+00
1889 0 +9.923056518e-04 +8.200992306e+00 +8.200992306e+00 +2.6034e+00 -1.2156e+00 +1.7160e+00
1948 0 +8.899886851e-04 +8.200889989e+00 +8.200889989e+00 +2.6269e+00 -1.2508e+00 +1.7550e+00
2006 0 +7.916101063e-04 +8.200791610e+00 +8.200791610e+00 +2.6425e+00 -1.2782e+00 +1.7863e+00
2045 0 +7.006739125e-04 +8.200700674e+00 +8.200700674e+00 +2.6503e+00 -1.2919e+00 +1.8020e+00
2075 0 +6.238025143e-04 +8.200623803e+00 +8.200623803e+00 +2.6562e+00 -1.3016e+00 +1.8117e+00
2099 0 +5.557391851e-04 +8.200555739e+00 +8.200555739e+00 +2.6621e+00 -1.3094e+00 +1.8195e+00
2123 0 +4.967447665e-04 +8.200496745e+00 +8.200496745e+00 +2.6660e+00 -1.3173e+00 +1.8274e+00
2147 0 +4.465539079e-04 +8.200446554e+00 +8.200446554e+00 +2.6699e+00 -1.3251e+00 +1.8352e+00
2171 0 +3.909274202e-04 +8.200390927e+00 +8.200390927e+00 +2.6757e+00 -1.3329e+00 +1.8430e+00
2195 0 +3.535785859e-04 +8.200353579e+00 +8.200353579e+00 +2.6797e+00 -1.3407e+00 +1.8508e+00
2222 0 +3.153546264e-04 +8.200315355e+00 +8.200315355e+00 +2.6855e+00 -1.3485e+00 +1.8606e+00
2260 0 +2.783480143e-04 +8.200278348e+00 +8.200278348e+00 +2.6933e+00 -1.3603e+00 +1.8723e+00
2297 0 +2.488062621e-04 +8.200248806e+00 +8.200248806e+00 +2.7011e+00 -1.3739e+00 +1.8840e+00
2339 0 +2.231351291e-04 +8.200223135e+00 +8.200223135e+00 +2.7090e+00 -1.3876e+00 +1.8977e+00
2380 0 +1.979033756e-04 +8.200197903e+00 +8.200197903e+00 +2.7168e+00 -1.3993e+00 +1.9114e+00
2411 0 +1.762506295e-04 +8.200176251e+00 +8.200176251e+00 +2.7226e+00 -1.4091e+00 +1.9212e+00
2440 0 +1.578635487e-04 +8.200157864e+00 +8.200157864e+00 +2.7285e+00 -1.4169e+00 +1.9309e+00
2465 0 +1.402792882e-04 +8.200140279e+00 +8.200140279e+00 +2.7324e+00 -1.4248e+00 +1.9388e+00
2492 0 +1.252037930e-04 +8.200125204e+00 +8.200125204e+00 +2.7363e+00 -1.4326e+00 +1.9485e+00
2525 0 +1.105618778e-04 +8.200110562e+00 +8.200110562e+00 +2.7422e+00 -1.4404e+00 +1.9583e+00
2554 0 +9.985749506e-05 +8.200099857e+00 +8.200099857e+00 +2.7481e+00 -1.4482e+00 +1.9681e+00
2588 0 +8.902927292e-05 +8.200089029e+00 +8.200089029e+00 +2.7520e+00 -1.4580e+00 +1.9798e+00
2612 0 +7.911127869e-05 +8.200079111e+00 +8.200079111e+00 +2.7578e+00 -1.4658e+00 +1.9876e+00
2645 0 +7.066700780e-05 +8.200070667e+00 +8.200070667e+00 +2.7617e+00 -1.4736e+00 +1.9974e+00
2663 0 +6.298110162e-05 +8.200062981e+00 +8.200062981e+00 +2.7656e+00 -1.4795e+00 +2.0013e+00
2687 0 +5.517154587e-05 +8.200055172e+00 +8.200055172e+00 +2.7696e+00 -1.4853e+00 +2.0072e+00
2716 0 +4.957137543e-05 +8.200049571e+00 +8.200049571e+00 +2.7735e+00 -1.4892e+00 +2.0150e+00
2729 0 +4.369750015e-05 +8.200043698e+00 +8.200043698e+00 +2.7754e+00 -1.4951e+00 +2.0169e+00
2758 0 +3.900749206e-05 +8.200039007e+00 +8.200039007e+00 +2.7793e+00 -1.4990e+00 +2.0248e+00
2771 0 +3.464489056e-05 +8.200034645e+00 +8.200034645e+00 +2.7813e+00 -1.5049e+00 +2.0287e+00
2795 0 +3.092444655e-05 +8.200030924e+00 +8.200030924e+00 +2.7852e+00 -1.5107e+00 +2.0345e+00
2855 0 +2.795988923e-05 +8.200027960e+00 +8.200027960e+00 +2.7901e+00 -1.5176e+00 +2.0453e+00
2942 0 +2.510350927e-05 +8.200025104e+00 +8.200025104e+00 +2.7979e+00 -1.5313e+00 +2.0599e+00
2996 0 +2.238628046e-05 +8.200022386e+00 +8.200022386e+00 +2.8028e+00 -1.5401e+00 +2.0687e+00
3023 0 +1.943359581e-05 +8.200019434e+00 +8.200019434e+00 +2.8067e+00 -1.5449e+00 +2.0726e+00
3046 0 +1.751027705e-05 +8.200017510e+00 +8.200017510e+00 +2.8086e+00 -1.5479e+00 +2.0765e+00
3064 0 +1.569781033e-05 +8.200015698e+00 +8.200015698e+00 +2.8106e+00 -1.5508e+00 +2.0795e+00
3080 0 +1.406041671e-05 +8.200014060e+00 +8.200014060e+00 +2.8116e+00 -1.5537e+00 +2.0824e+00
3095 0 +1.240676010e-05 +8.200012407e+00 +8.200012407e+00 +2.8135e+00 -1.5567e+00 +2.0844e+00
3113 0 +1.089001482e-05 +8.200010890e+00 +8.200010890e+00 +2.8155e+00 -1.5596e+00 +2.0873e+00
3128 0 +9.984462080e-06 +8.200009984e+00 +8.200009984e+00 +2.8165e+00 -1.5616e+00 +2.0902e+00
3146 0 +8.866244276e-06 +8.200008866e+00 +8.200008866e+00 +2.8184e+00 -1.5645e+00 +2.0932e+00
3173 0 +7.902090118e-06 +8.200007902e+00 +8.200007902e+00 +2.8204e+00 -1.5684e+00 +2.0971e+00
3203 0 +7.074858754e-06 +8.200007075e+00 +8.200007075e+00 +2.8233e+00 -1.5733e+00 +2.1019e+00
3311 0 +6.248220375e-06 +8.200006248e+00 +8.200006248e+00 +2.8331e+00 -1.5879e+00 +2.1195e+00
3347 0 +5.568230923e-06 +8.200005568e+00 +8.200005568e+00 +2.8360e+00 -1.5928e+00 +2.1254e+00
3371 0 +4.959648567e-06 +8.200004960e+00 +8.200004960e+00 +2.8380e+00 -1.5958e+00 +2.1283e+00
3400 0 +4.427574137e-06 +8.200004428e+00 +8.200004428e+00 +2.8394e+00 -1.5977e+00 +2.1322e+00
3422 0 +3.979112156e-06 +8.200003979e+00 +8.200003979e+00 +2.8404e+00 -1.5997e+00 +2.1342e+00
3448 0 +3.530624769e-06 +8.200003531e+00 +8.200003531e+00 +2.8419e+00 -1.6016e+00 +2.1362e+00
3467 0 +3.141439652e-06 +8.200003141e+00 +8.200003141e+00 +2.8428e+00 -1.6036e+00 +2.1376e+00
3491 0 +2.801462598e-06 +8.200002801e+00 +8.200002801e+00 +2.8438e+00 -1.6055e+00 +2.1396e+00
3520 0 +2.470585477e-06 +8.200002471e+00 +8.200002471e+00 +2.8453e+00 -1.6075e+00 +2.1420e+00
3542 0 +2.237476989e-06 +8.200002237e+00 +8.200002237e+00 +2.8463e+00 -1.6094e+00 +2.1440e+00
3575 0 +1.969087137e-06 +8.200001969e+00 +8.200001969e+00 +2.8482e+00 -1.6124e+00 +2.1464e+00
3617 0 +1.777971992e-06 +8.200001778e+00 +8.200001778e+00 +2.8502e+00 -1.6158e+00 +2.1498e+00
3707 0 +1.584821767e-06 +8.200001585e+00 +8.200001585e+00 +2.8546e+00 -1.6231e+00 +2.1572e+00
3767 0 +1.410491542e-06 +8.200001410e+00 +8.200001410e+00 +2.8575e+00 -1.6280e+00 +2.1620e+00
3803 0 +1.239133059e-06 +8.200001239e+00 +8.200001239e+00 +2.8595e+00 -1.6309e+00 +2.1650e+00
3827 0 +1.119868585e-06 +8.200001120e+00 +8.200001120e+00 +2.8604e+00 -1.6329e+00 +2.1669e+00
3856 0 +9.996760557e-07 +8.200001000e+00 +8.200001000e+00 +2.8619e+00 -1.6344e+00 +2.1694e+00
3880 0 +8.714846462e-07 +8.200000871e+00 +8.200000871e+00 +2.8629e+00 -1.6363e+00 +2.1713e+00
3898 0 +7.898995911e-07 +8.200000790e+00 +8.200000790e+00 +2.8639e+00 -1.6378e+00 +2.1728e+00
3917 0 +7.020268757e-07 +8.200000702e+00 +8.200000702e+00 +2.8648e+00 -1.6397e+00 +2.1743e+00
3944 0 +6.294138899e-07 +8.200000629e+00 +8.200000629e+00 +2.8658e+00 -1.6412e+00 +2.1767e+00
3971 0 +5.564138945e-07 +8.200000556e+00 +8.200000556e+00 +2.8673e+00 -1.6436e+00 +2.1787e+00
4012 0 +4.973711754e-07 +8.200000497e+00 +8.200000497e+00 +2.8687e+00 -1.6456e+00 +2.1821e+00
4042 0 +4.464231989e-07 +8.200000446e+00 +8.200000446e+00 +2.8702e+00 -1.6480e+00 +2.1845e+00
4078 0 +3.944446725e-07 +8.200000394e+00 +8.200000394e+00 +2.8717e+00 -1.6505e+00 +2.1875e+00
4106 0 +3.538989137e-07 +8.200000354e+00 +8.200000354e+00 +2.8726e+00 -1.6524e+00 +2.1899e+00
4139 0 +3.075700992e-07 +8.200000308e+00 +8.200000308e+00 +2.8741e+00 -1.6544e+00 +2.1923e+00
4162 0 +2.783715232e-07 +8.200000278e+00 +8.200000278e+00 +2.8751e+00 -1.6559e+00 +2.1938e+00
4186 0 +2.503478758e-07 +8.200000250e+00 +8.200000250e+00 +2.8761e+00 -1.6573e+00 +2.1958e+00
4211 0 +2.211743499e-07 +8.200000221e+00 +8.200000221e+00 +2.8770e+00 -1.6593e+00 +2.1972e+00
4253 0 +1.993672925e-07 +8.200000199e+00 +8.200000199e+00 +2.8780e+00 -1.6610e+00 +2.1997e+00
4307 0 +1.771374496e-07 +8.200000177e+00 +8.200000177e+00 +2.8795e+00 -1.6632e+00 +2.2019e+00
4361 0 +1.576475697e-07 +8.200000158e+00 +8.200000158e+00 +2.8807e+00 -1.6654e+00 +2.2041e+00
4403 0 +1.407598429e-07 +8.200000141e+00 +8.200000141e+00 +2.8817e+00 -1.6671e+00 +2.2058e+00
4438 0 +1.243293735e-07 +8.200000124e+00 +8.200000124e+00 +2.8827e+00 -1.6683e+00 +2.2072e+00
4463 0 +1.119046154e-07 +8.200000112e+00 +8.200000112e+00 +2.8832e+00 -1.6695e+00 +2.2082e+00
4487 0 +9.813771129e-08 +8.200000098e+00 +8.200000098e+00 +2.8839e+00 -1.6705e+00 +2.2092e+00
4508 0 +8.872873991e-08 +8.200000089e+00 +8.200000089e+00 +2.8844e+00 -1.6713e+00 +2.2102e+00
4532 0 +7.913653377e-08 +8.200000079e+00 +8.200000079e+00 +2.8849e+00 -1.6722e+00 +2.2112e+00
4553 0 +6.979940714e-08 +8.200000070e+00 +8.200000070e+00 +2.8856e+00 -1.6732e+00 +2.2119e+00
4577 0 +6.280109588e-08 +8.200000063e+00 +8.200000063e+00 +2.8861e+00 -1.6742e+00 +2.2129e+00
4607 0 +5.604501752e-08 +8.200000056e+00 +8.200000056e+00 +2.8868e+00 -1.6754e+00 +2.2141e+00
4655 0 +4.990825175e-08 +8.200000050e+00 +8.200000050e+00 +2.8880e+00 -1.6774e+00 +2.2160e+00
4751 0 +4.411286447e-08 +8.200000044e+00 +8.200000044e+00 +2.8902e+00 -1.6808e+00 +2.2199e+00
4781 0 +3.978567698e-08 +8.200000040e+00 +8.200000040e+00 +2.8910e+00 -1.6820e+00 +2.2212e+00
4811 0 +3.545109273e-08 +8.200000035e+00 +8.200000035e+00 +2.8915e+00 -1.6827e+00 +2.2224e+00
4834 0 +3.099534851e-08 +8.200000031e+00 +8.200000031e+00 +2.8919e+00 -1.6835e+00 +2.2234e+00
4847 0 +2.800442722e-08 +8.200000028e+00 +8.200000028e+00 +2.8922e+00 -1.6842e+00 +2.2239e+00
4865 0 +2.420565259e-08 +8.200000024e+00 +8.200000024e+00 +2.8927e+00 -1.6847e+00 +2.2246e+00
4877 0 +2.185738168e-08 +8.200000022e+00 +8.200000022e+00 +2.8929e+00 -1.6852e+00 +2.2251e+00
4889 0 +1.986096265e-08 +8.200000020e+00 +8.200000020e+00 +2.8932e+00 -1.6857e+00 +2.2256e+00
4906 0 +1.756040646e-08 +8.200000018e+00 +8.200000018e+00 +2.8937e+00 -1.6862e+00 +2.2263e+00
4925 0 +1.581889641e-08 +8.200000016e+00 +8.200000016e+00 +2.8939e+00 -1.6866e+00 +2.2270e+00
4948 0 +1.409791928e-08 +8.200000014e+00 +8.200000014e+00 +2.8944e+00 -1.6874e+00 +2.2278e+00
4985 0 +1.243557080e-08 +8.200000012e+00 +8.200000012e+00 +2.8951e+00 -1.6886e+00 +2.2292e+00
5086 0 +1.121835069e-08 +8.200000011e+00 +8.200000011e+00 +2.8971e+00 -1.6915e+00 +2.2326e+00
5111 0 +9.831166992e-09 +8.200000010e+00 +8.200000010e+00 +2.8976e+00 -1.6927e+00 +2.2331e+00
7631 0 +9.752199048e-13 +8.200000000e+00 +8.200000000e+00 +2.9118e+00 -1.7157e+00 +2.2584e+00
30000 0 +6.341593917e-13 +8.200000000e+00 +8.200000000e+00 +2.9120e+00 -1.7160e+00 +2.2587e+00
% f evaluations | g evaluations | best noise-free fitness - Fopt (-9.986000000000e+01) + sum g_i+ | measured fitness | best measured fitness or single-digit g-values | x1 | x2...
1 0 +2.314328423e+01 -7.671671577e+01 -7.671671577e+01 +0.0000e+00 +0.0000e+00 +0.0000e+00
5 0 +8.892298106e+00 -9.096770189e+01 -9.096770189e+01 +2.9289e+00 +0.0000e+00 +0.0000e+00
42 0 +4.909962762e-01 -9.936900372e+01 -9.936900372e+01 +2.6385e+00 +1.0995e+00 +2.9368e-01
15397 0 +4.133675605e-01 -9.944663244e+01 -9.944663244e+01 +3.1169e+00 +3.5984e+00 -5.5339e-02
15403 0 +3.085745945e-01 -9.955142541e+01 -9.955142541e+01 +3.1169e+00 +3.8486e+00 -5.5339e-02
15409 0 +2.759508103e-01 -9.958404919e+01 -9.958404919e+01 +3.1169e+00 +4.0988e+00 -5.5339e-02
15423 0 +1.542518119e-01 -9.970574819e+01 -9.970574819e+01 +3.1169e+00 +4.0988e+00 +6.9742e-02
15424 0 +1.247606693e-01 -9.973523933e+01 -9.973523933e+01 +2.9918e+00 +4.0988e+00 +6.9742e-02
15429 0 +4.142055229e-02 -9.981857945e+01 -9.981857945e+01 +2.9918e+00 +3.9737e+00 +1.9482e-01
15433 0 +2.585105456e-02 -9.983414895e+01 -9.983414895e+01 +2.9918e+00 +4.0988e+00 +1.9482e-01
15439 0 +1.708788985e-02 -9.984291211e+01 -9.984291211e+01 +2.9918e+00 +4.2238e+00 +1.9482e-01
15445 0 +1.464595635e-02 -9.984535404e+01 -9.984535404e+01 +2.9918e+00 +4.3489e+00 +1.9482e-01
15451 0 +1.410247398e-02 -9.984589753e+01 -9.984589753e+01 +2.9918e+00 +4.4740e+00 +1.9482e-01
15478 0 +1.232766365e-02 -9.984767234e+01 -9.984767234e+01 +2.9762e+00 +4.4740e+00 +2.1046e-01
15484 0 +9.524650381e-03 -9.985047535e+01 -9.985047535e+01 +2.9605e+00 +4.4584e+00 +2.2609e-01
15489 0 +8.654118295e-03 -9.985134588e+01 -9.985134588e+01 +2.9605e+00 +4.4427e+00 +2.4173e-01
15490 0 +6.670274899e-03 -9.985332973e+01 -9.985332973e+01 +2.9449e+00 +4.4427e+00 +2.4173e-01
15495 0 +5.738957250e-03 -9.985426104e+01 -9.985426104e+01 +2.9449e+00 +4.4271e+00 +2.5736e-01
15496 0 +4.820951015e-03 -9.985517905e+01 -9.985517905e+01 +2.9292e+00 +4.4271e+00 +2.5736e-01
15501 0 +4.196837954e-03 -9.985580316e+01 -9.985580316e+01 +2.9292e+00 +4.4115e+00 +2.7300e-01
15502 0 +3.976074628e-03 -9.985602393e+01 -9.985602393e+01 +2.9136e+00 +4.4115e+00 +2.7300e-01
15522 0 +3.540834524e-03 -9.985645917e+01 -9.985645917e+01 +2.8980e+00 +4.3489e+00 +3.0427e-01
15531 0 +3.136812145e-03 -9.985686319e+01 -9.985686319e+01 +2.8823e+00 +4.3333e+00 +3.1990e-01
15540 0 +2.733874010e-03 -9.985726613e+01 -9.985726613e+01 +2.8667e+00 +4.3020e+00 +3.1990e-01
15543 0 +2.383013702e-03 -9.985761699e+01 -9.985761699e+01 +2.8667e+00 +4.3020e+00 +3.3554e-01
15552 0 +2.151551417e-03 -9.985784845e+01 -9.985784845e+01 +2.8667e+00 +4.2708e+00 +3.3554e-01
15556 0 +1.972030789e-03 -9.985802797e+01 -9.985802797e+01 +2.8511e+00 +4.2708e+00 +3.3554e-01
15558 0 +1.675572548e-03 -9.985832443e+01 -9.985832443e+01 +2.8511e+00 +4.2551e+00 +3.3554e-01
15564 0 +1.500276427e-03 -9.985849972e+01 -9.985849972e+01 +2.8511e+00 +4.2395e+00 +3.5117e-01
15570 0 +1.274933189e-03 -9.985872507e+01 -9.985872507e+01 +2.8511e+00 +4.2238e+00 +3.3554e-01
15576 0 +1.155355216e-03 -9.985884464e+01 -9.985884464e+01 +2.8511e+00 +4.2082e+00 +3.3554e-01
15582 0 +1.073958123e-03 -9.985892604e+01 -9.985892604e+01 +2.8511e+00 +4.1926e+00 +3.3554e-01
15594 0 +9.851958817e-04 -9.985901480e+01 -9.985901480e+01 +2.8511e+00 +4.1613e+00 +3.3554e-01
15627 0 +8.600675205e-04 -9.985913993e+01 -9.985913993e+01 +2.8354e+00 +4.0831e+00 +3.5117e-01
15636 0 +7.603545329e-04 -9.985923965e+01 -9.985923965e+01 +2.8198e+00 +4.0519e+00 +3.5117e-01
15639 0 +6.905493218e-04 -9.985930945e+01 -9.985930945e+01 +2.8198e+00 +4.0519e+00 +3.6681e-01
15648 0 +5.418837163e-04 -9.985945812e+01 -9.985945812e+01 +2.8042e+00 +4.0206e+00 +3.6681e-01
15651 0 +4.967170489e-04 -9.985950328e+01 -9.985950328e+01 +2.8042e+00 +4.0206e+00 +3.8244e-01
15656 0 +4.405941362e-04 -9.985955941e+01 -9.985955941e+01 +2.8042e+00 +4.0050e+00 +3.6681e-01
15660 0 +3.669817433e-04 -9.985963302e+01 -9.985963302e+01 +2.8042e+00 +3.9893e+00 +3.6681e-01
15666 0 +3.180474659e-04 -9.985968195e+01 -9.985968195e+01 +2.8042e+00 +3.9737e+00 +3.6681e-01
15672 0 +2.866836063e-04 -9.985971332e+01 -9.985971332e+01 +2.8042e+00 +3.9581e+00 +3.6681e-01
15678 0 +2.664606838e-04 -9.985973354e+01 -9.985973354e+01 +2.8042e+00 +3.9424e+00 +3.6681e-01
15690 0 +2.445705210e-04 -9.985975543e+01 -9.985975543e+01 +2.8042e+00 +3.9111e+00 +3.6681e-01
15712 0 +2.064269174e-04 -9.985979357e+01 -9.985979357e+01 +2.7963e+00 +3.8799e+00 +3.6681e-01
15714 0 +1.984343848e-04 -9.985980157e+01 -9.985980157e+01 +2.7963e+00 +3.8721e+00 +3.6681e-01
15738 0 +1.756199926e-04 -9.985982438e+01 -9.985982438e+01 +2.7963e+00 +3.8408e+00 +3.6681e-01
15756 0 +1.572371498e-04 -9.985984276e+01 -9.985984276e+01 +2.7885e+00 +3.8173e+00 +3.6681e-01
15759 0 +1.265601443e-04 -9.985987344e+01 -9.985987344e+01 +2.7885e+00 +3.8173e+00 +3.7463e-01
15762 0 +1.244730534e-04 -9.985987553e+01 -9.985987553e+01 +2.7885e+00 +3.8095e+00 +3.7463e-01
15774 0 +1.090790573e-04 -9.985989092e+01 -9.985989092e+01 +2.7807e+00 +3.7939e+00 +3.7463e-01
15777 0 +9.516540933e-05 -9.985990483e+01 -9.985990483e+01 +2.7807e+00 +3.7939e+00 +3.8244e-01
15786 0 +8.558402493e-05 -9.985991442e+01 -9.985991442e+01 +2.7729e+00 +3.7782e+00 +3.8244e-01
15789 0 +7.455009447e-05 -9.985992545e+01 -9.985992545e+01 +2.7729e+00 +3.7782e+00 +3.9026e-01
15802 0 +6.545714794e-05 -9.985993454e+01 -9.985993454e+01 +2.7651e+00 +3.7626e+00 +3.9026e-01
15804 0 +5.784550112e-05 -9.985994215e+01 -9.985994215e+01 +2.7651e+00 +3.7548e+00 +3.9026e-01
15807 0 +5.212533516e-05 -9.985994787e+01 -9.985994787e+01 +2.7651e+00 +3.7548e+00 +3.9808e-01
15814 0 +4.736061199e-05 -9.985995264e+01 -9.985995264e+01 +2.7573e+00 +3.7470e+00 +3.9808e-01
15816 0 +4.009939025e-05 -9.985995990e+01 -9.985995990e+01 +2.7573e+00 +3.7392e+00 +3.9808e-01
15819 0 +3.766606919e-05 -9.985996233e+01 -9.985996233e+01 +2.7573e+00 +3.7392e+00 +4.0590e-01
15824 0 +3.481197905e-05 -9.985996519e+01 -9.985996519e+01 +2.7573e+00 +3.7313e+00 +3.9808e-01
15828 0 +3.128527280e-05 -9.985996871e+01 -9.985996871e+01 +2.7573e+00 +3.7235e+00 +3.9808e-01
15840 0 +2.776443947e-05 -9.985997224e+01 -9.985997224e+01 +2.7573e+00 +3.7079e+00 +3.9808e-01
15880 0 +2.346623728e-05 -9.985997653e+01 -9.985997653e+01 +2.7534e+00 +3.6688e+00 +3.9808e-01
15888 0 +2.216488841e-05 -9.985997784e+01 -9.985997784e+01 +2.7534e+00 +3.6610e+00 +3.9808e-01
15918 0 +1.894909853e-05 -9.985998105e+01 -9.985998105e+01 +2.7494e+00 +3.6414e+00 +3.9808e-01
15921 0 +1.407598045e-05 -9.985998592e+01 -9.985998592e+01 +2.7494e+00 +3.6414e+00 +4.0199e-01
15936 0 +1.139179606e-05 -9.985998861e+01 -9.985998861e+01 +2.7455e+00 +3.6297e+00 +4.0199e-01
15939 0 +8.845270500e-06 -9.985999115e+01 -9.985999115e+01 +2.7455e+00 +3.6297e+00 +4.0590e-01
15948 0 +7.846901212e-06 -9.985999215e+01 -9.985999215e+01 +2.7416e+00 +3.6219e+00 +4.0590e-01
15951 0 +6.939218039e-06 -9.985999306e+01 -9.985999306e+01 +2.7416e+00 +3.6219e+00 +4.0981e-01
15978 0 +6.293332746e-06 -9.985999371e+01 -9.985999371e+01 +2.7338e+00 +3.6024e+00 +4.1371e-01
15992 0 +5.565648465e-06 -9.985999443e+01 -9.985999443e+01 +2.7338e+00 +3.5945e+00 +4.1371e-01
16002 0 +4.616603235e-06 -9.985999538e+01 -9.985999538e+01 +2.7338e+00 +3.5867e+00 +4.1371e-01
16008 0 +4.198594056e-06 -9.985999580e+01 -9.985999580e+01 +2.7338e+00 +3.5828e+00 +4.1371e-01
16014 0 +3.859064080e-06 -9.985999614e+01 -9.985999614e+01 +2.7338e+00 +3.5789e+00 +4.1371e-01
16026 0 +3.435602608e-06 -9.985999656e+01 -9.985999656e+01 +2.7338e+00 +3.5711e+00 +4.1371e-01
16042 0 +3.056858120e-06 -9.985999694e+01 -9.985999694e+01 +2.7299e+00 +3.5633e+00 +4.1371e-01
16044 0 +2.586056951e-06 -9.985999741e+01 -9.985999741e+01 +2.7299e+00 +3.5594e+00 +4.1371e-01
16047 0 +1.953584970e-06 -9.985999805e+01 -9.985999805e+01 +2.7299e+00 +3.5594e+00 +4.1762e-01
16060 0 +1.719759467e-06 -9.985999828e+01 -9.985999828e+01 +2.7279e+00 +3.5554e+00 +4.1762e-01
16101 0 +1.501123407e-06 -9.985999850e+01 -9.985999850e+01 +2.7260e+00 +3.5418e+00 +4.1958e-01
16113 0 +1.267332749e-06 -9.985999873e+01 -9.985999873e+01 +2.7240e+00 +3.5379e+00 +4.2153e-01
16116 0 +1.231751980e-06 -9.985999877e+01 -9.985999877e+01 +2.7240e+00 +3.5359e+00 +4.2153e-01
16128 0 +1.068085609e-06 -9.985999893e+01 -9.985999893e+01 +2.7221e+00 +3.5320e+00 +4.2153e-01
16131 0 +9.472986733e-07 -9.985999905e+01 -9.985999905e+01 +2.7221e+00 +3.5320e+00 +4.2349e-01
16140 0 +8.114638916e-07 -9.985999919e+01 -9.985999919e+01 +2.7201e+00 +3.5281e+00 +4.2349e-01
16143 0 +7.307812098e-07 -9.985999927e+01 -9.985999927e+01 +2.7201e+00 +3.5281e+00 +4.2544e-01
16146 0 +7.001862059e-07 -9.985999930e+01 -9.985999930e+01 +2.7201e+00 +3.5261e+00 +4.2544e-01
16158 0 +5.894923021e-07 -9.985999941e+01 -9.985999941e+01 +2.7182e+00 +3.5222e+00 +4.2544e-01
16164 0 +5.557869827e-07 -9.985999944e+01 -9.985999944e+01 +2.7182e+00 +3.5203e+00 +4.2740e-01
16176 0 +4.875790154e-07 -9.985999951e+01 -9.985999951e+01 +2.7182e+00 +3.5164e+00 +4.2544e-01
16188 0 +4.463095138e-07 -9.985999955e+01 -9.985999955e+01 +2.7182e+00 +3.5124e+00 +4.2544e-01
16218 0 +3.673916780e-07 -9.985999963e+01 -9.985999963e+01 +2.7162e+00 +3.5027e+00 +4.2544e-01
16221 0 +3.162212465e-07 -9.985999968e+01 -9.985999968e+01 +2.7162e+00 +3.5027e+00 +4.2740e-01
16236 0 +2.545699402e-07 -9.985999975e+01 -9.985999975e+01 +2.7143e+00 +3.4968e+00 +4.2740e-01
16239 0 +2.357361382e-07 -9.985999976e+01 -9.985999976e+01 +2.7143e+00 +3.4968e+00 +4.2935e-01
16248 0 +2.039837028e-07 -9.985999980e+01 -9.985999980e+01 +2.7123e+00 +3.4929e+00 +4.2935e-01
16251 0 +1.963527012e-07 -9.985999980e+01 -9.985999980e+01 +2.7123e+00 +3.4929e+00 +4.3130e-01
16260 0 +1.732106085e-07 -9.985999983e+01 -9.985999983e+01 +2.7123e+00 +3.4890e+00 +4.2935e-01
16272 0 +1.495265849e-07 -9.985999985e+01 -9.985999985e+01 +2.7123e+00 +3.4851e+00 +4.2935e-01
16278 0 +1.387322897e-07 -9.985999986e+01 -9.985999986e+01 +2.7123e+00 +3.4831e+00 +4.2935e-01
16290 0 +1.216420316e-07 -9.985999988e+01 -9.985999988e+01 +2.7123e+00 +3.4792e+00 +4.2935e-01
16312 0 +1.054347365e-07 -9.985999989e+01 -9.985999989e+01 +2.7104e+00 +3.4734e+00 +4.2935e-01
16314 0 +8.645687899e-08 -9.985999991e+01 -9.985999991e+01 +2.7104e+00 +3.4714e+00 +4.2935e-01
16317 0 +6.562757449e-08 -9.985999993e+01 -9.985999993e+01 +2.7104e+00 +3.4714e+00 +4.3130e-01
16330 0 +5.191101593e-08 -9.985999995e+01 -9.985999995e+01 +2.7094e+00 +3.4695e+00 +4.3130e-01
16338 0 +4.969545842e-08 -9.985999995e+01 -9.985999995e+01 +2.7094e+00 +3.4675e+00 +4.3130e-01
16374 0 +4.420128619e-08 -9.985999996e+01 -9.985999996e+01 +2.7084e+00 +3.4616e+00 +4.3228e-01
16386 0 +3.872352750e-08 -9.985999996e+01 -9.985999996e+01 +2.7074e+00 +3.4597e+00 +4.3228e-01
16392 0 +3.487008371e-08 -9.985999997e+01 -9.985999997e+01 +2.7074e+00 +3.4587e+00 +4.3326e-01
16398 0 +2.858259052e-08 -9.985999997e+01 -9.985999997e+01 +2.7064e+00 +3.4577e+00 +4.3326e-01
16401 0 +2.681322542e-08 -9.985999997e+01 -9.985999997e+01 +2.7064e+00 +3.4577e+00 +4.3424e-01
16406 0 +2.450214254e-08 -9.985999998e+01 -9.985999998e+01 +2.7064e+00 +3.4567e+00 +4.3326e-01
16410 0 +2.114794029e-08 -9.985999998e+01 -9.985999998e+01 +2.7064e+00 +3.4558e+00 +4.3326e-01
16416 0 +1.856238896e-08 -9.985999998e+01 -9.985999998e+01 +2.7064e+00 +3.4548e+00 +4.3326e-01
16422 0 +1.666329297e-08 -9.985999998e+01 -9.985999998e+01 +2.7064e+00 +3.4538e+00 +4.3326e-01
16428 0 +1.532006877e-08 -9.985999998e+01 -9.985999998e+01 +2.7064e+00 +3.4528e+00 +4.3326e-01
16440 0 +1.379181924e-08 -9.985999999e+01 -9.985999999e+01 +2.7064e+00 +3.4509e+00 +4.3326e-01
16462 0 +1.250589321e-08 -9.985999999e+01 -9.985999999e+01 +2.7055e+00 +3.4480e+00 +4.3326e-01
16479 0 +1.069851407e-08 -9.985999999e+01 -9.985999999e+01 +2.7045e+00 +3.4450e+00 +4.3521e-01
16490 0 +9.642633358e-09 -9.985999999e+01 -9.985999999e+01 +2.7045e+00 +3.4431e+00 +4.3424e-01
17208 0 +9.947598301e-13 -9.986000000e+01 -9.986000000e+01 +2.6977e+00 +3.4089e+00 +4.3918e-01
30000 0 +6.679101716e-13 -9.986000000e+01 -9.986000000e+01 +2.6976e+00 +3.4084e+00 +4.3918e-01
% f evaluations | g evaluations | best noise-free fitness - Fopt (1.890500000000e+02) + sum g_i+ | measured fitness | best measured fitness or single-digit g-values | x1 | x2...
1 0 +6.408351176e+01 +2.531335118e+02 +2.531335118e+02 +0.0000e+00 +0.0000e+00 +0.0000e+00
3 0 +2.490778019e+01 +2.139577802e+02 +2.139577802e+02 -8.3640e-01 +2.0925e+00 +2.0925e+00
22 0 +2.047076284e+01 +2.095207628e+02 +2.095207628e+02 -3.6399e+00 -1.5168e+00 -4.4458e+00
48 0 +1.982166493e+01 +2.088716649e+02 +2.088716649e+02 +1.0995e+00 +2.6385e+00 +2.9368e-01
66 0 +6.362018967e+00 +1.954120190e+02 +1.954120190e+02 +7.9700e-01 +1.9126e+00 +1.5302e+00
3115 0 +3.875124457e+00 +1.929251245e+02 +1.929251245e+02 +2.0013e+00 +1.8093e+00 +6.1824e-01
3119 0 +1.873032740e+00 +1.909230327e+02 +1.909230327e+02 +2.0013e+00 +1.8093e+00 +1.6189e+00
3139 0 +1.682294457e+00 +1.907322945e+02 +1.907322945e+02 +2.2515e+00 +1.8093e+00 +1.1186e+00
3143 0 +1.555890039e+00 +1.906058900e+02 +1.906058900e+02 +2.2515e+00 +1.8093e+00 +1.3687e+00
3175 0 +1.333441072e+00 +1.903834411e+02 +1.903834411e+02 +2.2515e+00 +1.7468e+00 +1.3687e+00
3184 0 +1.256333283e+00 +1.903063333e+02 +1.903063333e+02 +2.3140e+00 +1.7468e+00 +1.3062e+00
3211 0 +1.108180743e+00 +1.901581807e+02 +1.901581807e+02 +2.4704e+00 +1.7155e+00 +1.3375e+00
3235 0 +9.991800783e-01 +1.900491801e+02 +1.900491801e+02 +2.5954e+00 +1.6842e+00 +1.3062e+00
3278 0 +8.898360530e-01 +1.899398361e+02 +1.899398361e+02 +2.7518e+00 +1.6373e+00 +1.3062e+00
3355 0 +7.942459002e-01 +1.898442459e+02 +1.898442459e+02 +2.9550e+00 +1.5904e+00 +1.2905e+00
3577 0 +7.075530315e-01 +1.897575530e+02 +1.897575530e+02 +3.3147e+00 +1.5044e+00 +1.2671e+00
29195 0 +5.170658156e-01 +1.895670658e+02 +1.895670658e+02 -2.8870e+00 -3.0019e+00 +2.9265e+00
29241 0 +5.010080295e-01 +1.895510080e+02 +1.895510080e+02 -2.9496e+00 -3.0019e+00 +3.1141e+00
29352 0 +4.465417686e-01 +1.894965418e+02 +1.894965418e+02 -2.6838e+00 -3.0801e+00 +3.1141e+00
29394 0 +3.945041024e-01 +1.894445041e+02 +1.894445041e+02 -2.5743e+00 -3.1114e+00 +3.1141e+00
29424 0 +3.483722152e-01 +1.893983722e+02 +1.893983722e+02 -2.4961e+00 -3.1270e+00 +3.1141e+00
29448 0 +3.098749083e-01 +1.893598749e+02 +1.893598749e+02 -2.4336e+00 -3.1427e+00 +3.1141e+00
29472 0 +2.717103867e-01 +1.893217104e+02 +1.893217104e+02 -2.3711e+00 -3.1583e+00 +3.0984e+00
29491 0 +2.480318893e-01 +1.892980319e+02 +1.892980319e+02 -2.3242e+00 -3.1739e+00 +3.0828e+00
29514 0 +2.228793163e-01 +1.892728793e+02 +1.892728793e+02 -2.2616e+00 -3.1739e+00 +3.0828e+00
29532 0 +1.985144565e-01 +1.892485145e+02 +1.892485145e+02 -2.2147e+00 -3.1896e+00 +3.0828e+00
29556 0 +1.768216130e-01 +1.892268216e+02 +1.892268216e+02 -2.1522e+00 -3.2052e+00 +3.0828e+00
29586 0 +1.580909708e-01 +1.892080910e+02 +1.892080910e+02 -2.0740e+00 -3.2208e+00 +3.0672e+00
29622 0 +1.396705109e-01 +1.891896705e+02 +1.891896705e+02 -1.9802e+00 -3.2521e+00 +3.0828e+00
29670 0 +1.246616450e-01 +1.891746616e+02 +1.891746616e+02 -1.8551e+00 -3.2834e+00 +3.0672e+00
29716 0 +1.118339116e-01 +1.891618339e+02 +1.891618339e+02 -1.7457e+00 -3.3147e+00 +3.0515e+00
29742 0 +9.940023788e-02 +1.891494002e+02 +1.891494002e+02 -1.6675e+00 -3.3303e+00 +3.0515e+00
29766 0 +8.899742130e-02 +1.891389974e+02 +1.891389974e+02 -1.6049e+00 -3.3459e+00 +3.0515e+00
29790 0 +7.858188616e-02 +1.891285819e+02 +1.891285819e+02 -1.5424e+00 -3.3616e+00 +3.0515e+00
29814 0 +6.896664216e-02 +1.891189666e+02 +1.891189666e+02 -1.4799e+00 -3.3772e+00 +3.0515e+00
29839 0 +6.077987109e-02 +1.891107799e+02 +1.891107799e+02 -1.4173e+00 -3.3928e+00 +3.0203e+00
29856 0 +5.602671947e-02 +1.891060267e+02 +1.891060267e+02 -1.3704e+00 -3.3928e+00 +3.0203e+00
29880 0 +4.978240289e-02 +1.890997824e+02 +1.890997824e+02 -1.3079e+00 -3.4085e+00 +3.0203e+00
29904 0 +4.446652867e-02 +1.890944665e+02 +1.890944665e+02 -1.2453e+00 -3.4241e+00 +3.0203e+00
29928 0 +3.928723503e-02 +1.890892872e+02 +1.890892872e+02 -1.1828e+00 -3.4397e+00 +3.0046e+00
29946 0 +3.503152983e-02 +1.890850315e+02 +1.890850315e+02 -1.1359e+00 -3.4554e+00 +3.0203e+00
29964 0 +3.110835625e-02 +1.890811084e+02 +1.890811084e+02 -1.0890e+00 -3.4710e+00 +3.0203e+00
29983 0 +2.804441640e-02 +1.890780444e+02 +1.890780444e+02 -1.0421e+00 -3.4866e+00 +3.0046e+00
29994 0 +2.469392800e-02 +1.890746939e+02 +1.890746939e+02 -1.0108e+00 -3.4866e+00 +3.0046e+00
30000 0 +2.397038114e-02 +1.890739704e+02 +1.890739704e+02 -9.9518e-01 -3.4866e+00 +3.0046e+00
% f evaluations | g evaluations | best noise-free fitness - Fopt (-2.680000000000e+01) + sum g_i+ | measured fitness | best measured fitness or single-digit g-values | x1 | x2...
1 0 +6.552847261e+01 +3.872847261e+01 +3.872847261e+01 +0.0000e+00 +0.0000e+00 +0.0000e+00
2 0 +2.683679467e+01 +3.679466543e-02 +3.679466543e-02 -2.9289e+00 +0.0000e+00 +0.0000e+00
13 0 +1.090837714e+01 -1.589162286e+01 -1.589162286e+01 -2.0925e+00 +8.3640e-01 -2.0925e+00
18 0 +8.779665348e+00 -1.802033465e+01 -1.802033465e+01 +2.0925e+00 +2.0925e+00 +5.0215e+00
20 0 +7.225990837e+00 -1.957400916e+01 -1.957400916e+01 -2.1231e+00 -2.9289e+00 +0.0000e+00
141 0 +5.581184821e+00 -2.121881518e+01 -2.121881518e+01 -2.0013e+00 -2.3255e+00 +2.5016e-01
155 0 +4.959508229e+00 -2.184049177e+01 -2.184049177e+01 -2.1264e+00 -2.4506e+00 +2.5016e-01
157 0 +4.402889855e+00 -2.239711015e+01 -2.239711015e+01 -2.1264e+00 -2.4506e+00 +1.2508e-01
159 0 +3.853660081e+00 -2.294633992e+01 -2.294633992e+01 -2.2515e+00 -2.4506e+00 +1.2508e-01
165 0 +2.913215566e+00 -2.388678443e+01 -2.388678443e+01 -2.3765e+00 -2.5757e+00 -1.1102e-16
171 0 +2.734953104e+00 -2.406504690e+01 -2.406504690e+01 -2.5016e+00 -2.5757e+00 -1.1102e-16
175 0 +2.483038739e+00 -2.431696126e+01 -2.431696126e+01 -2.5016e+00 -2.7008e+00 -1.2508e-01
183 0 +2.104126701e+00 -2.469587330e+01 -2.469587330e+01 -2.7518e+00 -2.7008e+00 -2.5016e-01
213 0 +1.990055780e+00 -2.480994422e+01 -2.480994422e+01 -3.1270e+00 -2.9510e+00 -4.3778e-01
10012 0 +1.755750345e+00 -2.504424965e+01 -2.504424965e+01 +5.3327e+00 -7.0528e-01 -1.4072e+00
10020 0 +1.560501541e+00 -2.523949846e+01 -2.523949846e+01 +5.3014e+00 -7.3655e-01 -1.4697e+00
10032 0 +1.405581212e+00 -2.539441879e+01 -2.539441879e+01 +5.2389e+00 -7.6782e-01 -1.5010e+00
10052 0 +1.257869972e+00 -2.554213003e+01 -2.554213003e+01 +5.1607e+00 -7.9909e-01 -1.5322e+00
10066 0 +1.114628282e+00 -2.568537172e+01 -2.568537172e+01 +5.1294e+00 -8.4599e-01 -1.5635e+00
10084 0 +9.729157861e-01 -2.582708421e+01 -2.582708421e+01 +5.0981e+00 -8.7726e-01 -1.6104e+00
10096 0 +8.859916173e-01 -2.591400838e+01 -2.591400838e+01 +5.0669e+00 -9.0853e-01 -1.6417e+00
10114 0 +7.832999095e-01 -2.601670009e+01 -2.601670009e+01 +5.0356e+00 -9.3980e-01 -1.6886e+00
10128 0 +7.073403310e-01 -2.609265967e+01 -2.609265967e+01 +5.0043e+00 -9.7107e-01 -1.7355e+00
10158 0 +6.214903780e-01 -2.617850962e+01 -2.617850962e+01 +4.9262e+00 -1.0180e+00 -1.7824e+00
10190 0 +5.602430150e-01 -2.623975699e+01 -2.623975699e+01 +4.8324e+00 -1.0649e+00 -1.8293e+00
10260 0 +5.011445409e-01 -2.629885546e+01 -2.629885546e+01 +4.6604e+00 -1.1900e+00 -1.9544e+00
10350 0 +4.452241122e-01 -2.635477589e+01 -2.635477589e+01 +4.4258e+00 -1.3307e+00 -2.0951e+00
10382 0 +3.946832778e-01 -2.640531672e+01 -2.640531672e+01 +4.3320e+00 -1.3776e+00 -2.1420e+00
10408 0 +3.491873604e-01 -2.645081264e+01 -2.645081264e+01 +4.2695e+00 -1.4245e+00 -2.1733e+00
10424 0 +3.148933202e-01 -2.648510668e+01 -2.648510668e+01 +4.2226e+00 -1.4401e+00 -2.2046e+00
10440 0 +2.790662225e-01 -2.652093378e+01 -2.652093378e+01 +4.1913e+00 -1.4714e+00 -2.2358e+00
10458 0 +2.438334204e-01 -2.655616658e+01 -2.655616658e+01 +4.1444e+00 -1.5027e+00 -2.2671e+00
10474 0 +2.215064044e-01 -2.657849360e+01 -2.657849360e+01 +4.0975e+00 -1.5339e+00 -2.2827e+00
10488 0 +1.986913253e-01 -2.660130867e+01 -2.660130867e+01 +4.0662e+00 -1.5496e+00 -2.3140e+00
10506 0 +1.767766004e-01 -2.662322340e+01 -2.662322340e+01 +4.0193e+00 -1.5808e+00 -2.3453e+00
10526 0 +1.583303882e-01 -2.664166961e+01 -2.664166961e+01 +3.9568e+00 -1.6121e+00 -2.3765e+00
10556 0 +1.406934961e-01 -2.665930650e+01 -2.665930650e+01 +3.8786e+00 -1.6590e+00 -2.4234e+00
10596 0 +1.252971002e-01 -2.667470290e+01 -2.667470290e+01 +3.7848e+00 -1.7216e+00 -2.4860e+00
10630 0 +1.120047240e-01 -2.668799528e+01 -2.668799528e+01 +3.6910e+00 -1.7841e+00 -2.5329e+00
10650 0 +9.988479512e-02 -2.670011520e+01 -2.670011520e+01 +3.6441e+00 -1.8154e+00 -2.5798e+00
10684 0 +8.849830874e-02 -2.671150169e+01 -2.671150169e+01 +3.5815e+00 -1.8466e+00 -2.6033e+00
10714 0 +7.898353320e-02 -2.672101647e+01 -2.672101647e+01 +3.5425e+00 -1.8779e+00 -2.6345e+00
10742 0 +7.015516820e-02 -2.672984483e+01 -2.672984483e+01 +3.5034e+00 -1.9014e+00 -2.6658e+00
10778 0 +6.270322023e-02 -2.673729678e+01 -2.673729678e+01 +3.4565e+00 -1.9248e+00 -2.6892e+00
10812 0 +5.566198298e-02 -2.674433802e+01 -2.674433802e+01 +3.4174e+00 -1.9561e+00 -2.7205e+00
10848 0 +4.952169706e-02 -2.675047830e+01 -2.675047830e+01 +3.3705e+00 -1.9874e+00 -2.7518e+00
10886 0 +4.464290476e-02 -2.675535710e+01 -2.675535710e+01 +3.3157e+00 -2.0108e+00 -2.7752e+00
10922 0 +3.956513552e-02 -2.676043486e+01 -2.676043486e+01 +3.2688e+00 -2.0421e+00 -2.8065e+00
10954 0 +3.540337317e-02 -2.676459663e+01 -2.676459663e+01 +3.2297e+00 -2.0734e+00 -2.8300e+00
10982 0 +3.148333361e-02 -2.676851667e+01 -2.676851667e+01 +3.1907e+00 -2.0890e+00 -2.8534e+00
11004 0 +2.807690914e-02 -2.677192309e+01 -2.677192309e+01 +3.1672e+00 -2.1124e+00 -2.8769e+00
11030 0 +2.492780999e-02 -2.677507219e+01 -2.677507219e+01 +3.1281e+00 -2.1281e+00 -2.8925e+00
11052 0 +2.203506263e-02 -2.677796494e+01 -2.677796494e+01 +3.1047e+00 -2.1515e+00 -2.9160e+00
11076 0 +1.982573434e-02 -2.678017427e+01 -2.678017427e+01 +3.0734e+00 -2.1672e+00 -2.9316e+00
11100 0 +1.770112069e-02 -2.678229888e+01 -2.678229888e+01 +3.0421e+00 -2.1906e+00 -2.9550e+00
11138 0 +1.578842485e-02 -2.678421158e+01 -2.678421158e+01 +2.9874e+00 -2.2141e+00 -2.9785e+00
11188 0 +1.408964108e-02 -2.678591036e+01 -2.678591036e+01 +2.9249e+00 -2.2610e+00 -3.0176e+00
11226 0 +1.253267421e-02 -2.678746733e+01 -2.678746733e+01 +2.8780e+00 -2.2922e+00 -3.0567e+00
11252 0 +1.115317974e-02 -2.678884682e+01 -2.678884682e+01 +2.8389e+00 -2.3079e+00 -3.0723e+00
11270 0 +9.841225340e-03 -2.679015877e+01 -2.679015877e+01 +2.8154e+00 -2.3235e+00 -3.0879e+00
11286 0 +8.657920088e-03 -2.679134208e+01 -2.679134208e+01 +2.7998e+00 -2.3391e+00 -3.1036e+00
11298 0 +7.857354056e-03 -2.679214265e+01 -2.679214265e+01 +2.7841e+00 -2.3470e+00 -3.1114e+00
11312 0 +6.989535003e-03 -2.679301046e+01 -2.679301046e+01 +2.7607e+00 -2.3548e+00 -3.1192e+00
11326 0 +6.127236099e-03 -2.679387276e+01 -2.679387276e+01 +2.7451e+00 -2.3704e+00 -3.1270e+00
11334 0 +5.544143338e-03 -2.679445586e+01 -2.679445586e+01 +2.7372e+00 -2.3782e+00 -3.1427e+00
11348 0 +4.937236578e-03 -2.679506276e+01 -2.679506276e+01 +2.7138e+00 -2.3861e+00 -3.1505e+00
11364 0 +4.387409904e-03 -2.679561259e+01 -2.679561259e+01 +2.6982e+00 -2.4017e+00 -3.1661e+00
11382 0 +3.975602461e-03 -2.679602440e+01 -2.679602440e+01 +2.6747e+00 -2.4173e+00 -3.1818e+00
11450 0 +3.546058593e-03 -2.679645394e+01 -2.679645394e+01 +2.5809e+00 -2.4642e+00 -3.2287e+00
11480 0 +3.160672427e-03 -2.679683933e+01 -2.679683933e+01 +2.5418e+00 -2.4877e+00 -3.2521e+00
11490 0 +2.784477413e-03 -2.679721552e+01 -2.679721552e+01 +2.5340e+00 -2.5033e+00 -3.2677e+00
11502 0 +2.470422528e-03 -2.679752958e+01 -2.679752958e+01 +2.5184e+00 -2.5111e+00 -3.2756e+00
11510 0 +2.155835359e-03 -2.679784416e+01 -2.679784416e+01 +2.5027e+00 -2.5190e+00 -3.2834e+00
11520 0 +1.935461275e-03 -2.679806454e+01 -2.679806454e+01 +2.4949e+00 -2.5268e+00 -3.2912e+00
11530 0 +1.719794086e-03 -2.679828021e+01 -2.679828021e+01 +2.4793e+00 -2.5346e+00 -3.2912e+00
11538 0 +1.491416855e-03 -2.679850858e+01 -2.679850858e+01 +2.4714e+00 -2.5424e+00 -3.3068e+00
11546 0 +1.411247927e-03 -2.679858875e+01 -2.679858875e+01 +2.4558e+00 -2.5424e+00 -3.3068e+00
11552 0 +1.254610108e-03 -2.679874539e+01 -2.679874539e+01 +2.4480e+00 -2.5502e+00 -3.3147e+00
11584 0 +1.116577727e-03 -2.679888342e+01 -2.679888342e+01 +2.4284e+00 -2.5580e+00 -3.3107e+00
11612 0 +9.988477623e-04 -2.679900115e+01 -2.679900115e+01 +2.4089e+00 -2.5659e+00 -3.3225e+00
11678 0 +8.900973588e-04 -2.679910990e+01 -2.679910990e+01 +2.3659e+00 -2.5932e+00 -3.3498e+00
11734 0 +7.872704016e-04 -2.679921273e+01 -2.679921273e+01 +2.3307e+00 -2.6167e+00 -3.3694e+00
11754 0 +7.038889381e-04 -2.679929611e+01 -2.679929611e+01 +2.3190e+00 -2.6245e+00 -3.3811e+00
11772 0 +6.223075370e-04 -2.679937769e+01 -2.679937769e+01 +2.3073e+00 -2.6323e+00 -3.3889e+00
11790 0 +5.386114665e-04 -2.679946139e+01 -2.679946139e+01 +2.2956e+00 -2.6401e+00 -3.3967e+00
11802 0 +4.927620404e-04 -2.679950724e+01 -2.679950724e+01 +2.2877e+00 -2.6440e+00 -3.4006e+00
11816 0 +4.463648531e-04 -2.679955364e+01 -2.679955364e+01 +2.2760e+00 -2.6479e+00 -3.4046e+00
11832 0 +3.856792351e-04 -2.679961432e+01 -2.679961432e+01 +2.2682e+00 -2.6558e+00 -3.4124e+00
11846 0 +3.532491753e-04 -2.679964675e+01 -2.679964675e+01 +2.2565e+00 -2.6597e+00 -3.4163e+00
11862 0 +3.117554673e-04 -2.679968824e+01 -2.679968824e+01 +2.2486e+00 -2.6675e+00 -3.4241e+00
11880 0 +2.795245884e-04 -2.679972048e+01 -2.679972048e+01 +2.2369e+00 -2.6753e+00 -3.4319e+00
11908 0 +2.480903268e-04 -2.679975191e+01 -2.679975191e+01 +2.2174e+00 -2.6870e+00 -3.4397e+00
11930 0 +2.222665199e-04 -2.679977773e+01 -2.679977773e+01 +2.2017e+00 -2.6948e+00 -3.4515e+00
11970 0 +1.987702701e-04 -2.679980123e+01 -2.679980123e+01 +2.1920e+00 -2.7046e+00 -3.4612e+00
12008 0 +1.776922203e-04 -2.679982231e+01 -2.679982231e+01 +2.1783e+00 -2.7105e+00 -3.4671e+00
12036 0 +1.574490089e-04 -2.679984255e+01 -2.679984255e+01 +2.1705e+00 -2.7183e+00 -3.4749e+00
12066 0 +1.397836324e-04 -2.679986022e+01 -2.679986022e+01 +2.1607e+00 -2.7242e+00 -3.4808e+00
12096 0 +1.240740694e-04 -2.679987593e+01 -2.679987593e+01 +2.1509e+00 -2.7300e+00 -3.4866e+00
12126 0 +1.108146553e-04 -2.679988919e+01 -2.679988919e+01 +2.1412e+00 -2.7359e+00 -3.4925e+00
12156 0 +9.983987136e-05 -2.679990016e+01 -2.679990016e+01 +2.1314e+00 -2.7418e+00 -3.4984e+00
12192 0 +8.813181725e-05 -2.679991187e+01 -2.679991187e+01 +2.1197e+00 -2.7496e+00 -3.5062e+00
12222 0 +7.913098814e-05 -2.679992087e+01 -2.679992087e+01 +2.1099e+00 -2.7554e+00 -3.5120e+00
12252 0 +6.953672528e-05 -2.679993046e+01 -2.679993046e+01 +2.1001e+00 -2.7613e+00 -3.5179e+00
12272 0 +6.201464934e-05 -2.679993799e+01 -2.679993799e+01 +2.0923e+00 -2.7652e+00 -3.5218e+00
12294 0 +5.545743821e-05 -2.679994454e+01 -2.679994454e+01 +2.0864e+00 -2.7691e+00 -3.5257e+00
12312 0 +4.914203795e-05 -2.679995086e+01 -2.679995086e+01 +2.0806e+00 -2.7730e+00 -3.5296e+00
12328 0 +4.445070580e-05 -2.679995555e+01 -2.679995555e+01 +2.0747e+00 -2.7769e+00 -3.5316e+00
12344 0 +3.967769385e-05 -2.679996032e+01 -2.679996032e+01 +2.0688e+00 -2.7789e+00 -3.5355e+00
12362 0 +3.527934864e-05 -2.679996472e+01 -2.679996472e+01 +2.0630e+00 -2.7828e+00 -3.5394e+00
12388 0 +3.115160432e-05 -2.679996885e+01 -2.679996885e+01 +2.0552e+00 -2.7887e+00 -3.5433e+00
12418 0 +2.798601044e-05 -2.679997201e+01 -2.679997201e+01 +2.0454e+00 -2.7945e+00 -3.5492e+00
12468 0 +2.505995725e-05 -2.679997494e+01 -2.679997494e+01 +2.0298e+00 -2.8043e+00 -3.5609e+00
12498 0 +2.233626948e-05 -2.679997766e+01 -2.679997766e+01 +2.0200e+00 -2.8102e+00 -3.5668e+00
12516 0 +1.970144645e-05 -2.679998030e+01 -2.679998030e+01 +2.0141e+00 -2.8141e+00 -3.5707e+00
12530 0 +1.758011877e-05 -2.679998242e+01 -2.679998242e+01 +2.0083e+00 -2.8160e+00 -3.5726e+00
12544 0 +1.510406865e-05 -2.679998490e+01 -2.679998490e+01 +2.0043e+00 -2.8199e+00 -3.5746e+00
12552 0 +1.352259246e-05 -2.679998648e+01 -2.679998648e+01 +2.0024e+00 -2.8219e+00 -3.5785e+00
12562 0 +1.224701420e-05 -2.679998775e+01 -2.679998775e+01 +1.9985e+00 -2.8238e+00 -3.5785e+00
12572 0 +1.089688506e-05 -2.679998910e+01 -2.679998910e+01 +1.9946e+00 -2.8238e+00 -3.5785e+00
12588 0 +9.629842229e-06 -2.679999037e+01 -2.679999037e+01 +1.9907e+00 -2.8258e+00 -3.5804e+00
12610 0 +8.705652853e-06 -2.679999129e+01 -2.679999129e+01 +1.9868e+00 -2.8277e+00 -3.5814e+00
12626 0 +7.935360372e-06 -2.679999206e+01 -2.679999206e+01 +1.9838e+00 -2.8297e+00 -3.5844e+00
12662 0 +7.043820517e-06 -2.679999296e+01 -2.679999296e+01 +1.9780e+00 -2.8336e+00 -3.5883e+00
12776 0 +6.307652644e-06 -2.679999369e+01 -2.679999369e+01 +1.9594e+00 -2.8444e+00 -3.5990e+00
12814 0 +5.622224172e-06 -2.679999438e+01 -2.679999438e+01 +1.9535e+00 -2.8492e+00 -3.6029e+00
12834 0 +4.999372443e-06 -2.679999500e+01 -2.679999500e+01 +1.9506e+00 -2.8512e+00 -3.6059e+00
12856 0 +4.412443808e-06 -2.679999559e+01 -2.679999559e+01 +1.9467e+00 -2.8532e+00 -3.6068e+00
12866 0 +3.973322201e-06 -2.679999603e+01 -2.679999603e+01 +1.9447e+00 -2.8541e+00 -3.6088e+00
12882 0 +3.491179367e-06 -2.679999651e+01 -2.679999651e+01 +1.9428e+00 -2.8561e+00 -3.6107e+00
12896 0 +3.107320715e-06 -2.679999689e+01 -2.679999689e+01 +1.9399e+00 -2.8571e+00 -3.6117e+00
12912 0 +2.718743694e-06 -2.679999728e+01 -2.679999728e+01 +1.9379e+00 -2.8590e+00 -3.6137e+00
12924 0 +2.491010505e-06 -2.679999751e+01 -2.679999751e+01 +1.9359e+00 -2.8600e+00 -3.6146e+00
12942 0 +2.180236113e-06 -2.679999782e+01 -2.679999782e+01 +1.9330e+00 -2.8619e+00 -3.6166e+00
12960 0 +1.958013694e-06 -2.679999804e+01 -2.679999804e+01 +1.9301e+00 -2.8639e+00 -3.6186e+00
12986 0 +1.776003248e-06 -2.679999822e+01 -2.679999822e+01 +1.9252e+00 -2.8659e+00 -3.6205e+00
13038 0 +1.581038852e-06 -2.679999842e+01 -2.679999842e+01 +1.9174e+00 -2.8717e+00 -3.6264e+00
13078 0 +1.388160744e-06 -2.679999861e+01 -2.679999861e+01 +1.9105e+00 -2.8756e+00 -3.6293e+00
13096 0 +1.244509775e-06 -2.679999876e+01 -2.679999876e+01 +1.9076e+00 -2.8776e+00 -3.6313e+00
13110 0 +1.111795203e-06 -2.679999889e+01 -2.679999889e+01 +1.9056e+00 -2.8786e+00 -3.6332e+00
13126 0 +9.730252692e-07 -2.679999903e+01 -2.679999903e+01 +1.9027e+00 -2.8805e+00 -3.6342e+00
13138 0 +8.709072432e-07 -2.679999913e+01 -2.679999913e+01 +1.9008e+00 -2.8815e+00 -3.6352e+00
13146 0 +7.925428278e-07 -2.679999921e+01 -2.679999921e+01 +1.8998e+00 -2.8825e+00 -3.6371e+00
13160 0 +7.041191026e-07 -2.679999930e+01 -2.679999930e+01 +1.8969e+00 -2.8834e+00 -3.6381e+00
13176 0 +6.135690676e-07 -2.679999939e+01 -2.679999939e+01 +1.8949e+00 -2.8854e+00 -3.6401e+00
13190 0 +5.591640679e-07 -2.679999944e+01 -2.679999944e+01 +1.8920e+00 -2.8864e+00 -3.6410e+00
13206 0 +5.009269906e-07 -2.679999950e+01 -2.679999950e+01 +1.8900e+00 -2.8883e+00 -3.6430e+00
13248 0 +4.414930608e-07 -2.679999956e+01 -2.679999956e+01 +1.8856e+00 -2.8898e+00 -3.6435e+00
13282 0 +3.963539967e-07 -2.679999960e+01 -2.679999960e+01 +1.8827e+00 -2.8918e+00 -3.6449e+00
13312 0 +3.534871524e-07 -2.679999965e+01 -2.679999965e+01 +1.8802e+00 -2.8932e+00 -3.6464e+00
13334 0 +3.156034900e-07 -2.679999968e+01 -2.679999968e+01 +1.8783e+00 -2.8942e+00 -3.6479e+00
13362 0 +2.779074144e-07 -2.679999972e+01 -2.679999972e+01 +1.8763e+00 -2.8957e+00 -3.6493e+00
13388 0 +2.496015234e-07 -2.679999975e+01 -2.679999975e+01 +1.8739e+00 -2.8966e+00 -3.6503e+00
13410 0 +2.224723872e-07 -2.679999978e+01 -2.679999978e+01 +1.8724e+00 -2.8981e+00 -3.6518e+00
13440 0 +1.977188262e-07 -2.679999980e+01 -2.679999980e+01 +1.8700e+00 -2.8996e+00 -3.6532e+00
13472 0 +1.768163465e-07 -2.679999982e+01 -2.679999982e+01 +1.8670e+00 -2.9010e+00 -3.6547e+00
13504 0 +1.582431111e-07 -2.679999984e+01 -2.679999984e+01 +1.8646e+00 -2.9030e+00 -3.6562e+00
13530 0 +1.389371747e-07 -2.679999986e+01 -2.679999986e+01 +1.8627e+00 -2.9040e+00 -3.6576e+00
13548 0 +1.237176015e-07 -2.679999988e+01 -2.679999988e+01 +1.8612e+00 -2.9049e+00 -3.6586e+00
13564 0 +1.120914099e-07 -2.679999989e+01 -2.679999989e+01 +1.8597e+00 -2.9059e+00 -3.6591e+00
13578 0 +9.865907558e-08 -2.679999990e+01 -2.679999990e+01 +1.8587e+00 -2.9064e+00 -3.6601e+00
13594 0 +8.736689594e-08 -2.679999991e+01 -2.679999991e+01 +1.8573e+00 -2.9074e+00 -3.6606e+00
13606 0 +7.888347042e-08 -2.679999992e+01 -2.679999992e+01 +1.8563e+00 -2.9079e+00 -3.6611e+00
13616 0 +6.987960433e-08 -2.679999993e+01 -2.679999993e+01 +1.8553e+00 -2.9084e+00 -3.6620e+00
13632 0 +6.156933452e-08 -2.679999994e+01 -2.679999994e+01 +1.8543e+00 -2.9093e+00 -3.6630e+00
13654 0 +5.520863056e-08 -2.679999994e+01 -2.679999994e+01 +1.8524e+00 -2.9103e+00 -3.6635e+00
13676 0 +5.007587589e-08 -2.679999995e+01 -2.679999995e+01 +1.8504e+00 -2.9113e+00 -3.6650e+00
13776 0 +4.461963954e-08 -2.679999996e+01 -2.679999996e+01 +1.8468e+00 -2.9140e+00 -3.6677e+00
13820 0 +3.950053440e-08 -2.679999996e+01 -2.679999996e+01 +1.8448e+00 -2.9150e+00 -3.6686e+00
13842 0 +3.539567572e-08 -2.679999996e+01 -2.679999996e+01 +1.8441e+00 -2.9157e+00 -3.6694e+00
13862 0 +3.118953629e-08 -2.679999997e+01 -2.679999997e+01 +1.8431e+00 -2.9162e+00 -3.6699e+00
13882 0 +2.811506761e-08 -2.679999997e+01 -2.679999997e+01 +1.8424e+00 -2.9167e+00 -3.6701e+00
13898 0 +2.507082542e-08 -2.679999997e+01 -2.679999997e+01 +1.8416e+00 -2.9169e+00 -3.6706e+00
13910 0 +2.218551742e-08 -2.679999998e+01 -2.679999998e+01 +1.8412e+00 -2.9174e+00 -3.6711e+00
13930 0 +1.977264930e-08 -2.679999998e+01 -2.679999998e+01 +1.8404e+00 -2.9179e+00 -3.6713e+00
13946 0 +1.761711488e-08 -2.679999998e+01 -2.679999998e+01 +1.8397e+00 -2.9181e+00 -3.6718e+00
13962 0 +1.584723464e-08 -2.679999998e+01 -2.679999998e+01 +1.8392e+00 -2.9186e+00 -3.6723e+00
13982 0 +1.411358141e-08 -2.679999999e+01 -2.679999999e+01 +1.8382e+00 -2.9191e+00 -3.6728e+00
14016 0 +1.252520221e-08 -2.679999999e+01 -2.679999999e+01 +1.8370e+00 -2.9201e+00 -3.6738e+00
14108 0 +1.114201709e-08 -2.679999999e+01 -2.679999999e+01 +1.8331e+00 -2.9223e+00 -3.6760e+00
14138 0 +9.875481766e-09 -2.679999999e+01 -2.679999999e+01 +1.8319e+00 -2.9230e+00 -3.6767e+00
15868 0 +9.947598301e-13 -2.680000000e+01 -2.680000000e+01 +1.8037e+00 -2.9401e+00 -3.6934e+00
30000 0 +6.039613254e-13 -2.680000000e+01 -2.680000000e+01 +1.8032e+00 -2.9404e+00 -3.6936e+00
% f evaluations | g evaluations | best noise-free fitness - Fopt (1.986000000000e+01) + sum g_i+ | measured fitness | best measured fitness or single-digit g-values | x1 | x2...
1 0 +3.184987740e+01 +5.170987740e+01 +5.170987740e+01 +0.0000e+00 +0.0000e+00 +0.0000e+00
8 0 +2.533258643e+01 +4.519258643e+01 +4.519258643e+01 +0.0000e+00 -2.9289e+00 +0.0000e+00
9 0 +1.003713931e+00 +2.086371393e+01 +2.086371393e+01 +2.0925e+00 -8.3640e-01 +2.0925e+00
62 0 +3.062330877e-01 +2.016623309e+01 +2.016623309e+01 +8.0583e-01 -1.1156e+00 +1.5390e+00
63 0 +7.307268179e-02 +1.993307268e+01 +1.993307268e+01 +1.6028e+00 -3.1857e-01 +2.3360e+00
4621 0 +7.050096759e-02 +1.993050097e+01 +1.993050097e+01 +8.5273e-01 -1.1839e+00 +1.6039e+00
4651 0 +6.252823137e-02 +1.992252823e+01 +1.992252823e+01 +8.9182e-01 -1.1526e+00 +1.6351e+00
4691 0 +5.566283549e-02 +1.991566284e+01 +1.991566284e+01 +9.3872e-01 -1.1292e+00 +1.6664e+00
4727 0 +5.003615934e-02 +1.991003616e+01 +1.991003616e+01 +9.8563e-01 -1.1057e+00 +1.6977e+00
4759 0 +4.447165200e-02 +1.990447165e+01 +1.990447165e+01 +1.0325e+00 -1.0744e+00 +1.7289e+00
4801 0 +3.935775877e-02 +1.989935776e+01 +1.989935776e+01 +1.0873e+00 -1.0510e+00 +1.7602e+00
4833 0 +3.547637047e-02 +1.989547637e+01 +1.989547637e+01 +1.1263e+00 -1.0275e+00 +1.7837e+00
4859 0 +3.155149375e-02 +1.989155149e+01 +1.989155149e+01 +1.1576e+00 -1.0041e+00 +1.8149e+00
4887 0 +2.804277239e-02 +1.988804277e+01 +1.988804277e+01 +1.1967e+00 -9.8845e-01 +1.8306e+00
4909 0 +2.478040881e-02 +1.988478041e+01 +1.988478041e+01 +1.2280e+00 -9.7282e-01 +1.8540e+00
4937 0 +2.220049558e-02 +1.988220050e+01 +1.988220050e+01 +1.2592e+00 -9.5718e-01 +1.8775e+00
4957 0 +1.983145561e-02 +1.987983146e+01 +1.987983146e+01 +1.2905e+00 -9.4155e-01 +1.8931e+00
4977 0 +1.768338315e-02 +1.987768338e+01 +1.987768338e+01 +1.3140e+00 -9.1028e-01 +1.9166e+00
5033 0 +1.580928470e-02 +1.987580928e+01 +1.987580928e+01 +1.3609e+00 -8.9073e-01 +1.9478e+00
5117 0 +1.412418817e-02 +1.987412419e+01 +1.987412419e+01 +1.4156e+00 -8.4383e-01 +1.9947e+00
5191 0 +1.253208641e-02 +1.987253209e+01 +1.987253209e+01 +1.4664e+00 -8.0474e-01 +2.0299e+00
5233 0 +1.117700174e-02 +1.987117700e+01 +1.987117700e+01 +1.4938e+00 -7.8519e-01 +2.0534e+00
5275 0 +9.994853403e-03 +1.986999485e+01 +1.986999485e+01 +1.5211e+00 -7.7738e-01 +2.0651e+00
5305 0 +8.795419116e-03 +1.986879542e+01 +1.986879542e+01 +1.5407e+00 -7.6565e-01 +2.0807e+00
5329 0 +7.833655059e-03 +1.986783366e+01 +1.986783366e+01 +1.5563e+00 -7.5392e-01 +2.0925e+00
5347 0 +7.069273934e-03 +1.986706927e+01 +1.986706927e+01 +1.5680e+00 -7.4220e-01 +2.1042e+00
5377 0 +6.292772254e-03 +1.986629277e+01 +1.986629277e+01 +1.5876e+00 -7.3438e-01 +2.1120e+00
5399 0 +5.621611209e-03 +1.986562161e+01 +1.986562161e+01 +1.5993e+00 -7.2265e-01 +2.1276e+00
5427 0 +4.981013001e-03 +1.986498101e+01 +1.986498101e+01 +1.6189e+00 -7.1484e-01 +2.1355e+00
5455 0 +4.427125534e-03 +1.986442713e+01 +1.986442713e+01 +1.6384e+00 -7.0311e-01 +2.1511e+00
5497 0 +3.980130275e-03 +1.986398013e+01 +1.986398013e+01 +1.6658e+00 -6.9138e-01 +2.1667e+00
5623 0 +3.544731181e-03 +1.986354473e+01 +1.986354473e+01 +1.7478e+00 -6.4057e-01 +2.2215e+00
5689 0 +3.121393917e-03 +1.986312139e+01 +1.986312139e+01 +1.7908e+00 -6.2493e-01 +2.2488e+00
5713 0 +2.785998747e-03 +1.986278600e+01 +1.986278600e+01 +1.8065e+00 -6.1321e-01 +2.2605e+00
5733 0 +2.509783356e-03 +1.986250978e+01 +1.986250978e+01 +1.8182e+00 -6.0148e-01 +2.2684e+00
5749 0 +2.175441532e-03 +1.986217544e+01 +1.986217544e+01 +1.8299e+00 -5.9366e-01 +2.2801e+00
5769 0 +1.985243832e-03 +1.986198524e+01 +1.986198524e+01 +1.8417e+00 -5.8975e-01 +2.2840e+00
5785 0 +1.760324931e-03 +1.986176032e+01 +1.986176032e+01 +1.8534e+00 -5.8585e-01 +2.2918e+00
5797 0 +1.572880580e-03 +1.986157288e+01 +1.986157288e+01 +1.8612e+00 -5.7803e-01 +2.2996e+00
5821 0 +1.386088503e-03 +1.986138609e+01 +1.986138609e+01 +1.8768e+00 -5.7412e-01 +2.3074e+00
5837 0 +1.256634318e-03 +1.986125663e+01 +1.986125663e+01 +1.8847e+00 -5.6630e-01 +2.3153e+00
5853 0 +1.119829291e-03 +1.986111983e+01 +1.986111983e+01 +1.8964e+00 -5.5458e-01 +2.3231e+00
5891 0 +9.895906609e-04 +1.986098959e+01 +1.986098959e+01 +1.9198e+00 -5.4676e-01 +2.3387e+00
5969 0 +8.909847254e-04 +1.986089098e+01 +1.986089098e+01 +1.9589e+00 -5.2135e-01 +2.3661e+00
6055 0 +7.941893851e-04 +1.986079419e+01 +1.986079419e+01 +1.9882e+00 -4.9790e-01 +2.3895e+00
6101 0 +7.070858519e-04 +1.986070709e+01 +1.986070709e+01 +2.0019e+00 -4.8617e-01 +2.4013e+00
6133 0 +6.248034338e-04 +1.986062480e+01 +1.986062480e+01 +2.0136e+00 -4.7835e-01 +2.4091e+00
6165 0 +5.593990995e-04 +1.986055940e+01 +1.986055940e+01 +2.0234e+00 -4.7249e-01 +2.4149e+00
6191 0 +5.009722843e-04 +1.986050097e+01 +1.986050097e+01 +2.0312e+00 -4.6663e-01 +2.4228e+00
6221 0 +4.464735249e-04 +1.986044647e+01 +1.986044647e+01 +2.0410e+00 -4.6272e-01 +2.4286e+00
6247 0 +3.917784731e-04 +1.986039178e+01 +1.986039178e+01 +2.0508e+00 -4.5686e-01 +2.4345e+00
6277 0 +3.522707987e-04 +1.986035227e+01 +1.986035227e+01 +2.0605e+00 -4.5295e-01 +2.4403e+00
6307 0 +3.133907473e-04 +1.986031339e+01 +1.986031339e+01 +2.0703e+00 -4.4513e-01 +2.4482e+00
6349 0 +2.797981002e-04 +1.986027980e+01 +1.986027980e+01 +2.0840e+00 -4.3927e-01 +2.4560e+00
6391 0 +2.495901467e-04 +1.986024959e+01 +1.986024959e+01 +2.0977e+00 -4.2754e-01 +2.4677e+00
6445 0 +2.212014617e-04 +1.986022120e+01 +1.986022120e+01 +2.1153e+00 -4.1777e-01 +2.4794e+00
6497 0 +1.992308349e-04 +1.986019923e+01 +1.986019923e+01 +2.1309e+00 -4.1386e-01 +2.4873e+00
6529 0 +1.758108322e-04 +1.986017581e+01 +1.986017581e+01 +2.1426e+00 -4.0604e-01 +2.4951e+00
6559 0 +1.581239007e-04 +1.986015812e+01 +1.986015812e+01 +2.1524e+00 -4.0018e-01 +2.5009e+00
6587 0 +1.408016558e-04 +1.986014080e+01 +1.986014080e+01 +2.1602e+00 -3.9432e-01 +2.5088e+00
6619 0 +1.244271124e-04 +1.986012443e+01 +1.986012443e+01 +2.1719e+00 -3.9041e-01 +2.5146e+00
6643 0 +1.121778589e-04 +1.986011218e+01 +1.986011218e+01 +2.1798e+00 -3.8454e-01 +2.5205e+00
6679 0 +9.945364948e-05 +1.986009945e+01 +1.986009945e+01 +2.1915e+00 -3.7868e-01 +2.5283e+00
6709 0 +8.845651017e-05 +1.986008846e+01 +1.986008846e+01 +2.2013e+00 -3.7086e-01 +2.5361e+00
6747 0 +7.916092360e-05 +1.986007916e+01 +1.986007916e+01 +2.2130e+00 -3.6500e-01 +2.5420e+00
6773 0 +6.932173891e-05 +1.986006932e+01 +1.986006932e+01 +2.2208e+00 -3.5914e-01 +2.5498e+00
6787 0 +6.257779565e-05 +1.986006258e+01 +1.986006258e+01 +2.2267e+00 -3.5523e-01 +2.5537e+00
6811 0 +5.617862912e-05 +1.986005618e+01 +1.986005618e+01 +2.2345e+00 -3.5327e-01 +2.5576e+00
6829 0 +4.964614753e-05 +1.986004965e+01 +1.986004965e+01 +2.2404e+00 -3.4936e-01 +2.5615e+00
6841 0 +4.459116429e-05 +1.986004459e+01 +1.986004459e+01 +2.2443e+00 -3.4546e-01 +2.5654e+00
6877 0 +3.971129635e-05 +1.986003971e+01 +1.986003971e+01 +2.2491e+00 -3.4155e-01 +2.5693e+00
6909 0 +3.535926782e-05 +1.986003536e+01 +1.986003536e+01 +2.2540e+00 -3.3666e-01 +2.5732e+00
6949 0 +3.154825609e-05 +1.986003155e+01 +1.986003155e+01 +2.2609e+00 -3.3275e-01 +2.5781e+00
7003 0 +2.818202023e-05 +1.986002818e+01 +1.986002818e+01 +2.2697e+00 -3.2493e-01 +2.5850e+00
7107 0 +2.506967147e-05 +1.986002507e+01 +1.986002507e+01 +2.2863e+00 -3.1516e-01 +2.5967e+00
7169 0 +2.234542939e-05 +1.986002235e+01 +1.986002235e+01 +2.2961e+00 -3.1028e-01 +2.6035e+00
7205 0 +1.994318108e-05 +1.986001994e+01 +1.986001994e+01 +2.3019e+00 -3.0734e-01 +2.6074e+00
7229 0 +1.773933022e-05 +1.986001774e+01 +1.986001774e+01 +2.3058e+00 -3.0441e-01 +2.6104e+00
7255 0 +1.563846696e-05 +1.986001564e+01 +1.986001564e+01 +2.3107e+00 -3.0344e-01 +2.6123e+00
7273 0 +1.404304731e-05 +1.986001404e+01 +1.986001404e+01 +2.3136e+00 -3.0148e-01 +2.6143e+00
7291 0 +1.226012546e-05 +1.986001226e+01 +1.986001226e+01 +2.3166e+00 -2.9855e-01 +2.6172e+00
7315 0 +1.091086374e-05 +1.986001091e+01 +1.986001091e+01 +2.3205e+00 -2.9757e-01 +2.6192e+00
7333 0 +9.770114488e-06 +1.986000977e+01 +1.986000977e+01 +2.3234e+00 -2.9562e-01 +2.6211e+00
7351 0 +8.851187374e-06 +1.986000885e+01 +1.986000885e+01 +2.3263e+00 -2.9269e-01 +2.6231e+00
7381 0 +7.840617432e-06 +1.986000784e+01 +1.986000784e+01 +2.3312e+00 -2.9171e-01 +2.6260e+00
7417 0 +7.053271492e-06 +1.986000705e+01 +1.986000705e+01 +2.3371e+00 -2.8878e-01 +2.6299e+00
7523 0 +6.293376586e-06 +1.986000629e+01 +1.986000629e+01 +2.3537e+00 -2.7705e-01 +2.6426e+00
7579 0 +5.577686188e-06 +1.986000558e+01 +1.986000558e+01 +2.3610e+00 -2.7412e-01 +2.6465e+00
7615 0 +4.983658798e-06 +1.986000498e+01 +1.986000498e+01 +2.3640e+00 -2.7168e-01 +2.6490e+00
7645 0 +4.439771860e-06 +1.986000444e+01 +1.986000444e+01 +2.3664e+00 -2.6972e-01 +2.6509e+00
7671 0 +3.974925406e-06 +1.986000397e+01 +1.986000397e+01 +2.3684e+00 -2.6777e-01 +2.6524e+00
7699 0 +3.483143178e-06 +1.986000348e+01 +1.986000348e+01 +2.3708e+00 -2.6630e-01 +2.6544e+00
7723 0 +3.111874925e-06 +1.986000311e+01 +1.986000311e+01 +2.3728e+00 -2.6484e-01 +2.6558e+00
7743 0 +2.807438268e-06 +1.986000281e+01 +1.986000281e+01 +2.3742e+00 -2.6288e-01 +2.6573e+00
7771 0 +2.476176661e-06 +1.986000248e+01 +1.986000248e+01 +2.3767e+00 -2.6142e-01 +2.6592e+00
7801 0 +2.198389634e-06 +1.986000220e+01 +1.986000220e+01 +2.3791e+00 -2.5946e-01 +2.6612e+00
7837 0 +1.994046833e-06 +1.986000199e+01 +1.986000199e+01 +2.3820e+00 -2.5849e-01 +2.6627e+00
7893 0 +1.776033155e-06 +1.986000178e+01 +1.986000178e+01 +2.3864e+00 -2.5555e-01 +2.6656e+00
7999 0 +1.582107917e-06 +1.986000158e+01 +1.986000158e+01 +2.3952e+00 -2.5116e-01 +2.6715e+00
8065 0 +1.410901195e-06 +1.986000141e+01 +1.986000141e+01 +2.4006e+00 -2.4774e-01 +2.6754e+00
8107 0 +1.253736844e-06 +1.986000125e+01 +1.986000125e+01 +2.4040e+00 -2.4578e-01 +2.6773e+00
8137 0 +1.106985767e-06 +1.986000111e+01 +1.986000111e+01 +2.4065e+00 -2.4432e-01 +2.6793e+00
8167 0 +9.826968110e-07 +1.986000098e+01 +1.986000098e+01 +2.4089e+00 -2.4334e-01 +2.6807e+00
8189 0 +8.878613968e-07 +1.986000089e+01 +1.986000089e+01 +2.4104e+00 -2.4187e-01 +2.6822e+00
8215 0 +7.928251051e-07 +1.986000079e+01 +1.986000079e+01 +2.4128e+00 -2.4138e-01 +2.6832e+00
8239 0 +7.019835593e-07 +1.986000070e+01 +1.986000070e+01 +2.4148e+00 -2.3992e-01 +2.6846e+00
8269 0 +6.272380446e-07 +1.986000063e+01 +1.986000063e+01 +2.4172e+00 -2.3894e-01 +2.6861e+00
8297 0 +5.607710314e-07 +1.986000056e+01 +1.986000056e+01 +2.4192e+00 -2.3699e-01 +2.6881e+00
8335 0 +5.007211001e-07 +1.986000050e+01 +1.986000050e+01 +2.4226e+00 -2.3552e-01 +2.6895e+00
8375 0 +4.465418115e-07 +1.986000045e+01 +1.986000045e+01 +2.4255e+00 -2.3406e-01 +2.6920e+00
8407 0 +3.920117919e-07 +1.986000039e+01 +1.986000039e+01 +2.4285e+00 -2.3210e-01 +2.6939e+00
8437 0 +3.546599316e-07 +1.986000035e+01 +1.986000035e+01 +2.4309e+00 -2.3112e-01 +2.6954e+00
8461 0 +3.148876004e-07 +1.986000031e+01 +1.986000031e+01 +2.4329e+00 -2.2966e-01 +2.6969e+00
8485 0 +2.773341841e-07 +1.986000028e+01 +1.986000028e+01 +2.4348e+00 -2.2819e-01 +2.6983e+00
8513 0 +2.504993333e-07 +1.986000025e+01 +1.986000025e+01 +2.4368e+00 -2.2721e-01 +2.6998e+00
8537 0 +2.214169719e-07 +1.986000022e+01 +1.986000022e+01 +2.4387e+00 -2.2575e-01 +2.7013e+00
8569 0 +1.966476937e-07 +1.986000020e+01 +1.986000020e+01 +2.4417e+00 -2.2477e-01 +2.7027e+00
8623 0 +1.776200058e-07 +1.986000018e+01 +1.986000018e+01 +2.4434e+00 -2.2282e-01 +2.7042e+00
8677 0 +1.576197732e-07 +1.986000016e+01 +1.986000016e+01 +2.4456e+00 -2.2111e-01 +2.7061e+00
8723 0 +1.404940697e-07 +1.986000014e+01 +1.986000014e+01 +2.4473e+00 -2.1964e-01 +2.7076e+00
8755 0 +1.251971753e-07 +1.986000013e+01 +1.986000013e+01 +2.4487e+00 -2.1866e-01 +2.7086e+00
8791 0 +1.103660239e-07 +1.986000011e+01 +1.986000011e+01 +2.4502e+00 -2.1793e-01 +2.7096e+00
8815 0 +9.918784016e-08 +1.986000010e+01 +1.986000010e+01 +2.4512e+00 -2.1720e-01 +2.7103e+00
8845 0 +8.810204832e-08 +1.986000009e+01 +1.986000009e+01 +2.4524e+00 -2.1671e-01 +2.7110e+00
8869 0 +7.842434968e-08 +1.986000008e+01 +1.986000008e+01 +2.4534e+00 -2.1598e-01 +2.7118e+00
8893 0 +7.010403280e-08 +1.986000007e+01 +1.986000007e+01 +2.4544e+00 -2.1524e-01 +2.7125e+00
8923 0 +6.290383325e-08 +1.986000006e+01 +1.986000006e+01 +2.4556e+00 -2.1476e-01 +2.7132e+00
8963 0 +5.621587462e-08 +1.986000006e+01 +1.986000006e+01 +2.4570e+00 -2.1402e-01 +2.7142e+00
9019 0 +4.992934066e-08 +1.986000005e+01 +1.986000005e+01 +2.4595e+00 -2.1280e-01 +2.7157e+00
9115 0 +4.425642430e-08 +1.986000004e+01 +1.986000004e+01 +2.4634e+00 -2.1011e-01 +2.7186e+00
9157 0 +3.949931582e-08 +1.986000004e+01 +1.986000004e+01 +2.4651e+00 -2.0938e-01 +2.7196e+00
9187 0 +3.492354494e-08 +1.986000003e+01 +1.986000003e+01 +2.4663e+00 -2.0889e-01 +2.7203e+00
9205 0 +3.124753789e-08 +1.986000003e+01 +1.986000003e+01 +2.4671e+00 -2.0840e-01 +2.7208e+00
9217 0 +2.817919409e-08 +1.986000003e+01 +1.986000003e+01 +2.4675e+00 -2.0792e-01 +2.7213e+00
9241 0 +2.467711013e-08 +1.986000002e+01 +1.986000002e+01 +2.4685e+00 -2.0767e-01 +2.7218e+00
9257 0 +2.200701132e-08 +1.986000002e+01 +1.986000002e+01 +2.4690e+00 -2.0718e-01 +2.7223e+00
9267 0 +1.995191568e-08 +1.986000002e+01 +1.986000002e+01 +2.4695e+00 -2.0669e-01 +2.7225e+00
9279 0 +1.774479941e-08 +1.986000002e+01 +1.986000002e+01 +2.4700e+00 -2.0621e-01 +2.7230e+00
9317 0 +1.577227948e-08 +1.986000002e+01 +1.986000002e+01 +2.4710e+00 -2.0608e-01 +2.7235e+00
9349 0 +1.406371553e-08 +1.986000001e+01 +1.986000001e+01 +2.4717e+00 -2.0547e-01 +2.7241e+00
9407 0 +1.255517290e-08 +1.986000001e+01 +1.986000001e+01 +2.4728e+00 -2.0449e-01 +2.7251e+00
9571 0 +1.120474025e-08 +1.986000001e+01 +1.986000001e+01 +2.4762e+00 -2.0205e-01 +2.7276e+00
9631 0 +9.995353878e-09 +1.986000001e+01 +1.986000001e+01 +2.4774e+00 -2.0132e-01 +2.7284e+00
12530 0 +9.983125437e-13 +1.986000000e+01 +1.986000000e+01 +2.5050e+00 -1.8510e-01 +2.7473e+00
30017 0 +7.602807273e-13 +1.986000000e+01 +1.986000000e+01 +2.5052e+00 -1.8500e-01 +2.7474e+00
% f evaluations | g evaluations | best noise-free fitness - Fopt (-1.607900000000e+02) + sum g_i+ | measured fitness | best measured fitness or single-digit g-values | x1 | x2...
1 0 +3.286769311e+01 -1.279223069e+02 -1.279223069e+02 +0.0000e+00 +0.0000e+00 +0.0000e+00
8 0 +2.470812590e+01 -1.360818741e+02 -1.360818741e+02 +0.0000e+00 -2.9289e+00 +0.0000e+00
10 0 +9.338237629e+00 -1.514517624e+02 -1.514517624e+02 -2.0925e+00 -5.0215e+00 -2.0925e+00
1220 0 +8.908500457e+00 -1.518814995e+02 -1.518814995e+02 +8.1303e-01 +2.1961e+00 +1.6842e+00
1311 0 +7.940622448e+00 -1.528493776e+02 -1.528493776e+02 +6.2541e-01 +2.2586e+00 +6.8357e-01
30017 0 +7.271629194e+00 -1.535183708e+02 -1.535183708e+02 +1.9219e-01 +2.5997e+00 -8.6059e-01
% f evaluations | g evaluations | best noise-free fitness - Fopt (1.420200000000e+02) + sum g_i+ | measured fitness | best measured fitness or single-digit g-values | x1 | x2...
1 0 +7.758678868e+01 +2.196067887e+02 +2.196067887e+02 +0.0000e+00 +0.0000e+00 +0.0000e+00
2 0 +6.041779514e+01 +2.024377951e+02 +2.024377951e+02 -2.9289e+00 +0.0000e+00 +0.0000e+00
3 0 +3.439575326e+01 +1.764157533e+02 +1.764157533e+02 -8.3640e-01 +2.0925e+00 +2.0925e+00
19 0 +7.197357812e+00 +1.492173578e+02 +1.492173578e+02 -2.0925e+00 -2.0925e+00 +8.3640e-01
118 0 +5.111569981e-01 +1.425311570e+02 +1.425311570e+02 -6.9515e-01 -1.4241e+00 +1.1927e+00
120 0 +1.782595952e-01 +1.421982596e+02 +1.421982596e+02 -6.9515e-01 -9.2374e-01 +1.1927e+00
130 0 +7.735060193e-02 +1.420973506e+02 +1.420973506e+02 -4.4499e-01 -9.2374e-01 +1.1927e+00
132 0 +3.601573169e-03 +1.420236016e+02 +1.420236016e+02 -4.4499e-01 -6.7358e-01 +1.1927e+00
149 0 +2.104787314e-03 +1.420221048e+02 +1.420221048e+02 -4.4499e-01 -7.3612e-01 +1.1927e+00
159 0 +7.128055481e-04 +1.420207128e+02 +1.420207128e+02 -4.7626e-01 -7.3612e-01 +1.1927e+00
161 0 +2.669568846e-04 +1.420202670e+02 +1.420202670e+02 -4.7626e-01 -7.6739e-01 +1.1927e+00
171 0 +2.072821615e-04 +1.420202073e+02 +1.420202073e+02 -4.9189e-01 -7.6739e-01 +1.1927e+00
173 0 +1.034667163e-04 +1.420201035e+02 +1.420201035e+02 -4.9189e-01 -7.8302e-01 +1.1927e+00
179 0 +8.251233930e-05 +1.420200825e+02 +1.420200825e+02 -4.9189e-01 -7.9866e-01 +1.1927e+00
184 0 +7.937121680e-05 +1.420200794e+02 +1.420200794e+02 -4.7626e-01 -7.9866e-01 +1.2083e+00
195 0 +5.404398362e-05 +1.420200540e+02 +1.420200540e+02 -4.8407e-01 -7.9866e-01 +1.2083e+00
197 0 +3.516382546e-05 +1.420200352e+02 +1.420200352e+02 -4.8407e-01 -8.0648e-01 +1.2083e+00
203 0 +3.112572341e-05 +1.420200311e+02 +1.420200311e+02 -4.8407e-01 -8.1429e-01 +1.2083e+00
206 0 +2.657133251e-05 +1.420200266e+02 +1.420200266e+02 -4.8407e-01 -8.1429e-01 +1.2161e+00
209 0 +2.030277466e-05 +1.420200203e+02 +1.420200203e+02 -4.8407e-01 -8.2211e-01 +1.2161e+00
215 0 +1.701443861e-05 +1.420200170e+02 +1.420200170e+02 -4.8407e-01 -8.2993e-01 +1.2161e+00
218 0 +1.476593397e-05 +1.420200148e+02 +1.420200148e+02 -4.8407e-01 -8.2993e-01 +1.2239e+00
231 0 +1.041777583e-05 +1.420200104e+02 +1.420200104e+02 -4.8016e-01 -8.2993e-01 +1.2239e+00
233 0 +8.372275886e-06 +1.420200084e+02 +1.420200084e+02 -4.8016e-01 -8.3384e-01 +1.2239e+00
242 0 +6.947391086e-06 +1.420200069e+02 +1.420200069e+02 -4.8016e-01 -8.3775e-01 +1.2278e+00
275 0 +6.188567966e-06 +1.420200062e+02 +1.420200062e+02 -4.7430e-01 -8.4752e-01 +1.2356e+00
296 0 +5.173238804e-06 +1.420200052e+02 +1.420200052e+02 -4.7039e-01 -8.5143e-01 +1.2415e+00
299 0 +4.917556794e-06 +1.420200049e+02 +1.420200049e+02 -4.7039e-01 -8.5338e-01 +1.2415e+00
322 0 +4.401518311e-06 +1.420200044e+02 +1.420200044e+02 -4.6942e-01 -8.5534e-01 +1.2435e+00
334 0 +3.978756041e-06 +1.420200040e+02 +1.420200040e+02 -4.6746e-01 -8.5631e-01 +1.2454e+00
350 0 +3.460052511e-06 +1.420200035e+02 +1.420200035e+02 -4.6551e-01 -8.5729e-01 +1.2484e+00
364 0 +3.083365527e-06 +1.420200031e+02 +1.420200031e+02 -4.6257e-01 -8.5729e-01 +1.2503e+00
374 0 +2.800415160e-06 +1.420200028e+02 +1.420200028e+02 -4.6160e-01 -8.5827e-01 +1.2523e+00
386 0 +2.489075683e-06 +1.420200025e+02 +1.420200025e+02 -4.5964e-01 -8.5924e-01 +1.2542e+00
422 0 +2.228489080e-06 +1.420200022e+02 +1.420200022e+02 -4.5818e-01 -8.6120e-01 +1.2562e+00
458 0 +1.987041202e-06 +1.420200020e+02 +1.420200020e+02 -4.5573e-01 -8.6266e-01 +1.2591e+00
512 0 +1.767060240e-06 +1.420200018e+02 +1.420200018e+02 -4.5134e-01 -8.6364e-01 +1.2635e+00
608 0 +1.583354816e-06 +1.420200016e+02 +1.420200016e+02 -4.4401e-01 -8.6657e-01 +1.2713e+00
674 0 +1.403026744e-06 +1.420200014e+02 +1.420200014e+02 -4.3912e-01 -8.6902e-01 +1.2767e+00
712 0 +1.246290708e-06 +1.420200012e+02 +1.420200012e+02 -4.3570e-01 -8.6951e-01 +1.2796e+00
740 0 +1.105745866e-06 +1.420200011e+02 +1.420200011e+02 -4.3375e-01 -8.7048e-01 +1.2821e+00
764 0 +9.899519000e-07 +1.420200010e+02 +1.420200010e+02 -4.3179e-01 -8.7097e-01 +1.2840e+00
788 0 +8.889522292e-07 +1.420200009e+02 +1.420200009e+02 -4.3033e-01 -8.7195e-01 +1.2860e+00
812 0 +7.761611585e-07 +1.420200008e+02 +1.420200008e+02 -4.2837e-01 -8.7293e-01 +1.2879e+00
836 0 +6.917329074e-07 +1.420200007e+02 +1.420200007e+02 -4.2642e-01 -8.7341e-01 +1.2899e+00
860 0 +6.222544471e-07 +1.420200006e+02 +1.420200006e+02 -4.2446e-01 -8.7390e-01 +1.2918e+00
890 0 +5.554988434e-07 +1.420200006e+02 +1.420200006e+02 -4.2202e-01 -8.7439e-01 +1.2943e+00
920 0 +4.997528720e-07 +1.420200005e+02 +1.420200005e+02 -4.2007e-01 -8.7586e-01 +1.2967e+00
956 0 +4.426987061e-07 +1.420200004e+02 +1.420200004e+02 -4.1714e-01 -8.7683e-01 +1.2997e+00
992 0 +3.931135950e-07 +1.420200004e+02 +1.420200004e+02 -4.1420e-01 -8.7732e-01 +1.3026e+00
1016 0 +3.540439195e-07 +1.420200004e+02 +1.420200004e+02 -4.1274e-01 -8.7879e-01 +1.3045e+00
1042 0 +3.131554536e-07 +1.420200003e+02 +1.420200003e+02 -4.1029e-01 -8.7928e-01 +1.3065e+00
1064 0 +2.817028530e-07 +1.420200003e+02 +1.420200003e+02 -4.0883e-01 -8.7977e-01 +1.3084e+00
1088 0 +2.501751339e-07 +1.420200003e+02 +1.420200003e+02 -4.0687e-01 -8.8025e-01 +1.3104e+00
1118 0 +2.217245196e-07 +1.420200002e+02 +1.420200002e+02 -4.0541e-01 -8.8172e-01 +1.3124e+00
1144 0 +1.979165916e-07 +1.420200002e+02 +1.420200002e+02 -4.0297e-01 -8.8221e-01 +1.3143e+00
1174 0 +1.773425424e-07 +1.420200002e+02 +1.420200002e+02 -4.0052e-01 -8.8270e-01 +1.3168e+00
1202 0 +1.578422939e-07 +1.420200002e+02 +1.420200002e+02 -3.9857e-01 -8.8367e-01 +1.3192e+00
1258 0 +1.402661383e-07 +1.420200001e+02 +1.420200001e+02 -3.9686e-01 -8.8465e-01 +1.3209e+00
1292 0 +1.255036466e-07 +1.420200001e+02 +1.420200001e+02 -3.9564e-01 -8.8514e-01 +1.3224e+00
1322 0 +1.118469015e-07 +1.420200001e+02 +1.420200001e+02 -3.9466e-01 -8.8587e-01 +1.3236e+00
1352 0 +9.865257766e-08 +1.420200001e+02 +1.420200001e+02 -3.9344e-01 -8.8612e-01 +1.3248e+00
1376 0 +8.842710031e-08 +1.420200001e+02 +1.420200001e+02 -3.9246e-01 -8.8636e-01 +1.3258e+00
1400 0 +7.807153679e-08 +1.420200001e+02 +1.420200001e+02 -3.9148e-01 -8.8685e-01 +1.3268e+00
1424 0 +7.056613072e-08 +1.420200001e+02 +1.420200001e+02 -3.9075e-01 -8.8734e-01 +1.3277e+00
1450 0 +6.304142630e-08 +1.420200001e+02 +1.420200001e+02 -3.8953e-01 -8.8758e-01 +1.3287e+00
1484 0 +5.595467201e-08 +1.420200001e+02 +1.420200001e+02 -3.8831e-01 -8.8807e-01 +1.3302e+00
1534 0 +5.009388815e-08 +1.420200001e+02 +1.420200001e+02 -3.8635e-01 -8.8905e-01 +1.3321e+00
1630 0 +4.466704695e-08 +1.420200000e+02 +1.420200000e+02 -3.8244e-01 -8.9003e-01 +1.3361e+00
1670 0 +3.971337037e-08 +1.420200000e+02 +1.420200000e+02 -3.8122e-01 -8.9076e-01 +1.3378e+00
1694 0 +3.467857823e-08 +1.420200000e+02 +1.420200000e+02 -3.8025e-01 -8.9125e-01 +1.3387e+00
1712 0 +3.157688866e-08 +1.420200000e+02 +1.420200000e+02 -3.7951e-01 -8.9125e-01 +1.3395e+00
1730 0 +2.766697094e-08 +1.420200000e+02 +1.420200000e+02 -3.7878e-01 -8.9149e-01 +1.3402e+00
1742 0 +2.493024454e-08 +1.420200000e+02 +1.420200000e+02 -3.7829e-01 -8.9174e-01 +1.3407e+00
1760 0 +2.154843060e-08 +1.420200000e+02 +1.420200000e+02 -3.7756e-01 -8.9198e-01 +1.3414e+00
1772 0 +1.960623308e-08 +1.420200000e+02 +1.420200000e+02 -3.7731e-01 -8.9247e-01 +1.3419e+00
1786 0 +1.771053348e-08 +1.420200000e+02 +1.420200000e+02 -3.7658e-01 -8.9247e-01 +1.3424e+00
1804 0 +1.567340746e-08 +1.420200000e+02 +1.420200000e+02 -3.7585e-01 -8.9271e-01 +1.3431e+00
1826 0 +1.391543947e-08 +1.420200000e+02 +1.420200000e+02 -3.7512e-01 -8.9296e-01 +1.3441e+00
1856 0 +1.256231030e-08 +1.420200000e+02 +1.420200000e+02 -3.7389e-01 -8.9320e-01 +1.3453e+00
1946 0 +1.113605208e-08 +1.420200000e+02 +1.420200000e+02 -3.7072e-01 -8.9467e-01 +1.3488e+00
1988 0 +9.930630540e-09 +1.420200000e+02 +1.420200000e+02 -3.6986e-01 -8.9528e-01 +1.3497e+00
30000 0 +6.224354365e-12 +1.420200000e+02 +1.420200000e+02 -3.4698e-01 -9.0406e-01 +1.3739e+00
% f evaluations | g evaluations | best noise-free fitness - Fopt (6.289000000000e+01) + sum g_i+ | measured fitness | best measured fitness or single-digit g-values | x1 | x2...
1 0 +8.178894234e+01 +1.446789423e+02 +1.446789423e+02 +0.0000e+00 +0.0000e+00 +0.0000e+00
2 0 +7.219438385e+01 +1.350843838e+02 +1.350843838e+02 -2.9289e+00 +0.0000e+00 +0.0000e+00
3 0 +4.616298699e+01 +1.090529870e+02 +1.090529870e+02 -8.3640e-01 +2.0925e+00 +2.0925e+00
9 0 +3.067973658e+01 +9.356973658e+01 +9.356973658e+01 +2.0925e+00 -8.3640e-01 +2.0925e+00
15 0 +9.548869921e+00 +7.243886992e+01 +7.243886992e+01 +2.0925e+00 +2.0925e+00 -8.3640e-01
24 0 +8.017923841e+00 +7.090792384e+01 +7.090792384e+01 +7.1099e-01 +1.5168e+00 +1.5168e+00
146 0 +7.622203092e+00 +7.051220309e+01 +7.051220309e+01 +6.1824e-01 +1.5591e+00 +1.7511e+00
173 0 +7.071455287e+00 +6.996145529e+01 +6.996145529e+01 +3.0553e-01 +1.4966e+00 +1.7511e+00
269 0 +6.307304896e+00 +6.919730490e+01 +6.919730490e+01 +8.9967e-01 +1.2464e+00 +1.8449e+00
394 0 +5.613142529e+00 +6.850314253e+01 +6.850314253e+01 +1.4625e+00 +9.3373e-01 +2.0013e+00
6303 0 +4.941619231e+00 +6.783161923e+01 +6.783161923e+01 +1.3018e+00 +2.7518e+00 -1.3759e+00
6309 0 +4.203858902e+00 +6.709385890e+01 +6.709385890e+01 +1.1767e+00 +2.8769e+00 -1.5010e+00
6312 0 +3.929951008e+00 +6.681995101e+01 +6.681995101e+01 +1.0516e+00 +2.8769e+00 -1.5010e+00
6327 0 +3.248162757e+00 +6.613816276e+01 +6.613816276e+01 +8.0148e-01 +3.1270e+00 -1.6261e+00
6330 0 +3.039598811e+00 +6.592959881e+01 +6.592959881e+01 +6.7640e-01 +3.1270e+00 -1.6261e+00
6375 0 +2.799913459e+00 +6.568991346e+01 +6.568991346e+01 +3.9497e-01 +3.2208e+00 -1.6261e+00
7611 0 +1.466730506e+00 +6.435673051e+01 +6.435673051e+01 -3.3844e+00 -2.0013e+00 -4.8112e+00
7624 0 +9.014687479e-01 +6.379146875e+01 +6.379146875e+01 -3.3844e+00 -1.5010e+00 -4.8112e+00
7635 0 +7.647750512e-01 +6.365477505e+01 +6.365477505e+01 -3.3844e+00 -1.7511e+00 -4.8112e+00
7660 0 +7.054835193e-01 +6.359548352e+01 +6.359548352e+01 -3.2593e+00 -1.6886e+00 -4.8112e+00
30000 0 +6.918569112e-01 +6.358185691e+01 +6.358185691e+01 -3.3083e+00 -1.7297e+00 -4.8623e+00
% f evaluations | g evaluations | best noise-free fitness - Fopt (-1.316100000000e+02) + sum g_i+ | measured fitness | best measured fitness or single-digit g-values | x1 | x2...
1 0 +6.328321684e+01 -6.832678316e+01 -6.832678316e+01 +0.0000e+00 +0.0000e+00 +0.0000e+00
2 0 +5.627069162e+01 -7.533930838e+01 -7.533930838e+01 -2.9289e+00 +0.0000e+00 +0.0000e+00
5 0 +5.379927907e+01 -7.781072093e+01 -7.781072093e+01 +2.9289e+00 +0.0000e+00 +0.0000e+00
12 0 +3.408278178e+01 -9.752721822e+01 -9.752721822e+01 +2.0925e+00 +5.0215e+00 +2.0925e+00
17 0 +7.097000398e+00 -1.245129996e+02 -1.245129996e+02 +0.0000e+00 +0.0000e+00 +2.9289e+00
20 0 +6.935883030e+00 -1.246741170e+02 -1.246741170e+02 -2.1231e+00 +0.0000e+00 +2.9289e+00
31 0 +4.429470190e-01 -1.311670530e+02 -1.311670530e+02 -1.5168e+00 +6.0629e-01 +1.4121e+00
227 0 +3.971361449e-01 -1.312128639e+02 -1.312128639e+02 -1.1570e+00 +8.7557e-01 +5.1187e-01
249 0 +3.547344488e-01 -1.312552656e+02 -1.312552656e+02 -1.1414e+00 +8.5993e-01 +5.7441e-01
272 0 +3.106288884e-01 -1.312993711e+02 -1.312993711e+02 -1.1414e+00 +8.2866e-01 +6.3695e-01
311 0 +2.791511765e-01 -1.313308488e+02 -1.313308488e+02 -1.1179e+00 +8.0521e-01 +6.7604e-01
347 0 +2.509981591e-01 -1.313590018e+02 -1.313590018e+02 -1.1101e+00 +7.8176e-01 +7.2295e-01
386 0 +2.220512671e-01 -1.313879487e+02 -1.313879487e+02 -1.1023e+00 +7.6612e-01 +7.7767e-01
424 0 +1.994528123e-01 -1.314105472e+02 -1.314105472e+02 -1.0945e+00 +7.4267e-01 +8.2458e-01
470 0 +1.777789748e-01 -1.314322210e+02 -1.314322210e+02 -1.1101e+00 +7.1922e-01 +8.8712e-01
530 0 +1.566305486e-01 -1.314533695e+02 -1.314533695e+02 -1.1101e+00 +6.8795e-01 +9.6529e-01
596 0 +1.410748459e-01 -1.314689252e+02 -1.314689252e+02 -1.1023e+00 +6.5668e-01 +1.0513e+00
689 0 +1.258621412e-01 -1.314841379e+02 -1.314841379e+02 -1.1023e+00 +6.0195e-01 +1.1685e+00
770 0 +1.120854638e-01 -1.314979145e+02 -1.314979145e+02 -1.0945e+00 +5.6287e-01 +1.2780e+00
830 0 +9.989570345e-02 -1.315101043e+02 -1.315101043e+02 -1.0945e+00 +5.3159e-01 +1.3562e+00
881 0 +8.909847938e-02 -1.315209015e+02 -1.315209015e+02 -1.1023e+00 +5.0032e-01 +1.4187e+00
920 0 +7.942089446e-02 -1.315305791e+02 -1.315305791e+02 -1.0945e+00 +4.8469e-01 +1.4734e+00
962 0 +7.064146513e-02 -1.315393585e+02 -1.315393585e+02 -1.1101e+00 +4.6124e-01 +1.5282e+00
1004 0 +6.220025886e-02 -1.315477997e+02 -1.315477997e+02 -1.1023e+00 +4.3778e-01 +1.5829e+00
1049 0 +5.610848698e-02 -1.315538915e+02 -1.315538915e+02 -1.1101e+00 +4.1433e-01 +1.6376e+00
1091 0 +5.004173758e-02 -1.315599583e+02 -1.315599583e+02 -1.1023e+00 +3.9088e-01 +1.6923e+00
1142 0 +4.405081344e-02 -1.315659492e+02 -1.315659492e+02 -1.1101e+00 +3.6743e-01 +1.7627e+00
1184 0 +3.921971282e-02 -1.315707803e+02 -1.315707803e+02 -1.1023e+00 +3.4397e-01 +1.8174e+00
1226 0 +3.540153536e-02 -1.315745985e+02 -1.315745985e+02 -1.1023e+00 +3.2834e-01 +1.8721e+00
1262 0 +3.089524120e-02 -1.315791048e+02 -1.315791048e+02 -1.1101e+00 +3.0489e-01 +1.9190e+00
1292 0 +2.756155429e-02 -1.315824384e+02 -1.315824384e+02 -1.1101e+00 +2.8925e-01 +1.9581e+00
1322 0 +2.442092949e-02 -1.315855791e+02 -1.315855791e+02 -1.1101e+00 +2.7361e-01 +1.9972e+00
1346 0 +2.184055372e-02 -1.315881594e+02 -1.315881594e+02 -1.1023e+00 +2.5798e-01 +2.0285e+00
1376 0 +1.945038356e-02 -1.315905496e+02 -1.315905496e+02 -1.1023e+00 +2.4234e-01 +2.0676e+00
1406 0 +1.756663951e-02 -1.315924334e+02 -1.315924334e+02 -1.1023e+00 +2.2671e-01 +2.1067e+00
1448 0 +1.562537609e-02 -1.315943746e+02 -1.315943746e+02 -1.0945e+00 +2.0326e-01 +2.1614e+00
1508 0 +1.402954133e-02 -1.315959705e+02 -1.315959705e+02 -1.0945e+00 +1.7199e-01 +2.2396e+00
1580 0 +1.245819685e-02 -1.315975418e+02 -1.315975418e+02 -1.0866e+00 +1.4463e-01 +2.3021e+00
1640 0 +1.105023905e-02 -1.315989498e+02 -1.315989498e+02 -1.0866e+00 +1.2899e-01 +2.3412e+00
1682 0 +9.816668856e-03 -1.316001833e+02 -1.316001833e+02 -1.0827e+00 +1.1726e-01 +2.3685e+00
1714 0 +8.894506654e-03 -1.316011055e+02 -1.316011055e+02 -1.0788e+00 +1.0945e-01 +2.3881e+00
1748 0 +7.900010889e-03 -1.316021000e+02 -1.316021000e+02 -1.0788e+00 +1.0163e-01 +2.4115e+00
1778 0 +7.056275971e-03 -1.316029437e+02 -1.316029437e+02 -1.0788e+00 +9.3811e-02 +2.4311e+00
1808 0 +6.287503114e-03 -1.316037125e+02 -1.316037125e+02 -1.0788e+00 +8.5993e-02 +2.4506e+00
1838 0 +5.614956565e-03 -1.316043850e+02 -1.316043850e+02 -1.0788e+00 +7.8176e-02 +2.4702e+00
1874 0 +5.004905778e-03 -1.316049951e+02 -1.316049951e+02 -1.0827e+00 +7.0358e-02 +2.4936e+00
1910 0 +4.441350121e-03 -1.316055586e+02 -1.316055586e+02 -1.0866e+00 +5.8632e-02 +2.5171e+00
1964 0 +3.976798850e-03 -1.316060232e+02 -1.316060232e+02 -1.0827e+00 +4.6905e-02 +2.5523e+00
2114 0 +3.543588472e-03 -1.316064564e+02 -1.316064564e+02 -1.0827e+00 +3.9088e-03 +2.6500e+00
2192 0 +3.119678661e-03 -1.316068803e+02 -1.316068803e+02 -1.0866e+00 -1.5635e-02 +2.7008e+00
2224 0 +2.793771526e-03 -1.316072062e+02 -1.316072062e+02 -1.0827e+00 -2.3453e-02 +2.7203e+00
2252 0 +2.479052517e-03 -1.316075209e+02 -1.316075209e+02 -1.0866e+00 -3.1270e-02 +2.7399e+00
2276 0 +2.228746888e-03 -1.316077713e+02 -1.316077713e+02 -1.0827e+00 -3.5179e-02 +2.7555e+00
2294 0 +1.952110386e-03 -1.316080479e+02 -1.316080479e+02 -1.0827e+00 -4.2997e-02 +2.7672e+00
2314 0 +1.764013063e-03 -1.316082360e+02 -1.316082360e+02 -1.0827e+00 -4.6905e-02 +2.7790e+00
2339 0 +1.578975873e-03 -1.316084210e+02 -1.316084210e+02 -1.0866e+00 -5.4723e-02 +2.7946e+00
2354 0 +1.388708100e-03 -1.316086113e+02 -1.316086113e+02 -1.0827e+00 -5.8632e-02 +2.8063e+00
2378 0 +1.254496412e-03 -1.316087455e+02 -1.316087455e+02 -1.0827e+00 -6.2541e-02 +2.8220e+00
2404 0 +1.113380251e-03 -1.316088866e+02 -1.316088866e+02 -1.0827e+00 -7.0358e-02 +2.8376e+00
2441 0 +9.968632976e-04 -1.316090031e+02 -1.316090031e+02 -1.0827e+00 -8.2084e-02 +2.8611e+00
2564 0 +8.902114421e-04 -1.316091098e+02 -1.316091098e+02 -1.0749e+00 -1.0163e-01 +2.9119e+00
2690 0 +7.910369564e-04 -1.316092090e+02 -1.316092090e+02 -1.0710e+00 -1.1922e-01 +2.9529e+00
2750 0 +7.027038933e-04 -1.316092973e+02 -1.316092973e+02 -1.0749e+00 -1.2704e-01 +2.9725e+00
2792 0 +6.289661937e-04 -1.316093710e+02 -1.316093710e+02 -1.0749e+00 -1.3290e-01 +2.9861e+00
2834 0 +5.602843730e-04 -1.316094397e+02 -1.316094397e+02 -1.0749e+00 -1.3681e-01 +2.9998e+00
2870 0 +4.941743355e-04 -1.316095058e+02 -1.316095058e+02 -1.0769e+00 -1.4267e-01 +3.0115e+00
2900 0 +4.462621885e-04 -1.316095537e+02 -1.316095537e+02 -1.0769e+00 -1.4658e-01 +3.0213e+00
2936 0 +3.960936596e-04 -1.316096039e+02 -1.316096039e+02 -1.0749e+00 -1.5049e-01 +3.0330e+00
2972 0 +3.507452169e-04 -1.316096493e+02 -1.316096493e+02 -1.0749e+00 -1.5635e-01 +3.0448e+00
3015 0 +3.161832547e-04 -1.316096838e+02 -1.316096838e+02 -1.0769e+00 -1.6026e-01 +3.0584e+00
3062 0 +2.789926743e-04 -1.316097210e+02 -1.316097210e+02 -1.0749e+00 -1.6808e-01 +3.0741e+00
3122 0 +2.488973206e-04 -1.316097511e+02 -1.316097511e+02 -1.0749e+00 -1.7590e-01 +3.0936e+00
3182 0 +2.234465800e-04 -1.316097766e+02 -1.316097766e+02 -1.0749e+00 -1.8371e-01 +3.1132e+00
3239 0 +1.994918442e-04 -1.316098005e+02 -1.316098005e+02 -1.0749e+00 -1.9153e-01 +3.1308e+00
3284 0 +1.753974671e-04 -1.316098246e+02 -1.316098246e+02 -1.0749e+00 -1.9739e-01 +3.1464e+00
3320 0 +1.574356669e-04 -1.316098426e+02 -1.316098426e+02 -1.0730e+00 -2.0130e-01 +3.1581e+00
3356 0 +1.386776578e-04 -1.316098613e+02 -1.316098613e+02 -1.0730e+00 -2.0717e-01 +3.1698e+00
3386 0 +1.257579126e-04 -1.316098742e+02 -1.316098742e+02 -1.0730e+00 -2.1107e-01 +3.1796e+00
3431 0 +1.119676293e-04 -1.316098880e+02 -1.316098880e+02 -1.0749e+00 -2.1694e-01 +3.1933e+00
3466 0 +9.981535811e-05 -1.316099002e+02 -1.316099002e+02 -1.0730e+00 -2.2085e-01 +3.2050e+00
3506 0 +8.894118645e-05 -1.316099111e+02 -1.316099111e+02 -1.0730e+00 -2.2671e-01 +3.2187e+00
3554 0 +7.790788626e-05 -1.316099221e+02 -1.316099221e+02 -1.0749e+00 -2.3257e-01 +3.2343e+00
3584 0 +7.005927449e-05 -1.316099299e+02 -1.316099299e+02 -1.0749e+00 -2.3648e-01 +3.2441e+00
3623 0 +6.308835995e-05 -1.316099369e+02 -1.316099369e+02 -1.0720e+00 -2.4039e-01 +3.2510e+00
3668 0 +5.581199608e-05 -1.316099442e+02 -1.316099442e+02 -1.0710e+00 -2.4332e-01 +3.2588e+00
3710 0 +4.977409122e-05 -1.316099502e+02 -1.316099502e+02 -1.0700e+00 -2.4625e-01 +3.2656e+00
3758 0 +4.390124556e-05 -1.316099561e+02 -1.316099561e+02 -1.0710e+00 -2.4919e-01 +3.2734e+00
3794 0 +3.948757242e-05 -1.316099605e+02 -1.316099605e+02 -1.0691e+00 -2.5212e-01 +3.2793e+00
3842 0 +3.513599484e-05 -1.316099649e+02 -1.316099649e+02 -1.0700e+00 -2.5505e-01 +3.2871e+00
3896 0 +3.147845939e-05 -1.316099685e+02 -1.316099685e+02 -1.0691e+00 -2.5798e-01 +3.2959e+00
3968 0 +2.816739683e-05 -1.316099718e+02 -1.316099718e+02 -1.0691e+00 -2.6287e-01 +3.3076e+00
4100 0 +2.500692742e-05 -1.316099750e+02 -1.316099750e+02 -1.0700e+00 -2.7166e-01 +3.3291e+00
4172 0 +2.225768839e-05 -1.316099777e+02 -1.316099777e+02 -1.0700e+00 -2.7655e-01 +3.3409e+00
4220 0 +1.963735053e-05 -1.316099804e+02 -1.316099804e+02 -1.0710e+00 -2.7948e-01 +3.3487e+00
4250 0 +1.762778382e-05 -1.316099824e+02 -1.316099824e+02 -1.0710e+00 -2.8143e-01 +3.3536e+00
4280 0 +1.554421095e-05 -1.316099845e+02 -1.316099845e+02 -1.0710e+00 -2.8339e-01 +3.3584e+00
4307 0 +1.399651796e-05 -1.316099860e+02 -1.316099860e+02 -1.0710e+00 -2.8534e-01 +3.3624e+00
4322 0 +1.258772690e-05 -1.316099874e+02 -1.316099874e+02 -1.0700e+00 -2.8632e-01 +3.3653e+00
4352 0 +1.088612450e-05 -1.316099891e+02 -1.316099891e+02 -1.0700e+00 -2.8827e-01 +3.3702e+00
4376 0 +9.924037329e-06 -1.316099901e+02 -1.316099901e+02 -1.0700e+00 -2.8925e-01 +3.3741e+00
4400 0 +8.904219357e-06 -1.316099911e+02 -1.316099911e+02 -1.0710e+00 -2.9120e-01 +3.3780e+00
4430 0 +7.890472659e-06 -1.316099921e+02 -1.316099921e+02 -1.0691e+00 -2.9316e-01 +3.3829e+00
4472 0 +7.067970756e-06 -1.316099929e+02 -1.316099929e+02 -1.0681e+00 -2.9609e-01 +3.3897e+00
4613 0 +6.294281036e-06 -1.316099937e+02 -1.316099937e+02 -1.0691e+00 -3.0586e-01 +3.4122e+00
4664 0 +5.532727215e-06 -1.316099945e+02 -1.316099945e+02 -1.0700e+00 -3.0879e-01 +3.4210e+00
4694 0 +4.846429960e-06 -1.316099952e+02 -1.316099952e+02 -1.0700e+00 -3.1075e-01 +3.4259e+00
4706 0 +4.454540317e-06 -1.316099955e+02 -1.316099955e+02 -1.0691e+00 -3.1173e-01 +3.4278e+00
4748 0 +3.923906860e-06 -1.316099961e+02 -1.316099961e+02 -1.0681e+00 -3.1319e-01 +3.4308e+00
4780 0 +3.531765657e-06 -1.316099965e+02 -1.316099965e+02 -1.0676e+00 -3.1417e-01 +3.4332e+00
4814 0 +3.143614663e-06 -1.316099969e+02 -1.316099969e+02 -1.0676e+00 -3.1515e-01 +3.4361e+00
4850 0 +2.757109485e-06 -1.316099972e+02 -1.316099972e+02 -1.0676e+00 -3.1661e-01 +3.4391e+00
4880 0 +2.501287668e-06 -1.316099975e+02 -1.316099975e+02 -1.0676e+00 -3.1759e-01 +3.4415e+00
4925 0 +2.228988109e-06 -1.316099978e+02 -1.316099978e+02 -1.0681e+00 -3.1905e-01 +3.4449e+00
4970 0 +1.970495845e-06 -1.316099980e+02 -1.316099980e+02 -1.0676e+00 -3.2052e-01 +3.4488e+00
5036 0 +1.771966708e-06 -1.316099982e+02 -1.316099982e+02 -1.0671e+00 -3.2247e-01 +3.4542e+00
5164 0 +1.582865650e-06 -1.316099984e+02 -1.316099984e+02 -1.0671e+00 -3.2687e-01 +3.4645e+00
5252 0 +1.402705038e-06 -1.316099986e+02 -1.316099986e+02 -1.0676e+00 -3.2980e-01 +3.4718e+00
5300 0 +1.249822390e-06 -1.316099988e+02 -1.316099988e+02 -1.0666e+00 -3.3127e-01 +3.4757e+00
5342 0 +1.096796382e-06 -1.316099989e+02 -1.316099989e+02 -1.0676e+00 -3.3274e-01 +3.4791e+00
5372 0 +9.860934256e-07 -1.316099990e+02 -1.316099990e+02 -1.0676e+00 -3.3371e-01 +3.4816e+00
5402 0 +8.811466898e-07 -1.316099991e+02 -1.316099991e+02 -1.0676e+00 -3.3469e-01 +3.4840e+00
5432 0 +7.864127554e-07 -1.316099992e+02 -1.316099992e+02 -1.0676e+00 -3.3567e-01 +3.4865e+00
5462 0 +7.043757080e-07 -1.316099993e+02 -1.316099993e+02 -1.0676e+00 -3.3664e-01 +3.4889e+00
5498 0 +6.269111736e-07 -1.316099994e+02 -1.316099994e+02 -1.0671e+00 -3.3762e-01 +3.4918e+00
5528 0 +5.615940495e-07 -1.316099994e+02 -1.316099994e+02 -1.0666e+00 -3.3909e-01 +3.4943e+00
5576 0 +4.973917953e-07 -1.316099995e+02 -1.316099995e+02 -1.0671e+00 -3.4055e-01 +3.4982e+00
5627 0 +4.453178235e-07 -1.316099996e+02 -1.316099996e+02 -1.0676e+00 -3.4202e-01 +3.5021e+00
5666 0 +3.949765812e-07 -1.316099996e+02 -1.316099996e+02 -1.0671e+00 -3.4348e-01 +3.5055e+00
5703 0 +3.547683605e-07 -1.316099996e+02 -1.316099996e+02 -1.0671e+00 -3.4446e-01 +3.5084e+00
5744 0 +3.079011321e-07 -1.316099997e+02 -1.316099997e+02 -1.0676e+00 -3.4593e-01 +3.5119e+00
5774 0 +2.747803478e-07 -1.316099997e+02 -1.316099997e+02 -1.0676e+00 -3.4690e-01 +3.5143e+00
5804 0 +2.452547676e-07 -1.316099998e+02 -1.316099998e+02 -1.0676e+00 -3.4788e-01 +3.5168e+00
5834 0 +2.203759095e-07 -1.316099998e+02 -1.316099998e+02 -1.0676e+00 -3.4886e-01 +3.5192e+00
5866 0 +1.981855178e-07 -1.316099998e+02 -1.316099998e+02 -1.0671e+00 -3.4984e-01 +3.5216e+00
5930 0 +1.764696833e-07 -1.316099998e+02 -1.316099998e+02 -1.0664e+00 -3.5130e-01 +3.5246e+00
6002 0 +1.578232229e-07 -1.316099998e+02 -1.316099998e+02 -1.0661e+00 -3.5252e-01 +3.5275e+00
6062 0 +1.406988304e-07 -1.316099999e+02 -1.316099999e+02 -1.0661e+00 -3.5350e-01 +3.5299e+00
6110 0 +1.258225097e-07 -1.316099999e+02 -1.316099999e+02 -1.0664e+00 -3.5423e-01 +3.5319e+00
6152 0 +1.107295020e-07 -1.316099999e+02 -1.316099999e+02 -1.0661e+00 -3.5497e-01 +3.5336e+00
6188 0 +9.919241961e-08 -1.316099999e+02 -1.316099999e+02 -1.0659e+00 -3.5546e-01 +3.5351e+00
6221 0 +8.912448379e-08 -1.316099999e+02 -1.316099999e+02 -1.0661e+00 -3.5619e-01 +3.5363e+00
6254 0 +7.792559131e-08 -1.316099999e+02 -1.316099999e+02 -1.0661e+00 -3.5668e-01 +3.5378e+00
6284 0 +7.024513593e-08 -1.316099999e+02 -1.316099999e+02 -1.0661e+00 -3.5717e-01 +3.5390e+00
6320 0 +6.284278697e-08 -1.316099999e+02 -1.316099999e+02 -1.0659e+00 -3.5765e-01 +3.5404e+00
6364 0 +5.614930387e-08 -1.316099999e+02 -1.316099999e+02 -1.0661e+00 -3.5839e-01 +3.5422e+00
6434 0 +4.986816293e-08 -1.316100000e+02 -1.316100000e+02 -1.0661e+00 -3.5961e-01 +3.5451e+00
6556 0 +4.459093361e-08 -1.316100000e+02 -1.316100000e+02 -1.0659e+00 -3.6156e-01 +3.5500e+00
6611 0 +3.966383133e-08 -1.316100000e+02 -1.316100000e+02 -1.0661e+00 -3.6254e-01 +3.5522e+00
6644 0 +3.445651942e-08 -1.316100000e+02 -1.316100000e+02 -1.0661e+00 -3.6303e-01 +3.5536e+00
6668 0 +3.136361215e-08 -1.316100000e+02 -1.316100000e+02 -1.0661e+00 -3.6327e-01 +3.5546e+00
6692 0 +2.743036021e-08 -1.316100000e+02 -1.316100000e+02 -1.0664e+00 -3.6376e-01 +3.5556e+00
6704 0 +2.510478225e-08 -1.316100000e+02 -1.316100000e+02 -1.0661e+00 -3.6401e-01 +3.5561e+00
6728 0 +2.235958618e-08 -1.316100000e+02 -1.316100000e+02 -1.0661e+00 -3.6425e-01 +3.5571e+00
6752 0 +1.924865956e-08 -1.316100000e+02 -1.316100000e+02 -1.0664e+00 -3.6474e-01 +3.5580e+00
6764 0 +1.762816737e-08 -1.316100000e+02 -1.316100000e+02 -1.0661e+00 -3.6498e-01 +3.5585e+00
6791 0 +1.565038588e-08 -1.316100000e+02 -1.316100000e+02 -1.0661e+00 -3.6547e-01 +3.5595e+00
6830 0 +1.400866267e-08 -1.316100000e+02 -1.316100000e+02 -1.0658e+00 -3.6584e-01 +3.5604e+00
6908 0 +1.254306881e-08 -1.316100000e+02 -1.316100000e+02 -1.0655e+00 -3.6645e-01 +3.5619e+00
7132 0 +1.120147886e-08 -1.316100000e+02 -1.316100000e+02 -1.0656e+00 -3.6828e-01 +3.5665e+00
7202 0 +9.987473959e-09 -1.316100000e+02 -1.316100000e+02 -1.0656e+00 -3.6889e-01 +3.5679e+00
30000 0 +2.145839062e-11 -1.316100000e+02 -1.316100000e+02 -1.0651e+00 -3.8097e-01 +3.5977e+00
% f evaluations | g evaluations | best noise-free fitness - Fopt (1.153900000000e+02) + sum g_i+ | measured fitness | best measured fitness or single-digit g-values | x1 | x2...
1 0 +7.543928756e+01 +1.908292876e+02 +1.908292876e+02 +0.0000e+00 +0.0000e+00 +0.0000e+00
2 0 +7.405769064e+01 +1.894476906e+02 +1.894476906e+02 -2.9289e+00 +0.0000e+00 +0.0000e+00
4 0 +8.759417688e+00 +1.241494177e+02 +1.241494177e+02 -5.0215e+00 -2.0925e+00 -2.0925e+00
25 0 +7.711343931e+00 +1.231013439e+02 +1.231013439e+02 +6.0629e-01 -1.5168e+00 -4.4458e+00
105 0 +5.763614696e+00 +1.211536147e+02 +1.211536147e+02 -3.0019e+00 -2.0013e+00 +2.4275e+00
117 0 +5.445865662e+00 +1.208358657e+02 +1.208358657e+02 -3.5023e+00 -2.0013e+00 +2.4275e+00
3352 0 +9.696108777e-01 +1.163596109e+02 +1.163596109e+02 +0.0000e+00 -2.0013e+00 -4.1930e+00
3376 0 +6.335399084e-01 +1.160235399e+02 +1.160235399e+02 +1.2508e-01 -2.1264e+00 -4.1930e+00
3382 0 +5.860765540e-01 +1.159760766e+02 +1.159760766e+02 +1.2508e-01 -2.2515e+00 -4.1930e+00
3422 0 +5.583492649e-01 +1.159483493e+02 +1.159483493e+02 +7.8176e-02 -2.2358e+00 -4.1617e+00
3584 0 +5.008496175e-01 +1.158908496e+02 +1.158908496e+02 -1.2508e-01 -2.2593e+00 -4.0132e+00
3776 0 +4.433479420e-01 +1.158333479e+02 +1.158333479e+02 -3.7524e-01 -2.2905e+00 -3.8334e+00
3842 0 +3.972198063e-01 +1.157872198e+02 +1.157872198e+02 -4.6124e-01 -2.2984e+00 -3.7787e+00
3890 0 +3.513191444e-01 +1.157413191e+02 +1.157413191e+02 -5.2378e-01 -2.2984e+00 -3.7318e+00
3931 0 +3.156338627e-01 +1.157056339e+02 +1.157056339e+02 -5.7068e-01 -2.2984e+00 -3.6927e+00
3968 0 +2.785121659e-01 +1.156685122e+02 +1.156685122e+02 -6.2541e-01 -2.2984e+00 -3.6614e+00
3998 0 +2.504959144e-01 +1.156404959e+02 +1.156404959e+02 -6.6449e-01 -2.3062e+00 -3.6301e+00
4034 0 +2.231952459e-01 +1.156131952e+02 +1.156131952e+02 -7.1140e-01 -2.3140e+00 -3.5989e+00
4075 0 +1.983867264e-01 +1.155883867e+02 +1.155883867e+02 -7.5830e-01 -2.3140e+00 -3.5598e+00
4112 0 +1.773862209e-01 +1.155673862e+02 +1.155673862e+02 -8.1303e-01 -2.3140e+00 -3.5285e+00
4160 0 +1.571737624e-01 +1.155471738e+02 +1.155471738e+02 -8.7557e-01 -2.3296e+00 -3.4816e+00
4220 0 +1.408583253e-01 +1.155308583e+02 +1.155308583e+02 -9.5374e-01 -2.3296e+00 -3.4269e+00
4303 0 +1.257465597e-01 +1.155157466e+02 +1.155157466e+02 -1.0554e+00 -2.3453e+00 -3.3487e+00
4381 0 +1.111913345e-01 +1.155011913e+02 +1.155011913e+02 -1.1570e+00 -2.3453e+00 -3.2783e+00
4429 0 +9.958658588e-02 +1.154895866e+02 +1.154895866e+02 -1.2195e+00 -2.3609e+00 -3.2314e+00
4471 0 +8.885289004e-02 +1.154788529e+02 +1.154788529e+02 -1.2743e+00 -2.3609e+00 -3.1924e+00
4508 0 +7.863781475e-02 +1.154686378e+02 +1.154686378e+02 -1.3290e+00 -2.3609e+00 -3.1611e+00
4538 0 +7.061379509e-02 +1.154606138e+02 +1.154606138e+02 -1.3681e+00 -2.3687e+00 -3.1298e+00
4615 0 +6.308191496e-02 +1.154530819e+02 +1.154530819e+02 -1.4111e+00 -2.3805e+00 -3.0946e+00
4688 0 +5.607590156e-02 +1.154460759e+02 +1.154460759e+02 -1.4619e+00 -2.3883e+00 -3.0634e+00
4766 0 +4.982498886e-02 +1.154398250e+02 +1.154398250e+02 -1.5127e+00 -2.3922e+00 -3.0243e+00
4850 0 +4.430740095e-02 +1.154343074e+02 +1.154343074e+02 -1.5674e+00 -2.3961e+00 -2.9852e+00
4928 0 +3.952097465e-02 +1.154295210e+02 +1.154295210e+02 -1.6182e+00 -2.4000e+00 -2.9500e+00
4994 0 +3.534159341e-02 +1.154253416e+02 +1.154253416e+02 -1.6612e+00 -2.4039e+00 -2.9187e+00
5054 0 +3.147526651e-02 +1.154214753e+02 +1.154214753e+02 -1.7003e+00 -2.4078e+00 -2.8914e+00
5108 0 +2.810174042e-02 +1.154181017e+02 +1.154181017e+02 -1.7355e+00 -2.4078e+00 -2.8679e+00
5156 0 +2.508402797e-02 +1.154150840e+02 +1.154150840e+02 -1.7668e+00 -2.4117e+00 -2.8445e+00
5210 0 +2.219131492e-02 +1.154121913e+02 +1.154121913e+02 -1.8020e+00 -2.4117e+00 -2.8210e+00
5258 0 +1.986026782e-02 +1.154098603e+02 +1.154098603e+02 -1.8332e+00 -2.4156e+00 -2.7976e+00
5318 0 +1.763973305e-02 +1.154076397e+02 +1.154076397e+02 -1.8723e+00 -2.4195e+00 -2.7702e+00
5395 0 +1.577657961e-02 +1.154057766e+02 +1.154057766e+02 -1.9192e+00 -2.4234e+00 -2.7350e+00
5503 0 +1.408634089e-02 +1.154040863e+02 +1.154040863e+02 -1.9896e+00 -2.4313e+00 -2.6842e+00
5588 0 +1.253042456e-02 +1.154025304e+02 +1.154025304e+02 -2.0482e+00 -2.4352e+00 -2.6451e+00
5642 0 +1.119440333e-02 +1.154011944e+02 +1.154011944e+02 -2.0834e+00 -2.4430e+00 -2.6217e+00
5678 0 +9.898935686e-03 +1.153998989e+02 +1.153998989e+02 -2.1068e+00 -2.4430e+00 -2.6021e+00
5713 0 +8.889101103e-03 +1.153988891e+02 +1.153988891e+02 -2.1264e+00 -2.4430e+00 -2.5865e+00
5738 0 +7.865264596e-03 +1.153978653e+02 +1.153978653e+02 -2.1459e+00 -2.4469e+00 -2.5748e+00
5768 0 +7.010014664e-03 +1.153970100e+02 +1.153970100e+02 -2.1655e+00 -2.4430e+00 -2.5630e+00
5792 0 +6.271914663e-03 +1.153962719e+02 +1.153962719e+02 -2.1811e+00 -2.4469e+00 -2.5513e+00
5840 0 +5.581087952e-03 +1.153955811e+02 +1.153955811e+02 -2.1967e+00 -2.4528e+00 -2.5376e+00
5899 0 +5.002878554e-03 +1.153950029e+02 +1.153950029e+02 -2.2143e+00 -2.4547e+00 -2.5240e+00
5960 0 +4.463472044e-03 +1.153944635e+02 +1.153944635e+02 -2.2358e+00 -2.4567e+00 -2.5103e+00
6050 0 +3.975441123e-03 +1.153939754e+02 +1.153939754e+02 -2.2651e+00 -2.4606e+00 -2.4888e+00
6320 0 +3.547103428e-03 +1.153935471e+02 +1.153935471e+02 -2.3531e+00 -2.4684e+00 -2.4262e+00
6446 0 +3.155718259e-03 +1.153931557e+02 +1.153931557e+02 -2.3941e+00 -2.4723e+00 -2.3969e+00
6512 0 +2.804526927e-03 +1.153928045e+02 +1.153928045e+02 -2.4156e+00 -2.4743e+00 -2.3832e+00
6559 0 +2.504247368e-03 +1.153925042e+02 +1.153925042e+02 -2.4293e+00 -2.4743e+00 -2.3715e+00
6596 0 +2.237224401e-03 +1.153922372e+02 +1.153922372e+02 -2.4430e+00 -2.4723e+00 -2.3637e+00
6637 0 +1.983927211e-03 +1.153919839e+02 +1.153919839e+02 -2.4547e+00 -2.4743e+00 -2.3539e+00
6668 0 +1.762346835e-03 +1.153917623e+02 +1.153917623e+02 -2.4664e+00 -2.4762e+00 -2.3461e+00
6704 0 +1.570156760e-03 +1.153915702e+02 +1.153915702e+02 -2.4782e+00 -2.4762e+00 -2.3383e+00
6740 0 +1.406251690e-03 +1.153914063e+02 +1.153914063e+02 -2.4899e+00 -2.4762e+00 -2.3305e+00
6776 0 +1.253700259e-03 +1.153912537e+02 +1.153912537e+02 -2.5016e+00 -2.4801e+00 -2.3207e+00
6824 0 +1.119852146e-03 +1.153911199e+02 +1.153911199e+02 -2.5173e+00 -2.4821e+00 -2.3109e+00
6889 0 +9.982683365e-04 +1.153909983e+02 +1.153909983e+02 -2.5368e+00 -2.4821e+00 -2.2953e+00
7033 0 +8.909020512e-04 +1.153908909e+02 +1.153908909e+02 -2.5837e+00 -2.4860e+00 -2.2621e+00
7142 0 +7.921652288e-04 +1.153907922e+02 +1.153907922e+02 -2.6208e+00 -2.4899e+00 -2.2367e+00
7196 0 +7.076883771e-04 +1.153907077e+02 +1.153907077e+02 -2.6384e+00 -2.4938e+00 -2.2249e+00
7232 0 +6.263063833e-04 +1.153906263e+02 +1.153906263e+02 -2.6502e+00 -2.4938e+00 -2.2152e+00
7268 0 +5.538186631e-04 +1.153905538e+02 +1.153905538e+02 -2.6619e+00 -2.4938e+00 -2.2073e+00
7303 0 +4.931858434e-04 +1.153904932e+02 +1.153904932e+02 -2.6717e+00 -2.4938e+00 -2.1995e+00
7328 0 +4.411644900e-04 +1.153904412e+02 +1.153904412e+02 -2.6814e+00 -2.4938e+00 -2.1937e+00
7358 0 +3.901642695e-04 +1.153903902e+02 +1.153903902e+02 -2.6912e+00 -2.4977e+00 -2.1858e+00
7388 0 +3.536871694e-04 +1.153903537e+02 +1.153903537e+02 -2.7010e+00 -2.4958e+00 -2.1800e+00
7441 0 +3.153207750e-04 +1.153903153e+02 +1.153903153e+02 -2.7117e+00 -2.4987e+00 -2.1712e+00
7520 0 +2.811625650e-04 +1.153902812e+02 +1.153902812e+02 -2.7254e+00 -2.5006e+00 -2.1614e+00
7628 0 +2.504552184e-04 +1.153902505e+02 +1.153902505e+02 -2.7430e+00 -2.5026e+00 -2.1497e+00
7739 0 +2.238281161e-04 +1.153902238e+02 +1.153902238e+02 -2.7606e+00 -2.5036e+00 -2.1370e+00
7832 0 +1.985019035e-04 +1.153901985e+02 +1.153901985e+02 -2.7762e+00 -2.5055e+00 -2.1253e+00
7910 0 +1.765210824e-04 +1.153901765e+02 +1.153901765e+02 -2.7889e+00 -2.5065e+00 -2.1165e+00
7976 0 +1.572179800e-04 +1.153901572e+02 +1.153901572e+02 -2.7997e+00 -2.5075e+00 -2.1086e+00
8036 0 +1.406817952e-04 +1.153901407e+02 +1.153901407e+02 -2.8094e+00 -2.5085e+00 -2.1018e+00
8098 0 +1.258396673e-04 +1.153901258e+02 +1.153901258e+02 -2.8192e+00 -2.5094e+00 -2.0950e+00
8162 0 +1.117647239e-04 +1.153901118e+02 +1.153901118e+02 -2.8300e+00 -2.5104e+00 -2.0871e+00
8234 0 +9.982553877e-05 +1.153900998e+02 +1.153900998e+02 -2.8417e+00 -2.5124e+00 -2.0793e+00
8306 0 +8.884117611e-05 +1.153900888e+02 +1.153900888e+02 -2.8534e+00 -2.5124e+00 -2.0705e+00
8378 0 +7.919367040e-05 +1.153900792e+02 +1.153900792e+02 -2.8651e+00 -2.5143e+00 -2.0627e+00
8432 0 +7.056705195e-05 +1.153900706e+02 +1.153900706e+02 -2.8739e+00 -2.5143e+00 -2.0559e+00
8485 0 +6.292750358e-05 +1.153900629e+02 +1.153900629e+02 -2.8818e+00 -2.5143e+00 -2.0500e+00
8527 0 +5.604748745e-05 +1.153900560e+02 +1.153900560e+02 -2.8886e+00 -2.5153e+00 -2.0451e+00
8564 0 +5.003796937e-05 +1.153900500e+02 +1.153900500e+02 -2.8954e+00 -2.5163e+00 -2.0412e+00
8605 0 +4.433997465e-05 +1.153900443e+02 +1.153900443e+02 -2.9013e+00 -2.5153e+00 -2.0363e+00
8636 0 +3.968495341e-05 +1.153900397e+02 +1.153900397e+02 -2.9072e+00 -2.5163e+00 -2.0324e+00
8678 0 +3.514283419e-05 +1.153900351e+02 +1.153900351e+02 -2.9140e+00 -2.5173e+00 -2.0275e+00
8726 0 +3.162119856e-05 +1.153900316e+02 +1.153900316e+02 -2.9218e+00 -2.5182e+00 -2.0227e+00
8792 0 +2.815725696e-05 +1.153900282e+02 +1.153900282e+02 -2.9326e+00 -2.5202e+00 -2.0148e+00
8905 0 +2.511131272e-05 +1.153900251e+02 +1.153900251e+02 -2.9502e+00 -2.5202e+00 -2.0012e+00
9031 0 +2.238452433e-05 +1.153900224e+02 +1.153900224e+02 -2.9604e+00 -2.5221e+00 -1.9938e+00
9104 0 +1.990221855e-05 +1.153900199e+02 +1.153900199e+02 -2.9668e+00 -2.5236e+00 -1.9899e+00
9163 0 +1.777674994e-05 +1.153900178e+02 +1.153900178e+02 -2.9712e+00 -2.5226e+00 -1.9865e+00
9211 0 +1.582340172e-05 +1.153900158e+02 +1.153900158e+02 -2.9751e+00 -2.5236e+00 -1.9836e+00
9254 0 +1.398751095e-05 +1.153900140e+02 +1.153900140e+02 -2.9790e+00 -2.5241e+00 -1.9811e+00
9296 0 +1.245436195e-05 +1.153900125e+02 +1.153900125e+02 -2.9824e+00 -2.5241e+00 -1.9787e+00
9338 0 +1.108504642e-05 +1.153900111e+02 +1.153900111e+02 -2.9858e+00 -2.5241e+00 -1.9762e+00
9380 0 +9.894609065e-06 +1.153900099e+02 +1.153900099e+02 -2.9892e+00 -2.5246e+00 -1.9738e+00
9422 0 +8.910363903e-06 +1.153900089e+02 +1.153900089e+02 -2.9927e+00 -2.5251e+00 -1.9713e+00
9482 0 +7.866699931e-06 +1.153900079e+02 +1.153900079e+02 -2.9975e+00 -2.5251e+00 -1.9679e+00
9559 0 +7.076947341e-06 +1.153900071e+02 +1.153900071e+02 -3.0034e+00 -2.5256e+00 -1.9635e+00
9794 0 +6.305434695e-06 +1.153900063e+02 +1.153900063e+02 -3.0230e+00 -2.5275e+00 -1.9499e+00
9884 0 +5.560431120e-06 +1.153900056e+02 +1.153900056e+02 -3.0303e+00 -2.5285e+00 -1.9445e+00
9932 0 +4.982696993e-06 +1.153900050e+02 +1.153900050e+02 -3.0342e+00 -2.5290e+00 -1.9420e+00
9973 0 +4.427082075e-06 +1.153900044e+02 +1.153900044e+02 -3.0371e+00 -2.5285e+00 -1.9396e+00
10004 0 +3.892908296e-06 +1.153900039e+02 +1.153900039e+02 -3.0401e+00 -2.5290e+00 -1.9376e+00
10028 0 +3.542078360e-06 +1.153900035e+02 +1.153900035e+02 -3.0420e+00 -2.5295e+00 -1.9362e+00
10063 0 +3.152780465e-06 +1.153900032e+02 +1.153900032e+02 -3.0445e+00 -2.5295e+00 -1.9342e+00
10088 0 +2.801822973e-06 +1.153900028e+02 +1.153900028e+02 -3.0469e+00 -2.5300e+00 -1.9328e+00
10123 0 +2.503577520e-06 +1.153900025e+02 +1.153900025e+02 -3.0493e+00 -2.5300e+00 -1.9308e+00
10159 0 +2.221034265e-06 +1.153900022e+02 +1.153900022e+02 -3.0523e+00 -2.5300e+00 -1.9288e+00
10196 0 +1.972321783e-06 +1.153900020e+02 +1.153900020e+02 -3.0557e+00 -2.5309e+00 -1.9264e+00
10261 0 +1.766567280e-06 +1.153900018e+02 +1.153900018e+02 -3.0606e+00 -2.5305e+00 -1.9230e+00
10370 0 +1.580634219e-06 +1.153900016e+02 +1.153900016e+02 -3.0699e+00 -2.5314e+00 -1.9166e+00
10472 0 +1.406101617e-06 +1.153900014e+02 +1.153900014e+02 -3.0757e+00 -2.5326e+00 -1.9122e+00
10556 0 +1.253474338e-06 +1.153900013e+02 +1.153900013e+02 -3.0791e+00 -2.5329e+00 -1.9098e+00
10622 0 +1.114904933e-06 +1.153900011e+02 +1.153900011e+02 -3.0818e+00 -2.5331e+00 -1.9078e+00
10681 0 +9.991152439e-07 +1.153900010e+02 +1.153900010e+02 -3.0840e+00 -2.5334e+00 -1.9061e+00
10730 0 +8.898409760e-07 +1.153900009e+02 +1.153900009e+02 -3.0862e+00 -2.5336e+00 -1.9047e+00
10784 0 +7.930044745e-07 +1.153900008e+02 +1.153900008e+02 -3.0884e+00 -2.5339e+00 -1.9032e+00
10843 0 +7.061932337e-07 +1.153900007e+02 +1.153900007e+02 -3.0906e+00 -2.5339e+00 -1.9015e+00
10898 0 +6.272353517e-07 +1.153900006e+02 +1.153900006e+02 -3.0931e+00 -2.5344e+00 -1.8998e+00
10967 0 +5.622596007e-07 +1.153900006e+02 +1.153900006e+02 -3.0958e+00 -2.5344e+00 -1.8981e+00
11042 0 +4.974275072e-07 +1.153900005e+02 +1.153900005e+02 -3.0989e+00 -2.5348e+00 -1.8956e+00
11120 0 +4.460894871e-07 +1.153900004e+02 +1.153900004e+02 -3.1021e+00 -2.5351e+00 -1.8934e+00
11198 0 +3.967711848e-07 +1.153900004e+02 +1.153900004e+02 -3.1053e+00 -2.5353e+00 -1.8912e+00
11264 0 +3.525441628e-07 +1.153900004e+02 +1.153900004e+02 -3.1080e+00 -2.5353e+00 -1.8893e+00
11323 0 +3.151103840e-07 +1.153900003e+02 +1.153900003e+02 -3.1102e+00 -2.5358e+00 -1.8876e+00
11372 0 +2.805026895e-07 +1.153900003e+02 +1.153900003e+02 -3.1124e+00 -2.5361e+00 -1.8861e+00
11426 0 +2.500941321e-07 +1.153900003e+02 +1.153900003e+02 -3.1146e+00 -2.5361e+00 -1.8846e+00
11480 0 +2.224743270e-07 +1.153900002e+02 +1.153900002e+02 -3.1168e+00 -2.5366e+00 -1.8829e+00
11540 0 +1.992036545e-07 +1.153900002e+02 +1.153900002e+02 -3.1192e+00 -2.5366e+00 -1.8812e+00
11612 0 +1.775522662e-07 +1.153900002e+02 +1.153900002e+02 -3.1221e+00 -2.5368e+00 -1.8792e+00
11678 0 +1.583282483e-07 +1.153900002e+02 +1.153900002e+02 -3.1248e+00 -2.5368e+00 -1.8773e+00
11737 0 +1.400693179e-07 +1.153900001e+02 +1.153900001e+02 -3.1270e+00 -2.5373e+00 -1.8756e+00
11779 0 +1.247218222e-07 +1.153900001e+02 +1.153900001e+02 -3.1287e+00 -2.5373e+00 -1.8744e+00
11815 0 +1.107540584e-07 +1.153900001e+02 +1.153900001e+02 -3.1302e+00 -2.5373e+00 -1.8734e+00
11840 0 +9.958267810e-08 +1.153900001e+02 +1.153900001e+02 -3.1314e+00 -2.5375e+00 -1.8727e+00
11870 0 +8.751658243e-08 +1.153900001e+02 +1.153900001e+02 -3.1326e+00 -2.5378e+00 -1.8717e+00
11900 0 +7.852847261e-08 +1.153900001e+02 +1.153900001e+02 -3.1339e+00 -2.5375e+00 -1.8709e+00
11948 0 +7.033808913e-08 +1.153900001e+02 +1.153900001e+02 -3.1348e+00 -2.5380e+00 -1.8701e+00
12008 0 +6.308219724e-08 +1.153900001e+02 +1.153900001e+02 -3.1361e+00 -2.5381e+00 -1.8692e+00
12086 0 +5.618737475e-08 +1.153900001e+02 +1.153900001e+02 -3.1377e+00 -2.5385e+00 -1.8681e+00
12206 0 +5.010616633e-08 +1.153900001e+02 +1.153900001e+02 -3.1401e+00 -2.5386e+00 -1.8664e+00
12422 0 +4.464271797e-08 +1.153900000e+02 +1.153900000e+02 -3.1445e+00 -2.5389e+00 -1.8632e+00
12512 0 +3.961388018e-08 +1.153900000e+02 +1.153900000e+02 -3.1463e+00 -2.5391e+00 -1.8619e+00
12566 0 +3.547749827e-08 +1.153900000e+02 +1.153900000e+02 -3.1474e+00 -2.5391e+00 -1.8612e+00
12614 0 +3.110294244e-08 +1.153900000e+02 +1.153900000e+02 -3.1484e+00 -2.5392e+00 -1.8604e+00
12650 0 +2.791570353e-08 +1.153900000e+02 +1.153900000e+02 -3.1491e+00 -2.5394e+00 -1.8599e+00
12686 0 +2.492308226e-08 +1.153900000e+02 +1.153900000e+02 -3.1499e+00 -2.5395e+00 -1.8595e+00
12716 0 +2.230606810e-08 +1.153900000e+02 +1.153900000e+02 -3.1505e+00 -2.5394e+00 -1.8590e+00
12752 0 +1.977221586e-08 +1.153900000e+02 +1.153900000e+02 -3.1512e+00 -2.5395e+00 -1.8585e+00
12788 0 +1.771249458e-08 +1.153900000e+02 +1.153900000e+02 -3.1519e+00 -2.5397e+00 -1.8580e+00
12824 0 +1.570779773e-08 +1.153900000e+02 +1.153900000e+02 -3.1527e+00 -2.5396e+00 -1.8574e+00
12872 0 +1.407606476e-08 +1.153900000e+02 +1.153900000e+02 -3.1537e+00 -2.5399e+00 -1.8568e+00
12943 0 +1.255985183e-08 +1.153900000e+02 +1.153900000e+02 -3.1550e+00 -2.5399e+00 -1.8557e+00
13136 0 +1.117032866e-08 +1.153900000e+02 +1.153900000e+02 -3.1590e+00 -2.5402e+00 -1.8529e+00
13202 0 +9.983693872e-09 +1.153900000e+02 +1.153900000e+02 -3.1604e+00 -2.5403e+00 -1.8520e+00
30000 0 +2.157207746e-11 +1.153900000e+02 +1.153900000e+02 -3.1863e+00 -2.5428e+00 -1.8334e+00
