% f evaluations | g evaluations | best noise-free fitness - Fopt (-1.000000000000e+03) + sum g_i+ | measured fitness | best measured fitness or single-digit g-values | x1 | x2...
1 0 +8.057169867e+01 -9.194283013e+02 -9.194283013e+02 +0.0000e+00 +0.0000e+00 +0.0000e+00 +0.0000e+00 +0.0000e+00
2 0 +7.734311989e+01 -9.226568801e+02 -9.226568801e+02 -2.9289e+00 +0.0000e+00 +0.0000e+00 +0.0000e+00 +0.0000e+00
5 0 +7.082889454e+00 -9.929171105e+02 -9.929171105e+02 +2.9289e+00 +0.0000e+00 +0.0000e+00 +0.0000e+00 +0.0000e+00
109 0 +3.772509196e+00 -9.962274908e+02 -9.962274908e+02 +1.7275e+00 -6.1735e-01 +4.9821e-01 -6.1735e-01 -6.1735e-01
114 0 +1.921861788e+00 -9.980781382e+02 -9.980781382e+02 +2.9622e+00 +6.1735e-01 +6.1735e-01 +1.7329e+00 +6.1735e-01
143 0 +1.110444515e+00 -9.988895555e+02 -9.988895555e+02 +2.3448e+00 +0.0000e+00 +1.1156e+00 +8.0865e-01 +0.0000e+00
260 0 +9.022048259e-01 -9.990977952e+02 -9.990977952e+02 +2.3448e+00 -1.2070e-01 +7.4033e-01 +6.8795e-01 +0.0000e+00
261 0 +8.732227971e-01 -9.991267772e+02 -9.991267772e+02 +2.3448e+00 -1.2070e-01 +7.4033e-01 +6.8795e-01 -6.2541e-02
266 0 +7.324711041e-01 -9.992675289e+02 -9.992675289e+02 +2.2823e+00 -5.8160e-02 +7.4033e-01 +6.8795e-01 -6.2541e-02
268 0 +6.740156565e-01 -9.993259843e+02 -9.993259843e+02 +2.2823e+00 -5.8160e-02 +8.0287e-01 +6.8795e-01 -6.2541e-02
276 0 +6.040653412e-01 -9.993959347e+02 -9.993959347e+02 +2.2823e+00 +4.3808e-03 +8.0287e-01 +7.5049e-01 -6.2541e-02
280 0 +5.483036656e-01 -9.994516963e+02 -9.994516963e+02 +2.2823e+00 +4.3808e-03 +8.6541e-01 +8.1303e-01 -6.2541e-02
300 0 +4.935536560e-01 -9.995064463e+02 -9.995064463e+02 +2.2823e+00 +1.2946e-01 +9.9049e-01 +9.3811e-01 -6.2541e-02
336 0 +4.400805643e-01 -9.995599194e+02 -9.995599194e+02 +2.2823e+00 +2.2327e-01 +1.0530e+00 +1.0006e+00 -9.3811e-02
348 0 +3.968262249e-01 -9.996031738e+02 -9.996031738e+02 +2.2823e+00 +2.5454e-01 +1.1156e+00 +1.0319e+00 -9.3811e-02
360 0 +3.518472368e-01 -9.996481528e+02 -9.996481528e+02 +2.2823e+00 +2.8581e-01 +1.1468e+00 +1.0945e+00 -9.3811e-02
370 0 +3.101742669e-01 -9.996898257e+02 -9.996898257e+02 +2.2823e+00 +3.1708e-01 +1.1781e+00 +1.1257e+00 -9.3811e-02
380 0 +2.714347296e-01 -9.997285653e+02 -9.997285653e+02 +2.2823e+00 +3.4835e-01 +1.2094e+00 +1.1570e+00 -9.3811e-02
386 0 +2.339190560e-01 -9.997660809e+02 -9.997660809e+02 +2.2510e+00 +3.7962e-01 +1.2094e+00 +1.1570e+00 -1.2508e-01
388 0 +2.216577185e-01 -9.997783423e+02 -9.997783423e+02 +2.2510e+00 +3.7962e-01 +1.2407e+00 +1.1570e+00 -1.2508e-01
398 0 +1.962209849e-01 -9.998037790e+02 -9.998037790e+02 +2.2510e+00 +4.1089e-01 +1.2719e+00 +1.1883e+00 -1.2508e-01
408 0 +1.766575157e-01 -9.998233425e+02 -9.998233425e+02 +2.2510e+00 +4.4216e-01 +1.3032e+00 +1.2195e+00 -1.2508e-01
420 0 +1.579499798e-01 -9.998420500e+02 -9.998420500e+02 +2.2510e+00 +4.7344e-01 +1.3345e+00 +1.2821e+00 -1.2508e-01
440 0 +1.388578863e-01 -9.998611421e+02 -9.998611421e+02 +2.2510e+00 +5.3598e-01 +1.3970e+00 +1.3446e+00 -1.2508e-01
458 0 +1.236217839e-01 -9.998763782e+02 -9.998763782e+02 +2.2197e+00 +5.9852e-01 +1.4595e+00 +1.3759e+00 -1.5635e-01
480 0 +1.103299989e-01 -9.998896700e+02 -9.998896700e+02 +2.2197e+00 +6.6106e-01 +1.5221e+00 +1.4697e+00 -1.5635e-01
496 0 +9.965249248e-02 -9.999003475e+02 -9.999003475e+02 +2.1885e+00 +6.9233e-01 +1.5534e+00 +1.4697e+00 -1.8762e-01
516 0 +8.780665042e-02 -9.999121933e+02 -9.999121933e+02 +2.1885e+00 +7.5487e-01 +1.6159e+00 +1.5322e+00 -1.8762e-01
530 0 +7.852570589e-02 -9.999214743e+02 -9.999214743e+02 +2.1885e+00 +7.8614e-01 +1.6784e+00 +1.5948e+00 -1.8762e-01
561 0 +6.950837680e-02 -9.999304916e+02 -9.999304916e+02 +2.1728e+00 +8.1741e-01 +1.6941e+00 +1.6104e+00 -2.1889e-01
581 0 +6.309078763e-02 -9.999369092e+02 -9.999369092e+02 +2.1416e+00 +8.3304e-01 +1.7253e+00 +1.6104e+00 -2.5016e-01
608 0 +5.478345606e-02 -9.999452165e+02 -9.999452165e+02 +2.1103e+00 +8.4868e-01 +1.7722e+00 +1.5948e+00 -2.8143e-01
628 0 +4.909070287e-02 -9.999509093e+02 -9.999509093e+02 +2.0946e+00 +8.6431e-01 +1.8035e+00 +1.5635e+00 -3.1270e-01
648 0 +4.462105110e-02 -9.999553789e+02 -9.999553789e+02 +2.0790e+00 +8.7995e-01 +1.8348e+00 +1.5479e+00 -3.4397e-01
678 0 +3.965890991e-02 -9.999603411e+02 -9.999603411e+02 +2.0634e+00 +8.9558e-01 +1.8817e+00 +1.5322e+00 -3.7524e-01
711 0 +3.446109267e-02 -9.999655389e+02 -9.999655389e+02 +2.0321e+00 +9.1122e-01 +1.9286e+00 +1.5166e+00 -4.2215e-01
729 0 +3.152175791e-02 -9.999684782e+02 -9.999684782e+02 +2.0165e+00 +9.2685e-01 +1.9599e+00 +1.5010e+00 -4.3778e-01
758 0 +2.796749588e-02 -9.999720325e+02 -9.999720325e+02 +1.9852e+00 +9.4249e-01 +2.0068e+00 +1.5010e+00 -4.6905e-01
776 0 +2.502489015e-02 -9.999749751e+02 -9.999749751e+02 +1.9696e+00 +9.5812e-01 +2.0224e+00 +1.4853e+00 -5.0032e-01
801 0 +2.156934547e-02 -9.999784307e+02 -9.999784307e+02 +1.9696e+00 +9.7376e-01 +2.0693e+00 +1.4697e+00 -5.3159e-01
851 0 +1.976984131e-02 -9.999802302e+02 -9.999802302e+02 +1.9539e+00 +9.8939e-01 +2.1006e+00 +1.4619e+00 -5.5505e-01
891 0 +1.763430983e-02 -9.999823657e+02 -9.999823657e+02 +1.9383e+00 +9.9721e-01 +2.1319e+00 +1.4306e+00 -5.8632e-01
951 0 +1.577530603e-02 -9.999842247e+02 -9.999842247e+02 +1.9070e+00 +1.0050e+00 +2.1709e+00 +1.3915e+00 -6.3322e-01
1041 0 +1.405676987e-02 -9.999859432e+02 -9.999859432e+02 +1.8601e+00 +1.0050e+00 +2.2257e+00 +1.3212e+00 -7.0358e-01
1119 0 +1.252667280e-02 -9.999874733e+02 -9.999874733e+02 +1.8289e+00 +1.0128e+00 +2.2726e+00 +1.2586e+00 -7.5830e-01
1169 0 +1.119511591e-02 -9.999888049e+02 -9.999888049e+02 +1.8132e+00 +1.0128e+00 +2.2882e+00 +1.2195e+00 -7.8957e-01
1199 0 +9.957162668e-03 -9.999900428e+02 -9.999900428e+02 +1.8054e+00 +1.0128e+00 +2.3038e+00 +1.1961e+00 -8.1303e-01
1231 0 +8.894563910e-03 -9.999911054e+02 -9.999911054e+02 +1.7976e+00 +1.0128e+00 +2.3117e+00 +1.1726e+00 -8.3648e-01
1261 0 +7.916016777e-03 -9.999920840e+02 -9.999920840e+02 +1.7898e+00 +1.0050e+00 +2.3195e+00 +1.1492e+00 -8.5212e-01
1289 0 +6.911903879e-03 -9.999930881e+02 -9.999930881e+02 +1.7741e+00 +1.0050e+00 +2.3351e+00 +1.1257e+00 -8.6775e-01
1311 0 +6.163479956e-03 -9.999938365e+02 -9.999938365e+02 +1.7585e+00 +1.0050e+00 +2.3507e+00 +1.1101e+00 -8.9120e-01
1339 0 +5.573834154e-03 -9.999944262e+02 -9.999944262e+02 +1.7429e+00 +1.0050e+00 +2.3664e+00 +1.0866e+00 -9.0684e-01
1368 0 +5.009391283e-03 -9.999949906e+02 -9.999949906e+02 +1.7429e+00 +1.0050e+00 +2.3742e+00 +1.0710e+00 -9.2247e-01
1401 0 +4.459070261e-03 -9.999955409e+02 -9.999955409e+02 +1.7429e+00 +1.0050e+00 +2.3820e+00 +1.0397e+00 -9.4593e-01
1449 0 +3.969748497e-03 -9.999960303e+02 -9.999960303e+02 +1.7194e+00 +9.8939e-01 +2.3820e+00 +1.0006e+00 -9.6156e-01
1589 0 +3.533165479e-03 -9.999964668e+02 -9.999964668e+02 +1.6960e+00 +9.5812e-01 +2.3977e+00 +8.9120e-01 -1.0241e+00
1719 0 +3.147311296e-03 -9.999968527e+02 -9.999968527e+02 +1.6725e+00 +9.4249e-01 +2.4094e+00 +8.4430e-01 -1.0554e+00
1779 0 +2.786764602e-03 -9.999972132e+02 -9.999972132e+02 +1.6569e+00 +9.4249e-01 +2.4250e+00 +8.2084e-01 -1.0788e+00
1821 0 +2.511400770e-03 -9.999974886e+02 -9.999974886e+02 +1.6530e+00 +9.4249e-01 +2.4328e+00 +8.0521e-01 -1.0945e+00
1869 0 +2.206585053e-03 -9.999977934e+02 -9.999977934e+02 +1.6451e+00 +9.4249e-01 +2.4406e+00 +7.8567e-01 -1.1062e+00
1909 0 +1.966970265e-03 -9.999980330e+02 -9.999980330e+02 +1.6451e+00 +9.3467e-01 +2.4367e+00 +7.7003e-01 -1.1101e+00
1939 0 +1.751394631e-03 -9.999982486e+02 -9.999982486e+02 +1.6373e+00 +9.3076e-01 +2.4446e+00 +7.5830e-01 -1.1218e+00
1979 0 +1.577454066e-03 -9.999984225e+02 -9.999984225e+02 +1.6373e+00 +9.2685e-01 +2.4406e+00 +7.4267e-01 -1.1257e+00
2009 0 +1.408726429e-03 -9.999985913e+02 -9.999985913e+02 +1.6295e+00 +9.2295e-01 +2.4485e+00 +7.3094e-01 -1.1375e+00
2059 0 +1.226153963e-03 -9.999987738e+02 -9.999987738e+02 +1.6256e+00 +9.1904e-01 +2.4524e+00 +7.1140e-01 -1.1492e+00
2099 0 +1.118809404e-03 -9.999988812e+02 -9.999988812e+02 +1.6217e+00 +9.1513e-01 +2.4524e+00 +6.9576e-01 -1.1570e+00
2169 0 +9.918935509e-04 -9.999990081e+02 -9.999990081e+02 +1.6139e+00 +9.0731e-01 +2.4563e+00 +6.6840e-01 -1.1726e+00
2313 0 +8.905910012e-04 -9.999991094e+02 -9.999991094e+02 +1.5904e+00 +8.9949e-01 +2.4758e+00 +6.1368e-01 -1.2156e+00
2431 0 +7.885788979e-04 -9.999992114e+02 -9.999992114e+02 +1.5787e+00 +8.8777e-01 +2.4836e+00 +5.6677e-01 -1.2430e+00
2483 0 +7.039289962e-04 -9.999992961e+02 -9.999992961e+02 +1.5670e+00 +8.8386e-01 +2.4915e+00 +5.4723e-01 -1.2586e+00
2519 0 +6.291279389e-04 -9.999993709e+02 -9.999993709e+02 +1.5631e+00 +8.7995e-01 +2.4954e+00 +5.3159e-01 -1.2664e+00
2561 0 +5.529368116e-04 -9.999994471e+02 -9.999994471e+02 +1.5631e+00 +8.7995e-01 +2.4993e+00 +5.1596e-01 -1.2782e+00
2589 0 +4.972708316e-04 -9.999995027e+02 -9.999995027e+02 +1.5591e+00 +8.7604e-01 +2.4993e+00 +5.0423e-01 -1.2821e+00
2621 0 +4.466227504e-04 -9.999995534e+02 -9.999995534e+02 +1.5591e+00 +8.7213e-01 +2.4993e+00 +4.9251e-01 -1.2899e+00
2651 0 +3.935188385e-04 -9.999996065e+02 -9.999996065e+02 +1.5513e+00 +8.6822e-01 +2.5032e+00 +4.8078e-01 -1.2977e+00
2691 0 +3.479313068e-04 -9.999996521e+02 -9.999996521e+02 +1.5513e+00 +8.6040e-01 +2.4954e+00 +4.6515e-01 -1.3016e+00
2721 0 +3.131508528e-04 -9.999996868e+02 -9.999996868e+02 +1.5435e+00 +8.6040e-01 +2.5071e+00 +4.5342e-01 -1.3134e+00
2769 0 +2.804217562e-04 -9.999997196e+02 -9.999997196e+02 +1.5435e+00 +8.5259e-01 +2.5032e+00 +4.3388e-01 -1.3173e+00
2821 0 +2.476290106e-04 -9.999997524e+02 -9.999997524e+02 +1.5279e+00 +8.5259e-01 +2.5188e+00 +4.1433e-01 -1.3407e+00
2879 0 +2.200542234e-04 -9.999997799e+02 -9.999997799e+02 +1.5201e+00 +8.4477e-01 +2.5227e+00 +3.9088e-01 -1.3524e+00
2929 0 +1.948910119e-04 -9.999998051e+02 -9.999998051e+02 +1.5161e+00 +8.4086e-01 +2.5266e+00 +3.7133e-01 -1.3642e+00
2981 0 +1.773223418e-04 -9.999998227e+02 -9.999998227e+02 +1.5181e+00 +8.3695e-01 +2.5227e+00 +3.5765e-01 -1.3700e+00
3049 0 +1.576915812e-04 -9.999998423e+02 -9.999998423e+02 +1.5122e+00 +8.3109e-01 +2.5227e+00 +3.4397e-01 -1.3759e+00
3109 0 +1.409063020e-04 -9.999998591e+02 -9.999998591e+02 +1.5044e+00 +8.2913e-01 +2.5286e+00 +3.3225e-01 -1.3857e+00
3171 0 +1.252283566e-04 -9.999998748e+02 -9.999998748e+02 +1.5005e+00 +8.2718e-01 +2.5325e+00 +3.2052e-01 -1.3954e+00
3239 0 +1.113518825e-04 -9.999998886e+02 -9.999998886e+02 +1.4927e+00 +8.2523e-01 +2.5384e+00 +3.0684e-01 -1.4052e+00
3309 0 +9.930156750e-05 -9.999999007e+02 -9.999999007e+02 +1.4907e+00 +8.2132e-01 +2.5403e+00 +2.9316e-01 -1.4130e+00
3389 0 +8.810522490e-05 -9.999999119e+02 -9.999999119e+02 +1.4849e+00 +8.1741e-01 +2.5442e+00 +2.7752e-01 -1.4228e+00
3459 0 +7.839647219e-05 -9.999999216e+02 -9.999999216e+02 +1.4790e+00 +8.1741e-01 +2.5520e+00 +2.6384e-01 -1.4345e+00
3519 0 +6.933192628e-05 -9.999999307e+02 -9.999999307e+02 +1.4732e+00 +8.1545e-01 +2.5579e+00 +2.5212e-01 -1.4443e+00
3569 0 +6.223650360e-05 -9.999999378e+02 -9.999999378e+02 +1.4732e+00 +8.1350e-01 +2.5579e+00 +2.4234e-01 -1.4482e+00
3609 0 +5.557524491e-05 -9.999999444e+02 -9.999999444e+02 +1.4692e+00 +8.1155e-01 +2.5599e+00 +2.3453e-01 -1.4541e+00
3649 0 +4.990293633e-05 -9.999999501e+02 -9.999999501e+02 +1.4673e+00 +8.0959e-01 +2.5599e+00 +2.2671e-01 -1.4580e+00
3689 0 +4.379849395e-05 -9.999999562e+02 -9.999999562e+02 +1.4653e+00 +8.0568e-01 +2.5599e+00 +2.1889e-01 -1.4619e+00
3729 0 +3.905746655e-05 -9.999999609e+02 -9.999999609e+02 +1.4653e+00 +8.0373e-01 +2.5599e+00 +2.1107e-01 -1.4658e+00
3769 0 +3.490002553e-05 -9.999999651e+02 -9.999999651e+02 +1.4614e+00 +7.9982e-01 +2.5599e+00 +2.0326e-01 -1.4697e+00
3819 0 +3.132134214e-05 -9.999999687e+02 -9.999999687e+02 +1.4575e+00 +7.9786e-01 +2.5618e+00 +1.9348e-01 -1.4756e+00
3879 0 +2.815540290e-05 -9.999999718e+02 -9.999999718e+02 +1.4517e+00 +7.9591e-01 +2.5677e+00 +1.8176e-01 -1.4853e+00
3999 0 +2.508838304e-05 -9.999999749e+02 -9.999999749e+02 +1.4477e+00 +7.9200e-01 +2.5716e+00 +1.5831e-01 -1.4990e+00
4069 0 +2.217298083e-05 -9.999999778e+02 -9.999999778e+02 +1.4438e+00 +7.8809e-01 +2.5735e+00 +1.4463e-01 -1.5068e+00
4109 0 +1.986309576e-05 -9.999999801e+02 -9.999999801e+02 +1.4438e+00 +7.8418e-01 +2.5716e+00 +1.3681e-01 -1.5088e+00
4139 0 +1.739746028e-05 -9.999999826e+02 -9.999999826e+02 +1.4399e+00 +7.8418e-01 +2.5755e+00 +1.3094e-01 -1.5147e+00
4169 0 +1.582558309e-05 -9.999999842e+02 -9.999999842e+02 +1.4399e+00 +7.8027e-01 +2.5716e+00 +1.2508e-01 -1.5147e+00
4189 0 +1.399145253e-05 -9.999999860e+02 -9.999999860e+02 +1.4380e+00 +7.8027e-01 +2.5755e+00 +1.2117e-01 -1.5186e+00
4209 0 +1.227293262e-05 -9.999999877e+02 -9.999999877e+02 +1.4360e+00 +7.8027e-01 +2.5775e+00 +1.1726e-01 -1.5225e+00
4231 0 +1.067173230e-05 -9.999999893e+02 -9.999999893e+02 +1.4321e+00 +7.8027e-01 +2.5814e+00 +1.1335e-01 -1.5283e+00
4251 0 +9.988949728e-06 -9.999999900e+02 -9.999999900e+02 +1.4341e+00 +7.8027e-01 +2.5814e+00 +1.0945e-01 -1.5303e+00
4269 0 +8.823907137e-06 -9.999999912e+02 -9.999999912e+02 +1.4302e+00 +7.7832e-01 +2.5833e+00 +1.0554e-01 -1.5322e+00
4301 0 +7.866966030e-06 -9.999999921e+02 -9.999999921e+02 +1.4282e+00 +7.7637e-01 +2.5814e+00 +9.9674e-02 -1.5362e+00
4339 0 +7.030027064e-06 -9.999999930e+02 -9.999999930e+02 +1.4262e+00 +7.7441e-01 +2.5853e+00 +9.1856e-02 -1.5401e+00
4563 0 +6.307432159e-06 -9.999999937e+02 -9.999999937e+02 +1.4184e+00 +7.6659e-01 +2.5862e+00 +6.8404e-02 -1.5537e+00
4649 0 +5.621073797e-06 -9.999999944e+02 -9.999999944e+02 +1.4145e+00 +7.6659e-01 +2.5911e+00 +5.9609e-02 -1.5606e+00
4699 0 +5.007835057e-06 -9.999999950e+02 -9.999999950e+02 +1.4135e+00 +7.6562e-01 +2.5921e+00 +5.4723e-02 -1.5635e+00
4739 0 +4.419415404e-06 -9.999999956e+02 -9.999999956e+02 +1.4116e+00 +7.6464e-01 +2.5941e+00 +5.0814e-02 -1.5664e+00
4773 0 +3.940779720e-06 -9.999999961e+02 -9.999999961e+02 +1.4106e+00 +7.6464e-01 +2.5950e+00 +4.7883e-02 -1.5694e+00
4805 0 +3.534259577e-06 -9.999999965e+02 -9.999999965e+02 +1.4096e+00 +7.6366e-01 +2.5970e+00 +4.4951e-02 -1.5713e+00
4838 0 +3.158023560e-06 -9.999999968e+02 -9.999999968e+02 +1.4096e+00 +7.6269e-01 +2.5960e+00 +4.2019e-02 -1.5723e+00
4859 0 +2.810209935e-06 -9.999999972e+02 -9.999999972e+02 +1.4077e+00 +7.6171e-01 +2.5970e+00 +3.9088e-02 -1.5743e+00
4899 0 +2.505666430e-06 -9.999999975e+02 -9.999999975e+02 +1.4077e+00 +7.6073e-01 +2.5960e+00 +3.5179e-02 -1.5752e+00
4929 0 +2.217070232e-06 -9.999999978e+02 -9.999999978e+02 +1.4057e+00 +7.5975e-01 +2.5980e+00 +3.2247e-02 -1.5782e+00
4978 0 +1.994382160e-06 -9.999999980e+02 -9.999999980e+02 +1.4047e+00 +7.5878e-01 +2.5990e+00 +2.8339e-02 -1.5811e+00
5039 0 +1.765274988e-06 -9.999999982e+02 -9.999999982e+02 +1.4038e+00 +7.5780e-01 +2.5990e+00 +2.1498e-02 -1.5840e+00
5149 0 +1.581087076e-06 -9.999999984e+02 -9.999999984e+02 +1.3989e+00 +7.5487e-01 +2.6029e+00 +1.0749e-02 -1.5919e+00
5229 0 +1.406312435e-06 -9.999999986e+02 -9.999999986e+02 +1.3969e+00 +7.5389e-01 +2.6048e+00 +2.9316e-03 -1.5967e+00
5275 0 +1.255995471e-06 -9.999999987e+02 -9.999999987e+02 +1.3950e+00 +7.5194e-01 +2.6048e+00 -9.7720e-04 -1.5997e+00
5309 0 +1.109458935e-06 -9.999999989e+02 -9.999999989e+02 +1.3940e+00 +7.5194e-01 +2.6058e+00 -4.8860e-03 -1.6016e+00
5339 0 +9.750341405e-07 -9.999999990e+02 -9.999999990e+02 +1.3930e+00 +7.5096e-01 +2.6068e+00 -7.8176e-03 -1.6036e+00
5369 0 +8.890913250e-07 -9.999999991e+02 -9.999999991e+02 +1.3940e+00 +7.5096e-01 +2.6068e+00 -1.0749e-02 -1.6046e+00
5389 0 +7.927893648e-07 -9.999999992e+02 -9.999999992e+02 +1.3920e+00 +7.4998e-01 +2.6077e+00 -1.2704e-02 -1.6065e+00
5425 0 +7.069969570e-07 -9.999999993e+02 -9.999999993e+02 +1.3920e+00 +7.4803e-01 +2.6068e+00 -1.5635e-02 -1.6075e+00
5458 0 +6.288711347e-07 -9.999999994e+02 -9.999999994e+02 +1.3911e+00 +7.4803e-01 +2.6077e+00 -1.8567e-02 -1.6094e+00
5489 0 +5.552550419e-07 -9.999999994e+02 -9.999999994e+02 +1.3901e+00 +7.4705e-01 +2.6077e+00 -2.2476e-02 -1.6114e+00
5531 0 +4.941166480e-07 -9.999999995e+02 -9.999999995e+02 +1.3891e+00 +7.4607e-01 +2.6087e+00 -2.6384e-02 -1.6143e+00
5577 0 +4.459841421e-07 -9.999999996e+02 -9.999999996e+02 +1.3881e+00 +7.4412e-01 +2.6077e+00 -3.0293e-02 -1.6153e+00
5661 0 +3.976571179e-07 -9.999999996e+02 -9.999999996e+02 +1.3862e+00 +7.4363e-01 +2.6097e+00 -3.3713e-02 -1.6187e+00
5729 0 +3.497628995e-07 -9.999999997e+02 -9.999999997e+02 +1.3842e+00 +7.4314e-01 +2.6117e+00 -3.7133e-02 -1.6212e+00
5781 0 +3.161329687e-07 -9.999999997e+02 -9.999999997e+02 +1.3832e+00 +7.4314e-01 +2.6126e+00 -3.9576e-02 -1.6236e+00
5839 0 +2.792435225e-07 -9.999999997e+02 -9.999999997e+02 +1.3813e+00 +7.4265e-01 +2.6141e+00 -4.2508e-02 -1.6256e+00
5889 0 +2.486776793e-07 -9.999999998e+02 -9.999999998e+02 +1.3803e+00 +7.4216e-01 +2.6151e+00 -4.4951e-02 -1.6275e+00
5949 0 +2.230999598e-07 -9.999999998e+02 -9.999999998e+02 +1.3798e+00 +7.4168e-01 +2.6156e+00 -4.7883e-02 -1.6290e+00
6019 0 +1.969166306e-07 -9.999999998e+02 -9.999999998e+02 +1.3798e+00 +7.3972e-01 +2.6146e+00 -5.1303e-02 -1.6300e+00
6083 0 +1.776345471e-07 -9.999999998e+02 -9.999999998e+02 +1.3779e+00 +7.3972e-01 +2.6161e+00 -5.4234e-02 -1.6329e+00
6149 0 +1.582207005e-07 -9.999999998e+02 -9.999999998e+02 +1.3769e+00 +7.3874e-01 +2.6170e+00 -5.7655e-02 -1.6348e+00
6209 0 +1.402792122e-07 -9.999999999e+02 -9.999999999e+02 +1.3764e+00 +7.3874e-01 +2.6180e+00 -6.0586e-02 -1.6368e+00
6249 0 +1.250355126e-07 -9.999999999e+02 -9.999999999e+02 +1.3754e+00 +7.3826e-01 +2.6185e+00 -6.2541e-02 -1.6383e+00
6289 0 +1.115149644e-07 -9.999999999e+02 -9.999999999e+02 +1.3749e+00 +7.3777e-01 +2.6190e+00 -6.4495e-02 -1.6392e+00
6319 0 +9.854591099e-08 -9.999999999e+02 -9.999999999e+02 +1.3745e+00 +7.3728e-01 +2.6190e+00 -6.5961e-02 -1.6402e+00
6349 0 +8.895347037e-08 -9.999999999e+02 -9.999999999e+02 +1.3745e+00 +7.3679e-01 +2.6190e+00 -6.7427e-02 -1.6407e+00
6379 0 +7.942696811e-08 -9.999999999e+02 -9.999999999e+02 +1.3735e+00 +7.3630e-01 +2.6190e+00 -6.8892e-02 -1.6417e+00
6411 0 +6.958032372e-08 -9.999999999e+02 -9.999999999e+02 +1.3735e+00 +7.3581e-01 +2.6190e+00 -7.0358e-02 -1.6427e+00
6439 0 +6.248751561e-08 -9.999999999e+02 -9.999999999e+02 +1.3725e+00 +7.3532e-01 +2.6200e+00 -7.1824e-02 -1.6436e+00
6481 0 +5.589117791e-08 -9.999999999e+02 -9.999999999e+02 +1.3725e+00 +7.3484e-01 +2.6195e+00 -7.3778e-02 -1.6446e+00
6541 0 +4.995490599e-08 -1.000000000e+03 -1.000000000e+03 +1.3710e+00 +7.3435e-01 +2.6209e+00 -7.6710e-02 -1.6471e+00
6659 0 +4.388459729e-08 -1.000000000e+03 -1.000000000e+03 +1.3691e+00 +7.3288e-01 +2.6224e+00 -8.2573e-02 -1.6505e+00
6729 0 +3.977493179e-08 -1.000000000e+03 -1.000000000e+03 +1.3691e+00 +7.3239e-01 +2.6219e+00 -8.4527e-02 -1.6512e+00
6788 0 +3.536581517e-08 -1.000000000e+03 -1.000000000e+03 +1.3683e+00 +7.3215e-01 +2.6227e+00 -8.5749e-02 -1.6524e+00
6829 0 +3.110335456e-08 -1.000000000e+03 -1.000000000e+03 +1.3679e+00 +7.3190e-01 +2.6229e+00 -8.6970e-02 -1.6532e+00
6869 0 +2.786362074e-08 -1.000000000e+03 -1.000000000e+03 +1.3676e+00 +7.3166e-01 +2.6231e+00 -8.7948e-02 -1.6537e+00
6899 0 +2.510603281e-08 -1.000000000e+03 -1.000000000e+03 +1.3674e+00 +7.3141e-01 +2.6231e+00 -8.8681e-02 -1.6541e+00
6939 0 +2.223350748e-08 -1.000000000e+03 -1.000000000e+03 +1.3671e+00 +7.3117e-01 +2.6234e+00 -8.9658e-02 -1.6546e+00
6971 0 +1.974240149e-08 -1.000000000e+03 -1.000000000e+03 +1.3666e+00 +7.3117e-01 +2.6239e+00 -9.0391e-02 -1.6556e+00
7009 0 +1.762884949e-08 -1.000000000e+03 -1.000000000e+03 +1.3664e+00 +7.3117e-01 +2.6244e+00 -9.1368e-02 -1.6561e+00
7049 0 +1.575517672e-08 -1.000000000e+03 -1.000000000e+03 +1.3659e+00 +7.3068e-01 +2.6244e+00 -9.2345e-02 -1.6566e+00
7089 0 +1.411035555e-08 -1.000000000e+03 -1.000000000e+03 +1.3654e+00 +7.3068e-01 +2.6248e+00 -9.3322e-02 -1.6576e+00
7169 0 +1.255011739e-08 -1.000000000e+03 -1.000000000e+03 +1.3652e+00 +7.2995e-01 +2.6246e+00 -9.5277e-02 -1.6583e+00
7371 0 +1.116666226e-08 -1.000000000e+03 -1.000000000e+03 +1.3637e+00 +7.2873e-01 +2.6256e+00 -1.0016e-01 -1.6615e+00
7433 0 +9.984091776e-09 -1.000000000e+03 -1.000000000e+03 +1.3627e+00 +7.2848e-01 +2.6263e+00 -1.0163e-01 -1.6627e+00
50000 0 +2.216893336e-11 -1.000000000e+03 -1.000000000e+03 +1.3528e+00 +7.2087e-01 +2.6331e+00 -1.3369e-01 -1.6827e+00
% f evaluations | g evaluations | best noise-free fitness - Fopt (1.000000000000e+03) + sum g_i+ | measured fitness | best measured fitness or single-digit g-values | x1 | x2...
1 0 +7.299933294e+01 +1.072999333e+03 +1.072999333e+03 +0.0000e+00 +0.0000e+00 +0.0000e+00 +0.0000e+00 +0.0000e+00
2 0 +6.870926685e+01 +1.068709267e+03 +1.068709267e+03 -2.9289e+00 +0.0000e+00 +0.0000e+00 +0.0000e+00 +0.0000e+00
5 0 +6.146050742e+01 +1.061460507e+03 +1.061460507e+03 +2.9289e+00 +0.0000e+00 +0.0000e+00 +0.0000e+00 +0.0000e+00
13 0 +5.558374495e+01 +1.055583745e+03 +1.055583745e+03 -1.6209e+00 +1.3081e+00 -1.6209e+00 -1.6209e+00 -1.6209e+00
15 0 +3.167478595e+01 +1.031674786e+03 +1.031674786e+03 +1.6209e+00 +1.6209e+00 -1.3081e+00 +1.6209e+00 +1.6209e+00
16 0 +1.998833646e+01 +1.019988336e+03 +1.019988336e+03 -1.6209e+00 -1.6209e+00 -4.5498e+00 -1.6209e+00 -1.6209e+00
21 0 +1.095523917e+01 +1.010955239e+03 +1.010955239e+03 +1.6209e+00 +1.6209e+00 +1.6209e+00 -1.3081e+00 +1.6209e+00
239 0 +9.866592843e+00 +1.009866593e+03 +1.009866593e+03 +1.2508e+00 +7.5049e-01 +1.1767e+00 -3.7524e+00 -2.2515e+00
249 0 +8.807075590e+00 +1.008807076e+03 +1.008807076e+03 +1.2508e+00 +1.0006e+00 +1.4269e+00 -4.0026e+00 -2.2515e+00
259 0 +7.899537801e+00 +1.007899538e+03 +1.007899538e+03 +1.2508e+00 +1.2508e+00 +1.4269e+00 -4.2528e+00 -2.2515e+00
306 0 +6.708692247e+00 +1.006708692e+03 +1.006708692e+03 +1.1257e+00 +1.5010e+00 +1.5520e+00 -4.7531e+00 -1.8762e+00
328 0 +6.191152685e+00 +1.006191153e+03 +1.006191153e+03 +1.1257e+00 +1.6261e+00 +1.6770e+00 -4.7531e+00 -1.6261e+00
342 0 +5.608802082e+00 +1.005608802e+03 +1.005608802e+03 +1.2508e+00 +1.7511e+00 +1.8021e+00 -4.7531e+00 -1.3759e+00
360 0 +4.967287751e+00 +1.004967288e+03 +1.004967288e+03 +1.2508e+00 +1.8762e+00 +1.8021e+00 -4.7531e+00 -1.2508e+00
386 0 +4.449776257e+00 +1.004449776e+03 +1.004449776e+03 +1.3134e+00 +1.9388e+00 +1.8021e+00 -4.6280e+00 -1.0006e+00
420 0 +3.963165665e+00 +1.003963166e+03 +1.003963166e+03 +1.3759e+00 +2.0638e+00 +1.9272e+00 -4.5655e+00 -8.1303e-01
472 0 +3.504986616e+00 +1.003504987e+03 +1.003504987e+03 +1.3759e+00 +2.1264e+00 +1.9272e+00 -4.4404e+00 -4.3778e-01
516 0 +3.162069726e+00 +1.003162070e+03 +1.003162070e+03 +1.4384e+00 +2.3140e+00 +2.0523e+00 -4.3153e+00 -1.8762e-01
602 0 +2.812317498e+00 +1.002812317e+03 +1.002812317e+03 +1.5322e+00 +2.3765e+00 +2.0836e+00 -4.0651e+00 +2.5016e-01
50000 0 +2.590547730e+00 +1.002590548e+03 +1.002590548e+03 +1.6917e+00 +2.7107e+00 +2.2786e+00 -3.7525e+00 +1.0401e+00
% f evaluations | g evaluations | best noise-free fitness - Fopt (-4.913000000000e+01) + sum g_i+ | measured fitness | best measured fitness or single-digit g-values | x1 | x2...
1 0 +6.940722089e+01 +2.027722089e+01 +2.027722089e+01 +0.0000e+00 +0.0000e+00 +0.0000e+00 +0.0000e+00 +0.0000e+00
2 0 +6.802915052e+01 +1.889915052e+01 +1.889915052e+01 -2.9289e+00 +0.0000e+00 +0.0000e+00 +0.0000e+00 +0.0000e+00
7 0 +5.038094877e+01 +1.250948767e+00 +1.250948767e+00 +1.3081e+00 -1.6209e+00 -1.6209e+00 -1.6209e+00 -1.6209e+00
8 0 +4.989337122e+01 +7.633712196e-01 +7.633712196e-01 +0.0000e+00 -2.9289e+00 +0.0000e+00 +0.0000e+00 +0.0000e+00
63 0 +2.824334660e+01 -2.088665340e+01 -2.088665340e+01 -6.8731e-01 +8.5167e-01 +8.5167e-01 +8.5167e-01 +4.5845e-02
78 0 +2.072611313e+01 -2.840388687e+01 -2.840388687e+01 +8.5167e-01 +8.5167e-01 +2.3907e+00 +8.5167e-01 +4.5845e-02
173 0 +1.822812657e+01 -3.090187343e+01 -3.090187343e+01 -1.5010e+00 +4.2341e-01 +1.0006e+00 +1.0006e+00 +2.8204e-03
176 0 +1.730374894e+01 -3.182625106e+01 -3.182625106e+01 -1.5010e+00 +9.2374e-01 +1.0006e+00 +1.0006e+00 +2.8204e-03
177 0 +1.381714812e+01 -3.531285188e+01 -3.531285188e+01 -1.5010e+00 +9.2374e-01 +5.0032e-01 +1.0006e+00 +2.8204e-03
193 0 +1.184000127e+01 -3.728999873e+01 -3.728999873e+01 -1.7511e+00 +9.2374e-01 +5.0032e-01 +1.5010e+00 +2.8204e-03
200 0 +1.098104397e+01 -3.814895603e+01 -3.814895603e+01 -1.7511e+00 +1.1739e+00 +2.5016e-01 +1.7511e+00 +2.8204e-03
202 0 +9.036654446e+00 -4.009334555e+01 -4.009334555e+01 -1.7511e+00 +1.1739e+00 +2.5016e-01 +1.7511e+00 +2.5298e-01
204 0 +8.610662249e+00 -4.051933775e+01 -4.051933775e+01 -1.5010e+00 +1.1739e+00 +2.5016e-01 +1.7511e+00 +2.5298e-01
214 0 +7.756761110e+00 -4.137323889e+01 -4.137323889e+01 -1.2508e+00 +1.1739e+00 +2.5016e-01 +2.0013e+00 +5.0314e-01
222 0 +6.601785808e+00 -4.252821419e+01 -4.252821419e+01 -1.2508e+00 +1.1739e+00 +0.0000e+00 +2.2515e+00 +7.5331e-01
227 0 +5.276516292e+00 -4.385348371e+01 -4.385348371e+01 -1.2508e+00 +1.1739e+00 -2.5016e-01 +2.2515e+00 +7.5331e-01
246 0 +4.667844798e+00 -4.446215520e+01 -4.446215520e+01 -1.3759e+00 +1.2990e+00 -2.5016e-01 +2.5016e+00 +7.5331e-01
247 0 +4.195749684e+00 -4.493425032e+01 -4.493425032e+01 -1.3759e+00 +1.2990e+00 -3.7524e-01 +2.5016e+00 +7.5331e-01
257 0 +3.932447093e+00 -4.519755291e+01 -4.519755291e+01 -1.3759e+00 +1.4241e+00 -5.0032e-01 +2.6267e+00 +7.5331e-01
262 0 +3.385282432e+00 -4.574471757e+01 -4.574471757e+01 -1.3759e+00 +1.4241e+00 -5.0032e-01 +2.6267e+00 +8.7839e-01
267 0 +3.008176363e+00 -4.612182364e+01 -4.612182364e+01 -1.3759e+00 +1.4241e+00 -6.2541e-01 +2.6267e+00 +8.7839e-01
287 0 +2.792348984e+00 -4.633765102e+01 -4.633765102e+01 -1.4384e+00 +1.4866e+00 -6.8795e-01 +2.7518e+00 +8.7839e-01
309 0 +2.510769144e+00 -4.661923086e+01 -4.661923086e+01 -1.3134e+00 +1.4866e+00 -8.1303e-01 +2.7518e+00 +1.0035e+00
337 0 +2.228372145e+00 -4.690162785e+01 -4.690162785e+01 -1.3134e+00 +1.5491e+00 -1.0006e+00 +2.8143e+00 +1.1286e+00
562 0 +1.994519074e+00 -4.713548093e+01 -4.713548093e+01 -1.2821e+00 +1.7368e+00 -1.8762e+00 +2.2515e+00 +1.4725e+00
21092 0 +1.755084258e+00 -4.737491574e+01 -4.737491574e+01 +1.6261e+00 -1.0776e+00 +2.8769e+00 +1.8093e+00 +4.4499e-01
21105 0 +1.449329649e+00 -4.768067035e+01 -4.768067035e+01 +1.7511e+00 -9.5248e-01 +2.8769e+00 +1.6842e+00 +4.4499e-01
21112 0 +1.358088023e+00 -4.777191198e+01 -4.777191198e+01 +1.7511e+00 -8.2740e-01 +2.8769e+00 +1.6842e+00 +4.4499e-01
21130 0 +1.257023520e+00 -4.787297648e+01 -4.787297648e+01 +1.8762e+00 -7.0232e-01 +2.8769e+00 +1.5591e+00 +4.4499e-01
21134 0 +1.086019255e+00 -4.804398075e+01 -4.804398075e+01 +1.8762e+00 -5.7723e-01 +3.0019e+00 +1.5591e+00 +4.4499e-01
21150 0 +9.875796324e-01 -4.814242037e+01 -4.814242037e+01 +2.0013e+00 -4.5215e-01 +3.0019e+00 +1.5591e+00 +4.4499e-01
21152 0 +8.628888592e-01 -4.826711114e+01 -4.826711114e+01 +2.0013e+00 -3.2707e-01 +3.0019e+00 +1.5591e+00 +4.4499e-01
21155 0 +7.858640923e-01 -4.834413591e+01 -4.834413591e+01 +2.0013e+00 -3.2707e-01 +3.0019e+00 +1.4341e+00 +4.4499e-01
21172 0 +7.035337511e-01 -4.842646625e+01 -4.842646625e+01 +2.0013e+00 -7.6910e-02 +3.0019e+00 +1.4341e+00 +4.4499e-01
21192 0 +6.178302086e-01 -4.851216979e+01 -4.851216979e+01 +2.0638e+00 -1.4369e-02 +3.0019e+00 +1.3090e+00 +4.4499e-01
21198 0 +5.509708404e-01 -4.857902916e+01 -4.857902916e+01 +2.0638e+00 -1.4369e-02 +3.0019e+00 +1.3090e+00 +5.0753e-01
21220 0 +4.751437015e-01 -4.865485630e+01 -4.865485630e+01 +2.2515e+00 +4.8171e-02 +3.0645e+00 +1.3090e+00 +5.7007e-01
21234 0 +4.298825385e-01 -4.870011746e+01 -4.870011746e+01 +2.3140e+00 +1.7325e-01 +3.0645e+00 +1.2464e+00 +5.7007e-01
21252 0 +3.802321284e-01 -4.874976787e+01 -4.874976787e+01 +2.3765e+00 +2.9833e-01 +3.0645e+00 +1.1839e+00 +5.7007e-01
21260 0 +2.389359500e-01 -4.889106405e+01 -4.889106405e+01 +2.4391e+00 +2.9833e-01 +3.0645e+00 +1.1213e+00 +6.3261e-01
21265 0 +2.067984287e-01 -4.892320157e+01 -4.892320157e+01 +2.4391e+00 +3.6087e-01 +3.0019e+00 +1.0588e+00 +6.3261e-01
21282 0 +1.984215200e-01 -4.893157848e+01 -4.893157848e+01 +2.4391e+00 +4.2341e-01 +3.0019e+00 +9.9627e-01 +6.3261e-01
21295 0 +1.694204851e-01 -4.896057951e+01 -4.896057951e+01 +2.5016e+00 +4.8596e-01 +3.0019e+00 +9.3373e-01 +6.3261e-01
21300 0 +1.296532787e-01 -4.900034672e+01 -4.900034672e+01 +2.5642e+00 +4.8596e-01 +3.0019e+00 +9.3373e-01 +6.9515e-01
21310 0 +1.256018121e-01 -4.900439819e+01 -4.900439819e+01 +2.6267e+00 +5.4850e-01 +3.0019e+00 +9.3373e-01 +6.9515e-01
21335 0 +1.055033313e-01 -4.902449667e+01 -4.902449667e+01 +2.6892e+00 +7.3612e-01 +3.0645e+00 +8.7119e-01 +6.9515e-01
21352 0 +9.998237536e-02 -4.903001762e+01 -4.903001762e+01 +2.6892e+00 +8.6120e-01 +3.0645e+00 +8.0865e-01 +6.9515e-01
21372 0 +8.771763780e-02 -4.904228236e+01 -4.904228236e+01 +2.7518e+00 +9.8628e-01 +3.1270e+00 +8.0865e-01 +6.9515e-01
21382 0 +7.697506441e-02 -4.905302494e+01 -4.905302494e+01 +2.8143e+00 +1.0488e+00 +3.1270e+00 +8.0865e-01 +6.9515e-01
21392 0 +6.839405244e-02 -4.906160595e+01 -4.906160595e+01 +2.8143e+00 +1.1114e+00 +3.1270e+00 +7.4611e-01 +6.9515e-01
21420 0 +5.370096261e-02 -4.907629904e+01 -4.907629904e+01 +2.8456e+00 +1.1114e+00 +3.1270e+00 +7.1484e-01 +7.2642e-01
21432 0 +4.970147827e-02 -4.908029852e+01 -4.908029852e+01 +2.8769e+00 +1.1426e+00 +3.0958e+00 +6.8357e-01 +7.2642e-01
21440 0 +3.984105475e-02 -4.909015895e+01 -4.909015895e+01 +2.9081e+00 +1.1426e+00 +3.1270e+00 +6.8357e-01 +7.5769e-01
21442 0 +3.968996428e-02 -4.909031004e+01 -4.909031004e+01 +2.9081e+00 +1.1739e+00 +3.1270e+00 +6.8357e-01 +7.5769e-01
21454 0 +3.454266216e-02 -4.909545734e+01 -4.909545734e+01 +2.9394e+00 +1.2052e+00 +3.1270e+00 +6.5230e-01 +7.5769e-01
21472 0 +3.062386850e-02 -4.909937613e+01 -4.909937613e+01 +2.9707e+00 +1.2677e+00 +3.1270e+00 +6.2102e-01 +7.5769e-01
21480 0 +2.160175022e-02 -4.910839825e+01 -4.910839825e+01 +3.0019e+00 +1.2677e+00 +3.1270e+00 +5.8975e-01 +7.8896e-01
21490 0 +1.976012487e-02 -4.911023988e+01 -4.911023988e+01 +3.0332e+00 +1.2990e+00 +3.1270e+00 +5.8975e-01 +7.8896e-01
21510 0 +1.772619588e-02 -4.911227380e+01 -4.911227380e+01 +3.0645e+00 +1.3615e+00 +3.1270e+00 +5.2721e-01 +7.8896e-01
21518 0 +1.552394281e-02 -4.911447606e+01 -4.911447606e+01 +3.0645e+00 +1.3928e+00 +3.1270e+00 +4.9594e-01 +8.2023e-01
21520 0 +1.396502077e-02 -4.911603498e+01 -4.911603498e+01 +3.0958e+00 +1.3928e+00 +3.1270e+00 +4.9594e-01 +8.2023e-01
21538 0 +1.251685909e-02 -4.911748314e+01 -4.911748314e+01 +3.1270e+00 +1.4553e+00 +3.1270e+00 +4.6467e-01 +8.5150e-01
21540 0 +9.071501707e-03 -4.912092850e+01 -4.912092850e+01 +3.1583e+00 +1.4553e+00 +3.1270e+00 +4.6467e-01 +8.5150e-01
21542 0 +8.645005289e-03 -4.912135499e+01 -4.912135499e+01 +3.1583e+00 +1.4866e+00 +3.1270e+00 +4.6467e-01 +8.5150e-01
21552 0 +7.801947810e-03 -4.912219805e+01 -4.912219805e+01 +3.1896e+00 +1.5179e+00 +3.1270e+00 +4.6467e-01 +8.5150e-01
21562 0 +7.005134360e-03 -4.912299487e+01 -4.912299487e+01 +3.1896e+00 +1.5491e+00 +3.1583e+00 +4.6467e-01 +8.5150e-01
21572 0 +6.094401306e-03 -4.912390560e+01 -4.912390560e+01 +3.2208e+00 +1.5804e+00 +3.1583e+00 +4.6467e-01 +8.5150e-01
21575 0 +5.271246148e-03 -4.912472875e+01 -4.912472875e+01 +3.2208e+00 +1.5804e+00 +3.1583e+00 +4.3340e-01 +8.5150e-01
21582 0 +4.844129235e-03 -4.912515587e+01 -4.912515587e+01 +3.2208e+00 +1.6117e+00 +3.1583e+00 +4.3340e-01 +8.5150e-01
21592 0 +4.432136047e-03 -4.912556786e+01 -4.912556786e+01 +3.2208e+00 +1.6430e+00 +3.1583e+00 +4.0213e-01 +8.5150e-01
21620 0 +3.732008610e-03 -4.912626799e+01 -4.912626799e+01 +3.2521e+00 +1.6586e+00 +3.1583e+00 +3.8650e-01 +8.6713e-01
21650 0 +3.370040713e-03 -4.912662996e+01 -4.912662996e+01 +3.2990e+00 +1.7055e+00 +3.1583e+00 +3.3959e-01 +8.8277e-01
21670 0 +3.121126628e-03 -4.912687887e+01 -4.912687887e+01 +3.3147e+00 +1.7368e+00 +3.1583e+00 +3.3959e-01 +8.8277e-01
21682 0 +2.725321055e-03 -4.912727468e+01 -4.912727468e+01 +3.3147e+00 +1.7680e+00 +3.1583e+00 +3.2396e-01 +8.8277e-01
21700 0 +2.472170503e-03 -4.912752783e+01 -4.912752783e+01 +3.3303e+00 +1.7837e+00 +3.1583e+00 +3.0832e-01 +8.8277e-01
21705 0 +2.167001629e-03 -4.912783300e+01 -4.912783300e+01 +3.3303e+00 +1.7993e+00 +3.1583e+00 +2.9269e-01 +8.8277e-01
21710 0 +1.533294850e-03 -4.912846671e+01 -4.912846671e+01 +3.3459e+00 +1.7993e+00 +3.1583e+00 +2.9269e-01 +8.9840e-01
21720 0 +1.316268088e-03 -4.912868373e+01 -4.912868373e+01 +3.3616e+00 +1.8149e+00 +3.1583e+00 +2.7705e-01 +8.9840e-01
21722 0 +1.213426227e-03 -4.912878657e+01 -4.912878657e+01 +3.3616e+00 +1.8306e+00 +3.1583e+00 +2.7705e-01 +8.9840e-01
21732 0 +1.119036952e-03 -4.912888096e+01 -4.912888096e+01 +3.3616e+00 +1.8462e+00 +3.1583e+00 +2.6142e-01 +8.9840e-01
21762 0 +9.847240799e-04 -4.912901528e+01 -4.912901528e+01 +3.3772e+00 +1.8931e+00 +3.1739e+00 +2.6142e-01 +8.9840e-01
21802 0 +8.878600480e-04 -4.912911214e+01 -4.912911214e+01 +3.4085e+00 +1.9557e+00 +3.1896e+00 +2.4578e-01 +8.9840e-01
21842 0 +7.788535901e-04 -4.912922115e+01 -4.912922115e+01 +3.4397e+00 +2.0182e+00 +3.2052e+00 +2.3015e-01 +8.9840e-01
21862 0 +6.834555678e-04 -4.912931654e+01 -4.912931654e+01 +3.4397e+00 +2.0495e+00 +3.2052e+00 +2.1451e-01 +8.9840e-01
21880 0 +6.150615231e-04 -4.912938494e+01 -4.912938494e+01 +3.4554e+00 +2.0651e+00 +3.2052e+00 +1.9888e-01 +8.9840e-01
21900 0 +5.523276572e-04 -4.912944767e+01 -4.912944767e+01 +3.4632e+00 +2.0807e+00 +3.2208e+00 +2.1451e-01 +8.9840e-01
21910 0 +4.202014003e-04 -4.912957980e+01 -4.912957980e+01 +3.4710e+00 +2.0886e+00 +3.2287e+00 +2.1451e-01 +9.0622e-01
21915 0 +3.902856590e-04 -4.912960971e+01 -4.912960971e+01 +3.4710e+00 +2.0964e+00 +3.2208e+00 +2.0669e-01 +9.0622e-01
21925 0 +3.542208530e-04 -4.912964578e+01 -4.912964578e+01 +3.4788e+00 +2.1042e+00 +3.2287e+00 +1.9888e-01 +9.0622e-01
21938 0 +3.073758888e-04 -4.912969262e+01 -4.912969262e+01 +3.4866e+00 +2.1120e+00 +3.2287e+00 +1.9106e-01 +9.1404e-01
21940 0 +2.768450330e-04 -4.912972315e+01 -4.912972315e+01 +3.4945e+00 +2.1120e+00 +3.2287e+00 +1.9106e-01 +9.1404e-01
21958 0 +2.508761913e-04 -4.912974912e+01 -4.912974912e+01 +3.5023e+00 +2.1276e+00 +3.2287e+00 +1.8324e-01 +9.2186e-01
21970 0 +2.173250107e-04 -4.912978267e+01 -4.912978267e+01 +3.5179e+00 +2.1355e+00 +3.2287e+00 +1.7542e-01 +9.2186e-01
21992 0 +1.954430097e-04 -4.912980456e+01 -4.912980456e+01 +3.5179e+00 +2.1589e+00 +3.2287e+00 +1.6761e-01 +9.2186e-01
22020 0 +1.763726618e-04 -4.912982363e+01 -4.912982363e+01 +3.5335e+00 +2.1746e+00 +3.2365e+00 +1.6761e-01 +9.2186e-01
22032 0 +1.553342549e-04 -4.912984467e+01 -4.912984467e+01 +3.5335e+00 +2.1902e+00 +3.2365e+00 +1.5979e-01 +9.2186e-01
22052 0 +1.385244691e-04 -4.912986148e+01 -4.912986148e+01 +3.5414e+00 +2.2058e+00 +3.2365e+00 +1.5197e-01 +9.2186e-01
22060 0 +1.108026667e-04 -4.912988920e+01 -4.912988920e+01 +3.5492e+00 +2.2058e+00 +3.2365e+00 +1.4415e-01 +9.2967e-01
22072 0 +9.780942434e-05 -4.912990219e+01 -4.912990219e+01 +3.5570e+00 +2.2215e+00 +3.2365e+00 +1.3634e-01 +9.2967e-01
22105 0 +8.884000580e-05 -4.912991116e+01 -4.912991116e+01 +3.5570e+00 +2.2449e+00 +3.2365e+00 +1.2070e-01 +9.2967e-01
22115 0 +7.891697096e-05 -4.912992108e+01 -4.912992108e+01 +3.5648e+00 +2.2527e+00 +3.2365e+00 +1.1288e-01 +9.2967e-01
22142 0 +7.060128591e-05 -4.912992940e+01 -4.912992940e+01 +3.5726e+00 +2.2762e+00 +3.2365e+00 +1.1288e-01 +9.2967e-01
22160 0 +6.241816179e-05 -4.912993758e+01 -4.912993758e+01 +3.5804e+00 +2.2840e+00 +3.2443e+00 +1.1288e-01 +9.2967e-01
22172 0 +5.503237389e-05 -4.912994497e+01 -4.912994497e+01 +3.5804e+00 +2.2996e+00 +3.2521e+00 +1.1288e-01 +9.2967e-01
22182 0 +4.886400263e-05 -4.912995114e+01 -4.912995114e+01 +3.5883e+00 +2.3074e+00 +3.2521e+00 +1.1288e-01 +9.2967e-01
22200 0 +4.299071712e-05 -4.912995701e+01 -4.912995701e+01 +3.5961e+00 +2.3153e+00 +3.2599e+00 +1.1288e-01 +9.2967e-01
22205 0 +3.785740979e-05 -4.912996214e+01 -4.912996214e+01 +3.5961e+00 +2.3231e+00 +3.2599e+00 +1.0507e-01 +9.2967e-01
22222 0 +3.546658082e-05 -4.912996453e+01 -4.912996453e+01 +3.5961e+00 +2.3387e+00 +3.2599e+00 +1.0507e-01 +9.2967e-01
22232 0 +3.150389883e-05 -4.912996850e+01 -4.912996850e+01 +3.6039e+00 +2.3465e+00 +3.2599e+00 +9.7248e-02 +9.2967e-01
22274 0 +2.798174221e-05 -4.912997202e+01 -4.912997202e+01 +3.6078e+00 +2.3661e+00 +3.2638e+00 +8.9430e-02 +9.2967e-01
22300 0 +2.487701006e-05 -4.912997512e+01 -4.912997512e+01 +3.6195e+00 +2.3739e+00 +3.2638e+00 +8.1612e-02 +9.3358e-01
22318 0 +2.162361898e-05 -4.912997838e+01 -4.912997838e+01 +3.6234e+00 +2.3817e+00 +3.2677e+00 +7.7704e-02 +9.3749e-01
22320 0 +1.903204704e-05 -4.912998097e+01 -4.912998097e+01 +3.6274e+00 +2.3817e+00 +3.2677e+00 +7.7704e-02 +9.3749e-01
22332 0 +1.701292604e-05 -4.912998299e+01 -4.912998299e+01 +3.6313e+00 +2.3895e+00 +3.2677e+00 +7.7704e-02 +9.3749e-01
22350 0 +1.555145328e-05 -4.912998445e+01 -4.912998445e+01 +3.6352e+00 +2.3934e+00 +3.2717e+00 +7.7704e-02 +9.3749e-01
22355 0 +1.410026087e-05 -4.912998590e+01 -4.912998590e+01 +3.6352e+00 +2.3974e+00 +3.2717e+00 +7.3795e-02 +9.3749e-01
22358 0 +1.256416998e-05 -4.912998744e+01 -4.912998744e+01 +3.6352e+00 +2.3974e+00 +3.2717e+00 +7.3795e-02 +9.4140e-01
22360 0 +9.992851766e-06 -4.912999001e+01 -4.912999001e+01 +3.6391e+00 +2.3974e+00 +3.2717e+00 +7.3795e-02 +9.4140e-01
22372 0 +8.834798884e-06 -4.912999117e+01 -4.912999117e+01 +3.6430e+00 +2.4052e+00 +3.2717e+00 +7.3795e-02 +9.4140e-01
22392 0 +7.749958186e-06 -4.912999225e+01 -4.912999225e+01 +3.6469e+00 +2.4130e+00 +3.2756e+00 +7.3795e-02 +9.4140e-01
22400 0 +6.773932846e-06 -4.912999323e+01 -4.912999323e+01 +3.6508e+00 +2.4130e+00 +3.2756e+00 +6.9886e-02 +9.4531e-01
22452 0 +6.300625415e-06 -4.912999370e+01 -4.912999370e+01 +3.6586e+00 +2.4364e+00 +3.2795e+00 +6.2069e-02 +9.4531e-01
22482 0 +5.476288642e-06 -4.912999452e+01 -4.912999452e+01 +3.6664e+00 +2.4482e+00 +3.2834e+00 +6.2069e-02 +9.4531e-01
22492 0 +4.869585084e-06 -4.912999513e+01 -4.912999513e+01 +3.6664e+00 +2.4521e+00 +3.2834e+00 +5.8160e-02 +9.4531e-01
22512 0 +4.035726157e-06 -4.912999596e+01 -4.912999596e+01 +3.6703e+00 +2.4599e+00 +3.2834e+00 +5.4251e-02 +9.4531e-01
22515 0 +3.831941996e-06 -4.912999617e+01 -4.912999617e+01 +3.6703e+00 +2.4599e+00 +3.2834e+00 +5.0342e-02 +9.4531e-01
22522 0 +3.443990977e-06 -4.912999656e+01 -4.912999656e+01 +3.6703e+00 +2.4638e+00 +3.2834e+00 +5.0342e-02 +9.4531e-01
22542 0 +3.098063402e-06 -4.912999690e+01 -4.912999690e+01 +3.6703e+00 +2.4716e+00 +3.2834e+00 +4.6433e-02 +9.4531e-01
22552 0 +2.678325615e-06 -4.912999732e+01 -4.912999732e+01 +3.6743e+00 +2.4755e+00 +3.2834e+00 +4.6433e-02 +9.4531e-01
22565 0 +2.441442462e-06 -4.912999756e+01 -4.912999756e+01 +3.6743e+00 +2.4794e+00 +3.2873e+00 +4.6433e-02 +9.4531e-01
22572 0 +2.118799685e-06 -4.912999788e+01 -4.912999788e+01 +3.6782e+00 +2.4833e+00 +3.2873e+00 +4.6433e-02 +9.4531e-01
22590 0 +1.906009928e-06 -4.912999809e+01 -4.912999809e+01 +3.6821e+00 +2.4873e+00 +3.2912e+00 +4.6433e-02 +9.4531e-01
22602 0 +1.740123821e-06 -4.912999826e+01 -4.912999826e+01 +3.6821e+00 +2.4951e+00 +3.2912e+00 +4.2525e-02 +9.4531e-01
22650 0 +1.545727571e-06 -4.912999845e+01 -4.912999845e+01 +3.6879e+00 +2.5029e+00 +3.2951e+00 +4.2525e-02 +9.4726e-01
22672 0 +1.407771968e-06 -4.912999859e+01 -4.912999859e+01 +3.6918e+00 +2.5088e+00 +3.2951e+00 +4.0570e-02 +9.4726e-01
22702 0 +1.236712258e-06 -4.912999876e+01 -4.912999876e+01 +3.6938e+00 +2.5146e+00 +3.2990e+00 +4.0570e-02 +9.4726e-01
22722 0 +1.119310490e-06 -4.912999888e+01 -4.912999888e+01 +3.6958e+00 +2.5185e+00 +3.3010e+00 +4.0570e-02 +9.4726e-01
22738 0 +9.311680031e-07 -4.912999907e+01 -4.912999907e+01 +3.6977e+00 +2.5205e+00 +3.3010e+00 +3.8616e-02 +9.4922e-01
22740 0 +7.744743655e-07 -4.912999923e+01 -4.912999923e+01 +3.6997e+00 +2.5205e+00 +3.3010e+00 +3.8616e-02 +9.4922e-01
22752 0 +6.985069945e-07 -4.912999930e+01 -4.912999930e+01 +3.7016e+00 +2.5244e+00 +3.3010e+00 +3.8616e-02 +9.4922e-01
22772 0 +6.225135749e-07 -4.912999938e+01 -4.912999938e+01 +3.7036e+00 +2.5283e+00 +3.3029e+00 +3.8616e-02 +9.4922e-01
22780 0 +5.118466859e-07 -4.912999949e+01 -4.912999949e+01 +3.7055e+00 +2.5283e+00 +3.3029e+00 +3.6661e-02 +9.5117e-01
22785 0 +4.976572185e-07 -4.912999950e+01 -4.912999950e+01 +3.7055e+00 +2.5303e+00 +3.3029e+00 +3.4707e-02 +9.5117e-01
22802 0 +4.329270453e-07 -4.912999957e+01 -4.912999957e+01 +3.7075e+00 +2.5342e+00 +3.3029e+00 +3.2753e-02 +9.5117e-01
22822 0 +3.846641832e-07 -4.912999962e+01 -4.912999962e+01 +3.7094e+00 +2.5381e+00 +3.3029e+00 +3.0798e-02 +9.5117e-01
22842 0 +3.531590309e-07 -4.912999965e+01 -4.912999965e+01 +3.7094e+00 +2.5420e+00 +3.3029e+00 +2.8844e-02 +9.5117e-01
22862 0 +3.136899522e-07 -4.912999969e+01 -4.912999969e+01 +3.7114e+00 +2.5459e+00 +3.3049e+00 +2.8844e-02 +9.5117e-01
22882 0 +2.780399058e-07 -4.912999972e+01 -4.912999972e+01 +3.7133e+00 +2.5498e+00 +3.3068e+00 +2.8844e-02 +9.5117e-01
22895 0 +2.465798516e-07 -4.912999975e+01 -4.912999975e+01 +3.7153e+00 +2.5517e+00 +3.3068e+00 +2.6889e-02 +9.5117e-01
22922 0 +2.209433774e-07 -4.912999978e+01 -4.912999978e+01 +3.7153e+00 +2.5576e+00 +3.3068e+00 +2.4935e-02 +9.5117e-01
22942 0 +1.902075013e-07 -4.912999981e+01 -4.912999981e+01 +3.7192e+00 +2.5615e+00 +3.3088e+00 +2.4935e-02 +9.5117e-01
22950 0 +1.493170743e-07 -4.912999985e+01 -4.912999985e+01 +3.7212e+00 +2.5615e+00 +3.3088e+00 +2.2981e-02 +9.5313e-01
22962 0 +1.321434411e-07 -4.912999987e+01 -4.912999987e+01 +3.7231e+00 +2.5654e+00 +3.3088e+00 +2.2981e-02 +9.5313e-01
22972 0 +1.239520486e-07 -4.912999988e+01 -4.912999988e+01 +3.7231e+00 +2.5674e+00 +3.3107e+00 +2.2981e-02 +9.5313e-01
22982 0 +1.089368666e-07 -4.912999989e+01 -4.912999989e+01 +3.7251e+00 +2.5693e+00 +3.3107e+00 +2.2981e-02 +9.5313e-01
22992 0 +8.978737753e-08 -4.912999991e+01 -4.912999991e+01 +3.7251e+00 +2.5713e+00 +3.3107e+00 +2.1026e-02 +9.5313e-01
23002 0 +8.611718982e-08 -4.912999991e+01 -4.912999991e+01 +3.7251e+00 +2.5732e+00 +3.3107e+00 +2.1026e-02 +9.5313e-01
23020 0 +7.292998561e-08 -4.912999993e+01 -4.912999993e+01 +3.7270e+00 +2.5752e+00 +3.3107e+00 +1.9072e-02 +9.5313e-01
23022 0 +6.824540577e-08 -4.912999993e+01 -4.912999993e+01 +3.7270e+00 +2.5772e+00 +3.3107e+00 +1.9072e-02 +9.5313e-01
23032 0 +5.910469980e-08 -4.912999994e+01 -4.912999994e+01 +3.7290e+00 +2.5791e+00 +3.3127e+00 +1.9072e-02 +9.5313e-01
23042 0 +5.299077799e-08 -4.912999995e+01 -4.912999995e+01 +3.7290e+00 +2.5811e+00 +3.3127e+00 +1.7118e-02 +9.5313e-01
23080 0 +4.985665925e-08 -4.912999995e+01 -4.912999995e+01 +3.7300e+00 +2.5840e+00 +3.3127e+00 +1.6140e-02 +9.5313e-01
23100 0 +4.424062183e-08 -4.912999996e+01 -4.912999996e+01 +3.7319e+00 +2.5860e+00 +3.3127e+00 +1.4186e-02 +9.5410e-01
23132 0 +3.929392989e-08 -4.912999996e+01 -4.912999996e+01 +3.7329e+00 +2.5899e+00 +3.3137e+00 +1.4186e-02 +9.5410e-01
23145 0 +3.477261856e-08 -4.912999997e+01 -4.912999997e+01 +3.7339e+00 +2.5908e+00 +3.3137e+00 +1.2232e-02 +9.5410e-01
23148 0 +3.139800953e-08 -4.912999997e+01 -4.912999997e+01 +3.7339e+00 +2.5908e+00 +3.3137e+00 +1.2232e-02 +9.5508e-01
23150 0 +2.252766507e-08 -4.912999998e+01 -4.912999998e+01 +3.7348e+00 +2.5908e+00 +3.3137e+00 +1.2232e-02 +9.5508e-01
23152 0 +2.166029844e-08 -4.912999998e+01 -4.912999998e+01 +3.7348e+00 +2.5918e+00 +3.3137e+00 +1.2232e-02 +9.5508e-01
23162 0 +1.928204085e-08 -4.912999998e+01 -4.912999998e+01 +3.7358e+00 +2.5928e+00 +3.3137e+00 +1.2232e-02 +9.5508e-01
23180 0 +1.689112139e-08 -4.912999998e+01 -4.912999998e+01 +3.7368e+00 +2.5938e+00 +3.3147e+00 +1.2232e-02 +9.5508e-01
23185 0 +1.497359392e-08 -4.912999999e+01 -4.912999999e+01 +3.7368e+00 +2.5947e+00 +3.3147e+00 +1.1254e-02 +9.5508e-01
23202 0 +1.381031467e-08 -4.912999999e+01 -4.912999999e+01 +3.7368e+00 +2.5967e+00 +3.3147e+00 +1.0277e-02 +9.5508e-01
23230 0 +1.243064673e-08 -4.912999999e+01 -4.912999999e+01 +3.7388e+00 +2.5987e+00 +3.3156e+00 +1.0277e-02 +9.5508e-01
23250 0 +1.106351988e-08 -4.912999999e+01 -4.912999999e+01 +3.7407e+00 +2.6006e+00 +3.3156e+00 +9.2999e-03 +9.5606e-01
23270 0 +9.834614900e-09 -4.912999999e+01 -4.912999999e+01 +3.7417e+00 +2.6026e+00 +3.3166e+00 +9.2999e-03 +9.5606e-01
24482 0 +9.805489753e-13 -4.913000000e+01 -4.913000000e+01 +3.7582e+00 +2.6352e+00 +3.3223e+00 -3.5868e-03 +9.5930e-01
50000 0 +5.897504707e-13 -4.913000000e+01 -4.913000000e+01 +3.7585e+00 +2.6359e+00 +3.3224e+00 -3.8922e-03 +9.5930e-01
% f evaluations | g evaluations | best noise-free fitness - Fopt (2.977300000000e+02) + sum g_i+ | measured fitness | best measured fitness or single-digit g-values | x1 | x2...
1 0 +4.678244042e+01 +3.445124404e+02 +3.445124404e+02 +0.0000e+00 +0.0000e+00 +0.0000e+00 +0.0000e+00 +0.0000e+00
2 0 +3.810047077e+01 +3.358304708e+02 +3.358304708e+02 -2.9289e+00 +0.0000e+00 +0.0000e+00 +0.0000e+00 +0.0000e+00
8 0 +2.417411411e+01 +3.219041141e+02 +3.219041141e+02 +0.0000e+00 -2.9289e+00 +0.0000e+00 +0.0000e+00 +0.0000e+00
98 0 +1.602608431e+01 +3.137560843e+02 +3.137560843e+02 +0.0000e+00 -1.1156e+00 +7.3316e-01 +0.0000e+00 +0.0000e+00
162 0 +1.147180207e+01 +3.092018021e+02 +3.092018021e+02 +0.0000e+00 -1.0006e+00 +1.4269e+00 +0.0000e+00 +1.0006e+00
165 0 +9.214150699e+00 +3.069441507e+02 +3.069441507e+02 +0.0000e+00 -2.0013e+00 +1.4269e+00 +0.0000e+00 +1.0006e+00
179 0 +8.909919925e+00 +3.066399199e+02 +3.066399199e+02 -1.0006e+00 -2.0013e+00 +1.4269e+00 -1.0006e+00 +1.0006e+00
200 0 +7.935523088e+00 +3.056655231e+02 +3.056655231e+02 -5.0032e-01 -2.0013e+00 +9.2656e-01 -5.0032e-01 +1.0006e+00
50000 0 +7.271629194e+00 +3.050016292e+02 +3.050016292e+02 -3.8028e-01 -1.9283e+00 +1.1295e+00 -5.0632e-01 +6.5513e-01
% f evaluations | g evaluations | best noise-free fitness - Fopt (5.157000000000e+01) + sum g_i+ | measured fitness | best measured fitness or single-digit g-values | x1 | x2...
1 0 +7.372267219e+01 +1.252926722e+02 +1.252926722e+02 +0.0000e+00 +0.0000e+00 +0.0000e+00 +0.0000e+00 +0.0000e+00
2 0 +6.807945872e+01 +1.196494587e+02 +1.196494587e+02 -2.9289e+00 +0.0000e+00 +0.0000e+00 +0.0000e+00 +0.0000e+00
7 0 +6.267956133e+01 +1.142495613e+02 +1.142495613e+02 +1.3081e+00 -1.6209e+00 -1.6209e+00 -1.6209e+00 -1.6209e+00
10 0 +4.927057612e+01 +1.008405761e+02 +1.008405761e+02 -1.6209e+00 -4.5498e+00 -1.6209e+00 -1.6209e+00 -1.6209e+00
31 0 +3.692351446e+01 +8.849351446e+01 +8.849351446e+01 -1.6209e+00 -1.6209e+00 -1.6209e+00 -1.6209e+00 +1.3081e+00
1159 0 +2.690323896e+01 +7.847323896e+01 +7.847323896e+01 +1.3831e+00 -2.0013e+00 +3.8106e+00 +2.0013e+00 -2.0013e+00
1162 0 +2.101863694e+01 +7.258863694e+01 +7.258863694e+01 +1.3831e+00 -2.0013e+00 +3.8106e+00 +2.0013e+00 -3.0019e+00
1179 0 +1.877658696e+01 +7.034658696e+01 +7.034658696e+01 +1.8834e+00 -2.0013e+00 +4.3109e+00 +2.0013e+00 -3.0019e+00
2249 0 +1.361930380e+01 +6.518930380e+01 +6.518930380e+01 -2.6195e+00 -2.0013e+00 -1.0006e+00 -2.0013e+00 +8.0865e-01
2251 0 +5.872053964e+00 +5.744205396e+01 +5.744205396e+01 -2.6195e+00 -2.0013e+00 -1.0006e+00 -3.0019e+00 +8.0865e-01
2254 0 +4.451665987e+00 +5.602166599e+01 +5.602166599e+01 -2.6195e+00 -2.0013e+00 -1.0006e+00 -3.0019e+00 +1.8093e+00
2257 0 +2.308050105e+00 +5.387805011e+01 +5.387805011e+01 -2.6195e+00 -3.0019e+00 -1.0006e+00 -3.0019e+00 +1.8093e+00
2263 0 +2.022244087e+00 +5.359224409e+01 +5.359224409e+01 -2.6195e+00 -3.0019e+00 -1.0006e+00 -3.0019e+00 +8.0865e-01
2280 0 +1.199511964e+00 +5.276951196e+01 +5.276951196e+01 -2.6195e+00 -3.0019e+00 -5.0032e-01 -3.0019e+00 +8.0865e-01
2298 0 +1.119293239e+00 +5.268929324e+01 +5.268929324e+01 -2.6195e+00 -2.7518e+00 -5.0032e-01 -3.0019e+00 +8.0865e-01
2301 0 +8.052048724e-01 +5.237520487e+01 +5.237520487e+01 -2.6195e+00 -2.7518e+00 -5.0032e-01 -3.2521e+00 +8.0865e-01
2304 0 +7.873303738e-01 +5.235733037e+01 +5.235733037e+01 -2.6195e+00 -2.7518e+00 -5.0032e-01 -3.2521e+00 +1.0588e+00
2341 0 +7.049129609e-01 +5.227491296e+01 +5.227491296e+01 -2.4945e+00 -2.7518e+00 -3.7524e-01 -3.3772e+00 +9.3373e-01
50000 0 +6.918569112e-01 +5.226185691e+01 +5.226185691e+01 -2.4572e+00 -2.7135e+00 -3.8890e-01 -3.3391e+00 +9.3761e-01
% f evaluations | g evaluations | best noise-free fitness - Fopt (8.200000000000e+00) + sum g_i+ | measured fitness | best measured fitness or single-digit g-values | x1 | x2...
1 0 +6.753337247e+01 +7.573337247e+01 +7.573337247e+01 +0.0000e+00 +0.0000e+00 +0.0000e+00 +0.0000e+00 +0.0000e+00
3 0 +5.622638392e+01 +6.442638392e+01 +6.442638392e+01 -1.3081e+00 +1.6209e+00 +1.6209e+00 +1.6209e+00 +1.6209e+00
16 0 +3.903924379e+01 +4.723924379e+01 +4.723924379e+01 -1.6209e+00 -1.6209e+00 -4.5498e+00 -1.6209e+00 -1.6209e+00
84 0 +1.828093897e+01 +2.648093897e+01 +2.648093897e+01 +8.5167e-01 +8.5167e-01 +8.5167e-01 +2.3907e+00 +4.5845e-02
202 0 +1.673175003e+01 +2.493175003e+01 +2.493175003e+01 -1.0006e+00 +1.0006e+00 +0.0000e+00 +1.0006e+00 +2.9279e+00
207 0 +1.452593386e+01 +2.272593386e+01 +2.272593386e+01 -1.0006e+00 +1.0006e+00 -5.0032e-01 +1.0006e+00 +2.9279e+00
217 0 +1.233516162e+01 +2.053516162e+01 +2.053516162e+01 -1.0006e+00 +1.0006e+00 -1.0006e+00 +1.0006e+00 +3.4282e+00
227 0 +1.102604263e+01 +1.922604263e+01 +1.922604263e+01 -1.0006e+00 +5.0032e-01 -1.5010e+00 +1.0006e+00 +3.4282e+00
245 0 +9.979981758e+00 +1.817998176e+01 +1.817998176e+01 -1.0006e+00 +0.0000e+00 -2.0013e+00 +1.0006e+00 +3.9285e+00
474 0 +8.911279305e+00 +1.711127930e+01 +1.711127930e+01 -7.1922e-01 +4.5342e-01 -1.7980e+00 +1.4072e+00 +3.8660e+00
36661 0 +2.071367758e+00 +1.027136776e+01 +1.027136776e+01 +3.1169e+00 -1.1927e+00 +1.0006e+00 +0.0000e+00 +1.7338e+00
36676 0 +5.489292976e-01 +8.748929298e+00 +8.748929298e+00 +3.1169e+00 -1.6930e+00 +1.0006e+00 +0.0000e+00 +1.7338e+00
36697 0 +2.818854955e-01 +8.481885495e+00 +8.481885495e+00 +3.1169e+00 -1.4428e+00 +1.0006e+00 +0.0000e+00 +1.7338e+00
36716 0 +2.513025615e-01 +8.451302562e+00 +8.451302562e+00 +3.1169e+00 -1.5679e+00 +1.0006e+00 +0.0000e+00 +1.7338e+00
36718 0 +2.395872120e-01 +8.439587212e+00 +8.439587212e+00 +3.1169e+00 -1.5679e+00 +8.7557e-01 +0.0000e+00 +1.7338e+00
36731 0 +1.861177403e-01 +8.386117740e+00 +8.386117740e+00 +3.2419e+00 -1.5679e+00 +8.7557e-01 +1.2508e-01 +1.7338e+00
36772 0 +1.656913295e-01 +8.365691329e+00 +8.365691329e+00 +3.2419e+00 -1.5679e+00 +8.7557e-01 +9.3811e-02 +1.7025e+00
36782 0 +1.490321677e-01 +8.349032168e+00 +8.349032168e+00 +3.2732e+00 -1.5992e+00 +8.7557e-01 +9.3811e-02 +1.6713e+00
36792 0 +1.374610447e-01 +8.337461045e+00 +8.337461045e+00 +3.2732e+00 -1.5992e+00 +9.0684e-01 +9.3811e-02 +1.6400e+00
36812 0 +1.235916436e-01 +8.323591644e+00 +8.323591644e+00 +3.2732e+00 -1.5992e+00 +9.6938e-01 +6.2541e-02 +1.5775e+00
36832 0 +1.093951856e-01 +8.309395186e+00 +8.309395186e+00 +3.2732e+00 -1.6617e+00 +9.6938e-01 +6.2541e-02 +1.5149e+00
36842 0 +9.807885465e-02 +8.298078855e+00 +8.298078855e+00 +3.2732e+00 -1.6617e+00 +1.0006e+00 +6.2541e-02 +1.4836e+00
36852 0 +8.495037370e-02 +8.284950374e+00 +8.284950374e+00 +3.3045e+00 -1.6617e+00 +1.0319e+00 +6.2541e-02 +1.4524e+00
36862 0 +7.273274459e-02 +8.272732745e+00 +8.272732745e+00 +3.3045e+00 -1.6617e+00 +1.0632e+00 +6.2541e-02 +1.4211e+00
36872 0 +6.228012939e-02 +8.262280129e+00 +8.262280129e+00 +3.3045e+00 -1.6617e+00 +1.0945e+00 +6.2541e-02 +1.3898e+00
36892 0 +5.447366505e-02 +8.254473665e+00 +8.254473665e+00 +3.2732e+00 -1.6930e+00 +1.1257e+00 +3.1270e-02 +1.3273e+00
36899 0 +4.987183688e-02 +8.249871837e+00 +8.249871837e+00 +3.3045e+00 -1.6930e+00 +1.1570e+00 +3.1270e-02 +1.3273e+00
36909 0 +4.406015473e-02 +8.244060155e+00 +8.244060155e+00 +3.3045e+00 -1.6930e+00 +1.1883e+00 +3.1270e-02 +1.2960e+00
36919 0 +3.871999845e-02 +8.238719998e+00 +8.238719998e+00 +3.3045e+00 -1.6930e+00 +1.2195e+00 +3.1270e-02 +1.2648e+00
36922 0 +3.546946798e-02 +8.235469468e+00 +8.235469468e+00 +3.3045e+00 -1.6930e+00 +1.2195e+00 +3.1270e-02 +1.2335e+00
36949 0 +2.660071555e-02 +8.226600716e+00 +8.226600716e+00 +3.3045e+00 -1.7242e+00 +1.2821e+00 -1.3878e-17 +1.1709e+00
36959 0 +2.192261189e-02 +8.221922612e+00 +8.221922612e+00 +3.3045e+00 -1.7242e+00 +1.3134e+00 -1.3878e-17 +1.1397e+00
36969 0 +1.846140186e-02 +8.218461402e+00 +8.218461402e+00 +3.3045e+00 -1.7242e+00 +1.3446e+00 -1.3878e-17 +1.1084e+00
36979 0 +1.623263396e-02 +8.216232634e+00 +8.216232634e+00 +3.3045e+00 -1.7242e+00 +1.3759e+00 -1.3878e-17 +1.0771e+00
36990 0 +1.527779259e-02 +8.215277793e+00 +8.215277793e+00 +3.2732e+00 -1.7242e+00 +1.4072e+00 -6.2541e-02 +1.0771e+00
36999 0 +1.406178374e-02 +8.214061784e+00 +8.214061784e+00 +3.2732e+00 -1.7242e+00 +1.4384e+00 -6.2541e-02 +1.0459e+00
37012 0 +1.253096278e-02 +8.212530963e+00 +8.212530963e+00 +3.2732e+00 -1.7242e+00 +1.4697e+00 -6.2541e-02 +9.8332e-01
37019 0 +1.067399689e-02 +8.210673997e+00 +8.210673997e+00 +3.2732e+00 -1.7242e+00 +1.5010e+00 -6.2541e-02 +9.8332e-01
37029 0 +8.298012325e-03 +8.208298012e+00 +8.208298012e+00 +3.2732e+00 -1.7242e+00 +1.5322e+00 -6.2541e-02 +9.5205e-01
37034 0 +7.790244065e-03 +8.207790244e+00 +8.207790244e+00 +3.2419e+00 -1.7242e+00 +1.5322e+00 -9.3811e-02 +9.5205e-01
37062 0 +7.012454546e-03 +8.207012455e+00 +8.207012455e+00 +3.2576e+00 -1.7242e+00 +1.5479e+00 -1.0945e-01 +9.3641e-01
37069 0 +5.746222424e-03 +8.205746222e+00 +8.205746222e+00 +3.2419e+00 -1.7242e+00 +1.5635e+00 -1.0945e-01 +9.3641e-01
37077 0 +5.546221662e-03 +8.205546222e+00 +8.205546222e+00 +3.2419e+00 -1.7086e+00 +1.5635e+00 -1.0945e-01 +9.3641e-01
37079 0 +4.720326891e-03 +8.204720327e+00 +8.204720327e+00 +3.2419e+00 -1.7086e+00 +1.5791e+00 -1.0945e-01 +9.3641e-01
37089 0 +4.184665395e-03 +8.204184665e+00 +8.204184665e+00 +3.2419e+00 -1.7086e+00 +1.5948e+00 -1.0945e-01 +9.2078e-01
37099 0 +3.869863841e-03 +8.203869864e+00 +8.203869864e+00 +3.2419e+00 -1.7086e+00 +1.6104e+00 -1.0945e-01 +9.0514e-01
37139 0 +3.471468417e-03 +8.203471468e+00 +8.203471468e+00 +3.2576e+00 -1.7086e+00 +1.6730e+00 -1.0945e-01 +8.4260e-01
37159 0 +2.823291837e-03 +8.202823292e+00 +8.202823292e+00 +3.2263e+00 -1.7086e+00 +1.7042e+00 -1.4072e-01 +8.2697e-01
37160 0 +2.809835466e-03 +8.202809835e+00 +8.202809835e+00 +3.2263e+00 -1.7086e+00 +1.7042e+00 -1.5635e-01 +8.2697e-01
37170 0 +2.429323173e-03 +8.202429323e+00 +8.202429323e+00 +3.2107e+00 -1.7086e+00 +1.7199e+00 -1.7199e-01 +8.2697e-01
37199 0 +2.040953195e-03 +8.202040953e+00 +8.202040953e+00 +3.2029e+00 -1.7008e+00 +1.7277e+00 -1.7199e-01 +8.2697e-01
37202 0 +1.987168904e-03 +8.201987169e+00 +8.201987169e+00 +3.2029e+00 -1.7008e+00 +1.7277e+00 -1.7199e-01 +8.1915e-01
37212 0 +1.750092897e-03 +8.201750093e+00 +8.201750093e+00 +3.2029e+00 -1.7008e+00 +1.7355e+00 -1.7199e-01 +8.1133e-01
37222 0 +1.545396558e-03 +8.201545397e+00 +8.201545397e+00 +3.2029e+00 -1.7008e+00 +1.7433e+00 -1.7199e-01 +8.0352e-01
37230 0 +1.410501745e-03 +8.201410502e+00 +8.201410502e+00 +3.2029e+00 -1.7008e+00 +1.7511e+00 -1.7980e-01 +8.0352e-01
37239 0 +1.218913091e-03 +8.201218913e+00 +8.201218913e+00 +3.1950e+00 -1.6930e+00 +1.7590e+00 -1.7980e-01 +8.0352e-01
37259 0 +1.062469218e-03 +8.201062469e+00 +8.201062469e+00 +3.1950e+00 -1.6930e+00 +1.7746e+00 -1.8762e-01 +7.9570e-01
37269 0 +9.975331065e-04 +8.200997533e+00 +8.200997533e+00 +3.1950e+00 -1.6930e+00 +1.7824e+00 -1.8762e-01 +7.8788e-01
37310 0 +8.910198603e-04 +8.200891020e+00 +8.200891020e+00 +3.1794e+00 -1.6930e+00 +1.8137e+00 -2.1107e-01 +7.6443e-01
37349 0 +7.540061015e-04 +8.200754006e+00 +8.200754006e+00 +3.1716e+00 -1.6930e+00 +1.8449e+00 -2.1889e-01 +7.4098e-01
37359 0 +6.916021017e-04 +8.200691602e+00 +8.200691602e+00 +3.1716e+00 -1.6930e+00 +1.8528e+00 -2.1889e-01 +7.3316e-01
37370 0 +6.291208890e-04 +8.200629121e+00 +8.200629121e+00 +3.1638e+00 -1.6930e+00 +1.8606e+00 -2.3453e-01 +7.3316e-01
37379 0 +5.539715916e-04 +8.200553972e+00 +8.200553972e+00 +3.1638e+00 -1.6930e+00 +1.8684e+00 -2.3453e-01 +7.2534e-01
37389 0 +4.847495009e-04 +8.200484750e+00 +8.200484750e+00 +3.1638e+00 -1.6930e+00 +1.8762e+00 -2.3453e-01 +7.1752e-01
37399 0 +4.252245049e-04 +8.200425225e+00 +8.200425225e+00 +3.1638e+00 -1.6930e+00 +1.8840e+00 -2.3453e-01 +7.0970e-01
37409 0 +3.941890207e-04 +8.200394189e+00 +8.200394189e+00 +3.1560e+00 -1.6930e+00 +1.8919e+00 -2.4234e-01 +7.0970e-01
37419 0 +3.355300324e-04 +8.200335530e+00 +8.200335530e+00 +3.1560e+00 -1.6930e+00 +1.8997e+00 -2.5016e-01 +7.0189e-01
37429 0 +3.024033301e-04 +8.200302403e+00 +8.200302403e+00 +3.1560e+00 -1.6930e+00 +1.9075e+00 -2.5016e-01 +6.9407e-01
37439 0 +2.777986760e-04 +8.200277799e+00 +8.200277799e+00 +3.1560e+00 -1.6930e+00 +1.9153e+00 -2.5016e-01 +6.8625e-01
37459 0 +2.488400797e-04 +8.200248840e+00 +8.200248840e+00 +3.1481e+00 -1.6930e+00 +1.9309e+00 -2.5798e-01 +6.7843e-01
37469 0 +2.233210020e-04 +8.200223321e+00 +8.200223321e+00 +3.1403e+00 -1.6930e+00 +1.9388e+00 -2.6580e-01 +6.7062e-01
37509 0 +1.914100528e-04 +8.200191410e+00 +8.200191410e+00 +3.1286e+00 -1.6891e+00 +1.9505e+00 -2.8143e-01 +6.7062e-01
37529 0 +1.765770487e-04 +8.200176577e+00 +8.200176577e+00 +3.1286e+00 -1.6852e+00 +1.9583e+00 -2.8143e-01 +6.7062e-01
37549 0 +1.557825584e-04 +8.200155783e+00 +8.200155783e+00 +3.1208e+00 -1.6852e+00 +1.9661e+00 -2.8925e-01 +6.6671e-01
37569 0 +1.346520857e-04 +8.200134652e+00 +8.200134652e+00 +3.1208e+00 -1.6852e+00 +1.9739e+00 -2.9316e-01 +6.5889e-01
37584 0 +1.248159916e-04 +8.200124816e+00 +8.200124816e+00 +3.1169e+00 -1.6852e+00 +1.9778e+00 -2.9707e-01 +6.5498e-01
37599 0 +1.118633065e-04 +8.200111863e+00 +8.200111863e+00 +3.1130e+00 -1.6852e+00 +1.9857e+00 -3.0098e-01 +6.5107e-01
37629 0 +9.675874190e-05 +8.200096759e+00 +8.200096759e+00 +3.1051e+00 -1.6852e+00 +1.9974e+00 -3.1270e-01 +6.4716e-01
37649 0 +8.692959925e-05 +8.200086930e+00 +8.200086930e+00 +3.0973e+00 -1.6852e+00 +2.0052e+00 -3.2052e-01 +6.4326e-01
37669 0 +7.787871313e-05 +8.200077879e+00 +8.200077879e+00 +3.0934e+00 -1.6852e+00 +2.0130e+00 -3.2834e-01 +6.3935e-01
37689 0 +6.744302857e-05 +8.200067443e+00 +8.200067443e+00 +3.0934e+00 -1.6852e+00 +2.0208e+00 -3.2834e-01 +6.3153e-01
37699 0 +6.220187182e-05 +8.200062202e+00 +8.200062202e+00 +3.0934e+00 -1.6852e+00 +2.0248e+00 -3.2834e-01 +6.2762e-01
37719 0 +5.188929554e-05 +8.200051889e+00 +8.200051889e+00 +3.0895e+00 -1.6852e+00 +2.0326e+00 -3.3616e-01 +6.2371e-01
37729 0 +4.687993971e-05 +8.200046880e+00 +8.200046880e+00 +3.0895e+00 -1.6852e+00 +2.0365e+00 -3.3616e-01 +6.1980e-01
37739 0 +4.246233170e-05 +8.200042462e+00 +8.200042462e+00 +3.0895e+00 -1.6852e+00 +2.0404e+00 -3.3616e-01 +6.1589e-01
37749 0 +3.870610387e-05 +8.200038706e+00 +8.200038706e+00 +3.0895e+00 -1.6852e+00 +2.0443e+00 -3.3616e-01 +6.1199e-01
37760 0 +3.536007165e-05 +8.200035360e+00 +8.200035360e+00 +3.0856e+00 -1.6852e+00 +2.0482e+00 -3.4397e-01 +6.1199e-01
37779 0 +3.050239874e-05 +8.200030502e+00 +8.200030502e+00 +3.0856e+00 -1.6852e+00 +2.0560e+00 -3.4397e-01 +6.0417e-01
37799 0 +2.816068080e-05 +8.200028161e+00 +8.200028161e+00 +3.0817e+00 -1.6852e+00 +2.0638e+00 -3.4788e-01 +6.0026e-01
37832 0 +2.503833679e-05 +8.200025038e+00 +8.200025038e+00 +3.0700e+00 -1.6852e+00 +2.0756e+00 -3.6352e-01 +5.9244e-01
37859 0 +2.055407144e-05 +8.200020554e+00 +8.200020554e+00 +3.0621e+00 -1.6852e+00 +2.0873e+00 -3.7133e-01 +5.8853e-01
37869 0 +1.924199658e-05 +8.200019242e+00 +8.200019242e+00 +3.0582e+00 -1.6852e+00 +2.0912e+00 -3.7524e-01 +5.8853e-01
37900 0 +1.741875236e-05 +8.200017419e+00 +8.200017419e+00 +3.0563e+00 -1.6852e+00 +2.0932e+00 -3.8111e-01 +5.8853e-01
37910 0 +1.566468263e-05 +8.200015665e+00 +8.200015665e+00 +3.0543e+00 -1.6852e+00 +2.0951e+00 -3.8306e-01 +5.8658e-01
37922 0 +1.403693966e-05 +8.200014037e+00 +8.200014037e+00 +3.0524e+00 -1.6871e+00 +2.0971e+00 -3.8502e-01 +5.8267e-01
37939 0 +1.257773960e-05 +8.200012578e+00 +8.200012578e+00 +3.0504e+00 -1.6871e+00 +2.1010e+00 -3.8697e-01 +5.8267e-01
37949 0 +1.106828269e-05 +8.200011068e+00 +8.200011068e+00 +3.0485e+00 -1.6871e+00 +2.1029e+00 -3.8892e-01 +5.8071e-01
37970 0 +9.668449604e-06 +8.200009668e+00 +8.200009668e+00 +3.0465e+00 -1.6891e+00 +2.1068e+00 -3.9479e-01 +5.7876e-01
37979 0 +8.831982703e-06 +8.200008832e+00 +8.200008832e+00 +3.0446e+00 -1.6891e+00 +2.1088e+00 -3.9479e-01 +5.7681e-01
37999 0 +7.760796500e-06 +8.200007761e+00 +8.200007761e+00 +3.0426e+00 -1.6910e+00 +2.1127e+00 -3.9870e-01 +5.7290e-01
38019 0 +7.058259998e-06 +8.200007058e+00 +8.200007058e+00 +3.0387e+00 -1.6910e+00 +2.1166e+00 -4.0260e-01 +5.7094e-01
38099 0 +6.304848306e-06 +8.200006305e+00 +8.200006305e+00 +3.0270e+00 -1.6930e+00 +2.1322e+00 -4.1824e-01 +5.6313e-01
38129 0 +5.551232309e-06 +8.200005551e+00 +8.200005551e+00 +3.0250e+00 -1.6930e+00 +2.1381e+00 -4.2215e-01 +5.5922e-01
38139 0 +4.953386508e-06 +8.200004953e+00 +8.200004953e+00 +3.0231e+00 -1.6930e+00 +2.1401e+00 -4.2410e-01 +5.5726e-01
38154 0 +4.440998767e-06 +8.200004441e+00 +8.200004441e+00 +3.0191e+00 -1.6930e+00 +2.1420e+00 -4.2801e-01 +5.5726e-01
38169 0 +3.714530482e-06 +8.200003715e+00 +8.200003715e+00 +3.0191e+00 -1.6930e+00 +2.1459e+00 -4.2997e-01 +5.5531e-01
38179 0 +3.470612597e-06 +8.200003471e+00 +8.200003471e+00 +3.0172e+00 -1.6930e+00 +2.1479e+00 -4.3192e-01 +5.5531e-01
38190 0 +3.100235055e-06 +8.200003100e+00 +8.200003100e+00 +3.0152e+00 -1.6949e+00 +2.1479e+00 -4.3583e-01 +5.5335e-01
38200 0 +2.772994423e-06 +8.200002773e+00 +8.200002773e+00 +3.0133e+00 -1.6949e+00 +2.1498e+00 -4.3778e-01 +5.5335e-01
38224 0 +2.441477498e-06 +8.200002441e+00 +8.200002441e+00 +3.0094e+00 -1.6949e+00 +2.1518e+00 -4.4169e-01 +5.5335e-01
38234 0 +2.229203062e-06 +8.200002229e+00 +8.200002229e+00 +3.0074e+00 -1.6949e+00 +2.1537e+00 -4.4365e-01 +5.5140e-01
38269 0 +1.919022363e-06 +8.200001919e+00 +8.200001919e+00 +3.0035e+00 -1.6969e+00 +2.1576e+00 -4.4951e-01 +5.5140e-01
38290 0 +1.765163766e-06 +8.200001765e+00 +8.200001765e+00 +2.9996e+00 -1.6988e+00 +2.1596e+00 -4.5537e-01 +5.4944e-01
38359 0 +1.583701527e-06 +8.200001584e+00 +8.200001584e+00 +2.9937e+00 -1.6998e+00 +2.1664e+00 -4.6124e-01 +5.4554e-01
38409 0 +1.404952181e-06 +8.200001405e+00 +8.200001405e+00 +2.9908e+00 -1.7008e+00 +2.1713e+00 -4.6612e-01 +5.4260e-01
38439 0 +1.244865349e-06 +8.200001245e+00 +8.200001245e+00 +2.9879e+00 -1.7008e+00 +2.1743e+00 -4.6905e-01 +5.4163e-01
38459 0 +1.105366797e-06 +8.200001105e+00 +8.200001105e+00 +2.9869e+00 -1.7018e+00 +2.1762e+00 -4.7101e-01 +5.3967e-01
38479 0 +9.730755473e-07 +8.200000973e+00 +8.200000973e+00 +2.9859e+00 -1.7018e+00 +2.1782e+00 -4.7296e-01 +5.3870e-01
38500 0 +8.607840876e-07 +8.200000861e+00 +8.200000861e+00 +2.9840e+00 -1.7027e+00 +2.1801e+00 -4.7589e-01 +5.3772e-01
38510 0 +7.813228127e-07 +8.200000781e+00 +8.200000781e+00 +2.9830e+00 -1.7027e+00 +2.1811e+00 -4.7687e-01 +5.3674e-01
38529 0 +6.917465107e-07 +8.200000692e+00 +8.200000692e+00 +2.9830e+00 -1.7027e+00 +2.1831e+00 -4.7687e-01 +5.3479e-01
38550 0 +6.204076346e-07 +8.200000620e+00 +8.200000620e+00 +2.9810e+00 -1.7027e+00 +2.1850e+00 -4.7980e-01 +5.3479e-01
38570 0 +5.532795946e-07 +8.200000553e+00 +8.200000553e+00 +2.9791e+00 -1.7027e+00 +2.1870e+00 -4.8176e-01 +5.3381e-01
38596 0 +5.005714705e-07 +8.200000501e+00 +8.200000501e+00 +2.9771e+00 -1.7037e+00 +2.1889e+00 -4.8371e-01 +5.3186e-01
38620 0 +4.448498743e-07 +8.200000445e+00 +8.200000445e+00 +2.9762e+00 -1.7047e+00 +2.1919e+00 -4.8664e-01 +5.2990e-01
38644 0 +3.978013829e-07 +8.200000398e+00 +8.200000398e+00 +2.9742e+00 -1.7047e+00 +2.1938e+00 -4.8860e-01 +5.2795e-01
38669 0 +3.395036856e-07 +8.200000340e+00 +8.200000340e+00 +2.9722e+00 -1.7047e+00 +2.1967e+00 -4.9055e-01 +5.2697e-01
38686 0 +3.155530273e-07 +8.200000316e+00 +8.200000316e+00 +2.9713e+00 -1.7057e+00 +2.1977e+00 -4.9251e-01 +5.2599e-01
38710 0 +2.771132817e-07 +8.200000277e+00 +8.200000277e+00 +2.9693e+00 -1.7057e+00 +2.1997e+00 -4.9544e-01 +5.2599e-01
38729 0 +2.493191200e-07 +8.200000249e+00 +8.200000249e+00 +2.9683e+00 -1.7057e+00 +2.2016e+00 -4.9642e-01 +5.2501e-01
38750 0 +2.234035446e-07 +8.200000223e+00 +8.200000223e+00 +2.9664e+00 -1.7067e+00 +2.2026e+00 -4.9935e-01 +5.2404e-01
38774 0 +1.979221427e-07 +8.200000198e+00 +8.200000198e+00 +2.9644e+00 -1.7067e+00 +2.2046e+00 -5.0130e-01 +5.2306e-01
38799 0 +1.753357708e-07 +8.200000175e+00 +8.200000175e+00 +2.9625e+00 -1.7067e+00 +2.2075e+00 -5.0326e-01 +5.2208e-01
38830 0 +1.577372384e-07 +8.200000158e+00 +8.200000158e+00 +2.9605e+00 -1.7067e+00 +2.2094e+00 -5.0716e-01 +5.2208e-01
38854 0 +1.406498207e-07 +8.200000141e+00 +8.200000141e+00 +2.9576e+00 -1.7076e+00 +2.2104e+00 -5.0912e-01 +5.2111e-01
38880 0 +1.249958874e-07 +8.200000125e+00 +8.200000125e+00 +2.9566e+00 -1.7076e+00 +2.2124e+00 -5.1205e-01 +5.2111e-01
38899 0 +1.106539038e-07 +8.200000111e+00 +8.200000111e+00 +2.9547e+00 -1.7086e+00 +2.2133e+00 -5.1303e-01 +5.2013e-01
38919 0 +9.230711306e-08 +8.200000092e+00 +8.200000092e+00 +2.9547e+00 -1.7096e+00 +2.2143e+00 -5.1401e-01 +5.1817e-01
38929 0 +8.539841367e-08 +8.200000085e+00 +8.200000085e+00 +2.9537e+00 -1.7096e+00 +2.2153e+00 -5.1498e-01 +5.1817e-01
38934 0 +7.928358059e-08 +8.200000079e+00 +8.200000079e+00 +2.9527e+00 -1.7096e+00 +2.2153e+00 -5.1596e-01 +5.1817e-01
38970 0 +7.075912833e-08 +8.200000071e+00 +8.200000071e+00 +2.9527e+00 -1.7096e+00 +2.2163e+00 -5.1694e-01 +5.1769e-01
38990 0 +6.234489192e-08 +8.200000062e+00 +8.200000062e+00 +2.9517e+00 -1.7101e+00 +2.2173e+00 -5.1791e-01 +5.1671e-01
39019 0 +5.565370920e-08 +8.200000056e+00 +8.200000056e+00 +2.9507e+00 -1.7101e+00 +2.2187e+00 -5.1889e-01 +5.1622e-01
39059 0 +4.952338983e-08 +8.200000050e+00 +8.200000050e+00 +2.9493e+00 -1.7101e+00 +2.2207e+00 -5.2085e-01 +5.1524e-01
39124 0 +4.462236447e-08 +8.200000045e+00 +8.200000045e+00 +2.9468e+00 -1.7111e+00 +2.2236e+00 -5.2427e-01 +5.1280e-01
39150 0 +3.950798444e-08 +8.200000040e+00 +8.200000040e+00 +2.9459e+00 -1.7111e+00 +2.2251e+00 -5.2573e-01 +5.1231e-01
39169 0 +3.510957569e-08 +8.200000035e+00 +8.200000035e+00 +2.9454e+00 -1.7111e+00 +2.2261e+00 -5.2622e-01 +5.1182e-01
39190 0 +2.990420356e-08 +8.200000030e+00 +8.200000030e+00 +2.9444e+00 -1.7115e+00 +2.2270e+00 -5.2769e-01 +5.1133e-01
39199 0 +2.747725780e-08 +8.200000027e+00 +8.200000027e+00 +2.9444e+00 -1.7115e+00 +2.2275e+00 -5.2769e-01 +5.1085e-01
39210 0 +2.457222870e-08 +8.200000025e+00 +8.200000025e+00 +2.9439e+00 -1.7115e+00 +2.2280e+00 -5.2866e-01 +5.1085e-01
39219 0 +2.185946535e-08 +8.200000022e+00 +8.200000022e+00 +2.9434e+00 -1.7115e+00 +2.2285e+00 -5.2866e-01 +5.1036e-01
39230 0 +1.938101057e-08 +8.200000019e+00 +8.200000019e+00 +2.9429e+00 -1.7115e+00 +2.2290e+00 -5.2964e-01 +5.1036e-01
39239 0 +1.769529767e-08 +8.200000018e+00 +8.200000018e+00 +2.9429e+00 -1.7115e+00 +2.2295e+00 -5.2964e-01 +5.0987e-01
39256 0 +1.578483477e-08 +8.200000016e+00 +8.200000016e+00 +2.9419e+00 -1.7120e+00 +2.2300e+00 -5.3062e-01 +5.0938e-01
39280 0 +1.366458768e-08 +8.200000014e+00 +8.200000014e+00 +2.9410e+00 -1.7120e+00 +2.2309e+00 -5.3208e-01 +5.0938e-01
39300 0 +1.252015558e-08 +8.200000013e+00 +8.200000013e+00 +2.9405e+00 -1.7120e+00 +2.2319e+00 -5.3306e-01 +5.0889e-01
39379 0 +1.114523940e-08 +8.200000011e+00 +8.200000011e+00 +2.9376e+00 -1.7130e+00 +2.2348e+00 -5.3648e-01 +5.0694e-01
39429 0 +9.885338770e-09 +8.200000010e+00 +8.200000010e+00 +2.9366e+00 -1.7130e+00 +2.2358e+00 -5.3770e-01 +5.0669e-01
41580 0 +9.929834732e-13 +8.200000000e+00 +8.200000000e+00 +2.9160e+00 -1.7179e+00 +2.2587e+00 -5.6473e-01 +4.9448e-01
50000 0 +1.865174681e-13 +8.200000000e+00 +8.200000000e+00 +2.9153e+00 -1.7180e+00 +2.2596e+00 -5.6566e-01 +4.9402e-01
% f evaluations | g evaluations | best noise-free fitness - Fopt (-9.986000000000e+01) + sum g_i+ | measured fitness | best measured fitness or single-digit g-values | x1 | x2...
1 0 +7.929402508e+01 -2.056597492e+01 -2.056597492e+01 +0.0000e+00 +0.0000e+00 +0.0000e+00 +0.0000e+00 +0.0000e+00
2 0 +6.461673409e+01 -3.524326591e+01 -3.524326591e+01 -2.9289e+00 +0.0000e+00 +0.0000e+00 +0.0000e+00 +0.0000e+00
12 0 +3.665580609e+01 -6.320419391e+01 -6.320419391e+01 +1.6209e+00 +4.5498e+00 +1.6209e+00 +1.6209e+00 +1.6209e+00
22 0 +1.953394384e+01 -8.032605616e+01 -8.032605616e+01 -1.6209e+00 -1.6209e+00 -1.6209e+00 -4.5498e+00 -1.6209e+00
43 0 +5.897647638e+00 -9.396235236e+01 -9.396235236e+01 -1.1749e+00 +9.4818e-01 -1.1749e+00 -4.1039e+00 -1.1749e+00
3311 0 +2.005552492e+00 -9.785444751e+01 -9.785444751e+01 -2.0013e+00 +0.0000e+00 -1.0006e+00 -4.3850e+00 -8.0865e-01
3328 0 +1.846427235e+00 -9.801357276e+01 -9.801357276e+01 -2.0013e+00 +5.0032e-01 -1.0006e+00 -4.3850e+00 -8.0865e-01
3331 0 +1.311580838e+00 -9.854841916e+01 -9.854841916e+01 -2.0013e+00 +5.0032e-01 -1.0006e+00 -4.8853e+00 -8.0865e-01
3333 0 +7.302462350e-01 -9.912975376e+01 -9.912975376e+01 -2.0013e+00 +5.0032e-01 -1.0006e+00 -4.8853e+00 -1.3090e+00
3382 0 +7.026644705e-01 -9.915733553e+01 -9.915733553e+01 -2.0013e+00 +5.0032e-01 -8.7557e-01 -4.8228e+00 -1.1839e+00
44269 0 +5.038383498e-01 -9.935616165e+01 -9.935616165e+01 +2.0013e+00 +2.1162e+00 -2.0013e+00 -2.2688e+00 -2.8099e+00
44279 0 +3.902099137e-01 -9.946979009e+01 -9.946979009e+01 +3.0019e+00 +2.1162e+00 -2.0013e+00 -2.2688e+00 -2.8099e+00
44303 0 +1.148267441e-01 -9.974517326e+01 -9.974517326e+01 +3.0019e+00 +2.1162e+00 -1.5010e+00 -2.2688e+00 -2.8099e+00
44308 0 +8.529121818e-02 -9.977470878e+01 -9.977470878e+01 +2.5016e+00 +2.1162e+00 -1.5010e+00 -2.2688e+00 -2.8099e+00
44331 0 +7.297744582e-02 -9.978702255e+01 -9.978702255e+01 +2.5016e+00 +2.3664e+00 -1.5010e+00 -2.2688e+00 -2.8099e+00
44333 0 +2.248221964e-02 -9.983751778e+01 -9.983751778e+01 +2.5016e+00 +2.3664e+00 -1.2508e+00 -2.2688e+00 -2.8099e+00
44361 0 +2.005875571e-02 -9.983994124e+01 -9.983994124e+01 +2.5016e+00 +2.4289e+00 -1.2508e+00 -2.2688e+00 -2.8099e+00
44363 0 +1.837346451e-02 -9.984162654e+01 -9.984162654e+01 +2.5016e+00 +2.4289e+00 -1.1883e+00 -2.2688e+00 -2.8099e+00
44364 0 +1.743365638e-02 -9.984256634e+01 -9.984256634e+01 +2.5016e+00 +2.4289e+00 -1.1883e+00 -2.3313e+00 -2.8099e+00
44393 0 +1.572914863e-02 -9.984427085e+01 -9.984427085e+01 +2.5642e+00 +2.4602e+00 -1.0945e+00 -2.3939e+00 -2.8099e+00
44436 0 +1.379243030e-02 -9.984620757e+01 -9.984620757e+01 +2.5485e+00 +2.5071e+00 -1.0163e+00 -2.3939e+00 -2.8256e+00
44451 0 +1.255250981e-02 -9.984744749e+01 -9.984744749e+01 +2.5798e+00 +2.5384e+00 -1.0006e+00 -2.3939e+00 -2.8256e+00
44473 0 +1.102405705e-02 -9.984897594e+01 -9.984897594e+01 +2.5798e+00 +2.5696e+00 -9.5374e-01 -2.3939e+00 -2.8256e+00
44491 0 +8.864968250e-03 -9.985113503e+01 -9.985113503e+01 +2.5954e+00 +2.6009e+00 -9.3811e-01 -2.3939e+00 -2.8412e+00
44503 0 +7.877895728e-03 -9.985212210e+01 -9.985212210e+01 +2.6111e+00 +2.6165e+00 -9.2247e-01 -2.3939e+00 -2.8412e+00
44523 0 +6.930273707e-03 -9.985306973e+01 -9.985306973e+01 +2.6267e+00 +2.6322e+00 -8.9120e-01 -2.3939e+00 -2.8412e+00
44533 0 +6.130768366e-03 -9.985386923e+01 -9.985386923e+01 +2.6267e+00 +2.6478e+00 -8.7557e-01 -2.4095e+00 -2.8412e+00
44553 0 +5.328267995e-03 -9.985467173e+01 -9.985467173e+01 +2.6267e+00 +2.6634e+00 -8.4430e-01 -2.4251e+00 -2.8412e+00
44571 0 +4.955954604e-03 -9.985504405e+01 -9.985504405e+01 +2.6267e+00 +2.6791e+00 -8.2866e-01 -2.4251e+00 -2.8412e+00
44591 0 +4.435122386e-03 -9.985556488e+01 -9.985556488e+01 +2.6267e+00 +2.6947e+00 -7.9739e-01 -2.4408e+00 -2.8412e+00
44613 0 +3.938321909e-03 -9.985606168e+01 -9.985606168e+01 +2.6267e+00 +2.7104e+00 -7.5049e-01 -2.4564e+00 -2.8412e+00
44701 0 +3.547289824e-03 -9.985645271e+01 -9.985645271e+01 +2.6189e+00 +2.7729e+00 -6.4886e-01 -2.4955e+00 -2.8490e+00
44751 0 +3.139933054e-03 -9.985686007e+01 -9.985686007e+01 +2.6502e+00 +2.8120e+00 -6.0977e-01 -2.5033e+00 -2.8569e+00
44773 0 +2.805692053e-03 -9.985719431e+01 -9.985719431e+01 +2.6658e+00 +2.8276e+00 -5.8632e-01 -2.5033e+00 -2.8569e+00
44803 0 +2.503807661e-03 -9.985749619e+01 -9.985749619e+01 +2.6658e+00 +2.8354e+00 -5.6287e-01 -2.5111e+00 -2.8569e+00
44833 0 +2.112006481e-03 -9.985788799e+01 -9.985788799e+01 +2.6658e+00 +2.8511e+00 -5.3941e-01 -2.5268e+00 -2.8569e+00
44851 0 +1.991796053e-03 -9.985800820e+01 -9.985800820e+01 +2.6580e+00 +2.8589e+00 -5.3159e-01 -2.5268e+00 -2.8569e+00
44873 0 +1.682349755e-03 -9.985831765e+01 -9.985831765e+01 +2.6580e+00 +2.8667e+00 -5.0814e-01 -2.5346e+00 -2.8569e+00
44893 0 +1.503961567e-03 -9.985849604e+01 -9.985849604e+01 +2.6580e+00 +2.8745e+00 -4.9251e-01 -2.5424e+00 -2.8569e+00
44913 0 +1.353997146e-03 -9.985864600e+01 -9.985864600e+01 +2.6580e+00 +2.8823e+00 -4.7687e-01 -2.5502e+00 -2.8569e+00
44933 0 +1.231178375e-03 -9.985876882e+01 -9.985876882e+01 +2.6502e+00 +2.8902e+00 -4.6124e-01 -2.5502e+00 -2.8569e+00
44963 0 +1.109177986e-03 -9.985889082e+01 -9.985889082e+01 +2.6502e+00 +2.8980e+00 -4.3778e-01 -2.5580e+00 -2.8569e+00
44993 0 +9.973922719e-04 -9.985900261e+01 -9.985900261e+01 +2.6580e+00 +2.9136e+00 -4.1433e-01 -2.5737e+00 -2.8569e+00
45084 0 +8.909489295e-04 -9.985910905e+01 -9.985910905e+01 +2.6502e+00 +2.9449e+00 -3.4397e-01 -2.6049e+00 -2.8569e+00
45153 0 +7.848615307e-04 -9.985921514e+01 -9.985921514e+01 +2.6423e+00 +2.9762e+00 -2.8925e-01 -2.6206e+00 -2.8569e+00
45181 0 +6.680287010e-04 -9.985933197e+01 -9.985933197e+01 +2.6502e+00 +2.9918e+00 -2.7361e-01 -2.6284e+00 -2.8647e+00
45191 0 +6.068980787e-04 -9.985939310e+01 -9.985939310e+01 +2.6580e+00 +2.9996e+00 -2.6580e-01 -2.6284e+00 -2.8647e+00
45201 0 +5.560781072e-04 -9.985944392e+01 -9.985944392e+01 +2.6658e+00 +3.0074e+00 -2.5798e-01 -2.6284e+00 -2.8647e+00
45213 0 +4.899693259e-04 -9.985951003e+01 -9.985951003e+01 +2.6658e+00 +3.0152e+00 -2.4234e-01 -2.6284e+00 -2.8647e+00
45233 0 +4.288301557e-04 -9.985957117e+01 -9.985957117e+01 +2.6736e+00 +3.0231e+00 -2.2671e-01 -2.6362e+00 -2.8647e+00
45253 0 +3.760306899e-04 -9.985962397e+01 -9.985962397e+01 +2.6658e+00 +3.0309e+00 -2.1107e-01 -2.6440e+00 -2.8647e+00
45273 0 +3.350087028e-04 -9.985966499e+01 -9.985966499e+01 +2.6658e+00 +3.0387e+00 -1.9544e-01 -2.6519e+00 -2.8647e+00
45293 0 +3.033871239e-04 -9.985969661e+01 -9.985969661e+01 +2.6658e+00 +3.0465e+00 -1.7980e-01 -2.6597e+00 -2.8647e+00
45313 0 +2.785497875e-04 -9.985972145e+01 -9.985972145e+01 +2.6580e+00 +3.0543e+00 -1.6417e-01 -2.6597e+00 -2.8647e+00
45351 0 +2.506851385e-04 -9.985974931e+01 -9.985974931e+01 +2.6580e+00 +3.0700e+00 -1.4072e-01 -2.6753e+00 -2.8647e+00
45383 0 +2.227303808e-04 -9.985977727e+01 -9.985977727e+01 +2.6580e+00 +3.0778e+00 -1.0945e-01 -2.6831e+00 -2.8647e+00
45413 0 +1.932197073e-04 -9.985980678e+01 -9.985980678e+01 +2.6580e+00 +3.0934e+00 -8.5993e-02 -2.6909e+00 -2.8647e+00
45441 0 +1.734139614e-04 -9.985982659e+01 -9.985982659e+01 +2.6619e+00 +3.1012e+00 -8.2084e-02 -2.6948e+00 -2.8686e+00
45463 0 +1.560468717e-04 -9.985984395e+01 -9.985984395e+01 +2.6697e+00 +3.1090e+00 -7.0358e-02 -2.6948e+00 -2.8686e+00
45493 0 +1.410559493e-04 -9.985985894e+01 -9.985985894e+01 +2.6697e+00 +3.1169e+00 -5.8632e-02 -2.6988e+00 -2.8686e+00
45513 0 +1.255260536e-04 -9.985987447e+01 -9.985987447e+01 +2.6775e+00 +3.1247e+00 -5.0814e-02 -2.7027e+00 -2.8725e+00
45553 0 +1.087007758e-04 -9.985989130e+01 -9.985989130e+01 +2.6814e+00 +3.1364e+00 -3.5179e-02 -2.7066e+00 -2.8725e+00
45591 0 +9.987911771e-05 -9.985990012e+01 -9.985990012e+01 +2.6775e+00 +3.1442e+00 -2.3453e-02 -2.7105e+00 -2.8725e+00
45633 0 +8.739497818e-05 -9.985991261e+01 -9.985991261e+01 +2.6814e+00 +3.1520e+00 -3.9088e-03 -2.7183e+00 -2.8725e+00
45673 0 +7.874020230e-05 -9.985992126e+01 -9.985992126e+01 +2.6775e+00 +3.1599e+00 +1.1726e-02 -2.7183e+00 -2.8725e+00
45711 0 +7.041717988e-05 -9.985992958e+01 -9.985992958e+01 +2.6775e+00 +3.1677e+00 +2.3453e-02 -2.7300e+00 -2.8725e+00
45733 0 +6.216268780e-05 -9.985993784e+01 -9.985993784e+01 +2.6775e+00 +3.1716e+00 +3.5179e-02 -2.7339e+00 -2.8725e+00
45763 0 +5.375673636e-05 -9.985994624e+01 -9.985994624e+01 +2.6736e+00 +3.1794e+00 +4.6905e-02 -2.7339e+00 -2.8725e+00
45784 0 +4.972373391e-05 -9.985995028e+01 -9.985995028e+01 +2.6736e+00 +3.1794e+00 +5.4723e-02 -2.7418e+00 -2.8725e+00
45811 0 +4.456625099e-05 -9.985995543e+01 -9.985995543e+01 +2.6736e+00 +3.1872e+00 +6.2541e-02 -2.7457e+00 -2.8725e+00
45831 0 +3.962701064e-05 -9.985996037e+01 -9.985996037e+01 +2.6736e+00 +3.1911e+00 +7.0358e-02 -2.7457e+00 -2.8725e+00
45846 0 +3.536256027e-05 -9.985996464e+01 -9.985996464e+01 +2.6736e+00 +3.1950e+00 +7.8176e-02 -2.7496e+00 -2.8764e+00
45861 0 +3.125838019e-05 -9.985996874e+01 -9.985996874e+01 +2.6814e+00 +3.2029e+00 +8.2084e-02 -2.7496e+00 -2.8764e+00
45893 0 +2.775830190e-05 -9.985997224e+01 -9.985997224e+01 +2.6853e+00 +3.2107e+00 +9.7720e-02 -2.7535e+00 -2.8764e+00
45954 0 +2.505618237e-05 -9.985997494e+01 -9.985997494e+01 +2.6814e+00 +3.2224e+00 +1.2117e-01 -2.7613e+00 -2.8764e+00
45993 0 +2.207312995e-05 -9.985997793e+01 -9.985997793e+01 +2.6814e+00 +3.2302e+00 +1.3681e-01 -2.7691e+00 -2.8764e+00
46013 0 +1.990399609e-05 -9.985998010e+01 -9.985998010e+01 +2.6814e+00 +3.2341e+00 +1.4463e-01 -2.7730e+00 -2.8764e+00
46033 0 +1.735132788e-05 -9.985998265e+01 -9.985998265e+01 +2.6814e+00 +3.2380e+00 +1.5244e-01 -2.7730e+00 -2.8764e+00
46043 0 +1.579875293e-05 -9.985998420e+01 -9.985998420e+01 +2.6814e+00 +3.2419e+00 +1.5635e-01 -2.7730e+00 -2.8764e+00
46064 0 +1.404334765e-05 -9.985998596e+01 -9.985998596e+01 +2.6814e+00 +3.2419e+00 +1.6417e-01 -2.7808e+00 -2.8764e+00
46073 0 +1.223493831e-05 -9.985998777e+01 -9.985998777e+01 +2.6814e+00 +3.2459e+00 +1.6808e-01 -2.7808e+00 -2.8764e+00
46093 0 +1.025898111e-05 -9.985998974e+01 -9.985998974e+01 +2.6814e+00 +3.2498e+00 +1.7590e-01 -2.7847e+00 -2.8764e+00
46103 0 +9.970746646e-06 -9.985999003e+01 -9.985999003e+01 +2.6814e+00 +3.2498e+00 +1.7980e-01 -2.7847e+00 -2.8764e+00
46113 0 +8.785901613e-06 -9.985999121e+01 -9.985999121e+01 +2.6814e+00 +3.2537e+00 +1.8371e-01 -2.7887e+00 -2.8764e+00
46133 0 +7.699043991e-06 -9.985999230e+01 -9.985999230e+01 +2.6775e+00 +3.2576e+00 +1.9153e-01 -2.7887e+00 -2.8764e+00
46154 0 +7.048921390e-06 -9.985999295e+01 -9.985999295e+01 +2.6775e+00 +3.2615e+00 +1.9935e-01 -2.7926e+00 -2.8764e+00
46234 0 +6.277616208e-06 -9.985999372e+01 -9.985999372e+01 +2.6736e+00 +3.2771e+00 +2.3062e-01 -2.8043e+00 -2.8764e+00
46276 0 +5.178913710e-06 -9.985999482e+01 -9.985999482e+01 +2.6756e+00 +3.2830e+00 +2.4039e-01 -2.8082e+00 -2.8783e+00
46281 0 +4.712885186e-06 -9.985999529e+01 -9.985999529e+01 +2.6775e+00 +3.2849e+00 +2.4039e-01 -2.8082e+00 -2.8783e+00
46291 0 +4.300314743e-06 -9.985999570e+01 -9.985999570e+01 +2.6795e+00 +3.2869e+00 +2.4234e-01 -2.8082e+00 -2.8783e+00
46303 0 +3.835358683e-06 -9.985999616e+01 -9.985999616e+01 +2.6814e+00 +3.2889e+00 +2.4625e-01 -2.8102e+00 -2.8783e+00
46313 0 +3.518200316e-06 -9.985999648e+01 -9.985999648e+01 +2.6834e+00 +3.2908e+00 +2.4821e-01 -2.8102e+00 -2.8783e+00
46321 0 +2.994230513e-06 -9.985999701e+01 -9.985999701e+01 +2.6853e+00 +3.2928e+00 +2.4821e-01 -2.8102e+00 -2.8803e+00
46331 0 +2.674518939e-06 -9.985999733e+01 -9.985999733e+01 +2.6873e+00 +3.2947e+00 +2.5016e-01 -2.8102e+00 -2.8803e+00
46341 0 +2.447786756e-06 -9.985999755e+01 -9.985999755e+01 +2.6873e+00 +3.2967e+00 +2.5212e-01 -2.8102e+00 -2.8803e+00
46353 0 +2.186975308e-06 -9.985999781e+01 -9.985999781e+01 +2.6873e+00 +3.2986e+00 +2.5603e-01 -2.8102e+00 -2.8803e+00
46374 0 +1.992017616e-06 -9.985999801e+01 -9.985999801e+01 +2.6873e+00 +3.3006e+00 +2.5993e-01 -2.8121e+00 -2.8803e+00
46413 0 +1.758936136e-06 -9.985999824e+01 -9.985999824e+01 +2.6873e+00 +3.3045e+00 +2.6775e-01 -2.8160e+00 -2.8803e+00
46483 0 +1.566391745e-06 -9.985999843e+01 -9.985999843e+01 +2.6853e+00 +3.3123e+00 +2.8143e-01 -2.8199e+00 -2.8803e+00
46533 0 +1.379564551e-06 -9.985999862e+01 -9.985999862e+01 +2.6853e+00 +3.3162e+00 +2.9120e-01 -2.8238e+00 -2.8803e+00
46561 0 +1.255097786e-06 -9.985999874e+01 -9.985999874e+01 +2.6853e+00 +3.3201e+00 +2.9511e-01 -2.8258e+00 -2.8803e+00
46571 0 +1.003581531e-06 -9.985999900e+01 -9.985999900e+01 +2.6873e+00 +3.3221e+00 +2.9707e-01 -2.8258e+00 -2.8823e+00
46579 0 +9.949257844e-07 -9.985999901e+01 -9.985999901e+01 +2.6892e+00 +3.3221e+00 +2.9707e-01 -2.8258e+00 -2.8823e+00
46583 0 +8.852731241e-07 -9.985999911e+01 -9.985999911e+01 +2.6892e+00 +3.3240e+00 +2.9902e-01 -2.8258e+00 -2.8823e+00
46603 0 +7.767170871e-07 -9.985999922e+01 -9.985999922e+01 +2.6912e+00 +3.3260e+00 +3.0293e-01 -2.8258e+00 -2.8823e+00
46623 0 +6.659284821e-07 -9.985999933e+01 -9.985999933e+01 +2.6912e+00 +3.3279e+00 +3.0684e-01 -2.8297e+00 -2.8823e+00
46641 0 +6.123598979e-07 -9.985999939e+01 -9.985999939e+01 +2.6912e+00 +3.3299e+00 +3.0879e-01 -2.8297e+00 -2.8823e+00
46653 0 +5.470143662e-07 -9.985999945e+01 -9.985999945e+01 +2.6892e+00 +3.3319e+00 +3.1270e-01 -2.8297e+00 -2.8823e+00
46673 0 +4.941095000e-07 -9.985999951e+01 -9.985999951e+01 +2.6892e+00 +3.3338e+00 +3.1661e-01 -2.8317e+00 -2.8823e+00
46703 0 +4.413323751e-07 -9.985999956e+01 -9.985999956e+01 +2.6892e+00 +3.3358e+00 +3.2247e-01 -2.8336e+00 -2.8823e+00
46723 0 +3.972096891e-07 -9.985999960e+01 -9.985999960e+01 +2.6892e+00 +3.3377e+00 +3.2638e-01 -2.8356e+00 -2.8823e+00
46743 0 +3.541659908e-07 -9.985999965e+01 -9.985999965e+01 +2.6912e+00 +3.3397e+00 +3.3029e-01 -2.8375e+00 -2.8823e+00
46764 0 +3.094471879e-07 -9.985999969e+01 -9.985999969e+01 +2.6892e+00 +3.3416e+00 +3.3420e-01 -2.8395e+00 -2.8823e+00
46773 0 +2.809866118e-07 -9.985999972e+01 -9.985999972e+01 +2.6892e+00 +3.3436e+00 +3.3616e-01 -2.8395e+00 -2.8823e+00
46811 0 +2.359875424e-07 -9.985999976e+01 -9.985999976e+01 +2.6902e+00 +3.3455e+00 +3.3909e-01 -2.8414e+00 -2.8832e+00
46821 0 +2.215994925e-07 -9.985999978e+01 -9.985999978e+01 +2.6912e+00 +3.3465e+00 +3.4006e-01 -2.8414e+00 -2.8832e+00
46843 0 +1.983737263e-07 -9.985999980e+01 -9.985999980e+01 +2.6912e+00 +3.3485e+00 +3.4300e-01 -2.8414e+00 -2.8832e+00
46884 0 +1.778101790e-07 -9.985999982e+01 -9.985999982e+01 +2.6912e+00 +3.3504e+00 +3.4690e-01 -2.8434e+00 -2.8832e+00
46931 0 +1.567623542e-07 -9.985999984e+01 -9.985999984e+01 +2.6912e+00 +3.3533e+00 +3.5081e-01 -2.8444e+00 -2.8832e+00
46963 0 +1.401263034e-07 -9.985999986e+01 -9.985999986e+01 +2.6912e+00 +3.3543e+00 +3.5472e-01 -2.8453e+00 -2.8832e+00
46991 0 +1.245936829e-07 -9.985999988e+01 -9.985999988e+01 +2.6912e+00 +3.3563e+00 +3.5668e-01 -2.8473e+00 -2.8832e+00
47013 0 +1.052230516e-07 -9.985999989e+01 -9.985999989e+01 +2.6912e+00 +3.3573e+00 +3.5961e-01 -2.8483e+00 -2.8832e+00
47031 0 +9.840402981e-08 -9.985999990e+01 -9.985999990e+01 +2.6902e+00 +3.3582e+00 +3.6059e-01 -2.8483e+00 -2.8832e+00
47051 0 +8.728834189e-08 -9.985999991e+01 -9.985999991e+01 +2.6902e+00 +3.3592e+00 +3.6254e-01 -2.8492e+00 -2.8832e+00
47064 0 +7.923567580e-08 -9.985999992e+01 -9.985999992e+01 +2.6902e+00 +3.3592e+00 +3.6449e-01 -2.8502e+00 -2.8832e+00
47084 0 +7.040604544e-08 -9.985999993e+01 -9.985999993e+01 +2.6902e+00 +3.3602e+00 +3.6645e-01 -2.8512e+00 -2.8832e+00
47101 0 +5.658741031e-08 -9.985999994e+01 -9.985999994e+01 +2.6912e+00 +3.3621e+00 +3.6743e-01 -2.8512e+00 -2.8842e+00
47109 0 +5.613739518e-08 -9.985999994e+01 -9.985999994e+01 +2.6922e+00 +3.3621e+00 +3.6840e-01 -2.8512e+00 -2.8842e+00
47123 0 +4.979699497e-08 -9.985999995e+01 -9.985999995e+01 +2.6932e+00 +3.3641e+00 +3.7036e-01 -2.8512e+00 -2.8842e+00
47193 0 +4.288790478e-08 -9.985999996e+01 -9.985999996e+01 +2.6932e+00 +3.3680e+00 +3.7720e-01 -2.8541e+00 -2.8842e+00
47213 0 +3.895651446e-08 -9.985999996e+01 -9.985999996e+01 +2.6932e+00 +3.3690e+00 +3.7915e-01 -2.8551e+00 -2.8842e+00
47233 0 +3.359627954e-08 -9.985999997e+01 -9.985999997e+01 +2.6922e+00 +3.3700e+00 +3.8111e-01 -2.8551e+00 -2.8842e+00
47256 0 +3.023406236e-08 -9.985999997e+01 -9.985999997e+01 +2.6922e+00 +3.3704e+00 +3.8160e-01 -2.8556e+00 -2.8847e+00
47261 0 +2.788209486e-08 -9.985999997e+01 -9.985999997e+01 +2.6927e+00 +3.3709e+00 +3.8160e-01 -2.8556e+00 -2.8847e+00
47273 0 +2.459350412e-08 -9.985999998e+01 -9.985999998e+01 +2.6932e+00 +3.3714e+00 +3.8257e-01 -2.8556e+00 -2.8847e+00
47291 0 +2.198785864e-08 -9.985999998e+01 -9.985999998e+01 +2.6941e+00 +3.3724e+00 +3.8306e-01 -2.8556e+00 -2.8847e+00
47303 0 +1.960462725e-08 -9.985999998e+01 -9.985999998e+01 +2.6941e+00 +3.3729e+00 +3.8404e-01 -2.8556e+00 -2.8847e+00
47313 0 +1.763814339e-08 -9.985999998e+01 -9.985999998e+01 +2.6946e+00 +3.3734e+00 +3.8453e-01 -2.8556e+00 -2.8852e+00
47333 0 +1.510440484e-08 -9.985999998e+01 -9.985999998e+01 +2.6956e+00 +3.3744e+00 +3.8550e-01 -2.8561e+00 -2.8852e+00
47353 0 +1.391900639e-08 -9.985999999e+01 -9.985999999e+01 +2.6956e+00 +3.3748e+00 +3.8648e-01 -2.8566e+00 -2.8852e+00
47393 0 +1.249131287e-08 -9.985999999e+01 -9.985999999e+01 +2.6951e+00 +3.3758e+00 +3.8844e-01 -2.8571e+00 -2.8852e+00
47511 0 +1.120646687e-08 -9.985999999e+01 -9.985999999e+01 +2.6951e+00 +3.3788e+00 +3.9381e-01 -2.8595e+00 -2.8852e+00
47551 0 +9.988724514e-09 -9.985999999e+01 -9.985999999e+01 +2.6951e+00 +3.3797e+00 +3.9576e-01 -2.8605e+00 -2.8852e+00
49513 0 +9.805489753e-13 -9.986000000e+01 -9.986000000e+01 +2.6966e+00 +3.4020e+00 +4.3504e-01 -2.8740e+00 -2.8865e+00
50000 0 +8.384404282e-13 -9.986000000e+01 -9.986000000e+01 +2.6966e+00 +3.4021e+00 +4.3519e-01 -2.8741e+00 -2.8865e+00
% f evaluations | g evaluations | best noise-free fitness - Fopt (1.890500000000e+02) + sum g_i+ | measured fitness | best measured fitness or single-digit g-values | x1 | x2...
1 0 +6.472688866e+01 +2.537768887e+02 +2.537768887e+02 +0.0000e+00 +0.0000e+00 +0.0000e+00 +0.0000e+00 +0.0000e+00
5 0 +5.618363810e+01 +2.452336381e+02 +2.452336381e+02 +2.9289e+00 +0.0000e+00 +0.0000e+00 +0.0000e+00 +0.0000e+00
10 0 +3.500607844e+01 +2.240560784e+02 +2.240560784e+02 -1.6209e+00 -4.5498e+00 -1.6209e+00 -1.6209e+00 -1.6209e+00
68 0 +1.299098350e+01 +2.020409835e+02 +2.020409835e+02 +0.0000e+00 -1.5390e+00 +8.0583e-01 +0.0000e+00 +0.0000e+00
208 0 +1.243174713e+01 +2.014817471e+02 +2.014817471e+02 +5.0032e-01 -1.2508e+00 -1.7607e-01 +0.0000e+00 +0.0000e+00
211 0 +8.818923620e+00 +1.978689236e+02 +1.978689236e+02 +5.0032e-01 -1.2508e+00 -1.7607e-01 +2.5016e-01 -2.5016e-01
218 0 +7.032090168e+00 +1.960820902e+02 +1.960820902e+02 +2.5016e-01 -1.5010e+00 +7.4089e-02 +2.5016e-01 -2.5016e-01
220 0 +5.735956878e+00 +1.947859569e+02 +1.947859569e+02 +2.5016e-01 -1.5010e+00 +7.4089e-02 +5.0032e-01 -2.5016e-01
221 0 +4.814351471e+00 +1.938643515e+02 +1.938643515e+02 +2.5016e-01 -1.5010e+00 +7.4089e-02 +5.0032e-01 -5.0032e-01
225 0 +2.278774893e+00 +1.913287749e+02 +1.913287749e+02 +2.5016e-01 -1.7511e+00 +7.4089e-02 +5.0032e-01 -5.0032e-01
245 0 +2.231732980e+00 +1.912817330e+02 +1.912817330e+02 +2.5016e-01 -1.8762e+00 +7.4089e-02 +5.0032e-01 -5.0032e-01
251 0 +1.908508198e+00 +1.909585082e+02 +1.909585082e+02 +2.5016e-01 -1.8762e+00 +1.9917e-01 +6.2541e-01 -6.2541e-01
255 0 +1.671938657e+00 +1.907219387e+02 +1.907219387e+02 +2.5016e-01 -2.0013e+00 +1.9917e-01 +6.2541e-01 -6.2541e-01
258 0 +1.415156329e+00 +1.904651563e+02 +1.904651563e+02 +2.5016e-01 -2.0013e+00 +3.2425e-01 +6.2541e-01 -6.2541e-01
260 0 +1.181914644e+00 +1.902319146e+02 +1.902319146e+02 +2.5016e-01 -2.0013e+00 +3.2425e-01 +7.5049e-01 -6.2541e-01
268 0 +9.448160176e-01 +1.899948160e+02 +1.899948160e+02 +2.5016e-01 -2.0013e+00 +4.4933e-01 +7.5049e-01 -6.2541e-01
273 0 +7.466787548e-01 +1.897966788e+02 +1.897966788e+02 +1.2508e-01 -2.0013e+00 +4.4933e-01 +7.5049e-01 -6.2541e-01
280 0 +5.450907769e-01 +1.895950908e+02 +1.895950908e+02 +1.2508e-01 -2.0013e+00 +5.7441e-01 +8.7557e-01 -6.2541e-01
290 0 +4.904960182e-01 +1.895404960e+02 +1.895404960e+02 +0.0000e+00 -2.0013e+00 +6.9949e-01 +1.0006e+00 -6.2541e-01
303 0 +4.349553597e-01 +1.894849554e+02 +1.894849554e+02 -1.2508e-01 -2.0013e+00 +8.2458e-01 +1.0006e+00 -6.2541e-01
325 0 +3.950639892e-01 +1.894450640e+02 +1.894450640e+02 -6.2541e-02 -2.0638e+00 +8.2458e-01 +1.0006e+00 -6.2541e-01
328 0 +3.460856145e-01 +1.893960856e+02 +1.893960856e+02 -6.2541e-02 -2.0638e+00 +8.8712e-01 +1.0006e+00 -6.2541e-01
338 0 +2.865421227e-01 +1.893365421e+02 +1.893365421e+02 -6.2541e-02 -2.0638e+00 +9.4966e-01 +1.0632e+00 -6.2541e-01
343 0 +2.569079368e-01 +1.893069079e+02 +1.893069079e+02 -1.2508e-01 -2.0638e+00 +9.4966e-01 +1.0632e+00 -6.2541e-01
348 0 +2.402048803e-01 +1.892902049e+02 +1.892902049e+02 -1.2508e-01 -2.0638e+00 +1.0122e+00 +1.0632e+00 -6.2541e-01
350 0 +2.098396778e-01 +1.892598397e+02 +1.892598397e+02 -1.2508e-01 -2.0638e+00 +1.0122e+00 +1.1257e+00 -6.2541e-01
358 0 +1.765246782e-01 +1.892265247e+02 +1.892265247e+02 -1.8762e-01 -2.0638e+00 +1.0747e+00 +1.1257e+00 -6.2541e-01
368 0 +1.547135006e-01 +1.892047135e+02 +1.892047135e+02 -1.8762e-01 -2.0638e+00 +1.1373e+00 +1.1883e+00 -6.2541e-01
380 0 +1.366870348e-01 +1.891866870e+02 +1.891866870e+02 -2.5016e-01 -2.0638e+00 +1.1998e+00 +1.2508e+00 -6.2541e-01
398 0 +1.183262540e-01 +1.891683263e+02 +1.891683263e+02 -3.1270e-01 -2.1264e+00 +1.3249e+00 +1.2508e+00 -6.2541e-01
420 0 +1.115808230e-01 +1.891615808e+02 +1.891615808e+02 -3.1270e-01 -2.1576e+00 +1.3562e+00 +1.2821e+00 -6.2541e-01
450 0 +9.999404188e-02 +1.891499940e+02 +1.891499940e+02 -3.1270e-01 -2.1889e+00 +1.4500e+00 +1.3134e+00 -6.2541e-01
473 0 +8.834723102e-02 +1.891383472e+02 +1.891383472e+02 -3.4397e-01 -2.1889e+00 +1.5125e+00 +1.3134e+00 -5.9414e-01
498 0 +7.632706094e-02 +1.891263271e+02 +1.891263271e+02 -3.4397e-01 -2.1576e+00 +1.6063e+00 +1.3134e+00 -5.3159e-01
518 0 +7.006826098e-02 +1.891200683e+02 +1.891200683e+02 -3.4397e-01 -2.1576e+00 +1.6689e+00 +1.3134e+00 -5.0032e-01
565 0 +6.258503018e-02 +1.891125850e+02 +1.891125850e+02 -3.5961e-01 -2.2046e+00 +1.7158e+00 +1.3134e+00 -5.0032e-01
598 0 +5.560273066e-02 +1.891056027e+02 +1.891056027e+02 -3.5961e-01 -2.2358e+00 +1.7783e+00 +1.2977e+00 -4.8469e-01
648 0 +4.936984244e-02 +1.890993698e+02 +1.890993698e+02 -3.4397e-01 -2.2671e+00 +1.8565e+00 +1.2821e+00 -4.5342e-01
702 0 +4.380333967e-02 +1.890938033e+02 +1.890938033e+02 -3.2834e-01 -2.2984e+00 +1.9347e+00 +1.2508e+00 -4.0651e-01
738 0 +3.955222534e-02 +1.890895522e+02 +1.890895522e+02 -3.1270e-01 -2.3453e+00 +1.9972e+00 +1.2352e+00 -3.9088e-01
778 0 +3.542816898e-02 +1.890854282e+02 +1.890854282e+02 -3.1270e-01 -2.4078e+00 +2.0598e+00 +1.2195e+00 -3.9088e-01
808 0 +3.117952348e-02 +1.890811795e+02 +1.890811795e+02 -2.8143e-01 -2.4391e+00 +2.1067e+00 +1.1883e+00 -3.5961e-01
835 0 +2.807391256e-02 +1.890780739e+02 +1.890780739e+02 -2.6580e-01 -2.4547e+00 +2.1379e+00 +1.1570e+00 -3.2834e-01
855 0 +2.462127542e-02 +1.890746213e+02 +1.890746213e+02 -2.5016e-01 -2.4860e+00 +2.1692e+00 +1.1257e+00 -3.1270e-01
892 0 +2.212681993e-02 +1.890721268e+02 +1.890721268e+02 -2.5016e-01 -2.5329e+00 +2.2317e+00 +1.1101e+00 -2.9707e-01
915 0 +1.948819677e-02 +1.890694882e+02 +1.890694882e+02 -2.1889e-01 -2.5642e+00 +2.2317e+00 +1.0788e+00 -2.9707e-01
952 0 +1.766061280e-02 +1.890676606e+02 +1.890676606e+02 -2.0326e-01 -2.5954e+00 +2.2786e+00 +1.0476e+00 -2.6580e-01
994 0 +1.560476064e-02 +1.890656048e+02 +1.890656048e+02 -1.5635e-01 -2.6423e+00 +2.2943e+00 +1.0006e+00 -2.5016e-01
1055 0 +1.394419612e-02 +1.890639442e+02 +1.890639442e+02 -1.2508e-01 -2.7205e+00 +2.3412e+00 +9.3811e-01 -2.3453e-01
1104 0 +1.256432969e-02 +1.890625643e+02 +1.890625643e+02 -7.8176e-02 -2.7674e+00 +2.3725e+00 +8.9120e-01 -2.1889e-01
1128 0 +1.119465731e-02 +1.890611947e+02 +1.890611947e+02 -6.2541e-02 -2.8143e+00 +2.3881e+00 +8.7557e-01 -2.1889e-01
1145 0 +9.909572299e-03 +1.890599096e+02 +1.890599096e+02 -4.6905e-02 -2.8300e+00 +2.3881e+00 +8.4430e-01 -2.0326e-01
1194 0 +8.795967761e-03 +1.890587960e+02 +1.890587960e+02 -3.1270e-02 -2.8690e+00 +2.4350e+00 +8.3648e-01 -1.9544e-01
1219 0 +7.805948843e-03 +1.890578059e+02 +1.890578059e+02 -2.3453e-02 -2.8769e+00 +2.4428e+00 +8.1303e-01 -1.8762e-01
1239 0 +7.014667508e-03 +1.890570147e+02 +1.890570147e+02 -7.8176e-03 -2.8847e+00 +2.4428e+00 +7.9739e-01 -1.7980e-01
1264 0 +6.199532235e-03 +1.890561995e+02 +1.890561995e+02 +7.8176e-03 -2.9003e+00 +2.4428e+00 +7.8176e-01 -1.7199e-01
1289 0 +5.580494209e-03 +1.890555805e+02 +1.890555805e+02 +1.5635e-02 -2.9160e+00 +2.4506e+00 +7.6612e-01 -1.7199e-01
1314 0 +4.983526818e-03 +1.890549835e+02 +1.890549835e+02 +3.1270e-02 -2.9316e+00 +2.4506e+00 +7.5049e-01 -1.6417e-01
1345 0 +4.365021199e-03 +1.890543650e+02 +1.890543650e+02 +4.6905e-02 -2.9550e+00 +2.4506e+00 +7.2703e-01 -1.6417e-01
1375 0 +3.978813066e-03 +1.890539788e+02 +1.890539788e+02 +6.2541e-02 -2.9785e+00 +2.4584e+00 +7.0358e-01 -1.5635e-01
1515 0 +3.523628836e-03 +1.890535236e+02 +1.890535236e+02 +1.2508e-01 -3.0723e+00 +2.5054e+00 +6.2541e-01 -1.3290e-01
1575 0 +3.147919225e-03 +1.890531479e+02 +1.890531479e+02 +1.4853e-01 -3.1114e+00 +2.5210e+00 +5.9414e-01 -1.2508e-01
1622 0 +2.808764445e-03 +1.890528088e+02 +1.890528088e+02 +1.5635e-01 -3.1427e+00 +2.5444e+00 +5.7850e-01 -1.1726e-01
1642 0 +2.475063982e-03 +1.890524751e+02 +1.890524751e+02 +1.7199e-01 -3.1505e+00 +2.5444e+00 +5.6287e-01 -1.0945e-01
1659 0 +2.215521028e-03 +1.890522155e+02 +1.890522155e+02 +1.7980e-01 -3.1583e+00 +2.5444e+00 +5.4723e-01 -1.0945e-01
1675 0 +1.902716896e-03 +1.890519027e+02 +1.890519027e+02 +1.9544e-01 -3.1739e+00 +2.5444e+00 +5.3941e-01 -1.0945e-01
1694 0 +1.739157040e-03 +1.890517392e+02 +1.890517392e+02 +2.0326e-01 -3.1818e+00 +2.5523e+00 +5.3159e-01 -1.0163e-01
1715 0 +1.575337296e-03 +1.890515753e+02 +1.890515753e+02 +2.0326e-01 -3.1974e+00 +2.5601e+00 +5.2378e-01 -1.0163e-01
1744 0 +1.393566848e-03 +1.890513936e+02 +1.890513936e+02 +2.1107e-01 -3.2130e+00 +2.5835e+00 +5.1596e-01 -9.3811e-02
1762 0 +1.254153558e-03 +1.890512542e+02 +1.890512542e+02 +2.1889e-01 -3.2208e+00 +2.5835e+00 +5.0032e-01 -8.5993e-02
1798 0 +1.114830812e-03 +1.890511148e+02 +1.890511148e+02 +2.2671e-01 -3.2443e+00 +2.6070e+00 +4.9251e-01 -8.5993e-02
1859 0 +9.945468503e-04 +1.890509945e+02 +1.890509945e+02 +2.4234e-01 -3.2599e+00 +2.6070e+00 +4.7296e-01 -8.2084e-02
1974 0 +8.909623840e-04 +1.890508910e+02 +1.890508910e+02 +2.7752e-01 -3.2990e+00 +2.6304e+00 +4.2997e-01 -6.2541e-02
2055 0 +7.913494198e-04 +1.890507913e+02 +1.890507913e+02 +3.0098e-01 -3.3342e+00 +2.6383e+00 +3.9870e-01 -5.4723e-02
2095 0 +7.030813994e-04 +1.890507031e+02 +1.890507031e+02 +3.1270e-01 -3.3498e+00 +2.6422e+00 +3.8306e-01 -5.0814e-02
2125 0 +6.264294701e-04 +1.890506264e+02 +1.890506264e+02 +3.2052e-01 -3.3616e+00 +2.6461e+00 +3.7133e-01 -4.6905e-02
2149 0 +5.614877119e-04 +1.890505615e+02 +1.890505615e+02 +3.2834e-01 -3.3694e+00 +2.6500e+00 +3.5961e-01 -4.2997e-02
2175 0 +4.929435374e-04 +1.890504929e+02 +1.890504929e+02 +3.3616e-01 -3.3811e+00 +2.6500e+00 +3.5179e-01 -4.2997e-02
2212 0 +4.418346996e-04 +1.890504418e+02 +1.890504418e+02 +3.4006e-01 -3.3928e+00 +2.6578e+00 +3.4397e-01 -3.9088e-02
2232 0 +3.974184433e-04 +1.890503974e+02 +1.890503974e+02 +3.4788e-01 -3.4006e+00 +2.6617e+00 +3.3616e-01 -3.5179e-02
2258 0 +3.513761995e-04 +1.890503514e+02 +1.890503514e+02 +3.5570e-01 -3.4124e+00 +2.6734e+00 +3.2834e-01 -3.1270e-02
2285 0 +3.114049392e-04 +1.890503114e+02 +1.890503114e+02 +3.6352e-01 -3.4241e+00 +2.6773e+00 +3.1661e-01 -2.7361e-02
2325 0 +2.773414807e-04 +1.890502773e+02 +1.890502773e+02 +3.7133e-01 -3.4397e+00 +2.6891e+00 +3.0489e-01 -2.3453e-02
2365 0 +2.508916346e-04 +1.890502509e+02 +1.890502509e+02 +3.8306e-01 -3.4554e+00 +2.6969e+00 +2.9316e-01 -1.9544e-02
2415 0 +2.228992394e-04 +1.890502229e+02 +1.890502229e+02 +3.9479e-01 -3.4749e+00 +2.6969e+00 +2.7752e-01 -1.9544e-02
2455 0 +1.980547106e-04 +1.890501981e+02 +1.890501981e+02 +4.0651e-01 -3.4866e+00 +2.6969e+00 +2.6189e-01 -1.5635e-02
2499 0 +1.770625729e-04 +1.890501771e+02 +1.890501771e+02 +4.1433e-01 -3.4984e+00 +2.7125e+00 +2.5016e-01 -7.8176e-03
2525 0 +1.573138246e-04 +1.890501573e+02 +1.890501573e+02 +4.2215e-01 -3.5101e+00 +2.7125e+00 +2.4234e-01 -7.8176e-03
2564 0 +1.408351197e-04 +1.890501408e+02 +1.890501408e+02 +4.2997e-01 -3.5179e+00 +2.7164e+00 +2.3062e-01 -3.9088e-03
2598 0 +1.254282960e-04 +1.890501254e+02 +1.890501254e+02 +4.3388e-01 -3.5335e+00 +2.7242e+00 +2.2671e-01 -3.9088e-03
2625 0 +1.109833325e-04 +1.890501110e+02 +1.890501110e+02 +4.4169e-01 -3.5414e+00 +2.7242e+00 +2.1498e-01 +1.0929e-16
2664 0 +9.991335469e-05 +1.890500999e+02 +1.890500999e+02 +4.5342e-01 -3.5492e+00 +2.7282e+00 +2.0326e-01 +3.9088e-03
2699 0 +8.806359804e-05 +1.890500881e+02 +1.890500881e+02 +4.6124e-01 -3.5609e+00 +2.7321e+00 +1.9153e-01 +7.8176e-03
2734 0 +7.855882930e-05 +1.890500786e+02 +1.890500786e+02 +4.6905e-01 -3.5726e+00 +2.7321e+00 +1.8371e-01 +7.8176e-03
2764 0 +7.018416963e-05 +1.890500702e+02 +1.890500702e+02 +4.7687e-01 -3.5804e+00 +2.7360e+00 +1.7199e-01 +1.1726e-02
2799 0 +6.253920688e-05 +1.890500625e+02 +1.890500625e+02 +4.8078e-01 -3.5883e+00 +2.7399e+00 +1.6808e-01 +1.3681e-02
2835 0 +5.515021962e-05 +1.890500552e+02 +1.890500552e+02 +4.8469e-01 -3.5961e+00 +2.7438e+00 +1.6221e-01 +1.5635e-02
2865 0 +5.001070215e-05 +1.890500500e+02 +1.890500500e+02 +4.8860e-01 -3.6019e+00 +2.7477e+00 +1.5831e-01 +1.7590e-02
2898 0 +4.440768524e-05 +1.890500444e+02 +1.890500444e+02 +4.9251e-01 -3.6078e+00 +2.7497e+00 +1.5244e-01 +1.9544e-02
2925 0 +3.951526108e-05 +1.890500395e+02 +1.890500395e+02 +4.9642e-01 -3.6137e+00 +2.7497e+00 +1.4658e-01 +1.9544e-02
2955 0 +3.546675586e-05 +1.890500355e+02 +1.890500355e+02 +5.0032e-01 -3.6195e+00 +2.7516e+00 +1.4072e-01 +2.1498e-02
2995 0 +3.157839245e-05 +1.890500316e+02 +1.890500316e+02 +5.0619e-01 -3.6274e+00 +2.7555e+00 +1.3485e-01 +2.3453e-02
3055 0 +2.795232322e-05 +1.890500280e+02 +1.890500280e+02 +5.1401e-01 -3.6391e+00 +2.7633e+00 +1.2508e-01 +2.7361e-02
3149 0 +2.509691529e-05 +1.890500251e+02 +1.890500251e+02 +5.2378e-01 -3.6567e+00 +2.7751e+00 +1.0945e-01 +3.3225e-02
3205 0 +2.225465622e-05 +1.890500223e+02 +1.890500223e+02 +5.3159e-01 -3.6684e+00 +2.7790e+00 +1.0163e-01 +3.5179e-02
3245 0 +1.976086165e-05 +1.890500198e+02 +1.890500198e+02 +5.3550e-01 -3.6743e+00 +2.7809e+00 +9.5765e-02 +3.7133e-02
3275 0 +1.744310464e-05 +1.890500174e+02 +1.890500174e+02 +5.3746e-01 -3.6801e+00 +2.7868e+00 +9.1856e-02 +3.9088e-02
3294 0 +1.564280936e-05 +1.890500156e+02 +1.890500156e+02 +5.4137e-01 -3.6821e+00 +2.7868e+00 +8.7948e-02 +4.1042e-02
3329 0 +1.381854113e-05 +1.890500138e+02 +1.890500138e+02 +5.4332e-01 -3.6860e+00 +2.7926e+00 +8.4039e-02 +4.2997e-02
3345 0 +1.229505682e-05 +1.890500123e+02 +1.890500123e+02 +5.4528e-01 -3.6899e+00 +2.7926e+00 +8.2084e-02 +4.2997e-02
3365 0 +1.092769239e-05 +1.890500109e+02 +1.890500109e+02 +5.4918e-01 -3.6918e+00 +2.7926e+00 +7.8176e-02 +4.4951e-02
3385 0 +9.964825097e-06 +1.890500100e+02 +1.890500100e+02 +5.5114e-01 -3.6958e+00 +2.7926e+00 +7.6221e-02 +4.4951e-02
3405 0 +8.756719893e-06 +1.890500088e+02 +1.890500088e+02 +5.5309e-01 -3.6997e+00 +2.7966e+00 +7.2313e-02 +4.6905e-02
3445 0 +7.759434425e-06 +1.890500078e+02 +1.890500078e+02 +5.5505e-01 -3.7055e+00 +2.8024e+00 +6.8404e-02 +4.8860e-02
3478 0 +7.065568639e-06 +1.890500071e+02 +1.890500071e+02 +5.6091e-01 -3.7114e+00 +2.8063e+00 +6.4495e-02 +5.0814e-02
3589 0 +6.296810710e-06 +1.890500063e+02 +1.890500063e+02 +5.7264e-01 -3.7290e+00 +2.8102e+00 +4.4951e-02 +5.4723e-02
3634 0 +5.581355595e-06 +1.890500056e+02 +1.890500056e+02 +5.7850e-01 -3.7368e+00 +2.8141e+00 +4.1042e-02 +5.6677e-02
3655 0 +4.908728158e-06 +1.890500049e+02 +1.890500049e+02 +5.8045e-01 -3.7407e+00 +2.8141e+00 +3.7133e-02 +5.6677e-02
3695 0 +4.440065140e-06 +1.890500044e+02 +1.890500044e+02 +5.8241e-01 -3.7436e+00 +2.8161e+00 +3.5179e-02 +5.7655e-02
3724 0 +3.978626893e-06 +1.890500040e+02 +1.890500040e+02 +5.8436e-01 -3.7456e+00 +2.8181e+00 +3.2247e-02 +5.8632e-02
3745 0 +3.480618261e-06 +1.890500035e+02 +1.890500035e+02 +5.8632e-01 -3.7485e+00 +2.8190e+00 +3.0293e-02 +5.9609e-02
3765 0 +3.152957959e-06 +1.890500032e+02 +1.890500032e+02 +5.8730e-01 -3.7505e+00 +2.8190e+00 +2.8339e-02 +5.9609e-02
3789 0 +2.795665011e-06 +1.890500028e+02 +1.890500028e+02 +5.8925e-01 -3.7524e+00 +2.8200e+00 +2.5407e-02 +6.0586e-02
3815 0 +2.505208386e-06 +1.890500025e+02 +1.890500025e+02 +5.9120e-01 -3.7554e+00 +2.8200e+00 +2.3453e-02 +6.1563e-02
3839 0 +2.236552547e-06 +1.890500022e+02 +1.890500022e+02 +5.9316e-01 -3.7573e+00 +2.8210e+00 +2.0521e-02 +6.1563e-02
3878 0 +1.983790384e-06 +1.890500020e+02 +1.890500020e+02 +5.9511e-01 -3.7612e+00 +2.8249e+00 +1.8567e-02 +6.3518e-02
3925 0 +1.755802344e-06 +1.890500018e+02 +1.890500018e+02 +5.9902e-01 -3.7661e+00 +2.8259e+00 +1.3681e-02 +6.4495e-02
4025 0 +1.583440138e-06 +1.890500016e+02 +1.890500016e+02 +6.0391e-01 -3.7759e+00 +2.8308e+00 +6.8404e-03 +6.6449e-02
4095 0 +1.394170681e-06 +1.890500014e+02 +1.890500014e+02 +6.0879e-01 -3.7818e+00 +2.8337e+00 +9.7720e-04 +6.8404e-02
4142 0 +1.253870693e-06 +1.890500013e+02 +1.890500013e+02 +6.0977e-01 -3.7857e+00 +2.8376e+00 -1.9544e-03 +7.0358e-02
4169 0 +1.098456806e-06 +1.890500011e+02 +1.890500011e+02 +6.1270e-01 -3.7876e+00 +2.8386e+00 -4.8860e-03 +7.1335e-02
4204 0 +9.961744070e-07 +1.890500010e+02 +1.890500010e+02 +6.1368e-01 -3.7905e+00 +2.8415e+00 -5.8632e-03 +7.2313e-02
4234 0 +8.825896316e-07 +1.890500009e+02 +1.890500009e+02 +6.1563e-01 -3.7925e+00 +2.8415e+00 -8.7948e-03 +7.2313e-02
4254 0 +7.928254604e-07 +1.890500008e+02 +1.890500008e+02 +6.1661e-01 -3.7945e+00 +2.8425e+00 -9.7720e-03 +7.3290e-02
4279 0 +6.939181105e-07 +1.890500007e+02 +1.890500007e+02 +6.1857e-01 -3.7964e+00 +2.8435e+00 -1.2704e-02 +7.4267e-02
4319 0 +6.229762732e-07 +1.890500006e+02 +1.890500006e+02 +6.1954e-01 -3.7993e+00 +2.8464e+00 -1.4658e-02 +7.5244e-02
4349 0 +5.607341507e-07 +1.890500006e+02 +1.890500006e+02 +6.2150e-01 -3.8023e+00 +2.8474e+00 -1.6612e-02 +7.5244e-02
4375 0 +5.004936554e-07 +1.890500005e+02 +1.890500005e+02 +6.2345e-01 -3.8052e+00 +2.8483e+00 -1.8567e-02 +7.6221e-02
4415 0 +4.437052041e-07 +1.890500004e+02 +1.890500004e+02 +6.2541e-01 -3.8091e+00 +2.8483e+00 -2.1498e-02 +7.6221e-02
4462 0 +3.980135546e-07 +1.890500004e+02 +1.890500004e+02 +6.2736e-01 -3.8120e+00 +2.8513e+00 -2.4430e-02 +7.8176e-02
4489 0 +3.533262998e-07 +1.890500004e+02 +1.890500004e+02 +6.2931e-01 -3.8140e+00 +2.8513e+00 -2.7361e-02 +7.8176e-02
4519 0 +3.129800916e-07 +1.890500003e+02 +1.890500003e+02 +6.3127e-01 -3.8160e+00 +2.8523e+00 -2.9316e-02 +7.9153e-02
4545 0 +2.686191181e-07 +1.890500003e+02 +1.890500003e+02 +6.3322e-01 -3.8189e+00 +2.8523e+00 -3.1270e-02 +7.9153e-02
4589 0 +2.501886911e-07 +1.890500003e+02 +1.890500003e+02 +6.3371e-01 -3.8208e+00 +2.8532e+00 -3.2247e-02 +7.9153e-02
4634 0 +2.230075893e-07 +1.890500002e+02 +1.890500002e+02 +6.3567e-01 -3.8228e+00 +2.8537e+00 -3.4202e-02 +7.9642e-02
4679 0 +1.984535061e-07 +1.890500002e+02 +1.890500002e+02 +6.3762e-01 -3.8247e+00 +2.8542e+00 -3.6645e-02 +8.0619e-02
4735 0 +1.774736234e-07 +1.890500002e+02 +1.890500002e+02 +6.3958e-01 -3.8277e+00 +2.8552e+00 -3.9088e-02 +8.1596e-02
4785 0 +1.575168938e-07 +1.890500002e+02 +1.890500002e+02 +6.4153e-01 -3.8301e+00 +2.8562e+00 -4.1531e-02 +8.2084e-02
4829 0 +1.409918013e-07 +1.890500001e+02 +1.890500001e+02 +6.4251e-01 -3.8321e+00 +2.8576e+00 -4.3974e-02 +8.3062e-02
4859 0 +1.254094570e-07 +1.890500001e+02 +1.890500001e+02 +6.4397e-01 -3.8335e+00 +2.8581e+00 -4.5440e-02 +8.3550e-02
4885 0 +1.118169735e-07 +1.890500001e+02 +1.890500001e+02 +6.4495e-01 -3.8350e+00 +2.8586e+00 -4.6417e-02 +8.4039e-02
4925 0 +9.660180922e-08 +1.890500001e+02 +1.890500001e+02 +6.4593e-01 -3.8370e+00 +2.8606e+00 -4.7394e-02 +8.4527e-02
4945 0 +8.724043710e-08 +1.890500001e+02 +1.890500001e+02 +6.4642e-01 -3.8379e+00 +2.8606e+00 -4.8371e-02 +8.4527e-02
4974 0 +7.869977026e-08 +1.890500001e+02 +1.890500001e+02 +6.4739e-01 -3.8389e+00 +2.8606e+00 -4.9348e-02 +8.4527e-02
4994 0 +7.023314197e-08 +1.890500001e+02 +1.890500001e+02 +6.4837e-01 -3.8399e+00 +2.8606e+00 -5.0326e-02 +8.5016e-02
5032 0 +6.296517086e-08 +1.890500001e+02 +1.890500001e+02 +6.4837e-01 -3.8418e+00 +2.8625e+00 -5.1303e-02 +8.5505e-02
5059 0 +5.609680898e-08 +1.890500001e+02 +1.890500001e+02 +6.4984e-01 -3.8428e+00 +2.8630e+00 -5.2769e-02 +8.5993e-02
5119 0 +4.999566272e-08 +1.890500000e+02 +1.890500000e+02 +6.5130e-01 -3.8453e+00 +2.8645e+00 -5.5212e-02 +8.6970e-02
5225 0 +4.446948765e-08 +1.890500000e+02 +1.890500000e+02 +6.5423e-01 -3.8502e+00 +2.8664e+00 -5.8632e-02 +8.7948e-02
5265 0 +3.897628176e-08 +1.890500000e+02 +1.890500000e+02 +6.5570e-01 -3.8521e+00 +2.8669e+00 -6.0098e-02 +8.7948e-02
5294 0 +3.494079692e-08 +1.890500000e+02 +1.890500000e+02 +6.5668e-01 -3.8526e+00 +2.8669e+00 -6.1563e-02 +8.8436e-02
5312 0 +3.100612389e-08 +1.890500000e+02 +1.890500000e+02 +6.5716e-01 -3.8536e+00 +2.8674e+00 -6.2052e-02 +8.8925e-02
5325 0 +2.749672490e-08 +1.890500000e+02 +1.890500000e+02 +6.5765e-01 -3.8546e+00 +2.8679e+00 -6.2541e-02 +8.8925e-02
5344 0 +2.461129611e-08 +1.890500000e+02 +1.890500000e+02 +6.5814e-01 -3.8550e+00 +2.8679e+00 -6.3518e-02 +8.8925e-02
5358 0 +2.231843155e-08 +1.890500000e+02 +1.890500000e+02 +6.5863e-01 -3.8560e+00 +2.8684e+00 -6.3518e-02 +8.8925e-02
5375 0 +1.922063575e-08 +1.890500000e+02 +1.890500000e+02 +6.5912e-01 -3.8565e+00 +2.8684e+00 -6.4495e-02 +8.9413e-02
5394 0 +1.741315714e-08 +1.890500000e+02 +1.890500000e+02 +6.5961e-01 -3.8570e+00 +2.8684e+00 -6.5472e-02 +8.9413e-02
5408 0 +1.582904474e-08 +1.890500000e+02 +1.890500000e+02 +6.6010e-01 -3.8580e+00 +2.8689e+00 -6.5472e-02 +8.9413e-02
5429 0 +1.411288508e-08 +1.890500000e+02 +1.890500000e+02 +6.6058e-01 -3.8585e+00 +2.8689e+00 -6.6938e-02 +8.9902e-02
5469 0 +1.257231474e-08 +1.890500000e+02 +1.890500000e+02 +6.6156e-01 -3.8604e+00 +2.8698e+00 -6.7915e-02 +8.9902e-02
5605 0 +1.121244964e-08 +1.890500000e+02 +1.890500000e+02 +6.6425e-01 -3.8641e+00 +2.8713e+00 -7.1091e-02 +9.1124e-02
5658 0 +9.947910939e-09 +1.890500000e+02 +1.890500000e+02 +6.6523e-01 -3.8653e+00 +2.8718e+00 -7.2313e-02 +9.1612e-02
50000 0 +5.400124792e-12 +1.890500000e+02 +1.890500000e+02 +6.8416e-01 -3.8933e+00 +2.8850e+00 -9.6987e-02 +9.9552e-02
% f evaluations | g evaluations | best noise-free fitness - Fopt (-2.680000000000e+01) + sum g_i+ | measured fitness | best measured fitness or single-digit g-values | x1 | x2...
1 0 +3.495211252e+01 +8.152112519e+00 +8.152112519e+00 +0.0000e+00 +0.0000e+00 +0.0000e+00 +0.0000e+00 +0.0000e+00
6 0 +1.761368684e+01 -9.186313159e+00 -9.186313159e+00 +4.5498e+00 +1.6209e+00 +1.6209e+00 +1.6209e+00 +1.6209e+00
213 0 +1.480097846e+01 -1.199902154e+01 -1.199902154e+01 -1.3062e+00 +1.0006e+00 +8.8556e-01 +5.0032e-01 +4.0026e+00
218 0 +9.685402552e+00 -1.711459745e+01 -1.711459745e+01 -1.3062e+00 +1.0006e+00 +1.3859e+00 +5.0032e-01 +4.0026e+00
222 0 +7.913139684e+00 -1.888686032e+01 -1.888686032e+01 -1.3062e+00 +1.0006e+00 +1.3859e+00 +1.0006e+00 +4.5029e+00
228 0 +6.364180109e+00 -2.043581989e+01 -2.043581989e+01 -1.3062e+00 +1.0006e+00 +1.8862e+00 +1.0006e+00 +4.5029e+00
232 0 +6.050518087e+00 -2.074948191e+01 -2.074948191e+01 -1.3062e+00 +1.0006e+00 +1.8862e+00 +1.0006e+00 +5.0032e+00
257 0 +5.551083089e+00 -2.124891691e+01 -2.124891691e+01 -1.3062e+00 +1.2508e+00 +2.1364e+00 +1.0006e+00 +5.0032e+00
1156 0 +2.807911802e+00 -2.399208820e+01 -2.399208820e+01 +1.1955e+00 -2.0013e+00 -1.2321e+00 +0.0000e+00 +1.0006e+00
1174 0 +1.908722644e+00 -2.489127736e+01 -2.489127736e+01 +6.9515e-01 -2.0013e+00 -1.2321e+00 +0.0000e+00 +1.0006e+00
1183 0 +1.640878552e+00 -2.515912145e+01 -2.515912145e+01 +6.9515e-01 -2.0013e+00 -1.2321e+00 +0.0000e+00 +1.5010e+00
1197 0 +1.081306560e+00 -2.571869344e+01 -2.571869344e+01 +6.9515e-01 -1.7511e+00 -1.2321e+00 +0.0000e+00 +1.5010e+00
1238 0 +8.070301151e-01 -2.599296988e+01 -2.599296988e+01 +7.5769e-01 -1.8137e+00 -1.2946e+00 +0.0000e+00 +1.3759e+00
1246 0 +7.359263882e-01 -2.606407361e+01 -2.606407361e+01 +8.2023e-01 -1.8762e+00 -1.2946e+00 +0.0000e+00 +1.3134e+00
1248 0 +6.684196776e-01 -2.613158032e+01 -2.613158032e+01 +8.2023e-01 -1.8762e+00 -1.3571e+00 +0.0000e+00 +1.3134e+00
1258 0 +6.278504597e-01 -2.617214954e+01 -2.617214954e+01 +8.2023e-01 -1.8762e+00 -1.4197e+00 -6.2541e-02 +1.3134e+00
1268 0 +5.395233859e-01 -2.626047661e+01 -2.626047661e+01 +8.2023e-01 -1.9388e+00 -1.4822e+00 -1.2508e-01 +1.3759e+00
1298 0 +4.939363247e-01 -2.630606368e+01 -2.630606368e+01 +9.1404e-01 -2.0326e+00 -1.5760e+00 -1.8762e-01 +1.4384e+00
1335 0 +4.459197625e-01 -2.635408024e+01 -2.635408024e+01 +9.7658e-01 -2.1264e+00 -1.6698e+00 -2.1889e-01 +1.4384e+00
1348 0 +3.729300851e-01 -2.642706991e+01 -2.642706991e+01 +1.0079e+00 -2.1889e+00 -1.7324e+00 -2.5016e-01 +1.4384e+00
1358 0 +3.345856144e-01 -2.646541439e+01 -2.646541439e+01 +1.0391e+00 -2.2202e+00 -1.7637e+00 -2.5016e-01 +1.4072e+00
1368 0 +2.852822816e-01 -2.651471772e+01 -2.651471772e+01 +1.0391e+00 -2.2515e+00 -1.7949e+00 -2.8143e-01 +1.4072e+00
1376 0 +2.703617718e-01 -2.652963823e+01 -2.652963823e+01 +1.0704e+00 -2.2827e+00 -1.7949e+00 -2.8143e-01 +1.4072e+00
1378 0 +2.507770101e-01 -2.654922299e+01 -2.654922299e+01 +1.0704e+00 -2.2827e+00 -1.8262e+00 -2.8143e-01 +1.4072e+00
1388 0 +2.139067730e-01 -2.658609323e+01 -2.658609323e+01 +1.0704e+00 -2.3140e+00 -1.8575e+00 -3.1270e-01 +1.4072e+00
1398 0 +1.894737596e-01 -2.661052624e+01 -2.661052624e+01 +1.1017e+00 -2.3453e+00 -1.8887e+00 -3.1270e-01 +1.4072e+00
1410 0 +1.746949808e-01 -2.662530502e+01 -2.662530502e+01 +1.1017e+00 -2.3453e+00 -1.9200e+00 -3.7524e-01 +1.4384e+00
1428 0 +1.484855642e-01 -2.665151444e+01 -2.665151444e+01 +1.1329e+00 -2.3765e+00 -1.9825e+00 -4.0651e-01 +1.5010e+00
1438 0 +1.397156400e-01 -2.666028436e+01 -2.666028436e+01 +1.1642e+00 -2.4078e+00 -2.0138e+00 -4.0651e-01 +1.4697e+00
1468 0 +1.206005010e-01 -2.667939950e+01 -2.667939950e+01 +1.1955e+00 -2.4391e+00 -2.1076e+00 -5.0032e-01 +1.5322e+00
1480 0 +1.115644634e-01 -2.668843554e+01 -2.668843554e+01 +1.2267e+00 -2.4704e+00 -2.1389e+00 -5.3159e-01 +1.5322e+00
1498 0 +9.854117811e-02 -2.670145882e+01 -2.670145882e+01 +1.2267e+00 -2.5016e+00 -2.2014e+00 -5.6287e-01 +1.5635e+00
1510 0 +8.446090508e-02 -2.671553909e+01 -2.671553909e+01 +1.2580e+00 -2.5329e+00 -2.2327e+00 -5.9414e-01 +1.5948e+00
1528 0 +7.866097489e-02 -2.672133903e+01 -2.672133903e+01 +1.2736e+00 -2.5485e+00 -2.2483e+00 -5.9414e-01 +1.5948e+00
1550 0 +7.053983656e-02 -2.672946016e+01 -2.672946016e+01 +1.2893e+00 -2.5642e+00 -2.2796e+00 -6.2541e-01 +1.5948e+00
1568 0 +6.287764348e-02 -2.673712236e+01 -2.673712236e+01 +1.3049e+00 -2.5798e+00 -2.3109e+00 -6.4104e-01 +1.6261e+00
1598 0 +5.366782655e-02 -2.674633217e+01 -2.674633217e+01 +1.3206e+00 -2.6111e+00 -2.3578e+00 -6.7231e-01 +1.6417e+00
1618 0 +4.950368266e-02 -2.675049632e+01 -2.675049632e+01 +1.3362e+00 -2.6267e+00 -2.3891e+00 -6.8795e-01 +1.6417e+00
1638 0 +4.443835408e-02 -2.675556165e+01 -2.675556165e+01 +1.3518e+00 -2.6423e+00 -2.4203e+00 -7.1922e-01 +1.6730e+00
1668 0 +3.916324091e-02 -2.676083676e+01 -2.676083676e+01 +1.3831e+00 -2.6580e+00 -2.4672e+00 -7.5049e-01 +1.6886e+00
1688 0 +3.459802982e-02 -2.676540197e+01 -2.676540197e+01 +1.3987e+00 -2.6892e+00 -2.4985e+00 -7.6612e-01 +1.7042e+00
1708 0 +3.017685248e-02 -2.676982315e+01 -2.676982315e+01 +1.3987e+00 -2.7049e+00 -2.5298e+00 -7.9739e-01 +1.7199e+00
1720 0 +2.725018958e-02 -2.677274981e+01 -2.677274981e+01 +1.4144e+00 -2.7205e+00 -2.5454e+00 -8.1303e-01 +1.7355e+00
1738 0 +2.506218138e-02 -2.677493782e+01 -2.677493782e+01 +1.4300e+00 -2.7205e+00 -2.5767e+00 -8.2866e-01 +1.7511e+00
1750 0 +2.224509391e-02 -2.677775491e+01 -2.677775491e+01 +1.4300e+00 -2.7361e+00 -2.5923e+00 -8.5993e-01 +1.7668e+00
1768 0 +1.969577534e-02 -2.678030422e+01 -2.678030422e+01 +1.4456e+00 -2.7361e+00 -2.6236e+00 -8.7557e-01 +1.7980e+00
1790 0 +1.753052114e-02 -2.678246948e+01 -2.678246948e+01 +1.4456e+00 -2.7361e+00 -2.6549e+00 -9.2247e-01 +1.8293e+00
1813 0 +1.583516729e-02 -2.678416483e+01 -2.678416483e+01 +1.4613e+00 -2.7361e+00 -2.6861e+00 -9.5374e-01 +1.8762e+00
1900 0 +1.405923955e-02 -2.678594076e+01 -2.678594076e+01 +1.4847e+00 -2.7596e+00 -2.7409e+00 -1.0006e+00 +1.9388e+00
1958 0 +1.242806231e-02 -2.678757194e+01 -2.678757194e+01 +1.5004e+00 -2.7831e+00 -2.7878e+00 -1.0319e+00 +1.9622e+00
1993 0 +1.118193594e-02 -2.678881806e+01 -2.678881806e+01 +1.5082e+00 -2.7831e+00 -2.8112e+00 -1.0632e+00 +1.9935e+00
2020 0 +9.823521667e-03 -2.679017648e+01 -2.679017648e+01 +1.5160e+00 -2.7831e+00 -2.8347e+00 -1.0866e+00 +2.0091e+00
2038 0 +8.738238208e-03 -2.679126176e+01 -2.679126176e+01 +1.5238e+00 -2.7909e+00 -2.8503e+00 -1.0945e+00 +2.0248e+00
2058 0 +7.881007160e-03 -2.679211899e+01 -2.679211899e+01 +1.5316e+00 -2.7987e+00 -2.8659e+00 -1.1023e+00 +2.0404e+00
2078 0 +6.808208114e-03 -2.679319179e+01 -2.679319179e+01 +1.5316e+00 -2.8065e+00 -2.8816e+00 -1.1179e+00 +2.0560e+00
2090 0 +6.211431300e-03 -2.679378857e+01 -2.679378857e+01 +1.5394e+00 -2.8065e+00 -2.8894e+00 -1.1335e+00 +2.0638e+00
2110 0 +5.524882409e-03 -2.679447512e+01 -2.679447512e+01 +1.5394e+00 -2.8065e+00 -2.9050e+00 -1.1492e+00 +2.0795e+00
2130 0 +4.888298691e-03 -2.679511170e+01 -2.679511170e+01 +1.5473e+00 -2.8065e+00 -2.9207e+00 -1.1648e+00 +2.0951e+00
2148 0 +4.419009091e-03 -2.679558099e+01 -2.679558099e+01 +1.5551e+00 -2.8143e+00 -2.9363e+00 -1.1726e+00 +2.1107e+00
2178 0 +3.977937911e-03 -2.679602206e+01 -2.679602206e+01 +1.5629e+00 -2.8143e+00 -2.9597e+00 -1.1961e+00 +2.1342e+00
2268 0 +3.541135950e-03 -2.679645886e+01 -2.679645886e+01 +1.5864e+00 -2.8378e+00 -3.0301e+00 -1.2586e+00 +2.2046e+00
2310 0 +3.143605421e-03 -2.679685639e+01 -2.679685639e+01 +1.5942e+00 -2.8378e+00 -3.0614e+00 -1.2977e+00 +2.2358e+00
2328 0 +2.812357386e-03 -2.679718764e+01 -2.679718764e+01 +1.6020e+00 -2.8456e+00 -3.0770e+00 -1.3055e+00 +2.2515e+00
2348 0 +2.429012660e-03 -2.679757099e+01 -2.679757099e+01 +1.6098e+00 -2.8456e+00 -3.0926e+00 -1.3212e+00 +2.2671e+00
2360 0 +2.184573712e-03 -2.679781543e+01 -2.679781543e+01 +1.6098e+00 -2.8456e+00 -3.1005e+00 -1.3368e+00 +2.2749e+00
2373 0 +1.979964346e-03 -2.679802004e+01 -2.679802004e+01 +1.6098e+00 -2.8456e+00 -3.1083e+00 -1.3446e+00 +2.2905e+00
2383 0 +1.773973171e-03 -2.679822603e+01 -2.679822603e+01 +1.6176e+00 -2.8456e+00 -3.1161e+00 -1.3524e+00 +2.2984e+00
2428 0 +1.536005304e-03 -2.679846399e+01 -2.679846399e+01 +1.6176e+00 -2.8495e+00 -3.1278e+00 -1.3603e+00 +2.3218e+00
2448 0 +1.400927863e-03 -2.679859907e+01 -2.679859907e+01 +1.6215e+00 -2.8495e+00 -3.1356e+00 -1.3681e+00 +2.3296e+00
2478 0 +1.217857548e-03 -2.679878214e+01 -2.679878214e+01 +1.6254e+00 -2.8534e+00 -3.1474e+00 -1.3798e+00 +2.3414e+00
2508 0 +1.098517400e-03 -2.679890148e+01 -2.679890148e+01 +1.6293e+00 -2.8534e+00 -3.1591e+00 -1.3915e+00 +2.3531e+00
2548 0 +9.959086426e-04 -2.679900409e+01 -2.679900409e+01 +1.6333e+00 -2.8534e+00 -3.1747e+00 -1.4072e+00 +2.3687e+00
2640 0 +8.901702873e-04 -2.679910983e+01 -2.679910983e+01 +1.6450e+00 -2.8651e+00 -3.2099e+00 -1.4423e+00 +2.4039e+00
2718 0 +7.884962634e-04 -2.679921150e+01 -2.679921150e+01 +1.6567e+00 -2.8690e+00 -3.2412e+00 -1.4697e+00 +2.4352e+00
2748 0 +7.052589893e-04 -2.679929474e+01 -2.679929474e+01 +1.6606e+00 -2.8730e+00 -3.2529e+00 -1.4814e+00 +2.4469e+00
2778 0 +6.209563653e-04 -2.679937904e+01 -2.679937904e+01 +1.6645e+00 -2.8730e+00 -3.2646e+00 -1.4932e+00 +2.4586e+00
2798 0 +5.622300960e-04 -2.679943777e+01 -2.679943777e+01 +1.6684e+00 -2.8730e+00 -3.2724e+00 -1.5010e+00 +2.4664e+00
2818 0 +4.956353192e-04 -2.679950436e+01 -2.679950436e+01 +1.6684e+00 -2.8769e+00 -3.2803e+00 -1.5088e+00 +2.4743e+00
2840 0 +4.336356178e-04 -2.679956636e+01 -2.679956636e+01 +1.6723e+00 -2.8808e+00 -3.2881e+00 -1.5166e+00 +2.4821e+00
2858 0 +3.899436137e-04 -2.679961006e+01 -2.679961006e+01 +1.6763e+00 -2.8847e+00 -3.2959e+00 -1.5205e+00 +2.4899e+00
2880 0 +3.491707702e-04 -2.679965083e+01 -2.679965083e+01 +1.6763e+00 -2.8847e+00 -3.3037e+00 -1.5322e+00 +2.4977e+00
2903 0 +3.146478729e-04 -2.679968535e+01 -2.679968535e+01 +1.6802e+00 -2.8847e+00 -3.3115e+00 -1.5401e+00 +2.5094e+00
2928 0 +2.815936966e-04 -2.679971841e+01 -2.679971841e+01 +1.6841e+00 -2.8886e+00 -3.3233e+00 -1.5479e+00 +2.5173e+00
2968 0 +2.504438197e-04 -2.679974956e+01 -2.679974956e+01 +1.6880e+00 -2.8886e+00 -3.3389e+00 -1.5635e+00 +2.5329e+00
3005 0 +2.237903535e-04 -2.679977621e+01 -2.679977621e+01 +1.6958e+00 -2.8925e+00 -3.3506e+00 -1.5791e+00 +2.5485e+00
3038 0 +1.964197975e-04 -2.679980358e+01 -2.679980358e+01 +1.6997e+00 -2.8925e+00 -3.3663e+00 -1.5909e+00 +2.5603e+00
3060 0 +1.776011617e-04 -2.679982240e+01 -2.679982240e+01 +1.7036e+00 -2.8925e+00 -3.3741e+00 -1.6026e+00 +2.5681e+00
3086 0 +1.566497739e-04 -2.679984335e+01 -2.679984335e+01 +1.7075e+00 -2.9003e+00 -3.3819e+00 -1.6065e+00 +2.5798e+00
3103 0 +1.403408495e-04 -2.679985966e+01 -2.679985966e+01 +1.7075e+00 -2.9003e+00 -3.3897e+00 -1.6143e+00 +2.5876e+00
3133 0 +1.253315656e-04 -2.679987467e+01 -2.679987467e+01 +1.7075e+00 -2.9042e+00 -3.3975e+00 -1.6221e+00 +2.5993e+00
3158 0 +1.118381246e-04 -2.679988816e+01 -2.679988816e+01 +1.7114e+00 -2.9042e+00 -3.4093e+00 -1.6300e+00 +2.6072e+00
3198 0 +9.937466695e-05 -2.679990063e+01 -2.679990063e+01 +1.7153e+00 -2.9062e+00 -3.4151e+00 -1.6378e+00 +2.6189e+00
3250 0 +8.846550153e-05 -2.679991153e+01 -2.679991153e+01 +1.7173e+00 -2.9062e+00 -3.4249e+00 -1.6495e+00 +2.6287e+00
3298 0 +7.829132927e-05 -2.679992171e+01 -2.679992171e+01 +1.7212e+00 -2.9081e+00 -3.4347e+00 -1.6573e+00 +2.6384e+00
3338 0 +7.016366019e-05 -2.679992984e+01 -2.679992984e+01 +1.7232e+00 -2.9081e+00 -3.4425e+00 -1.6651e+00 +2.6462e+00
3368 0 +6.238911455e-05 -2.679993761e+01 -2.679993761e+01 +1.7251e+00 -2.9101e+00 -3.4483e+00 -1.6710e+00 +2.6521e+00
3398 0 +5.516193215e-05 -2.679994484e+01 -2.679994484e+01 +1.7290e+00 -2.9101e+00 -3.4542e+00 -1.6769e+00 +2.6580e+00
3423 0 +4.978242557e-05 -2.679995022e+01 -2.679995022e+01 +1.7290e+00 -2.9101e+00 -3.4581e+00 -1.6827e+00 +2.6638e+00
3448 0 +4.441390798e-05 -2.679995559e+01 -2.679995559e+01 +1.7310e+00 -2.9140e+00 -3.4640e+00 -1.6847e+00 +2.6677e+00
3468 0 +3.969920000e-05 -2.679996030e+01 -2.679996030e+01 +1.7329e+00 -2.9160e+00 -3.4679e+00 -1.6886e+00 +2.6717e+00
3498 0 +3.521885237e-05 -2.679996478e+01 -2.679996478e+01 +1.7349e+00 -2.9160e+00 -3.4738e+00 -1.6945e+00 +2.6775e+00
3530 0 +3.131542885e-05 -2.679996868e+01 -2.679996868e+01 +1.7368e+00 -2.9160e+00 -3.4796e+00 -1.7023e+00 +2.6834e+00
3575 0 +2.814763436e-05 -2.679997185e+01 -2.679997185e+01 +1.7407e+00 -2.9179e+00 -3.4874e+00 -1.7101e+00 +2.6932e+00
3650 0 +2.510673121e-05 -2.679997489e+01 -2.679997489e+01 +1.7447e+00 -2.9199e+00 -3.5031e+00 -1.7257e+00 +2.7068e+00
3696 0 +2.224636126e-05 -2.679997775e+01 -2.679997775e+01 +1.7486e+00 -2.9238e+00 -3.5109e+00 -1.7316e+00 +2.7166e+00
3720 0 +1.959510631e-05 -2.679998040e+01 -2.679998040e+01 +1.7505e+00 -2.9238e+00 -3.5167e+00 -1.7375e+00 +2.7205e+00
3738 0 +1.773864134e-05 -2.679998226e+01 -2.679998226e+01 +1.7505e+00 -2.9257e+00 -3.5207e+00 -1.7394e+00 +2.7244e+00
3758 0 +1.550323933e-05 -2.679998450e+01 -2.679998450e+01 +1.7525e+00 -2.9257e+00 -3.5246e+00 -1.7433e+00 +2.7283e+00
3770 0 +1.406518684e-05 -2.679998593e+01 -2.679998593e+01 +1.7525e+00 -2.9257e+00 -3.5265e+00 -1.7472e+00 +2.7303e+00
3788 0 +1.257578386e-05 -2.679998742e+01 -2.679998742e+01 +1.7544e+00 -2.9257e+00 -3.5304e+00 -1.7492e+00 +2.7342e+00
3798 0 +1.116863514e-05 -2.679998883e+01 -2.679998883e+01 +1.7544e+00 -2.9277e+00 -3.5324e+00 -1.7511e+00 +2.7361e+00
3813 0 +9.927380187e-06 -2.679999007e+01 -2.679999007e+01 +1.7564e+00 -2.9277e+00 -3.5343e+00 -1.7550e+00 +2.7401e+00
3833 0 +8.683782514e-06 -2.679999132e+01 -2.679999132e+01 +1.7564e+00 -2.9277e+00 -3.5382e+00 -1.7590e+00 +2.7440e+00
3850 0 +7.877821886e-06 -2.679999212e+01 -2.679999212e+01 +1.7583e+00 -2.9277e+00 -3.5422e+00 -1.7629e+00 +2.7459e+00
3948 0 +7.059549670e-06 -2.679999294e+01 -2.679999294e+01 +1.7564e+00 -2.9287e+00 -3.5451e+00 -1.7648e+00 +2.7616e+00
4108 0 +6.304258541e-06 -2.679999370e+01 -2.679999370e+01 +1.7622e+00 -2.9306e+00 -3.5607e+00 -1.7805e+00 +2.7772e+00
4168 0 +5.576272351e-06 -2.679999442e+01 -2.679999442e+01 +1.7642e+00 -2.9316e+00 -3.5666e+00 -1.7863e+00 +2.7831e+00
4198 0 +4.966380423e-06 -2.679999503e+01 -2.679999503e+01 +1.7652e+00 -2.9326e+00 -3.5695e+00 -1.7892e+00 +2.7860e+00
4223 0 +4.452408142e-06 -2.679999555e+01 -2.679999555e+01 +1.7662e+00 -2.9326e+00 -3.5715e+00 -1.7922e+00 +2.7889e+00
4248 0 +3.945152638e-06 -2.679999605e+01 -2.679999605e+01 +1.7671e+00 -2.9326e+00 -3.5744e+00 -1.7941e+00 +2.7909e+00
4270 0 +3.479799101e-06 -2.679999652e+01 -2.679999652e+01 +1.7671e+00 -2.9326e+00 -3.5764e+00 -1.7971e+00 +2.7928e+00
4288 0 +3.122985092e-06 -2.679999688e+01 -2.679999688e+01 +1.7681e+00 -2.9335e+00 -3.5783e+00 -1.7980e+00 +2.7948e+00
4308 0 +2.798150614e-06 -2.679999720e+01 -2.679999720e+01 +1.7691e+00 -2.9335e+00 -3.5803e+00 -1.8000e+00 +2.7967e+00
4330 0 +2.496301278e-06 -2.679999750e+01 -2.679999750e+01 +1.7691e+00 -2.9335e+00 -3.5822e+00 -1.8029e+00 +2.7987e+00
4353 0 +2.228806718e-06 -2.679999777e+01 -2.679999777e+01 +1.7701e+00 -2.9335e+00 -3.5842e+00 -1.8049e+00 +2.8016e+00
4383 0 +1.974117460e-06 -2.679999803e+01 -2.679999803e+01 +1.7710e+00 -2.9345e+00 -3.5871e+00 -1.8078e+00 +2.8046e+00
4423 0 +1.771065918e-06 -2.679999823e+01 -2.679999823e+01 +1.7730e+00 -2.9345e+00 -3.5910e+00 -1.8117e+00 +2.8085e+00
4505 0 +1.583894957e-06 -2.679999842e+01 -2.679999842e+01 +1.7759e+00 -2.9355e+00 -3.5988e+00 -1.8195e+00 +2.8163e+00
4588 0 +1.407579898e-06 -2.679999859e+01 -2.679999859e+01 +1.7759e+00 -2.9384e+00 -3.6037e+00 -1.8225e+00 +2.8241e+00
4670 0 +1.236203978e-06 -2.679999876e+01 -2.679999876e+01 +1.7759e+00 -2.9384e+00 -3.6057e+00 -1.8254e+00 +2.8304e+00
4710 0 +1.113534694e-06 -2.679999889e+01 -2.679999889e+01 +1.7764e+00 -2.9389e+00 -3.6076e+00 -1.8274e+00 +2.8324e+00
4758 0 +9.950702129e-07 -2.679999900e+01 -2.679999900e+01 +1.7769e+00 -2.9384e+00 -3.6096e+00 -1.8293e+00 +2.8348e+00
4790 0 +8.895449355e-07 -2.679999911e+01 -2.679999911e+01 +1.7774e+00 -2.9384e+00 -3.6110e+00 -1.8313e+00 +2.8363e+00
4830 0 +7.817593684e-07 -2.679999922e+01 -2.679999922e+01 +1.7784e+00 -2.9389e+00 -3.6130e+00 -1.8332e+00 +2.8383e+00
4868 0 +7.077266311e-07 -2.679999929e+01 -2.679999929e+01 +1.7789e+00 -2.9389e+00 -3.6150e+00 -1.8347e+00 +2.8402e+00
4908 0 +6.297413577e-07 -2.679999937e+01 -2.679999937e+01 +1.7793e+00 -2.9394e+00 -3.6169e+00 -1.8366e+00 +2.8422e+00
4950 0 +5.608895677e-07 -2.679999944e+01 -2.679999944e+01 +1.7803e+00 -2.9394e+00 -3.6189e+00 -1.8391e+00 +2.8441e+00
5005 0 +5.008449442e-07 -2.679999950e+01 -2.679999950e+01 +1.7813e+00 -2.9399e+00 -3.6213e+00 -1.8415e+00 +2.8471e+00
5078 0 +4.463166690e-07 -2.679999955e+01 -2.679999955e+01 +1.7818e+00 -2.9394e+00 -3.6242e+00 -1.8445e+00 +2.8505e+00
5130 0 +3.950921190e-07 -2.679999960e+01 -2.679999960e+01 +1.7828e+00 -2.9399e+00 -3.6267e+00 -1.8474e+00 +2.8529e+00
5178 0 +3.544290870e-07 -2.679999965e+01 -2.679999965e+01 +1.7837e+00 -2.9399e+00 -3.6291e+00 -1.8493e+00 +2.8554e+00
5218 0 +3.145619942e-07 -2.679999969e+01 -2.679999969e+01 +1.7842e+00 -2.9404e+00 -3.6311e+00 -1.8513e+00 +2.8573e+00
5253 0 +2.809206805e-07 -2.679999972e+01 -2.679999972e+01 +1.7847e+00 -2.9404e+00 -3.6325e+00 -1.8533e+00 +2.8593e+00
5293 0 +2.486549491e-07 -2.679999975e+01 -2.679999975e+01 +1.7852e+00 -2.9409e+00 -3.6345e+00 -1.8552e+00 +2.8612e+00
5350 0 +2.238482075e-07 -2.679999978e+01 -2.679999978e+01 +1.7857e+00 -2.9409e+00 -3.6360e+00 -1.8567e+00 +2.8637e+00
5400 0 +1.972281609e-07 -2.679999980e+01 -2.679999980e+01 +1.7862e+00 -2.9414e+00 -3.6384e+00 -1.8591e+00 +2.8661e+00
5480 0 +1.777434520e-07 -2.679999982e+01 -2.679999982e+01 +1.7862e+00 -2.9409e+00 -3.6399e+00 -1.8611e+00 +2.8700e+00
5583 0 +1.583396596e-07 -2.679999984e+01 -2.679999984e+01 +1.7862e+00 -2.9404e+00 -3.6413e+00 -1.8630e+00 +2.8754e+00
5643 0 +1.409987611e-07 -2.679999986e+01 -2.679999986e+01 +1.7862e+00 -2.9399e+00 -3.6428e+00 -1.8650e+00 +2.8783e+00
5700 0 +1.223076325e-07 -2.679999988e+01 -2.679999988e+01 +1.7862e+00 -2.9394e+00 -3.6443e+00 -1.8669e+00 +2.8808e+00
5760 0 +1.085147083e-07 -2.679999989e+01 -2.679999989e+01 +1.7857e+00 -2.9389e+00 -3.6452e+00 -1.8684e+00 +2.8837e+00
5780 0 +9.631325781e-08 -2.679999990e+01 -2.679999990e+01 +1.7862e+00 -2.9389e+00 -3.6462e+00 -1.8694e+00 +2.8847e+00
5820 0 +8.720834188e-08 -2.679999991e+01 -2.679999991e+01 +1.7864e+00 -2.9389e+00 -3.6470e+00 -1.8701e+00 +2.8861e+00
5853 0 +7.939852864e-08 -2.679999992e+01 -2.679999992e+01 +1.7867e+00 -2.9392e+00 -3.6477e+00 -1.8708e+00 +2.8871e+00
5890 0 +7.058330098e-08 -2.679999993e+01 -2.679999993e+01 +1.7872e+00 -2.9392e+00 -3.6487e+00 -1.8718e+00 +2.8879e+00
5938 0 +6.261037910e-08 -2.679999994e+01 -2.679999994e+01 +1.7877e+00 -2.9394e+00 -3.6499e+00 -1.8728e+00 +2.8891e+00
5988 0 +5.604318787e-08 -2.679999994e+01 -2.679999994e+01 +1.7879e+00 -2.9397e+00 -3.6511e+00 -1.8740e+00 +2.8903e+00
6068 0 +5.006226900e-08 -2.679999995e+01 -2.679999995e+01 +1.7886e+00 -2.9399e+00 -3.6531e+00 -1.8760e+00 +2.8923e+00
6218 0 +4.456254743e-08 -2.679999996e+01 -2.679999996e+01 +1.7899e+00 -2.9404e+00 -3.6567e+00 -1.8796e+00 +2.8959e+00
6280 0 +3.944241911e-08 -2.679999996e+01 -2.679999996e+01 +1.7903e+00 -2.9404e+00 -3.6582e+00 -1.8813e+00 +2.8974e+00
6318 0 +3.522698577e-08 -2.679999996e+01 -2.679999996e+01 +1.7908e+00 -2.9406e+00 -3.6592e+00 -1.8821e+00 +2.8984e+00
6348 0 +3.159723505e-08 -2.679999997e+01 -2.679999997e+01 +1.7911e+00 -2.9406e+00 -3.6599e+00 -1.8828e+00 +2.8991e+00
6373 0 +2.806732624e-08 -2.679999997e+01 -2.679999997e+01 +1.7911e+00 -2.9409e+00 -3.6604e+00 -1.8835e+00 +2.8998e+00
6400 0 +2.468508953e-08 -2.679999998e+01 -2.679999998e+01 +1.7913e+00 -2.9409e+00 -3.6611e+00 -1.8843e+00 +2.9003e+00
6420 0 +2.232080476e-08 -2.679999998e+01 -2.679999998e+01 +1.7916e+00 -2.9409e+00 -3.6616e+00 -1.8848e+00 +2.9008e+00
6446 0 +1.994901666e-08 -2.679999998e+01 -2.679999998e+01 +1.7918e+00 -2.9411e+00 -3.6621e+00 -1.8853e+00 +2.9015e+00
6470 0 +1.756695767e-08 -2.679999998e+01 -2.679999998e+01 +1.7921e+00 -2.9411e+00 -3.6628e+00 -1.8860e+00 +2.9020e+00
6498 0 +1.582144549e-08 -2.679999998e+01 -2.679999998e+01 +1.7923e+00 -2.9411e+00 -3.6636e+00 -1.8865e+00 +2.9028e+00
6528 0 +1.411494566e-08 -2.679999999e+01 -2.679999999e+01 +1.7925e+00 -2.9414e+00 -3.6643e+00 -1.8872e+00 +2.9035e+00
6580 0 +1.253926385e-08 -2.679999999e+01 -2.679999999e+01 +1.7930e+00 -2.9414e+00 -3.6655e+00 -1.8887e+00 +2.9047e+00
6803 0 +1.119980197e-08 -2.679999999e+01 -2.679999999e+01 +1.7933e+00 -2.9418e+00 -3.6682e+00 -1.8916e+00 +2.9103e+00
6853 0 +9.954270297e-09 -2.679999999e+01 -2.679999999e+01 +1.7935e+00 -2.9416e+00 -3.6692e+00 -1.8926e+00 +2.9116e+00
11293 0 +9.983125437e-13 -2.680000000e+01 -2.680000000e+01 +1.7996e+00 -2.9421e+00 -3.6926e+00 -1.9178e+00 +2.9431e+00
50000 0 +6.927791674e-13 -2.680000000e+01 -2.680000000e+01 +1.7996e+00 -2.9420e+00 -3.6928e+00 -1.9181e+00 +2.9435e+00
% f evaluations | g evaluations | best noise-free fitness - Fopt (1.986000000000e+01) + sum g_i+ | measured fitness | best measured fitness or single-digit g-values | x1 | x2...
1 0 +5.764133870e+01 +7.750133870e+01 +7.750133870e+01 +0.0000e+00 +0.0000e+00 +0.0000e+00 +0.0000e+00 +0.0000e+00
3 0 +4.390067541e+01 +6.376067541e+01 +6.376067541e+01 -1.3081e+00 +1.6209e+00 +1.6209e+00 +1.6209e+00 +1.6209e+00
9 0 +9.691738396e+00 +2.955173840e+01 +2.955173840e+01 +1.6209e+00 -1.3081e+00 +1.6209e+00 +1.6209e+00 +1.6209e+00
168 0 +8.411682363e+00 +2.827168236e+01 +2.827168236e+01 -4.2624e-01 -2.0013e+00 +2.0013e+00 -1.0006e+00 +1.0006e+00
184 0 +7.910247263e+00 +2.777024726e+01 +2.777024726e+01 +7.4089e-02 -2.0013e+00 +2.0013e+00 -1.0006e+00 +1.0006e+00
50000 0 +7.271629194e+00 +2.713162919e+01 +2.713162919e+01 +2.5433e-02 -1.8299e+00 +2.2812e+00 -1.3938e+00 +1.0481e+00
% f evaluations | g evaluations | best noise-free fitness - Fopt (-1.607900000000e+02) + sum g_i+ | measured fitness | best measured fitness or single-digit g-values | x1 | x2...
1 0 +5.539024960e+01 -1.053997504e+02 -1.053997504e+02 +0.0000e+00 +0.0000e+00 +0.0000e+00 +0.0000e+00 +0.0000e+00
2 0 +4.713652497e+01 -1.136534750e+02 -1.136534750e+02 -2.9289e+00 +0.0000e+00 +0.0000e+00 +0.0000e+00 +0.0000e+00
17 0 +3.303210003e+01 -1.277579000e+02 -1.277579000e+02 +0.0000e+00 +0.0000e+00 +2.9289e+00 +0.0000e+00 +0.0000e+00
32 0 +2.623770662e+01 -1.345522934e+02 -1.345522934e+02 -2.1231e+00 +0.0000e+00 +2.9289e+00 +0.0000e+00 +0.0000e+00
43 0 +9.085866343e+00 -1.517041337e+02 -1.517041337e+02 -1.1749e+00 +9.4818e-01 +1.7540e+00 -1.1749e+00 -1.1749e+00
163 0 +8.483807147e+00 -1.523061929e+02 -1.523061929e+02 -2.0013e+00 +1.0006e+00 +5.7441e-01 -1.0006e+00 +0.0000e+00
166 0 +7.556925348e+00 -1.532330747e+02 -1.532330747e+02 -2.0013e+00 +2.0013e+00 +5.7441e-01 -1.0006e+00 +0.0000e+00
168 0 +2.919845096e+00 -1.578701549e+02 -1.578701549e+02 -2.0013e+00 +2.0013e+00 +1.5751e+00 -1.0006e+00 +0.0000e+00
171 0 +2.100582056e+00 -1.586894179e+02 -1.586894179e+02 -2.0013e+00 +2.0013e+00 +1.5751e+00 -1.0006e+00 -1.0006e+00
221 0 +1.986005401e+00 -1.588039946e+02 -1.588039946e+02 -1.7511e+00 +2.0013e+00 +1.8252e+00 -1.2508e+00 -7.5049e-01
50029 0 +1.954998860e+00 -1.588350011e+02 -1.588350011e+02 -1.7874e+00 +2.0070e+00 +1.7237e+00 -1.1322e+00 -6.7432e-01
% f evaluations | g evaluations | best noise-free fitness - Fopt (1.420200000000e+02) + sum g_i+ | measured fitness | best measured fitness or single-digit g-values | x1 | x2...
1 0 +3.321443486e+01 +1.752344349e+02 +1.752344349e+02 +0.0000e+00 +0.0000e+00 +0.0000e+00 +0.0000e+00 +0.0000e+00
2 0 +2.914737006e+01 +1.711673701e+02 +1.711673701e+02 -2.9289e+00 +0.0000e+00 +0.0000e+00 +0.0000e+00 +0.0000e+00
29 0 +8.981908759e+00 +1.510019088e+02 +1.510019088e+02 +0.0000e+00 +0.0000e+00 +0.0000e+00 +0.0000e+00 +2.9289e+00
50029 0 +8.981908759e+00 +1.510019088e+02 +1.510019088e+02 +0.0000e+00 +0.0000e+00 +0.0000e+00 +0.0000e+00 +2.9289e+00
% f evaluations | g evaluations | best noise-free fitness - Fopt (6.289000000000e+01) + sum g_i+ | measured fitness | best measured fitness or single-digit g-values | x1 | x2...
1 0 +7.544469122e+01 +1.383346912e+02 +1.383346912e+02 +0.0000e+00 +0.0000e+00 +0.0000e+00 +0.0000e+00 +0.0000e+00
2 0 +5.155078774e+01 +1.144407877e+02 +1.144407877e+02 -2.9289e+00 +0.0000e+00 +0.0000e+00 +0.0000e+00 +0.0000e+00
6 0 +4.267994865e+01 +1.055699486e+02 +1.055699486e+02 +4.5498e+00 +1.6209e+00 +1.6209e+00 +1.6209e+00 +1.6209e+00
163 0 +3.112385263e+01 +9.401385263e+01 +9.401385263e+01 -2.0013e+00 +0.0000e+00 +1.4269e+00 +1.0006e+00 +0.0000e+00
173 0 +1.697709143e+01 +7.986709143e+01 +7.986709143e+01 -3.0019e+00 +0.0000e+00 +1.4269e+00 +2.0013e+00 +0.0000e+00
183 0 +1.399895138e+01 +7.688895138e+01 +7.688895138e+01 -4.0026e+00 +0.0000e+00 +1.4269e+00 +2.0013e+00 +0.0000e+00
209 0 +1.233769423e+01 +7.522769423e+01 +7.522769423e+01 -4.0026e+00 +0.0000e+00 +1.9272e+00 +1.5010e+00 +0.0000e+00
232 0 +1.117931596e+01 +7.406931596e+01 +7.406931596e+01 -3.7524e+00 -2.5016e-01 +1.9272e+00 +1.7511e+00 -2.5016e-01
10509 0 +6.596893379e+00 +6.948689338e+01 +6.948689338e+01 -1.8864e+00 +0.0000e+00 +3.7351e+00 +0.0000e+00 +2.8099e+00
10527 0 +4.817607992e+00 +6.770760799e+01 +6.770760799e+01 -1.8864e+00 +5.0032e-01 +3.7351e+00 +0.0000e+00 +2.8099e+00
10529 0 +3.056913907e+00 +6.594691391e+01 +6.594691391e+01 -1.8864e+00 +5.0032e-01 +4.2354e+00 +0.0000e+00 +2.8099e+00
10533 0 +2.153661077e+00 +6.504366108e+01 +6.504366108e+01 -1.8864e+00 +5.0032e-01 +4.2354e+00 +5.0032e-01 +3.3103e+00
10547 0 +1.993641066e+00 +6.488364107e+01 +6.488364107e+01 -1.8864e+00 +1.0006e+00 +4.7358e+00 +5.0032e-01 +3.8106e+00
14338 0 +1.705694588e+00 +6.459569459e+01 +6.459569459e+01 +6.1524e-01 -1.5010e+00 +2.5425e+00 +2.5016e+00 -1.0006e+00
14362 0 +5.769769939e-01 +6.346697699e+01 +6.346697699e+01 +8.6541e-01 -1.5010e+00 +2.2923e+00 +2.5016e+00 -1.0006e+00
14369 0 +4.894034865e-01 +6.337940349e+01 +6.337940349e+01 +1.1156e+00 -1.5010e+00 +2.2923e+00 +2.5016e+00 -1.0006e+00
14379 0 +3.632722373e-01 +6.325327224e+01 +6.325327224e+01 +1.3657e+00 -1.7511e+00 +2.2923e+00 +2.5016e+00 -1.0006e+00
14402 0 +3.317414453e-01 +6.322174145e+01 +6.322174145e+01 +1.3657e+00 -1.7511e+00 +2.1672e+00 +2.5016e+00 -1.0006e+00
14409 0 +2.561091544e-01 +6.314610915e+01 +6.314610915e+01 +1.4908e+00 -1.7511e+00 +2.1672e+00 +2.5016e+00 -1.0006e+00
14410 0 +1.742627817e-01 +6.306426278e+01 +6.306426278e+01 +1.4908e+00 -1.8762e+00 +2.1672e+00 +2.5016e+00 -1.0006e+00
14420 0 +1.451289428e-01 +6.303512894e+01 +6.303512894e+01 +1.6159e+00 -2.0013e+00 +2.1672e+00 +2.5016e+00 -1.0006e+00
14442 0 +1.371427396e-01 +6.302714274e+01 +6.302714274e+01 +1.6784e+00 -2.0013e+00 +2.1047e+00 +2.5016e+00 -1.0006e+00
14459 0 +1.236496777e-01 +6.301364968e+01 +6.301364968e+01 +1.8035e+00 -2.0638e+00 +2.1047e+00 +2.5016e+00 -1.0006e+00
14530 0 +1.117847131e-01 +6.300178471e+01 +6.300178471e+01 +1.9286e+00 -2.1576e+00 +2.0734e+00 +2.4704e+00 -1.0006e+00
14599 0 +9.901035780e-02 +6.298901036e+01 +6.298901036e+01 +2.0537e+00 -2.2202e+00 +2.0421e+00 +2.4078e+00 -1.0319e+00
14666 0 +8.876904264e-02 +6.297876904e+01 +6.297876904e+01 +2.0537e+00 -2.2515e+00 +1.9952e+00 +2.3922e+00 -1.0945e+00
14716 0 +7.800763795e-02 +6.296800764e+01 +6.296800764e+01 +2.0068e+00 -2.2671e+00 +1.9327e+00 +2.3765e+00 -1.1726e+00
14754 0 +6.995559832e-02 +6.295995560e+01 +6.295995560e+01 +2.0068e+00 -2.2827e+00 +1.9170e+00 +2.3296e+00 -1.2039e+00
14786 0 +6.240196143e-02 +6.295240196e+01 +6.295240196e+01 +1.9911e+00 -2.3140e+00 +1.8701e+00 +2.3140e+00 -1.2664e+00
14826 0 +5.493077077e-02 +6.294493077e+01 +6.294493077e+01 +1.9755e+00 -2.3140e+00 +1.8389e+00 +2.2671e+00 -1.3290e+00
14869 0 +4.994203615e-02 +6.293994204e+01 +6.293994204e+01 +1.9755e+00 -2.3296e+00 +1.8076e+00 +2.2358e+00 -1.3759e+00
14920 0 +4.460651947e-02 +6.293460652e+01 +6.293460652e+01 +1.9442e+00 -2.3765e+00 +1.7607e+00 +2.2046e+00 -1.4541e+00
14954 0 +3.966975777e-02 +6.292966976e+01 +6.292966976e+01 +1.9755e+00 -2.3922e+00 +1.7294e+00 +2.1576e+00 -1.4853e+00
14996 0 +3.487457928e-02 +6.292487458e+01 +6.292487458e+01 +1.9755e+00 -2.4234e+00 +1.6982e+00 +2.1264e+00 -1.5479e+00
15030 0 +3.145803471e-02 +6.292145803e+01 +6.292145803e+01 +1.9755e+00 -2.4391e+00 +1.6669e+00 +2.1107e+00 -1.5791e+00
15062 0 +2.776033768e-02 +6.291776034e+01 +6.291776034e+01 +1.9599e+00 -2.4391e+00 +1.6356e+00 +2.0795e+00 -1.6261e+00
15094 0 +2.510649371e-02 +6.291510649e+01 +6.291510649e+01 +1.9599e+00 -2.4704e+00 +1.6200e+00 +2.0482e+00 -1.6573e+00
15132 0 +2.226775246e-02 +6.291226775e+01 +6.291226775e+01 +1.9755e+00 -2.4704e+00 +1.5887e+00 +2.0326e+00 -1.6886e+00
15164 0 +1.973715339e-02 +6.290973715e+01 +6.290973715e+01 +1.9442e+00 -2.4860e+00 +1.5731e+00 +2.0013e+00 -1.7355e+00
15208 0 +1.774748457e-02 +6.290774748e+01 +6.290774748e+01 +1.9755e+00 -2.5016e+00 +1.5574e+00 +1.9700e+00 -1.7668e+00
15266 0 +1.583024244e-02 +6.290583024e+01 +6.290583024e+01 +1.9599e+00 -2.5329e+00 +1.5105e+00 +1.9544e+00 -1.8293e+00
15344 0 +1.410519396e-02 +6.290410519e+01 +6.290410519e+01 +1.9755e+00 -2.5642e+00 +1.4636e+00 +1.8919e+00 -1.8919e+00
15462 0 +1.243819712e-02 +6.290243820e+01 +6.290243820e+01 +1.9677e+00 -2.5954e+00 +1.4089e+00 +1.8684e+00 -1.9622e+00
15506 0 +1.101521048e-02 +6.290101521e+01 +6.290101521e+01 +1.9677e+00 -2.6111e+00 +1.3855e+00 +1.8449e+00 -2.0013e+00
15546 0 +9.690000533e-03 +6.289969000e+01 +6.289969000e+01 +1.9599e+00 -2.6267e+00 +1.3620e+00 +1.8293e+00 -2.0326e+00
15566 0 +8.769074763e-03 +6.289876907e+01 +6.289876907e+01 +1.9677e+00 -2.6345e+00 +1.3542e+00 +1.8137e+00 -2.0482e+00
15596 0 +7.653075222e-03 +6.289765308e+01 +6.289765308e+01 +1.9677e+00 -2.6423e+00 +1.3385e+00 +1.7980e+00 -2.0717e+00
15626 0 +6.860931001e-03 +6.289686093e+01 +6.289686093e+01 +1.9599e+00 -2.6502e+00 +1.3229e+00 +1.7902e+00 -2.0951e+00
15654 0 +6.176654671e-03 +6.289617665e+01 +6.289617665e+01 +1.9599e+00 -2.6736e+00 +1.3073e+00 +1.7824e+00 -2.1107e+00
15674 0 +5.543536408e-03 +6.289554354e+01 +6.289554354e+01 +1.9599e+00 -2.6736e+00 +1.2995e+00 +1.7668e+00 -2.1264e+00
15706 0 +4.862328690e-03 +6.289486233e+01 +6.289486233e+01 +1.9520e+00 -2.6814e+00 +1.2760e+00 +1.7590e+00 -2.1576e+00
15736 0 +4.332970658e-03 +6.289433297e+01 +6.289433297e+01 +1.9520e+00 -2.6971e+00 +1.2604e+00 +1.7433e+00 -2.1811e+00
15772 0 +3.934567994e-03 +6.289393457e+01 +6.289393457e+01 +1.9599e+00 -2.7049e+00 +1.2447e+00 +1.7199e+00 -2.2046e+00
15904 0 +3.542405147e-03 +6.289354241e+01 +6.289354241e+01 +1.9364e+00 -2.7440e+00 +1.1822e+00 +1.6573e+00 -2.3062e+00
15979 0 +3.138297961e-03 +6.289313830e+01 +6.289313830e+01 +1.9364e+00 -2.7596e+00 +1.1509e+00 +1.6339e+00 -2.3531e+00
16012 0 +2.786250804e-03 +6.289278625e+01 +6.289278625e+01 +1.9286e+00 -2.7674e+00 +1.1353e+00 +1.6182e+00 -2.3765e+00
16044 0 +2.480413647e-03 +6.289248041e+01 +6.289248041e+01 +1.9286e+00 -2.7752e+00 +1.1275e+00 +1.6026e+00 -2.3922e+00
16066 0 +2.204169736e-03 +6.289220417e+01 +6.289220417e+01 +1.9364e+00 -2.7831e+00 +1.1197e+00 +1.5948e+00 -2.4078e+00
16092 0 +1.967984595e-03 +6.289196798e+01 +6.289196798e+01 +1.9208e+00 -2.7831e+00 +1.1040e+00 +1.5870e+00 -2.4234e+00
16112 0 +1.764570340e-03 +6.289176457e+01 +6.289176457e+01 +1.9208e+00 -2.7987e+00 +1.0884e+00 +1.5870e+00 -2.4391e+00
16136 0 +1.468348261e-03 +6.289146835e+01 +6.289146835e+01 +1.9208e+00 -2.8143e+00 +1.0727e+00 +1.5791e+00 -2.4625e+00
16144 0 +1.372830358e-03 +6.289137283e+01 +6.289137283e+01 +1.9286e+00 -2.8143e+00 +1.0727e+00 +1.5713e+00 -2.4625e+00
16166 0 +1.248063672e-03 +6.289124806e+01 +6.289124806e+01 +1.9364e+00 -2.8143e+00 +1.0649e+00 +1.5635e+00 -2.4782e+00
16194 0 +1.118323028e-03 +6.289111832e+01 +6.289111832e+01 +1.9364e+00 -2.8300e+00 +1.0571e+00 +1.5479e+00 -2.4860e+00
16229 0 +9.981889360e-04 +6.289099819e+01 +6.289099819e+01 +1.9364e+00 -2.8300e+00 +1.0415e+00 +1.5401e+00 -2.5094e+00
16356 0 +8.870307609e-04 +6.289088703e+01 +6.289088703e+01 +1.9247e+00 -2.8456e+00 +1.0102e+00 +1.5010e+00 -2.5642e+00
16446 0 +7.918447259e-04 +6.289079184e+01 +6.289079184e+01 +1.9364e+00 -2.8690e+00 +9.8676e-01 +1.4775e+00 -2.5993e+00
16500 0 +7.073043967e-04 +6.289070730e+01 +6.289070730e+01 +1.9325e+00 -2.8808e+00 +9.7112e-01 +1.4697e+00 -2.6189e+00
16526 0 +6.242325967e-04 +6.289062423e+01 +6.289062423e+01 +1.9364e+00 -2.8808e+00 +9.6330e-01 +1.4580e+00 -2.6306e+00
16564 0 +5.575613858e-04 +6.289055756e+01 +6.289055756e+01 +1.9325e+00 -2.8886e+00 +9.5549e-01 +1.4502e+00 -2.6423e+00
16594 0 +4.910043332e-04 +6.289049100e+01 +6.289049100e+01 +1.9325e+00 -2.8925e+00 +9.4767e-01 +1.4423e+00 -2.6541e+00
16616 0 +4.431601350e-04 +6.289044316e+01 +6.289044316e+01 +1.9286e+00 -2.8964e+00 +9.3985e-01 +1.4384e+00 -2.6658e+00
16644 0 +3.957418153e-04 +6.289039574e+01 +6.289039574e+01 +1.9325e+00 -2.9003e+00 +9.3594e-01 +1.4267e+00 -2.6736e+00
16682 0 +3.501627016e-04 +6.289035016e+01 +6.289035016e+01 +1.9247e+00 -2.9042e+00 +9.2422e-01 +1.4228e+00 -2.6892e+00
16726 0 +3.058105626e-04 +6.289030581e+01 +6.289030581e+01 +1.9169e+00 -2.9120e+00 +9.1249e-01 +1.4150e+00 -2.7088e+00
16756 0 +2.798902539e-04 +6.289027989e+01 +6.289027989e+01 +1.9169e+00 -2.9160e+00 +9.0467e-01 +1.4072e+00 -2.7205e+00
16802 0 +2.508046895e-04 +6.289025080e+01 +6.289025080e+01 +1.9208e+00 -2.9238e+00 +8.9295e-01 +1.3954e+00 -2.7361e+00
16866 0 +2.185749130e-04 +6.289021857e+01 +6.289021857e+01 +1.9169e+00 -2.9394e+00 +8.7340e-01 +1.3837e+00 -2.7635e+00
16906 0 +1.994566234e-04 +6.289019946e+01 +6.289019946e+01 +1.9208e+00 -2.9394e+00 +8.6949e-01 +1.3720e+00 -2.7752e+00
16964 0 +1.738768491e-04 +6.289017388e+01 +6.289017388e+01 +1.9051e+00 -2.9433e+00 +8.5777e-01 +1.3603e+00 -2.7948e+00
17002 0 +1.581075569e-04 +6.289015811e+01 +6.289015811e+01 +1.9051e+00 -2.9511e+00 +8.4604e-01 +1.3563e+00 -2.8065e+00
17034 0 +1.404507416e-04 +6.289014045e+01 +6.289014045e+01 +1.9091e+00 -2.9550e+00 +8.4213e-01 +1.3485e+00 -2.8143e+00
17062 0 +1.239688956e-04 +6.289012397e+01 +6.289012397e+01 +1.9091e+00 -2.9590e+00 +8.3431e-01 +1.3407e+00 -2.8261e+00
17104 0 +1.113446377e-04 +6.289011134e+01 +6.289011134e+01 +1.9051e+00 -2.9590e+00 +8.3041e-01 +1.3290e+00 -2.8378e+00
17146 0 +9.978972061e-05 +6.289009979e+01 +6.289009979e+01 +1.9051e+00 -2.9668e+00 +8.2259e-01 +1.3212e+00 -2.8534e+00
17192 0 +8.707534965e-05 +6.289008708e+01 +6.289008708e+01 +1.9051e+00 -2.9707e+00 +8.1086e-01 +1.3134e+00 -2.8651e+00
17236 0 +7.853725835e-05 +6.289007854e+01 +6.289007854e+01 +1.9091e+00 -2.9785e+00 +8.0304e-01 +1.3094e+00 -2.8769e+00
17270 0 +7.065258060e-05 +6.289007065e+01 +6.289007065e+01 +1.9091e+00 -2.9863e+00 +7.9523e-01 +1.3055e+00 -2.8847e+00
17302 0 +6.164951966e-05 +6.289006165e+01 +6.289006165e+01 +1.9051e+00 -2.9863e+00 +7.8741e-01 +1.2977e+00 -2.8964e+00
17326 0 +5.517155352e-05 +6.289005517e+01 +6.289005517e+01 +1.9091e+00 -2.9902e+00 +7.8350e-01 +1.2938e+00 -2.9042e+00
17350 0 +4.921572891e-05 +6.289004922e+01 +6.289004922e+01 +1.9091e+00 -2.9941e+00 +7.7959e-01 +1.2899e+00 -2.9081e+00
17370 0 +4.445226094e-05 +6.289004445e+01 +6.289004445e+01 +1.9051e+00 -2.9980e+00 +7.7568e-01 +1.2860e+00 -2.9160e+00
17394 0 +3.934651733e-05 +6.289003935e+01 +6.289003935e+01 +1.9012e+00 -2.9980e+00 +7.7177e-01 +1.2782e+00 -2.9238e+00
17424 0 +3.477695002e-05 +6.289003478e+01 +6.289003478e+01 +1.9091e+00 -3.0019e+00 +7.6786e-01 +1.2743e+00 -2.9277e+00
17476 0 +3.076908120e-05 +6.289003077e+01 +6.289003077e+01 +1.9091e+00 -3.0059e+00 +7.6005e-01 +1.2704e+00 -2.9394e+00
17536 0 +2.805357447e-05 +6.289002805e+01 +6.289002805e+01 +1.9149e+00 -3.0137e+00 +7.5418e-01 +1.2645e+00 -2.9453e+00
17646 0 +2.511588684e-05 +6.289002512e+01 +6.289002512e+01 +1.9188e+00 -3.0234e+00 +7.4050e-01 +1.2528e+00 -2.9648e+00
17726 0 +2.228194557e-05 +6.289002228e+01 +6.289002228e+01 +1.9110e+00 -3.0254e+00 +7.3269e-01 +1.2449e+00 -2.9785e+00
17766 0 +1.955942658e-05 +6.289001956e+01 +6.289001956e+01 +1.9091e+00 -3.0293e+00 +7.2682e-01 +1.2410e+00 -2.9863e+00
17796 0 +1.772422846e-05 +6.289001772e+01 +6.289001772e+01 +1.9071e+00 -3.0313e+00 +7.2487e-01 +1.2371e+00 -2.9922e+00
17824 0 +1.582671349e-05 +6.289001583e+01 +6.289001583e+01 +1.9051e+00 -3.0332e+00 +7.2096e-01 +1.2352e+00 -2.9961e+00
17854 0 +1.389646187e-05 +6.289001390e+01 +6.289001390e+01 +1.9051e+00 -3.0332e+00 +7.1900e-01 +1.2313e+00 -3.0000e+00
17880 0 +1.253114090e-05 +6.289001253e+01 +6.289001253e+01 +1.9051e+00 -3.0352e+00 +7.1705e-01 +1.2293e+00 -3.0039e+00
17902 0 +1.097180740e-05 +6.289001097e+01 +6.289001097e+01 +1.9051e+00 -3.0371e+00 +7.1314e-01 +1.2274e+00 -3.0078e+00
17930 0 +9.911965094e-06 +6.289000991e+01 +6.289000991e+01 +1.9051e+00 -3.0391e+00 +7.1119e-01 +1.2254e+00 -3.0117e+00
17956 0 +8.765553289e-06 +6.289000877e+01 +6.289000877e+01 +1.9071e+00 -3.0410e+00 +7.0923e-01 +1.2215e+00 -3.0156e+00
17992 0 +7.863181970e-06 +6.289000786e+01 +6.289000786e+01 +1.9032e+00 -3.0430e+00 +7.0337e-01 +1.2195e+00 -3.0215e+00
18034 0 +7.036363058e-06 +6.289000704e+01 +6.289000704e+01 +1.9051e+00 -3.0469e+00 +6.9946e-01 +1.2156e+00 -3.0274e+00
18174 0 +6.275162328e-06 +6.289000628e+01 +6.289000628e+01 +1.8993e+00 -3.0528e+00 +6.8578e-01 +1.2000e+00 -3.0508e+00
18222 0 +5.548275432e-06 +6.289000555e+01 +6.289000555e+01 +1.8993e+00 -3.0567e+00 +6.7992e-01 +1.1961e+00 -3.0586e+00
18252 0 +4.960739048e-06 +6.289000496e+01 +6.289000496e+01 +1.8993e+00 -3.0567e+00 +6.7796e-01 +1.1922e+00 -3.0625e+00
18286 0 +4.322116503e-06 +6.289000432e+01 +6.289000432e+01 +1.9012e+00 -3.0586e+00 +6.7601e-01 +1.1902e+00 -3.0664e+00
18302 0 +3.939335116e-06 +6.289000394e+01 +6.289000394e+01 +1.9012e+00 -3.0625e+00 +6.7210e-01 +1.1902e+00 -3.0684e+00
18326 0 +3.466185440e-06 +6.289000347e+01 +6.289000347e+01 +1.9012e+00 -3.0664e+00 +6.6819e-01 +1.1902e+00 -3.0743e+00
18342 0 +3.110109226e-06 +6.289000311e+01 +6.289000311e+01 +1.8993e+00 -3.0664e+00 +6.6624e-01 +1.1883e+00 -3.0762e+00
18346 0 +2.763172745e-06 +6.289000276e+01 +6.289000276e+01 +1.8993e+00 -3.0664e+00 +6.6624e-01 +1.1863e+00 -3.0782e+00
18369 0 +2.479649865e-06 +6.289000248e+01 +6.289000248e+01 +1.9012e+00 -3.0664e+00 +6.6428e-01 +1.1844e+00 -3.0801e+00
18384 0 +2.165374681e-06 +6.289000217e+01 +6.289000217e+01 +1.9012e+00 -3.0684e+00 +6.6428e-01 +1.1805e+00 -3.0821e+00
18402 0 +1.989476729e-06 +6.289000199e+01 +6.289000199e+01 +1.9032e+00 -3.0684e+00 +6.6233e-01 +1.1785e+00 -3.0840e+00
18496 0 +1.768513066e-06 +6.289000177e+01 +6.289000177e+01 +1.9091e+00 -3.0723e+00 +6.5940e-01 +1.1756e+00 -3.0879e+00
18620 0 +1.584552734e-06 +6.289000158e+01 +6.289000158e+01 +1.9042e+00 -3.0782e+00 +6.5158e-01 +1.1707e+00 -3.0997e+00
18692 0 +1.396107130e-06 +6.289000140e+01 +6.289000140e+01 +1.9032e+00 -3.0801e+00 +6.4669e-01 +1.1658e+00 -3.1065e+00
18732 0 +1.245965223e-06 +6.289000125e+01 +6.289000125e+01 +1.9022e+00 -3.0801e+00 +6.4474e-01 +1.1629e+00 -3.1104e+00
18774 0 +1.109917903e-06 +6.289000111e+01 +6.289000111e+01 +1.9022e+00 -3.0831e+00 +6.4278e-01 +1.1609e+00 -3.1133e+00
18796 0 +9.983640865e-07 +6.289000100e+01 +6.289000100e+01 +1.9022e+00 -3.0831e+00 +6.4181e-01 +1.1590e+00 -3.1163e+00
18830 0 +8.863991710e-07 +6.289000089e+01 +6.289000089e+01 +1.9012e+00 -3.0850e+00 +6.3887e-01 +1.1590e+00 -3.1192e+00
18856 0 +7.701013089e-07 +6.289000077e+01 +6.289000077e+01 +1.9003e+00 -3.0860e+00 +6.3692e-01 +1.1570e+00 -3.1221e+00
18882 0 +6.967936983e-07 +6.289000070e+01 +6.289000070e+01 +1.9022e+00 -3.0860e+00 +6.3594e-01 +1.1550e+00 -3.1231e+00
18924 0 +6.132813866e-07 +6.289000061e+01 +6.289000061e+01 +1.9012e+00 -3.0899e+00 +6.3301e-01 +1.1541e+00 -3.1270e+00
18956 0 +5.585531042e-07 +6.289000056e+01 +6.289000056e+01 +1.9022e+00 -3.0889e+00 +6.3301e-01 +1.1511e+00 -3.1290e+00
19002 0 +4.995545098e-07 +6.289000050e+01 +6.289000050e+01 +1.9003e+00 -3.0909e+00 +6.2910e-01 +1.1502e+00 -3.1329e+00
19042 0 +4.456821969e-07 +6.289000045e+01 +6.289000045e+01 +1.9003e+00 -3.0928e+00 +6.2617e-01 +1.1482e+00 -3.1368e+00
19081 0 +3.974840439e-07 +6.289000040e+01 +6.289000040e+01 +1.8993e+00 -3.0928e+00 +6.2519e-01 +1.1453e+00 -3.1407e+00
19116 0 +3.523314405e-07 +6.289000035e+01 +6.289000035e+01 +1.8993e+00 -3.0948e+00 +6.2324e-01 +1.1433e+00 -3.1436e+00
19152 0 +3.121167182e-07 +6.289000031e+01 +6.289000031e+01 +1.8993e+00 -3.0948e+00 +6.2129e-01 +1.1414e+00 -3.1456e+00
19186 0 +2.802042616e-07 +6.289000028e+01 +6.289000028e+01 +1.8973e+00 -3.0958e+00 +6.1933e-01 +1.1404e+00 -3.1495e+00
19216 0 +2.434582456e-07 +6.289000024e+01 +6.289000024e+01 +1.8973e+00 -3.0987e+00 +6.1640e-01 +1.1394e+00 -3.1524e+00
19236 0 +2.208699925e-07 +6.289000022e+01 +6.289000022e+01 +1.8993e+00 -3.0987e+00 +6.1640e-01 +1.1375e+00 -3.1534e+00
19276 0 +1.952409008e-07 +6.289000020e+01 +6.289000020e+01 +1.8993e+00 -3.1006e+00 +6.1444e-01 +1.1355e+00 -3.1563e+00
19316 0 +1.745601566e-07 +6.289000017e+01 +6.289000017e+01 +1.8993e+00 -3.1016e+00 +6.1249e-01 +1.1335e+00 -3.1593e+00
19366 0 +1.565771157e-07 +6.289000016e+01 +6.289000016e+01 +1.8993e+00 -3.1016e+00 +6.1054e-01 +1.1316e+00 -3.1622e+00
19410 0 +1.380667385e-07 +6.289000014e+01 +6.289000014e+01 +1.8993e+00 -3.1036e+00 +6.0858e-01 +1.1306e+00 -3.1642e+00
19429 0 +1.253184578e-07 +6.289000013e+01 +6.289000013e+01 +1.9003e+00 -3.1036e+00 +6.0858e-01 +1.1287e+00 -3.1651e+00
19486 0 +1.107840575e-07 +6.289000011e+01 +6.289000011e+01 +1.9003e+00 -3.1050e+00 +6.0663e-01 +1.1287e+00 -3.1671e+00
19506 0 +9.970923998e-08 +6.289000010e+01 +6.289000010e+01 +1.9007e+00 -3.1060e+00 +6.0614e-01 +1.1277e+00 -3.1681e+00
19532 0 +8.905391269e-08 +6.289000009e+01 +6.289000009e+01 +1.9012e+00 -3.1070e+00 +6.0467e-01 +1.1272e+00 -3.1690e+00
19556 0 +7.864273499e-08 +6.289000008e+01 +6.289000008e+01 +1.9007e+00 -3.1070e+00 +6.0418e-01 +1.1262e+00 -3.1705e+00
19592 0 +6.953919041e-08 +6.289000007e+01 +6.289000007e+01 +1.9003e+00 -3.1075e+00 +6.0321e-01 +1.1252e+00 -3.1720e+00
19622 0 +6.266002117e-08 +6.289000006e+01 +6.289000006e+01 +1.8998e+00 -3.1080e+00 +6.0223e-01 +1.1243e+00 -3.1734e+00
19656 0 +5.599157049e-08 +6.289000006e+01 +6.289000006e+01 +1.8998e+00 -3.1094e+00 +6.0076e-01 +1.1238e+00 -3.1754e+00
19706 0 +4.982895518e-08 +6.289000005e+01 +6.289000005e+01 +1.9003e+00 -3.1104e+00 +5.9930e-01 +1.1218e+00 -3.1778e+00
19816 0 +4.436799372e-08 +6.289000004e+01 +6.289000004e+01 +1.9003e+00 -3.1124e+00 +5.9637e-01 +1.1184e+00 -3.1827e+00
19872 0 +3.926655978e-08 +6.289000004e+01 +6.289000004e+01 +1.8988e+00 -3.1129e+00 +5.9441e-01 +1.1174e+00 -3.1852e+00
19902 0 +3.540237969e-08 +6.289000004e+01 +6.289000004e+01 +1.8988e+00 -3.1129e+00 +5.9392e-01 +1.1164e+00 -3.1861e+00
19934 0 +3.116491598e-08 +6.289000003e+01 +6.289000003e+01 +1.8988e+00 -3.1133e+00 +5.9344e-01 +1.1155e+00 -3.1871e+00
19956 0 +2.801657217e-08 +6.289000003e+01 +6.289000003e+01 +1.8983e+00 -3.1138e+00 +5.9295e-01 +1.1150e+00 -3.1886e+00
19976 0 +2.449449710e-08 +6.289000002e+01 +6.289000002e+01 +1.8988e+00 -3.1143e+00 +5.9246e-01 +1.1145e+00 -3.1891e+00
19996 0 +2.230685681e-08 +6.289000002e+01 +6.289000002e+01 +1.8983e+00 -3.1143e+00 +5.9197e-01 +1.1140e+00 -3.1901e+00
20024 0 +1.944112427e-08 +6.289000002e+01 +6.289000002e+01 +1.8993e+00 -3.1148e+00 +5.9148e-01 +1.1135e+00 -3.1901e+00
20070 0 +1.772892944e-08 +6.289000002e+01 +6.289000002e+01 +1.9000e+00 -3.1155e+00 +5.9099e-01 +1.1135e+00 -3.1905e+00
20106 0 +1.532048799e-08 +6.289000002e+01 +6.289000002e+01 +1.9003e+00 -3.1163e+00 +5.9001e-01 +1.1130e+00 -3.1915e+00
20136 0 +1.404918493e-08 +6.289000001e+01 +6.289000001e+01 +1.9007e+00 -3.1168e+00 +5.8953e-01 +1.1125e+00 -3.1923e+00
20202 0 +1.253807369e-08 +6.289000001e+01 +6.289000001e+01 +1.9010e+00 -3.1175e+00 +5.8830e-01 +1.1116e+00 -3.1937e+00
20386 0 +1.116074344e-08 +6.289000001e+01 +6.289000001e+01 +1.9005e+00 -3.1195e+00 +5.8537e-01 +1.1089e+00 -3.1984e+00
20446 0 +9.814471014e-09 +6.289000001e+01 +6.289000001e+01 +1.9000e+00 -3.1197e+00 +5.8464e-01 +1.1077e+00 -3.1998e+00
50000 0 +1.143973805e-12 +6.289000000e+01 +6.289000000e+01 +1.8976e+00 -3.1336e+00 +5.6227e-01 +1.0872e+00 -3.2334e+00
% f evaluations | g evaluations | best noise-free fitness - Fopt (-1.316100000000e+02) + sum g_i+ | measured fitness | best measured fitness or single-digit g-values | x1 | x2...
1 0 +7.363406154e+01 -5.797593846e+01 -5.797593846e+01 +0.0000e+00 +0.0000e+00 +0.0000e+00 +0.0000e+00 +0.0000e+00
2 0 +6.785898206e+01 -6.375101794e+01 -6.375101794e+01 -2.9289e+00 +0.0000e+00 +0.0000e+00 +0.0000e+00 +0.0000e+00
3 0 +6.262670611e+01 -6.898329389e+01 -6.898329389e+01 -1.3081e+00 +1.6209e+00 +1.6209e+00 +1.6209e+00 +1.6209e+00
7 0 +3.255126415e+01 -9.905873585e+01 -9.905873585e+01 +1.3081e+00 -1.6209e+00 -1.6209e+00 -1.6209e+00 -1.6209e+00
8 0 +2.839552048e+01 -1.032144795e+02 -1.032144795e+02 +0.0000e+00 -2.9289e+00 +0.0000e+00 +0.0000e+00 +0.0000e+00
37 0 +9.375223982e+00 -1.222347760e+02 -1.222347760e+02 +9.4818e-01 -4.1039e+00 -1.1749e+00 -1.1749e+00 -1.1749e+00
56 0 +8.714872519e+00 -1.228951275e+02 -1.228951275e+02 +0.0000e+00 -2.9289e+00 +0.0000e+00 +0.0000e+00 -2.1231e+00
175 0 +4.315742155e+00 -1.272942578e+02 -1.272942578e+02 +1.0006e+00 -2.5757e+00 +0.0000e+00 -1.0006e+00 -2.0013e+00
185 0 +1.369147523e+00 -1.302408525e+02 -1.302408525e+02 +1.0006e+00 -3.5764e+00 +0.0000e+00 -1.0006e+00 -2.0013e+00
209 0 +1.180159814e+00 -1.304298402e+02 -1.304298402e+02 +1.0006e+00 -3.5764e+00 +0.0000e+00 -1.5010e+00 -2.0013e+00
228 0 +1.036017976e+00 -1.305739820e+02 -1.305739820e+02 +1.0006e+00 -3.5764e+00 +2.5016e-01 -1.5010e+00 -2.0013e+00
230 0 +9.710093158e-01 -1.306389907e+02 -1.306389907e+02 +1.0006e+00 -3.5764e+00 +2.5016e-01 -1.2508e+00 -2.0013e+00
232 0 +7.735803332e-01 -1.308364197e+02 -1.308364197e+02 +1.0006e+00 -3.5764e+00 +2.5016e-01 -1.2508e+00 -1.7511e+00
245 0 +6.993120493e-01 -1.309106880e+02 -1.309106880e+02 +8.7557e-01 -3.7014e+00 +2.5016e-01 -1.2508e+00 -1.7511e+00
37833 0 +5.091866011e-01 -1.311008134e+02 -1.311008134e+02 +1.1492e-01 +4.8300e-01 +3.8106e+00 +1.2508e+00 +2.5016e-01
37837 0 +4.191405829e-01 -1.311908594e+02 -1.311908594e+02 +1.1492e-01 +2.3283e-01 +3.8106e+00 +1.2508e+00 +2.5016e-01
37843 0 +1.532386160e-01 -1.314567614e+02 -1.314567614e+02 +1.1492e-01 +2.3283e-01 +3.8106e+00 +1.2508e+00 +0.0000e+00
37853 0 +1.222082070e-01 -1.314877918e+02 -1.314877918e+02 +1.1492e-01 +2.3283e-01 +3.8106e+00 +1.2508e+00 -2.5016e-01
37857 0 +1.117982032e-01 -1.314982018e+02 -1.314982018e+02 +1.1492e-01 -1.7329e-02 +3.8106e+00 +1.2508e+00 -2.5016e-01
37863 0 +6.658665495e-02 -1.315434133e+02 -1.315434133e+02 +1.1492e-01 -1.7329e-02 +3.8106e+00 +1.2508e+00 -5.0032e-01
37883 0 +5.343922116e-02 -1.315565608e+02 -1.315565608e+02 +2.4000e-01 -1.7329e-02 +3.8106e+00 +1.2508e+00 -6.2541e-01
37887 0 +4.989854919e-02 -1.315601015e+02 -1.315601015e+02 +2.4000e-01 -1.4241e-01 +3.8106e+00 +1.2508e+00 -6.2541e-01
37893 0 +4.040387619e-02 -1.315695961e+02 -1.315695961e+02 +2.4000e-01 -1.4241e-01 +3.8106e+00 +1.2508e+00 -7.5049e-01
37920 0 +3.484342759e-02 -1.315751566e+02 -1.315751566e+02 +2.4000e-01 -1.4241e-01 +3.8731e+00 +1.2508e+00 -8.1303e-01
37930 0 +2.447000772e-02 -1.315855300e+02 -1.315855300e+02 +2.4000e-01 -1.4241e-01 +3.9357e+00 +1.1883e+00 -8.7557e-01
37933 0 +1.961979842e-02 -1.315903802e+02 -1.315903802e+02 +2.4000e-01 -1.4241e-01 +3.9357e+00 +1.1883e+00 -9.3811e-01
37970 0 +1.745256484e-02 -1.315925474e+02 -1.315925474e+02 +2.4000e-01 -1.4241e-01 +3.9669e+00 +1.1883e+00 -1.0319e+00
37983 0 +1.565376779e-02 -1.315943462e+02 -1.315943462e+02 +2.4000e-01 -1.4241e-01 +3.9982e+00 +1.1570e+00 -1.0945e+00
38005 0 +1.394915542e-02 -1.315960508e+02 -1.315960508e+02 +1.4619e-01 -1.1114e-01 +4.0295e+00 +1.1883e+00 -1.1570e+00
38023 0 +1.255037955e-02 -1.315974496e+02 -1.315974496e+02 +1.1492e-01 -1.4241e-01 +4.0295e+00 +1.2508e+00 -1.2195e+00
38055 0 +1.108811366e-02 -1.315989119e+02 -1.315989119e+02 +6.8014e-02 -1.4241e-01 +4.0295e+00 +1.2664e+00 -1.2039e+00
38102 0 +9.845304802e-03 -1.316001547e+02 -1.316001547e+02 +4.4562e-02 -1.5023e-01 +4.0295e+00 +1.2977e+00 -1.2274e+00
38133 0 +8.902019019e-03 -1.316010980e+02 -1.316010980e+02 +2.1109e-02 -1.5805e-01 +4.0295e+00 +1.3212e+00 -1.2586e+00
38165 0 +7.817543451e-03 -1.316021825e+02 -1.316021825e+02 -1.0161e-02 -1.7368e-01 +4.0295e+00 +1.3446e+00 -1.2821e+00
38192 0 +6.883795807e-03 -1.316031162e+02 -1.316031162e+02 -2.5796e-02 -1.8150e-01 +4.0217e+00 +1.3681e+00 -1.2821e+00
38225 0 +6.172819674e-03 -1.316038272e+02 -1.316038272e+02 -5.7067e-02 -1.8150e-01 +4.0217e+00 +1.3915e+00 -1.2977e+00
38242 0 +5.494496522e-03 -1.316045055e+02 -1.316045055e+02 -5.7067e-02 -1.8932e-01 +4.0060e+00 +1.4072e+00 -1.2899e+00
38262 0 +4.977204504e-03 -1.316050228e+02 -1.316050228e+02 -7.2702e-02 -1.8932e-01 +3.9982e+00 +1.4228e+00 -1.2821e+00
38292 0 +4.455411760e-03 -1.316055446e+02 -1.316055446e+02 -9.6155e-02 -1.8932e-01 +3.9904e+00 +1.4463e+00 -1.2743e+00
38342 0 +3.957314458e-03 -1.316060427e+02 -1.316060427e+02 -1.3524e-01 -1.9713e-01 +3.9826e+00 +1.4853e+00 -1.2821e+00
38492 0 +3.545277341e-03 -1.316064547e+02 -1.316064547e+02 -2.2905e-01 -2.2059e-01 +3.9513e+00 +1.5870e+00 -1.2586e+00
38559 0 +3.147552519e-03 -1.316068524e+02 -1.316068524e+02 -2.6814e-01 -2.2840e-01 +3.9279e+00 +1.6261e+00 -1.2586e+00
38592 0 +2.727527854e-03 -1.316072725e+02 -1.316072725e+02 -2.8378e-01 -2.2840e-01 +3.9200e+00 +1.6495e+00 -1.2430e+00
38615 0 +2.499180607e-03 -1.316075008e+02 -1.316075008e+02 -3.0723e-01 -2.2840e-01 +3.9200e+00 +1.6651e+00 -1.2430e+00
38639 0 +2.224279973e-03 -1.316077757e+02 -1.316077757e+02 -3.0723e-01 -2.3622e-01 +3.9044e+00 +1.6730e+00 -1.2274e+00
38655 0 +1.953144031e-03 -1.316080469e+02 -1.316080469e+02 -3.2286e-01 -2.3622e-01 +3.9044e+00 +1.6886e+00 -1.2274e+00
38695 0 +1.772170805e-03 -1.316082278e+02 -1.316082278e+02 -3.2677e-01 -2.3622e-01 +3.8966e+00 +1.6964e+00 -1.2156e+00
38724 0 +1.583250138e-03 -1.316084167e+02 -1.316084167e+02 -3.3068e-01 -2.4013e-01 +3.8888e+00 +1.7081e+00 -1.2078e+00
38762 0 +1.385370313e-03 -1.316086146e+02 -1.316086146e+02 -3.4632e-01 -2.4404e-01 +3.8849e+00 +1.7238e+00 -1.2078e+00
38795 0 +1.257325268e-03 -1.316087427e+02 -1.316087427e+02 -3.6195e-01 -2.4404e-01 +3.8810e+00 +1.7355e+00 -1.2078e+00
38842 0 +1.113019176e-03 -1.316088870e+02 -1.316088870e+02 -3.7759e-01 -2.4795e-01 +3.8770e+00 +1.7550e+00 -1.2078e+00
38912 0 +9.963921411e-04 -1.316090036e+02 -1.316090036e+02 -4.0495e-01 -2.5186e-01 +3.8731e+00 +1.7824e+00 -1.2156e+00
39042 0 +8.870683058e-04 -1.316091129e+02 -1.316091129e+02 -4.4795e-01 -2.6358e-01 +3.8497e+00 +1.8332e+00 -1.2078e+00
39142 0 +7.899877999e-04 -1.316092100e+02 -1.316092100e+02 -4.8703e-01 -2.7140e-01 +3.8380e+00 +1.8723e+00 -1.2039e+00
39192 0 +7.018793248e-04 -1.316092981e+02 -1.316092981e+02 -5.0267e-01 -2.7140e-01 +3.8301e+00 +1.8919e+00 -1.1922e+00
39232 0 +6.195582672e-04 -1.316093804e+02 -1.316093804e+02 -5.1830e-01 -2.7531e-01 +3.8262e+00 +1.9075e+00 -1.1961e+00
39259 0 +5.588426803e-04 -1.316094412e+02 -1.316094412e+02 -5.2612e-01 -2.7922e-01 +3.8184e+00 +1.9153e+00 -1.1922e+00
39285 0 +5.008639966e-04 -1.316094991e+02 -1.316094991e+02 -5.3785e-01 -2.7922e-01 +3.8184e+00 +1.9270e+00 -1.1922e+00
39315 0 +4.422527635e-04 -1.316095577e+02 -1.316095577e+02 -5.4957e-01 -2.8313e-01 +3.8145e+00 +1.9388e+00 -1.1922e+00
39342 0 +3.959943016e-04 -1.316096040e+02 -1.316096040e+02 -5.5739e-01 -2.8313e-01 +3.8106e+00 +1.9505e+00 -1.1883e+00
39372 0 +3.453704450e-04 -1.316096546e+02 -1.316096546e+02 -5.6521e-01 -2.8704e-01 +3.8028e+00 +1.9622e+00 -1.1844e+00
39412 0 +3.114540165e-04 -1.316096885e+02 -1.316096885e+02 -5.7694e-01 -2.8704e-01 +3.7989e+00 +1.9739e+00 -1.1726e+00
39462 0 +2.793036132e-04 -1.316097207e+02 -1.316097207e+02 -5.9257e-01 -2.9094e-01 +3.7950e+00 +1.9896e+00 -1.1726e+00
39525 0 +2.503111538e-04 -1.316097497e+02 -1.316097497e+02 -6.1602e-01 -2.9485e-01 +3.7911e+00 +2.0091e+00 -1.1805e+00
39575 0 +2.236919181e-04 -1.316097763e+02 -1.316097763e+02 -6.3166e-01 -2.9876e-01 +3.7832e+00 +2.0287e+00 -1.1805e+00
39644 0 +1.994323814e-04 -1.316098006e+02 -1.316098006e+02 -6.4338e-01 -2.9876e-01 +3.7754e+00 +2.0443e+00 -1.1648e+00
39682 0 +1.738448730e-04 -1.316098262e+02 -1.316098262e+02 -6.5511e-01 -3.0267e-01 +3.7676e+00 +2.0599e+00 -1.1648e+00
39715 0 +1.580952705e-04 -1.316098419e+02 -1.316098419e+02 -6.7075e-01 -3.0658e-01 +3.7676e+00 +2.0717e+00 -1.1726e+00
39782 0 +1.404279961e-04 -1.316098596e+02 -1.316098596e+02 -6.7661e-01 -3.0853e-01 +3.7617e+00 +2.0814e+00 -1.1629e+00
39832 0 +1.251226044e-04 -1.316098749e+02 -1.316098749e+02 -6.8443e-01 -3.0853e-01 +3.7559e+00 +2.0912e+00 -1.1550e+00
39899 0 +1.118687988e-04 -1.316098881e+02 -1.316098881e+02 -6.9811e-01 -3.1244e-01 +3.7520e+00 +2.1029e+00 -1.1570e+00
39962 0 +9.937450906e-05 -1.316099006e+02 -1.316099006e+02 -7.0788e-01 -3.1440e-01 +3.7481e+00 +2.1166e+00 -1.1550e+00
40024 0 +8.911607065e-05 -1.316099109e+02 -1.316099109e+02 -7.1765e-01 -3.1635e-01 +3.7422e+00 +2.1283e+00 -1.1511e+00
40092 0 +7.904690273e-05 -1.316099210e+02 -1.316099210e+02 -7.3133e-01 -3.1831e-01 +3.7383e+00 +2.1420e+00 -1.1531e+00
40145 0 +7.015022837e-05 -1.316099298e+02 -1.316099298e+02 -7.4110e-01 -3.2026e-01 +3.7344e+00 +2.1518e+00 -1.1472e+00
40195 0 +6.241167378e-05 -1.316099376e+02 -1.316099376e+02 -7.5088e-01 -3.2221e-01 +3.7324e+00 +2.1616e+00 -1.1492e+00
40232 0 +5.492146289e-05 -1.316099451e+02 -1.316099451e+02 -7.5674e-01 -3.2417e-01 +3.7285e+00 +2.1694e+00 -1.1472e+00
40265 0 +4.986144023e-05 -1.316099501e+02 -1.316099501e+02 -7.6260e-01 -3.2417e-01 +3.7266e+00 +2.1752e+00 -1.1453e+00
40302 0 +4.462384555e-05 -1.316099554e+02 -1.316099554e+02 -7.6847e-01 -3.2612e-01 +3.7246e+00 +2.1831e+00 -1.1453e+00
40335 0 +3.978925110e-05 -1.316099602e+02 -1.316099602e+02 -7.7628e-01 -3.2612e-01 +3.7226e+00 +2.1889e+00 -1.1433e+00
40372 0 +3.546704792e-05 -1.316099645e+02 -1.316099645e+02 -7.8019e-01 -3.2808e-01 +3.7187e+00 +2.1967e+00 -1.1394e+00
40415 0 +3.154410072e-05 -1.316099685e+02 -1.316099685e+02 -7.8996e-01 -3.3003e-01 +3.7168e+00 +2.2046e+00 -1.1414e+00
40502 0 +2.809356710e-05 -1.316099719e+02 -1.316099719e+02 -8.0169e-01 -3.3199e-01 +3.7129e+00 +2.2182e+00 -1.1394e+00
40602 0 +2.508323456e-05 -1.316099749e+02 -1.316099749e+02 -8.1928e-01 -3.3590e-01 +3.7051e+00 +2.2378e+00 -1.1394e+00
40675 0 +2.231630296e-05 -1.316099777e+02 -1.316099777e+02 -8.3492e-01 -3.3785e-01 +3.7031e+00 +2.2515e+00 -1.1394e+00
40712 0 +1.918928001e-05 -1.316099808e+02 -1.316099808e+02 -8.4078e-01 -3.3980e-01 +3.6992e+00 +2.2593e+00 -1.1394e+00
40732 0 +1.737446939e-05 -1.316099826e+02 -1.316099826e+02 -8.4273e-01 -3.4176e-01 +3.6972e+00 +2.2632e+00 -1.1355e+00
40762 0 +1.531939481e-05 -1.316099847e+02 -1.316099847e+02 -8.4664e-01 -3.4176e-01 +3.6953e+00 +2.2671e+00 -1.1355e+00
40785 0 +1.405226868e-05 -1.316099859e+02 -1.316099859e+02 -8.5250e-01 -3.4176e-01 +3.6953e+00 +2.2710e+00 -1.1355e+00
40809 0 +1.252614425e-05 -1.316099875e+02 -1.316099875e+02 -8.5250e-01 -3.4176e-01 +3.6914e+00 +2.2730e+00 -1.1316e+00
40825 0 +1.117255223e-05 -1.316099888e+02 -1.316099888e+02 -8.5641e-01 -3.4371e-01 +3.6914e+00 +2.2769e+00 -1.1316e+00
40852 0 +9.998216655e-06 -1.316099900e+02 -1.316099900e+02 -8.5837e-01 -3.4371e-01 +3.6894e+00 +2.2808e+00 -1.1316e+00
40885 0 +8.819002659e-06 -1.316099912e+02 -1.316099912e+02 -8.6619e-01 -3.4567e-01 +3.6894e+00 +2.2866e+00 -1.1335e+00
40922 0 +7.888529552e-06 -1.316099921e+02 -1.316099921e+02 -8.7009e-01 -3.4567e-01 +3.6875e+00 +2.2925e+00 -1.1316e+00
40955 0 +7.055213928e-06 -1.316099929e+02 -1.316099929e+02 -8.7400e-01 -3.4567e-01 +3.6836e+00 +2.2964e+00 -1.1257e+00
41185 0 +6.303367400e-06 -1.316099937e+02 -1.316099937e+02 -8.9159e-01 -3.5055e-01 +3.6748e+00 +2.3169e+00 -1.1199e+00
41272 0 +5.621489464e-06 -1.316099944e+02 -1.316099944e+02 -8.9941e-01 -3.5153e-01 +3.6728e+00 +2.3257e+00 -1.1199e+00
41315 0 +4.971487016e-06 -1.316099950e+02 -1.316099950e+02 -9.0332e-01 -3.5251e-01 +3.6709e+00 +2.3296e+00 -1.1189e+00
41352 0 +4.335473335e-06 -1.316099957e+02 -1.316099957e+02 -9.0625e-01 -3.5251e-01 +3.6689e+00 +2.3335e+00 -1.1179e+00
41382 0 +3.976896465e-06 -1.316099960e+02 -1.316099960e+02 -9.0918e-01 -3.5348e-01 +3.6689e+00 +2.3365e+00 -1.1179e+00
41412 0 +3.518933255e-06 -1.316099965e+02 -1.316099965e+02 -9.1211e-01 -3.5348e-01 +3.6679e+00 +2.3394e+00 -1.1179e+00
41439 0 +3.137820954e-06 -1.316099969e+02 -1.316099969e+02 -9.1407e-01 -3.5544e-01 +3.6660e+00 +2.3414e+00 -1.1179e+00
41465 0 +2.793889166e-06 -1.316099972e+02 -1.316099972e+02 -9.1700e-01 -3.5544e-01 +3.6660e+00 +2.3443e+00 -1.1179e+00
41492 0 +2.504641941e-06 -1.316099975e+02 -1.316099975e+02 -9.1895e-01 -3.5642e-01 +3.6650e+00 +2.3472e+00 -1.1189e+00
41529 0 +2.218418928e-06 -1.316099978e+02 -1.316099978e+02 -9.2189e-01 -3.5739e-01 +3.6630e+00 +2.3502e+00 -1.1179e+00
41562 0 +1.983018223e-06 -1.316099980e+02 -1.316099980e+02 -9.2482e-01 -3.5739e-01 +3.6621e+00 +2.3541e+00 -1.1179e+00
41632 0 +1.750634738e-06 -1.316099982e+02 -1.316099982e+02 -9.3068e-01 -3.5837e-01 +3.6601e+00 +2.3599e+00 -1.1160e+00
41745 0 +1.583009123e-06 -1.316099984e+02 -1.316099984e+02 -9.4045e-01 -3.5935e-01 +3.6572e+00 +2.3697e+00 -1.1140e+00
41832 0 +1.380066692e-06 -1.316099986e+02 -1.316099986e+02 -9.4534e-01 -3.6033e-01 +3.6533e+00 +2.3765e+00 -1.1101e+00
41875 0 +1.249591634e-06 -1.316099988e+02 -1.316099988e+02 -9.5022e-01 -3.6130e-01 +3.6533e+00 +2.3805e+00 -1.1120e+00
41915 0 +1.119027644e-06 -1.316099989e+02 -1.316099989e+02 -9.5316e-01 -3.6130e-01 +3.6523e+00 +2.3834e+00 -1.1111e+00
41942 0 +9.635334948e-07 -1.316099990e+02 -1.316099990e+02 -9.5413e-01 -3.6326e-01 +3.6503e+00 +2.3863e+00 -1.1111e+00
41965 0 +8.870144370e-07 -1.316099991e+02 -1.316099991e+02 -9.5706e-01 -3.6326e-01 +3.6503e+00 +2.3883e+00 -1.1111e+00
42005 0 +7.724369198e-07 -1.316099992e+02 -1.316099992e+02 -9.6000e-01 -3.6326e-01 +3.6494e+00 +2.3912e+00 -1.1101e+00
42035 0 +7.010874583e-07 -1.316099993e+02 -1.316099993e+02 -9.6195e-01 -3.6326e-01 +3.6484e+00 +2.3932e+00 -1.1091e+00
42072 0 +6.129558869e-07 -1.316099994e+02 -1.316099994e+02 -9.6488e-01 -3.6423e-01 +3.6474e+00 +2.3971e+00 -1.1111e+00
42114 0 +5.610711469e-07 -1.316099994e+02 -1.316099994e+02 -9.6879e-01 -3.6521e-01 +3.6474e+00 +2.4000e+00 -1.1111e+00
42145 0 +4.949526442e-07 -1.316099995e+02 -1.316099995e+02 -9.7075e-01 -3.6619e-01 +3.6454e+00 +2.4029e+00 -1.1101e+00
42202 0 +4.426546525e-07 -1.316099996e+02 -1.316099996e+02 -9.7172e-01 -3.6619e-01 +3.6430e+00 +2.4054e+00 -1.1062e+00
42272 0 +3.931870083e-07 -1.316099996e+02 -1.316099996e+02 -9.7465e-01 -3.6668e-01 +3.6415e+00 +2.4088e+00 -1.1052e+00
42333 0 +3.547264100e-07 -1.316099996e+02 -1.316099996e+02 -9.7759e-01 -3.6717e-01 +3.6411e+00 +2.4117e+00 -1.1052e+00
42392 0 +3.119582459e-07 -1.316099997e+02 -1.316099997e+02 -9.8052e-01 -3.6765e-01 +3.6401e+00 +2.4147e+00 -1.1057e+00
42432 0 +2.811472086e-07 -1.316099997e+02 -1.316099997e+02 -9.8198e-01 -3.6863e-01 +3.6391e+00 +2.4166e+00 -1.1052e+00
42482 0 +2.504896486e-07 -1.316099997e+02 -1.316099997e+02 -9.8394e-01 -3.6863e-01 +3.6381e+00 +2.4190e+00 -1.1037e+00
42542 0 +2.236298258e-07 -1.316099998e+02 -1.316099998e+02 -9.8687e-01 -3.6912e-01 +3.6376e+00 +2.4220e+00 -1.1042e+00
42592 0 +1.980563127e-07 -1.316099998e+02 -1.316099998e+02 -9.8882e-01 -3.7010e-01 +3.6362e+00 +2.4244e+00 -1.1037e+00
42662 0 +1.756823167e-07 -1.316099998e+02 -1.316099998e+02 -9.9224e-01 -3.7059e-01 +3.6352e+00 +2.4278e+00 -1.1037e+00
42722 0 +1.581978211e-07 -1.316099998e+02 -1.316099998e+02 -9.9469e-01 -3.7107e-01 +3.6342e+00 +2.4308e+00 -1.1028e+00
42785 0 +1.408359651e-07 -1.316099999e+02 -1.316099999e+02 -9.9713e-01 -3.7107e-01 +3.6332e+00 +2.4327e+00 -1.1013e+00
42835 0 +1.256249220e-07 -1.316099999e+02 -1.316099999e+02 -9.9908e-01 -3.7107e-01 +3.6327e+00 +2.4347e+00 -1.1008e+00
42872 0 +1.107474361e-07 -1.316099999e+02 -1.316099999e+02 -1.0005e+00 -3.7205e-01 +3.6323e+00 +2.4366e+00 -1.1023e+00
42909 0 +9.992004379e-08 -1.316099999e+02 -1.316099999e+02 -1.0015e+00 -3.7205e-01 +3.6313e+00 +2.4376e+00 -1.1008e+00
42935 0 +8.876895663e-08 -1.316099999e+02 -1.316099999e+02 -1.0030e+00 -3.7205e-01 +3.6313e+00 +2.4391e+00 -1.1008e+00
42972 0 +7.909252986e-08 -1.316099999e+02 -1.316099999e+02 -1.0040e+00 -3.7254e-01 +3.6308e+00 +2.4405e+00 -1.1003e+00
43002 0 +7.009856517e-08 -1.316099999e+02 -1.316099999e+02 -1.0054e+00 -3.7254e-01 +3.6303e+00 +2.4420e+00 -1.1013e+00
43045 0 +6.204953706e-08 -1.316099999e+02 -1.316099999e+02 -1.0079e+00 -3.7303e-01 +3.6303e+00 +2.4440e+00 -1.1018e+00
43065 0 +5.614933229e-08 -1.316099999e+02 -1.316099999e+02 -1.0084e+00 -3.7352e-01 +3.6293e+00 +2.4449e+00 -1.1008e+00
43122 0 +5.007734671e-08 -1.316099999e+02 -1.316099999e+02 -1.0108e+00 -3.7352e-01 +3.6283e+00 +2.4479e+00 -1.0998e+00
43262 0 +4.361029937e-08 -1.316100000e+02 -1.316100000e+02 -1.0157e+00 -3.7498e-01 +3.6264e+00 +2.4533e+00 -1.0998e+00
43304 0 +3.971291562e-08 -1.316100000e+02 -1.316100000e+02 -1.0172e+00 -3.7498e-01 +3.6259e+00 +2.4547e+00 -1.0989e+00
43352 0 +3.524596082e-08 -1.316100000e+02 -1.316100000e+02 -1.0179e+00 -3.7498e-01 +3.6252e+00 +2.4557e+00 -1.0976e+00
43385 0 +3.160999995e-08 -1.316100000e+02 -1.316100000e+02 -1.0186e+00 -3.7523e-01 +3.6247e+00 +2.4564e+00 -1.0971e+00
43422 0 +2.791480824e-08 -1.316100000e+02 -1.316100000e+02 -1.0191e+00 -3.7547e-01 +3.6242e+00 +2.4574e+00 -1.0974e+00
43462 0 +2.436095770e-08 -1.316100000e+02 -1.316100000e+02 -1.0201e+00 -3.7572e-01 +3.6239e+00 +2.4584e+00 -1.0976e+00
43492 0 +2.160373924e-08 -1.316100000e+02 -1.316100000e+02 -1.0208e+00 -3.7596e-01 +3.6237e+00 +2.4591e+00 -1.0974e+00
43515 0 +1.986202847e-08 -1.316100000e+02 -1.316100000e+02 -1.0213e+00 -3.7596e-01 +3.6235e+00 +2.4596e+00 -1.0969e+00
43552 0 +1.763069690e-08 -1.316100000e+02 -1.316100000e+02 -1.0220e+00 -3.7620e-01 +3.6232e+00 +2.4606e+00 -1.0967e+00
43585 0 +1.581744868e-08 -1.316100000e+02 -1.316100000e+02 -1.0230e+00 -3.7620e-01 +3.6230e+00 +2.4613e+00 -1.0969e+00
43625 0 +1.408105277e-08 -1.316100000e+02 -1.316100000e+02 -1.0238e+00 -3.7645e-01 +3.6225e+00 +2.4623e+00 -1.0964e+00
43692 0 +1.256810833e-08 -1.316100000e+02 -1.316100000e+02 -1.0252e+00 -3.7694e-01 +3.6220e+00 +2.4640e+00 -1.0969e+00
43882 0 +1.113809844e-08 -1.316100000e+02 -1.316100000e+02 -1.0296e+00 -3.7767e-01 +3.6205e+00 +2.4686e+00 -1.0959e+00
43952 0 +9.681798474e-09 -1.316100000e+02 -1.316100000e+02 -1.0313e+00 -3.7791e-01 +3.6200e+00 +2.4704e+00 -1.0964e+00
50000 0 +2.185629455e-11 -1.316100000e+02 -1.316100000e+02 -1.0570e+00 -3.8292e-01 +3.6095e+00 +2.4986e+00 -1.0906e+00
% f evaluations | g evaluations | best noise-free fitness - Fopt (1.153900000000e+02) + sum g_i+ | measured fitness | best measured fitness or single-digit g-values | x1 | x2...
1 0 +6.670020130e+01 +1.820902013e+02 +1.820902013e+02 +0.0000e+00 +0.0000e+00 +0.0000e+00 +0.0000e+00 +0.0000e+00
8 0 +6.268135174e+01 +1.780713517e+02 +1.780713517e+02 +0.0000e+00 -2.9289e+00 +0.0000e+00 +0.0000e+00 +0.0000e+00
9 0 +3.752250777e+01 +1.529125078e+02 +1.529125078e+02 +1.6209e+00 -1.3081e+00 +1.6209e+00 +1.6209e+00 +1.6209e+00
76 0 +2.881677985e+01 +1.442067799e+02 +1.442067799e+02 -8.5167e-01 -8.5167e-01 -2.3907e+00 -1.6575e+00 -8.5167e-01
96 0 +2.530085130e+01 +1.406908513e+02 +1.406908513e+02 +1.7329e+00 +6.1735e-01 +6.1735e-01 +1.3505e+00 +6.1735e-01
182 0 +2.423037929e+01 +1.396203793e+02 +1.396203793e+02 +1.0006e+00 -1.0006e+00 +0.0000e+00 +9.2656e-01 +5.0032e-01
200 0 +2.169403333e+01 +1.370840333e+02 +1.370840333e+02 +1.0006e+00 -1.0006e+00 +2.5016e-01 +1.1767e+00 +5.0032e-01
228 0 +1.915058478e+01 +1.345405848e+02 +1.345405848e+02 +1.2508e+00 -8.7557e-01 +5.0032e-01 +1.3018e+00 +7.5049e-01
240 0 +1.765422636e+01 +1.330442264e+02 +1.330442264e+02 +1.2508e+00 -8.7557e-01 +6.2541e-01 +1.5520e+00 +8.7557e-01
258 0 +1.538521891e+01 +1.307752189e+02 +1.307752189e+02 +1.5010e+00 -7.5049e-01 +8.7557e-01 +1.6770e+00 +1.0006e+00
274 0 +1.390939785e+01 +1.292993979e+02 +1.292993979e+02 +1.6261e+00 -6.2541e-01 +1.0006e+00 +1.9272e+00 +1.1257e+00
288 0 +1.205360498e+01 +1.274436050e+02 +1.274436050e+02 +1.7511e+00 -5.0032e-01 +1.2508e+00 +2.0523e+00 +1.1257e+00
298 0 +1.112369991e+01 +1.265136999e+02 +1.265136999e+02 +1.8762e+00 -3.7524e-01 +1.3759e+00 +2.0523e+00 +1.0006e+00
314 0 +9.875468081e+00 +1.252654681e+02 +1.252654681e+02 +2.1264e+00 -2.5016e-01 +1.5010e+00 +2.1774e+00 +8.7557e-01
334 0 +8.893541759e+00 +1.242835418e+02 +1.242835418e+02 +2.3765e+00 -1.2508e-01 +1.7511e+00 +2.4275e+00 +1.0006e+00
354 0 +7.899484737e+00 +1.232894847e+02 +1.232894847e+02 +2.6267e+00 +1.6653e-16 +2.0013e+00 +2.4275e+00 +7.5049e-01
378 0 +7.001493336e+00 +1.223914933e+02 +1.223914933e+02 +2.8769e+00 +2.5016e-01 +2.3765e+00 +2.5526e+00 +6.2541e-01
396 0 +6.288232557e+00 +1.216782326e+02 +1.216782326e+02 +3.1270e+00 +5.0032e-01 +2.5016e+00 +2.6777e+00 +5.0032e-01
408 0 +5.515550209e+00 +1.209055502e+02 +1.209055502e+02 +3.2521e+00 +6.2541e-01 +2.7518e+00 +2.8028e+00 +5.0032e-01
422 0 +4.984234360e+00 +1.203742344e+02 +1.203742344e+02 +3.3772e+00 +6.2541e-01 +2.8769e+00 +2.9279e+00 +5.0032e-01
444 0 +4.098257918e+00 +1.194882579e+02 +1.194882579e+02 +3.6274e+00 +7.5049e-01 +3.1270e+00 +3.0529e+00 +3.7524e-01
458 0 +3.838609446e+00 +1.192286094e+02 +1.192286094e+02 +3.7524e+00 +8.7557e-01 +3.2521e+00 +3.0529e+00 +3.7524e-01
494 0 +3.547636782e+00 +1.189376368e+02 +1.189376368e+02 +3.8775e+00 +1.0006e+00 +3.3147e+00 +3.1780e+00 +3.1270e-01
518 0 +3.153190579e+00 +1.185431906e+02 +1.185431906e+02 +4.0026e+00 +1.0632e+00 +3.5023e+00 +3.1780e+00 +1.8762e-01
570 0 +2.810604690e+00 +1.182006047e+02 +1.182006047e+02 +4.2528e+00 +1.2508e+00 +3.6899e+00 +3.2406e+00 -6.2541e-02
3273 0 +5.919892491e-01 +1.159819892e+02 +1.159819892e+02 -2.3096e+00 -2.0013e+00 -2.5016e+00 -3.8241e-01 +1.0006e+00
3286 0 +4.852463144e-01 +1.158752463e+02 +1.158752463e+02 -2.3096e+00 -2.2515e+00 -2.5016e+00 -3.8241e-01 +1.0006e+00
3293 0 +1.611260846e-01 +1.155511261e+02 +1.155511261e+02 -2.3096e+00 -2.2515e+00 -2.5016e+00 -3.8241e-01 +1.2508e+00
3313 0 +1.483387959e-01 +1.155383388e+02 +1.155383388e+02 -2.3096e+00 -2.2515e+00 -2.5016e+00 -3.8241e-01 +1.3759e+00
3323 0 +1.336494849e-01 +1.155236495e+02 +1.155236495e+02 -2.1845e+00 -2.2515e+00 -2.5016e+00 -3.8241e-01 +1.5010e+00
3348 0 +1.155571387e-01 +1.155055571e+02 +1.155055571e+02 -2.1220e+00 -2.2515e+00 -2.5642e+00 -3.8241e-01 +1.5635e+00
3353 0 +1.029378995e-01 +1.154929379e+02 +1.154929379e+02 -2.1220e+00 -2.2515e+00 -2.5642e+00 -3.8241e-01 +1.6261e+00
3363 0 +9.957043163e-02 +1.154895704e+02 +1.154895704e+02 -2.1220e+00 -2.2515e+00 -2.5642e+00 -3.8241e-01 +1.6886e+00
3383 0 +6.401434232e-02 +1.154540143e+02 +1.154540143e+02 -2.0595e+00 -2.3140e+00 -2.5642e+00 -3.1987e-01 +1.8137e+00
3384 0 +5.561263455e-02 +1.154456126e+02 +1.154456126e+02 -2.1220e+00 -2.3140e+00 -2.5642e+00 -3.1987e-01 +1.8137e+00
3408 0 +4.959210124e-02 +1.154395921e+02 +1.154395921e+02 -2.0595e+00 -2.3140e+00 -2.6267e+00 -3.1987e-01 +1.9388e+00
3413 0 +4.120747652e-02 +1.154312075e+02 +1.154312075e+02 -2.0595e+00 -2.3140e+00 -2.6267e+00 -3.1987e-01 +2.0013e+00
3423 0 +3.976547592e-02 +1.154297655e+02 +1.154297655e+02 -2.0595e+00 -2.3140e+00 -2.6267e+00 -3.1987e-01 +2.0638e+00
3453 0 +3.542170846e-02 +1.154254217e+02 +1.154254217e+02 -1.9656e+00 -2.3140e+00 -2.6267e+00 -3.1987e-01 +2.1576e+00
3473 0 +3.154338776e-02 +1.154215434e+02 +1.154215434e+02 -1.9344e+00 -2.3140e+00 -2.6580e+00 -3.1987e-01 +2.2202e+00
3503 0 +2.600677376e-02 +1.154160068e+02 +1.154160068e+02 -1.9031e+00 -2.3140e+00 -2.6580e+00 -2.8860e-01 +2.3140e+00
3506 0 +2.484104342e-02 +1.154148410e+02 +1.154148410e+02 -1.9344e+00 -2.3453e+00 -2.6580e+00 -2.8860e-01 +2.3140e+00
3533 0 +2.095057292e-02 +1.154109506e+02 +1.154109506e+02 -1.9031e+00 -2.3453e+00 -2.6580e+00 -2.5733e-01 +2.4078e+00
3581 0 +1.991235038e-02 +1.154099124e+02 +1.154099124e+02 -1.9031e+00 -2.3453e+00 -2.6580e+00 -2.4170e-01 +2.4391e+00
3631 0 +1.765174576e-02 +1.154076517e+02 +1.154076517e+02 -1.9187e+00 -2.3531e+00 -2.6423e+00 -2.1824e-01 +2.4704e+00
3681 0 +1.583565572e-02 +1.154058357e+02 +1.154058357e+02 -1.9344e+00 -2.3609e+00 -2.6189e+00 -1.7915e-01 +2.5016e+00
3771 0 +1.402992562e-02 +1.154040299e+02 +1.154040299e+02 -1.9813e+00 -2.3687e+00 -2.5798e+00 -1.0880e-01 +2.5407e+00
3844 0 +1.257305402e-02 +1.154025731e+02 +1.154025731e+02 -2.0282e+00 -2.3844e+00 -2.5485e+00 -5.4073e-02 +2.5642e+00
3881 0 +1.110544635e-02 +1.154011054e+02 +1.154011054e+02 -2.0516e+00 -2.3844e+00 -2.5251e+00 -2.2803e-02 +2.5563e+00
3911 0 +9.987022060e-03 +1.153999870e+02 +1.153999870e+02 -2.0673e+00 -2.3922e+00 -2.5094e+00 +6.4968e-04 +2.5642e+00
3941 0 +8.684778827e-03 +1.153986848e+02 +1.153986848e+02 -2.0907e+00 -2.3922e+00 -2.4938e+00 +2.4102e-02 +2.5642e+00
3961 0 +7.534066632e-03 +1.153975341e+02 +1.153975341e+02 -2.1064e+00 -2.3922e+00 -2.4782e+00 +3.9738e-02 +2.5485e+00
3971 0 +7.005481123e-03 +1.153970055e+02 +1.153970055e+02 -2.1142e+00 -2.3922e+00 -2.4704e+00 +4.7555e-02 +2.5407e+00
3994 0 +6.306736894e-03 +1.153963067e+02 +1.153963067e+02 -2.1376e+00 -2.4000e+00 -2.4625e+00 +6.3190e-02 +2.5407e+00
4031 0 +5.377443782e-03 +1.153953774e+02 +1.153953774e+02 -2.1611e+00 -2.4000e+00 -2.4469e+00 +7.8825e-02 +2.5173e+00
4051 0 +4.974230533e-03 +1.153949742e+02 +1.153949742e+02 -2.1767e+00 -2.4000e+00 -2.4391e+00 +8.6643e-02 +2.5016e+00
4101 0 +4.452816676e-03 +1.153944528e+02 +1.153944528e+02 -2.1924e+00 -2.4039e+00 -2.4234e+00 +1.0228e-01 +2.4899e+00
4171 0 +3.957962410e-03 +1.153939580e+02 +1.153939580e+02 -2.2197e+00 -2.4078e+00 -2.4039e+00 +1.2964e-01 +2.4821e+00
4371 0 +3.540784958e-03 +1.153935408e+02 +1.153935408e+02 -2.2979e+00 -2.4156e+00 -2.3453e+00 +2.0782e-01 +2.4586e+00
4464 0 +3.140590699e-03 +1.153931406e+02 +1.153931406e+02 -2.3370e+00 -2.4195e+00 -2.3179e+00 +2.4299e-01 +2.4430e+00
4514 0 +2.814981040e-03 +1.153928150e+02 +1.153928150e+02 -2.3565e+00 -2.4234e+00 -2.3062e+00 +2.5863e-01 +2.4352e+00
4564 0 +2.504867674e-03 +1.153925049e+02 +1.153925049e+02 -2.3761e+00 -2.4274e+00 -2.2984e+00 +2.7036e-01 +2.4274e+00
4601 0 +2.190980149e-03 +1.153921910e+02 +1.153921910e+02 -2.3878e+00 -2.4274e+00 -2.2866e+00 +2.8208e-01 +2.4156e+00
4634 0 +1.978591402e-03 +1.153919786e+02 +1.153919786e+02 -2.4034e+00 -2.4313e+00 -2.2827e+00 +2.8990e-01 +2.4117e+00
4671 0 +1.757991615e-03 +1.153917580e+02 +1.153917580e+02 -2.4152e+00 -2.4313e+00 -2.2749e+00 +2.9772e-01 +2.4000e+00
4713 0 +1.577845363e-03 +1.153915778e+02 +1.153915778e+02 -2.4308e+00 -2.4352e+00 -2.2710e+00 +3.0944e-01 +2.4000e+00
4741 0 +1.405729839e-03 +1.153914057e+02 +1.153914057e+02 -2.4425e+00 -2.4391e+00 -2.2632e+00 +3.2117e-01 +2.4039e+00
4774 0 +1.252488607e-03 +1.153912525e+02 +1.153912525e+02 -2.4582e+00 -2.4391e+00 -2.2554e+00 +3.3290e-01 +2.4000e+00
4801 0 +1.120779074e-03 +1.153911208e+02 +1.153911208e+02 -2.4660e+00 -2.4430e+00 -2.2436e+00 +3.4462e-01 +2.3922e+00
4851 0 +9.924100313e-04 +1.153909924e+02 +1.153909924e+02 -2.4855e+00 -2.4430e+00 -2.2280e+00 +3.6417e-01 +2.3844e+00
4981 0 +8.901438907e-04 +1.153908901e+02 +1.153908901e+02 -2.5363e+00 -2.4508e+00 -2.2006e+00 +3.9935e-01 +2.3570e+00
5101 0 +7.883682835e-04 +1.153907884e+02 +1.153907884e+02 -2.5832e+00 -2.4586e+00 -2.1811e+00 +4.2671e-01 +2.3335e+00
5154 0 +7.051659440e-04 +1.153907052e+02 +1.153907052e+02 -2.6067e+00 -2.4625e+00 -2.1733e+00 +4.3843e-01 +2.3218e+00
5184 0 +6.295079784e-04 +1.153906295e+02 +1.153906295e+02 -2.6184e+00 -2.4625e+00 -2.1655e+00 +4.4625e-01 +2.3101e+00
5231 0 +5.455959622e-04 +1.153905456e+02 +1.153905456e+02 -2.6340e+00 -2.4664e+00 -2.1576e+00 +4.5798e-01 +2.3062e+00
5254 0 +4.965158972e-04 +1.153904965e+02 +1.153904965e+02 -2.6458e+00 -2.4704e+00 -2.1537e+00 +4.6189e-01 +2.2945e+00
5301 0 +4.263686838e-04 +1.153904264e+02 +1.153904264e+02 -2.6614e+00 -2.4743e+00 -2.1459e+00 +4.7361e-01 +2.2905e+00
5314 0 +3.929177207e-04 +1.153903929e+02 +1.153903929e+02 -2.6692e+00 -2.4743e+00 -2.1420e+00 +4.7752e-01 +2.2827e+00
5331 0 +3.530869463e-04 +1.153903531e+02 +1.153903531e+02 -2.6731e+00 -2.4743e+00 -2.1342e+00 +4.8534e-01 +2.2788e+00
5381 0 +3.071412632e-04 +1.153903071e+02 +1.153903071e+02 -2.6927e+00 -2.4782e+00 -2.1264e+00 +4.9707e-01 +2.2710e+00
5421 0 +2.751571729e-04 +1.153902752e+02 +1.153902752e+02 -2.7083e+00 -2.4782e+00 -2.1186e+00 +5.0488e-01 +2.2554e+00
5484 0 +2.510700395e-04 +1.153902511e+02 +1.153902511e+02 -2.7279e+00 -2.4782e+00 -2.1107e+00 +5.1661e-01 +2.2476e+00
5552 0 +2.238588191e-04 +1.153902239e+02 +1.153902239e+02 -2.7435e+00 -2.4821e+00 -2.0990e+00 +5.2834e-01 +2.2319e+00
5619 0 +1.995211875e-04 +1.153901995e+02 +1.153901995e+02 -2.7572e+00 -2.4821e+00 -2.0873e+00 +5.4006e-01 +2.2241e+00
5671 0 +1.767297939e-04 +1.153901767e+02 +1.153901767e+02 -2.7669e+00 -2.4840e+00 -2.0795e+00 +5.5179e-01 +2.2202e+00
5721 0 +1.563859310e-04 +1.153901564e+02 +1.153901564e+02 -2.7767e+00 -2.4840e+00 -2.0717e+00 +5.6156e-01 +2.2163e+00
5764 0 +1.407847127e-04 +1.153901408e+02 +1.153901408e+02 -2.7865e+00 -2.4840e+00 -2.0658e+00 +5.6938e-01 +2.2124e+00
5821 0 +1.255238419e-04 +1.153901255e+02 +1.153901255e+02 -2.7963e+00 -2.4879e+00 -2.0599e+00 +5.8110e-01 +2.2143e+00
5861 0 +1.120601837e-04 +1.153901121e+02 +1.153901121e+02 -2.8041e+00 -2.4879e+00 -2.0521e+00 +5.8892e-01 +2.2104e+00
5914 0 +9.974728997e-05 +1.153900997e+02 +1.153900997e+02 -2.8158e+00 -2.4899e+00 -2.0443e+00 +5.9869e-01 +2.2065e+00
5991 0 +8.820372983e-05 +1.153900882e+02 +1.153900882e+02 -2.8295e+00 -2.4938e+00 -2.0365e+00 +6.1042e-01 +2.2026e+00
6052 0 +7.937879242e-05 +1.153900794e+02 +1.153900794e+02 -2.8412e+00 -2.4958e+00 -2.0306e+00 +6.1824e-01 +2.1948e+00
6101 0 +7.069400324e-05 +1.153900707e+02 +1.153900707e+02 -2.8510e+00 -2.4958e+00 -2.0248e+00 +6.2410e-01 +2.1870e+00
6154 0 +6.251216914e-05 +1.153900625e+02 +1.153900625e+02 -2.8627e+00 -2.4977e+00 -2.0208e+00 +6.2996e-01 +2.1811e+00
6194 0 +5.581136453e-05 +1.153900558e+02 +1.153900558e+02 -2.8705e+00 -2.4977e+00 -2.0169e+00 +6.3387e-01 +2.1733e+00
6231 0 +4.998441295e-05 +1.153900500e+02 +1.153900500e+02 -2.8764e+00 -2.4977e+00 -2.0130e+00 +6.3974e-01 +2.1694e+00
6271 0 +4.398790252e-05 +1.153900440e+02 +1.153900440e+02 -2.8842e+00 -2.4997e+00 -2.0091e+00 +6.4364e-01 +2.1655e+00
6311 0 +3.902963847e-05 +1.153900390e+02 +1.153900390e+02 -2.8920e+00 -2.5016e+00 -2.0052e+00 +6.4755e-01 +2.1576e+00
6359 0 +3.544146438e-05 +1.153900354e+02 +1.153900354e+02 -2.9018e+00 -2.5036e+00 -2.0013e+00 +6.5146e-01 +2.1537e+00
6411 0 +3.094791676e-05 +1.153900309e+02 +1.153900309e+02 -2.9116e+00 -2.5055e+00 -1.9974e+00 +6.5928e-01 +2.1498e+00
6471 0 +2.797932270e-05 +1.153900280e+02 +1.153900280e+02 -2.9233e+00 -2.5075e+00 -1.9915e+00 +6.7101e-01 +2.1537e+00
6544 0 +2.511058482e-05 +1.153900251e+02 +1.153900251e+02 -2.9389e+00 -2.5094e+00 -1.9798e+00 +6.8469e-01 +2.1459e+00
6591 0 +2.211698424e-05 +1.153900221e+02 +1.153900221e+02 -2.9468e+00 -2.5094e+00 -1.9720e+00 +6.9446e-01 +2.1420e+00
6621 0 +1.960705947e-05 +1.153900196e+02 +1.153900196e+02 -2.9526e+00 -2.5094e+00 -1.9681e+00 +6.9837e-01 +2.1362e+00
6661 0 +1.743758774e-05 +1.153900174e+02 +1.153900174e+02 -2.9604e+00 -2.5114e+00 -1.9661e+00 +7.0228e-01 +2.1342e+00
6674 0 +1.577804608e-05 +1.153900158e+02 +1.153900158e+02 -2.9643e+00 -2.5114e+00 -1.9642e+00 +7.0423e-01 +2.1303e+00
6704 0 +1.403370584e-05 +1.153900140e+02 +1.153900140e+02 -2.9702e+00 -2.5133e+00 -1.9622e+00 +7.0814e-01 +2.1303e+00
6724 0 +1.250579353e-05 +1.153900125e+02 +1.153900125e+02 -2.9741e+00 -2.5133e+00 -1.9603e+00 +7.1009e-01 +2.1264e+00
6753 0 +1.120565410e-05 +1.153900112e+02 +1.153900112e+02 -2.9780e+00 -2.5153e+00 -1.9583e+00 +7.1400e-01 +2.1264e+00
6782 0 +9.987492874e-06 +1.153900100e+02 +1.153900100e+02 -2.9819e+00 -2.5153e+00 -1.9563e+00 +7.1596e-01 +2.1225e+00
6821 0 +8.360364617e-06 +1.153900084e+02 +1.153900084e+02 -2.9878e+00 -2.5153e+00 -1.9524e+00 +7.1987e-01 +2.1186e+00
6841 0 +7.744361341e-06 +1.153900077e+02 +1.153900077e+02 -2.9917e+00 -2.5173e+00 -1.9505e+00 +7.2182e-01 +2.1147e+00
6891 0 +6.979283256e-06 +1.153900070e+02 +1.153900070e+02 -2.9976e+00 -2.5173e+00 -1.9466e+00 +7.2768e-01 +2.1127e+00
7041 0 +6.280422866e-06 +1.153900063e+02 +1.153900063e+02 -3.0171e+00 -2.5192e+00 -1.9348e+00 +7.4136e-01 +2.0990e+00
7121 0 +5.613803623e-06 +1.153900056e+02 +1.153900056e+02 -3.0259e+00 -2.5202e+00 -1.9309e+00 +7.4527e-01 +2.0922e+00
7161 0 +4.941226223e-06 +1.153900049e+02 +1.153900049e+02 -3.0288e+00 -2.5212e+00 -1.9280e+00 +7.4918e-01 +2.0922e+00
7191 0 +4.381537906e-06 +1.153900044e+02 +1.153900044e+02 -3.0318e+00 -2.5212e+00 -1.9261e+00 +7.5211e-01 +2.0922e+00
7211 0 +3.876273183e-06 +1.153900039e+02 +1.153900039e+02 -3.0337e+00 -2.5212e+00 -1.9241e+00 +7.5407e-01 +2.0902e+00
7236 0 +3.545916499e-06 +1.153900035e+02 +1.153900035e+02 -3.0367e+00 -2.5221e+00 -1.9231e+00 +7.5602e-01 +2.0902e+00
7251 0 +3.140862475e-06 +1.153900031e+02 +1.153900031e+02 -3.0376e+00 -2.5221e+00 -1.9212e+00 +7.5798e-01 +2.0892e+00
7281 0 +2.714843490e-06 +1.153900027e+02 +1.153900027e+02 -3.0406e+00 -2.5221e+00 -1.9192e+00 +7.6091e-01 +2.0892e+00
7301 0 +2.403848995e-06 +1.153900024e+02 +1.153900024e+02 -3.0425e+00 -2.5221e+00 -1.9173e+00 +7.6286e-01 +2.0873e+00
7331 0 +2.218614924e-06 +1.153900022e+02 +1.153900022e+02 -3.0454e+00 -2.5231e+00 -1.9163e+00 +7.6482e-01 +2.0853e+00
7371 0 +1.988188274e-06 +1.153900020e+02 +1.153900020e+02 -3.0494e+00 -2.5241e+00 -1.9143e+00 +7.6677e-01 +2.0834e+00
7431 0 +1.768907381e-06 +1.153900018e+02 +1.153900018e+02 -3.0552e+00 -2.5251e+00 -1.9114e+00 +7.7263e-01 +2.0853e+00
7521 0 +1.563413903e-06 +1.153900016e+02 +1.153900016e+02 -3.0640e+00 -2.5261e+00 -1.9046e+00 +7.8143e-01 +2.0824e+00
7571 0 +1.378599933e-06 +1.153900014e+02 +1.153900014e+02 -3.0689e+00 -2.5261e+00 -1.9006e+00 +7.8534e-01 +2.0775e+00
7621 0 +1.208906866e-06 +1.153900012e+02 +1.153900012e+02 -3.0738e+00 -2.5270e+00 -1.8987e+00 +7.8827e-01 +2.0756e+00
7644 0 +1.117195254e-06 +1.153900011e+02 +1.153900011e+02 -3.0767e+00 -2.5280e+00 -1.8977e+00 +7.8925e-01 +2.0736e+00
7681 0 +9.519188495e-07 +1.153900010e+02 +1.153900010e+02 -3.0797e+00 -2.5280e+00 -1.8958e+00 +7.9218e-01 +2.0726e+00
7701 0 +8.738102935e-07 +1.153900009e+02 +1.153900009e+02 -3.0816e+00 -2.5290e+00 -1.8948e+00 +7.9316e-01 +2.0707e+00
7731 0 +7.917281550e-07 +1.153900008e+02 +1.153900008e+02 -3.0845e+00 -2.5290e+00 -1.8938e+00 +7.9511e-01 +2.0707e+00
7779 0 +6.903141667e-07 +1.153900007e+02 +1.153900007e+02 -3.0875e+00 -2.5290e+00 -1.8919e+00 +7.9609e-01 +2.0668e+00
7801 0 +6.226259757e-07 +1.153900006e+02 +1.153900006e+02 -3.0894e+00 -2.5300e+00 -1.8909e+00 +7.9804e-01 +2.0658e+00
7849 0 +5.611014444e-07 +1.153900006e+02 +1.153900006e+02 -3.0924e+00 -2.5300e+00 -1.8889e+00 +8.0000e-01 +2.0648e+00
7911 0 +4.820369384e-07 +1.153900005e+02 +1.153900005e+02 -3.0972e+00 -2.5309e+00 -1.8870e+00 +8.0293e-01 +2.0609e+00
7954 0 +4.463556138e-07 +1.153900004e+02 +1.153900004e+02 -3.0987e+00 -2.5305e+00 -1.8855e+00 +8.0439e-01 +2.0594e+00
8011 0 +3.922054645e-07 +1.153900004e+02 +1.153900004e+02 -3.1011e+00 -2.5309e+00 -1.8831e+00 +8.0733e-01 +2.0585e+00
8054 0 +3.532999102e-07 +1.153900004e+02 +1.153900004e+02 -3.1036e+00 -2.5309e+00 -1.8816e+00 +8.0928e-01 +2.0575e+00
8101 0 +3.092358440e-07 +1.153900003e+02 +1.153900003e+02 -3.1055e+00 -2.5314e+00 -1.8796e+00 +8.1172e-01 +2.0570e+00
8141 0 +2.752706507e-07 +1.153900003e+02 +1.153900003e+02 -3.1075e+00 -2.5314e+00 -1.8782e+00 +8.1368e-01 +2.0565e+00
8182 0 +2.508322581e-07 +1.153900003e+02 +1.153900003e+02 -3.1095e+00 -2.5314e+00 -1.8772e+00 +8.1465e-01 +2.0541e+00
8241 0 +2.213634360e-07 +1.153900002e+02 +1.153900002e+02 -3.1124e+00 -2.5324e+00 -1.8757e+00 +8.1661e-01 +2.0531e+00
8311 0 +1.966491396e-07 +1.153900002e+02 +1.153900002e+02 -3.1158e+00 -2.5329e+00 -1.8743e+00 +8.1954e-01 +2.0536e+00
8351 0 +1.758640735e-07 +1.153900002e+02 +1.153900002e+02 -3.1178e+00 -2.5329e+00 -1.8723e+00 +8.2149e-01 +2.0516e+00
8421 0 +1.567377694e-07 +1.153900002e+02 +1.153900002e+02 -3.1212e+00 -2.5334e+00 -1.8708e+00 +8.2345e-01 +2.0497e+00
8483 0 +1.408874795e-07 +1.153900001e+02 +1.153900001e+02 -3.1241e+00 -2.5339e+00 -1.8699e+00 +8.2491e-01 +2.0477e+00
8519 0 +1.258522531e-07 +1.153900001e+02 +1.153900001e+02 -3.1261e+00 -2.5344e+00 -1.8684e+00 +8.2638e-01 +2.0477e+00
8539 0 +1.120479851e-07 +1.153900001e+02 +1.153900001e+02 -3.1270e+00 -2.5344e+00 -1.8674e+00 +8.2736e-01 +2.0467e+00
8554 0 +9.930730016e-08 +1.153900001e+02 +1.153900001e+02 -3.1280e+00 -2.5344e+00 -1.8669e+00 +8.2834e-01 +2.0458e+00
8581 0 +8.769364968e-08 +1.153900001e+02 +1.153900001e+02 -3.1290e+00 -2.5348e+00 -1.8660e+00 +8.2980e-01 +2.0462e+00
8612 0 +7.926558965e-08 +1.153900001e+02 +1.153900001e+02 -3.1305e+00 -2.5348e+00 -1.8655e+00 +8.3078e-01 +2.0458e+00
8631 0 +7.001355584e-08 +1.153900001e+02 +1.153900001e+02 -3.1314e+00 -2.5353e+00 -1.8645e+00 +8.3176e-01 +2.0453e+00
8672 0 +6.288031784e-08 +1.153900001e+02 +1.153900001e+02 -3.1334e+00 -2.5353e+00 -1.8640e+00 +8.3273e-01 +2.0443e+00
8704 0 +5.571821760e-08 +1.153900001e+02 +1.153900001e+02 -3.1354e+00 -2.5358e+00 -1.8630e+00 +8.3371e-01 +2.0428e+00
8764 0 +5.007800041e-08 +1.153900001e+02 +1.153900001e+02 -3.1378e+00 -2.5358e+00 -1.8616e+00 +8.3566e-01 +2.0419e+00
8891 0 +4.454113878e-08 +1.153900000e+02 +1.153900000e+02 -3.1417e+00 -2.5363e+00 -1.8586e+00 +8.3860e-01 +2.0382e+00
8961 0 +3.940348847e-08 +1.153900000e+02 +1.153900000e+02 -3.1434e+00 -2.5366e+00 -1.8574e+00 +8.4031e-01 +2.0377e+00
9001 0 +3.516700531e-08 +1.153900000e+02 +1.153900000e+02 -3.1444e+00 -2.5366e+00 -1.8567e+00 +8.4128e-01 +2.0375e+00
9031 0 +3.091149381e-08 +1.153900000e+02 +1.153900000e+02 -3.1451e+00 -2.5366e+00 -1.8559e+00 +8.4202e-01 +2.0367e+00
9051 0 +2.813031585e-08 +1.153900000e+02 +1.153900000e+02 -3.1456e+00 -2.5366e+00 -1.8555e+00 +8.4250e-01 +2.0362e+00
9081 0 +2.496253160e-08 +1.153900000e+02 +1.153900000e+02 -3.1463e+00 -2.5368e+00 -1.8550e+00 +8.4324e-01 +2.0362e+00
9122 0 +2.235132968e-08 +1.153900000e+02 +1.153900000e+02 -3.1473e+00 -2.5370e+00 -1.8547e+00 +8.4373e-01 +2.0357e+00
9151 0 +1.972274788e-08 +1.153900000e+02 +1.153900000e+02 -3.1481e+00 -2.5370e+00 -1.8542e+00 +8.4421e-01 +2.0353e+00
9191 0 +1.724251320e-08 +1.153900000e+02 +1.153900000e+02 -3.1490e+00 -2.5373e+00 -1.8537e+00 +8.4495e-01 +2.0350e+00
9224 0 +1.572058750e-08 +1.153900000e+02 +1.153900000e+02 -3.1500e+00 -2.5373e+00 -1.8535e+00 +8.4519e-01 +2.0340e+00
9271 0 +1.386278825e-08 +1.153900000e+02 +1.153900000e+02 -3.1510e+00 -2.5373e+00 -1.8528e+00 +8.4592e-01 +2.0331e+00
9331 0 +1.256395876e-08 +1.153900000e+02 +1.153900000e+02 -3.1525e+00 -2.5375e+00 -1.8520e+00 +8.4690e-01 +2.0323e+00
9534 0 +1.118860382e-08 +1.153900000e+02 +1.153900000e+02 -3.1576e+00 -2.5385e+00 -1.8498e+00 +8.5032e-01 +2.0306e+00
9581 0 +9.871968132e-09 +1.153900000e+02 +1.153900000e+02 -3.1586e+00 -2.5388e+00 -1.8489e+00 +8.5154e-01 +2.0304e+00
50000 0 +5.471179065e-12 +1.153900000e+02 +1.153900000e+02 -3.1882e+00 -2.5427e+00 -1.8313e+00 +8.7390e-01 +2.0149e+00
