% f evaluations | g evaluations | best noise-free fitness - Fopt (-1.000000000000e+03) + sum g_i+ | measured fitness | best measured fitness or single-digit g-values | x1 | x2...
1 0 +6.394424455e+01 -9.360557554e+02 -9.360557554e+02 +0.0000e+00 +0.0000e+00
2 0 +2.730594328e+01 -9.726940567e+02 -9.726940567e+02 -2.9289e+00 +0.0000e+00
11 0 +1.576822142e+01 -9.842317786e+02 -9.842317786e+02 +0.0000e+00 +2.9289e+00
13 0 +9.646772244e+00 -9.903532278e+02 -9.903532278e+02 -2.5628e+00 +3.6612e-01
22 0 +7.460808898e+00 -9.925391911e+02 -9.925391911e+02 -1.8577e+00 -1.0519e+00
33 0 +3.604647131e-02 -9.999639535e+02 -9.999639535e+02 +1.3466e+00 +6.1345e-01
73 0 +5.024973058e-03 -9.999949750e+02 -9.999949750e+02 +1.4241e+00 +4.9750e-01
86 0 +2.944505391e-03 -9.999970555e+02 -9.999970555e+02 +1.4241e+00 +6.2259e-01
93 0 +7.603892641e-06 -9.999999924e+02 -9.999999924e+02 +1.4241e+00 +5.6004e-01
110 0 +6.113081895e-06 -9.999999939e+02 -9.999999939e+02 +1.4241e+00 +5.6786e-01
146 0 +5.581566825e-06 -9.999999944e+02 -9.999999944e+02 +1.4221e+00 +5.7079e-01
174 0 +4.945740329e-06 -9.999999951e+02 -9.999999951e+02 +1.4202e+00 +5.7421e-01
199 0 +4.362882351e-06 -9.999999956e+02 -9.999999956e+02 +1.4187e+00 +5.7715e-01
215 0 +3.969071827e-06 -9.999999960e+02 -9.999999960e+02 +1.4177e+00 +5.7910e-01
234 0 +3.510995157e-06 -9.999999965e+02 -9.999999965e+02 +1.4167e+00 +5.8154e-01
250 0 +3.158967388e-06 -9.999999968e+02 -9.999999968e+02 +1.4158e+00 +5.8350e-01
270 0 +2.816914957e-06 -9.999999972e+02 -9.999999972e+02 +1.4148e+00 +5.8594e-01
287 0 +2.509160254e-06 -9.999999975e+02 -9.999999975e+02 +1.4133e+00 +5.8789e-01
310 0 +2.217296696e-06 -9.999999978e+02 -9.999999978e+02 +1.4123e+00 +5.9083e-01
334 0 +1.981272817e-06 -9.999999980e+02 -9.999999980e+02 +1.4109e+00 +5.9376e-01
370 0 +1.759835641e-06 -9.999999982e+02 -9.999999982e+02 +1.4084e+00 +5.9816e-01
438 0 +1.576974114e-06 -9.999999984e+02 -9.999999984e+02 +1.4045e+00 +6.0646e-01
483 0 +1.403292913e-06 -9.999999986e+02 -9.999999986e+02 +1.4016e+00 +6.1184e-01
510 0 +1.228936981e-06 -9.999999988e+02 -9.999999988e+02 +1.4001e+00 +6.1526e-01
526 0 +1.116991598e-06 -9.999999989e+02 -9.999999989e+02 +1.3991e+00 +6.1721e-01
546 0 +9.884049632e-07 -9.999999990e+02 -9.999999990e+02 +1.3982e+00 +6.1965e-01
562 0 +8.798973568e-07 -9.999999991e+02 -9.999999991e+02 +1.3972e+00 +6.2161e-01
594 0 +7.877425787e-07 -9.999999992e+02 -9.999999992e+02 +1.3962e+00 +6.2332e-01
626 0 +7.036576335e-07 -9.999999993e+02 -9.999999993e+02 +1.3952e+00 +6.2527e-01
662 0 +6.288246368e-07 -9.999999994e+02 -9.999999994e+02 +1.3943e+00 +6.2747e-01
702 0 +5.594910135e-07 -9.999999994e+02 -9.999999994e+02 +1.3930e+00 +6.2991e-01
747 0 +4.993215725e-07 -9.999999995e+02 -9.999999995e+02 +1.3916e+00 +6.3260e-01
795 0 +4.463116738e-07 -9.999999996e+02 -9.999999996e+02 +1.3901e+00 +6.3553e-01
842 0 +3.972808145e-07 -9.999999996e+02 -9.999999996e+02 +1.3889e+00 +6.3846e-01
882 0 +3.524219210e-07 -9.999999996e+02 -9.999999996e+02 +1.3877e+00 +6.4091e-01
914 0 +3.161086397e-07 -9.999999997e+02 -9.999999997e+02 +1.3867e+00 +6.4286e-01
946 0 +2.813312676e-07 -9.999999997e+02 -9.999999997e+02 +1.3857e+00 +6.4482e-01
978 0 +2.500680694e-07 -9.999999997e+02 -9.999999997e+02 +1.3847e+00 +6.4677e-01
1010 0 +2.236433829e-07 -9.999999998e+02 -9.999999998e+02 +1.3838e+00 +6.4873e-01
1050 0 +1.976030717e-07 -9.999999998e+02 -9.999999998e+02 +1.3825e+00 +6.5117e-01
1090 0 +1.771202278e-07 -9.999999998e+02 -9.999999998e+02 +1.3813e+00 +6.5361e-01
1131 0 +1.578963520e-07 -9.999999998e+02 -9.999999998e+02 +1.3801e+00 +6.5605e-01
1163 0 +1.405779813e-07 -9.999999999e+02 -9.999999999e+02 +1.3791e+00 +6.5801e-01
1190 0 +1.234315050e-07 -9.999999999e+02 -9.999999999e+02 +1.3784e+00 +6.5972e-01
1210 0 +1.119183253e-07 -9.999999999e+02 -9.999999999e+02 +1.3779e+00 +6.6094e-01
1227 0 +9.998052519e-08 -9.999999999e+02 -9.999999999e+02 +1.3772e+00 +6.6192e-01
1246 0 +8.724043710e-08 -9.999999999e+02 -9.999999999e+02 +1.3767e+00 +6.6314e-01
1262 0 +7.825042303e-08 -9.999999999e+02 -9.999999999e+02 +1.3762e+00 +6.6412e-01
1278 0 +7.040659966e-08 -9.999999999e+02 -9.999999999e+02 +1.3757e+00 +6.6509e-01
1310 0 +6.289951671e-08 -9.999999999e+02 -9.999999999e+02 +1.3752e+00 +6.6631e-01
1354 0 +5.600827535e-08 -9.999999999e+02 -9.999999999e+02 +1.3745e+00 +6.6766e-01
1426 0 +4.998912573e-08 -1.000000000e+03 -1.000000000e+03 +1.3734e+00 +6.6986e-01
1558 0 +4.446508228e-08 -1.000000000e+03 -1.000000000e+03 +1.3714e+00 +6.7389e-01
1610 0 +3.977959295e-08 -1.000000000e+03 -1.000000000e+03 +1.3707e+00 +6.7548e-01
1646 0 +3.483012279e-08 -1.000000000e+03 -1.000000000e+03 +1.3701e+00 +6.7658e-01
1671 0 +3.126172032e-08 -1.000000000e+03 -1.000000000e+03 +1.3697e+00 +6.7731e-01
1694 0 +2.811918876e-08 -1.000000000e+03 -1.000000000e+03 +1.3695e+00 +6.7804e-01
1714 0 +2.480896910e-08 -1.000000000e+03 -1.000000000e+03 +1.3691e+00 +6.7865e-01
1735 0 +2.208469141e-08 -1.000000000e+03 -1.000000000e+03 +1.3687e+00 +6.7926e-01
1754 0 +1.971102392e-08 -1.000000000e+03 -1.000000000e+03 +1.3685e+00 +6.7987e-01
1775 0 +1.768478342e-08 -1.000000000e+03 -1.000000000e+03 +1.3681e+00 +6.8048e-01
1798 0 +1.578894171e-08 -1.000000000e+03 -1.000000000e+03 +1.3679e+00 +6.8122e-01
1826 0 +1.398234417e-08 -1.000000000e+03 -1.000000000e+03 +1.3674e+00 +6.8207e-01
1867 0 +1.256421456e-08 -1.000000000e+03 -1.000000000e+03 +1.3668e+00 +6.8329e-01
1986 0 +1.119622084e-08 -1.000000000e+03 -1.000000000e+03 +1.3651e+00 +6.8696e-01
2022 0 +9.984432836e-09 -1.000000000e+03 -1.000000000e+03 +1.3645e+00 +6.8806e-01
20011 0 +8.662937034e-11 -1.000000000e+03 -1.000000000e+03 +1.3543e+00 +7.0882e-01
% f evaluations | g evaluations | best noise-free fitness - Fopt (1.000000000000e+03) + sum g_i+ | measured fitness | best measured fitness or single-digit g-values | x1 | x2...
1 0 +3.423892705e+01 +1.034238927e+03 +1.034238927e+03 +0.0000e+00 +0.0000e+00
2 0 +1.573067483e+01 +1.015730675e+03 +1.015730675e+03 -2.9289e+00 +0.0000e+00
9 0 +6.749990219e+00 +1.006749990e+03 +1.006749990e+03 +2.5628e+00 -3.6612e-01
28 0 +5.911128659e+00 +1.005911129e+03 +1.005911129e+03 -2.0798e+00 -1.3466e+00
43 0 +2.675305992e+00 +1.002675306e+03 +1.002675306e+03 +9.4527e-01 +5.6286e-01
20000 0 +2.590547730e+00 +1.002590548e+03 +1.002590548e+03 +1.1659e+00 +4.7400e-01
% f evaluations | g evaluations | best noise-free fitness - Fopt (-4.913000000000e+01) + sum g_i+ | measured fitness | best measured fitness or single-digit g-values | x1 | x2...
1 0 +5.958288784e+01 +1.045288784e+01 +1.045288784e+01 +0.0000e+00 +0.0000e+00
2 0 +2.790989851e+01 -2.122010149e+01 -2.122010149e+01 -2.9289e+00 +0.0000e+00
4 0 +1.717909546e+01 -3.195090454e+01 -3.195090454e+01 -5.4917e+00 -2.5628e+00
5 0 +2.006306093e+00 -4.712369391e+01 -4.712369391e+01 +2.9289e+00 +0.0000e+00
30 0 +1.992493046e+00 -4.713750695e+01 -4.713750695e+01 +2.8856e+00 +5.4078e-01
45 0 +1.641961884e+00 -4.748803812e+01 -4.748803812e+01 +2.5151e+00 -9.4527e-01
50 0 +1.040334147e+00 -4.808966585e+01 -4.808966585e+01 +7.3034e-01 -1.9214e+00
71 0 +8.225687926e-01 -4.830743121e+01 -4.830743121e+01 +8.4666e-01 -1.9214e+00
90 0 +7.119311554e-01 -4.841806884e+01 -4.841806884e+01 +8.4666e-01 -2.0465e+00
96 0 +6.922086889e-01 -4.843779131e+01 -4.843779131e+01 +9.0920e-01 -2.0465e+00
4912 0 +6.254223279e-01 -4.850457767e+01 -4.850457767e+01 +2.6178e+00 -5.4988e-01
4936 0 +5.577433887e-01 -4.857225661e+01 -4.857225661e+01 +2.6491e+00 -4.5607e-01
4988 0 +4.993564330e-01 -4.863064357e+01 -4.863064357e+01 +2.7273e+00 -2.5282e-01
5048 0 +4.403681035e-01 -4.868963190e+01 -4.868963190e+01 +2.8054e+00 -1.8289e-02
5068 0 +3.898403243e-01 -4.874015968e+01 -4.874015968e+01 +2.8367e+00 +5.9887e-02
5096 0 +3.518721969e-01 -4.877812780e+01 -4.877812780e+01 +2.8523e+00 +1.1461e-01
5122 0 +3.121486465e-01 -4.881785135e+01 -4.881785135e+01 +2.8758e+00 +1.6152e-01
5144 0 +2.762728206e-01 -4.885372718e+01 -4.885372718e+01 +2.8914e+00 +2.0842e-01
5166 0 +2.491823445e-01 -4.888081766e+01 -4.888081766e+01 +2.9071e+00 +2.4751e-01
5188 0 +2.195465345e-01 -4.891045347e+01 -4.891045347e+01 +2.9227e+00 +2.9441e-01
5210 0 +1.991788916e-01 -4.893082111e+01 -4.893082111e+01 +2.9383e+00 +3.3350e-01
5236 0 +1.751840471e-01 -4.895481595e+01 -4.895481595e+01 +2.9540e+00 +3.8823e-01
5266 0 +1.576723777e-01 -4.897232762e+01 -4.897232762e+01 +2.9774e+00 +4.4295e-01
5304 0 +1.401957711e-01 -4.898980423e+01 -4.898980423e+01 +3.0009e+00 +5.2112e-01
5356 0 +1.247831206e-01 -4.900521688e+01 -4.900521688e+01 +3.0400e+00 +6.2275e-01
5402 0 +1.115274102e-01 -4.901847259e+01 -4.901847259e+01 +3.0712e+00 +7.0875e-01
5434 0 +9.979610062e-02 -4.903020390e+01 -4.903020390e+01 +3.0947e+00 +7.7129e-01
5460 0 +8.809507483e-02 -4.904190493e+01 -4.904190493e+01 +3.1103e+00 +8.2601e-01
5484 0 +7.837045490e-02 -4.905162955e+01 -4.905162955e+01 +3.1260e+00 +8.7291e-01
5504 0 +7.032348448e-02 -4.905967652e+01 -4.905967652e+01 +3.1416e+00 +9.1200e-01
5528 0 +6.222095758e-02 -4.906777904e+01 -4.906777904e+01 +3.1572e+00 +9.5891e-01
5548 0 +5.620184063e-02 -4.907379816e+01 -4.907379816e+01 +3.1729e+00 +9.9800e-01
5576 0 +4.994519753e-02 -4.908005480e+01 -4.908005480e+01 +3.1885e+00 +1.0527e+00
5602 0 +4.453865011e-02 -4.908546135e+01 -4.908546135e+01 +3.2119e+00 +1.0996e+00
5624 0 +3.973685741e-02 -4.909026314e+01 -4.909026314e+01 +3.2276e+00 +1.1465e+00
5648 0 +3.491026990e-02 -4.909508973e+01 -4.909508973e+01 +3.2432e+00 +1.1934e+00
5670 0 +3.087963484e-02 -4.909912037e+01 -4.909912037e+01 +3.2588e+00 +1.2325e+00
5684 0 +2.764210999e-02 -4.910235789e+01 -4.910235789e+01 +3.2667e+00 +1.2638e+00
5702 0 +2.468983394e-02 -4.910531017e+01 -4.910531017e+01 +3.2823e+00 +1.2951e+00
5716 0 +2.175539676e-02 -4.910824460e+01 -4.910824460e+01 +3.2901e+00 +1.3263e+00
5744 0 +1.983940977e-02 -4.911016059e+01 -4.911016059e+01 +3.2979e+00 +1.3537e+00
5780 0 +1.760172226e-02 -4.911239828e+01 -4.911239828e+01 +3.3136e+00 +1.3889e+00
5826 0 +1.581941288e-02 -4.911418059e+01 -4.911418059e+01 +3.3292e+00 +1.4319e+00
5892 0 +1.412028854e-02 -4.911587971e+01 -4.911587971e+01 +3.3527e+00 +1.4983e+00
5948 0 +1.258118744e-02 -4.911741881e+01 -4.911741881e+01 +3.3722e+00 +1.5530e+00
5984 0 +1.107372867e-02 -4.911892627e+01 -4.911892627e+01 +3.3839e+00 +1.5882e+00
6008 0 +9.867076974e-03 -4.912013292e+01 -4.912013292e+01 +3.3917e+00 +1.6117e+00
6028 0 +8.761178453e-03 -4.912123882e+01 -4.912123882e+01 +3.3996e+00 +1.6312e+00
6048 0 +7.917641102e-03 -4.912208236e+01 -4.912208236e+01 +3.4035e+00 +1.6508e+00
6064 0 +6.905619820e-03 -4.912309438e+01 -4.912309438e+01 +3.4113e+00 +1.6664e+00
6080 0 +6.290053158e-03 -4.912370995e+01 -4.912370995e+01 +3.4152e+00 +1.6820e+00
6096 0 +5.522536047e-03 -4.912447746e+01 -4.912447746e+01 +3.4230e+00 +1.6977e+00
6116 0 +4.869222312e-03 -4.912513078e+01 -4.912513078e+01 +3.4308e+00 +1.7172e+00
6136 0 +4.449332761e-03 -4.912555067e+01 -4.912555067e+01 +3.4347e+00 +1.7368e+00
6164 0 +3.939419498e-03 -4.912606058e+01 -4.912606058e+01 +3.4465e+00 +1.7641e+00
6250 0 +3.539127432e-03 -4.912646087e+01 -4.912646087e+01 +3.4777e+00 +1.8462e+00
6288 0 +3.128323350e-03 -4.912687168e+01 -4.912687168e+01 +3.4895e+00 +1.8853e+00
6308 0 +2.749871745e-03 -4.912725013e+01 -4.912725013e+01 +3.4973e+00 +1.9048e+00
6320 0 +2.499838739e-03 -4.912750016e+01 -4.912750016e+01 +3.5012e+00 +1.9166e+00
6336 0 +2.212067172e-03 -4.912778793e+01 -4.912778793e+01 +3.5051e+00 +1.9322e+00
6348 0 +1.977330971e-03 -4.912802267e+01 -4.912802267e+01 +3.5090e+00 +1.9439e+00
6356 0 +1.771044969e-03 -4.912822896e+01 -4.912822896e+01 +3.5129e+00 +1.9517e+00
6368 0 +1.570655053e-03 -4.912842934e+01 -4.912842934e+01 +3.5168e+00 +1.9635e+00
6392 0 +1.408956006e-03 -4.912859104e+01 -4.912859104e+01 +3.5207e+00 +1.9732e+00
6418 0 +1.249178477e-03 -4.912875082e+01 -4.912875082e+01 +3.5266e+00 +1.9850e+00
6444 0 +1.119251076e-03 -4.912888075e+01 -4.912888075e+01 +3.5305e+00 +1.9986e+00
6484 0 +9.959453951e-04 -4.912900405e+01 -4.912900405e+01 +3.5383e+00 +2.0182e+00
6576 0 +8.891039389e-04 -4.912911090e+01 -4.912911090e+01 +3.5540e+00 +2.0631e+00
6648 0 +7.891777821e-04 -4.912921082e+01 -4.912921082e+01 +3.5657e+00 +2.0983e+00
6680 0 +7.012049945e-04 -4.912929880e+01 -4.912929880e+01 +3.5716e+00 +2.1140e+00
6704 0 +6.275810913e-04 -4.912937242e+01 -4.912937242e+01 +3.5755e+00 +2.1257e+00
6724 0 +5.581125447e-04 -4.912944189e+01 -4.912944189e+01 +3.5794e+00 +2.1355e+00
6744 0 +4.929982705e-04 -4.912950700e+01 -4.912950700e+01 +3.5833e+00 +2.1452e+00
6764 0 +4.355427367e-04 -4.912956446e+01 -4.912956446e+01 +3.5872e+00 +2.1550e+00
6780 0 +3.969606110e-04 -4.912960304e+01 -4.912960304e+01 +3.5891e+00 +2.1628e+00
6800 0 +3.526913865e-04 -4.912964731e+01 -4.912964731e+01 +3.5931e+00 +2.1726e+00
6824 0 +3.127988444e-04 -4.912968720e+01 -4.912968720e+01 +3.5970e+00 +2.1843e+00
6854 0 +2.776885039e-04 -4.912972231e+01 -4.912972231e+01 +3.6028e+00 +2.1980e+00
6884 0 +2.508081388e-04 -4.912974919e+01 -4.912974919e+01 +3.6067e+00 +2.2136e+00
6922 0 +2.207669085e-04 -4.912977923e+01 -4.912977923e+01 +3.6145e+00 +2.2312e+00
6948 0 +1.983801682e-04 -4.912980162e+01 -4.912980162e+01 +3.6185e+00 +2.2449e+00
6972 0 +1.777134611e-04 -4.912982229e+01 -4.912982229e+01 +3.6224e+00 +2.2566e+00
6992 0 +1.580462069e-04 -4.912984195e+01 -4.912984195e+01 +3.6263e+00 +2.2664e+00
7012 0 +1.399322688e-04 -4.912986007e+01 -4.912986007e+01 +3.6302e+00 +2.2762e+00
7032 0 +1.243874722e-04 -4.912987561e+01 -4.912987561e+01 +3.6341e+00 +2.2859e+00
7054 0 +1.117104273e-04 -4.912988829e+01 -4.912988829e+01 +3.6380e+00 +2.2957e+00
7080 0 +9.918652137e-05 -4.912990081e+01 -4.912990081e+01 +3.6409e+00 +2.3065e+00
7124 0 +8.895377905e-05 -4.912991105e+01 -4.912991105e+01 +3.6448e+00 +2.3172e+00
7168 0 +7.911112289e-05 -4.912992089e+01 -4.912992089e+01 +3.6488e+00 +2.3280e+00
7204 0 +7.068765632e-05 -4.912992931e+01 -4.912992931e+01 +3.6517e+00 +2.3368e+00
7236 0 +6.251053587e-05 -4.912993749e+01 -4.912993749e+01 +3.6546e+00 +2.3446e+00
7264 0 +5.589420712e-05 -4.912994411e+01 -4.912994411e+01 +3.6566e+00 +2.3514e+00
7290 0 +4.930944692e-05 -4.912995069e+01 -4.912995069e+01 +3.6595e+00 +2.3573e+00
7312 0 +4.376038208e-05 -4.912995624e+01 -4.912995624e+01 +3.6615e+00 +2.3631e+00
7334 0 +3.974421949e-05 -4.912996026e+01 -4.912996026e+01 +3.6634e+00 +2.3680e+00
7360 0 +3.500086567e-05 -4.912996500e+01 -4.912996500e+01 +3.6654e+00 +2.3749e+00
7390 0 +3.141205553e-05 -4.912996859e+01 -4.912996859e+01 +3.6683e+00 +2.3817e+00
7432 0 +2.809144132e-05 -4.912997191e+01 -4.912997191e+01 +3.6712e+00 +2.3925e+00
7502 0 +2.505285842e-05 -4.912997495e+01 -4.912997495e+01 +3.6781e+00 +2.4091e+00
7540 0 +2.237445882e-05 -4.912997763e+01 -4.912997763e+01 +3.6810e+00 +2.4188e+00
7568 0 +1.933680943e-05 -4.912998066e+01 -4.912998066e+01 +3.6839e+00 +2.4257e+00
7584 0 +1.742232616e-05 -4.912998258e+01 -4.912998258e+01 +3.6849e+00 +2.4296e+00
7600 0 +1.580240384e-05 -4.912998420e+01 -4.912998420e+01 +3.6859e+00 +2.4335e+00
7614 0 +1.388468633e-05 -4.912998612e+01 -4.912998612e+01 +3.6878e+00 +2.4364e+00
7624 0 +1.247776957e-05 -4.912998752e+01 -4.912998752e+01 +3.6888e+00 +2.4394e+00
7636 0 +1.121155517e-05 -4.912998879e+01 -4.912998879e+01 +3.6898e+00 +2.4423e+00
7652 0 +9.864444600e-06 -4.912999014e+01 -4.912999014e+01 +3.6908e+00 +2.4462e+00
7670 0 +8.667142090e-06 -4.912999133e+01 -4.912999133e+01 +3.6927e+00 +2.4501e+00
7684 0 +7.821769216e-06 -4.912999218e+01 -4.912999218e+01 +3.6937e+00 +2.4540e+00
7708 0 +7.044280579e-06 -4.912999296e+01 -4.912999296e+01 +3.6957e+00 +2.4599e+00
7792 0 +6.289984853e-06 -4.912999371e+01 -4.912999371e+01 +3.7025e+00 +2.4780e+00
7848 0 +5.550739154e-06 -4.912999445e+01 -4.912999445e+01 +3.7049e+00 +2.4848e+00
7876 0 +5.002210564e-06 -4.912999500e+01 -4.912999500e+01 +3.7059e+00 +2.4882e+00
7902 0 +4.440690120e-06 -4.912999556e+01 -4.912999556e+01 +3.7074e+00 +2.4912e+00
7920 0 +3.973459926e-06 -4.912999603e+01 -4.912999603e+01 +3.7079e+00 +2.4936e+00
7940 0 +3.506583624e-06 -4.912999649e+01 -4.912999649e+01 +3.7088e+00 +2.4960e+00
7960 0 +3.090680110e-06 -4.912999691e+01 -4.912999691e+01 +3.7098e+00 +2.4985e+00
7976 0 +2.815245914e-06 -4.912999718e+01 -4.912999718e+01 +3.7103e+00 +2.5004e+00
7996 0 +2.490490488e-06 -4.912999751e+01 -4.912999751e+01 +3.7113e+00 +2.5029e+00
8016 0 +2.234999585e-06 -4.912999777e+01 -4.912999777e+01 +3.7123e+00 +2.5053e+00
8044 0 +1.985610375e-06 -4.912999801e+01 -4.912999801e+01 +3.7132e+00 +2.5087e+00
8082 0 +1.773216077e-06 -4.912999823e+01 -4.912999823e+01 +3.7152e+00 +2.5131e+00
8152 0 +1.581249691e-06 -4.912999842e+01 -4.912999842e+01 +3.7181e+00 +2.5219e+00
8200 0 +1.408444497e-06 -4.912999859e+01 -4.912999859e+01 +3.7201e+00 +2.5278e+00
8228 0 +1.238899337e-06 -4.912999876e+01 -4.912999876e+01 +3.7216e+00 +2.5312e+00
8250 0 +1.109544584e-06 -4.912999889e+01 -4.912999889e+01 +3.7225e+00 +2.5337e+00
8264 0 +9.992963186e-07 -4.912999900e+01 -4.912999900e+01 +3.7230e+00 +2.5356e+00
8284 0 +8.710199495e-07 -4.912999913e+01 -4.912999913e+01 +3.7240e+00 +2.5381e+00
8300 0 +7.855855557e-07 -4.912999921e+01 -4.912999921e+01 +3.7245e+00 +2.5400e+00
8318 0 +7.023814561e-07 -4.912999930e+01 -4.912999930e+01 +3.7255e+00 +2.5420e+00
8336 0 +6.300204873e-07 -4.912999937e+01 -4.912999937e+01 +3.7259e+00 +2.5444e+00
8356 0 +5.592344721e-07 -4.912999944e+01 -4.912999944e+01 +3.7269e+00 +2.5469e+00
8380 0 +5.011409527e-07 -4.912999950e+01 -4.912999950e+01 +3.7279e+00 +2.5498e+00
8408 0 +4.374219245e-07 -4.912999956e+01 -4.912999956e+01 +3.7294e+00 +2.5532e+00
8438 0 +3.973672591e-07 -4.912999960e+01 -4.912999960e+01 +3.7303e+00 +2.5556e+00
8476 0 +3.546839196e-07 -4.912999965e+01 -4.912999965e+01 +3.7311e+00 +2.5581e+00
8516 0 +3.148052414e-07 -4.912999969e+01 -4.912999969e+01 +3.7318e+00 +2.5605e+00
8548 0 +2.810891218e-07 -4.912999972e+01 -4.912999972e+01 +3.7325e+00 +2.5625e+00
8580 0 +2.507899737e-07 -4.912999975e+01 -4.912999975e+01 +3.7333e+00 +2.5644e+00
8616 0 +2.236706962e-07 -4.912999978e+01 -4.912999978e+01 +3.7340e+00 +2.5666e+00
8656 0 +1.975861892e-07 -4.912999980e+01 -4.912999980e+01 +3.7350e+00 +2.5691e+00
8700 0 +1.761370356e-07 -4.912999982e+01 -4.912999982e+01 +3.7360e+00 +2.5718e+00
8742 0 +1.577630826e-07 -4.912999984e+01 -4.912999984e+01 +3.7369e+00 +2.5742e+00
8776 0 +1.388456994e-07 -4.912999986e+01 -4.912999986e+01 +3.7377e+00 +2.5764e+00
8800 0 +1.247439414e-07 -4.912999988e+01 -4.912999988e+01 +3.7382e+00 +2.5779e+00
8820 0 +1.121806719e-07 -4.912999989e+01 -4.912999989e+01 +3.7387e+00 +2.5791e+00
8842 0 +9.996012551e-08 -4.912999990e+01 -4.912999990e+01 +3.7391e+00 +2.5803e+00
8860 0 +8.882992830e-08 -4.912999991e+01 -4.912999991e+01 +3.7394e+00 +2.5815e+00
8876 0 +7.918973211e-08 -4.912999992e+01 -4.912999992e+01 +3.7399e+00 +2.5825e+00
8898 0 +7.002683589e-08 -4.912999993e+01 -4.912999993e+01 +3.7404e+00 +2.5837e+00
8916 0 +6.293165455e-08 -4.912999994e+01 -4.912999994e+01 +3.7406e+00 +2.5850e+00
8942 0 +5.584329443e-08 -4.912999994e+01 -4.912999994e+01 +3.7413e+00 +2.5864e+00
8976 0 +5.003660419e-08 -4.912999995e+01 -4.912999995e+01 +3.7421e+00 +2.5886e+00
9044 0 +4.465108816e-08 -4.912999996e+01 -4.912999996e+01 +3.7435e+00 +2.5928e+00
9078 0 +3.893956091e-08 -4.912999996e+01 -4.912999996e+01 +3.7443e+00 +2.5947e+00
9092 0 +3.490933409e-08 -4.912999997e+01 -4.912999997e+01 +3.7445e+00 +2.5957e+00
9108 0 +3.140023352e-08 -4.912999997e+01 -4.912999997e+01 +3.7448e+00 +2.5967e+00
9122 0 +2.690879342e-08 -4.912999997e+01 -4.912999997e+01 +3.7452e+00 +2.5974e+00
9134 0 +2.457225889e-08 -4.912999998e+01 -4.912999998e+01 +3.7454e+00 +2.5979e+00
9152 0 +2.233081631e-08 -4.912999998e+01 -4.912999998e+01 +3.7455e+00 +2.5985e+00
9172 0 +1.989069176e-08 -4.912999998e+01 -4.912999998e+01 +3.7457e+00 +2.5991e+00
9196 0 +1.762516177e-08 -4.912999998e+01 -4.912999998e+01 +3.7460e+00 +2.5999e+00
9220 0 +1.580863795e-08 -4.912999998e+01 -4.912999998e+01 +3.7462e+00 +2.6006e+00
9248 0 +1.401143379e-08 -4.912999999e+01 -4.912999999e+01 +3.7466e+00 +2.6015e+00
9292 0 +1.252856663e-08 -4.912999999e+01 -4.912999999e+01 +3.7471e+00 +2.6028e+00
9416 0 +1.116499249e-08 -4.912999999e+01 -4.912999999e+01 +3.7484e+00 +2.6066e+00
9456 0 +9.889625119e-09 -4.912999999e+01 -4.912999999e+01 +3.7489e+00 +2.6078e+00
11872 0 +9.947598301e-13 -4.913000000e+01 -4.913000000e+01 +3.7591e+00 +2.6363e+00
20000 0 +8.171241461e-13 -4.913000000e+01 -4.913000000e+01 +3.7591e+00 +2.6364e+00
% f evaluations | g evaluations | best noise-free fitness - Fopt (2.977300000000e+02) + sum g_i+ | measured fitness | best measured fitness or single-digit g-values | x1 | x2...
1 0 +4.220170774e+01 +3.399317077e+02 +3.399317077e+02 +0.0000e+00 +0.0000e+00
3 0 +7.902386112e+00 +3.056323861e+02 +3.056323861e+02 -3.6612e-01 +2.5628e+00
5 0 +5.231388268e+00 +3.029613883e+02 +3.029613883e+02 +2.9289e+00 +0.0000e+00
50 0 +4.044589883e+00 +3.017745899e+02 +3.017745899e+02 -1.1184e+00 -1.5390e+00
79 0 +3.281612059e+00 +3.010116121e+02 +3.010116121e+02 -1.3104e+00 -1.5971e+00
83 0 +2.930679341e+00 +3.006606793e+02 +3.006606793e+02 -1.5606e+00 -1.5971e+00
95 0 +2.651728282e+00 +3.003817283e+02 +3.003817283e+02 -1.6856e+00 -1.7222e+00
7987 0 +2.087361771e+00 +2.998173618e+02 +2.998173618e+02 +3.6158e+00 +3.2707e-01
8007 0 +1.992370690e+00 +2.997223707e+02 +2.997223707e+02 +3.9285e+00 +3.8961e-01
20000 0 +1.954998860e+00 +2.996849989e+02 +2.996849989e+02 +4.2619e+00 +4.9187e-01
% f evaluations | g evaluations | best noise-free fitness - Fopt (5.157000000000e+01) + sum g_i+ | measured fitness | best measured fitness or single-digit g-values | x1 | x2...
1 0 +6.902155869e+01 +1.205915587e+02 +1.205915587e+02 +0.0000e+00 +0.0000e+00
2 0 +1.837186329e+01 +6.994186329e+01 +6.994186329e+01 -2.9289e+00 +0.0000e+00
3 0 +7.794969921e+00 +5.936496992e+01 +5.936496992e+01 -3.6612e-01 +2.5628e+00
17 0 +7.328309806e-01 +5.230283098e+01 +5.230283098e+01 +5.0520e+00 +0.0000e+00
45 0 +2.060016542e-04 +5.157020600e+01 +5.157020600e+01 +1.7819e+00 +1.3995e+00
79 0 +1.038657615e-04 +5.157010387e+01 +5.157010387e+01 +1.7483e+00 +1.4241e+00
133 0 +9.966987367e-05 +5.157009967e+01 +5.157009967e+01 +1.7522e+00 +1.4221e+00
180 0 +8.817804918e-05 +5.157008818e+01 +5.157008818e+01 +1.7640e+00 +1.4172e+00
220 0 +7.929177777e-05 +5.157007929e+01 +5.157007929e+01 +1.7737e+00 +1.4133e+00
256 0 +7.050216313e-05 +5.157007050e+01 +5.157007050e+01 +1.7825e+00 +1.4094e+00
285 0 +6.296986270e-05 +5.157006297e+01 +5.157006297e+01 +1.7894e+00 +1.4055e+00
312 0 +5.617498151e-05 +5.157005617e+01 +5.157005617e+01 +1.7962e+00 +1.4035e+00
336 0 +4.947781625e-05 +5.157004948e+01 +5.157004948e+01 +1.8021e+00 +1.4006e+00
357 0 +4.459973479e-05 +5.157004460e+01 +5.157004460e+01 +1.8069e+00 +1.3977e+00
380 0 +3.951095222e-05 +5.157003951e+01 +5.157003951e+01 +1.8128e+00 +1.3957e+00
404 0 +3.520676902e-05 +5.157003521e+01 +5.157003521e+01 +1.8187e+00 +1.3928e+00
432 0 +3.148481875e-05 +5.157003148e+01 +5.157003148e+01 +1.8255e+00 +1.3899e+00
476 0 +2.789818490e-05 +5.157002790e+01 +5.157002790e+01 +1.8363e+00 +1.3850e+00
544 0 +2.500405198e-05 +5.157002500e+01 +5.157002500e+01 +1.8529e+00 +1.3781e+00
584 0 +2.195228281e-05 +5.157002195e+01 +5.157002195e+01 +1.8626e+00 +1.3732e+00
604 0 +1.978650606e-05 +5.157001979e+01 +5.157001979e+01 +1.8675e+00 +1.3713e+00
620 0 +1.775421256e-05 +5.157001775e+01 +5.157001775e+01 +1.8714e+00 +1.3693e+00
637 0 +1.572298776e-05 +5.157001572e+01 +5.157001572e+01 +1.8754e+00 +1.3674e+00
652 0 +1.386986025e-05 +5.157001387e+01 +5.157001387e+01 +1.8793e+00 +1.3664e+00
665 0 +1.224881550e-05 +5.157001225e+01 +5.157001225e+01 +1.8822e+00 +1.3645e+00
676 0 +1.099401091e-05 +5.157001099e+01 +5.157001099e+01 +1.8851e+00 +1.3635e+00
692 0 +9.548508373e-06 +5.157000955e+01 +5.157000955e+01 +1.8890e+00 +1.3615e+00
712 0 +8.822205857e-06 +5.157000882e+01 +5.157000882e+01 +1.8915e+00 +1.3605e+00
745 0 +7.913822259e-06 +5.157000791e+01 +5.157000791e+01 +1.8954e+00 +1.3586e+00
792 0 +7.052834512e-06 +5.157000705e+01 +5.157000705e+01 +1.9012e+00 +1.3561e+00
940 0 +6.286051999e-06 +5.157000629e+01 +5.157000629e+01 +1.9193e+00 +1.3483e+00
992 0 +5.573547867e-06 +5.157000557e+01 +5.157000557e+01 +1.9257e+00 +1.3454e+00
1020 0 +4.992270803e-06 +5.157000499e+01 +5.157000499e+01 +1.9291e+00 +1.3439e+00
1044 0 +4.409617830e-06 +5.157000441e+01 +5.157000441e+01 +1.9320e+00 +1.3425e+00
1064 0 +3.931360084e-06 +5.157000393e+01 +5.157000393e+01 +1.9345e+00 +1.3415e+00
1084 0 +3.484840398e-06 +5.157000348e+01 +5.157000348e+01 +1.9369e+00 +1.3405e+00
1100 0 +3.129044323e-06 +5.157000313e+01 +5.157000313e+01 +1.9389e+00 +1.3395e+00
1120 0 +2.767329889e-06 +5.157000277e+01 +5.157000277e+01 +1.9413e+00 +1.3386e+00
1136 0 +2.499747950e-06 +5.157000250e+01 +5.157000250e+01 +1.9433e+00 +1.3376e+00
1160 0 +2.235971152e-06 +5.157000224e+01 +5.157000224e+01 +1.9462e+00 +1.3366e+00
1184 0 +1.981036270e-06 +5.157000198e+01 +5.157000198e+01 +1.9491e+00 +1.3351e+00
1220 0 +1.770166392e-06 +5.157000177e+01 +5.157000177e+01 +1.9535e+00 +1.3332e+00
1288 0 +1.581090544e-06 +5.157000158e+01 +5.157000158e+01 +1.9618e+00 +1.3293e+00
1336 0 +1.400373698e-06 +5.157000140e+01 +5.157000140e+01 +1.9677e+00 +1.3268e+00
1360 0 +1.250768058e-06 +5.157000125e+01 +5.157000125e+01 +1.9706e+00 +1.3254e+00
1380 0 +1.118401308e-06 +5.157000112e+01 +5.157000112e+01 +1.9731e+00 +1.3244e+00
1400 0 +9.884611742e-07 +5.157000099e+01 +5.157000099e+01 +1.9755e+00 +1.3234e+00
1416 0 +8.755841776e-07 +5.157000088e+01 +5.157000088e+01 +1.9775e+00 +1.3224e+00
1432 0 +7.782855604e-07 +5.157000078e+01 +5.157000078e+01 +1.9794e+00 +1.3215e+00
1453 0 +7.071788914e-07 +5.157000071e+01 +5.157000071e+01 +1.9811e+00 +1.3207e+00
1488 0 +6.300764213e-07 +5.157000063e+01 +5.157000063e+01 +1.9833e+00 +1.3197e+00
1532 0 +5.560502530e-07 +5.157000056e+01 +5.157000056e+01 +1.9860e+00 +1.3185e+00
1576 0 +4.989363305e-07 +5.157000050e+01 +5.157000050e+01 +1.9887e+00 +1.3173e+00
1628 0 +4.452687676e-07 +5.157000045e+01 +5.157000045e+01 +1.9919e+00 +1.3161e+00
1673 0 +3.969241575e-07 +5.157000040e+01 +5.157000040e+01 +1.9946e+00 +1.3146e+00
1712 0 +3.530297121e-07 +5.157000035e+01 +5.157000035e+01 +1.9970e+00 +1.3136e+00
1748 0 +3.133745281e-07 +5.157000031e+01 +5.157000031e+01 +1.9992e+00 +1.3127e+00
1780 0 +2.817137812e-07 +5.157000028e+01 +5.157000028e+01 +2.0012e+00 +1.3119e+00
1812 0 +2.495380755e-07 +5.157000025e+01 +5.157000025e+01 +2.0031e+00 +1.3110e+00
1845 0 +2.237782795e-07 +5.157000022e+01 +5.157000022e+01 +2.0051e+00 +1.3100e+00
1884 0 +1.982099960e-07 +5.157000020e+01 +5.157000020e+01 +2.0075e+00 +1.3090e+00
1928 0 +1.760497170e-07 +5.157000018e+01 +5.157000018e+01 +2.0102e+00 +1.3078e+00
1968 0 +1.578581035e-07 +5.157000016e+01 +5.157000016e+01 +2.0126e+00 +1.3068e+00
2000 0 +1.399103837e-07 +5.157000014e+01 +5.157000014e+01 +2.0146e+00 +1.3058e+00
2025 0 +1.255349389e-07 +5.157000013e+01 +5.157000013e+01 +2.0161e+00 +1.3051e+00
2048 0 +1.105723584e-07 +5.157000011e+01 +5.157000011e+01 +2.0175e+00 +1.3046e+00
2064 0 +9.976376703e-08 +5.157000010e+01 +5.157000010e+01 +2.0185e+00 +1.3041e+00
2084 0 +8.803969109e-08 +5.157000009e+01 +5.157000009e+01 +2.0197e+00 +1.3036e+00
2100 0 +7.869999052e-08 +5.157000008e+01 +5.157000008e+01 +2.0207e+00 +1.3031e+00
2120 0 +6.954327603e-08 +5.157000007e+01 +5.157000007e+01 +2.0219e+00 +1.3026e+00
2136 0 +6.294229138e-08 +5.157000006e+01 +5.157000006e+01 +2.0229e+00 +1.3022e+00
2161 0 +5.591950014e-08 +5.157000006e+01 +5.157000006e+01 +2.0244e+00 +1.3014e+00
2197 0 +5.003121828e-08 +5.157000005e+01 +5.157000005e+01 +2.0266e+00 +1.3004e+00
2300 0 +4.466812698e-08 +5.157000004e+01 +5.157000004e+01 +2.0306e+00 +1.2987e+00
2356 0 +3.973312346e-08 +5.157000004e+01 +5.157000004e+01 +2.0323e+00 +1.2980e+00
2388 0 +3.546215765e-08 +5.157000004e+01 +5.157000004e+01 +2.0333e+00 +1.2975e+00
2416 0 +3.142155691e-08 +5.157000003e+01 +5.157000003e+01 +2.0341e+00 +1.2972e+00
2441 0 +2.782923048e-08 +5.157000003e+01 +5.157000003e+01 +2.0349e+00 +1.2968e+00
2460 0 +2.497167628e-08 +5.157000002e+01 +5.157000002e+01 +2.0355e+00 +1.2965e+00
2480 0 +2.237322860e-08 +5.157000002e+01 +5.157000002e+01 +2.0361e+00 +1.2963e+00
2504 0 +1.950122908e-08 +5.157000002e+01 +5.157000002e+01 +2.0368e+00 +1.2959e+00
2524 0 +1.754548862e-08 +5.157000002e+01 +5.157000002e+01 +2.0374e+00 +1.2957e+00
2549 0 +1.560765384e-08 +5.157000002e+01 +5.157000002e+01 +2.0382e+00 +1.2953e+00
2576 0 +1.396062999e-08 +5.157000001e+01 +5.157000001e+01 +2.0390e+00 +1.2950e+00
2620 0 +1.256411508e-08 +5.157000001e+01 +5.157000001e+01 +2.0404e+00 +1.2945e+00
2737 0 +1.121196647e-08 +5.157000001e+01 +5.157000001e+01 +2.0439e+00 +1.2928e+00
2776 0 +9.951676816e-09 +5.157000001e+01 +5.157000001e+01 +2.0451e+00 +1.2923e+00
20000 0 +1.897149104e-12 +5.157000000e+01 +5.157000000e+01 +2.0723e+00 +1.2802e+00
% f evaluations | g evaluations | best noise-free fitness - Fopt (8.200000000000e+00) + sum g_i+ | measured fitness | best measured fitness or single-digit g-values | x1 | x2...
1 0 +6.618110907e+01 +7.438110907e+01 +7.438110907e+01 +0.0000e+00 +0.0000e+00
2 0 +1.189567913e+01 +2.009567913e+01 +2.009567913e+01 -2.9289e+00 +0.0000e+00
4 0 +3.219038970e+00 +1.141903897e+01 +1.141903897e+01 -5.4917e+00 -2.5628e+00
5 0 +1.968795144e+00 +1.016879514e+01 +1.016879514e+01 +2.9289e+00 +0.0000e+00
32 0 +8.057519331e-01 +9.005751933e+00 +9.005751933e+00 +0.0000e+00 -7.3316e-01
4462 0 +6.061629281e-01 +8.806162928e+00 +8.806162928e+00 -2.8415e-01 -7.1039e-01
5546 0 +5.375516852e-01 +8.737551685e+00 +8.737551685e+00 +9.2374e-01 -1.0035e+00
5553 0 +1.625859939e-01 +8.362585994e+00 +8.362585994e+00 +6.7358e-01 -1.0035e+00
5582 0 +1.538842385e-01 +8.353884239e+00 +8.353884239e+00 +7.0485e-01 -1.0191e+00
5614 0 +1.404685210e-01 +8.340468521e+00 +8.340468521e+00 +7.6739e-01 -1.0347e+00
5666 0 +1.253828299e-01 +8.325382830e+00 +8.325382830e+00 +8.6902e-01 -1.0660e+00
5714 0 +1.108800009e-01 +8.310880001e+00 +8.310880001e+00 +9.6283e-01 -1.0973e+00
5747 0 +9.923680492e-02 +8.299236805e+00 +8.299236805e+00 +1.0254e+00 -1.1207e+00
5774 0 +8.752298130e-02 +8.287522981e+00 +8.287522981e+00 +1.0801e+00 -1.1364e+00
5799 0 +7.778347565e-02 +8.277783476e+00 +8.277783476e+00 +1.1270e+00 -1.1520e+00
5818 0 +7.049321849e-02 +8.270493218e+00 +8.270493218e+00 +1.1661e+00 -1.1598e+00
5842 0 +6.216882016e-02 +8.262168820e+00 +8.262168820e+00 +1.2130e+00 -1.1755e+00
5862 0 +5.618811239e-02 +8.256188112e+00 +8.256188112e+00 +1.2521e+00 -1.1911e+00
5890 0 +4.947099316e-02 +8.249470993e+00 +8.249470993e+00 +1.3068e+00 -1.2067e+00
5914 0 +4.451776473e-02 +8.244517765e+00 +8.244517765e+00 +1.3537e+00 -1.2224e+00
5942 0 +3.920213543e-02 +8.239202135e+00 +8.239202135e+00 +1.4084e+00 -1.2380e+00
5962 0 +3.517516514e-02 +8.235175165e+00 +8.235175165e+00 +1.4475e+00 -1.2536e+00
5982 0 +3.143329038e-02 +8.231433290e+00 +8.231433290e+00 +1.4866e+00 -1.2614e+00
5999 0 +2.801334628e-02 +8.228013346e+00 +8.228013346e+00 +1.5179e+00 -1.2771e+00
6014 0 +2.480603452e-02 +8.224806035e+00 +8.224806035e+00 +1.5491e+00 -1.2849e+00
6030 0 +2.215284404e-02 +8.222152844e+00 +8.222152844e+00 +1.5804e+00 -1.2927e+00
6050 0 +1.922775180e-02 +8.219227752e+00 +8.219227752e+00 +1.6195e+00 -1.3084e+00
6074 0 +1.763304119e-02 +8.217633041e+00 +8.217633041e+00 +1.6469e+00 -1.3162e+00
6122 0 +1.581301820e-02 +8.215813018e+00 +8.215813018e+00 +1.6938e+00 -1.3279e+00
6190 0 +1.407722573e-02 +8.214077226e+00 +8.214077226e+00 +1.7602e+00 -1.3514e+00
6247 0 +1.256965474e-02 +8.212569655e+00 +8.212569655e+00 +1.8149e+00 -1.3709e+00
6282 0 +1.108405501e-02 +8.211084055e+00 +8.211084055e+00 +1.8501e+00 -1.3787e+00
6306 0 +9.853627614e-03 +8.209853628e+00 +8.209853628e+00 +1.8736e+00 -1.3865e+00
6326 0 +8.743261964e-03 +8.208743262e+00 +8.208743262e+00 +1.8931e+00 -1.3943e+00
6342 0 +7.905402003e-03 +8.207905402e+00 +8.207905402e+00 +1.9088e+00 -1.3983e+00
6363 0 +6.900853157e-03 +8.206900853e+00 +8.206900853e+00 +1.9283e+00 -1.4061e+00
6378 0 +6.167963165e-03 +8.206167963e+00 +8.206167963e+00 +1.9439e+00 -1.4100e+00
6394 0 +5.564646663e-03 +8.205564647e+00 +8.205564647e+00 +1.9596e+00 -1.4139e+00
6414 0 +4.889274977e-03 +8.204889275e+00 +8.204889275e+00 +1.9791e+00 -1.4217e+00
6434 0 +4.437687123e-03 +8.204437687e+00 +8.204437687e+00 +1.9987e+00 -1.4256e+00
6463 0 +3.956285614e-03 +8.203956286e+00 +8.203956286e+00 +2.0260e+00 -1.4373e+00
6551 0 +3.529695093e-03 +8.203529695e+00 +8.203529695e+00 +2.1120e+00 -1.4647e+00
6590 0 +3.099232779e-03 +8.203099233e+00 +8.203099233e+00 +2.1511e+00 -1.4764e+00
6606 0 +2.815514599e-03 +8.202815515e+00 +8.202815515e+00 +2.1667e+00 -1.4803e+00
6626 0 +2.507052882e-03 +8.202507053e+00 +8.202507053e+00 +2.1863e+00 -1.4843e+00
6638 0 +2.238499422e-03 +8.202238499e+00 +8.202238499e+00 +2.1980e+00 -1.4882e+00
6650 0 +1.977841041e-03 +8.201977841e+00 +8.201977841e+00 +2.2097e+00 -1.4921e+00
6658 0 +1.759320727e-03 +8.201759321e+00 +8.201759321e+00 +2.2175e+00 -1.4960e+00
6670 0 +1.550025257e-03 +8.201550025e+00 +8.201550025e+00 +2.2293e+00 -1.4999e+00
6682 0 +1.373577019e-03 +8.201373577e+00 +8.201373577e+00 +2.2410e+00 -1.5038e+00
6694 0 +1.230936014e-03 +8.201230936e+00 +8.201230936e+00 +2.2527e+00 -1.5077e+00
6718 0 +1.120420732e-03 +8.201120421e+00 +8.201120421e+00 +2.2645e+00 -1.5116e+00
6762 0 +9.956121421e-04 +8.200995612e+00 +8.200995612e+00 +2.2860e+00 -1.5175e+00
6851 0 +8.908455458e-04 +8.200890846e+00 +8.200890846e+00 +2.3289e+00 -1.5331e+00
6926 0 +7.912503205e-04 +8.200791250e+00 +8.200791250e+00 +2.3661e+00 -1.5429e+00
6958 0 +6.982022544e-04 +8.200698202e+00 +8.200698202e+00 +2.3817e+00 -1.5487e+00
6982 0 +6.214300873e-04 +8.200621430e+00 +8.200621430e+00 +2.3934e+00 -1.5527e+00
7002 0 +5.557175534e-04 +8.200555718e+00 +8.200555718e+00 +2.4032e+00 -1.5566e+00
7022 0 +4.963666173e-04 +8.200496367e+00 +8.200496367e+00 +2.4130e+00 -1.5585e+00
7042 0 +4.361739914e-04 +8.200436174e+00 +8.200436174e+00 +2.4228e+00 -1.5624e+00
7058 0 +3.975749518e-04 +8.200397575e+00 +8.200397575e+00 +2.4306e+00 -1.5644e+00
7078 0 +3.540368777e-04 +8.200354037e+00 +8.200354037e+00 +2.4403e+00 -1.5683e+00
7103 0 +3.139767817e-04 +8.200313977e+00 +8.200313977e+00 +2.4521e+00 -1.5722e+00
7130 0 +2.787394860e-04 +8.200278739e+00 +8.200278739e+00 +2.4658e+00 -1.5761e+00
7163 0 +2.510031462e-04 +8.200251003e+00 +8.200251003e+00 +2.4814e+00 -1.5820e+00
7198 0 +2.233482764e-04 +8.200223348e+00 +8.200223348e+00 +2.4990e+00 -1.5859e+00
7230 0 +1.962297893e-04 +8.200196230e+00 +8.200196230e+00 +2.5146e+00 -1.5917e+00
7254 0 +1.748756502e-04 +8.200174876e+00 +8.200174876e+00 +2.5263e+00 -1.5957e+00
7274 0 +1.581283478e-04 +8.200158128e+00 +8.200158128e+00 +2.5361e+00 -1.5976e+00
7294 0 +1.393113714e-04 +8.200139311e+00 +8.200139311e+00 +2.5459e+00 -1.6015e+00
7315 0 +1.248053817e-04 +8.200124805e+00 +8.200124805e+00 +2.5557e+00 -1.6054e+00
7334 0 +1.112011486e-04 +8.200111201e+00 +8.200111201e+00 +2.5654e+00 -1.6074e+00
7358 0 +9.824497109e-05 +8.200098245e+00 +8.200098245e+00 +2.5772e+00 -1.6113e+00
7382 0 +8.730609311e-05 +8.200087306e+00 +8.200087306e+00 +2.5889e+00 -1.6152e+00
7403 0 +7.909657689e-05 +8.200079097e+00 +8.200079097e+00 +2.5987e+00 -1.6191e+00
7422 0 +6.922212665e-05 +8.200069222e+00 +8.200069222e+00 +2.6084e+00 -1.6211e+00
7438 0 +6.223197085e-05 +8.200062232e+00 +8.200062232e+00 +2.6162e+00 -1.6230e+00
7463 0 +5.609712928e-05 +8.200056097e+00 +8.200056097e+00 +2.6211e+00 -1.6259e+00
7490 0 +4.977107286e-05 +8.200049771e+00 +8.200049771e+00 +2.6280e+00 -1.6269e+00
7510 0 +4.455793050e-05 +8.200044558e+00 +8.200044558e+00 +2.6329e+00 -1.6289e+00
7534 0 +3.960786388e-05 +8.200039608e+00 +8.200039608e+00 +2.6387e+00 -1.6308e+00
7562 0 +3.508915295e-05 +8.200035089e+00 +8.200035089e+00 +2.6456e+00 -1.6328e+00
7591 0 +3.140216728e-05 +8.200031402e+00 +8.200031402e+00 +2.6524e+00 -1.6357e+00
7630 0 +2.816458383e-05 +8.200028165e+00 +8.200028165e+00 +2.6622e+00 -1.6386e+00
7706 0 +2.489727400e-05 +8.200024897e+00 +8.200024897e+00 +2.6807e+00 -1.6445e+00
7746 0 +2.208987186e-05 +8.200022090e+00 +8.200022090e+00 +2.6905e+00 -1.6474e+00
7770 0 +1.955110254e-05 +8.200019551e+00 +8.200019551e+00 +2.6964e+00 -1.6494e+00
7786 0 +1.770627163e-05 +8.200017706e+00 +8.200017706e+00 +2.7003e+00 -1.6504e+00
7803 0 +1.578062208e-05 +8.200015781e+00 +8.200015781e+00 +2.7042e+00 -1.6523e+00
7818 0 +1.368808019e-05 +8.200013688e+00 +8.200013688e+00 +2.7081e+00 -1.6533e+00
7831 0 +1.234708288e-05 +8.200012347e+00 +8.200012347e+00 +2.7110e+00 -1.6543e+00
7843 0 +1.113615671e-05 +8.200011136e+00 +8.200011136e+00 +2.7140e+00 -1.6553e+00
7858 0 +9.699969155e-06 +8.200009700e+00 +8.200009700e+00 +2.7179e+00 -1.6562e+00
7870 0 +8.845267597e-06 +8.200008845e+00 +8.200008845e+00 +2.7208e+00 -1.6572e+00
7890 0 +7.902019302e-06 +8.200007902e+00 +8.200007902e+00 +2.7257e+00 -1.6582e+00
7914 0 +7.056838767e-06 +8.200007057e+00 +8.200007057e+00 +2.7316e+00 -1.6601e+00
7990 0 +6.309131907e-06 +8.200006309e+00 +8.200006309e+00 +2.7501e+00 -1.6660e+00
8034 0 +5.585948257e-06 +8.200005586e+00 +8.200005586e+00 +2.7565e+00 -1.6685e+00
8066 0 +4.995581683e-06 +8.200004996e+00 +8.200004996e+00 +2.7604e+00 -1.6694e+00
8090 0 +4.435615285e-06 +8.200004436e+00 +8.200004436e+00 +2.7633e+00 -1.6704e+00
8110 0 +3.928343228e-06 +8.200003928e+00 +8.200003928e+00 +2.7658e+00 -1.6714e+00
8131 0 +3.483204720e-06 +8.200003483e+00 +8.200003483e+00 +2.7682e+00 -1.6724e+00
8146 0 +3.152109814e-06 +8.200003152e+00 +8.200003152e+00 +2.7702e+00 -1.6728e+00
8167 0 +2.798689623e-06 +8.200002799e+00 +8.200002799e+00 +2.7726e+00 -1.6738e+00
8186 0 +2.486819609e-06 +8.200002487e+00 +8.200002487e+00 +2.7750e+00 -1.6743e+00
8206 0 +2.234638480e-06 +8.200002235e+00 +8.200002235e+00 +2.7775e+00 -1.6753e+00
8234 0 +1.976299446e-06 +8.200001976e+00 +8.200001976e+00 +2.7809e+00 -1.6763e+00
8270 0 +1.773660228e-06 +8.200001774e+00 +8.200001774e+00 +2.7853e+00 -1.6777e+00
8346 0 +1.574419604e-06 +8.200001574e+00 +8.200001574e+00 +2.7946e+00 -1.6807e+00
8395 0 +1.393647056e-06 +8.200001394e+00 +8.200001394e+00 +2.8004e+00 -1.6826e+00
8419 0 +1.258122179e-06 +8.200001258e+00 +8.200001258e+00 +2.8034e+00 -1.6836e+00
8442 0 +1.114754644e-06 +8.200001115e+00 +8.200001115e+00 +2.8063e+00 -1.6841e+00
8458 0 +9.912816825e-07 +8.200000991e+00 +8.200000991e+00 +2.8083e+00 -1.6851e+00
8474 0 +8.902870441e-07 +8.200000890e+00 +8.200000890e+00 +2.8102e+00 -1.6856e+00
8495 0 +7.790242691e-07 +8.200000779e+00 +8.200000779e+00 +2.8127e+00 -1.6865e+00
8510 0 +6.985443299e-07 +8.200000699e+00 +8.200000699e+00 +2.8146e+00 -1.6870e+00
8530 0 +6.293063262e-07 +8.200000629e+00 +8.200000629e+00 +2.8171e+00 -1.6875e+00
8550 0 +5.565213606e-07 +8.200000557e+00 +8.200000557e+00 +2.8195e+00 -1.6885e+00
8574 0 +4.965657325e-07 +8.200000497e+00 +8.200000497e+00 +2.8224e+00 -1.6895e+00
8598 0 +4.465282117e-07 +8.200000447e+00 +8.200000447e+00 +2.8254e+00 -1.6904e+00
8626 0 +3.911209419e-07 +8.200000391e+00 +8.200000391e+00 +2.8288e+00 -1.6914e+00
8651 0 +3.529587840e-07 +8.200000353e+00 +8.200000353e+00 +2.8310e+00 -1.6921e+00
8686 0 +3.145833603e-07 +8.200000315e+00 +8.200000315e+00 +2.8332e+00 -1.6929e+00
8722 0 +2.781464641e-07 +8.200000278e+00 +8.200000278e+00 +2.8354e+00 -1.6936e+00
8754 0 +2.506365195e-07 +8.200000251e+00 +8.200000251e+00 +2.8373e+00 -1.6941e+00
8790 0 +2.223637399e-07 +8.200000222e+00 +8.200000222e+00 +2.8395e+00 -1.6948e+00
8830 0 +1.986141349e-07 +8.200000199e+00 +8.200000199e+00 +2.8420e+00 -1.6956e+00
8874 0 +1.764073190e-07 +8.200000176e+00 +8.200000176e+00 +2.8447e+00 -1.6965e+00
8918 0 +1.574100370e-07 +8.200000157e+00 +8.200000157e+00 +2.8474e+00 -1.6973e+00
8950 0 +1.398839853e-07 +8.200000140e+00 +8.200000140e+00 +2.8493e+00 -1.6980e+00
8974 0 +1.258849061e-07 +8.200000126e+00 +8.200000126e+00 +2.8508e+00 -1.6985e+00
8998 0 +1.110960461e-07 +8.200000111e+00 +8.200000111e+00 +2.8522e+00 -1.6990e+00
9018 0 +9.999925865e-08 +8.200000100e+00 +8.200000100e+00 +2.8535e+00 -1.6992e+00
9038 0 +8.719025146e-08 +8.200000087e+00 +8.200000087e+00 +2.8547e+00 -1.6997e+00
9054 0 +7.923979517e-08 +8.200000079e+00 +8.200000079e+00 +2.8557e+00 -1.7000e+00
9074 0 +6.948629228e-08 +8.200000069e+00 +8.200000069e+00 +2.8569e+00 -1.7005e+00
9094 0 +6.293007537e-08 +8.200000063e+00 +8.200000063e+00 +2.8581e+00 -1.7007e+00
9118 0 +5.601517117e-08 +8.200000056e+00 +8.200000056e+00 +2.8596e+00 -1.7012e+00
9158 0 +4.999876957e-08 +8.200000050e+00 +8.200000050e+00 +2.8620e+00 -1.7019e+00
9226 0 +4.426985001e-08 +8.200000044e+00 +8.200000044e+00 +2.8662e+00 -1.7034e+00
9254 0 +3.937871185e-08 +8.200000039e+00 +8.200000039e+00 +2.8679e+00 -1.7039e+00
9274 0 +3.411007476e-08 +8.200000034e+00 +8.200000034e+00 +2.8691e+00 -1.7044e+00
9286 0 +3.075336430e-08 +8.200000031e+00 +8.200000031e+00 +2.8698e+00 -1.7046e+00
9299 0 +2.739033889e-08 +8.200000027e+00 +8.200000027e+00 +2.8706e+00 -1.7049e+00
9311 0 +2.419610112e-08 +8.200000024e+00 +8.200000024e+00 +2.8713e+00 -1.7051e+00
9322 0 +2.225852569e-08 +8.200000022e+00 +8.200000022e+00 +2.8720e+00 -1.7051e+00
9330 0 +1.962764351e-08 +8.200000020e+00 +8.200000020e+00 +2.8725e+00 -1.7053e+00
9342 0 +1.731250876e-08 +8.200000017e+00 +8.200000017e+00 +2.8732e+00 -1.7056e+00
9354 0 +1.547620521e-08 +8.200000015e+00 +8.200000015e+00 +2.8740e+00 -1.7058e+00
9366 0 +1.409463124e-08 +8.200000014e+00 +8.200000014e+00 +2.8747e+00 -1.7061e+00
9398 0 +1.256403159e-08 +8.200000013e+00 +8.200000013e+00 +2.8761e+00 -1.7066e+00
9526 0 +1.113951775e-08 +8.200000011e+00 +8.200000011e+00 +2.8800e+00 -1.7078e+00
9566 0 +9.899910225e-09 +8.200000010e+00 +8.200000010e+00 +2.8812e+00 -1.7082e+00
11623 0 +9.787726185e-13 +8.200000000e+00 +8.200000000e+00 +2.9100e+00 -1.7174e+00
20011 0 +1.829647545e-13 +8.200000000e+00 +8.200000000e+00 +2.9111e+00 -1.7177e+00
% f evaluations | g evaluations | best noise-free fitness - Fopt (-9.986000000000e+01) + sum g_i+ | measured fitness | best measured fitness or single-digit g-values | x1 | x2...
1 0 +4.774236084e+00 -9.508576392e+01 -9.508576392e+01 +0.0000e+00 +0.0000e+00
3 0 +3.136405647e+00 -9.672359435e+01 -9.672359435e+01 -3.6612e-01 +2.5628e+00
9 0 +1.672228326e+00 -9.818777167e+01 -9.818777167e+01 +2.5628e+00 -3.6612e-01
11 0 +3.962164660e-01 -9.946378353e+01 -9.946378353e+01 +0.0000e+00 +2.9289e+00
20011 0 +3.962164660e-01 -9.946378353e+01 -9.946378353e+01 +0.0000e+00 +2.9289e+00
% f evaluations | g evaluations | best noise-free fitness - Fopt (1.890500000000e+02) + sum g_i+ | measured fitness | best measured fitness or single-digit g-values | x1 | x2...
1 0 +2.605039589e+01 +2.151003959e+02 +2.151003959e+02 +0.0000e+00 +0.0000e+00
5 0 +2.500471041e+01 +2.140547104e+02 +2.140547104e+02 +2.9289e+00 +0.0000e+00
15 0 +1.293523398e+01 +2.019852340e+02 +2.019852340e+02 -3.1943e+00 +1.8577e+00
22 0 +3.010072045e+00 +1.920600720e+02 +1.920600720e+02 -4.7866e+00 -3.9808e+00
30 0 +2.581490825e+00 +1.916314908e+02 +1.916314908e+02 +2.0798e+00 +1.3466e+00
34 0 +1.979865710e+00 +1.910298657e+02 +1.910298657e+02 -2.1524e+00 -2.8856e+00
77 0 +1.010829914e+00 +1.900608299e+02 +1.900608299e+02 +1.1955e+00 -1.7324e+00
88 0 +9.058988812e-01 +1.899558989e+02 +1.899558989e+02 +1.3206e+00 -1.7324e+00
112 0 +8.768058692e-01 +1.899268059e+02 +1.899268059e+02 +1.3049e+00 -1.7480e+00
164 0 +7.920998839e-01 +1.898420999e+02 +1.898420999e+02 +1.4535e+00 -1.7949e+00
328 0 +7.076857203e-01 +1.897576857e+02 +1.897576857e+02 +1.7349e+00 -1.8848e+00
13878 0 +9.939091233e-02 +1.891493909e+02 +1.891493909e+02 -9.2075e-01 -3.3483e+00
13892 0 +6.913786008e-02 +1.891191379e+02 +1.891191379e+02 -1.0458e+00 -3.3483e+00
13921 0 +6.308653218e-02 +1.891130865e+02 +1.891130865e+02 -1.0067e+00 -3.3483e+00
13941 0 +5.604584883e-02 +1.891060458e+02 +1.891060458e+02 -9.6765e-01 -3.3639e+00
13965 0 +5.010646829e-02 +1.891001065e+02 +1.891001065e+02 -9.2075e-01 -3.3795e+00
13994 0 +4.423676715e-02 +1.890942368e+02 +1.890942368e+02 -8.6602e-01 -3.4030e+00
14018 0 +3.968709077e-02 +1.890896871e+02 +1.890896871e+02 -8.1912e-01 -3.4186e+00
14041 0 +3.510536480e-02 +1.890851054e+02 +1.890851054e+02 -7.7221e-01 -3.4265e+00
14058 0 +3.147886797e-02 +1.890814789e+02 +1.890814789e+02 -7.4094e-01 -3.4421e+00
14073 0 +2.817828474e-02 +1.890781783e+02 +1.890781783e+02 -7.0967e-01 -3.4499e+00
14094 0 +2.453826499e-02 +1.890745383e+02 +1.890745383e+02 -6.7058e-01 -3.4655e+00
14109 0 +2.166471673e-02 +1.890716647e+02 +1.890716647e+02 -6.3931e-01 -3.4734e+00
14121 0 +1.992174057e-02 +1.890699217e+02 +1.890699217e+02 -6.1586e-01 -3.4812e+00
14145 0 +1.722522133e-02 +1.890672252e+02 +1.890672252e+02 -5.6896e-01 -3.4968e+00
14181 0 +1.569582784e-02 +1.890656958e+02 +1.890656958e+02 -5.2987e-01 -3.5085e+00
14249 0 +1.406590814e-02 +1.890640659e+02 +1.890640659e+02 -4.6342e-01 -3.5281e+00
14305 0 +1.249804826e-02 +1.890624980e+02 +1.890624980e+02 -4.0870e-01 -3.5476e+00
14337 0 +1.120785386e-02 +1.890612079e+02 +1.890612079e+02 -3.7742e-01 -3.5554e+00
14361 0 +9.996764363e-03 +1.890599968e+02 +1.890599968e+02 -3.5397e-01 -3.5633e+00
14381 0 +8.894588000e-03 +1.890588946e+02 +1.890588946e+02 -3.3443e-01 -3.5711e+00
14401 0 +7.922194207e-03 +1.890579222e+02 +1.890579222e+02 -3.1488e-01 -3.5750e+00
14418 0 +7.032151840e-03 +1.890570322e+02 +1.890570322e+02 -2.9925e-01 -3.5828e+00
14433 0 +6.287698795e-03 +1.890562877e+02 +1.890562877e+02 -2.8361e-01 -3.5867e+00
14453 0 +5.611467367e-03 +1.890556115e+02 +1.890556115e+02 -2.6407e-01 -3.5906e+00
14469 0 +4.967473680e-03 +1.890549675e+02 +1.890549675e+02 -2.4843e-01 -3.5984e+00
14493 0 +4.372390331e-03 +1.890543724e+02 +1.890543724e+02 -2.2498e-01 -3.6063e+00
14521 0 +3.937822616e-03 +1.890539378e+02 +1.890539378e+02 -1.9762e-01 -3.6141e+00
14605 0 +3.541208162e-03 +1.890535412e+02 +1.890535412e+02 -1.1554e-01 -3.6414e+00
14645 0 +3.140409287e-03 +1.890531404e+02 +1.890531404e+02 -7.6448e-02 -3.6532e+00
14666 0 +2.797242934e-03 +1.890527972e+02 +1.890527972e+02 -5.6904e-02 -3.6610e+00
14681 0 +2.447782757e-03 +1.890524478e+02 +1.890524478e+02 -4.1269e-02 -3.6649e+00
14693 0 +2.191399879e-03 +1.890521914e+02 +1.890521914e+02 -2.9543e-02 -3.6688e+00
14705 0 +1.944747608e-03 +1.890519447e+02 +1.890519447e+02 -1.7816e-02 -3.6727e+00
14717 0 +1.718673358e-03 +1.890517187e+02 +1.890517187e+02 -6.0901e-03 -3.6766e+00
14729 0 +1.520428088e-03 +1.890515204e+02 +1.890515204e+02 +5.6362e-03 -3.6805e+00
14742 0 +1.353582091e-03 +1.890513536e+02 +1.890513536e+02 +1.7363e-02 -3.6844e+00
14754 0 +1.218606656e-03 +1.890512186e+02 +1.890512186e+02 +2.9089e-02 -3.6883e+00
14766 0 +1.113730650e-03 +1.890511137e+02 +1.890511137e+02 +4.0815e-02 -3.6923e+00
14785 0 +9.955364630e-04 +1.890509955e+02 +1.890509955e+02 +6.0359e-02 -3.6962e+00
14833 0 +8.854356657e-04 +1.890508854e+02 +1.890508854e+02 +1.0726e-01 -3.7118e+00
14905 0 +7.925755168e-04 +1.890507926e+02 +1.890507926e+02 +1.4049e-01 -3.7216e+00
14937 0 +7.005727879e-04 +1.890507006e+02 +1.890507006e+02 +1.5612e-01 -3.7274e+00
14961 0 +6.241081989e-04 +1.890506241e+02 +1.890506241e+02 +1.6785e-01 -3.7313e+00
14981 0 +5.579917028e-04 +1.890505580e+02 +1.890505580e+02 +1.7762e-01 -3.7352e+00
15001 0 +4.993569505e-04 +1.890504994e+02 +1.890504994e+02 +1.8739e-01 -3.7372e+00
15021 0 +4.382035701e-04 +1.890504382e+02 +1.890504382e+02 +1.9717e-01 -3.7411e+00
15041 0 +3.957565698e-04 +1.890503958e+02 +1.890503958e+02 +2.0694e-01 -3.7431e+00
15061 0 +3.486262530e-04 +1.890503486e+02 +1.890503486e+02 +2.1671e-01 -3.7470e+00
15081 0 +3.146416761e-04 +1.890503146e+02 +1.890503146e+02 +2.2648e-01 -3.7509e+00
15109 0 +2.795582481e-04 +1.890502796e+02 +1.890502796e+02 +2.4016e-01 -3.7548e+00
15142 0 +2.508781293e-04 +1.890502509e+02 +1.890502509e+02 +2.5580e-01 -3.7607e+00
15178 0 +2.238368667e-04 +1.890502238e+02 +1.890502238e+02 +2.7339e-01 -3.7665e+00
15209 0 +1.968631296e-04 +1.890501969e+02 +1.890501969e+02 +2.8902e-01 -3.7704e+00
15233 0 +1.752818572e-04 +1.890501753e+02 +1.890501753e+02 +3.0075e-01 -3.7743e+00
15254 0 +1.578571443e-04 +1.890501579e+02 +1.890501579e+02 +3.1052e-01 -3.7782e+00
15273 0 +1.402775446e-04 +1.890501403e+02 +1.890501403e+02 +3.2029e-01 -3.7802e+00
15293 0 +1.243960224e-04 +1.890501244e+02 +1.890501244e+02 +3.3007e-01 -3.7841e+00
15318 0 +1.090952203e-04 +1.890501091e+02 +1.890501091e+02 +3.4179e-01 -3.7880e+00
15337 0 +9.915899687e-05 +1.890500992e+02 +1.890500992e+02 +3.5156e-01 -3.7900e+00
15361 0 +8.797006063e-05 +1.890500880e+02 +1.890500880e+02 +3.6329e-01 -3.7939e+00
15381 0 +7.866830441e-05 +1.890500787e+02 +1.890500787e+02 +3.7306e-01 -3.7978e+00
15401 0 +7.066783348e-05 +1.890500707e+02 +1.890500707e+02 +3.8283e-01 -3.7997e+00
15422 0 +6.229112304e-05 +1.890500623e+02 +1.890500623e+02 +3.8967e-01 -3.8027e+00
15445 0 +5.611478213e-05 +1.890500561e+02 +1.890500561e+02 +3.9554e-01 -3.8046e+00
15469 0 +5.011572617e-05 +1.890500501e+02 +1.890500501e+02 +4.0140e-01 -3.8066e+00
15493 0 +4.455585898e-05 +1.890500446e+02 +1.890500446e+02 +4.0726e-01 -3.8085e+00
15517 0 +3.965848231e-05 +1.890500397e+02 +1.890500397e+02 +4.1313e-01 -3.8105e+00
15545 0 +3.502347343e-05 +1.890500350e+02 +1.890500350e+02 +4.1997e-01 -3.8124e+00
15573 0 +3.159612012e-05 +1.890500316e+02 +1.890500316e+02 +4.2681e-01 -3.8144e+00
15617 0 +2.797400921e-05 +1.890500280e+02 +1.890500280e+02 +4.3756e-01 -3.8183e+00
15690 0 +2.494064077e-05 +1.890500249e+02 +1.890500249e+02 +4.5515e-01 -3.8242e+00
15729 0 +2.213132109e-05 +1.890500221e+02 +1.890500221e+02 +4.6492e-01 -3.8271e+00
15753 0 +1.961820686e-05 +1.890500196e+02 +1.890500196e+02 +4.7078e-01 -3.8291e+00
15769 0 +1.772554131e-05 +1.890500177e+02 +1.890500177e+02 +4.7469e-01 -3.8300e+00
15789 0 +1.582026232e-05 +1.890500158e+02 +1.890500158e+02 +4.7958e-01 -3.8310e+00
15802 0 +1.377417709e-05 +1.890500138e+02 +1.890500138e+02 +4.8251e-01 -3.8330e+00
15814 0 +1.242785598e-05 +1.890500124e+02 +1.890500124e+02 +4.8544e-01 -3.8339e+00
15826 0 +1.120853469e-05 +1.890500112e+02 +1.890500112e+02 +4.8837e-01 -3.8349e+00
15841 0 +9.737305987e-06 +1.890500097e+02 +1.890500097e+02 +4.9228e-01 -3.8359e+00
15853 0 +8.877319800e-06 +1.890500089e+02 +1.890500089e+02 +4.9521e-01 -3.8369e+00
15873 0 +7.911669456e-06 +1.890500079e+02 +1.890500079e+02 +5.0010e-01 -3.8379e+00
15897 0 +7.065383699e-06 +1.890500071e+02 +1.890500071e+02 +5.0596e-01 -3.8398e+00
15974 0 +6.302119431e-06 +1.890500063e+02 +1.890500063e+02 +5.2453e-01 -3.8466e+00
16006 0 +5.604061073e-06 +1.890500056e+02 +1.890500056e+02 +5.3088e-01 -3.8481e+00
16037 0 +4.952819950e-06 +1.890500050e+02 +1.890500050e+02 +5.3479e-01 -3.8496e+00
16062 0 +4.407478031e-06 +1.890500044e+02 +1.890500044e+02 +5.3772e-01 -3.8506e+00
16081 0 +3.956784440e-06 +1.890500040e+02 +1.890500040e+02 +5.4016e-01 -3.8510e+00
16101 0 +3.492321923e-06 +1.890500035e+02 +1.890500035e+02 +5.4261e-01 -3.8520e+00
16121 0 +3.125203648e-06 +1.890500031e+02 +1.890500031e+02 +5.4505e-01 -3.8525e+00
16137 0 +2.799521042e-06 +1.890500028e+02 +1.890500028e+02 +5.4700e-01 -3.8535e+00
16157 0 +2.509021300e-06 +1.890500025e+02 +1.890500025e+02 +5.4945e-01 -3.8540e+00
16181 0 +2.206729533e-06 +1.890500022e+02 +1.890500022e+02 +5.5238e-01 -3.8550e+00
16205 0 +1.985324332e-06 +1.890500020e+02 +1.890500020e+02 +5.5531e-01 -3.8559e+00
16241 0 +1.776907766e-06 +1.890500018e+02 +1.890500018e+02 +5.5971e-01 -3.8574e+00
16317 0 +1.577314890e-06 +1.890500016e+02 +1.890500016e+02 +5.6899e-01 -3.8603e+00
16365 0 +1.395070370e-06 +1.890500014e+02 +1.890500014e+02 +5.7485e-01 -3.8623e+00
16389 0 +1.256649654e-06 +1.890500013e+02 +1.890500013e+02 +5.7778e-01 -3.8633e+00
16413 0 +1.099242070e-06 +1.890500011e+02 +1.890500011e+02 +5.8072e-01 -3.8642e+00
16429 0 +9.971054737e-07 +1.890500010e+02 +1.890500010e+02 +5.8267e-01 -3.8647e+00
16449 0 +8.679595851e-07 +1.890500009e+02 +1.890500009e+02 +5.8511e-01 -3.8657e+00
16465 0 +7.791200289e-07 +1.890500008e+02 +1.890500008e+02 +5.8707e-01 -3.8662e+00
16481 0 +7.077508712e-07 +1.890500007e+02 +1.890500007e+02 +5.8902e-01 -3.8667e+00
16501 0 +6.199441600e-07 +1.890500006e+02 +1.890500006e+02 +5.9147e-01 -3.8677e+00
16522 0 +5.592460184e-07 +1.890500006e+02 +1.890500006e+02 +5.9391e-01 -3.8686e+00
16546 0 +5.003383592e-07 +1.890500005e+02 +1.890500005e+02 +5.9684e-01 -3.8696e+00
16573 0 +4.395560325e-07 +1.890500004e+02 +1.890500004e+02 +6.0026e-01 -3.8706e+00
16598 0 +3.917825779e-07 +1.890500004e+02 +1.890500004e+02 +6.0319e-01 -3.8716e+00
16617 0 +3.514063280e-07 +1.890500004e+02 +1.890500004e+02 +6.0563e-01 -3.8721e+00
16637 0 +3.065831322e-07 +1.890500003e+02 +1.890500003e+02 +6.0808e-01 -3.8730e+00
16653 0 +2.758840196e-07 +1.890500003e+02 +1.890500003e+02 +6.1003e-01 -3.8735e+00
16669 0 +2.511233106e-07 +1.890500003e+02 +1.890500003e+02 +6.1199e-01 -3.8740e+00
16693 0 +2.233608996e-07 +1.890500002e+02 +1.890500002e+02 +6.1394e-01 -3.8747e+00
16733 0 +1.977385296e-07 +1.890500002e+02 +1.890500002e+02 +6.1638e-01 -3.8757e+00
16777 0 +1.768308380e-07 +1.890500002e+02 +1.890500002e+02 +6.1907e-01 -3.8765e+00
16821 0 +1.564966681e-07 +1.890500002e+02 +1.890500002e+02 +6.2176e-01 -3.8774e+00
16853 0 +1.406244792e-07 +1.890500001e+02 +1.890500001e+02 +6.2371e-01 -3.8779e+00
16881 0 +1.254432505e-07 +1.890500001e+02 +1.890500001e+02 +6.2542e-01 -3.8784e+00
16901 0 +1.115541863e-07 +1.890500001e+02 +1.890500001e+02 +6.2664e-01 -3.8789e+00
16921 0 +9.889834018e-08 +1.890500001e+02 +1.890500001e+02 +6.2787e-01 -3.8794e+00
16941 0 +8.816400054e-08 +1.890500001e+02 +1.890500001e+02 +6.2909e-01 -3.8796e+00
16958 0 +7.886606568e-08 +1.890500001e+02 +1.890500001e+02 +6.3006e-01 -3.8801e+00
16977 0 +6.998138247e-08 +1.890500001e+02 +1.890500001e+02 +6.3129e-01 -3.8804e+00
16997 0 +6.212624726e-08 +1.890500001e+02 +1.890500001e+02 +6.3251e-01 -3.8809e+00
17021 0 +5.562984029e-08 +1.890500001e+02 +1.890500001e+02 +6.3397e-01 -3.8813e+00
17058 0 +5.007572668e-08 +1.890500001e+02 +1.890500001e+02 +6.3617e-01 -3.8821e+00
17129 0 +4.462097536e-08 +1.890500000e+02 +1.890500000e+02 +6.4057e-01 -3.8833e+00
17158 0 +3.924779435e-08 +1.890500000e+02 +1.890500000e+02 +6.4228e-01 -3.8840e+00
17173 0 +3.518499625e-08 +1.890500000e+02 +1.890500000e+02 +6.4326e-01 -3.8843e+00
17189 0 +3.106234203e-08 +1.890500000e+02 +1.890500000e+02 +6.4423e-01 -3.8845e+00
17201 0 +2.757994366e-08 +1.890500000e+02 +1.890500000e+02 +6.4497e-01 -3.8848e+00
17209 0 +2.507519525e-08 +1.890500000e+02 +1.890500000e+02 +6.4546e-01 -3.8850e+00
17221 0 +2.203557870e-08 +1.890500000e+02 +1.890500000e+02 +6.4619e-01 -3.8852e+00
17233 0 +1.938221317e-08 +1.890500000e+02 +1.890500000e+02 +6.4692e-01 -3.8855e+00
17245 0 +1.717103260e-08 +1.890500000e+02 +1.890500000e+02 +6.4765e-01 -3.8857e+00
17257 0 +1.541172878e-08 +1.890500000e+02 +1.890500000e+02 +6.4839e-01 -3.8860e+00
17278 0 +1.408048433e-08 +1.890500000e+02 +1.890500000e+02 +6.4912e-01 -3.8862e+00
17321 0 +1.255810389e-08 +1.890500000e+02 +1.890500000e+02 +6.5046e-01 -3.8866e+00
17445 0 +1.121495075e-08 +1.890500000e+02 +1.890500000e+02 +6.5425e-01 -3.8878e+00
17489 0 +9.952998425e-09 +1.890500000e+02 +1.890500000e+02 +6.5559e-01 -3.8882e+00
20000 0 +5.712763596e-12 +1.890500000e+02 +1.890500000e+02 +6.8250e-01 -3.8969e+00
% f evaluations | g evaluations | best noise-free fitness - Fopt (-2.680000000000e+01) + sum g_i+ | measured fitness | best measured fitness or single-digit g-values | x1 | x2...
1 0 +6.389469531e+01 +3.709469531e+01 +3.709469531e+01 +0.0000e+00 +0.0000e+00
5 0 +4.295643638e+00 -2.250435636e+01 -2.250435636e+01 +2.9289e+00 +0.0000e+00
30 0 +3.087945953e+00 -2.371205405e+01 -2.371205405e+01 +2.0798e+00 +1.3466e+00
42 0 +2.151627349e+00 -2.464837265e+01 -2.464837265e+01 +1.2859e+00 +2.5151e+00
70 0 +1.924924554e+00 -2.487507545e+01 -2.487507545e+01 +1.3104e+00 +2.7316e+00
81 0 +9.741535789e-01 -2.582584642e+01 -2.582584642e+01 +1.5606e+00 +2.4815e+00
85 0 +7.326437100e-01 -2.606735629e+01 -2.606735629e+01 +1.5606e+00 +2.2313e+00
101 0 +7.061709183e-01 -2.609382908e+01 -2.609382908e+01 +1.5918e+00 +2.2000e+00
20000 0 +6.918569112e-01 -2.610814309e+01 -2.610814309e+01 +1.6274e+00 +2.0769e+00
% f evaluations | g evaluations | best noise-free fitness - Fopt (1.986000000000e+01) + sum g_i+ | measured fitness | best measured fitness or single-digit g-values | x1 | x2...
1 0 +1.804959418e+01 +3.790959418e+01 +3.790959418e+01 +0.0000e+00 +0.0000e+00
2 0 +2.228518608e+00 +2.208851861e+01 +2.208851861e+01 -2.9289e+00 +0.0000e+00
5 0 +1.039537988e-03 +1.986103954e+01 +1.986103954e+01 +2.9289e+00 +0.0000e+00
1075 0 +9.937090511e-04 +1.986099371e+01 +1.986099371e+01 +3.1213e+00 +5.9898e-02
1163 0 +8.902379080e-04 +1.986089024e+01 +1.986089024e+01 +3.0783e+00 +4.2308e-02
1235 0 +7.868472691e-04 +1.986078685e+01 +1.986078685e+01 +3.0431e+00 +2.8628e-02
1267 0 +7.002308449e-04 +1.986070023e+01 +1.986070023e+01 +3.0275e+00 +2.2764e-02
1291 0 +6.293837490e-04 +1.986062938e+01 +1.986062938e+01 +3.0158e+00 +1.8856e-02
1311 0 +5.623210717e-04 +1.986056232e+01 +1.986056232e+01 +3.0060e+00 +1.4947e-02
1331 0 +4.976129401e-04 +1.986049761e+01 +1.986049761e+01 +2.9962e+00 +1.1038e-02
1347 0 +4.446718574e-04 +1.986044467e+01 +1.986044467e+01 +2.9884e+00 +7.1292e-03
1367 0 +3.930912785e-04 +1.986039309e+01 +1.986039309e+01 +2.9786e+00 +3.2204e-03
1387 0 +3.502183401e-04 +1.986035022e+01 +1.986035022e+01 +2.9689e+00 -6.8838e-04
1407 0 +3.157950466e-04 +1.986031580e+01 +1.986031580e+01 +2.9591e+00 -4.5972e-03
1437 0 +2.796375161e-04 +1.986027964e+01 +1.986027964e+01 +2.9454e+00 -1.0460e-02
1467 0 +2.498051669e-04 +1.986024981e+01 +1.986024981e+01 +2.9298e+00 -1.6324e-02
1503 0 +2.237253158e-04 +1.986022373e+01 +1.986022373e+01 +2.9122e+00 -2.2187e-02
1531 0 +1.992093123e-04 +1.986019921e+01 +1.986019921e+01 +2.8985e+00 -2.8050e-02
1557 0 +1.768104129e-04 +1.986017681e+01 +1.986017681e+01 +2.8868e+00 -3.3913e-02
1577 0 +1.582403755e-04 +1.986015824e+01 +1.986015824e+01 +2.8770e+00 -3.7822e-02
1597 0 +1.405440232e-04 +1.986014054e+01 +1.986014054e+01 +2.8672e+00 -4.1731e-02
1627 0 +1.256189521e-04 +1.986012562e+01 +1.986012562e+01 +2.8584e+00 -4.4662e-02
1667 0 +1.120376710e-04 +1.986011204e+01 +1.986011204e+01 +2.8487e+00 -4.8571e-02
1711 0 +9.985627510e-05 +1.986009986e+01 +1.986009986e+01 +2.8379e+00 -5.2480e-02
1759 0 +8.848286340e-05 +1.986008848e+01 +1.986008848e+01 +2.8262e+00 -5.7366e-02
1803 0 +7.866954434e-05 +1.986007867e+01 +1.986007867e+01 +2.8154e+00 -6.1275e-02
1839 0 +6.982464671e-05 +1.986006982e+01 +1.986006982e+01 +2.8067e+00 -6.5183e-02
1869 0 +6.275433152e-05 +1.986006275e+01 +1.986006275e+01 +2.7998e+00 -6.8115e-02
1895 0 +5.561886167e-05 +1.986005562e+01 +1.986005562e+01 +2.7930e+00 -7.0069e-02
1921 0 +4.930697528e-05 +1.986004931e+01 +1.986004931e+01 +2.7871e+00 -7.3001e-02
1941 0 +4.462162048e-05 +1.986004462e+01 +1.986004462e+01 +2.7822e+00 -7.4955e-02
1963 0 +3.961772940e-05 +1.986003962e+01 +1.986003962e+01 +2.7764e+00 -7.6910e-02
1991 0 +3.480769767e-05 +1.986003481e+01 +1.986003481e+01 +2.7695e+00 -7.9841e-02
2019 0 +3.157248679e-05 +1.986003157e+01 +1.986003157e+01 +2.7627e+00 -8.1796e-02
2061 0 +2.807993813e-05 +1.986002808e+01 +1.986002808e+01 +2.7529e+00 -8.6682e-02
2131 0 +2.510839357e-05 +1.986002511e+01 +1.986002511e+01 +2.7353e+00 -9.2545e-02
2171 0 +2.235675724e-05 +1.986002236e+01 +1.986002236e+01 +2.7255e+00 -9.6454e-02
2193 0 +1.991485997e-05 +1.986001991e+01 +1.986001991e+01 +2.7207e+00 -9.9385e-02
2213 0 +1.746390799e-05 +1.986001746e+01 +1.986001746e+01 +2.7158e+00 -1.0134e-01
2227 0 +1.541192827e-05 +1.986001541e+01 +1.986001541e+01 +2.7119e+00 -1.0232e-01
2239 0 +1.404184163e-05 +1.986001404e+01 +1.986001404e+01 +2.7089e+00 -1.0329e-01
2253 0 +1.253630218e-05 +1.986001254e+01 +1.986001254e+01 +2.7060e+00 -1.0525e-01
2265 0 +1.119295691e-05 +1.986001119e+01 +1.986001119e+01 +2.7031e+00 -1.0623e-01
2279 0 +9.851735292e-06 +1.986000985e+01 +1.986000985e+01 +2.6992e+00 -1.0720e-01
2295 0 +8.601374056e-06 +1.986000860e+01 +1.986000860e+01 +2.6953e+00 -1.0916e-01
2311 0 +7.889349856e-06 +1.986000789e+01 +1.986000789e+01 +2.6913e+00 -1.1013e-01
2335 0 +6.990593832e-06 +1.986000699e+01 +1.986000699e+01 +2.6855e+00 -1.1307e-01
2407 0 +6.288687818e-06 +1.986000629e+01 +1.986000629e+01 +2.6679e+00 -1.1991e-01
2463 0 +5.614474972e-06 +1.986000561e+01 +1.986000561e+01 +2.6615e+00 -1.2235e-01
2495 0 +4.971553398e-06 +1.986000497e+01 +1.986000497e+01 +2.6576e+00 -1.2382e-01
2521 0 +4.386965017e-06 +1.986000439e+01 +1.986000439e+01 +2.6547e+00 -1.2528e-01
2541 0 +3.912546529e-06 +1.986000391e+01 +1.986000391e+01 +2.6523e+00 -1.2626e-01
2559 0 +3.528277407e-06 +1.986000353e+01 +1.986000353e+01 +2.6498e+00 -1.2675e-01
2575 0 +3.137893966e-06 +1.986000314e+01 +1.986000314e+01 +2.6479e+00 -1.2772e-01
2595 0 +2.766780607e-06 +1.986000277e+01 +1.986000277e+01 +2.6454e+00 -1.2870e-01
2611 0 +2.504368361e-06 +1.986000250e+01 +1.986000250e+01 +2.6435e+00 -1.2968e-01
2635 0 +2.206905183e-06 +1.986000221e+01 +1.986000221e+01 +2.6405e+00 -1.3066e-01
2661 0 +1.983460841e-06 +1.986000198e+01 +1.986000198e+01 +2.6376e+00 -1.3212e-01
2695 0 +1.773129572e-06 +1.986000177e+01 +1.986000177e+01 +2.6332e+00 -1.3359e-01
2767 0 +1.581097298e-06 +1.986000158e+01 +1.986000158e+01 +2.6244e+00 -1.3701e-01
2815 0 +1.395206663e-06 +1.986000140e+01 +1.986000140e+01 +2.6185e+00 -1.3945e-01
2845 0 +1.228154854e-06 +1.986000123e+01 +1.986000123e+01 +2.6151e+00 -1.4092e-01
2865 0 +1.093319099e-06 +1.986000109e+01 +1.986000109e+01 +2.6127e+00 -1.4189e-01
2879 0 +9.928411941e-07 +1.986000099e+01 +1.986000099e+01 +2.6107e+00 -1.4238e-01
2895 0 +8.806254392e-07 +1.986000088e+01 +1.986000088e+01 +2.6088e+00 -1.4336e-01
2913 0 +7.938179216e-07 +1.986000079e+01 +1.986000079e+01 +2.6068e+00 -1.4434e-01
2927 0 +7.076845776e-07 +1.986000071e+01 +1.986000071e+01 +2.6049e+00 -1.4482e-01
2947 0 +6.239907968e-07 +1.986000062e+01 +1.986000062e+01 +2.6024e+00 -1.4580e-01
2967 0 +5.583265938e-07 +1.986000056e+01 +1.986000056e+01 +2.6000e+00 -1.4678e-01
2995 0 +4.879904445e-07 +1.986000049e+01 +1.986000049e+01 +2.5966e+00 -1.4825e-01
3025 0 +4.459103806e-07 +1.986000045e+01 +1.986000045e+01 +2.5941e+00 -1.4922e-01
3071 0 +3.974957181e-07 +1.986000040e+01 +1.986000040e+01 +2.5912e+00 -1.5020e-01
3111 0 +3.545872040e-07 +1.986000035e+01 +1.986000035e+01 +2.5887e+00 -1.5118e-01
3147 0 +3.145163845e-07 +1.986000031e+01 +1.986000031e+01 +2.5865e+00 -1.5215e-01
3179 0 +2.814874769e-07 +1.986000028e+01 +1.986000028e+01 +2.5846e+00 -1.5289e-01
3215 0 +2.502250780e-07 +1.986000025e+01 +1.986000025e+01 +2.5824e+00 -1.5362e-01
3247 0 +2.227853280e-07 +1.986000022e+01 +1.986000022e+01 +2.5804e+00 -1.5460e-01
3289 0 +1.978574247e-07 +1.986000020e+01 +1.986000020e+01 +2.5780e+00 -1.5557e-01
3331 0 +1.762744368e-07 +1.986000018e+01 +1.986000018e+01 +2.5753e+00 -1.5655e-01
3371 0 +1.576337176e-07 +1.986000016e+01 +1.986000016e+01 +2.5729e+00 -1.5753e-01
3403 0 +1.411307764e-07 +1.986000014e+01 +1.986000014e+01 +2.5709e+00 -1.5826e-01
3431 0 +1.241070358e-07 +1.986000012e+01 +1.986000012e+01 +2.5692e+00 -1.5899e-01
3451 0 +1.114375152e-07 +1.986000011e+01 +1.986000011e+01 +2.5680e+00 -1.5948e-01
3471 0 +9.879666152e-08 +1.986000010e+01 +1.986000010e+01 +2.5668e+00 -1.5997e-01
3491 0 +8.685576702e-08 +1.986000009e+01 +1.986000009e+01 +2.5655e+00 -1.6046e-01
3509 0 +7.868871066e-08 +1.986000008e+01 +1.986000008e+01 +2.5646e+00 -1.6095e-01
3523 0 +7.075226449e-08 +1.986000007e+01 +1.986000007e+01 +2.5636e+00 -1.6119e-01
3543 0 +6.290654753e-08 +1.986000006e+01 +1.986000006e+01 +2.5624e+00 -1.6168e-01
3571 0 +5.507945389e-08 +1.986000006e+01 +1.986000006e+01 +2.5606e+00 -1.6241e-01
3607 0 +4.990068092e-08 +1.986000005e+01 +1.986000005e+01 +2.5584e+00 -1.6315e-01
3723 0 +4.439471013e-08 +1.986000004e+01 +1.986000004e+01 +2.5544e+00 -1.6486e-01
3775 0 +3.974191998e-08 +1.986000004e+01 +1.986000004e+01 +2.5528e+00 -1.6547e-01
3813 0 +3.518064773e-08 +1.986000004e+01 +1.986000004e+01 +2.5517e+00 -1.6596e-01
3839 0 +3.131431114e-08 +1.986000003e+01 +1.986000003e+01 +2.5509e+00 -1.6620e-01
3863 0 +2.764342710e-08 +1.986000003e+01 +1.986000003e+01 +2.5501e+00 -1.6657e-01
3885 0 +2.484245343e-08 +1.986000002e+01 +1.986000002e+01 +2.5495e+00 -1.6681e-01
3905 0 +2.224614448e-08 +1.986000002e+01 +1.986000002e+01 +2.5489e+00 -1.6706e-01
3925 0 +1.992388121e-08 +1.986000002e+01 +1.986000002e+01 +2.5483e+00 -1.6730e-01
3947 0 +1.755852708e-08 +1.986000002e+01 +1.986000002e+01 +2.5476e+00 -1.6754e-01
3971 0 +1.575800468e-08 +1.986000002e+01 +1.986000002e+01 +2.5468e+00 -1.6779e-01
3999 0 +1.404132988e-08 +1.986000001e+01 +1.986000001e+01 +2.5460e+00 -1.6816e-01
4043 0 +1.257557614e-08 +1.986000001e+01 +1.986000001e+01 +2.5446e+00 -1.6864e-01
4167 0 +1.111586201e-08 +1.986000001e+01 +1.986000001e+01 +2.5409e+00 -1.7023e-01
4207 0 +9.801961909e-09 +1.986000001e+01 +1.986000001e+01 +2.5396e+00 -1.7072e-01
6519 0 +9.805489753e-13 +1.986000000e+01 +1.986000000e+01 +2.5115e+00 -1.8182e-01
20000 0 +6.963318810e-13 +1.986000000e+01 +1.986000000e+01 +2.5051e+00 -1.8436e-01
% f evaluations | g evaluations | best noise-free fitness - Fopt (-1.607900000000e+02) + sum g_i+ | measured fitness | best measured fitness or single-digit g-values | x1 | x2...
1 0 +1.577253463e+00 -1.592127465e+02 -1.592127465e+02 +0.0000e+00 +0.0000e+00
28 0 +7.787047489e-02 -1.607121295e+02 -1.607121295e+02 -5.0087e+00 +1.5823e+00
75 0 +9.101889315e-04 -1.607890898e+02 -1.607890898e+02 -3.3739e+00 +1.0830e+00
88 0 +1.855428660e-04 -1.607898145e+02 -1.607898145e+02 -3.3114e+00 +1.0830e+00
99 0 +1.562531922e-04 -1.607898437e+02 -1.607898437e+02 -3.3270e+00 +1.0830e+00
135 0 +1.376531770e-04 -1.607898623e+02 -1.607898623e+02 -3.3309e+00 +1.0869e+00
151 0 +1.255229958e-04 -1.607898745e+02 -1.607898745e+02 -3.3387e+00 +1.0889e+00
175 0 +1.097517031e-04 -1.607898902e+02 -1.607898902e+02 -3.3505e+00 +1.0928e+00
198 0 +9.945073410e-05 -1.607899005e+02 -1.607899005e+02 -3.3602e+00 +1.0967e+00
222 0 +8.867728101e-05 -1.607899113e+02 -1.607899113e+02 -3.3720e+00 +1.1006e+00
243 0 +7.891770494e-05 -1.607899211e+02 -1.607899211e+02 -3.3837e+00 +1.1026e+00
259 0 +6.999743835e-05 -1.607899300e+02 -1.607899300e+02 -3.3915e+00 +1.1065e+00
283 0 +6.286677240e-05 -1.607899371e+02 -1.607899371e+02 -3.3983e+00 +1.1084e+00
311 0 +5.576554619e-05 -1.607899442e+02 -1.607899442e+02 -3.4052e+00 +1.1104e+00
335 0 +4.979693378e-05 -1.607899502e+02 -1.607899502e+02 -3.4111e+00 +1.1123e+00
359 0 +4.428004917e-05 -1.607899557e+02 -1.607899557e+02 -3.4169e+00 +1.1143e+00
383 0 +3.943311478e-05 -1.607899606e+02 -1.607899606e+02 -3.4228e+00 +1.1163e+00
407 0 +3.539509123e-05 -1.607899646e+02 -1.607899646e+02 -3.4286e+00 +1.1182e+00
439 0 +3.142206384e-05 -1.607899686e+02 -1.607899686e+02 -3.4365e+00 +1.1202e+00
482 0 +2.817875526e-05 -1.607899718e+02 -1.607899718e+02 -3.4462e+00 +1.1241e+00
551 0 +2.511694680e-05 -1.607899749e+02 -1.607899749e+02 -3.4638e+00 +1.1290e+00
595 0 +2.202109997e-05 -1.607899780e+02 -1.607899780e+02 -3.4746e+00 +1.1329e+00
619 0 +1.949040137e-05 -1.607899805e+02 -1.607899805e+02 -3.4804e+00 +1.1348e+00
635 0 +1.754947681e-05 -1.607899825e+02 -1.607899825e+02 -3.4843e+00 +1.1358e+00
651 0 +1.569695419e-05 -1.607899843e+02 -1.607899843e+02 -3.4882e+00 +1.1368e+00
667 0 +1.404291152e-05 -1.607899860e+02 -1.607899860e+02 -3.4922e+00 +1.1377e+00
682 0 +1.233508493e-05 -1.607899877e+02 -1.607899877e+02 -3.4951e+00 +1.1397e+00
694 0 +1.113093339e-05 -1.607899889e+02 -1.607899889e+02 -3.4980e+00 +1.1407e+00
707 0 +9.647787863e-06 -1.607899904e+02 -1.607899904e+02 -3.5019e+00 +1.1417e+00
719 0 +8.806697565e-06 -1.607899912e+02 -1.607899912e+02 -3.5049e+00 +1.1426e+00
735 0 +7.930013339e-06 -1.607899921e+02 -1.607899921e+02 -3.5088e+00 +1.1436e+00
763 0 +7.023720826e-06 -1.607899930e+02 -1.607899930e+02 -3.5156e+00 +1.1456e+00
839 0 +6.290892259e-06 -1.607899937e+02 -1.607899937e+02 -3.5342e+00 +1.1514e+00
895 0 +5.554063847e-06 -1.607899944e+02 -1.607899944e+02 -3.5405e+00 +1.1539e+00
923 0 +5.002588637e-06 -1.607899950e+02 -1.607899950e+02 -3.5439e+00 +1.1549e+00
947 0 +4.450720041e-06 -1.607899955e+02 -1.607899955e+02 -3.5469e+00 +1.1558e+00
967 0 +3.974672865e-06 -1.607899960e+02 -1.607899960e+02 -3.5493e+00 +1.1568e+00
991 0 +3.444005955e-06 -1.607899966e+02 -1.607899966e+02 -3.5523e+00 +1.1578e+00
1007 0 +3.118069031e-06 -1.607899969e+02 -1.607899969e+02 -3.5542e+00 +1.1583e+00
1027 0 +2.807375097e-06 -1.607899972e+02 -1.607899972e+02 -3.5567e+00 +1.1588e+00
1047 0 +2.464674594e-06 -1.607899975e+02 -1.607899975e+02 -3.5591e+00 +1.1597e+00
1067 0 +2.213352474e-06 -1.607899978e+02 -1.607899978e+02 -3.5615e+00 +1.1607e+00
1091 0 +1.993328397e-06 -1.607899980e+02 -1.607899980e+02 -3.5645e+00 +1.1617e+00
1131 0 +1.766082420e-06 -1.607899982e+02 -1.607899982e+02 -3.5694e+00 +1.1632e+00
1203 0 +1.580214899e-06 -1.607899984e+02 -1.607899984e+02 -3.5782e+00 +1.1661e+00
1254 0 +1.406060989e-06 -1.607899986e+02 -1.607899986e+02 -3.5840e+00 +1.1680e+00
1279 0 +1.241461831e-06 -1.607899988e+02 -1.607899988e+02 -3.5874e+00 +1.1690e+00
1302 0 +1.121484729e-06 -1.607899989e+02 -1.607899989e+02 -3.5899e+00 +1.1700e+00
1319 0 +9.778976278e-07 -1.607899990e+02 -1.607899990e+02 -3.5923e+00 +1.1705e+00
1335 0 +8.845683226e-07 -1.607899991e+02 -1.607899991e+02 -3.5943e+00 +1.1710e+00
1354 0 +7.904091319e-07 -1.607899992e+02 -1.607899992e+02 -3.5962e+00 +1.1720e+00
1367 0 +7.072347898e-07 -1.607899993e+02 -1.607899993e+02 -3.5982e+00 +1.1724e+00
1391 0 +6.117214468e-07 -1.607899994e+02 -1.607899994e+02 -3.6011e+00 +1.1734e+00
1407 0 +5.617905572e-07 -1.607899994e+02 -1.607899994e+02 -3.6031e+00 +1.1739e+00
1431 0 +5.007629795e-07 -1.607899995e+02 -1.607899995e+02 -3.6060e+00 +1.1749e+00
1459 0 +4.443539012e-07 -1.607899996e+02 -1.607899996e+02 -3.6094e+00 +1.1759e+00
1483 0 +3.952698080e-07 -1.607899996e+02 -1.607899996e+02 -3.6124e+00 +1.1768e+00
1503 0 +3.524504280e-07 -1.607899996e+02 -1.607899996e+02 -3.6148e+00 +1.1778e+00
1523 0 +3.144689913e-07 -1.607899997e+02 -1.607899997e+02 -3.6172e+00 +1.1783e+00
1555 0 +2.817711788e-07 -1.607899997e+02 -1.607899997e+02 -3.6189e+00 +1.1790e+00
1591 0 +2.488237385e-07 -1.607899998e+02 -1.607899998e+02 -3.6211e+00 +1.1798e+00
1627 0 +2.213485004e-07 -1.607899998e+02 -1.607899998e+02 -3.6233e+00 +1.1805e+00
1663 0 +1.994501133e-07 -1.607899998e+02 -1.607899998e+02 -3.6255e+00 +1.1812e+00
1711 0 +1.773631197e-07 -1.607899998e+02 -1.607899998e+02 -3.6285e+00 +1.1820e+00
1751 0 +1.580214644e-07 -1.607899998e+02 -1.607899998e+02 -3.6309e+00 +1.1829e+00
1790 0 +1.396493587e-07 -1.607899999e+02 -1.607899999e+02 -3.6331e+00 +1.1837e+00
1814 0 +1.258481461e-07 -1.607899999e+02 -1.607899999e+02 -3.6346e+00 +1.1842e+00
1838 0 +1.112721861e-07 -1.607899999e+02 -1.607899999e+02 -3.6361e+00 +1.1847e+00
1855 0 +9.858021599e-08 -1.607899999e+02 -1.607899999e+02 -3.6373e+00 +1.1849e+00
1875 0 +8.685481134e-08 -1.607899999e+02 -1.607899999e+02 -3.6385e+00 +1.1854e+00
1891 0 +7.835137694e-08 -1.607899999e+02 -1.607899999e+02 -3.6395e+00 +1.1856e+00
1911 0 +7.071372465e-08 -1.607899999e+02 -1.607899999e+02 -3.6407e+00 +1.1859e+00
1931 0 +6.210217407e-08 -1.607899999e+02 -1.607899999e+02 -3.6419e+00 +1.1864e+00
1955 0 +5.553746973e-08 -1.607899999e+02 -1.607899999e+02 -3.6434e+00 +1.1869e+00
1991 0 +4.997866654e-08 -1.607900000e+02 -1.607900000e+02 -3.6456e+00 +1.1876e+00
2063 0 +4.416560273e-08 -1.607900000e+02 -1.607900000e+02 -3.6500e+00 +1.1891e+00
2091 0 +3.903835477e-08 -1.607900000e+02 -1.607900000e+02 -3.6517e+00 +1.1895e+00
2107 0 +3.537510906e-08 -1.607900000e+02 -1.607900000e+02 -3.6527e+00 +1.1898e+00
2126 0 +3.067626153e-08 -1.607900000e+02 -1.607900000e+02 -3.6536e+00 +1.1903e+00
2138 0 +2.733574433e-08 -1.607900000e+02 -1.607900000e+02 -3.6544e+00 +1.1905e+00
2143 0 +2.509972319e-08 -1.607900000e+02 -1.607900000e+02 -3.6549e+00 +1.1905e+00
2155 0 +2.200536642e-08 -1.607900000e+02 -1.607900000e+02 -3.6556e+00 +1.1908e+00
2167 0 +1.931044835e-08 -1.607900000e+02 -1.607900000e+02 -3.6563e+00 +1.1910e+00
2175 0 +1.772332325e-08 -1.607900000e+02 -1.607900000e+02 -3.6568e+00 +1.1913e+00
2187 0 +1.584498932e-08 -1.607900000e+02 -1.607900000e+02 -3.6575e+00 +1.1915e+00
2215 0 +1.397893357e-08 -1.607900000e+02 -1.607900000e+02 -3.6585e+00 +1.1917e+00
2259 0 +1.258899829e-08 -1.607900000e+02 -1.607900000e+02 -3.6599e+00 +1.1921e+00
2386 0 +1.119363446e-08 -1.607900000e+02 -1.607900000e+02 -3.6637e+00 +1.1934e+00
2423 0 +9.965191339e-09 -1.607900000e+02 -1.607900000e+02 -3.6649e+00 +1.1938e+00
20000 0 +5.826450433e-12 -1.607900000e+02 -1.607900000e+02 -3.6918e+00 +1.2024e+00
% f evaluations | g evaluations | best noise-free fitness - Fopt (1.420200000000e+02) + sum g_i+ | measured fitness | best measured fitness or single-digit g-values | x1 | x2...
1 0 +6.580297803e+01 +2.078229780e+02 +2.078229780e+02 +0.0000e+00 +0.0000e+00
2 0 +6.368544737e+01 +2.057054474e+02 +2.057054474e+02 -2.9289e+00 +0.0000e+00
5 0 +4.300640856e+01 +1.850264086e+02 +1.850264086e+02 +2.9289e+00 +0.0000e+00
7 0 +2.740283566e+01 +1.694228357e+02 +1.694228357e+02 +3.6612e-01 -2.5628e+00
8 0 +1.641533885e+01 +1.584353389e+02 +1.584353389e+02 +0.0000e+00 -2.9289e+00
10 0 +3.102861529e+00 +1.451228615e+02 +1.451228615e+02 -2.5628e+00 -5.4917e+00
20 0 +4.649375996e-01 +1.424849376e+02 +1.424849376e+02 -2.9289e+00 -2.1231e+00
76 0 +1.301424586e-01 +1.421501425e+02 +1.421501425e+02 -2.3068e+00 -1.8459e+00
116 0 +1.258107680e-01 +1.421458108e+02 +1.421458108e+02 -2.2833e+00 -1.8303e+00
166 0 +1.106087781e-01 +1.421306088e+02 +1.421306088e+02 -2.1895e+00 -1.7834e+00
192 0 +9.982704558e-02 +1.421198270e+02 +1.421198270e+02 -2.1348e+00 -1.7599e+00
220 0 +8.848700421e-02 +1.421084870e+02 +1.421084870e+02 -2.0801e+00 -1.7365e+00
250 0 +7.893404101e-02 +1.420989340e+02 +1.420989340e+02 -2.0410e+00 -1.7130e+00
292 0 +7.002469155e-02 +1.420900247e+02 +1.420900247e+02 -1.9980e+00 -1.6935e+00
334 0 +6.281790984e-02 +1.420828179e+02 +1.420828179e+02 -1.9589e+00 -1.6739e+00
376 0 +5.606379235e-02 +1.420760638e+02 +1.420760638e+02 -1.9159e+00 -1.6544e+00
426 0 +4.994565281e-02 +1.420699457e+02 +1.420699457e+02 -1.8690e+00 -1.6309e+00
476 0 +4.428298578e-02 +1.420642830e+02 +1.420642830e+02 -1.8182e+00 -1.6075e+00
520 0 +3.981010406e-02 +1.420598101e+02 +1.420598101e+02 -1.7752e+00 -1.5879e+00
564 0 +3.530056167e-02 +1.420553006e+02 +1.420553006e+02 -1.7322e+00 -1.5684e+00
600 0 +3.159366919e-02 +1.420515937e+02 +1.420515937e+02 -1.6970e+00 -1.5527e+00
632 0 +2.808546901e-02 +1.420480855e+02 +1.420480855e+02 -1.6658e+00 -1.5371e+00
664 0 +2.478495671e-02 +1.420447850e+02 +1.420447850e+02 -1.6345e+00 -1.5215e+00
692 0 +2.235296978e-02 +1.420423530e+02 +1.420423530e+02 -1.6071e+00 -1.5098e+00
724 0 +1.977513012e-02 +1.420397751e+02 +1.420397751e+02 -1.5759e+00 -1.4941e+00
756 0 +1.775800481e-02 +1.420377580e+02 +1.420377580e+02 -1.5446e+00 -1.4785e+00
804 0 +1.571062398e-02 +1.420357106e+02 +1.420357106e+02 -1.4977e+00 -1.4550e+00
868 0 +1.411379557e-02 +1.420341138e+02 +1.420341138e+02 -1.4351e+00 -1.4277e+00
922 0 +1.258099339e-02 +1.420325810e+02 +1.420325810e+02 -1.3843e+00 -1.4003e+00
956 0 +1.098615048e-02 +1.420309862e+02 +1.420309862e+02 -1.3491e+00 -1.3847e+00
976 0 +9.973310786e-03 +1.420299733e+02 +1.420299733e+02 -1.3296e+00 -1.3769e+00
998 0 +8.801603418e-03 +1.420288016e+02 +1.420288016e+02 -1.3101e+00 -1.3651e+00
1014 0 +7.917250746e-03 +1.420279173e+02 +1.420279173e+02 -1.2944e+00 -1.3573e+00
1032 0 +6.838150630e-03 +1.420268382e+02 +1.420268382e+02 -1.2749e+00 -1.3495e+00
1048 0 +6.083545485e-03 +1.420260835e+02 +1.420260835e+02 -1.2592e+00 -1.3417e+00
1064 0 +5.606014962e-03 +1.420256060e+02 +1.420256060e+02 -1.2436e+00 -1.3378e+00
1080 0 +5.007741411e-03 +1.420250077e+02 +1.420250077e+02 -1.2280e+00 -1.3299e+00
1100 0 +4.383532160e-03 +1.420243835e+02 +1.420243835e+02 -1.2084e+00 -1.3182e+00
1124 0 +3.972297497e-03 +1.420239723e+02 +1.420239723e+02 -1.1850e+00 -1.3065e+00
1288 0 +3.546436633e-03 +1.420235464e+02 +1.420235464e+02 -1.1048e+00 -1.2694e+00
1364 0 +3.157331845e-03 +1.420231573e+02 +1.420231573e+02 -1.0677e+00 -1.2518e+00
1402 0 +2.814570577e-03 +1.420228146e+02 +1.420228146e+02 -1.0501e+00 -1.2420e+00
1428 0 +2.509896378e-03 +1.420225099e+02 +1.420225099e+02 -1.0364e+00 -1.2361e+00
1452 0 +2.237706124e-03 +1.420222377e+02 +1.420222377e+02 -1.0247e+00 -1.2303e+00
1478 0 +1.975007842e-03 +1.420219750e+02 +1.420219750e+02 -1.0130e+00 -1.2244e+00
1496 0 +1.772389321e-03 +1.420217724e+02 +1.420217724e+02 -1.0032e+00 -1.2205e+00
1520 0 +1.553078303e-03 +1.420215531e+02 +1.420215531e+02 -9.9149e-01 -1.2146e+00
1540 0 +1.404174516e-03 +1.420214042e+02 +1.420214042e+02 -9.8172e-01 -1.2107e+00
1564 0 +1.247431408e-03 +1.420212474e+02 +1.420212474e+02 -9.7000e-01 -1.2049e+00
1592 0 +1.117549803e-03 +1.420211175e+02 +1.420211175e+02 -9.5631e-01 -1.1990e+00
1630 0 +9.974152152e-04 +1.420209974e+02 +1.420209974e+02 -9.3872e-01 -1.1892e+00
1716 0 +8.903271970e-04 +1.420208903e+02 +1.420208903e+02 -8.9573e-01 -1.1697e+00
1784 0 +7.924210900e-04 +1.420207924e+02 +1.420207924e+02 -8.6250e-01 -1.1541e+00
1816 0 +7.014141369e-04 +1.420207014e+02 +1.420207014e+02 -8.4687e-01 -1.1462e+00
1840 0 +6.206880327e-04 +1.420206207e+02 +1.420206207e+02 -8.3514e-01 -1.1404e+00
1860 0 +5.562500221e-04 +1.420205563e+02 +1.420205563e+02 -8.2537e-01 -1.1365e+00
1880 0 +4.994227077e-04 +1.420204994e+02 +1.420204994e+02 -8.1560e-01 -1.1326e+00
1898 0 +4.396920214e-04 +1.420204397e+02 +1.420204397e+02 -8.0778e-01 -1.1267e+00
1914 0 +3.980981445e-04 +1.420203981e+02 +1.420203981e+02 -7.9996e-01 -1.1228e+00
1932 0 +3.519720303e-04 +1.420203520e+02 +1.420203520e+02 -7.9019e-01 -1.1189e+00
1958 0 +3.102689419e-04 +1.420203103e+02 +1.420203103e+02 -7.7846e-01 -1.1130e+00
1982 0 +2.795527169e-04 +1.420202796e+02 +1.420202796e+02 -7.6674e-01 -1.1071e+00
2012 0 +2.502961641e-04 +1.420202503e+02 +1.420202503e+02 -7.5110e-01 -1.1013e+00
2072 0 +2.236103411e-04 +1.420202236e+02 +1.420202236e+02 -7.3547e-01 -1.0935e+00
2128 0 +1.992316230e-04 +1.420201992e+02 +1.420201992e+02 -7.2179e-01 -1.0866e+00
2176 0 +1.765186278e-04 +1.420201765e+02 +1.420201765e+02 -7.1006e-01 -1.0808e+00
2216 0 +1.584388407e-04 +1.420201584e+02 +1.420201584e+02 -7.0029e-01 -1.0769e+00
2252 0 +1.408359423e-04 +1.420201408e+02 +1.420201408e+02 -6.9149e-01 -1.0720e+00
2292 0 +1.254994395e-04 +1.420201255e+02 +1.420201255e+02 -6.8172e-01 -1.0681e+00
2328 0 +1.119905970e-04 +1.420201120e+02 +1.420201120e+02 -6.7293e-01 -1.0632e+00
2372 0 +9.952429863e-05 +1.420200995e+02 +1.420200995e+02 -6.6218e-01 -1.0583e+00
2416 0 +8.907774108e-05 +1.420200891e+02 +1.420200891e+02 -6.5143e-01 -1.0534e+00
2460 0 +7.916944779e-05 +1.420200792e+02 +1.420200792e+02 -6.4068e-01 -1.0485e+00
2494 0 +7.073221505e-05 +1.420200707e+02 +1.420200707e+02 -6.3286e-01 -1.0436e+00
2524 0 +6.232167760e-05 +1.420200623e+02 +1.420200623e+02 -6.2504e-01 -1.0407e+00
2548 0 +5.575016894e-05 +1.420200558e+02 +1.420200558e+02 -6.1918e-01 -1.0378e+00
2572 0 +4.943040986e-05 +1.420200494e+02 +1.420200494e+02 -6.1332e-01 -1.0348e+00
2598 0 +4.366698136e-05 +1.420200437e+02 +1.420200437e+02 -6.0746e-01 -1.0319e+00
2616 0 +3.955647060e-05 +1.420200396e+02 +1.420200396e+02 -6.0257e-01 -1.0299e+00
2640 0 +3.522253888e-05 +1.420200352e+02 +1.420200352e+02 -5.9671e-01 -1.0270e+00
2668 0 +3.159266231e-05 +1.420200316e+02 +1.420200316e+02 -5.8987e-01 -1.0241e+00
2708 0 +2.810066755e-05 +1.420200281e+02 +1.420200281e+02 -5.8009e-01 -1.0192e+00
2776 0 +2.506932199e-05 +1.420200251e+02 +1.420200251e+02 -5.6348e-01 -1.0114e+00
2816 0 +2.213441584e-05 +1.420200221e+02 +1.420200221e+02 -5.5371e-01 -1.0065e+00
2846 0 +1.973992252e-05 +1.420200197e+02 +1.420200197e+02 -5.4833e-01 -1.0041e+00
2876 0 +1.768217797e-05 +1.420200177e+02 +1.420200177e+02 -5.4443e-01 -1.0021e+00
2908 0 +1.555741150e-05 +1.420200156e+02 +1.420200156e+02 -5.4052e-01 -1.0001e+00
2934 0 +1.401163905e-05 +1.420200140e+02 +1.420200140e+02 -5.3759e-01 -9.9868e-01
2958 0 +1.256894976e-05 +1.420200126e+02 +1.420200126e+02 -5.3465e-01 -9.9721e-01
2984 0 +1.104034186e-05 +1.420200110e+02 +1.420200110e+02 -5.3123e-01 -9.9575e-01
3010 0 +9.921829758e-06 +1.420200099e+02 +1.420200099e+02 -5.2830e-01 -9.9428e-01
3036 0 +8.854103129e-06 +1.420200089e+02 +1.420200089e+02 -5.2488e-01 -9.9281e-01
3068 0 +7.915743168e-06 +1.420200079e+02 +1.420200079e+02 -5.2097e-01 -9.9086e-01
3116 0 +7.078257255e-06 +1.420200071e+02 +1.420200071e+02 -5.1511e-01 -9.8842e-01
3262 0 +6.296497276e-06 +1.420200063e+02 +1.420200063e+02 -4.9752e-01 -9.7962e-01
3312 0 +5.597184213e-06 +1.420200056e+02 +1.420200056e+02 -4.9117e-01 -9.7669e-01
3344 0 +4.990181338e-06 +1.420200050e+02 +1.420200050e+02 -4.8726e-01 -9.7522e-01
3364 0 +4.436945432e-06 +1.420200044e+02 +1.420200044e+02 -4.8482e-01 -9.7376e-01
3386 0 +3.957876686e-06 +1.420200040e+02 +1.420200040e+02 -4.8237e-01 -9.7229e-01
3404 0 +3.472256623e-06 +1.420200035e+02 +1.420200035e+02 -4.7993e-01 -9.7132e-01
3422 0 +3.129575816e-06 +1.420200031e+02 +1.420200031e+02 -4.7798e-01 -9.7034e-01
3440 0 +2.755807543e-06 +1.420200028e+02 +1.420200028e+02 -4.7553e-01 -9.6936e-01
3456 0 +2.494954231e-06 +1.420200025e+02 +1.420200025e+02 -4.7358e-01 -9.6838e-01
3480 0 +2.184892253e-06 +1.420200022e+02 +1.420200022e+02 -4.7065e-01 -9.6692e-01
3504 0 +1.993467833e-06 +1.420200020e+02 +1.420200020e+02 -4.6772e-01 -9.6594e-01
3538 0 +1.777666341e-06 +1.420200018e+02 +1.420200018e+02 -4.6381e-01 -9.6350e-01
3608 0 +1.576322774e-06 +1.420200016e+02 +1.420200016e+02 -4.5501e-01 -9.5959e-01
3652 0 +1.408745248e-06 +1.420200014e+02 +1.420200014e+02 -4.4964e-01 -9.5715e-01
3680 0 +1.256787385e-06 +1.420200013e+02 +1.420200013e+02 -4.4622e-01 -9.5568e-01
3700 0 +1.093403256e-06 +1.420200011e+02 +1.420200011e+02 -4.4377e-01 -9.5421e-01
3716 0 +9.805683590e-07 +1.420200010e+02 +1.420200010e+02 -4.4182e-01 -9.5324e-01
3738 0 +8.895259782e-07 +1.420200009e+02 +1.420200009e+02 -4.4011e-01 -9.5250e-01
3768 0 +7.914310345e-07 +1.420200008e+02 +1.420200008e+02 -4.3816e-01 -9.5153e-01
3800 0 +7.071956531e-07 +1.420200007e+02 +1.420200007e+02 -4.3620e-01 -9.5055e-01
3836 0 +6.299971176e-07 +1.420200006e+02 +1.420200006e+02 -4.3400e-01 -9.4957e-01
3876 0 +5.608845299e-07 +1.420200006e+02 +1.420200006e+02 -4.3156e-01 -9.4835e-01
3924 0 +5.002342789e-07 +1.420200005e+02 +1.420200005e+02 -4.2863e-01 -9.4713e-01
3972 0 +4.458446483e-07 +1.420200004e+02 +1.420200004e+02 -4.2570e-01 -9.4566e-01
4020 0 +3.940960767e-07 +1.420200004e+02 +1.420200004e+02 -4.2277e-01 -9.4420e-01
4060 0 +3.539608144e-07 +1.420200004e+02 +1.420200004e+02 -4.2032e-01 -9.4322e-01
4094 0 +3.144206744e-07 +1.420200003e+02 +1.420200003e+02 -4.1837e-01 -9.4200e-01
4124 0 +2.813712570e-07 +1.420200003e+02 +1.420200003e+02 -4.1641e-01 -9.4127e-01
4156 0 +2.498231879e-07 +1.420200002e+02 +1.420200002e+02 -4.1446e-01 -9.4029e-01
4188 0 +2.234056353e-07 +1.420200002e+02 +1.420200002e+02 -4.1250e-01 -9.3931e-01
4230 0 +1.976157193e-07 +1.420200002e+02 +1.420200002e+02 -4.1006e-01 -9.3809e-01
4270 0 +1.775309499e-07 +1.420200002e+02 +1.420200002e+02 -4.0762e-01 -9.3687e-01
4312 0 +1.582043865e-07 +1.420200002e+02 +1.420200002e+02 -4.0493e-01 -9.3589e-01
4340 0 +1.410599566e-07 +1.420200001e+02 +1.420200001e+02 -4.0322e-01 -9.3491e-01
4368 0 +1.247670696e-07 +1.420200001e+02 +1.420200001e+02 -4.0151e-01 -9.3418e-01
4390 0 +1.107050593e-07 +1.420200001e+02 +1.420200001e+02 -4.0029e-01 -9.3345e-01
4408 0 +9.803341072e-08 +1.420200001e+02 +1.420200001e+02 -3.9907e-01 -9.3296e-01
4424 0 +8.801094964e-08 +1.420200001e+02 +1.420200001e+02 -3.9809e-01 -9.3247e-01
4440 0 +7.891901532e-08 +1.420200001e+02 +1.420200001e+02 -3.9711e-01 -9.3198e-01
4460 0 +6.982901368e-08 +1.420200001e+02 +1.420200001e+02 -3.9589e-01 -9.3149e-01
4498 0 +6.294939681e-08 +1.420200001e+02 +1.420200001e+02 -3.9492e-01 -9.3088e-01
4544 0 +5.594102959e-08 +1.420200001e+02 +1.420200001e+02 -3.9345e-01 -9.3027e-01
4616 0 +4.996024927e-08 +1.420200000e+02 +1.420200000e+02 -3.9125e-01 -9.2917e-01
4748 0 +4.457956493e-08 +1.420200000e+02 +1.420200000e+02 -3.8722e-01 -9.2734e-01
4802 0 +3.966977147e-08 +1.420200000e+02 +1.420200000e+02 -3.8563e-01 -9.2649e-01
4836 0 +3.494250223e-08 +1.420200000e+02 +1.420200000e+02 -3.8453e-01 -9.2600e-01
4860 0 +3.138515581e-08 +1.420200000e+02 +1.420200000e+02 -3.8380e-01 -9.2563e-01
4886 0 +2.779219699e-08 +1.420200000e+02 +1.420200000e+02 -3.8307e-01 -9.2526e-01
4904 0 +2.492046747e-08 +1.420200000e+02 +1.420200000e+02 -3.8246e-01 -9.2502e-01
4926 0 +2.228946983e-08 +1.420200000e+02 +1.420200000e+02 -3.8185e-01 -9.2465e-01
4944 0 +1.982579079e-08 +1.420200000e+02 +1.420200000e+02 -3.8123e-01 -9.2441e-01
4968 0 +1.768364655e-08 +1.420200000e+02 +1.420200000e+02 -3.8050e-01 -9.2417e-01
4988 0 +1.579394393e-08 +1.420200000e+02 +1.420200000e+02 -3.7989e-01 -9.2380e-01
5018 0 +1.411058292e-08 +1.420200000e+02 +1.420200000e+02 -3.7904e-01 -9.2331e-01
5060 0 +1.257856752e-08 +1.420200000e+02 +1.420200000e+02 -3.7769e-01 -9.2282e-01
5180 0 +1.112067594e-08 +1.420200000e+02 +1.420200000e+02 -3.7403e-01 -9.2099e-01
5216 0 +9.952714208e-09 +1.420200000e+02 +1.420200000e+02 -3.7293e-01 -9.2050e-01
20000 0 +2.140154720e-11 +1.420200000e+02 +1.420200000e+02 -3.4925e-01 -9.0922e-01
% f evaluations | g evaluations | best noise-free fitness - Fopt (6.289000000000e+01) + sum g_i+ | measured fitness | best measured fitness or single-digit g-values | x1 | x2...
1 0 +3.480437215e+01 +9.769437215e+01 +9.769437215e+01 +0.0000e+00 +0.0000e+00
2 0 +1.309124797e+01 +7.598124797e+01 +7.598124797e+01 -2.9289e+00 +0.0000e+00
4 0 +7.372718814e+00 +7.026271881e+01 +7.026271881e+01 -5.4917e+00 -2.5628e+00
7 0 +5.172220201e-01 +6.340722202e+01 +6.340722202e+01 +3.6612e-01 -2.5628e+00
21 0 +1.266607591e-01 +6.301666076e+01 +6.301666076e+01 +1.8577e+00 -3.1943e+00
80 0 +6.936360244e-02 +6.295936360e+01 +6.295936360e+01 +3.2707e-01 -2.6151e+00
96 0 +5.373934082e-02 +6.294373934e+01 +6.294373934e+01 +2.6453e-01 -2.6151e+00
124 0 +4.962025337e-02 +6.293962025e+01 +6.293962025e+01 +2.8798e-01 -2.6308e+00
152 0 +4.384550529e-02 +6.293384551e+01 +6.293384551e+01 +3.4271e-01 -2.6464e+00
176 0 +3.922057357e-02 +6.292922057e+01 +6.292922057e+01 +3.8961e-01 -2.6620e+00
201 0 +3.453355486e-02 +6.292453355e+01 +6.292453355e+01 +4.3652e-01 -2.6777e+00
216 0 +3.121244337e-02 +6.292121244e+01 +6.292121244e+01 +4.6779e-01 -2.6855e+00
232 0 +2.815927310e-02 +6.291815927e+01 +6.291815927e+01 +4.9906e-01 -2.6933e+00
252 0 +2.422941142e-02 +6.291422941e+01 +6.291422941e+01 +5.3815e-01 -2.7089e+00
264 0 +2.221330702e-02 +6.291221331e+01 +6.291221331e+01 +5.6160e-01 -2.7168e+00
280 0 +1.981153833e-02 +6.290981154e+01 +6.290981154e+01 +5.9287e-01 -2.7246e+00
301 0 +1.762826594e-02 +6.290762827e+01 +6.290762827e+01 +6.3196e-01 -2.7402e+00
324 0 +1.583829546e-02 +6.290583830e+01 +6.290583830e+01 +6.7886e-01 -2.7480e+00
380 0 +1.411064878e-02 +6.290411065e+01 +6.290411065e+01 +7.4140e-01 -2.7715e+00
440 0 +1.245407613e-02 +6.290245408e+01 +6.290245408e+01 +8.0004e-01 -2.7910e+00
472 0 +1.113792727e-02 +6.290113793e+01 +6.290113793e+01 +8.3131e-01 -2.7988e+00
496 0 +9.917713408e-03 +6.289991771e+01 +6.289991771e+01 +8.5476e-01 -2.8067e+00
517 0 +8.847314045e-03 +6.289884731e+01 +6.289884731e+01 +8.7430e-01 -2.8145e+00
536 0 +7.815785599e-03 +6.289781579e+01 +6.289781579e+01 +8.9385e-01 -2.8184e+00
553 0 +7.015593883e-03 +6.289701559e+01 +6.289701559e+01 +9.0948e-01 -2.8262e+00
568 0 +6.244911169e-03 +6.289624491e+01 +6.289624491e+01 +9.2512e-01 -2.8301e+00
584 0 +5.605020097e-03 +6.289560502e+01 +6.289560502e+01 +9.4075e-01 -2.8340e+00
605 0 +4.956361233e-03 +6.289495636e+01 +6.289495636e+01 +9.6030e-01 -2.8418e+00
624 0 +4.447365935e-03 +6.289444737e+01 +6.289444737e+01 +9.7984e-01 -2.8457e+00
656 0 +3.979768470e-03 +6.289397977e+01 +6.289397977e+01 +1.0111e+00 -2.8536e+00
740 0 +3.543519316e-03 +6.289354352e+01 +6.289354352e+01 +1.0932e+00 -2.8809e+00
781 0 +3.156543898e-03 +6.289315654e+01 +6.289315654e+01 +1.1323e+00 -2.8966e+00
800 0 +2.771501159e-03 +6.289277150e+01 +6.289277150e+01 +1.1518e+00 -2.9005e+00
816 0 +2.461635497e-03 +6.289246164e+01 +6.289246164e+01 +1.1675e+00 -2.9044e+00
828 0 +2.197947605e-03 +6.289219795e+01 +6.289219795e+01 +1.1792e+00 -2.9083e+00
840 0 +1.944572083e-03 +6.289194457e+01 +6.289194457e+01 +1.1909e+00 -2.9122e+00
852 0 +1.713229174e-03 +6.289171323e+01 +6.289171323e+01 +1.2026e+00 -2.9161e+00
860 0 +1.575434445e-03 +6.289157543e+01 +6.289157543e+01 +1.2105e+00 -2.9200e+00
873 0 +1.400611522e-03 +6.289140061e+01 +6.289140061e+01 +1.2222e+00 -2.9239e+00
885 0 +1.257654243e-03 +6.289125765e+01 +6.289125765e+01 +1.2339e+00 -2.9278e+00
900 0 +1.104255142e-03 +6.289110426e+01 +6.289110426e+01 +1.2495e+00 -2.9317e+00
921 0 +9.986673530e-04 +6.289099867e+01 +6.289099867e+01 +1.2691e+00 -2.9396e+00
1000 0 +8.908039765e-04 +6.289089080e+01 +6.289089080e+01 +1.3121e+00 -2.9513e+00
1073 0 +7.939588374e-04 +6.289079396e+01 +6.289079396e+01 +1.3473e+00 -2.9630e+00
1108 0 +7.017374878e-04 +6.289070174e+01 +6.289070174e+01 +1.3649e+00 -2.9669e+00
1132 0 +6.244682810e-04 +6.289062447e+01 +6.289062447e+01 +1.3766e+00 -2.9708e+00
1152 0 +5.565604306e-04 +6.289055656e+01 +6.289055656e+01 +1.3864e+00 -2.9747e+00
1172 0 +4.995906756e-04 +6.289049959e+01 +6.289049959e+01 +1.3961e+00 -2.9767e+00
1192 0 +4.375612371e-04 +6.289043756e+01 +6.289043756e+01 +1.4059e+00 -2.9806e+00
1212 0 +3.951617513e-04 +6.289039516e+01 +6.289039516e+01 +1.4157e+00 -2.9825e+00
1232 0 +3.480246980e-04 +6.289034802e+01 +6.289034802e+01 +1.4254e+00 -2.9865e+00
1252 0 +3.146007965e-04 +6.289031460e+01 +6.289031460e+01 +1.4352e+00 -2.9904e+00
1280 0 +2.793137403e-04 +6.289027931e+01 +6.289027931e+01 +1.4489e+00 -2.9943e+00
1316 0 +2.472492053e-04 +6.289024725e+01 +6.289024725e+01 +1.4665e+00 -3.0001e+00
1348 0 +2.235831344e-04 +6.289022358e+01 +6.289022358e+01 +1.4821e+00 -3.0040e+00
1380 0 +1.968757428e-04 +6.289019688e+01 +6.289019688e+01 +1.4978e+00 -3.0099e+00
1405 0 +1.757636973e-04 +6.289017576e+01 +6.289017576e+01 +1.5095e+00 -3.0138e+00
1424 0 +1.580394274e-04 +6.289015804e+01 +6.289015804e+01 +1.5193e+00 -3.0158e+00
1444 0 +1.399387740e-04 +6.289013994e+01 +6.289013994e+01 +1.5290e+00 -3.0197e+00
1468 0 +1.256999080e-04 +6.289012570e+01 +6.289012570e+01 +1.5407e+00 -3.0216e+00
1484 0 +1.113893213e-04 +6.289011139e+01 +6.289011139e+01 +1.5486e+00 -3.0255e+00
1508 0 +9.855596034e-05 +6.289009856e+01 +6.289009856e+01 +1.5603e+00 -3.0295e+00
1532 0 +8.777891284e-05 +6.289008778e+01 +6.289008778e+01 +1.5720e+00 -3.0334e+00
1556 0 +7.937033452e-05 +6.289007937e+01 +6.289007937e+01 +1.5837e+00 -3.0353e+00
1572 0 +6.939591929e-05 +6.289006940e+01 +6.289006940e+01 +1.5916e+00 -3.0392e+00
1588 0 +6.164542894e-05 +6.289006165e+01 +6.289006165e+01 +1.5994e+00 -3.0412e+00
1600 0 +5.542012789e-05 +6.289005542e+01 +6.289005542e+01 +1.6052e+00 -3.0431e+00
1624 0 +4.942217912e-05 +6.289004942e+01 +6.289004942e+01 +1.6111e+00 -3.0451e+00
1648 0 +4.391473805e-05 +6.289004391e+01 +6.289004391e+01 +1.6170e+00 -3.0470e+00
1672 0 +3.911103262e-05 +6.289003911e+01 +6.289003911e+01 +1.6228e+00 -3.0490e+00
1696 0 +3.513843761e-05 +6.289003514e+01 +6.289003514e+01 +1.6287e+00 -3.0510e+00
1724 0 +3.155827365e-05 +6.289003156e+01 +6.289003156e+01 +1.6355e+00 -3.0529e+00
1768 0 +2.815147634e-05 +6.289002815e+01 +6.289002815e+01 +1.6463e+00 -3.0558e+00
1840 0 +2.500845589e-05 +6.289002501e+01 +6.289002501e+01 +1.6639e+00 -3.0617e+00
1880 0 +2.234206822e-05 +6.289002234e+01 +6.289002234e+01 +1.6736e+00 -3.0646e+00
1904 0 +1.983168583e-05 +6.289001983e+01 +6.289001983e+01 +1.6795e+00 -3.0666e+00
1925 0 +1.740686046e-05 +6.289001741e+01 +6.289001741e+01 +1.6844e+00 -3.0685e+00
1940 0 +1.537656276e-05 +6.289001538e+01 +6.289001538e+01 +1.6883e+00 -3.0695e+00
1952 0 +1.391338743e-05 +6.289001391e+01 +6.289001391e+01 +1.6912e+00 -3.0705e+00
1964 0 +1.254407145e-05 +6.289001254e+01 +6.289001254e+01 +1.6942e+00 -3.0715e+00
1980 0 +1.094594762e-05 +6.289001095e+01 +6.289001095e+01 +1.6981e+00 -3.0724e+00
1992 0 +9.882671776e-06 +6.289000988e+01 +6.289000988e+01 +1.7010e+00 -3.0734e+00
2008 0 +8.816608847e-06 +6.289000882e+01 +6.289000882e+01 +1.7049e+00 -3.0744e+00
2025 0 +7.913396843e-06 +6.289000791e+01 +6.289000791e+01 +1.7088e+00 -3.0764e+00
2052 0 +6.974549834e-06 +6.289000697e+01 +6.289000697e+01 +1.7157e+00 -3.0783e+00
2128 0 +6.240434544e-06 +6.289000624e+01 +6.289000624e+01 +1.7342e+00 -3.0842e+00
2153 0 +5.619373752e-06 +6.289000562e+01 +6.289000562e+01 +1.7401e+00 -3.0861e+00
2168 0 +4.948542745e-06 +6.289000495e+01 +6.289000495e+01 +1.7440e+00 -3.0871e+00
2180 0 +4.402990584e-06 +6.289000440e+01 +6.289000440e+01 +1.7469e+00 -3.0881e+00
2192 0 +3.853594173e-06 +6.289000385e+01 +6.289000385e+01 +1.7499e+00 -3.0891e+00
2204 0 +3.340222932e-06 +6.289000334e+01 +6.289000334e+01 +1.7528e+00 -3.0900e+00
2212 0 +3.096914867e-06 +6.289000310e+01 +6.289000310e+01 +1.7548e+00 -3.0900e+00
2228 0 +2.802110572e-06 +6.289000280e+01 +6.289000280e+01 +1.7562e+00 -3.0910e+00
2248 0 +2.504884726e-06 +6.289000250e+01 +6.289000250e+01 +1.7587e+00 -3.0915e+00
2272 0 +2.203233400e-06 +6.289000220e+01 +6.289000220e+01 +1.7616e+00 -3.0925e+00
2296 0 +1.983200747e-06 +6.289000198e+01 +6.289000198e+01 +1.7645e+00 -3.0935e+00
2332 0 +1.776746863e-06 +6.289000178e+01 +6.289000178e+01 +1.7689e+00 -3.0949e+00
2408 0 +1.576651073e-06 +6.289000158e+01 +6.289000158e+01 +1.7782e+00 -3.0979e+00
2457 0 +1.398781919e-06 +6.289000140e+01 +6.289000140e+01 +1.7841e+00 -3.0998e+00
2484 0 +1.234538381e-06 +6.289000123e+01 +6.289000123e+01 +1.7875e+00 -3.1008e+00
2504 0 +1.117175515e-06 +6.289000112e+01 +6.289000112e+01 +1.7899e+00 -3.1013e+00
2521 0 +9.991039249e-07 +6.289000100e+01 +6.289000100e+01 +1.7919e+00 -3.1023e+00
2540 0 +8.772845916e-07 +6.289000088e+01 +6.289000088e+01 +1.7943e+00 -3.1027e+00
2557 0 +7.875506185e-07 +6.289000079e+01 +6.289000079e+01 +1.7963e+00 -3.1037e+00
2572 0 +7.037251422e-07 +6.289000070e+01 +6.289000070e+01 +1.7982e+00 -3.1042e+00
2592 0 +6.284786238e-07 +6.289000063e+01 +6.289000063e+01 +1.8007e+00 -3.1047e+00
2612 0 +5.587248424e-07 +6.289000056e+01 +6.289000056e+01 +1.8031e+00 -3.1057e+00
2636 0 +4.990089266e-07 +6.289000050e+01 +6.289000050e+01 +1.8061e+00 -3.1067e+00
2664 0 +4.409780203e-07 +6.289000044e+01 +6.289000044e+01 +1.8095e+00 -3.1076e+00
2688 0 +3.925036722e-07 +6.289000039e+01 +6.289000039e+01 +1.8124e+00 -3.1086e+00
2709 0 +3.546425589e-07 +6.289000035e+01 +6.289000035e+01 +1.8149e+00 -3.1096e+00
2728 0 +3.089666620e-07 +6.289000031e+01 +6.289000031e+01 +1.8173e+00 -3.1101e+00
2744 0 +2.796864464e-07 +6.289000028e+01 +6.289000028e+01 +1.8193e+00 -3.1106e+00
2761 0 +2.500344394e-07 +6.289000025e+01 +6.289000025e+01 +1.8212e+00 -3.1115e+00
2776 0 +2.234932026e-07 +6.289000022e+01 +6.289000022e+01 +1.8232e+00 -3.1120e+00
2805 0 +1.969305643e-07 +6.289000020e+01 +6.289000020e+01 +1.8258e+00 -3.1128e+00
2848 0 +1.771453171e-07 +6.289000018e+01 +6.289000018e+01 +1.8285e+00 -3.1135e+00
2888 0 +1.576317743e-07 +6.289000016e+01 +6.289000016e+01 +1.8310e+00 -3.1145e+00
2924 0 +1.407930625e-07 +6.289000014e+01 +6.289000014e+01 +1.8332e+00 -3.1150e+00
2949 0 +1.256965234e-07 +6.289000013e+01 +6.289000013e+01 +1.8346e+00 -3.1157e+00
2972 0 +1.112127563e-07 +6.289000011e+01 +6.289000011e+01 +1.8361e+00 -3.1159e+00
2992 0 +9.799288136e-08 +6.289000010e+01 +6.289000010e+01 +1.8373e+00 -3.1164e+00
3008 0 +8.900722293e-08 +6.289000009e+01 +6.289000009e+01 +1.8383e+00 -3.1167e+00
3028 0 +7.806520586e-08 +6.289000008e+01 +6.289000008e+01 +1.8395e+00 -3.1172e+00
3044 0 +7.070069330e-08 +6.289000007e+01 +6.289000007e+01 +1.8405e+00 -3.1174e+00
3068 0 +6.170473199e-08 +6.289000006e+01 +6.289000006e+01 +1.8420e+00 -3.1179e+00
3092 0 +5.535438419e-08 +6.289000006e+01 +6.289000006e+01 +1.8434e+00 -3.1184e+00
3129 0 +4.997733072e-08 +6.289000005e+01 +6.289000005e+01 +1.8456e+00 -3.1191e+00
3196 0 +4.464183689e-08 +6.289000004e+01 +6.289000004e+01 +1.8498e+00 -3.1203e+00
3228 0 +3.967608819e-08 +6.289000004e+01 +6.289000004e+01 +1.8517e+00 -3.1208e+00
3244 0 +3.493629919e-08 +6.289000003e+01 +6.289000003e+01 +1.8527e+00 -3.1213e+00
3260 0 +3.043078323e-08 +6.289000003e+01 +6.289000003e+01 +1.8537e+00 -3.1216e+00
3272 0 +2.700903678e-08 +6.289000003e+01 +6.289000003e+01 +1.8544e+00 -3.1218e+00
3281 0 +2.506948249e-08 +6.289000003e+01 +6.289000003e+01 +1.8549e+00 -3.1220e+00
3293 0 +2.212323125e-08 +6.289000002e+01 +6.289000002e+01 +1.8557e+00 -3.1223e+00
3304 0 +1.986129661e-08 +6.289000002e+01 +6.289000002e+01 +1.8564e+00 -3.1223e+00
3312 0 +1.775370606e-08 +6.289000002e+01 +6.289000002e+01 +1.8569e+00 -3.1225e+00
3324 0 +1.582794340e-08 +6.289000002e+01 +6.289000002e+01 +1.8576e+00 -3.1228e+00
3357 0 +1.397180682e-08 +6.289000001e+01 +6.289000001e+01 +1.8586e+00 -3.1231e+00
3400 0 +1.253102511e-08 +6.289000001e+01 +6.289000001e+01 +1.8599e+00 -3.1235e+00
3524 0 +1.118673509e-08 +6.289000001e+01 +6.289000001e+01 +1.8637e+00 -3.1247e+00
3564 0 +9.981086180e-09 +6.289000001e+01 +6.289000001e+01 +1.8649e+00 -3.1251e+00
5632 0 +9.947598301e-13 +6.289000000e+01 +6.289000000e+01 +1.8939e+00 -3.1342e+00
20000 0 +8.171241461e-13 +6.289000000e+01 +6.289000000e+01 +1.8940e+00 -3.1343e+00
% f evaluations | g evaluations | best noise-free fitness - Fopt (-1.316100000000e+02) + sum g_i+ | measured fitness | best measured fitness or single-digit g-values | x1 | x2...
1 0 +3.714418548e+01 -9.446581452e+01 -9.446581452e+01 +0.0000e+00 +0.0000e+00
2 0 +2.803116978e+01 -1.035788302e+02 -1.035788302e+02 -2.9289e+00 +0.0000e+00
7 0 +5.460580708e+00 -1.261494193e+02 -1.261494193e+02 +3.6612e-01 -2.5628e+00
26 0 +2.158368998e-03 -1.316078416e+02 -1.316078416e+02 -7.3316e-01 +0.0000e+00
2265 0 +7.566600558e-04 -1.316092433e+02 -1.316092433e+02 -7.6768e-01 +0.0000e+00
2281 0 +2.538441053e-04 -1.316097462e+02 -1.316097462e+02 -7.8331e-01 -3.1270e-02
2293 0 +2.473648850e-04 -1.316097526e+02 -1.316097526e+02 -7.9113e-01 -3.9088e-02
2301 0 +2.211418659e-04 -1.316097789e+02 -1.316097789e+02 -7.9504e-01 -4.6905e-02
2327 0 +1.980538354e-04 -1.316098019e+02 -1.316098019e+02 -8.0188e-01 -5.7655e-02
2367 0 +1.763290111e-04 -1.316098237e+02 -1.316098237e+02 -8.0970e-01 -6.7427e-02
2401 0 +1.579986052e-04 -1.316098420e+02 -1.316098420e+02 -8.1654e-01 -7.5244e-02
2435 0 +1.409986661e-04 -1.316098590e+02 -1.316098590e+02 -8.2240e-01 -8.4039e-02
2465 0 +1.257302148e-04 -1.316098743e+02 -1.316098743e+02 -8.2924e-01 -9.0879e-02
2501 0 +1.112325591e-04 -1.316098888e+02 -1.316098888e+02 -8.3608e-01 -9.9674e-02
2535 0 +9.947454674e-05 -1.316099005e+02 -1.316099005e+02 -8.4292e-01 -1.0847e-01
2575 0 +8.830141917e-05 -1.316099117e+02 -1.316099117e+02 -8.5074e-01 -1.1824e-01
2611 0 +7.876212089e-05 -1.316099212e+02 -1.316099212e+02 -8.5758e-01 -1.2704e-01
2641 0 +7.045379465e-05 -1.316099295e+02 -1.316099295e+02 -8.6344e-01 -1.3388e-01
2677 0 +6.307975133e-05 -1.316099369e+02 -1.316099369e+02 -8.6833e-01 -1.3974e-01
2721 0 +5.622290925e-05 -1.316099438e+02 -1.316099438e+02 -8.7273e-01 -1.4511e-01
2763 0 +4.971461036e-05 -1.316099503e+02 -1.316099503e+02 -8.7663e-01 -1.5049e-01
2801 0 +4.451992356e-05 -1.316099555e+02 -1.316099555e+02 -8.8054e-01 -1.5489e-01
2839 0 +3.976434010e-05 -1.316099602e+02 -1.316099602e+02 -8.8396e-01 -1.5977e-01
2881 0 +3.541615999e-05 -1.316099646e+02 -1.316099646e+02 -8.8836e-01 -1.6466e-01
2929 0 +3.161985947e-05 -1.316099684e+02 -1.316099684e+02 -8.9325e-01 -1.7052e-01
2999 0 +2.815628903e-05 -1.316099718e+02 -1.316099718e+02 -8.9960e-01 -1.7932e-01
3115 0 +2.507944987e-05 -1.316099749e+02 -1.316099749e+02 -9.1132e-01 -1.9348e-01
3185 0 +2.225449768e-05 -1.316099777e+02 -1.316099777e+02 -9.1816e-01 -2.0179e-01
3223 0 +1.990920359e-05 -1.316099801e+02 -1.316099801e+02 -9.2158e-01 -2.0668e-01
3251 0 +1.775344461e-05 -1.316099822e+02 -1.316099822e+02 -9.2452e-01 -2.1010e-01
3277 0 +1.584539362e-05 -1.316099842e+02 -1.316099842e+02 -9.2745e-01 -2.1303e-01
3299 0 +1.404956484e-05 -1.316099860e+02 -1.316099860e+02 -9.2940e-01 -2.1596e-01
3323 0 +1.257244338e-05 -1.316099874e+02 -1.316099874e+02 -9.3136e-01 -2.1889e-01
3345 0 +1.110902053e-05 -1.316099889e+02 -1.316099889e+02 -9.3380e-01 -2.2133e-01
3367 0 +9.939042371e-06 -1.316099901e+02 -1.316099901e+02 -9.3575e-01 -2.2427e-01
3391 0 +8.836492697e-06 -1.316099912e+02 -1.316099912e+02 -9.3820e-01 -2.2720e-01
3419 0 +7.864445649e-06 -1.316099921e+02 -1.316099921e+02 -9.4113e-01 -2.3062e-01
3459 0 +7.046530840e-06 -1.316099930e+02 -1.316099930e+02 -9.4504e-01 -2.3550e-01
3583 0 +6.293959473e-06 -1.316099937e+02 -1.316099937e+02 -9.5725e-01 -2.5065e-01
3629 0 +5.604724720e-06 -1.316099944e+02 -1.316099944e+02 -9.6165e-01 -2.5603e-01
3667 0 +4.980357261e-06 -1.316099950e+02 -1.316099950e+02 -9.6409e-01 -2.5920e-01
3705 0 +4.461078504e-06 -1.316099955e+02 -1.316099955e+02 -9.6605e-01 -2.6140e-01
3739 0 +3.953082654e-06 -1.316099960e+02 -1.316099960e+02 -9.6776e-01 -2.6360e-01
3771 0 +3.527958881e-06 -1.316099965e+02 -1.316099965e+02 -9.6922e-01 -2.6555e-01
3803 0 +3.143860539e-06 -1.316099969e+02 -1.316099969e+02 -9.7069e-01 -2.6751e-01
3831 0 +2.817034101e-06 -1.316099972e+02 -1.316099972e+02 -9.7215e-01 -2.6922e-01
3863 0 +2.501977917e-06 -1.316099975e+02 -1.316099975e+02 -9.7386e-01 -2.7117e-01
3899 0 +2.229410285e-06 -1.316099978e+02 -1.316099978e+02 -9.7557e-01 -2.7337e-01
3943 0 +1.980657999e-06 -1.316099980e+02 -1.316099980e+02 -9.7777e-01 -2.7606e-01
4003 0 +1.773462969e-06 -1.316099982e+02 -1.316099982e+02 -9.8071e-01 -2.7972e-01
4123 0 +1.581446611e-06 -1.316099984e+02 -1.316099984e+02 -9.8657e-01 -2.8705e-01
4201 0 +1.412117570e-06 -1.316099986e+02 -1.316099986e+02 -9.9048e-01 -2.9169e-01
4247 0 +1.246527120e-06 -1.316099988e+02 -1.316099988e+02 -9.9268e-01 -2.9462e-01
4281 0 +1.117201236e-06 -1.316099989e+02 -1.316099989e+02 -9.9439e-01 -2.9658e-01
4313 0 +9.877812772e-07 -1.316099990e+02 -1.316099990e+02 -9.9585e-01 -2.9853e-01
4339 0 +8.859691434e-07 -1.316099991e+02 -1.316099991e+02 -9.9707e-01 -3.0024e-01
4367 0 +7.845849552e-07 -1.316099992e+02 -1.316099992e+02 -9.9854e-01 -3.0195e-01
4395 0 +7.072915196e-07 -1.316099993e+02 -1.316099993e+02 -9.9976e-01 -3.0366e-01
4425 0 +6.298653830e-07 -1.316099994e+02 -1.316099994e+02 -1.0015e+00 -3.0537e-01
4461 0 +5.585593499e-07 -1.316099994e+02 -1.316099994e+02 -1.0032e+00 -3.0757e-01
4499 0 +5.011659994e-07 -1.316099995e+02 -1.316099995e+02 -1.0049e+00 -3.1002e-01
4543 0 +4.441523060e-07 -1.316099996e+02 -1.316099996e+02 -1.0071e+00 -3.1270e-01
4581 0 +3.976750520e-07 -1.316099996e+02 -1.316099996e+02 -1.0090e+00 -3.1490e-01
4615 0 +3.520849816e-07 -1.316099996e+02 -1.316099996e+02 -1.0108e+00 -3.1710e-01
4645 0 +3.155554396e-07 -1.316099997e+02 -1.316099997e+02 -1.0122e+00 -3.1881e-01
4673 0 +2.815062317e-07 -1.316099997e+02 -1.316099997e+02 -1.0137e+00 -3.2052e-01
4701 0 +2.497861260e-07 -1.316099998e+02 -1.316099998e+02 -1.0149e+00 -3.2223e-01
4729 0 +2.233900886e-07 -1.316099998e+02 -1.316099998e+02 -1.0164e+00 -3.2394e-01
4767 0 +1.993413434e-07 -1.316099998e+02 -1.316099998e+02 -1.0178e+00 -3.2590e-01
4841 0 +1.778242904e-07 -1.316099998e+02 -1.316099998e+02 -1.0197e+00 -3.2809e-01
4911 0 +1.579520870e-07 -1.316099998e+02 -1.316099998e+02 -1.0214e+00 -3.3029e-01
4967 0 +1.405705632e-07 -1.316099999e+02 -1.316099999e+02 -1.0227e+00 -3.3200e-01
5011 0 +1.248437798e-07 -1.316099999e+02 -1.316099999e+02 -1.0238e+00 -3.3335e-01
5047 0 +1.114493955e-07 -1.316099999e+02 -1.316099999e+02 -1.0247e+00 -3.3445e-01
5079 0 +9.990935723e-08 -1.316099999e+02 -1.316099999e+02 -1.0254e+00 -3.3542e-01
5109 0 +8.906715721e-08 -1.316099999e+02 -1.316099999e+02 -1.0263e+00 -3.3628e-01
5139 0 +7.934113455e-08 -1.316099999e+02 -1.316099999e+02 -1.0269e+00 -3.3725e-01
5169 0 +7.065287377e-08 -1.316099999e+02 -1.316099999e+02 -1.0277e+00 -3.3811e-01
5203 0 +6.272978226e-08 -1.316099999e+02 -1.316099999e+02 -1.0285e+00 -3.3921e-01
5241 0 +5.622598565e-08 -1.316099999e+02 -1.316099999e+02 -1.0294e+00 -3.4031e-01
5305 0 +5.000057968e-08 -1.316099999e+02 -1.316099999e+02 -1.0310e+00 -3.4226e-01
5419 0 +4.437490020e-08 -1.316100000e+02 -1.316100000e+02 -1.0338e+00 -3.4581e-01
5465 0 +3.960479944e-08 -1.316100000e+02 -1.316100000e+02 -1.0349e+00 -3.4715e-01
5493 0 +3.536132454e-08 -1.316100000e+02 -1.316100000e+02 -1.0357e+00 -3.4800e-01
5515 0 +3.143671279e-08 -1.316100000e+02 -1.316100000e+02 -1.0362e+00 -3.4874e-01
5535 0 +2.796650733e-08 -1.316100000e+02 -1.316100000e+02 -1.0366e+00 -3.4935e-01
5553 0 +2.509636943e-08 -1.316100000e+02 -1.316100000e+02 -1.0371e+00 -3.4984e-01
5571 0 +2.229529628e-08 -1.316100000e+02 -1.316100000e+02 -1.0375e+00 -3.5045e-01
5589 0 +1.979788067e-08 -1.316100000e+02 -1.316100000e+02 -1.0380e+00 -3.5094e-01
5609 0 +1.746099088e-08 -1.316100000e+02 -1.316100000e+02 -1.0385e+00 -3.5155e-01
5629 0 +1.559456564e-08 -1.316100000e+02 -1.316100000e+02 -1.0390e+00 -3.5216e-01
5651 0 +1.409102879e-08 -1.316100000e+02 -1.316100000e+02 -1.0395e+00 -3.5289e-01
5689 0 +1.251530080e-08 -1.316100000e+02 -1.316100000e+02 -1.0404e+00 -3.5399e-01
5835 0 +1.121560445e-08 -1.316100000e+02 -1.316100000e+02 -1.0429e+00 -3.5704e-01
5905 0 +9.957574321e-09 -1.316100000e+02 -1.316100000e+02 -1.0437e+00 -3.5808e-01
20000 0 +2.216893336e-11 -1.316100000e+02 -1.316100000e+02 -1.0600e+00 -3.7831e-01
% f evaluations | g evaluations | best noise-free fitness - Fopt (1.153900000000e+02) + sum g_i+ | measured fitness | best measured fitness or single-digit g-values | x1 | x2...
1 0 +6.970764986e+01 +1.850976499e+02 +1.850976499e+02 +0.0000e+00 +0.0000e+00
2 0 +8.980802883e-01 +1.162880803e+02 +1.162880803e+02 -2.9289e+00 +0.0000e+00
450 0 +4.771314243e-01 +1.158671314e+02 +1.158671314e+02 -3.2305e+00 -1.8093e+00
454 0 +8.730454662e-04 +1.153908730e+02 +1.153908730e+02 -3.2305e+00 -2.8099e+00
466 0 +4.579462824e-04 +1.153904579e+02 +1.153904579e+02 -3.2305e+00 -3.0601e+00
475 0 +2.743130610e-04 +1.153902743e+02 +1.153902743e+02 -3.2305e+00 -2.9350e+00
497 0 +2.128757623e-04 +1.153902129e+02 +1.153902129e+02 -3.2227e+00 -2.9663e+00
499 0 +1.964403418e-04 +1.153901964e+02 +1.153901964e+02 -3.2227e+00 -2.9585e+00
507 0 +1.646360521e-04 +1.153901646e+02 +1.153901646e+02 -3.2227e+00 -2.9428e+00
511 0 +1.508110694e-04 +1.153901508e+02 +1.153901508e+02 -3.2227e+00 -2.9350e+00
515 0 +1.390767965e-04 +1.153901391e+02 +1.153901391e+02 -3.2227e+00 -2.9272e+00
523 0 +1.220762623e-04 +1.153901221e+02 +1.153901221e+02 -3.2227e+00 -2.9116e+00
535 0 +1.097265860e-04 +1.153901097e+02 +1.153901097e+02 -3.2227e+00 -2.8881e+00
543 0 +8.979985171e-05 +1.153900898e+02 +1.153900898e+02 -3.2149e+00 -2.8725e+00
547 0 +7.932382995e-05 +1.153900793e+02 +1.153900793e+02 -3.2149e+00 -2.8647e+00
551 0 +6.878269396e-05 +1.153900688e+02 +1.153900688e+02 -3.2149e+00 -2.8569e+00
555 0 +5.829386907e-05 +1.153900583e+02 +1.153900583e+02 -3.2149e+00 -2.8490e+00
559 0 +4.886484824e-05 +1.153900489e+02 +1.153900489e+02 -3.2149e+00 -2.8412e+00
563 0 +4.136779626e-05 +1.153900414e+02 +1.153900414e+02 -3.2149e+00 -2.8334e+00
567 0 +3.601897834e-05 +1.153900360e+02 +1.153900360e+02 -3.2149e+00 -2.8256e+00
571 0 +3.251438851e-05 +1.153900325e+02 +1.153900325e+02 -3.2149e+00 -2.8178e+00
575 0 +3.036244752e-05 +1.153900304e+02 +1.153900304e+02 -3.2149e+00 -2.8099e+00
593 0 +2.498421578e-05 +1.153900250e+02 +1.153900250e+02 -3.2110e+00 -2.7865e+00
603 0 +2.131760020e-05 +1.153900213e+02 +1.153900213e+02 -3.2110e+00 -2.7748e+00
607 0 +1.981539087e-05 +1.153900198e+02 +1.153900198e+02 -3.2110e+00 -2.7709e+00
615 0 +1.698194285e-05 +1.153900170e+02 +1.153900170e+02 -3.2110e+00 -2.7630e+00
619 0 +1.580573603e-05 +1.153900158e+02 +1.153900158e+02 -3.2110e+00 -2.7591e+00
627 0 +1.410018260e-05 +1.153900141e+02 +1.153900141e+02 -3.2110e+00 -2.7513e+00
633 0 +1.212402746e-05 +1.153900121e+02 +1.153900121e+02 -3.2071e+00 -2.7474e+00
635 0 +9.922745079e-06 +1.153900099e+02 +1.153900099e+02 -3.2071e+00 -2.7435e+00
639 0 +8.397201782e-06 +1.153900084e+02 +1.153900084e+02 -3.2071e+00 -2.7396e+00
643 0 +7.448678815e-06 +1.153900074e+02 +1.153900074e+02 -3.2071e+00 -2.7357e+00
647 0 +6.927815193e-06 +1.153900069e+02 +1.153900069e+02 -3.2071e+00 -2.7318e+00
667 0 +6.238699498e-06 +1.153900062e+02 +1.153900062e+02 -3.2071e+00 -2.7122e+00
683 0 +5.622745945e-06 +1.153900056e+02 +1.153900056e+02 -3.2071e+00 -2.6966e+00
689 0 +4.642515037e-06 +1.153900046e+02 +1.153900046e+02 -3.2032e+00 -2.6927e+00
691 0 +3.477122121e-06 +1.153900035e+02 +1.153900035e+02 -3.2032e+00 -2.6888e+00
695 0 +2.591353379e-06 +1.153900026e+02 +1.153900026e+02 -3.2032e+00 -2.6849e+00
699 0 +2.060804249e-06 +1.153900021e+02 +1.153900021e+02 -3.2032e+00 -2.6810e+00
703 0 +1.794524323e-06 +1.153900018e+02 +1.153900018e+02 -3.2032e+00 -2.6770e+00
707 0 +1.672987977e-06 +1.153900017e+02 +1.153900017e+02 -3.2032e+00 -2.6731e+00
715 0 +1.521839025e-06 +1.153900015e+02 +1.153900015e+02 -3.2032e+00 -2.6653e+00
723 0 +1.342843618e-06 +1.153900013e+02 +1.153900013e+02 -3.2032e+00 -2.6575e+00
731 0 +1.252749755e-06 +1.153900013e+02 +1.153900013e+02 -3.2032e+00 -2.6497e+00
737 0 +8.653524475e-07 +1.153900009e+02 +1.153900009e+02 -3.2012e+00 -2.6497e+00
739 0 +7.557536179e-07 +1.153900008e+02 +1.153900008e+02 -3.2012e+00 -2.6477e+00
743 0 +6.702014019e-07 +1.153900007e+02 +1.153900007e+02 -3.2012e+00 -2.6458e+00
747 0 +6.054995794e-07 +1.153900006e+02 +1.153900006e+02 -3.2012e+00 -2.6438e+00
751 0 +5.570067430e-07 +1.153900006e+02 +1.153900006e+02 -3.2012e+00 -2.6419e+00
759 0 +4.917924485e-07 +1.153900005e+02 +1.153900005e+02 -3.2012e+00 -2.6380e+00
771 0 +4.376515506e-07 +1.153900004e+02 +1.153900004e+02 -3.2012e+00 -2.6321e+00
783 0 +3.535583772e-07 +1.153900004e+02 +1.153900004e+02 -3.1993e+00 -2.6262e+00
787 0 +3.030438194e-07 +1.153900003e+02 +1.153900003e+02 -3.1993e+00 -2.6243e+00
791 0 +2.593687043e-07 +1.153900003e+02 +1.153900003e+02 -3.1993e+00 -2.6223e+00
795 0 +2.255881384e-07 +1.153900002e+02 +1.153900002e+02 -3.1993e+00 -2.6204e+00
799 0 +2.012508133e-07 +1.153900002e+02 +1.153900002e+02 -3.1993e+00 -2.6184e+00
803 0 +1.836545493e-07 +1.153900002e+02 +1.153900002e+02 -3.1993e+00 -2.6165e+00
807 0 +1.697997760e-07 +1.153900002e+02 +1.153900002e+02 -3.1993e+00 -2.6145e+00
811 0 +1.577664364e-07 +1.153900002e+02 +1.153900002e+02 -3.1993e+00 -2.6126e+00
819 0 +1.382398551e-07 +1.153900001e+02 +1.153900001e+02 -3.1993e+00 -2.6086e+00
833 0 +8.774351556e-08 +1.153900001e+02 +1.153900001e+02 -3.1983e+00 -2.6047e+00
835 0 +7.808968405e-08 +1.153900001e+02 +1.153900001e+02 -3.1983e+00 -2.6038e+00
839 0 +7.025263926e-08 +1.153900001e+02 +1.153900001e+02 -3.1983e+00 -2.6028e+00
847 0 +5.954954929e-08 +1.153900001e+02 +1.153900001e+02 -3.1983e+00 -2.6008e+00
851 0 +5.619388332e-08 +1.153900001e+02 +1.153900001e+02 -3.1983e+00 -2.5998e+00
871 0 +4.972704915e-08 +1.153900000e+02 +1.153900000e+02 -3.1983e+00 -2.5950e+00
883 0 +4.366101791e-08 +1.153900000e+02 +1.153900000e+02 -3.1973e+00 -2.5920e+00
891 0 +3.539705062e-08 +1.153900000e+02 +1.153900000e+02 -3.1973e+00 -2.5901e+00
895 0 +3.059244591e-08 +1.153900000e+02 +1.153900000e+02 -3.1973e+00 -2.5891e+00
899 0 +2.621834483e-08 +1.153900000e+02 +1.153900000e+02 -3.1973e+00 -2.5881e+00
903 0 +2.263519150e-08 +1.153900000e+02 +1.153900000e+02 -3.1973e+00 -2.5871e+00
907 0 +1.991865872e-08 +1.153900000e+02 +1.153900000e+02 -3.1973e+00 -2.5862e+00
915 0 +1.665962657e-08 +1.153900000e+02 +1.153900000e+02 -3.1973e+00 -2.5842e+00
919 0 +1.582480991e-08 +1.153900000e+02 +1.153900000e+02 -3.1973e+00 -2.5832e+00
929 0 +1.385576809e-08 +1.153900000e+02 +1.153900000e+02 -3.1963e+00 -2.5813e+00
931 0 +1.232641011e-08 +1.153900000e+02 +1.153900000e+02 -3.1963e+00 -2.5803e+00
943 0 +1.050524645e-08 +1.153900000e+02 +1.153900000e+02 -3.1963e+00 -2.5774e+00
947 0 +8.899760928e-09 +1.153900000e+02 +1.153900000e+02 -3.1963e+00 -2.5764e+00
1339 0 +9.947598301e-13 +1.153900000e+02 +1.153900000e+02 -3.1943e+00 -2.5470e+00
20000 0 +1.563194019e-13 +1.153900000e+02 +1.153900000e+02 -3.1939e+00 -2.5412e+00
